platform_post_id,source_post_id,platform,date,time,topic_title,pillar_code,risk_level,review_status,publish_allowed,draft_title,main_text,caption_or_description,hashtags,script_or_slide_copy,mandatory_disclaimer,required_warning,forbidden_terms
Douyin_LINE001,LINE001,抖音,2026-06-04,12:00,運動後局部痠痛的保守處理,C,中,pending_legal_pharmacist_review,false,運動后局部酸痛的保守處理,"0-3秒 Hook：運動后局部酸痛的保守處理，你也遇過嗎？
3-12秒 情境：拍攝運動族、搬重物、久站与勞動工作者的日常動作，字幕点出「運動后局部酸痛的保守處理」。
12-25秒 知識：外用油膏应放在保守邊界：運動或勞動后的局部肌肉酸痛，可短期按摩舒缓。
25-36秒 安全：明顯腫脹、劇痛、活動受限或疑似受傷时，请先就医。
36-45秒 CTA：使用前看标示，收藏这支，下次別用錯。",運動后局部酸痛的保守處理的重点是依标示使用，不誇大、不神化。本产品为外用油膏，请依核准标示使用；若症狀持續或惡化，请咨询医师或药师。,#運動後保養 #局部按摩 #肌肉痠痛 #依標示使用,"0-3秒 Hook：運動后局部酸痛的保守處理，你也遇過嗎？
3-12秒 情境：拍攝運動族、搬重物、久站与勞動工作者的日常動作，字幕点出「運動后局部酸痛的保守處理」。
12-25秒 知識：外用油膏应放在保守邊界：運動或勞動后的局部肌肉酸痛，可短期按摩舒缓。
25-36秒 安全：明顯腫脹、劇痛、活動受限或疑似受傷时，请先就医。
36-45秒 CTA：使用前看标示，收藏这支，下次別用錯。",本產品為外用油膏，請依核准標示使用；若症狀持續或惡化，請諮詢醫師或藥師。,明顯腫脹、劇痛、活動受限或疑似受傷時，請先就醫。,根治|治療疾病|消炎治本|打通經絡|一擦就好|保證有效|深層修復|替代藥物
Douyin_LINE002,LINE002,抖音,2026-06-04,20:00,冬青油與清涼舒緩體感,A,中,pending_legal_pharmacist_review,false,冬青油与清涼舒缓体感,"0-3秒 Hook：冬青油与清涼舒缓体感，你也遇過嗎？
3-12秒 情境：拍攝已購買或正在觀望的一條根使用者的日常動作，字幕点出「冬青油与清涼舒缓体感」。
12-25秒 知識：外用油膏应放在保守邊界：依标示外用，提供局部按摩与暂时舒缓体感。
25-36秒 安全：僅供外用；避免眼周、黏膜、破皮或傷口。
36-45秒 CTA：使用前看标示，收藏这支，下次別用錯。",冬青油与清涼舒缓体感的重点是依标示使用，不誇大、不神化。本产品为外用油膏，请依核准标示使用；若症狀持續或惡化，请咨询医师或药师。,#金牌一條根 #外用油膏 #成分透明 #依標示使用,"0-3秒 Hook：冬青油与清涼舒缓体感，你也遇過嗎？
3-12秒 情境：拍攝已購買或正在觀望的一條根使用者的日常動作，字幕点出「冬青油与清涼舒缓体感」。
12-25秒 知識：外用油膏应放在保守邊界：依标示外用，提供局部按摩与暂时舒缓体感。
25-36秒 安全：僅供外用；避免眼周、黏膜、破皮或傷口。
36-45秒 CTA：使用前看标示，收藏这支，下次別用錯。",本產品為外用油膏，請依核准標示使用；若症狀持續或惡化，請諮詢醫師或藥師。,僅供外用；避免眼周、黏膜、破皮或傷口。,根治|治療疾病|消炎治本|打通經絡|一擦就好|保證有效|深層修復|替代藥物
Douyin_LINE003,LINE003,抖音,2026-06-05,12:00,早晨活動前的關節暖身,D,中,pending_legal_pharmacist_review,false,早晨活動前的关节暖身,"0-3秒 Hook：早晨活動前的关节暖身，你也遇過嗎？
3-12秒 情境：拍攝40-70 歲注重日常活動舒适度的族群的日常動作，字幕点出「早晨活動前的关节暖身」。
12-25秒 知識：外用油膏应放在保守邊界：轻微关节酸痛可短期舒缓，但不可宣稱治疗疾病。
25-36秒 安全：关节腫痛、紅熱、长期疼痛或行走困難，请就医評估。
36-45秒 CTA：使用前看标示，收藏这支，下次別用錯。",早晨活動前的关节暖身的重点是依标示使用，不誇大、不神化。本产品为外用油膏，请依核准标示使用；若症狀持續或惡化，请咨询医师或药师。,#銀髮保養 #活動舒適 #輕微痠痛 #依標示使用,"0-3秒 Hook：早晨活動前的关节暖身，你也遇過嗎？
3-12秒 情境：拍攝40-70 歲注重日常活動舒适度的族群的日常動作，字幕点出「早晨活動前的关节暖身」。
12-25秒 知識：外用油膏应放在保守邊界：轻微关节酸痛可短期舒缓，但不可宣稱治疗疾病。
25-36秒 安全：关节腫痛、紅熱、长期疼痛或行走困難，请就医評估。
36-45秒 CTA：使用前看标示，收藏这支，下次別用錯。",本產品為外用油膏，請依核准標示使用；若症狀持續或惡化，請諮詢醫師或藥師。,關節腫痛、紅熱、長期疼痛或行走困難，請就醫評估。,根治|治療疾病|消炎治本|打通經絡|一擦就好|保證有效|深層修復|替代藥物
Douyin_LINE004,LINE004,抖音,2026-06-05,20:00,不能擦在破皮或傷口,E,高,pending_legal_pharmacist_review,false,不能擦在破皮或傷口,"0-3秒 Hook：不能擦在破皮或傷口，你也遇過嗎？
3-12秒 情境：拍攝所有使用者、照護者与家庭購買者的日常動作，字幕点出「不能擦在破皮或傷口」。
12-25秒 知識：外用油膏应放在保守邊界：安全使用比用得多更重要，依标示与風險族群提醒。
25-36秒 安全：2 歲以下、孕哺、過敏体質、抗凝血药使用者请先询問專業人員。
36-45秒 CTA：使用前看标示，收藏这支，下次別用錯。",不能擦在破皮或傷口的重点是依标示使用，不誇大、不神化。僅供外用。避免接触眼睛、黏膜、破皮或傷口；特殊族群使用前请先咨询專業人員。,#外用安全 #用藥安全 #使用前看標示 #諮詢醫師藥師,"0-3秒 Hook：不能擦在破皮或傷口，你也遇過嗎？
3-12秒 情境：拍攝所有使用者、照護者与家庭購買者的日常動作，字幕点出「不能擦在破皮或傷口」。
12-25秒 知識：外用油膏应放在保守邊界：安全使用比用得多更重要，依标示与風險族群提醒。
25-36秒 安全：2 歲以下、孕哺、過敏体質、抗凝血药使用者请先询問專業人員。
36-45秒 CTA：使用前看标示，收藏这支，下次別用錯。",僅供外用。避免接觸眼睛、黏膜、破皮或傷口；特殊族群使用前請先諮詢專業人員。,2 歲以下、孕哺、過敏體質、抗凝血藥使用者請先詢問專業人員。,根治|治療疾病|消炎治本|打通經絡|一擦就好|保證有效|深層修復|替代藥物
Douyin_LINE005,LINE005,抖音,2026-06-06,12:00,芒種後濕熱生活保養,F,低,pending_legal_pharmacist_review,false,芒种后濕熱生活保養,"0-3秒 Hook：芒种后濕熱生活保養，你也遇過嗎？
3-12秒 情境：拍攝喜歡養生、节氣与日常保健的 LINE 讀者的日常動作，字幕点出「芒种后濕熱生活保養」。
12-25秒 知識：外用油膏应放在保守邊界：以生活保健与身体觉察为主，不做医疗疗效宣稱。
25-36秒 安全：节氣養生屬一般生活資讯，身体不适仍应咨询專業人員。
36-45秒 CTA：使用前看标示，收藏这支，下次別用錯。",芒种后濕熱生活保養的重点是依标示使用，不誇大、不神化。本内容为一般生活保健資讯，非医疗診斷或治疗建議。,#節氣保養 #生活保健 #日常保養 #身體覺察,"0-3秒 Hook：芒种后濕熱生活保養，你也遇過嗎？
3-12秒 情境：拍攝喜歡養生、节氣与日常保健的 LINE 讀者的日常動作，字幕点出「芒种后濕熱生活保養」。
12-25秒 知識：外用油膏应放在保守邊界：以生活保健与身体觉察为主，不做医疗疗效宣稱。
25-36秒 安全：节氣養生屬一般生活資讯，身体不适仍应咨询專業人員。
36-45秒 CTA：使用前看标示，收藏这支，下次別用錯。",本內容為一般生活保健資訊，非醫療診斷或治療建議。,節氣養生屬一般生活資訊，身體不適仍應諮詢專業人員。,根治|治療疾病|消炎治本|打通經絡|一擦就好|保證有效|深層修復|替代藥物
Douyin_LINE006,LINE006,抖音,2026-06-06,20:00,久站後小腿不適舒緩,C,中,pending_legal_pharmacist_review,false,久站后小腿不适舒缓,"0-3秒 Hook：久站后小腿不适舒缓，你也遇過嗎？
3-12秒 情境：拍攝運動族、搬重物、久站与勞動工作者的日常動作，字幕点出「久站后小腿不适舒缓」。
12-25秒 知識：外用油膏应放在保守邊界：運動或勞動后的局部肌肉酸痛，可短期按摩舒缓。
25-36秒 安全：明顯腫脹、劇痛、活動受限或疑似受傷时，请先就医。
36-45秒 CTA：使用前看标示，收藏这支，下次別用錯。",久站后小腿不适舒缓的重点是依标示使用，不誇大、不神化。本产品为外用油膏，请依核准标示使用；若症狀持續或惡化，请咨询医师或药师。,#運動後保養 #局部按摩 #肌肉痠痛 #依標示使用,"0-3秒 Hook：久站后小腿不适舒缓，你也遇過嗎？
3-12秒 情境：拍攝運動族、搬重物、久站与勞動工作者的日常動作，字幕点出「久站后小腿不适舒缓」。
12-25秒 知識：外用油膏应放在保守邊界：運動或勞動后的局部肌肉酸痛，可短期按摩舒缓。
25-36秒 安全：明顯腫脹、劇痛、活動受限或疑似受傷时，请先就医。
36-45秒 CTA：使用前看标示，收藏这支，下次別用錯。",本產品為外用油膏，請依核准標示使用；若症狀持續或惡化，請諮詢醫師或藥師。,明顯腫脹、劇痛、活動受限或疑似受傷時，請先就醫。,根治|治療疾病|消炎治本|打通經絡|一擦就好|保證有效|深層修復|替代藥物
Douyin_LINE007,LINE007,抖音,2026-06-07,12:00,你最常哪個部位緊繃,G,低,pending_legal_pharmacist_review,false,你最常哪個部位緊繃,"0-3秒 Hook：你最常哪個部位緊繃，你也遇過嗎？
3-12秒 情境：拍攝LINE OA 好友、回購客与新客的日常動作，字幕点出「你最常哪個部位緊繃」。
12-25秒 知識：外用油膏应放在保守邊界：用問答降低誤用，讓使用者知道何时該询問專業人員。
25-36秒 安全：互動回答不取代医师或药师建議。
36-45秒 CTA：使用前看标示，收藏这支，下次別用錯。",你最常哪個部位緊繃的重点是依标示使用，不誇大、不神化。本内容为一般生活保健資讯，非医疗診斷或治疗建議。,#互動問答 #保養知識 #使用小提醒 #金牌一條根,"0-3秒 Hook：你最常哪個部位緊繃，你也遇過嗎？
3-12秒 情境：拍攝LINE OA 好友、回購客与新客的日常動作，字幕点出「你最常哪個部位緊繃」。
12-25秒 知識：外用油膏应放在保守邊界：用問答降低誤用，讓使用者知道何时該询問專業人員。
25-36秒 安全：互動回答不取代医师或药师建議。
36-45秒 CTA：使用前看标示，收藏这支，下次別用錯。",本內容為一般生活保健資訊，非醫療診斷或治療建議。,互動回答不取代醫師或藥師建議。,根治|治療疾病|消炎治本|打通經絡|一擦就好|保證有效|深層修復|替代藥物
Douyin_LINE008,LINE008,抖音,2026-06-07,20:00,長輩外用膏使用安全,D,中,pending_legal_pharmacist_review,false,长輩外用膏使用安全,"0-3秒 Hook：长輩外用膏使用安全，你也遇過嗎？
3-12秒 情境：拍攝40-70 歲注重日常活動舒适度的族群的日常動作，字幕点出「长輩外用膏使用安全」。
12-25秒 知識：外用油膏应放在保守邊界：轻微关节酸痛可短期舒缓，但不可宣稱治疗疾病。
25-36秒 安全：关节腫痛、紅熱、长期疼痛或行走困難，请就医評估。
36-45秒 CTA：使用前看标示，收藏这支，下次別用錯。",长輩外用膏使用安全的重点是依标示使用，不誇大、不神化。本产品为外用油膏，请依核准标示使用；若症狀持續或惡化，请咨询医师或药师。,#銀髮保養 #活動舒適 #輕微痠痛 #依標示使用,"0-3秒 Hook：长輩外用膏使用安全，你也遇過嗎？
3-12秒 情境：拍攝40-70 歲注重日常活動舒适度的族群的日常動作，字幕点出「长輩外用膏使用安全」。
12-25秒 知識：外用油膏应放在保守邊界：轻微关节酸痛可短期舒缓，但不可宣稱治疗疾病。
25-36秒 安全：关节腫痛、紅熱、长期疼痛或行走困難，请就医評估。
36-45秒 CTA：使用前看标示，收藏这支，下次別用錯。",本產品為外用油膏，請依核准標示使用；若症狀持續或惡化，請諮詢醫師或藥師。,關節腫痛、紅熱、長期疼痛或行走困難，請就醫評估。,根治|治療疾病|消炎治本|打通經絡|一擦就好|保證有效|深層修復|替代藥物
Douyin_LINE009,LINE009,抖音,2026-06-08,12:00,低頭族肩頸緊繃的三個提醒,B,低,pending_legal_pharmacist_review,false,低頭族肩颈緊繃的三個提醒,"0-3秒 Hook：低頭族肩颈緊繃的三個提醒，你也遇過嗎？
3-12秒 情境：拍攝长时間低頭、久坐、用電腦的上班族的日常動作，字幕点出「低頭族肩颈緊繃的三個提醒」。
12-25秒 知識：外用油膏应放在保守邊界：久坐低頭后，可搭配伸展与局部按摩舒缓緊繃不适。
25-36秒 安全：若酸痛持續、麻木或影響活動，请咨询医师或药师。
36-45秒 CTA：使用前看标示，收藏这支，下次別用錯。",低頭族肩颈緊繃的三個提醒的重点是依标示使用，不誇大、不神化。本内容为一般生活保健資讯，非医疗診斷或治疗建議。,#肩頸保養 #久坐族 #日常舒緩 #依標示使用,"0-3秒 Hook：低頭族肩颈緊繃的三個提醒，你也遇過嗎？
3-12秒 情境：拍攝长时間低頭、久坐、用電腦的上班族的日常動作，字幕点出「低頭族肩颈緊繃的三個提醒」。
12-25秒 知識：外用油膏应放在保守邊界：久坐低頭后，可搭配伸展与局部按摩舒缓緊繃不适。
25-36秒 安全：若酸痛持續、麻木或影響活動，请咨询医师或药师。
36-45秒 CTA：使用前看标示，收藏这支，下次別用錯。",本內容為一般生活保健資訊，非醫療診斷或治療建議。,若痠痛持續、麻木或影響活動，請諮詢醫師或藥師。,根治|治療疾病|消炎治本|打通經絡|一擦就好|保證有效|深層修復|替代藥物
Douyin_LINE010,LINE010,抖音,2026-06-08,20:00,薄荷腦帶來的涼感來源,A,中,pending_legal_pharmacist_review,false,薄荷腦帶來的涼感來源,"0-3秒 Hook：薄荷腦帶來的涼感來源，你也遇過嗎？
3-12秒 情境：拍攝已購買或正在觀望的一條根使用者的日常動作，字幕点出「薄荷腦帶來的涼感來源」。
12-25秒 知識：外用油膏应放在保守邊界：依标示外用，提供局部按摩与暂时舒缓体感。
25-36秒 安全：僅供外用；避免眼周、黏膜、破皮或傷口。
36-45秒 CTA：使用前看标示，收藏这支，下次別用錯。",薄荷腦帶來的涼感來源的重点是依标示使用，不誇大、不神化。本产品为外用油膏，请依核准标示使用；若症狀持續或惡化，请咨询医师或药师。,#金牌一條根 #外用油膏 #成分透明 #依標示使用,"0-3秒 Hook：薄荷腦帶來的涼感來源，你也遇過嗎？
3-12秒 情境：拍攝已購買或正在觀望的一條根使用者的日常動作，字幕点出「薄荷腦帶來的涼感來源」。
12-25秒 知識：外用油膏应放在保守邊界：依标示外用，提供局部按摩与暂时舒缓体感。
25-36秒 安全：僅供外用；避免眼周、黏膜、破皮或傷口。
36-45秒 CTA：使用前看标示，收藏这支，下次別用錯。",本產品為外用油膏，請依核准標示使用；若症狀持續或惡化，請諮詢醫師或藥師。,僅供外用；避免眼周、黏膜、破皮或傷口。,根治|治療疾病|消炎治本|打通經絡|一擦就好|保證有效|深層修復|替代藥物
Douyin_LINE011,LINE011,抖音,2026-06-09,12:00,夏季冷氣房的肩頸保養,F,低,pending_legal_pharmacist_review,false,夏季冷氣房的肩颈保養,"0-3秒 Hook：夏季冷氣房的肩颈保養，你也遇過嗎？
3-12秒 情境：拍攝喜歡養生、节氣与日常保健的 LINE 讀者的日常動作，字幕点出「夏季冷氣房的肩颈保養」。
12-25秒 知識：外用油膏应放在保守邊界：以生活保健与身体觉察为主，不做医疗疗效宣稱。
25-36秒 安全：节氣養生屬一般生活資讯，身体不适仍应咨询專業人員。
36-45秒 CTA：使用前看标示，收藏这支，下次別用錯。",夏季冷氣房的肩颈保養的重点是依标示使用，不誇大、不神化。本内容为一般生活保健資讯，非医疗診斷或治疗建議。,#節氣保養 #生活保健 #日常保養 #身體覺察,"0-3秒 Hook：夏季冷氣房的肩颈保養，你也遇過嗎？
3-12秒 情境：拍攝喜歡養生、节氣与日常保健的 LINE 讀者的日常動作，字幕点出「夏季冷氣房的肩颈保養」。
12-25秒 知識：外用油膏应放在保守邊界：以生活保健与身体觉察为主，不做医疗疗效宣稱。
25-36秒 安全：节氣養生屬一般生活資讯，身体不适仍应咨询專業人員。
36-45秒 CTA：使用前看标示，收藏这支，下次別用錯。",本內容為一般生活保健資訊，非醫療診斷或治療建議。,節氣養生屬一般生活資訊，身體不適仍應諮詢專業人員。,根治|治療疾病|消炎治本|打通經絡|一擦就好|保證有效|深層修復|替代藥物
Douyin_LINE012,LINE012,抖音,2026-06-09,20:00,外用膏避免眼周與黏膜,E,高,pending_legal_pharmacist_review,false,外用膏避免眼周与黏膜,"0-3秒 Hook：外用膏避免眼周与黏膜，你也遇過嗎？
3-12秒 情境：拍攝所有使用者、照護者与家庭購買者的日常動作，字幕点出「外用膏避免眼周与黏膜」。
12-25秒 知識：外用油膏应放在保守邊界：安全使用比用得多更重要，依标示与風險族群提醒。
25-36秒 安全：2 歲以下、孕哺、過敏体質、抗凝血药使用者请先询問專業人員。
36-45秒 CTA：使用前看标示，收藏这支，下次別用錯。",外用膏避免眼周与黏膜的重点是依标示使用，不誇大、不神化。僅供外用。避免接触眼睛、黏膜、破皮或傷口；特殊族群使用前请先咨询專業人員。,#外用安全 #用藥安全 #使用前看標示 #諮詢醫師藥師,"0-3秒 Hook：外用膏避免眼周与黏膜，你也遇過嗎？
3-12秒 情境：拍攝所有使用者、照護者与家庭購買者的日常動作，字幕点出「外用膏避免眼周与黏膜」。
12-25秒 知識：外用油膏应放在保守邊界：安全使用比用得多更重要，依标示与風險族群提醒。
25-36秒 安全：2 歲以下、孕哺、過敏体質、抗凝血药使用者请先询問專業人員。
36-45秒 CTA：使用前看标示，收藏这支，下次別用錯。",僅供外用。避免接觸眼睛、黏膜、破皮或傷口；特殊族群使用前請先諮詢專業人員。,2 歲以下、孕哺、過敏體質、抗凝血藥使用者請先詢問專業人員。,根治|治療疾病|消炎治本|打通經絡|一擦就好|保證有效|深層修復|替代藥物
Douyin_LINE013,LINE013,抖音,2026-06-10,12:00,為什麼我們不說神效,H,中,pending_legal_pharmacist_review,false,为什麼我們不说神效,"0-3秒 Hook：为什麼我們不说神效，你也遇過嗎？
3-12秒 情境：拍攝重視药证、成分、品質与合法性的消費者的日常動作，字幕点出「为什麼我們不说神效」。
12-25秒 知識：外用油膏应放在保守邊界：強調药证、标示、保守宣稱与人工审核流程。
25-36秒 安全：所有广告文案仍須依主管機关与專業人員审核。
36-45秒 CTA：使用前看标示，收藏这支，下次別用錯。",为什麼我們不说神效的重点是依标示使用，不誇大、不神化。本产品为外用油膏，请依核准标示使用；若症狀持續或惡化，请咨询医师或药师。,#藥證可查 #品牌透明 #合法宣傳 #成分透明,"0-3秒 Hook：为什麼我們不说神效，你也遇過嗎？
3-12秒 情境：拍攝重視药证、成分、品質与合法性的消費者的日常動作，字幕点出「为什麼我們不说神效」。
12-25秒 知識：外用油膏应放在保守邊界：強調药证、标示、保守宣稱与人工审核流程。
25-36秒 安全：所有广告文案仍須依主管機关与專業人員审核。
36-45秒 CTA：使用前看标示，收藏这支，下次別用錯。",本產品為外用油膏，請依核准標示使用；若症狀持續或惡化，請諮詢醫師或藥師。,所有廣告文案仍須依主管機關與專業人員審核。,根治|治療疾病|消炎治本|打通經絡|一擦就好|保證有效|深層修復|替代藥物
Douyin_LINE014,LINE014,抖音,2026-06-10,20:00,你習慣運動前還是運動後保養,G,低,pending_legal_pharmacist_review,false,你習慣運動前還是運動后保養,"0-3秒 Hook：你習慣運動前還是運動后保養，你也遇過嗎？
3-12秒 情境：拍攝LINE OA 好友、回購客与新客的日常動作，字幕点出「你習慣運動前還是運動后保養」。
12-25秒 知識：外用油膏应放在保守邊界：用問答降低誤用，讓使用者知道何时該询問專業人員。
25-36秒 安全：互動回答不取代医师或药师建議。
36-45秒 CTA：使用前看标示，收藏这支，下次別用錯。",你習慣運動前還是運動后保養的重点是依标示使用，不誇大、不神化。本内容为一般生活保健資讯，非医疗診斷或治疗建議。,#互動問答 #保養知識 #使用小提醒 #金牌一條根,"0-3秒 Hook：你習慣運動前還是運動后保養，你也遇過嗎？
3-12秒 情境：拍攝LINE OA 好友、回購客与新客的日常動作，字幕点出「你習慣運動前還是運動后保養」。
12-25秒 知識：外用油膏应放在保守邊界：用問答降低誤用，讓使用者知道何时該询問專業人員。
25-36秒 安全：互動回答不取代医师或药师建議。
36-45秒 CTA：使用前看标示，收藏这支，下次別用錯。",本內容為一般生活保健資訊，非醫療診斷或治療建議。,互動回答不取代醫師或藥師建議。,根治|治療疾病|消炎治本|打通經絡|一擦就好|保證有效|深層修復|替代藥物
Douyin_LINE015,LINE015,抖音,2026-06-11,12:00,搬重物後腰背保養,C,中,pending_legal_pharmacist_review,false,搬重物后腰背保養,"0-3秒 Hook：搬重物后腰背保養，你也遇過嗎？
3-12秒 情境：拍攝運動族、搬重物、久站与勞動工作者的日常動作，字幕点出「搬重物后腰背保養」。
12-25秒 知識：外用油膏应放在保守邊界：運動或勞動后的局部肌肉酸痛，可短期按摩舒缓。
25-36秒 安全：明顯腫脹、劇痛、活動受限或疑似受傷时，请先就医。
36-45秒 CTA：使用前看标示，收藏这支，下次別用錯。",搬重物后腰背保養的重点是依标示使用，不誇大、不神化。本产品为外用油膏，请依核准标示使用；若症狀持續或惡化，请咨询医师或药师。,#運動後保養 #局部按摩 #肌肉痠痛 #依標示使用,"0-3秒 Hook：搬重物后腰背保養，你也遇過嗎？
3-12秒 情境：拍攝運動族、搬重物、久站与勞動工作者的日常動作，字幕点出「搬重物后腰背保養」。
12-25秒 知識：外用油膏应放在保守邊界：運動或勞動后的局部肌肉酸痛，可短期按摩舒缓。
25-36秒 安全：明顯腫脹、劇痛、活動受限或疑似受傷时，请先就医。
36-45秒 CTA：使用前看标示，收藏这支，下次別用錯。",本產品為外用油膏，請依核准標示使用；若症狀持續或惡化，請諮詢醫師或藥師。,明顯腫脹、劇痛、活動受限或疑似受傷時，請先就醫。,根治|治療疾病|消炎治本|打通經絡|一擦就好|保證有效|深層修復|替代藥物
Douyin_LINE016,LINE016,抖音,2026-06-11,20:00,樟腦外用時的注意界線,A,中,pending_legal_pharmacist_review,false,樟腦外用时的注意界線,"0-3秒 Hook：樟腦外用时的注意界線，你也遇過嗎？
3-12秒 情境：拍攝已購買或正在觀望的一條根使用者的日常動作，字幕点出「樟腦外用时的注意界線」。
12-25秒 知識：外用油膏应放在保守邊界：依标示外用，提供局部按摩与暂时舒缓体感。
25-36秒 安全：僅供外用；避免眼周、黏膜、破皮或傷口。
36-45秒 CTA：使用前看标示，收藏这支，下次別用錯。",樟腦外用时的注意界線的重点是依标示使用，不誇大、不神化。本产品为外用油膏，请依核准标示使用；若症狀持續或惡化，请咨询医师或药师。,#金牌一條根 #外用油膏 #成分透明 #依標示使用,"0-3秒 Hook：樟腦外用时的注意界線，你也遇過嗎？
3-12秒 情境：拍攝已購買或正在觀望的一條根使用者的日常動作，字幕点出「樟腦外用时的注意界線」。
12-25秒 知識：外用油膏应放在保守邊界：依标示外用，提供局部按摩与暂时舒缓体感。
25-36秒 安全：僅供外用；避免眼周、黏膜、破皮或傷口。
36-45秒 CTA：使用前看标示，收藏这支，下次別用錯。",本產品為外用油膏，請依核准標示使用；若症狀持續或惡化，請諮詢醫師或藥師。,僅供外用；避免眼周、黏膜、破皮或傷口。,根治|治療疾病|消炎治本|打通經絡|一擦就好|保證有效|深層修復|替代藥物
Douyin_LINE017,LINE017,抖音,2026-06-12,12:00,輕微關節痠痛與疾病治療要分開,D,中,pending_legal_pharmacist_review,false,轻微关节酸痛与疾病治疗要分開,"0-3秒 Hook：轻微关节酸痛与疾病治疗要分開，你也遇過嗎？
3-12秒 情境：拍攝40-70 歲注重日常活動舒适度的族群的日常動作，字幕点出「轻微关节酸痛与疾病治疗要分開」。
12-25秒 知識：外用油膏应放在保守邊界：轻微关节酸痛可短期舒缓，但不可宣稱治疗疾病。
25-36秒 安全：关节腫痛、紅熱、长期疼痛或行走困難，请就医評估。
36-45秒 CTA：使用前看标示，收藏这支，下次別用錯。",轻微关节酸痛与疾病治疗要分開的重点是依标示使用，不誇大、不神化。本产品为外用油膏，请依核准标示使用；若症狀持續或惡化，请咨询医师或药师。,#銀髮保養 #活動舒適 #輕微痠痛 #依標示使用,"0-3秒 Hook：轻微关节酸痛与疾病治疗要分開，你也遇過嗎？
3-12秒 情境：拍攝40-70 歲注重日常活動舒适度的族群的日常動作，字幕点出「轻微关节酸痛与疾病治疗要分開」。
12-25秒 知識：外用油膏应放在保守邊界：轻微关节酸痛可短期舒缓，但不可宣稱治疗疾病。
25-36秒 安全：关节腫痛、紅熱、长期疼痛或行走困難，请就医評估。
36-45秒 CTA：使用前看标示，收藏这支，下次別用錯。",本產品為外用油膏，請依核准標示使用；若症狀持續或惡化，請諮詢醫師或藥師。,關節腫痛、紅熱、長期疼痛或行走困難，請就醫評估。,根治|治療疾病|消炎治本|打通經絡|一擦就好|保證有效|深層修復|替代藥物
Douyin_LINE018,LINE018,抖音,2026-06-12,20:00,不要搭配熱敷墊或電毯,E,高,pending_legal_pharmacist_review,false,不要搭配熱敷墊或電毯,"0-3秒 Hook：不要搭配熱敷墊或電毯，你也遇過嗎？
3-12秒 情境：拍攝所有使用者、照護者与家庭購買者的日常動作，字幕点出「不要搭配熱敷墊或電毯」。
12-25秒 知識：外用油膏应放在保守邊界：安全使用比用得多更重要，依标示与風險族群提醒。
25-36秒 安全：2 歲以下、孕哺、過敏体質、抗凝血药使用者请先询問專業人員。
36-45秒 CTA：使用前看标示，收藏这支，下次別用錯。",不要搭配熱敷墊或電毯的重点是依标示使用，不誇大、不神化。僅供外用。避免接触眼睛、黏膜、破皮或傷口；特殊族群使用前请先咨询專業人員。,#外用安全 #用藥安全 #使用前看標示 #諮詢醫師藥師,"0-3秒 Hook：不要搭配熱敷墊或電毯，你也遇過嗎？
3-12秒 情境：拍攝所有使用者、照護者与家庭購買者的日常動作，字幕点出「不要搭配熱敷墊或電毯」。
12-25秒 知識：外用油膏应放在保守邊界：安全使用比用得多更重要，依标示与風險族群提醒。
25-36秒 安全：2 歲以下、孕哺、過敏体質、抗凝血药使用者请先询問專業人員。
36-45秒 CTA：使用前看标示，收藏这支，下次別用錯。",僅供外用。避免接觸眼睛、黏膜、破皮或傷口；特殊族群使用前請先諮詢專業人員。,2 歲以下、孕哺、過敏體質、抗凝血藥使用者請先詢問專業人員。,根治|治療疾病|消炎治本|打通經絡|一擦就好|保證有效|深層修復|替代藥物
Douyin_LINE019,LINE019,抖音,2026-06-13,12:00,小暑前後活動舒適提醒,F,低,pending_legal_pharmacist_review,false,小暑前后活動舒适提醒,"0-3秒 Hook：小暑前后活動舒适提醒，你也遇過嗎？
3-12秒 情境：拍攝喜歡養生、节氣与日常保健的 LINE 讀者的日常動作，字幕点出「小暑前后活動舒适提醒」。
12-25秒 知識：外用油膏应放在保守邊界：以生活保健与身体觉察为主，不做医疗疗效宣稱。
25-36秒 安全：节氣養生屬一般生活資讯，身体不适仍应咨询專業人員。
36-45秒 CTA：使用前看标示，收藏这支，下次別用錯。",小暑前后活動舒适提醒的重点是依标示使用，不誇大、不神化。本内容为一般生活保健資讯，非医疗診斷或治疗建議。,#節氣保養 #生活保健 #日常保養 #身體覺察,"0-3秒 Hook：小暑前后活動舒适提醒，你也遇過嗎？
3-12秒 情境：拍攝喜歡養生、节氣与日常保健的 LINE 讀者的日常動作，字幕点出「小暑前后活動舒适提醒」。
12-25秒 知識：外用油膏应放在保守邊界：以生活保健与身体觉察为主，不做医疗疗效宣稱。
25-36秒 安全：节氣養生屬一般生活資讯，身体不适仍应咨询專業人員。
36-45秒 CTA：使用前看标示，收藏这支，下次別用錯。",本內容為一般生活保健資訊，非醫療診斷或治療建議。,節氣養生屬一般生活資訊，身體不適仍應諮詢專業人員。,根治|治療疾病|消炎治本|打通經絡|一擦就好|保證有效|深層修復|替代藥物
Douyin_LINE020,LINE020,抖音,2026-06-13,20:00,爬山後腿部按摩提醒,C,中,pending_legal_pharmacist_review,false,爬山后腿部按摩提醒,"0-3秒 Hook：爬山后腿部按摩提醒，你也遇過嗎？
3-12秒 情境：拍攝運動族、搬重物、久站与勞動工作者的日常動作，字幕点出「爬山后腿部按摩提醒」。
12-25秒 知識：外用油膏应放在保守邊界：運動或勞動后的局部肌肉酸痛，可短期按摩舒缓。
25-36秒 安全：明顯腫脹、劇痛、活動受限或疑似受傷时，请先就医。
36-45秒 CTA：使用前看标示，收藏这支，下次別用錯。",爬山后腿部按摩提醒的重点是依标示使用，不誇大、不神化。本产品为外用油膏，请依核准标示使用；若症狀持續或惡化，请咨询医师或药师。,#運動後保養 #局部按摩 #肌肉痠痛 #依標示使用,"0-3秒 Hook：爬山后腿部按摩提醒，你也遇過嗎？
3-12秒 情境：拍攝運動族、搬重物、久站与勞動工作者的日常動作，字幕点出「爬山后腿部按摩提醒」。
12-25秒 知識：外用油膏应放在保守邊界：運動或勞動后的局部肌肉酸痛，可短期按摩舒缓。
25-36秒 安全：明顯腫脹、劇痛、活動受限或疑似受傷时，请先就医。
36-45秒 CTA：使用前看标示，收藏这支，下次別用錯。",本產品為外用油膏，請依核准標示使用；若症狀持續或惡化，請諮詢醫師或藥師。,明顯腫脹、劇痛、活動受限或疑似受傷時，請先就醫。,根治|治療疾病|消炎治本|打通經絡|一擦就好|保證有效|深層修復|替代藥物
Douyin_LINE021,LINE021,抖音,2026-06-14,12:00,外用膏一次擦多少才剛好,G,低,pending_legal_pharmacist_review,false,外用膏一次擦多少才剛好,"0-3秒 Hook：外用膏一次擦多少才剛好，你也遇過嗎？
3-12秒 情境：拍攝LINE OA 好友、回購客与新客的日常動作，字幕点出「外用膏一次擦多少才剛好」。
12-25秒 知識：外用油膏应放在保守邊界：用問答降低誤用，讓使用者知道何时該询問專業人員。
25-36秒 安全：互動回答不取代医师或药师建議。
36-45秒 CTA：使用前看标示，收藏这支，下次別用錯。",外用膏一次擦多少才剛好的重点是依标示使用，不誇大、不神化。本内容为一般生活保健資讯，非医疗診斷或治疗建議。,#互動問答 #保養知識 #使用小提醒 #金牌一條根,"0-3秒 Hook：外用膏一次擦多少才剛好，你也遇過嗎？
3-12秒 情境：拍攝LINE OA 好友、回購客与新客的日常動作，字幕点出「外用膏一次擦多少才剛好」。
12-25秒 知識：外用油膏应放在保守邊界：用問答降低誤用，讓使用者知道何时該询問專業人員。
25-36秒 安全：互動回答不取代医师或药师建議。
36-45秒 CTA：使用前看标示，收藏这支，下次別用錯。",本內容為一般生活保健資訊，非醫療診斷或治療建議。,互動回答不取代醫師或藥師建議。,根治|治療疾病|消炎治本|打通經絡|一擦就好|保證有效|深層修復|替代藥物
Douyin_LINE022,LINE022,抖音,2026-06-14,20:00,散步後的膝周保養,D,中,pending_legal_pharmacist_review,false,散步后的膝周保養,"0-3秒 Hook：散步后的膝周保養，你也遇過嗎？
3-12秒 情境：拍攝40-70 歲注重日常活動舒适度的族群的日常動作，字幕点出「散步后的膝周保養」。
12-25秒 知識：外用油膏应放在保守邊界：轻微关节酸痛可短期舒缓，但不可宣稱治疗疾病。
25-36秒 安全：关节腫痛、紅熱、长期疼痛或行走困難，请就医評估。
36-45秒 CTA：使用前看标示，收藏这支，下次別用錯。",散步后的膝周保養的重点是依标示使用，不誇大、不神化。本产品为外用油膏，请依核准标示使用；若症狀持續或惡化，请咨询医师或药师。,#銀髮保養 #活動舒適 #輕微痠痛 #依標示使用,"0-3秒 Hook：散步后的膝周保養，你也遇過嗎？
3-12秒 情境：拍攝40-70 歲注重日常活動舒适度的族群的日常動作，字幕点出「散步后的膝周保養」。
12-25秒 知識：外用油膏应放在保守邊界：轻微关节酸痛可短期舒缓，但不可宣稱治疗疾病。
25-36秒 安全：关节腫痛、紅熱、长期疼痛或行走困難，请就医評估。
36-45秒 CTA：使用前看标示，收藏这支，下次別用錯。",本產品為外用油膏，請依核准標示使用；若症狀持續或惡化，請諮詢醫師或藥師。,關節腫痛、紅熱、長期疼痛或行走困難，請就醫評估。,根治|治療疾病|消炎治本|打通經絡|一擦就好|保證有效|深層修復|替代藥物
Douyin_LINE023,LINE023,抖音,2026-06-15,12:00,午休前的肩頸放鬆流程,B,低,pending_legal_pharmacist_review,false,午休前的肩颈放鬆流程,"0-3秒 Hook：午休前的肩颈放鬆流程，你也遇過嗎？
3-12秒 情境：拍攝长时間低頭、久坐、用電腦的上班族的日常動作，字幕点出「午休前的肩颈放鬆流程」。
12-25秒 知識：外用油膏应放在保守邊界：久坐低頭后，可搭配伸展与局部按摩舒缓緊繃不适。
25-36秒 安全：若酸痛持續、麻木或影響活動，请咨询医师或药师。
36-45秒 CTA：使用前看标示，收藏这支，下次別用錯。",午休前的肩颈放鬆流程的重点是依标示使用，不誇大、不神化。本内容为一般生活保健資讯，非医疗診斷或治疗建議。,#肩頸保養 #久坐族 #日常舒緩 #依標示使用,"0-3秒 Hook：午休前的肩颈放鬆流程，你也遇過嗎？
3-12秒 情境：拍攝长时間低頭、久坐、用電腦的上班族的日常動作，字幕点出「午休前的肩颈放鬆流程」。
12-25秒 知識：外用油膏应放在保守邊界：久坐低頭后，可搭配伸展与局部按摩舒缓緊繃不适。
25-36秒 安全：若酸痛持續、麻木或影響活動，请咨询医师或药师。
36-45秒 CTA：使用前看标示，收藏这支，下次別用錯。",本內容為一般生活保健資訊，非醫療診斷或治療建議。,若痠痛持續、麻木或影響活動，請諮詢醫師或藥師。,根治|治療疾病|消炎治本|打通經絡|一擦就好|保證有效|深層修復|替代藥物
Douyin_LINE024,LINE024,抖音,2026-06-15,20:00,油膏劑為什麼適合局部按摩,A,中,pending_legal_pharmacist_review,false,油膏剂为什麼适合局部按摩,"0-3秒 Hook：油膏剂为什麼适合局部按摩，你也遇過嗎？
3-12秒 情境：拍攝已購買或正在觀望的一條根使用者的日常動作，字幕点出「油膏剂为什麼适合局部按摩」。
12-25秒 知識：外用油膏应放在保守邊界：依标示外用，提供局部按摩与暂时舒缓体感。
25-36秒 安全：僅供外用；避免眼周、黏膜、破皮或傷口。
36-45秒 CTA：使用前看标示，收藏这支，下次別用錯。",油膏剂为什麼适合局部按摩的重点是依标示使用，不誇大、不神化。本产品为外用油膏，请依核准标示使用；若症狀持續或惡化，请咨询医师或药师。,#金牌一條根 #外用油膏 #成分透明 #依標示使用,"0-3秒 Hook：油膏剂为什麼适合局部按摩，你也遇過嗎？
3-12秒 情境：拍攝已購買或正在觀望的一條根使用者的日常動作，字幕点出「油膏剂为什麼适合局部按摩」。
12-25秒 知識：外用油膏应放在保守邊界：依标示外用，提供局部按摩与暂时舒缓体感。
25-36秒 安全：僅供外用；避免眼周、黏膜、破皮或傷口。
36-45秒 CTA：使用前看标示，收藏这支，下次別用錯。",本產品為外用油膏，請依核准標示使用；若症狀持續或惡化，請諮詢醫師或藥師。,僅供外用；避免眼周、黏膜、破皮或傷口。,根治|治療疾病|消炎治本|打通經絡|一擦就好|保證有效|深層修復|替代藥物
Douyin_LINE025,LINE025,抖音,2026-06-16,12:00,大暑午後少久站硬撐,F,低,pending_legal_pharmacist_review,false,大暑午后少久站硬撐,"0-3秒 Hook：大暑午后少久站硬撐，你也遇過嗎？
3-12秒 情境：拍攝喜歡養生、节氣与日常保健的 LINE 讀者的日常動作，字幕点出「大暑午后少久站硬撐」。
12-25秒 知識：外用油膏应放在保守邊界：以生活保健与身体觉察为主，不做医疗疗效宣稱。
25-36秒 安全：节氣養生屬一般生活資讯，身体不适仍应咨询專業人員。
36-45秒 CTA：使用前看标示，收藏这支，下次別用錯。",大暑午后少久站硬撐的重点是依标示使用，不誇大、不神化。本内容为一般生活保健資讯，非医疗診斷或治疗建議。,#節氣保養 #生活保健 #日常保養 #身體覺察,"0-3秒 Hook：大暑午后少久站硬撐，你也遇過嗎？
3-12秒 情境：拍攝喜歡養生、节氣与日常保健的 LINE 讀者的日常動作，字幕点出「大暑午后少久站硬撐」。
12-25秒 知識：外用油膏应放在保守邊界：以生活保健与身体觉察为主，不做医疗疗效宣稱。
25-36秒 安全：节氣養生屬一般生活資讯，身体不适仍应咨询專業人員。
36-45秒 CTA：使用前看标示，收藏这支，下次別用錯。",本內容為一般生活保健資訊，非醫療診斷或治療建議。,節氣養生屬一般生活資訊，身體不適仍應諮詢專業人員。,根治|治療疾病|消炎治本|打通經絡|一擦就好|保證有效|深層修復|替代藥物
Douyin_LINE026,LINE026,抖音,2026-06-16,20:00,不要密封包紮或大面積厚敷,E,高,pending_legal_pharmacist_review,false,不要密封包紮或大面積厚敷,"0-3秒 Hook：不要密封包紮或大面積厚敷，你也遇過嗎？
3-12秒 情境：拍攝所有使用者、照護者与家庭購買者的日常動作，字幕点出「不要密封包紮或大面積厚敷」。
12-25秒 知識：外用油膏应放在保守邊界：安全使用比用得多更重要，依标示与風險族群提醒。
25-36秒 安全：2 歲以下、孕哺、過敏体質、抗凝血药使用者请先询問專業人員。
36-45秒 CTA：使用前看标示，收藏这支，下次別用錯。",不要密封包紮或大面積厚敷的重点是依标示使用，不誇大、不神化。僅供外用。避免接触眼睛、黏膜、破皮或傷口；特殊族群使用前请先咨询專業人員。,#外用安全 #用藥安全 #使用前看標示 #諮詢醫師藥師,"0-3秒 Hook：不要密封包紮或大面積厚敷，你也遇過嗎？
3-12秒 情境：拍攝所有使用者、照護者与家庭購買者的日常動作，字幕点出「不要密封包紮或大面積厚敷」。
12-25秒 知識：外用油膏应放在保守邊界：安全使用比用得多更重要，依标示与風險族群提醒。
25-36秒 安全：2 歲以下、孕哺、過敏体質、抗凝血药使用者请先询問專業人員。
36-45秒 CTA：使用前看标示，收藏这支，下次別用錯。",僅供外用。避免接觸眼睛、黏膜、破皮或傷口；特殊族群使用前請先諮詢專業人員。,2 歲以下、孕哺、過敏體質、抗凝血藥使用者請先詢問專業人員。,根治|治療疾病|消炎治本|打通經絡|一擦就好|保證有效|深層修復|替代藥物
Douyin_LINE027,LINE027,抖音,2026-06-17,12:00,藥證可查代表什麼,H,中,pending_legal_pharmacist_review,false,药证可查代表什麼,"0-3秒 Hook：药证可查代表什麼，你也遇過嗎？
3-12秒 情境：拍攝重視药证、成分、品質与合法性的消費者的日常動作，字幕点出「药证可查代表什麼」。
12-25秒 知識：外用油膏应放在保守邊界：強調药证、标示、保守宣稱与人工审核流程。
25-36秒 安全：所有广告文案仍須依主管機关与專業人員审核。
36-45秒 CTA：使用前看标示，收藏这支，下次別用錯。",药证可查代表什麼的重点是依标示使用，不誇大、不神化。本产品为外用油膏，请依核准标示使用；若症狀持續或惡化，请咨询医师或药师。,#藥證可查 #品牌透明 #合法宣傳 #成分透明,"0-3秒 Hook：药证可查代表什麼，你也遇過嗎？
3-12秒 情境：拍攝重視药证、成分、品質与合法性的消費者的日常動作，字幕点出「药证可查代表什麼」。
12-25秒 知識：外用油膏应放在保守邊界：強調药证、标示、保守宣稱与人工审核流程。
25-36秒 安全：所有广告文案仍須依主管機关与專業人員审核。
36-45秒 CTA：使用前看标示，收藏这支，下次別用錯。",本產品為外用油膏，請依核准標示使用；若症狀持續或惡化，請諮詢醫師或藥師。,所有廣告文案仍須依主管機關與專業人員審核。,根治|治療疾病|消炎治本|打通經絡|一擦就好|保證有效|深層修復|替代藥物
Douyin_LINE028,LINE028,抖音,2026-06-17,20:00,涼感越強越有效嗎,G,低,pending_legal_pharmacist_review,false,涼感越強越有效嗎,"0-3秒 Hook：涼感越強越有效嗎，你也遇過嗎？
3-12秒 情境：拍攝LINE OA 好友、回購客与新客的日常動作，字幕点出「涼感越強越有效嗎」。
12-25秒 知識：外用油膏应放在保守邊界：用問答降低誤用，讓使用者知道何时該询問專業人員。
25-36秒 安全：互動回答不取代医师或药师建議。
36-45秒 CTA：使用前看标示，收藏这支，下次別用錯。",涼感越強越有效嗎的重点是依标示使用，不誇大、不神化。本内容为一般生活保健資讯，非医疗診斷或治疗建議。,#互動問答 #保養知識 #使用小提醒 #金牌一條根,"0-3秒 Hook：涼感越強越有效嗎，你也遇過嗎？
3-12秒 情境：拍攝LINE OA 好友、回購客与新客的日常動作，字幕点出「涼感越強越有效嗎」。
12-25秒 知識：外用油膏应放在保守邊界：用問答降低誤用，讓使用者知道何时該询問專業人員。
25-36秒 安全：互動回答不取代医师或药师建議。
36-45秒 CTA：使用前看标示，收藏这支，下次別用錯。",本內容為一般生活保健資訊，非醫療診斷或治療建議。,互動回答不取代醫師或藥師建議。,根治|治療疾病|消炎治本|打通經絡|一擦就好|保證有效|深層修復|替代藥物
Douyin_LINE029,LINE029,抖音,2026-06-18,12:00,重訓後肩背局部舒緩,C,中,pending_legal_pharmacist_review,false,重訓后肩背局部舒缓,"0-3秒 Hook：重訓后肩背局部舒缓，你也遇過嗎？
3-12秒 情境：拍攝運動族、搬重物、久站与勞動工作者的日常動作，字幕点出「重訓后肩背局部舒缓」。
12-25秒 知識：外用油膏应放在保守邊界：運動或勞動后的局部肌肉酸痛，可短期按摩舒缓。
25-36秒 安全：明顯腫脹、劇痛、活動受限或疑似受傷时，请先就医。
36-45秒 CTA：使用前看标示，收藏这支，下次別用錯。",重訓后肩背局部舒缓的重点是依标示使用，不誇大、不神化。本产品为外用油膏，请依核准标示使用；若症狀持續或惡化，请咨询医师或药师。,#運動後保養 #局部按摩 #肌肉痠痛 #依標示使用,"0-3秒 Hook：重訓后肩背局部舒缓，你也遇過嗎？
3-12秒 情境：拍攝運動族、搬重物、久站与勞動工作者的日常動作，字幕点出「重訓后肩背局部舒缓」。
12-25秒 知識：外用油膏应放在保守邊界：運動或勞動后的局部肌肉酸痛，可短期按摩舒缓。
25-36秒 安全：明顯腫脹、劇痛、活動受限或疑似受傷时，请先就医。
36-45秒 CTA：使用前看标示，收藏这支，下次別用錯。",本產品為外用油膏，請依核准標示使用；若症狀持續或惡化，請諮詢醫師或藥師。,明顯腫脹、劇痛、活動受限或疑似受傷時，請先就醫。,根治|治療疾病|消炎治本|打通經絡|一擦就好|保證有效|深層修復|替代藥物
Douyin_LINE030,LINE030,抖音,2026-06-18,20:00,乙類成藥與一般保健品差異,A,中,pending_legal_pharmacist_review,false,乙類成药与一般保健品差異,"0-3秒 Hook：乙類成药与一般保健品差異，你也遇過嗎？
3-12秒 情境：拍攝已購買或正在觀望的一條根使用者的日常動作，字幕点出「乙類成药与一般保健品差異」。
12-25秒 知識：外用油膏应放在保守邊界：依标示外用，提供局部按摩与暂时舒缓体感。
25-36秒 安全：僅供外用；避免眼周、黏膜、破皮或傷口。
36-45秒 CTA：使用前看标示，收藏这支，下次別用錯。",乙類成药与一般保健品差異的重点是依标示使用，不誇大、不神化。本产品为外用油膏，请依核准标示使用；若症狀持續或惡化，请咨询医师或药师。,#金牌一條根 #外用油膏 #成分透明 #依標示使用,"0-3秒 Hook：乙類成药与一般保健品差異，你也遇過嗎？
3-12秒 情境：拍攝已購買或正在觀望的一條根使用者的日常動作，字幕点出「乙類成药与一般保健品差異」。
12-25秒 知識：外用油膏应放在保守邊界：依标示外用，提供局部按摩与暂时舒缓体感。
25-36秒 安全：僅供外用；避免眼周、黏膜、破皮或傷口。
36-45秒 CTA：使用前看标示，收藏这支，下次別用錯。",本產品為外用油膏，請依核准標示使用；若症狀持續或惡化，請諮詢醫師或藥師。,僅供外用；避免眼周、黏膜、破皮或傷口。,根治|治療疾病|消炎治本|打通經絡|一擦就好|保證有效|深層修復|替代藥物
Douyin_LINE031,LINE031,抖音,2026-06-19,12:00,天氣變化時的活動舒適感,D,中,pending_legal_pharmacist_review,false,天氣变化时的活動舒适感,"0-3秒 Hook：天氣变化时的活動舒适感，你也遇過嗎？
3-12秒 情境：拍攝40-70 歲注重日常活動舒适度的族群的日常動作，字幕点出「天氣变化时的活動舒适感」。
12-25秒 知識：外用油膏应放在保守邊界：轻微关节酸痛可短期舒缓，但不可宣稱治疗疾病。
25-36秒 安全：关节腫痛、紅熱、长期疼痛或行走困難，请就医評估。
36-45秒 CTA：使用前看标示，收藏这支，下次別用錯。",天氣变化时的活動舒适感的重点是依标示使用，不誇大、不神化。本产品为外用油膏，请依核准标示使用；若症狀持續或惡化，请咨询医师或药师。,#銀髮保養 #活動舒適 #輕微痠痛 #依標示使用,"0-3秒 Hook：天氣变化时的活動舒适感，你也遇過嗎？
3-12秒 情境：拍攝40-70 歲注重日常活動舒适度的族群的日常動作，字幕点出「天氣变化时的活動舒适感」。
12-25秒 知識：外用油膏应放在保守邊界：轻微关节酸痛可短期舒缓，但不可宣稱治疗疾病。
25-36秒 安全：关节腫痛、紅熱、长期疼痛或行走困難，请就医評估。
36-45秒 CTA：使用前看标示，收藏这支，下次別用錯。",本產品為外用油膏，請依核准標示使用；若症狀持續或惡化，請諮詢醫師或藥師。,關節腫痛、紅熱、長期疼痛或行走困難，請就醫評估。,根治|治療疾病|消炎治本|打通經絡|一擦就好|保證有效|深層修復|替代藥物
Douyin_LINE032,LINE032,抖音,2026-06-19,20:00,水楊酸或阿斯匹靈過敏者注意,E,高,pending_legal_pharmacist_review,false,水楊酸或阿斯匹靈過敏者注意,"0-3秒 Hook：水楊酸或阿斯匹靈過敏者注意，你也遇過嗎？
3-12秒 情境：拍攝所有使用者、照護者与家庭購買者的日常動作，字幕点出「水楊酸或阿斯匹靈過敏者注意」。
12-25秒 知識：外用油膏应放在保守邊界：安全使用比用得多更重要，依标示与風險族群提醒。
25-36秒 安全：2 歲以下、孕哺、過敏体質、抗凝血药使用者请先询問專業人員。
36-45秒 CTA：使用前看标示，收藏这支，下次別用錯。",水楊酸或阿斯匹靈過敏者注意的重点是依标示使用，不誇大、不神化。僅供外用。避免接触眼睛、黏膜、破皮或傷口；特殊族群使用前请先咨询專業人員。,#外用安全 #用藥安全 #使用前看標示 #諮詢醫師藥師,"0-3秒 Hook：水楊酸或阿斯匹靈過敏者注意，你也遇過嗎？
3-12秒 情境：拍攝所有使用者、照護者与家庭購買者的日常動作，字幕点出「水楊酸或阿斯匹靈過敏者注意」。
12-25秒 知識：外用油膏应放在保守邊界：安全使用比用得多更重要，依标示与風險族群提醒。
25-36秒 安全：2 歲以下、孕哺、過敏体質、抗凝血药使用者请先询問專業人員。
36-45秒 CTA：使用前看标示，收藏这支，下次別用錯。",僅供外用。避免接觸眼睛、黏膜、破皮或傷口；特殊族群使用前請先諮詢專業人員。,2 歲以下、孕哺、過敏體質、抗凝血藥使用者請先詢問專業人員。,根治|治療疾病|消炎治本|打通經絡|一擦就好|保證有效|深層修復|替代藥物
Douyin_LINE033,LINE033,抖音,2026-06-20,12:00,立秋後早晚溫差保養,F,低,pending_legal_pharmacist_review,false,立秋后早晚溫差保養,"0-3秒 Hook：立秋后早晚溫差保養，你也遇過嗎？
3-12秒 情境：拍攝喜歡養生、节氣与日常保健的 LINE 讀者的日常動作，字幕点出「立秋后早晚溫差保養」。
12-25秒 知識：外用油膏应放在保守邊界：以生活保健与身体觉察为主，不做医疗疗效宣稱。
25-36秒 安全：节氣養生屬一般生活資讯，身体不适仍应咨询專業人員。
36-45秒 CTA：使用前看标示，收藏这支，下次別用錯。",立秋后早晚溫差保養的重点是依标示使用，不誇大、不神化。本内容为一般生活保健資讯，非医疗診斷或治疗建議。,#節氣保養 #生活保健 #日常保養 #身體覺察,"0-3秒 Hook：立秋后早晚溫差保養，你也遇過嗎？
3-12秒 情境：拍攝喜歡養生、节氣与日常保健的 LINE 讀者的日常動作，字幕点出「立秋后早晚溫差保養」。
12-25秒 知識：外用油膏应放在保守邊界：以生活保健与身体觉察为主，不做医疗疗效宣稱。
25-36秒 安全：节氣養生屬一般生活資讯，身体不适仍应咨询專業人員。
36-45秒 CTA：使用前看标示，收藏这支，下次別用錯。",本內容為一般生活保健資訊，非醫療診斷或治療建議。,節氣養生屬一般生活資訊，身體不適仍應諮詢專業人員。,根治|治療疾病|消炎治本|打通經絡|一擦就好|保證有效|深層修復|替代藥物
Douyin_LINE034,LINE034,抖音,2026-06-20,20:00,家事後手臂不適保養,C,中,pending_legal_pharmacist_review,false,家事后手臂不适保養,"0-3秒 Hook：家事后手臂不适保養，你也遇過嗎？
3-12秒 情境：拍攝運動族、搬重物、久站与勞動工作者的日常動作，字幕点出「家事后手臂不适保養」。
12-25秒 知識：外用油膏应放在保守邊界：運動或勞動后的局部肌肉酸痛，可短期按摩舒缓。
25-36秒 安全：明顯腫脹、劇痛、活動受限或疑似受傷时，请先就医。
36-45秒 CTA：使用前看标示，收藏这支，下次別用錯。",家事后手臂不适保養的重点是依标示使用，不誇大、不神化。本产品为外用油膏，请依核准标示使用；若症狀持續或惡化，请咨询医师或药师。,#運動後保養 #局部按摩 #肌肉痠痛 #依標示使用,"0-3秒 Hook：家事后手臂不适保養，你也遇過嗎？
3-12秒 情境：拍攝運動族、搬重物、久站与勞動工作者的日常動作，字幕点出「家事后手臂不适保養」。
12-25秒 知識：外用油膏应放在保守邊界：運動或勞動后的局部肌肉酸痛，可短期按摩舒缓。
25-36秒 安全：明顯腫脹、劇痛、活動受限或疑似受傷时，请先就医。
36-45秒 CTA：使用前看标示，收藏这支，下次別用錯。",本產品為外用油膏，請依核准標示使用；若症狀持續或惡化，請諮詢醫師或藥師。,明顯腫脹、劇痛、活動受限或疑似受傷時，請先就醫。,根治|治療疾病|消炎治本|打通經絡|一擦就好|保證有效|深層修復|替代藥物
Douyin_LINE035,LINE035,抖音,2026-06-21,12:00,你有看過外用產品標示嗎,G,低,pending_legal_pharmacist_review,false,你有看過外用产品标示嗎,"0-3秒 Hook：你有看過外用产品标示嗎，你也遇過嗎？
3-12秒 情境：拍攝LINE OA 好友、回購客与新客的日常動作，字幕点出「你有看過外用产品标示嗎」。
12-25秒 知識：外用油膏应放在保守邊界：用問答降低誤用，讓使用者知道何时該询問專業人員。
25-36秒 安全：互動回答不取代医师或药师建議。
36-45秒 CTA：使用前看标示，收藏这支，下次別用錯。",你有看過外用产品标示嗎的重点是依标示使用，不誇大、不神化。本内容为一般生活保健資讯，非医疗診斷或治疗建議。,#互動問答 #保養知識 #使用小提醒 #金牌一條根,"0-3秒 Hook：你有看過外用产品标示嗎，你也遇過嗎？
3-12秒 情境：拍攝LINE OA 好友、回購客与新客的日常動作，字幕点出「你有看過外用产品标示嗎」。
12-25秒 知識：外用油膏应放在保守邊界：用問答降低誤用，讓使用者知道何时該询問專業人員。
25-36秒 安全：互動回答不取代医师或药师建議。
36-45秒 CTA：使用前看标示，收藏这支，下次別用錯。",本內容為一般生活保健資訊，非醫療診斷或治療建議。,互動回答不取代醫師或藥師建議。,根治|治療疾病|消炎治本|打通經絡|一擦就好|保證有效|深層修復|替代藥物
Douyin_LINE036,LINE036,抖音,2026-06-21,20:00,長輩按摩力道不要過重,D,中,pending_legal_pharmacist_review,false,长輩按摩力道不要過重,"0-3秒 Hook：长輩按摩力道不要過重，你也遇過嗎？
3-12秒 情境：拍攝40-70 歲注重日常活動舒适度的族群的日常動作，字幕点出「长輩按摩力道不要過重」。
12-25秒 知識：外用油膏应放在保守邊界：轻微关节酸痛可短期舒缓，但不可宣稱治疗疾病。
25-36秒 安全：关节腫痛、紅熱、长期疼痛或行走困難，请就医評估。
36-45秒 CTA：使用前看标示，收藏这支，下次別用錯。",长輩按摩力道不要過重的重点是依标示使用，不誇大、不神化。本产品为外用油膏，请依核准标示使用；若症狀持續或惡化，请咨询医师或药师。,#銀髮保養 #活動舒適 #輕微痠痛 #依標示使用,"0-3秒 Hook：长輩按摩力道不要過重，你也遇過嗎？
3-12秒 情境：拍攝40-70 歲注重日常活動舒适度的族群的日常動作，字幕点出「长輩按摩力道不要過重」。
12-25秒 知識：外用油膏应放在保守邊界：轻微关节酸痛可短期舒缓，但不可宣稱治疗疾病。
25-36秒 安全：关节腫痛、紅熱、长期疼痛或行走困難，请就医評估。
36-45秒 CTA：使用前看标示，收藏这支，下次別用錯。",本產品為外用油膏，請依核准標示使用；若症狀持續或惡化，請諮詢醫師或藥師。,關節腫痛、紅熱、長期疼痛或行走困難，請就醫評估。,根治|治療疾病|消炎治本|打通經絡|一擦就好|保證有效|深層修復|替代藥物
Douyin_LINE037,LINE037,抖音,2026-06-22,12:00,開會久坐後的腰背舒緩,B,低,pending_legal_pharmacist_review,false,開会久坐后的腰背舒缓,"0-3秒 Hook：開会久坐后的腰背舒缓，你也遇過嗎？
3-12秒 情境：拍攝长时間低頭、久坐、用電腦的上班族的日常動作，字幕点出「開会久坐后的腰背舒缓」。
12-25秒 知識：外用油膏应放在保守邊界：久坐低頭后，可搭配伸展与局部按摩舒缓緊繃不适。
25-36秒 安全：若酸痛持續、麻木或影響活動，请咨询医师或药师。
36-45秒 CTA：使用前看标示，收藏这支，下次別用錯。",開会久坐后的腰背舒缓的重点是依标示使用，不誇大、不神化。本内容为一般生活保健資讯，非医疗診斷或治疗建議。,#肩頸保養 #久坐族 #日常舒緩 #依標示使用,"0-3秒 Hook：開会久坐后的腰背舒缓，你也遇過嗎？
3-12秒 情境：拍攝长时間低頭、久坐、用電腦的上班族的日常動作，字幕点出「開会久坐后的腰背舒缓」。
12-25秒 知識：外用油膏应放在保守邊界：久坐低頭后，可搭配伸展与局部按摩舒缓緊繃不适。
25-36秒 安全：若酸痛持續、麻木或影響活動，请咨询医师或药师。
36-45秒 CTA：使用前看标示，收藏这支，下次別用錯。",本內容為一般生活保健資訊，非醫療診斷或治療建議。,若痠痛持續、麻木或影響活動，請諮詢醫師或藥師。,根治|治療疾病|消炎治本|打通經絡|一擦就好|保證有效|深層修復|替代藥物
Douyin_LINE038,LINE038,抖音,2026-06-22,20:00,一條根外用膏的日常定位,A,中,pending_legal_pharmacist_review,false,一條根外用膏的日常定位,"0-3秒 Hook：一條根外用膏的日常定位，你也遇過嗎？
3-12秒 情境：拍攝已購買或正在觀望的一條根使用者的日常動作，字幕点出「一條根外用膏的日常定位」。
12-25秒 知識：外用油膏应放在保守邊界：依标示外用，提供局部按摩与暂时舒缓体感。
25-36秒 安全：僅供外用；避免眼周、黏膜、破皮或傷口。
36-45秒 CTA：使用前看标示，收藏这支，下次別用錯。",一條根外用膏的日常定位的重点是依标示使用，不誇大、不神化。本产品为外用油膏，请依核准标示使用；若症狀持續或惡化，请咨询医师或药师。,#金牌一條根 #外用油膏 #成分透明 #依標示使用,"0-3秒 Hook：一條根外用膏的日常定位，你也遇過嗎？
3-12秒 情境：拍攝已購買或正在觀望的一條根使用者的日常動作，字幕点出「一條根外用膏的日常定位」。
12-25秒 知識：外用油膏应放在保守邊界：依标示外用，提供局部按摩与暂时舒缓体感。
25-36秒 安全：僅供外用；避免眼周、黏膜、破皮或傷口。
36-45秒 CTA：使用前看标示，收藏这支，下次別用錯。",本產品為外用油膏，請依核准標示使用；若症狀持續或惡化，請諮詢醫師或藥師。,僅供外用；避免眼周、黏膜、破皮或傷口。,根治|治療疾病|消炎治本|打通經絡|一擦就好|保證有效|深層修復|替代藥物
Douyin_LINE039,LINE039,抖音,2026-06-23,12:00,處暑後運動暖身提醒,F,低,pending_legal_pharmacist_review,false,處暑后運動暖身提醒,"0-3秒 Hook：處暑后運動暖身提醒，你也遇過嗎？
3-12秒 情境：拍攝喜歡養生、节氣与日常保健的 LINE 讀者的日常動作，字幕点出「處暑后運動暖身提醒」。
12-25秒 知識：外用油膏应放在保守邊界：以生活保健与身体觉察为主，不做医疗疗效宣稱。
25-36秒 安全：节氣養生屬一般生活資讯，身体不适仍应咨询專業人員。
36-45秒 CTA：使用前看标示，收藏这支，下次別用錯。",處暑后運動暖身提醒的重点是依标示使用，不誇大、不神化。本内容为一般生活保健資讯，非医疗診斷或治疗建議。,#節氣保養 #生活保健 #日常保養 #身體覺察,"0-3秒 Hook：處暑后運動暖身提醒，你也遇過嗎？
3-12秒 情境：拍攝喜歡養生、节氣与日常保健的 LINE 讀者的日常動作，字幕点出「處暑后運動暖身提醒」。
12-25秒 知識：外用油膏应放在保守邊界：以生活保健与身体觉察为主，不做医疗疗效宣稱。
25-36秒 安全：节氣養生屬一般生活資讯，身体不适仍应咨询專業人員。
36-45秒 CTA：使用前看标示，收藏这支，下次別用錯。",本內容為一般生活保健資訊，非醫療診斷或治療建議。,節氣養生屬一般生活資訊，身體不適仍應諮詢專業人員。,根治|治療疾病|消炎治本|打通經絡|一擦就好|保證有效|深層修復|替代藥物
Douyin_LINE040,LINE040,抖音,2026-06-23,20:00,兒童使用前的安全提醒,E,高,pending_legal_pharmacist_review,false,兒童使用前的安全提醒,"0-3秒 Hook：兒童使用前的安全提醒，你也遇過嗎？
3-12秒 情境：拍攝所有使用者、照護者与家庭購買者的日常動作，字幕点出「兒童使用前的安全提醒」。
12-25秒 知識：外用油膏应放在保守邊界：安全使用比用得多更重要，依标示与風險族群提醒。
25-36秒 安全：2 歲以下、孕哺、過敏体質、抗凝血药使用者请先询問專業人員。
36-45秒 CTA：使用前看标示，收藏这支，下次別用錯。",兒童使用前的安全提醒的重点是依标示使用，不誇大、不神化。僅供外用。避免接触眼睛、黏膜、破皮或傷口；特殊族群使用前请先咨询專業人員。,#外用安全 #用藥安全 #使用前看標示 #諮詢醫師藥師,"0-3秒 Hook：兒童使用前的安全提醒，你也遇過嗎？
3-12秒 情境：拍攝所有使用者、照護者与家庭購買者的日常動作，字幕点出「兒童使用前的安全提醒」。
12-25秒 知識：外用油膏应放在保守邊界：安全使用比用得多更重要，依标示与風險族群提醒。
25-36秒 安全：2 歲以下、孕哺、過敏体質、抗凝血药使用者请先询問專業人員。
36-45秒 CTA：使用前看标示，收藏这支，下次別用錯。",僅供外用。避免接觸眼睛、黏膜、破皮或傷口；特殊族群使用前請先諮詢專業人員。,2 歲以下、孕哺、過敏體質、抗凝血藥使用者請先詢問專業人員。,根治|治療疾病|消炎治本|打通經絡|一擦就好|保證有效|深層修復|替代藥物
Douyin_LINE041,LINE041,抖音,2026-06-24,12:00,外用膏廣告為什麼要保守,H,中,pending_legal_pharmacist_review,false,外用膏广告为什麼要保守,"0-3秒 Hook：外用膏广告为什麼要保守，你也遇過嗎？
3-12秒 情境：拍攝重視药证、成分、品質与合法性的消費者的日常動作，字幕点出「外用膏广告为什麼要保守」。
12-25秒 知識：外用油膏应放在保守邊界：強調药证、标示、保守宣稱与人工审核流程。
25-36秒 安全：所有广告文案仍須依主管機关与專業人員审核。
36-45秒 CTA：使用前看标示，收藏这支，下次別用錯。",外用膏广告为什麼要保守的重点是依标示使用，不誇大、不神化。本产品为外用油膏，请依核准标示使用；若症狀持續或惡化，请咨询医师或药师。,#藥證可查 #品牌透明 #合法宣傳 #成分透明,"0-3秒 Hook：外用膏广告为什麼要保守，你也遇過嗎？
3-12秒 情境：拍攝重視药证、成分、品質与合法性的消費者的日常動作，字幕点出「外用膏广告为什麼要保守」。
12-25秒 知識：外用油膏应放在保守邊界：強調药证、标示、保守宣稱与人工审核流程。
25-36秒 安全：所有广告文案仍須依主管機关与專業人員审核。
36-45秒 CTA：使用前看标示，收藏这支，下次別用錯。",本產品為外用油膏，請依核准標示使用；若症狀持續或惡化，請諮詢醫師或藥師。,所有廣告文案仍須依主管機關與專業人員審核。,根治|治療疾病|消炎治本|打通經絡|一擦就好|保證有效|深層修復|替代藥物
Douyin_LINE042,LINE042,抖音,2026-06-24,20:00,久坐族最想舒緩哪裡,G,低,pending_legal_pharmacist_review,false,久坐族最想舒缓哪裡,"0-3秒 Hook：久坐族最想舒缓哪裡，你也遇過嗎？
3-12秒 情境：拍攝LINE OA 好友、回購客与新客的日常動作，字幕点出「久坐族最想舒缓哪裡」。
12-25秒 知識：外用油膏应放在保守邊界：用問答降低誤用，讓使用者知道何时該询問專業人員。
25-36秒 安全：互動回答不取代医师或药师建議。
36-45秒 CTA：使用前看标示，收藏这支，下次別用錯。",久坐族最想舒缓哪裡的重点是依标示使用，不誇大、不神化。本内容为一般生活保健資讯，非医疗診斷或治疗建議。,#互動問答 #保養知識 #使用小提醒 #金牌一條根,"0-3秒 Hook：久坐族最想舒缓哪裡，你也遇過嗎？
3-12秒 情境：拍攝LINE OA 好友、回購客与新客的日常動作，字幕点出「久坐族最想舒缓哪裡」。
12-25秒 知識：外用油膏应放在保守邊界：用問答降低誤用，讓使用者知道何时該询問專業人員。
25-36秒 安全：互動回答不取代医师或药师建議。
36-45秒 CTA：使用前看标示，收藏这支，下次別用錯。",本內容為一般生活保健資訊，非醫療診斷或治療建議。,互動回答不取代醫師或藥師建議。,根治|治療疾病|消炎治本|打通經絡|一擦就好|保證有效|深層修復|替代藥物
Douyin_LINE043,LINE043,抖音,2026-06-25,12:00,跑步後膝周不適的保守提醒,C,中,pending_legal_pharmacist_review,false,跑步后膝周不适的保守提醒,"0-3秒 Hook：跑步后膝周不适的保守提醒，你也遇過嗎？
3-12秒 情境：拍攝運動族、搬重物、久站与勞動工作者的日常動作，字幕点出「跑步后膝周不适的保守提醒」。
12-25秒 知識：外用油膏应放在保守邊界：運動或勞動后的局部肌肉酸痛，可短期按摩舒缓。
25-36秒 安全：明顯腫脹、劇痛、活動受限或疑似受傷时，请先就医。
36-45秒 CTA：使用前看标示，收藏这支，下次別用錯。",跑步后膝周不适的保守提醒的重点是依标示使用，不誇大、不神化。本产品为外用油膏，请依核准标示使用；若症狀持續或惡化，请咨询医师或药师。,#運動後保養 #局部按摩 #肌肉痠痛 #依標示使用,"0-3秒 Hook：跑步后膝周不适的保守提醒，你也遇過嗎？
3-12秒 情境：拍攝運動族、搬重物、久站与勞動工作者的日常動作，字幕点出「跑步后膝周不适的保守提醒」。
12-25秒 知識：外用油膏应放在保守邊界：運動或勞動后的局部肌肉酸痛，可短期按摩舒缓。
25-36秒 安全：明顯腫脹、劇痛、活動受限或疑似受傷时，请先就医。
36-45秒 CTA：使用前看标示，收藏这支，下次別用錯。",本產品為外用油膏，請依核准標示使用；若症狀持續或惡化，請諮詢醫師或藥師。,明顯腫脹、劇痛、活動受限或疑似受傷時，請先就醫。,根治|治療疾病|消炎治本|打通經絡|一擦就好|保證有效|深層修復|替代藥物
Douyin_LINE044,LINE044,抖音,2026-06-25,20:00,成分濃度為什麼要看標示,A,中,pending_legal_pharmacist_review,false,成分濃度为什麼要看标示,"0-3秒 Hook：成分濃度为什麼要看标示，你也遇過嗎？
3-12秒 情境：拍攝已購買或正在觀望的一條根使用者的日常動作，字幕点出「成分濃度为什麼要看标示」。
12-25秒 知識：外用油膏应放在保守邊界：依标示外用，提供局部按摩与暂时舒缓体感。
25-36秒 安全：僅供外用；避免眼周、黏膜、破皮或傷口。
36-45秒 CTA：使用前看标示，收藏这支，下次別用錯。",成分濃度为什麼要看标示的重点是依标示使用，不誇大、不神化。本产品为外用油膏，请依核准标示使用；若症狀持續或惡化，请咨询医师或药师。,#金牌一條根 #外用油膏 #成分透明 #依標示使用,"0-3秒 Hook：成分濃度为什麼要看标示，你也遇過嗎？
3-12秒 情境：拍攝已購買或正在觀望的一條根使用者的日常動作，字幕点出「成分濃度为什麼要看标示」。
12-25秒 知識：外用油膏应放在保守邊界：依标示外用，提供局部按摩与暂时舒缓体感。
25-36秒 安全：僅供外用；避免眼周、黏膜、破皮或傷口。
36-45秒 CTA：使用前看标示，收藏这支，下次別用錯。",本產品為外用油膏，請依核准標示使用；若症狀持續或惡化，請諮詢醫師或藥師。,僅供外用；避免眼周、黏膜、破皮或傷口。,根治|治療疾病|消炎治本|打通經絡|一擦就好|保證有效|深層修復|替代藥物
Douyin_LINE045,LINE045,抖音,2026-06-26,12:00,照顧爸媽時的外用提醒,D,中,pending_legal_pharmacist_review,false,照顧爸媽时的外用提醒,"0-3秒 Hook：照顧爸媽时的外用提醒，你也遇過嗎？
3-12秒 情境：拍攝40-70 歲注重日常活動舒适度的族群的日常動作，字幕点出「照顧爸媽时的外用提醒」。
12-25秒 知識：外用油膏应放在保守邊界：轻微关节酸痛可短期舒缓，但不可宣稱治疗疾病。
25-36秒 安全：关节腫痛、紅熱、长期疼痛或行走困難，请就医評估。
36-45秒 CTA：使用前看标示，收藏这支，下次別用錯。",照顧爸媽时的外用提醒的重点是依标示使用，不誇大、不神化。本产品为外用油膏，请依核准标示使用；若症狀持續或惡化，请咨询医师或药师。,#銀髮保養 #活動舒適 #輕微痠痛 #依標示使用,"0-3秒 Hook：照顧爸媽时的外用提醒，你也遇過嗎？
3-12秒 情境：拍攝40-70 歲注重日常活動舒适度的族群的日常動作，字幕点出「照顧爸媽时的外用提醒」。
12-25秒 知識：外用油膏应放在保守邊界：轻微关节酸痛可短期舒缓，但不可宣稱治疗疾病。
25-36秒 安全：关节腫痛、紅熱、长期疼痛或行走困難，请就医評估。
36-45秒 CTA：使用前看标示，收藏这支，下次別用錯。",本產品為外用油膏，請依核准標示使用；若症狀持續或惡化，請諮詢醫師或藥師。,關節腫痛、紅熱、長期疼痛或行走困難，請就醫評估。,根治|治療疾病|消炎治本|打通經絡|一擦就好|保證有效|深層修復|替代藥物
Douyin_LINE046,LINE046,抖音,2026-06-26,20:00,孕婦與哺乳族群先詢問專業人員,E,高,pending_legal_pharmacist_review,false,孕婦与哺乳族群先询問專業人員,"0-3秒 Hook：孕婦与哺乳族群先询問專業人員，你也遇過嗎？
3-12秒 情境：拍攝所有使用者、照護者与家庭購買者的日常動作，字幕点出「孕婦与哺乳族群先询問專業人員」。
12-25秒 知識：外用油膏应放在保守邊界：安全使用比用得多更重要，依标示与風險族群提醒。
25-36秒 安全：2 歲以下、孕哺、過敏体質、抗凝血药使用者请先询問專業人員。
36-45秒 CTA：使用前看标示，收藏这支，下次別用錯。",孕婦与哺乳族群先询問專業人員的重点是依标示使用，不誇大、不神化。僅供外用。避免接触眼睛、黏膜、破皮或傷口；特殊族群使用前请先咨询專業人員。,#外用安全 #用藥安全 #使用前看標示 #諮詢醫師藥師,"0-3秒 Hook：孕婦与哺乳族群先询問專業人員，你也遇過嗎？
3-12秒 情境：拍攝所有使用者、照護者与家庭購買者的日常動作，字幕点出「孕婦与哺乳族群先询問專業人員」。
12-25秒 知識：外用油膏应放在保守邊界：安全使用比用得多更重要，依标示与風險族群提醒。
25-36秒 安全：2 歲以下、孕哺、過敏体質、抗凝血药使用者请先询問專業人員。
36-45秒 CTA：使用前看标示，收藏这支，下次別用錯。",僅供外用。避免接觸眼睛、黏膜、破皮或傷口；特殊族群使用前請先諮詢專業人員。,2 歲以下、孕哺、過敏體質、抗凝血藥使用者請先詢問專業人員。,根治|治療疾病|消炎治本|打通經絡|一擦就好|保證有效|深層修復|替代藥物
Douyin_LINE047,LINE047,抖音,2026-06-27,12:00,白露時節關心長輩活動,F,低,pending_legal_pharmacist_review,false,白露时节关心长輩活動,"0-3秒 Hook：白露时节关心长輩活動，你也遇過嗎？
3-12秒 情境：拍攝喜歡養生、节氣与日常保健的 LINE 讀者的日常動作，字幕点出「白露时节关心长輩活動」。
12-25秒 知識：外用油膏应放在保守邊界：以生活保健与身体觉察为主，不做医疗疗效宣稱。
25-36秒 安全：节氣養生屬一般生活資讯，身体不适仍应咨询專業人員。
36-45秒 CTA：使用前看标示，收藏这支，下次別用錯。",白露时节关心长輩活動的重点是依标示使用，不誇大、不神化。本内容为一般生活保健資讯，非医疗診斷或治疗建議。,#節氣保養 #生活保健 #日常保養 #身體覺察,"0-3秒 Hook：白露时节关心长輩活動，你也遇過嗎？
3-12秒 情境：拍攝喜歡養生、节氣与日常保健的 LINE 讀者的日常動作，字幕点出「白露时节关心长輩活動」。
12-25秒 知識：外用油膏应放在保守邊界：以生活保健与身体觉察为主，不做医疗疗效宣稱。
25-36秒 安全：节氣養生屬一般生活資讯，身体不适仍应咨询專業人員。
36-45秒 CTA：使用前看标示，收藏这支，下次別用錯。",本內容為一般生活保健資訊，非醫療診斷或治療建議。,節氣養生屬一般生活資訊，身體不適仍應諮詢專業人員。,根治|治療疾病|消炎治本|打通經絡|一擦就好|保證有效|深層修復|替代藥物
Douyin_LINE048,LINE048,抖音,2026-06-27,20:00,勞動後先休息再按摩,C,中,pending_legal_pharmacist_review,false,勞動后先休息再按摩,"0-3秒 Hook：勞動后先休息再按摩，你也遇過嗎？
3-12秒 情境：拍攝運動族、搬重物、久站与勞動工作者的日常動作，字幕点出「勞動后先休息再按摩」。
12-25秒 知識：外用油膏应放在保守邊界：運動或勞動后的局部肌肉酸痛，可短期按摩舒缓。
25-36秒 安全：明顯腫脹、劇痛、活動受限或疑似受傷时，请先就医。
36-45秒 CTA：使用前看标示，收藏这支，下次別用錯。",勞動后先休息再按摩的重点是依标示使用，不誇大、不神化。本产品为外用油膏，请依核准标示使用；若症狀持續或惡化，请咨询医师或药师。,#運動後保養 #局部按摩 #肌肉痠痛 #依標示使用,"0-3秒 Hook：勞動后先休息再按摩，你也遇過嗎？
3-12秒 情境：拍攝運動族、搬重物、久站与勞動工作者的日常動作，字幕点出「勞動后先休息再按摩」。
12-25秒 知識：外用油膏应放在保守邊界：運動或勞動后的局部肌肉酸痛，可短期按摩舒缓。
25-36秒 安全：明顯腫脹、劇痛、活動受限或疑似受傷时，请先就医。
36-45秒 CTA：使用前看标示，收藏这支，下次別用錯。",本產品為外用油膏，請依核准標示使用；若症狀持續或惡化，請諮詢醫師或藥師。,明顯腫脹、劇痛、活動受限或疑似受傷時，請先就醫。,根治|治療疾病|消炎治本|打通經絡|一擦就好|保證有效|深層修復|替代藥物
Douyin_LINE049,LINE049,抖音,2026-06-28,12:00,長輩使用外用膏你會提醒什麼,G,低,pending_legal_pharmacist_review,false,长輩使用外用膏你会提醒什麼,"0-3秒 Hook：长輩使用外用膏你会提醒什麼，你也遇過嗎？
3-12秒 情境：拍攝LINE OA 好友、回購客与新客的日常動作，字幕点出「长輩使用外用膏你会提醒什麼」。
12-25秒 知識：外用油膏应放在保守邊界：用問答降低誤用，讓使用者知道何时該询問專業人員。
25-36秒 安全：互動回答不取代医师或药师建議。
36-45秒 CTA：使用前看标示，收藏这支，下次別用錯。",长輩使用外用膏你会提醒什麼的重点是依标示使用，不誇大、不神化。本内容为一般生活保健資讯，非医疗診斷或治疗建議。,#互動問答 #保養知識 #使用小提醒 #金牌一條根,"0-3秒 Hook：长輩使用外用膏你会提醒什麼，你也遇過嗎？
3-12秒 情境：拍攝LINE OA 好友、回購客与新客的日常動作，字幕点出「长輩使用外用膏你会提醒什麼」。
12-25秒 知識：外用油膏应放在保守邊界：用問答降低誤用，讓使用者知道何时該询問專業人員。
25-36秒 安全：互動回答不取代医师或药师建議。
36-45秒 CTA：使用前看标示，收藏这支，下次別用錯。",本內容為一般生活保健資訊，非醫療診斷或治療建議。,互動回答不取代醫師或藥師建議。,根治|治療疾病|消炎治本|打通經絡|一擦就好|保證有效|深層修復|替代藥物
Douyin_LINE050,LINE050,抖音,2026-06-28,20:00,日常活動舒適度的三個習慣,D,中,pending_legal_pharmacist_review,false,日常活動舒适度的三個習慣,"0-3秒 Hook：日常活動舒适度的三個習慣，你也遇過嗎？
3-12秒 情境：拍攝40-70 歲注重日常活動舒适度的族群的日常動作，字幕点出「日常活動舒适度的三個習慣」。
12-25秒 知識：外用油膏应放在保守邊界：轻微关节酸痛可短期舒缓，但不可宣稱治疗疾病。
25-36秒 安全：关节腫痛、紅熱、长期疼痛或行走困難，请就医評估。
36-45秒 CTA：使用前看标示，收藏这支，下次別用錯。",日常活動舒适度的三個習慣的重点是依标示使用，不誇大、不神化。本产品为外用油膏，请依核准标示使用；若症狀持續或惡化，请咨询医师或药师。,#銀髮保養 #活動舒適 #輕微痠痛 #依標示使用,"0-3秒 Hook：日常活動舒适度的三個習慣，你也遇過嗎？
3-12秒 情境：拍攝40-70 歲注重日常活動舒适度的族群的日常動作，字幕点出「日常活動舒适度的三個習慣」。
12-25秒 知識：外用油膏应放在保守邊界：轻微关节酸痛可短期舒缓，但不可宣稱治疗疾病。
25-36秒 安全：关节腫痛、紅熱、长期疼痛或行走困難，请就医評估。
36-45秒 CTA：使用前看标示，收藏这支，下次別用錯。",本產品為外用油膏，請依核准標示使用；若症狀持續或惡化，請諮詢醫師或藥師。,關節腫痛、紅熱、長期疼痛或行走困難，請就醫評估。,根治|治療疾病|消炎治本|打通經絡|一擦就好|保證有效|深層修復|替代藥物
Douyin_LINE051,LINE051,抖音,2026-06-29,12:00,下班前五分鐘伸展,B,低,pending_legal_pharmacist_review,false,下班前五分鐘伸展,"0-3秒 Hook：下班前五分鐘伸展，你也遇過嗎？
3-12秒 情境：拍攝长时間低頭、久坐、用電腦的上班族的日常動作，字幕点出「下班前五分鐘伸展」。
12-25秒 知識：外用油膏应放在保守邊界：久坐低頭后，可搭配伸展与局部按摩舒缓緊繃不适。
25-36秒 安全：若酸痛持續、麻木或影響活動，请咨询医师或药师。
36-45秒 CTA：使用前看标示，收藏这支，下次別用錯。",下班前五分鐘伸展的重点是依标示使用，不誇大、不神化。本内容为一般生活保健資讯，非医疗診斷或治疗建議。,#肩頸保養 #久坐族 #日常舒緩 #依標示使用,"0-3秒 Hook：下班前五分鐘伸展，你也遇過嗎？
3-12秒 情境：拍攝长时間低頭、久坐、用電腦的上班族的日常動作，字幕点出「下班前五分鐘伸展」。
12-25秒 知識：外用油膏应放在保守邊界：久坐低頭后，可搭配伸展与局部按摩舒缓緊繃不适。
25-36秒 安全：若酸痛持續、麻木或影響活動，请咨询医师或药师。
36-45秒 CTA：使用前看标示，收藏这支，下次別用錯。",本內容為一般生活保健資訊，非醫療診斷或治療建議。,若痠痛持續、麻木或影響活動，請諮詢醫師或藥師。,根治|治療疾病|消炎治本|打通經絡|一擦就好|保證有效|深層修復|替代藥物
Douyin_LINE052,LINE052,抖音,2026-06-29,20:00,局部按摩和大面積厚敷的差別,A,中,pending_legal_pharmacist_review,false,局部按摩和大面積厚敷的差別,"0-3秒 Hook：局部按摩和大面積厚敷的差別，你也遇過嗎？
3-12秒 情境：拍攝已購買或正在觀望的一條根使用者的日常動作，字幕点出「局部按摩和大面積厚敷的差別」。
12-25秒 知識：外用油膏应放在保守邊界：依标示外用，提供局部按摩与暂时舒缓体感。
25-36秒 安全：僅供外用；避免眼周、黏膜、破皮或傷口。
36-45秒 CTA：使用前看标示，收藏这支，下次別用錯。",局部按摩和大面積厚敷的差別的重点是依标示使用，不誇大、不神化。本产品为外用油膏，请依核准标示使用；若症狀持續或惡化，请咨询医师或药师。,#金牌一條根 #外用油膏 #成分透明 #依標示使用,"0-3秒 Hook：局部按摩和大面積厚敷的差別，你也遇過嗎？
3-12秒 情境：拍攝已購買或正在觀望的一條根使用者的日常動作，字幕点出「局部按摩和大面積厚敷的差別」。
12-25秒 知識：外用油膏应放在保守邊界：依标示外用，提供局部按摩与暂时舒缓体感。
25-36秒 安全：僅供外用；避免眼周、黏膜、破皮或傷口。
36-45秒 CTA：使用前看标示，收藏这支，下次別用錯。",本產品為外用油膏，請依核准標示使用；若症狀持續或惡化，請諮詢醫師或藥師。,僅供外用；避免眼周、黏膜、破皮或傷口。,根治|治療疾病|消炎治本|打通經絡|一擦就好|保證有效|深層修復|替代藥物
Douyin_LINE053,LINE053,抖音,2026-06-30,12:00,秋分後外出前暖身,F,低,pending_legal_pharmacist_review,false,秋分后外出前暖身,"0-3秒 Hook：秋分后外出前暖身，你也遇過嗎？
3-12秒 情境：拍攝喜歡養生、节氣与日常保健的 LINE 讀者的日常動作，字幕点出「秋分后外出前暖身」。
12-25秒 知識：外用油膏应放在保守邊界：以生活保健与身体觉察为主，不做医疗疗效宣稱。
25-36秒 安全：节氣養生屬一般生活資讯，身体不适仍应咨询專業人員。
36-45秒 CTA：使用前看标示，收藏这支，下次別用錯。",秋分后外出前暖身的重点是依标示使用，不誇大、不神化。本内容为一般生活保健資讯，非医疗診斷或治疗建議。,#節氣保養 #生活保健 #日常保養 #身體覺察,"0-3秒 Hook：秋分后外出前暖身，你也遇過嗎？
3-12秒 情境：拍攝喜歡養生、节氣与日常保健的 LINE 讀者的日常動作，字幕点出「秋分后外出前暖身」。
12-25秒 知識：外用油膏应放在保守邊界：以生活保健与身体觉察为主，不做医疗疗效宣稱。
25-36秒 安全：节氣養生屬一般生活資讯，身体不适仍应咨询專業人員。
36-45秒 CTA：使用前看标示，收藏这支，下次別用錯。",本內容為一般生活保健資訊，非醫療診斷或治療建議。,節氣養生屬一般生活資訊，身體不適仍應諮詢專業人員。,根治|治療疾病|消炎治本|打通經絡|一擦就好|保證有效|深層修復|替代藥物
Douyin_LINE054,LINE054,抖音,2026-06-30,20:00,症狀超過七天要停用並諮詢,E,高,pending_legal_pharmacist_review,false,症狀超過七天要停用並咨询,"0-3秒 Hook：症狀超過七天要停用並咨询，你也遇過嗎？
3-12秒 情境：拍攝所有使用者、照護者与家庭購買者的日常動作，字幕点出「症狀超過七天要停用並咨询」。
12-25秒 知識：外用油膏应放在保守邊界：安全使用比用得多更重要，依标示与風險族群提醒。
25-36秒 安全：2 歲以下、孕哺、過敏体質、抗凝血药使用者请先询問專業人員。
36-45秒 CTA：使用前看标示，收藏这支，下次別用錯。",症狀超過七天要停用並咨询的重点是依标示使用，不誇大、不神化。僅供外用。避免接触眼睛、黏膜、破皮或傷口；特殊族群使用前请先咨询專業人員。,#外用安全 #用藥安全 #使用前看標示 #諮詢醫師藥師,"0-3秒 Hook：症狀超過七天要停用並咨询，你也遇過嗎？
3-12秒 情境：拍攝所有使用者、照護者与家庭購買者的日常動作，字幕点出「症狀超過七天要停用並咨询」。
12-25秒 知識：外用油膏应放在保守邊界：安全使用比用得多更重要，依标示与風險族群提醒。
25-36秒 安全：2 歲以下、孕哺、過敏体質、抗凝血药使用者请先询問專業人員。
36-45秒 CTA：使用前看标示，收藏这支，下次別用錯。",僅供外用。避免接觸眼睛、黏膜、破皮或傷口；特殊族群使用前請先諮詢專業人員。,2 歲以下、孕哺、過敏體質、抗凝血藥使用者請先詢問專業人員。,根治|治療疾病|消炎治本|打通經絡|一擦就好|保證有效|深層修復|替代藥物
Douyin_LINE055,LINE055,抖音,2026-07-01,12:00,成分透明是基本功,H,中,pending_legal_pharmacist_review,false,成分透明是基本功,"0-3秒 Hook：成分透明是基本功，你也遇過嗎？
3-12秒 情境：拍攝重視药证、成分、品質与合法性的消費者的日常動作，字幕点出「成分透明是基本功」。
12-25秒 知識：外用油膏应放在保守邊界：強調药证、标示、保守宣稱与人工审核流程。
25-36秒 安全：所有广告文案仍須依主管機关与專業人員审核。
36-45秒 CTA：使用前看标示，收藏这支，下次別用錯。",成分透明是基本功的重点是依标示使用，不誇大、不神化。本产品为外用油膏，请依核准标示使用；若症狀持續或惡化，请咨询医师或药师。,#藥證可查 #品牌透明 #合法宣傳 #成分透明,"0-3秒 Hook：成分透明是基本功，你也遇過嗎？
3-12秒 情境：拍攝重視药证、成分、品質与合法性的消費者的日常動作，字幕点出「成分透明是基本功」。
12-25秒 知識：外用油膏应放在保守邊界：強調药证、标示、保守宣稱与人工审核流程。
25-36秒 安全：所有广告文案仍須依主管機关与專業人員审核。
36-45秒 CTA：使用前看标示，收藏这支，下次別用錯。",本產品為外用油膏，請依核准標示使用；若症狀持續或惡化，請諮詢醫師或藥師。,所有廣告文案仍須依主管機關與專業人員審核。,根治|治療疾病|消炎治本|打通經絡|一擦就好|保證有效|深層修復|替代藥物
Douyin_LINE056,LINE056,抖音,2026-07-01,20:00,一條根可以天天厚敷嗎,G,低,pending_legal_pharmacist_review,false,一條根可以天天厚敷嗎,"0-3秒 Hook：一條根可以天天厚敷嗎，你也遇過嗎？
3-12秒 情境：拍攝LINE OA 好友、回購客与新客的日常動作，字幕点出「一條根可以天天厚敷嗎」。
12-25秒 知識：外用油膏应放在保守邊界：用問答降低誤用，讓使用者知道何时該询問專業人員。
25-36秒 安全：互動回答不取代医师或药师建議。
36-45秒 CTA：使用前看标示，收藏这支，下次別用錯。",一條根可以天天厚敷嗎的重点是依标示使用，不誇大、不神化。本内容为一般生活保健資讯，非医疗診斷或治疗建議。,#互動問答 #保養知識 #使用小提醒 #金牌一條根,"0-3秒 Hook：一條根可以天天厚敷嗎，你也遇過嗎？
3-12秒 情境：拍攝LINE OA 好友、回購客与新客的日常動作，字幕点出「一條根可以天天厚敷嗎」。
12-25秒 知識：外用油膏应放在保守邊界：用問答降低誤用，讓使用者知道何时該询問專業人員。
25-36秒 安全：互動回答不取代医师或药师建議。
36-45秒 CTA：使用前看标示，收藏这支，下次別用錯。",本內容為一般生活保健資訊，非醫療診斷或治療建議。,互動回答不取代醫師或藥師建議。,根治|治療疾病|消炎治本|打通經絡|一擦就好|保證有效|深層修復|替代藥物
Douyin_LINE057,LINE057,抖音,2026-07-02,12:00,運動後不要立刻熱敷加藥膏,C,中,pending_legal_pharmacist_review,false,運動后不要立刻熱敷加药膏,"0-3秒 Hook：運動后不要立刻熱敷加药膏，你也遇過嗎？
3-12秒 情境：拍攝運動族、搬重物、久站与勞動工作者的日常動作，字幕点出「運動后不要立刻熱敷加药膏」。
12-25秒 知識：外用油膏应放在保守邊界：運動或勞動后的局部肌肉酸痛，可短期按摩舒缓。
25-36秒 安全：明顯腫脹、劇痛、活動受限或疑似受傷时，请先就医。
36-45秒 CTA：使用前看标示，收藏这支，下次別用錯。",運動后不要立刻熱敷加药膏的重点是依标示使用，不誇大、不神化。本产品为外用油膏，请依核准标示使用；若症狀持續或惡化，请咨询医师或药师。,#運動後保養 #局部按摩 #肌肉痠痛 #依標示使用,"0-3秒 Hook：運動后不要立刻熱敷加药膏，你也遇過嗎？
3-12秒 情境：拍攝運動族、搬重物、久站与勞動工作者的日常動作，字幕点出「運動后不要立刻熱敷加药膏」。
12-25秒 知識：外用油膏应放在保守邊界：運動或勞動后的局部肌肉酸痛，可短期按摩舒缓。
25-36秒 安全：明顯腫脹、劇痛、活動受限或疑似受傷时，请先就医。
36-45秒 CTA：使用前看标示，收藏这支，下次別用錯。",本產品為外用油膏，請依核准標示使用；若症狀持續或惡化，請諮詢醫師或藥師。,明顯腫脹、劇痛、活動受限或疑似受傷時，請先就醫。,根治|治療疾病|消炎治本|打通經絡|一擦就好|保證有效|深層修復|替代藥物
Douyin_LINE058,LINE058,抖音,2026-07-02,20:00,使用前先小範圍測試,A,中,pending_legal_pharmacist_review,false,使用前先小範圍測試,"0-3秒 Hook：使用前先小範圍測試，你也遇過嗎？
3-12秒 情境：拍攝已購買或正在觀望的一條根使用者的日常動作，字幕点出「使用前先小範圍測試」。
12-25秒 知識：外用油膏应放在保守邊界：依标示外用，提供局部按摩与暂时舒缓体感。
25-36秒 安全：僅供外用；避免眼周、黏膜、破皮或傷口。
36-45秒 CTA：使用前看标示，收藏这支，下次別用錯。",使用前先小範圍測試的重点是依标示使用，不誇大、不神化。本产品为外用油膏，请依核准标示使用；若症狀持續或惡化，请咨询医师或药师。,#金牌一條根 #外用油膏 #成分透明 #依標示使用,"0-3秒 Hook：使用前先小範圍測試，你也遇過嗎？
3-12秒 情境：拍攝已購買或正在觀望的一條根使用者的日常動作，字幕点出「使用前先小範圍測試」。
12-25秒 知識：外用油膏应放在保守邊界：依标示外用，提供局部按摩与暂时舒缓体感。
25-36秒 安全：僅供外用；避免眼周、黏膜、破皮或傷口。
36-45秒 CTA：使用前看标示，收藏这支，下次別用錯。",本產品為外用油膏，請依核准標示使用；若症狀持續或惡化，請諮詢醫師或藥師。,僅供外用；避免眼周、黏膜、破皮或傷口。,根治|治療疾病|消炎治本|打通經絡|一擦就好|保證有效|深層修復|替代藥物
Douyin_LINE059,LINE059,抖音,2026-07-03,12:00,長輩使用前先看標示,D,中,pending_legal_pharmacist_review,false,长輩使用前先看标示,"0-3秒 Hook：长輩使用前先看标示，你也遇過嗎？
3-12秒 情境：拍攝40-70 歲注重日常活動舒适度的族群的日常動作，字幕点出「长輩使用前先看标示」。
12-25秒 知識：外用油膏应放在保守邊界：轻微关节酸痛可短期舒缓，但不可宣稱治疗疾病。
25-36秒 安全：关节腫痛、紅熱、长期疼痛或行走困難，请就医評估。
36-45秒 CTA：使用前看标示，收藏这支，下次別用錯。",长輩使用前先看标示的重点是依标示使用，不誇大、不神化。本产品为外用油膏，请依核准标示使用；若症狀持續或惡化，请咨询医师或药师。,#銀髮保養 #活動舒適 #輕微痠痛 #依標示使用,"0-3秒 Hook：长輩使用前先看标示，你也遇過嗎？
3-12秒 情境：拍攝40-70 歲注重日常活動舒适度的族群的日常動作，字幕点出「长輩使用前先看标示」。
12-25秒 知識：外用油膏应放在保守邊界：轻微关节酸痛可短期舒缓，但不可宣稱治疗疾病。
25-36秒 安全：关节腫痛、紅熱、长期疼痛或行走困難，请就医評估。
36-45秒 CTA：使用前看标示，收藏这支，下次別用錯。",本產品為外用油膏，請依核准標示使用；若症狀持續或惡化，請諮詢醫師或藥師。,關節腫痛、紅熱、長期疼痛或行走困難，請就醫評估。,根治|治療疾病|消炎治本|打通經絡|一擦就好|保證有效|深層修復|替代藥物
Douyin_LINE060,LINE060,抖音,2026-07-03,20:00,皮膚刺激時要停止使用,E,高,pending_legal_pharmacist_review,false,皮膚刺激时要停止使用,"0-3秒 Hook：皮膚刺激时要停止使用，你也遇過嗎？
3-12秒 情境：拍攝所有使用者、照護者与家庭購買者的日常動作，字幕点出「皮膚刺激时要停止使用」。
12-25秒 知識：外用油膏应放在保守邊界：安全使用比用得多更重要，依标示与風險族群提醒。
25-36秒 安全：2 歲以下、孕哺、過敏体質、抗凝血药使用者请先询問專業人員。
36-45秒 CTA：使用前看标示，收藏这支，下次別用錯。",皮膚刺激时要停止使用的重点是依标示使用，不誇大、不神化。僅供外用。避免接触眼睛、黏膜、破皮或傷口；特殊族群使用前请先咨询專業人員。,#外用安全 #用藥安全 #使用前看標示 #諮詢醫師藥師,"0-3秒 Hook：皮膚刺激时要停止使用，你也遇過嗎？
3-12秒 情境：拍攝所有使用者、照護者与家庭購買者的日常動作，字幕点出「皮膚刺激时要停止使用」。
12-25秒 知識：外用油膏应放在保守邊界：安全使用比用得多更重要，依标示与風險族群提醒。
25-36秒 安全：2 歲以下、孕哺、過敏体質、抗凝血药使用者请先询問專業人員。
36-45秒 CTA：使用前看标示，收藏这支，下次別用錯。",僅供外用。避免接觸眼睛、黏膜、破皮或傷口；特殊族群使用前請先諮詢專業人員。,2 歲以下、孕哺、過敏體質、抗凝血藥使用者請先詢問專業人員。,根治|治療疾病|消炎治本|打通經絡|一擦就好|保證有效|深層修復|替代藥物
Douyin_LINE061,LINE061,抖音,2026-07-04,12:00,寒露後肩背保養,F,低,pending_legal_pharmacist_review,false,寒露后肩背保養,"0-3秒 Hook：寒露后肩背保養，你也遇過嗎？
3-12秒 情境：拍攝喜歡養生、节氣与日常保健的 LINE 讀者的日常動作，字幕点出「寒露后肩背保養」。
12-25秒 知識：外用油膏应放在保守邊界：以生活保健与身体觉察为主，不做医疗疗效宣稱。
25-36秒 安全：节氣養生屬一般生活資讯，身体不适仍应咨询專業人員。
36-45秒 CTA：使用前看标示，收藏这支，下次別用錯。",寒露后肩背保養的重点是依标示使用，不誇大、不神化。本内容为一般生活保健資讯，非医疗診斷或治疗建議。,#節氣保養 #生活保健 #日常保養 #身體覺察,"0-3秒 Hook：寒露后肩背保養，你也遇過嗎？
3-12秒 情境：拍攝喜歡養生、节氣与日常保健的 LINE 讀者的日常動作，字幕点出「寒露后肩背保養」。
12-25秒 知識：外用油膏应放在保守邊界：以生活保健与身体觉察为主，不做医疗疗效宣稱。
25-36秒 安全：节氣養生屬一般生活資讯，身体不适仍应咨询專業人員。
36-45秒 CTA：使用前看标示，收藏这支，下次別用錯。",本內容為一般生活保健資訊，非醫療診斷或治療建議。,節氣養生屬一般生活資訊，身體不適仍應諮詢專業人員。,根治|治療疾病|消炎治本|打通經絡|一擦就好|保證有效|深層修復|替代藥物
Douyin_LINE062,LINE062,抖音,2026-07-04,20:00,輕微拉扯後的觀察重點,C,中,pending_legal_pharmacist_review,false,轻微拉扯后的觀察重点,"0-3秒 Hook：轻微拉扯后的觀察重点，你也遇過嗎？
3-12秒 情境：拍攝運動族、搬重物、久站与勞動工作者的日常動作，字幕点出「轻微拉扯后的觀察重点」。
12-25秒 知識：外用油膏应放在保守邊界：運動或勞動后的局部肌肉酸痛，可短期按摩舒缓。
25-36秒 安全：明顯腫脹、劇痛、活動受限或疑似受傷时，请先就医。
36-45秒 CTA：使用前看标示，收藏这支，下次別用錯。",轻微拉扯后的觀察重点的重点是依标示使用，不誇大、不神化。本产品为外用油膏，请依核准标示使用；若症狀持續或惡化，请咨询医师或药师。,#運動後保養 #局部按摩 #肌肉痠痛 #依標示使用,"0-3秒 Hook：轻微拉扯后的觀察重点，你也遇過嗎？
3-12秒 情境：拍攝運動族、搬重物、久站与勞動工作者的日常動作，字幕点出「轻微拉扯后的觀察重点」。
12-25秒 知識：外用油膏应放在保守邊界：運動或勞動后的局部肌肉酸痛，可短期按摩舒缓。
25-36秒 安全：明顯腫脹、劇痛、活動受限或疑似受傷时，请先就医。
36-45秒 CTA：使用前看标示，收藏这支，下次別用錯。",本產品為外用油膏，請依核准標示使用；若症狀持續或惡化，請諮詢醫師或藥師。,明顯腫脹、劇痛、活動受限或疑似受傷時，請先就醫。,根治|治療疾病|消炎治本|打通經絡|一擦就好|保證有效|深層修復|替代藥物
Douyin_LINE063,LINE063,抖音,2026-07-05,12:00,擦完可以馬上熱敷嗎,G,低,pending_legal_pharmacist_review,false,擦完可以馬上熱敷嗎,"0-3秒 Hook：擦完可以馬上熱敷嗎，你也遇過嗎？
3-12秒 情境：拍攝LINE OA 好友、回購客与新客的日常動作，字幕点出「擦完可以馬上熱敷嗎」。
12-25秒 知識：外用油膏应放在保守邊界：用問答降低誤用，讓使用者知道何时該询問專業人員。
25-36秒 安全：互動回答不取代医师或药师建議。
36-45秒 CTA：使用前看标示，收藏这支，下次別用錯。",擦完可以馬上熱敷嗎的重点是依标示使用，不誇大、不神化。本内容为一般生活保健資讯，非医疗診斷或治疗建議。,#互動問答 #保養知識 #使用小提醒 #金牌一條根,"0-3秒 Hook：擦完可以馬上熱敷嗎，你也遇過嗎？
3-12秒 情境：拍攝LINE OA 好友、回購客与新客的日常動作，字幕点出「擦完可以馬上熱敷嗎」。
12-25秒 知識：外用油膏应放在保守邊界：用問答降低誤用，讓使用者知道何时該询問專業人員。
25-36秒 安全：互動回答不取代医师或药师建議。
36-45秒 CTA：使用前看标示，收藏这支，下次別用錯。",本內容為一般生活保健資訊，非醫療診斷或治療建議。,互動回答不取代醫師或藥師建議。,根治|治療疾病|消炎治本|打通經絡|一擦就好|保證有效|深層修復|替代藥物
Douyin_LINE064,LINE064,抖音,2026-07-05,20:00,別把長期疼痛只當小問題,D,中,pending_legal_pharmacist_review,false,別把长期疼痛只當小問題,"0-3秒 Hook：別把长期疼痛只當小問題，你也遇過嗎？
3-12秒 情境：拍攝40-70 歲注重日常活動舒适度的族群的日常動作，字幕点出「別把长期疼痛只當小問題」。
12-25秒 知識：外用油膏应放在保守邊界：轻微关节酸痛可短期舒缓，但不可宣稱治疗疾病。
25-36秒 安全：关节腫痛、紅熱、长期疼痛或行走困難，请就医評估。
36-45秒 CTA：使用前看标示，收藏这支，下次別用錯。",別把长期疼痛只當小問題的重点是依标示使用，不誇大、不神化。本产品为外用油膏，请依核准标示使用；若症狀持續或惡化，请咨询医师或药师。,#銀髮保養 #活動舒適 #輕微痠痛 #依標示使用,"0-3秒 Hook：別把长期疼痛只當小問題，你也遇過嗎？
3-12秒 情境：拍攝40-70 歲注重日常活動舒适度的族群的日常動作，字幕点出「別把长期疼痛只當小問題」。
12-25秒 知識：外用油膏应放在保守邊界：轻微关节酸痛可短期舒缓，但不可宣稱治疗疾病。
25-36秒 安全：关节腫痛、紅熱、长期疼痛或行走困難，请就医評估。
36-45秒 CTA：使用前看标示，收藏这支，下次別用錯。",本產品為外用油膏，請依核准標示使用；若症狀持續或惡化，請諮詢醫師或藥師。,關節腫痛、紅熱、長期疼痛或行走困難，請就醫評估。,根治|治療疾病|消炎治本|打通經絡|一擦就好|保證有效|深層修復|替代藥物
Douyin_LINE065,LINE065,抖音,2026-07-06,12:00,滑手機後頸部保養,B,低,pending_legal_pharmacist_review,false,滑手機后颈部保養,"0-3秒 Hook：滑手機后颈部保養，你也遇過嗎？
3-12秒 情境：拍攝长时間低頭、久坐、用電腦的上班族的日常動作，字幕点出「滑手機后颈部保養」。
12-25秒 知識：外用油膏应放在保守邊界：久坐低頭后，可搭配伸展与局部按摩舒缓緊繃不适。
25-36秒 安全：若酸痛持續、麻木或影響活動，请咨询医师或药师。
36-45秒 CTA：使用前看标示，收藏这支，下次別用錯。",滑手機后颈部保養的重点是依标示使用，不誇大、不神化。本内容为一般生活保健資讯，非医疗診斷或治疗建議。,#肩頸保養 #久坐族 #日常舒緩 #依標示使用,"0-3秒 Hook：滑手機后颈部保養，你也遇過嗎？
3-12秒 情境：拍攝长时間低頭、久坐、用電腦的上班族的日常動作，字幕点出「滑手機后颈部保養」。
12-25秒 知識：外用油膏应放在保守邊界：久坐低頭后，可搭配伸展与局部按摩舒缓緊繃不适。
25-36秒 安全：若酸痛持續、麻木或影響活動，请咨询医师或药师。
36-45秒 CTA：使用前看标示，收藏这支，下次別用錯。",本內容為一般生活保健資訊，非醫療診斷或治療建議。,若痠痛持續、麻木或影響活動，請諮詢醫師或藥師。,根治|治療疾病|消炎治本|打通經絡|一擦就好|保證有效|深層修復|替代藥物
Douyin_LINE066,LINE066,抖音,2026-07-06,20:00,產品不是神藥，定位要講清楚,A,中,pending_legal_pharmacist_review,false,产品不是神药，定位要講清楚,"0-3秒 Hook：产品不是神药，定位要講清楚，你也遇過嗎？
3-12秒 情境：拍攝已購買或正在觀望的一條根使用者的日常動作，字幕点出「产品不是神药，定位要講清楚」。
12-25秒 知識：外用油膏应放在保守邊界：依标示外用，提供局部按摩与暂时舒缓体感。
25-36秒 安全：僅供外用；避免眼周、黏膜、破皮或傷口。
36-45秒 CTA：使用前看标示，收藏这支，下次別用錯。",产品不是神药，定位要講清楚的重点是依标示使用，不誇大、不神化。本产品为外用油膏，请依核准标示使用；若症狀持續或惡化，请咨询医师或药师。,#金牌一條根 #外用油膏 #成分透明 #依標示使用,"0-3秒 Hook：产品不是神药，定位要講清楚，你也遇過嗎？
3-12秒 情境：拍攝已購買或正在觀望的一條根使用者的日常動作，字幕点出「产品不是神药，定位要講清楚」。
12-25秒 知識：外用油膏应放在保守邊界：依标示外用，提供局部按摩与暂时舒缓体感。
25-36秒 安全：僅供外用；避免眼周、黏膜、破皮或傷口。
36-45秒 CTA：使用前看标示，收藏这支，下次別用錯。",本產品為外用油膏，請依核准標示使用；若症狀持續或惡化，請諮詢醫師或藥師。,僅供外用；避免眼周、黏膜、破皮或傷口。,根治|治療疾病|消炎治本|打通經絡|一擦就好|保證有效|深層修復|替代藥物
Douyin_LINE067,LINE067,抖音,2026-07-07,12:00,立冬前後的日常舒緩儀式,F,低,pending_legal_pharmacist_review,false,立冬前后的日常舒缓儀式,"0-3秒 Hook：立冬前后的日常舒缓儀式，你也遇過嗎？
3-12秒 情境：拍攝喜歡養生、节氣与日常保健的 LINE 讀者的日常動作，字幕点出「立冬前后的日常舒缓儀式」。
12-25秒 知識：外用油膏应放在保守邊界：以生活保健与身体觉察为主，不做医疗疗效宣稱。
25-36秒 安全：节氣養生屬一般生活資讯，身体不适仍应咨询專業人員。
36-45秒 CTA：使用前看标示，收藏这支，下次別用錯。",立冬前后的日常舒缓儀式的重点是依标示使用，不誇大、不神化。本内容为一般生活保健資讯，非医疗診斷或治疗建議。,#節氣保養 #生活保健 #日常保養 #身體覺察,"0-3秒 Hook：立冬前后的日常舒缓儀式，你也遇過嗎？
3-12秒 情境：拍攝喜歡養生、节氣与日常保健的 LINE 讀者的日常動作，字幕点出「立冬前后的日常舒缓儀式」。
12-25秒 知識：外用油膏应放在保守邊界：以生活保健与身体觉察为主，不做医疗疗效宣稱。
25-36秒 安全：节氣養生屬一般生活資讯，身体不适仍应咨询專業人員。
36-45秒 CTA：使用前看标示，收藏这支，下次別用錯。",本內容為一般生活保健資訊，非醫療診斷或治療建議。,節氣養生屬一般生活資訊，身體不適仍應諮詢專業人員。,根治|治療疾病|消炎治本|打通經絡|一擦就好|保證有效|深層修復|替代藥物
Douyin_LINE068,LINE068,抖音,2026-07-07,20:00,深層症狀不適合自行處理,E,高,pending_legal_pharmacist_review,false,深層症狀不适合自行處理,"0-3秒 Hook：深層症狀不适合自行處理，你也遇過嗎？
3-12秒 情境：拍攝所有使用者、照護者与家庭購買者的日常動作，字幕点出「深層症狀不适合自行處理」。
12-25秒 知識：外用油膏应放在保守邊界：安全使用比用得多更重要，依标示与風險族群提醒。
25-36秒 安全：2 歲以下、孕哺、過敏体質、抗凝血药使用者请先询問專業人員。
36-45秒 CTA：使用前看标示，收藏这支，下次別用錯。",深層症狀不适合自行處理的重点是依标示使用，不誇大、不神化。僅供外用。避免接触眼睛、黏膜、破皮或傷口；特殊族群使用前请先咨询專業人員。,#外用安全 #用藥安全 #使用前看標示 #諮詢醫師藥師,"0-3秒 Hook：深層症狀不适合自行處理，你也遇過嗎？
3-12秒 情境：拍攝所有使用者、照護者与家庭購買者的日常動作，字幕点出「深層症狀不适合自行處理」。
12-25秒 知識：外用油膏应放在保守邊界：安全使用比用得多更重要，依标示与風險族群提醒。
25-36秒 安全：2 歲以下、孕哺、過敏体質、抗凝血药使用者请先询問專業人員。
36-45秒 CTA：使用前看标示，收藏这支，下次別用錯。",僅供外用。避免接觸眼睛、黏膜、破皮或傷口；特殊族群使用前請先諮詢專業人員。,2 歲以下、孕哺、過敏體質、抗凝血藥使用者請先詢問專業人員。,根治|治療疾病|消炎治本|打通經絡|一擦就好|保證有效|深層修復|替代藥物
Douyin_LINE069,LINE069,抖音,2026-07-08,12:00,每篇貼文都要人工審核,H,中,pending_legal_pharmacist_review,false,每篇貼文都要人工审核,"0-3秒 Hook：每篇貼文都要人工审核，你也遇過嗎？
3-12秒 情境：拍攝重視药证、成分、品質与合法性的消費者的日常動作，字幕点出「每篇貼文都要人工审核」。
12-25秒 知識：外用油膏应放在保守邊界：強調药证、标示、保守宣稱与人工审核流程。
25-36秒 安全：所有广告文案仍須依主管機关与專業人員审核。
36-45秒 CTA：使用前看标示，收藏这支，下次別用錯。",每篇貼文都要人工审核的重点是依标示使用，不誇大、不神化。本产品为外用油膏，请依核准标示使用；若症狀持續或惡化，请咨询医师或药师。,#藥證可查 #品牌透明 #合法宣傳 #成分透明,"0-3秒 Hook：每篇貼文都要人工审核，你也遇過嗎？
3-12秒 情境：拍攝重視药证、成分、品質与合法性的消費者的日常動作，字幕点出「每篇貼文都要人工审核」。
12-25秒 知識：外用油膏应放在保守邊界：強調药证、标示、保守宣稱与人工审核流程。
25-36秒 安全：所有广告文案仍須依主管機关与專業人員审核。
36-45秒 CTA：使用前看标示，收藏这支，下次別用錯。",本產品為外用油膏，請依核准標示使用；若症狀持續或惡化，請諮詢醫師或藥師。,所有廣告文案仍須依主管機關與專業人員審核。,根治|治療疾病|消炎治本|打通經絡|一擦就好|保證有效|深層修復|替代藥物
Douyin_LINE070,LINE070,抖音,2026-07-08,20:00,哪些情況應該先就醫,G,低,pending_legal_pharmacist_review,false,哪些情況应該先就医,"0-3秒 Hook：哪些情況应該先就医，你也遇過嗎？
3-12秒 情境：拍攝LINE OA 好友、回購客与新客的日常動作，字幕点出「哪些情況应該先就医」。
12-25秒 知識：外用油膏应放在保守邊界：用問答降低誤用，讓使用者知道何时該询問專業人員。
25-36秒 安全：互動回答不取代医师或药师建議。
36-45秒 CTA：使用前看标示，收藏这支，下次別用錯。",哪些情況应該先就医的重点是依标示使用，不誇大、不神化。本内容为一般生活保健資讯，非医疗診斷或治疗建議。,#互動問答 #保養知識 #使用小提醒 #金牌一條根,"0-3秒 Hook：哪些情況应該先就医，你也遇過嗎？
3-12秒 情境：拍攝LINE OA 好友、回購客与新客的日常動作，字幕点出「哪些情況应該先就医」。
12-25秒 知識：外用油膏应放在保守邊界：用問答降低誤用，讓使用者知道何时該询問專業人員。
25-36秒 安全：互動回答不取代医师或药师建議。
36-45秒 CTA：使用前看标示，收藏这支，下次別用錯。",本內容為一般生活保健資訊，非醫療診斷或治療建議。,互動回答不取代醫師或藥師建議。,根治|治療疾病|消炎治本|打通經絡|一擦就好|保證有效|深層修復|替代藥物
Douyin_LINE071,LINE071,抖音,2026-07-09,12:00,運動後局部痠痛的保守處理,C,中,pending_legal_pharmacist_review,false,運動后局部酸痛的保守處理,"0-3秒 Hook：運動后局部酸痛的保守處理，你也遇過嗎？
3-12秒 情境：拍攝運動族、搬重物、久站与勞動工作者的日常動作，字幕点出「運動后局部酸痛的保守處理」。
12-25秒 知識：外用油膏应放在保守邊界：運動或勞動后的局部肌肉酸痛，可短期按摩舒缓。
25-36秒 安全：明顯腫脹、劇痛、活動受限或疑似受傷时，请先就医。
36-45秒 CTA：使用前看标示，收藏这支，下次別用錯。",運動后局部酸痛的保守處理的重点是依标示使用，不誇大、不神化。本产品为外用油膏，请依核准标示使用；若症狀持續或惡化，请咨询医师或药师。,#運動後保養 #局部按摩 #肌肉痠痛 #依標示使用,"0-3秒 Hook：運動后局部酸痛的保守處理，你也遇過嗎？
3-12秒 情境：拍攝運動族、搬重物、久站与勞動工作者的日常動作，字幕点出「運動后局部酸痛的保守處理」。
12-25秒 知識：外用油膏应放在保守邊界：運動或勞動后的局部肌肉酸痛，可短期按摩舒缓。
25-36秒 安全：明顯腫脹、劇痛、活動受限或疑似受傷时，请先就医。
36-45秒 CTA：使用前看标示，收藏这支，下次別用錯。",本產品為外用油膏，請依核准標示使用；若症狀持續或惡化，請諮詢醫師或藥師。,明顯腫脹、劇痛、活動受限或疑似受傷時，請先就醫。,根治|治療疾病|消炎治本|打通經絡|一擦就好|保證有效|深層修復|替代藥物
Douyin_LINE072,LINE072,抖音,2026-07-09,20:00,冬青油與清涼舒緩體感,A,中,pending_legal_pharmacist_review,false,冬青油与清涼舒缓体感,"0-3秒 Hook：冬青油与清涼舒缓体感，你也遇過嗎？
3-12秒 情境：拍攝已購買或正在觀望的一條根使用者的日常動作，字幕点出「冬青油与清涼舒缓体感」。
12-25秒 知識：外用油膏应放在保守邊界：依标示外用，提供局部按摩与暂时舒缓体感。
25-36秒 安全：僅供外用；避免眼周、黏膜、破皮或傷口。
36-45秒 CTA：使用前看标示，收藏这支，下次別用錯。",冬青油与清涼舒缓体感的重点是依标示使用，不誇大、不神化。本产品为外用油膏，请依核准标示使用；若症狀持續或惡化，请咨询医师或药师。,#金牌一條根 #外用油膏 #成分透明 #依標示使用,"0-3秒 Hook：冬青油与清涼舒缓体感，你也遇過嗎？
3-12秒 情境：拍攝已購買或正在觀望的一條根使用者的日常動作，字幕点出「冬青油与清涼舒缓体感」。
12-25秒 知識：外用油膏应放在保守邊界：依标示外用，提供局部按摩与暂时舒缓体感。
25-36秒 安全：僅供外用；避免眼周、黏膜、破皮或傷口。
36-45秒 CTA：使用前看标示，收藏这支，下次別用錯。",本產品為外用油膏，請依核准標示使用；若症狀持續或惡化，請諮詢醫師或藥師。,僅供外用；避免眼周、黏膜、破皮或傷口。,根治|治療疾病|消炎治本|打通經絡|一擦就好|保證有效|深層修復|替代藥物
Douyin_LINE073,LINE073,抖音,2026-07-10,12:00,早晨活動前的關節暖身,D,中,pending_legal_pharmacist_review,false,早晨活動前的关节暖身,"0-3秒 Hook：早晨活動前的关节暖身，你也遇過嗎？
3-12秒 情境：拍攝40-70 歲注重日常活動舒适度的族群的日常動作，字幕点出「早晨活動前的关节暖身」。
12-25秒 知識：外用油膏应放在保守邊界：轻微关节酸痛可短期舒缓，但不可宣稱治疗疾病。
25-36秒 安全：关节腫痛、紅熱、长期疼痛或行走困難，请就医評估。
36-45秒 CTA：使用前看标示，收藏这支，下次別用錯。",早晨活動前的关节暖身的重点是依标示使用，不誇大、不神化。本产品为外用油膏，请依核准标示使用；若症狀持續或惡化，请咨询医师或药师。,#銀髮保養 #活動舒適 #輕微痠痛 #依標示使用,"0-3秒 Hook：早晨活動前的关节暖身，你也遇過嗎？
3-12秒 情境：拍攝40-70 歲注重日常活動舒适度的族群的日常動作，字幕点出「早晨活動前的关节暖身」。
12-25秒 知識：外用油膏应放在保守邊界：轻微关节酸痛可短期舒缓，但不可宣稱治疗疾病。
25-36秒 安全：关节腫痛、紅熱、长期疼痛或行走困難，请就医評估。
36-45秒 CTA：使用前看标示，收藏这支，下次別用錯。",本產品為外用油膏，請依核准標示使用；若症狀持續或惡化，請諮詢醫師或藥師。,關節腫痛、紅熱、長期疼痛或行走困難，請就醫評估。,根治|治療疾病|消炎治本|打通經絡|一擦就好|保證有效|深層修復|替代藥物
Douyin_LINE074,LINE074,抖音,2026-07-10,20:00,不能擦在破皮或傷口,E,高,pending_legal_pharmacist_review,false,不能擦在破皮或傷口,"0-3秒 Hook：不能擦在破皮或傷口，你也遇過嗎？
3-12秒 情境：拍攝所有使用者、照護者与家庭購買者的日常動作，字幕点出「不能擦在破皮或傷口」。
12-25秒 知識：外用油膏应放在保守邊界：安全使用比用得多更重要，依标示与風險族群提醒。
25-36秒 安全：2 歲以下、孕哺、過敏体質、抗凝血药使用者请先询問專業人員。
36-45秒 CTA：使用前看标示，收藏这支，下次別用錯。",不能擦在破皮或傷口的重点是依标示使用，不誇大、不神化。僅供外用。避免接触眼睛、黏膜、破皮或傷口；特殊族群使用前请先咨询專業人員。,#外用安全 #用藥安全 #使用前看標示 #諮詢醫師藥師,"0-3秒 Hook：不能擦在破皮或傷口，你也遇過嗎？
3-12秒 情境：拍攝所有使用者、照護者与家庭購買者的日常動作，字幕点出「不能擦在破皮或傷口」。
12-25秒 知識：外用油膏应放在保守邊界：安全使用比用得多更重要，依标示与風險族群提醒。
25-36秒 安全：2 歲以下、孕哺、過敏体質、抗凝血药使用者请先询問專業人員。
36-45秒 CTA：使用前看标示，收藏这支，下次別用錯。",僅供外用。避免接觸眼睛、黏膜、破皮或傷口；特殊族群使用前請先諮詢專業人員。,2 歲以下、孕哺、過敏體質、抗凝血藥使用者請先詢問專業人員。,根治|治療疾病|消炎治本|打通經絡|一擦就好|保證有效|深層修復|替代藥物
Douyin_LINE075,LINE075,抖音,2026-07-11,12:00,芒種後濕熱生活保養,F,低,pending_legal_pharmacist_review,false,芒种后濕熱生活保養,"0-3秒 Hook：芒种后濕熱生活保養，你也遇過嗎？
3-12秒 情境：拍攝喜歡養生、节氣与日常保健的 LINE 讀者的日常動作，字幕点出「芒种后濕熱生活保養」。
12-25秒 知識：外用油膏应放在保守邊界：以生活保健与身体觉察为主，不做医疗疗效宣稱。
25-36秒 安全：节氣養生屬一般生活資讯，身体不适仍应咨询專業人員。
36-45秒 CTA：使用前看标示，收藏这支，下次別用錯。",芒种后濕熱生活保養的重点是依标示使用，不誇大、不神化。本内容为一般生活保健資讯，非医疗診斷或治疗建議。,#節氣保養 #生活保健 #日常保養 #身體覺察,"0-3秒 Hook：芒种后濕熱生活保養，你也遇過嗎？
3-12秒 情境：拍攝喜歡養生、节氣与日常保健的 LINE 讀者的日常動作，字幕点出「芒种后濕熱生活保養」。
12-25秒 知識：外用油膏应放在保守邊界：以生活保健与身体觉察为主，不做医疗疗效宣稱。
25-36秒 安全：节氣養生屬一般生活資讯，身体不适仍应咨询專業人員。
36-45秒 CTA：使用前看标示，收藏这支，下次別用錯。",本內容為一般生活保健資訊，非醫療診斷或治療建議。,節氣養生屬一般生活資訊，身體不適仍應諮詢專業人員。,根治|治療疾病|消炎治本|打通經絡|一擦就好|保證有效|深層修復|替代藥物
Douyin_LINE076,LINE076,抖音,2026-07-11,20:00,久站後小腿不適舒緩,C,中,pending_legal_pharmacist_review,false,久站后小腿不适舒缓,"0-3秒 Hook：久站后小腿不适舒缓，你也遇過嗎？
3-12秒 情境：拍攝運動族、搬重物、久站与勞動工作者的日常動作，字幕点出「久站后小腿不适舒缓」。
12-25秒 知識：外用油膏应放在保守邊界：運動或勞動后的局部肌肉酸痛，可短期按摩舒缓。
25-36秒 安全：明顯腫脹、劇痛、活動受限或疑似受傷时，请先就医。
36-45秒 CTA：使用前看标示，收藏这支，下次別用錯。",久站后小腿不适舒缓的重点是依标示使用，不誇大、不神化。本产品为外用油膏，请依核准标示使用；若症狀持續或惡化，请咨询医师或药师。,#運動後保養 #局部按摩 #肌肉痠痛 #依標示使用,"0-3秒 Hook：久站后小腿不适舒缓，你也遇過嗎？
3-12秒 情境：拍攝運動族、搬重物、久站与勞動工作者的日常動作，字幕点出「久站后小腿不适舒缓」。
12-25秒 知識：外用油膏应放在保守邊界：運動或勞動后的局部肌肉酸痛，可短期按摩舒缓。
25-36秒 安全：明顯腫脹、劇痛、活動受限或疑似受傷时，请先就医。
36-45秒 CTA：使用前看标示，收藏这支，下次別用錯。",本產品為外用油膏，請依核准標示使用；若症狀持續或惡化，請諮詢醫師或藥師。,明顯腫脹、劇痛、活動受限或疑似受傷時，請先就醫。,根治|治療疾病|消炎治本|打通經絡|一擦就好|保證有效|深層修復|替代藥物
Douyin_LINE077,LINE077,抖音,2026-07-12,12:00,你最常哪個部位緊繃,G,低,pending_legal_pharmacist_review,false,你最常哪個部位緊繃,"0-3秒 Hook：你最常哪個部位緊繃，你也遇過嗎？
3-12秒 情境：拍攝LINE OA 好友、回購客与新客的日常動作，字幕点出「你最常哪個部位緊繃」。
12-25秒 知識：外用油膏应放在保守邊界：用問答降低誤用，讓使用者知道何时該询問專業人員。
25-36秒 安全：互動回答不取代医师或药师建議。
36-45秒 CTA：使用前看标示，收藏这支，下次別用錯。",你最常哪個部位緊繃的重点是依标示使用，不誇大、不神化。本内容为一般生活保健資讯，非医疗診斷或治疗建議。,#互動問答 #保養知識 #使用小提醒 #金牌一條根,"0-3秒 Hook：你最常哪個部位緊繃，你也遇過嗎？
3-12秒 情境：拍攝LINE OA 好友、回購客与新客的日常動作，字幕点出「你最常哪個部位緊繃」。
12-25秒 知識：外用油膏应放在保守邊界：用問答降低誤用，讓使用者知道何时該询問專業人員。
25-36秒 安全：互動回答不取代医师或药师建議。
36-45秒 CTA：使用前看标示，收藏这支，下次別用錯。",本內容為一般生活保健資訊，非醫療診斷或治療建議。,互動回答不取代醫師或藥師建議。,根治|治療疾病|消炎治本|打通經絡|一擦就好|保證有效|深層修復|替代藥物
Douyin_LINE078,LINE078,抖音,2026-07-12,20:00,長輩外用膏使用安全,D,中,pending_legal_pharmacist_review,false,长輩外用膏使用安全,"0-3秒 Hook：长輩外用膏使用安全，你也遇過嗎？
3-12秒 情境：拍攝40-70 歲注重日常活動舒适度的族群的日常動作，字幕点出「长輩外用膏使用安全」。
12-25秒 知識：外用油膏应放在保守邊界：轻微关节酸痛可短期舒缓，但不可宣稱治疗疾病。
25-36秒 安全：关节腫痛、紅熱、长期疼痛或行走困難，请就医評估。
36-45秒 CTA：使用前看标示，收藏这支，下次別用錯。",长輩外用膏使用安全的重点是依标示使用，不誇大、不神化。本产品为外用油膏，请依核准标示使用；若症狀持續或惡化，请咨询医师或药师。,#銀髮保養 #活動舒適 #輕微痠痛 #依標示使用,"0-3秒 Hook：长輩外用膏使用安全，你也遇過嗎？
3-12秒 情境：拍攝40-70 歲注重日常活動舒适度的族群的日常動作，字幕点出「长輩外用膏使用安全」。
12-25秒 知識：外用油膏应放在保守邊界：轻微关节酸痛可短期舒缓，但不可宣稱治疗疾病。
25-36秒 安全：关节腫痛、紅熱、长期疼痛或行走困難，请就医評估。
36-45秒 CTA：使用前看标示，收藏这支，下次別用錯。",本產品為外用油膏，請依核准標示使用；若症狀持續或惡化，請諮詢醫師或藥師。,關節腫痛、紅熱、長期疼痛或行走困難，請就醫評估。,根治|治療疾病|消炎治本|打通經絡|一擦就好|保證有效|深層修復|替代藥物
Douyin_LINE079,LINE079,抖音,2026-07-13,12:00,辦公桌前的姿勢檢查,B,低,pending_legal_pharmacist_review,false,辦公桌前的姿勢檢查,"0-3秒 Hook：辦公桌前的姿勢檢查，你也遇過嗎？
3-12秒 情境：拍攝长时間低頭、久坐、用電腦的上班族的日常動作，字幕点出「辦公桌前的姿勢檢查」。
12-25秒 知識：外用油膏应放在保守邊界：久坐低頭后，可搭配伸展与局部按摩舒缓緊繃不适。
25-36秒 安全：若酸痛持續、麻木或影響活動，请咨询医师或药师。
36-45秒 CTA：使用前看标示，收藏这支，下次別用錯。",辦公桌前的姿勢檢查的重点是依标示使用，不誇大、不神化。本内容为一般生活保健資讯，非医疗診斷或治疗建議。,#肩頸保養 #久坐族 #日常舒緩 #依標示使用,"0-3秒 Hook：辦公桌前的姿勢檢查，你也遇過嗎？
3-12秒 情境：拍攝长时間低頭、久坐、用電腦的上班族的日常動作，字幕点出「辦公桌前的姿勢檢查」。
12-25秒 知識：外用油膏应放在保守邊界：久坐低頭后，可搭配伸展与局部按摩舒缓緊繃不适。
25-36秒 安全：若酸痛持續、麻木或影響活動，请咨询医师或药师。
36-45秒 CTA：使用前看标示，收藏这支，下次別用錯。",本內容為一般生活保健資訊，非醫療診斷或治療建議。,若痠痛持續、麻木或影響活動，請諮詢醫師或藥師。,根治|治療疾病|消炎治本|打通經絡|一擦就好|保證有效|深層修復|替代藥物
Douyin_LINE080,LINE080,抖音,2026-07-13,20:00,薄荷腦帶來的涼感來源,A,中,pending_legal_pharmacist_review,false,薄荷腦帶來的涼感來源,"0-3秒 Hook：薄荷腦帶來的涼感來源，你也遇過嗎？
3-12秒 情境：拍攝已購買或正在觀望的一條根使用者的日常動作，字幕点出「薄荷腦帶來的涼感來源」。
12-25秒 知識：外用油膏应放在保守邊界：依标示外用，提供局部按摩与暂时舒缓体感。
25-36秒 安全：僅供外用；避免眼周、黏膜、破皮或傷口。
36-45秒 CTA：使用前看标示，收藏这支，下次別用錯。",薄荷腦帶來的涼感來源的重点是依标示使用，不誇大、不神化。本产品为外用油膏，请依核准标示使用；若症狀持續或惡化，请咨询医师或药师。,#金牌一條根 #外用油膏 #成分透明 #依標示使用,"0-3秒 Hook：薄荷腦帶來的涼感來源，你也遇過嗎？
3-12秒 情境：拍攝已購買或正在觀望的一條根使用者的日常動作，字幕点出「薄荷腦帶來的涼感來源」。
12-25秒 知識：外用油膏应放在保守邊界：依标示外用，提供局部按摩与暂时舒缓体感。
25-36秒 安全：僅供外用；避免眼周、黏膜、破皮或傷口。
36-45秒 CTA：使用前看标示，收藏这支，下次別用錯。",本產品為外用油膏，請依核准標示使用；若症狀持續或惡化，請諮詢醫師或藥師。,僅供外用；避免眼周、黏膜、破皮或傷口。,根治|治療疾病|消炎治本|打通經絡|一擦就好|保證有效|深層修復|替代藥物
Douyin_LINE081,LINE081,抖音,2026-07-14,12:00,夏季冷氣房的肩頸保養,F,低,pending_legal_pharmacist_review,false,夏季冷氣房的肩颈保養,"0-3秒 Hook：夏季冷氣房的肩颈保養，你也遇過嗎？
3-12秒 情境：拍攝喜歡養生、节氣与日常保健的 LINE 讀者的日常動作，字幕点出「夏季冷氣房的肩颈保養」。
12-25秒 知識：外用油膏应放在保守邊界：以生活保健与身体觉察为主，不做医疗疗效宣稱。
25-36秒 安全：节氣養生屬一般生活資讯，身体不适仍应咨询專業人員。
36-45秒 CTA：使用前看标示，收藏这支，下次別用錯。",夏季冷氣房的肩颈保養的重点是依标示使用，不誇大、不神化。本内容为一般生活保健資讯，非医疗診斷或治疗建議。,#節氣保養 #生活保健 #日常保養 #身體覺察,"0-3秒 Hook：夏季冷氣房的肩颈保養，你也遇過嗎？
3-12秒 情境：拍攝喜歡養生、节氣与日常保健的 LINE 讀者的日常動作，字幕点出「夏季冷氣房的肩颈保養」。
12-25秒 知識：外用油膏应放在保守邊界：以生活保健与身体觉察为主，不做医疗疗效宣稱。
25-36秒 安全：节氣養生屬一般生活資讯，身体不适仍应咨询專業人員。
36-45秒 CTA：使用前看标示，收藏这支，下次別用錯。",本內容為一般生活保健資訊，非醫療診斷或治療建議。,節氣養生屬一般生活資訊，身體不適仍應諮詢專業人員。,根治|治療疾病|消炎治本|打通經絡|一擦就好|保證有效|深層修復|替代藥物
Douyin_LINE082,LINE082,抖音,2026-07-14,20:00,外用膏避免眼周與黏膜,E,高,pending_legal_pharmacist_review,false,外用膏避免眼周与黏膜,"0-3秒 Hook：外用膏避免眼周与黏膜，你也遇過嗎？
3-12秒 情境：拍攝所有使用者、照護者与家庭購買者的日常動作，字幕点出「外用膏避免眼周与黏膜」。
12-25秒 知識：外用油膏应放在保守邊界：安全使用比用得多更重要，依标示与風險族群提醒。
25-36秒 安全：2 歲以下、孕哺、過敏体質、抗凝血药使用者请先询問專業人員。
36-45秒 CTA：使用前看标示，收藏这支，下次別用錯。",外用膏避免眼周与黏膜的重点是依标示使用，不誇大、不神化。僅供外用。避免接触眼睛、黏膜、破皮或傷口；特殊族群使用前请先咨询專業人員。,#外用安全 #用藥安全 #使用前看標示 #諮詢醫師藥師,"0-3秒 Hook：外用膏避免眼周与黏膜，你也遇過嗎？
3-12秒 情境：拍攝所有使用者、照護者与家庭購買者的日常動作，字幕点出「外用膏避免眼周与黏膜」。
12-25秒 知識：外用油膏应放在保守邊界：安全使用比用得多更重要，依标示与風險族群提醒。
25-36秒 安全：2 歲以下、孕哺、過敏体質、抗凝血药使用者请先询問專業人員。
36-45秒 CTA：使用前看标示，收藏这支，下次別用錯。",僅供外用。避免接觸眼睛、黏膜、破皮或傷口；特殊族群使用前請先諮詢專業人員。,2 歲以下、孕哺、過敏體質、抗凝血藥使用者請先詢問專業人員。,根治|治療疾病|消炎治本|打通經絡|一擦就好|保證有效|深層修復|替代藥物
Douyin_LINE083,LINE083,抖音,2026-07-15,12:00,合法宣傳比誇大更長久,H,中,pending_legal_pharmacist_review,false,合法宣傳比誇大更长久,"0-3秒 Hook：合法宣傳比誇大更长久，你也遇過嗎？
3-12秒 情境：拍攝重視药证、成分、品質与合法性的消費者的日常動作，字幕点出「合法宣傳比誇大更长久」。
12-25秒 知識：外用油膏应放在保守邊界：強調药证、标示、保守宣稱与人工审核流程。
25-36秒 安全：所有广告文案仍須依主管機关与專業人員审核。
36-45秒 CTA：使用前看标示，收藏这支，下次別用錯。",合法宣傳比誇大更长久的重点是依标示使用，不誇大、不神化。本产品为外用油膏，请依核准标示使用；若症狀持續或惡化，请咨询医师或药师。,#藥證可查 #品牌透明 #合法宣傳 #成分透明,"0-3秒 Hook：合法宣傳比誇大更长久，你也遇過嗎？
3-12秒 情境：拍攝重視药证、成分、品質与合法性的消費者的日常動作，字幕点出「合法宣傳比誇大更长久」。
12-25秒 知識：外用油膏应放在保守邊界：強調药证、标示、保守宣稱与人工审核流程。
25-36秒 安全：所有广告文案仍須依主管機关与專業人員审核。
36-45秒 CTA：使用前看标示，收藏这支，下次別用錯。",本產品為外用油膏，請依核准標示使用；若症狀持續或惡化，請諮詢醫師或藥師。,所有廣告文案仍須依主管機關與專業人員審核。,根治|治療疾病|消炎治本|打通經絡|一擦就好|保證有效|深層修復|替代藥物
Douyin_LINE084,LINE084,抖音,2026-07-15,20:00,你習慣運動前還是運動後保養,G,低,pending_legal_pharmacist_review,false,你習慣運動前還是運動后保養,"0-3秒 Hook：你習慣運動前還是運動后保養，你也遇過嗎？
3-12秒 情境：拍攝LINE OA 好友、回購客与新客的日常動作，字幕点出「你習慣運動前還是運動后保養」。
12-25秒 知識：外用油膏应放在保守邊界：用問答降低誤用，讓使用者知道何时該询問專業人員。
25-36秒 安全：互動回答不取代医师或药师建議。
36-45秒 CTA：使用前看标示，收藏这支，下次別用錯。",你習慣運動前還是運動后保養的重点是依标示使用，不誇大、不神化。本内容为一般生活保健資讯，非医疗診斷或治疗建議。,#互動問答 #保養知識 #使用小提醒 #金牌一條根,"0-3秒 Hook：你習慣運動前還是運動后保養，你也遇過嗎？
3-12秒 情境：拍攝LINE OA 好友、回購客与新客的日常動作，字幕点出「你習慣運動前還是運動后保養」。
12-25秒 知識：外用油膏应放在保守邊界：用問答降低誤用，讓使用者知道何时該询問專業人員。
25-36秒 安全：互動回答不取代医师或药师建議。
36-45秒 CTA：使用前看标示，收藏这支，下次別用錯。",本內容為一般生活保健資訊，非醫療診斷或治療建議。,互動回答不取代醫師或藥師建議。,根治|治療疾病|消炎治本|打通經絡|一擦就好|保證有效|深層修復|替代藥物
Douyin_LINE085,LINE085,抖音,2026-07-16,12:00,搬重物後腰背保養,C,中,pending_legal_pharmacist_review,false,搬重物后腰背保養,"0-3秒 Hook：搬重物后腰背保養，你也遇過嗎？
3-12秒 情境：拍攝運動族、搬重物、久站与勞動工作者的日常動作，字幕点出「搬重物后腰背保養」。
12-25秒 知識：外用油膏应放在保守邊界：運動或勞動后的局部肌肉酸痛，可短期按摩舒缓。
25-36秒 安全：明顯腫脹、劇痛、活動受限或疑似受傷时，请先就医。
36-45秒 CTA：使用前看标示，收藏这支，下次別用錯。",搬重物后腰背保養的重点是依标示使用，不誇大、不神化。本产品为外用油膏，请依核准标示使用；若症狀持續或惡化，请咨询医师或药师。,#運動後保養 #局部按摩 #肌肉痠痛 #依標示使用,"0-3秒 Hook：搬重物后腰背保養，你也遇過嗎？
3-12秒 情境：拍攝運動族、搬重物、久站与勞動工作者的日常動作，字幕点出「搬重物后腰背保養」。
12-25秒 知識：外用油膏应放在保守邊界：運動或勞動后的局部肌肉酸痛，可短期按摩舒缓。
25-36秒 安全：明顯腫脹、劇痛、活動受限或疑似受傷时，请先就医。
36-45秒 CTA：使用前看标示，收藏这支，下次別用錯。",本產品為外用油膏，請依核准標示使用；若症狀持續或惡化，請諮詢醫師或藥師。,明顯腫脹、劇痛、活動受限或疑似受傷時，請先就醫。,根治|治療疾病|消炎治本|打通經絡|一擦就好|保證有效|深層修復|替代藥物
Douyin_LINE086,LINE086,抖音,2026-07-16,20:00,樟腦外用時的注意界線,A,中,pending_legal_pharmacist_review,false,樟腦外用时的注意界線,"0-3秒 Hook：樟腦外用时的注意界線，你也遇過嗎？
3-12秒 情境：拍攝已購買或正在觀望的一條根使用者的日常動作，字幕点出「樟腦外用时的注意界線」。
12-25秒 知識：外用油膏应放在保守邊界：依标示外用，提供局部按摩与暂时舒缓体感。
25-36秒 安全：僅供外用；避免眼周、黏膜、破皮或傷口。
36-45秒 CTA：使用前看标示，收藏这支，下次別用錯。",樟腦外用时的注意界線的重点是依标示使用，不誇大、不神化。本产品为外用油膏，请依核准标示使用；若症狀持續或惡化，请咨询医师或药师。,#金牌一條根 #外用油膏 #成分透明 #依標示使用,"0-3秒 Hook：樟腦外用时的注意界線，你也遇過嗎？
3-12秒 情境：拍攝已購買或正在觀望的一條根使用者的日常動作，字幕点出「樟腦外用时的注意界線」。
12-25秒 知識：外用油膏应放在保守邊界：依标示外用，提供局部按摩与暂时舒缓体感。
25-36秒 安全：僅供外用；避免眼周、黏膜、破皮或傷口。
36-45秒 CTA：使用前看标示，收藏这支，下次別用錯。",本產品為外用油膏，請依核准標示使用；若症狀持續或惡化，請諮詢醫師或藥師。,僅供外用；避免眼周、黏膜、破皮或傷口。,根治|治療疾病|消炎治本|打通經絡|一擦就好|保證有效|深層修復|替代藥物
Douyin_LINE087,LINE087,抖音,2026-07-17,12:00,輕微關節痠痛與疾病治療要分開,D,中,pending_legal_pharmacist_review,false,轻微关节酸痛与疾病治疗要分開,"0-3秒 Hook：轻微关节酸痛与疾病治疗要分開，你也遇過嗎？
3-12秒 情境：拍攝40-70 歲注重日常活動舒适度的族群的日常動作，字幕点出「轻微关节酸痛与疾病治疗要分開」。
12-25秒 知識：外用油膏应放在保守邊界：轻微关节酸痛可短期舒缓，但不可宣稱治疗疾病。
25-36秒 安全：关节腫痛、紅熱、长期疼痛或行走困難，请就医評估。
36-45秒 CTA：使用前看标示，收藏这支，下次別用錯。",轻微关节酸痛与疾病治疗要分開的重点是依标示使用，不誇大、不神化。本产品为外用油膏，请依核准标示使用；若症狀持續或惡化，请咨询医师或药师。,#銀髮保養 #活動舒適 #輕微痠痛 #依標示使用,"0-3秒 Hook：轻微关节酸痛与疾病治疗要分開，你也遇過嗎？
3-12秒 情境：拍攝40-70 歲注重日常活動舒适度的族群的日常動作，字幕点出「轻微关节酸痛与疾病治疗要分開」。
12-25秒 知識：外用油膏应放在保守邊界：轻微关节酸痛可短期舒缓，但不可宣稱治疗疾病。
25-36秒 安全：关节腫痛、紅熱、长期疼痛或行走困難，请就医評估。
36-45秒 CTA：使用前看标示，收藏这支，下次別用錯。",本產品為外用油膏，請依核准標示使用；若症狀持續或惡化，請諮詢醫師或藥師。,關節腫痛、紅熱、長期疼痛或行走困難，請就醫評估。,根治|治療疾病|消炎治本|打通經絡|一擦就好|保證有效|深層修復|替代藥物
Douyin_LINE088,LINE088,抖音,2026-07-17,20:00,不要搭配熱敷墊或電毯,E,高,pending_legal_pharmacist_review,false,不要搭配熱敷墊或電毯,"0-3秒 Hook：不要搭配熱敷墊或電毯，你也遇過嗎？
3-12秒 情境：拍攝所有使用者、照護者与家庭購買者的日常動作，字幕点出「不要搭配熱敷墊或電毯」。
12-25秒 知識：外用油膏应放在保守邊界：安全使用比用得多更重要，依标示与風險族群提醒。
25-36秒 安全：2 歲以下、孕哺、過敏体質、抗凝血药使用者请先询問專業人員。
36-45秒 CTA：使用前看标示，收藏这支，下次別用錯。",不要搭配熱敷墊或電毯的重点是依标示使用，不誇大、不神化。僅供外用。避免接触眼睛、黏膜、破皮或傷口；特殊族群使用前请先咨询專業人員。,#外用安全 #用藥安全 #使用前看標示 #諮詢醫師藥師,"0-3秒 Hook：不要搭配熱敷墊或電毯，你也遇過嗎？
3-12秒 情境：拍攝所有使用者、照護者与家庭購買者的日常動作，字幕点出「不要搭配熱敷墊或電毯」。
12-25秒 知識：外用油膏应放在保守邊界：安全使用比用得多更重要，依标示与風險族群提醒。
25-36秒 安全：2 歲以下、孕哺、過敏体質、抗凝血药使用者请先询問專業人員。
36-45秒 CTA：使用前看标示，收藏这支，下次別用錯。",僅供外用。避免接觸眼睛、黏膜、破皮或傷口；特殊族群使用前請先諮詢專業人員。,2 歲以下、孕哺、過敏體質、抗凝血藥使用者請先詢問專業人員。,根治|治療疾病|消炎治本|打通經絡|一擦就好|保證有效|深層修復|替代藥物
Douyin_LINE089,LINE089,抖音,2026-07-18,12:00,小暑前後活動舒適提醒,F,低,pending_legal_pharmacist_review,false,小暑前后活動舒适提醒,"0-3秒 Hook：小暑前后活動舒适提醒，你也遇過嗎？
3-12秒 情境：拍攝喜歡養生、节氣与日常保健的 LINE 讀者的日常動作，字幕点出「小暑前后活動舒适提醒」。
12-25秒 知識：外用油膏应放在保守邊界：以生活保健与身体觉察为主，不做医疗疗效宣稱。
25-36秒 安全：节氣養生屬一般生活資讯，身体不适仍应咨询專業人員。
36-45秒 CTA：使用前看标示，收藏这支，下次別用錯。",小暑前后活動舒适提醒的重点是依标示使用，不誇大、不神化。本内容为一般生活保健資讯，非医疗診斷或治疗建議。,#節氣保養 #生活保健 #日常保養 #身體覺察,"0-3秒 Hook：小暑前后活動舒适提醒，你也遇過嗎？
3-12秒 情境：拍攝喜歡養生、节氣与日常保健的 LINE 讀者的日常動作，字幕点出「小暑前后活動舒适提醒」。
12-25秒 知識：外用油膏应放在保守邊界：以生活保健与身体觉察为主，不做医疗疗效宣稱。
25-36秒 安全：节氣養生屬一般生活資讯，身体不适仍应咨询專業人員。
36-45秒 CTA：使用前看标示，收藏这支，下次別用錯。",本內容為一般生活保健資訊，非醫療診斷或治療建議。,節氣養生屬一般生活資訊，身體不適仍應諮詢專業人員。,根治|治療疾病|消炎治本|打通經絡|一擦就好|保證有效|深層修復|替代藥物
Douyin_LINE090,LINE090,抖音,2026-07-18,20:00,爬山後腿部按摩提醒,C,中,pending_legal_pharmacist_review,false,爬山后腿部按摩提醒,"0-3秒 Hook：爬山后腿部按摩提醒，你也遇過嗎？
3-12秒 情境：拍攝運動族、搬重物、久站与勞動工作者的日常動作，字幕点出「爬山后腿部按摩提醒」。
12-25秒 知識：外用油膏应放在保守邊界：運動或勞動后的局部肌肉酸痛，可短期按摩舒缓。
25-36秒 安全：明顯腫脹、劇痛、活動受限或疑似受傷时，请先就医。
36-45秒 CTA：使用前看标示，收藏这支，下次別用錯。",爬山后腿部按摩提醒的重点是依标示使用，不誇大、不神化。本产品为外用油膏，请依核准标示使用；若症狀持續或惡化，请咨询医师或药师。,#運動後保養 #局部按摩 #肌肉痠痛 #依標示使用,"0-3秒 Hook：爬山后腿部按摩提醒，你也遇過嗎？
3-12秒 情境：拍攝運動族、搬重物、久站与勞動工作者的日常動作，字幕点出「爬山后腿部按摩提醒」。
12-25秒 知識：外用油膏应放在保守邊界：運動或勞動后的局部肌肉酸痛，可短期按摩舒缓。
25-36秒 安全：明顯腫脹、劇痛、活動受限或疑似受傷时，请先就医。
36-45秒 CTA：使用前看标示，收藏这支，下次別用錯。",本產品為外用油膏，請依核准標示使用；若症狀持續或惡化，請諮詢醫師或藥師。,明顯腫脹、劇痛、活動受限或疑似受傷時，請先就醫。,根治|治療疾病|消炎治本|打通經絡|一擦就好|保證有效|深層修復|替代藥物
Douyin_LINE091,LINE091,抖音,2026-07-19,12:00,外用膏一次擦多少才剛好,G,低,pending_legal_pharmacist_review,false,外用膏一次擦多少才剛好,"0-3秒 Hook：外用膏一次擦多少才剛好，你也遇過嗎？
3-12秒 情境：拍攝LINE OA 好友、回購客与新客的日常動作，字幕点出「外用膏一次擦多少才剛好」。
12-25秒 知識：外用油膏应放在保守邊界：用問答降低誤用，讓使用者知道何时該询問專業人員。
25-36秒 安全：互動回答不取代医师或药师建議。
36-45秒 CTA：使用前看标示，收藏这支，下次別用錯。",外用膏一次擦多少才剛好的重点是依标示使用，不誇大、不神化。本内容为一般生活保健資讯，非医疗診斷或治疗建議。,#互動問答 #保養知識 #使用小提醒 #金牌一條根,"0-3秒 Hook：外用膏一次擦多少才剛好，你也遇過嗎？
3-12秒 情境：拍攝LINE OA 好友、回購客与新客的日常動作，字幕点出「外用膏一次擦多少才剛好」。
12-25秒 知識：外用油膏应放在保守邊界：用問答降低誤用，讓使用者知道何时該询問專業人員。
25-36秒 安全：互動回答不取代医师或药师建議。
36-45秒 CTA：使用前看标示，收藏这支，下次別用錯。",本內容為一般生活保健資訊，非醫療診斷或治療建議。,互動回答不取代醫師或藥師建議。,根治|治療疾病|消炎治本|打通經絡|一擦就好|保證有效|深層修復|替代藥物
Douyin_LINE092,LINE092,抖音,2026-07-19,20:00,散步後的膝周保養,D,中,pending_legal_pharmacist_review,false,散步后的膝周保養,"0-3秒 Hook：散步后的膝周保養，你也遇過嗎？
3-12秒 情境：拍攝40-70 歲注重日常活動舒适度的族群的日常動作，字幕点出「散步后的膝周保養」。
12-25秒 知識：外用油膏应放在保守邊界：轻微关节酸痛可短期舒缓，但不可宣稱治疗疾病。
25-36秒 安全：关节腫痛、紅熱、长期疼痛或行走困難，请就医評估。
36-45秒 CTA：使用前看标示，收藏这支，下次別用錯。",散步后的膝周保養的重点是依标示使用，不誇大、不神化。本产品为外用油膏，请依核准标示使用；若症狀持續或惡化，请咨询医师或药师。,#銀髮保養 #活動舒適 #輕微痠痛 #依標示使用,"0-3秒 Hook：散步后的膝周保養，你也遇過嗎？
3-12秒 情境：拍攝40-70 歲注重日常活動舒适度的族群的日常動作，字幕点出「散步后的膝周保養」。
12-25秒 知識：外用油膏应放在保守邊界：轻微关节酸痛可短期舒缓，但不可宣稱治疗疾病。
25-36秒 安全：关节腫痛、紅熱、长期疼痛或行走困難，请就医評估。
36-45秒 CTA：使用前看标示，收藏这支，下次別用錯。",本產品為外用油膏，請依核准標示使用；若症狀持續或惡化，請諮詢醫師或藥師。,關節腫痛、紅熱、長期疼痛或行走困難，請就醫評估。,根治|治療疾病|消炎治本|打通經絡|一擦就好|保證有效|深層修復|替代藥物
Douyin_LINE093,LINE093,抖音,2026-07-20,12:00,肩頸按摩不要只靠用力,B,低,pending_legal_pharmacist_review,false,肩颈按摩不要只靠用力,"0-3秒 Hook：肩颈按摩不要只靠用力，你也遇過嗎？
3-12秒 情境：拍攝长时間低頭、久坐、用電腦的上班族的日常動作，字幕点出「肩颈按摩不要只靠用力」。
12-25秒 知識：外用油膏应放在保守邊界：久坐低頭后，可搭配伸展与局部按摩舒缓緊繃不适。
25-36秒 安全：若酸痛持續、麻木或影響活動，请咨询医师或药师。
36-45秒 CTA：使用前看标示，收藏这支，下次別用錯。",肩颈按摩不要只靠用力的重点是依标示使用，不誇大、不神化。本内容为一般生活保健資讯，非医疗診斷或治疗建議。,#肩頸保養 #久坐族 #日常舒緩 #依標示使用,"0-3秒 Hook：肩颈按摩不要只靠用力，你也遇過嗎？
3-12秒 情境：拍攝长时間低頭、久坐、用電腦的上班族的日常動作，字幕点出「肩颈按摩不要只靠用力」。
12-25秒 知識：外用油膏应放在保守邊界：久坐低頭后，可搭配伸展与局部按摩舒缓緊繃不适。
25-36秒 安全：若酸痛持續、麻木或影響活動，请咨询医师或药师。
36-45秒 CTA：使用前看标示，收藏这支，下次別用錯。",本內容為一般生活保健資訊，非醫療診斷或治療建議。,若痠痛持續、麻木或影響活動，請諮詢醫師或藥師。,根治|治療疾病|消炎治本|打通經絡|一擦就好|保證有效|深層修復|替代藥物
Douyin_LINE094,LINE094,抖音,2026-07-20,20:00,油膏劑為什麼適合局部按摩,A,中,pending_legal_pharmacist_review,false,油膏剂为什麼适合局部按摩,"0-3秒 Hook：油膏剂为什麼适合局部按摩，你也遇過嗎？
3-12秒 情境：拍攝已購買或正在觀望的一條根使用者的日常動作，字幕点出「油膏剂为什麼适合局部按摩」。
12-25秒 知識：外用油膏应放在保守邊界：依标示外用，提供局部按摩与暂时舒缓体感。
25-36秒 安全：僅供外用；避免眼周、黏膜、破皮或傷口。
36-45秒 CTA：使用前看标示，收藏这支，下次別用錯。",油膏剂为什麼适合局部按摩的重点是依标示使用，不誇大、不神化。本产品为外用油膏，请依核准标示使用；若症狀持續或惡化，请咨询医师或药师。,#金牌一條根 #外用油膏 #成分透明 #依標示使用,"0-3秒 Hook：油膏剂为什麼适合局部按摩，你也遇過嗎？
3-12秒 情境：拍攝已購買或正在觀望的一條根使用者的日常動作，字幕点出「油膏剂为什麼适合局部按摩」。
12-25秒 知識：外用油膏应放在保守邊界：依标示外用，提供局部按摩与暂时舒缓体感。
25-36秒 安全：僅供外用；避免眼周、黏膜、破皮或傷口。
36-45秒 CTA：使用前看标示，收藏这支，下次別用錯。",本產品為外用油膏，請依核准標示使用；若症狀持續或惡化，請諮詢醫師或藥師。,僅供外用；避免眼周、黏膜、破皮或傷口。,根治|治療疾病|消炎治本|打通經絡|一擦就好|保證有效|深層修復|替代藥物
Douyin_LINE095,LINE095,抖音,2026-07-21,12:00,大暑午後少久站硬撐,F,低,pending_legal_pharmacist_review,false,大暑午后少久站硬撐,"0-3秒 Hook：大暑午后少久站硬撐，你也遇過嗎？
3-12秒 情境：拍攝喜歡養生、节氣与日常保健的 LINE 讀者的日常動作，字幕点出「大暑午后少久站硬撐」。
12-25秒 知識：外用油膏应放在保守邊界：以生活保健与身体觉察为主，不做医疗疗效宣稱。
25-36秒 安全：节氣養生屬一般生活資讯，身体不适仍应咨询專業人員。
36-45秒 CTA：使用前看标示，收藏这支，下次別用錯。",大暑午后少久站硬撐的重点是依标示使用，不誇大、不神化。本内容为一般生活保健資讯，非医疗診斷或治疗建議。,#節氣保養 #生活保健 #日常保養 #身體覺察,"0-3秒 Hook：大暑午后少久站硬撐，你也遇過嗎？
3-12秒 情境：拍攝喜歡養生、节氣与日常保健的 LINE 讀者的日常動作，字幕点出「大暑午后少久站硬撐」。
12-25秒 知識：外用油膏应放在保守邊界：以生活保健与身体觉察为主，不做医疗疗效宣稱。
25-36秒 安全：节氣養生屬一般生活資讯，身体不适仍应咨询專業人員。
36-45秒 CTA：使用前看标示，收藏这支，下次別用錯。",本內容為一般生活保健資訊，非醫療診斷或治療建議。,節氣養生屬一般生活資訊，身體不適仍應諮詢專業人員。,根治|治療疾病|消炎治本|打通經絡|一擦就好|保證有效|深層修復|替代藥物
Douyin_LINE096,LINE096,抖音,2026-07-21,20:00,不要密封包紮或大面積厚敷,E,高,pending_legal_pharmacist_review,false,不要密封包紮或大面積厚敷,"0-3秒 Hook：不要密封包紮或大面積厚敷，你也遇過嗎？
3-12秒 情境：拍攝所有使用者、照護者与家庭購買者的日常動作，字幕点出「不要密封包紮或大面積厚敷」。
12-25秒 知識：外用油膏应放在保守邊界：安全使用比用得多更重要，依标示与風險族群提醒。
25-36秒 安全：2 歲以下、孕哺、過敏体質、抗凝血药使用者请先询問專業人員。
36-45秒 CTA：使用前看标示，收藏这支，下次別用錯。",不要密封包紮或大面積厚敷的重点是依标示使用，不誇大、不神化。僅供外用。避免接触眼睛、黏膜、破皮或傷口；特殊族群使用前请先咨询專業人員。,#外用安全 #用藥安全 #使用前看標示 #諮詢醫師藥師,"0-3秒 Hook：不要密封包紮或大面積厚敷，你也遇過嗎？
3-12秒 情境：拍攝所有使用者、照護者与家庭購買者的日常動作，字幕点出「不要密封包紮或大面積厚敷」。
12-25秒 知識：外用油膏应放在保守邊界：安全使用比用得多更重要，依标示与風險族群提醒。
25-36秒 安全：2 歲以下、孕哺、過敏体質、抗凝血药使用者请先询問專業人員。
36-45秒 CTA：使用前看标示，收藏这支，下次別用錯。",僅供外用。避免接觸眼睛、黏膜、破皮或傷口；特殊族群使用前請先諮詢專業人員。,2 歲以下、孕哺、過敏體質、抗凝血藥使用者請先詢問專業人員。,根治|治療疾病|消炎治本|打通經絡|一擦就好|保證有效|深層修復|替代藥物
Douyin_LINE097,LINE097,抖音,2026-07-22,12:00,什麼是乙類成藥,H,中,pending_legal_pharmacist_review,false,什麼是乙類成药,"0-3秒 Hook：什麼是乙類成药，你也遇過嗎？
3-12秒 情境：拍攝重視药证、成分、品質与合法性的消費者的日常動作，字幕点出「什麼是乙類成药」。
12-25秒 知識：外用油膏应放在保守邊界：強調药证、标示、保守宣稱与人工审核流程。
25-36秒 安全：所有广告文案仍須依主管機关与專業人員审核。
36-45秒 CTA：使用前看标示，收藏这支，下次別用錯。",什麼是乙類成药的重点是依标示使用，不誇大、不神化。本产品为外用油膏，请依核准标示使用；若症狀持續或惡化，请咨询医师或药师。,#藥證可查 #品牌透明 #合法宣傳 #成分透明,"0-3秒 Hook：什麼是乙類成药，你也遇過嗎？
3-12秒 情境：拍攝重視药证、成分、品質与合法性的消費者的日常動作，字幕点出「什麼是乙類成药」。
12-25秒 知識：外用油膏应放在保守邊界：強調药证、标示、保守宣稱与人工审核流程。
25-36秒 安全：所有广告文案仍須依主管機关与專業人員审核。
36-45秒 CTA：使用前看标示，收藏这支，下次別用錯。",本產品為外用油膏，請依核准標示使用；若症狀持續或惡化，請諮詢醫師或藥師。,所有廣告文案仍須依主管機關與專業人員審核。,根治|治療疾病|消炎治本|打通經絡|一擦就好|保證有效|深層修復|替代藥物
Douyin_LINE098,LINE098,抖音,2026-07-22,20:00,涼感越強越有效嗎,G,低,pending_legal_pharmacist_review,false,涼感越強越有效嗎,"0-3秒 Hook：涼感越強越有效嗎，你也遇過嗎？
3-12秒 情境：拍攝LINE OA 好友、回購客与新客的日常動作，字幕点出「涼感越強越有效嗎」。
12-25秒 知識：外用油膏应放在保守邊界：用問答降低誤用，讓使用者知道何时該询問專業人員。
25-36秒 安全：互動回答不取代医师或药师建議。
36-45秒 CTA：使用前看标示，收藏这支，下次別用錯。",涼感越強越有效嗎的重点是依标示使用，不誇大、不神化。本内容为一般生活保健資讯，非医疗診斷或治疗建議。,#互動問答 #保養知識 #使用小提醒 #金牌一條根,"0-3秒 Hook：涼感越強越有效嗎，你也遇過嗎？
3-12秒 情境：拍攝LINE OA 好友、回購客与新客的日常動作，字幕点出「涼感越強越有效嗎」。
12-25秒 知識：外用油膏应放在保守邊界：用問答降低誤用，讓使用者知道何时該询問專業人員。
25-36秒 安全：互動回答不取代医师或药师建議。
36-45秒 CTA：使用前看标示，收藏这支，下次別用錯。",本內容為一般生活保健資訊，非醫療診斷或治療建議。,互動回答不取代醫師或藥師建議。,根治|治療疾病|消炎治本|打通經絡|一擦就好|保證有效|深層修復|替代藥物
Douyin_LINE099,LINE099,抖音,2026-07-23,12:00,重訓後肩背局部舒緩,C,中,pending_legal_pharmacist_review,false,重訓后肩背局部舒缓,"0-3秒 Hook：重訓后肩背局部舒缓，你也遇過嗎？
3-12秒 情境：拍攝運動族、搬重物、久站与勞動工作者的日常動作，字幕点出「重訓后肩背局部舒缓」。
12-25秒 知識：外用油膏应放在保守邊界：運動或勞動后的局部肌肉酸痛，可短期按摩舒缓。
25-36秒 安全：明顯腫脹、劇痛、活動受限或疑似受傷时，请先就医。
36-45秒 CTA：使用前看标示，收藏这支，下次別用錯。",重訓后肩背局部舒缓的重点是依标示使用，不誇大、不神化。本产品为外用油膏，请依核准标示使用；若症狀持續或惡化，请咨询医师或药师。,#運動後保養 #局部按摩 #肌肉痠痛 #依標示使用,"0-3秒 Hook：重訓后肩背局部舒缓，你也遇過嗎？
3-12秒 情境：拍攝運動族、搬重物、久站与勞動工作者的日常動作，字幕点出「重訓后肩背局部舒缓」。
12-25秒 知識：外用油膏应放在保守邊界：運動或勞動后的局部肌肉酸痛，可短期按摩舒缓。
25-36秒 安全：明顯腫脹、劇痛、活動受限或疑似受傷时，请先就医。
36-45秒 CTA：使用前看标示，收藏这支，下次別用錯。",本產品為外用油膏，請依核准標示使用；若症狀持續或惡化，請諮詢醫師或藥師。,明顯腫脹、劇痛、活動受限或疑似受傷時，請先就醫。,根治|治療疾病|消炎治本|打通經絡|一擦就好|保證有效|深層修復|替代藥物
Douyin_LINE100,LINE100,抖音,2026-07-23,20:00,乙類成藥與一般保健品差異,A,中,pending_legal_pharmacist_review,false,乙類成药与一般保健品差異,"0-3秒 Hook：乙類成药与一般保健品差異，你也遇過嗎？
3-12秒 情境：拍攝已購買或正在觀望的一條根使用者的日常動作，字幕点出「乙類成药与一般保健品差異」。
12-25秒 知識：外用油膏应放在保守邊界：依标示外用，提供局部按摩与暂时舒缓体感。
25-36秒 安全：僅供外用；避免眼周、黏膜、破皮或傷口。
36-45秒 CTA：使用前看标示，收藏这支，下次別用錯。",乙類成药与一般保健品差異的重点是依标示使用，不誇大、不神化。本产品为外用油膏，请依核准标示使用；若症狀持續或惡化，请咨询医师或药师。,#金牌一條根 #外用油膏 #成分透明 #依標示使用,"0-3秒 Hook：乙類成药与一般保健品差異，你也遇過嗎？
3-12秒 情境：拍攝已購買或正在觀望的一條根使用者的日常動作，字幕点出「乙類成药与一般保健品差異」。
12-25秒 知識：外用油膏应放在保守邊界：依标示外用，提供局部按摩与暂时舒缓体感。
25-36秒 安全：僅供外用；避免眼周、黏膜、破皮或傷口。
36-45秒 CTA：使用前看标示，收藏这支，下次別用錯。",本產品為外用油膏，請依核准標示使用；若症狀持續或惡化，請諮詢醫師或藥師。,僅供外用；避免眼周、黏膜、破皮或傷口。,根治|治療疾病|消炎治本|打通經絡|一擦就好|保證有效|深層修復|替代藥物
Douyin_LINE101,LINE101,抖音,2026-07-24,12:00,天氣變化時的活動舒適感,D,中,pending_legal_pharmacist_review,false,天氣变化时的活動舒适感,"0-3秒 Hook：天氣变化时的活動舒适感，你也遇過嗎？
3-12秒 情境：拍攝40-70 歲注重日常活動舒适度的族群的日常動作，字幕点出「天氣变化时的活動舒适感」。
12-25秒 知識：外用油膏应放在保守邊界：轻微关节酸痛可短期舒缓，但不可宣稱治疗疾病。
25-36秒 安全：关节腫痛、紅熱、长期疼痛或行走困難，请就医評估。
36-45秒 CTA：使用前看标示，收藏这支，下次別用錯。",天氣变化时的活動舒适感的重点是依标示使用，不誇大、不神化。本产品为外用油膏，请依核准标示使用；若症狀持續或惡化，请咨询医师或药师。,#銀髮保養 #活動舒適 #輕微痠痛 #依標示使用,"0-3秒 Hook：天氣变化时的活動舒适感，你也遇過嗎？
3-12秒 情境：拍攝40-70 歲注重日常活動舒适度的族群的日常動作，字幕点出「天氣变化时的活動舒适感」。
12-25秒 知識：外用油膏应放在保守邊界：轻微关节酸痛可短期舒缓，但不可宣稱治疗疾病。
25-36秒 安全：关节腫痛、紅熱、长期疼痛或行走困難，请就医評估。
36-45秒 CTA：使用前看标示，收藏这支，下次別用錯。",本產品為外用油膏，請依核准標示使用；若症狀持續或惡化，請諮詢醫師或藥師。,關節腫痛、紅熱、長期疼痛或行走困難，請就醫評估。,根治|治療疾病|消炎治本|打通經絡|一擦就好|保證有效|深層修復|替代藥物
Douyin_LINE102,LINE102,抖音,2026-07-24,20:00,水楊酸或阿斯匹靈過敏者注意,E,高,pending_legal_pharmacist_review,false,水楊酸或阿斯匹靈過敏者注意,"0-3秒 Hook：水楊酸或阿斯匹靈過敏者注意，你也遇過嗎？
3-12秒 情境：拍攝所有使用者、照護者与家庭購買者的日常動作，字幕点出「水楊酸或阿斯匹靈過敏者注意」。
12-25秒 知識：外用油膏应放在保守邊界：安全使用比用得多更重要，依标示与風險族群提醒。
25-36秒 安全：2 歲以下、孕哺、過敏体質、抗凝血药使用者请先询問專業人員。
36-45秒 CTA：使用前看标示，收藏这支，下次別用錯。",水楊酸或阿斯匹靈過敏者注意的重点是依标示使用，不誇大、不神化。僅供外用。避免接触眼睛、黏膜、破皮或傷口；特殊族群使用前请先咨询專業人員。,#外用安全 #用藥安全 #使用前看標示 #諮詢醫師藥師,"0-3秒 Hook：水楊酸或阿斯匹靈過敏者注意，你也遇過嗎？
3-12秒 情境：拍攝所有使用者、照護者与家庭購買者的日常動作，字幕点出「水楊酸或阿斯匹靈過敏者注意」。
12-25秒 知識：外用油膏应放在保守邊界：安全使用比用得多更重要，依标示与風險族群提醒。
25-36秒 安全：2 歲以下、孕哺、過敏体質、抗凝血药使用者请先询問專業人員。
36-45秒 CTA：使用前看标示，收藏这支，下次別用錯。",僅供外用。避免接觸眼睛、黏膜、破皮或傷口；特殊族群使用前請先諮詢專業人員。,2 歲以下、孕哺、過敏體質、抗凝血藥使用者請先詢問專業人員。,根治|治療疾病|消炎治本|打通經絡|一擦就好|保證有效|深層修復|替代藥物
Douyin_LINE103,LINE103,抖音,2026-07-25,12:00,立秋後早晚溫差保養,F,低,pending_legal_pharmacist_review,false,立秋后早晚溫差保養,"0-3秒 Hook：立秋后早晚溫差保養，你也遇過嗎？
3-12秒 情境：拍攝喜歡養生、节氣与日常保健的 LINE 讀者的日常動作，字幕点出「立秋后早晚溫差保養」。
12-25秒 知識：外用油膏应放在保守邊界：以生活保健与身体觉察为主，不做医疗疗效宣稱。
25-36秒 安全：节氣養生屬一般生活資讯，身体不适仍应咨询專業人員。
36-45秒 CTA：使用前看标示，收藏这支，下次別用錯。",立秋后早晚溫差保養的重点是依标示使用，不誇大、不神化。本内容为一般生活保健資讯，非医疗診斷或治疗建議。,#節氣保養 #生活保健 #日常保養 #身體覺察,"0-3秒 Hook：立秋后早晚溫差保養，你也遇過嗎？
3-12秒 情境：拍攝喜歡養生、节氣与日常保健的 LINE 讀者的日常動作，字幕点出「立秋后早晚溫差保養」。
12-25秒 知識：外用油膏应放在保守邊界：以生活保健与身体觉察为主，不做医疗疗效宣稱。
25-36秒 安全：节氣養生屬一般生活資讯，身体不适仍应咨询專業人員。
36-45秒 CTA：使用前看标示，收藏这支，下次別用錯。",本內容為一般生活保健資訊，非醫療診斷或治療建議。,節氣養生屬一般生活資訊，身體不適仍應諮詢專業人員。,根治|治療疾病|消炎治本|打通經絡|一擦就好|保證有效|深層修復|替代藥物
Douyin_LINE104,LINE104,抖音,2026-07-25,20:00,家事後手臂不適保養,C,中,pending_legal_pharmacist_review,false,家事后手臂不适保養,"0-3秒 Hook：家事后手臂不适保養，你也遇過嗎？
3-12秒 情境：拍攝運動族、搬重物、久站与勞動工作者的日常動作，字幕点出「家事后手臂不适保養」。
12-25秒 知識：外用油膏应放在保守邊界：運動或勞動后的局部肌肉酸痛，可短期按摩舒缓。
25-36秒 安全：明顯腫脹、劇痛、活動受限或疑似受傷时，请先就医。
36-45秒 CTA：使用前看标示，收藏这支，下次別用錯。",家事后手臂不适保養的重点是依标示使用，不誇大、不神化。本产品为外用油膏，请依核准标示使用；若症狀持續或惡化，请咨询医师或药师。,#運動後保養 #局部按摩 #肌肉痠痛 #依標示使用,"0-3秒 Hook：家事后手臂不适保養，你也遇過嗎？
3-12秒 情境：拍攝運動族、搬重物、久站与勞動工作者的日常動作，字幕点出「家事后手臂不适保養」。
12-25秒 知識：外用油膏应放在保守邊界：運動或勞動后的局部肌肉酸痛，可短期按摩舒缓。
25-36秒 安全：明顯腫脹、劇痛、活動受限或疑似受傷时，请先就医。
36-45秒 CTA：使用前看标示，收藏这支，下次別用錯。",本產品為外用油膏，請依核准標示使用；若症狀持續或惡化，請諮詢醫師或藥師。,明顯腫脹、劇痛、活動受限或疑似受傷時，請先就醫。,根治|治療疾病|消炎治本|打通經絡|一擦就好|保證有效|深層修復|替代藥物
Douyin_LINE105,LINE105,抖音,2026-07-26,12:00,你有看過外用產品標示嗎,G,低,pending_legal_pharmacist_review,false,你有看過外用产品标示嗎,"0-3秒 Hook：你有看過外用产品标示嗎，你也遇過嗎？
3-12秒 情境：拍攝LINE OA 好友、回購客与新客的日常動作，字幕点出「你有看過外用产品标示嗎」。
12-25秒 知識：外用油膏应放在保守邊界：用問答降低誤用，讓使用者知道何时該询問專業人員。
25-36秒 安全：互動回答不取代医师或药师建議。
36-45秒 CTA：使用前看标示，收藏这支，下次別用錯。",你有看過外用产品标示嗎的重点是依标示使用，不誇大、不神化。本内容为一般生活保健資讯，非医疗診斷或治疗建議。,#互動問答 #保養知識 #使用小提醒 #金牌一條根,"0-3秒 Hook：你有看過外用产品标示嗎，你也遇過嗎？
3-12秒 情境：拍攝LINE OA 好友、回購客与新客的日常動作，字幕点出「你有看過外用产品标示嗎」。
12-25秒 知識：外用油膏应放在保守邊界：用問答降低誤用，讓使用者知道何时該询問專業人員。
25-36秒 安全：互動回答不取代医师或药师建議。
36-45秒 CTA：使用前看标示，收藏这支，下次別用錯。",本內容為一般生活保健資訊，非醫療診斷或治療建議。,互動回答不取代醫師或藥師建議。,根治|治療疾病|消炎治本|打通經絡|一擦就好|保證有效|深層修復|替代藥物
Douyin_LINE106,LINE106,抖音,2026-07-26,20:00,長輩按摩力道不要過重,D,中,pending_legal_pharmacist_review,false,长輩按摩力道不要過重,"0-3秒 Hook：长輩按摩力道不要過重，你也遇過嗎？
3-12秒 情境：拍攝40-70 歲注重日常活動舒适度的族群的日常動作，字幕点出「长輩按摩力道不要過重」。
12-25秒 知識：外用油膏应放在保守邊界：轻微关节酸痛可短期舒缓，但不可宣稱治疗疾病。
25-36秒 安全：关节腫痛、紅熱、长期疼痛或行走困難，请就医評估。
36-45秒 CTA：使用前看标示，收藏这支，下次別用錯。",长輩按摩力道不要過重的重点是依标示使用，不誇大、不神化。本产品为外用油膏，请依核准标示使用；若症狀持續或惡化，请咨询医师或药师。,#銀髮保養 #活動舒適 #輕微痠痛 #依標示使用,"0-3秒 Hook：长輩按摩力道不要過重，你也遇過嗎？
3-12秒 情境：拍攝40-70 歲注重日常活動舒适度的族群的日常動作，字幕点出「长輩按摩力道不要過重」。
12-25秒 知識：外用油膏应放在保守邊界：轻微关节酸痛可短期舒缓，但不可宣稱治疗疾病。
25-36秒 安全：关节腫痛、紅熱、长期疼痛或行走困難，请就医評估。
36-45秒 CTA：使用前看标示，收藏这支，下次別用錯。",本產品為外用油膏，請依核准標示使用；若症狀持續或惡化，請諮詢醫師或藥師。,關節腫痛、紅熱、長期疼痛或行走困難，請就醫評估。,根治|治療疾病|消炎治本|打通經絡|一擦就好|保證有效|深層修復|替代藥物
Douyin_LINE107,LINE107,抖音,2026-07-27,12:00,久坐族晚間舒緩儀式,B,低,pending_legal_pharmacist_review,false,久坐族晚間舒缓儀式,"0-3秒 Hook：久坐族晚間舒缓儀式，你也遇過嗎？
3-12秒 情境：拍攝长时間低頭、久坐、用電腦的上班族的日常動作，字幕点出「久坐族晚間舒缓儀式」。
12-25秒 知識：外用油膏应放在保守邊界：久坐低頭后，可搭配伸展与局部按摩舒缓緊繃不适。
25-36秒 安全：若酸痛持續、麻木或影響活動，请咨询医师或药师。
36-45秒 CTA：使用前看标示，收藏这支，下次別用錯。",久坐族晚間舒缓儀式的重点是依标示使用，不誇大、不神化。本内容为一般生活保健資讯，非医疗診斷或治疗建議。,#肩頸保養 #久坐族 #日常舒緩 #依標示使用,"0-3秒 Hook：久坐族晚間舒缓儀式，你也遇過嗎？
3-12秒 情境：拍攝长时間低頭、久坐、用電腦的上班族的日常動作，字幕点出「久坐族晚間舒缓儀式」。
12-25秒 知識：外用油膏应放在保守邊界：久坐低頭后，可搭配伸展与局部按摩舒缓緊繃不适。
25-36秒 安全：若酸痛持續、麻木或影響活動，请咨询医师或药师。
36-45秒 CTA：使用前看标示，收藏这支，下次別用錯。",本內容為一般生活保健資訊，非醫療診斷或治療建議。,若痠痛持續、麻木或影響活動，請諮詢醫師或藥師。,根治|治療疾病|消炎治本|打通經絡|一擦就好|保證有效|深層修復|替代藥物
Douyin_LINE108,LINE108,抖音,2026-07-27,20:00,一條根外用膏的日常定位,A,中,pending_legal_pharmacist_review,false,一條根外用膏的日常定位,"0-3秒 Hook：一條根外用膏的日常定位，你也遇過嗎？
3-12秒 情境：拍攝已購買或正在觀望的一條根使用者的日常動作，字幕点出「一條根外用膏的日常定位」。
12-25秒 知識：外用油膏应放在保守邊界：依标示外用，提供局部按摩与暂时舒缓体感。
25-36秒 安全：僅供外用；避免眼周、黏膜、破皮或傷口。
36-45秒 CTA：使用前看标示，收藏这支，下次別用錯。",一條根外用膏的日常定位的重点是依标示使用，不誇大、不神化。本产品为外用油膏，请依核准标示使用；若症狀持續或惡化，请咨询医师或药师。,#金牌一條根 #外用油膏 #成分透明 #依標示使用,"0-3秒 Hook：一條根外用膏的日常定位，你也遇過嗎？
3-12秒 情境：拍攝已購買或正在觀望的一條根使用者的日常動作，字幕点出「一條根外用膏的日常定位」。
12-25秒 知識：外用油膏应放在保守邊界：依标示外用，提供局部按摩与暂时舒缓体感。
25-36秒 安全：僅供外用；避免眼周、黏膜、破皮或傷口。
36-45秒 CTA：使用前看标示，收藏这支，下次別用錯。",本產品為外用油膏，請依核准標示使用；若症狀持續或惡化，請諮詢醫師或藥師。,僅供外用；避免眼周、黏膜、破皮或傷口。,根治|治療疾病|消炎治本|打通經絡|一擦就好|保證有效|深層修復|替代藥物
Douyin_LINE109,LINE109,抖音,2026-07-28,12:00,處暑後運動暖身提醒,F,低,pending_legal_pharmacist_review,false,處暑后運動暖身提醒,"0-3秒 Hook：處暑后運動暖身提醒，你也遇過嗎？
3-12秒 情境：拍攝喜歡養生、节氣与日常保健的 LINE 讀者的日常動作，字幕点出「處暑后運動暖身提醒」。
12-25秒 知識：外用油膏应放在保守邊界：以生活保健与身体觉察为主，不做医疗疗效宣稱。
25-36秒 安全：节氣養生屬一般生活資讯，身体不适仍应咨询專業人員。
36-45秒 CTA：使用前看标示，收藏这支，下次別用錯。",處暑后運動暖身提醒的重点是依标示使用，不誇大、不神化。本内容为一般生活保健資讯，非医疗診斷或治疗建議。,#節氣保養 #生活保健 #日常保養 #身體覺察,"0-3秒 Hook：處暑后運動暖身提醒，你也遇過嗎？
3-12秒 情境：拍攝喜歡養生、节氣与日常保健的 LINE 讀者的日常動作，字幕点出「處暑后運動暖身提醒」。
12-25秒 知識：外用油膏应放在保守邊界：以生活保健与身体觉察为主，不做医疗疗效宣稱。
25-36秒 安全：节氣養生屬一般生活資讯，身体不适仍应咨询專業人員。
36-45秒 CTA：使用前看标示，收藏这支，下次別用錯。",本內容為一般生活保健資訊，非醫療診斷或治療建議。,節氣養生屬一般生活資訊，身體不適仍應諮詢專業人員。,根治|治療疾病|消炎治本|打通經絡|一擦就好|保證有效|深層修復|替代藥物
Douyin_LINE110,LINE110,抖音,2026-07-28,20:00,兒童使用前的安全提醒,E,高,pending_legal_pharmacist_review,false,兒童使用前的安全提醒,"0-3秒 Hook：兒童使用前的安全提醒，你也遇過嗎？
3-12秒 情境：拍攝所有使用者、照護者与家庭購買者的日常動作，字幕点出「兒童使用前的安全提醒」。
12-25秒 知識：外用油膏应放在保守邊界：安全使用比用得多更重要，依标示与風險族群提醒。
25-36秒 安全：2 歲以下、孕哺、過敏体質、抗凝血药使用者请先询問專業人員。
36-45秒 CTA：使用前看标示，收藏这支，下次別用錯。",兒童使用前的安全提醒的重点是依标示使用，不誇大、不神化。僅供外用。避免接触眼睛、黏膜、破皮或傷口；特殊族群使用前请先咨询專業人員。,#外用安全 #用藥安全 #使用前看標示 #諮詢醫師藥師,"0-3秒 Hook：兒童使用前的安全提醒，你也遇過嗎？
3-12秒 情境：拍攝所有使用者、照護者与家庭購買者的日常動作，字幕点出「兒童使用前的安全提醒」。
12-25秒 知識：外用油膏应放在保守邊界：安全使用比用得多更重要，依标示与風險族群提醒。
25-36秒 安全：2 歲以下、孕哺、過敏体質、抗凝血药使用者请先询問專業人員。
36-45秒 CTA：使用前看标示，收藏这支，下次別用錯。",僅供外用。避免接觸眼睛、黏膜、破皮或傷口；特殊族群使用前請先諮詢專業人員。,2 歲以下、孕哺、過敏體質、抗凝血藥使用者請先詢問專業人員。,根治|治療疾病|消炎治本|打通經絡|一擦就好|保證有效|深層修復|替代藥物
Douyin_LINE111,LINE111,抖音,2026-07-29,12:00,官方適應症與社群文案的差異,H,中,pending_legal_pharmacist_review,false,官方适应症与社群文案的差異,"0-3秒 Hook：官方适应症与社群文案的差異，你也遇過嗎？
3-12秒 情境：拍攝重視药证、成分、品質与合法性的消費者的日常動作，字幕点出「官方适应症与社群文案的差異」。
12-25秒 知識：外用油膏应放在保守邊界：強調药证、标示、保守宣稱与人工审核流程。
25-36秒 安全：所有广告文案仍須依主管機关与專業人員审核。
36-45秒 CTA：使用前看标示，收藏这支，下次別用錯。",官方适应症与社群文案的差異的重点是依标示使用，不誇大、不神化。本产品为外用油膏，请依核准标示使用；若症狀持續或惡化，请咨询医师或药师。,#藥證可查 #品牌透明 #合法宣傳 #成分透明,"0-3秒 Hook：官方适应症与社群文案的差異，你也遇過嗎？
3-12秒 情境：拍攝重視药证、成分、品質与合法性的消費者的日常動作，字幕点出「官方适应症与社群文案的差異」。
12-25秒 知識：外用油膏应放在保守邊界：強調药证、标示、保守宣稱与人工审核流程。
25-36秒 安全：所有广告文案仍須依主管機关与專業人員审核。
36-45秒 CTA：使用前看标示，收藏这支，下次別用錯。",本產品為外用油膏，請依核准標示使用；若症狀持續或惡化，請諮詢醫師或藥師。,所有廣告文案仍須依主管機關與專業人員審核。,根治|治療疾病|消炎治本|打通經絡|一擦就好|保證有效|深層修復|替代藥物
Douyin_LINE112,LINE112,抖音,2026-07-29,20:00,久坐族最想舒緩哪裡,G,低,pending_legal_pharmacist_review,false,久坐族最想舒缓哪裡,"0-3秒 Hook：久坐族最想舒缓哪裡，你也遇過嗎？
3-12秒 情境：拍攝LINE OA 好友、回購客与新客的日常動作，字幕点出「久坐族最想舒缓哪裡」。
12-25秒 知識：外用油膏应放在保守邊界：用問答降低誤用，讓使用者知道何时該询問專業人員。
25-36秒 安全：互動回答不取代医师或药师建議。
36-45秒 CTA：使用前看标示，收藏这支，下次別用錯。",久坐族最想舒缓哪裡的重点是依标示使用，不誇大、不神化。本内容为一般生活保健資讯，非医疗診斷或治疗建議。,#互動問答 #保養知識 #使用小提醒 #金牌一條根,"0-3秒 Hook：久坐族最想舒缓哪裡，你也遇過嗎？
3-12秒 情境：拍攝LINE OA 好友、回購客与新客的日常動作，字幕点出「久坐族最想舒缓哪裡」。
12-25秒 知識：外用油膏应放在保守邊界：用問答降低誤用，讓使用者知道何时該询問專業人員。
25-36秒 安全：互動回答不取代医师或药师建議。
36-45秒 CTA：使用前看标示，收藏这支，下次別用錯。",本內容為一般生活保健資訊，非醫療診斷或治療建議。,互動回答不取代醫師或藥師建議。,根治|治療疾病|消炎治本|打通經絡|一擦就好|保證有效|深層修復|替代藥物
Douyin_LINE113,LINE113,抖音,2026-07-30,12:00,跑步後膝周不適的保守提醒,C,中,pending_legal_pharmacist_review,false,跑步后膝周不适的保守提醒,"0-3秒 Hook：跑步后膝周不适的保守提醒，你也遇過嗎？
3-12秒 情境：拍攝運動族、搬重物、久站与勞動工作者的日常動作，字幕点出「跑步后膝周不适的保守提醒」。
12-25秒 知識：外用油膏应放在保守邊界：運動或勞動后的局部肌肉酸痛，可短期按摩舒缓。
25-36秒 安全：明顯腫脹、劇痛、活動受限或疑似受傷时，请先就医。
36-45秒 CTA：使用前看标示，收藏这支，下次別用錯。",跑步后膝周不适的保守提醒的重点是依标示使用，不誇大、不神化。本产品为外用油膏，请依核准标示使用；若症狀持續或惡化，请咨询医师或药师。,#運動後保養 #局部按摩 #肌肉痠痛 #依標示使用,"0-3秒 Hook：跑步后膝周不适的保守提醒，你也遇過嗎？
3-12秒 情境：拍攝運動族、搬重物、久站与勞動工作者的日常動作，字幕点出「跑步后膝周不适的保守提醒」。
12-25秒 知識：外用油膏应放在保守邊界：運動或勞動后的局部肌肉酸痛，可短期按摩舒缓。
25-36秒 安全：明顯腫脹、劇痛、活動受限或疑似受傷时，请先就医。
36-45秒 CTA：使用前看标示，收藏这支，下次別用錯。",本產品為外用油膏，請依核准標示使用；若症狀持續或惡化，請諮詢醫師或藥師。,明顯腫脹、劇痛、活動受限或疑似受傷時，請先就醫。,根治|治療疾病|消炎治本|打通經絡|一擦就好|保證有效|深層修復|替代藥物
Douyin_LINE114,LINE114,抖音,2026-07-30,20:00,成分濃度為什麼要看標示,A,中,pending_legal_pharmacist_review,false,成分濃度为什麼要看标示,"0-3秒 Hook：成分濃度为什麼要看标示，你也遇過嗎？
3-12秒 情境：拍攝已購買或正在觀望的一條根使用者的日常動作，字幕点出「成分濃度为什麼要看标示」。
12-25秒 知識：外用油膏应放在保守邊界：依标示外用，提供局部按摩与暂时舒缓体感。
25-36秒 安全：僅供外用；避免眼周、黏膜、破皮或傷口。
36-45秒 CTA：使用前看标示，收藏这支，下次別用錯。",成分濃度为什麼要看标示的重点是依标示使用，不誇大、不神化。本产品为外用油膏，请依核准标示使用；若症狀持續或惡化，请咨询医师或药师。,#金牌一條根 #外用油膏 #成分透明 #依標示使用,"0-3秒 Hook：成分濃度为什麼要看标示，你也遇過嗎？
3-12秒 情境：拍攝已購買或正在觀望的一條根使用者的日常動作，字幕点出「成分濃度为什麼要看标示」。
12-25秒 知識：外用油膏应放在保守邊界：依标示外用，提供局部按摩与暂时舒缓体感。
25-36秒 安全：僅供外用；避免眼周、黏膜、破皮或傷口。
36-45秒 CTA：使用前看标示，收藏这支，下次別用錯。",本產品為外用油膏，請依核准標示使用；若症狀持續或惡化，請諮詢醫師或藥師。,僅供外用；避免眼周、黏膜、破皮或傷口。,根治|治療疾病|消炎治本|打通經絡|一擦就好|保證有效|深層修復|替代藥物
Douyin_LINE115,LINE115,抖音,2026-07-31,12:00,照顧爸媽時的外用提醒,D,中,pending_legal_pharmacist_review,false,照顧爸媽时的外用提醒,"0-3秒 Hook：照顧爸媽时的外用提醒，你也遇過嗎？
3-12秒 情境：拍攝40-70 歲注重日常活動舒适度的族群的日常動作，字幕点出「照顧爸媽时的外用提醒」。
12-25秒 知識：外用油膏应放在保守邊界：轻微关节酸痛可短期舒缓，但不可宣稱治疗疾病。
25-36秒 安全：关节腫痛、紅熱、长期疼痛或行走困難，请就医評估。
36-45秒 CTA：使用前看标示，收藏这支，下次別用錯。",照顧爸媽时的外用提醒的重点是依标示使用，不誇大、不神化。本产品为外用油膏，请依核准标示使用；若症狀持續或惡化，请咨询医师或药师。,#銀髮保養 #活動舒適 #輕微痠痛 #依標示使用,"0-3秒 Hook：照顧爸媽时的外用提醒，你也遇過嗎？
3-12秒 情境：拍攝40-70 歲注重日常活動舒适度的族群的日常動作，字幕点出「照顧爸媽时的外用提醒」。
12-25秒 知識：外用油膏应放在保守邊界：轻微关节酸痛可短期舒缓，但不可宣稱治疗疾病。
25-36秒 安全：关节腫痛、紅熱、长期疼痛或行走困難，请就医評估。
36-45秒 CTA：使用前看标示，收藏这支，下次別用錯。",本產品為外用油膏，請依核准標示使用；若症狀持續或惡化，請諮詢醫師或藥師。,關節腫痛、紅熱、長期疼痛或行走困難，請就醫評估。,根治|治療疾病|消炎治本|打通經絡|一擦就好|保證有效|深層修復|替代藥物
Douyin_LINE116,LINE116,抖音,2026-07-31,20:00,孕婦與哺乳族群先詢問專業人員,E,高,pending_legal_pharmacist_review,false,孕婦与哺乳族群先询問專業人員,"0-3秒 Hook：孕婦与哺乳族群先询問專業人員，你也遇過嗎？
3-12秒 情境：拍攝所有使用者、照護者与家庭購買者的日常動作，字幕点出「孕婦与哺乳族群先询問專業人員」。
12-25秒 知識：外用油膏应放在保守邊界：安全使用比用得多更重要，依标示与風險族群提醒。
25-36秒 安全：2 歲以下、孕哺、過敏体質、抗凝血药使用者请先询問專業人員。
36-45秒 CTA：使用前看标示，收藏这支，下次別用錯。",孕婦与哺乳族群先询問專業人員的重点是依标示使用，不誇大、不神化。僅供外用。避免接触眼睛、黏膜、破皮或傷口；特殊族群使用前请先咨询專業人員。,#外用安全 #用藥安全 #使用前看標示 #諮詢醫師藥師,"0-3秒 Hook：孕婦与哺乳族群先询問專業人員，你也遇過嗎？
3-12秒 情境：拍攝所有使用者、照護者与家庭購買者的日常動作，字幕点出「孕婦与哺乳族群先询問專業人員」。
12-25秒 知識：外用油膏应放在保守邊界：安全使用比用得多更重要，依标示与風險族群提醒。
25-36秒 安全：2 歲以下、孕哺、過敏体質、抗凝血药使用者请先询問專業人員。
36-45秒 CTA：使用前看标示，收藏这支，下次別用錯。",僅供外用。避免接觸眼睛、黏膜、破皮或傷口；特殊族群使用前請先諮詢專業人員。,2 歲以下、孕哺、過敏體質、抗凝血藥使用者請先詢問專業人員。,根治|治療疾病|消炎治本|打通經絡|一擦就好|保證有效|深層修復|替代藥物
Douyin_LINE117,LINE117,抖音,2026-08-01,12:00,白露時節關心長輩活動,F,低,pending_legal_pharmacist_review,false,白露时节关心长輩活動,"0-3秒 Hook：白露时节关心长輩活動，你也遇過嗎？
3-12秒 情境：拍攝喜歡養生、节氣与日常保健的 LINE 讀者的日常動作，字幕点出「白露时节关心长輩活動」。
12-25秒 知識：外用油膏应放在保守邊界：以生活保健与身体觉察为主，不做医疗疗效宣稱。
25-36秒 安全：节氣養生屬一般生活資讯，身体不适仍应咨询專業人員。
36-45秒 CTA：使用前看标示，收藏这支，下次別用錯。",白露时节关心长輩活動的重点是依标示使用，不誇大、不神化。本内容为一般生活保健資讯，非医疗診斷或治疗建議。,#節氣保養 #生活保健 #日常保養 #身體覺察,"0-3秒 Hook：白露时节关心长輩活動，你也遇過嗎？
3-12秒 情境：拍攝喜歡養生、节氣与日常保健的 LINE 讀者的日常動作，字幕点出「白露时节关心长輩活動」。
12-25秒 知識：外用油膏应放在保守邊界：以生活保健与身体觉察为主，不做医疗疗效宣稱。
25-36秒 安全：节氣養生屬一般生活資讯，身体不适仍应咨询專業人員。
36-45秒 CTA：使用前看标示，收藏这支，下次別用錯。",本內容為一般生活保健資訊，非醫療診斷或治療建議。,節氣養生屬一般生活資訊，身體不適仍應諮詢專業人員。,根治|治療疾病|消炎治本|打通經絡|一擦就好|保證有效|深層修復|替代藥物
Douyin_LINE118,LINE118,抖音,2026-08-01,20:00,勞動後先休息再按摩,C,中,pending_legal_pharmacist_review,false,勞動后先休息再按摩,"0-3秒 Hook：勞動后先休息再按摩，你也遇過嗎？
3-12秒 情境：拍攝運動族、搬重物、久站与勞動工作者的日常動作，字幕点出「勞動后先休息再按摩」。
12-25秒 知識：外用油膏应放在保守邊界：運動或勞動后的局部肌肉酸痛，可短期按摩舒缓。
25-36秒 安全：明顯腫脹、劇痛、活動受限或疑似受傷时，请先就医。
36-45秒 CTA：使用前看标示，收藏这支，下次別用錯。",勞動后先休息再按摩的重点是依标示使用，不誇大、不神化。本产品为外用油膏，请依核准标示使用；若症狀持續或惡化，请咨询医师或药师。,#運動後保養 #局部按摩 #肌肉痠痛 #依標示使用,"0-3秒 Hook：勞動后先休息再按摩，你也遇過嗎？
3-12秒 情境：拍攝運動族、搬重物、久站与勞動工作者的日常動作，字幕点出「勞動后先休息再按摩」。
12-25秒 知識：外用油膏应放在保守邊界：運動或勞動后的局部肌肉酸痛，可短期按摩舒缓。
25-36秒 安全：明顯腫脹、劇痛、活動受限或疑似受傷时，请先就医。
36-45秒 CTA：使用前看标示，收藏这支，下次別用錯。",本產品為外用油膏，請依核准標示使用；若症狀持續或惡化，請諮詢醫師或藥師。,明顯腫脹、劇痛、活動受限或疑似受傷時，請先就醫。,根治|治療疾病|消炎治本|打通經絡|一擦就好|保證有效|深層修復|替代藥物
Douyin_LINE119,LINE119,抖音,2026-08-02,12:00,長輩使用外用膏你會提醒什麼,G,低,pending_legal_pharmacist_review,false,长輩使用外用膏你会提醒什麼,"0-3秒 Hook：长輩使用外用膏你会提醒什麼，你也遇過嗎？
3-12秒 情境：拍攝LINE OA 好友、回購客与新客的日常動作，字幕点出「长輩使用外用膏你会提醒什麼」。
12-25秒 知識：外用油膏应放在保守邊界：用問答降低誤用，讓使用者知道何时該询問專業人員。
25-36秒 安全：互動回答不取代医师或药师建議。
36-45秒 CTA：使用前看标示，收藏这支，下次別用錯。",长輩使用外用膏你会提醒什麼的重点是依标示使用，不誇大、不神化。本内容为一般生活保健資讯，非医疗診斷或治疗建議。,#互動問答 #保養知識 #使用小提醒 #金牌一條根,"0-3秒 Hook：长輩使用外用膏你会提醒什麼，你也遇過嗎？
3-12秒 情境：拍攝LINE OA 好友、回購客与新客的日常動作，字幕点出「长輩使用外用膏你会提醒什麼」。
12-25秒 知識：外用油膏应放在保守邊界：用問答降低誤用，讓使用者知道何时該询問專業人員。
25-36秒 安全：互動回答不取代医师或药师建議。
36-45秒 CTA：使用前看标示，收藏这支，下次別用錯。",本內容為一般生活保健資訊，非醫療診斷或治療建議。,互動回答不取代醫師或藥師建議。,根治|治療疾病|消炎治本|打通經絡|一擦就好|保證有效|深層修復|替代藥物
Douyin_LINE120,LINE120,抖音,2026-08-02,20:00,日常活動舒適度的三個習慣,D,中,pending_legal_pharmacist_review,false,日常活動舒适度的三個習慣,"0-3秒 Hook：日常活動舒适度的三個習慣，你也遇過嗎？
3-12秒 情境：拍攝40-70 歲注重日常活動舒适度的族群的日常動作，字幕点出「日常活動舒适度的三個習慣」。
12-25秒 知識：外用油膏应放在保守邊界：轻微关节酸痛可短期舒缓，但不可宣稱治疗疾病。
25-36秒 安全：关节腫痛、紅熱、长期疼痛或行走困難，请就医評估。
36-45秒 CTA：使用前看标示，收藏这支，下次別用錯。",日常活動舒适度的三個習慣的重点是依标示使用，不誇大、不神化。本产品为外用油膏，请依核准标示使用；若症狀持續或惡化，请咨询医师或药师。,#銀髮保養 #活動舒適 #輕微痠痛 #依標示使用,"0-3秒 Hook：日常活動舒适度的三個習慣，你也遇過嗎？
3-12秒 情境：拍攝40-70 歲注重日常活動舒适度的族群的日常動作，字幕点出「日常活動舒适度的三個習慣」。
12-25秒 知識：外用油膏应放在保守邊界：轻微关节酸痛可短期舒缓，但不可宣稱治疗疾病。
25-36秒 安全：关节腫痛、紅熱、长期疼痛或行走困難，请就医評估。
36-45秒 CTA：使用前看标示，收藏这支，下次別用錯。",本產品為外用油膏，請依核准標示使用；若症狀持續或惡化，請諮詢醫師或藥師。,關節腫痛、紅熱、長期疼痛或行走困難，請就醫評估。,根治|治療疾病|消炎治本|打通經絡|一擦就好|保證有效|深層修復|替代藥物
Douyin_LINE121,LINE121,抖音,2026-08-03,12:00,背包太重後的肩膀保養,B,低,pending_legal_pharmacist_review,false,背包太重后的肩膀保養,"0-3秒 Hook：背包太重后的肩膀保養，你也遇過嗎？
3-12秒 情境：拍攝长时間低頭、久坐、用電腦的上班族的日常動作，字幕点出「背包太重后的肩膀保養」。
12-25秒 知識：外用油膏应放在保守邊界：久坐低頭后，可搭配伸展与局部按摩舒缓緊繃不适。
25-36秒 安全：若酸痛持續、麻木或影響活動，请咨询医师或药师。
36-45秒 CTA：使用前看标示，收藏这支，下次別用錯。",背包太重后的肩膀保養的重点是依标示使用，不誇大、不神化。本内容为一般生活保健資讯，非医疗診斷或治疗建議。,#肩頸保養 #久坐族 #日常舒緩 #依標示使用,"0-3秒 Hook：背包太重后的肩膀保養，你也遇過嗎？
3-12秒 情境：拍攝长时間低頭、久坐、用電腦的上班族的日常動作，字幕点出「背包太重后的肩膀保養」。
12-25秒 知識：外用油膏应放在保守邊界：久坐低頭后，可搭配伸展与局部按摩舒缓緊繃不适。
25-36秒 安全：若酸痛持續、麻木或影響活動，请咨询医师或药师。
36-45秒 CTA：使用前看标示，收藏这支，下次別用錯。",本內容為一般生活保健資訊，非醫療診斷或治療建議。,若痠痛持續、麻木或影響活動，請諮詢醫師或藥師。,根治|治療疾病|消炎治本|打通經絡|一擦就好|保證有效|深層修復|替代藥物
Douyin_LINE122,LINE122,抖音,2026-08-03,20:00,局部按摩和大面積厚敷的差別,A,中,pending_legal_pharmacist_review,false,局部按摩和大面積厚敷的差別,"0-3秒 Hook：局部按摩和大面積厚敷的差別，你也遇過嗎？
3-12秒 情境：拍攝已購買或正在觀望的一條根使用者的日常動作，字幕点出「局部按摩和大面積厚敷的差別」。
12-25秒 知識：外用油膏应放在保守邊界：依标示外用，提供局部按摩与暂时舒缓体感。
25-36秒 安全：僅供外用；避免眼周、黏膜、破皮或傷口。
36-45秒 CTA：使用前看标示，收藏这支，下次別用錯。",局部按摩和大面積厚敷的差別的重点是依标示使用，不誇大、不神化。本产品为外用油膏，请依核准标示使用；若症狀持續或惡化，请咨询医师或药师。,#金牌一條根 #外用油膏 #成分透明 #依標示使用,"0-3秒 Hook：局部按摩和大面積厚敷的差別，你也遇過嗎？
3-12秒 情境：拍攝已購買或正在觀望的一條根使用者的日常動作，字幕点出「局部按摩和大面積厚敷的差別」。
12-25秒 知識：外用油膏应放在保守邊界：依标示外用，提供局部按摩与暂时舒缓体感。
25-36秒 安全：僅供外用；避免眼周、黏膜、破皮或傷口。
36-45秒 CTA：使用前看标示，收藏这支，下次別用錯。",本產品為外用油膏，請依核准標示使用；若症狀持續或惡化，請諮詢醫師或藥師。,僅供外用；避免眼周、黏膜、破皮或傷口。,根治|治療疾病|消炎治本|打通經絡|一擦就好|保證有效|深層修復|替代藥物
Douyin_LINE123,LINE123,抖音,2026-08-04,12:00,秋分後外出前暖身,F,低,pending_legal_pharmacist_review,false,秋分后外出前暖身,"0-3秒 Hook：秋分后外出前暖身，你也遇過嗎？
3-12秒 情境：拍攝喜歡養生、节氣与日常保健的 LINE 讀者的日常動作，字幕点出「秋分后外出前暖身」。
12-25秒 知識：外用油膏应放在保守邊界：以生活保健与身体觉察为主，不做医疗疗效宣稱。
25-36秒 安全：节氣養生屬一般生活資讯，身体不适仍应咨询專業人員。
36-45秒 CTA：使用前看标示，收藏这支，下次別用錯。",秋分后外出前暖身的重点是依标示使用，不誇大、不神化。本内容为一般生活保健資讯，非医疗診斷或治疗建議。,#節氣保養 #生活保健 #日常保養 #身體覺察,"0-3秒 Hook：秋分后外出前暖身，你也遇過嗎？
3-12秒 情境：拍攝喜歡養生、节氣与日常保健的 LINE 讀者的日常動作，字幕点出「秋分后外出前暖身」。
12-25秒 知識：外用油膏应放在保守邊界：以生活保健与身体觉察为主，不做医疗疗效宣稱。
25-36秒 安全：节氣養生屬一般生活資讯，身体不适仍应咨询專業人員。
36-45秒 CTA：使用前看标示，收藏这支，下次別用錯。",本內容為一般生活保健資訊，非醫療診斷或治療建議。,節氣養生屬一般生活資訊，身體不適仍應諮詢專業人員。,根治|治療疾病|消炎治本|打通經絡|一擦就好|保證有效|深層修復|替代藥物
Douyin_LINE124,LINE124,抖音,2026-08-04,20:00,症狀超過七天要停用並諮詢,E,高,pending_legal_pharmacist_review,false,症狀超過七天要停用並咨询,"0-3秒 Hook：症狀超過七天要停用並咨询，你也遇過嗎？
3-12秒 情境：拍攝所有使用者、照護者与家庭購買者的日常動作，字幕点出「症狀超過七天要停用並咨询」。
12-25秒 知識：外用油膏应放在保守邊界：安全使用比用得多更重要，依标示与風險族群提醒。
25-36秒 安全：2 歲以下、孕哺、過敏体質、抗凝血药使用者请先询問專業人員。
36-45秒 CTA：使用前看标示，收藏这支，下次別用錯。",症狀超過七天要停用並咨询的重点是依标示使用，不誇大、不神化。僅供外用。避免接触眼睛、黏膜、破皮或傷口；特殊族群使用前请先咨询專業人員。,#外用安全 #用藥安全 #使用前看標示 #諮詢醫師藥師,"0-3秒 Hook：症狀超過七天要停用並咨询，你也遇過嗎？
3-12秒 情境：拍攝所有使用者、照護者与家庭購買者的日常動作，字幕点出「症狀超過七天要停用並咨询」。
12-25秒 知識：外用油膏应放在保守邊界：安全使用比用得多更重要，依标示与風險族群提醒。
25-36秒 安全：2 歲以下、孕哺、過敏体質、抗凝血药使用者请先询問專業人員。
36-45秒 CTA：使用前看标示，收藏这支，下次別用錯。",僅供外用。避免接觸眼睛、黏膜、破皮或傷口；特殊族群使用前請先諮詢專業人員。,2 歲以下、孕哺、過敏體質、抗凝血藥使用者請先詢問專業人員。,根治|治療疾病|消炎治本|打通經絡|一擦就好|保證有效|深層修復|替代藥物
Douyin_LINE125,LINE125,抖音,2026-08-05,12:00,為什麼不鼓勵擦傷口,H,中,pending_legal_pharmacist_review,false,为什麼不鼓勵擦傷口,"0-3秒 Hook：为什麼不鼓勵擦傷口，你也遇過嗎？
3-12秒 情境：拍攝重視药证、成分、品質与合法性的消費者的日常動作，字幕点出「为什麼不鼓勵擦傷口」。
12-25秒 知識：外用油膏应放在保守邊界：強調药证、标示、保守宣稱与人工审核流程。
25-36秒 安全：所有广告文案仍須依主管機关与專業人員审核。
36-45秒 CTA：使用前看标示，收藏这支，下次別用錯。",为什麼不鼓勵擦傷口的重点是依标示使用，不誇大、不神化。本产品为外用油膏，请依核准标示使用；若症狀持續或惡化，请咨询医师或药师。,#藥證可查 #品牌透明 #合法宣傳 #成分透明,"0-3秒 Hook：为什麼不鼓勵擦傷口，你也遇過嗎？
3-12秒 情境：拍攝重視药证、成分、品質与合法性的消費者的日常動作，字幕点出「为什麼不鼓勵擦傷口」。
12-25秒 知識：外用油膏应放在保守邊界：強調药证、标示、保守宣稱与人工审核流程。
25-36秒 安全：所有广告文案仍須依主管機关与專業人員审核。
36-45秒 CTA：使用前看标示，收藏这支，下次別用錯。",本產品為外用油膏，請依核准標示使用；若症狀持續或惡化，請諮詢醫師或藥師。,所有廣告文案仍須依主管機關與專業人員審核。,根治|治療疾病|消炎治本|打通經絡|一擦就好|保證有效|深層修復|替代藥物
Douyin_LINE126,LINE126,抖音,2026-08-05,20:00,一條根可以天天厚敷嗎,G,低,pending_legal_pharmacist_review,false,一條根可以天天厚敷嗎,"0-3秒 Hook：一條根可以天天厚敷嗎，你也遇過嗎？
3-12秒 情境：拍攝LINE OA 好友、回購客与新客的日常動作，字幕点出「一條根可以天天厚敷嗎」。
12-25秒 知識：外用油膏应放在保守邊界：用問答降低誤用，讓使用者知道何时該询問專業人員。
25-36秒 安全：互動回答不取代医师或药师建議。
36-45秒 CTA：使用前看标示，收藏这支，下次別用錯。",一條根可以天天厚敷嗎的重点是依标示使用，不誇大、不神化。本内容为一般生活保健資讯，非医疗診斷或治疗建議。,#互動問答 #保養知識 #使用小提醒 #金牌一條根,"0-3秒 Hook：一條根可以天天厚敷嗎，你也遇過嗎？
3-12秒 情境：拍攝LINE OA 好友、回購客与新客的日常動作，字幕点出「一條根可以天天厚敷嗎」。
12-25秒 知識：外用油膏应放在保守邊界：用問答降低誤用，讓使用者知道何时該询問專業人員。
25-36秒 安全：互動回答不取代医师或药师建議。
36-45秒 CTA：使用前看标示，收藏这支，下次別用錯。",本內容為一般生活保健資訊，非醫療診斷或治療建議。,互動回答不取代醫師或藥師建議。,根治|治療疾病|消炎治本|打通經絡|一擦就好|保證有效|深層修復|替代藥物
Douyin_LINE127,LINE127,抖音,2026-08-06,12:00,運動後不要立刻熱敷加藥膏,C,中,pending_legal_pharmacist_review,false,運動后不要立刻熱敷加药膏,"0-3秒 Hook：運動后不要立刻熱敷加药膏，你也遇過嗎？
3-12秒 情境：拍攝運動族、搬重物、久站与勞動工作者的日常動作，字幕点出「運動后不要立刻熱敷加药膏」。
12-25秒 知識：外用油膏应放在保守邊界：運動或勞動后的局部肌肉酸痛，可短期按摩舒缓。
25-36秒 安全：明顯腫脹、劇痛、活動受限或疑似受傷时，请先就医。
36-45秒 CTA：使用前看标示，收藏这支，下次別用錯。",運動后不要立刻熱敷加药膏的重点是依标示使用，不誇大、不神化。本产品为外用油膏，请依核准标示使用；若症狀持續或惡化，请咨询医师或药师。,#運動後保養 #局部按摩 #肌肉痠痛 #依標示使用,"0-3秒 Hook：運動后不要立刻熱敷加药膏，你也遇過嗎？
3-12秒 情境：拍攝運動族、搬重物、久站与勞動工作者的日常動作，字幕点出「運動后不要立刻熱敷加药膏」。
12-25秒 知識：外用油膏应放在保守邊界：運動或勞動后的局部肌肉酸痛，可短期按摩舒缓。
25-36秒 安全：明顯腫脹、劇痛、活動受限或疑似受傷时，请先就医。
36-45秒 CTA：使用前看标示，收藏这支，下次別用錯。",本產品為外用油膏，請依核准標示使用；若症狀持續或惡化，請諮詢醫師或藥師。,明顯腫脹、劇痛、活動受限或疑似受傷時，請先就醫。,根治|治療疾病|消炎治本|打通經絡|一擦就好|保證有效|深層修復|替代藥物
Douyin_LINE128,LINE128,抖音,2026-08-06,20:00,使用前先小範圍測試,A,中,pending_legal_pharmacist_review,false,使用前先小範圍測試,"0-3秒 Hook：使用前先小範圍測試，你也遇過嗎？
3-12秒 情境：拍攝已購買或正在觀望的一條根使用者的日常動作，字幕点出「使用前先小範圍測試」。
12-25秒 知識：外用油膏应放在保守邊界：依标示外用，提供局部按摩与暂时舒缓体感。
25-36秒 安全：僅供外用；避免眼周、黏膜、破皮或傷口。
36-45秒 CTA：使用前看标示，收藏这支，下次別用錯。",使用前先小範圍測試的重点是依标示使用，不誇大、不神化。本产品为外用油膏，请依核准标示使用；若症狀持續或惡化，请咨询医师或药师。,#金牌一條根 #外用油膏 #成分透明 #依標示使用,"0-3秒 Hook：使用前先小範圍測試，你也遇過嗎？
3-12秒 情境：拍攝已購買或正在觀望的一條根使用者的日常動作，字幕点出「使用前先小範圍測試」。
12-25秒 知識：外用油膏应放在保守邊界：依标示外用，提供局部按摩与暂时舒缓体感。
25-36秒 安全：僅供外用；避免眼周、黏膜、破皮或傷口。
36-45秒 CTA：使用前看标示，收藏这支，下次別用錯。",本產品為外用油膏，請依核准標示使用；若症狀持續或惡化，請諮詢醫師或藥師。,僅供外用；避免眼周、黏膜、破皮或傷口。,根治|治療疾病|消炎治本|打通經絡|一擦就好|保證有效|深層修復|替代藥物
Douyin_LINE129,LINE129,抖音,2026-08-07,12:00,長輩使用前先看標示,D,中,pending_legal_pharmacist_review,false,长輩使用前先看标示,"0-3秒 Hook：长輩使用前先看标示，你也遇過嗎？
3-12秒 情境：拍攝40-70 歲注重日常活動舒适度的族群的日常動作，字幕点出「长輩使用前先看标示」。
12-25秒 知識：外用油膏应放在保守邊界：轻微关节酸痛可短期舒缓，但不可宣稱治疗疾病。
25-36秒 安全：关节腫痛、紅熱、长期疼痛或行走困難，请就医評估。
36-45秒 CTA：使用前看标示，收藏这支，下次別用錯。",长輩使用前先看标示的重点是依标示使用，不誇大、不神化。本产品为外用油膏，请依核准标示使用；若症狀持續或惡化，请咨询医师或药师。,#銀髮保養 #活動舒適 #輕微痠痛 #依標示使用,"0-3秒 Hook：长輩使用前先看标示，你也遇過嗎？
3-12秒 情境：拍攝40-70 歲注重日常活動舒适度的族群的日常動作，字幕点出「长輩使用前先看标示」。
12-25秒 知識：外用油膏应放在保守邊界：轻微关节酸痛可短期舒缓，但不可宣稱治疗疾病。
25-36秒 安全：关节腫痛、紅熱、长期疼痛或行走困難，请就医評估。
36-45秒 CTA：使用前看标示，收藏这支，下次別用錯。",本產品為外用油膏，請依核准標示使用；若症狀持續或惡化，請諮詢醫師或藥師。,關節腫痛、紅熱、長期疼痛或行走困難，請就醫評估。,根治|治療疾病|消炎治本|打通經絡|一擦就好|保證有效|深層修復|替代藥物
Douyin_LINE130,LINE130,抖音,2026-08-07,20:00,皮膚刺激時要停止使用,E,高,pending_legal_pharmacist_review,false,皮膚刺激时要停止使用,"0-3秒 Hook：皮膚刺激时要停止使用，你也遇過嗎？
3-12秒 情境：拍攝所有使用者、照護者与家庭購買者的日常動作，字幕点出「皮膚刺激时要停止使用」。
12-25秒 知識：外用油膏应放在保守邊界：安全使用比用得多更重要，依标示与風險族群提醒。
25-36秒 安全：2 歲以下、孕哺、過敏体質、抗凝血药使用者请先询問專業人員。
36-45秒 CTA：使用前看标示，收藏这支，下次別用錯。",皮膚刺激时要停止使用的重点是依标示使用，不誇大、不神化。僅供外用。避免接触眼睛、黏膜、破皮或傷口；特殊族群使用前请先咨询專業人員。,#外用安全 #用藥安全 #使用前看標示 #諮詢醫師藥師,"0-3秒 Hook：皮膚刺激时要停止使用，你也遇過嗎？
3-12秒 情境：拍攝所有使用者、照護者与家庭購買者的日常動作，字幕点出「皮膚刺激时要停止使用」。
12-25秒 知識：外用油膏应放在保守邊界：安全使用比用得多更重要，依标示与風險族群提醒。
25-36秒 安全：2 歲以下、孕哺、過敏体質、抗凝血药使用者请先询問專業人員。
36-45秒 CTA：使用前看标示，收藏这支，下次別用錯。",僅供外用。避免接觸眼睛、黏膜、破皮或傷口；特殊族群使用前請先諮詢專業人員。,2 歲以下、孕哺、過敏體質、抗凝血藥使用者請先詢問專業人員。,根治|治療疾病|消炎治本|打通經絡|一擦就好|保證有效|深層修復|替代藥物
Douyin_LINE131,LINE131,抖音,2026-08-08,12:00,寒露後肩背保養,F,低,pending_legal_pharmacist_review,false,寒露后肩背保養,"0-3秒 Hook：寒露后肩背保養，你也遇過嗎？
3-12秒 情境：拍攝喜歡養生、节氣与日常保健的 LINE 讀者的日常動作，字幕点出「寒露后肩背保養」。
12-25秒 知識：外用油膏应放在保守邊界：以生活保健与身体觉察为主，不做医疗疗效宣稱。
25-36秒 安全：节氣養生屬一般生活資讯，身体不适仍应咨询專業人員。
36-45秒 CTA：使用前看标示，收藏这支，下次別用錯。",寒露后肩背保養的重点是依标示使用，不誇大、不神化。本内容为一般生活保健資讯，非医疗診斷或治疗建議。,#節氣保養 #生活保健 #日常保養 #身體覺察,"0-3秒 Hook：寒露后肩背保養，你也遇過嗎？
3-12秒 情境：拍攝喜歡養生、节氣与日常保健的 LINE 讀者的日常動作，字幕点出「寒露后肩背保養」。
12-25秒 知識：外用油膏应放在保守邊界：以生活保健与身体觉察为主，不做医疗疗效宣稱。
25-36秒 安全：节氣養生屬一般生活資讯，身体不适仍应咨询專業人員。
36-45秒 CTA：使用前看标示，收藏这支，下次別用錯。",本內容為一般生活保健資訊，非醫療診斷或治療建議。,節氣養生屬一般生活資訊，身體不適仍應諮詢專業人員。,根治|治療疾病|消炎治本|打通經絡|一擦就好|保證有效|深層修復|替代藥物
Douyin_LINE132,LINE132,抖音,2026-08-08,20:00,輕微拉扯後的觀察重點,C,中,pending_legal_pharmacist_review,false,轻微拉扯后的觀察重点,"0-3秒 Hook：轻微拉扯后的觀察重点，你也遇過嗎？
3-12秒 情境：拍攝運動族、搬重物、久站与勞動工作者的日常動作，字幕点出「轻微拉扯后的觀察重点」。
12-25秒 知識：外用油膏应放在保守邊界：運動或勞動后的局部肌肉酸痛，可短期按摩舒缓。
25-36秒 安全：明顯腫脹、劇痛、活動受限或疑似受傷时，请先就医。
36-45秒 CTA：使用前看标示，收藏这支，下次別用錯。",轻微拉扯后的觀察重点的重点是依标示使用，不誇大、不神化。本产品为外用油膏，请依核准标示使用；若症狀持續或惡化，请咨询医师或药师。,#運動後保養 #局部按摩 #肌肉痠痛 #依標示使用,"0-3秒 Hook：轻微拉扯后的觀察重点，你也遇過嗎？
3-12秒 情境：拍攝運動族、搬重物、久站与勞動工作者的日常動作，字幕点出「轻微拉扯后的觀察重点」。
12-25秒 知識：外用油膏应放在保守邊界：運動或勞動后的局部肌肉酸痛，可短期按摩舒缓。
25-36秒 安全：明顯腫脹、劇痛、活動受限或疑似受傷时，请先就医。
36-45秒 CTA：使用前看标示，收藏这支，下次別用錯。",本產品為外用油膏，請依核准標示使用；若症狀持續或惡化，請諮詢醫師或藥師。,明顯腫脹、劇痛、活動受限或疑似受傷時，請先就醫。,根治|治療疾病|消炎治本|打通經絡|一擦就好|保證有效|深層修復|替代藥物
Douyin_LINE133,LINE133,抖音,2026-08-09,12:00,擦完可以馬上熱敷嗎,G,低,pending_legal_pharmacist_review,false,擦完可以馬上熱敷嗎,"0-3秒 Hook：擦完可以馬上熱敷嗎，你也遇過嗎？
3-12秒 情境：拍攝LINE OA 好友、回購客与新客的日常動作，字幕点出「擦完可以馬上熱敷嗎」。
12-25秒 知識：外用油膏应放在保守邊界：用問答降低誤用，讓使用者知道何时該询問專業人員。
25-36秒 安全：互動回答不取代医师或药师建議。
36-45秒 CTA：使用前看标示，收藏这支，下次別用錯。",擦完可以馬上熱敷嗎的重点是依标示使用，不誇大、不神化。本内容为一般生活保健資讯，非医疗診斷或治疗建議。,#互動問答 #保養知識 #使用小提醒 #金牌一條根,"0-3秒 Hook：擦完可以馬上熱敷嗎，你也遇過嗎？
3-12秒 情境：拍攝LINE OA 好友、回購客与新客的日常動作，字幕点出「擦完可以馬上熱敷嗎」。
12-25秒 知識：外用油膏应放在保守邊界：用問答降低誤用，讓使用者知道何时該询問專業人員。
25-36秒 安全：互動回答不取代医师或药师建議。
36-45秒 CTA：使用前看标示，收藏这支，下次別用錯。",本內容為一般生活保健資訊，非醫療診斷或治療建議。,互動回答不取代醫師或藥師建議。,根治|治療疾病|消炎治本|打通經絡|一擦就好|保證有效|深層修復|替代藥物
Douyin_LINE134,LINE134,抖音,2026-08-09,20:00,別把長期疼痛只當小問題,D,中,pending_legal_pharmacist_review,false,別把长期疼痛只當小問題,"0-3秒 Hook：別把长期疼痛只當小問題，你也遇過嗎？
3-12秒 情境：拍攝40-70 歲注重日常活動舒适度的族群的日常動作，字幕点出「別把长期疼痛只當小問題」。
12-25秒 知識：外用油膏应放在保守邊界：轻微关节酸痛可短期舒缓，但不可宣稱治疗疾病。
25-36秒 安全：关节腫痛、紅熱、长期疼痛或行走困難，请就医評估。
36-45秒 CTA：使用前看标示，收藏这支，下次別用錯。",別把长期疼痛只當小問題的重点是依标示使用，不誇大、不神化。本产品为外用油膏，请依核准标示使用；若症狀持續或惡化，请咨询医师或药师。,#銀髮保養 #活動舒適 #輕微痠痛 #依標示使用,"0-3秒 Hook：別把长期疼痛只當小問題，你也遇過嗎？
3-12秒 情境：拍攝40-70 歲注重日常活動舒适度的族群的日常動作，字幕点出「別把长期疼痛只當小問題」。
12-25秒 知識：外用油膏应放在保守邊界：轻微关节酸痛可短期舒缓，但不可宣稱治疗疾病。
25-36秒 安全：关节腫痛、紅熱、长期疼痛或行走困難，请就医評估。
36-45秒 CTA：使用前看标示，收藏这支，下次別用錯。",本產品為外用油膏，請依核准標示使用；若症狀持續或惡化，請諮詢醫師或藥師。,關節腫痛、紅熱、長期疼痛或行走困難，請就醫評估。,根治|治療疾病|消炎治本|打通經絡|一擦就好|保證有效|深層修復|替代藥物
Douyin_LINE135,LINE135,抖音,2026-08-10,12:00,冷氣房肩頸緊繃保養,B,低,pending_legal_pharmacist_review,false,冷氣房肩颈緊繃保養,"0-3秒 Hook：冷氣房肩颈緊繃保養，你也遇過嗎？
3-12秒 情境：拍攝长时間低頭、久坐、用電腦的上班族的日常動作，字幕点出「冷氣房肩颈緊繃保養」。
12-25秒 知識：外用油膏应放在保守邊界：久坐低頭后，可搭配伸展与局部按摩舒缓緊繃不适。
25-36秒 安全：若酸痛持續、麻木或影響活動，请咨询医师或药师。
36-45秒 CTA：使用前看标示，收藏这支，下次別用錯。",冷氣房肩颈緊繃保養的重点是依标示使用，不誇大、不神化。本内容为一般生活保健資讯，非医疗診斷或治疗建議。,#肩頸保養 #久坐族 #日常舒緩 #依標示使用,"0-3秒 Hook：冷氣房肩颈緊繃保養，你也遇過嗎？
3-12秒 情境：拍攝长时間低頭、久坐、用電腦的上班族的日常動作，字幕点出「冷氣房肩颈緊繃保養」。
12-25秒 知識：外用油膏应放在保守邊界：久坐低頭后，可搭配伸展与局部按摩舒缓緊繃不适。
25-36秒 安全：若酸痛持續、麻木或影響活動，请咨询医师或药师。
36-45秒 CTA：使用前看标示，收藏这支，下次別用錯。",本內容為一般生活保健資訊，非醫療診斷或治療建議。,若痠痛持續、麻木或影響活動，請諮詢醫師或藥師。,根治|治療疾病|消炎治本|打通經絡|一擦就好|保證有效|深層修復|替代藥物
Douyin_LINE136,LINE136,抖音,2026-08-10,20:00,產品不是神藥，定位要講清楚,A,中,pending_legal_pharmacist_review,false,产品不是神药，定位要講清楚,"0-3秒 Hook：产品不是神药，定位要講清楚，你也遇過嗎？
3-12秒 情境：拍攝已購買或正在觀望的一條根使用者的日常動作，字幕点出「产品不是神药，定位要講清楚」。
12-25秒 知識：外用油膏应放在保守邊界：依标示外用，提供局部按摩与暂时舒缓体感。
25-36秒 安全：僅供外用；避免眼周、黏膜、破皮或傷口。
36-45秒 CTA：使用前看标示，收藏这支，下次別用錯。",产品不是神药，定位要講清楚的重点是依标示使用，不誇大、不神化。本产品为外用油膏，请依核准标示使用；若症狀持續或惡化，请咨询医师或药师。,#金牌一條根 #外用油膏 #成分透明 #依標示使用,"0-3秒 Hook：产品不是神药，定位要講清楚，你也遇過嗎？
3-12秒 情境：拍攝已購買或正在觀望的一條根使用者的日常動作，字幕点出「产品不是神药，定位要講清楚」。
12-25秒 知識：外用油膏应放在保守邊界：依标示外用，提供局部按摩与暂时舒缓体感。
25-36秒 安全：僅供外用；避免眼周、黏膜、破皮或傷口。
36-45秒 CTA：使用前看标示，收藏这支，下次別用錯。",本產品為外用油膏，請依核准標示使用；若症狀持續或惡化，請諮詢醫師或藥師。,僅供外用；避免眼周、黏膜、破皮或傷口。,根治|治療疾病|消炎治本|打通經絡|一擦就好|保證有效|深層修復|替代藥物
Douyin_LINE137,LINE137,抖音,2026-08-11,12:00,立冬前後的日常舒緩儀式,F,低,pending_legal_pharmacist_review,false,立冬前后的日常舒缓儀式,"0-3秒 Hook：立冬前后的日常舒缓儀式，你也遇過嗎？
3-12秒 情境：拍攝喜歡養生、节氣与日常保健的 LINE 讀者的日常動作，字幕点出「立冬前后的日常舒缓儀式」。
12-25秒 知識：外用油膏应放在保守邊界：以生活保健与身体觉察为主，不做医疗疗效宣稱。
25-36秒 安全：节氣養生屬一般生活資讯，身体不适仍应咨询專業人員。
36-45秒 CTA：使用前看标示，收藏这支，下次別用錯。",立冬前后的日常舒缓儀式的重点是依标示使用，不誇大、不神化。本内容为一般生活保健資讯，非医疗診斷或治疗建議。,#節氣保養 #生活保健 #日常保養 #身體覺察,"0-3秒 Hook：立冬前后的日常舒缓儀式，你也遇過嗎？
3-12秒 情境：拍攝喜歡養生、节氣与日常保健的 LINE 讀者的日常動作，字幕点出「立冬前后的日常舒缓儀式」。
12-25秒 知識：外用油膏应放在保守邊界：以生活保健与身体觉察为主，不做医疗疗效宣稱。
25-36秒 安全：节氣養生屬一般生活資讯，身体不适仍应咨询專業人員。
36-45秒 CTA：使用前看标示，收藏这支，下次別用錯。",本內容為一般生活保健資訊，非醫療診斷或治療建議。,節氣養生屬一般生活資訊，身體不適仍應諮詢專業人員。,根治|治療疾病|消炎治本|打通經絡|一擦就好|保證有效|深層修復|替代藥物
Douyin_LINE138,LINE138,抖音,2026-08-11,20:00,深層症狀不適合自行處理,E,高,pending_legal_pharmacist_review,false,深層症狀不适合自行處理,"0-3秒 Hook：深層症狀不适合自行處理，你也遇過嗎？
3-12秒 情境：拍攝所有使用者、照護者与家庭購買者的日常動作，字幕点出「深層症狀不适合自行處理」。
12-25秒 知識：外用油膏应放在保守邊界：安全使用比用得多更重要，依标示与風險族群提醒。
25-36秒 安全：2 歲以下、孕哺、過敏体質、抗凝血药使用者请先询問專業人員。
36-45秒 CTA：使用前看标示，收藏这支，下次別用錯。",深層症狀不适合自行處理的重点是依标示使用，不誇大、不神化。僅供外用。避免接触眼睛、黏膜、破皮或傷口；特殊族群使用前请先咨询專業人員。,#外用安全 #用藥安全 #使用前看標示 #諮詢醫師藥師,"0-3秒 Hook：深層症狀不适合自行處理，你也遇過嗎？
3-12秒 情境：拍攝所有使用者、照護者与家庭購買者的日常動作，字幕点出「深層症狀不适合自行處理」。
12-25秒 知識：外用油膏应放在保守邊界：安全使用比用得多更重要，依标示与風險族群提醒。
25-36秒 安全：2 歲以下、孕哺、過敏体質、抗凝血药使用者请先询問專業人員。
36-45秒 CTA：使用前看标示，收藏这支，下次別用錯。",僅供外用。避免接觸眼睛、黏膜、破皮或傷口；特殊族群使用前請先諮詢專業人員。,2 歲以下、孕哺、過敏體質、抗凝血藥使用者請先詢問專業人員。,根治|治療疾病|消炎治本|打通經絡|一擦就好|保證有效|深層修復|替代藥物
Douyin_LINE139,LINE139,抖音,2026-08-12,12:00,買外用膏先看三件事,H,中,pending_legal_pharmacist_review,false,買外用膏先看三件事,"0-3秒 Hook：買外用膏先看三件事，你也遇過嗎？
3-12秒 情境：拍攝重視药证、成分、品質与合法性的消費者的日常動作，字幕点出「買外用膏先看三件事」。
12-25秒 知識：外用油膏应放在保守邊界：強調药证、标示、保守宣稱与人工审核流程。
25-36秒 安全：所有广告文案仍須依主管機关与專業人員审核。
36-45秒 CTA：使用前看标示，收藏这支，下次別用錯。",買外用膏先看三件事的重点是依标示使用，不誇大、不神化。本产品为外用油膏，请依核准标示使用；若症狀持續或惡化，请咨询医师或药师。,#藥證可查 #品牌透明 #合法宣傳 #成分透明,"0-3秒 Hook：買外用膏先看三件事，你也遇過嗎？
3-12秒 情境：拍攝重視药证、成分、品質与合法性的消費者的日常動作，字幕点出「買外用膏先看三件事」。
12-25秒 知識：外用油膏应放在保守邊界：強調药证、标示、保守宣稱与人工审核流程。
25-36秒 安全：所有广告文案仍須依主管機关与專業人員审核。
36-45秒 CTA：使用前看标示，收藏这支，下次別用錯。",本產品為外用油膏，請依核准標示使用；若症狀持續或惡化，請諮詢醫師或藥師。,所有廣告文案仍須依主管機關與專業人員審核。,根治|治療疾病|消炎治本|打通經絡|一擦就好|保證有效|深層修復|替代藥物
Douyin_LINE140,LINE140,抖音,2026-08-12,20:00,哪些情況應該先就醫,G,低,pending_legal_pharmacist_review,false,哪些情況应該先就医,"0-3秒 Hook：哪些情況应該先就医，你也遇過嗎？
3-12秒 情境：拍攝LINE OA 好友、回購客与新客的日常動作，字幕点出「哪些情況应該先就医」。
12-25秒 知識：外用油膏应放在保守邊界：用問答降低誤用，讓使用者知道何时該询問專業人員。
25-36秒 安全：互動回答不取代医师或药师建議。
36-45秒 CTA：使用前看标示，收藏这支，下次別用錯。",哪些情況应該先就医的重点是依标示使用，不誇大、不神化。本内容为一般生活保健資讯，非医疗診斷或治疗建議。,#互動問答 #保養知識 #使用小提醒 #金牌一條根,"0-3秒 Hook：哪些情況应該先就医，你也遇過嗎？
3-12秒 情境：拍攝LINE OA 好友、回購客与新客的日常動作，字幕点出「哪些情況应該先就医」。
12-25秒 知識：外用油膏应放在保守邊界：用問答降低誤用，讓使用者知道何时該询問專業人員。
25-36秒 安全：互動回答不取代医师或药师建議。
36-45秒 CTA：使用前看标示，收藏这支，下次別用錯。",本內容為一般生活保健資訊，非醫療診斷或治療建議。,互動回答不取代醫師或藥師建議。,根治|治療疾病|消炎治本|打通經絡|一擦就好|保證有效|深層修復|替代藥物
Douyin_LINE141,LINE141,抖音,2026-08-13,12:00,運動後局部痠痛的保守處理,C,中,pending_legal_pharmacist_review,false,運動后局部酸痛的保守處理,"0-3秒 Hook：運動后局部酸痛的保守處理，你也遇過嗎？
3-12秒 情境：拍攝運動族、搬重物、久站与勞動工作者的日常動作，字幕点出「運動后局部酸痛的保守處理」。
12-25秒 知識：外用油膏应放在保守邊界：運動或勞動后的局部肌肉酸痛，可短期按摩舒缓。
25-36秒 安全：明顯腫脹、劇痛、活動受限或疑似受傷时，请先就医。
36-45秒 CTA：使用前看标示，收藏这支，下次別用錯。",運動后局部酸痛的保守處理的重点是依标示使用，不誇大、不神化。本产品为外用油膏，请依核准标示使用；若症狀持續或惡化，请咨询医师或药师。,#運動後保養 #局部按摩 #肌肉痠痛 #依標示使用,"0-3秒 Hook：運動后局部酸痛的保守處理，你也遇過嗎？
3-12秒 情境：拍攝運動族、搬重物、久站与勞動工作者的日常動作，字幕点出「運動后局部酸痛的保守處理」。
12-25秒 知識：外用油膏应放在保守邊界：運動或勞動后的局部肌肉酸痛，可短期按摩舒缓。
25-36秒 安全：明顯腫脹、劇痛、活動受限或疑似受傷时，请先就医。
36-45秒 CTA：使用前看标示，收藏这支，下次別用錯。",本產品為外用油膏，請依核准標示使用；若症狀持續或惡化，請諮詢醫師或藥師。,明顯腫脹、劇痛、活動受限或疑似受傷時，請先就醫。,根治|治療疾病|消炎治本|打通經絡|一擦就好|保證有效|深層修復|替代藥物
Douyin_LINE142,LINE142,抖音,2026-08-13,20:00,冬青油與清涼舒緩體感,A,中,pending_legal_pharmacist_review,false,冬青油与清涼舒缓体感,"0-3秒 Hook：冬青油与清涼舒缓体感，你也遇過嗎？
3-12秒 情境：拍攝已購買或正在觀望的一條根使用者的日常動作，字幕点出「冬青油与清涼舒缓体感」。
12-25秒 知識：外用油膏应放在保守邊界：依标示外用，提供局部按摩与暂时舒缓体感。
25-36秒 安全：僅供外用；避免眼周、黏膜、破皮或傷口。
36-45秒 CTA：使用前看标示，收藏这支，下次別用錯。",冬青油与清涼舒缓体感的重点是依标示使用，不誇大、不神化。本产品为外用油膏，请依核准标示使用；若症狀持續或惡化，请咨询医师或药师。,#金牌一條根 #外用油膏 #成分透明 #依標示使用,"0-3秒 Hook：冬青油与清涼舒缓体感，你也遇過嗎？
3-12秒 情境：拍攝已購買或正在觀望的一條根使用者的日常動作，字幕点出「冬青油与清涼舒缓体感」。
12-25秒 知識：外用油膏应放在保守邊界：依标示外用，提供局部按摩与暂时舒缓体感。
25-36秒 安全：僅供外用；避免眼周、黏膜、破皮或傷口。
36-45秒 CTA：使用前看标示，收藏这支，下次別用錯。",本產品為外用油膏，請依核准標示使用；若症狀持續或惡化，請諮詢醫師或藥師。,僅供外用；避免眼周、黏膜、破皮或傷口。,根治|治療疾病|消炎治本|打通經絡|一擦就好|保證有效|深層修復|替代藥物
Douyin_LINE143,LINE143,抖音,2026-08-14,12:00,早晨活動前的關節暖身,D,中,pending_legal_pharmacist_review,false,早晨活動前的关节暖身,"0-3秒 Hook：早晨活動前的关节暖身，你也遇過嗎？
3-12秒 情境：拍攝40-70 歲注重日常活動舒适度的族群的日常動作，字幕点出「早晨活動前的关节暖身」。
12-25秒 知識：外用油膏应放在保守邊界：轻微关节酸痛可短期舒缓，但不可宣稱治疗疾病。
25-36秒 安全：关节腫痛、紅熱、长期疼痛或行走困難，请就医評估。
36-45秒 CTA：使用前看标示，收藏这支，下次別用錯。",早晨活動前的关节暖身的重点是依标示使用，不誇大、不神化。本产品为外用油膏，请依核准标示使用；若症狀持續或惡化，请咨询医师或药师。,#銀髮保養 #活動舒適 #輕微痠痛 #依標示使用,"0-3秒 Hook：早晨活動前的关节暖身，你也遇過嗎？
3-12秒 情境：拍攝40-70 歲注重日常活動舒适度的族群的日常動作，字幕点出「早晨活動前的关节暖身」。
12-25秒 知識：外用油膏应放在保守邊界：轻微关节酸痛可短期舒缓，但不可宣稱治疗疾病。
25-36秒 安全：关节腫痛、紅熱、长期疼痛或行走困難，请就医評估。
36-45秒 CTA：使用前看标示，收藏这支，下次別用錯。",本產品為外用油膏，請依核准標示使用；若症狀持續或惡化，請諮詢醫師或藥師。,關節腫痛、紅熱、長期疼痛或行走困難，請就醫評估。,根治|治療疾病|消炎治本|打通經絡|一擦就好|保證有效|深層修復|替代藥物
Douyin_LINE144,LINE144,抖音,2026-08-14,20:00,不能擦在破皮或傷口,E,高,pending_legal_pharmacist_review,false,不能擦在破皮或傷口,"0-3秒 Hook：不能擦在破皮或傷口，你也遇過嗎？
3-12秒 情境：拍攝所有使用者、照護者与家庭購買者的日常動作，字幕点出「不能擦在破皮或傷口」。
12-25秒 知識：外用油膏应放在保守邊界：安全使用比用得多更重要，依标示与風險族群提醒。
25-36秒 安全：2 歲以下、孕哺、過敏体質、抗凝血药使用者请先询問專業人員。
36-45秒 CTA：使用前看标示，收藏这支，下次別用錯。",不能擦在破皮或傷口的重点是依标示使用，不誇大、不神化。僅供外用。避免接触眼睛、黏膜、破皮或傷口；特殊族群使用前请先咨询專業人員。,#外用安全 #用藥安全 #使用前看標示 #諮詢醫師藥師,"0-3秒 Hook：不能擦在破皮或傷口，你也遇過嗎？
3-12秒 情境：拍攝所有使用者、照護者与家庭購買者的日常動作，字幕点出「不能擦在破皮或傷口」。
12-25秒 知識：外用油膏应放在保守邊界：安全使用比用得多更重要，依标示与風險族群提醒。
25-36秒 安全：2 歲以下、孕哺、過敏体質、抗凝血药使用者请先询問專業人員。
36-45秒 CTA：使用前看标示，收藏这支，下次別用錯。",僅供外用。避免接觸眼睛、黏膜、破皮或傷口；特殊族群使用前請先諮詢專業人員。,2 歲以下、孕哺、過敏體質、抗凝血藥使用者請先詢問專業人員。,根治|治療疾病|消炎治本|打通經絡|一擦就好|保證有效|深層修復|替代藥物
Douyin_LINE145,LINE145,抖音,2026-08-15,12:00,芒種後濕熱生活保養,F,低,pending_legal_pharmacist_review,false,芒种后濕熱生活保養,"0-3秒 Hook：芒种后濕熱生活保養，你也遇過嗎？
3-12秒 情境：拍攝喜歡養生、节氣与日常保健的 LINE 讀者的日常動作，字幕点出「芒种后濕熱生活保養」。
12-25秒 知識：外用油膏应放在保守邊界：以生活保健与身体觉察为主，不做医疗疗效宣稱。
25-36秒 安全：节氣養生屬一般生活資讯，身体不适仍应咨询專業人員。
36-45秒 CTA：使用前看标示，收藏这支，下次別用錯。",芒种后濕熱生活保養的重点是依标示使用，不誇大、不神化。本内容为一般生活保健資讯，非医疗診斷或治疗建議。,#節氣保養 #生活保健 #日常保養 #身體覺察,"0-3秒 Hook：芒种后濕熱生活保養，你也遇過嗎？
3-12秒 情境：拍攝喜歡養生、节氣与日常保健的 LINE 讀者的日常動作，字幕点出「芒种后濕熱生活保養」。
12-25秒 知識：外用油膏应放在保守邊界：以生活保健与身体觉察为主，不做医疗疗效宣稱。
25-36秒 安全：节氣養生屬一般生活資讯，身体不适仍应咨询專業人員。
36-45秒 CTA：使用前看标示，收藏这支，下次別用錯。",本內容為一般生活保健資訊，非醫療診斷或治療建議。,節氣養生屬一般生活資訊，身體不適仍應諮詢專業人員。,根治|治療疾病|消炎治本|打通經絡|一擦就好|保證有效|深層修復|替代藥物
Douyin_LINE146,LINE146,抖音,2026-08-15,20:00,久站後小腿不適舒緩,C,中,pending_legal_pharmacist_review,false,久站后小腿不适舒缓,"0-3秒 Hook：久站后小腿不适舒缓，你也遇過嗎？
3-12秒 情境：拍攝運動族、搬重物、久站与勞動工作者的日常動作，字幕点出「久站后小腿不适舒缓」。
12-25秒 知識：外用油膏应放在保守邊界：運動或勞動后的局部肌肉酸痛，可短期按摩舒缓。
25-36秒 安全：明顯腫脹、劇痛、活動受限或疑似受傷时，请先就医。
36-45秒 CTA：使用前看标示，收藏这支，下次別用錯。",久站后小腿不适舒缓的重点是依标示使用，不誇大、不神化。本产品为外用油膏，请依核准标示使用；若症狀持續或惡化，请咨询医师或药师。,#運動後保養 #局部按摩 #肌肉痠痛 #依標示使用,"0-3秒 Hook：久站后小腿不适舒缓，你也遇過嗎？
3-12秒 情境：拍攝運動族、搬重物、久站与勞動工作者的日常動作，字幕点出「久站后小腿不适舒缓」。
12-25秒 知識：外用油膏应放在保守邊界：運動或勞動后的局部肌肉酸痛，可短期按摩舒缓。
25-36秒 安全：明顯腫脹、劇痛、活動受限或疑似受傷时，请先就医。
36-45秒 CTA：使用前看标示，收藏这支，下次別用錯。",本產品為外用油膏，請依核准標示使用；若症狀持續或惡化，請諮詢醫師或藥師。,明顯腫脹、劇痛、活動受限或疑似受傷時，請先就醫。,根治|治療疾病|消炎治本|打通經絡|一擦就好|保證有效|深層修復|替代藥物
Douyin_LINE147,LINE147,抖音,2026-08-16,12:00,你最常哪個部位緊繃,G,低,pending_legal_pharmacist_review,false,你最常哪個部位緊繃,"0-3秒 Hook：你最常哪個部位緊繃，你也遇過嗎？
3-12秒 情境：拍攝LINE OA 好友、回購客与新客的日常動作，字幕点出「你最常哪個部位緊繃」。
12-25秒 知識：外用油膏应放在保守邊界：用問答降低誤用，讓使用者知道何时該询問專業人員。
25-36秒 安全：互動回答不取代医师或药师建議。
36-45秒 CTA：使用前看标示，收藏这支，下次別用錯。",你最常哪個部位緊繃的重点是依标示使用，不誇大、不神化。本内容为一般生活保健資讯，非医疗診斷或治疗建議。,#互動問答 #保養知識 #使用小提醒 #金牌一條根,"0-3秒 Hook：你最常哪個部位緊繃，你也遇過嗎？
3-12秒 情境：拍攝LINE OA 好友、回購客与新客的日常動作，字幕点出「你最常哪個部位緊繃」。
12-25秒 知識：外用油膏应放在保守邊界：用問答降低誤用，讓使用者知道何时該询問專業人員。
25-36秒 安全：互動回答不取代医师或药师建議。
36-45秒 CTA：使用前看标示，收藏这支，下次別用錯。",本內容為一般生活保健資訊，非醫療診斷或治療建議。,互動回答不取代醫師或藥師建議。,根治|治療疾病|消炎治本|打通經絡|一擦就好|保證有效|深層修復|替代藥物
Douyin_LINE148,LINE148,抖音,2026-08-16,20:00,長輩外用膏使用安全,D,中,pending_legal_pharmacist_review,false,长輩外用膏使用安全,"0-3秒 Hook：长輩外用膏使用安全，你也遇過嗎？
3-12秒 情境：拍攝40-70 歲注重日常活動舒适度的族群的日常動作，字幕点出「长輩外用膏使用安全」。
12-25秒 知識：外用油膏应放在保守邊界：轻微关节酸痛可短期舒缓，但不可宣稱治疗疾病。
25-36秒 安全：关节腫痛、紅熱、长期疼痛或行走困難，请就医評估。
36-45秒 CTA：使用前看标示，收藏这支，下次別用錯。",长輩外用膏使用安全的重点是依标示使用，不誇大、不神化。本产品为外用油膏，请依核准标示使用；若症狀持續或惡化，请咨询医师或药师。,#銀髮保養 #活動舒適 #輕微痠痛 #依標示使用,"0-3秒 Hook：长輩外用膏使用安全，你也遇過嗎？
3-12秒 情境：拍攝40-70 歲注重日常活動舒适度的族群的日常動作，字幕点出「长輩外用膏使用安全」。
12-25秒 知識：外用油膏应放在保守邊界：轻微关节酸痛可短期舒缓，但不可宣稱治疗疾病。
25-36秒 安全：关节腫痛、紅熱、长期疼痛或行走困難，请就医評估。
36-45秒 CTA：使用前看标示，收藏这支，下次別用錯。",本產品為外用油膏，請依核准標示使用；若症狀持續或惡化，請諮詢醫師或藥師。,關節腫痛、紅熱、長期疼痛或行走困難，請就醫評估。,根治|治療疾病|消炎治本|打通經絡|一擦就好|保證有效|深層修復|替代藥物
Douyin_LINE149,LINE149,抖音,2026-08-17,12:00,低頭族肩頸緊繃的三個提醒,B,低,pending_legal_pharmacist_review,false,低頭族肩颈緊繃的三個提醒,"0-3秒 Hook：低頭族肩颈緊繃的三個提醒，你也遇過嗎？
3-12秒 情境：拍攝长时間低頭、久坐、用電腦的上班族的日常動作，字幕点出「低頭族肩颈緊繃的三個提醒」。
12-25秒 知識：外用油膏应放在保守邊界：久坐低頭后，可搭配伸展与局部按摩舒缓緊繃不适。
25-36秒 安全：若酸痛持續、麻木或影響活動，请咨询医师或药师。
36-45秒 CTA：使用前看标示，收藏这支，下次別用錯。",低頭族肩颈緊繃的三個提醒的重点是依标示使用，不誇大、不神化。本内容为一般生活保健資讯，非医疗診斷或治疗建議。,#肩頸保養 #久坐族 #日常舒緩 #依標示使用,"0-3秒 Hook：低頭族肩颈緊繃的三個提醒，你也遇過嗎？
3-12秒 情境：拍攝长时間低頭、久坐、用電腦的上班族的日常動作，字幕点出「低頭族肩颈緊繃的三個提醒」。
12-25秒 知識：外用油膏应放在保守邊界：久坐低頭后，可搭配伸展与局部按摩舒缓緊繃不适。
25-36秒 安全：若酸痛持續、麻木或影響活動，请咨询医师或药师。
36-45秒 CTA：使用前看标示，收藏这支，下次別用錯。",本內容為一般生活保健資訊，非醫療診斷或治療建議。,若痠痛持續、麻木或影響活動，請諮詢醫師或藥師。,根治|治療疾病|消炎治本|打通經絡|一擦就好|保證有效|深層修復|替代藥物
Douyin_LINE150,LINE150,抖音,2026-08-17,20:00,薄荷腦帶來的涼感來源,A,中,pending_legal_pharmacist_review,false,薄荷腦帶來的涼感來源,"0-3秒 Hook：薄荷腦帶來的涼感來源，你也遇過嗎？
3-12秒 情境：拍攝已購買或正在觀望的一條根使用者的日常動作，字幕点出「薄荷腦帶來的涼感來源」。
12-25秒 知識：外用油膏应放在保守邊界：依标示外用，提供局部按摩与暂时舒缓体感。
25-36秒 安全：僅供外用；避免眼周、黏膜、破皮或傷口。
36-45秒 CTA：使用前看标示，收藏这支，下次別用錯。",薄荷腦帶來的涼感來源的重点是依标示使用，不誇大、不神化。本产品为外用油膏，请依核准标示使用；若症狀持續或惡化，请咨询医师或药师。,#金牌一條根 #外用油膏 #成分透明 #依標示使用,"0-3秒 Hook：薄荷腦帶來的涼感來源，你也遇過嗎？
3-12秒 情境：拍攝已購買或正在觀望的一條根使用者的日常動作，字幕点出「薄荷腦帶來的涼感來源」。
12-25秒 知識：外用油膏应放在保守邊界：依标示外用，提供局部按摩与暂时舒缓体感。
25-36秒 安全：僅供外用；避免眼周、黏膜、破皮或傷口。
36-45秒 CTA：使用前看标示，收藏这支，下次別用錯。",本產品為外用油膏，請依核准標示使用；若症狀持續或惡化，請諮詢醫師或藥師。,僅供外用；避免眼周、黏膜、破皮或傷口。,根治|治療疾病|消炎治本|打通經絡|一擦就好|保證有效|深層修復|替代藥物
Douyin_LINE151,LINE151,抖音,2026-08-18,12:00,夏季冷氣房的肩頸保養,F,低,pending_legal_pharmacist_review,false,夏季冷氣房的肩颈保養,"0-3秒 Hook：夏季冷氣房的肩颈保養，你也遇過嗎？
3-12秒 情境：拍攝喜歡養生、节氣与日常保健的 LINE 讀者的日常動作，字幕点出「夏季冷氣房的肩颈保養」。
12-25秒 知識：外用油膏应放在保守邊界：以生活保健与身体觉察为主，不做医疗疗效宣稱。
25-36秒 安全：节氣養生屬一般生活資讯，身体不适仍应咨询專業人員。
36-45秒 CTA：使用前看标示，收藏这支，下次別用錯。",夏季冷氣房的肩颈保養的重点是依标示使用，不誇大、不神化。本内容为一般生活保健資讯，非医疗診斷或治疗建議。,#節氣保養 #生活保健 #日常保養 #身體覺察,"0-3秒 Hook：夏季冷氣房的肩颈保養，你也遇過嗎？
3-12秒 情境：拍攝喜歡養生、节氣与日常保健的 LINE 讀者的日常動作，字幕点出「夏季冷氣房的肩颈保養」。
12-25秒 知識：外用油膏应放在保守邊界：以生活保健与身体觉察为主，不做医疗疗效宣稱。
25-36秒 安全：节氣養生屬一般生活資讯，身体不适仍应咨询專業人員。
36-45秒 CTA：使用前看标示，收藏这支，下次別用錯。",本內容為一般生活保健資訊，非醫療診斷或治療建議。,節氣養生屬一般生活資訊，身體不適仍應諮詢專業人員。,根治|治療疾病|消炎治本|打通經絡|一擦就好|保證有效|深層修復|替代藥物
Douyin_LINE152,LINE152,抖音,2026-08-18,20:00,外用膏避免眼周與黏膜,E,高,pending_legal_pharmacist_review,false,外用膏避免眼周与黏膜,"0-3秒 Hook：外用膏避免眼周与黏膜，你也遇過嗎？
3-12秒 情境：拍攝所有使用者、照護者与家庭購買者的日常動作，字幕点出「外用膏避免眼周与黏膜」。
12-25秒 知識：外用油膏应放在保守邊界：安全使用比用得多更重要，依标示与風險族群提醒。
25-36秒 安全：2 歲以下、孕哺、過敏体質、抗凝血药使用者请先询問專業人員。
36-45秒 CTA：使用前看标示，收藏这支，下次別用錯。",外用膏避免眼周与黏膜的重点是依标示使用，不誇大、不神化。僅供外用。避免接触眼睛、黏膜、破皮或傷口；特殊族群使用前请先咨询專業人員。,#外用安全 #用藥安全 #使用前看標示 #諮詢醫師藥師,"0-3秒 Hook：外用膏避免眼周与黏膜，你也遇過嗎？
3-12秒 情境：拍攝所有使用者、照護者与家庭購買者的日常動作，字幕点出「外用膏避免眼周与黏膜」。
12-25秒 知識：外用油膏应放在保守邊界：安全使用比用得多更重要，依标示与風險族群提醒。
25-36秒 安全：2 歲以下、孕哺、過敏体質、抗凝血药使用者请先询問專業人員。
36-45秒 CTA：使用前看标示，收藏这支，下次別用錯。",僅供外用。避免接觸眼睛、黏膜、破皮或傷口；特殊族群使用前請先諮詢專業人員。,2 歲以下、孕哺、過敏體質、抗凝血藥使用者請先詢問專業人員。,根治|治療疾病|消炎治本|打通經絡|一擦就好|保證有效|深層修復|替代藥物
Douyin_LINE153,LINE153,抖音,2026-08-19,12:00,為什麼我們不說神效,H,中,pending_legal_pharmacist_review,false,为什麼我們不说神效,"0-3秒 Hook：为什麼我們不说神效，你也遇過嗎？
3-12秒 情境：拍攝重視药证、成分、品質与合法性的消費者的日常動作，字幕点出「为什麼我們不说神效」。
12-25秒 知識：外用油膏应放在保守邊界：強調药证、标示、保守宣稱与人工审核流程。
25-36秒 安全：所有广告文案仍須依主管機关与專業人員审核。
36-45秒 CTA：使用前看标示，收藏这支，下次別用錯。",为什麼我們不说神效的重点是依标示使用，不誇大、不神化。本产品为外用油膏，请依核准标示使用；若症狀持續或惡化，请咨询医师或药师。,#藥證可查 #品牌透明 #合法宣傳 #成分透明,"0-3秒 Hook：为什麼我們不说神效，你也遇過嗎？
3-12秒 情境：拍攝重視药证、成分、品質与合法性的消費者的日常動作，字幕点出「为什麼我們不说神效」。
12-25秒 知識：外用油膏应放在保守邊界：強調药证、标示、保守宣稱与人工审核流程。
25-36秒 安全：所有广告文案仍須依主管機关与專業人員审核。
36-45秒 CTA：使用前看标示，收藏这支，下次別用錯。",本產品為外用油膏，請依核准標示使用；若症狀持續或惡化，請諮詢醫師或藥師。,所有廣告文案仍須依主管機關與專業人員審核。,根治|治療疾病|消炎治本|打通經絡|一擦就好|保證有效|深層修復|替代藥物
Douyin_LINE154,LINE154,抖音,2026-08-19,20:00,你習慣運動前還是運動後保養,G,低,pending_legal_pharmacist_review,false,你習慣運動前還是運動后保養,"0-3秒 Hook：你習慣運動前還是運動后保養，你也遇過嗎？
3-12秒 情境：拍攝LINE OA 好友、回購客与新客的日常動作，字幕点出「你習慣運動前還是運動后保養」。
12-25秒 知識：外用油膏应放在保守邊界：用問答降低誤用，讓使用者知道何时該询問專業人員。
25-36秒 安全：互動回答不取代医师或药师建議。
36-45秒 CTA：使用前看标示，收藏这支，下次別用錯。",你習慣運動前還是運動后保養的重点是依标示使用，不誇大、不神化。本内容为一般生活保健資讯，非医疗診斷或治疗建議。,#互動問答 #保養知識 #使用小提醒 #金牌一條根,"0-3秒 Hook：你習慣運動前還是運動后保養，你也遇過嗎？
3-12秒 情境：拍攝LINE OA 好友、回購客与新客的日常動作，字幕点出「你習慣運動前還是運動后保養」。
12-25秒 知識：外用油膏应放在保守邊界：用問答降低誤用，讓使用者知道何时該询問專業人員。
25-36秒 安全：互動回答不取代医师或药师建議。
36-45秒 CTA：使用前看标示，收藏这支，下次別用錯。",本內容為一般生活保健資訊，非醫療診斷或治療建議。,互動回答不取代醫師或藥師建議。,根治|治療疾病|消炎治本|打通經絡|一擦就好|保證有效|深層修復|替代藥物
Douyin_LINE155,LINE155,抖音,2026-08-20,12:00,搬重物後腰背保養,C,中,pending_legal_pharmacist_review,false,搬重物后腰背保養,"0-3秒 Hook：搬重物后腰背保養，你也遇過嗎？
3-12秒 情境：拍攝運動族、搬重物、久站与勞動工作者的日常動作，字幕点出「搬重物后腰背保養」。
12-25秒 知識：外用油膏应放在保守邊界：運動或勞動后的局部肌肉酸痛，可短期按摩舒缓。
25-36秒 安全：明顯腫脹、劇痛、活動受限或疑似受傷时，请先就医。
36-45秒 CTA：使用前看标示，收藏这支，下次別用錯。",搬重物后腰背保養的重点是依标示使用，不誇大、不神化。本产品为外用油膏，请依核准标示使用；若症狀持續或惡化，请咨询医师或药师。,#運動後保養 #局部按摩 #肌肉痠痛 #依標示使用,"0-3秒 Hook：搬重物后腰背保養，你也遇過嗎？
3-12秒 情境：拍攝運動族、搬重物、久站与勞動工作者的日常動作，字幕点出「搬重物后腰背保養」。
12-25秒 知識：外用油膏应放在保守邊界：運動或勞動后的局部肌肉酸痛，可短期按摩舒缓。
25-36秒 安全：明顯腫脹、劇痛、活動受限或疑似受傷时，请先就医。
36-45秒 CTA：使用前看标示，收藏这支，下次別用錯。",本產品為外用油膏，請依核准標示使用；若症狀持續或惡化，請諮詢醫師或藥師。,明顯腫脹、劇痛、活動受限或疑似受傷時，請先就醫。,根治|治療疾病|消炎治本|打通經絡|一擦就好|保證有效|深層修復|替代藥物
Douyin_LINE156,LINE156,抖音,2026-08-20,20:00,樟腦外用時的注意界線,A,中,pending_legal_pharmacist_review,false,樟腦外用时的注意界線,"0-3秒 Hook：樟腦外用时的注意界線，你也遇過嗎？
3-12秒 情境：拍攝已購買或正在觀望的一條根使用者的日常動作，字幕点出「樟腦外用时的注意界線」。
12-25秒 知識：外用油膏应放在保守邊界：依标示外用，提供局部按摩与暂时舒缓体感。
25-36秒 安全：僅供外用；避免眼周、黏膜、破皮或傷口。
36-45秒 CTA：使用前看标示，收藏这支，下次別用錯。",樟腦外用时的注意界線的重点是依标示使用，不誇大、不神化。本产品为外用油膏，请依核准标示使用；若症狀持續或惡化，请咨询医师或药师。,#金牌一條根 #外用油膏 #成分透明 #依標示使用,"0-3秒 Hook：樟腦外用时的注意界線，你也遇過嗎？
3-12秒 情境：拍攝已購買或正在觀望的一條根使用者的日常動作，字幕点出「樟腦外用时的注意界線」。
12-25秒 知識：外用油膏应放在保守邊界：依标示外用，提供局部按摩与暂时舒缓体感。
25-36秒 安全：僅供外用；避免眼周、黏膜、破皮或傷口。
36-45秒 CTA：使用前看标示，收藏这支，下次別用錯。",本產品為外用油膏，請依核准標示使用；若症狀持續或惡化，請諮詢醫師或藥師。,僅供外用；避免眼周、黏膜、破皮或傷口。,根治|治療疾病|消炎治本|打通經絡|一擦就好|保證有效|深層修復|替代藥物
Douyin_LINE157,LINE157,抖音,2026-08-21,12:00,輕微關節痠痛與疾病治療要分開,D,中,pending_legal_pharmacist_review,false,轻微关节酸痛与疾病治疗要分開,"0-3秒 Hook：轻微关节酸痛与疾病治疗要分開，你也遇過嗎？
3-12秒 情境：拍攝40-70 歲注重日常活動舒适度的族群的日常動作，字幕点出「轻微关节酸痛与疾病治疗要分開」。
12-25秒 知識：外用油膏应放在保守邊界：轻微关节酸痛可短期舒缓，但不可宣稱治疗疾病。
25-36秒 安全：关节腫痛、紅熱、长期疼痛或行走困難，请就医評估。
36-45秒 CTA：使用前看标示，收藏这支，下次別用錯。",轻微关节酸痛与疾病治疗要分開的重点是依标示使用，不誇大、不神化。本产品为外用油膏，请依核准标示使用；若症狀持續或惡化，请咨询医师或药师。,#銀髮保養 #活動舒適 #輕微痠痛 #依標示使用,"0-3秒 Hook：轻微关节酸痛与疾病治疗要分開，你也遇過嗎？
3-12秒 情境：拍攝40-70 歲注重日常活動舒适度的族群的日常動作，字幕点出「轻微关节酸痛与疾病治疗要分開」。
12-25秒 知識：外用油膏应放在保守邊界：轻微关节酸痛可短期舒缓，但不可宣稱治疗疾病。
25-36秒 安全：关节腫痛、紅熱、长期疼痛或行走困難，请就医評估。
36-45秒 CTA：使用前看标示，收藏这支，下次別用錯。",本產品為外用油膏，請依核准標示使用；若症狀持續或惡化，請諮詢醫師或藥師。,關節腫痛、紅熱、長期疼痛或行走困難，請就醫評估。,根治|治療疾病|消炎治本|打通經絡|一擦就好|保證有效|深層修復|替代藥物
Douyin_LINE158,LINE158,抖音,2026-08-21,20:00,不要搭配熱敷墊或電毯,E,高,pending_legal_pharmacist_review,false,不要搭配熱敷墊或電毯,"0-3秒 Hook：不要搭配熱敷墊或電毯，你也遇過嗎？
3-12秒 情境：拍攝所有使用者、照護者与家庭購買者的日常動作，字幕点出「不要搭配熱敷墊或電毯」。
12-25秒 知識：外用油膏应放在保守邊界：安全使用比用得多更重要，依标示与風險族群提醒。
25-36秒 安全：2 歲以下、孕哺、過敏体質、抗凝血药使用者请先询問專業人員。
36-45秒 CTA：使用前看标示，收藏这支，下次別用錯。",不要搭配熱敷墊或電毯的重点是依标示使用，不誇大、不神化。僅供外用。避免接触眼睛、黏膜、破皮或傷口；特殊族群使用前请先咨询專業人員。,#外用安全 #用藥安全 #使用前看標示 #諮詢醫師藥師,"0-3秒 Hook：不要搭配熱敷墊或電毯，你也遇過嗎？
3-12秒 情境：拍攝所有使用者、照護者与家庭購買者的日常動作，字幕点出「不要搭配熱敷墊或電毯」。
12-25秒 知識：外用油膏应放在保守邊界：安全使用比用得多更重要，依标示与風險族群提醒。
25-36秒 安全：2 歲以下、孕哺、過敏体質、抗凝血药使用者请先询問專業人員。
36-45秒 CTA：使用前看标示，收藏这支，下次別用錯。",僅供外用。避免接觸眼睛、黏膜、破皮或傷口；特殊族群使用前請先諮詢專業人員。,2 歲以下、孕哺、過敏體質、抗凝血藥使用者請先詢問專業人員。,根治|治療疾病|消炎治本|打通經絡|一擦就好|保證有效|深層修復|替代藥物
Douyin_LINE159,LINE159,抖音,2026-08-22,12:00,小暑前後活動舒適提醒,F,低,pending_legal_pharmacist_review,false,小暑前后活動舒适提醒,"0-3秒 Hook：小暑前后活動舒适提醒，你也遇過嗎？
3-12秒 情境：拍攝喜歡養生、节氣与日常保健的 LINE 讀者的日常動作，字幕点出「小暑前后活動舒适提醒」。
12-25秒 知識：外用油膏应放在保守邊界：以生活保健与身体觉察为主，不做医疗疗效宣稱。
25-36秒 安全：节氣養生屬一般生活資讯，身体不适仍应咨询專業人員。
36-45秒 CTA：使用前看标示，收藏这支，下次別用錯。",小暑前后活動舒适提醒的重点是依标示使用，不誇大、不神化。本内容为一般生活保健資讯，非医疗診斷或治疗建議。,#節氣保養 #生活保健 #日常保養 #身體覺察,"0-3秒 Hook：小暑前后活動舒适提醒，你也遇過嗎？
3-12秒 情境：拍攝喜歡養生、节氣与日常保健的 LINE 讀者的日常動作，字幕点出「小暑前后活動舒适提醒」。
12-25秒 知識：外用油膏应放在保守邊界：以生活保健与身体觉察为主，不做医疗疗效宣稱。
25-36秒 安全：节氣養生屬一般生活資讯，身体不适仍应咨询專業人員。
36-45秒 CTA：使用前看标示，收藏这支，下次別用錯。",本內容為一般生活保健資訊，非醫療診斷或治療建議。,節氣養生屬一般生活資訊，身體不適仍應諮詢專業人員。,根治|治療疾病|消炎治本|打通經絡|一擦就好|保證有效|深層修復|替代藥物
Douyin_LINE160,LINE160,抖音,2026-08-22,20:00,爬山後腿部按摩提醒,C,中,pending_legal_pharmacist_review,false,爬山后腿部按摩提醒,"0-3秒 Hook：爬山后腿部按摩提醒，你也遇過嗎？
3-12秒 情境：拍攝運動族、搬重物、久站与勞動工作者的日常動作，字幕点出「爬山后腿部按摩提醒」。
12-25秒 知識：外用油膏应放在保守邊界：運動或勞動后的局部肌肉酸痛，可短期按摩舒缓。
25-36秒 安全：明顯腫脹、劇痛、活動受限或疑似受傷时，请先就医。
36-45秒 CTA：使用前看标示，收藏这支，下次別用錯。",爬山后腿部按摩提醒的重点是依标示使用，不誇大、不神化。本产品为外用油膏，请依核准标示使用；若症狀持續或惡化，请咨询医师或药师。,#運動後保養 #局部按摩 #肌肉痠痛 #依標示使用,"0-3秒 Hook：爬山后腿部按摩提醒，你也遇過嗎？
3-12秒 情境：拍攝運動族、搬重物、久站与勞動工作者的日常動作，字幕点出「爬山后腿部按摩提醒」。
12-25秒 知識：外用油膏应放在保守邊界：運動或勞動后的局部肌肉酸痛，可短期按摩舒缓。
25-36秒 安全：明顯腫脹、劇痛、活動受限或疑似受傷时，请先就医。
36-45秒 CTA：使用前看标示，收藏这支，下次別用錯。",本產品為外用油膏，請依核准標示使用；若症狀持續或惡化，請諮詢醫師或藥師。,明顯腫脹、劇痛、活動受限或疑似受傷時，請先就醫。,根治|治療疾病|消炎治本|打通經絡|一擦就好|保證有效|深層修復|替代藥物
Douyin_LINE161,LINE161,抖音,2026-08-23,12:00,外用膏一次擦多少才剛好,G,低,pending_legal_pharmacist_review,false,外用膏一次擦多少才剛好,"0-3秒 Hook：外用膏一次擦多少才剛好，你也遇過嗎？
3-12秒 情境：拍攝LINE OA 好友、回購客与新客的日常動作，字幕点出「外用膏一次擦多少才剛好」。
12-25秒 知識：外用油膏应放在保守邊界：用問答降低誤用，讓使用者知道何时該询問專業人員。
25-36秒 安全：互動回答不取代医师或药师建議。
36-45秒 CTA：使用前看标示，收藏这支，下次別用錯。",外用膏一次擦多少才剛好的重点是依标示使用，不誇大、不神化。本内容为一般生活保健資讯，非医疗診斷或治疗建議。,#互動問答 #保養知識 #使用小提醒 #金牌一條根,"0-3秒 Hook：外用膏一次擦多少才剛好，你也遇過嗎？
3-12秒 情境：拍攝LINE OA 好友、回購客与新客的日常動作，字幕点出「外用膏一次擦多少才剛好」。
12-25秒 知識：外用油膏应放在保守邊界：用問答降低誤用，讓使用者知道何时該询問專業人員。
25-36秒 安全：互動回答不取代医师或药师建議。
36-45秒 CTA：使用前看标示，收藏这支，下次別用錯。",本內容為一般生活保健資訊，非醫療診斷或治療建議。,互動回答不取代醫師或藥師建議。,根治|治療疾病|消炎治本|打通經絡|一擦就好|保證有效|深層修復|替代藥物
Douyin_LINE162,LINE162,抖音,2026-08-23,20:00,散步後的膝周保養,D,中,pending_legal_pharmacist_review,false,散步后的膝周保養,"0-3秒 Hook：散步后的膝周保養，你也遇過嗎？
3-12秒 情境：拍攝40-70 歲注重日常活動舒适度的族群的日常動作，字幕点出「散步后的膝周保養」。
12-25秒 知識：外用油膏应放在保守邊界：轻微关节酸痛可短期舒缓，但不可宣稱治疗疾病。
25-36秒 安全：关节腫痛、紅熱、长期疼痛或行走困難，请就医評估。
36-45秒 CTA：使用前看标示，收藏这支，下次別用錯。",散步后的膝周保養的重点是依标示使用，不誇大、不神化。本产品为外用油膏，请依核准标示使用；若症狀持續或惡化，请咨询医师或药师。,#銀髮保養 #活動舒適 #輕微痠痛 #依標示使用,"0-3秒 Hook：散步后的膝周保養，你也遇過嗎？
3-12秒 情境：拍攝40-70 歲注重日常活動舒适度的族群的日常動作，字幕点出「散步后的膝周保養」。
12-25秒 知識：外用油膏应放在保守邊界：轻微关节酸痛可短期舒缓，但不可宣稱治疗疾病。
25-36秒 安全：关节腫痛、紅熱、长期疼痛或行走困難，请就医評估。
36-45秒 CTA：使用前看标示，收藏这支，下次別用錯。",本產品為外用油膏，請依核准標示使用；若症狀持續或惡化，請諮詢醫師或藥師。,關節腫痛、紅熱、長期疼痛或行走困難，請就醫評估。,根治|治療疾病|消炎治本|打通經絡|一擦就好|保證有效|深層修復|替代藥物
Douyin_LINE163,LINE163,抖音,2026-08-24,12:00,午休前的肩頸放鬆流程,B,低,pending_legal_pharmacist_review,false,午休前的肩颈放鬆流程,"0-3秒 Hook：午休前的肩颈放鬆流程，你也遇過嗎？
3-12秒 情境：拍攝长时間低頭、久坐、用電腦的上班族的日常動作，字幕点出「午休前的肩颈放鬆流程」。
12-25秒 知識：外用油膏应放在保守邊界：久坐低頭后，可搭配伸展与局部按摩舒缓緊繃不适。
25-36秒 安全：若酸痛持續、麻木或影響活動，请咨询医师或药师。
36-45秒 CTA：使用前看标示，收藏这支，下次別用錯。",午休前的肩颈放鬆流程的重点是依标示使用，不誇大、不神化。本内容为一般生活保健資讯，非医疗診斷或治疗建議。,#肩頸保養 #久坐族 #日常舒緩 #依標示使用,"0-3秒 Hook：午休前的肩颈放鬆流程，你也遇過嗎？
3-12秒 情境：拍攝长时間低頭、久坐、用電腦的上班族的日常動作，字幕点出「午休前的肩颈放鬆流程」。
12-25秒 知識：外用油膏应放在保守邊界：久坐低頭后，可搭配伸展与局部按摩舒缓緊繃不适。
25-36秒 安全：若酸痛持續、麻木或影響活動，请咨询医师或药师。
36-45秒 CTA：使用前看标示，收藏这支，下次別用錯。",本內容為一般生活保健資訊，非醫療診斷或治療建議。,若痠痛持續、麻木或影響活動，請諮詢醫師或藥師。,根治|治療疾病|消炎治本|打通經絡|一擦就好|保證有效|深層修復|替代藥物
Douyin_LINE164,LINE164,抖音,2026-08-24,20:00,油膏劑為什麼適合局部按摩,A,中,pending_legal_pharmacist_review,false,油膏剂为什麼适合局部按摩,"0-3秒 Hook：油膏剂为什麼适合局部按摩，你也遇過嗎？
3-12秒 情境：拍攝已購買或正在觀望的一條根使用者的日常動作，字幕点出「油膏剂为什麼适合局部按摩」。
12-25秒 知識：外用油膏应放在保守邊界：依标示外用，提供局部按摩与暂时舒缓体感。
25-36秒 安全：僅供外用；避免眼周、黏膜、破皮或傷口。
36-45秒 CTA：使用前看标示，收藏这支，下次別用錯。",油膏剂为什麼适合局部按摩的重点是依标示使用，不誇大、不神化。本产品为外用油膏，请依核准标示使用；若症狀持續或惡化，请咨询医师或药师。,#金牌一條根 #外用油膏 #成分透明 #依標示使用,"0-3秒 Hook：油膏剂为什麼适合局部按摩，你也遇過嗎？
3-12秒 情境：拍攝已購買或正在觀望的一條根使用者的日常動作，字幕点出「油膏剂为什麼适合局部按摩」。
12-25秒 知識：外用油膏应放在保守邊界：依标示外用，提供局部按摩与暂时舒缓体感。
25-36秒 安全：僅供外用；避免眼周、黏膜、破皮或傷口。
36-45秒 CTA：使用前看标示，收藏这支，下次別用錯。",本產品為外用油膏，請依核准標示使用；若症狀持續或惡化，請諮詢醫師或藥師。,僅供外用；避免眼周、黏膜、破皮或傷口。,根治|治療疾病|消炎治本|打通經絡|一擦就好|保證有效|深層修復|替代藥物
Douyin_LINE165,LINE165,抖音,2026-08-25,12:00,大暑午後少久站硬撐,F,低,pending_legal_pharmacist_review,false,大暑午后少久站硬撐,"0-3秒 Hook：大暑午后少久站硬撐，你也遇過嗎？
3-12秒 情境：拍攝喜歡養生、节氣与日常保健的 LINE 讀者的日常動作，字幕点出「大暑午后少久站硬撐」。
12-25秒 知識：外用油膏应放在保守邊界：以生活保健与身体觉察为主，不做医疗疗效宣稱。
25-36秒 安全：节氣養生屬一般生活資讯，身体不适仍应咨询專業人員。
36-45秒 CTA：使用前看标示，收藏这支，下次別用錯。",大暑午后少久站硬撐的重点是依标示使用，不誇大、不神化。本内容为一般生活保健資讯，非医疗診斷或治疗建議。,#節氣保養 #生活保健 #日常保養 #身體覺察,"0-3秒 Hook：大暑午后少久站硬撐，你也遇過嗎？
3-12秒 情境：拍攝喜歡養生、节氣与日常保健的 LINE 讀者的日常動作，字幕点出「大暑午后少久站硬撐」。
12-25秒 知識：外用油膏应放在保守邊界：以生活保健与身体觉察为主，不做医疗疗效宣稱。
25-36秒 安全：节氣養生屬一般生活資讯，身体不适仍应咨询專業人員。
36-45秒 CTA：使用前看标示，收藏这支，下次別用錯。",本內容為一般生活保健資訊，非醫療診斷或治療建議。,節氣養生屬一般生活資訊，身體不適仍應諮詢專業人員。,根治|治療疾病|消炎治本|打通經絡|一擦就好|保證有效|深層修復|替代藥物
Douyin_LINE166,LINE166,抖音,2026-08-25,20:00,不要密封包紮或大面積厚敷,E,高,pending_legal_pharmacist_review,false,不要密封包紮或大面積厚敷,"0-3秒 Hook：不要密封包紮或大面積厚敷，你也遇過嗎？
3-12秒 情境：拍攝所有使用者、照護者与家庭購買者的日常動作，字幕点出「不要密封包紮或大面積厚敷」。
12-25秒 知識：外用油膏应放在保守邊界：安全使用比用得多更重要，依标示与風險族群提醒。
25-36秒 安全：2 歲以下、孕哺、過敏体質、抗凝血药使用者请先询問專業人員。
36-45秒 CTA：使用前看标示，收藏这支，下次別用錯。",不要密封包紮或大面積厚敷的重点是依标示使用，不誇大、不神化。僅供外用。避免接触眼睛、黏膜、破皮或傷口；特殊族群使用前请先咨询專業人員。,#外用安全 #用藥安全 #使用前看標示 #諮詢醫師藥師,"0-3秒 Hook：不要密封包紮或大面積厚敷，你也遇過嗎？
3-12秒 情境：拍攝所有使用者、照護者与家庭購買者的日常動作，字幕点出「不要密封包紮或大面積厚敷」。
12-25秒 知識：外用油膏应放在保守邊界：安全使用比用得多更重要，依标示与風險族群提醒。
25-36秒 安全：2 歲以下、孕哺、過敏体質、抗凝血药使用者请先询問專業人員。
36-45秒 CTA：使用前看标示，收藏这支，下次別用錯。",僅供外用。避免接觸眼睛、黏膜、破皮或傷口；特殊族群使用前請先諮詢專業人員。,2 歲以下、孕哺、過敏體質、抗凝血藥使用者請先詢問專業人員。,根治|治療疾病|消炎治本|打通經絡|一擦就好|保證有效|深層修復|替代藥物
Douyin_LINE167,LINE167,抖音,2026-08-26,12:00,藥證可查代表什麼,H,中,pending_legal_pharmacist_review,false,药证可查代表什麼,"0-3秒 Hook：药证可查代表什麼，你也遇過嗎？
3-12秒 情境：拍攝重視药证、成分、品質与合法性的消費者的日常動作，字幕点出「药证可查代表什麼」。
12-25秒 知識：外用油膏应放在保守邊界：強調药证、标示、保守宣稱与人工审核流程。
25-36秒 安全：所有广告文案仍須依主管機关与專業人員审核。
36-45秒 CTA：使用前看标示，收藏这支，下次別用錯。",药证可查代表什麼的重点是依标示使用，不誇大、不神化。本产品为外用油膏，请依核准标示使用；若症狀持續或惡化，请咨询医师或药师。,#藥證可查 #品牌透明 #合法宣傳 #成分透明,"0-3秒 Hook：药证可查代表什麼，你也遇過嗎？
3-12秒 情境：拍攝重視药证、成分、品質与合法性的消費者的日常動作，字幕点出「药证可查代表什麼」。
12-25秒 知識：外用油膏应放在保守邊界：強調药证、标示、保守宣稱与人工审核流程。
25-36秒 安全：所有广告文案仍須依主管機关与專業人員审核。
36-45秒 CTA：使用前看标示，收藏这支，下次別用錯。",本產品為外用油膏，請依核准標示使用；若症狀持續或惡化，請諮詢醫師或藥師。,所有廣告文案仍須依主管機關與專業人員審核。,根治|治療疾病|消炎治本|打通經絡|一擦就好|保證有效|深層修復|替代藥物
Douyin_LINE168,LINE168,抖音,2026-08-26,20:00,涼感越強越有效嗎,G,低,pending_legal_pharmacist_review,false,涼感越強越有效嗎,"0-3秒 Hook：涼感越強越有效嗎，你也遇過嗎？
3-12秒 情境：拍攝LINE OA 好友、回購客与新客的日常動作，字幕点出「涼感越強越有效嗎」。
12-25秒 知識：外用油膏应放在保守邊界：用問答降低誤用，讓使用者知道何时該询問專業人員。
25-36秒 安全：互動回答不取代医师或药师建議。
36-45秒 CTA：使用前看标示，收藏这支，下次別用錯。",涼感越強越有效嗎的重点是依标示使用，不誇大、不神化。本内容为一般生活保健資讯，非医疗診斷或治疗建議。,#互動問答 #保養知識 #使用小提醒 #金牌一條根,"0-3秒 Hook：涼感越強越有效嗎，你也遇過嗎？
3-12秒 情境：拍攝LINE OA 好友、回購客与新客的日常動作，字幕点出「涼感越強越有效嗎」。
12-25秒 知識：外用油膏应放在保守邊界：用問答降低誤用，讓使用者知道何时該询問專業人員。
25-36秒 安全：互動回答不取代医师或药师建議。
36-45秒 CTA：使用前看标示，收藏这支，下次別用錯。",本內容為一般生活保健資訊，非醫療診斷或治療建議。,互動回答不取代醫師或藥師建議。,根治|治療疾病|消炎治本|打通經絡|一擦就好|保證有效|深層修復|替代藥物
Douyin_LINE169,LINE169,抖音,2026-08-27,12:00,重訓後肩背局部舒緩,C,中,pending_legal_pharmacist_review,false,重訓后肩背局部舒缓,"0-3秒 Hook：重訓后肩背局部舒缓，你也遇過嗎？
3-12秒 情境：拍攝運動族、搬重物、久站与勞動工作者的日常動作，字幕点出「重訓后肩背局部舒缓」。
12-25秒 知識：外用油膏应放在保守邊界：運動或勞動后的局部肌肉酸痛，可短期按摩舒缓。
25-36秒 安全：明顯腫脹、劇痛、活動受限或疑似受傷时，请先就医。
36-45秒 CTA：使用前看标示，收藏这支，下次別用錯。",重訓后肩背局部舒缓的重点是依标示使用，不誇大、不神化。本产品为外用油膏，请依核准标示使用；若症狀持續或惡化，请咨询医师或药师。,#運動後保養 #局部按摩 #肌肉痠痛 #依標示使用,"0-3秒 Hook：重訓后肩背局部舒缓，你也遇過嗎？
3-12秒 情境：拍攝運動族、搬重物、久站与勞動工作者的日常動作，字幕点出「重訓后肩背局部舒缓」。
12-25秒 知識：外用油膏应放在保守邊界：運動或勞動后的局部肌肉酸痛，可短期按摩舒缓。
25-36秒 安全：明顯腫脹、劇痛、活動受限或疑似受傷时，请先就医。
36-45秒 CTA：使用前看标示，收藏这支，下次別用錯。",本產品為外用油膏，請依核准標示使用；若症狀持續或惡化，請諮詢醫師或藥師。,明顯腫脹、劇痛、活動受限或疑似受傷時，請先就醫。,根治|治療疾病|消炎治本|打通經絡|一擦就好|保證有效|深層修復|替代藥物
Douyin_LINE170,LINE170,抖音,2026-08-27,20:00,乙類成藥與一般保健品差異,A,中,pending_legal_pharmacist_review,false,乙類成药与一般保健品差異,"0-3秒 Hook：乙類成药与一般保健品差異，你也遇過嗎？
3-12秒 情境：拍攝已購買或正在觀望的一條根使用者的日常動作，字幕点出「乙類成药与一般保健品差異」。
12-25秒 知識：外用油膏应放在保守邊界：依标示外用，提供局部按摩与暂时舒缓体感。
25-36秒 安全：僅供外用；避免眼周、黏膜、破皮或傷口。
36-45秒 CTA：使用前看标示，收藏这支，下次別用錯。",乙類成药与一般保健品差異的重点是依标示使用，不誇大、不神化。本产品为外用油膏，请依核准标示使用；若症狀持續或惡化，请咨询医师或药师。,#金牌一條根 #外用油膏 #成分透明 #依標示使用,"0-3秒 Hook：乙類成药与一般保健品差異，你也遇過嗎？
3-12秒 情境：拍攝已購買或正在觀望的一條根使用者的日常動作，字幕点出「乙類成药与一般保健品差異」。
12-25秒 知識：外用油膏应放在保守邊界：依标示外用，提供局部按摩与暂时舒缓体感。
25-36秒 安全：僅供外用；避免眼周、黏膜、破皮或傷口。
36-45秒 CTA：使用前看标示，收藏这支，下次別用錯。",本產品為外用油膏，請依核准標示使用；若症狀持續或惡化，請諮詢醫師或藥師。,僅供外用；避免眼周、黏膜、破皮或傷口。,根治|治療疾病|消炎治本|打通經絡|一擦就好|保證有效|深層修復|替代藥物
Douyin_LINE171,LINE171,抖音,2026-08-28,12:00,天氣變化時的活動舒適感,D,中,pending_legal_pharmacist_review,false,天氣变化时的活動舒适感,"0-3秒 Hook：天氣变化时的活動舒适感，你也遇過嗎？
3-12秒 情境：拍攝40-70 歲注重日常活動舒适度的族群的日常動作，字幕点出「天氣变化时的活動舒适感」。
12-25秒 知識：外用油膏应放在保守邊界：轻微关节酸痛可短期舒缓，但不可宣稱治疗疾病。
25-36秒 安全：关节腫痛、紅熱、长期疼痛或行走困難，请就医評估。
36-45秒 CTA：使用前看标示，收藏这支，下次別用錯。",天氣变化时的活動舒适感的重点是依标示使用，不誇大、不神化。本产品为外用油膏，请依核准标示使用；若症狀持續或惡化，请咨询医师或药师。,#銀髮保養 #活動舒適 #輕微痠痛 #依標示使用,"0-3秒 Hook：天氣变化时的活動舒适感，你也遇過嗎？
3-12秒 情境：拍攝40-70 歲注重日常活動舒适度的族群的日常動作，字幕点出「天氣变化时的活動舒适感」。
12-25秒 知識：外用油膏应放在保守邊界：轻微关节酸痛可短期舒缓，但不可宣稱治疗疾病。
25-36秒 安全：关节腫痛、紅熱、长期疼痛或行走困難，请就医評估。
36-45秒 CTA：使用前看标示，收藏这支，下次別用錯。",本產品為外用油膏，請依核准標示使用；若症狀持續或惡化，請諮詢醫師或藥師。,關節腫痛、紅熱、長期疼痛或行走困難，請就醫評估。,根治|治療疾病|消炎治本|打通經絡|一擦就好|保證有效|深層修復|替代藥物
Douyin_LINE172,LINE172,抖音,2026-08-28,20:00,水楊酸或阿斯匹靈過敏者注意,E,高,pending_legal_pharmacist_review,false,水楊酸或阿斯匹靈過敏者注意,"0-3秒 Hook：水楊酸或阿斯匹靈過敏者注意，你也遇過嗎？
3-12秒 情境：拍攝所有使用者、照護者与家庭購買者的日常動作，字幕点出「水楊酸或阿斯匹靈過敏者注意」。
12-25秒 知識：外用油膏应放在保守邊界：安全使用比用得多更重要，依标示与風險族群提醒。
25-36秒 安全：2 歲以下、孕哺、過敏体質、抗凝血药使用者请先询問專業人員。
36-45秒 CTA：使用前看标示，收藏这支，下次別用錯。",水楊酸或阿斯匹靈過敏者注意的重点是依标示使用，不誇大、不神化。僅供外用。避免接触眼睛、黏膜、破皮或傷口；特殊族群使用前请先咨询專業人員。,#外用安全 #用藥安全 #使用前看標示 #諮詢醫師藥師,"0-3秒 Hook：水楊酸或阿斯匹靈過敏者注意，你也遇過嗎？
3-12秒 情境：拍攝所有使用者、照護者与家庭購買者的日常動作，字幕点出「水楊酸或阿斯匹靈過敏者注意」。
12-25秒 知識：外用油膏应放在保守邊界：安全使用比用得多更重要，依标示与風險族群提醒。
25-36秒 安全：2 歲以下、孕哺、過敏体質、抗凝血药使用者请先询問專業人員。
36-45秒 CTA：使用前看标示，收藏这支，下次別用錯。",僅供外用。避免接觸眼睛、黏膜、破皮或傷口；特殊族群使用前請先諮詢專業人員。,2 歲以下、孕哺、過敏體質、抗凝血藥使用者請先詢問專業人員。,根治|治療疾病|消炎治本|打通經絡|一擦就好|保證有效|深層修復|替代藥物
Douyin_LINE173,LINE173,抖音,2026-08-29,12:00,立秋後早晚溫差保養,F,低,pending_legal_pharmacist_review,false,立秋后早晚溫差保養,"0-3秒 Hook：立秋后早晚溫差保養，你也遇過嗎？
3-12秒 情境：拍攝喜歡養生、节氣与日常保健的 LINE 讀者的日常動作，字幕点出「立秋后早晚溫差保養」。
12-25秒 知識：外用油膏应放在保守邊界：以生活保健与身体觉察为主，不做医疗疗效宣稱。
25-36秒 安全：节氣養生屬一般生活資讯，身体不适仍应咨询專業人員。
36-45秒 CTA：使用前看标示，收藏这支，下次別用錯。",立秋后早晚溫差保養的重点是依标示使用，不誇大、不神化。本内容为一般生活保健資讯，非医疗診斷或治疗建議。,#節氣保養 #生活保健 #日常保養 #身體覺察,"0-3秒 Hook：立秋后早晚溫差保養，你也遇過嗎？
3-12秒 情境：拍攝喜歡養生、节氣与日常保健的 LINE 讀者的日常動作，字幕点出「立秋后早晚溫差保養」。
12-25秒 知識：外用油膏应放在保守邊界：以生活保健与身体觉察为主，不做医疗疗效宣稱。
25-36秒 安全：节氣養生屬一般生活資讯，身体不适仍应咨询專業人員。
36-45秒 CTA：使用前看标示，收藏这支，下次別用錯。",本內容為一般生活保健資訊，非醫療診斷或治療建議。,節氣養生屬一般生活資訊，身體不適仍應諮詢專業人員。,根治|治療疾病|消炎治本|打通經絡|一擦就好|保證有效|深層修復|替代藥物
Douyin_LINE174,LINE174,抖音,2026-08-29,20:00,家事後手臂不適保養,C,中,pending_legal_pharmacist_review,false,家事后手臂不适保養,"0-3秒 Hook：家事后手臂不适保養，你也遇過嗎？
3-12秒 情境：拍攝運動族、搬重物、久站与勞動工作者的日常動作，字幕点出「家事后手臂不适保養」。
12-25秒 知識：外用油膏应放在保守邊界：運動或勞動后的局部肌肉酸痛，可短期按摩舒缓。
25-36秒 安全：明顯腫脹、劇痛、活動受限或疑似受傷时，请先就医。
36-45秒 CTA：使用前看标示，收藏这支，下次別用錯。",家事后手臂不适保養的重点是依标示使用，不誇大、不神化。本产品为外用油膏，请依核准标示使用；若症狀持續或惡化，请咨询医师或药师。,#運動後保養 #局部按摩 #肌肉痠痛 #依標示使用,"0-3秒 Hook：家事后手臂不适保養，你也遇過嗎？
3-12秒 情境：拍攝運動族、搬重物、久站与勞動工作者的日常動作，字幕点出「家事后手臂不适保養」。
12-25秒 知識：外用油膏应放在保守邊界：運動或勞動后的局部肌肉酸痛，可短期按摩舒缓。
25-36秒 安全：明顯腫脹、劇痛、活動受限或疑似受傷时，请先就医。
36-45秒 CTA：使用前看标示，收藏这支，下次別用錯。",本產品為外用油膏，請依核准標示使用；若症狀持續或惡化，請諮詢醫師或藥師。,明顯腫脹、劇痛、活動受限或疑似受傷時，請先就醫。,根治|治療疾病|消炎治本|打通經絡|一擦就好|保證有效|深層修復|替代藥物
Douyin_LINE175,LINE175,抖音,2026-08-30,12:00,你有看過外用產品標示嗎,G,低,pending_legal_pharmacist_review,false,你有看過外用产品标示嗎,"0-3秒 Hook：你有看過外用产品标示嗎，你也遇過嗎？
3-12秒 情境：拍攝LINE OA 好友、回購客与新客的日常動作，字幕点出「你有看過外用产品标示嗎」。
12-25秒 知識：外用油膏应放在保守邊界：用問答降低誤用，讓使用者知道何时該询問專業人員。
25-36秒 安全：互動回答不取代医师或药师建議。
36-45秒 CTA：使用前看标示，收藏这支，下次別用錯。",你有看過外用产品标示嗎的重点是依标示使用，不誇大、不神化。本内容为一般生活保健資讯，非医疗診斷或治疗建議。,#互動問答 #保養知識 #使用小提醒 #金牌一條根,"0-3秒 Hook：你有看過外用产品标示嗎，你也遇過嗎？
3-12秒 情境：拍攝LINE OA 好友、回購客与新客的日常動作，字幕点出「你有看過外用产品标示嗎」。
12-25秒 知識：外用油膏应放在保守邊界：用問答降低誤用，讓使用者知道何时該询問專業人員。
25-36秒 安全：互動回答不取代医师或药师建議。
36-45秒 CTA：使用前看标示，收藏这支，下次別用錯。",本內容為一般生活保健資訊，非醫療診斷或治療建議。,互動回答不取代醫師或藥師建議。,根治|治療疾病|消炎治本|打通經絡|一擦就好|保證有效|深層修復|替代藥物
Douyin_LINE176,LINE176,抖音,2026-08-30,20:00,長輩按摩力道不要過重,D,中,pending_legal_pharmacist_review,false,长輩按摩力道不要過重,"0-3秒 Hook：长輩按摩力道不要過重，你也遇過嗎？
3-12秒 情境：拍攝40-70 歲注重日常活動舒适度的族群的日常動作，字幕点出「长輩按摩力道不要過重」。
12-25秒 知識：外用油膏应放在保守邊界：轻微关节酸痛可短期舒缓，但不可宣稱治疗疾病。
25-36秒 安全：关节腫痛、紅熱、长期疼痛或行走困難，请就医評估。
36-45秒 CTA：使用前看标示，收藏这支，下次別用錯。",长輩按摩力道不要過重的重点是依标示使用，不誇大、不神化。本产品为外用油膏，请依核准标示使用；若症狀持續或惡化，请咨询医师或药师。,#銀髮保養 #活動舒適 #輕微痠痛 #依標示使用,"0-3秒 Hook：长輩按摩力道不要過重，你也遇過嗎？
3-12秒 情境：拍攝40-70 歲注重日常活動舒适度的族群的日常動作，字幕点出「长輩按摩力道不要過重」。
12-25秒 知識：外用油膏应放在保守邊界：轻微关节酸痛可短期舒缓，但不可宣稱治疗疾病。
25-36秒 安全：关节腫痛、紅熱、长期疼痛或行走困難，请就医評估。
36-45秒 CTA：使用前看标示，收藏这支，下次別用錯。",本產品為外用油膏，請依核准標示使用；若症狀持續或惡化，請諮詢醫師或藥師。,關節腫痛、紅熱、長期疼痛或行走困難，請就醫評估。,根治|治療疾病|消炎治本|打通經絡|一擦就好|保證有效|深層修復|替代藥物
Douyin_LINE177,LINE177,抖音,2026-08-31,12:00,開會久坐後的腰背舒緩,B,低,pending_legal_pharmacist_review,false,開会久坐后的腰背舒缓,"0-3秒 Hook：開会久坐后的腰背舒缓，你也遇過嗎？
3-12秒 情境：拍攝长时間低頭、久坐、用電腦的上班族的日常動作，字幕点出「開会久坐后的腰背舒缓」。
12-25秒 知識：外用油膏应放在保守邊界：久坐低頭后，可搭配伸展与局部按摩舒缓緊繃不适。
25-36秒 安全：若酸痛持續、麻木或影響活動，请咨询医师或药师。
36-45秒 CTA：使用前看标示，收藏这支，下次別用錯。",開会久坐后的腰背舒缓的重点是依标示使用，不誇大、不神化。本内容为一般生活保健資讯，非医疗診斷或治疗建議。,#肩頸保養 #久坐族 #日常舒緩 #依標示使用,"0-3秒 Hook：開会久坐后的腰背舒缓，你也遇過嗎？
3-12秒 情境：拍攝长时間低頭、久坐、用電腦的上班族的日常動作，字幕点出「開会久坐后的腰背舒缓」。
12-25秒 知識：外用油膏应放在保守邊界：久坐低頭后，可搭配伸展与局部按摩舒缓緊繃不适。
25-36秒 安全：若酸痛持續、麻木或影響活動，请咨询医师或药师。
36-45秒 CTA：使用前看标示，收藏这支，下次別用錯。",本內容為一般生活保健資訊，非醫療診斷或治療建議。,若痠痛持續、麻木或影響活動，請諮詢醫師或藥師。,根治|治療疾病|消炎治本|打通經絡|一擦就好|保證有效|深層修復|替代藥物
Douyin_LINE178,LINE178,抖音,2026-08-31,20:00,一條根外用膏的日常定位,A,中,pending_legal_pharmacist_review,false,一條根外用膏的日常定位,"0-3秒 Hook：一條根外用膏的日常定位，你也遇過嗎？
3-12秒 情境：拍攝已購買或正在觀望的一條根使用者的日常動作，字幕点出「一條根外用膏的日常定位」。
12-25秒 知識：外用油膏应放在保守邊界：依标示外用，提供局部按摩与暂时舒缓体感。
25-36秒 安全：僅供外用；避免眼周、黏膜、破皮或傷口。
36-45秒 CTA：使用前看标示，收藏这支，下次別用錯。",一條根外用膏的日常定位的重点是依标示使用，不誇大、不神化。本产品为外用油膏，请依核准标示使用；若症狀持續或惡化，请咨询医师或药师。,#金牌一條根 #外用油膏 #成分透明 #依標示使用,"0-3秒 Hook：一條根外用膏的日常定位，你也遇過嗎？
3-12秒 情境：拍攝已購買或正在觀望的一條根使用者的日常動作，字幕点出「一條根外用膏的日常定位」。
12-25秒 知識：外用油膏应放在保守邊界：依标示外用，提供局部按摩与暂时舒缓体感。
25-36秒 安全：僅供外用；避免眼周、黏膜、破皮或傷口。
36-45秒 CTA：使用前看标示，收藏这支，下次別用錯。",本產品為外用油膏，請依核准標示使用；若症狀持續或惡化，請諮詢醫師或藥師。,僅供外用；避免眼周、黏膜、破皮或傷口。,根治|治療疾病|消炎治本|打通經絡|一擦就好|保證有效|深層修復|替代藥物
Douyin_LINE179,LINE179,抖音,2026-09-01,12:00,處暑後運動暖身提醒,F,低,pending_legal_pharmacist_review,false,處暑后運動暖身提醒,"0-3秒 Hook：處暑后運動暖身提醒，你也遇過嗎？
3-12秒 情境：拍攝喜歡養生、节氣与日常保健的 LINE 讀者的日常動作，字幕点出「處暑后運動暖身提醒」。
12-25秒 知識：外用油膏应放在保守邊界：以生活保健与身体觉察为主，不做医疗疗效宣稱。
25-36秒 安全：节氣養生屬一般生活資讯，身体不适仍应咨询專業人員。
36-45秒 CTA：使用前看标示，收藏这支，下次別用錯。",處暑后運動暖身提醒的重点是依标示使用，不誇大、不神化。本内容为一般生活保健資讯，非医疗診斷或治疗建議。,#節氣保養 #生活保健 #日常保養 #身體覺察,"0-3秒 Hook：處暑后運動暖身提醒，你也遇過嗎？
3-12秒 情境：拍攝喜歡養生、节氣与日常保健的 LINE 讀者的日常動作，字幕点出「處暑后運動暖身提醒」。
12-25秒 知識：外用油膏应放在保守邊界：以生活保健与身体觉察为主，不做医疗疗效宣稱。
25-36秒 安全：节氣養生屬一般生活資讯，身体不适仍应咨询專業人員。
36-45秒 CTA：使用前看标示，收藏这支，下次別用錯。",本內容為一般生活保健資訊，非醫療診斷或治療建議。,節氣養生屬一般生活資訊，身體不適仍應諮詢專業人員。,根治|治療疾病|消炎治本|打通經絡|一擦就好|保證有效|深層修復|替代藥物
Douyin_LINE180,LINE180,抖音,2026-09-01,20:00,兒童使用前的安全提醒,E,高,pending_legal_pharmacist_review,false,兒童使用前的安全提醒,"0-3秒 Hook：兒童使用前的安全提醒，你也遇過嗎？
3-12秒 情境：拍攝所有使用者、照護者与家庭購買者的日常動作，字幕点出「兒童使用前的安全提醒」。
12-25秒 知識：外用油膏应放在保守邊界：安全使用比用得多更重要，依标示与風險族群提醒。
25-36秒 安全：2 歲以下、孕哺、過敏体質、抗凝血药使用者请先询問專業人員。
36-45秒 CTA：使用前看标示，收藏这支，下次別用錯。",兒童使用前的安全提醒的重点是依标示使用，不誇大、不神化。僅供外用。避免接触眼睛、黏膜、破皮或傷口；特殊族群使用前请先咨询專業人員。,#外用安全 #用藥安全 #使用前看標示 #諮詢醫師藥師,"0-3秒 Hook：兒童使用前的安全提醒，你也遇過嗎？
3-12秒 情境：拍攝所有使用者、照護者与家庭購買者的日常動作，字幕点出「兒童使用前的安全提醒」。
12-25秒 知識：外用油膏应放在保守邊界：安全使用比用得多更重要，依标示与風險族群提醒。
25-36秒 安全：2 歲以下、孕哺、過敏体質、抗凝血药使用者请先询問專業人員。
36-45秒 CTA：使用前看标示，收藏这支，下次別用錯。",僅供外用。避免接觸眼睛、黏膜、破皮或傷口；特殊族群使用前請先諮詢專業人員。,2 歲以下、孕哺、過敏體質、抗凝血藥使用者請先詢問專業人員。,根治|治療疾病|消炎治本|打通經絡|一擦就好|保證有效|深層修復|替代藥物
Douyin_LINE181,LINE181,抖音,2026-09-02,12:00,外用膏廣告為什麼要保守,H,中,pending_legal_pharmacist_review,false,外用膏广告为什麼要保守,"0-3秒 Hook：外用膏广告为什麼要保守，你也遇過嗎？
3-12秒 情境：拍攝重視药证、成分、品質与合法性的消費者的日常動作，字幕点出「外用膏广告为什麼要保守」。
12-25秒 知識：外用油膏应放在保守邊界：強調药证、标示、保守宣稱与人工审核流程。
25-36秒 安全：所有广告文案仍須依主管機关与專業人員审核。
36-45秒 CTA：使用前看标示，收藏这支，下次別用錯。",外用膏广告为什麼要保守的重点是依标示使用，不誇大、不神化。本产品为外用油膏，请依核准标示使用；若症狀持續或惡化，请咨询医师或药师。,#藥證可查 #品牌透明 #合法宣傳 #成分透明,"0-3秒 Hook：外用膏广告为什麼要保守，你也遇過嗎？
3-12秒 情境：拍攝重視药证、成分、品質与合法性的消費者的日常動作，字幕点出「外用膏广告为什麼要保守」。
12-25秒 知識：外用油膏应放在保守邊界：強調药证、标示、保守宣稱与人工审核流程。
25-36秒 安全：所有广告文案仍須依主管機关与專業人員审核。
36-45秒 CTA：使用前看标示，收藏这支，下次別用錯。",本產品為外用油膏，請依核准標示使用；若症狀持續或惡化，請諮詢醫師或藥師。,所有廣告文案仍須依主管機關與專業人員審核。,根治|治療疾病|消炎治本|打通經絡|一擦就好|保證有效|深層修復|替代藥物
Douyin_LINE182,LINE182,抖音,2026-09-02,20:00,久坐族最想舒緩哪裡,G,低,pending_legal_pharmacist_review,false,久坐族最想舒缓哪裡,"0-3秒 Hook：久坐族最想舒缓哪裡，你也遇過嗎？
3-12秒 情境：拍攝LINE OA 好友、回購客与新客的日常動作，字幕点出「久坐族最想舒缓哪裡」。
12-25秒 知識：外用油膏应放在保守邊界：用問答降低誤用，讓使用者知道何时該询問專業人員。
25-36秒 安全：互動回答不取代医师或药师建議。
36-45秒 CTA：使用前看标示，收藏这支，下次別用錯。",久坐族最想舒缓哪裡的重点是依标示使用，不誇大、不神化。本内容为一般生活保健資讯，非医疗診斷或治疗建議。,#互動問答 #保養知識 #使用小提醒 #金牌一條根,"0-3秒 Hook：久坐族最想舒缓哪裡，你也遇過嗎？
3-12秒 情境：拍攝LINE OA 好友、回購客与新客的日常動作，字幕点出「久坐族最想舒缓哪裡」。
12-25秒 知識：外用油膏应放在保守邊界：用問答降低誤用，讓使用者知道何时該询問專業人員。
25-36秒 安全：互動回答不取代医师或药师建議。
36-45秒 CTA：使用前看标示，收藏这支，下次別用錯。",本內容為一般生活保健資訊，非醫療診斷或治療建議。,互動回答不取代醫師或藥師建議。,根治|治療疾病|消炎治本|打通經絡|一擦就好|保證有效|深層修復|替代藥物
Douyin_LINE183,LINE183,抖音,2026-09-03,12:00,跑步後膝周不適的保守提醒,C,中,pending_legal_pharmacist_review,false,跑步后膝周不适的保守提醒,"0-3秒 Hook：跑步后膝周不适的保守提醒，你也遇過嗎？
3-12秒 情境：拍攝運動族、搬重物、久站与勞動工作者的日常動作，字幕点出「跑步后膝周不适的保守提醒」。
12-25秒 知識：外用油膏应放在保守邊界：運動或勞動后的局部肌肉酸痛，可短期按摩舒缓。
25-36秒 安全：明顯腫脹、劇痛、活動受限或疑似受傷时，请先就医。
36-45秒 CTA：使用前看标示，收藏这支，下次別用錯。",跑步后膝周不适的保守提醒的重点是依标示使用，不誇大、不神化。本产品为外用油膏，请依核准标示使用；若症狀持續或惡化，请咨询医师或药师。,#運動後保養 #局部按摩 #肌肉痠痛 #依標示使用,"0-3秒 Hook：跑步后膝周不适的保守提醒，你也遇過嗎？
3-12秒 情境：拍攝運動族、搬重物、久站与勞動工作者的日常動作，字幕点出「跑步后膝周不适的保守提醒」。
12-25秒 知識：外用油膏应放在保守邊界：運動或勞動后的局部肌肉酸痛，可短期按摩舒缓。
25-36秒 安全：明顯腫脹、劇痛、活動受限或疑似受傷时，请先就医。
36-45秒 CTA：使用前看标示，收藏这支，下次別用錯。",本產品為外用油膏，請依核准標示使用；若症狀持續或惡化，請諮詢醫師或藥師。,明顯腫脹、劇痛、活動受限或疑似受傷時，請先就醫。,根治|治療疾病|消炎治本|打通經絡|一擦就好|保證有效|深層修復|替代藥物
Douyin_LINE184,LINE184,抖音,2026-09-03,20:00,成分濃度為什麼要看標示,A,中,pending_legal_pharmacist_review,false,成分濃度为什麼要看标示,"0-3秒 Hook：成分濃度为什麼要看标示，你也遇過嗎？
3-12秒 情境：拍攝已購買或正在觀望的一條根使用者的日常動作，字幕点出「成分濃度为什麼要看标示」。
12-25秒 知識：外用油膏应放在保守邊界：依标示外用，提供局部按摩与暂时舒缓体感。
25-36秒 安全：僅供外用；避免眼周、黏膜、破皮或傷口。
36-45秒 CTA：使用前看标示，收藏这支，下次別用錯。",成分濃度为什麼要看标示的重点是依标示使用，不誇大、不神化。本产品为外用油膏，请依核准标示使用；若症狀持續或惡化，请咨询医师或药师。,#金牌一條根 #外用油膏 #成分透明 #依標示使用,"0-3秒 Hook：成分濃度为什麼要看标示，你也遇過嗎？
3-12秒 情境：拍攝已購買或正在觀望的一條根使用者的日常動作，字幕点出「成分濃度为什麼要看标示」。
12-25秒 知識：外用油膏应放在保守邊界：依标示外用，提供局部按摩与暂时舒缓体感。
25-36秒 安全：僅供外用；避免眼周、黏膜、破皮或傷口。
36-45秒 CTA：使用前看标示，收藏这支，下次別用錯。",本產品為外用油膏，請依核准標示使用；若症狀持續或惡化，請諮詢醫師或藥師。,僅供外用；避免眼周、黏膜、破皮或傷口。,根治|治療疾病|消炎治本|打通經絡|一擦就好|保證有效|深層修復|替代藥物
Douyin_LINE185,LINE185,抖音,2026-09-04,12:00,照顧爸媽時的外用提醒,D,中,pending_legal_pharmacist_review,false,照顧爸媽时的外用提醒,"0-3秒 Hook：照顧爸媽时的外用提醒，你也遇過嗎？
3-12秒 情境：拍攝40-70 歲注重日常活動舒适度的族群的日常動作，字幕点出「照顧爸媽时的外用提醒」。
12-25秒 知識：外用油膏应放在保守邊界：轻微关节酸痛可短期舒缓，但不可宣稱治疗疾病。
25-36秒 安全：关节腫痛、紅熱、长期疼痛或行走困難，请就医評估。
36-45秒 CTA：使用前看标示，收藏这支，下次別用錯。",照顧爸媽时的外用提醒的重点是依标示使用，不誇大、不神化。本产品为外用油膏，请依核准标示使用；若症狀持續或惡化，请咨询医师或药师。,#銀髮保養 #活動舒適 #輕微痠痛 #依標示使用,"0-3秒 Hook：照顧爸媽时的外用提醒，你也遇過嗎？
3-12秒 情境：拍攝40-70 歲注重日常活動舒适度的族群的日常動作，字幕点出「照顧爸媽时的外用提醒」。
12-25秒 知識：外用油膏应放在保守邊界：轻微关节酸痛可短期舒缓，但不可宣稱治疗疾病。
25-36秒 安全：关节腫痛、紅熱、长期疼痛或行走困難，请就医評估。
36-45秒 CTA：使用前看标示，收藏这支，下次別用錯。",本產品為外用油膏，請依核准標示使用；若症狀持續或惡化，請諮詢醫師或藥師。,關節腫痛、紅熱、長期疼痛或行走困難，請就醫評估。,根治|治療疾病|消炎治本|打通經絡|一擦就好|保證有效|深層修復|替代藥物
Douyin_LINE186,LINE186,抖音,2026-09-04,20:00,孕婦與哺乳族群先詢問專業人員,E,高,pending_legal_pharmacist_review,false,孕婦与哺乳族群先询問專業人員,"0-3秒 Hook：孕婦与哺乳族群先询問專業人員，你也遇過嗎？
3-12秒 情境：拍攝所有使用者、照護者与家庭購買者的日常動作，字幕点出「孕婦与哺乳族群先询問專業人員」。
12-25秒 知識：外用油膏应放在保守邊界：安全使用比用得多更重要，依标示与風險族群提醒。
25-36秒 安全：2 歲以下、孕哺、過敏体質、抗凝血药使用者请先询問專業人員。
36-45秒 CTA：使用前看标示，收藏这支，下次別用錯。",孕婦与哺乳族群先询問專業人員的重点是依标示使用，不誇大、不神化。僅供外用。避免接触眼睛、黏膜、破皮或傷口；特殊族群使用前请先咨询專業人員。,#外用安全 #用藥安全 #使用前看標示 #諮詢醫師藥師,"0-3秒 Hook：孕婦与哺乳族群先询問專業人員，你也遇過嗎？
3-12秒 情境：拍攝所有使用者、照護者与家庭購買者的日常動作，字幕点出「孕婦与哺乳族群先询問專業人員」。
12-25秒 知識：外用油膏应放在保守邊界：安全使用比用得多更重要，依标示与風險族群提醒。
25-36秒 安全：2 歲以下、孕哺、過敏体質、抗凝血药使用者请先询問專業人員。
36-45秒 CTA：使用前看标示，收藏这支，下次別用錯。",僅供外用。避免接觸眼睛、黏膜、破皮或傷口；特殊族群使用前請先諮詢專業人員。,2 歲以下、孕哺、過敏體質、抗凝血藥使用者請先詢問專業人員。,根治|治療疾病|消炎治本|打通經絡|一擦就好|保證有效|深層修復|替代藥物
Douyin_LINE187,LINE187,抖音,2026-09-05,12:00,白露時節關心長輩活動,F,低,pending_legal_pharmacist_review,false,白露时节关心长輩活動,"0-3秒 Hook：白露时节关心长輩活動，你也遇過嗎？
3-12秒 情境：拍攝喜歡養生、节氣与日常保健的 LINE 讀者的日常動作，字幕点出「白露时节关心长輩活動」。
12-25秒 知識：外用油膏应放在保守邊界：以生活保健与身体觉察为主，不做医疗疗效宣稱。
25-36秒 安全：节氣養生屬一般生活資讯，身体不适仍应咨询專業人員。
36-45秒 CTA：使用前看标示，收藏这支，下次別用錯。",白露时节关心长輩活動的重点是依标示使用，不誇大、不神化。本内容为一般生活保健資讯，非医疗診斷或治疗建議。,#節氣保養 #生活保健 #日常保養 #身體覺察,"0-3秒 Hook：白露时节关心长輩活動，你也遇過嗎？
3-12秒 情境：拍攝喜歡養生、节氣与日常保健的 LINE 讀者的日常動作，字幕点出「白露时节关心长輩活動」。
12-25秒 知識：外用油膏应放在保守邊界：以生活保健与身体觉察为主，不做医疗疗效宣稱。
25-36秒 安全：节氣養生屬一般生活資讯，身体不适仍应咨询專業人員。
36-45秒 CTA：使用前看标示，收藏这支，下次別用錯。",本內容為一般生活保健資訊，非醫療診斷或治療建議。,節氣養生屬一般生活資訊，身體不適仍應諮詢專業人員。,根治|治療疾病|消炎治本|打通經絡|一擦就好|保證有效|深層修復|替代藥物
Douyin_LINE188,LINE188,抖音,2026-09-05,20:00,勞動後先休息再按摩,C,中,pending_legal_pharmacist_review,false,勞動后先休息再按摩,"0-3秒 Hook：勞動后先休息再按摩，你也遇過嗎？
3-12秒 情境：拍攝運動族、搬重物、久站与勞動工作者的日常動作，字幕点出「勞動后先休息再按摩」。
12-25秒 知識：外用油膏应放在保守邊界：運動或勞動后的局部肌肉酸痛，可短期按摩舒缓。
25-36秒 安全：明顯腫脹、劇痛、活動受限或疑似受傷时，请先就医。
36-45秒 CTA：使用前看标示，收藏这支，下次別用錯。",勞動后先休息再按摩的重点是依标示使用，不誇大、不神化。本产品为外用油膏，请依核准标示使用；若症狀持續或惡化，请咨询医师或药师。,#運動後保養 #局部按摩 #肌肉痠痛 #依標示使用,"0-3秒 Hook：勞動后先休息再按摩，你也遇過嗎？
3-12秒 情境：拍攝運動族、搬重物、久站与勞動工作者的日常動作，字幕点出「勞動后先休息再按摩」。
12-25秒 知識：外用油膏应放在保守邊界：運動或勞動后的局部肌肉酸痛，可短期按摩舒缓。
25-36秒 安全：明顯腫脹、劇痛、活動受限或疑似受傷时，请先就医。
36-45秒 CTA：使用前看标示，收藏这支，下次別用錯。",本產品為外用油膏，請依核准標示使用；若症狀持續或惡化，請諮詢醫師或藥師。,明顯腫脹、劇痛、活動受限或疑似受傷時，請先就醫。,根治|治療疾病|消炎治本|打通經絡|一擦就好|保證有效|深層修復|替代藥物
Douyin_LINE189,LINE189,抖音,2026-09-06,12:00,長輩使用外用膏你會提醒什麼,G,低,pending_legal_pharmacist_review,false,长輩使用外用膏你会提醒什麼,"0-3秒 Hook：长輩使用外用膏你会提醒什麼，你也遇過嗎？
3-12秒 情境：拍攝LINE OA 好友、回購客与新客的日常動作，字幕点出「长輩使用外用膏你会提醒什麼」。
12-25秒 知識：外用油膏应放在保守邊界：用問答降低誤用，讓使用者知道何时該询問專業人員。
25-36秒 安全：互動回答不取代医师或药师建議。
36-45秒 CTA：使用前看标示，收藏这支，下次別用錯。",长輩使用外用膏你会提醒什麼的重点是依标示使用，不誇大、不神化。本内容为一般生活保健資讯，非医疗診斷或治疗建議。,#互動問答 #保養知識 #使用小提醒 #金牌一條根,"0-3秒 Hook：长輩使用外用膏你会提醒什麼，你也遇過嗎？
3-12秒 情境：拍攝LINE OA 好友、回購客与新客的日常動作，字幕点出「长輩使用外用膏你会提醒什麼」。
12-25秒 知識：外用油膏应放在保守邊界：用問答降低誤用，讓使用者知道何时該询問專業人員。
25-36秒 安全：互動回答不取代医师或药师建議。
36-45秒 CTA：使用前看标示，收藏这支，下次別用錯。",本內容為一般生活保健資訊，非醫療診斷或治療建議。,互動回答不取代醫師或藥師建議。,根治|治療疾病|消炎治本|打通經絡|一擦就好|保證有效|深層修復|替代藥物
Douyin_LINE190,LINE190,抖音,2026-09-06,20:00,日常活動舒適度的三個習慣,D,中,pending_legal_pharmacist_review,false,日常活動舒适度的三個習慣,"0-3秒 Hook：日常活動舒适度的三個習慣，你也遇過嗎？
3-12秒 情境：拍攝40-70 歲注重日常活動舒适度的族群的日常動作，字幕点出「日常活動舒适度的三個習慣」。
12-25秒 知識：外用油膏应放在保守邊界：轻微关节酸痛可短期舒缓，但不可宣稱治疗疾病。
25-36秒 安全：关节腫痛、紅熱、长期疼痛或行走困難，请就医評估。
36-45秒 CTA：使用前看标示，收藏这支，下次別用錯。",日常活動舒适度的三個習慣的重点是依标示使用，不誇大、不神化。本产品为外用油膏，请依核准标示使用；若症狀持續或惡化，请咨询医师或药师。,#銀髮保養 #活動舒適 #輕微痠痛 #依標示使用,"0-3秒 Hook：日常活動舒适度的三個習慣，你也遇過嗎？
3-12秒 情境：拍攝40-70 歲注重日常活動舒适度的族群的日常動作，字幕点出「日常活動舒适度的三個習慣」。
12-25秒 知識：外用油膏应放在保守邊界：轻微关节酸痛可短期舒缓，但不可宣稱治疗疾病。
25-36秒 安全：关节腫痛、紅熱、长期疼痛或行走困難，请就医評估。
36-45秒 CTA：使用前看标示，收藏这支，下次別用錯。",本產品為外用油膏，請依核准標示使用；若症狀持續或惡化，請諮詢醫師或藥師。,關節腫痛、紅熱、長期疼痛或行走困難，請就醫評估。,根治|治療疾病|消炎治本|打通經絡|一擦就好|保證有效|深層修復|替代藥物
Douyin_LINE191,LINE191,抖音,2026-09-07,12:00,下班前五分鐘伸展,B,低,pending_legal_pharmacist_review,false,下班前五分鐘伸展,"0-3秒 Hook：下班前五分鐘伸展，你也遇過嗎？
3-12秒 情境：拍攝长时間低頭、久坐、用電腦的上班族的日常動作，字幕点出「下班前五分鐘伸展」。
12-25秒 知識：外用油膏应放在保守邊界：久坐低頭后，可搭配伸展与局部按摩舒缓緊繃不适。
25-36秒 安全：若酸痛持續、麻木或影響活動，请咨询医师或药师。
36-45秒 CTA：使用前看标示，收藏这支，下次別用錯。",下班前五分鐘伸展的重点是依标示使用，不誇大、不神化。本内容为一般生活保健資讯，非医疗診斷或治疗建議。,#肩頸保養 #久坐族 #日常舒緩 #依標示使用,"0-3秒 Hook：下班前五分鐘伸展，你也遇過嗎？
3-12秒 情境：拍攝长时間低頭、久坐、用電腦的上班族的日常動作，字幕点出「下班前五分鐘伸展」。
12-25秒 知識：外用油膏应放在保守邊界：久坐低頭后，可搭配伸展与局部按摩舒缓緊繃不适。
25-36秒 安全：若酸痛持續、麻木或影響活動，请咨询医师或药师。
36-45秒 CTA：使用前看标示，收藏这支，下次別用錯。",本內容為一般生活保健資訊，非醫療診斷或治療建議。,若痠痛持續、麻木或影響活動，請諮詢醫師或藥師。,根治|治療疾病|消炎治本|打通經絡|一擦就好|保證有效|深層修復|替代藥物
Douyin_LINE192,LINE192,抖音,2026-09-07,20:00,局部按摩和大面積厚敷的差別,A,中,pending_legal_pharmacist_review,false,局部按摩和大面積厚敷的差別,"0-3秒 Hook：局部按摩和大面積厚敷的差別，你也遇過嗎？
3-12秒 情境：拍攝已購買或正在觀望的一條根使用者的日常動作，字幕点出「局部按摩和大面積厚敷的差別」。
12-25秒 知識：外用油膏应放在保守邊界：依标示外用，提供局部按摩与暂时舒缓体感。
25-36秒 安全：僅供外用；避免眼周、黏膜、破皮或傷口。
36-45秒 CTA：使用前看标示，收藏这支，下次別用錯。",局部按摩和大面積厚敷的差別的重点是依标示使用，不誇大、不神化。本产品为外用油膏，请依核准标示使用；若症狀持續或惡化，请咨询医师或药师。,#金牌一條根 #外用油膏 #成分透明 #依標示使用,"0-3秒 Hook：局部按摩和大面積厚敷的差別，你也遇過嗎？
3-12秒 情境：拍攝已購買或正在觀望的一條根使用者的日常動作，字幕点出「局部按摩和大面積厚敷的差別」。
12-25秒 知識：外用油膏应放在保守邊界：依标示外用，提供局部按摩与暂时舒缓体感。
25-36秒 安全：僅供外用；避免眼周、黏膜、破皮或傷口。
36-45秒 CTA：使用前看标示，收藏这支，下次別用錯。",本產品為外用油膏，請依核准標示使用；若症狀持續或惡化，請諮詢醫師或藥師。,僅供外用；避免眼周、黏膜、破皮或傷口。,根治|治療疾病|消炎治本|打通經絡|一擦就好|保證有效|深層修復|替代藥物
Douyin_LINE193,LINE193,抖音,2026-09-08,12:00,秋分後外出前暖身,F,低,pending_legal_pharmacist_review,false,秋分后外出前暖身,"0-3秒 Hook：秋分后外出前暖身，你也遇過嗎？
3-12秒 情境：拍攝喜歡養生、节氣与日常保健的 LINE 讀者的日常動作，字幕点出「秋分后外出前暖身」。
12-25秒 知識：外用油膏应放在保守邊界：以生活保健与身体觉察为主，不做医疗疗效宣稱。
25-36秒 安全：节氣養生屬一般生活資讯，身体不适仍应咨询專業人員。
36-45秒 CTA：使用前看标示，收藏这支，下次別用錯。",秋分后外出前暖身的重点是依标示使用，不誇大、不神化。本内容为一般生活保健資讯，非医疗診斷或治疗建議。,#節氣保養 #生活保健 #日常保養 #身體覺察,"0-3秒 Hook：秋分后外出前暖身，你也遇過嗎？
3-12秒 情境：拍攝喜歡養生、节氣与日常保健的 LINE 讀者的日常動作，字幕点出「秋分后外出前暖身」。
12-25秒 知識：外用油膏应放在保守邊界：以生活保健与身体觉察为主，不做医疗疗效宣稱。
25-36秒 安全：节氣養生屬一般生活資讯，身体不适仍应咨询專業人員。
36-45秒 CTA：使用前看标示，收藏这支，下次別用錯。",本內容為一般生活保健資訊，非醫療診斷或治療建議。,節氣養生屬一般生活資訊，身體不適仍應諮詢專業人員。,根治|治療疾病|消炎治本|打通經絡|一擦就好|保證有效|深層修復|替代藥物
Douyin_LINE194,LINE194,抖音,2026-09-08,20:00,症狀超過七天要停用並諮詢,E,高,pending_legal_pharmacist_review,false,症狀超過七天要停用並咨询,"0-3秒 Hook：症狀超過七天要停用並咨询，你也遇過嗎？
3-12秒 情境：拍攝所有使用者、照護者与家庭購買者的日常動作，字幕点出「症狀超過七天要停用並咨询」。
12-25秒 知識：外用油膏应放在保守邊界：安全使用比用得多更重要，依标示与風險族群提醒。
25-36秒 安全：2 歲以下、孕哺、過敏体質、抗凝血药使用者请先询問專業人員。
36-45秒 CTA：使用前看标示，收藏这支，下次別用錯。",症狀超過七天要停用並咨询的重点是依标示使用，不誇大、不神化。僅供外用。避免接触眼睛、黏膜、破皮或傷口；特殊族群使用前请先咨询專業人員。,#外用安全 #用藥安全 #使用前看標示 #諮詢醫師藥師,"0-3秒 Hook：症狀超過七天要停用並咨询，你也遇過嗎？
3-12秒 情境：拍攝所有使用者、照護者与家庭購買者的日常動作，字幕点出「症狀超過七天要停用並咨询」。
12-25秒 知識：外用油膏应放在保守邊界：安全使用比用得多更重要，依标示与風險族群提醒。
25-36秒 安全：2 歲以下、孕哺、過敏体質、抗凝血药使用者请先询問專業人員。
36-45秒 CTA：使用前看标示，收藏这支，下次別用錯。",僅供外用。避免接觸眼睛、黏膜、破皮或傷口；特殊族群使用前請先諮詢專業人員。,2 歲以下、孕哺、過敏體質、抗凝血藥使用者請先詢問專業人員。,根治|治療疾病|消炎治本|打通經絡|一擦就好|保證有效|深層修復|替代藥物
Douyin_LINE195,LINE195,抖音,2026-09-09,12:00,成分透明是基本功,H,中,pending_legal_pharmacist_review,false,成分透明是基本功,"0-3秒 Hook：成分透明是基本功，你也遇過嗎？
3-12秒 情境：拍攝重視药证、成分、品質与合法性的消費者的日常動作，字幕点出「成分透明是基本功」。
12-25秒 知識：外用油膏应放在保守邊界：強調药证、标示、保守宣稱与人工审核流程。
25-36秒 安全：所有广告文案仍須依主管機关与專業人員审核。
36-45秒 CTA：使用前看标示，收藏这支，下次別用錯。",成分透明是基本功的重点是依标示使用，不誇大、不神化。本产品为外用油膏，请依核准标示使用；若症狀持續或惡化，请咨询医师或药师。,#藥證可查 #品牌透明 #合法宣傳 #成分透明,"0-3秒 Hook：成分透明是基本功，你也遇過嗎？
3-12秒 情境：拍攝重視药证、成分、品質与合法性的消費者的日常動作，字幕点出「成分透明是基本功」。
12-25秒 知識：外用油膏应放在保守邊界：強調药证、标示、保守宣稱与人工审核流程。
25-36秒 安全：所有广告文案仍須依主管機关与專業人員审核。
36-45秒 CTA：使用前看标示，收藏这支，下次別用錯。",本產品為外用油膏，請依核准標示使用；若症狀持續或惡化，請諮詢醫師或藥師。,所有廣告文案仍須依主管機關與專業人員審核。,根治|治療疾病|消炎治本|打通經絡|一擦就好|保證有效|深層修復|替代藥物
Douyin_LINE196,LINE196,抖音,2026-09-09,20:00,一條根可以天天厚敷嗎,G,低,pending_legal_pharmacist_review,false,一條根可以天天厚敷嗎,"0-3秒 Hook：一條根可以天天厚敷嗎，你也遇過嗎？
3-12秒 情境：拍攝LINE OA 好友、回購客与新客的日常動作，字幕点出「一條根可以天天厚敷嗎」。
12-25秒 知識：外用油膏应放在保守邊界：用問答降低誤用，讓使用者知道何时該询問專業人員。
25-36秒 安全：互動回答不取代医师或药师建議。
36-45秒 CTA：使用前看标示，收藏这支，下次別用錯。",一條根可以天天厚敷嗎的重点是依标示使用，不誇大、不神化。本内容为一般生活保健資讯，非医疗診斷或治疗建議。,#互動問答 #保養知識 #使用小提醒 #金牌一條根,"0-3秒 Hook：一條根可以天天厚敷嗎，你也遇過嗎？
3-12秒 情境：拍攝LINE OA 好友、回購客与新客的日常動作，字幕点出「一條根可以天天厚敷嗎」。
12-25秒 知識：外用油膏应放在保守邊界：用問答降低誤用，讓使用者知道何时該询問專業人員。
25-36秒 安全：互動回答不取代医师或药师建議。
36-45秒 CTA：使用前看标示，收藏这支，下次別用錯。",本內容為一般生活保健資訊，非醫療診斷或治療建議。,互動回答不取代醫師或藥師建議。,根治|治療疾病|消炎治本|打通經絡|一擦就好|保證有效|深層修復|替代藥物
Douyin_LINE197,LINE197,抖音,2026-09-10,12:00,運動後不要立刻熱敷加藥膏,C,中,pending_legal_pharmacist_review,false,運動后不要立刻熱敷加药膏,"0-3秒 Hook：運動后不要立刻熱敷加药膏，你也遇過嗎？
3-12秒 情境：拍攝運動族、搬重物、久站与勞動工作者的日常動作，字幕点出「運動后不要立刻熱敷加药膏」。
12-25秒 知識：外用油膏应放在保守邊界：運動或勞動后的局部肌肉酸痛，可短期按摩舒缓。
25-36秒 安全：明顯腫脹、劇痛、活動受限或疑似受傷时，请先就医。
36-45秒 CTA：使用前看标示，收藏这支，下次別用錯。",運動后不要立刻熱敷加药膏的重点是依标示使用，不誇大、不神化。本产品为外用油膏，请依核准标示使用；若症狀持續或惡化，请咨询医师或药师。,#運動後保養 #局部按摩 #肌肉痠痛 #依標示使用,"0-3秒 Hook：運動后不要立刻熱敷加药膏，你也遇過嗎？
3-12秒 情境：拍攝運動族、搬重物、久站与勞動工作者的日常動作，字幕点出「運動后不要立刻熱敷加药膏」。
12-25秒 知識：外用油膏应放在保守邊界：運動或勞動后的局部肌肉酸痛，可短期按摩舒缓。
25-36秒 安全：明顯腫脹、劇痛、活動受限或疑似受傷时，请先就医。
36-45秒 CTA：使用前看标示，收藏这支，下次別用錯。",本產品為外用油膏，請依核准標示使用；若症狀持續或惡化，請諮詢醫師或藥師。,明顯腫脹、劇痛、活動受限或疑似受傷時，請先就醫。,根治|治療疾病|消炎治本|打通經絡|一擦就好|保證有效|深層修復|替代藥物
Douyin_LINE198,LINE198,抖音,2026-09-10,20:00,使用前先小範圍測試,A,中,pending_legal_pharmacist_review,false,使用前先小範圍測試,"0-3秒 Hook：使用前先小範圍測試，你也遇過嗎？
3-12秒 情境：拍攝已購買或正在觀望的一條根使用者的日常動作，字幕点出「使用前先小範圍測試」。
12-25秒 知識：外用油膏应放在保守邊界：依标示外用，提供局部按摩与暂时舒缓体感。
25-36秒 安全：僅供外用；避免眼周、黏膜、破皮或傷口。
36-45秒 CTA：使用前看标示，收藏这支，下次別用錯。",使用前先小範圍測試的重点是依标示使用，不誇大、不神化。本产品为外用油膏，请依核准标示使用；若症狀持續或惡化，请咨询医师或药师。,#金牌一條根 #外用油膏 #成分透明 #依標示使用,"0-3秒 Hook：使用前先小範圍測試，你也遇過嗎？
3-12秒 情境：拍攝已購買或正在觀望的一條根使用者的日常動作，字幕点出「使用前先小範圍測試」。
12-25秒 知識：外用油膏应放在保守邊界：依标示外用，提供局部按摩与暂时舒缓体感。
25-36秒 安全：僅供外用；避免眼周、黏膜、破皮或傷口。
36-45秒 CTA：使用前看标示，收藏这支，下次別用錯。",本產品為外用油膏，請依核准標示使用；若症狀持續或惡化，請諮詢醫師或藥師。,僅供外用；避免眼周、黏膜、破皮或傷口。,根治|治療疾病|消炎治本|打通經絡|一擦就好|保證有效|深層修復|替代藥物
Douyin_LINE199,LINE199,抖音,2026-09-11,12:00,長輩使用前先看標示,D,中,pending_legal_pharmacist_review,false,长輩使用前先看标示,"0-3秒 Hook：长輩使用前先看标示，你也遇過嗎？
3-12秒 情境：拍攝40-70 歲注重日常活動舒适度的族群的日常動作，字幕点出「长輩使用前先看标示」。
12-25秒 知識：外用油膏应放在保守邊界：轻微关节酸痛可短期舒缓，但不可宣稱治疗疾病。
25-36秒 安全：关节腫痛、紅熱、长期疼痛或行走困難，请就医評估。
36-45秒 CTA：使用前看标示，收藏这支，下次別用錯。",长輩使用前先看标示的重点是依标示使用，不誇大、不神化。本产品为外用油膏，请依核准标示使用；若症狀持續或惡化，请咨询医师或药师。,#銀髮保養 #活動舒適 #輕微痠痛 #依標示使用,"0-3秒 Hook：长輩使用前先看标示，你也遇過嗎？
3-12秒 情境：拍攝40-70 歲注重日常活動舒适度的族群的日常動作，字幕点出「长輩使用前先看标示」。
12-25秒 知識：外用油膏应放在保守邊界：轻微关节酸痛可短期舒缓，但不可宣稱治疗疾病。
25-36秒 安全：关节腫痛、紅熱、长期疼痛或行走困難，请就医評估。
36-45秒 CTA：使用前看标示，收藏这支，下次別用錯。",本產品為外用油膏，請依核准標示使用；若症狀持續或惡化，請諮詢醫師或藥師。,關節腫痛、紅熱、長期疼痛或行走困難，請就醫評估。,根治|治療疾病|消炎治本|打通經絡|一擦就好|保證有效|深層修復|替代藥物
Douyin_LINE200,LINE200,抖音,2026-09-11,20:00,皮膚刺激時要停止使用,E,高,pending_legal_pharmacist_review,false,皮膚刺激时要停止使用,"0-3秒 Hook：皮膚刺激时要停止使用，你也遇過嗎？
3-12秒 情境：拍攝所有使用者、照護者与家庭購買者的日常動作，字幕点出「皮膚刺激时要停止使用」。
12-25秒 知識：外用油膏应放在保守邊界：安全使用比用得多更重要，依标示与風險族群提醒。
25-36秒 安全：2 歲以下、孕哺、過敏体質、抗凝血药使用者请先询問專業人員。
36-45秒 CTA：使用前看标示，收藏这支，下次別用錯。",皮膚刺激时要停止使用的重点是依标示使用，不誇大、不神化。僅供外用。避免接触眼睛、黏膜、破皮或傷口；特殊族群使用前请先咨询專業人員。,#外用安全 #用藥安全 #使用前看標示 #諮詢醫師藥師,"0-3秒 Hook：皮膚刺激时要停止使用，你也遇過嗎？
3-12秒 情境：拍攝所有使用者、照護者与家庭購買者的日常動作，字幕点出「皮膚刺激时要停止使用」。
12-25秒 知識：外用油膏应放在保守邊界：安全使用比用得多更重要，依标示与風險族群提醒。
25-36秒 安全：2 歲以下、孕哺、過敏体質、抗凝血药使用者请先询問專業人員。
36-45秒 CTA：使用前看标示，收藏这支，下次別用錯。",僅供外用。避免接觸眼睛、黏膜、破皮或傷口；特殊族群使用前請先諮詢專業人員。,2 歲以下、孕哺、過敏體質、抗凝血藥使用者請先詢問專業人員。,根治|治療疾病|消炎治本|打通經絡|一擦就好|保證有效|深層修復|替代藥物
Douyin_LINE201,LINE201,抖音,2026-09-12,12:00,寒露後肩背保養,F,低,pending_legal_pharmacist_review,false,寒露后肩背保養,"0-3秒 Hook：寒露后肩背保養，你也遇過嗎？
3-12秒 情境：拍攝喜歡養生、节氣与日常保健的 LINE 讀者的日常動作，字幕点出「寒露后肩背保養」。
12-25秒 知識：外用油膏应放在保守邊界：以生活保健与身体觉察为主，不做医疗疗效宣稱。
25-36秒 安全：节氣養生屬一般生活資讯，身体不适仍应咨询專業人員。
36-45秒 CTA：使用前看标示，收藏这支，下次別用錯。",寒露后肩背保養的重点是依标示使用，不誇大、不神化。本内容为一般生活保健資讯，非医疗診斷或治疗建議。,#節氣保養 #生活保健 #日常保養 #身體覺察,"0-3秒 Hook：寒露后肩背保養，你也遇過嗎？
3-12秒 情境：拍攝喜歡養生、节氣与日常保健的 LINE 讀者的日常動作，字幕点出「寒露后肩背保養」。
12-25秒 知識：外用油膏应放在保守邊界：以生活保健与身体觉察为主，不做医疗疗效宣稱。
25-36秒 安全：节氣養生屬一般生活資讯，身体不适仍应咨询專業人員。
36-45秒 CTA：使用前看标示，收藏这支，下次別用錯。",本內容為一般生活保健資訊，非醫療診斷或治療建議。,節氣養生屬一般生活資訊，身體不適仍應諮詢專業人員。,根治|治療疾病|消炎治本|打通經絡|一擦就好|保證有效|深層修復|替代藥物
Douyin_LINE202,LINE202,抖音,2026-09-12,20:00,輕微拉扯後的觀察重點,C,中,pending_legal_pharmacist_review,false,轻微拉扯后的觀察重点,"0-3秒 Hook：轻微拉扯后的觀察重点，你也遇過嗎？
3-12秒 情境：拍攝運動族、搬重物、久站与勞動工作者的日常動作，字幕点出「轻微拉扯后的觀察重点」。
12-25秒 知識：外用油膏应放在保守邊界：運動或勞動后的局部肌肉酸痛，可短期按摩舒缓。
25-36秒 安全：明顯腫脹、劇痛、活動受限或疑似受傷时，请先就医。
36-45秒 CTA：使用前看标示，收藏这支，下次別用錯。",轻微拉扯后的觀察重点的重点是依标示使用，不誇大、不神化。本产品为外用油膏，请依核准标示使用；若症狀持續或惡化，请咨询医师或药师。,#運動後保養 #局部按摩 #肌肉痠痛 #依標示使用,"0-3秒 Hook：轻微拉扯后的觀察重点，你也遇過嗎？
3-12秒 情境：拍攝運動族、搬重物、久站与勞動工作者的日常動作，字幕点出「轻微拉扯后的觀察重点」。
12-25秒 知識：外用油膏应放在保守邊界：運動或勞動后的局部肌肉酸痛，可短期按摩舒缓。
25-36秒 安全：明顯腫脹、劇痛、活動受限或疑似受傷时，请先就医。
36-45秒 CTA：使用前看标示，收藏这支，下次別用錯。",本產品為外用油膏，請依核准標示使用；若症狀持續或惡化，請諮詢醫師或藥師。,明顯腫脹、劇痛、活動受限或疑似受傷時，請先就醫。,根治|治療疾病|消炎治本|打通經絡|一擦就好|保證有效|深層修復|替代藥物
Douyin_LINE203,LINE203,抖音,2026-09-13,12:00,擦完可以馬上熱敷嗎,G,低,pending_legal_pharmacist_review,false,擦完可以馬上熱敷嗎,"0-3秒 Hook：擦完可以馬上熱敷嗎，你也遇過嗎？
3-12秒 情境：拍攝LINE OA 好友、回購客与新客的日常動作，字幕点出「擦完可以馬上熱敷嗎」。
12-25秒 知識：外用油膏应放在保守邊界：用問答降低誤用，讓使用者知道何时該询問專業人員。
25-36秒 安全：互動回答不取代医师或药师建議。
36-45秒 CTA：使用前看标示，收藏这支，下次別用錯。",擦完可以馬上熱敷嗎的重点是依标示使用，不誇大、不神化。本内容为一般生活保健資讯，非医疗診斷或治疗建議。,#互動問答 #保養知識 #使用小提醒 #金牌一條根,"0-3秒 Hook：擦完可以馬上熱敷嗎，你也遇過嗎？
3-12秒 情境：拍攝LINE OA 好友、回購客与新客的日常動作，字幕点出「擦完可以馬上熱敷嗎」。
12-25秒 知識：外用油膏应放在保守邊界：用問答降低誤用，讓使用者知道何时該询問專業人員。
25-36秒 安全：互動回答不取代医师或药师建議。
36-45秒 CTA：使用前看标示，收藏这支，下次別用錯。",本內容為一般生活保健資訊，非醫療診斷或治療建議。,互動回答不取代醫師或藥師建議。,根治|治療疾病|消炎治本|打通經絡|一擦就好|保證有效|深層修復|替代藥物
Douyin_LINE204,LINE204,抖音,2026-09-13,20:00,別把長期疼痛只當小問題,D,中,pending_legal_pharmacist_review,false,別把长期疼痛只當小問題,"0-3秒 Hook：別把长期疼痛只當小問題，你也遇過嗎？
3-12秒 情境：拍攝40-70 歲注重日常活動舒适度的族群的日常動作，字幕点出「別把长期疼痛只當小問題」。
12-25秒 知識：外用油膏应放在保守邊界：轻微关节酸痛可短期舒缓，但不可宣稱治疗疾病。
25-36秒 安全：关节腫痛、紅熱、长期疼痛或行走困難，请就医評估。
36-45秒 CTA：使用前看标示，收藏这支，下次別用錯。",別把长期疼痛只當小問題的重点是依标示使用，不誇大、不神化。本产品为外用油膏，请依核准标示使用；若症狀持續或惡化，请咨询医师或药师。,#銀髮保養 #活動舒適 #輕微痠痛 #依標示使用,"0-3秒 Hook：別把长期疼痛只當小問題，你也遇過嗎？
3-12秒 情境：拍攝40-70 歲注重日常活動舒适度的族群的日常動作，字幕点出「別把长期疼痛只當小問題」。
12-25秒 知識：外用油膏应放在保守邊界：轻微关节酸痛可短期舒缓，但不可宣稱治疗疾病。
25-36秒 安全：关节腫痛、紅熱、长期疼痛或行走困難，请就医評估。
36-45秒 CTA：使用前看标示，收藏这支，下次別用錯。",本產品為外用油膏，請依核准標示使用；若症狀持續或惡化，請諮詢醫師或藥師。,關節腫痛、紅熱、長期疼痛或行走困難，請就醫評估。,根治|治療疾病|消炎治本|打通經絡|一擦就好|保證有效|深層修復|替代藥物
Douyin_LINE205,LINE205,抖音,2026-09-14,12:00,滑手機後頸部保養,B,低,pending_legal_pharmacist_review,false,滑手機后颈部保養,"0-3秒 Hook：滑手機后颈部保養，你也遇過嗎？
3-12秒 情境：拍攝长时間低頭、久坐、用電腦的上班族的日常動作，字幕点出「滑手機后颈部保養」。
12-25秒 知識：外用油膏应放在保守邊界：久坐低頭后，可搭配伸展与局部按摩舒缓緊繃不适。
25-36秒 安全：若酸痛持續、麻木或影響活動，请咨询医师或药师。
36-45秒 CTA：使用前看标示，收藏这支，下次別用錯。",滑手機后颈部保養的重点是依标示使用，不誇大、不神化。本内容为一般生活保健資讯，非医疗診斷或治疗建議。,#肩頸保養 #久坐族 #日常舒緩 #依標示使用,"0-3秒 Hook：滑手機后颈部保養，你也遇過嗎？
3-12秒 情境：拍攝长时間低頭、久坐、用電腦的上班族的日常動作，字幕点出「滑手機后颈部保養」。
12-25秒 知識：外用油膏应放在保守邊界：久坐低頭后，可搭配伸展与局部按摩舒缓緊繃不适。
25-36秒 安全：若酸痛持續、麻木或影響活動，请咨询医师或药师。
36-45秒 CTA：使用前看标示，收藏这支，下次別用錯。",本內容為一般生活保健資訊，非醫療診斷或治療建議。,若痠痛持續、麻木或影響活動，請諮詢醫師或藥師。,根治|治療疾病|消炎治本|打通經絡|一擦就好|保證有效|深層修復|替代藥物
Douyin_LINE206,LINE206,抖音,2026-09-14,20:00,產品不是神藥，定位要講清楚,A,中,pending_legal_pharmacist_review,false,产品不是神药，定位要講清楚,"0-3秒 Hook：产品不是神药，定位要講清楚，你也遇過嗎？
3-12秒 情境：拍攝已購買或正在觀望的一條根使用者的日常動作，字幕点出「产品不是神药，定位要講清楚」。
12-25秒 知識：外用油膏应放在保守邊界：依标示外用，提供局部按摩与暂时舒缓体感。
25-36秒 安全：僅供外用；避免眼周、黏膜、破皮或傷口。
36-45秒 CTA：使用前看标示，收藏这支，下次別用錯。",产品不是神药，定位要講清楚的重点是依标示使用，不誇大、不神化。本产品为外用油膏，请依核准标示使用；若症狀持續或惡化，请咨询医师或药师。,#金牌一條根 #外用油膏 #成分透明 #依標示使用,"0-3秒 Hook：产品不是神药，定位要講清楚，你也遇過嗎？
3-12秒 情境：拍攝已購買或正在觀望的一條根使用者的日常動作，字幕点出「产品不是神药，定位要講清楚」。
12-25秒 知識：外用油膏应放在保守邊界：依标示外用，提供局部按摩与暂时舒缓体感。
25-36秒 安全：僅供外用；避免眼周、黏膜、破皮或傷口。
36-45秒 CTA：使用前看标示，收藏这支，下次別用錯。",本產品為外用油膏，請依核准標示使用；若症狀持續或惡化，請諮詢醫師或藥師。,僅供外用；避免眼周、黏膜、破皮或傷口。,根治|治療疾病|消炎治本|打通經絡|一擦就好|保證有效|深層修復|替代藥物
Douyin_LINE207,LINE207,抖音,2026-09-15,12:00,立冬前後的日常舒緩儀式,F,低,pending_legal_pharmacist_review,false,立冬前后的日常舒缓儀式,"0-3秒 Hook：立冬前后的日常舒缓儀式，你也遇過嗎？
3-12秒 情境：拍攝喜歡養生、节氣与日常保健的 LINE 讀者的日常動作，字幕点出「立冬前后的日常舒缓儀式」。
12-25秒 知識：外用油膏应放在保守邊界：以生活保健与身体觉察为主，不做医疗疗效宣稱。
25-36秒 安全：节氣養生屬一般生活資讯，身体不适仍应咨询專業人員。
36-45秒 CTA：使用前看标示，收藏这支，下次別用錯。",立冬前后的日常舒缓儀式的重点是依标示使用，不誇大、不神化。本内容为一般生活保健資讯，非医疗診斷或治疗建議。,#節氣保養 #生活保健 #日常保養 #身體覺察,"0-3秒 Hook：立冬前后的日常舒缓儀式，你也遇過嗎？
3-12秒 情境：拍攝喜歡養生、节氣与日常保健的 LINE 讀者的日常動作，字幕点出「立冬前后的日常舒缓儀式」。
12-25秒 知識：外用油膏应放在保守邊界：以生活保健与身体觉察为主，不做医疗疗效宣稱。
25-36秒 安全：节氣養生屬一般生活資讯，身体不适仍应咨询專業人員。
36-45秒 CTA：使用前看标示，收藏这支，下次別用錯。",本內容為一般生活保健資訊，非醫療診斷或治療建議。,節氣養生屬一般生活資訊，身體不適仍應諮詢專業人員。,根治|治療疾病|消炎治本|打通經絡|一擦就好|保證有效|深層修復|替代藥物
Douyin_LINE208,LINE208,抖音,2026-09-15,20:00,深層症狀不適合自行處理,E,高,pending_legal_pharmacist_review,false,深層症狀不适合自行處理,"0-3秒 Hook：深層症狀不适合自行處理，你也遇過嗎？
3-12秒 情境：拍攝所有使用者、照護者与家庭購買者的日常動作，字幕点出「深層症狀不适合自行處理」。
12-25秒 知識：外用油膏应放在保守邊界：安全使用比用得多更重要，依标示与風險族群提醒。
25-36秒 安全：2 歲以下、孕哺、過敏体質、抗凝血药使用者请先询問專業人員。
36-45秒 CTA：使用前看标示，收藏这支，下次別用錯。",深層症狀不适合自行處理的重点是依标示使用，不誇大、不神化。僅供外用。避免接触眼睛、黏膜、破皮或傷口；特殊族群使用前请先咨询專業人員。,#外用安全 #用藥安全 #使用前看標示 #諮詢醫師藥師,"0-3秒 Hook：深層症狀不适合自行處理，你也遇過嗎？
3-12秒 情境：拍攝所有使用者、照護者与家庭購買者的日常動作，字幕点出「深層症狀不适合自行處理」。
12-25秒 知識：外用油膏应放在保守邊界：安全使用比用得多更重要，依标示与風險族群提醒。
25-36秒 安全：2 歲以下、孕哺、過敏体質、抗凝血药使用者请先询問專業人員。
36-45秒 CTA：使用前看标示，收藏这支，下次別用錯。",僅供外用。避免接觸眼睛、黏膜、破皮或傷口；特殊族群使用前請先諮詢專業人員。,2 歲以下、孕哺、過敏體質、抗凝血藥使用者請先詢問專業人員。,根治|治療疾病|消炎治本|打通經絡|一擦就好|保證有效|深層修復|替代藥物
Douyin_LINE209,LINE209,抖音,2026-09-16,12:00,每篇貼文都要人工審核,H,中,pending_legal_pharmacist_review,false,每篇貼文都要人工审核,"0-3秒 Hook：每篇貼文都要人工审核，你也遇過嗎？
3-12秒 情境：拍攝重視药证、成分、品質与合法性的消費者的日常動作，字幕点出「每篇貼文都要人工审核」。
12-25秒 知識：外用油膏应放在保守邊界：強調药证、标示、保守宣稱与人工审核流程。
25-36秒 安全：所有广告文案仍須依主管機关与專業人員审核。
36-45秒 CTA：使用前看标示，收藏这支，下次別用錯。",每篇貼文都要人工审核的重点是依标示使用，不誇大、不神化。本产品为外用油膏，请依核准标示使用；若症狀持續或惡化，请咨询医师或药师。,#藥證可查 #品牌透明 #合法宣傳 #成分透明,"0-3秒 Hook：每篇貼文都要人工审核，你也遇過嗎？
3-12秒 情境：拍攝重視药证、成分、品質与合法性的消費者的日常動作，字幕点出「每篇貼文都要人工审核」。
12-25秒 知識：外用油膏应放在保守邊界：強調药证、标示、保守宣稱与人工审核流程。
25-36秒 安全：所有广告文案仍須依主管機关与專業人員审核。
36-45秒 CTA：使用前看标示，收藏这支，下次別用錯。",本產品為外用油膏，請依核准標示使用；若症狀持續或惡化，請諮詢醫師或藥師。,所有廣告文案仍須依主管機關與專業人員審核。,根治|治療疾病|消炎治本|打通經絡|一擦就好|保證有效|深層修復|替代藥物
Douyin_LINE210,LINE210,抖音,2026-09-16,20:00,哪些情況應該先就醫,G,低,pending_legal_pharmacist_review,false,哪些情況应該先就医,"0-3秒 Hook：哪些情況应該先就医，你也遇過嗎？
3-12秒 情境：拍攝LINE OA 好友、回購客与新客的日常動作，字幕点出「哪些情況应該先就医」。
12-25秒 知識：外用油膏应放在保守邊界：用問答降低誤用，讓使用者知道何时該询問專業人員。
25-36秒 安全：互動回答不取代医师或药师建議。
36-45秒 CTA：使用前看标示，收藏这支，下次別用錯。",哪些情況应該先就医的重点是依标示使用，不誇大、不神化。本内容为一般生活保健資讯，非医疗診斷或治疗建議。,#互動問答 #保養知識 #使用小提醒 #金牌一條根,"0-3秒 Hook：哪些情況应該先就医，你也遇過嗎？
3-12秒 情境：拍攝LINE OA 好友、回購客与新客的日常動作，字幕点出「哪些情況应該先就医」。
12-25秒 知識：外用油膏应放在保守邊界：用問答降低誤用，讓使用者知道何时該询問專業人員。
25-36秒 安全：互動回答不取代医师或药师建議。
36-45秒 CTA：使用前看标示，收藏这支，下次別用錯。",本內容為一般生活保健資訊，非醫療診斷或治療建議。,互動回答不取代醫師或藥師建議。,根治|治療疾病|消炎治本|打通經絡|一擦就好|保證有效|深層修復|替代藥物
Douyin_LINE211,LINE211,抖音,2026-09-17,12:00,運動後局部痠痛的保守處理,C,中,pending_legal_pharmacist_review,false,運動后局部酸痛的保守處理,"0-3秒 Hook：運動后局部酸痛的保守處理，你也遇過嗎？
3-12秒 情境：拍攝運動族、搬重物、久站与勞動工作者的日常動作，字幕点出「運動后局部酸痛的保守處理」。
12-25秒 知識：外用油膏应放在保守邊界：運動或勞動后的局部肌肉酸痛，可短期按摩舒缓。
25-36秒 安全：明顯腫脹、劇痛、活動受限或疑似受傷时，请先就医。
36-45秒 CTA：使用前看标示，收藏这支，下次別用錯。",運動后局部酸痛的保守處理的重点是依标示使用，不誇大、不神化。本产品为外用油膏，请依核准标示使用；若症狀持續或惡化，请咨询医师或药师。,#運動後保養 #局部按摩 #肌肉痠痛 #依標示使用,"0-3秒 Hook：運動后局部酸痛的保守處理，你也遇過嗎？
3-12秒 情境：拍攝運動族、搬重物、久站与勞動工作者的日常動作，字幕点出「運動后局部酸痛的保守處理」。
12-25秒 知識：外用油膏应放在保守邊界：運動或勞動后的局部肌肉酸痛，可短期按摩舒缓。
25-36秒 安全：明顯腫脹、劇痛、活動受限或疑似受傷时，请先就医。
36-45秒 CTA：使用前看标示，收藏这支，下次別用錯。",本產品為外用油膏，請依核准標示使用；若症狀持續或惡化，請諮詢醫師或藥師。,明顯腫脹、劇痛、活動受限或疑似受傷時，請先就醫。,根治|治療疾病|消炎治本|打通經絡|一擦就好|保證有效|深層修復|替代藥物
Douyin_LINE212,LINE212,抖音,2026-09-17,20:00,冬青油與清涼舒緩體感,A,中,pending_legal_pharmacist_review,false,冬青油与清涼舒缓体感,"0-3秒 Hook：冬青油与清涼舒缓体感，你也遇過嗎？
3-12秒 情境：拍攝已購買或正在觀望的一條根使用者的日常動作，字幕点出「冬青油与清涼舒缓体感」。
12-25秒 知識：外用油膏应放在保守邊界：依标示外用，提供局部按摩与暂时舒缓体感。
25-36秒 安全：僅供外用；避免眼周、黏膜、破皮或傷口。
36-45秒 CTA：使用前看标示，收藏这支，下次別用錯。",冬青油与清涼舒缓体感的重点是依标示使用，不誇大、不神化。本产品为外用油膏，请依核准标示使用；若症狀持續或惡化，请咨询医师或药师。,#金牌一條根 #外用油膏 #成分透明 #依標示使用,"0-3秒 Hook：冬青油与清涼舒缓体感，你也遇過嗎？
3-12秒 情境：拍攝已購買或正在觀望的一條根使用者的日常動作，字幕点出「冬青油与清涼舒缓体感」。
12-25秒 知識：外用油膏应放在保守邊界：依标示外用，提供局部按摩与暂时舒缓体感。
25-36秒 安全：僅供外用；避免眼周、黏膜、破皮或傷口。
36-45秒 CTA：使用前看标示，收藏这支，下次別用錯。",本產品為外用油膏，請依核准標示使用；若症狀持續或惡化，請諮詢醫師或藥師。,僅供外用；避免眼周、黏膜、破皮或傷口。,根治|治療疾病|消炎治本|打通經絡|一擦就好|保證有效|深層修復|替代藥物
Douyin_LINE213,LINE213,抖音,2026-09-18,12:00,早晨活動前的關節暖身,D,中,pending_legal_pharmacist_review,false,早晨活動前的关节暖身,"0-3秒 Hook：早晨活動前的关节暖身，你也遇過嗎？
3-12秒 情境：拍攝40-70 歲注重日常活動舒适度的族群的日常動作，字幕点出「早晨活動前的关节暖身」。
12-25秒 知識：外用油膏应放在保守邊界：轻微关节酸痛可短期舒缓，但不可宣稱治疗疾病。
25-36秒 安全：关节腫痛、紅熱、长期疼痛或行走困難，请就医評估。
36-45秒 CTA：使用前看标示，收藏这支，下次別用錯。",早晨活動前的关节暖身的重点是依标示使用，不誇大、不神化。本产品为外用油膏，请依核准标示使用；若症狀持續或惡化，请咨询医师或药师。,#銀髮保養 #活動舒適 #輕微痠痛 #依標示使用,"0-3秒 Hook：早晨活動前的关节暖身，你也遇過嗎？
3-12秒 情境：拍攝40-70 歲注重日常活動舒适度的族群的日常動作，字幕点出「早晨活動前的关节暖身」。
12-25秒 知識：外用油膏应放在保守邊界：轻微关节酸痛可短期舒缓，但不可宣稱治疗疾病。
25-36秒 安全：关节腫痛、紅熱、长期疼痛或行走困難，请就医評估。
36-45秒 CTA：使用前看标示，收藏这支，下次別用錯。",本產品為外用油膏，請依核准標示使用；若症狀持續或惡化，請諮詢醫師或藥師。,關節腫痛、紅熱、長期疼痛或行走困難，請就醫評估。,根治|治療疾病|消炎治本|打通經絡|一擦就好|保證有效|深層修復|替代藥物
Douyin_LINE214,LINE214,抖音,2026-09-18,20:00,不能擦在破皮或傷口,E,高,pending_legal_pharmacist_review,false,不能擦在破皮或傷口,"0-3秒 Hook：不能擦在破皮或傷口，你也遇過嗎？
3-12秒 情境：拍攝所有使用者、照護者与家庭購買者的日常動作，字幕点出「不能擦在破皮或傷口」。
12-25秒 知識：外用油膏应放在保守邊界：安全使用比用得多更重要，依标示与風險族群提醒。
25-36秒 安全：2 歲以下、孕哺、過敏体質、抗凝血药使用者请先询問專業人員。
36-45秒 CTA：使用前看标示，收藏这支，下次別用錯。",不能擦在破皮或傷口的重点是依标示使用，不誇大、不神化。僅供外用。避免接触眼睛、黏膜、破皮或傷口；特殊族群使用前请先咨询專業人員。,#外用安全 #用藥安全 #使用前看標示 #諮詢醫師藥師,"0-3秒 Hook：不能擦在破皮或傷口，你也遇過嗎？
3-12秒 情境：拍攝所有使用者、照護者与家庭購買者的日常動作，字幕点出「不能擦在破皮或傷口」。
12-25秒 知識：外用油膏应放在保守邊界：安全使用比用得多更重要，依标示与風險族群提醒。
25-36秒 安全：2 歲以下、孕哺、過敏体質、抗凝血药使用者请先询問專業人員。
36-45秒 CTA：使用前看标示，收藏这支，下次別用錯。",僅供外用。避免接觸眼睛、黏膜、破皮或傷口；特殊族群使用前請先諮詢專業人員。,2 歲以下、孕哺、過敏體質、抗凝血藥使用者請先詢問專業人員。,根治|治療疾病|消炎治本|打通經絡|一擦就好|保證有效|深層修復|替代藥物
Douyin_LINE215,LINE215,抖音,2026-09-19,12:00,芒種後濕熱生活保養,F,低,pending_legal_pharmacist_review,false,芒种后濕熱生活保養,"0-3秒 Hook：芒种后濕熱生活保養，你也遇過嗎？
3-12秒 情境：拍攝喜歡養生、节氣与日常保健的 LINE 讀者的日常動作，字幕点出「芒种后濕熱生活保養」。
12-25秒 知識：外用油膏应放在保守邊界：以生活保健与身体觉察为主，不做医疗疗效宣稱。
25-36秒 安全：节氣養生屬一般生活資讯，身体不适仍应咨询專業人員。
36-45秒 CTA：使用前看标示，收藏这支，下次別用錯。",芒种后濕熱生活保養的重点是依标示使用，不誇大、不神化。本内容为一般生活保健資讯，非医疗診斷或治疗建議。,#節氣保養 #生活保健 #日常保養 #身體覺察,"0-3秒 Hook：芒种后濕熱生活保養，你也遇過嗎？
3-12秒 情境：拍攝喜歡養生、节氣与日常保健的 LINE 讀者的日常動作，字幕点出「芒种后濕熱生活保養」。
12-25秒 知識：外用油膏应放在保守邊界：以生活保健与身体觉察为主，不做医疗疗效宣稱。
25-36秒 安全：节氣養生屬一般生活資讯，身体不适仍应咨询專業人員。
36-45秒 CTA：使用前看标示，收藏这支，下次別用錯。",本內容為一般生活保健資訊，非醫療診斷或治療建議。,節氣養生屬一般生活資訊，身體不適仍應諮詢專業人員。,根治|治療疾病|消炎治本|打通經絡|一擦就好|保證有效|深層修復|替代藥物
Douyin_LINE216,LINE216,抖音,2026-09-19,20:00,久站後小腿不適舒緩,C,中,pending_legal_pharmacist_review,false,久站后小腿不适舒缓,"0-3秒 Hook：久站后小腿不适舒缓，你也遇過嗎？
3-12秒 情境：拍攝運動族、搬重物、久站与勞動工作者的日常動作，字幕点出「久站后小腿不适舒缓」。
12-25秒 知識：外用油膏应放在保守邊界：運動或勞動后的局部肌肉酸痛，可短期按摩舒缓。
25-36秒 安全：明顯腫脹、劇痛、活動受限或疑似受傷时，请先就医。
36-45秒 CTA：使用前看标示，收藏这支，下次別用錯。",久站后小腿不适舒缓的重点是依标示使用，不誇大、不神化。本产品为外用油膏，请依核准标示使用；若症狀持續或惡化，请咨询医师或药师。,#運動後保養 #局部按摩 #肌肉痠痛 #依標示使用,"0-3秒 Hook：久站后小腿不适舒缓，你也遇過嗎？
3-12秒 情境：拍攝運動族、搬重物、久站与勞動工作者的日常動作，字幕点出「久站后小腿不适舒缓」。
12-25秒 知識：外用油膏应放在保守邊界：運動或勞動后的局部肌肉酸痛，可短期按摩舒缓。
25-36秒 安全：明顯腫脹、劇痛、活動受限或疑似受傷时，请先就医。
36-45秒 CTA：使用前看标示，收藏这支，下次別用錯。",本產品為外用油膏，請依核准標示使用；若症狀持續或惡化，請諮詢醫師或藥師。,明顯腫脹、劇痛、活動受限或疑似受傷時，請先就醫。,根治|治療疾病|消炎治本|打通經絡|一擦就好|保證有效|深層修復|替代藥物
Douyin_LINE217,LINE217,抖音,2026-09-20,12:00,你最常哪個部位緊繃,G,低,pending_legal_pharmacist_review,false,你最常哪個部位緊繃,"0-3秒 Hook：你最常哪個部位緊繃，你也遇過嗎？
3-12秒 情境：拍攝LINE OA 好友、回購客与新客的日常動作，字幕点出「你最常哪個部位緊繃」。
12-25秒 知識：外用油膏应放在保守邊界：用問答降低誤用，讓使用者知道何时該询問專業人員。
25-36秒 安全：互動回答不取代医师或药师建議。
36-45秒 CTA：使用前看标示，收藏这支，下次別用錯。",你最常哪個部位緊繃的重点是依标示使用，不誇大、不神化。本内容为一般生活保健資讯，非医疗診斷或治疗建議。,#互動問答 #保養知識 #使用小提醒 #金牌一條根,"0-3秒 Hook：你最常哪個部位緊繃，你也遇過嗎？
3-12秒 情境：拍攝LINE OA 好友、回購客与新客的日常動作，字幕点出「你最常哪個部位緊繃」。
12-25秒 知識：外用油膏应放在保守邊界：用問答降低誤用，讓使用者知道何时該询問專業人員。
25-36秒 安全：互動回答不取代医师或药师建議。
36-45秒 CTA：使用前看标示，收藏这支，下次別用錯。",本內容為一般生活保健資訊，非醫療診斷或治療建議。,互動回答不取代醫師或藥師建議。,根治|治療疾病|消炎治本|打通經絡|一擦就好|保證有效|深層修復|替代藥物
Douyin_LINE218,LINE218,抖音,2026-09-20,20:00,長輩外用膏使用安全,D,中,pending_legal_pharmacist_review,false,长輩外用膏使用安全,"0-3秒 Hook：长輩外用膏使用安全，你也遇過嗎？
3-12秒 情境：拍攝40-70 歲注重日常活動舒适度的族群的日常動作，字幕点出「长輩外用膏使用安全」。
12-25秒 知識：外用油膏应放在保守邊界：轻微关节酸痛可短期舒缓，但不可宣稱治疗疾病。
25-36秒 安全：关节腫痛、紅熱、长期疼痛或行走困難，请就医評估。
36-45秒 CTA：使用前看标示，收藏这支，下次別用錯。",长輩外用膏使用安全的重点是依标示使用，不誇大、不神化。本产品为外用油膏，请依核准标示使用；若症狀持續或惡化，请咨询医师或药师。,#銀髮保養 #活動舒適 #輕微痠痛 #依標示使用,"0-3秒 Hook：长輩外用膏使用安全，你也遇過嗎？
3-12秒 情境：拍攝40-70 歲注重日常活動舒适度的族群的日常動作，字幕点出「长輩外用膏使用安全」。
12-25秒 知識：外用油膏应放在保守邊界：轻微关节酸痛可短期舒缓，但不可宣稱治疗疾病。
25-36秒 安全：关节腫痛、紅熱、长期疼痛或行走困難，请就医評估。
36-45秒 CTA：使用前看标示，收藏这支，下次別用錯。",本產品為外用油膏，請依核准標示使用；若症狀持續或惡化，請諮詢醫師或藥師。,關節腫痛、紅熱、長期疼痛或行走困難，請就醫評估。,根治|治療疾病|消炎治本|打通經絡|一擦就好|保證有效|深層修復|替代藥物
Douyin_LINE219,LINE219,抖音,2026-09-21,12:00,辦公桌前的姿勢檢查,B,低,pending_legal_pharmacist_review,false,辦公桌前的姿勢檢查,"0-3秒 Hook：辦公桌前的姿勢檢查，你也遇過嗎？
3-12秒 情境：拍攝长时間低頭、久坐、用電腦的上班族的日常動作，字幕点出「辦公桌前的姿勢檢查」。
12-25秒 知識：外用油膏应放在保守邊界：久坐低頭后，可搭配伸展与局部按摩舒缓緊繃不适。
25-36秒 安全：若酸痛持續、麻木或影響活動，请咨询医师或药师。
36-45秒 CTA：使用前看标示，收藏这支，下次別用錯。",辦公桌前的姿勢檢查的重点是依标示使用，不誇大、不神化。本内容为一般生活保健資讯，非医疗診斷或治疗建議。,#肩頸保養 #久坐族 #日常舒緩 #依標示使用,"0-3秒 Hook：辦公桌前的姿勢檢查，你也遇過嗎？
3-12秒 情境：拍攝长时間低頭、久坐、用電腦的上班族的日常動作，字幕点出「辦公桌前的姿勢檢查」。
12-25秒 知識：外用油膏应放在保守邊界：久坐低頭后，可搭配伸展与局部按摩舒缓緊繃不适。
25-36秒 安全：若酸痛持續、麻木或影響活動，请咨询医师或药师。
36-45秒 CTA：使用前看标示，收藏这支，下次別用錯。",本內容為一般生活保健資訊，非醫療診斷或治療建議。,若痠痛持續、麻木或影響活動，請諮詢醫師或藥師。,根治|治療疾病|消炎治本|打通經絡|一擦就好|保證有效|深層修復|替代藥物
Douyin_LINE220,LINE220,抖音,2026-09-21,20:00,薄荷腦帶來的涼感來源,A,中,pending_legal_pharmacist_review,false,薄荷腦帶來的涼感來源,"0-3秒 Hook：薄荷腦帶來的涼感來源，你也遇過嗎？
3-12秒 情境：拍攝已購買或正在觀望的一條根使用者的日常動作，字幕点出「薄荷腦帶來的涼感來源」。
12-25秒 知識：外用油膏应放在保守邊界：依标示外用，提供局部按摩与暂时舒缓体感。
25-36秒 安全：僅供外用；避免眼周、黏膜、破皮或傷口。
36-45秒 CTA：使用前看标示，收藏这支，下次別用錯。",薄荷腦帶來的涼感來源的重点是依标示使用，不誇大、不神化。本产品为外用油膏，请依核准标示使用；若症狀持續或惡化，请咨询医师或药师。,#金牌一條根 #外用油膏 #成分透明 #依標示使用,"0-3秒 Hook：薄荷腦帶來的涼感來源，你也遇過嗎？
3-12秒 情境：拍攝已購買或正在觀望的一條根使用者的日常動作，字幕点出「薄荷腦帶來的涼感來源」。
12-25秒 知識：外用油膏应放在保守邊界：依标示外用，提供局部按摩与暂时舒缓体感。
25-36秒 安全：僅供外用；避免眼周、黏膜、破皮或傷口。
36-45秒 CTA：使用前看标示，收藏这支，下次別用錯。",本產品為外用油膏，請依核准標示使用；若症狀持續或惡化，請諮詢醫師或藥師。,僅供外用；避免眼周、黏膜、破皮或傷口。,根治|治療疾病|消炎治本|打通經絡|一擦就好|保證有效|深層修復|替代藥物
Douyin_LINE221,LINE221,抖音,2026-09-22,12:00,夏季冷氣房的肩頸保養,F,低,pending_legal_pharmacist_review,false,夏季冷氣房的肩颈保養,"0-3秒 Hook：夏季冷氣房的肩颈保養，你也遇過嗎？
3-12秒 情境：拍攝喜歡養生、节氣与日常保健的 LINE 讀者的日常動作，字幕点出「夏季冷氣房的肩颈保養」。
12-25秒 知識：外用油膏应放在保守邊界：以生活保健与身体觉察为主，不做医疗疗效宣稱。
25-36秒 安全：节氣養生屬一般生活資讯，身体不适仍应咨询專業人員。
36-45秒 CTA：使用前看标示，收藏这支，下次別用錯。",夏季冷氣房的肩颈保養的重点是依标示使用，不誇大、不神化。本内容为一般生活保健資讯，非医疗診斷或治疗建議。,#節氣保養 #生活保健 #日常保養 #身體覺察,"0-3秒 Hook：夏季冷氣房的肩颈保養，你也遇過嗎？
3-12秒 情境：拍攝喜歡養生、节氣与日常保健的 LINE 讀者的日常動作，字幕点出「夏季冷氣房的肩颈保養」。
12-25秒 知識：外用油膏应放在保守邊界：以生活保健与身体觉察为主，不做医疗疗效宣稱。
25-36秒 安全：节氣養生屬一般生活資讯，身体不适仍应咨询專業人員。
36-45秒 CTA：使用前看标示，收藏这支，下次別用錯。",本內容為一般生活保健資訊，非醫療診斷或治療建議。,節氣養生屬一般生活資訊，身體不適仍應諮詢專業人員。,根治|治療疾病|消炎治本|打通經絡|一擦就好|保證有效|深層修復|替代藥物
Douyin_LINE222,LINE222,抖音,2026-09-22,20:00,外用膏避免眼周與黏膜,E,高,pending_legal_pharmacist_review,false,外用膏避免眼周与黏膜,"0-3秒 Hook：外用膏避免眼周与黏膜，你也遇過嗎？
3-12秒 情境：拍攝所有使用者、照護者与家庭購買者的日常動作，字幕点出「外用膏避免眼周与黏膜」。
12-25秒 知識：外用油膏应放在保守邊界：安全使用比用得多更重要，依标示与風險族群提醒。
25-36秒 安全：2 歲以下、孕哺、過敏体質、抗凝血药使用者请先询問專業人員。
36-45秒 CTA：使用前看标示，收藏这支，下次別用錯。",外用膏避免眼周与黏膜的重点是依标示使用，不誇大、不神化。僅供外用。避免接触眼睛、黏膜、破皮或傷口；特殊族群使用前请先咨询專業人員。,#外用安全 #用藥安全 #使用前看標示 #諮詢醫師藥師,"0-3秒 Hook：外用膏避免眼周与黏膜，你也遇過嗎？
3-12秒 情境：拍攝所有使用者、照護者与家庭購買者的日常動作，字幕点出「外用膏避免眼周与黏膜」。
12-25秒 知識：外用油膏应放在保守邊界：安全使用比用得多更重要，依标示与風險族群提醒。
25-36秒 安全：2 歲以下、孕哺、過敏体質、抗凝血药使用者请先询問專業人員。
36-45秒 CTA：使用前看标示，收藏这支，下次別用錯。",僅供外用。避免接觸眼睛、黏膜、破皮或傷口；特殊族群使用前請先諮詢專業人員。,2 歲以下、孕哺、過敏體質、抗凝血藥使用者請先詢問專業人員。,根治|治療疾病|消炎治本|打通經絡|一擦就好|保證有效|深層修復|替代藥物
Douyin_LINE223,LINE223,抖音,2026-09-23,12:00,合法宣傳比誇大更長久,H,中,pending_legal_pharmacist_review,false,合法宣傳比誇大更长久,"0-3秒 Hook：合法宣傳比誇大更长久，你也遇過嗎？
3-12秒 情境：拍攝重視药证、成分、品質与合法性的消費者的日常動作，字幕点出「合法宣傳比誇大更长久」。
12-25秒 知識：外用油膏应放在保守邊界：強調药证、标示、保守宣稱与人工审核流程。
25-36秒 安全：所有广告文案仍須依主管機关与專業人員审核。
36-45秒 CTA：使用前看标示，收藏这支，下次別用錯。",合法宣傳比誇大更长久的重点是依标示使用，不誇大、不神化。本产品为外用油膏，请依核准标示使用；若症狀持續或惡化，请咨询医师或药师。,#藥證可查 #品牌透明 #合法宣傳 #成分透明,"0-3秒 Hook：合法宣傳比誇大更长久，你也遇過嗎？
3-12秒 情境：拍攝重視药证、成分、品質与合法性的消費者的日常動作，字幕点出「合法宣傳比誇大更长久」。
12-25秒 知識：外用油膏应放在保守邊界：強調药证、标示、保守宣稱与人工审核流程。
25-36秒 安全：所有广告文案仍須依主管機关与專業人員审核。
36-45秒 CTA：使用前看标示，收藏这支，下次別用錯。",本產品為外用油膏，請依核准標示使用；若症狀持續或惡化，請諮詢醫師或藥師。,所有廣告文案仍須依主管機關與專業人員審核。,根治|治療疾病|消炎治本|打通經絡|一擦就好|保證有效|深層修復|替代藥物
Douyin_LINE224,LINE224,抖音,2026-09-23,20:00,你習慣運動前還是運動後保養,G,低,pending_legal_pharmacist_review,false,你習慣運動前還是運動后保養,"0-3秒 Hook：你習慣運動前還是運動后保養，你也遇過嗎？
3-12秒 情境：拍攝LINE OA 好友、回購客与新客的日常動作，字幕点出「你習慣運動前還是運動后保養」。
12-25秒 知識：外用油膏应放在保守邊界：用問答降低誤用，讓使用者知道何时該询問專業人員。
25-36秒 安全：互動回答不取代医师或药师建議。
36-45秒 CTA：使用前看标示，收藏这支，下次別用錯。",你習慣運動前還是運動后保養的重点是依标示使用，不誇大、不神化。本内容为一般生活保健資讯，非医疗診斷或治疗建議。,#互動問答 #保養知識 #使用小提醒 #金牌一條根,"0-3秒 Hook：你習慣運動前還是運動后保養，你也遇過嗎？
3-12秒 情境：拍攝LINE OA 好友、回購客与新客的日常動作，字幕点出「你習慣運動前還是運動后保養」。
12-25秒 知識：外用油膏应放在保守邊界：用問答降低誤用，讓使用者知道何时該询問專業人員。
25-36秒 安全：互動回答不取代医师或药师建議。
36-45秒 CTA：使用前看标示，收藏这支，下次別用錯。",本內容為一般生活保健資訊，非醫療診斷或治療建議。,互動回答不取代醫師或藥師建議。,根治|治療疾病|消炎治本|打通經絡|一擦就好|保證有效|深層修復|替代藥物
Douyin_LINE225,LINE225,抖音,2026-09-24,12:00,搬重物後腰背保養,C,中,pending_legal_pharmacist_review,false,搬重物后腰背保養,"0-3秒 Hook：搬重物后腰背保養，你也遇過嗎？
3-12秒 情境：拍攝運動族、搬重物、久站与勞動工作者的日常動作，字幕点出「搬重物后腰背保養」。
12-25秒 知識：外用油膏应放在保守邊界：運動或勞動后的局部肌肉酸痛，可短期按摩舒缓。
25-36秒 安全：明顯腫脹、劇痛、活動受限或疑似受傷时，请先就医。
36-45秒 CTA：使用前看标示，收藏这支，下次別用錯。",搬重物后腰背保養的重点是依标示使用，不誇大、不神化。本产品为外用油膏，请依核准标示使用；若症狀持續或惡化，请咨询医师或药师。,#運動後保養 #局部按摩 #肌肉痠痛 #依標示使用,"0-3秒 Hook：搬重物后腰背保養，你也遇過嗎？
3-12秒 情境：拍攝運動族、搬重物、久站与勞動工作者的日常動作，字幕点出「搬重物后腰背保養」。
12-25秒 知識：外用油膏应放在保守邊界：運動或勞動后的局部肌肉酸痛，可短期按摩舒缓。
25-36秒 安全：明顯腫脹、劇痛、活動受限或疑似受傷时，请先就医。
36-45秒 CTA：使用前看标示，收藏这支，下次別用錯。",本產品為外用油膏，請依核准標示使用；若症狀持續或惡化，請諮詢醫師或藥師。,明顯腫脹、劇痛、活動受限或疑似受傷時，請先就醫。,根治|治療疾病|消炎治本|打通經絡|一擦就好|保證有效|深層修復|替代藥物
Douyin_LINE226,LINE226,抖音,2026-09-24,20:00,樟腦外用時的注意界線,A,中,pending_legal_pharmacist_review,false,樟腦外用时的注意界線,"0-3秒 Hook：樟腦外用时的注意界線，你也遇過嗎？
3-12秒 情境：拍攝已購買或正在觀望的一條根使用者的日常動作，字幕点出「樟腦外用时的注意界線」。
12-25秒 知識：外用油膏应放在保守邊界：依标示外用，提供局部按摩与暂时舒缓体感。
25-36秒 安全：僅供外用；避免眼周、黏膜、破皮或傷口。
36-45秒 CTA：使用前看标示，收藏这支，下次別用錯。",樟腦外用时的注意界線的重点是依标示使用，不誇大、不神化。本产品为外用油膏，请依核准标示使用；若症狀持續或惡化，请咨询医师或药师。,#金牌一條根 #外用油膏 #成分透明 #依標示使用,"0-3秒 Hook：樟腦外用时的注意界線，你也遇過嗎？
3-12秒 情境：拍攝已購買或正在觀望的一條根使用者的日常動作，字幕点出「樟腦外用时的注意界線」。
12-25秒 知識：外用油膏应放在保守邊界：依标示外用，提供局部按摩与暂时舒缓体感。
25-36秒 安全：僅供外用；避免眼周、黏膜、破皮或傷口。
36-45秒 CTA：使用前看标示，收藏这支，下次別用錯。",本產品為外用油膏，請依核准標示使用；若症狀持續或惡化，請諮詢醫師或藥師。,僅供外用；避免眼周、黏膜、破皮或傷口。,根治|治療疾病|消炎治本|打通經絡|一擦就好|保證有效|深層修復|替代藥物
Douyin_LINE227,LINE227,抖音,2026-09-25,12:00,輕微關節痠痛與疾病治療要分開,D,中,pending_legal_pharmacist_review,false,轻微关节酸痛与疾病治疗要分開,"0-3秒 Hook：轻微关节酸痛与疾病治疗要分開，你也遇過嗎？
3-12秒 情境：拍攝40-70 歲注重日常活動舒适度的族群的日常動作，字幕点出「轻微关节酸痛与疾病治疗要分開」。
12-25秒 知識：外用油膏应放在保守邊界：轻微关节酸痛可短期舒缓，但不可宣稱治疗疾病。
25-36秒 安全：关节腫痛、紅熱、长期疼痛或行走困難，请就医評估。
36-45秒 CTA：使用前看标示，收藏这支，下次別用錯。",轻微关节酸痛与疾病治疗要分開的重点是依标示使用，不誇大、不神化。本产品为外用油膏，请依核准标示使用；若症狀持續或惡化，请咨询医师或药师。,#銀髮保養 #活動舒適 #輕微痠痛 #依標示使用,"0-3秒 Hook：轻微关节酸痛与疾病治疗要分開，你也遇過嗎？
3-12秒 情境：拍攝40-70 歲注重日常活動舒适度的族群的日常動作，字幕点出「轻微关节酸痛与疾病治疗要分開」。
12-25秒 知識：外用油膏应放在保守邊界：轻微关节酸痛可短期舒缓，但不可宣稱治疗疾病。
25-36秒 安全：关节腫痛、紅熱、长期疼痛或行走困難，请就医評估。
36-45秒 CTA：使用前看标示，收藏这支，下次別用錯。",本產品為外用油膏，請依核准標示使用；若症狀持續或惡化，請諮詢醫師或藥師。,關節腫痛、紅熱、長期疼痛或行走困難，請就醫評估。,根治|治療疾病|消炎治本|打通經絡|一擦就好|保證有效|深層修復|替代藥物
Douyin_LINE228,LINE228,抖音,2026-09-25,20:00,不要搭配熱敷墊或電毯,E,高,pending_legal_pharmacist_review,false,不要搭配熱敷墊或電毯,"0-3秒 Hook：不要搭配熱敷墊或電毯，你也遇過嗎？
3-12秒 情境：拍攝所有使用者、照護者与家庭購買者的日常動作，字幕点出「不要搭配熱敷墊或電毯」。
12-25秒 知識：外用油膏应放在保守邊界：安全使用比用得多更重要，依标示与風險族群提醒。
25-36秒 安全：2 歲以下、孕哺、過敏体質、抗凝血药使用者请先询問專業人員。
36-45秒 CTA：使用前看标示，收藏这支，下次別用錯。",不要搭配熱敷墊或電毯的重点是依标示使用，不誇大、不神化。僅供外用。避免接触眼睛、黏膜、破皮或傷口；特殊族群使用前请先咨询專業人員。,#外用安全 #用藥安全 #使用前看標示 #諮詢醫師藥師,"0-3秒 Hook：不要搭配熱敷墊或電毯，你也遇過嗎？
3-12秒 情境：拍攝所有使用者、照護者与家庭購買者的日常動作，字幕点出「不要搭配熱敷墊或電毯」。
12-25秒 知識：外用油膏应放在保守邊界：安全使用比用得多更重要，依标示与風險族群提醒。
25-36秒 安全：2 歲以下、孕哺、過敏体質、抗凝血药使用者请先询問專業人員。
36-45秒 CTA：使用前看标示，收藏这支，下次別用錯。",僅供外用。避免接觸眼睛、黏膜、破皮或傷口；特殊族群使用前請先諮詢專業人員。,2 歲以下、孕哺、過敏體質、抗凝血藥使用者請先詢問專業人員。,根治|治療疾病|消炎治本|打通經絡|一擦就好|保證有效|深層修復|替代藥物
Douyin_LINE229,LINE229,抖音,2026-09-26,12:00,小暑前後活動舒適提醒,F,低,pending_legal_pharmacist_review,false,小暑前后活動舒适提醒,"0-3秒 Hook：小暑前后活動舒适提醒，你也遇過嗎？
3-12秒 情境：拍攝喜歡養生、节氣与日常保健的 LINE 讀者的日常動作，字幕点出「小暑前后活動舒适提醒」。
12-25秒 知識：外用油膏应放在保守邊界：以生活保健与身体觉察为主，不做医疗疗效宣稱。
25-36秒 安全：节氣養生屬一般生活資讯，身体不适仍应咨询專業人員。
36-45秒 CTA：使用前看标示，收藏这支，下次別用錯。",小暑前后活動舒适提醒的重点是依标示使用，不誇大、不神化。本内容为一般生活保健資讯，非医疗診斷或治疗建議。,#節氣保養 #生活保健 #日常保養 #身體覺察,"0-3秒 Hook：小暑前后活動舒适提醒，你也遇過嗎？
3-12秒 情境：拍攝喜歡養生、节氣与日常保健的 LINE 讀者的日常動作，字幕点出「小暑前后活動舒适提醒」。
12-25秒 知識：外用油膏应放在保守邊界：以生活保健与身体觉察为主，不做医疗疗效宣稱。
25-36秒 安全：节氣養生屬一般生活資讯，身体不适仍应咨询專業人員。
36-45秒 CTA：使用前看标示，收藏这支，下次別用錯。",本內容為一般生活保健資訊，非醫療診斷或治療建議。,節氣養生屬一般生活資訊，身體不適仍應諮詢專業人員。,根治|治療疾病|消炎治本|打通經絡|一擦就好|保證有效|深層修復|替代藥物
Douyin_LINE230,LINE230,抖音,2026-09-26,20:00,爬山後腿部按摩提醒,C,中,pending_legal_pharmacist_review,false,爬山后腿部按摩提醒,"0-3秒 Hook：爬山后腿部按摩提醒，你也遇過嗎？
3-12秒 情境：拍攝運動族、搬重物、久站与勞動工作者的日常動作，字幕点出「爬山后腿部按摩提醒」。
12-25秒 知識：外用油膏应放在保守邊界：運動或勞動后的局部肌肉酸痛，可短期按摩舒缓。
25-36秒 安全：明顯腫脹、劇痛、活動受限或疑似受傷时，请先就医。
36-45秒 CTA：使用前看标示，收藏这支，下次別用錯。",爬山后腿部按摩提醒的重点是依标示使用，不誇大、不神化。本产品为外用油膏，请依核准标示使用；若症狀持續或惡化，请咨询医师或药师。,#運動後保養 #局部按摩 #肌肉痠痛 #依標示使用,"0-3秒 Hook：爬山后腿部按摩提醒，你也遇過嗎？
3-12秒 情境：拍攝運動族、搬重物、久站与勞動工作者的日常動作，字幕点出「爬山后腿部按摩提醒」。
12-25秒 知識：外用油膏应放在保守邊界：運動或勞動后的局部肌肉酸痛，可短期按摩舒缓。
25-36秒 安全：明顯腫脹、劇痛、活動受限或疑似受傷时，请先就医。
36-45秒 CTA：使用前看标示，收藏这支，下次別用錯。",本產品為外用油膏，請依核准標示使用；若症狀持續或惡化，請諮詢醫師或藥師。,明顯腫脹、劇痛、活動受限或疑似受傷時，請先就醫。,根治|治療疾病|消炎治本|打通經絡|一擦就好|保證有效|深層修復|替代藥物
Douyin_LINE231,LINE231,抖音,2026-09-27,12:00,外用膏一次擦多少才剛好,G,低,pending_legal_pharmacist_review,false,外用膏一次擦多少才剛好,"0-3秒 Hook：外用膏一次擦多少才剛好，你也遇過嗎？
3-12秒 情境：拍攝LINE OA 好友、回購客与新客的日常動作，字幕点出「外用膏一次擦多少才剛好」。
12-25秒 知識：外用油膏应放在保守邊界：用問答降低誤用，讓使用者知道何时該询問專業人員。
25-36秒 安全：互動回答不取代医师或药师建議。
36-45秒 CTA：使用前看标示，收藏这支，下次別用錯。",外用膏一次擦多少才剛好的重点是依标示使用，不誇大、不神化。本内容为一般生活保健資讯，非医疗診斷或治疗建議。,#互動問答 #保養知識 #使用小提醒 #金牌一條根,"0-3秒 Hook：外用膏一次擦多少才剛好，你也遇過嗎？
3-12秒 情境：拍攝LINE OA 好友、回購客与新客的日常動作，字幕点出「外用膏一次擦多少才剛好」。
12-25秒 知識：外用油膏应放在保守邊界：用問答降低誤用，讓使用者知道何时該询問專業人員。
25-36秒 安全：互動回答不取代医师或药师建議。
36-45秒 CTA：使用前看标示，收藏这支，下次別用錯。",本內容為一般生活保健資訊，非醫療診斷或治療建議。,互動回答不取代醫師或藥師建議。,根治|治療疾病|消炎治本|打通經絡|一擦就好|保證有效|深層修復|替代藥物
Douyin_LINE232,LINE232,抖音,2026-09-27,20:00,散步後的膝周保養,D,中,pending_legal_pharmacist_review,false,散步后的膝周保養,"0-3秒 Hook：散步后的膝周保養，你也遇過嗎？
3-12秒 情境：拍攝40-70 歲注重日常活動舒适度的族群的日常動作，字幕点出「散步后的膝周保養」。
12-25秒 知識：外用油膏应放在保守邊界：轻微关节酸痛可短期舒缓，但不可宣稱治疗疾病。
25-36秒 安全：关节腫痛、紅熱、长期疼痛或行走困難，请就医評估。
36-45秒 CTA：使用前看标示，收藏这支，下次別用錯。",散步后的膝周保養的重点是依标示使用，不誇大、不神化。本产品为外用油膏，请依核准标示使用；若症狀持續或惡化，请咨询医师或药师。,#銀髮保養 #活動舒適 #輕微痠痛 #依標示使用,"0-3秒 Hook：散步后的膝周保養，你也遇過嗎？
3-12秒 情境：拍攝40-70 歲注重日常活動舒适度的族群的日常動作，字幕点出「散步后的膝周保養」。
12-25秒 知識：外用油膏应放在保守邊界：轻微关节酸痛可短期舒缓，但不可宣稱治疗疾病。
25-36秒 安全：关节腫痛、紅熱、长期疼痛或行走困難，请就医評估。
36-45秒 CTA：使用前看标示，收藏这支，下次別用錯。",本產品為外用油膏，請依核准標示使用；若症狀持續或惡化，請諮詢醫師或藥師。,關節腫痛、紅熱、長期疼痛或行走困難，請就醫評估。,根治|治療疾病|消炎治本|打通經絡|一擦就好|保證有效|深層修復|替代藥物
Douyin_LINE233,LINE233,抖音,2026-09-28,12:00,肩頸按摩不要只靠用力,B,低,pending_legal_pharmacist_review,false,肩颈按摩不要只靠用力,"0-3秒 Hook：肩颈按摩不要只靠用力，你也遇過嗎？
3-12秒 情境：拍攝长时間低頭、久坐、用電腦的上班族的日常動作，字幕点出「肩颈按摩不要只靠用力」。
12-25秒 知識：外用油膏应放在保守邊界：久坐低頭后，可搭配伸展与局部按摩舒缓緊繃不适。
25-36秒 安全：若酸痛持續、麻木或影響活動，请咨询医师或药师。
36-45秒 CTA：使用前看标示，收藏这支，下次別用錯。",肩颈按摩不要只靠用力的重点是依标示使用，不誇大、不神化。本内容为一般生活保健資讯，非医疗診斷或治疗建議。,#肩頸保養 #久坐族 #日常舒緩 #依標示使用,"0-3秒 Hook：肩颈按摩不要只靠用力，你也遇過嗎？
3-12秒 情境：拍攝长时間低頭、久坐、用電腦的上班族的日常動作，字幕点出「肩颈按摩不要只靠用力」。
12-25秒 知識：外用油膏应放在保守邊界：久坐低頭后，可搭配伸展与局部按摩舒缓緊繃不适。
25-36秒 安全：若酸痛持續、麻木或影響活動，请咨询医师或药师。
36-45秒 CTA：使用前看标示，收藏这支，下次別用錯。",本內容為一般生活保健資訊，非醫療診斷或治療建議。,若痠痛持續、麻木或影響活動，請諮詢醫師或藥師。,根治|治療疾病|消炎治本|打通經絡|一擦就好|保證有效|深層修復|替代藥物
Douyin_LINE234,LINE234,抖音,2026-09-28,20:00,油膏劑為什麼適合局部按摩,A,中,pending_legal_pharmacist_review,false,油膏剂为什麼适合局部按摩,"0-3秒 Hook：油膏剂为什麼适合局部按摩，你也遇過嗎？
3-12秒 情境：拍攝已購買或正在觀望的一條根使用者的日常動作，字幕点出「油膏剂为什麼适合局部按摩」。
12-25秒 知識：外用油膏应放在保守邊界：依标示外用，提供局部按摩与暂时舒缓体感。
25-36秒 安全：僅供外用；避免眼周、黏膜、破皮或傷口。
36-45秒 CTA：使用前看标示，收藏这支，下次別用錯。",油膏剂为什麼适合局部按摩的重点是依标示使用，不誇大、不神化。本产品为外用油膏，请依核准标示使用；若症狀持續或惡化，请咨询医师或药师。,#金牌一條根 #外用油膏 #成分透明 #依標示使用,"0-3秒 Hook：油膏剂为什麼适合局部按摩，你也遇過嗎？
3-12秒 情境：拍攝已購買或正在觀望的一條根使用者的日常動作，字幕点出「油膏剂为什麼适合局部按摩」。
12-25秒 知識：外用油膏应放在保守邊界：依标示外用，提供局部按摩与暂时舒缓体感。
25-36秒 安全：僅供外用；避免眼周、黏膜、破皮或傷口。
36-45秒 CTA：使用前看标示，收藏这支，下次別用錯。",本產品為外用油膏，請依核准標示使用；若症狀持續或惡化，請諮詢醫師或藥師。,僅供外用；避免眼周、黏膜、破皮或傷口。,根治|治療疾病|消炎治本|打通經絡|一擦就好|保證有效|深層修復|替代藥物
Douyin_LINE235,LINE235,抖音,2026-09-29,12:00,大暑午後少久站硬撐,F,低,pending_legal_pharmacist_review,false,大暑午后少久站硬撐,"0-3秒 Hook：大暑午后少久站硬撐，你也遇過嗎？
3-12秒 情境：拍攝喜歡養生、节氣与日常保健的 LINE 讀者的日常動作，字幕点出「大暑午后少久站硬撐」。
12-25秒 知識：外用油膏应放在保守邊界：以生活保健与身体觉察为主，不做医疗疗效宣稱。
25-36秒 安全：节氣養生屬一般生活資讯，身体不适仍应咨询專業人員。
36-45秒 CTA：使用前看标示，收藏这支，下次別用錯。",大暑午后少久站硬撐的重点是依标示使用，不誇大、不神化。本内容为一般生活保健資讯，非医疗診斷或治疗建議。,#節氣保養 #生活保健 #日常保養 #身體覺察,"0-3秒 Hook：大暑午后少久站硬撐，你也遇過嗎？
3-12秒 情境：拍攝喜歡養生、节氣与日常保健的 LINE 讀者的日常動作，字幕点出「大暑午后少久站硬撐」。
12-25秒 知識：外用油膏应放在保守邊界：以生活保健与身体觉察为主，不做医疗疗效宣稱。
25-36秒 安全：节氣養生屬一般生活資讯，身体不适仍应咨询專業人員。
36-45秒 CTA：使用前看标示，收藏这支，下次別用錯。",本內容為一般生活保健資訊，非醫療診斷或治療建議。,節氣養生屬一般生活資訊，身體不適仍應諮詢專業人員。,根治|治療疾病|消炎治本|打通經絡|一擦就好|保證有效|深層修復|替代藥物
Douyin_LINE236,LINE236,抖音,2026-09-29,20:00,不要密封包紮或大面積厚敷,E,高,pending_legal_pharmacist_review,false,不要密封包紮或大面積厚敷,"0-3秒 Hook：不要密封包紮或大面積厚敷，你也遇過嗎？
3-12秒 情境：拍攝所有使用者、照護者与家庭購買者的日常動作，字幕点出「不要密封包紮或大面積厚敷」。
12-25秒 知識：外用油膏应放在保守邊界：安全使用比用得多更重要，依标示与風險族群提醒。
25-36秒 安全：2 歲以下、孕哺、過敏体質、抗凝血药使用者请先询問專業人員。
36-45秒 CTA：使用前看标示，收藏这支，下次別用錯。",不要密封包紮或大面積厚敷的重点是依标示使用，不誇大、不神化。僅供外用。避免接触眼睛、黏膜、破皮或傷口；特殊族群使用前请先咨询專業人員。,#外用安全 #用藥安全 #使用前看標示 #諮詢醫師藥師,"0-3秒 Hook：不要密封包紮或大面積厚敷，你也遇過嗎？
3-12秒 情境：拍攝所有使用者、照護者与家庭購買者的日常動作，字幕点出「不要密封包紮或大面積厚敷」。
12-25秒 知識：外用油膏应放在保守邊界：安全使用比用得多更重要，依标示与風險族群提醒。
25-36秒 安全：2 歲以下、孕哺、過敏体質、抗凝血药使用者请先询問專業人員。
36-45秒 CTA：使用前看标示，收藏这支，下次別用錯。",僅供外用。避免接觸眼睛、黏膜、破皮或傷口；特殊族群使用前請先諮詢專業人員。,2 歲以下、孕哺、過敏體質、抗凝血藥使用者請先詢問專業人員。,根治|治療疾病|消炎治本|打通經絡|一擦就好|保證有效|深層修復|替代藥物
Douyin_LINE237,LINE237,抖音,2026-09-30,12:00,什麼是乙類成藥,H,中,pending_legal_pharmacist_review,false,什麼是乙類成药,"0-3秒 Hook：什麼是乙類成药，你也遇過嗎？
3-12秒 情境：拍攝重視药证、成分、品質与合法性的消費者的日常動作，字幕点出「什麼是乙類成药」。
12-25秒 知識：外用油膏应放在保守邊界：強調药证、标示、保守宣稱与人工审核流程。
25-36秒 安全：所有广告文案仍須依主管機关与專業人員审核。
36-45秒 CTA：使用前看标示，收藏这支，下次別用錯。",什麼是乙類成药的重点是依标示使用，不誇大、不神化。本产品为外用油膏，请依核准标示使用；若症狀持續或惡化，请咨询医师或药师。,#藥證可查 #品牌透明 #合法宣傳 #成分透明,"0-3秒 Hook：什麼是乙類成药，你也遇過嗎？
3-12秒 情境：拍攝重視药证、成分、品質与合法性的消費者的日常動作，字幕点出「什麼是乙類成药」。
12-25秒 知識：外用油膏应放在保守邊界：強調药证、标示、保守宣稱与人工审核流程。
25-36秒 安全：所有广告文案仍須依主管機关与專業人員审核。
36-45秒 CTA：使用前看标示，收藏这支，下次別用錯。",本產品為外用油膏，請依核准標示使用；若症狀持續或惡化，請諮詢醫師或藥師。,所有廣告文案仍須依主管機關與專業人員審核。,根治|治療疾病|消炎治本|打通經絡|一擦就好|保證有效|深層修復|替代藥物
Douyin_LINE238,LINE238,抖音,2026-09-30,20:00,涼感越強越有效嗎,G,低,pending_legal_pharmacist_review,false,涼感越強越有效嗎,"0-3秒 Hook：涼感越強越有效嗎，你也遇過嗎？
3-12秒 情境：拍攝LINE OA 好友、回購客与新客的日常動作，字幕点出「涼感越強越有效嗎」。
12-25秒 知識：外用油膏应放在保守邊界：用問答降低誤用，讓使用者知道何时該询問專業人員。
25-36秒 安全：互動回答不取代医师或药师建議。
36-45秒 CTA：使用前看标示，收藏这支，下次別用錯。",涼感越強越有效嗎的重点是依标示使用，不誇大、不神化。本内容为一般生活保健資讯，非医疗診斷或治疗建議。,#互動問答 #保養知識 #使用小提醒 #金牌一條根,"0-3秒 Hook：涼感越強越有效嗎，你也遇過嗎？
3-12秒 情境：拍攝LINE OA 好友、回購客与新客的日常動作，字幕点出「涼感越強越有效嗎」。
12-25秒 知識：外用油膏应放在保守邊界：用問答降低誤用，讓使用者知道何时該询問專業人員。
25-36秒 安全：互動回答不取代医师或药师建議。
36-45秒 CTA：使用前看标示，收藏这支，下次別用錯。",本內容為一般生活保健資訊，非醫療診斷或治療建議。,互動回答不取代醫師或藥師建議。,根治|治療疾病|消炎治本|打通經絡|一擦就好|保證有效|深層修復|替代藥物
Douyin_LINE239,LINE239,抖音,2026-10-01,12:00,重訓後肩背局部舒緩,C,中,pending_legal_pharmacist_review,false,重訓后肩背局部舒缓,"0-3秒 Hook：重訓后肩背局部舒缓，你也遇過嗎？
3-12秒 情境：拍攝運動族、搬重物、久站与勞動工作者的日常動作，字幕点出「重訓后肩背局部舒缓」。
12-25秒 知識：外用油膏应放在保守邊界：運動或勞動后的局部肌肉酸痛，可短期按摩舒缓。
25-36秒 安全：明顯腫脹、劇痛、活動受限或疑似受傷时，请先就医。
36-45秒 CTA：使用前看标示，收藏这支，下次別用錯。",重訓后肩背局部舒缓的重点是依标示使用，不誇大、不神化。本产品为外用油膏，请依核准标示使用；若症狀持續或惡化，请咨询医师或药师。,#運動後保養 #局部按摩 #肌肉痠痛 #依標示使用,"0-3秒 Hook：重訓后肩背局部舒缓，你也遇過嗎？
3-12秒 情境：拍攝運動族、搬重物、久站与勞動工作者的日常動作，字幕点出「重訓后肩背局部舒缓」。
12-25秒 知識：外用油膏应放在保守邊界：運動或勞動后的局部肌肉酸痛，可短期按摩舒缓。
25-36秒 安全：明顯腫脹、劇痛、活動受限或疑似受傷时，请先就医。
36-45秒 CTA：使用前看标示，收藏这支，下次別用錯。",本產品為外用油膏，請依核准標示使用；若症狀持續或惡化，請諮詢醫師或藥師。,明顯腫脹、劇痛、活動受限或疑似受傷時，請先就醫。,根治|治療疾病|消炎治本|打通經絡|一擦就好|保證有效|深層修復|替代藥物
Douyin_LINE240,LINE240,抖音,2026-10-01,20:00,乙類成藥與一般保健品差異,A,中,pending_legal_pharmacist_review,false,乙類成药与一般保健品差異,"0-3秒 Hook：乙類成药与一般保健品差異，你也遇過嗎？
3-12秒 情境：拍攝已購買或正在觀望的一條根使用者的日常動作，字幕点出「乙類成药与一般保健品差異」。
12-25秒 知識：外用油膏应放在保守邊界：依标示外用，提供局部按摩与暂时舒缓体感。
25-36秒 安全：僅供外用；避免眼周、黏膜、破皮或傷口。
36-45秒 CTA：使用前看标示，收藏这支，下次別用錯。",乙類成药与一般保健品差異的重点是依标示使用，不誇大、不神化。本产品为外用油膏，请依核准标示使用；若症狀持續或惡化，请咨询医师或药师。,#金牌一條根 #外用油膏 #成分透明 #依標示使用,"0-3秒 Hook：乙類成药与一般保健品差異，你也遇過嗎？
3-12秒 情境：拍攝已購買或正在觀望的一條根使用者的日常動作，字幕点出「乙類成药与一般保健品差異」。
12-25秒 知識：外用油膏应放在保守邊界：依标示外用，提供局部按摩与暂时舒缓体感。
25-36秒 安全：僅供外用；避免眼周、黏膜、破皮或傷口。
36-45秒 CTA：使用前看标示，收藏这支，下次別用錯。",本產品為外用油膏，請依核准標示使用；若症狀持續或惡化，請諮詢醫師或藥師。,僅供外用；避免眼周、黏膜、破皮或傷口。,根治|治療疾病|消炎治本|打通經絡|一擦就好|保證有效|深層修復|替代藥物
Douyin_LINE241,LINE241,抖音,2026-10-02,12:00,天氣變化時的活動舒適感,D,中,pending_legal_pharmacist_review,false,天氣变化时的活動舒适感,"0-3秒 Hook：天氣变化时的活動舒适感，你也遇過嗎？
3-12秒 情境：拍攝40-70 歲注重日常活動舒适度的族群的日常動作，字幕点出「天氣变化时的活動舒适感」。
12-25秒 知識：外用油膏应放在保守邊界：轻微关节酸痛可短期舒缓，但不可宣稱治疗疾病。
25-36秒 安全：关节腫痛、紅熱、长期疼痛或行走困難，请就医評估。
36-45秒 CTA：使用前看标示，收藏这支，下次別用錯。",天氣变化时的活動舒适感的重点是依标示使用，不誇大、不神化。本产品为外用油膏，请依核准标示使用；若症狀持續或惡化，请咨询医师或药师。,#銀髮保養 #活動舒適 #輕微痠痛 #依標示使用,"0-3秒 Hook：天氣变化时的活動舒适感，你也遇過嗎？
3-12秒 情境：拍攝40-70 歲注重日常活動舒适度的族群的日常動作，字幕点出「天氣变化时的活動舒适感」。
12-25秒 知識：外用油膏应放在保守邊界：轻微关节酸痛可短期舒缓，但不可宣稱治疗疾病。
25-36秒 安全：关节腫痛、紅熱、长期疼痛或行走困難，请就医評估。
36-45秒 CTA：使用前看标示，收藏这支，下次別用錯。",本產品為外用油膏，請依核准標示使用；若症狀持續或惡化，請諮詢醫師或藥師。,關節腫痛、紅熱、長期疼痛或行走困難，請就醫評估。,根治|治療疾病|消炎治本|打通經絡|一擦就好|保證有效|深層修復|替代藥物
Douyin_LINE242,LINE242,抖音,2026-10-02,20:00,水楊酸或阿斯匹靈過敏者注意,E,高,pending_legal_pharmacist_review,false,水楊酸或阿斯匹靈過敏者注意,"0-3秒 Hook：水楊酸或阿斯匹靈過敏者注意，你也遇過嗎？
3-12秒 情境：拍攝所有使用者、照護者与家庭購買者的日常動作，字幕点出「水楊酸或阿斯匹靈過敏者注意」。
12-25秒 知識：外用油膏应放在保守邊界：安全使用比用得多更重要，依标示与風險族群提醒。
25-36秒 安全：2 歲以下、孕哺、過敏体質、抗凝血药使用者请先询問專業人員。
36-45秒 CTA：使用前看标示，收藏这支，下次別用錯。",水楊酸或阿斯匹靈過敏者注意的重点是依标示使用，不誇大、不神化。僅供外用。避免接触眼睛、黏膜、破皮或傷口；特殊族群使用前请先咨询專業人員。,#外用安全 #用藥安全 #使用前看標示 #諮詢醫師藥師,"0-3秒 Hook：水楊酸或阿斯匹靈過敏者注意，你也遇過嗎？
3-12秒 情境：拍攝所有使用者、照護者与家庭購買者的日常動作，字幕点出「水楊酸或阿斯匹靈過敏者注意」。
12-25秒 知識：外用油膏应放在保守邊界：安全使用比用得多更重要，依标示与風險族群提醒。
25-36秒 安全：2 歲以下、孕哺、過敏体質、抗凝血药使用者请先询問專業人員。
36-45秒 CTA：使用前看标示，收藏这支，下次別用錯。",僅供外用。避免接觸眼睛、黏膜、破皮或傷口；特殊族群使用前請先諮詢專業人員。,2 歲以下、孕哺、過敏體質、抗凝血藥使用者請先詢問專業人員。,根治|治療疾病|消炎治本|打通經絡|一擦就好|保證有效|深層修復|替代藥物
Douyin_LINE243,LINE243,抖音,2026-10-03,12:00,立秋後早晚溫差保養,F,低,pending_legal_pharmacist_review,false,立秋后早晚溫差保養,"0-3秒 Hook：立秋后早晚溫差保養，你也遇過嗎？
3-12秒 情境：拍攝喜歡養生、节氣与日常保健的 LINE 讀者的日常動作，字幕点出「立秋后早晚溫差保養」。
12-25秒 知識：外用油膏应放在保守邊界：以生活保健与身体觉察为主，不做医疗疗效宣稱。
25-36秒 安全：节氣養生屬一般生活資讯，身体不适仍应咨询專業人員。
36-45秒 CTA：使用前看标示，收藏这支，下次別用錯。",立秋后早晚溫差保養的重点是依标示使用，不誇大、不神化。本内容为一般生活保健資讯，非医疗診斷或治疗建議。,#節氣保養 #生活保健 #日常保養 #身體覺察,"0-3秒 Hook：立秋后早晚溫差保養，你也遇過嗎？
3-12秒 情境：拍攝喜歡養生、节氣与日常保健的 LINE 讀者的日常動作，字幕点出「立秋后早晚溫差保養」。
12-25秒 知識：外用油膏应放在保守邊界：以生活保健与身体觉察为主，不做医疗疗效宣稱。
25-36秒 安全：节氣養生屬一般生活資讯，身体不适仍应咨询專業人員。
36-45秒 CTA：使用前看标示，收藏这支，下次別用錯。",本內容為一般生活保健資訊，非醫療診斷或治療建議。,節氣養生屬一般生活資訊，身體不適仍應諮詢專業人員。,根治|治療疾病|消炎治本|打通經絡|一擦就好|保證有效|深層修復|替代藥物
Douyin_LINE244,LINE244,抖音,2026-10-03,20:00,家事後手臂不適保養,C,中,pending_legal_pharmacist_review,false,家事后手臂不适保養,"0-3秒 Hook：家事后手臂不适保養，你也遇過嗎？
3-12秒 情境：拍攝運動族、搬重物、久站与勞動工作者的日常動作，字幕点出「家事后手臂不适保養」。
12-25秒 知識：外用油膏应放在保守邊界：運動或勞動后的局部肌肉酸痛，可短期按摩舒缓。
25-36秒 安全：明顯腫脹、劇痛、活動受限或疑似受傷时，请先就医。
36-45秒 CTA：使用前看标示，收藏这支，下次別用錯。",家事后手臂不适保養的重点是依标示使用，不誇大、不神化。本产品为外用油膏，请依核准标示使用；若症狀持續或惡化，请咨询医师或药师。,#運動後保養 #局部按摩 #肌肉痠痛 #依標示使用,"0-3秒 Hook：家事后手臂不适保養，你也遇過嗎？
3-12秒 情境：拍攝運動族、搬重物、久站与勞動工作者的日常動作，字幕点出「家事后手臂不适保養」。
12-25秒 知識：外用油膏应放在保守邊界：運動或勞動后的局部肌肉酸痛，可短期按摩舒缓。
25-36秒 安全：明顯腫脹、劇痛、活動受限或疑似受傷时，请先就医。
36-45秒 CTA：使用前看标示，收藏这支，下次別用錯。",本產品為外用油膏，請依核准標示使用；若症狀持續或惡化，請諮詢醫師或藥師。,明顯腫脹、劇痛、活動受限或疑似受傷時，請先就醫。,根治|治療疾病|消炎治本|打通經絡|一擦就好|保證有效|深層修復|替代藥物
Douyin_LINE245,LINE245,抖音,2026-10-04,12:00,你有看過外用產品標示嗎,G,低,pending_legal_pharmacist_review,false,你有看過外用产品标示嗎,"0-3秒 Hook：你有看過外用产品标示嗎，你也遇過嗎？
3-12秒 情境：拍攝LINE OA 好友、回購客与新客的日常動作，字幕点出「你有看過外用产品标示嗎」。
12-25秒 知識：外用油膏应放在保守邊界：用問答降低誤用，讓使用者知道何时該询問專業人員。
25-36秒 安全：互動回答不取代医师或药师建議。
36-45秒 CTA：使用前看标示，收藏这支，下次別用錯。",你有看過外用产品标示嗎的重点是依标示使用，不誇大、不神化。本内容为一般生活保健資讯，非医疗診斷或治疗建議。,#互動問答 #保養知識 #使用小提醒 #金牌一條根,"0-3秒 Hook：你有看過外用产品标示嗎，你也遇過嗎？
3-12秒 情境：拍攝LINE OA 好友、回購客与新客的日常動作，字幕点出「你有看過外用产品标示嗎」。
12-25秒 知識：外用油膏应放在保守邊界：用問答降低誤用，讓使用者知道何时該询問專業人員。
25-36秒 安全：互動回答不取代医师或药师建議。
36-45秒 CTA：使用前看标示，收藏这支，下次別用錯。",本內容為一般生活保健資訊，非醫療診斷或治療建議。,互動回答不取代醫師或藥師建議。,根治|治療疾病|消炎治本|打通經絡|一擦就好|保證有效|深層修復|替代藥物
Douyin_LINE246,LINE246,抖音,2026-10-04,20:00,長輩按摩力道不要過重,D,中,pending_legal_pharmacist_review,false,长輩按摩力道不要過重,"0-3秒 Hook：长輩按摩力道不要過重，你也遇過嗎？
3-12秒 情境：拍攝40-70 歲注重日常活動舒适度的族群的日常動作，字幕点出「长輩按摩力道不要過重」。
12-25秒 知識：外用油膏应放在保守邊界：轻微关节酸痛可短期舒缓，但不可宣稱治疗疾病。
25-36秒 安全：关节腫痛、紅熱、长期疼痛或行走困難，请就医評估。
36-45秒 CTA：使用前看标示，收藏这支，下次別用錯。",长輩按摩力道不要過重的重点是依标示使用，不誇大、不神化。本产品为外用油膏，请依核准标示使用；若症狀持續或惡化，请咨询医师或药师。,#銀髮保養 #活動舒適 #輕微痠痛 #依標示使用,"0-3秒 Hook：长輩按摩力道不要過重，你也遇過嗎？
3-12秒 情境：拍攝40-70 歲注重日常活動舒适度的族群的日常動作，字幕点出「长輩按摩力道不要過重」。
12-25秒 知識：外用油膏应放在保守邊界：轻微关节酸痛可短期舒缓，但不可宣稱治疗疾病。
25-36秒 安全：关节腫痛、紅熱、长期疼痛或行走困難，请就医評估。
36-45秒 CTA：使用前看标示，收藏这支，下次別用錯。",本產品為外用油膏，請依核准標示使用；若症狀持續或惡化，請諮詢醫師或藥師。,關節腫痛、紅熱、長期疼痛或行走困難，請就醫評估。,根治|治療疾病|消炎治本|打通經絡|一擦就好|保證有效|深層修復|替代藥物
Douyin_LINE247,LINE247,抖音,2026-10-05,12:00,久坐族晚間舒緩儀式,B,低,pending_legal_pharmacist_review,false,久坐族晚間舒缓儀式,"0-3秒 Hook：久坐族晚間舒缓儀式，你也遇過嗎？
3-12秒 情境：拍攝长时間低頭、久坐、用電腦的上班族的日常動作，字幕点出「久坐族晚間舒缓儀式」。
12-25秒 知識：外用油膏应放在保守邊界：久坐低頭后，可搭配伸展与局部按摩舒缓緊繃不适。
25-36秒 安全：若酸痛持續、麻木或影響活動，请咨询医师或药师。
36-45秒 CTA：使用前看标示，收藏这支，下次別用錯。",久坐族晚間舒缓儀式的重点是依标示使用，不誇大、不神化。本内容为一般生活保健資讯，非医疗診斷或治疗建議。,#肩頸保養 #久坐族 #日常舒緩 #依標示使用,"0-3秒 Hook：久坐族晚間舒缓儀式，你也遇過嗎？
3-12秒 情境：拍攝长时間低頭、久坐、用電腦的上班族的日常動作，字幕点出「久坐族晚間舒缓儀式」。
12-25秒 知識：外用油膏应放在保守邊界：久坐低頭后，可搭配伸展与局部按摩舒缓緊繃不适。
25-36秒 安全：若酸痛持續、麻木或影響活動，请咨询医师或药师。
36-45秒 CTA：使用前看标示，收藏这支，下次別用錯。",本內容為一般生活保健資訊，非醫療診斷或治療建議。,若痠痛持續、麻木或影響活動，請諮詢醫師或藥師。,根治|治療疾病|消炎治本|打通經絡|一擦就好|保證有效|深層修復|替代藥物
Douyin_LINE248,LINE248,抖音,2026-10-05,20:00,一條根外用膏的日常定位,A,中,pending_legal_pharmacist_review,false,一條根外用膏的日常定位,"0-3秒 Hook：一條根外用膏的日常定位，你也遇過嗎？
3-12秒 情境：拍攝已購買或正在觀望的一條根使用者的日常動作，字幕点出「一條根外用膏的日常定位」。
12-25秒 知識：外用油膏应放在保守邊界：依标示外用，提供局部按摩与暂时舒缓体感。
25-36秒 安全：僅供外用；避免眼周、黏膜、破皮或傷口。
36-45秒 CTA：使用前看标示，收藏这支，下次別用錯。",一條根外用膏的日常定位的重点是依标示使用，不誇大、不神化。本产品为外用油膏，请依核准标示使用；若症狀持續或惡化，请咨询医师或药师。,#金牌一條根 #外用油膏 #成分透明 #依標示使用,"0-3秒 Hook：一條根外用膏的日常定位，你也遇過嗎？
3-12秒 情境：拍攝已購買或正在觀望的一條根使用者的日常動作，字幕点出「一條根外用膏的日常定位」。
12-25秒 知識：外用油膏应放在保守邊界：依标示外用，提供局部按摩与暂时舒缓体感。
25-36秒 安全：僅供外用；避免眼周、黏膜、破皮或傷口。
36-45秒 CTA：使用前看标示，收藏这支，下次別用錯。",本產品為外用油膏，請依核准標示使用；若症狀持續或惡化，請諮詢醫師或藥師。,僅供外用；避免眼周、黏膜、破皮或傷口。,根治|治療疾病|消炎治本|打通經絡|一擦就好|保證有效|深層修復|替代藥物
Douyin_LINE249,LINE249,抖音,2026-10-06,12:00,處暑後運動暖身提醒,F,低,pending_legal_pharmacist_review,false,處暑后運動暖身提醒,"0-3秒 Hook：處暑后運動暖身提醒，你也遇過嗎？
3-12秒 情境：拍攝喜歡養生、节氣与日常保健的 LINE 讀者的日常動作，字幕点出「處暑后運動暖身提醒」。
12-25秒 知識：外用油膏应放在保守邊界：以生活保健与身体觉察为主，不做医疗疗效宣稱。
25-36秒 安全：节氣養生屬一般生活資讯，身体不适仍应咨询專業人員。
36-45秒 CTA：使用前看标示，收藏这支，下次別用錯。",處暑后運動暖身提醒的重点是依标示使用，不誇大、不神化。本内容为一般生活保健資讯，非医疗診斷或治疗建議。,#節氣保養 #生活保健 #日常保養 #身體覺察,"0-3秒 Hook：處暑后運動暖身提醒，你也遇過嗎？
3-12秒 情境：拍攝喜歡養生、节氣与日常保健的 LINE 讀者的日常動作，字幕点出「處暑后運動暖身提醒」。
12-25秒 知識：外用油膏应放在保守邊界：以生活保健与身体觉察为主，不做医疗疗效宣稱。
25-36秒 安全：节氣養生屬一般生活資讯，身体不适仍应咨询專業人員。
36-45秒 CTA：使用前看标示，收藏这支，下次別用錯。",本內容為一般生活保健資訊，非醫療診斷或治療建議。,節氣養生屬一般生活資訊，身體不適仍應諮詢專業人員。,根治|治療疾病|消炎治本|打通經絡|一擦就好|保證有效|深層修復|替代藥物
Douyin_LINE250,LINE250,抖音,2026-10-06,20:00,兒童使用前的安全提醒,E,高,pending_legal_pharmacist_review,false,兒童使用前的安全提醒,"0-3秒 Hook：兒童使用前的安全提醒，你也遇過嗎？
3-12秒 情境：拍攝所有使用者、照護者与家庭購買者的日常動作，字幕点出「兒童使用前的安全提醒」。
12-25秒 知識：外用油膏应放在保守邊界：安全使用比用得多更重要，依标示与風險族群提醒。
25-36秒 安全：2 歲以下、孕哺、過敏体質、抗凝血药使用者请先询問專業人員。
36-45秒 CTA：使用前看标示，收藏这支，下次別用錯。",兒童使用前的安全提醒的重点是依标示使用，不誇大、不神化。僅供外用。避免接触眼睛、黏膜、破皮或傷口；特殊族群使用前请先咨询專業人員。,#外用安全 #用藥安全 #使用前看標示 #諮詢醫師藥師,"0-3秒 Hook：兒童使用前的安全提醒，你也遇過嗎？
3-12秒 情境：拍攝所有使用者、照護者与家庭購買者的日常動作，字幕点出「兒童使用前的安全提醒」。
12-25秒 知識：外用油膏应放在保守邊界：安全使用比用得多更重要，依标示与風險族群提醒。
25-36秒 安全：2 歲以下、孕哺、過敏体質、抗凝血药使用者请先询問專業人員。
36-45秒 CTA：使用前看标示，收藏这支，下次別用錯。",僅供外用。避免接觸眼睛、黏膜、破皮或傷口；特殊族群使用前請先諮詢專業人員。,2 歲以下、孕哺、過敏體質、抗凝血藥使用者請先詢問專業人員。,根治|治療疾病|消炎治本|打通經絡|一擦就好|保證有效|深層修復|替代藥物
Douyin_LINE251,LINE251,抖音,2026-10-07,12:00,官方適應症與社群文案的差異,H,中,pending_legal_pharmacist_review,false,官方适应症与社群文案的差異,"0-3秒 Hook：官方适应症与社群文案的差異，你也遇過嗎？
3-12秒 情境：拍攝重視药证、成分、品質与合法性的消費者的日常動作，字幕点出「官方适应症与社群文案的差異」。
12-25秒 知識：外用油膏应放在保守邊界：強調药证、标示、保守宣稱与人工审核流程。
25-36秒 安全：所有广告文案仍須依主管機关与專業人員审核。
36-45秒 CTA：使用前看标示，收藏这支，下次別用錯。",官方适应症与社群文案的差異的重点是依标示使用，不誇大、不神化。本产品为外用油膏，请依核准标示使用；若症狀持續或惡化，请咨询医师或药师。,#藥證可查 #品牌透明 #合法宣傳 #成分透明,"0-3秒 Hook：官方适应症与社群文案的差異，你也遇過嗎？
3-12秒 情境：拍攝重視药证、成分、品質与合法性的消費者的日常動作，字幕点出「官方适应症与社群文案的差異」。
12-25秒 知識：外用油膏应放在保守邊界：強調药证、标示、保守宣稱与人工审核流程。
25-36秒 安全：所有广告文案仍須依主管機关与專業人員审核。
36-45秒 CTA：使用前看标示，收藏这支，下次別用錯。",本產品為外用油膏，請依核准標示使用；若症狀持續或惡化，請諮詢醫師或藥師。,所有廣告文案仍須依主管機關與專業人員審核。,根治|治療疾病|消炎治本|打通經絡|一擦就好|保證有效|深層修復|替代藥物
Douyin_LINE252,LINE252,抖音,2026-10-07,20:00,久坐族最想舒緩哪裡,G,低,pending_legal_pharmacist_review,false,久坐族最想舒缓哪裡,"0-3秒 Hook：久坐族最想舒缓哪裡，你也遇過嗎？
3-12秒 情境：拍攝LINE OA 好友、回購客与新客的日常動作，字幕点出「久坐族最想舒缓哪裡」。
12-25秒 知識：外用油膏应放在保守邊界：用問答降低誤用，讓使用者知道何时該询問專業人員。
25-36秒 安全：互動回答不取代医师或药师建議。
36-45秒 CTA：使用前看标示，收藏这支，下次別用錯。",久坐族最想舒缓哪裡的重点是依标示使用，不誇大、不神化。本内容为一般生活保健資讯，非医疗診斷或治疗建議。,#互動問答 #保養知識 #使用小提醒 #金牌一條根,"0-3秒 Hook：久坐族最想舒缓哪裡，你也遇過嗎？
3-12秒 情境：拍攝LINE OA 好友、回購客与新客的日常動作，字幕点出「久坐族最想舒缓哪裡」。
12-25秒 知識：外用油膏应放在保守邊界：用問答降低誤用，讓使用者知道何时該询問專業人員。
25-36秒 安全：互動回答不取代医师或药师建議。
36-45秒 CTA：使用前看标示，收藏这支，下次別用錯。",本內容為一般生活保健資訊，非醫療診斷或治療建議。,互動回答不取代醫師或藥師建議。,根治|治療疾病|消炎治本|打通經絡|一擦就好|保證有效|深層修復|替代藥物
Douyin_LINE253,LINE253,抖音,2026-10-08,12:00,跑步後膝周不適的保守提醒,C,中,pending_legal_pharmacist_review,false,跑步后膝周不适的保守提醒,"0-3秒 Hook：跑步后膝周不适的保守提醒，你也遇過嗎？
3-12秒 情境：拍攝運動族、搬重物、久站与勞動工作者的日常動作，字幕点出「跑步后膝周不适的保守提醒」。
12-25秒 知識：外用油膏应放在保守邊界：運動或勞動后的局部肌肉酸痛，可短期按摩舒缓。
25-36秒 安全：明顯腫脹、劇痛、活動受限或疑似受傷时，请先就医。
36-45秒 CTA：使用前看标示，收藏这支，下次別用錯。",跑步后膝周不适的保守提醒的重点是依标示使用，不誇大、不神化。本产品为外用油膏，请依核准标示使用；若症狀持續或惡化，请咨询医师或药师。,#運動後保養 #局部按摩 #肌肉痠痛 #依標示使用,"0-3秒 Hook：跑步后膝周不适的保守提醒，你也遇過嗎？
3-12秒 情境：拍攝運動族、搬重物、久站与勞動工作者的日常動作，字幕点出「跑步后膝周不适的保守提醒」。
12-25秒 知識：外用油膏应放在保守邊界：運動或勞動后的局部肌肉酸痛，可短期按摩舒缓。
25-36秒 安全：明顯腫脹、劇痛、活動受限或疑似受傷时，请先就医。
36-45秒 CTA：使用前看标示，收藏这支，下次別用錯。",本產品為外用油膏，請依核准標示使用；若症狀持續或惡化，請諮詢醫師或藥師。,明顯腫脹、劇痛、活動受限或疑似受傷時，請先就醫。,根治|治療疾病|消炎治本|打通經絡|一擦就好|保證有效|深層修復|替代藥物
Douyin_LINE254,LINE254,抖音,2026-10-08,20:00,成分濃度為什麼要看標示,A,中,pending_legal_pharmacist_review,false,成分濃度为什麼要看标示,"0-3秒 Hook：成分濃度为什麼要看标示，你也遇過嗎？
3-12秒 情境：拍攝已購買或正在觀望的一條根使用者的日常動作，字幕点出「成分濃度为什麼要看标示」。
12-25秒 知識：外用油膏应放在保守邊界：依标示外用，提供局部按摩与暂时舒缓体感。
25-36秒 安全：僅供外用；避免眼周、黏膜、破皮或傷口。
36-45秒 CTA：使用前看标示，收藏这支，下次別用錯。",成分濃度为什麼要看标示的重点是依标示使用，不誇大、不神化。本产品为外用油膏，请依核准标示使用；若症狀持續或惡化，请咨询医师或药师。,#金牌一條根 #外用油膏 #成分透明 #依標示使用,"0-3秒 Hook：成分濃度为什麼要看标示，你也遇過嗎？
3-12秒 情境：拍攝已購買或正在觀望的一條根使用者的日常動作，字幕点出「成分濃度为什麼要看标示」。
12-25秒 知識：外用油膏应放在保守邊界：依标示外用，提供局部按摩与暂时舒缓体感。
25-36秒 安全：僅供外用；避免眼周、黏膜、破皮或傷口。
36-45秒 CTA：使用前看标示，收藏这支，下次別用錯。",本產品為外用油膏，請依核准標示使用；若症狀持續或惡化，請諮詢醫師或藥師。,僅供外用；避免眼周、黏膜、破皮或傷口。,根治|治療疾病|消炎治本|打通經絡|一擦就好|保證有效|深層修復|替代藥物
Douyin_LINE255,LINE255,抖音,2026-10-09,12:00,照顧爸媽時的外用提醒,D,中,pending_legal_pharmacist_review,false,照顧爸媽时的外用提醒,"0-3秒 Hook：照顧爸媽时的外用提醒，你也遇過嗎？
3-12秒 情境：拍攝40-70 歲注重日常活動舒适度的族群的日常動作，字幕点出「照顧爸媽时的外用提醒」。
12-25秒 知識：外用油膏应放在保守邊界：轻微关节酸痛可短期舒缓，但不可宣稱治疗疾病。
25-36秒 安全：关节腫痛、紅熱、长期疼痛或行走困難，请就医評估。
36-45秒 CTA：使用前看标示，收藏这支，下次別用錯。",照顧爸媽时的外用提醒的重点是依标示使用，不誇大、不神化。本产品为外用油膏，请依核准标示使用；若症狀持續或惡化，请咨询医师或药师。,#銀髮保養 #活動舒適 #輕微痠痛 #依標示使用,"0-3秒 Hook：照顧爸媽时的外用提醒，你也遇過嗎？
3-12秒 情境：拍攝40-70 歲注重日常活動舒适度的族群的日常動作，字幕点出「照顧爸媽时的外用提醒」。
12-25秒 知識：外用油膏应放在保守邊界：轻微关节酸痛可短期舒缓，但不可宣稱治疗疾病。
25-36秒 安全：关节腫痛、紅熱、长期疼痛或行走困難，请就医評估。
36-45秒 CTA：使用前看标示，收藏这支，下次別用錯。",本產品為外用油膏，請依核准標示使用；若症狀持續或惡化，請諮詢醫師或藥師。,關節腫痛、紅熱、長期疼痛或行走困難，請就醫評估。,根治|治療疾病|消炎治本|打通經絡|一擦就好|保證有效|深層修復|替代藥物
Douyin_LINE256,LINE256,抖音,2026-10-09,20:00,孕婦與哺乳族群先詢問專業人員,E,高,pending_legal_pharmacist_review,false,孕婦与哺乳族群先询問專業人員,"0-3秒 Hook：孕婦与哺乳族群先询問專業人員，你也遇過嗎？
3-12秒 情境：拍攝所有使用者、照護者与家庭購買者的日常動作，字幕点出「孕婦与哺乳族群先询問專業人員」。
12-25秒 知識：外用油膏应放在保守邊界：安全使用比用得多更重要，依标示与風險族群提醒。
25-36秒 安全：2 歲以下、孕哺、過敏体質、抗凝血药使用者请先询問專業人員。
36-45秒 CTA：使用前看标示，收藏这支，下次別用錯。",孕婦与哺乳族群先询問專業人員的重点是依标示使用，不誇大、不神化。僅供外用。避免接触眼睛、黏膜、破皮或傷口；特殊族群使用前请先咨询專業人員。,#外用安全 #用藥安全 #使用前看標示 #諮詢醫師藥師,"0-3秒 Hook：孕婦与哺乳族群先询問專業人員，你也遇過嗎？
3-12秒 情境：拍攝所有使用者、照護者与家庭購買者的日常動作，字幕点出「孕婦与哺乳族群先询問專業人員」。
12-25秒 知識：外用油膏应放在保守邊界：安全使用比用得多更重要，依标示与風險族群提醒。
25-36秒 安全：2 歲以下、孕哺、過敏体質、抗凝血药使用者请先询問專業人員。
36-45秒 CTA：使用前看标示，收藏这支，下次別用錯。",僅供外用。避免接觸眼睛、黏膜、破皮或傷口；特殊族群使用前請先諮詢專業人員。,2 歲以下、孕哺、過敏體質、抗凝血藥使用者請先詢問專業人員。,根治|治療疾病|消炎治本|打通經絡|一擦就好|保證有效|深層修復|替代藥物
Douyin_LINE257,LINE257,抖音,2026-10-10,12:00,白露時節關心長輩活動,F,低,pending_legal_pharmacist_review,false,白露时节关心长輩活動,"0-3秒 Hook：白露时节关心长輩活動，你也遇過嗎？
3-12秒 情境：拍攝喜歡養生、节氣与日常保健的 LINE 讀者的日常動作，字幕点出「白露时节关心长輩活動」。
12-25秒 知識：外用油膏应放在保守邊界：以生活保健与身体觉察为主，不做医疗疗效宣稱。
25-36秒 安全：节氣養生屬一般生活資讯，身体不适仍应咨询專業人員。
36-45秒 CTA：使用前看标示，收藏这支，下次別用錯。",白露时节关心长輩活動的重点是依标示使用，不誇大、不神化。本内容为一般生活保健資讯，非医疗診斷或治疗建議。,#節氣保養 #生活保健 #日常保養 #身體覺察,"0-3秒 Hook：白露时节关心长輩活動，你也遇過嗎？
3-12秒 情境：拍攝喜歡養生、节氣与日常保健的 LINE 讀者的日常動作，字幕点出「白露时节关心长輩活動」。
12-25秒 知識：外用油膏应放在保守邊界：以生活保健与身体觉察为主，不做医疗疗效宣稱。
25-36秒 安全：节氣養生屬一般生活資讯，身体不适仍应咨询專業人員。
36-45秒 CTA：使用前看标示，收藏这支，下次別用錯。",本內容為一般生活保健資訊，非醫療診斷或治療建議。,節氣養生屬一般生活資訊，身體不適仍應諮詢專業人員。,根治|治療疾病|消炎治本|打通經絡|一擦就好|保證有效|深層修復|替代藥物
Douyin_LINE258,LINE258,抖音,2026-10-10,20:00,勞動後先休息再按摩,C,中,pending_legal_pharmacist_review,false,勞動后先休息再按摩,"0-3秒 Hook：勞動后先休息再按摩，你也遇過嗎？
3-12秒 情境：拍攝運動族、搬重物、久站与勞動工作者的日常動作，字幕点出「勞動后先休息再按摩」。
12-25秒 知識：外用油膏应放在保守邊界：運動或勞動后的局部肌肉酸痛，可短期按摩舒缓。
25-36秒 安全：明顯腫脹、劇痛、活動受限或疑似受傷时，请先就医。
36-45秒 CTA：使用前看标示，收藏这支，下次別用錯。",勞動后先休息再按摩的重点是依标示使用，不誇大、不神化。本产品为外用油膏，请依核准标示使用；若症狀持續或惡化，请咨询医师或药师。,#運動後保養 #局部按摩 #肌肉痠痛 #依標示使用,"0-3秒 Hook：勞動后先休息再按摩，你也遇過嗎？
3-12秒 情境：拍攝運動族、搬重物、久站与勞動工作者的日常動作，字幕点出「勞動后先休息再按摩」。
12-25秒 知識：外用油膏应放在保守邊界：運動或勞動后的局部肌肉酸痛，可短期按摩舒缓。
25-36秒 安全：明顯腫脹、劇痛、活動受限或疑似受傷时，请先就医。
36-45秒 CTA：使用前看标示，收藏这支，下次別用錯。",本產品為外用油膏，請依核准標示使用；若症狀持續或惡化，請諮詢醫師或藥師。,明顯腫脹、劇痛、活動受限或疑似受傷時，請先就醫。,根治|治療疾病|消炎治本|打通經絡|一擦就好|保證有效|深層修復|替代藥物
Douyin_LINE259,LINE259,抖音,2026-10-11,12:00,長輩使用外用膏你會提醒什麼,G,低,pending_legal_pharmacist_review,false,长輩使用外用膏你会提醒什麼,"0-3秒 Hook：长輩使用外用膏你会提醒什麼，你也遇過嗎？
3-12秒 情境：拍攝LINE OA 好友、回購客与新客的日常動作，字幕点出「长輩使用外用膏你会提醒什麼」。
12-25秒 知識：外用油膏应放在保守邊界：用問答降低誤用，讓使用者知道何时該询問專業人員。
25-36秒 安全：互動回答不取代医师或药师建議。
36-45秒 CTA：使用前看标示，收藏这支，下次別用錯。",长輩使用外用膏你会提醒什麼的重点是依标示使用，不誇大、不神化。本内容为一般生活保健資讯，非医疗診斷或治疗建議。,#互動問答 #保養知識 #使用小提醒 #金牌一條根,"0-3秒 Hook：长輩使用外用膏你会提醒什麼，你也遇過嗎？
3-12秒 情境：拍攝LINE OA 好友、回購客与新客的日常動作，字幕点出「长輩使用外用膏你会提醒什麼」。
12-25秒 知識：外用油膏应放在保守邊界：用問答降低誤用，讓使用者知道何时該询問專業人員。
25-36秒 安全：互動回答不取代医师或药师建議。
36-45秒 CTA：使用前看标示，收藏这支，下次別用錯。",本內容為一般生活保健資訊，非醫療診斷或治療建議。,互動回答不取代醫師或藥師建議。,根治|治療疾病|消炎治本|打通經絡|一擦就好|保證有效|深層修復|替代藥物
Douyin_LINE260,LINE260,抖音,2026-10-11,20:00,日常活動舒適度的三個習慣,D,中,pending_legal_pharmacist_review,false,日常活動舒适度的三個習慣,"0-3秒 Hook：日常活動舒适度的三個習慣，你也遇過嗎？
3-12秒 情境：拍攝40-70 歲注重日常活動舒适度的族群的日常動作，字幕点出「日常活動舒适度的三個習慣」。
12-25秒 知識：外用油膏应放在保守邊界：轻微关节酸痛可短期舒缓，但不可宣稱治疗疾病。
25-36秒 安全：关节腫痛、紅熱、长期疼痛或行走困難，请就医評估。
36-45秒 CTA：使用前看标示，收藏这支，下次別用錯。",日常活動舒适度的三個習慣的重点是依标示使用，不誇大、不神化。本产品为外用油膏，请依核准标示使用；若症狀持續或惡化，请咨询医师或药师。,#銀髮保養 #活動舒適 #輕微痠痛 #依標示使用,"0-3秒 Hook：日常活動舒适度的三個習慣，你也遇過嗎？
3-12秒 情境：拍攝40-70 歲注重日常活動舒适度的族群的日常動作，字幕点出「日常活動舒适度的三個習慣」。
12-25秒 知識：外用油膏应放在保守邊界：轻微关节酸痛可短期舒缓，但不可宣稱治疗疾病。
25-36秒 安全：关节腫痛、紅熱、长期疼痛或行走困難，请就医評估。
36-45秒 CTA：使用前看标示，收藏这支，下次別用錯。",本產品為外用油膏，請依核准標示使用；若症狀持續或惡化，請諮詢醫師或藥師。,關節腫痛、紅熱、長期疼痛或行走困難，請就醫評估。,根治|治療疾病|消炎治本|打通經絡|一擦就好|保證有效|深層修復|替代藥物
Douyin_LINE261,LINE261,抖音,2026-10-12,12:00,背包太重後的肩膀保養,B,低,pending_legal_pharmacist_review,false,背包太重后的肩膀保養,"0-3秒 Hook：背包太重后的肩膀保養，你也遇過嗎？
3-12秒 情境：拍攝长时間低頭、久坐、用電腦的上班族的日常動作，字幕点出「背包太重后的肩膀保養」。
12-25秒 知識：外用油膏应放在保守邊界：久坐低頭后，可搭配伸展与局部按摩舒缓緊繃不适。
25-36秒 安全：若酸痛持續、麻木或影響活動，请咨询医师或药师。
36-45秒 CTA：使用前看标示，收藏这支，下次別用錯。",背包太重后的肩膀保養的重点是依标示使用，不誇大、不神化。本内容为一般生活保健資讯，非医疗診斷或治疗建議。,#肩頸保養 #久坐族 #日常舒緩 #依標示使用,"0-3秒 Hook：背包太重后的肩膀保養，你也遇過嗎？
3-12秒 情境：拍攝长时間低頭、久坐、用電腦的上班族的日常動作，字幕点出「背包太重后的肩膀保養」。
12-25秒 知識：外用油膏应放在保守邊界：久坐低頭后，可搭配伸展与局部按摩舒缓緊繃不适。
25-36秒 安全：若酸痛持續、麻木或影響活動，请咨询医师或药师。
36-45秒 CTA：使用前看标示，收藏这支，下次別用錯。",本內容為一般生活保健資訊，非醫療診斷或治療建議。,若痠痛持續、麻木或影響活動，請諮詢醫師或藥師。,根治|治療疾病|消炎治本|打通經絡|一擦就好|保證有效|深層修復|替代藥物
Douyin_LINE262,LINE262,抖音,2026-10-12,20:00,局部按摩和大面積厚敷的差別,A,中,pending_legal_pharmacist_review,false,局部按摩和大面積厚敷的差別,"0-3秒 Hook：局部按摩和大面積厚敷的差別，你也遇過嗎？
3-12秒 情境：拍攝已購買或正在觀望的一條根使用者的日常動作，字幕点出「局部按摩和大面積厚敷的差別」。
12-25秒 知識：外用油膏应放在保守邊界：依标示外用，提供局部按摩与暂时舒缓体感。
25-36秒 安全：僅供外用；避免眼周、黏膜、破皮或傷口。
36-45秒 CTA：使用前看标示，收藏这支，下次別用錯。",局部按摩和大面積厚敷的差別的重点是依标示使用，不誇大、不神化。本产品为外用油膏，请依核准标示使用；若症狀持續或惡化，请咨询医师或药师。,#金牌一條根 #外用油膏 #成分透明 #依標示使用,"0-3秒 Hook：局部按摩和大面積厚敷的差別，你也遇過嗎？
3-12秒 情境：拍攝已購買或正在觀望的一條根使用者的日常動作，字幕点出「局部按摩和大面積厚敷的差別」。
12-25秒 知識：外用油膏应放在保守邊界：依标示外用，提供局部按摩与暂时舒缓体感。
25-36秒 安全：僅供外用；避免眼周、黏膜、破皮或傷口。
36-45秒 CTA：使用前看标示，收藏这支，下次別用錯。",本產品為外用油膏，請依核准標示使用；若症狀持續或惡化，請諮詢醫師或藥師。,僅供外用；避免眼周、黏膜、破皮或傷口。,根治|治療疾病|消炎治本|打通經絡|一擦就好|保證有效|深層修復|替代藥物
Douyin_LINE263,LINE263,抖音,2026-10-13,12:00,秋分後外出前暖身,F,低,pending_legal_pharmacist_review,false,秋分后外出前暖身,"0-3秒 Hook：秋分后外出前暖身，你也遇過嗎？
3-12秒 情境：拍攝喜歡養生、节氣与日常保健的 LINE 讀者的日常動作，字幕点出「秋分后外出前暖身」。
12-25秒 知識：外用油膏应放在保守邊界：以生活保健与身体觉察为主，不做医疗疗效宣稱。
25-36秒 安全：节氣養生屬一般生活資讯，身体不适仍应咨询專業人員。
36-45秒 CTA：使用前看标示，收藏这支，下次別用錯。",秋分后外出前暖身的重点是依标示使用，不誇大、不神化。本内容为一般生活保健資讯，非医疗診斷或治疗建議。,#節氣保養 #生活保健 #日常保養 #身體覺察,"0-3秒 Hook：秋分后外出前暖身，你也遇過嗎？
3-12秒 情境：拍攝喜歡養生、节氣与日常保健的 LINE 讀者的日常動作，字幕点出「秋分后外出前暖身」。
12-25秒 知識：外用油膏应放在保守邊界：以生活保健与身体觉察为主，不做医疗疗效宣稱。
25-36秒 安全：节氣養生屬一般生活資讯，身体不适仍应咨询專業人員。
36-45秒 CTA：使用前看标示，收藏这支，下次別用錯。",本內容為一般生活保健資訊，非醫療診斷或治療建議。,節氣養生屬一般生活資訊，身體不適仍應諮詢專業人員。,根治|治療疾病|消炎治本|打通經絡|一擦就好|保證有效|深層修復|替代藥物
Douyin_LINE264,LINE264,抖音,2026-10-13,20:00,症狀超過七天要停用並諮詢,E,高,pending_legal_pharmacist_review,false,症狀超過七天要停用並咨询,"0-3秒 Hook：症狀超過七天要停用並咨询，你也遇過嗎？
3-12秒 情境：拍攝所有使用者、照護者与家庭購買者的日常動作，字幕点出「症狀超過七天要停用並咨询」。
12-25秒 知識：外用油膏应放在保守邊界：安全使用比用得多更重要，依标示与風險族群提醒。
25-36秒 安全：2 歲以下、孕哺、過敏体質、抗凝血药使用者请先询問專業人員。
36-45秒 CTA：使用前看标示，收藏这支，下次別用錯。",症狀超過七天要停用並咨询的重点是依标示使用，不誇大、不神化。僅供外用。避免接触眼睛、黏膜、破皮或傷口；特殊族群使用前请先咨询專業人員。,#外用安全 #用藥安全 #使用前看標示 #諮詢醫師藥師,"0-3秒 Hook：症狀超過七天要停用並咨询，你也遇過嗎？
3-12秒 情境：拍攝所有使用者、照護者与家庭購買者的日常動作，字幕点出「症狀超過七天要停用並咨询」。
12-25秒 知識：外用油膏应放在保守邊界：安全使用比用得多更重要，依标示与風險族群提醒。
25-36秒 安全：2 歲以下、孕哺、過敏体質、抗凝血药使用者请先询問專業人員。
36-45秒 CTA：使用前看标示，收藏这支，下次別用錯。",僅供外用。避免接觸眼睛、黏膜、破皮或傷口；特殊族群使用前請先諮詢專業人員。,2 歲以下、孕哺、過敏體質、抗凝血藥使用者請先詢問專業人員。,根治|治療疾病|消炎治本|打通經絡|一擦就好|保證有效|深層修復|替代藥物
Douyin_LINE265,LINE265,抖音,2026-10-14,12:00,為什麼不鼓勵擦傷口,H,中,pending_legal_pharmacist_review,false,为什麼不鼓勵擦傷口,"0-3秒 Hook：为什麼不鼓勵擦傷口，你也遇過嗎？
3-12秒 情境：拍攝重視药证、成分、品質与合法性的消費者的日常動作，字幕点出「为什麼不鼓勵擦傷口」。
12-25秒 知識：外用油膏应放在保守邊界：強調药证、标示、保守宣稱与人工审核流程。
25-36秒 安全：所有广告文案仍須依主管機关与專業人員审核。
36-45秒 CTA：使用前看标示，收藏这支，下次別用錯。",为什麼不鼓勵擦傷口的重点是依标示使用，不誇大、不神化。本产品为外用油膏，请依核准标示使用；若症狀持續或惡化，请咨询医师或药师。,#藥證可查 #品牌透明 #合法宣傳 #成分透明,"0-3秒 Hook：为什麼不鼓勵擦傷口，你也遇過嗎？
3-12秒 情境：拍攝重視药证、成分、品質与合法性的消費者的日常動作，字幕点出「为什麼不鼓勵擦傷口」。
12-25秒 知識：外用油膏应放在保守邊界：強調药证、标示、保守宣稱与人工审核流程。
25-36秒 安全：所有广告文案仍須依主管機关与專業人員审核。
36-45秒 CTA：使用前看标示，收藏这支，下次別用錯。",本產品為外用油膏，請依核准標示使用；若症狀持續或惡化，請諮詢醫師或藥師。,所有廣告文案仍須依主管機關與專業人員審核。,根治|治療疾病|消炎治本|打通經絡|一擦就好|保證有效|深層修復|替代藥物
Douyin_LINE266,LINE266,抖音,2026-10-14,20:00,一條根可以天天厚敷嗎,G,低,pending_legal_pharmacist_review,false,一條根可以天天厚敷嗎,"0-3秒 Hook：一條根可以天天厚敷嗎，你也遇過嗎？
3-12秒 情境：拍攝LINE OA 好友、回購客与新客的日常動作，字幕点出「一條根可以天天厚敷嗎」。
12-25秒 知識：外用油膏应放在保守邊界：用問答降低誤用，讓使用者知道何时該询問專業人員。
25-36秒 安全：互動回答不取代医师或药师建議。
36-45秒 CTA：使用前看标示，收藏这支，下次別用錯。",一條根可以天天厚敷嗎的重点是依标示使用，不誇大、不神化。本内容为一般生活保健資讯，非医疗診斷或治疗建議。,#互動問答 #保養知識 #使用小提醒 #金牌一條根,"0-3秒 Hook：一條根可以天天厚敷嗎，你也遇過嗎？
3-12秒 情境：拍攝LINE OA 好友、回購客与新客的日常動作，字幕点出「一條根可以天天厚敷嗎」。
12-25秒 知識：外用油膏应放在保守邊界：用問答降低誤用，讓使用者知道何时該询問專業人員。
25-36秒 安全：互動回答不取代医师或药师建議。
36-45秒 CTA：使用前看标示，收藏这支，下次別用錯。",本內容為一般生活保健資訊，非醫療診斷或治療建議。,互動回答不取代醫師或藥師建議。,根治|治療疾病|消炎治本|打通經絡|一擦就好|保證有效|深層修復|替代藥物
Douyin_LINE267,LINE267,抖音,2026-10-15,12:00,運動後不要立刻熱敷加藥膏,C,中,pending_legal_pharmacist_review,false,運動后不要立刻熱敷加药膏,"0-3秒 Hook：運動后不要立刻熱敷加药膏，你也遇過嗎？
3-12秒 情境：拍攝運動族、搬重物、久站与勞動工作者的日常動作，字幕点出「運動后不要立刻熱敷加药膏」。
12-25秒 知識：外用油膏应放在保守邊界：運動或勞動后的局部肌肉酸痛，可短期按摩舒缓。
25-36秒 安全：明顯腫脹、劇痛、活動受限或疑似受傷时，请先就医。
36-45秒 CTA：使用前看标示，收藏这支，下次別用錯。",運動后不要立刻熱敷加药膏的重点是依标示使用，不誇大、不神化。本产品为外用油膏，请依核准标示使用；若症狀持續或惡化，请咨询医师或药师。,#運動後保養 #局部按摩 #肌肉痠痛 #依標示使用,"0-3秒 Hook：運動后不要立刻熱敷加药膏，你也遇過嗎？
3-12秒 情境：拍攝運動族、搬重物、久站与勞動工作者的日常動作，字幕点出「運動后不要立刻熱敷加药膏」。
12-25秒 知識：外用油膏应放在保守邊界：運動或勞動后的局部肌肉酸痛，可短期按摩舒缓。
25-36秒 安全：明顯腫脹、劇痛、活動受限或疑似受傷时，请先就医。
36-45秒 CTA：使用前看标示，收藏这支，下次別用錯。",本產品為外用油膏，請依核准標示使用；若症狀持續或惡化，請諮詢醫師或藥師。,明顯腫脹、劇痛、活動受限或疑似受傷時，請先就醫。,根治|治療疾病|消炎治本|打通經絡|一擦就好|保證有效|深層修復|替代藥物
Douyin_LINE268,LINE268,抖音,2026-10-15,20:00,使用前先小範圍測試,A,中,pending_legal_pharmacist_review,false,使用前先小範圍測試,"0-3秒 Hook：使用前先小範圍測試，你也遇過嗎？
3-12秒 情境：拍攝已購買或正在觀望的一條根使用者的日常動作，字幕点出「使用前先小範圍測試」。
12-25秒 知識：外用油膏应放在保守邊界：依标示外用，提供局部按摩与暂时舒缓体感。
25-36秒 安全：僅供外用；避免眼周、黏膜、破皮或傷口。
36-45秒 CTA：使用前看标示，收藏这支，下次別用錯。",使用前先小範圍測試的重点是依标示使用，不誇大、不神化。本产品为外用油膏，请依核准标示使用；若症狀持續或惡化，请咨询医师或药师。,#金牌一條根 #外用油膏 #成分透明 #依標示使用,"0-3秒 Hook：使用前先小範圍測試，你也遇過嗎？
3-12秒 情境：拍攝已購買或正在觀望的一條根使用者的日常動作，字幕点出「使用前先小範圍測試」。
12-25秒 知識：外用油膏应放在保守邊界：依标示外用，提供局部按摩与暂时舒缓体感。
25-36秒 安全：僅供外用；避免眼周、黏膜、破皮或傷口。
36-45秒 CTA：使用前看标示，收藏这支，下次別用錯。",本產品為外用油膏，請依核准標示使用；若症狀持續或惡化，請諮詢醫師或藥師。,僅供外用；避免眼周、黏膜、破皮或傷口。,根治|治療疾病|消炎治本|打通經絡|一擦就好|保證有效|深層修復|替代藥物
Douyin_LINE269,LINE269,抖音,2026-10-16,12:00,長輩使用前先看標示,D,中,pending_legal_pharmacist_review,false,长輩使用前先看标示,"0-3秒 Hook：长輩使用前先看标示，你也遇過嗎？
3-12秒 情境：拍攝40-70 歲注重日常活動舒适度的族群的日常動作，字幕点出「长輩使用前先看标示」。
12-25秒 知識：外用油膏应放在保守邊界：轻微关节酸痛可短期舒缓，但不可宣稱治疗疾病。
25-36秒 安全：关节腫痛、紅熱、长期疼痛或行走困難，请就医評估。
36-45秒 CTA：使用前看标示，收藏这支，下次別用錯。",长輩使用前先看标示的重点是依标示使用，不誇大、不神化。本产品为外用油膏，请依核准标示使用；若症狀持續或惡化，请咨询医师或药师。,#銀髮保養 #活動舒適 #輕微痠痛 #依標示使用,"0-3秒 Hook：长輩使用前先看标示，你也遇過嗎？
3-12秒 情境：拍攝40-70 歲注重日常活動舒适度的族群的日常動作，字幕点出「长輩使用前先看标示」。
12-25秒 知識：外用油膏应放在保守邊界：轻微关节酸痛可短期舒缓，但不可宣稱治疗疾病。
25-36秒 安全：关节腫痛、紅熱、长期疼痛或行走困難，请就医評估。
36-45秒 CTA：使用前看标示，收藏这支，下次別用錯。",本產品為外用油膏，請依核准標示使用；若症狀持續或惡化，請諮詢醫師或藥師。,關節腫痛、紅熱、長期疼痛或行走困難，請就醫評估。,根治|治療疾病|消炎治本|打通經絡|一擦就好|保證有效|深層修復|替代藥物
Douyin_LINE270,LINE270,抖音,2026-10-16,20:00,皮膚刺激時要停止使用,E,高,pending_legal_pharmacist_review,false,皮膚刺激时要停止使用,"0-3秒 Hook：皮膚刺激时要停止使用，你也遇過嗎？
3-12秒 情境：拍攝所有使用者、照護者与家庭購買者的日常動作，字幕点出「皮膚刺激时要停止使用」。
12-25秒 知識：外用油膏应放在保守邊界：安全使用比用得多更重要，依标示与風險族群提醒。
25-36秒 安全：2 歲以下、孕哺、過敏体質、抗凝血药使用者请先询問專業人員。
36-45秒 CTA：使用前看标示，收藏这支，下次別用錯。",皮膚刺激时要停止使用的重点是依标示使用，不誇大、不神化。僅供外用。避免接触眼睛、黏膜、破皮或傷口；特殊族群使用前请先咨询專業人員。,#外用安全 #用藥安全 #使用前看標示 #諮詢醫師藥師,"0-3秒 Hook：皮膚刺激时要停止使用，你也遇過嗎？
3-12秒 情境：拍攝所有使用者、照護者与家庭購買者的日常動作，字幕点出「皮膚刺激时要停止使用」。
12-25秒 知識：外用油膏应放在保守邊界：安全使用比用得多更重要，依标示与風險族群提醒。
25-36秒 安全：2 歲以下、孕哺、過敏体質、抗凝血药使用者请先询問專業人員。
36-45秒 CTA：使用前看标示，收藏这支，下次別用錯。",僅供外用。避免接觸眼睛、黏膜、破皮或傷口；特殊族群使用前請先諮詢專業人員。,2 歲以下、孕哺、過敏體質、抗凝血藥使用者請先詢問專業人員。,根治|治療疾病|消炎治本|打通經絡|一擦就好|保證有效|深層修復|替代藥物
Douyin_LINE271,LINE271,抖音,2026-10-17,12:00,寒露後肩背保養,F,低,pending_legal_pharmacist_review,false,寒露后肩背保養,"0-3秒 Hook：寒露后肩背保養，你也遇過嗎？
3-12秒 情境：拍攝喜歡養生、节氣与日常保健的 LINE 讀者的日常動作，字幕点出「寒露后肩背保養」。
12-25秒 知識：外用油膏应放在保守邊界：以生活保健与身体觉察为主，不做医疗疗效宣稱。
25-36秒 安全：节氣養生屬一般生活資讯，身体不适仍应咨询專業人員。
36-45秒 CTA：使用前看标示，收藏这支，下次別用錯。",寒露后肩背保養的重点是依标示使用，不誇大、不神化。本内容为一般生活保健資讯，非医疗診斷或治疗建議。,#節氣保養 #生活保健 #日常保養 #身體覺察,"0-3秒 Hook：寒露后肩背保養，你也遇過嗎？
3-12秒 情境：拍攝喜歡養生、节氣与日常保健的 LINE 讀者的日常動作，字幕点出「寒露后肩背保養」。
12-25秒 知識：外用油膏应放在保守邊界：以生活保健与身体觉察为主，不做医疗疗效宣稱。
25-36秒 安全：节氣養生屬一般生活資讯，身体不适仍应咨询專業人員。
36-45秒 CTA：使用前看标示，收藏这支，下次別用錯。",本內容為一般生活保健資訊，非醫療診斷或治療建議。,節氣養生屬一般生活資訊，身體不適仍應諮詢專業人員。,根治|治療疾病|消炎治本|打通經絡|一擦就好|保證有效|深層修復|替代藥物
Douyin_LINE272,LINE272,抖音,2026-10-17,20:00,輕微拉扯後的觀察重點,C,中,pending_legal_pharmacist_review,false,轻微拉扯后的觀察重点,"0-3秒 Hook：轻微拉扯后的觀察重点，你也遇過嗎？
3-12秒 情境：拍攝運動族、搬重物、久站与勞動工作者的日常動作，字幕点出「轻微拉扯后的觀察重点」。
12-25秒 知識：外用油膏应放在保守邊界：運動或勞動后的局部肌肉酸痛，可短期按摩舒缓。
25-36秒 安全：明顯腫脹、劇痛、活動受限或疑似受傷时，请先就医。
36-45秒 CTA：使用前看标示，收藏这支，下次別用錯。",轻微拉扯后的觀察重点的重点是依标示使用，不誇大、不神化。本产品为外用油膏，请依核准标示使用；若症狀持續或惡化，请咨询医师或药师。,#運動後保養 #局部按摩 #肌肉痠痛 #依標示使用,"0-3秒 Hook：轻微拉扯后的觀察重点，你也遇過嗎？
3-12秒 情境：拍攝運動族、搬重物、久站与勞動工作者的日常動作，字幕点出「轻微拉扯后的觀察重点」。
12-25秒 知識：外用油膏应放在保守邊界：運動或勞動后的局部肌肉酸痛，可短期按摩舒缓。
25-36秒 安全：明顯腫脹、劇痛、活動受限或疑似受傷时，请先就医。
36-45秒 CTA：使用前看标示，收藏这支，下次別用錯。",本產品為外用油膏，請依核准標示使用；若症狀持續或惡化，請諮詢醫師或藥師。,明顯腫脹、劇痛、活動受限或疑似受傷時，請先就醫。,根治|治療疾病|消炎治本|打通經絡|一擦就好|保證有效|深層修復|替代藥物
Douyin_LINE273,LINE273,抖音,2026-10-18,12:00,擦完可以馬上熱敷嗎,G,低,pending_legal_pharmacist_review,false,擦完可以馬上熱敷嗎,"0-3秒 Hook：擦完可以馬上熱敷嗎，你也遇過嗎？
3-12秒 情境：拍攝LINE OA 好友、回購客与新客的日常動作，字幕点出「擦完可以馬上熱敷嗎」。
12-25秒 知識：外用油膏应放在保守邊界：用問答降低誤用，讓使用者知道何时該询問專業人員。
25-36秒 安全：互動回答不取代医师或药师建議。
36-45秒 CTA：使用前看标示，收藏这支，下次別用錯。",擦完可以馬上熱敷嗎的重点是依标示使用，不誇大、不神化。本内容为一般生活保健資讯，非医疗診斷或治疗建議。,#互動問答 #保養知識 #使用小提醒 #金牌一條根,"0-3秒 Hook：擦完可以馬上熱敷嗎，你也遇過嗎？
3-12秒 情境：拍攝LINE OA 好友、回購客与新客的日常動作，字幕点出「擦完可以馬上熱敷嗎」。
12-25秒 知識：外用油膏应放在保守邊界：用問答降低誤用，讓使用者知道何时該询問專業人員。
25-36秒 安全：互動回答不取代医师或药师建議。
36-45秒 CTA：使用前看标示，收藏这支，下次別用錯。",本內容為一般生活保健資訊，非醫療診斷或治療建議。,互動回答不取代醫師或藥師建議。,根治|治療疾病|消炎治本|打通經絡|一擦就好|保證有效|深層修復|替代藥物
Douyin_LINE274,LINE274,抖音,2026-10-18,20:00,別把長期疼痛只當小問題,D,中,pending_legal_pharmacist_review,false,別把长期疼痛只當小問題,"0-3秒 Hook：別把长期疼痛只當小問題，你也遇過嗎？
3-12秒 情境：拍攝40-70 歲注重日常活動舒适度的族群的日常動作，字幕点出「別把长期疼痛只當小問題」。
12-25秒 知識：外用油膏应放在保守邊界：轻微关节酸痛可短期舒缓，但不可宣稱治疗疾病。
25-36秒 安全：关节腫痛、紅熱、长期疼痛或行走困難，请就医評估。
36-45秒 CTA：使用前看标示，收藏这支，下次別用錯。",別把长期疼痛只當小問題的重点是依标示使用，不誇大、不神化。本产品为外用油膏，请依核准标示使用；若症狀持續或惡化，请咨询医师或药师。,#銀髮保養 #活動舒適 #輕微痠痛 #依標示使用,"0-3秒 Hook：別把长期疼痛只當小問題，你也遇過嗎？
3-12秒 情境：拍攝40-70 歲注重日常活動舒适度的族群的日常動作，字幕点出「別把长期疼痛只當小問題」。
12-25秒 知識：外用油膏应放在保守邊界：轻微关节酸痛可短期舒缓，但不可宣稱治疗疾病。
25-36秒 安全：关节腫痛、紅熱、长期疼痛或行走困難，请就医評估。
36-45秒 CTA：使用前看标示，收藏这支，下次別用錯。",本產品為外用油膏，請依核准標示使用；若症狀持續或惡化，請諮詢醫師或藥師。,關節腫痛、紅熱、長期疼痛或行走困難，請就醫評估。,根治|治療疾病|消炎治本|打通經絡|一擦就好|保證有效|深層修復|替代藥物
Douyin_LINE275,LINE275,抖音,2026-10-19,12:00,冷氣房肩頸緊繃保養,B,低,pending_legal_pharmacist_review,false,冷氣房肩颈緊繃保養,"0-3秒 Hook：冷氣房肩颈緊繃保養，你也遇過嗎？
3-12秒 情境：拍攝长时間低頭、久坐、用電腦的上班族的日常動作，字幕点出「冷氣房肩颈緊繃保養」。
12-25秒 知識：外用油膏应放在保守邊界：久坐低頭后，可搭配伸展与局部按摩舒缓緊繃不适。
25-36秒 安全：若酸痛持續、麻木或影響活動，请咨询医师或药师。
36-45秒 CTA：使用前看标示，收藏这支，下次別用錯。",冷氣房肩颈緊繃保養的重点是依标示使用，不誇大、不神化。本内容为一般生活保健資讯，非医疗診斷或治疗建議。,#肩頸保養 #久坐族 #日常舒緩 #依標示使用,"0-3秒 Hook：冷氣房肩颈緊繃保養，你也遇過嗎？
3-12秒 情境：拍攝长时間低頭、久坐、用電腦的上班族的日常動作，字幕点出「冷氣房肩颈緊繃保養」。
12-25秒 知識：外用油膏应放在保守邊界：久坐低頭后，可搭配伸展与局部按摩舒缓緊繃不适。
25-36秒 安全：若酸痛持續、麻木或影響活動，请咨询医师或药师。
36-45秒 CTA：使用前看标示，收藏这支，下次別用錯。",本內容為一般生活保健資訊，非醫療診斷或治療建議。,若痠痛持續、麻木或影響活動，請諮詢醫師或藥師。,根治|治療疾病|消炎治本|打通經絡|一擦就好|保證有效|深層修復|替代藥物
Douyin_LINE276,LINE276,抖音,2026-10-19,20:00,產品不是神藥，定位要講清楚,A,中,pending_legal_pharmacist_review,false,产品不是神药，定位要講清楚,"0-3秒 Hook：产品不是神药，定位要講清楚，你也遇過嗎？
3-12秒 情境：拍攝已購買或正在觀望的一條根使用者的日常動作，字幕点出「产品不是神药，定位要講清楚」。
12-25秒 知識：外用油膏应放在保守邊界：依标示外用，提供局部按摩与暂时舒缓体感。
25-36秒 安全：僅供外用；避免眼周、黏膜、破皮或傷口。
36-45秒 CTA：使用前看标示，收藏这支，下次別用錯。",产品不是神药，定位要講清楚的重点是依标示使用，不誇大、不神化。本产品为外用油膏，请依核准标示使用；若症狀持續或惡化，请咨询医师或药师。,#金牌一條根 #外用油膏 #成分透明 #依標示使用,"0-3秒 Hook：产品不是神药，定位要講清楚，你也遇過嗎？
3-12秒 情境：拍攝已購買或正在觀望的一條根使用者的日常動作，字幕点出「产品不是神药，定位要講清楚」。
12-25秒 知識：外用油膏应放在保守邊界：依标示外用，提供局部按摩与暂时舒缓体感。
25-36秒 安全：僅供外用；避免眼周、黏膜、破皮或傷口。
36-45秒 CTA：使用前看标示，收藏这支，下次別用錯。",本產品為外用油膏，請依核准標示使用；若症狀持續或惡化，請諮詢醫師或藥師。,僅供外用；避免眼周、黏膜、破皮或傷口。,根治|治療疾病|消炎治本|打通經絡|一擦就好|保證有效|深層修復|替代藥物
Douyin_LINE277,LINE277,抖音,2026-10-20,12:00,立冬前後的日常舒緩儀式,F,低,pending_legal_pharmacist_review,false,立冬前后的日常舒缓儀式,"0-3秒 Hook：立冬前后的日常舒缓儀式，你也遇過嗎？
3-12秒 情境：拍攝喜歡養生、节氣与日常保健的 LINE 讀者的日常動作，字幕点出「立冬前后的日常舒缓儀式」。
12-25秒 知識：外用油膏应放在保守邊界：以生活保健与身体觉察为主，不做医疗疗效宣稱。
25-36秒 安全：节氣養生屬一般生活資讯，身体不适仍应咨询專業人員。
36-45秒 CTA：使用前看标示，收藏这支，下次別用錯。",立冬前后的日常舒缓儀式的重点是依标示使用，不誇大、不神化。本内容为一般生活保健資讯，非医疗診斷或治疗建議。,#節氣保養 #生活保健 #日常保養 #身體覺察,"0-3秒 Hook：立冬前后的日常舒缓儀式，你也遇過嗎？
3-12秒 情境：拍攝喜歡養生、节氣与日常保健的 LINE 讀者的日常動作，字幕点出「立冬前后的日常舒缓儀式」。
12-25秒 知識：外用油膏应放在保守邊界：以生活保健与身体觉察为主，不做医疗疗效宣稱。
25-36秒 安全：节氣養生屬一般生活資讯，身体不适仍应咨询專業人員。
36-45秒 CTA：使用前看标示，收藏这支，下次別用錯。",本內容為一般生活保健資訊，非醫療診斷或治療建議。,節氣養生屬一般生活資訊，身體不適仍應諮詢專業人員。,根治|治療疾病|消炎治本|打通經絡|一擦就好|保證有效|深層修復|替代藥物
Douyin_LINE278,LINE278,抖音,2026-10-20,20:00,深層症狀不適合自行處理,E,高,pending_legal_pharmacist_review,false,深層症狀不适合自行處理,"0-3秒 Hook：深層症狀不适合自行處理，你也遇過嗎？
3-12秒 情境：拍攝所有使用者、照護者与家庭購買者的日常動作，字幕点出「深層症狀不适合自行處理」。
12-25秒 知識：外用油膏应放在保守邊界：安全使用比用得多更重要，依标示与風險族群提醒。
25-36秒 安全：2 歲以下、孕哺、過敏体質、抗凝血药使用者请先询問專業人員。
36-45秒 CTA：使用前看标示，收藏这支，下次別用錯。",深層症狀不适合自行處理的重点是依标示使用，不誇大、不神化。僅供外用。避免接触眼睛、黏膜、破皮或傷口；特殊族群使用前请先咨询專業人員。,#外用安全 #用藥安全 #使用前看標示 #諮詢醫師藥師,"0-3秒 Hook：深層症狀不适合自行處理，你也遇過嗎？
3-12秒 情境：拍攝所有使用者、照護者与家庭購買者的日常動作，字幕点出「深層症狀不适合自行處理」。
12-25秒 知識：外用油膏应放在保守邊界：安全使用比用得多更重要，依标示与風險族群提醒。
25-36秒 安全：2 歲以下、孕哺、過敏体質、抗凝血药使用者请先询問專業人員。
36-45秒 CTA：使用前看标示，收藏这支，下次別用錯。",僅供外用。避免接觸眼睛、黏膜、破皮或傷口；特殊族群使用前請先諮詢專業人員。,2 歲以下、孕哺、過敏體質、抗凝血藥使用者請先詢問專業人員。,根治|治療疾病|消炎治本|打通經絡|一擦就好|保證有效|深層修復|替代藥物
Douyin_LINE279,LINE279,抖音,2026-10-21,12:00,買外用膏先看三件事,H,中,pending_legal_pharmacist_review,false,買外用膏先看三件事,"0-3秒 Hook：買外用膏先看三件事，你也遇過嗎？
3-12秒 情境：拍攝重視药证、成分、品質与合法性的消費者的日常動作，字幕点出「買外用膏先看三件事」。
12-25秒 知識：外用油膏应放在保守邊界：強調药证、标示、保守宣稱与人工审核流程。
25-36秒 安全：所有广告文案仍須依主管機关与專業人員审核。
36-45秒 CTA：使用前看标示，收藏这支，下次別用錯。",買外用膏先看三件事的重点是依标示使用，不誇大、不神化。本产品为外用油膏，请依核准标示使用；若症狀持續或惡化，请咨询医师或药师。,#藥證可查 #品牌透明 #合法宣傳 #成分透明,"0-3秒 Hook：買外用膏先看三件事，你也遇過嗎？
3-12秒 情境：拍攝重視药证、成分、品質与合法性的消費者的日常動作，字幕点出「買外用膏先看三件事」。
12-25秒 知識：外用油膏应放在保守邊界：強調药证、标示、保守宣稱与人工审核流程。
25-36秒 安全：所有广告文案仍須依主管機关与專業人員审核。
36-45秒 CTA：使用前看标示，收藏这支，下次別用錯。",本產品為外用油膏，請依核准標示使用；若症狀持續或惡化，請諮詢醫師或藥師。,所有廣告文案仍須依主管機關與專業人員審核。,根治|治療疾病|消炎治本|打通經絡|一擦就好|保證有效|深層修復|替代藥物
Douyin_LINE280,LINE280,抖音,2026-10-21,20:00,哪些情況應該先就醫,G,低,pending_legal_pharmacist_review,false,哪些情況应該先就医,"0-3秒 Hook：哪些情況应該先就医，你也遇過嗎？
3-12秒 情境：拍攝LINE OA 好友、回購客与新客的日常動作，字幕点出「哪些情況应該先就医」。
12-25秒 知識：外用油膏应放在保守邊界：用問答降低誤用，讓使用者知道何时該询問專業人員。
25-36秒 安全：互動回答不取代医师或药师建議。
36-45秒 CTA：使用前看标示，收藏这支，下次別用錯。",哪些情況应該先就医的重点是依标示使用，不誇大、不神化。本内容为一般生活保健資讯，非医疗診斷或治疗建議。,#互動問答 #保養知識 #使用小提醒 #金牌一條根,"0-3秒 Hook：哪些情況应該先就医，你也遇過嗎？
3-12秒 情境：拍攝LINE OA 好友、回購客与新客的日常動作，字幕点出「哪些情況应該先就医」。
12-25秒 知識：外用油膏应放在保守邊界：用問答降低誤用，讓使用者知道何时該询問專業人員。
25-36秒 安全：互動回答不取代医师或药师建議。
36-45秒 CTA：使用前看标示，收藏这支，下次別用錯。",本內容為一般生活保健資訊，非醫療診斷或治療建議。,互動回答不取代醫師或藥師建議。,根治|治療疾病|消炎治本|打通經絡|一擦就好|保證有效|深層修復|替代藥物
Douyin_LINE281,LINE281,抖音,2026-10-22,12:00,運動後局部痠痛的保守處理,C,中,pending_legal_pharmacist_review,false,運動后局部酸痛的保守處理,"0-3秒 Hook：運動后局部酸痛的保守處理，你也遇過嗎？
3-12秒 情境：拍攝運動族、搬重物、久站与勞動工作者的日常動作，字幕点出「運動后局部酸痛的保守處理」。
12-25秒 知識：外用油膏应放在保守邊界：運動或勞動后的局部肌肉酸痛，可短期按摩舒缓。
25-36秒 安全：明顯腫脹、劇痛、活動受限或疑似受傷时，请先就医。
36-45秒 CTA：使用前看标示，收藏这支，下次別用錯。",運動后局部酸痛的保守處理的重点是依标示使用，不誇大、不神化。本产品为外用油膏，请依核准标示使用；若症狀持續或惡化，请咨询医师或药师。,#運動後保養 #局部按摩 #肌肉痠痛 #依標示使用,"0-3秒 Hook：運動后局部酸痛的保守處理，你也遇過嗎？
3-12秒 情境：拍攝運動族、搬重物、久站与勞動工作者的日常動作，字幕点出「運動后局部酸痛的保守處理」。
12-25秒 知識：外用油膏应放在保守邊界：運動或勞動后的局部肌肉酸痛，可短期按摩舒缓。
25-36秒 安全：明顯腫脹、劇痛、活動受限或疑似受傷时，请先就医。
36-45秒 CTA：使用前看标示，收藏这支，下次別用錯。",本產品為外用油膏，請依核准標示使用；若症狀持續或惡化，請諮詢醫師或藥師。,明顯腫脹、劇痛、活動受限或疑似受傷時，請先就醫。,根治|治療疾病|消炎治本|打通經絡|一擦就好|保證有效|深層修復|替代藥物
Douyin_LINE282,LINE282,抖音,2026-10-22,20:00,冬青油與清涼舒緩體感,A,中,pending_legal_pharmacist_review,false,冬青油与清涼舒缓体感,"0-3秒 Hook：冬青油与清涼舒缓体感，你也遇過嗎？
3-12秒 情境：拍攝已購買或正在觀望的一條根使用者的日常動作，字幕点出「冬青油与清涼舒缓体感」。
12-25秒 知識：外用油膏应放在保守邊界：依标示外用，提供局部按摩与暂时舒缓体感。
25-36秒 安全：僅供外用；避免眼周、黏膜、破皮或傷口。
36-45秒 CTA：使用前看标示，收藏这支，下次別用錯。",冬青油与清涼舒缓体感的重点是依标示使用，不誇大、不神化。本产品为外用油膏，请依核准标示使用；若症狀持續或惡化，请咨询医师或药师。,#金牌一條根 #外用油膏 #成分透明 #依標示使用,"0-3秒 Hook：冬青油与清涼舒缓体感，你也遇過嗎？
3-12秒 情境：拍攝已購買或正在觀望的一條根使用者的日常動作，字幕点出「冬青油与清涼舒缓体感」。
12-25秒 知識：外用油膏应放在保守邊界：依标示外用，提供局部按摩与暂时舒缓体感。
25-36秒 安全：僅供外用；避免眼周、黏膜、破皮或傷口。
36-45秒 CTA：使用前看标示，收藏这支，下次別用錯。",本產品為外用油膏，請依核准標示使用；若症狀持續或惡化，請諮詢醫師或藥師。,僅供外用；避免眼周、黏膜、破皮或傷口。,根治|治療疾病|消炎治本|打通經絡|一擦就好|保證有效|深層修復|替代藥物
Douyin_LINE283,LINE283,抖音,2026-10-23,12:00,早晨活動前的關節暖身,D,中,pending_legal_pharmacist_review,false,早晨活動前的关节暖身,"0-3秒 Hook：早晨活動前的关节暖身，你也遇過嗎？
3-12秒 情境：拍攝40-70 歲注重日常活動舒适度的族群的日常動作，字幕点出「早晨活動前的关节暖身」。
12-25秒 知識：外用油膏应放在保守邊界：轻微关节酸痛可短期舒缓，但不可宣稱治疗疾病。
25-36秒 安全：关节腫痛、紅熱、长期疼痛或行走困難，请就医評估。
36-45秒 CTA：使用前看标示，收藏这支，下次別用錯。",早晨活動前的关节暖身的重点是依标示使用，不誇大、不神化。本产品为外用油膏，请依核准标示使用；若症狀持續或惡化，请咨询医师或药师。,#銀髮保養 #活動舒適 #輕微痠痛 #依標示使用,"0-3秒 Hook：早晨活動前的关节暖身，你也遇過嗎？
3-12秒 情境：拍攝40-70 歲注重日常活動舒适度的族群的日常動作，字幕点出「早晨活動前的关节暖身」。
12-25秒 知識：外用油膏应放在保守邊界：轻微关节酸痛可短期舒缓，但不可宣稱治疗疾病。
25-36秒 安全：关节腫痛、紅熱、长期疼痛或行走困難，请就医評估。
36-45秒 CTA：使用前看标示，收藏这支，下次別用錯。",本產品為外用油膏，請依核准標示使用；若症狀持續或惡化，請諮詢醫師或藥師。,關節腫痛、紅熱、長期疼痛或行走困難，請就醫評估。,根治|治療疾病|消炎治本|打通經絡|一擦就好|保證有效|深層修復|替代藥物
Douyin_LINE284,LINE284,抖音,2026-10-23,20:00,不能擦在破皮或傷口,E,高,pending_legal_pharmacist_review,false,不能擦在破皮或傷口,"0-3秒 Hook：不能擦在破皮或傷口，你也遇過嗎？
3-12秒 情境：拍攝所有使用者、照護者与家庭購買者的日常動作，字幕点出「不能擦在破皮或傷口」。
12-25秒 知識：外用油膏应放在保守邊界：安全使用比用得多更重要，依标示与風險族群提醒。
25-36秒 安全：2 歲以下、孕哺、過敏体質、抗凝血药使用者请先询問專業人員。
36-45秒 CTA：使用前看标示，收藏这支，下次別用錯。",不能擦在破皮或傷口的重点是依标示使用，不誇大、不神化。僅供外用。避免接触眼睛、黏膜、破皮或傷口；特殊族群使用前请先咨询專業人員。,#外用安全 #用藥安全 #使用前看標示 #諮詢醫師藥師,"0-3秒 Hook：不能擦在破皮或傷口，你也遇過嗎？
3-12秒 情境：拍攝所有使用者、照護者与家庭購買者的日常動作，字幕点出「不能擦在破皮或傷口」。
12-25秒 知識：外用油膏应放在保守邊界：安全使用比用得多更重要，依标示与風險族群提醒。
25-36秒 安全：2 歲以下、孕哺、過敏体質、抗凝血药使用者请先询問專業人員。
36-45秒 CTA：使用前看标示，收藏这支，下次別用錯。",僅供外用。避免接觸眼睛、黏膜、破皮或傷口；特殊族群使用前請先諮詢專業人員。,2 歲以下、孕哺、過敏體質、抗凝血藥使用者請先詢問專業人員。,根治|治療疾病|消炎治本|打通經絡|一擦就好|保證有效|深層修復|替代藥物
Douyin_LINE285,LINE285,抖音,2026-10-24,12:00,芒種後濕熱生活保養,F,低,pending_legal_pharmacist_review,false,芒种后濕熱生活保養,"0-3秒 Hook：芒种后濕熱生活保養，你也遇過嗎？
3-12秒 情境：拍攝喜歡養生、节氣与日常保健的 LINE 讀者的日常動作，字幕点出「芒种后濕熱生活保養」。
12-25秒 知識：外用油膏应放在保守邊界：以生活保健与身体觉察为主，不做医疗疗效宣稱。
25-36秒 安全：节氣養生屬一般生活資讯，身体不适仍应咨询專業人員。
36-45秒 CTA：使用前看标示，收藏这支，下次別用錯。",芒种后濕熱生活保養的重点是依标示使用，不誇大、不神化。本内容为一般生活保健資讯，非医疗診斷或治疗建議。,#節氣保養 #生活保健 #日常保養 #身體覺察,"0-3秒 Hook：芒种后濕熱生活保養，你也遇過嗎？
3-12秒 情境：拍攝喜歡養生、节氣与日常保健的 LINE 讀者的日常動作，字幕点出「芒种后濕熱生活保養」。
12-25秒 知識：外用油膏应放在保守邊界：以生活保健与身体觉察为主，不做医疗疗效宣稱。
25-36秒 安全：节氣養生屬一般生活資讯，身体不适仍应咨询專業人員。
36-45秒 CTA：使用前看标示，收藏这支，下次別用錯。",本內容為一般生活保健資訊，非醫療診斷或治療建議。,節氣養生屬一般生活資訊，身體不適仍應諮詢專業人員。,根治|治療疾病|消炎治本|打通經絡|一擦就好|保證有效|深層修復|替代藥物
Douyin_LINE286,LINE286,抖音,2026-10-24,20:00,久站後小腿不適舒緩,C,中,pending_legal_pharmacist_review,false,久站后小腿不适舒缓,"0-3秒 Hook：久站后小腿不适舒缓，你也遇過嗎？
3-12秒 情境：拍攝運動族、搬重物、久站与勞動工作者的日常動作，字幕点出「久站后小腿不适舒缓」。
12-25秒 知識：外用油膏应放在保守邊界：運動或勞動后的局部肌肉酸痛，可短期按摩舒缓。
25-36秒 安全：明顯腫脹、劇痛、活動受限或疑似受傷时，请先就医。
36-45秒 CTA：使用前看标示，收藏这支，下次別用錯。",久站后小腿不适舒缓的重点是依标示使用，不誇大、不神化。本产品为外用油膏，请依核准标示使用；若症狀持續或惡化，请咨询医师或药师。,#運動後保養 #局部按摩 #肌肉痠痛 #依標示使用,"0-3秒 Hook：久站后小腿不适舒缓，你也遇過嗎？
3-12秒 情境：拍攝運動族、搬重物、久站与勞動工作者的日常動作，字幕点出「久站后小腿不适舒缓」。
12-25秒 知識：外用油膏应放在保守邊界：運動或勞動后的局部肌肉酸痛，可短期按摩舒缓。
25-36秒 安全：明顯腫脹、劇痛、活動受限或疑似受傷时，请先就医。
36-45秒 CTA：使用前看标示，收藏这支，下次別用錯。",本產品為外用油膏，請依核准標示使用；若症狀持續或惡化，請諮詢醫師或藥師。,明顯腫脹、劇痛、活動受限或疑似受傷時，請先就醫。,根治|治療疾病|消炎治本|打通經絡|一擦就好|保證有效|深層修復|替代藥物
Douyin_LINE287,LINE287,抖音,2026-10-25,12:00,你最常哪個部位緊繃,G,低,pending_legal_pharmacist_review,false,你最常哪個部位緊繃,"0-3秒 Hook：你最常哪個部位緊繃，你也遇過嗎？
3-12秒 情境：拍攝LINE OA 好友、回購客与新客的日常動作，字幕点出「你最常哪個部位緊繃」。
12-25秒 知識：外用油膏应放在保守邊界：用問答降低誤用，讓使用者知道何时該询問專業人員。
25-36秒 安全：互動回答不取代医师或药师建議。
36-45秒 CTA：使用前看标示，收藏这支，下次別用錯。",你最常哪個部位緊繃的重点是依标示使用，不誇大、不神化。本内容为一般生活保健資讯，非医疗診斷或治疗建議。,#互動問答 #保養知識 #使用小提醒 #金牌一條根,"0-3秒 Hook：你最常哪個部位緊繃，你也遇過嗎？
3-12秒 情境：拍攝LINE OA 好友、回購客与新客的日常動作，字幕点出「你最常哪個部位緊繃」。
12-25秒 知識：外用油膏应放在保守邊界：用問答降低誤用，讓使用者知道何时該询問專業人員。
25-36秒 安全：互動回答不取代医师或药师建議。
36-45秒 CTA：使用前看标示，收藏这支，下次別用錯。",本內容為一般生活保健資訊，非醫療診斷或治療建議。,互動回答不取代醫師或藥師建議。,根治|治療疾病|消炎治本|打通經絡|一擦就好|保證有效|深層修復|替代藥物
Douyin_LINE288,LINE288,抖音,2026-10-25,20:00,長輩外用膏使用安全,D,中,pending_legal_pharmacist_review,false,长輩外用膏使用安全,"0-3秒 Hook：长輩外用膏使用安全，你也遇過嗎？
3-12秒 情境：拍攝40-70 歲注重日常活動舒适度的族群的日常動作，字幕点出「长輩外用膏使用安全」。
12-25秒 知識：外用油膏应放在保守邊界：轻微关节酸痛可短期舒缓，但不可宣稱治疗疾病。
25-36秒 安全：关节腫痛、紅熱、长期疼痛或行走困難，请就医評估。
36-45秒 CTA：使用前看标示，收藏这支，下次別用錯。",长輩外用膏使用安全的重点是依标示使用，不誇大、不神化。本产品为外用油膏，请依核准标示使用；若症狀持續或惡化，请咨询医师或药师。,#銀髮保養 #活動舒適 #輕微痠痛 #依標示使用,"0-3秒 Hook：长輩外用膏使用安全，你也遇過嗎？
3-12秒 情境：拍攝40-70 歲注重日常活動舒适度的族群的日常動作，字幕点出「长輩外用膏使用安全」。
12-25秒 知識：外用油膏应放在保守邊界：轻微关节酸痛可短期舒缓，但不可宣稱治疗疾病。
25-36秒 安全：关节腫痛、紅熱、长期疼痛或行走困難，请就医評估。
36-45秒 CTA：使用前看标示，收藏这支，下次別用錯。",本產品為外用油膏，請依核准標示使用；若症狀持續或惡化，請諮詢醫師或藥師。,關節腫痛、紅熱、長期疼痛或行走困難，請就醫評估。,根治|治療疾病|消炎治本|打通經絡|一擦就好|保證有效|深層修復|替代藥物
Douyin_LINE289,LINE289,抖音,2026-10-26,12:00,低頭族肩頸緊繃的三個提醒,B,低,pending_legal_pharmacist_review,false,低頭族肩颈緊繃的三個提醒,"0-3秒 Hook：低頭族肩颈緊繃的三個提醒，你也遇過嗎？
3-12秒 情境：拍攝长时間低頭、久坐、用電腦的上班族的日常動作，字幕点出「低頭族肩颈緊繃的三個提醒」。
12-25秒 知識：外用油膏应放在保守邊界：久坐低頭后，可搭配伸展与局部按摩舒缓緊繃不适。
25-36秒 安全：若酸痛持續、麻木或影響活動，请咨询医师或药师。
36-45秒 CTA：使用前看标示，收藏这支，下次別用錯。",低頭族肩颈緊繃的三個提醒的重点是依标示使用，不誇大、不神化。本内容为一般生活保健資讯，非医疗診斷或治疗建議。,#肩頸保養 #久坐族 #日常舒緩 #依標示使用,"0-3秒 Hook：低頭族肩颈緊繃的三個提醒，你也遇過嗎？
3-12秒 情境：拍攝长时間低頭、久坐、用電腦的上班族的日常動作，字幕点出「低頭族肩颈緊繃的三個提醒」。
12-25秒 知識：外用油膏应放在保守邊界：久坐低頭后，可搭配伸展与局部按摩舒缓緊繃不适。
25-36秒 安全：若酸痛持續、麻木或影響活動，请咨询医师或药师。
36-45秒 CTA：使用前看标示，收藏这支，下次別用錯。",本內容為一般生活保健資訊，非醫療診斷或治療建議。,若痠痛持續、麻木或影響活動，請諮詢醫師或藥師。,根治|治療疾病|消炎治本|打通經絡|一擦就好|保證有效|深層修復|替代藥物
Douyin_LINE290,LINE290,抖音,2026-10-26,20:00,薄荷腦帶來的涼感來源,A,中,pending_legal_pharmacist_review,false,薄荷腦帶來的涼感來源,"0-3秒 Hook：薄荷腦帶來的涼感來源，你也遇過嗎？
3-12秒 情境：拍攝已購買或正在觀望的一條根使用者的日常動作，字幕点出「薄荷腦帶來的涼感來源」。
12-25秒 知識：外用油膏应放在保守邊界：依标示外用，提供局部按摩与暂时舒缓体感。
25-36秒 安全：僅供外用；避免眼周、黏膜、破皮或傷口。
36-45秒 CTA：使用前看标示，收藏这支，下次別用錯。",薄荷腦帶來的涼感來源的重点是依标示使用，不誇大、不神化。本产品为外用油膏，请依核准标示使用；若症狀持續或惡化，请咨询医师或药师。,#金牌一條根 #外用油膏 #成分透明 #依標示使用,"0-3秒 Hook：薄荷腦帶來的涼感來源，你也遇過嗎？
3-12秒 情境：拍攝已購買或正在觀望的一條根使用者的日常動作，字幕点出「薄荷腦帶來的涼感來源」。
12-25秒 知識：外用油膏应放在保守邊界：依标示外用，提供局部按摩与暂时舒缓体感。
25-36秒 安全：僅供外用；避免眼周、黏膜、破皮或傷口。
36-45秒 CTA：使用前看标示，收藏这支，下次別用錯。",本產品為外用油膏，請依核准標示使用；若症狀持續或惡化，請諮詢醫師或藥師。,僅供外用；避免眼周、黏膜、破皮或傷口。,根治|治療疾病|消炎治本|打通經絡|一擦就好|保證有效|深層修復|替代藥物
Douyin_LINE291,LINE291,抖音,2026-10-27,12:00,夏季冷氣房的肩頸保養,F,低,pending_legal_pharmacist_review,false,夏季冷氣房的肩颈保養,"0-3秒 Hook：夏季冷氣房的肩颈保養，你也遇過嗎？
3-12秒 情境：拍攝喜歡養生、节氣与日常保健的 LINE 讀者的日常動作，字幕点出「夏季冷氣房的肩颈保養」。
12-25秒 知識：外用油膏应放在保守邊界：以生活保健与身体觉察为主，不做医疗疗效宣稱。
25-36秒 安全：节氣養生屬一般生活資讯，身体不适仍应咨询專業人員。
36-45秒 CTA：使用前看标示，收藏这支，下次別用錯。",夏季冷氣房的肩颈保養的重点是依标示使用，不誇大、不神化。本内容为一般生活保健資讯，非医疗診斷或治疗建議。,#節氣保養 #生活保健 #日常保養 #身體覺察,"0-3秒 Hook：夏季冷氣房的肩颈保養，你也遇過嗎？
3-12秒 情境：拍攝喜歡養生、节氣与日常保健的 LINE 讀者的日常動作，字幕点出「夏季冷氣房的肩颈保養」。
12-25秒 知識：外用油膏应放在保守邊界：以生活保健与身体觉察为主，不做医疗疗效宣稱。
25-36秒 安全：节氣養生屬一般生活資讯，身体不适仍应咨询專業人員。
36-45秒 CTA：使用前看标示，收藏这支，下次別用錯。",本內容為一般生活保健資訊，非醫療診斷或治療建議。,節氣養生屬一般生活資訊，身體不適仍應諮詢專業人員。,根治|治療疾病|消炎治本|打通經絡|一擦就好|保證有效|深層修復|替代藥物
Douyin_LINE292,LINE292,抖音,2026-10-27,20:00,外用膏避免眼周與黏膜,E,高,pending_legal_pharmacist_review,false,外用膏避免眼周与黏膜,"0-3秒 Hook：外用膏避免眼周与黏膜，你也遇過嗎？
3-12秒 情境：拍攝所有使用者、照護者与家庭購買者的日常動作，字幕点出「外用膏避免眼周与黏膜」。
12-25秒 知識：外用油膏应放在保守邊界：安全使用比用得多更重要，依标示与風險族群提醒。
25-36秒 安全：2 歲以下、孕哺、過敏体質、抗凝血药使用者请先询問專業人員。
36-45秒 CTA：使用前看标示，收藏这支，下次別用錯。",外用膏避免眼周与黏膜的重点是依标示使用，不誇大、不神化。僅供外用。避免接触眼睛、黏膜、破皮或傷口；特殊族群使用前请先咨询專業人員。,#外用安全 #用藥安全 #使用前看標示 #諮詢醫師藥師,"0-3秒 Hook：外用膏避免眼周与黏膜，你也遇過嗎？
3-12秒 情境：拍攝所有使用者、照護者与家庭購買者的日常動作，字幕点出「外用膏避免眼周与黏膜」。
12-25秒 知識：外用油膏应放在保守邊界：安全使用比用得多更重要，依标示与風險族群提醒。
25-36秒 安全：2 歲以下、孕哺、過敏体質、抗凝血药使用者请先询問專業人員。
36-45秒 CTA：使用前看标示，收藏这支，下次別用錯。",僅供外用。避免接觸眼睛、黏膜、破皮或傷口；特殊族群使用前請先諮詢專業人員。,2 歲以下、孕哺、過敏體質、抗凝血藥使用者請先詢問專業人員。,根治|治療疾病|消炎治本|打通經絡|一擦就好|保證有效|深層修復|替代藥物
Douyin_LINE293,LINE293,抖音,2026-10-28,12:00,為什麼我們不說神效,H,中,pending_legal_pharmacist_review,false,为什麼我們不说神效,"0-3秒 Hook：为什麼我們不说神效，你也遇過嗎？
3-12秒 情境：拍攝重視药证、成分、品質与合法性的消費者的日常動作，字幕点出「为什麼我們不说神效」。
12-25秒 知識：外用油膏应放在保守邊界：強調药证、标示、保守宣稱与人工审核流程。
25-36秒 安全：所有广告文案仍須依主管機关与專業人員审核。
36-45秒 CTA：使用前看标示，收藏这支，下次別用錯。",为什麼我們不说神效的重点是依标示使用，不誇大、不神化。本产品为外用油膏，请依核准标示使用；若症狀持續或惡化，请咨询医师或药师。,#藥證可查 #品牌透明 #合法宣傳 #成分透明,"0-3秒 Hook：为什麼我們不说神效，你也遇過嗎？
3-12秒 情境：拍攝重視药证、成分、品質与合法性的消費者的日常動作，字幕点出「为什麼我們不说神效」。
12-25秒 知識：外用油膏应放在保守邊界：強調药证、标示、保守宣稱与人工审核流程。
25-36秒 安全：所有广告文案仍須依主管機关与專業人員审核。
36-45秒 CTA：使用前看标示，收藏这支，下次別用錯。",本產品為外用油膏，請依核准標示使用；若症狀持續或惡化，請諮詢醫師或藥師。,所有廣告文案仍須依主管機關與專業人員審核。,根治|治療疾病|消炎治本|打通經絡|一擦就好|保證有效|深層修復|替代藥物
Douyin_LINE294,LINE294,抖音,2026-10-28,20:00,你習慣運動前還是運動後保養,G,低,pending_legal_pharmacist_review,false,你習慣運動前還是運動后保養,"0-3秒 Hook：你習慣運動前還是運動后保養，你也遇過嗎？
3-12秒 情境：拍攝LINE OA 好友、回購客与新客的日常動作，字幕点出「你習慣運動前還是運動后保養」。
12-25秒 知識：外用油膏应放在保守邊界：用問答降低誤用，讓使用者知道何时該询問專業人員。
25-36秒 安全：互動回答不取代医师或药师建議。
36-45秒 CTA：使用前看标示，收藏这支，下次別用錯。",你習慣運動前還是運動后保養的重点是依标示使用，不誇大、不神化。本内容为一般生活保健資讯，非医疗診斷或治疗建議。,#互動問答 #保養知識 #使用小提醒 #金牌一條根,"0-3秒 Hook：你習慣運動前還是運動后保養，你也遇過嗎？
3-12秒 情境：拍攝LINE OA 好友、回購客与新客的日常動作，字幕点出「你習慣運動前還是運動后保養」。
12-25秒 知識：外用油膏应放在保守邊界：用問答降低誤用，讓使用者知道何时該询問專業人員。
25-36秒 安全：互動回答不取代医师或药师建議。
36-45秒 CTA：使用前看标示，收藏这支，下次別用錯。",本內容為一般生活保健資訊，非醫療診斷或治療建議。,互動回答不取代醫師或藥師建議。,根治|治療疾病|消炎治本|打通經絡|一擦就好|保證有效|深層修復|替代藥物
Douyin_LINE295,LINE295,抖音,2026-10-29,12:00,搬重物後腰背保養,C,中,pending_legal_pharmacist_review,false,搬重物后腰背保養,"0-3秒 Hook：搬重物后腰背保養，你也遇過嗎？
3-12秒 情境：拍攝運動族、搬重物、久站与勞動工作者的日常動作，字幕点出「搬重物后腰背保養」。
12-25秒 知識：外用油膏应放在保守邊界：運動或勞動后的局部肌肉酸痛，可短期按摩舒缓。
25-36秒 安全：明顯腫脹、劇痛、活動受限或疑似受傷时，请先就医。
36-45秒 CTA：使用前看标示，收藏这支，下次別用錯。",搬重物后腰背保養的重点是依标示使用，不誇大、不神化。本产品为外用油膏，请依核准标示使用；若症狀持續或惡化，请咨询医师或药师。,#運動後保養 #局部按摩 #肌肉痠痛 #依標示使用,"0-3秒 Hook：搬重物后腰背保養，你也遇過嗎？
3-12秒 情境：拍攝運動族、搬重物、久站与勞動工作者的日常動作，字幕点出「搬重物后腰背保養」。
12-25秒 知識：外用油膏应放在保守邊界：運動或勞動后的局部肌肉酸痛，可短期按摩舒缓。
25-36秒 安全：明顯腫脹、劇痛、活動受限或疑似受傷时，请先就医。
36-45秒 CTA：使用前看标示，收藏这支，下次別用錯。",本產品為外用油膏，請依核准標示使用；若症狀持續或惡化，請諮詢醫師或藥師。,明顯腫脹、劇痛、活動受限或疑似受傷時，請先就醫。,根治|治療疾病|消炎治本|打通經絡|一擦就好|保證有效|深層修復|替代藥物
Douyin_LINE296,LINE296,抖音,2026-10-29,20:00,樟腦外用時的注意界線,A,中,pending_legal_pharmacist_review,false,樟腦外用时的注意界線,"0-3秒 Hook：樟腦外用时的注意界線，你也遇過嗎？
3-12秒 情境：拍攝已購買或正在觀望的一條根使用者的日常動作，字幕点出「樟腦外用时的注意界線」。
12-25秒 知識：外用油膏应放在保守邊界：依标示外用，提供局部按摩与暂时舒缓体感。
25-36秒 安全：僅供外用；避免眼周、黏膜、破皮或傷口。
36-45秒 CTA：使用前看标示，收藏这支，下次別用錯。",樟腦外用时的注意界線的重点是依标示使用，不誇大、不神化。本产品为外用油膏，请依核准标示使用；若症狀持續或惡化，请咨询医师或药师。,#金牌一條根 #外用油膏 #成分透明 #依標示使用,"0-3秒 Hook：樟腦外用时的注意界線，你也遇過嗎？
3-12秒 情境：拍攝已購買或正在觀望的一條根使用者的日常動作，字幕点出「樟腦外用时的注意界線」。
12-25秒 知識：外用油膏应放在保守邊界：依标示外用，提供局部按摩与暂时舒缓体感。
25-36秒 安全：僅供外用；避免眼周、黏膜、破皮或傷口。
36-45秒 CTA：使用前看标示，收藏这支，下次別用錯。",本產品為外用油膏，請依核准標示使用；若症狀持續或惡化，請諮詢醫師或藥師。,僅供外用；避免眼周、黏膜、破皮或傷口。,根治|治療疾病|消炎治本|打通經絡|一擦就好|保證有效|深層修復|替代藥物
Douyin_LINE297,LINE297,抖音,2026-10-30,12:00,輕微關節痠痛與疾病治療要分開,D,中,pending_legal_pharmacist_review,false,轻微关节酸痛与疾病治疗要分開,"0-3秒 Hook：轻微关节酸痛与疾病治疗要分開，你也遇過嗎？
3-12秒 情境：拍攝40-70 歲注重日常活動舒适度的族群的日常動作，字幕点出「轻微关节酸痛与疾病治疗要分開」。
12-25秒 知識：外用油膏应放在保守邊界：轻微关节酸痛可短期舒缓，但不可宣稱治疗疾病。
25-36秒 安全：关节腫痛、紅熱、长期疼痛或行走困難，请就医評估。
36-45秒 CTA：使用前看标示，收藏这支，下次別用錯。",轻微关节酸痛与疾病治疗要分開的重点是依标示使用，不誇大、不神化。本产品为外用油膏，请依核准标示使用；若症狀持續或惡化，请咨询医师或药师。,#銀髮保養 #活動舒適 #輕微痠痛 #依標示使用,"0-3秒 Hook：轻微关节酸痛与疾病治疗要分開，你也遇過嗎？
3-12秒 情境：拍攝40-70 歲注重日常活動舒适度的族群的日常動作，字幕点出「轻微关节酸痛与疾病治疗要分開」。
12-25秒 知識：外用油膏应放在保守邊界：轻微关节酸痛可短期舒缓，但不可宣稱治疗疾病。
25-36秒 安全：关节腫痛、紅熱、长期疼痛或行走困難，请就医評估。
36-45秒 CTA：使用前看标示，收藏这支，下次別用錯。",本產品為外用油膏，請依核准標示使用；若症狀持續或惡化，請諮詢醫師或藥師。,關節腫痛、紅熱、長期疼痛或行走困難，請就醫評估。,根治|治療疾病|消炎治本|打通經絡|一擦就好|保證有效|深層修復|替代藥物
Douyin_LINE298,LINE298,抖音,2026-10-30,20:00,不要搭配熱敷墊或電毯,E,高,pending_legal_pharmacist_review,false,不要搭配熱敷墊或電毯,"0-3秒 Hook：不要搭配熱敷墊或電毯，你也遇過嗎？
3-12秒 情境：拍攝所有使用者、照護者与家庭購買者的日常動作，字幕点出「不要搭配熱敷墊或電毯」。
12-25秒 知識：外用油膏应放在保守邊界：安全使用比用得多更重要，依标示与風險族群提醒。
25-36秒 安全：2 歲以下、孕哺、過敏体質、抗凝血药使用者请先询問專業人員。
36-45秒 CTA：使用前看标示，收藏这支，下次別用錯。",不要搭配熱敷墊或電毯的重点是依标示使用，不誇大、不神化。僅供外用。避免接触眼睛、黏膜、破皮或傷口；特殊族群使用前请先咨询專業人員。,#外用安全 #用藥安全 #使用前看標示 #諮詢醫師藥師,"0-3秒 Hook：不要搭配熱敷墊或電毯，你也遇過嗎？
3-12秒 情境：拍攝所有使用者、照護者与家庭購買者的日常動作，字幕点出「不要搭配熱敷墊或電毯」。
12-25秒 知識：外用油膏应放在保守邊界：安全使用比用得多更重要，依标示与風險族群提醒。
25-36秒 安全：2 歲以下、孕哺、過敏体質、抗凝血药使用者请先询問專業人員。
36-45秒 CTA：使用前看标示，收藏这支，下次別用錯。",僅供外用。避免接觸眼睛、黏膜、破皮或傷口；特殊族群使用前請先諮詢專業人員。,2 歲以下、孕哺、過敏體質、抗凝血藥使用者請先詢問專業人員。,根治|治療疾病|消炎治本|打通經絡|一擦就好|保證有效|深層修復|替代藥物
Douyin_LINE299,LINE299,抖音,2026-10-31,12:00,小暑前後活動舒適提醒,F,低,pending_legal_pharmacist_review,false,小暑前后活動舒适提醒,"0-3秒 Hook：小暑前后活動舒适提醒，你也遇過嗎？
3-12秒 情境：拍攝喜歡養生、节氣与日常保健的 LINE 讀者的日常動作，字幕点出「小暑前后活動舒适提醒」。
12-25秒 知識：外用油膏应放在保守邊界：以生活保健与身体觉察为主，不做医疗疗效宣稱。
25-36秒 安全：节氣養生屬一般生活資讯，身体不适仍应咨询專業人員。
36-45秒 CTA：使用前看标示，收藏这支，下次別用錯。",小暑前后活動舒适提醒的重点是依标示使用，不誇大、不神化。本内容为一般生活保健資讯，非医疗診斷或治疗建議。,#節氣保養 #生活保健 #日常保養 #身體覺察,"0-3秒 Hook：小暑前后活動舒适提醒，你也遇過嗎？
3-12秒 情境：拍攝喜歡養生、节氣与日常保健的 LINE 讀者的日常動作，字幕点出「小暑前后活動舒适提醒」。
12-25秒 知識：外用油膏应放在保守邊界：以生活保健与身体觉察为主，不做医疗疗效宣稱。
25-36秒 安全：节氣養生屬一般生活資讯，身体不适仍应咨询專業人員。
36-45秒 CTA：使用前看标示，收藏这支，下次別用錯。",本內容為一般生活保健資訊，非醫療診斷或治療建議。,節氣養生屬一般生活資訊，身體不適仍應諮詢專業人員。,根治|治療疾病|消炎治本|打通經絡|一擦就好|保證有效|深層修復|替代藥物
Douyin_LINE300,LINE300,抖音,2026-10-31,20:00,爬山後腿部按摩提醒,C,中,pending_legal_pharmacist_review,false,爬山后腿部按摩提醒,"0-3秒 Hook：爬山后腿部按摩提醒，你也遇過嗎？
3-12秒 情境：拍攝運動族、搬重物、久站与勞動工作者的日常動作，字幕点出「爬山后腿部按摩提醒」。
12-25秒 知識：外用油膏应放在保守邊界：運動或勞動后的局部肌肉酸痛，可短期按摩舒缓。
25-36秒 安全：明顯腫脹、劇痛、活動受限或疑似受傷时，请先就医。
36-45秒 CTA：使用前看标示，收藏这支，下次別用錯。",爬山后腿部按摩提醒的重点是依标示使用，不誇大、不神化。本产品为外用油膏，请依核准标示使用；若症狀持續或惡化，请咨询医师或药师。,#運動後保養 #局部按摩 #肌肉痠痛 #依標示使用,"0-3秒 Hook：爬山后腿部按摩提醒，你也遇過嗎？
3-12秒 情境：拍攝運動族、搬重物、久站与勞動工作者的日常動作，字幕点出「爬山后腿部按摩提醒」。
12-25秒 知識：外用油膏应放在保守邊界：運動或勞動后的局部肌肉酸痛，可短期按摩舒缓。
25-36秒 安全：明顯腫脹、劇痛、活動受限或疑似受傷时，请先就医。
36-45秒 CTA：使用前看标示，收藏这支，下次別用錯。",本產品為外用油膏，請依核准標示使用；若症狀持續或惡化，請諮詢醫師或藥師。,明顯腫脹、劇痛、活動受限或疑似受傷時，請先就醫。,根治|治療疾病|消炎治本|打通經絡|一擦就好|保證有效|深層修復|替代藥物
Douyin_LINE301,LINE301,抖音,2026-11-01,12:00,外用膏一次擦多少才剛好,G,低,pending_legal_pharmacist_review,false,外用膏一次擦多少才剛好,"0-3秒 Hook：外用膏一次擦多少才剛好，你也遇過嗎？
3-12秒 情境：拍攝LINE OA 好友、回購客与新客的日常動作，字幕点出「外用膏一次擦多少才剛好」。
12-25秒 知識：外用油膏应放在保守邊界：用問答降低誤用，讓使用者知道何时該询問專業人員。
25-36秒 安全：互動回答不取代医师或药师建議。
36-45秒 CTA：使用前看标示，收藏这支，下次別用錯。",外用膏一次擦多少才剛好的重点是依标示使用，不誇大、不神化。本内容为一般生活保健資讯，非医疗診斷或治疗建議。,#互動問答 #保養知識 #使用小提醒 #金牌一條根,"0-3秒 Hook：外用膏一次擦多少才剛好，你也遇過嗎？
3-12秒 情境：拍攝LINE OA 好友、回購客与新客的日常動作，字幕点出「外用膏一次擦多少才剛好」。
12-25秒 知識：外用油膏应放在保守邊界：用問答降低誤用，讓使用者知道何时該询問專業人員。
25-36秒 安全：互動回答不取代医师或药师建議。
36-45秒 CTA：使用前看标示，收藏这支，下次別用錯。",本內容為一般生活保健資訊，非醫療診斷或治療建議。,互動回答不取代醫師或藥師建議。,根治|治療疾病|消炎治本|打通經絡|一擦就好|保證有效|深層修復|替代藥物
Douyin_LINE302,LINE302,抖音,2026-11-01,20:00,散步後的膝周保養,D,中,pending_legal_pharmacist_review,false,散步后的膝周保養,"0-3秒 Hook：散步后的膝周保養，你也遇過嗎？
3-12秒 情境：拍攝40-70 歲注重日常活動舒适度的族群的日常動作，字幕点出「散步后的膝周保養」。
12-25秒 知識：外用油膏应放在保守邊界：轻微关节酸痛可短期舒缓，但不可宣稱治疗疾病。
25-36秒 安全：关节腫痛、紅熱、长期疼痛或行走困難，请就医評估。
36-45秒 CTA：使用前看标示，收藏这支，下次別用錯。",散步后的膝周保養的重点是依标示使用，不誇大、不神化。本产品为外用油膏，请依核准标示使用；若症狀持續或惡化，请咨询医师或药师。,#銀髮保養 #活動舒適 #輕微痠痛 #依標示使用,"0-3秒 Hook：散步后的膝周保養，你也遇過嗎？
3-12秒 情境：拍攝40-70 歲注重日常活動舒适度的族群的日常動作，字幕点出「散步后的膝周保養」。
12-25秒 知識：外用油膏应放在保守邊界：轻微关节酸痛可短期舒缓，但不可宣稱治疗疾病。
25-36秒 安全：关节腫痛、紅熱、长期疼痛或行走困難，请就医評估。
36-45秒 CTA：使用前看标示，收藏这支，下次別用錯。",本產品為外用油膏，請依核准標示使用；若症狀持續或惡化，請諮詢醫師或藥師。,關節腫痛、紅熱、長期疼痛或行走困難，請就醫評估。,根治|治療疾病|消炎治本|打通經絡|一擦就好|保證有效|深層修復|替代藥物
Douyin_LINE303,LINE303,抖音,2026-11-02,12:00,午休前的肩頸放鬆流程,B,低,pending_legal_pharmacist_review,false,午休前的肩颈放鬆流程,"0-3秒 Hook：午休前的肩颈放鬆流程，你也遇過嗎？
3-12秒 情境：拍攝长时間低頭、久坐、用電腦的上班族的日常動作，字幕点出「午休前的肩颈放鬆流程」。
12-25秒 知識：外用油膏应放在保守邊界：久坐低頭后，可搭配伸展与局部按摩舒缓緊繃不适。
25-36秒 安全：若酸痛持續、麻木或影響活動，请咨询医师或药师。
36-45秒 CTA：使用前看标示，收藏这支，下次別用錯。",午休前的肩颈放鬆流程的重点是依标示使用，不誇大、不神化。本内容为一般生活保健資讯，非医疗診斷或治疗建議。,#肩頸保養 #久坐族 #日常舒緩 #依標示使用,"0-3秒 Hook：午休前的肩颈放鬆流程，你也遇過嗎？
3-12秒 情境：拍攝长时間低頭、久坐、用電腦的上班族的日常動作，字幕点出「午休前的肩颈放鬆流程」。
12-25秒 知識：外用油膏应放在保守邊界：久坐低頭后，可搭配伸展与局部按摩舒缓緊繃不适。
25-36秒 安全：若酸痛持續、麻木或影響活動，请咨询医师或药师。
36-45秒 CTA：使用前看标示，收藏这支，下次別用錯。",本內容為一般生活保健資訊，非醫療診斷或治療建議。,若痠痛持續、麻木或影響活動，請諮詢醫師或藥師。,根治|治療疾病|消炎治本|打通經絡|一擦就好|保證有效|深層修復|替代藥物
Douyin_LINE304,LINE304,抖音,2026-11-02,20:00,油膏劑為什麼適合局部按摩,A,中,pending_legal_pharmacist_review,false,油膏剂为什麼适合局部按摩,"0-3秒 Hook：油膏剂为什麼适合局部按摩，你也遇過嗎？
3-12秒 情境：拍攝已購買或正在觀望的一條根使用者的日常動作，字幕点出「油膏剂为什麼适合局部按摩」。
12-25秒 知識：外用油膏应放在保守邊界：依标示外用，提供局部按摩与暂时舒缓体感。
25-36秒 安全：僅供外用；避免眼周、黏膜、破皮或傷口。
36-45秒 CTA：使用前看标示，收藏这支，下次別用錯。",油膏剂为什麼适合局部按摩的重点是依标示使用，不誇大、不神化。本产品为外用油膏，请依核准标示使用；若症狀持續或惡化，请咨询医师或药师。,#金牌一條根 #外用油膏 #成分透明 #依標示使用,"0-3秒 Hook：油膏剂为什麼适合局部按摩，你也遇過嗎？
3-12秒 情境：拍攝已購買或正在觀望的一條根使用者的日常動作，字幕点出「油膏剂为什麼适合局部按摩」。
12-25秒 知識：外用油膏应放在保守邊界：依标示外用，提供局部按摩与暂时舒缓体感。
25-36秒 安全：僅供外用；避免眼周、黏膜、破皮或傷口。
36-45秒 CTA：使用前看标示，收藏这支，下次別用錯。",本產品為外用油膏，請依核准標示使用；若症狀持續或惡化，請諮詢醫師或藥師。,僅供外用；避免眼周、黏膜、破皮或傷口。,根治|治療疾病|消炎治本|打通經絡|一擦就好|保證有效|深層修復|替代藥物
Douyin_LINE305,LINE305,抖音,2026-11-03,12:00,大暑午後少久站硬撐,F,低,pending_legal_pharmacist_review,false,大暑午后少久站硬撐,"0-3秒 Hook：大暑午后少久站硬撐，你也遇過嗎？
3-12秒 情境：拍攝喜歡養生、节氣与日常保健的 LINE 讀者的日常動作，字幕点出「大暑午后少久站硬撐」。
12-25秒 知識：外用油膏应放在保守邊界：以生活保健与身体觉察为主，不做医疗疗效宣稱。
25-36秒 安全：节氣養生屬一般生活資讯，身体不适仍应咨询專業人員。
36-45秒 CTA：使用前看标示，收藏这支，下次別用錯。",大暑午后少久站硬撐的重点是依标示使用，不誇大、不神化。本内容为一般生活保健資讯，非医疗診斷或治疗建議。,#節氣保養 #生活保健 #日常保養 #身體覺察,"0-3秒 Hook：大暑午后少久站硬撐，你也遇過嗎？
3-12秒 情境：拍攝喜歡養生、节氣与日常保健的 LINE 讀者的日常動作，字幕点出「大暑午后少久站硬撐」。
12-25秒 知識：外用油膏应放在保守邊界：以生活保健与身体觉察为主，不做医疗疗效宣稱。
25-36秒 安全：节氣養生屬一般生活資讯，身体不适仍应咨询專業人員。
36-45秒 CTA：使用前看标示，收藏这支，下次別用錯。",本內容為一般生活保健資訊，非醫療診斷或治療建議。,節氣養生屬一般生活資訊，身體不適仍應諮詢專業人員。,根治|治療疾病|消炎治本|打通經絡|一擦就好|保證有效|深層修復|替代藥物
Douyin_LINE306,LINE306,抖音,2026-11-03,20:00,不要密封包紮或大面積厚敷,E,高,pending_legal_pharmacist_review,false,不要密封包紮或大面積厚敷,"0-3秒 Hook：不要密封包紮或大面積厚敷，你也遇過嗎？
3-12秒 情境：拍攝所有使用者、照護者与家庭購買者的日常動作，字幕点出「不要密封包紮或大面積厚敷」。
12-25秒 知識：外用油膏应放在保守邊界：安全使用比用得多更重要，依标示与風險族群提醒。
25-36秒 安全：2 歲以下、孕哺、過敏体質、抗凝血药使用者请先询問專業人員。
36-45秒 CTA：使用前看标示，收藏这支，下次別用錯。",不要密封包紮或大面積厚敷的重点是依标示使用，不誇大、不神化。僅供外用。避免接触眼睛、黏膜、破皮或傷口；特殊族群使用前请先咨询專業人員。,#外用安全 #用藥安全 #使用前看標示 #諮詢醫師藥師,"0-3秒 Hook：不要密封包紮或大面積厚敷，你也遇過嗎？
3-12秒 情境：拍攝所有使用者、照護者与家庭購買者的日常動作，字幕点出「不要密封包紮或大面積厚敷」。
12-25秒 知識：外用油膏应放在保守邊界：安全使用比用得多更重要，依标示与風險族群提醒。
25-36秒 安全：2 歲以下、孕哺、過敏体質、抗凝血药使用者请先询問專業人員。
36-45秒 CTA：使用前看标示，收藏这支，下次別用錯。",僅供外用。避免接觸眼睛、黏膜、破皮或傷口；特殊族群使用前請先諮詢專業人員。,2 歲以下、孕哺、過敏體質、抗凝血藥使用者請先詢問專業人員。,根治|治療疾病|消炎治本|打通經絡|一擦就好|保證有效|深層修復|替代藥物
Douyin_LINE307,LINE307,抖音,2026-11-04,12:00,藥證可查代表什麼,H,中,pending_legal_pharmacist_review,false,药证可查代表什麼,"0-3秒 Hook：药证可查代表什麼，你也遇過嗎？
3-12秒 情境：拍攝重視药证、成分、品質与合法性的消費者的日常動作，字幕点出「药证可查代表什麼」。
12-25秒 知識：外用油膏应放在保守邊界：強調药证、标示、保守宣稱与人工审核流程。
25-36秒 安全：所有广告文案仍須依主管機关与專業人員审核。
36-45秒 CTA：使用前看标示，收藏这支，下次別用錯。",药证可查代表什麼的重点是依标示使用，不誇大、不神化。本产品为外用油膏，请依核准标示使用；若症狀持續或惡化，请咨询医师或药师。,#藥證可查 #品牌透明 #合法宣傳 #成分透明,"0-3秒 Hook：药证可查代表什麼，你也遇過嗎？
3-12秒 情境：拍攝重視药证、成分、品質与合法性的消費者的日常動作，字幕点出「药证可查代表什麼」。
12-25秒 知識：外用油膏应放在保守邊界：強調药证、标示、保守宣稱与人工审核流程。
25-36秒 安全：所有广告文案仍須依主管機关与專業人員审核。
36-45秒 CTA：使用前看标示，收藏这支，下次別用錯。",本產品為外用油膏，請依核准標示使用；若症狀持續或惡化，請諮詢醫師或藥師。,所有廣告文案仍須依主管機關與專業人員審核。,根治|治療疾病|消炎治本|打通經絡|一擦就好|保證有效|深層修復|替代藥物
Douyin_LINE308,LINE308,抖音,2026-11-04,20:00,涼感越強越有效嗎,G,低,pending_legal_pharmacist_review,false,涼感越強越有效嗎,"0-3秒 Hook：涼感越強越有效嗎，你也遇過嗎？
3-12秒 情境：拍攝LINE OA 好友、回購客与新客的日常動作，字幕点出「涼感越強越有效嗎」。
12-25秒 知識：外用油膏应放在保守邊界：用問答降低誤用，讓使用者知道何时該询問專業人員。
25-36秒 安全：互動回答不取代医师或药师建議。
36-45秒 CTA：使用前看标示，收藏这支，下次別用錯。",涼感越強越有效嗎的重点是依标示使用，不誇大、不神化。本内容为一般生活保健資讯，非医疗診斷或治疗建議。,#互動問答 #保養知識 #使用小提醒 #金牌一條根,"0-3秒 Hook：涼感越強越有效嗎，你也遇過嗎？
3-12秒 情境：拍攝LINE OA 好友、回購客与新客的日常動作，字幕点出「涼感越強越有效嗎」。
12-25秒 知識：外用油膏应放在保守邊界：用問答降低誤用，讓使用者知道何时該询問專業人員。
25-36秒 安全：互動回答不取代医师或药师建議。
36-45秒 CTA：使用前看标示，收藏这支，下次別用錯。",本內容為一般生活保健資訊，非醫療診斷或治療建議。,互動回答不取代醫師或藥師建議。,根治|治療疾病|消炎治本|打通經絡|一擦就好|保證有效|深層修復|替代藥物
Douyin_LINE309,LINE309,抖音,2026-11-05,12:00,重訓後肩背局部舒緩,C,中,pending_legal_pharmacist_review,false,重訓后肩背局部舒缓,"0-3秒 Hook：重訓后肩背局部舒缓，你也遇過嗎？
3-12秒 情境：拍攝運動族、搬重物、久站与勞動工作者的日常動作，字幕点出「重訓后肩背局部舒缓」。
12-25秒 知識：外用油膏应放在保守邊界：運動或勞動后的局部肌肉酸痛，可短期按摩舒缓。
25-36秒 安全：明顯腫脹、劇痛、活動受限或疑似受傷时，请先就医。
36-45秒 CTA：使用前看标示，收藏这支，下次別用錯。",重訓后肩背局部舒缓的重点是依标示使用，不誇大、不神化。本产品为外用油膏，请依核准标示使用；若症狀持續或惡化，请咨询医师或药师。,#運動後保養 #局部按摩 #肌肉痠痛 #依標示使用,"0-3秒 Hook：重訓后肩背局部舒缓，你也遇過嗎？
3-12秒 情境：拍攝運動族、搬重物、久站与勞動工作者的日常動作，字幕点出「重訓后肩背局部舒缓」。
12-25秒 知識：外用油膏应放在保守邊界：運動或勞動后的局部肌肉酸痛，可短期按摩舒缓。
25-36秒 安全：明顯腫脹、劇痛、活動受限或疑似受傷时，请先就医。
36-45秒 CTA：使用前看标示，收藏这支，下次別用錯。",本產品為外用油膏，請依核准標示使用；若症狀持續或惡化，請諮詢醫師或藥師。,明顯腫脹、劇痛、活動受限或疑似受傷時，請先就醫。,根治|治療疾病|消炎治本|打通經絡|一擦就好|保證有效|深層修復|替代藥物
Douyin_LINE310,LINE310,抖音,2026-11-05,20:00,乙類成藥與一般保健品差異,A,中,pending_legal_pharmacist_review,false,乙類成药与一般保健品差異,"0-3秒 Hook：乙類成药与一般保健品差異，你也遇過嗎？
3-12秒 情境：拍攝已購買或正在觀望的一條根使用者的日常動作，字幕点出「乙類成药与一般保健品差異」。
12-25秒 知識：外用油膏应放在保守邊界：依标示外用，提供局部按摩与暂时舒缓体感。
25-36秒 安全：僅供外用；避免眼周、黏膜、破皮或傷口。
36-45秒 CTA：使用前看标示，收藏这支，下次別用錯。",乙類成药与一般保健品差異的重点是依标示使用，不誇大、不神化。本产品为外用油膏，请依核准标示使用；若症狀持續或惡化，请咨询医师或药师。,#金牌一條根 #外用油膏 #成分透明 #依標示使用,"0-3秒 Hook：乙類成药与一般保健品差異，你也遇過嗎？
3-12秒 情境：拍攝已購買或正在觀望的一條根使用者的日常動作，字幕点出「乙類成药与一般保健品差異」。
12-25秒 知識：外用油膏应放在保守邊界：依标示外用，提供局部按摩与暂时舒缓体感。
25-36秒 安全：僅供外用；避免眼周、黏膜、破皮或傷口。
36-45秒 CTA：使用前看标示，收藏这支，下次別用錯。",本產品為外用油膏，請依核准標示使用；若症狀持續或惡化，請諮詢醫師或藥師。,僅供外用；避免眼周、黏膜、破皮或傷口。,根治|治療疾病|消炎治本|打通經絡|一擦就好|保證有效|深層修復|替代藥物
Douyin_LINE311,LINE311,抖音,2026-11-06,12:00,天氣變化時的活動舒適感,D,中,pending_legal_pharmacist_review,false,天氣变化时的活動舒适感,"0-3秒 Hook：天氣变化时的活動舒适感，你也遇過嗎？
3-12秒 情境：拍攝40-70 歲注重日常活動舒适度的族群的日常動作，字幕点出「天氣变化时的活動舒适感」。
12-25秒 知識：外用油膏应放在保守邊界：轻微关节酸痛可短期舒缓，但不可宣稱治疗疾病。
25-36秒 安全：关节腫痛、紅熱、长期疼痛或行走困難，请就医評估。
36-45秒 CTA：使用前看标示，收藏这支，下次別用錯。",天氣变化时的活動舒适感的重点是依标示使用，不誇大、不神化。本产品为外用油膏，请依核准标示使用；若症狀持續或惡化，请咨询医师或药师。,#銀髮保養 #活動舒適 #輕微痠痛 #依標示使用,"0-3秒 Hook：天氣变化时的活動舒适感，你也遇過嗎？
3-12秒 情境：拍攝40-70 歲注重日常活動舒适度的族群的日常動作，字幕点出「天氣变化时的活動舒适感」。
12-25秒 知識：外用油膏应放在保守邊界：轻微关节酸痛可短期舒缓，但不可宣稱治疗疾病。
25-36秒 安全：关节腫痛、紅熱、长期疼痛或行走困難，请就医評估。
36-45秒 CTA：使用前看标示，收藏这支，下次別用錯。",本產品為外用油膏，請依核准標示使用；若症狀持續或惡化，請諮詢醫師或藥師。,關節腫痛、紅熱、長期疼痛或行走困難，請就醫評估。,根治|治療疾病|消炎治本|打通經絡|一擦就好|保證有效|深層修復|替代藥物
Douyin_LINE312,LINE312,抖音,2026-11-06,20:00,水楊酸或阿斯匹靈過敏者注意,E,高,pending_legal_pharmacist_review,false,水楊酸或阿斯匹靈過敏者注意,"0-3秒 Hook：水楊酸或阿斯匹靈過敏者注意，你也遇過嗎？
3-12秒 情境：拍攝所有使用者、照護者与家庭購買者的日常動作，字幕点出「水楊酸或阿斯匹靈過敏者注意」。
12-25秒 知識：外用油膏应放在保守邊界：安全使用比用得多更重要，依标示与風險族群提醒。
25-36秒 安全：2 歲以下、孕哺、過敏体質、抗凝血药使用者请先询問專業人員。
36-45秒 CTA：使用前看标示，收藏这支，下次別用錯。",水楊酸或阿斯匹靈過敏者注意的重点是依标示使用，不誇大、不神化。僅供外用。避免接触眼睛、黏膜、破皮或傷口；特殊族群使用前请先咨询專業人員。,#外用安全 #用藥安全 #使用前看標示 #諮詢醫師藥師,"0-3秒 Hook：水楊酸或阿斯匹靈過敏者注意，你也遇過嗎？
3-12秒 情境：拍攝所有使用者、照護者与家庭購買者的日常動作，字幕点出「水楊酸或阿斯匹靈過敏者注意」。
12-25秒 知識：外用油膏应放在保守邊界：安全使用比用得多更重要，依标示与風險族群提醒。
25-36秒 安全：2 歲以下、孕哺、過敏体質、抗凝血药使用者请先询問專業人員。
36-45秒 CTA：使用前看标示，收藏这支，下次別用錯。",僅供外用。避免接觸眼睛、黏膜、破皮或傷口；特殊族群使用前請先諮詢專業人員。,2 歲以下、孕哺、過敏體質、抗凝血藥使用者請先詢問專業人員。,根治|治療疾病|消炎治本|打通經絡|一擦就好|保證有效|深層修復|替代藥物
Douyin_LINE313,LINE313,抖音,2026-11-07,12:00,立秋後早晚溫差保養,F,低,pending_legal_pharmacist_review,false,立秋后早晚溫差保養,"0-3秒 Hook：立秋后早晚溫差保養，你也遇過嗎？
3-12秒 情境：拍攝喜歡養生、节氣与日常保健的 LINE 讀者的日常動作，字幕点出「立秋后早晚溫差保養」。
12-25秒 知識：外用油膏应放在保守邊界：以生活保健与身体觉察为主，不做医疗疗效宣稱。
25-36秒 安全：节氣養生屬一般生活資讯，身体不适仍应咨询專業人員。
36-45秒 CTA：使用前看标示，收藏这支，下次別用錯。",立秋后早晚溫差保養的重点是依标示使用，不誇大、不神化。本内容为一般生活保健資讯，非医疗診斷或治疗建議。,#節氣保養 #生活保健 #日常保養 #身體覺察,"0-3秒 Hook：立秋后早晚溫差保養，你也遇過嗎？
3-12秒 情境：拍攝喜歡養生、节氣与日常保健的 LINE 讀者的日常動作，字幕点出「立秋后早晚溫差保養」。
12-25秒 知識：外用油膏应放在保守邊界：以生活保健与身体觉察为主，不做医疗疗效宣稱。
25-36秒 安全：节氣養生屬一般生活資讯，身体不适仍应咨询專業人員。
36-45秒 CTA：使用前看标示，收藏这支，下次別用錯。",本內容為一般生活保健資訊，非醫療診斷或治療建議。,節氣養生屬一般生活資訊，身體不適仍應諮詢專業人員。,根治|治療疾病|消炎治本|打通經絡|一擦就好|保證有效|深層修復|替代藥物
Douyin_LINE314,LINE314,抖音,2026-11-07,20:00,家事後手臂不適保養,C,中,pending_legal_pharmacist_review,false,家事后手臂不适保養,"0-3秒 Hook：家事后手臂不适保養，你也遇過嗎？
3-12秒 情境：拍攝運動族、搬重物、久站与勞動工作者的日常動作，字幕点出「家事后手臂不适保養」。
12-25秒 知識：外用油膏应放在保守邊界：運動或勞動后的局部肌肉酸痛，可短期按摩舒缓。
25-36秒 安全：明顯腫脹、劇痛、活動受限或疑似受傷时，请先就医。
36-45秒 CTA：使用前看标示，收藏这支，下次別用錯。",家事后手臂不适保養的重点是依标示使用，不誇大、不神化。本产品为外用油膏，请依核准标示使用；若症狀持續或惡化，请咨询医师或药师。,#運動後保養 #局部按摩 #肌肉痠痛 #依標示使用,"0-3秒 Hook：家事后手臂不适保養，你也遇過嗎？
3-12秒 情境：拍攝運動族、搬重物、久站与勞動工作者的日常動作，字幕点出「家事后手臂不适保養」。
12-25秒 知識：外用油膏应放在保守邊界：運動或勞動后的局部肌肉酸痛，可短期按摩舒缓。
25-36秒 安全：明顯腫脹、劇痛、活動受限或疑似受傷时，请先就医。
36-45秒 CTA：使用前看标示，收藏这支，下次別用錯。",本產品為外用油膏，請依核准標示使用；若症狀持續或惡化，請諮詢醫師或藥師。,明顯腫脹、劇痛、活動受限或疑似受傷時，請先就醫。,根治|治療疾病|消炎治本|打通經絡|一擦就好|保證有效|深層修復|替代藥物
Douyin_LINE315,LINE315,抖音,2026-11-08,12:00,你有看過外用產品標示嗎,G,低,pending_legal_pharmacist_review,false,你有看過外用产品标示嗎,"0-3秒 Hook：你有看過外用产品标示嗎，你也遇過嗎？
3-12秒 情境：拍攝LINE OA 好友、回購客与新客的日常動作，字幕点出「你有看過外用产品标示嗎」。
12-25秒 知識：外用油膏应放在保守邊界：用問答降低誤用，讓使用者知道何时該询問專業人員。
25-36秒 安全：互動回答不取代医师或药师建議。
36-45秒 CTA：使用前看标示，收藏这支，下次別用錯。",你有看過外用产品标示嗎的重点是依标示使用，不誇大、不神化。本内容为一般生活保健資讯，非医疗診斷或治疗建議。,#互動問答 #保養知識 #使用小提醒 #金牌一條根,"0-3秒 Hook：你有看過外用产品标示嗎，你也遇過嗎？
3-12秒 情境：拍攝LINE OA 好友、回購客与新客的日常動作，字幕点出「你有看過外用产品标示嗎」。
12-25秒 知識：外用油膏应放在保守邊界：用問答降低誤用，讓使用者知道何时該询問專業人員。
25-36秒 安全：互動回答不取代医师或药师建議。
36-45秒 CTA：使用前看标示，收藏这支，下次別用錯。",本內容為一般生活保健資訊，非醫療診斷或治療建議。,互動回答不取代醫師或藥師建議。,根治|治療疾病|消炎治本|打通經絡|一擦就好|保證有效|深層修復|替代藥物
Douyin_LINE316,LINE316,抖音,2026-11-08,20:00,長輩按摩力道不要過重,D,中,pending_legal_pharmacist_review,false,长輩按摩力道不要過重,"0-3秒 Hook：长輩按摩力道不要過重，你也遇過嗎？
3-12秒 情境：拍攝40-70 歲注重日常活動舒适度的族群的日常動作，字幕点出「长輩按摩力道不要過重」。
12-25秒 知識：外用油膏应放在保守邊界：轻微关节酸痛可短期舒缓，但不可宣稱治疗疾病。
25-36秒 安全：关节腫痛、紅熱、长期疼痛或行走困難，请就医評估。
36-45秒 CTA：使用前看标示，收藏这支，下次別用錯。",长輩按摩力道不要過重的重点是依标示使用，不誇大、不神化。本产品为外用油膏，请依核准标示使用；若症狀持續或惡化，请咨询医师或药师。,#銀髮保養 #活動舒適 #輕微痠痛 #依標示使用,"0-3秒 Hook：长輩按摩力道不要過重，你也遇過嗎？
3-12秒 情境：拍攝40-70 歲注重日常活動舒适度的族群的日常動作，字幕点出「长輩按摩力道不要過重」。
12-25秒 知識：外用油膏应放在保守邊界：轻微关节酸痛可短期舒缓，但不可宣稱治疗疾病。
25-36秒 安全：关节腫痛、紅熱、长期疼痛或行走困難，请就医評估。
36-45秒 CTA：使用前看标示，收藏这支，下次別用錯。",本產品為外用油膏，請依核准標示使用；若症狀持續或惡化，請諮詢醫師或藥師。,關節腫痛、紅熱、長期疼痛或行走困難，請就醫評估。,根治|治療疾病|消炎治本|打通經絡|一擦就好|保證有效|深層修復|替代藥物
Douyin_LINE317,LINE317,抖音,2026-11-09,12:00,開會久坐後的腰背舒緩,B,低,pending_legal_pharmacist_review,false,開会久坐后的腰背舒缓,"0-3秒 Hook：開会久坐后的腰背舒缓，你也遇過嗎？
3-12秒 情境：拍攝长时間低頭、久坐、用電腦的上班族的日常動作，字幕点出「開会久坐后的腰背舒缓」。
12-25秒 知識：外用油膏应放在保守邊界：久坐低頭后，可搭配伸展与局部按摩舒缓緊繃不适。
25-36秒 安全：若酸痛持續、麻木或影響活動，请咨询医师或药师。
36-45秒 CTA：使用前看标示，收藏这支，下次別用錯。",開会久坐后的腰背舒缓的重点是依标示使用，不誇大、不神化。本内容为一般生活保健資讯，非医疗診斷或治疗建議。,#肩頸保養 #久坐族 #日常舒緩 #依標示使用,"0-3秒 Hook：開会久坐后的腰背舒缓，你也遇過嗎？
3-12秒 情境：拍攝长时間低頭、久坐、用電腦的上班族的日常動作，字幕点出「開会久坐后的腰背舒缓」。
12-25秒 知識：外用油膏应放在保守邊界：久坐低頭后，可搭配伸展与局部按摩舒缓緊繃不适。
25-36秒 安全：若酸痛持續、麻木或影響活動，请咨询医师或药师。
36-45秒 CTA：使用前看标示，收藏这支，下次別用錯。",本內容為一般生活保健資訊，非醫療診斷或治療建議。,若痠痛持續、麻木或影響活動，請諮詢醫師或藥師。,根治|治療疾病|消炎治本|打通經絡|一擦就好|保證有效|深層修復|替代藥物
Douyin_LINE318,LINE318,抖音,2026-11-09,20:00,一條根外用膏的日常定位,A,中,pending_legal_pharmacist_review,false,一條根外用膏的日常定位,"0-3秒 Hook：一條根外用膏的日常定位，你也遇過嗎？
3-12秒 情境：拍攝已購買或正在觀望的一條根使用者的日常動作，字幕点出「一條根外用膏的日常定位」。
12-25秒 知識：外用油膏应放在保守邊界：依标示外用，提供局部按摩与暂时舒缓体感。
25-36秒 安全：僅供外用；避免眼周、黏膜、破皮或傷口。
36-45秒 CTA：使用前看标示，收藏这支，下次別用錯。",一條根外用膏的日常定位的重点是依标示使用，不誇大、不神化。本产品为外用油膏，请依核准标示使用；若症狀持續或惡化，请咨询医师或药师。,#金牌一條根 #外用油膏 #成分透明 #依標示使用,"0-3秒 Hook：一條根外用膏的日常定位，你也遇過嗎？
3-12秒 情境：拍攝已購買或正在觀望的一條根使用者的日常動作，字幕点出「一條根外用膏的日常定位」。
12-25秒 知識：外用油膏应放在保守邊界：依标示外用，提供局部按摩与暂时舒缓体感。
25-36秒 安全：僅供外用；避免眼周、黏膜、破皮或傷口。
36-45秒 CTA：使用前看标示，收藏这支，下次別用錯。",本產品為外用油膏，請依核准標示使用；若症狀持續或惡化，請諮詢醫師或藥師。,僅供外用；避免眼周、黏膜、破皮或傷口。,根治|治療疾病|消炎治本|打通經絡|一擦就好|保證有效|深層修復|替代藥物
Douyin_LINE319,LINE319,抖音,2026-11-10,12:00,處暑後運動暖身提醒,F,低,pending_legal_pharmacist_review,false,處暑后運動暖身提醒,"0-3秒 Hook：處暑后運動暖身提醒，你也遇過嗎？
3-12秒 情境：拍攝喜歡養生、节氣与日常保健的 LINE 讀者的日常動作，字幕点出「處暑后運動暖身提醒」。
12-25秒 知識：外用油膏应放在保守邊界：以生活保健与身体觉察为主，不做医疗疗效宣稱。
25-36秒 安全：节氣養生屬一般生活資讯，身体不适仍应咨询專業人員。
36-45秒 CTA：使用前看标示，收藏这支，下次別用錯。",處暑后運動暖身提醒的重点是依标示使用，不誇大、不神化。本内容为一般生活保健資讯，非医疗診斷或治疗建議。,#節氣保養 #生活保健 #日常保養 #身體覺察,"0-3秒 Hook：處暑后運動暖身提醒，你也遇過嗎？
3-12秒 情境：拍攝喜歡養生、节氣与日常保健的 LINE 讀者的日常動作，字幕点出「處暑后運動暖身提醒」。
12-25秒 知識：外用油膏应放在保守邊界：以生活保健与身体觉察为主，不做医疗疗效宣稱。
25-36秒 安全：节氣養生屬一般生活資讯，身体不适仍应咨询專業人員。
36-45秒 CTA：使用前看标示，收藏这支，下次別用錯。",本內容為一般生活保健資訊，非醫療診斷或治療建議。,節氣養生屬一般生活資訊，身體不適仍應諮詢專業人員。,根治|治療疾病|消炎治本|打通經絡|一擦就好|保證有效|深層修復|替代藥物
Douyin_LINE320,LINE320,抖音,2026-11-10,20:00,兒童使用前的安全提醒,E,高,pending_legal_pharmacist_review,false,兒童使用前的安全提醒,"0-3秒 Hook：兒童使用前的安全提醒，你也遇過嗎？
3-12秒 情境：拍攝所有使用者、照護者与家庭購買者的日常動作，字幕点出「兒童使用前的安全提醒」。
12-25秒 知識：外用油膏应放在保守邊界：安全使用比用得多更重要，依标示与風險族群提醒。
25-36秒 安全：2 歲以下、孕哺、過敏体質、抗凝血药使用者请先询問專業人員。
36-45秒 CTA：使用前看标示，收藏这支，下次別用錯。",兒童使用前的安全提醒的重点是依标示使用，不誇大、不神化。僅供外用。避免接触眼睛、黏膜、破皮或傷口；特殊族群使用前请先咨询專業人員。,#外用安全 #用藥安全 #使用前看標示 #諮詢醫師藥師,"0-3秒 Hook：兒童使用前的安全提醒，你也遇過嗎？
3-12秒 情境：拍攝所有使用者、照護者与家庭購買者的日常動作，字幕点出「兒童使用前的安全提醒」。
12-25秒 知識：外用油膏应放在保守邊界：安全使用比用得多更重要，依标示与風險族群提醒。
25-36秒 安全：2 歲以下、孕哺、過敏体質、抗凝血药使用者请先询問專業人員。
36-45秒 CTA：使用前看标示，收藏这支，下次別用錯。",僅供外用。避免接觸眼睛、黏膜、破皮或傷口；特殊族群使用前請先諮詢專業人員。,2 歲以下、孕哺、過敏體質、抗凝血藥使用者請先詢問專業人員。,根治|治療疾病|消炎治本|打通經絡|一擦就好|保證有效|深層修復|替代藥物
Douyin_LINE321,LINE321,抖音,2026-11-11,12:00,外用膏廣告為什麼要保守,H,中,pending_legal_pharmacist_review,false,外用膏广告为什麼要保守,"0-3秒 Hook：外用膏广告为什麼要保守，你也遇過嗎？
3-12秒 情境：拍攝重視药证、成分、品質与合法性的消費者的日常動作，字幕点出「外用膏广告为什麼要保守」。
12-25秒 知識：外用油膏应放在保守邊界：強調药证、标示、保守宣稱与人工审核流程。
25-36秒 安全：所有广告文案仍須依主管機关与專業人員审核。
36-45秒 CTA：使用前看标示，收藏这支，下次別用錯。",外用膏广告为什麼要保守的重点是依标示使用，不誇大、不神化。本产品为外用油膏，请依核准标示使用；若症狀持續或惡化，请咨询医师或药师。,#藥證可查 #品牌透明 #合法宣傳 #成分透明,"0-3秒 Hook：外用膏广告为什麼要保守，你也遇過嗎？
3-12秒 情境：拍攝重視药证、成分、品質与合法性的消費者的日常動作，字幕点出「外用膏广告为什麼要保守」。
12-25秒 知識：外用油膏应放在保守邊界：強調药证、标示、保守宣稱与人工审核流程。
25-36秒 安全：所有广告文案仍須依主管機关与專業人員审核。
36-45秒 CTA：使用前看标示，收藏这支，下次別用錯。",本產品為外用油膏，請依核准標示使用；若症狀持續或惡化，請諮詢醫師或藥師。,所有廣告文案仍須依主管機關與專業人員審核。,根治|治療疾病|消炎治本|打通經絡|一擦就好|保證有效|深層修復|替代藥物
Douyin_LINE322,LINE322,抖音,2026-11-11,20:00,久坐族最想舒緩哪裡,G,低,pending_legal_pharmacist_review,false,久坐族最想舒缓哪裡,"0-3秒 Hook：久坐族最想舒缓哪裡，你也遇過嗎？
3-12秒 情境：拍攝LINE OA 好友、回購客与新客的日常動作，字幕点出「久坐族最想舒缓哪裡」。
12-25秒 知識：外用油膏应放在保守邊界：用問答降低誤用，讓使用者知道何时該询問專業人員。
25-36秒 安全：互動回答不取代医师或药师建議。
36-45秒 CTA：使用前看标示，收藏这支，下次別用錯。",久坐族最想舒缓哪裡的重点是依标示使用，不誇大、不神化。本内容为一般生活保健資讯，非医疗診斷或治疗建議。,#互動問答 #保養知識 #使用小提醒 #金牌一條根,"0-3秒 Hook：久坐族最想舒缓哪裡，你也遇過嗎？
3-12秒 情境：拍攝LINE OA 好友、回購客与新客的日常動作，字幕点出「久坐族最想舒缓哪裡」。
12-25秒 知識：外用油膏应放在保守邊界：用問答降低誤用，讓使用者知道何时該询問專業人員。
25-36秒 安全：互動回答不取代医师或药师建議。
36-45秒 CTA：使用前看标示，收藏这支，下次別用錯。",本內容為一般生活保健資訊，非醫療診斷或治療建議。,互動回答不取代醫師或藥師建議。,根治|治療疾病|消炎治本|打通經絡|一擦就好|保證有效|深層修復|替代藥物
Douyin_LINE323,LINE323,抖音,2026-11-12,12:00,跑步後膝周不適的保守提醒,C,中,pending_legal_pharmacist_review,false,跑步后膝周不适的保守提醒,"0-3秒 Hook：跑步后膝周不适的保守提醒，你也遇過嗎？
3-12秒 情境：拍攝運動族、搬重物、久站与勞動工作者的日常動作，字幕点出「跑步后膝周不适的保守提醒」。
12-25秒 知識：外用油膏应放在保守邊界：運動或勞動后的局部肌肉酸痛，可短期按摩舒缓。
25-36秒 安全：明顯腫脹、劇痛、活動受限或疑似受傷时，请先就医。
36-45秒 CTA：使用前看标示，收藏这支，下次別用錯。",跑步后膝周不适的保守提醒的重点是依标示使用，不誇大、不神化。本产品为外用油膏，请依核准标示使用；若症狀持續或惡化，请咨询医师或药师。,#運動後保養 #局部按摩 #肌肉痠痛 #依標示使用,"0-3秒 Hook：跑步后膝周不适的保守提醒，你也遇過嗎？
3-12秒 情境：拍攝運動族、搬重物、久站与勞動工作者的日常動作，字幕点出「跑步后膝周不适的保守提醒」。
12-25秒 知識：外用油膏应放在保守邊界：運動或勞動后的局部肌肉酸痛，可短期按摩舒缓。
25-36秒 安全：明顯腫脹、劇痛、活動受限或疑似受傷时，请先就医。
36-45秒 CTA：使用前看标示，收藏这支，下次別用錯。",本產品為外用油膏，請依核准標示使用；若症狀持續或惡化，請諮詢醫師或藥師。,明顯腫脹、劇痛、活動受限或疑似受傷時，請先就醫。,根治|治療疾病|消炎治本|打通經絡|一擦就好|保證有效|深層修復|替代藥物
Douyin_LINE324,LINE324,抖音,2026-11-12,20:00,成分濃度為什麼要看標示,A,中,pending_legal_pharmacist_review,false,成分濃度为什麼要看标示,"0-3秒 Hook：成分濃度为什麼要看标示，你也遇過嗎？
3-12秒 情境：拍攝已購買或正在觀望的一條根使用者的日常動作，字幕点出「成分濃度为什麼要看标示」。
12-25秒 知識：外用油膏应放在保守邊界：依标示外用，提供局部按摩与暂时舒缓体感。
25-36秒 安全：僅供外用；避免眼周、黏膜、破皮或傷口。
36-45秒 CTA：使用前看标示，收藏这支，下次別用錯。",成分濃度为什麼要看标示的重点是依标示使用，不誇大、不神化。本产品为外用油膏，请依核准标示使用；若症狀持續或惡化，请咨询医师或药师。,#金牌一條根 #外用油膏 #成分透明 #依標示使用,"0-3秒 Hook：成分濃度为什麼要看标示，你也遇過嗎？
3-12秒 情境：拍攝已購買或正在觀望的一條根使用者的日常動作，字幕点出「成分濃度为什麼要看标示」。
12-25秒 知識：外用油膏应放在保守邊界：依标示外用，提供局部按摩与暂时舒缓体感。
25-36秒 安全：僅供外用；避免眼周、黏膜、破皮或傷口。
36-45秒 CTA：使用前看标示，收藏这支，下次別用錯。",本產品為外用油膏，請依核准標示使用；若症狀持續或惡化，請諮詢醫師或藥師。,僅供外用；避免眼周、黏膜、破皮或傷口。,根治|治療疾病|消炎治本|打通經絡|一擦就好|保證有效|深層修復|替代藥物
Douyin_LINE325,LINE325,抖音,2026-11-13,12:00,照顧爸媽時的外用提醒,D,中,pending_legal_pharmacist_review,false,照顧爸媽时的外用提醒,"0-3秒 Hook：照顧爸媽时的外用提醒，你也遇過嗎？
3-12秒 情境：拍攝40-70 歲注重日常活動舒适度的族群的日常動作，字幕点出「照顧爸媽时的外用提醒」。
12-25秒 知識：外用油膏应放在保守邊界：轻微关节酸痛可短期舒缓，但不可宣稱治疗疾病。
25-36秒 安全：关节腫痛、紅熱、长期疼痛或行走困難，请就医評估。
36-45秒 CTA：使用前看标示，收藏这支，下次別用錯。",照顧爸媽时的外用提醒的重点是依标示使用，不誇大、不神化。本产品为外用油膏，请依核准标示使用；若症狀持續或惡化，请咨询医师或药师。,#銀髮保養 #活動舒適 #輕微痠痛 #依標示使用,"0-3秒 Hook：照顧爸媽时的外用提醒，你也遇過嗎？
3-12秒 情境：拍攝40-70 歲注重日常活動舒适度的族群的日常動作，字幕点出「照顧爸媽时的外用提醒」。
12-25秒 知識：外用油膏应放在保守邊界：轻微关节酸痛可短期舒缓，但不可宣稱治疗疾病。
25-36秒 安全：关节腫痛、紅熱、长期疼痛或行走困難，请就医評估。
36-45秒 CTA：使用前看标示，收藏这支，下次別用錯。",本產品為外用油膏，請依核准標示使用；若症狀持續或惡化，請諮詢醫師或藥師。,關節腫痛、紅熱、長期疼痛或行走困難，請就醫評估。,根治|治療疾病|消炎治本|打通經絡|一擦就好|保證有效|深層修復|替代藥物
Douyin_LINE326,LINE326,抖音,2026-11-13,20:00,孕婦與哺乳族群先詢問專業人員,E,高,pending_legal_pharmacist_review,false,孕婦与哺乳族群先询問專業人員,"0-3秒 Hook：孕婦与哺乳族群先询問專業人員，你也遇過嗎？
3-12秒 情境：拍攝所有使用者、照護者与家庭購買者的日常動作，字幕点出「孕婦与哺乳族群先询問專業人員」。
12-25秒 知識：外用油膏应放在保守邊界：安全使用比用得多更重要，依标示与風險族群提醒。
25-36秒 安全：2 歲以下、孕哺、過敏体質、抗凝血药使用者请先询問專業人員。
36-45秒 CTA：使用前看标示，收藏这支，下次別用錯。",孕婦与哺乳族群先询問專業人員的重点是依标示使用，不誇大、不神化。僅供外用。避免接触眼睛、黏膜、破皮或傷口；特殊族群使用前请先咨询專業人員。,#外用安全 #用藥安全 #使用前看標示 #諮詢醫師藥師,"0-3秒 Hook：孕婦与哺乳族群先询問專業人員，你也遇過嗎？
3-12秒 情境：拍攝所有使用者、照護者与家庭購買者的日常動作，字幕点出「孕婦与哺乳族群先询問專業人員」。
12-25秒 知識：外用油膏应放在保守邊界：安全使用比用得多更重要，依标示与風險族群提醒。
25-36秒 安全：2 歲以下、孕哺、過敏体質、抗凝血药使用者请先询問專業人員。
36-45秒 CTA：使用前看标示，收藏这支，下次別用錯。",僅供外用。避免接觸眼睛、黏膜、破皮或傷口；特殊族群使用前請先諮詢專業人員。,2 歲以下、孕哺、過敏體質、抗凝血藥使用者請先詢問專業人員。,根治|治療疾病|消炎治本|打通經絡|一擦就好|保證有效|深層修復|替代藥物
Douyin_LINE327,LINE327,抖音,2026-11-14,12:00,白露時節關心長輩活動,F,低,pending_legal_pharmacist_review,false,白露时节关心长輩活動,"0-3秒 Hook：白露时节关心长輩活動，你也遇過嗎？
3-12秒 情境：拍攝喜歡養生、节氣与日常保健的 LINE 讀者的日常動作，字幕点出「白露时节关心长輩活動」。
12-25秒 知識：外用油膏应放在保守邊界：以生活保健与身体觉察为主，不做医疗疗效宣稱。
25-36秒 安全：节氣養生屬一般生活資讯，身体不适仍应咨询專業人員。
36-45秒 CTA：使用前看标示，收藏这支，下次別用錯。",白露时节关心长輩活動的重点是依标示使用，不誇大、不神化。本内容为一般生活保健資讯，非医疗診斷或治疗建議。,#節氣保養 #生活保健 #日常保養 #身體覺察,"0-3秒 Hook：白露时节关心长輩活動，你也遇過嗎？
3-12秒 情境：拍攝喜歡養生、节氣与日常保健的 LINE 讀者的日常動作，字幕点出「白露时节关心长輩活動」。
12-25秒 知識：外用油膏应放在保守邊界：以生活保健与身体觉察为主，不做医疗疗效宣稱。
25-36秒 安全：节氣養生屬一般生活資讯，身体不适仍应咨询專業人員。
36-45秒 CTA：使用前看标示，收藏这支，下次別用錯。",本內容為一般生活保健資訊，非醫療診斷或治療建議。,節氣養生屬一般生活資訊，身體不適仍應諮詢專業人員。,根治|治療疾病|消炎治本|打通經絡|一擦就好|保證有效|深層修復|替代藥物
Douyin_LINE328,LINE328,抖音,2026-11-14,20:00,勞動後先休息再按摩,C,中,pending_legal_pharmacist_review,false,勞動后先休息再按摩,"0-3秒 Hook：勞動后先休息再按摩，你也遇過嗎？
3-12秒 情境：拍攝運動族、搬重物、久站与勞動工作者的日常動作，字幕点出「勞動后先休息再按摩」。
12-25秒 知識：外用油膏应放在保守邊界：運動或勞動后的局部肌肉酸痛，可短期按摩舒缓。
25-36秒 安全：明顯腫脹、劇痛、活動受限或疑似受傷时，请先就医。
36-45秒 CTA：使用前看标示，收藏这支，下次別用錯。",勞動后先休息再按摩的重点是依标示使用，不誇大、不神化。本产品为外用油膏，请依核准标示使用；若症狀持續或惡化，请咨询医师或药师。,#運動後保養 #局部按摩 #肌肉痠痛 #依標示使用,"0-3秒 Hook：勞動后先休息再按摩，你也遇過嗎？
3-12秒 情境：拍攝運動族、搬重物、久站与勞動工作者的日常動作，字幕点出「勞動后先休息再按摩」。
12-25秒 知識：外用油膏应放在保守邊界：運動或勞動后的局部肌肉酸痛，可短期按摩舒缓。
25-36秒 安全：明顯腫脹、劇痛、活動受限或疑似受傷时，请先就医。
36-45秒 CTA：使用前看标示，收藏这支，下次別用錯。",本產品為外用油膏，請依核准標示使用；若症狀持續或惡化，請諮詢醫師或藥師。,明顯腫脹、劇痛、活動受限或疑似受傷時，請先就醫。,根治|治療疾病|消炎治本|打通經絡|一擦就好|保證有效|深層修復|替代藥物
Douyin_LINE329,LINE329,抖音,2026-11-15,12:00,長輩使用外用膏你會提醒什麼,G,低,pending_legal_pharmacist_review,false,长輩使用外用膏你会提醒什麼,"0-3秒 Hook：长輩使用外用膏你会提醒什麼，你也遇過嗎？
3-12秒 情境：拍攝LINE OA 好友、回購客与新客的日常動作，字幕点出「长輩使用外用膏你会提醒什麼」。
12-25秒 知識：外用油膏应放在保守邊界：用問答降低誤用，讓使用者知道何时該询問專業人員。
25-36秒 安全：互動回答不取代医师或药师建議。
36-45秒 CTA：使用前看标示，收藏这支，下次別用錯。",长輩使用外用膏你会提醒什麼的重点是依标示使用，不誇大、不神化。本内容为一般生活保健資讯，非医疗診斷或治疗建議。,#互動問答 #保養知識 #使用小提醒 #金牌一條根,"0-3秒 Hook：长輩使用外用膏你会提醒什麼，你也遇過嗎？
3-12秒 情境：拍攝LINE OA 好友、回購客与新客的日常動作，字幕点出「长輩使用外用膏你会提醒什麼」。
12-25秒 知識：外用油膏应放在保守邊界：用問答降低誤用，讓使用者知道何时該询問專業人員。
25-36秒 安全：互動回答不取代医师或药师建議。
36-45秒 CTA：使用前看标示，收藏这支，下次別用錯。",本內容為一般生活保健資訊，非醫療診斷或治療建議。,互動回答不取代醫師或藥師建議。,根治|治療疾病|消炎治本|打通經絡|一擦就好|保證有效|深層修復|替代藥物
Douyin_LINE330,LINE330,抖音,2026-11-15,20:00,日常活動舒適度的三個習慣,D,中,pending_legal_pharmacist_review,false,日常活動舒适度的三個習慣,"0-3秒 Hook：日常活動舒适度的三個習慣，你也遇過嗎？
3-12秒 情境：拍攝40-70 歲注重日常活動舒适度的族群的日常動作，字幕点出「日常活動舒适度的三個習慣」。
12-25秒 知識：外用油膏应放在保守邊界：轻微关节酸痛可短期舒缓，但不可宣稱治疗疾病。
25-36秒 安全：关节腫痛、紅熱、长期疼痛或行走困難，请就医評估。
36-45秒 CTA：使用前看标示，收藏这支，下次別用錯。",日常活動舒适度的三個習慣的重点是依标示使用，不誇大、不神化。本产品为外用油膏，请依核准标示使用；若症狀持續或惡化，请咨询医师或药师。,#銀髮保養 #活動舒適 #輕微痠痛 #依標示使用,"0-3秒 Hook：日常活動舒适度的三個習慣，你也遇過嗎？
3-12秒 情境：拍攝40-70 歲注重日常活動舒适度的族群的日常動作，字幕点出「日常活動舒适度的三個習慣」。
12-25秒 知識：外用油膏应放在保守邊界：轻微关节酸痛可短期舒缓，但不可宣稱治疗疾病。
25-36秒 安全：关节腫痛、紅熱、长期疼痛或行走困難，请就医評估。
36-45秒 CTA：使用前看标示，收藏这支，下次別用錯。",本產品為外用油膏，請依核准標示使用；若症狀持續或惡化，請諮詢醫師或藥師。,關節腫痛、紅熱、長期疼痛或行走困難，請就醫評估。,根治|治療疾病|消炎治本|打通經絡|一擦就好|保證有效|深層修復|替代藥物
Douyin_LINE331,LINE331,抖音,2026-11-16,12:00,下班前五分鐘伸展,B,低,pending_legal_pharmacist_review,false,下班前五分鐘伸展,"0-3秒 Hook：下班前五分鐘伸展，你也遇過嗎？
3-12秒 情境：拍攝长时間低頭、久坐、用電腦的上班族的日常動作，字幕点出「下班前五分鐘伸展」。
12-25秒 知識：外用油膏应放在保守邊界：久坐低頭后，可搭配伸展与局部按摩舒缓緊繃不适。
25-36秒 安全：若酸痛持續、麻木或影響活動，请咨询医师或药师。
36-45秒 CTA：使用前看标示，收藏这支，下次別用錯。",下班前五分鐘伸展的重点是依标示使用，不誇大、不神化。本内容为一般生活保健資讯，非医疗診斷或治疗建議。,#肩頸保養 #久坐族 #日常舒緩 #依標示使用,"0-3秒 Hook：下班前五分鐘伸展，你也遇過嗎？
3-12秒 情境：拍攝长时間低頭、久坐、用電腦的上班族的日常動作，字幕点出「下班前五分鐘伸展」。
12-25秒 知識：外用油膏应放在保守邊界：久坐低頭后，可搭配伸展与局部按摩舒缓緊繃不适。
25-36秒 安全：若酸痛持續、麻木或影響活動，请咨询医师或药师。
36-45秒 CTA：使用前看标示，收藏这支，下次別用錯。",本內容為一般生活保健資訊，非醫療診斷或治療建議。,若痠痛持續、麻木或影響活動，請諮詢醫師或藥師。,根治|治療疾病|消炎治本|打通經絡|一擦就好|保證有效|深層修復|替代藥物
Douyin_LINE332,LINE332,抖音,2026-11-16,20:00,局部按摩和大面積厚敷的差別,A,中,pending_legal_pharmacist_review,false,局部按摩和大面積厚敷的差別,"0-3秒 Hook：局部按摩和大面積厚敷的差別，你也遇過嗎？
3-12秒 情境：拍攝已購買或正在觀望的一條根使用者的日常動作，字幕点出「局部按摩和大面積厚敷的差別」。
12-25秒 知識：外用油膏应放在保守邊界：依标示外用，提供局部按摩与暂时舒缓体感。
25-36秒 安全：僅供外用；避免眼周、黏膜、破皮或傷口。
36-45秒 CTA：使用前看标示，收藏这支，下次別用錯。",局部按摩和大面積厚敷的差別的重点是依标示使用，不誇大、不神化。本产品为外用油膏，请依核准标示使用；若症狀持續或惡化，请咨询医师或药师。,#金牌一條根 #外用油膏 #成分透明 #依標示使用,"0-3秒 Hook：局部按摩和大面積厚敷的差別，你也遇過嗎？
3-12秒 情境：拍攝已購買或正在觀望的一條根使用者的日常動作，字幕点出「局部按摩和大面積厚敷的差別」。
12-25秒 知識：外用油膏应放在保守邊界：依标示外用，提供局部按摩与暂时舒缓体感。
25-36秒 安全：僅供外用；避免眼周、黏膜、破皮或傷口。
36-45秒 CTA：使用前看标示，收藏这支，下次別用錯。",本產品為外用油膏，請依核准標示使用；若症狀持續或惡化，請諮詢醫師或藥師。,僅供外用；避免眼周、黏膜、破皮或傷口。,根治|治療疾病|消炎治本|打通經絡|一擦就好|保證有效|深層修復|替代藥物
Douyin_LINE333,LINE333,抖音,2026-11-17,12:00,秋分後外出前暖身,F,低,pending_legal_pharmacist_review,false,秋分后外出前暖身,"0-3秒 Hook：秋分后外出前暖身，你也遇過嗎？
3-12秒 情境：拍攝喜歡養生、节氣与日常保健的 LINE 讀者的日常動作，字幕点出「秋分后外出前暖身」。
12-25秒 知識：外用油膏应放在保守邊界：以生活保健与身体觉察为主，不做医疗疗效宣稱。
25-36秒 安全：节氣養生屬一般生活資讯，身体不适仍应咨询專業人員。
36-45秒 CTA：使用前看标示，收藏这支，下次別用錯。",秋分后外出前暖身的重点是依标示使用，不誇大、不神化。本内容为一般生活保健資讯，非医疗診斷或治疗建議。,#節氣保養 #生活保健 #日常保養 #身體覺察,"0-3秒 Hook：秋分后外出前暖身，你也遇過嗎？
3-12秒 情境：拍攝喜歡養生、节氣与日常保健的 LINE 讀者的日常動作，字幕点出「秋分后外出前暖身」。
12-25秒 知識：外用油膏应放在保守邊界：以生活保健与身体觉察为主，不做医疗疗效宣稱。
25-36秒 安全：节氣養生屬一般生活資讯，身体不适仍应咨询專業人員。
36-45秒 CTA：使用前看标示，收藏这支，下次別用錯。",本內容為一般生活保健資訊，非醫療診斷或治療建議。,節氣養生屬一般生活資訊，身體不適仍應諮詢專業人員。,根治|治療疾病|消炎治本|打通經絡|一擦就好|保證有效|深層修復|替代藥物
Douyin_LINE334,LINE334,抖音,2026-11-17,20:00,症狀超過七天要停用並諮詢,E,高,pending_legal_pharmacist_review,false,症狀超過七天要停用並咨询,"0-3秒 Hook：症狀超過七天要停用並咨询，你也遇過嗎？
3-12秒 情境：拍攝所有使用者、照護者与家庭購買者的日常動作，字幕点出「症狀超過七天要停用並咨询」。
12-25秒 知識：外用油膏应放在保守邊界：安全使用比用得多更重要，依标示与風險族群提醒。
25-36秒 安全：2 歲以下、孕哺、過敏体質、抗凝血药使用者请先询問專業人員。
36-45秒 CTA：使用前看标示，收藏这支，下次別用錯。",症狀超過七天要停用並咨询的重点是依标示使用，不誇大、不神化。僅供外用。避免接触眼睛、黏膜、破皮或傷口；特殊族群使用前请先咨询專業人員。,#外用安全 #用藥安全 #使用前看標示 #諮詢醫師藥師,"0-3秒 Hook：症狀超過七天要停用並咨询，你也遇過嗎？
3-12秒 情境：拍攝所有使用者、照護者与家庭購買者的日常動作，字幕点出「症狀超過七天要停用並咨询」。
12-25秒 知識：外用油膏应放在保守邊界：安全使用比用得多更重要，依标示与風險族群提醒。
25-36秒 安全：2 歲以下、孕哺、過敏体質、抗凝血药使用者请先询問專業人員。
36-45秒 CTA：使用前看标示，收藏这支，下次別用錯。",僅供外用。避免接觸眼睛、黏膜、破皮或傷口；特殊族群使用前請先諮詢專業人員。,2 歲以下、孕哺、過敏體質、抗凝血藥使用者請先詢問專業人員。,根治|治療疾病|消炎治本|打通經絡|一擦就好|保證有效|深層修復|替代藥物
Douyin_LINE335,LINE335,抖音,2026-11-18,12:00,成分透明是基本功,H,中,pending_legal_pharmacist_review,false,成分透明是基本功,"0-3秒 Hook：成分透明是基本功，你也遇過嗎？
3-12秒 情境：拍攝重視药证、成分、品質与合法性的消費者的日常動作，字幕点出「成分透明是基本功」。
12-25秒 知識：外用油膏应放在保守邊界：強調药证、标示、保守宣稱与人工审核流程。
25-36秒 安全：所有广告文案仍須依主管機关与專業人員审核。
36-45秒 CTA：使用前看标示，收藏这支，下次別用錯。",成分透明是基本功的重点是依标示使用，不誇大、不神化。本产品为外用油膏，请依核准标示使用；若症狀持續或惡化，请咨询医师或药师。,#藥證可查 #品牌透明 #合法宣傳 #成分透明,"0-3秒 Hook：成分透明是基本功，你也遇過嗎？
3-12秒 情境：拍攝重視药证、成分、品質与合法性的消費者的日常動作，字幕点出「成分透明是基本功」。
12-25秒 知識：外用油膏应放在保守邊界：強調药证、标示、保守宣稱与人工审核流程。
25-36秒 安全：所有广告文案仍須依主管機关与專業人員审核。
36-45秒 CTA：使用前看标示，收藏这支，下次別用錯。",本產品為外用油膏，請依核准標示使用；若症狀持續或惡化，請諮詢醫師或藥師。,所有廣告文案仍須依主管機關與專業人員審核。,根治|治療疾病|消炎治本|打通經絡|一擦就好|保證有效|深層修復|替代藥物
Douyin_LINE336,LINE336,抖音,2026-11-18,20:00,一條根可以天天厚敷嗎,G,低,pending_legal_pharmacist_review,false,一條根可以天天厚敷嗎,"0-3秒 Hook：一條根可以天天厚敷嗎，你也遇過嗎？
3-12秒 情境：拍攝LINE OA 好友、回購客与新客的日常動作，字幕点出「一條根可以天天厚敷嗎」。
12-25秒 知識：外用油膏应放在保守邊界：用問答降低誤用，讓使用者知道何时該询問專業人員。
25-36秒 安全：互動回答不取代医师或药师建議。
36-45秒 CTA：使用前看标示，收藏这支，下次別用錯。",一條根可以天天厚敷嗎的重点是依标示使用，不誇大、不神化。本内容为一般生活保健資讯，非医疗診斷或治疗建議。,#互動問答 #保養知識 #使用小提醒 #金牌一條根,"0-3秒 Hook：一條根可以天天厚敷嗎，你也遇過嗎？
3-12秒 情境：拍攝LINE OA 好友、回購客与新客的日常動作，字幕点出「一條根可以天天厚敷嗎」。
12-25秒 知識：外用油膏应放在保守邊界：用問答降低誤用，讓使用者知道何时該询問專業人員。
25-36秒 安全：互動回答不取代医师或药师建議。
36-45秒 CTA：使用前看标示，收藏这支，下次別用錯。",本內容為一般生活保健資訊，非醫療診斷或治療建議。,互動回答不取代醫師或藥師建議。,根治|治療疾病|消炎治本|打通經絡|一擦就好|保證有效|深層修復|替代藥物
Douyin_LINE337,LINE337,抖音,2026-11-19,12:00,運動後不要立刻熱敷加藥膏,C,中,pending_legal_pharmacist_review,false,運動后不要立刻熱敷加药膏,"0-3秒 Hook：運動后不要立刻熱敷加药膏，你也遇過嗎？
3-12秒 情境：拍攝運動族、搬重物、久站与勞動工作者的日常動作，字幕点出「運動后不要立刻熱敷加药膏」。
12-25秒 知識：外用油膏应放在保守邊界：運動或勞動后的局部肌肉酸痛，可短期按摩舒缓。
25-36秒 安全：明顯腫脹、劇痛、活動受限或疑似受傷时，请先就医。
36-45秒 CTA：使用前看标示，收藏这支，下次別用錯。",運動后不要立刻熱敷加药膏的重点是依标示使用，不誇大、不神化。本产品为外用油膏，请依核准标示使用；若症狀持續或惡化，请咨询医师或药师。,#運動後保養 #局部按摩 #肌肉痠痛 #依標示使用,"0-3秒 Hook：運動后不要立刻熱敷加药膏，你也遇過嗎？
3-12秒 情境：拍攝運動族、搬重物、久站与勞動工作者的日常動作，字幕点出「運動后不要立刻熱敷加药膏」。
12-25秒 知識：外用油膏应放在保守邊界：運動或勞動后的局部肌肉酸痛，可短期按摩舒缓。
25-36秒 安全：明顯腫脹、劇痛、活動受限或疑似受傷时，请先就医。
36-45秒 CTA：使用前看标示，收藏这支，下次別用錯。",本產品為外用油膏，請依核准標示使用；若症狀持續或惡化，請諮詢醫師或藥師。,明顯腫脹、劇痛、活動受限或疑似受傷時，請先就醫。,根治|治療疾病|消炎治本|打通經絡|一擦就好|保證有效|深層修復|替代藥物
Douyin_LINE338,LINE338,抖音,2026-11-19,20:00,使用前先小範圍測試,A,中,pending_legal_pharmacist_review,false,使用前先小範圍測試,"0-3秒 Hook：使用前先小範圍測試，你也遇過嗎？
3-12秒 情境：拍攝已購買或正在觀望的一條根使用者的日常動作，字幕点出「使用前先小範圍測試」。
12-25秒 知識：外用油膏应放在保守邊界：依标示外用，提供局部按摩与暂时舒缓体感。
25-36秒 安全：僅供外用；避免眼周、黏膜、破皮或傷口。
36-45秒 CTA：使用前看标示，收藏这支，下次別用錯。",使用前先小範圍測試的重点是依标示使用，不誇大、不神化。本产品为外用油膏，请依核准标示使用；若症狀持續或惡化，请咨询医师或药师。,#金牌一條根 #外用油膏 #成分透明 #依標示使用,"0-3秒 Hook：使用前先小範圍測試，你也遇過嗎？
3-12秒 情境：拍攝已購買或正在觀望的一條根使用者的日常動作，字幕点出「使用前先小範圍測試」。
12-25秒 知識：外用油膏应放在保守邊界：依标示外用，提供局部按摩与暂时舒缓体感。
25-36秒 安全：僅供外用；避免眼周、黏膜、破皮或傷口。
36-45秒 CTA：使用前看标示，收藏这支，下次別用錯。",本產品為外用油膏，請依核准標示使用；若症狀持續或惡化，請諮詢醫師或藥師。,僅供外用；避免眼周、黏膜、破皮或傷口。,根治|治療疾病|消炎治本|打通經絡|一擦就好|保證有效|深層修復|替代藥物
Douyin_LINE339,LINE339,抖音,2026-11-20,12:00,長輩使用前先看標示,D,中,pending_legal_pharmacist_review,false,长輩使用前先看标示,"0-3秒 Hook：长輩使用前先看标示，你也遇過嗎？
3-12秒 情境：拍攝40-70 歲注重日常活動舒适度的族群的日常動作，字幕点出「长輩使用前先看标示」。
12-25秒 知識：外用油膏应放在保守邊界：轻微关节酸痛可短期舒缓，但不可宣稱治疗疾病。
25-36秒 安全：关节腫痛、紅熱、长期疼痛或行走困難，请就医評估。
36-45秒 CTA：使用前看标示，收藏这支，下次別用錯。",长輩使用前先看标示的重点是依标示使用，不誇大、不神化。本产品为外用油膏，请依核准标示使用；若症狀持續或惡化，请咨询医师或药师。,#銀髮保養 #活動舒適 #輕微痠痛 #依標示使用,"0-3秒 Hook：长輩使用前先看标示，你也遇過嗎？
3-12秒 情境：拍攝40-70 歲注重日常活動舒适度的族群的日常動作，字幕点出「长輩使用前先看标示」。
12-25秒 知識：外用油膏应放在保守邊界：轻微关节酸痛可短期舒缓，但不可宣稱治疗疾病。
25-36秒 安全：关节腫痛、紅熱、长期疼痛或行走困難，请就医評估。
36-45秒 CTA：使用前看标示，收藏这支，下次別用錯。",本產品為外用油膏，請依核准標示使用；若症狀持續或惡化，請諮詢醫師或藥師。,關節腫痛、紅熱、長期疼痛或行走困難，請就醫評估。,根治|治療疾病|消炎治本|打通經絡|一擦就好|保證有效|深層修復|替代藥物
Douyin_LINE340,LINE340,抖音,2026-11-20,20:00,皮膚刺激時要停止使用,E,高,pending_legal_pharmacist_review,false,皮膚刺激时要停止使用,"0-3秒 Hook：皮膚刺激时要停止使用，你也遇過嗎？
3-12秒 情境：拍攝所有使用者、照護者与家庭購買者的日常動作，字幕点出「皮膚刺激时要停止使用」。
12-25秒 知識：外用油膏应放在保守邊界：安全使用比用得多更重要，依标示与風險族群提醒。
25-36秒 安全：2 歲以下、孕哺、過敏体質、抗凝血药使用者请先询問專業人員。
36-45秒 CTA：使用前看标示，收藏这支，下次別用錯。",皮膚刺激时要停止使用的重点是依标示使用，不誇大、不神化。僅供外用。避免接触眼睛、黏膜、破皮或傷口；特殊族群使用前请先咨询專業人員。,#外用安全 #用藥安全 #使用前看標示 #諮詢醫師藥師,"0-3秒 Hook：皮膚刺激时要停止使用，你也遇過嗎？
3-12秒 情境：拍攝所有使用者、照護者与家庭購買者的日常動作，字幕点出「皮膚刺激时要停止使用」。
12-25秒 知識：外用油膏应放在保守邊界：安全使用比用得多更重要，依标示与風險族群提醒。
25-36秒 安全：2 歲以下、孕哺、過敏体質、抗凝血药使用者请先询問專業人員。
36-45秒 CTA：使用前看标示，收藏这支，下次別用錯。",僅供外用。避免接觸眼睛、黏膜、破皮或傷口；特殊族群使用前請先諮詢專業人員。,2 歲以下、孕哺、過敏體質、抗凝血藥使用者請先詢問專業人員。,根治|治療疾病|消炎治本|打通經絡|一擦就好|保證有效|深層修復|替代藥物
Douyin_LINE341,LINE341,抖音,2026-11-21,12:00,寒露後肩背保養,F,低,pending_legal_pharmacist_review,false,寒露后肩背保養,"0-3秒 Hook：寒露后肩背保養，你也遇過嗎？
3-12秒 情境：拍攝喜歡養生、节氣与日常保健的 LINE 讀者的日常動作，字幕点出「寒露后肩背保養」。
12-25秒 知識：外用油膏应放在保守邊界：以生活保健与身体觉察为主，不做医疗疗效宣稱。
25-36秒 安全：节氣養生屬一般生活資讯，身体不适仍应咨询專業人員。
36-45秒 CTA：使用前看标示，收藏这支，下次別用錯。",寒露后肩背保養的重点是依标示使用，不誇大、不神化。本内容为一般生活保健資讯，非医疗診斷或治疗建議。,#節氣保養 #生活保健 #日常保養 #身體覺察,"0-3秒 Hook：寒露后肩背保養，你也遇過嗎？
3-12秒 情境：拍攝喜歡養生、节氣与日常保健的 LINE 讀者的日常動作，字幕点出「寒露后肩背保養」。
12-25秒 知識：外用油膏应放在保守邊界：以生活保健与身体觉察为主，不做医疗疗效宣稱。
25-36秒 安全：节氣養生屬一般生活資讯，身体不适仍应咨询專業人員。
36-45秒 CTA：使用前看标示，收藏这支，下次別用錯。",本內容為一般生活保健資訊，非醫療診斷或治療建議。,節氣養生屬一般生活資訊，身體不適仍應諮詢專業人員。,根治|治療疾病|消炎治本|打通經絡|一擦就好|保證有效|深層修復|替代藥物
Douyin_LINE342,LINE342,抖音,2026-11-21,20:00,輕微拉扯後的觀察重點,C,中,pending_legal_pharmacist_review,false,轻微拉扯后的觀察重点,"0-3秒 Hook：轻微拉扯后的觀察重点，你也遇過嗎？
3-12秒 情境：拍攝運動族、搬重物、久站与勞動工作者的日常動作，字幕点出「轻微拉扯后的觀察重点」。
12-25秒 知識：外用油膏应放在保守邊界：運動或勞動后的局部肌肉酸痛，可短期按摩舒缓。
25-36秒 安全：明顯腫脹、劇痛、活動受限或疑似受傷时，请先就医。
36-45秒 CTA：使用前看标示，收藏这支，下次別用錯。",轻微拉扯后的觀察重点的重点是依标示使用，不誇大、不神化。本产品为外用油膏，请依核准标示使用；若症狀持續或惡化，请咨询医师或药师。,#運動後保養 #局部按摩 #肌肉痠痛 #依標示使用,"0-3秒 Hook：轻微拉扯后的觀察重点，你也遇過嗎？
3-12秒 情境：拍攝運動族、搬重物、久站与勞動工作者的日常動作，字幕点出「轻微拉扯后的觀察重点」。
12-25秒 知識：外用油膏应放在保守邊界：運動或勞動后的局部肌肉酸痛，可短期按摩舒缓。
25-36秒 安全：明顯腫脹、劇痛、活動受限或疑似受傷时，请先就医。
36-45秒 CTA：使用前看标示，收藏这支，下次別用錯。",本產品為外用油膏，請依核准標示使用；若症狀持續或惡化，請諮詢醫師或藥師。,明顯腫脹、劇痛、活動受限或疑似受傷時，請先就醫。,根治|治療疾病|消炎治本|打通經絡|一擦就好|保證有效|深層修復|替代藥物
Douyin_LINE343,LINE343,抖音,2026-11-22,12:00,擦完可以馬上熱敷嗎,G,低,pending_legal_pharmacist_review,false,擦完可以馬上熱敷嗎,"0-3秒 Hook：擦完可以馬上熱敷嗎，你也遇過嗎？
3-12秒 情境：拍攝LINE OA 好友、回購客与新客的日常動作，字幕点出「擦完可以馬上熱敷嗎」。
12-25秒 知識：外用油膏应放在保守邊界：用問答降低誤用，讓使用者知道何时該询問專業人員。
25-36秒 安全：互動回答不取代医师或药师建議。
36-45秒 CTA：使用前看标示，收藏这支，下次別用錯。",擦完可以馬上熱敷嗎的重点是依标示使用，不誇大、不神化。本内容为一般生活保健資讯，非医疗診斷或治疗建議。,#互動問答 #保養知識 #使用小提醒 #金牌一條根,"0-3秒 Hook：擦完可以馬上熱敷嗎，你也遇過嗎？
3-12秒 情境：拍攝LINE OA 好友、回購客与新客的日常動作，字幕点出「擦完可以馬上熱敷嗎」。
12-25秒 知識：外用油膏应放在保守邊界：用問答降低誤用，讓使用者知道何时該询問專業人員。
25-36秒 安全：互動回答不取代医师或药师建議。
36-45秒 CTA：使用前看标示，收藏这支，下次別用錯。",本內容為一般生活保健資訊，非醫療診斷或治療建議。,互動回答不取代醫師或藥師建議。,根治|治療疾病|消炎治本|打通經絡|一擦就好|保證有效|深層修復|替代藥物
Douyin_LINE344,LINE344,抖音,2026-11-22,20:00,別把長期疼痛只當小問題,D,中,pending_legal_pharmacist_review,false,別把长期疼痛只當小問題,"0-3秒 Hook：別把长期疼痛只當小問題，你也遇過嗎？
3-12秒 情境：拍攝40-70 歲注重日常活動舒适度的族群的日常動作，字幕点出「別把长期疼痛只當小問題」。
12-25秒 知識：外用油膏应放在保守邊界：轻微关节酸痛可短期舒缓，但不可宣稱治疗疾病。
25-36秒 安全：关节腫痛、紅熱、长期疼痛或行走困難，请就医評估。
36-45秒 CTA：使用前看标示，收藏这支，下次別用錯。",別把长期疼痛只當小問題的重点是依标示使用，不誇大、不神化。本产品为外用油膏，请依核准标示使用；若症狀持續或惡化，请咨询医师或药师。,#銀髮保養 #活動舒適 #輕微痠痛 #依標示使用,"0-3秒 Hook：別把长期疼痛只當小問題，你也遇過嗎？
3-12秒 情境：拍攝40-70 歲注重日常活動舒适度的族群的日常動作，字幕点出「別把长期疼痛只當小問題」。
12-25秒 知識：外用油膏应放在保守邊界：轻微关节酸痛可短期舒缓，但不可宣稱治疗疾病。
25-36秒 安全：关节腫痛、紅熱、长期疼痛或行走困難，请就医評估。
36-45秒 CTA：使用前看标示，收藏这支，下次別用錯。",本產品為外用油膏，請依核准標示使用；若症狀持續或惡化，請諮詢醫師或藥師。,關節腫痛、紅熱、長期疼痛或行走困難，請就醫評估。,根治|治療疾病|消炎治本|打通經絡|一擦就好|保證有效|深層修復|替代藥物
Douyin_LINE345,LINE345,抖音,2026-11-23,12:00,滑手機後頸部保養,B,低,pending_legal_pharmacist_review,false,滑手機后颈部保養,"0-3秒 Hook：滑手機后颈部保養，你也遇過嗎？
3-12秒 情境：拍攝长时間低頭、久坐、用電腦的上班族的日常動作，字幕点出「滑手機后颈部保養」。
12-25秒 知識：外用油膏应放在保守邊界：久坐低頭后，可搭配伸展与局部按摩舒缓緊繃不适。
25-36秒 安全：若酸痛持續、麻木或影響活動，请咨询医师或药师。
36-45秒 CTA：使用前看标示，收藏这支，下次別用錯。",滑手機后颈部保養的重点是依标示使用，不誇大、不神化。本内容为一般生活保健資讯，非医疗診斷或治疗建議。,#肩頸保養 #久坐族 #日常舒緩 #依標示使用,"0-3秒 Hook：滑手機后颈部保養，你也遇過嗎？
3-12秒 情境：拍攝长时間低頭、久坐、用電腦的上班族的日常動作，字幕点出「滑手機后颈部保養」。
12-25秒 知識：外用油膏应放在保守邊界：久坐低頭后，可搭配伸展与局部按摩舒缓緊繃不适。
25-36秒 安全：若酸痛持續、麻木或影響活動，请咨询医师或药师。
36-45秒 CTA：使用前看标示，收藏这支，下次別用錯。",本內容為一般生活保健資訊，非醫療診斷或治療建議。,若痠痛持續、麻木或影響活動，請諮詢醫師或藥師。,根治|治療疾病|消炎治本|打通經絡|一擦就好|保證有效|深層修復|替代藥物
Douyin_LINE346,LINE346,抖音,2026-11-23,20:00,產品不是神藥，定位要講清楚,A,中,pending_legal_pharmacist_review,false,产品不是神药，定位要講清楚,"0-3秒 Hook：产品不是神药，定位要講清楚，你也遇過嗎？
3-12秒 情境：拍攝已購買或正在觀望的一條根使用者的日常動作，字幕点出「产品不是神药，定位要講清楚」。
12-25秒 知識：外用油膏应放在保守邊界：依标示外用，提供局部按摩与暂时舒缓体感。
25-36秒 安全：僅供外用；避免眼周、黏膜、破皮或傷口。
36-45秒 CTA：使用前看标示，收藏这支，下次別用錯。",产品不是神药，定位要講清楚的重点是依标示使用，不誇大、不神化。本产品为外用油膏，请依核准标示使用；若症狀持續或惡化，请咨询医师或药师。,#金牌一條根 #外用油膏 #成分透明 #依標示使用,"0-3秒 Hook：产品不是神药，定位要講清楚，你也遇過嗎？
3-12秒 情境：拍攝已購買或正在觀望的一條根使用者的日常動作，字幕点出「产品不是神药，定位要講清楚」。
12-25秒 知識：外用油膏应放在保守邊界：依标示外用，提供局部按摩与暂时舒缓体感。
25-36秒 安全：僅供外用；避免眼周、黏膜、破皮或傷口。
36-45秒 CTA：使用前看标示，收藏这支，下次別用錯。",本產品為外用油膏，請依核准標示使用；若症狀持續或惡化，請諮詢醫師或藥師。,僅供外用；避免眼周、黏膜、破皮或傷口。,根治|治療疾病|消炎治本|打通經絡|一擦就好|保證有效|深層修復|替代藥物
Douyin_LINE347,LINE347,抖音,2026-11-24,12:00,立冬前後的日常舒緩儀式,F,低,pending_legal_pharmacist_review,false,立冬前后的日常舒缓儀式,"0-3秒 Hook：立冬前后的日常舒缓儀式，你也遇過嗎？
3-12秒 情境：拍攝喜歡養生、节氣与日常保健的 LINE 讀者的日常動作，字幕点出「立冬前后的日常舒缓儀式」。
12-25秒 知識：外用油膏应放在保守邊界：以生活保健与身体觉察为主，不做医疗疗效宣稱。
25-36秒 安全：节氣養生屬一般生活資讯，身体不适仍应咨询專業人員。
36-45秒 CTA：使用前看标示，收藏这支，下次別用錯。",立冬前后的日常舒缓儀式的重点是依标示使用，不誇大、不神化。本内容为一般生活保健資讯，非医疗診斷或治疗建議。,#節氣保養 #生活保健 #日常保養 #身體覺察,"0-3秒 Hook：立冬前后的日常舒缓儀式，你也遇過嗎？
3-12秒 情境：拍攝喜歡養生、节氣与日常保健的 LINE 讀者的日常動作，字幕点出「立冬前后的日常舒缓儀式」。
12-25秒 知識：外用油膏应放在保守邊界：以生活保健与身体觉察为主，不做医疗疗效宣稱。
25-36秒 安全：节氣養生屬一般生活資讯，身体不适仍应咨询專業人員。
36-45秒 CTA：使用前看标示，收藏这支，下次別用錯。",本內容為一般生活保健資訊，非醫療診斷或治療建議。,節氣養生屬一般生活資訊，身體不適仍應諮詢專業人員。,根治|治療疾病|消炎治本|打通經絡|一擦就好|保證有效|深層修復|替代藥物
Douyin_LINE348,LINE348,抖音,2026-11-24,20:00,深層症狀不適合自行處理,E,高,pending_legal_pharmacist_review,false,深層症狀不适合自行處理,"0-3秒 Hook：深層症狀不适合自行處理，你也遇過嗎？
3-12秒 情境：拍攝所有使用者、照護者与家庭購買者的日常動作，字幕点出「深層症狀不适合自行處理」。
12-25秒 知識：外用油膏应放在保守邊界：安全使用比用得多更重要，依标示与風險族群提醒。
25-36秒 安全：2 歲以下、孕哺、過敏体質、抗凝血药使用者请先询問專業人員。
36-45秒 CTA：使用前看标示，收藏这支，下次別用錯。",深層症狀不适合自行處理的重点是依标示使用，不誇大、不神化。僅供外用。避免接触眼睛、黏膜、破皮或傷口；特殊族群使用前请先咨询專業人員。,#外用安全 #用藥安全 #使用前看標示 #諮詢醫師藥師,"0-3秒 Hook：深層症狀不适合自行處理，你也遇過嗎？
3-12秒 情境：拍攝所有使用者、照護者与家庭購買者的日常動作，字幕点出「深層症狀不适合自行處理」。
12-25秒 知識：外用油膏应放在保守邊界：安全使用比用得多更重要，依标示与風險族群提醒。
25-36秒 安全：2 歲以下、孕哺、過敏体質、抗凝血药使用者请先询問專業人員。
36-45秒 CTA：使用前看标示，收藏这支，下次別用錯。",僅供外用。避免接觸眼睛、黏膜、破皮或傷口；特殊族群使用前請先諮詢專業人員。,2 歲以下、孕哺、過敏體質、抗凝血藥使用者請先詢問專業人員。,根治|治療疾病|消炎治本|打通經絡|一擦就好|保證有效|深層修復|替代藥物
Douyin_LINE349,LINE349,抖音,2026-11-25,12:00,每篇貼文都要人工審核,H,中,pending_legal_pharmacist_review,false,每篇貼文都要人工审核,"0-3秒 Hook：每篇貼文都要人工审核，你也遇過嗎？
3-12秒 情境：拍攝重視药证、成分、品質与合法性的消費者的日常動作，字幕点出「每篇貼文都要人工审核」。
12-25秒 知識：外用油膏应放在保守邊界：強調药证、标示、保守宣稱与人工审核流程。
25-36秒 安全：所有广告文案仍須依主管機关与專業人員审核。
36-45秒 CTA：使用前看标示，收藏这支，下次別用錯。",每篇貼文都要人工审核的重点是依标示使用，不誇大、不神化。本产品为外用油膏，请依核准标示使用；若症狀持續或惡化，请咨询医师或药师。,#藥證可查 #品牌透明 #合法宣傳 #成分透明,"0-3秒 Hook：每篇貼文都要人工审核，你也遇過嗎？
3-12秒 情境：拍攝重視药证、成分、品質与合法性的消費者的日常動作，字幕点出「每篇貼文都要人工审核」。
12-25秒 知識：外用油膏应放在保守邊界：強調药证、标示、保守宣稱与人工审核流程。
25-36秒 安全：所有广告文案仍須依主管機关与專業人員审核。
36-45秒 CTA：使用前看标示，收藏这支，下次別用錯。",本產品為外用油膏，請依核准標示使用；若症狀持續或惡化，請諮詢醫師或藥師。,所有廣告文案仍須依主管機關與專業人員審核。,根治|治療疾病|消炎治本|打通經絡|一擦就好|保證有效|深層修復|替代藥物
Douyin_LINE350,LINE350,抖音,2026-11-25,20:00,哪些情況應該先就醫,G,低,pending_legal_pharmacist_review,false,哪些情況应該先就医,"0-3秒 Hook：哪些情況应該先就医，你也遇過嗎？
3-12秒 情境：拍攝LINE OA 好友、回購客与新客的日常動作，字幕点出「哪些情況应該先就医」。
12-25秒 知識：外用油膏应放在保守邊界：用問答降低誤用，讓使用者知道何时該询問專業人員。
25-36秒 安全：互動回答不取代医师或药师建議。
36-45秒 CTA：使用前看标示，收藏这支，下次別用錯。",哪些情況应該先就医的重点是依标示使用，不誇大、不神化。本内容为一般生活保健資讯，非医疗診斷或治疗建議。,#互動問答 #保養知識 #使用小提醒 #金牌一條根,"0-3秒 Hook：哪些情況应該先就医，你也遇過嗎？
3-12秒 情境：拍攝LINE OA 好友、回購客与新客的日常動作，字幕点出「哪些情況应該先就医」。
12-25秒 知識：外用油膏应放在保守邊界：用問答降低誤用，讓使用者知道何时該询問專業人員。
25-36秒 安全：互動回答不取代医师或药师建議。
36-45秒 CTA：使用前看标示，收藏这支，下次別用錯。",本內容為一般生活保健資訊，非醫療診斷或治療建議。,互動回答不取代醫師或藥師建議。,根治|治療疾病|消炎治本|打通經絡|一擦就好|保證有效|深層修復|替代藥物
Douyin_LINE351,LINE351,抖音,2026-11-26,12:00,運動後局部痠痛的保守處理,C,中,pending_legal_pharmacist_review,false,運動后局部酸痛的保守處理,"0-3秒 Hook：運動后局部酸痛的保守處理，你也遇過嗎？
3-12秒 情境：拍攝運動族、搬重物、久站与勞動工作者的日常動作，字幕点出「運動后局部酸痛的保守處理」。
12-25秒 知識：外用油膏应放在保守邊界：運動或勞動后的局部肌肉酸痛，可短期按摩舒缓。
25-36秒 安全：明顯腫脹、劇痛、活動受限或疑似受傷时，请先就医。
36-45秒 CTA：使用前看标示，收藏这支，下次別用錯。",運動后局部酸痛的保守處理的重点是依标示使用，不誇大、不神化。本产品为外用油膏，请依核准标示使用；若症狀持續或惡化，请咨询医师或药师。,#運動後保養 #局部按摩 #肌肉痠痛 #依標示使用,"0-3秒 Hook：運動后局部酸痛的保守處理，你也遇過嗎？
3-12秒 情境：拍攝運動族、搬重物、久站与勞動工作者的日常動作，字幕点出「運動后局部酸痛的保守處理」。
12-25秒 知識：外用油膏应放在保守邊界：運動或勞動后的局部肌肉酸痛，可短期按摩舒缓。
25-36秒 安全：明顯腫脹、劇痛、活動受限或疑似受傷时，请先就医。
36-45秒 CTA：使用前看标示，收藏这支，下次別用錯。",本產品為外用油膏，請依核准標示使用；若症狀持續或惡化，請諮詢醫師或藥師。,明顯腫脹、劇痛、活動受限或疑似受傷時，請先就醫。,根治|治療疾病|消炎治本|打通經絡|一擦就好|保證有效|深層修復|替代藥物
Douyin_LINE352,LINE352,抖音,2026-11-26,20:00,冬青油與清涼舒緩體感,A,中,pending_legal_pharmacist_review,false,冬青油与清涼舒缓体感,"0-3秒 Hook：冬青油与清涼舒缓体感，你也遇過嗎？
3-12秒 情境：拍攝已購買或正在觀望的一條根使用者的日常動作，字幕点出「冬青油与清涼舒缓体感」。
12-25秒 知識：外用油膏应放在保守邊界：依标示外用，提供局部按摩与暂时舒缓体感。
25-36秒 安全：僅供外用；避免眼周、黏膜、破皮或傷口。
36-45秒 CTA：使用前看标示，收藏这支，下次別用錯。",冬青油与清涼舒缓体感的重点是依标示使用，不誇大、不神化。本产品为外用油膏，请依核准标示使用；若症狀持續或惡化，请咨询医师或药师。,#金牌一條根 #外用油膏 #成分透明 #依標示使用,"0-3秒 Hook：冬青油与清涼舒缓体感，你也遇過嗎？
3-12秒 情境：拍攝已購買或正在觀望的一條根使用者的日常動作，字幕点出「冬青油与清涼舒缓体感」。
12-25秒 知識：外用油膏应放在保守邊界：依标示外用，提供局部按摩与暂时舒缓体感。
25-36秒 安全：僅供外用；避免眼周、黏膜、破皮或傷口。
36-45秒 CTA：使用前看标示，收藏这支，下次別用錯。",本產品為外用油膏，請依核准標示使用；若症狀持續或惡化，請諮詢醫師或藥師。,僅供外用；避免眼周、黏膜、破皮或傷口。,根治|治療疾病|消炎治本|打通經絡|一擦就好|保證有效|深層修復|替代藥物
Douyin_LINE353,LINE353,抖音,2026-11-27,12:00,早晨活動前的關節暖身,D,中,pending_legal_pharmacist_review,false,早晨活動前的关节暖身,"0-3秒 Hook：早晨活動前的关节暖身，你也遇過嗎？
3-12秒 情境：拍攝40-70 歲注重日常活動舒适度的族群的日常動作，字幕点出「早晨活動前的关节暖身」。
12-25秒 知識：外用油膏应放在保守邊界：轻微关节酸痛可短期舒缓，但不可宣稱治疗疾病。
25-36秒 安全：关节腫痛、紅熱、长期疼痛或行走困難，请就医評估。
36-45秒 CTA：使用前看标示，收藏这支，下次別用錯。",早晨活動前的关节暖身的重点是依标示使用，不誇大、不神化。本产品为外用油膏，请依核准标示使用；若症狀持續或惡化，请咨询医师或药师。,#銀髮保養 #活動舒適 #輕微痠痛 #依標示使用,"0-3秒 Hook：早晨活動前的关节暖身，你也遇過嗎？
3-12秒 情境：拍攝40-70 歲注重日常活動舒适度的族群的日常動作，字幕点出「早晨活動前的关节暖身」。
12-25秒 知識：外用油膏应放在保守邊界：轻微关节酸痛可短期舒缓，但不可宣稱治疗疾病。
25-36秒 安全：关节腫痛、紅熱、长期疼痛或行走困難，请就医評估。
36-45秒 CTA：使用前看标示，收藏这支，下次別用錯。",本產品為外用油膏，請依核准標示使用；若症狀持續或惡化，請諮詢醫師或藥師。,關節腫痛、紅熱、長期疼痛或行走困難，請就醫評估。,根治|治療疾病|消炎治本|打通經絡|一擦就好|保證有效|深層修復|替代藥物
Douyin_LINE354,LINE354,抖音,2026-11-27,20:00,不能擦在破皮或傷口,E,高,pending_legal_pharmacist_review,false,不能擦在破皮或傷口,"0-3秒 Hook：不能擦在破皮或傷口，你也遇過嗎？
3-12秒 情境：拍攝所有使用者、照護者与家庭購買者的日常動作，字幕点出「不能擦在破皮或傷口」。
12-25秒 知識：外用油膏应放在保守邊界：安全使用比用得多更重要，依标示与風險族群提醒。
25-36秒 安全：2 歲以下、孕哺、過敏体質、抗凝血药使用者请先询問專業人員。
36-45秒 CTA：使用前看标示，收藏这支，下次別用錯。",不能擦在破皮或傷口的重点是依标示使用，不誇大、不神化。僅供外用。避免接触眼睛、黏膜、破皮或傷口；特殊族群使用前请先咨询專業人員。,#外用安全 #用藥安全 #使用前看標示 #諮詢醫師藥師,"0-3秒 Hook：不能擦在破皮或傷口，你也遇過嗎？
3-12秒 情境：拍攝所有使用者、照護者与家庭購買者的日常動作，字幕点出「不能擦在破皮或傷口」。
12-25秒 知識：外用油膏应放在保守邊界：安全使用比用得多更重要，依标示与風險族群提醒。
25-36秒 安全：2 歲以下、孕哺、過敏体質、抗凝血药使用者请先询問專業人員。
36-45秒 CTA：使用前看标示，收藏这支，下次別用錯。",僅供外用。避免接觸眼睛、黏膜、破皮或傷口；特殊族群使用前請先諮詢專業人員。,2 歲以下、孕哺、過敏體質、抗凝血藥使用者請先詢問專業人員。,根治|治療疾病|消炎治本|打通經絡|一擦就好|保證有效|深層修復|替代藥物
Douyin_LINE355,LINE355,抖音,2026-11-28,12:00,芒種後濕熱生活保養,F,低,pending_legal_pharmacist_review,false,芒种后濕熱生活保養,"0-3秒 Hook：芒种后濕熱生活保養，你也遇過嗎？
3-12秒 情境：拍攝喜歡養生、节氣与日常保健的 LINE 讀者的日常動作，字幕点出「芒种后濕熱生活保養」。
12-25秒 知識：外用油膏应放在保守邊界：以生活保健与身体觉察为主，不做医疗疗效宣稱。
25-36秒 安全：节氣養生屬一般生活資讯，身体不适仍应咨询專業人員。
36-45秒 CTA：使用前看标示，收藏这支，下次別用錯。",芒种后濕熱生活保養的重点是依标示使用，不誇大、不神化。本内容为一般生活保健資讯，非医疗診斷或治疗建議。,#節氣保養 #生活保健 #日常保養 #身體覺察,"0-3秒 Hook：芒种后濕熱生活保養，你也遇過嗎？
3-12秒 情境：拍攝喜歡養生、节氣与日常保健的 LINE 讀者的日常動作，字幕点出「芒种后濕熱生活保養」。
12-25秒 知識：外用油膏应放在保守邊界：以生活保健与身体觉察为主，不做医疗疗效宣稱。
25-36秒 安全：节氣養生屬一般生活資讯，身体不适仍应咨询專業人員。
36-45秒 CTA：使用前看标示，收藏这支，下次別用錯。",本內容為一般生活保健資訊，非醫療診斷或治療建議。,節氣養生屬一般生活資訊，身體不適仍應諮詢專業人員。,根治|治療疾病|消炎治本|打通經絡|一擦就好|保證有效|深層修復|替代藥物
Douyin_LINE356,LINE356,抖音,2026-11-28,20:00,久站後小腿不適舒緩,C,中,pending_legal_pharmacist_review,false,久站后小腿不适舒缓,"0-3秒 Hook：久站后小腿不适舒缓，你也遇過嗎？
3-12秒 情境：拍攝運動族、搬重物、久站与勞動工作者的日常動作，字幕点出「久站后小腿不适舒缓」。
12-25秒 知識：外用油膏应放在保守邊界：運動或勞動后的局部肌肉酸痛，可短期按摩舒缓。
25-36秒 安全：明顯腫脹、劇痛、活動受限或疑似受傷时，请先就医。
36-45秒 CTA：使用前看标示，收藏这支，下次別用錯。",久站后小腿不适舒缓的重点是依标示使用，不誇大、不神化。本产品为外用油膏，请依核准标示使用；若症狀持續或惡化，请咨询医师或药师。,#運動後保養 #局部按摩 #肌肉痠痛 #依標示使用,"0-3秒 Hook：久站后小腿不适舒缓，你也遇過嗎？
3-12秒 情境：拍攝運動族、搬重物、久站与勞動工作者的日常動作，字幕点出「久站后小腿不适舒缓」。
12-25秒 知識：外用油膏应放在保守邊界：運動或勞動后的局部肌肉酸痛，可短期按摩舒缓。
25-36秒 安全：明顯腫脹、劇痛、活動受限或疑似受傷时，请先就医。
36-45秒 CTA：使用前看标示，收藏这支，下次別用錯。",本產品為外用油膏，請依核准標示使用；若症狀持續或惡化，請諮詢醫師或藥師。,明顯腫脹、劇痛、活動受限或疑似受傷時，請先就醫。,根治|治療疾病|消炎治本|打通經絡|一擦就好|保證有效|深層修復|替代藥物
Douyin_LINE357,LINE357,抖音,2026-11-29,12:00,你最常哪個部位緊繃,G,低,pending_legal_pharmacist_review,false,你最常哪個部位緊繃,"0-3秒 Hook：你最常哪個部位緊繃，你也遇過嗎？
3-12秒 情境：拍攝LINE OA 好友、回購客与新客的日常動作，字幕点出「你最常哪個部位緊繃」。
12-25秒 知識：外用油膏应放在保守邊界：用問答降低誤用，讓使用者知道何时該询問專業人員。
25-36秒 安全：互動回答不取代医师或药师建議。
36-45秒 CTA：使用前看标示，收藏这支，下次別用錯。",你最常哪個部位緊繃的重点是依标示使用，不誇大、不神化。本内容为一般生活保健資讯，非医疗診斷或治疗建議。,#互動問答 #保養知識 #使用小提醒 #金牌一條根,"0-3秒 Hook：你最常哪個部位緊繃，你也遇過嗎？
3-12秒 情境：拍攝LINE OA 好友、回購客与新客的日常動作，字幕点出「你最常哪個部位緊繃」。
12-25秒 知識：外用油膏应放在保守邊界：用問答降低誤用，讓使用者知道何时該询問專業人員。
25-36秒 安全：互動回答不取代医师或药师建議。
36-45秒 CTA：使用前看标示，收藏这支，下次別用錯。",本內容為一般生活保健資訊，非醫療診斷或治療建議。,互動回答不取代醫師或藥師建議。,根治|治療疾病|消炎治本|打通經絡|一擦就好|保證有效|深層修復|替代藥物
Douyin_LINE358,LINE358,抖音,2026-11-29,20:00,長輩外用膏使用安全,D,中,pending_legal_pharmacist_review,false,长輩外用膏使用安全,"0-3秒 Hook：长輩外用膏使用安全，你也遇過嗎？
3-12秒 情境：拍攝40-70 歲注重日常活動舒适度的族群的日常動作，字幕点出「长輩外用膏使用安全」。
12-25秒 知識：外用油膏应放在保守邊界：轻微关节酸痛可短期舒缓，但不可宣稱治疗疾病。
25-36秒 安全：关节腫痛、紅熱、长期疼痛或行走困難，请就医評估。
36-45秒 CTA：使用前看标示，收藏这支，下次別用錯。",长輩外用膏使用安全的重点是依标示使用，不誇大、不神化。本产品为外用油膏，请依核准标示使用；若症狀持續或惡化，请咨询医师或药师。,#銀髮保養 #活動舒適 #輕微痠痛 #依標示使用,"0-3秒 Hook：长輩外用膏使用安全，你也遇過嗎？
3-12秒 情境：拍攝40-70 歲注重日常活動舒适度的族群的日常動作，字幕点出「长輩外用膏使用安全」。
12-25秒 知識：外用油膏应放在保守邊界：轻微关节酸痛可短期舒缓，但不可宣稱治疗疾病。
25-36秒 安全：关节腫痛、紅熱、长期疼痛或行走困難，请就医評估。
36-45秒 CTA：使用前看标示，收藏这支，下次別用錯。",本產品為外用油膏，請依核准標示使用；若症狀持續或惡化，請諮詢醫師或藥師。,關節腫痛、紅熱、長期疼痛或行走困難，請就醫評估。,根治|治療疾病|消炎治本|打通經絡|一擦就好|保證有效|深層修復|替代藥物
Douyin_LINE359,LINE359,抖音,2026-11-30,12:00,辦公桌前的姿勢檢查,B,低,pending_legal_pharmacist_review,false,辦公桌前的姿勢檢查,"0-3秒 Hook：辦公桌前的姿勢檢查，你也遇過嗎？
3-12秒 情境：拍攝长时間低頭、久坐、用電腦的上班族的日常動作，字幕点出「辦公桌前的姿勢檢查」。
12-25秒 知識：外用油膏应放在保守邊界：久坐低頭后，可搭配伸展与局部按摩舒缓緊繃不适。
25-36秒 安全：若酸痛持續、麻木或影響活動，请咨询医师或药师。
36-45秒 CTA：使用前看标示，收藏这支，下次別用錯。",辦公桌前的姿勢檢查的重点是依标示使用，不誇大、不神化。本内容为一般生活保健資讯，非医疗診斷或治疗建議。,#肩頸保養 #久坐族 #日常舒緩 #依標示使用,"0-3秒 Hook：辦公桌前的姿勢檢查，你也遇過嗎？
3-12秒 情境：拍攝长时間低頭、久坐、用電腦的上班族的日常動作，字幕点出「辦公桌前的姿勢檢查」。
12-25秒 知識：外用油膏应放在保守邊界：久坐低頭后，可搭配伸展与局部按摩舒缓緊繃不适。
25-36秒 安全：若酸痛持續、麻木或影響活動，请咨询医师或药师。
36-45秒 CTA：使用前看标示，收藏这支，下次別用錯。",本內容為一般生活保健資訊，非醫療診斷或治療建議。,若痠痛持續、麻木或影響活動，請諮詢醫師或藥師。,根治|治療疾病|消炎治本|打通經絡|一擦就好|保證有效|深層修復|替代藥物
Douyin_LINE360,LINE360,抖音,2026-11-30,20:00,薄荷腦帶來的涼感來源,A,中,pending_legal_pharmacist_review,false,薄荷腦帶來的涼感來源,"0-3秒 Hook：薄荷腦帶來的涼感來源，你也遇過嗎？
3-12秒 情境：拍攝已購買或正在觀望的一條根使用者的日常動作，字幕点出「薄荷腦帶來的涼感來源」。
12-25秒 知識：外用油膏应放在保守邊界：依标示外用，提供局部按摩与暂时舒缓体感。
25-36秒 安全：僅供外用；避免眼周、黏膜、破皮或傷口。
36-45秒 CTA：使用前看标示，收藏这支，下次別用錯。",薄荷腦帶來的涼感來源的重点是依标示使用，不誇大、不神化。本产品为外用油膏，请依核准标示使用；若症狀持續或惡化，请咨询医师或药师。,#金牌一條根 #外用油膏 #成分透明 #依標示使用,"0-3秒 Hook：薄荷腦帶來的涼感來源，你也遇過嗎？
3-12秒 情境：拍攝已購買或正在觀望的一條根使用者的日常動作，字幕点出「薄荷腦帶來的涼感來源」。
12-25秒 知識：外用油膏应放在保守邊界：依标示外用，提供局部按摩与暂时舒缓体感。
25-36秒 安全：僅供外用；避免眼周、黏膜、破皮或傷口。
36-45秒 CTA：使用前看标示，收藏这支，下次別用錯。",本產品為外用油膏，請依核准標示使用；若症狀持續或惡化，請諮詢醫師或藥師。,僅供外用；避免眼周、黏膜、破皮或傷口。,根治|治療疾病|消炎治本|打通經絡|一擦就好|保證有效|深層修復|替代藥物
