"review_id","priority","reviewer_decision","allowed_decisions","reviewer","reviewed_at","review_notes","publish_allowed","final_publish_status","scheduled_date","scheduled_time","platform","topic_title","compliance_status","forbidden_term_hits","draft_title","main_text","caption_or_description","asset_brief","trust_assets_required","truth_basis","must_verify_before_publish","workflow_action","source_post_id","platform_post_id","original_scheduled_date"
"LINE_DRYRUN_001","P2_SAFE_TERM_CHECK","APPROVE_FOR_MANUAL_SCHEDULE","APPROVE_FOR_MANUAL_SCHEDULE | NEEDS_REWRITE | REJECT | LEGAL_REVIEW","OWNER","2026-06-16","Owner approved for manual schedule export only. Not approved for auto-publishing.","NO","APPROVED_FOR_MANUAL_SCHEDULE_ONLY","2026-06-17","12:00","LINE_OA","運動後局部痠痛的保守處理","NEEDS_HUMAN_REVIEW_SAFE_TERM_CHECK","","運動後局部痠痛的保守處理","運動後局部痠痛的保守處理

運動、搬重物、久站後，身體局部不適時，先休息、觀察，再做保守保養。

這款定位是外用油膏，重點是局部按摩、依標示使用。衛署成製015614，乙類成藥，資料可至衛福部中藥許可證系統查詢。

外用產品請依標示使用；身體不適、症狀持續或惡化時，請諮詢醫師或藥師。
下單前可先私訊索取藥證查詢方式與外盒標示照片。","","圖卡：運動後局部痠痛的保守處理 / 藥證可查 / 依標示使用","建議搭配：外盒標示實拍、藥證查詢截圖、產品質地短影片、客服回覆截圖（遮個資）。","衛福部中藥許可證：衛署成製015614；類別：乙類成藥；劑型：油膏劑。","退換貨、付款、客服、出貨、價格、通路與任何見證內容，發布前須由人工確認。","NO_LINE_API_CALL_NO_AUTO_PUBLISH_REVIEW_QUEUE_ONLY","LINE001","LINE_OA_LINE001_V2","2026-06-04"
"LINE_DRYRUN_002","P2_SAFE_TERM_CHECK","APPROVE_FOR_MANUAL_SCHEDULE","APPROVE_FOR_MANUAL_SCHEDULE | NEEDS_REWRITE | REJECT | LEGAL_REVIEW","OWNER","2026-06-16","Owner approved for manual schedule export only. Not approved for auto-publishing.","NO","APPROVED_FOR_MANUAL_SCHEDULE_ONLY","2026-06-17","20:00","LINE_OA","冬青油與清涼舒緩體感","NEEDS_HUMAN_REVIEW_SAFE_TERM_CHECK","","冬青油與清涼舒緩體感","冬青油與清涼舒緩體感

下單前，先看得懂標示與成分，比聽誇張話術更安心。

這款定位是外用油膏，重點是局部按摩、依標示使用。衛署成製015614，乙類成藥，資料可至衛福部中藥許可證系統查詢。

外用產品請依標示使用；身體不適、症狀持續或惡化時，請諮詢醫師或藥師。
下單前可先私訊索取藥證查詢方式與外盒標示照片。","","圖卡：冬青油與清涼舒緩體感 / 藥證可查 / 依標示使用","建議搭配：外盒標示實拍、藥證查詢截圖、產品質地短影片、客服回覆截圖（遮個資）。","衛福部中藥許可證：衛署成製015614；類別：乙類成藥；劑型：油膏劑。","退換貨、付款、客服、出貨、價格、通路與任何見證內容，發布前須由人工確認。","NO_LINE_API_CALL_NO_AUTO_PUBLISH_REVIEW_QUEUE_ONLY","LINE002","LINE_OA_LINE002_V2","2026-06-04"
"LINE_DRYRUN_003","P2_SAFE_TERM_CHECK","APPROVE_FOR_MANUAL_SCHEDULE","APPROVE_FOR_MANUAL_SCHEDULE | NEEDS_REWRITE | REJECT | LEGAL_REVIEW","OWNER","2026-06-16","Owner approved for manual schedule export only. Not approved for auto-publishing.","NO","APPROVED_FOR_MANUAL_SCHEDULE_ONLY","2026-06-18","12:00","LINE_OA","早晨活動前的關節暖身","NEEDS_HUMAN_REVIEW_SAFE_TERM_CHECK","","早晨活動前的關節暖身","早晨活動前的關節暖身

幫長輩準備外用產品時，最重要的是安全、清楚、不要亂用。

這款定位是外用油膏，重點是局部按摩、依標示使用。衛署成製015614，乙類成藥，資料可至衛福部中藥許可證系統查詢。

外用產品請依標示使用；身體不適、症狀持續或惡化時，請諮詢醫師或藥師。
下單前可先私訊索取藥證查詢方式與外盒標示照片。","","圖卡：早晨活動前的關節暖身 / 藥證可查 / 依標示使用","建議搭配：外盒標示實拍、藥證查詢截圖、產品質地短影片、客服回覆截圖（遮個資）。","衛福部中藥許可證：衛署成製015614；類別：乙類成藥；劑型：油膏劑。","退換貨、付款、客服、出貨、價格、通路與任何見證內容，發布前須由人工確認。","NO_LINE_API_CALL_NO_AUTO_PUBLISH_REVIEW_QUEUE_ONLY","LINE003","LINE_OA_LINE003_V2","2026-06-05"
"LINE_DRYRUN_004","P2_SAFE_TERM_CHECK","APPROVE_FOR_MANUAL_SCHEDULE","APPROVE_FOR_MANUAL_SCHEDULE | NEEDS_REWRITE | REJECT | LEGAL_REVIEW","OWNER","2026-06-16","Owner approved for manual schedule export only. Not approved for auto-publishing.","NO","APPROVED_FOR_MANUAL_SCHEDULE_ONLY","2026-06-18","20:00","LINE_OA","不能擦在破皮或傷口","NEEDS_HUMAN_REVIEW_SAFE_TERM_CHECK","","不能擦在破皮或傷口","不能擦在破皮或傷口

外用產品不是擦越多越好，用對位置、避開風險才安心。

這款定位是外用油膏，重點是局部按摩、依標示使用。衛署成製015614，乙類成藥，資料可至衛福部中藥許可證系統查詢。

外用產品請依標示使用；身體不適、症狀持續或惡化時，請諮詢醫師或藥師。
下單前可先私訊索取藥證查詢方式與外盒標示照片。","","圖卡：不能擦在破皮或傷口 / 藥證可查 / 依標示使用","建議搭配：外盒標示實拍、藥證查詢截圖、產品質地短影片、客服回覆截圖（遮個資）。","衛福部中藥許可證：衛署成製015614；類別：乙類成藥；劑型：油膏劑。","退換貨、付款、客服、出貨、價格、通路與任何見證內容，發布前須由人工確認。","NO_LINE_API_CALL_NO_AUTO_PUBLISH_REVIEW_QUEUE_ONLY","LINE004","LINE_OA_LINE004_V2","2026-06-05"
"LINE_DRYRUN_005","P2_SAFE_TERM_CHECK","APPROVE_FOR_MANUAL_SCHEDULE","APPROVE_FOR_MANUAL_SCHEDULE | NEEDS_REWRITE | REJECT | LEGAL_REVIEW","OWNER","2026-06-16","Owner approved for manual schedule export only. Not approved for auto-publishing.","NO","APPROVED_FOR_MANUAL_SCHEDULE_ONLY","2026-06-19","12:00","LINE_OA","芒種後濕熱生活保養","NEEDS_HUMAN_REVIEW_SAFE_TERM_CHECK","","芒種後濕熱生活保養","芒種後濕熱生活保養

換季時，身體保養不需要複雜，穩定的小習慣比較長久。

這款定位是外用油膏，重點是局部按摩、依標示使用。衛署成製015614，乙類成藥，資料可至衛福部中藥許可證系統查詢。

外用產品請依標示使用；身體不適、症狀持續或惡化時，請諮詢醫師或藥師。
下單前可先私訊索取藥證查詢方式與外盒標示照片。","","圖卡：芒種後濕熱生活保養 / 藥證可查 / 依標示使用","建議搭配：外盒標示實拍、藥證查詢截圖、產品質地短影片、客服回覆截圖（遮個資）。","衛福部中藥許可證：衛署成製015614；類別：乙類成藥；劑型：油膏劑。","退換貨、付款、客服、出貨、價格、通路與任何見證內容，發布前須由人工確認。","NO_LINE_API_CALL_NO_AUTO_PUBLISH_REVIEW_QUEUE_ONLY","LINE005","LINE_OA_LINE005_V2","2026-06-06"
"LINE_DRYRUN_006","P2_SAFE_TERM_CHECK","APPROVE_FOR_MANUAL_SCHEDULE","APPROVE_FOR_MANUAL_SCHEDULE | NEEDS_REWRITE | REJECT | LEGAL_REVIEW","OWNER","2026-06-16","Owner approved for manual schedule export only. Not approved for auto-publishing.","NO","APPROVED_FOR_MANUAL_SCHEDULE_ONLY","2026-06-19","20:00","LINE_OA","久站後小腿不適舒緩","NEEDS_HUMAN_REVIEW_SAFE_TERM_CHECK","","久站後小腿不適舒緩","久站後小腿不適舒緩

運動、搬重物、久站後，身體局部不適時，先休息、觀察，再做保守保養。

這款定位是外用油膏，重點是局部按摩、依標示使用。衛署成製015614，乙類成藥，資料可至衛福部中藥許可證系統查詢。

外用產品請依標示使用；身體不適、症狀持續或惡化時，請諮詢醫師或藥師。
下單前可先私訊索取藥證查詢方式與外盒標示照片。","","圖卡：久站後小腿不適舒緩 / 藥證可查 / 依標示使用","建議搭配：外盒標示實拍、藥證查詢截圖、產品質地短影片、客服回覆截圖（遮個資）。","衛福部中藥許可證：衛署成製015614；類別：乙類成藥；劑型：油膏劑。","退換貨、付款、客服、出貨、價格、通路與任何見證內容，發布前須由人工確認。","NO_LINE_API_CALL_NO_AUTO_PUBLISH_REVIEW_QUEUE_ONLY","LINE006","LINE_OA_LINE006_V2","2026-06-06"
"LINE_DRYRUN_007","P2_SAFE_TERM_CHECK","APPROVE_FOR_MANUAL_SCHEDULE","APPROVE_FOR_MANUAL_SCHEDULE | NEEDS_REWRITE | REJECT | LEGAL_REVIEW","OWNER","2026-06-16","Owner approved for manual schedule export only. Not approved for auto-publishing.","NO","APPROVED_FOR_MANUAL_SCHEDULE_ONLY","2026-06-20","12:00","LINE_OA","你最常哪個部位緊繃","NEEDS_HUMAN_REVIEW_SAFE_TERM_CHECK","","你最常哪個部位緊繃","你最常哪個部位緊繃

很多人不是不想保養，是不知道什麼情況該先問清楚。

這款定位是外用油膏，重點是局部按摩、依標示使用。衛署成製015614，乙類成藥，資料可至衛福部中藥許可證系統查詢。

外用產品請依標示使用；身體不適、症狀持續或惡化時，請諮詢醫師或藥師。
下單前可先私訊索取藥證查詢方式與外盒標示照片。","","圖卡：你最常哪個部位緊繃 / 藥證可查 / 依標示使用","建議搭配：外盒標示實拍、藥證查詢截圖、產品質地短影片、客服回覆截圖（遮個資）。","衛福部中藥許可證：衛署成製015614；類別：乙類成藥；劑型：油膏劑。","退換貨、付款、客服、出貨、價格、通路與任何見證內容，發布前須由人工確認。","NO_LINE_API_CALL_NO_AUTO_PUBLISH_REVIEW_QUEUE_ONLY","LINE007","LINE_OA_LINE007_V2","2026-06-07"
"LINE_DRYRUN_008","P2_SAFE_TERM_CHECK","APPROVE_FOR_MANUAL_SCHEDULE","APPROVE_FOR_MANUAL_SCHEDULE | NEEDS_REWRITE | REJECT | LEGAL_REVIEW","OWNER","2026-06-16","Owner approved for manual schedule export only. Not approved for auto-publishing.","NO","APPROVED_FOR_MANUAL_SCHEDULE_ONLY","2026-06-20","20:00","LINE_OA","長輩外用膏使用安全","NEEDS_HUMAN_REVIEW_SAFE_TERM_CHECK","","長輩外用膏使用安全","長輩外用膏使用安全

幫長輩準備外用產品時，最重要的是安全、清楚、不要亂用。

這款定位是外用油膏，重點是局部按摩、依標示使用。衛署成製015614，乙類成藥，資料可至衛福部中藥許可證系統查詢。

外用產品請依標示使用；身體不適、症狀持續或惡化時，請諮詢醫師或藥師。
下單前可先私訊索取藥證查詢方式與外盒標示照片。","","圖卡：長輩外用膏使用安全 / 藥證可查 / 依標示使用","建議搭配：外盒標示實拍、藥證查詢截圖、產品質地短影片、客服回覆截圖（遮個資）。","衛福部中藥許可證：衛署成製015614；類別：乙類成藥；劑型：油膏劑。","退換貨、付款、客服、出貨、價格、通路與任何見證內容，發布前須由人工確認。","NO_LINE_API_CALL_NO_AUTO_PUBLISH_REVIEW_QUEUE_ONLY","LINE008","LINE_OA_LINE008_V2","2026-06-07"
"LINE_DRYRUN_009","P3_STANDARD_REVIEW","APPROVE_FOR_MANUAL_SCHEDULE","APPROVE_FOR_MANUAL_SCHEDULE | NEEDS_REWRITE | REJECT | LEGAL_REVIEW","OWNER","2026-06-16","Owner approved for manual schedule export only. Not approved for auto-publishing.","NO","APPROVED_FOR_MANUAL_SCHEDULE_ONLY","2026-06-21","12:00","LINE_OA","低頭族肩頸緊繃的三個提醒","PASS_DRY_RUN_PENDING_HUMAN_REVIEW","","低頭族肩頸緊繃的三個提醒","低頭族肩頸緊繃的三個提醒

久坐、低頭、開會一整天後，肩頸常會提醒你該放鬆一下。

這款定位是外用油膏，重點是局部按摩、依標示使用。衛署成製015614，乙類成藥，資料可至衛福部中藥許可證系統查詢。

外用產品請依標示使用；身體不適、症狀持續或惡化時，請諮詢醫師或藥師。
下單前可先私訊索取藥證查詢方式與外盒標示照片。","","圖卡：低頭族肩頸緊繃的三個提醒 / 藥證可查 / 依標示使用","建議搭配：外盒標示實拍、藥證查詢截圖、產品質地短影片、客服回覆截圖（遮個資）。","衛福部中藥許可證：衛署成製015614；類別：乙類成藥；劑型：油膏劑。","退換貨、付款、客服、出貨、價格、通路與任何見證內容，發布前須由人工確認。","NO_LINE_API_CALL_NO_AUTO_PUBLISH_REVIEW_QUEUE_ONLY","LINE009","LINE_OA_LINE009_V2","2026-06-08"
"LINE_DRYRUN_010","P2_SAFE_TERM_CHECK","APPROVE_FOR_MANUAL_SCHEDULE","APPROVE_FOR_MANUAL_SCHEDULE | NEEDS_REWRITE | REJECT | LEGAL_REVIEW","OWNER","2026-06-16","Owner approved for manual schedule export only. Not approved for auto-publishing.","NO","APPROVED_FOR_MANUAL_SCHEDULE_ONLY","2026-06-21","20:00","LINE_OA","薄荷腦帶來的涼感來源","NEEDS_HUMAN_REVIEW_SAFE_TERM_CHECK","","薄荷腦帶來的涼感來源","薄荷腦帶來的涼感來源

下單前，先看得懂標示與成分，比聽誇張話術更安心。

這款定位是外用油膏，重點是局部按摩、依標示使用。衛署成製015614，乙類成藥，資料可至衛福部中藥許可證系統查詢。

外用產品請依標示使用；身體不適、症狀持續或惡化時，請諮詢醫師或藥師。
下單前可先私訊索取藥證查詢方式與外盒標示照片。","","圖卡：薄荷腦帶來的涼感來源 / 藥證可查 / 依標示使用","建議搭配：外盒標示實拍、藥證查詢截圖、產品質地短影片、客服回覆截圖（遮個資）。","衛福部中藥許可證：衛署成製015614；類別：乙類成藥；劑型：油膏劑。","退換貨、付款、客服、出貨、價格、通路與任何見證內容，發布前須由人工確認。","NO_LINE_API_CALL_NO_AUTO_PUBLISH_REVIEW_QUEUE_ONLY","LINE010","LINE_OA_LINE010_V2","2026-06-08"
"LINE_DRYRUN_011","P2_SAFE_TERM_CHECK","APPROVE_FOR_MANUAL_SCHEDULE","APPROVE_FOR_MANUAL_SCHEDULE | NEEDS_REWRITE | REJECT | LEGAL_REVIEW","OWNER","2026-06-16","Owner approved for manual schedule export only. Not approved for auto-publishing.","NO","APPROVED_FOR_MANUAL_SCHEDULE_ONLY","2026-06-22","12:00","LINE_OA","夏季冷氣房的肩頸保養","NEEDS_HUMAN_REVIEW_SAFE_TERM_CHECK","","夏季冷氣房的肩頸保養","夏季冷氣房的肩頸保養

換季時，身體保養不需要複雜，穩定的小習慣比較長久。

這款定位是外用油膏，重點是局部按摩、依標示使用。衛署成製015614，乙類成藥，資料可至衛福部中藥許可證系統查詢。

外用產品請依標示使用；身體不適、症狀持續或惡化時，請諮詢醫師或藥師。
下單前可先私訊索取藥證查詢方式與外盒標示照片。","","圖卡：夏季冷氣房的肩頸保養 / 藥證可查 / 依標示使用","建議搭配：外盒標示實拍、藥證查詢截圖、產品質地短影片、客服回覆截圖（遮個資）。","衛福部中藥許可證：衛署成製015614；類別：乙類成藥；劑型：油膏劑。","退換貨、付款、客服、出貨、價格、通路與任何見證內容，發布前須由人工確認。","NO_LINE_API_CALL_NO_AUTO_PUBLISH_REVIEW_QUEUE_ONLY","LINE011","LINE_OA_LINE011_V2","2026-06-09"
"LINE_DRYRUN_012","P2_SAFE_TERM_CHECK","APPROVE_FOR_MANUAL_SCHEDULE","APPROVE_FOR_MANUAL_SCHEDULE | NEEDS_REWRITE | REJECT | LEGAL_REVIEW","OWNER","2026-06-16","Owner approved for manual schedule export only. Not approved for auto-publishing.","NO","APPROVED_FOR_MANUAL_SCHEDULE_ONLY","2026-06-22","20:00","LINE_OA","外用膏避免眼周與黏膜","NEEDS_HUMAN_REVIEW_SAFE_TERM_CHECK","","外用膏避免眼周與黏膜","外用膏避免眼周與黏膜

外用產品不是擦越多越好，用對位置、避開風險才安心。

這款定位是外用油膏，重點是局部按摩、依標示使用。衛署成製015614，乙類成藥，資料可至衛福部中藥許可證系統查詢。

外用產品請依標示使用；身體不適、症狀持續或惡化時，請諮詢醫師或藥師。
下單前可先私訊索取藥證查詢方式與外盒標示照片。","","圖卡：外用膏避免眼周與黏膜 / 藥證可查 / 依標示使用","建議搭配：外盒標示實拍、藥證查詢截圖、產品質地短影片、客服回覆截圖（遮個資）。","衛福部中藥許可證：衛署成製015614；類別：乙類成藥；劑型：油膏劑。","退換貨、付款、客服、出貨、價格、通路與任何見證內容，發布前須由人工確認。","NO_LINE_API_CALL_NO_AUTO_PUBLISH_REVIEW_QUEUE_ONLY","LINE012","LINE_OA_LINE012_V2","2026-06-09"
"LINE_DRYRUN_013","P2_SAFE_TERM_CHECK","APPROVE_FOR_MANUAL_SCHEDULE","APPROVE_FOR_MANUAL_SCHEDULE | NEEDS_REWRITE | REJECT | LEGAL_REVIEW","OWNER","2026-06-16","Owner approved for manual schedule export only. Not approved for auto-publishing.","NO","APPROVED_FOR_MANUAL_SCHEDULE_ONLY","2026-06-23","12:00","LINE_OA","為什麼我們重視藥證與標示","NEEDS_HUMAN_REVIEW_SAFE_TERM_CHECK","","為什麼我們重視藥證與標示","為什麼我們重視藥證與標示

我們寧願把資料講清楚，也不想用誇大的話讓你衝動購買。

這款定位是外用油膏，重點是局部按摩、依標示使用。衛署成製015614，乙類成藥，資料可至衛福部中藥許可證系統查詢。

外用產品請依標示使用；身體不適、症狀持續或惡化時，請諮詢醫師或藥師。
下單前可先私訊索取藥證查詢方式與外盒標示照片。","","圖卡：為什麼我們重視藥證與標示 / 藥證可查 / 依標示使用","建議搭配：外盒標示實拍、藥證查詢截圖、產品質地短影片、客服回覆截圖（遮個資）。","衛福部中藥許可證：衛署成製015614；類別：乙類成藥；劑型：油膏劑。","退換貨、付款、客服、出貨、價格、通路與任何見證內容，發布前須由人工確認。","NO_LINE_API_CALL_NO_AUTO_PUBLISH_REVIEW_QUEUE_ONLY","LINE013","LINE_OA_LINE013_V2","2026-06-10"
"LINE_DRYRUN_014","P2_SAFE_TERM_CHECK","APPROVE_FOR_MANUAL_SCHEDULE","APPROVE_FOR_MANUAL_SCHEDULE | NEEDS_REWRITE | REJECT | LEGAL_REVIEW","OWNER","2026-06-16","Owner approved for manual schedule export only. Not approved for auto-publishing.","NO","APPROVED_FOR_MANUAL_SCHEDULE_ONLY","2026-06-23","20:00","LINE_OA","你習慣運動前還是運動後保養","NEEDS_HUMAN_REVIEW_SAFE_TERM_CHECK","","你習慣運動前還是運動後保養","你習慣運動前還是運動後保養

很多人不是不想保養，是不知道什麼情況該先問清楚。

這款定位是外用油膏，重點是局部按摩、依標示使用。衛署成製015614，乙類成藥，資料可至衛福部中藥許可證系統查詢。

外用產品請依標示使用；身體不適、症狀持續或惡化時，請諮詢醫師或藥師。
下單前可先私訊索取藥證查詢方式與外盒標示照片。","","圖卡：你習慣運動前還是運動後保養 / 藥證可查 / 依標示使用","建議搭配：外盒標示實拍、藥證查詢截圖、產品質地短影片、客服回覆截圖（遮個資）。","衛福部中藥許可證：衛署成製015614；類別：乙類成藥；劑型：油膏劑。","退換貨、付款、客服、出貨、價格、通路與任何見證內容，發布前須由人工確認。","NO_LINE_API_CALL_NO_AUTO_PUBLISH_REVIEW_QUEUE_ONLY","LINE014","LINE_OA_LINE014_V2","2026-06-10"
"LINE_DRYRUN_015","P2_SAFE_TERM_CHECK","APPROVE_FOR_MANUAL_SCHEDULE","APPROVE_FOR_MANUAL_SCHEDULE | NEEDS_REWRITE | REJECT | LEGAL_REVIEW","OWNER","2026-06-16","Owner approved for manual schedule export only. Not approved for auto-publishing.","NO","APPROVED_FOR_MANUAL_SCHEDULE_ONLY","2026-06-24","12:00","LINE_OA","搬重物後腰背保養","NEEDS_HUMAN_REVIEW_SAFE_TERM_CHECK","","搬重物後腰背保養","搬重物後腰背保養

運動、搬重物、久站後，身體局部不適時，先休息、觀察，再做保守保養。

這款定位是外用油膏，重點是局部按摩、依標示使用。衛署成製015614，乙類成藥，資料可至衛福部中藥許可證系統查詢。

外用產品請依標示使用；身體不適、症狀持續或惡化時，請諮詢醫師或藥師。
下單前可先私訊索取藥證查詢方式與外盒標示照片。","","圖卡：搬重物後腰背保養 / 藥證可查 / 依標示使用","建議搭配：外盒標示實拍、藥證查詢截圖、產品質地短影片、客服回覆截圖（遮個資）。","衛福部中藥許可證：衛署成製015614；類別：乙類成藥；劑型：油膏劑。","退換貨、付款、客服、出貨、價格、通路與任何見證內容，發布前須由人工確認。","NO_LINE_API_CALL_NO_AUTO_PUBLISH_REVIEW_QUEUE_ONLY","LINE015","LINE_OA_LINE015_V2","2026-06-11"
"LINE_DRYRUN_016","P2_SAFE_TERM_CHECK","APPROVE_FOR_MANUAL_SCHEDULE","APPROVE_FOR_MANUAL_SCHEDULE | NEEDS_REWRITE | REJECT | LEGAL_REVIEW","OWNER","2026-06-16","Owner approved for manual schedule export only. Not approved for auto-publishing.","NO","APPROVED_FOR_MANUAL_SCHEDULE_ONLY","2026-06-24","20:00","LINE_OA","樟腦外用時的注意界線","NEEDS_HUMAN_REVIEW_SAFE_TERM_CHECK","","樟腦外用時的注意界線","樟腦外用時的注意界線

下單前，先看得懂標示與成分，比聽誇張話術更安心。

這款定位是外用油膏，重點是局部按摩、依標示使用。衛署成製015614，乙類成藥，資料可至衛福部中藥許可證系統查詢。

外用產品請依標示使用；身體不適、症狀持續或惡化時，請諮詢醫師或藥師。
下單前可先私訊索取藥證查詢方式與外盒標示照片。","","圖卡：樟腦外用時的注意界線 / 藥證可查 / 依標示使用","建議搭配：外盒標示實拍、藥證查詢截圖、產品質地短影片、客服回覆截圖（遮個資）。","衛福部中藥許可證：衛署成製015614；類別：乙類成藥；劑型：油膏劑。","退換貨、付款、客服、出貨、價格、通路與任何見證內容，發布前須由人工確認。","NO_LINE_API_CALL_NO_AUTO_PUBLISH_REVIEW_QUEUE_ONLY","LINE016","LINE_OA_LINE016_V2","2026-06-11"
"LINE_DRYRUN_017","P1_REWRITTEN_RECHECK","APPROVE_FOR_MANUAL_SCHEDULE","APPROVE_FOR_MANUAL_SCHEDULE | NEEDS_REWRITE | REJECT | LEGAL_REVIEW","OWNER","2026-06-16","Owner approved for manual schedule export only. Not approved for auto-publishing.","NO","APPROVED_FOR_MANUAL_SCHEDULE_ONLY","2026-06-25","12:00","LINE_OA","輕微關節不適，日常保養要分清楚","PASS_REWRITTEN_PENDING_HUMAN_REVIEW","","輕微關節不適，日常保養要分清楚","輕微關節不適，日常保養要分清楚

幫長輩準備外用產品時，重點是安全、清楚、依標示使用，不把日常保養說成醫療效果。

這款定位是外用油膏，適合局部按摩放鬆與暫時舒緩日常不適。衛署成製015614，乙類成藥，資料可至衛福部中藥許可證系統查詢。

外用產品請依標示使用；身體不適、狀況持續或變嚴重時，請諮詢醫師或藥師。
下單前可先私訊索取藥證查詢方式與外盒標示照片。","保守教育型 LINE 貼文，強調依標示使用、局部按摩放鬆、身體狀況持續時諮詢醫師或藥師。","圖卡：輕微關節不適與日常保養要分清楚 / 藥證可查 / 依標示使用 / 局部按摩放鬆","建議搭配：外盒標示實拍、藥證查詢截圖、產品質地短影片、客服回覆截圖（遮個資）。","衛福部中藥許可證：衛署成製015614；類別：乙類成藥；劑型：油膏劑。","退換貨、付款、客服、出貨、價格、通路與任何見證內容，發布前須由人工確認。","NO_LINE_API_CALL_NO_AUTO_PUBLISH_REVIEW_QUEUE_ONLY","LINE017","LINE_OA_LINE017_V2","2026-06-12"
"LINE_DRYRUN_018","P2_SAFE_TERM_CHECK","APPROVE_FOR_MANUAL_SCHEDULE","APPROVE_FOR_MANUAL_SCHEDULE | NEEDS_REWRITE | REJECT | LEGAL_REVIEW","OWNER","2026-06-16","Owner approved for manual schedule export only. Not approved for auto-publishing.","NO","APPROVED_FOR_MANUAL_SCHEDULE_ONLY","2026-06-25","20:00","LINE_OA","不要搭配熱敷墊或電毯","NEEDS_HUMAN_REVIEW_SAFE_TERM_CHECK","","不要搭配熱敷墊或電毯","不要搭配熱敷墊或電毯

外用產品不是擦越多越好，用對位置、避開風險才安心。

這款定位是外用油膏，重點是局部按摩、依標示使用。衛署成製015614，乙類成藥，資料可至衛福部中藥許可證系統查詢。

外用產品請依標示使用；身體不適、症狀持續或惡化時，請諮詢醫師或藥師。
下單前可先私訊索取藥證查詢方式與外盒標示照片。","","圖卡：不要搭配熱敷墊或電毯 / 藥證可查 / 依標示使用","建議搭配：外盒標示實拍、藥證查詢截圖、產品質地短影片、客服回覆截圖（遮個資）。","衛福部中藥許可證：衛署成製015614；類別：乙類成藥；劑型：油膏劑。","退換貨、付款、客服、出貨、價格、通路與任何見證內容，發布前須由人工確認。","NO_LINE_API_CALL_NO_AUTO_PUBLISH_REVIEW_QUEUE_ONLY","LINE018","LINE_OA_LINE018_V2","2026-06-12"
"LINE_DRYRUN_019","P2_SAFE_TERM_CHECK","APPROVE_FOR_MANUAL_SCHEDULE","APPROVE_FOR_MANUAL_SCHEDULE | NEEDS_REWRITE | REJECT | LEGAL_REVIEW","OWNER","2026-06-16","Owner approved for manual schedule export only. Not approved for auto-publishing.","NO","APPROVED_FOR_MANUAL_SCHEDULE_ONLY","2026-06-26","12:00","LINE_OA","小暑前後活動舒適提醒","NEEDS_HUMAN_REVIEW_SAFE_TERM_CHECK","","小暑前後活動舒適提醒","小暑前後活動舒適提醒

換季時，身體保養不需要複雜，穩定的小習慣比較長久。

這款定位是外用油膏，重點是局部按摩、依標示使用。衛署成製015614，乙類成藥，資料可至衛福部中藥許可證系統查詢。

外用產品請依標示使用；身體不適、症狀持續或惡化時，請諮詢醫師或藥師。
下單前可先私訊索取藥證查詢方式與外盒標示照片。","","圖卡：小暑前後活動舒適提醒 / 藥證可查 / 依標示使用","建議搭配：外盒標示實拍、藥證查詢截圖、產品質地短影片、客服回覆截圖（遮個資）。","衛福部中藥許可證：衛署成製015614；類別：乙類成藥；劑型：油膏劑。","退換貨、付款、客服、出貨、價格、通路與任何見證內容，發布前須由人工確認。","NO_LINE_API_CALL_NO_AUTO_PUBLISH_REVIEW_QUEUE_ONLY","LINE019","LINE_OA_LINE019_V2","2026-06-13"
"LINE_DRYRUN_020","P2_SAFE_TERM_CHECK","APPROVE_FOR_MANUAL_SCHEDULE","APPROVE_FOR_MANUAL_SCHEDULE | NEEDS_REWRITE | REJECT | LEGAL_REVIEW","OWNER","2026-06-16","Owner approved for manual schedule export only. Not approved for auto-publishing.","NO","APPROVED_FOR_MANUAL_SCHEDULE_ONLY","2026-06-26","20:00","LINE_OA","爬山後腿部按摩提醒","NEEDS_HUMAN_REVIEW_SAFE_TERM_CHECK","","爬山後腿部按摩提醒","爬山後腿部按摩提醒

運動、搬重物、久站後，身體局部不適時，先休息、觀察，再做保守保養。

這款定位是外用油膏，重點是局部按摩、依標示使用。衛署成製015614，乙類成藥，資料可至衛福部中藥許可證系統查詢。

外用產品請依標示使用；身體不適、症狀持續或惡化時，請諮詢醫師或藥師。
下單前可先私訊索取藥證查詢方式與外盒標示照片。","","圖卡：爬山後腿部按摩提醒 / 藥證可查 / 依標示使用","建議搭配：外盒標示實拍、藥證查詢截圖、產品質地短影片、客服回覆截圖（遮個資）。","衛福部中藥許可證：衛署成製015614；類別：乙類成藥；劑型：油膏劑。","退換貨、付款、客服、出貨、價格、通路與任何見證內容，發布前須由人工確認。","NO_LINE_API_CALL_NO_AUTO_PUBLISH_REVIEW_QUEUE_ONLY","LINE020","LINE_OA_LINE020_V2","2026-06-13"
"LINE_DRYRUN_021","P2_SAFE_TERM_CHECK","APPROVE_FOR_MANUAL_SCHEDULE","APPROVE_FOR_MANUAL_SCHEDULE | NEEDS_REWRITE | REJECT | LEGAL_REVIEW","OWNER","2026-06-16","Owner approved for manual schedule export only. Not approved for auto-publishing.","NO","APPROVED_FOR_MANUAL_SCHEDULE_ONLY","2026-06-27","12:00","LINE_OA","外用膏一次擦多少才剛好","NEEDS_HUMAN_REVIEW_SAFE_TERM_CHECK","","外用膏一次擦多少才剛好","外用膏一次擦多少才剛好

很多人不是不想保養，是不知道什麼情況該先問清楚。

這款定位是外用油膏，重點是局部按摩、依標示使用。衛署成製015614，乙類成藥，資料可至衛福部中藥許可證系統查詢。

外用產品請依標示使用；身體不適、症狀持續或惡化時，請諮詢醫師或藥師。
下單前可先私訊索取藥證查詢方式與外盒標示照片。","","圖卡：外用膏一次擦多少才剛好 / 藥證可查 / 依標示使用","建議搭配：外盒標示實拍、藥證查詢截圖、產品質地短影片、客服回覆截圖（遮個資）。","衛福部中藥許可證：衛署成製015614；類別：乙類成藥；劑型：油膏劑。","退換貨、付款、客服、出貨、價格、通路與任何見證內容，發布前須由人工確認。","NO_LINE_API_CALL_NO_AUTO_PUBLISH_REVIEW_QUEUE_ONLY","LINE021","LINE_OA_LINE021_V2","2026-06-14"
"LINE_DRYRUN_022","P2_SAFE_TERM_CHECK","APPROVE_FOR_MANUAL_SCHEDULE","APPROVE_FOR_MANUAL_SCHEDULE | NEEDS_REWRITE | REJECT | LEGAL_REVIEW","OWNER","2026-06-16","Owner approved for manual schedule export only. Not approved for auto-publishing.","NO","APPROVED_FOR_MANUAL_SCHEDULE_ONLY","2026-06-27","20:00","LINE_OA","散步後的膝周保養","NEEDS_HUMAN_REVIEW_SAFE_TERM_CHECK","","散步後的膝周保養","散步後的膝周保養

幫長輩準備外用產品時，最重要的是安全、清楚、不要亂用。

這款定位是外用油膏，重點是局部按摩、依標示使用。衛署成製015614，乙類成藥，資料可至衛福部中藥許可證系統查詢。

外用產品請依標示使用；身體不適、症狀持續或惡化時，請諮詢醫師或藥師。
下單前可先私訊索取藥證查詢方式與外盒標示照片。","","圖卡：散步後的膝周保養 / 藥證可查 / 依標示使用","建議搭配：外盒標示實拍、藥證查詢截圖、產品質地短影片、客服回覆截圖（遮個資）。","衛福部中藥許可證：衛署成製015614；類別：乙類成藥；劑型：油膏劑。","退換貨、付款、客服、出貨、價格、通路與任何見證內容，發布前須由人工確認。","NO_LINE_API_CALL_NO_AUTO_PUBLISH_REVIEW_QUEUE_ONLY","LINE022","LINE_OA_LINE022_V2","2026-06-14"
"LINE_DRYRUN_023","P2_SAFE_TERM_CHECK","APPROVE_FOR_MANUAL_SCHEDULE","APPROVE_FOR_MANUAL_SCHEDULE | NEEDS_REWRITE | REJECT | LEGAL_REVIEW","OWNER","2026-06-16","Owner approved for manual schedule export only. Not approved for auto-publishing.","NO","APPROVED_FOR_MANUAL_SCHEDULE_ONLY","2026-06-28","12:00","LINE_OA","午休前的肩頸放鬆流程","NEEDS_HUMAN_REVIEW_SAFE_TERM_CHECK","","午休前的肩頸放鬆流程","午休前的肩頸放鬆流程

久坐、低頭、開會一整天後，肩頸常會提醒你該放鬆一下。

這款定位是外用油膏，重點是局部按摩、依標示使用。衛署成製015614，乙類成藥，資料可至衛福部中藥許可證系統查詢。

外用產品請依標示使用；身體不適、症狀持續或惡化時，請諮詢醫師或藥師。
下單前可先私訊索取藥證查詢方式與外盒標示照片。","","圖卡：午休前的肩頸放鬆流程 / 藥證可查 / 依標示使用","建議搭配：外盒標示實拍、藥證查詢截圖、產品質地短影片、客服回覆截圖（遮個資）。","衛福部中藥許可證：衛署成製015614；類別：乙類成藥；劑型：油膏劑。","退換貨、付款、客服、出貨、價格、通路與任何見證內容，發布前須由人工確認。","NO_LINE_API_CALL_NO_AUTO_PUBLISH_REVIEW_QUEUE_ONLY","LINE023","LINE_OA_LINE023_V2","2026-06-15"
"LINE_DRYRUN_024","P2_SAFE_TERM_CHECK","APPROVE_FOR_MANUAL_SCHEDULE","APPROVE_FOR_MANUAL_SCHEDULE | NEEDS_REWRITE | REJECT | LEGAL_REVIEW","OWNER","2026-06-16","Owner approved for manual schedule export only. Not approved for auto-publishing.","NO","APPROVED_FOR_MANUAL_SCHEDULE_ONLY","2026-06-28","20:00","LINE_OA","油膏劑為什麼適合局部按摩","NEEDS_HUMAN_REVIEW_SAFE_TERM_CHECK","","油膏劑為什麼適合局部按摩","油膏劑為什麼適合局部按摩

下單前，先看得懂標示與成分，比聽誇張話術更安心。

這款定位是外用油膏，重點是局部按摩、依標示使用。衛署成製015614，乙類成藥，資料可至衛福部中藥許可證系統查詢。

外用產品請依標示使用；身體不適、症狀持續或惡化時，請諮詢醫師或藥師。
下單前可先私訊索取藥證查詢方式與外盒標示照片。","","圖卡：油膏劑為什麼適合局部按摩 / 藥證可查 / 依標示使用","建議搭配：外盒標示實拍、藥證查詢截圖、產品質地短影片、客服回覆截圖（遮個資）。","衛福部中藥許可證：衛署成製015614；類別：乙類成藥；劑型：油膏劑。","退換貨、付款、客服、出貨、價格、通路與任何見證內容，發布前須由人工確認。","NO_LINE_API_CALL_NO_AUTO_PUBLISH_REVIEW_QUEUE_ONLY","LINE024","LINE_OA_LINE024_V2","2026-06-15"
"LINE_DRYRUN_025","P2_SAFE_TERM_CHECK","APPROVE_FOR_MANUAL_SCHEDULE","APPROVE_FOR_MANUAL_SCHEDULE | NEEDS_REWRITE | REJECT | LEGAL_REVIEW","OWNER","2026-06-16","Owner approved for manual schedule export only. Not approved for auto-publishing.","NO","APPROVED_FOR_MANUAL_SCHEDULE_ONLY","2026-06-29","12:00","LINE_OA","大暑午後少久站硬撐","NEEDS_HUMAN_REVIEW_SAFE_TERM_CHECK","","大暑午後少久站硬撐","大暑午後少久站硬撐

換季時，身體保養不需要複雜，穩定的小習慣比較長久。

這款定位是外用油膏，重點是局部按摩、依標示使用。衛署成製015614，乙類成藥，資料可至衛福部中藥許可證系統查詢。

外用產品請依標示使用；身體不適、症狀持續或惡化時，請諮詢醫師或藥師。
下單前可先私訊索取藥證查詢方式與外盒標示照片。","","圖卡：大暑午後少久站硬撐 / 藥證可查 / 依標示使用","建議搭配：外盒標示實拍、藥證查詢截圖、產品質地短影片、客服回覆截圖（遮個資）。","衛福部中藥許可證：衛署成製015614；類別：乙類成藥；劑型：油膏劑。","退換貨、付款、客服、出貨、價格、通路與任何見證內容，發布前須由人工確認。","NO_LINE_API_CALL_NO_AUTO_PUBLISH_REVIEW_QUEUE_ONLY","LINE025","LINE_OA_LINE025_V2","2026-06-16"
"LINE_DRYRUN_026","P2_SAFE_TERM_CHECK","APPROVE_FOR_MANUAL_SCHEDULE","APPROVE_FOR_MANUAL_SCHEDULE | NEEDS_REWRITE | REJECT | LEGAL_REVIEW","OWNER","2026-06-16","Owner approved for manual schedule export only. Not approved for auto-publishing.","NO","APPROVED_FOR_MANUAL_SCHEDULE_ONLY","2026-06-29","20:00","LINE_OA","不要密封包紮或大面積厚敷","NEEDS_HUMAN_REVIEW_SAFE_TERM_CHECK","","不要密封包紮或大面積厚敷","不要密封包紮或大面積厚敷

外用產品不是擦越多越好，用對位置、避開風險才安心。

這款定位是外用油膏，重點是局部按摩、依標示使用。衛署成製015614，乙類成藥，資料可至衛福部中藥許可證系統查詢。

外用產品請依標示使用；身體不適、症狀持續或惡化時，請諮詢醫師或藥師。
下單前可先私訊索取藥證查詢方式與外盒標示照片。","","圖卡：不要密封包紮或大面積厚敷 / 藥證可查 / 依標示使用","建議搭配：外盒標示實拍、藥證查詢截圖、產品質地短影片、客服回覆截圖（遮個資）。","衛福部中藥許可證：衛署成製015614；類別：乙類成藥；劑型：油膏劑。","退換貨、付款、客服、出貨、價格、通路與任何見證內容，發布前須由人工確認。","NO_LINE_API_CALL_NO_AUTO_PUBLISH_REVIEW_QUEUE_ONLY","LINE026","LINE_OA_LINE026_V2","2026-06-16"
"LINE_DRYRUN_027","P2_SAFE_TERM_CHECK","APPROVE_FOR_MANUAL_SCHEDULE","APPROVE_FOR_MANUAL_SCHEDULE | NEEDS_REWRITE | REJECT | LEGAL_REVIEW","OWNER","2026-06-16","Owner approved for manual schedule export only. Not approved for auto-publishing.","NO","APPROVED_FOR_MANUAL_SCHEDULE_ONLY","2026-06-30","12:00","LINE_OA","藥證可查代表什麼","NEEDS_HUMAN_REVIEW_SAFE_TERM_CHECK","","藥證可查代表什麼","藥證可查代表什麼

我們寧願把資料講清楚，也不想用誇大的話讓你衝動購買。

這款定位是外用油膏，重點是局部按摩、依標示使用。衛署成製015614，乙類成藥，資料可至衛福部中藥許可證系統查詢。

外用產品請依標示使用；身體不適、症狀持續或惡化時，請諮詢醫師或藥師。
下單前可先私訊索取藥證查詢方式與外盒標示照片。","","圖卡：藥證可查代表什麼 / 藥證可查 / 依標示使用","建議搭配：外盒標示實拍、藥證查詢截圖、產品質地短影片、客服回覆截圖（遮個資）。","衛福部中藥許可證：衛署成製015614；類別：乙類成藥；劑型：油膏劑。","退換貨、付款、客服、出貨、價格、通路與任何見證內容，發布前須由人工確認。","NO_LINE_API_CALL_NO_AUTO_PUBLISH_REVIEW_QUEUE_ONLY","LINE027","LINE_OA_LINE027_V2","2026-06-17"
"LINE_DRYRUN_028","P2_SAFE_TERM_CHECK","APPROVE_FOR_MANUAL_SCHEDULE","APPROVE_FOR_MANUAL_SCHEDULE | NEEDS_REWRITE | REJECT | LEGAL_REVIEW","OWNER","2026-06-16","Owner approved for manual schedule export only. Not approved for auto-publishing.","NO","APPROVED_FOR_MANUAL_SCHEDULE_ONLY","2026-06-30","20:00","LINE_OA","涼感越強越有效嗎","NEEDS_HUMAN_REVIEW_SAFE_TERM_CHECK","","涼感越強越有效嗎","涼感越強越有效嗎

很多人不是不想保養，是不知道什麼情況該先問清楚。

這款定位是外用油膏，重點是局部按摩、依標示使用。衛署成製015614，乙類成藥，資料可至衛福部中藥許可證系統查詢。

外用產品請依標示使用；身體不適、症狀持續或惡化時，請諮詢醫師或藥師。
下單前可先私訊索取藥證查詢方式與外盒標示照片。","","圖卡：涼感越強越有效嗎 / 藥證可查 / 依標示使用","建議搭配：外盒標示實拍、藥證查詢截圖、產品質地短影片、客服回覆截圖（遮個資）。","衛福部中藥許可證：衛署成製015614；類別：乙類成藥；劑型：油膏劑。","退換貨、付款、客服、出貨、價格、通路與任何見證內容，發布前須由人工確認。","NO_LINE_API_CALL_NO_AUTO_PUBLISH_REVIEW_QUEUE_ONLY","LINE028","LINE_OA_LINE028_V2","2026-06-17"
"LINE_DRYRUN_029","P3_STANDARD_REVIEW","APPROVE_FOR_MANUAL_SCHEDULE","APPROVE_FOR_MANUAL_SCHEDULE | NEEDS_REWRITE | REJECT | LEGAL_REVIEW","OWNER","2026-06-16","Owner approved for manual schedule export only. Not approved for auto-publishing.","NO","APPROVED_FOR_MANUAL_SCHEDULE_ONLY","2026-07-01","12:00","LINE_OA","重訓後肩背局部舒緩","PASS_DRY_RUN_PENDING_HUMAN_REVIEW","","重訓後肩背局部舒緩","重訓後肩背局部舒緩

運動、搬重物、久站後，身體局部不適時，先休息、觀察，再做保守保養。

這款定位是外用油膏，重點是局部按摩、依標示使用。衛署成製015614，乙類成藥，資料可至衛福部中藥許可證系統查詢。

外用產品請依標示使用；身體不適、症狀持續或惡化時，請諮詢醫師或藥師。
下單前可先私訊索取藥證查詢方式與外盒標示照片。","","圖卡：重訓後肩背局部舒緩 / 藥證可查 / 依標示使用","建議搭配：外盒標示實拍、藥證查詢截圖、產品質地短影片、客服回覆截圖（遮個資）。","衛福部中藥許可證：衛署成製015614；類別：乙類成藥；劑型：油膏劑。","退換貨、付款、客服、出貨、價格、通路與任何見證內容，發布前須由人工確認。","NO_LINE_API_CALL_NO_AUTO_PUBLISH_REVIEW_QUEUE_ONLY","LINE029","LINE_OA_LINE029_V2","2026-06-18"
"LINE_DRYRUN_030","P2_SAFE_TERM_CHECK","APPROVE_FOR_MANUAL_SCHEDULE","APPROVE_FOR_MANUAL_SCHEDULE | NEEDS_REWRITE | REJECT | LEGAL_REVIEW","OWNER","2026-06-16","Owner approved for manual schedule export only. Not approved for auto-publishing.","NO","APPROVED_FOR_MANUAL_SCHEDULE_ONLY","2026-07-01","20:00","LINE_OA","乙類成藥與一般保健品差異","NEEDS_HUMAN_REVIEW_SAFE_TERM_CHECK","","乙類成藥與一般保健品差異","乙類成藥與一般保健品差異

下單前，先看得懂標示與成分，比聽誇張話術更安心。

這款定位是外用油膏，重點是局部按摩、依標示使用。衛署成製015614，乙類成藥，資料可至衛福部中藥許可證系統查詢。

外用產品請依標示使用；身體不適、症狀持續或惡化時，請諮詢醫師或藥師。
下單前可先私訊索取藥證查詢方式與外盒標示照片。","","圖卡：乙類成藥與一般保健品差異 / 藥證可查 / 依標示使用","建議搭配：外盒標示實拍、藥證查詢截圖、產品質地短影片、客服回覆截圖（遮個資）。","衛福部中藥許可證：衛署成製015614；類別：乙類成藥；劑型：油膏劑。","退換貨、付款、客服、出貨、價格、通路與任何見證內容，發布前須由人工確認。","NO_LINE_API_CALL_NO_AUTO_PUBLISH_REVIEW_QUEUE_ONLY","LINE030","LINE_OA_LINE030_V2","2026-06-18"
"LINE_DRYRUN_031","P2_SAFE_TERM_CHECK","APPROVE_FOR_MANUAL_SCHEDULE","APPROVE_FOR_MANUAL_SCHEDULE | NEEDS_REWRITE | REJECT | LEGAL_REVIEW","OWNER","2026-06-16","Owner approved for manual schedule export only. Not approved for auto-publishing.","NO","APPROVED_FOR_MANUAL_SCHEDULE_ONLY","2026-07-02","12:00","LINE_OA","天氣變化時的活動舒適感","NEEDS_HUMAN_REVIEW_SAFE_TERM_CHECK","","天氣變化時的活動舒適感","天氣變化時的活動舒適感

幫長輩準備外用產品時，最重要的是安全、清楚、不要亂用。

這款定位是外用油膏，重點是局部按摩、依標示使用。衛署成製015614，乙類成藥，資料可至衛福部中藥許可證系統查詢。

外用產品請依標示使用；身體不適、症狀持續或惡化時，請諮詢醫師或藥師。
下單前可先私訊索取藥證查詢方式與外盒標示照片。","","圖卡：天氣變化時的活動舒適感 / 藥證可查 / 依標示使用","建議搭配：外盒標示實拍、藥證查詢截圖、產品質地短影片、客服回覆截圖（遮個資）。","衛福部中藥許可證：衛署成製015614；類別：乙類成藥；劑型：油膏劑。","退換貨、付款、客服、出貨、價格、通路與任何見證內容，發布前須由人工確認。","NO_LINE_API_CALL_NO_AUTO_PUBLISH_REVIEW_QUEUE_ONLY","LINE031","LINE_OA_LINE031_V2","2026-06-19"
"LINE_DRYRUN_032","P2_SAFE_TERM_CHECK","APPROVE_FOR_MANUAL_SCHEDULE","APPROVE_FOR_MANUAL_SCHEDULE | NEEDS_REWRITE | REJECT | LEGAL_REVIEW","OWNER","2026-06-16","Owner approved for manual schedule export only. Not approved for auto-publishing.","NO","APPROVED_FOR_MANUAL_SCHEDULE_ONLY","2026-07-02","20:00","LINE_OA","水楊酸或阿斯匹靈過敏者注意","NEEDS_HUMAN_REVIEW_SAFE_TERM_CHECK","","水楊酸或阿斯匹靈過敏者注意","水楊酸或阿斯匹靈過敏者注意

外用產品不是擦越多越好，用對位置、避開風險才安心。

這款定位是外用油膏，重點是局部按摩、依標示使用。衛署成製015614，乙類成藥，資料可至衛福部中藥許可證系統查詢。

外用產品請依標示使用；身體不適、症狀持續或惡化時，請諮詢醫師或藥師。
下單前可先私訊索取藥證查詢方式與外盒標示照片。","","圖卡：水楊酸或阿斯匹靈過敏者注意 / 藥證可查 / 依標示使用","建議搭配：外盒標示實拍、藥證查詢截圖、產品質地短影片、客服回覆截圖（遮個資）。","衛福部中藥許可證：衛署成製015614；類別：乙類成藥；劑型：油膏劑。","退換貨、付款、客服、出貨、價格、通路與任何見證內容，發布前須由人工確認。","NO_LINE_API_CALL_NO_AUTO_PUBLISH_REVIEW_QUEUE_ONLY","LINE032","LINE_OA_LINE032_V2","2026-06-19"
"LINE_DRYRUN_033","P2_SAFE_TERM_CHECK","APPROVE_FOR_MANUAL_SCHEDULE","APPROVE_FOR_MANUAL_SCHEDULE | NEEDS_REWRITE | REJECT | LEGAL_REVIEW","OWNER","2026-06-16","Owner approved for manual schedule export only. Not approved for auto-publishing.","NO","APPROVED_FOR_MANUAL_SCHEDULE_ONLY","2026-07-03","12:00","LINE_OA","立秋後早晚溫差保養","NEEDS_HUMAN_REVIEW_SAFE_TERM_CHECK","","立秋後早晚溫差保養","立秋後早晚溫差保養

換季時，身體保養不需要複雜，穩定的小習慣比較長久。

這款定位是外用油膏，重點是局部按摩、依標示使用。衛署成製015614，乙類成藥，資料可至衛福部中藥許可證系統查詢。

外用產品請依標示使用；身體不適、症狀持續或惡化時，請諮詢醫師或藥師。
下單前可先私訊索取藥證查詢方式與外盒標示照片。","","圖卡：立秋後早晚溫差保養 / 藥證可查 / 依標示使用","建議搭配：外盒標示實拍、藥證查詢截圖、產品質地短影片、客服回覆截圖（遮個資）。","衛福部中藥許可證：衛署成製015614；類別：乙類成藥；劑型：油膏劑。","退換貨、付款、客服、出貨、價格、通路與任何見證內容，發布前須由人工確認。","NO_LINE_API_CALL_NO_AUTO_PUBLISH_REVIEW_QUEUE_ONLY","LINE033","LINE_OA_LINE033_V2","2026-06-20"
"LINE_DRYRUN_034","P2_SAFE_TERM_CHECK","APPROVE_FOR_MANUAL_SCHEDULE","APPROVE_FOR_MANUAL_SCHEDULE | NEEDS_REWRITE | REJECT | LEGAL_REVIEW","OWNER","2026-06-16","Owner approved for manual schedule export only. Not approved for auto-publishing.","NO","APPROVED_FOR_MANUAL_SCHEDULE_ONLY","2026-07-03","20:00","LINE_OA","家事後手臂不適保養","NEEDS_HUMAN_REVIEW_SAFE_TERM_CHECK","","家事後手臂不適保養","家事後手臂不適保養

運動、搬重物、久站後，身體局部不適時，先休息、觀察，再做保守保養。

這款定位是外用油膏，重點是局部按摩、依標示使用。衛署成製015614，乙類成藥，資料可至衛福部中藥許可證系統查詢。

外用產品請依標示使用；身體不適、症狀持續或惡化時，請諮詢醫師或藥師。
下單前可先私訊索取藥證查詢方式與外盒標示照片。","","圖卡：家事後手臂不適保養 / 藥證可查 / 依標示使用","建議搭配：外盒標示實拍、藥證查詢截圖、產品質地短影片、客服回覆截圖（遮個資）。","衛福部中藥許可證：衛署成製015614；類別：乙類成藥；劑型：油膏劑。","退換貨、付款、客服、出貨、價格、通路與任何見證內容，發布前須由人工確認。","NO_LINE_API_CALL_NO_AUTO_PUBLISH_REVIEW_QUEUE_ONLY","LINE034","LINE_OA_LINE034_V2","2026-06-20"
"LINE_DRYRUN_035","P2_SAFE_TERM_CHECK","APPROVE_FOR_MANUAL_SCHEDULE","APPROVE_FOR_MANUAL_SCHEDULE | NEEDS_REWRITE | REJECT | LEGAL_REVIEW","OWNER","2026-06-16","Owner approved for manual schedule export only. Not approved for auto-publishing.","NO","APPROVED_FOR_MANUAL_SCHEDULE_ONLY","2026-07-04","12:00","LINE_OA","你有看過外用產品標示嗎","NEEDS_HUMAN_REVIEW_SAFE_TERM_CHECK","","你有看過外用產品標示嗎","你有看過外用產品標示嗎

很多人不是不想保養，是不知道什麼情況該先問清楚。

這款定位是外用油膏，重點是局部按摩、依標示使用。衛署成製015614，乙類成藥，資料可至衛福部中藥許可證系統查詢。

外用產品請依標示使用；身體不適、症狀持續或惡化時，請諮詢醫師或藥師。
下單前可先私訊索取藥證查詢方式與外盒標示照片。","","圖卡：你有看過外用產品標示嗎 / 藥證可查 / 依標示使用","建議搭配：外盒標示實拍、藥證查詢截圖、產品質地短影片、客服回覆截圖（遮個資）。","衛福部中藥許可證：衛署成製015614；類別：乙類成藥；劑型：油膏劑。","退換貨、付款、客服、出貨、價格、通路與任何見證內容，發布前須由人工確認。","NO_LINE_API_CALL_NO_AUTO_PUBLISH_REVIEW_QUEUE_ONLY","LINE035","LINE_OA_LINE035_V2","2026-06-21"
"LINE_DRYRUN_036","P2_SAFE_TERM_CHECK","APPROVE_FOR_MANUAL_SCHEDULE","APPROVE_FOR_MANUAL_SCHEDULE | NEEDS_REWRITE | REJECT | LEGAL_REVIEW","OWNER","2026-06-16","Owner approved for manual schedule export only. Not approved for auto-publishing.","NO","APPROVED_FOR_MANUAL_SCHEDULE_ONLY","2026-07-04","20:00","LINE_OA","長輩按摩力道不要過重","NEEDS_HUMAN_REVIEW_SAFE_TERM_CHECK","","長輩按摩力道不要過重","長輩按摩力道不要過重

幫長輩準備外用產品時，最重要的是安全、清楚、不要亂用。

這款定位是外用油膏，重點是局部按摩、依標示使用。衛署成製015614，乙類成藥，資料可至衛福部中藥許可證系統查詢。

外用產品請依標示使用；身體不適、症狀持續或惡化時，請諮詢醫師或藥師。
下單前可先私訊索取藥證查詢方式與外盒標示照片。","","圖卡：長輩按摩力道不要過重 / 藥證可查 / 依標示使用","建議搭配：外盒標示實拍、藥證查詢截圖、產品質地短影片、客服回覆截圖（遮個資）。","衛福部中藥許可證：衛署成製015614；類別：乙類成藥；劑型：油膏劑。","退換貨、付款、客服、出貨、價格、通路與任何見證內容，發布前須由人工確認。","NO_LINE_API_CALL_NO_AUTO_PUBLISH_REVIEW_QUEUE_ONLY","LINE036","LINE_OA_LINE036_V2","2026-06-21"
"LINE_DRYRUN_037","P2_SAFE_TERM_CHECK","APPROVE_FOR_MANUAL_SCHEDULE","APPROVE_FOR_MANUAL_SCHEDULE | NEEDS_REWRITE | REJECT | LEGAL_REVIEW","OWNER","2026-06-16","Owner approved for manual schedule export only. Not approved for auto-publishing.","NO","APPROVED_FOR_MANUAL_SCHEDULE_ONLY","2026-07-05","12:00","LINE_OA","開會久坐後的腰背舒緩","NEEDS_HUMAN_REVIEW_SAFE_TERM_CHECK","","開會久坐後的腰背舒緩","開會久坐後的腰背舒緩

久坐、低頭、開會一整天後，肩頸常會提醒你該放鬆一下。

這款定位是外用油膏，重點是局部按摩、依標示使用。衛署成製015614，乙類成藥，資料可至衛福部中藥許可證系統查詢。

外用產品請依標示使用；身體不適、症狀持續或惡化時，請諮詢醫師或藥師。
下單前可先私訊索取藥證查詢方式與外盒標示照片。","","圖卡：開會久坐後的腰背舒緩 / 藥證可查 / 依標示使用","建議搭配：外盒標示實拍、藥證查詢截圖、產品質地短影片、客服回覆截圖（遮個資）。","衛福部中藥許可證：衛署成製015614；類別：乙類成藥；劑型：油膏劑。","退換貨、付款、客服、出貨、價格、通路與任何見證內容，發布前須由人工確認。","NO_LINE_API_CALL_NO_AUTO_PUBLISH_REVIEW_QUEUE_ONLY","LINE037","LINE_OA_LINE037_V2","2026-06-22"
"LINE_DRYRUN_038","P2_SAFE_TERM_CHECK","APPROVE_FOR_MANUAL_SCHEDULE","APPROVE_FOR_MANUAL_SCHEDULE | NEEDS_REWRITE | REJECT | LEGAL_REVIEW","OWNER","2026-06-16","Owner approved for manual schedule export only. Not approved for auto-publishing.","NO","APPROVED_FOR_MANUAL_SCHEDULE_ONLY","2026-07-05","20:00","LINE_OA","一條根外用膏的日常定位","NEEDS_HUMAN_REVIEW_SAFE_TERM_CHECK","","一條根外用膏的日常定位","一條根外用膏的日常定位

下單前，先看得懂標示與成分，比聽誇張話術更安心。

這款定位是外用油膏，重點是局部按摩、依標示使用。衛署成製015614，乙類成藥，資料可至衛福部中藥許可證系統查詢。

外用產品請依標示使用；身體不適、症狀持續或惡化時，請諮詢醫師或藥師。
下單前可先私訊索取藥證查詢方式與外盒標示照片。","","圖卡：一條根外用膏的日常定位 / 藥證可查 / 依標示使用","建議搭配：外盒標示實拍、藥證查詢截圖、產品質地短影片、客服回覆截圖（遮個資）。","衛福部中藥許可證：衛署成製015614；類別：乙類成藥；劑型：油膏劑。","退換貨、付款、客服、出貨、價格、通路與任何見證內容，發布前須由人工確認。","NO_LINE_API_CALL_NO_AUTO_PUBLISH_REVIEW_QUEUE_ONLY","LINE038","LINE_OA_LINE038_V2","2026-06-22"
"LINE_DRYRUN_039","P2_SAFE_TERM_CHECK","APPROVE_FOR_MANUAL_SCHEDULE","APPROVE_FOR_MANUAL_SCHEDULE | NEEDS_REWRITE | REJECT | LEGAL_REVIEW","OWNER","2026-06-16","Owner approved for manual schedule export only. Not approved for auto-publishing.","NO","APPROVED_FOR_MANUAL_SCHEDULE_ONLY","2026-07-06","12:00","LINE_OA","處暑後運動暖身提醒","NEEDS_HUMAN_REVIEW_SAFE_TERM_CHECK","","處暑後運動暖身提醒","處暑後運動暖身提醒

換季時，身體保養不需要複雜，穩定的小習慣比較長久。

這款定位是外用油膏，重點是局部按摩、依標示使用。衛署成製015614，乙類成藥，資料可至衛福部中藥許可證系統查詢。

外用產品請依標示使用；身體不適、症狀持續或惡化時，請諮詢醫師或藥師。
下單前可先私訊索取藥證查詢方式與外盒標示照片。","","圖卡：處暑後運動暖身提醒 / 藥證可查 / 依標示使用","建議搭配：外盒標示實拍、藥證查詢截圖、產品質地短影片、客服回覆截圖（遮個資）。","衛福部中藥許可證：衛署成製015614；類別：乙類成藥；劑型：油膏劑。","退換貨、付款、客服、出貨、價格、通路與任何見證內容，發布前須由人工確認。","NO_LINE_API_CALL_NO_AUTO_PUBLISH_REVIEW_QUEUE_ONLY","LINE039","LINE_OA_LINE039_V2","2026-06-23"
"LINE_DRYRUN_040","P2_SAFE_TERM_CHECK","APPROVE_FOR_MANUAL_SCHEDULE","APPROVE_FOR_MANUAL_SCHEDULE | NEEDS_REWRITE | REJECT | LEGAL_REVIEW","OWNER","2026-06-16","Owner approved for manual schedule export only. Not approved for auto-publishing.","NO","APPROVED_FOR_MANUAL_SCHEDULE_ONLY","2026-07-06","20:00","LINE_OA","兒童使用前的安全提醒","NEEDS_HUMAN_REVIEW_SAFE_TERM_CHECK","","兒童使用前的安全提醒","兒童使用前的安全提醒

外用產品不是擦越多越好，用對位置、避開風險才安心。

這款定位是外用油膏，重點是局部按摩、依標示使用。衛署成製015614，乙類成藥，資料可至衛福部中藥許可證系統查詢。

外用產品請依標示使用；身體不適、症狀持續或惡化時，請諮詢醫師或藥師。
下單前可先私訊索取藥證查詢方式與外盒標示照片。","","圖卡：兒童使用前的安全提醒 / 藥證可查 / 依標示使用","建議搭配：外盒標示實拍、藥證查詢截圖、產品質地短影片、客服回覆截圖（遮個資）。","衛福部中藥許可證：衛署成製015614；類別：乙類成藥；劑型：油膏劑。","退換貨、付款、客服、出貨、價格、通路與任何見證內容，發布前須由人工確認。","NO_LINE_API_CALL_NO_AUTO_PUBLISH_REVIEW_QUEUE_ONLY","LINE040","LINE_OA_LINE040_V2","2026-06-23"
"LINE_DRYRUN_041","P2_SAFE_TERM_CHECK","APPROVE_FOR_MANUAL_SCHEDULE","APPROVE_FOR_MANUAL_SCHEDULE | NEEDS_REWRITE | REJECT | LEGAL_REVIEW","OWNER","2026-06-16","Owner approved for manual schedule export only. Not approved for auto-publishing.","NO","APPROVED_FOR_MANUAL_SCHEDULE_ONLY","2026-07-07","12:00","LINE_OA","外用膏廣告為什麼要保守","NEEDS_HUMAN_REVIEW_SAFE_TERM_CHECK","","外用膏廣告為什麼要保守","外用膏廣告為什麼要保守

我們寧願把資料講清楚，也不想用誇大的話讓你衝動購買。

這款定位是外用油膏，重點是局部按摩、依標示使用。衛署成製015614，乙類成藥，資料可至衛福部中藥許可證系統查詢。

外用產品請依標示使用；身體不適、症狀持續或惡化時，請諮詢醫師或藥師。
下單前可先私訊索取藥證查詢方式與外盒標示照片。","","圖卡：外用膏廣告為什麼要保守 / 藥證可查 / 依標示使用","建議搭配：外盒標示實拍、藥證查詢截圖、產品質地短影片、客服回覆截圖（遮個資）。","衛福部中藥許可證：衛署成製015614；類別：乙類成藥；劑型：油膏劑。","退換貨、付款、客服、出貨、價格、通路與任何見證內容，發布前須由人工確認。","NO_LINE_API_CALL_NO_AUTO_PUBLISH_REVIEW_QUEUE_ONLY","LINE041","LINE_OA_LINE041_V2","2026-06-24"
"LINE_DRYRUN_042","P2_SAFE_TERM_CHECK","APPROVE_FOR_MANUAL_SCHEDULE","APPROVE_FOR_MANUAL_SCHEDULE | NEEDS_REWRITE | REJECT | LEGAL_REVIEW","OWNER","2026-06-16","Owner approved for manual schedule export only. Not approved for auto-publishing.","NO","APPROVED_FOR_MANUAL_SCHEDULE_ONLY","2026-07-07","20:00","LINE_OA","久坐族最想舒緩哪裡","NEEDS_HUMAN_REVIEW_SAFE_TERM_CHECK","","久坐族最想舒緩哪裡","久坐族最想舒緩哪裡

很多人不是不想保養，是不知道什麼情況該先問清楚。

這款定位是外用油膏，重點是局部按摩、依標示使用。衛署成製015614，乙類成藥，資料可至衛福部中藥許可證系統查詢。

外用產品請依標示使用；身體不適、症狀持續或惡化時，請諮詢醫師或藥師。
下單前可先私訊索取藥證查詢方式與外盒標示照片。","","圖卡：久坐族最想舒緩哪裡 / 藥證可查 / 依標示使用","建議搭配：外盒標示實拍、藥證查詢截圖、產品質地短影片、客服回覆截圖（遮個資）。","衛福部中藥許可證：衛署成製015614；類別：乙類成藥；劑型：油膏劑。","退換貨、付款、客服、出貨、價格、通路與任何見證內容，發布前須由人工確認。","NO_LINE_API_CALL_NO_AUTO_PUBLISH_REVIEW_QUEUE_ONLY","LINE042","LINE_OA_LINE042_V2","2026-06-24"
"LINE_DRYRUN_043","P2_SAFE_TERM_CHECK","APPROVE_FOR_MANUAL_SCHEDULE","APPROVE_FOR_MANUAL_SCHEDULE | NEEDS_REWRITE | REJECT | LEGAL_REVIEW","OWNER","2026-06-16","Owner approved for manual schedule export only. Not approved for auto-publishing.","NO","APPROVED_FOR_MANUAL_SCHEDULE_ONLY","2026-07-08","12:00","LINE_OA","跑步後膝周不適的保守提醒","NEEDS_HUMAN_REVIEW_SAFE_TERM_CHECK","","跑步後膝周不適的保守提醒","跑步後膝周不適的保守提醒

運動、搬重物、久站後，身體局部不適時，先休息、觀察，再做保守保養。

這款定位是外用油膏，重點是局部按摩、依標示使用。衛署成製015614，乙類成藥，資料可至衛福部中藥許可證系統查詢。

外用產品請依標示使用；身體不適、症狀持續或惡化時，請諮詢醫師或藥師。
下單前可先私訊索取藥證查詢方式與外盒標示照片。","","圖卡：跑步後膝周不適的保守提醒 / 藥證可查 / 依標示使用","建議搭配：外盒標示實拍、藥證查詢截圖、產品質地短影片、客服回覆截圖（遮個資）。","衛福部中藥許可證：衛署成製015614；類別：乙類成藥；劑型：油膏劑。","退換貨、付款、客服、出貨、價格、通路與任何見證內容，發布前須由人工確認。","NO_LINE_API_CALL_NO_AUTO_PUBLISH_REVIEW_QUEUE_ONLY","LINE043","LINE_OA_LINE043_V2","2026-06-25"
"LINE_DRYRUN_044","P2_SAFE_TERM_CHECK","APPROVE_FOR_MANUAL_SCHEDULE","APPROVE_FOR_MANUAL_SCHEDULE | NEEDS_REWRITE | REJECT | LEGAL_REVIEW","OWNER","2026-06-16","Owner approved for manual schedule export only. Not approved for auto-publishing.","NO","APPROVED_FOR_MANUAL_SCHEDULE_ONLY","2026-07-08","20:00","LINE_OA","成分濃度為什麼要看標示","NEEDS_HUMAN_REVIEW_SAFE_TERM_CHECK","","成分濃度為什麼要看標示","成分濃度為什麼要看標示

下單前，先看得懂標示與成分，比聽誇張話術更安心。

這款定位是外用油膏，重點是局部按摩、依標示使用。衛署成製015614，乙類成藥，資料可至衛福部中藥許可證系統查詢。

外用產品請依標示使用；身體不適、症狀持續或惡化時，請諮詢醫師或藥師。
下單前可先私訊索取藥證查詢方式與外盒標示照片。","","圖卡：成分濃度為什麼要看標示 / 藥證可查 / 依標示使用","建議搭配：外盒標示實拍、藥證查詢截圖、產品質地短影片、客服回覆截圖（遮個資）。","衛福部中藥許可證：衛署成製015614；類別：乙類成藥；劑型：油膏劑。","退換貨、付款、客服、出貨、價格、通路與任何見證內容，發布前須由人工確認。","NO_LINE_API_CALL_NO_AUTO_PUBLISH_REVIEW_QUEUE_ONLY","LINE044","LINE_OA_LINE044_V2","2026-06-25"
"LINE_DRYRUN_045","P2_SAFE_TERM_CHECK","APPROVE_FOR_MANUAL_SCHEDULE","APPROVE_FOR_MANUAL_SCHEDULE | NEEDS_REWRITE | REJECT | LEGAL_REVIEW","OWNER","2026-06-16","Owner approved for manual schedule export only. Not approved for auto-publishing.","NO","APPROVED_FOR_MANUAL_SCHEDULE_ONLY","2026-07-09","12:00","LINE_OA","照顧爸媽時的外用提醒","NEEDS_HUMAN_REVIEW_SAFE_TERM_CHECK","","照顧爸媽時的外用提醒","照顧爸媽時的外用提醒

幫長輩準備外用產品時，最重要的是安全、清楚、不要亂用。

這款定位是外用油膏，重點是局部按摩、依標示使用。衛署成製015614，乙類成藥，資料可至衛福部中藥許可證系統查詢。

外用產品請依標示使用；身體不適、症狀持續或惡化時，請諮詢醫師或藥師。
下單前可先私訊索取藥證查詢方式與外盒標示照片。","","圖卡：照顧爸媽時的外用提醒 / 藥證可查 / 依標示使用","建議搭配：外盒標示實拍、藥證查詢截圖、產品質地短影片、客服回覆截圖（遮個資）。","衛福部中藥許可證：衛署成製015614；類別：乙類成藥；劑型：油膏劑。","退換貨、付款、客服、出貨、價格、通路與任何見證內容，發布前須由人工確認。","NO_LINE_API_CALL_NO_AUTO_PUBLISH_REVIEW_QUEUE_ONLY","LINE045","LINE_OA_LINE045_V2","2026-06-26"
"LINE_DRYRUN_046","P2_SAFE_TERM_CHECK","APPROVE_FOR_MANUAL_SCHEDULE","APPROVE_FOR_MANUAL_SCHEDULE | NEEDS_REWRITE | REJECT | LEGAL_REVIEW","OWNER","2026-06-16","Owner approved for manual schedule export only. Not approved for auto-publishing.","NO","APPROVED_FOR_MANUAL_SCHEDULE_ONLY","2026-07-09","20:00","LINE_OA","孕婦與哺乳族群先詢問專業人員","NEEDS_HUMAN_REVIEW_SAFE_TERM_CHECK","","孕婦與哺乳族群先詢問專業人員","孕婦與哺乳族群先詢問專業人員

外用產品不是擦越多越好，用對位置、避開風險才安心。

這款定位是外用油膏，重點是局部按摩、依標示使用。衛署成製015614，乙類成藥，資料可至衛福部中藥許可證系統查詢。

外用產品請依標示使用；身體不適、症狀持續或惡化時，請諮詢醫師或藥師。
下單前可先私訊索取藥證查詢方式與外盒標示照片。","","圖卡：孕婦與哺乳族群先詢問專業人員 / 藥證可查 / 依標示使用","建議搭配：外盒標示實拍、藥證查詢截圖、產品質地短影片、客服回覆截圖（遮個資）。","衛福部中藥許可證：衛署成製015614；類別：乙類成藥；劑型：油膏劑。","退換貨、付款、客服、出貨、價格、通路與任何見證內容，發布前須由人工確認。","NO_LINE_API_CALL_NO_AUTO_PUBLISH_REVIEW_QUEUE_ONLY","LINE046","LINE_OA_LINE046_V2","2026-06-26"
"LINE_DRYRUN_047","P2_SAFE_TERM_CHECK","APPROVE_FOR_MANUAL_SCHEDULE","APPROVE_FOR_MANUAL_SCHEDULE | NEEDS_REWRITE | REJECT | LEGAL_REVIEW","OWNER","2026-06-16","Owner approved for manual schedule export only. Not approved for auto-publishing.","NO","APPROVED_FOR_MANUAL_SCHEDULE_ONLY","2026-07-10","12:00","LINE_OA","白露時節關心長輩活動","NEEDS_HUMAN_REVIEW_SAFE_TERM_CHECK","","白露時節關心長輩活動","白露時節關心長輩活動

換季時，身體保養不需要複雜，穩定的小習慣比較長久。

這款定位是外用油膏，重點是局部按摩、依標示使用。衛署成製015614，乙類成藥，資料可至衛福部中藥許可證系統查詢。

外用產品請依標示使用；身體不適、症狀持續或惡化時，請諮詢醫師或藥師。
下單前可先私訊索取藥證查詢方式與外盒標示照片。","","圖卡：白露時節關心長輩活動 / 藥證可查 / 依標示使用","建議搭配：外盒標示實拍、藥證查詢截圖、產品質地短影片、客服回覆截圖（遮個資）。","衛福部中藥許可證：衛署成製015614；類別：乙類成藥；劑型：油膏劑。","退換貨、付款、客服、出貨、價格、通路與任何見證內容，發布前須由人工確認。","NO_LINE_API_CALL_NO_AUTO_PUBLISH_REVIEW_QUEUE_ONLY","LINE047","LINE_OA_LINE047_V2","2026-06-27"
"LINE_DRYRUN_048","P2_SAFE_TERM_CHECK","APPROVE_FOR_MANUAL_SCHEDULE","APPROVE_FOR_MANUAL_SCHEDULE | NEEDS_REWRITE | REJECT | LEGAL_REVIEW","OWNER","2026-06-16","Owner approved for manual schedule export only. Not approved for auto-publishing.","NO","APPROVED_FOR_MANUAL_SCHEDULE_ONLY","2026-07-10","20:00","LINE_OA","勞動後先休息再按摩","NEEDS_HUMAN_REVIEW_SAFE_TERM_CHECK","","勞動後先休息再按摩","勞動後先休息再按摩

運動、搬重物、久站後，身體局部不適時，先休息、觀察，再做保守保養。

這款定位是外用油膏，重點是局部按摩、依標示使用。衛署成製015614，乙類成藥，資料可至衛福部中藥許可證系統查詢。

外用產品請依標示使用；身體不適、症狀持續或惡化時，請諮詢醫師或藥師。
下單前可先私訊索取藥證查詢方式與外盒標示照片。","","圖卡：勞動後先休息再按摩 / 藥證可查 / 依標示使用","建議搭配：外盒標示實拍、藥證查詢截圖、產品質地短影片、客服回覆截圖（遮個資）。","衛福部中藥許可證：衛署成製015614；類別：乙類成藥；劑型：油膏劑。","退換貨、付款、客服、出貨、價格、通路與任何見證內容，發布前須由人工確認。","NO_LINE_API_CALL_NO_AUTO_PUBLISH_REVIEW_QUEUE_ONLY","LINE048","LINE_OA_LINE048_V2","2026-06-27"
"LINE_DRYRUN_049","P2_SAFE_TERM_CHECK","APPROVE_FOR_MANUAL_SCHEDULE","APPROVE_FOR_MANUAL_SCHEDULE | NEEDS_REWRITE | REJECT | LEGAL_REVIEW","OWNER","2026-06-16","Owner approved for manual schedule export only. Not approved for auto-publishing.","NO","APPROVED_FOR_MANUAL_SCHEDULE_ONLY","2026-07-11","12:00","LINE_OA","長輩使用外用膏你會提醒什麼","NEEDS_HUMAN_REVIEW_SAFE_TERM_CHECK","","長輩使用外用膏你會提醒什麼","長輩使用外用膏你會提醒什麼

很多人不是不想保養，是不知道什麼情況該先問清楚。

這款定位是外用油膏，重點是局部按摩、依標示使用。衛署成製015614，乙類成藥，資料可至衛福部中藥許可證系統查詢。

外用產品請依標示使用；身體不適、症狀持續或惡化時，請諮詢醫師或藥師。
下單前可先私訊索取藥證查詢方式與外盒標示照片。","","圖卡：長輩使用外用膏你會提醒什麼 / 藥證可查 / 依標示使用","建議搭配：外盒標示實拍、藥證查詢截圖、產品質地短影片、客服回覆截圖（遮個資）。","衛福部中藥許可證：衛署成製015614；類別：乙類成藥；劑型：油膏劑。","退換貨、付款、客服、出貨、價格、通路與任何見證內容，發布前須由人工確認。","NO_LINE_API_CALL_NO_AUTO_PUBLISH_REVIEW_QUEUE_ONLY","LINE049","LINE_OA_LINE049_V2","2026-06-28"
"LINE_DRYRUN_050","P2_SAFE_TERM_CHECK","APPROVE_FOR_MANUAL_SCHEDULE","APPROVE_FOR_MANUAL_SCHEDULE | NEEDS_REWRITE | REJECT | LEGAL_REVIEW","OWNER","2026-06-16","Owner approved for manual schedule export only. Not approved for auto-publishing.","NO","APPROVED_FOR_MANUAL_SCHEDULE_ONLY","2026-07-11","20:00","LINE_OA","日常活動舒適度的三個習慣","NEEDS_HUMAN_REVIEW_SAFE_TERM_CHECK","","日常活動舒適度的三個習慣","日常活動舒適度的三個習慣

幫長輩準備外用產品時，最重要的是安全、清楚、不要亂用。

這款定位是外用油膏，重點是局部按摩、依標示使用。衛署成製015614，乙類成藥，資料可至衛福部中藥許可證系統查詢。

外用產品請依標示使用；身體不適、症狀持續或惡化時，請諮詢醫師或藥師。
下單前可先私訊索取藥證查詢方式與外盒標示照片。","","圖卡：日常活動舒適度的三個習慣 / 藥證可查 / 依標示使用","建議搭配：外盒標示實拍、藥證查詢截圖、產品質地短影片、客服回覆截圖（遮個資）。","衛福部中藥許可證：衛署成製015614；類別：乙類成藥；劑型：油膏劑。","退換貨、付款、客服、出貨、價格、通路與任何見證內容，發布前須由人工確認。","NO_LINE_API_CALL_NO_AUTO_PUBLISH_REVIEW_QUEUE_ONLY","LINE050","LINE_OA_LINE050_V2","2026-06-28"
"LINE_DRYRUN_051","P2_SAFE_TERM_CHECK","APPROVE_FOR_MANUAL_SCHEDULE","APPROVE_FOR_MANUAL_SCHEDULE | NEEDS_REWRITE | REJECT | LEGAL_REVIEW","OWNER","2026-06-16","Owner approved for manual schedule export only. Not approved for auto-publishing.","NO","APPROVED_FOR_MANUAL_SCHEDULE_ONLY","2026-07-12","12:00","LINE_OA","下班前五分鐘伸展","NEEDS_HUMAN_REVIEW_SAFE_TERM_CHECK","","下班前五分鐘伸展","下班前五分鐘伸展

久坐、低頭、開會一整天後，肩頸常會提醒你該放鬆一下。

這款定位是外用油膏，重點是局部按摩、依標示使用。衛署成製015614，乙類成藥，資料可至衛福部中藥許可證系統查詢。

外用產品請依標示使用；身體不適、症狀持續或惡化時，請諮詢醫師或藥師。
下單前可先私訊索取藥證查詢方式與外盒標示照片。","","圖卡：下班前五分鐘伸展 / 藥證可查 / 依標示使用","建議搭配：外盒標示實拍、藥證查詢截圖、產品質地短影片、客服回覆截圖（遮個資）。","衛福部中藥許可證：衛署成製015614；類別：乙類成藥；劑型：油膏劑。","退換貨、付款、客服、出貨、價格、通路與任何見證內容，發布前須由人工確認。","NO_LINE_API_CALL_NO_AUTO_PUBLISH_REVIEW_QUEUE_ONLY","LINE051","LINE_OA_LINE051_V2","2026-06-29"
"LINE_DRYRUN_052","P2_SAFE_TERM_CHECK","APPROVE_FOR_MANUAL_SCHEDULE","APPROVE_FOR_MANUAL_SCHEDULE | NEEDS_REWRITE | REJECT | LEGAL_REVIEW","OWNER","2026-06-16","Owner approved for manual schedule export only. Not approved for auto-publishing.","NO","APPROVED_FOR_MANUAL_SCHEDULE_ONLY","2026-07-12","20:00","LINE_OA","局部按摩和大面積厚敷的差別","NEEDS_HUMAN_REVIEW_SAFE_TERM_CHECK","","局部按摩和大面積厚敷的差別","局部按摩和大面積厚敷的差別

下單前，先看得懂標示與成分，比聽誇張話術更安心。

這款定位是外用油膏，重點是局部按摩、依標示使用。衛署成製015614，乙類成藥，資料可至衛福部中藥許可證系統查詢。

外用產品請依標示使用；身體不適、症狀持續或惡化時，請諮詢醫師或藥師。
下單前可先私訊索取藥證查詢方式與外盒標示照片。","","圖卡：局部按摩和大面積厚敷的差別 / 藥證可查 / 依標示使用","建議搭配：外盒標示實拍、藥證查詢截圖、產品質地短影片、客服回覆截圖（遮個資）。","衛福部中藥許可證：衛署成製015614；類別：乙類成藥；劑型：油膏劑。","退換貨、付款、客服、出貨、價格、通路與任何見證內容，發布前須由人工確認。","NO_LINE_API_CALL_NO_AUTO_PUBLISH_REVIEW_QUEUE_ONLY","LINE052","LINE_OA_LINE052_V2","2026-06-29"
"LINE_DRYRUN_053","P2_SAFE_TERM_CHECK","APPROVE_FOR_MANUAL_SCHEDULE","APPROVE_FOR_MANUAL_SCHEDULE | NEEDS_REWRITE | REJECT | LEGAL_REVIEW","OWNER","2026-06-16","Owner approved for manual schedule export only. Not approved for auto-publishing.","NO","APPROVED_FOR_MANUAL_SCHEDULE_ONLY","2026-07-13","12:00","LINE_OA","秋分後外出前暖身","NEEDS_HUMAN_REVIEW_SAFE_TERM_CHECK","","秋分後外出前暖身","秋分後外出前暖身

換季時，身體保養不需要複雜，穩定的小習慣比較長久。

這款定位是外用油膏，重點是局部按摩、依標示使用。衛署成製015614，乙類成藥，資料可至衛福部中藥許可證系統查詢。

外用產品請依標示使用；身體不適、症狀持續或惡化時，請諮詢醫師或藥師。
下單前可先私訊索取藥證查詢方式與外盒標示照片。","","圖卡：秋分後外出前暖身 / 藥證可查 / 依標示使用","建議搭配：外盒標示實拍、藥證查詢截圖、產品質地短影片、客服回覆截圖（遮個資）。","衛福部中藥許可證：衛署成製015614；類別：乙類成藥；劑型：油膏劑。","退換貨、付款、客服、出貨、價格、通路與任何見證內容，發布前須由人工確認。","NO_LINE_API_CALL_NO_AUTO_PUBLISH_REVIEW_QUEUE_ONLY","LINE053","LINE_OA_LINE053_V2","2026-06-30"
"LINE_DRYRUN_054","P2_SAFE_TERM_CHECK","APPROVE_FOR_MANUAL_SCHEDULE","APPROVE_FOR_MANUAL_SCHEDULE | NEEDS_REWRITE | REJECT | LEGAL_REVIEW","OWNER","2026-06-16","Owner approved for manual schedule export only. Not approved for auto-publishing.","NO","APPROVED_FOR_MANUAL_SCHEDULE_ONLY","2026-07-13","20:00","LINE_OA","症狀超過七天要停用並諮詢","NEEDS_HUMAN_REVIEW_SAFE_TERM_CHECK","","症狀超過七天要停用並諮詢","症狀超過七天要停用並諮詢

外用產品不是擦越多越好，用對位置、避開風險才安心。

這款定位是外用油膏，重點是局部按摩、依標示使用。衛署成製015614，乙類成藥，資料可至衛福部中藥許可證系統查詢。

外用產品請依標示使用；身體不適、症狀持續或惡化時，請諮詢醫師或藥師。
下單前可先私訊索取藥證查詢方式與外盒標示照片。","","圖卡：症狀超過七天要停用並諮詢 / 藥證可查 / 依標示使用","建議搭配：外盒標示實拍、藥證查詢截圖、產品質地短影片、客服回覆截圖（遮個資）。","衛福部中藥許可證：衛署成製015614；類別：乙類成藥；劑型：油膏劑。","退換貨、付款、客服、出貨、價格、通路與任何見證內容，發布前須由人工確認。","NO_LINE_API_CALL_NO_AUTO_PUBLISH_REVIEW_QUEUE_ONLY","LINE054","LINE_OA_LINE054_V2","2026-06-30"
"LINE_DRYRUN_055","P2_SAFE_TERM_CHECK","APPROVE_FOR_MANUAL_SCHEDULE","APPROVE_FOR_MANUAL_SCHEDULE | NEEDS_REWRITE | REJECT | LEGAL_REVIEW","OWNER","2026-06-16","Owner approved for manual schedule export only. Not approved for auto-publishing.","NO","APPROVED_FOR_MANUAL_SCHEDULE_ONLY","2026-07-14","12:00","LINE_OA","成分透明是基本功","NEEDS_HUMAN_REVIEW_SAFE_TERM_CHECK","","成分透明是基本功","成分透明是基本功

我們寧願把資料講清楚，也不想用誇大的話讓你衝動購買。

這款定位是外用油膏，重點是局部按摩、依標示使用。衛署成製015614，乙類成藥，資料可至衛福部中藥許可證系統查詢。

外用產品請依標示使用；身體不適、症狀持續或惡化時，請諮詢醫師或藥師。
下單前可先私訊索取藥證查詢方式與外盒標示照片。","","圖卡：成分透明是基本功 / 藥證可查 / 依標示使用","建議搭配：外盒標示實拍、藥證查詢截圖、產品質地短影片、客服回覆截圖（遮個資）。","衛福部中藥許可證：衛署成製015614；類別：乙類成藥；劑型：油膏劑。","退換貨、付款、客服、出貨、價格、通路與任何見證內容，發布前須由人工確認。","NO_LINE_API_CALL_NO_AUTO_PUBLISH_REVIEW_QUEUE_ONLY","LINE055","LINE_OA_LINE055_V2","2026-07-01"
"LINE_DRYRUN_056","P2_SAFE_TERM_CHECK","APPROVE_FOR_MANUAL_SCHEDULE","APPROVE_FOR_MANUAL_SCHEDULE | NEEDS_REWRITE | REJECT | LEGAL_REVIEW","OWNER","2026-06-16","Owner approved for manual schedule export only. Not approved for auto-publishing.","NO","APPROVED_FOR_MANUAL_SCHEDULE_ONLY","2026-07-14","20:00","LINE_OA","一條根可以天天厚敷嗎","NEEDS_HUMAN_REVIEW_SAFE_TERM_CHECK","","一條根可以天天厚敷嗎","一條根可以天天厚敷嗎

很多人不是不想保養，是不知道什麼情況該先問清楚。

這款定位是外用油膏，重點是局部按摩、依標示使用。衛署成製015614，乙類成藥，資料可至衛福部中藥許可證系統查詢。

外用產品請依標示使用；身體不適、症狀持續或惡化時，請諮詢醫師或藥師。
下單前可先私訊索取藥證查詢方式與外盒標示照片。","","圖卡：一條根可以天天厚敷嗎 / 藥證可查 / 依標示使用","建議搭配：外盒標示實拍、藥證查詢截圖、產品質地短影片、客服回覆截圖（遮個資）。","衛福部中藥許可證：衛署成製015614；類別：乙類成藥；劑型：油膏劑。","退換貨、付款、客服、出貨、價格、通路與任何見證內容，發布前須由人工確認。","NO_LINE_API_CALL_NO_AUTO_PUBLISH_REVIEW_QUEUE_ONLY","LINE056","LINE_OA_LINE056_V2","2026-07-01"
"LINE_DRYRUN_057","P2_SAFE_TERM_CHECK","APPROVE_FOR_MANUAL_SCHEDULE","APPROVE_FOR_MANUAL_SCHEDULE | NEEDS_REWRITE | REJECT | LEGAL_REVIEW","OWNER","2026-06-16","Owner approved for manual schedule export only. Not approved for auto-publishing.","NO","APPROVED_FOR_MANUAL_SCHEDULE_ONLY","2026-07-15","12:00","LINE_OA","運動後不要立刻熱敷加藥膏","NEEDS_HUMAN_REVIEW_SAFE_TERM_CHECK","","運動後不要立刻熱敷加藥膏","運動後不要立刻熱敷加藥膏

運動、搬重物、久站後，身體局部不適時，先休息、觀察，再做保守保養。

這款定位是外用油膏，重點是局部按摩、依標示使用。衛署成製015614，乙類成藥，資料可至衛福部中藥許可證系統查詢。

外用產品請依標示使用；身體不適、症狀持續或惡化時，請諮詢醫師或藥師。
下單前可先私訊索取藥證查詢方式與外盒標示照片。","","圖卡：運動後不要立刻熱敷加藥膏 / 藥證可查 / 依標示使用","建議搭配：外盒標示實拍、藥證查詢截圖、產品質地短影片、客服回覆截圖（遮個資）。","衛福部中藥許可證：衛署成製015614；類別：乙類成藥；劑型：油膏劑。","退換貨、付款、客服、出貨、價格、通路與任何見證內容，發布前須由人工確認。","NO_LINE_API_CALL_NO_AUTO_PUBLISH_REVIEW_QUEUE_ONLY","LINE057","LINE_OA_LINE057_V2","2026-07-02"
"LINE_DRYRUN_058","P2_SAFE_TERM_CHECK","APPROVE_FOR_MANUAL_SCHEDULE","APPROVE_FOR_MANUAL_SCHEDULE | NEEDS_REWRITE | REJECT | LEGAL_REVIEW","OWNER","2026-06-16","Owner approved for manual schedule export only. Not approved for auto-publishing.","NO","APPROVED_FOR_MANUAL_SCHEDULE_ONLY","2026-07-15","20:00","LINE_OA","使用前先小範圍測試","NEEDS_HUMAN_REVIEW_SAFE_TERM_CHECK","","使用前先小範圍測試","使用前先小範圍測試

下單前，先看得懂標示與成分，比聽誇張話術更安心。

這款定位是外用油膏，重點是局部按摩、依標示使用。衛署成製015614，乙類成藥，資料可至衛福部中藥許可證系統查詢。

外用產品請依標示使用；身體不適、症狀持續或惡化時，請諮詢醫師或藥師。
下單前可先私訊索取藥證查詢方式與外盒標示照片。","","圖卡：使用前先小範圍測試 / 藥證可查 / 依標示使用","建議搭配：外盒標示實拍、藥證查詢截圖、產品質地短影片、客服回覆截圖（遮個資）。","衛福部中藥許可證：衛署成製015614；類別：乙類成藥；劑型：油膏劑。","退換貨、付款、客服、出貨、價格、通路與任何見證內容，發布前須由人工確認。","NO_LINE_API_CALL_NO_AUTO_PUBLISH_REVIEW_QUEUE_ONLY","LINE058","LINE_OA_LINE058_V2","2026-07-02"
"LINE_DRYRUN_059","P2_SAFE_TERM_CHECK","APPROVE_FOR_MANUAL_SCHEDULE","APPROVE_FOR_MANUAL_SCHEDULE | NEEDS_REWRITE | REJECT | LEGAL_REVIEW","OWNER","2026-06-16","Owner approved for manual schedule export only. Not approved for auto-publishing.","NO","APPROVED_FOR_MANUAL_SCHEDULE_ONLY","2026-07-16","12:00","LINE_OA","長輩使用前先看標示","NEEDS_HUMAN_REVIEW_SAFE_TERM_CHECK","","長輩使用前先看標示","長輩使用前先看標示

幫長輩準備外用產品時，最重要的是安全、清楚、不要亂用。

這款定位是外用油膏，重點是局部按摩、依標示使用。衛署成製015614，乙類成藥，資料可至衛福部中藥許可證系統查詢。

外用產品請依標示使用；身體不適、症狀持續或惡化時，請諮詢醫師或藥師。
下單前可先私訊索取藥證查詢方式與外盒標示照片。","","圖卡：長輩使用前先看標示 / 藥證可查 / 依標示使用","建議搭配：外盒標示實拍、藥證查詢截圖、產品質地短影片、客服回覆截圖（遮個資）。","衛福部中藥許可證：衛署成製015614；類別：乙類成藥；劑型：油膏劑。","退換貨、付款、客服、出貨、價格、通路與任何見證內容，發布前須由人工確認。","NO_LINE_API_CALL_NO_AUTO_PUBLISH_REVIEW_QUEUE_ONLY","LINE059","LINE_OA_LINE059_V2","2026-07-03"
"LINE_DRYRUN_060","P2_SAFE_TERM_CHECK","APPROVE_FOR_MANUAL_SCHEDULE","APPROVE_FOR_MANUAL_SCHEDULE | NEEDS_REWRITE | REJECT | LEGAL_REVIEW","OWNER","2026-06-16","Owner approved for manual schedule export only. Not approved for auto-publishing.","NO","APPROVED_FOR_MANUAL_SCHEDULE_ONLY","2026-07-16","20:00","LINE_OA","皮膚刺激時要停止使用","NEEDS_HUMAN_REVIEW_SAFE_TERM_CHECK","","皮膚刺激時要停止使用","皮膚刺激時要停止使用

外用產品不是擦越多越好，用對位置、避開風險才安心。

這款定位是外用油膏，重點是局部按摩、依標示使用。衛署成製015614，乙類成藥，資料可至衛福部中藥許可證系統查詢。

外用產品請依標示使用；身體不適、症狀持續或惡化時，請諮詢醫師或藥師。
下單前可先私訊索取藥證查詢方式與外盒標示照片。","","圖卡：皮膚刺激時要停止使用 / 藥證可查 / 依標示使用","建議搭配：外盒標示實拍、藥證查詢截圖、產品質地短影片、客服回覆截圖（遮個資）。","衛福部中藥許可證：衛署成製015614；類別：乙類成藥；劑型：油膏劑。","退換貨、付款、客服、出貨、價格、通路與任何見證內容，發布前須由人工確認。","NO_LINE_API_CALL_NO_AUTO_PUBLISH_REVIEW_QUEUE_ONLY","LINE060","LINE_OA_LINE060_V2","2026-07-03"
"LINE_DRYRUN_061","P2_SAFE_TERM_CHECK","APPROVE_FOR_MANUAL_SCHEDULE","APPROVE_FOR_MANUAL_SCHEDULE | NEEDS_REWRITE | REJECT | LEGAL_REVIEW","OWNER","2026-06-16","Owner approved for manual schedule export only. Not approved for auto-publishing.","NO","APPROVED_FOR_MANUAL_SCHEDULE_ONLY","2026-07-17","12:00","LINE_OA","寒露後肩背保養","NEEDS_HUMAN_REVIEW_SAFE_TERM_CHECK","","寒露後肩背保養","寒露後肩背保養

換季時，身體保養不需要複雜，穩定的小習慣比較長久。

這款定位是外用油膏，重點是局部按摩、依標示使用。衛署成製015614，乙類成藥，資料可至衛福部中藥許可證系統查詢。

外用產品請依標示使用；身體不適、症狀持續或惡化時，請諮詢醫師或藥師。
下單前可先私訊索取藥證查詢方式與外盒標示照片。","","圖卡：寒露後肩背保養 / 藥證可查 / 依標示使用","建議搭配：外盒標示實拍、藥證查詢截圖、產品質地短影片、客服回覆截圖（遮個資）。","衛福部中藥許可證：衛署成製015614；類別：乙類成藥；劑型：油膏劑。","退換貨、付款、客服、出貨、價格、通路與任何見證內容，發布前須由人工確認。","NO_LINE_API_CALL_NO_AUTO_PUBLISH_REVIEW_QUEUE_ONLY","LINE061","LINE_OA_LINE061_V2","2026-07-04"
"LINE_DRYRUN_062","P2_SAFE_TERM_CHECK","APPROVE_FOR_MANUAL_SCHEDULE","APPROVE_FOR_MANUAL_SCHEDULE | NEEDS_REWRITE | REJECT | LEGAL_REVIEW","OWNER","2026-06-16","Owner approved for manual schedule export only. Not approved for auto-publishing.","NO","APPROVED_FOR_MANUAL_SCHEDULE_ONLY","2026-07-17","20:00","LINE_OA","輕微拉扯後的觀察重點","NEEDS_HUMAN_REVIEW_SAFE_TERM_CHECK","","輕微拉扯後的觀察重點","輕微拉扯後的觀察重點

運動、搬重物、久站後，身體局部不適時，先休息、觀察，再做保守保養。

這款定位是外用油膏，重點是局部按摩、依標示使用。衛署成製015614，乙類成藥，資料可至衛福部中藥許可證系統查詢。

外用產品請依標示使用；身體不適、症狀持續或惡化時，請諮詢醫師或藥師。
下單前可先私訊索取藥證查詢方式與外盒標示照片。","","圖卡：輕微拉扯後的觀察重點 / 藥證可查 / 依標示使用","建議搭配：外盒標示實拍、藥證查詢截圖、產品質地短影片、客服回覆截圖（遮個資）。","衛福部中藥許可證：衛署成製015614；類別：乙類成藥；劑型：油膏劑。","退換貨、付款、客服、出貨、價格、通路與任何見證內容，發布前須由人工確認。","NO_LINE_API_CALL_NO_AUTO_PUBLISH_REVIEW_QUEUE_ONLY","LINE062","LINE_OA_LINE062_V2","2026-07-04"
"LINE_DRYRUN_063","P2_SAFE_TERM_CHECK","APPROVE_FOR_MANUAL_SCHEDULE","APPROVE_FOR_MANUAL_SCHEDULE | NEEDS_REWRITE | REJECT | LEGAL_REVIEW","OWNER","2026-06-16","Owner approved for manual schedule export only. Not approved for auto-publishing.","NO","APPROVED_FOR_MANUAL_SCHEDULE_ONLY","2026-07-18","12:00","LINE_OA","擦完可以馬上熱敷嗎","NEEDS_HUMAN_REVIEW_SAFE_TERM_CHECK","","擦完可以馬上熱敷嗎","擦完可以馬上熱敷嗎

很多人不是不想保養，是不知道什麼情況該先問清楚。

這款定位是外用油膏，重點是局部按摩、依標示使用。衛署成製015614，乙類成藥，資料可至衛福部中藥許可證系統查詢。

外用產品請依標示使用；身體不適、症狀持續或惡化時，請諮詢醫師或藥師。
下單前可先私訊索取藥證查詢方式與外盒標示照片。","","圖卡：擦完可以馬上熱敷嗎 / 藥證可查 / 依標示使用","建議搭配：外盒標示實拍、藥證查詢截圖、產品質地短影片、客服回覆截圖（遮個資）。","衛福部中藥許可證：衛署成製015614；類別：乙類成藥；劑型：油膏劑。","退換貨、付款、客服、出貨、價格、通路與任何見證內容，發布前須由人工確認。","NO_LINE_API_CALL_NO_AUTO_PUBLISH_REVIEW_QUEUE_ONLY","LINE063","LINE_OA_LINE063_V2","2026-07-05"
"LINE_DRYRUN_064","P2_SAFE_TERM_CHECK","APPROVE_FOR_MANUAL_SCHEDULE","APPROVE_FOR_MANUAL_SCHEDULE | NEEDS_REWRITE | REJECT | LEGAL_REVIEW","OWNER","2026-06-16","Owner approved for manual schedule export only. Not approved for auto-publishing.","NO","APPROVED_FOR_MANUAL_SCHEDULE_ONLY","2026-07-18","20:00","LINE_OA","別把長期疼痛只當小問題","NEEDS_HUMAN_REVIEW_SAFE_TERM_CHECK","","別把長期疼痛只當小問題","別把長期疼痛只當小問題

幫長輩準備外用產品時，最重要的是安全、清楚、不要亂用。

這款定位是外用油膏，重點是局部按摩、依標示使用。衛署成製015614，乙類成藥，資料可至衛福部中藥許可證系統查詢。

外用產品請依標示使用；身體不適、症狀持續或惡化時，請諮詢醫師或藥師。
下單前可先私訊索取藥證查詢方式與外盒標示照片。","","圖卡：別把長期疼痛只當小問題 / 藥證可查 / 依標示使用","建議搭配：外盒標示實拍、藥證查詢截圖、產品質地短影片、客服回覆截圖（遮個資）。","衛福部中藥許可證：衛署成製015614；類別：乙類成藥；劑型：油膏劑。","退換貨、付款、客服、出貨、價格、通路與任何見證內容，發布前須由人工確認。","NO_LINE_API_CALL_NO_AUTO_PUBLISH_REVIEW_QUEUE_ONLY","LINE064","LINE_OA_LINE064_V2","2026-07-05"
"LINE_DRYRUN_065","P2_SAFE_TERM_CHECK","APPROVE_FOR_MANUAL_SCHEDULE","APPROVE_FOR_MANUAL_SCHEDULE | NEEDS_REWRITE | REJECT | LEGAL_REVIEW","OWNER","2026-06-16","Owner approved for manual schedule export only. Not approved for auto-publishing.","NO","APPROVED_FOR_MANUAL_SCHEDULE_ONLY","2026-07-19","12:00","LINE_OA","滑手機後頸部保養","NEEDS_HUMAN_REVIEW_SAFE_TERM_CHECK","","滑手機後頸部保養","滑手機後頸部保養

久坐、低頭、開會一整天後，肩頸常會提醒你該放鬆一下。

這款定位是外用油膏，重點是局部按摩、依標示使用。衛署成製015614，乙類成藥，資料可至衛福部中藥許可證系統查詢。

外用產品請依標示使用；身體不適、症狀持續或惡化時，請諮詢醫師或藥師。
下單前可先私訊索取藥證查詢方式與外盒標示照片。","","圖卡：滑手機後頸部保養 / 藥證可查 / 依標示使用","建議搭配：外盒標示實拍、藥證查詢截圖、產品質地短影片、客服回覆截圖（遮個資）。","衛福部中藥許可證：衛署成製015614；類別：乙類成藥；劑型：油膏劑。","退換貨、付款、客服、出貨、價格、通路與任何見證內容，發布前須由人工確認。","NO_LINE_API_CALL_NO_AUTO_PUBLISH_REVIEW_QUEUE_ONLY","LINE065","LINE_OA_LINE065_V2","2026-07-06"
"LINE_DRYRUN_066","P2_SAFE_TERM_CHECK","APPROVE_FOR_MANUAL_SCHEDULE","APPROVE_FOR_MANUAL_SCHEDULE | NEEDS_REWRITE | REJECT | LEGAL_REVIEW","OWNER","2026-06-16","Owner approved for manual schedule export only. Not approved for auto-publishing.","NO","APPROVED_FOR_MANUAL_SCHEDULE_ONLY","2026-07-19","20:00","LINE_OA","產品不是神藥，定位要講清楚","NEEDS_HUMAN_REVIEW_SAFE_TERM_CHECK","","產品不是神藥，定位要講清楚","產品不是神藥，定位要講清楚

下單前，先看得懂標示與成分，比聽誇張話術更安心。

這款定位是外用油膏，重點是局部按摩、依標示使用。衛署成製015614，乙類成藥，資料可至衛福部中藥許可證系統查詢。

外用產品請依標示使用；身體不適、症狀持續或惡化時，請諮詢醫師或藥師。
下單前可先私訊索取藥證查詢方式與外盒標示照片。","","圖卡：產品不是神藥，定位要講清楚 / 藥證可查 / 依標示使用","建議搭配：外盒標示實拍、藥證查詢截圖、產品質地短影片、客服回覆截圖（遮個資）。","衛福部中藥許可證：衛署成製015614；類別：乙類成藥；劑型：油膏劑。","退換貨、付款、客服、出貨、價格、通路與任何見證內容，發布前須由人工確認。","NO_LINE_API_CALL_NO_AUTO_PUBLISH_REVIEW_QUEUE_ONLY","LINE066","LINE_OA_LINE066_V2","2026-07-06"
"LINE_DRYRUN_067","P2_SAFE_TERM_CHECK","APPROVE_FOR_MANUAL_SCHEDULE","APPROVE_FOR_MANUAL_SCHEDULE | NEEDS_REWRITE | REJECT | LEGAL_REVIEW","OWNER","2026-06-16","Owner approved for manual schedule export only. Not approved for auto-publishing.","NO","APPROVED_FOR_MANUAL_SCHEDULE_ONLY","2026-07-20","12:00","LINE_OA","立冬前後的日常舒緩儀式","NEEDS_HUMAN_REVIEW_SAFE_TERM_CHECK","","立冬前後的日常舒緩儀式","立冬前後的日常舒緩儀式

換季時，身體保養不需要複雜，穩定的小習慣比較長久。

這款定位是外用油膏，重點是局部按摩、依標示使用。衛署成製015614，乙類成藥，資料可至衛福部中藥許可證系統查詢。

外用產品請依標示使用；身體不適、症狀持續或惡化時，請諮詢醫師或藥師。
下單前可先私訊索取藥證查詢方式與外盒標示照片。","","圖卡：立冬前後的日常舒緩儀式 / 藥證可查 / 依標示使用","建議搭配：外盒標示實拍、藥證查詢截圖、產品質地短影片、客服回覆截圖（遮個資）。","衛福部中藥許可證：衛署成製015614；類別：乙類成藥；劑型：油膏劑。","退換貨、付款、客服、出貨、價格、通路與任何見證內容，發布前須由人工確認。","NO_LINE_API_CALL_NO_AUTO_PUBLISH_REVIEW_QUEUE_ONLY","LINE067","LINE_OA_LINE067_V2","2026-07-07"
"LINE_DRYRUN_068","P2_SAFE_TERM_CHECK","APPROVE_FOR_MANUAL_SCHEDULE","APPROVE_FOR_MANUAL_SCHEDULE | NEEDS_REWRITE | REJECT | LEGAL_REVIEW","OWNER","2026-06-16","Owner approved for manual schedule export only. Not approved for auto-publishing.","NO","APPROVED_FOR_MANUAL_SCHEDULE_ONLY","2026-07-20","20:00","LINE_OA","深層症狀不適合自行處理","NEEDS_HUMAN_REVIEW_SAFE_TERM_CHECK","","深層症狀不適合自行處理","深層症狀不適合自行處理

外用產品不是擦越多越好，用對位置、避開風險才安心。

這款定位是外用油膏，重點是局部按摩、依標示使用。衛署成製015614，乙類成藥，資料可至衛福部中藥許可證系統查詢。

外用產品請依標示使用；身體不適、症狀持續或惡化時，請諮詢醫師或藥師。
下單前可先私訊索取藥證查詢方式與外盒標示照片。","","圖卡：深層症狀不適合自行處理 / 藥證可查 / 依標示使用","建議搭配：外盒標示實拍、藥證查詢截圖、產品質地短影片、客服回覆截圖（遮個資）。","衛福部中藥許可證：衛署成製015614；類別：乙類成藥；劑型：油膏劑。","退換貨、付款、客服、出貨、價格、通路與任何見證內容，發布前須由人工確認。","NO_LINE_API_CALL_NO_AUTO_PUBLISH_REVIEW_QUEUE_ONLY","LINE068","LINE_OA_LINE068_V2","2026-07-07"
"LINE_DRYRUN_069","P2_SAFE_TERM_CHECK","APPROVE_FOR_MANUAL_SCHEDULE","APPROVE_FOR_MANUAL_SCHEDULE | NEEDS_REWRITE | REJECT | LEGAL_REVIEW","OWNER","2026-06-16","Owner approved for manual schedule export only. Not approved for auto-publishing.","NO","APPROVED_FOR_MANUAL_SCHEDULE_ONLY","2026-07-21","12:00","LINE_OA","每篇貼文都要人工審核","NEEDS_HUMAN_REVIEW_SAFE_TERM_CHECK","","每篇貼文都要人工審核","每篇貼文都要人工審核

我們寧願把資料講清楚，也不想用誇大的話讓你衝動購買。

這款定位是外用油膏，重點是局部按摩、依標示使用。衛署成製015614，乙類成藥，資料可至衛福部中藥許可證系統查詢。

外用產品請依標示使用；身體不適、症狀持續或惡化時，請諮詢醫師或藥師。
下單前可先私訊索取藥證查詢方式與外盒標示照片。","","圖卡：每篇貼文都要人工審核 / 藥證可查 / 依標示使用","建議搭配：外盒標示實拍、藥證查詢截圖、產品質地短影片、客服回覆截圖（遮個資）。","衛福部中藥許可證：衛署成製015614；類別：乙類成藥；劑型：油膏劑。","退換貨、付款、客服、出貨、價格、通路與任何見證內容，發布前須由人工確認。","NO_LINE_API_CALL_NO_AUTO_PUBLISH_REVIEW_QUEUE_ONLY","LINE069","LINE_OA_LINE069_V2","2026-07-08"
"LINE_DRYRUN_070","P2_SAFE_TERM_CHECK","APPROVE_FOR_MANUAL_SCHEDULE","APPROVE_FOR_MANUAL_SCHEDULE | NEEDS_REWRITE | REJECT | LEGAL_REVIEW","OWNER","2026-06-16","Owner approved for manual schedule export only. Not approved for auto-publishing.","NO","APPROVED_FOR_MANUAL_SCHEDULE_ONLY","2026-07-21","20:00","LINE_OA","哪些情況應該先就醫","NEEDS_HUMAN_REVIEW_SAFE_TERM_CHECK","","哪些情況應該先就醫","哪些情況應該先就醫

很多人不是不想保養，是不知道什麼情況該先問清楚。

這款定位是外用油膏，重點是局部按摩、依標示使用。衛署成製015614，乙類成藥，資料可至衛福部中藥許可證系統查詢。

外用產品請依標示使用；身體不適、症狀持續或惡化時，請諮詢醫師或藥師。
下單前可先私訊索取藥證查詢方式與外盒標示照片。","","圖卡：哪些情況應該先就醫 / 藥證可查 / 依標示使用","建議搭配：外盒標示實拍、藥證查詢截圖、產品質地短影片、客服回覆截圖（遮個資）。","衛福部中藥許可證：衛署成製015614；類別：乙類成藥；劑型：油膏劑。","退換貨、付款、客服、出貨、價格、通路與任何見證內容，發布前須由人工確認。","NO_LINE_API_CALL_NO_AUTO_PUBLISH_REVIEW_QUEUE_ONLY","LINE070","LINE_OA_LINE070_V2","2026-07-08"
"LINE_DRYRUN_071","P2_SAFE_TERM_CHECK","APPROVE_FOR_MANUAL_SCHEDULE","APPROVE_FOR_MANUAL_SCHEDULE | NEEDS_REWRITE | REJECT | LEGAL_REVIEW","OWNER","2026-06-16","Owner approved for manual schedule export only. Not approved for auto-publishing.","NO","APPROVED_FOR_MANUAL_SCHEDULE_ONLY","2026-07-22","12:00","LINE_OA","運動後局部痠痛的保守處理","NEEDS_HUMAN_REVIEW_SAFE_TERM_CHECK","","運動後局部痠痛的保守處理","運動後局部痠痛的保守處理

運動、搬重物、久站後，身體局部不適時，先休息、觀察，再做保守保養。

這款定位是外用油膏，重點是局部按摩、依標示使用。衛署成製015614，乙類成藥，資料可至衛福部中藥許可證系統查詢。

外用產品請依標示使用；身體不適、症狀持續或惡化時，請諮詢醫師或藥師。
下單前可先私訊索取藥證查詢方式與外盒標示照片。","","圖卡：運動後局部痠痛的保守處理 / 藥證可查 / 依標示使用","建議搭配：外盒標示實拍、藥證查詢截圖、產品質地短影片、客服回覆截圖（遮個資）。","衛福部中藥許可證：衛署成製015614；類別：乙類成藥；劑型：油膏劑。","退換貨、付款、客服、出貨、價格、通路與任何見證內容，發布前須由人工確認。","NO_LINE_API_CALL_NO_AUTO_PUBLISH_REVIEW_QUEUE_ONLY","LINE071","LINE_OA_LINE071_V2","2026-07-09"
"LINE_DRYRUN_072","P2_SAFE_TERM_CHECK","APPROVE_FOR_MANUAL_SCHEDULE","APPROVE_FOR_MANUAL_SCHEDULE | NEEDS_REWRITE | REJECT | LEGAL_REVIEW","OWNER","2026-06-16","Owner approved for manual schedule export only. Not approved for auto-publishing.","NO","APPROVED_FOR_MANUAL_SCHEDULE_ONLY","2026-07-22","20:00","LINE_OA","冬青油與清涼舒緩體感","NEEDS_HUMAN_REVIEW_SAFE_TERM_CHECK","","冬青油與清涼舒緩體感","冬青油與清涼舒緩體感

下單前，先看得懂標示與成分，比聽誇張話術更安心。

這款定位是外用油膏，重點是局部按摩、依標示使用。衛署成製015614，乙類成藥，資料可至衛福部中藥許可證系統查詢。

外用產品請依標示使用；身體不適、症狀持續或惡化時，請諮詢醫師或藥師。
下單前可先私訊索取藥證查詢方式與外盒標示照片。","","圖卡：冬青油與清涼舒緩體感 / 藥證可查 / 依標示使用","建議搭配：外盒標示實拍、藥證查詢截圖、產品質地短影片、客服回覆截圖（遮個資）。","衛福部中藥許可證：衛署成製015614；類別：乙類成藥；劑型：油膏劑。","退換貨、付款、客服、出貨、價格、通路與任何見證內容，發布前須由人工確認。","NO_LINE_API_CALL_NO_AUTO_PUBLISH_REVIEW_QUEUE_ONLY","LINE072","LINE_OA_LINE072_V2","2026-07-09"
"LINE_DRYRUN_073","P2_SAFE_TERM_CHECK","APPROVE_FOR_MANUAL_SCHEDULE","APPROVE_FOR_MANUAL_SCHEDULE | NEEDS_REWRITE | REJECT | LEGAL_REVIEW","OWNER","2026-06-16","Owner approved for manual schedule export only. Not approved for auto-publishing.","NO","APPROVED_FOR_MANUAL_SCHEDULE_ONLY","2026-07-23","12:00","LINE_OA","早晨活動前的關節暖身","NEEDS_HUMAN_REVIEW_SAFE_TERM_CHECK","","早晨活動前的關節暖身","早晨活動前的關節暖身

幫長輩準備外用產品時，最重要的是安全、清楚、不要亂用。

這款定位是外用油膏，重點是局部按摩、依標示使用。衛署成製015614，乙類成藥，資料可至衛福部中藥許可證系統查詢。

外用產品請依標示使用；身體不適、症狀持續或惡化時，請諮詢醫師或藥師。
下單前可先私訊索取藥證查詢方式與外盒標示照片。","","圖卡：早晨活動前的關節暖身 / 藥證可查 / 依標示使用","建議搭配：外盒標示實拍、藥證查詢截圖、產品質地短影片、客服回覆截圖（遮個資）。","衛福部中藥許可證：衛署成製015614；類別：乙類成藥；劑型：油膏劑。","退換貨、付款、客服、出貨、價格、通路與任何見證內容，發布前須由人工確認。","NO_LINE_API_CALL_NO_AUTO_PUBLISH_REVIEW_QUEUE_ONLY","LINE073","LINE_OA_LINE073_V2","2026-07-10"
"LINE_DRYRUN_074","P2_SAFE_TERM_CHECK","APPROVE_FOR_MANUAL_SCHEDULE","APPROVE_FOR_MANUAL_SCHEDULE | NEEDS_REWRITE | REJECT | LEGAL_REVIEW","OWNER","2026-06-16","Owner approved for manual schedule export only. Not approved for auto-publishing.","NO","APPROVED_FOR_MANUAL_SCHEDULE_ONLY","2026-07-23","20:00","LINE_OA","不能擦在破皮或傷口","NEEDS_HUMAN_REVIEW_SAFE_TERM_CHECK","","不能擦在破皮或傷口","不能擦在破皮或傷口

外用產品不是擦越多越好，用對位置、避開風險才安心。

這款定位是外用油膏，重點是局部按摩、依標示使用。衛署成製015614，乙類成藥，資料可至衛福部中藥許可證系統查詢。

外用產品請依標示使用；身體不適、症狀持續或惡化時，請諮詢醫師或藥師。
下單前可先私訊索取藥證查詢方式與外盒標示照片。","","圖卡：不能擦在破皮或傷口 / 藥證可查 / 依標示使用","建議搭配：外盒標示實拍、藥證查詢截圖、產品質地短影片、客服回覆截圖（遮個資）。","衛福部中藥許可證：衛署成製015614；類別：乙類成藥；劑型：油膏劑。","退換貨、付款、客服、出貨、價格、通路與任何見證內容，發布前須由人工確認。","NO_LINE_API_CALL_NO_AUTO_PUBLISH_REVIEW_QUEUE_ONLY","LINE074","LINE_OA_LINE074_V2","2026-07-10"
"LINE_DRYRUN_075","P2_SAFE_TERM_CHECK","APPROVE_FOR_MANUAL_SCHEDULE","APPROVE_FOR_MANUAL_SCHEDULE | NEEDS_REWRITE | REJECT | LEGAL_REVIEW","OWNER","2026-06-16","Owner approved for manual schedule export only. Not approved for auto-publishing.","NO","APPROVED_FOR_MANUAL_SCHEDULE_ONLY","2026-07-24","12:00","LINE_OA","芒種後濕熱生活保養","NEEDS_HUMAN_REVIEW_SAFE_TERM_CHECK","","芒種後濕熱生活保養","芒種後濕熱生活保養

換季時，身體保養不需要複雜，穩定的小習慣比較長久。

這款定位是外用油膏，重點是局部按摩、依標示使用。衛署成製015614，乙類成藥，資料可至衛福部中藥許可證系統查詢。

外用產品請依標示使用；身體不適、症狀持續或惡化時，請諮詢醫師或藥師。
下單前可先私訊索取藥證查詢方式與外盒標示照片。","","圖卡：芒種後濕熱生活保養 / 藥證可查 / 依標示使用","建議搭配：外盒標示實拍、藥證查詢截圖、產品質地短影片、客服回覆截圖（遮個資）。","衛福部中藥許可證：衛署成製015614；類別：乙類成藥；劑型：油膏劑。","退換貨、付款、客服、出貨、價格、通路與任何見證內容，發布前須由人工確認。","NO_LINE_API_CALL_NO_AUTO_PUBLISH_REVIEW_QUEUE_ONLY","LINE075","LINE_OA_LINE075_V2","2026-07-11"
"LINE_DRYRUN_076","P2_SAFE_TERM_CHECK","APPROVE_FOR_MANUAL_SCHEDULE","APPROVE_FOR_MANUAL_SCHEDULE | NEEDS_REWRITE | REJECT | LEGAL_REVIEW","OWNER","2026-06-16","Owner approved for manual schedule export only. Not approved for auto-publishing.","NO","APPROVED_FOR_MANUAL_SCHEDULE_ONLY","2026-07-24","20:00","LINE_OA","久站後小腿不適舒緩","NEEDS_HUMAN_REVIEW_SAFE_TERM_CHECK","","久站後小腿不適舒緩","久站後小腿不適舒緩

運動、搬重物、久站後，身體局部不適時，先休息、觀察，再做保守保養。

這款定位是外用油膏，重點是局部按摩、依標示使用。衛署成製015614，乙類成藥，資料可至衛福部中藥許可證系統查詢。

外用產品請依標示使用；身體不適、症狀持續或惡化時，請諮詢醫師或藥師。
下單前可先私訊索取藥證查詢方式與外盒標示照片。","","圖卡：久站後小腿不適舒緩 / 藥證可查 / 依標示使用","建議搭配：外盒標示實拍、藥證查詢截圖、產品質地短影片、客服回覆截圖（遮個資）。","衛福部中藥許可證：衛署成製015614；類別：乙類成藥；劑型：油膏劑。","退換貨、付款、客服、出貨、價格、通路與任何見證內容，發布前須由人工確認。","NO_LINE_API_CALL_NO_AUTO_PUBLISH_REVIEW_QUEUE_ONLY","LINE076","LINE_OA_LINE076_V2","2026-07-11"
"LINE_DRYRUN_077","P2_SAFE_TERM_CHECK","APPROVE_FOR_MANUAL_SCHEDULE","APPROVE_FOR_MANUAL_SCHEDULE | NEEDS_REWRITE | REJECT | LEGAL_REVIEW","OWNER","2026-06-16","Owner approved for manual schedule export only. Not approved for auto-publishing.","NO","APPROVED_FOR_MANUAL_SCHEDULE_ONLY","2026-07-25","12:00","LINE_OA","你最常哪個部位緊繃","NEEDS_HUMAN_REVIEW_SAFE_TERM_CHECK","","你最常哪個部位緊繃","你最常哪個部位緊繃

很多人不是不想保養，是不知道什麼情況該先問清楚。

這款定位是外用油膏，重點是局部按摩、依標示使用。衛署成製015614，乙類成藥，資料可至衛福部中藥許可證系統查詢。

外用產品請依標示使用；身體不適、症狀持續或惡化時，請諮詢醫師或藥師。
下單前可先私訊索取藥證查詢方式與外盒標示照片。","","圖卡：你最常哪個部位緊繃 / 藥證可查 / 依標示使用","建議搭配：外盒標示實拍、藥證查詢截圖、產品質地短影片、客服回覆截圖（遮個資）。","衛福部中藥許可證：衛署成製015614；類別：乙類成藥；劑型：油膏劑。","退換貨、付款、客服、出貨、價格、通路與任何見證內容，發布前須由人工確認。","NO_LINE_API_CALL_NO_AUTO_PUBLISH_REVIEW_QUEUE_ONLY","LINE077","LINE_OA_LINE077_V2","2026-07-12"
"LINE_DRYRUN_078","P2_SAFE_TERM_CHECK","APPROVE_FOR_MANUAL_SCHEDULE","APPROVE_FOR_MANUAL_SCHEDULE | NEEDS_REWRITE | REJECT | LEGAL_REVIEW","OWNER","2026-06-16","Owner approved for manual schedule export only. Not approved for auto-publishing.","NO","APPROVED_FOR_MANUAL_SCHEDULE_ONLY","2026-07-25","20:00","LINE_OA","長輩外用膏使用安全","NEEDS_HUMAN_REVIEW_SAFE_TERM_CHECK","","長輩外用膏使用安全","長輩外用膏使用安全

幫長輩準備外用產品時，最重要的是安全、清楚、不要亂用。

這款定位是外用油膏，重點是局部按摩、依標示使用。衛署成製015614，乙類成藥，資料可至衛福部中藥許可證系統查詢。

外用產品請依標示使用；身體不適、症狀持續或惡化時，請諮詢醫師或藥師。
下單前可先私訊索取藥證查詢方式與外盒標示照片。","","圖卡：長輩外用膏使用安全 / 藥證可查 / 依標示使用","建議搭配：外盒標示實拍、藥證查詢截圖、產品質地短影片、客服回覆截圖（遮個資）。","衛福部中藥許可證：衛署成製015614；類別：乙類成藥；劑型：油膏劑。","退換貨、付款、客服、出貨、價格、通路與任何見證內容，發布前須由人工確認。","NO_LINE_API_CALL_NO_AUTO_PUBLISH_REVIEW_QUEUE_ONLY","LINE078","LINE_OA_LINE078_V2","2026-07-12"
"LINE_DRYRUN_079","P2_SAFE_TERM_CHECK","APPROVE_FOR_MANUAL_SCHEDULE","APPROVE_FOR_MANUAL_SCHEDULE | NEEDS_REWRITE | REJECT | LEGAL_REVIEW","OWNER","2026-06-16","Owner approved for manual schedule export only. Not approved for auto-publishing.","NO","APPROVED_FOR_MANUAL_SCHEDULE_ONLY","2026-07-26","12:00","LINE_OA","辦公桌前的姿勢檢查","NEEDS_HUMAN_REVIEW_SAFE_TERM_CHECK","","辦公桌前的姿勢檢查","辦公桌前的姿勢檢查

久坐、低頭、開會一整天後，肩頸常會提醒你該放鬆一下。

這款定位是外用油膏，重點是局部按摩、依標示使用。衛署成製015614，乙類成藥，資料可至衛福部中藥許可證系統查詢。

外用產品請依標示使用；身體不適、症狀持續或惡化時，請諮詢醫師或藥師。
下單前可先私訊索取藥證查詢方式與外盒標示照片。","","圖卡：辦公桌前的姿勢檢查 / 藥證可查 / 依標示使用","建議搭配：外盒標示實拍、藥證查詢截圖、產品質地短影片、客服回覆截圖（遮個資）。","衛福部中藥許可證：衛署成製015614；類別：乙類成藥；劑型：油膏劑。","退換貨、付款、客服、出貨、價格、通路與任何見證內容，發布前須由人工確認。","NO_LINE_API_CALL_NO_AUTO_PUBLISH_REVIEW_QUEUE_ONLY","LINE079","LINE_OA_LINE079_V2","2026-07-13"
"LINE_DRYRUN_080","P2_SAFE_TERM_CHECK","APPROVE_FOR_MANUAL_SCHEDULE","APPROVE_FOR_MANUAL_SCHEDULE | NEEDS_REWRITE | REJECT | LEGAL_REVIEW","OWNER","2026-06-16","Owner approved for manual schedule export only. Not approved for auto-publishing.","NO","APPROVED_FOR_MANUAL_SCHEDULE_ONLY","2026-07-26","20:00","LINE_OA","薄荷腦帶來的涼感來源","NEEDS_HUMAN_REVIEW_SAFE_TERM_CHECK","","薄荷腦帶來的涼感來源","薄荷腦帶來的涼感來源

下單前，先看得懂標示與成分，比聽誇張話術更安心。

這款定位是外用油膏，重點是局部按摩、依標示使用。衛署成製015614，乙類成藥，資料可至衛福部中藥許可證系統查詢。

外用產品請依標示使用；身體不適、症狀持續或惡化時，請諮詢醫師或藥師。
下單前可先私訊索取藥證查詢方式與外盒標示照片。","","圖卡：薄荷腦帶來的涼感來源 / 藥證可查 / 依標示使用","建議搭配：外盒標示實拍、藥證查詢截圖、產品質地短影片、客服回覆截圖（遮個資）。","衛福部中藥許可證：衛署成製015614；類別：乙類成藥；劑型：油膏劑。","退換貨、付款、客服、出貨、價格、通路與任何見證內容，發布前須由人工確認。","NO_LINE_API_CALL_NO_AUTO_PUBLISH_REVIEW_QUEUE_ONLY","LINE080","LINE_OA_LINE080_V2","2026-07-13"
"LINE_DRYRUN_081","P2_SAFE_TERM_CHECK","APPROVE_FOR_MANUAL_SCHEDULE","APPROVE_FOR_MANUAL_SCHEDULE | NEEDS_REWRITE | REJECT | LEGAL_REVIEW","OWNER","2026-06-16","Owner approved for manual schedule export only. Not approved for auto-publishing.","NO","APPROVED_FOR_MANUAL_SCHEDULE_ONLY","2026-07-27","12:00","LINE_OA","夏季冷氣房的肩頸保養","NEEDS_HUMAN_REVIEW_SAFE_TERM_CHECK","","夏季冷氣房的肩頸保養","夏季冷氣房的肩頸保養

換季時，身體保養不需要複雜，穩定的小習慣比較長久。

這款定位是外用油膏，重點是局部按摩、依標示使用。衛署成製015614，乙類成藥，資料可至衛福部中藥許可證系統查詢。

外用產品請依標示使用；身體不適、症狀持續或惡化時，請諮詢醫師或藥師。
下單前可先私訊索取藥證查詢方式與外盒標示照片。","","圖卡：夏季冷氣房的肩頸保養 / 藥證可查 / 依標示使用","建議搭配：外盒標示實拍、藥證查詢截圖、產品質地短影片、客服回覆截圖（遮個資）。","衛福部中藥許可證：衛署成製015614；類別：乙類成藥；劑型：油膏劑。","退換貨、付款、客服、出貨、價格、通路與任何見證內容，發布前須由人工確認。","NO_LINE_API_CALL_NO_AUTO_PUBLISH_REVIEW_QUEUE_ONLY","LINE081","LINE_OA_LINE081_V2","2026-07-14"
"LINE_DRYRUN_082","P2_SAFE_TERM_CHECK","APPROVE_FOR_MANUAL_SCHEDULE","APPROVE_FOR_MANUAL_SCHEDULE | NEEDS_REWRITE | REJECT | LEGAL_REVIEW","OWNER","2026-06-16","Owner approved for manual schedule export only. Not approved for auto-publishing.","NO","APPROVED_FOR_MANUAL_SCHEDULE_ONLY","2026-07-27","20:00","LINE_OA","外用膏避免眼周與黏膜","NEEDS_HUMAN_REVIEW_SAFE_TERM_CHECK","","外用膏避免眼周與黏膜","外用膏避免眼周與黏膜

外用產品不是擦越多越好，用對位置、避開風險才安心。

這款定位是外用油膏，重點是局部按摩、依標示使用。衛署成製015614，乙類成藥，資料可至衛福部中藥許可證系統查詢。

外用產品請依標示使用；身體不適、症狀持續或惡化時，請諮詢醫師或藥師。
下單前可先私訊索取藥證查詢方式與外盒標示照片。","","圖卡：外用膏避免眼周與黏膜 / 藥證可查 / 依標示使用","建議搭配：外盒標示實拍、藥證查詢截圖、產品質地短影片、客服回覆截圖（遮個資）。","衛福部中藥許可證：衛署成製015614；類別：乙類成藥；劑型：油膏劑。","退換貨、付款、客服、出貨、價格、通路與任何見證內容，發布前須由人工確認。","NO_LINE_API_CALL_NO_AUTO_PUBLISH_REVIEW_QUEUE_ONLY","LINE082","LINE_OA_LINE082_V2","2026-07-14"
"LINE_DRYRUN_083","P2_SAFE_TERM_CHECK","APPROVE_FOR_MANUAL_SCHEDULE","APPROVE_FOR_MANUAL_SCHEDULE | NEEDS_REWRITE | REJECT | LEGAL_REVIEW","OWNER","2026-06-16","Owner approved for manual schedule export only. Not approved for auto-publishing.","NO","APPROVED_FOR_MANUAL_SCHEDULE_ONLY","2026-07-28","12:00","LINE_OA","合法宣傳比誇大更長久","NEEDS_HUMAN_REVIEW_SAFE_TERM_CHECK","","合法宣傳比誇大更長久","合法宣傳比誇大更長久

我們寧願把資料講清楚，也不想用誇大的話讓你衝動購買。

這款定位是外用油膏，重點是局部按摩、依標示使用。衛署成製015614，乙類成藥，資料可至衛福部中藥許可證系統查詢。

外用產品請依標示使用；身體不適、症狀持續或惡化時，請諮詢醫師或藥師。
下單前可先私訊索取藥證查詢方式與外盒標示照片。","","圖卡：合法宣傳比誇大更長久 / 藥證可查 / 依標示使用","建議搭配：外盒標示實拍、藥證查詢截圖、產品質地短影片、客服回覆截圖（遮個資）。","衛福部中藥許可證：衛署成製015614；類別：乙類成藥；劑型：油膏劑。","退換貨、付款、客服、出貨、價格、通路與任何見證內容，發布前須由人工確認。","NO_LINE_API_CALL_NO_AUTO_PUBLISH_REVIEW_QUEUE_ONLY","LINE083","LINE_OA_LINE083_V2","2026-07-15"
"LINE_DRYRUN_084","P2_SAFE_TERM_CHECK","APPROVE_FOR_MANUAL_SCHEDULE","APPROVE_FOR_MANUAL_SCHEDULE | NEEDS_REWRITE | REJECT | LEGAL_REVIEW","OWNER","2026-06-16","Owner approved for manual schedule export only. Not approved for auto-publishing.","NO","APPROVED_FOR_MANUAL_SCHEDULE_ONLY","2026-07-28","20:00","LINE_OA","你習慣運動前還是運動後保養","NEEDS_HUMAN_REVIEW_SAFE_TERM_CHECK","","你習慣運動前還是運動後保養","你習慣運動前還是運動後保養

很多人不是不想保養，是不知道什麼情況該先問清楚。

這款定位是外用油膏，重點是局部按摩、依標示使用。衛署成製015614，乙類成藥，資料可至衛福部中藥許可證系統查詢。

外用產品請依標示使用；身體不適、症狀持續或惡化時，請諮詢醫師或藥師。
下單前可先私訊索取藥證查詢方式與外盒標示照片。","","圖卡：你習慣運動前還是運動後保養 / 藥證可查 / 依標示使用","建議搭配：外盒標示實拍、藥證查詢截圖、產品質地短影片、客服回覆截圖（遮個資）。","衛福部中藥許可證：衛署成製015614；類別：乙類成藥；劑型：油膏劑。","退換貨、付款、客服、出貨、價格、通路與任何見證內容，發布前須由人工確認。","NO_LINE_API_CALL_NO_AUTO_PUBLISH_REVIEW_QUEUE_ONLY","LINE084","LINE_OA_LINE084_V2","2026-07-15"
"LINE_DRYRUN_085","P2_SAFE_TERM_CHECK","APPROVE_FOR_MANUAL_SCHEDULE","APPROVE_FOR_MANUAL_SCHEDULE | NEEDS_REWRITE | REJECT | LEGAL_REVIEW","OWNER","2026-06-16","Owner approved for manual schedule export only. Not approved for auto-publishing.","NO","APPROVED_FOR_MANUAL_SCHEDULE_ONLY","2026-07-29","12:00","LINE_OA","搬重物後腰背保養","NEEDS_HUMAN_REVIEW_SAFE_TERM_CHECK","","搬重物後腰背保養","搬重物後腰背保養

運動、搬重物、久站後，身體局部不適時，先休息、觀察，再做保守保養。

這款定位是外用油膏，重點是局部按摩、依標示使用。衛署成製015614，乙類成藥，資料可至衛福部中藥許可證系統查詢。

外用產品請依標示使用；身體不適、症狀持續或惡化時，請諮詢醫師或藥師。
下單前可先私訊索取藥證查詢方式與外盒標示照片。","","圖卡：搬重物後腰背保養 / 藥證可查 / 依標示使用","建議搭配：外盒標示實拍、藥證查詢截圖、產品質地短影片、客服回覆截圖（遮個資）。","衛福部中藥許可證：衛署成製015614；類別：乙類成藥；劑型：油膏劑。","退換貨、付款、客服、出貨、價格、通路與任何見證內容，發布前須由人工確認。","NO_LINE_API_CALL_NO_AUTO_PUBLISH_REVIEW_QUEUE_ONLY","LINE085","LINE_OA_LINE085_V2","2026-07-16"
"LINE_DRYRUN_086","P2_SAFE_TERM_CHECK","APPROVE_FOR_MANUAL_SCHEDULE","APPROVE_FOR_MANUAL_SCHEDULE | NEEDS_REWRITE | REJECT | LEGAL_REVIEW","OWNER","2026-06-16","Owner approved for manual schedule export only. Not approved for auto-publishing.","NO","APPROVED_FOR_MANUAL_SCHEDULE_ONLY","2026-07-29","20:00","LINE_OA","樟腦外用時的注意界線","NEEDS_HUMAN_REVIEW_SAFE_TERM_CHECK","","樟腦外用時的注意界線","樟腦外用時的注意界線

下單前，先看得懂標示與成分，比聽誇張話術更安心。

這款定位是外用油膏，重點是局部按摩、依標示使用。衛署成製015614，乙類成藥，資料可至衛福部中藥許可證系統查詢。

外用產品請依標示使用；身體不適、症狀持續或惡化時，請諮詢醫師或藥師。
下單前可先私訊索取藥證查詢方式與外盒標示照片。","","圖卡：樟腦外用時的注意界線 / 藥證可查 / 依標示使用","建議搭配：外盒標示實拍、藥證查詢截圖、產品質地短影片、客服回覆截圖（遮個資）。","衛福部中藥許可證：衛署成製015614；類別：乙類成藥；劑型：油膏劑。","退換貨、付款、客服、出貨、價格、通路與任何見證內容，發布前須由人工確認。","NO_LINE_API_CALL_NO_AUTO_PUBLISH_REVIEW_QUEUE_ONLY","LINE086","LINE_OA_LINE086_V2","2026-07-16"
"LINE_DRYRUN_087","P1_REWRITTEN_RECHECK","APPROVE_FOR_MANUAL_SCHEDULE","APPROVE_FOR_MANUAL_SCHEDULE | NEEDS_REWRITE | REJECT | LEGAL_REVIEW","OWNER","2026-06-16","Owner approved for manual schedule export only. Not approved for auto-publishing.","NO","APPROVED_FOR_MANUAL_SCHEDULE_ONLY","2026-07-30","12:00","LINE_OA","輕微關節不適，日常保養要分清楚","PASS_REWRITTEN_PENDING_HUMAN_REVIEW","","輕微關節不適，日常保養要分清楚","輕微關節不適，日常保養要分清楚

幫長輩準備外用產品時，重點是安全、清楚、依標示使用，不把日常保養說成醫療效果。

這款定位是外用油膏，適合局部按摩放鬆與暫時舒緩日常不適。衛署成製015614，乙類成藥，資料可至衛福部中藥許可證系統查詢。

外用產品請依標示使用；身體不適、狀況持續或變嚴重時，請諮詢醫師或藥師。
下單前可先私訊索取藥證查詢方式與外盒標示照片。","保守教育型 LINE 貼文，強調依標示使用、局部按摩放鬆、身體狀況持續時諮詢醫師或藥師。","圖卡：輕微關節不適與日常保養要分清楚 / 藥證可查 / 依標示使用 / 局部按摩放鬆","建議搭配：外盒標示實拍、藥證查詢截圖、產品質地短影片、客服回覆截圖（遮個資）。","衛福部中藥許可證：衛署成製015614；類別：乙類成藥；劑型：油膏劑。","退換貨、付款、客服、出貨、價格、通路與任何見證內容，發布前須由人工確認。","NO_LINE_API_CALL_NO_AUTO_PUBLISH_REVIEW_QUEUE_ONLY","LINE087","LINE_OA_LINE087_V2","2026-07-17"
"LINE_DRYRUN_088","P2_SAFE_TERM_CHECK","APPROVE_FOR_MANUAL_SCHEDULE","APPROVE_FOR_MANUAL_SCHEDULE | NEEDS_REWRITE | REJECT | LEGAL_REVIEW","OWNER","2026-06-16","Owner approved for manual schedule export only. Not approved for auto-publishing.","NO","APPROVED_FOR_MANUAL_SCHEDULE_ONLY","2026-07-30","20:00","LINE_OA","不要搭配熱敷墊或電毯","NEEDS_HUMAN_REVIEW_SAFE_TERM_CHECK","","不要搭配熱敷墊或電毯","不要搭配熱敷墊或電毯

外用產品不是擦越多越好，用對位置、避開風險才安心。

這款定位是外用油膏，重點是局部按摩、依標示使用。衛署成製015614，乙類成藥，資料可至衛福部中藥許可證系統查詢。

外用產品請依標示使用；身體不適、症狀持續或惡化時，請諮詢醫師或藥師。
下單前可先私訊索取藥證查詢方式與外盒標示照片。","","圖卡：不要搭配熱敷墊或電毯 / 藥證可查 / 依標示使用","建議搭配：外盒標示實拍、藥證查詢截圖、產品質地短影片、客服回覆截圖（遮個資）。","衛福部中藥許可證：衛署成製015614；類別：乙類成藥；劑型：油膏劑。","退換貨、付款、客服、出貨、價格、通路與任何見證內容，發布前須由人工確認。","NO_LINE_API_CALL_NO_AUTO_PUBLISH_REVIEW_QUEUE_ONLY","LINE088","LINE_OA_LINE088_V2","2026-07-17"
"LINE_DRYRUN_089","P2_SAFE_TERM_CHECK","APPROVE_FOR_MANUAL_SCHEDULE","APPROVE_FOR_MANUAL_SCHEDULE | NEEDS_REWRITE | REJECT | LEGAL_REVIEW","OWNER","2026-06-16","Owner approved for manual schedule export only. Not approved for auto-publishing.","NO","APPROVED_FOR_MANUAL_SCHEDULE_ONLY","2026-07-31","12:00","LINE_OA","小暑前後活動舒適提醒","NEEDS_HUMAN_REVIEW_SAFE_TERM_CHECK","","小暑前後活動舒適提醒","小暑前後活動舒適提醒

換季時，身體保養不需要複雜，穩定的小習慣比較長久。

這款定位是外用油膏，重點是局部按摩、依標示使用。衛署成製015614，乙類成藥，資料可至衛福部中藥許可證系統查詢。

外用產品請依標示使用；身體不適、症狀持續或惡化時，請諮詢醫師或藥師。
下單前可先私訊索取藥證查詢方式與外盒標示照片。","","圖卡：小暑前後活動舒適提醒 / 藥證可查 / 依標示使用","建議搭配：外盒標示實拍、藥證查詢截圖、產品質地短影片、客服回覆截圖（遮個資）。","衛福部中藥許可證：衛署成製015614；類別：乙類成藥；劑型：油膏劑。","退換貨、付款、客服、出貨、價格、通路與任何見證內容，發布前須由人工確認。","NO_LINE_API_CALL_NO_AUTO_PUBLISH_REVIEW_QUEUE_ONLY","LINE089","LINE_OA_LINE089_V2","2026-07-18"
"LINE_DRYRUN_090","P2_SAFE_TERM_CHECK","APPROVE_FOR_MANUAL_SCHEDULE","APPROVE_FOR_MANUAL_SCHEDULE | NEEDS_REWRITE | REJECT | LEGAL_REVIEW","OWNER","2026-06-16","Owner approved for manual schedule export only. Not approved for auto-publishing.","NO","APPROVED_FOR_MANUAL_SCHEDULE_ONLY","2026-07-31","20:00","LINE_OA","爬山後腿部按摩提醒","NEEDS_HUMAN_REVIEW_SAFE_TERM_CHECK","","爬山後腿部按摩提醒","爬山後腿部按摩提醒

運動、搬重物、久站後，身體局部不適時，先休息、觀察，再做保守保養。

這款定位是外用油膏，重點是局部按摩、依標示使用。衛署成製015614，乙類成藥，資料可至衛福部中藥許可證系統查詢。

外用產品請依標示使用；身體不適、症狀持續或惡化時，請諮詢醫師或藥師。
下單前可先私訊索取藥證查詢方式與外盒標示照片。","","圖卡：爬山後腿部按摩提醒 / 藥證可查 / 依標示使用","建議搭配：外盒標示實拍、藥證查詢截圖、產品質地短影片、客服回覆截圖（遮個資）。","衛福部中藥許可證：衛署成製015614；類別：乙類成藥；劑型：油膏劑。","退換貨、付款、客服、出貨、價格、通路與任何見證內容，發布前須由人工確認。","NO_LINE_API_CALL_NO_AUTO_PUBLISH_REVIEW_QUEUE_ONLY","LINE090","LINE_OA_LINE090_V2","2026-07-18"
"LINE_DRYRUN_091","P2_SAFE_TERM_CHECK","APPROVE_FOR_MANUAL_SCHEDULE","APPROVE_FOR_MANUAL_SCHEDULE | NEEDS_REWRITE | REJECT | LEGAL_REVIEW","OWNER","2026-06-16","Owner approved for manual schedule export only. Not approved for auto-publishing.","NO","APPROVED_FOR_MANUAL_SCHEDULE_ONLY","2026-08-01","12:00","LINE_OA","外用膏一次擦多少才剛好","NEEDS_HUMAN_REVIEW_SAFE_TERM_CHECK","","外用膏一次擦多少才剛好","外用膏一次擦多少才剛好

很多人不是不想保養，是不知道什麼情況該先問清楚。

這款定位是外用油膏，重點是局部按摩、依標示使用。衛署成製015614，乙類成藥，資料可至衛福部中藥許可證系統查詢。

外用產品請依標示使用；身體不適、症狀持續或惡化時，請諮詢醫師或藥師。
下單前可先私訊索取藥證查詢方式與外盒標示照片。","","圖卡：外用膏一次擦多少才剛好 / 藥證可查 / 依標示使用","建議搭配：外盒標示實拍、藥證查詢截圖、產品質地短影片、客服回覆截圖（遮個資）。","衛福部中藥許可證：衛署成製015614；類別：乙類成藥；劑型：油膏劑。","退換貨、付款、客服、出貨、價格、通路與任何見證內容，發布前須由人工確認。","NO_LINE_API_CALL_NO_AUTO_PUBLISH_REVIEW_QUEUE_ONLY","LINE091","LINE_OA_LINE091_V2","2026-07-19"
"LINE_DRYRUN_092","P2_SAFE_TERM_CHECK","APPROVE_FOR_MANUAL_SCHEDULE","APPROVE_FOR_MANUAL_SCHEDULE | NEEDS_REWRITE | REJECT | LEGAL_REVIEW","OWNER","2026-06-16","Owner approved for manual schedule export only. Not approved for auto-publishing.","NO","APPROVED_FOR_MANUAL_SCHEDULE_ONLY","2026-08-01","20:00","LINE_OA","散步後的膝周保養","NEEDS_HUMAN_REVIEW_SAFE_TERM_CHECK","","散步後的膝周保養","散步後的膝周保養

幫長輩準備外用產品時，最重要的是安全、清楚、不要亂用。

這款定位是外用油膏，重點是局部按摩、依標示使用。衛署成製015614，乙類成藥，資料可至衛福部中藥許可證系統查詢。

外用產品請依標示使用；身體不適、症狀持續或惡化時，請諮詢醫師或藥師。
下單前可先私訊索取藥證查詢方式與外盒標示照片。","","圖卡：散步後的膝周保養 / 藥證可查 / 依標示使用","建議搭配：外盒標示實拍、藥證查詢截圖、產品質地短影片、客服回覆截圖（遮個資）。","衛福部中藥許可證：衛署成製015614；類別：乙類成藥；劑型：油膏劑。","退換貨、付款、客服、出貨、價格、通路與任何見證內容，發布前須由人工確認。","NO_LINE_API_CALL_NO_AUTO_PUBLISH_REVIEW_QUEUE_ONLY","LINE092","LINE_OA_LINE092_V2","2026-07-19"
"LINE_DRYRUN_093","P2_SAFE_TERM_CHECK","APPROVE_FOR_MANUAL_SCHEDULE","APPROVE_FOR_MANUAL_SCHEDULE | NEEDS_REWRITE | REJECT | LEGAL_REVIEW","OWNER","2026-06-16","Owner approved for manual schedule export only. Not approved for auto-publishing.","NO","APPROVED_FOR_MANUAL_SCHEDULE_ONLY","2026-08-02","12:00","LINE_OA","肩頸按摩不要只靠用力","NEEDS_HUMAN_REVIEW_SAFE_TERM_CHECK","","肩頸按摩不要只靠用力","肩頸按摩不要只靠用力

久坐、低頭、開會一整天後，肩頸常會提醒你該放鬆一下。

這款定位是外用油膏，重點是局部按摩、依標示使用。衛署成製015614，乙類成藥，資料可至衛福部中藥許可證系統查詢。

外用產品請依標示使用；身體不適、症狀持續或惡化時，請諮詢醫師或藥師。
下單前可先私訊索取藥證查詢方式與外盒標示照片。","","圖卡：肩頸按摩不要只靠用力 / 藥證可查 / 依標示使用","建議搭配：外盒標示實拍、藥證查詢截圖、產品質地短影片、客服回覆截圖（遮個資）。","衛福部中藥許可證：衛署成製015614；類別：乙類成藥；劑型：油膏劑。","退換貨、付款、客服、出貨、價格、通路與任何見證內容，發布前須由人工確認。","NO_LINE_API_CALL_NO_AUTO_PUBLISH_REVIEW_QUEUE_ONLY","LINE093","LINE_OA_LINE093_V2","2026-07-20"
"LINE_DRYRUN_094","P2_SAFE_TERM_CHECK","APPROVE_FOR_MANUAL_SCHEDULE","APPROVE_FOR_MANUAL_SCHEDULE | NEEDS_REWRITE | REJECT | LEGAL_REVIEW","OWNER","2026-06-16","Owner approved for manual schedule export only. Not approved for auto-publishing.","NO","APPROVED_FOR_MANUAL_SCHEDULE_ONLY","2026-08-02","20:00","LINE_OA","油膏劑為什麼適合局部按摩","NEEDS_HUMAN_REVIEW_SAFE_TERM_CHECK","","油膏劑為什麼適合局部按摩","油膏劑為什麼適合局部按摩

下單前，先看得懂標示與成分，比聽誇張話術更安心。

這款定位是外用油膏，重點是局部按摩、依標示使用。衛署成製015614，乙類成藥，資料可至衛福部中藥許可證系統查詢。

外用產品請依標示使用；身體不適、症狀持續或惡化時，請諮詢醫師或藥師。
下單前可先私訊索取藥證查詢方式與外盒標示照片。","","圖卡：油膏劑為什麼適合局部按摩 / 藥證可查 / 依標示使用","建議搭配：外盒標示實拍、藥證查詢截圖、產品質地短影片、客服回覆截圖（遮個資）。","衛福部中藥許可證：衛署成製015614；類別：乙類成藥；劑型：油膏劑。","退換貨、付款、客服、出貨、價格、通路與任何見證內容，發布前須由人工確認。","NO_LINE_API_CALL_NO_AUTO_PUBLISH_REVIEW_QUEUE_ONLY","LINE094","LINE_OA_LINE094_V2","2026-07-20"
"LINE_DRYRUN_095","P2_SAFE_TERM_CHECK","APPROVE_FOR_MANUAL_SCHEDULE","APPROVE_FOR_MANUAL_SCHEDULE | NEEDS_REWRITE | REJECT | LEGAL_REVIEW","OWNER","2026-06-16","Owner approved for manual schedule export only. Not approved for auto-publishing.","NO","APPROVED_FOR_MANUAL_SCHEDULE_ONLY","2026-08-03","12:00","LINE_OA","大暑午後少久站硬撐","NEEDS_HUMAN_REVIEW_SAFE_TERM_CHECK","","大暑午後少久站硬撐","大暑午後少久站硬撐

換季時，身體保養不需要複雜，穩定的小習慣比較長久。

這款定位是外用油膏，重點是局部按摩、依標示使用。衛署成製015614，乙類成藥，資料可至衛福部中藥許可證系統查詢。

外用產品請依標示使用；身體不適、症狀持續或惡化時，請諮詢醫師或藥師。
下單前可先私訊索取藥證查詢方式與外盒標示照片。","","圖卡：大暑午後少久站硬撐 / 藥證可查 / 依標示使用","建議搭配：外盒標示實拍、藥證查詢截圖、產品質地短影片、客服回覆截圖（遮個資）。","衛福部中藥許可證：衛署成製015614；類別：乙類成藥；劑型：油膏劑。","退換貨、付款、客服、出貨、價格、通路與任何見證內容，發布前須由人工確認。","NO_LINE_API_CALL_NO_AUTO_PUBLISH_REVIEW_QUEUE_ONLY","LINE095","LINE_OA_LINE095_V2","2026-07-21"
"LINE_DRYRUN_096","P2_SAFE_TERM_CHECK","APPROVE_FOR_MANUAL_SCHEDULE","APPROVE_FOR_MANUAL_SCHEDULE | NEEDS_REWRITE | REJECT | LEGAL_REVIEW","OWNER","2026-06-16","Owner approved for manual schedule export only. Not approved for auto-publishing.","NO","APPROVED_FOR_MANUAL_SCHEDULE_ONLY","2026-08-03","20:00","LINE_OA","不要密封包紮或大面積厚敷","NEEDS_HUMAN_REVIEW_SAFE_TERM_CHECK","","不要密封包紮或大面積厚敷","不要密封包紮或大面積厚敷

外用產品不是擦越多越好，用對位置、避開風險才安心。

這款定位是外用油膏，重點是局部按摩、依標示使用。衛署成製015614，乙類成藥，資料可至衛福部中藥許可證系統查詢。

外用產品請依標示使用；身體不適、症狀持續或惡化時，請諮詢醫師或藥師。
下單前可先私訊索取藥證查詢方式與外盒標示照片。","","圖卡：不要密封包紮或大面積厚敷 / 藥證可查 / 依標示使用","建議搭配：外盒標示實拍、藥證查詢截圖、產品質地短影片、客服回覆截圖（遮個資）。","衛福部中藥許可證：衛署成製015614；類別：乙類成藥；劑型：油膏劑。","退換貨、付款、客服、出貨、價格、通路與任何見證內容，發布前須由人工確認。","NO_LINE_API_CALL_NO_AUTO_PUBLISH_REVIEW_QUEUE_ONLY","LINE096","LINE_OA_LINE096_V2","2026-07-21"
"LINE_DRYRUN_097","P2_SAFE_TERM_CHECK","APPROVE_FOR_MANUAL_SCHEDULE","APPROVE_FOR_MANUAL_SCHEDULE | NEEDS_REWRITE | REJECT | LEGAL_REVIEW","OWNER","2026-06-16","Owner approved for manual schedule export only. Not approved for auto-publishing.","NO","APPROVED_FOR_MANUAL_SCHEDULE_ONLY","2026-08-04","12:00","LINE_OA","什麼是乙類成藥","NEEDS_HUMAN_REVIEW_SAFE_TERM_CHECK","","什麼是乙類成藥","什麼是乙類成藥

我們寧願把資料講清楚，也不想用誇大的話讓你衝動購買。

這款定位是外用油膏，重點是局部按摩、依標示使用。衛署成製015614，乙類成藥，資料可至衛福部中藥許可證系統查詢。

外用產品請依標示使用；身體不適、症狀持續或惡化時，請諮詢醫師或藥師。
下單前可先私訊索取藥證查詢方式與外盒標示照片。","","圖卡：什麼是乙類成藥 / 藥證可查 / 依標示使用","建議搭配：外盒標示實拍、藥證查詢截圖、產品質地短影片、客服回覆截圖（遮個資）。","衛福部中藥許可證：衛署成製015614；類別：乙類成藥；劑型：油膏劑。","退換貨、付款、客服、出貨、價格、通路與任何見證內容，發布前須由人工確認。","NO_LINE_API_CALL_NO_AUTO_PUBLISH_REVIEW_QUEUE_ONLY","LINE097","LINE_OA_LINE097_V2","2026-07-22"
"LINE_DRYRUN_098","P2_SAFE_TERM_CHECK","APPROVE_FOR_MANUAL_SCHEDULE","APPROVE_FOR_MANUAL_SCHEDULE | NEEDS_REWRITE | REJECT | LEGAL_REVIEW","OWNER","2026-06-16","Owner approved for manual schedule export only. Not approved for auto-publishing.","NO","APPROVED_FOR_MANUAL_SCHEDULE_ONLY","2026-08-04","20:00","LINE_OA","涼感越強越有效嗎","NEEDS_HUMAN_REVIEW_SAFE_TERM_CHECK","","涼感越強越有效嗎","涼感越強越有效嗎

很多人不是不想保養，是不知道什麼情況該先問清楚。

這款定位是外用油膏，重點是局部按摩、依標示使用。衛署成製015614，乙類成藥，資料可至衛福部中藥許可證系統查詢。

外用產品請依標示使用；身體不適、症狀持續或惡化時，請諮詢醫師或藥師。
下單前可先私訊索取藥證查詢方式與外盒標示照片。","","圖卡：涼感越強越有效嗎 / 藥證可查 / 依標示使用","建議搭配：外盒標示實拍、藥證查詢截圖、產品質地短影片、客服回覆截圖（遮個資）。","衛福部中藥許可證：衛署成製015614；類別：乙類成藥；劑型：油膏劑。","退換貨、付款、客服、出貨、價格、通路與任何見證內容，發布前須由人工確認。","NO_LINE_API_CALL_NO_AUTO_PUBLISH_REVIEW_QUEUE_ONLY","LINE098","LINE_OA_LINE098_V2","2026-07-22"
"LINE_DRYRUN_099","P3_STANDARD_REVIEW","APPROVE_FOR_MANUAL_SCHEDULE","APPROVE_FOR_MANUAL_SCHEDULE | NEEDS_REWRITE | REJECT | LEGAL_REVIEW","OWNER","2026-06-16","Owner approved for manual schedule export only. Not approved for auto-publishing.","NO","APPROVED_FOR_MANUAL_SCHEDULE_ONLY","2026-08-05","12:00","LINE_OA","重訓後肩背局部舒緩","PASS_DRY_RUN_PENDING_HUMAN_REVIEW","","重訓後肩背局部舒緩","重訓後肩背局部舒緩

運動、搬重物、久站後，身體局部不適時，先休息、觀察，再做保守保養。

這款定位是外用油膏，重點是局部按摩、依標示使用。衛署成製015614，乙類成藥，資料可至衛福部中藥許可證系統查詢。

外用產品請依標示使用；身體不適、症狀持續或惡化時，請諮詢醫師或藥師。
下單前可先私訊索取藥證查詢方式與外盒標示照片。","","圖卡：重訓後肩背局部舒緩 / 藥證可查 / 依標示使用","建議搭配：外盒標示實拍、藥證查詢截圖、產品質地短影片、客服回覆截圖（遮個資）。","衛福部中藥許可證：衛署成製015614；類別：乙類成藥；劑型：油膏劑。","退換貨、付款、客服、出貨、價格、通路與任何見證內容，發布前須由人工確認。","NO_LINE_API_CALL_NO_AUTO_PUBLISH_REVIEW_QUEUE_ONLY","LINE099","LINE_OA_LINE099_V2","2026-07-23"
"LINE_DRYRUN_100","P2_SAFE_TERM_CHECK","APPROVE_FOR_MANUAL_SCHEDULE","APPROVE_FOR_MANUAL_SCHEDULE | NEEDS_REWRITE | REJECT | LEGAL_REVIEW","OWNER","2026-06-16","Owner approved for manual schedule export only. Not approved for auto-publishing.","NO","APPROVED_FOR_MANUAL_SCHEDULE_ONLY","2026-08-05","20:00","LINE_OA","乙類成藥與一般保健品差異","NEEDS_HUMAN_REVIEW_SAFE_TERM_CHECK","","乙類成藥與一般保健品差異","乙類成藥與一般保健品差異

下單前，先看得懂標示與成分，比聽誇張話術更安心。

這款定位是外用油膏，重點是局部按摩、依標示使用。衛署成製015614，乙類成藥，資料可至衛福部中藥許可證系統查詢。

外用產品請依標示使用；身體不適、症狀持續或惡化時，請諮詢醫師或藥師。
下單前可先私訊索取藥證查詢方式與外盒標示照片。","","圖卡：乙類成藥與一般保健品差異 / 藥證可查 / 依標示使用","建議搭配：外盒標示實拍、藥證查詢截圖、產品質地短影片、客服回覆截圖（遮個資）。","衛福部中藥許可證：衛署成製015614；類別：乙類成藥；劑型：油膏劑。","退換貨、付款、客服、出貨、價格、通路與任何見證內容，發布前須由人工確認。","NO_LINE_API_CALL_NO_AUTO_PUBLISH_REVIEW_QUEUE_ONLY","LINE100","LINE_OA_LINE100_V2","2026-07-23"
"LINE_DRYRUN_101","P2_SAFE_TERM_CHECK","APPROVE_FOR_MANUAL_SCHEDULE","APPROVE_FOR_MANUAL_SCHEDULE | NEEDS_REWRITE | REJECT | LEGAL_REVIEW","OWNER","2026-06-16","Owner approved for manual schedule export only. Not approved for auto-publishing.","NO","APPROVED_FOR_MANUAL_SCHEDULE_ONLY","2026-08-06","12:00","LINE_OA","天氣變化時的活動舒適感","NEEDS_HUMAN_REVIEW_SAFE_TERM_CHECK","","天氣變化時的活動舒適感","天氣變化時的活動舒適感

幫長輩準備外用產品時，最重要的是安全、清楚、不要亂用。

這款定位是外用油膏，重點是局部按摩、依標示使用。衛署成製015614，乙類成藥，資料可至衛福部中藥許可證系統查詢。

外用產品請依標示使用；身體不適、症狀持續或惡化時，請諮詢醫師或藥師。
下單前可先私訊索取藥證查詢方式與外盒標示照片。","","圖卡：天氣變化時的活動舒適感 / 藥證可查 / 依標示使用","建議搭配：外盒標示實拍、藥證查詢截圖、產品質地短影片、客服回覆截圖（遮個資）。","衛福部中藥許可證：衛署成製015614；類別：乙類成藥；劑型：油膏劑。","退換貨、付款、客服、出貨、價格、通路與任何見證內容，發布前須由人工確認。","NO_LINE_API_CALL_NO_AUTO_PUBLISH_REVIEW_QUEUE_ONLY","LINE101","LINE_OA_LINE101_V2","2026-07-24"
"LINE_DRYRUN_102","P2_SAFE_TERM_CHECK","APPROVE_FOR_MANUAL_SCHEDULE","APPROVE_FOR_MANUAL_SCHEDULE | NEEDS_REWRITE | REJECT | LEGAL_REVIEW","OWNER","2026-06-16","Owner approved for manual schedule export only. Not approved for auto-publishing.","NO","APPROVED_FOR_MANUAL_SCHEDULE_ONLY","2026-08-06","20:00","LINE_OA","水楊酸或阿斯匹靈過敏者注意","NEEDS_HUMAN_REVIEW_SAFE_TERM_CHECK","","水楊酸或阿斯匹靈過敏者注意","水楊酸或阿斯匹靈過敏者注意

外用產品不是擦越多越好，用對位置、避開風險才安心。

這款定位是外用油膏，重點是局部按摩、依標示使用。衛署成製015614，乙類成藥，資料可至衛福部中藥許可證系統查詢。

外用產品請依標示使用；身體不適、症狀持續或惡化時，請諮詢醫師或藥師。
下單前可先私訊索取藥證查詢方式與外盒標示照片。","","圖卡：水楊酸或阿斯匹靈過敏者注意 / 藥證可查 / 依標示使用","建議搭配：外盒標示實拍、藥證查詢截圖、產品質地短影片、客服回覆截圖（遮個資）。","衛福部中藥許可證：衛署成製015614；類別：乙類成藥；劑型：油膏劑。","退換貨、付款、客服、出貨、價格、通路與任何見證內容，發布前須由人工確認。","NO_LINE_API_CALL_NO_AUTO_PUBLISH_REVIEW_QUEUE_ONLY","LINE102","LINE_OA_LINE102_V2","2026-07-24"
"LINE_DRYRUN_103","P2_SAFE_TERM_CHECK","APPROVE_FOR_MANUAL_SCHEDULE","APPROVE_FOR_MANUAL_SCHEDULE | NEEDS_REWRITE | REJECT | LEGAL_REVIEW","OWNER","2026-06-16","Owner approved for manual schedule export only. Not approved for auto-publishing.","NO","APPROVED_FOR_MANUAL_SCHEDULE_ONLY","2026-08-07","12:00","LINE_OA","立秋後早晚溫差保養","NEEDS_HUMAN_REVIEW_SAFE_TERM_CHECK","","立秋後早晚溫差保養","立秋後早晚溫差保養

換季時，身體保養不需要複雜，穩定的小習慣比較長久。

這款定位是外用油膏，重點是局部按摩、依標示使用。衛署成製015614，乙類成藥，資料可至衛福部中藥許可證系統查詢。

外用產品請依標示使用；身體不適、症狀持續或惡化時，請諮詢醫師或藥師。
下單前可先私訊索取藥證查詢方式與外盒標示照片。","","圖卡：立秋後早晚溫差保養 / 藥證可查 / 依標示使用","建議搭配：外盒標示實拍、藥證查詢截圖、產品質地短影片、客服回覆截圖（遮個資）。","衛福部中藥許可證：衛署成製015614；類別：乙類成藥；劑型：油膏劑。","退換貨、付款、客服、出貨、價格、通路與任何見證內容，發布前須由人工確認。","NO_LINE_API_CALL_NO_AUTO_PUBLISH_REVIEW_QUEUE_ONLY","LINE103","LINE_OA_LINE103_V2","2026-07-25"
"LINE_DRYRUN_104","P2_SAFE_TERM_CHECK","APPROVE_FOR_MANUAL_SCHEDULE","APPROVE_FOR_MANUAL_SCHEDULE | NEEDS_REWRITE | REJECT | LEGAL_REVIEW","OWNER","2026-06-16","Owner approved for manual schedule export only. Not approved for auto-publishing.","NO","APPROVED_FOR_MANUAL_SCHEDULE_ONLY","2026-08-07","20:00","LINE_OA","家事後手臂不適保養","NEEDS_HUMAN_REVIEW_SAFE_TERM_CHECK","","家事後手臂不適保養","家事後手臂不適保養

運動、搬重物、久站後，身體局部不適時，先休息、觀察，再做保守保養。

這款定位是外用油膏，重點是局部按摩、依標示使用。衛署成製015614，乙類成藥，資料可至衛福部中藥許可證系統查詢。

外用產品請依標示使用；身體不適、症狀持續或惡化時，請諮詢醫師或藥師。
下單前可先私訊索取藥證查詢方式與外盒標示照片。","","圖卡：家事後手臂不適保養 / 藥證可查 / 依標示使用","建議搭配：外盒標示實拍、藥證查詢截圖、產品質地短影片、客服回覆截圖（遮個資）。","衛福部中藥許可證：衛署成製015614；類別：乙類成藥；劑型：油膏劑。","退換貨、付款、客服、出貨、價格、通路與任何見證內容，發布前須由人工確認。","NO_LINE_API_CALL_NO_AUTO_PUBLISH_REVIEW_QUEUE_ONLY","LINE104","LINE_OA_LINE104_V2","2026-07-25"
"LINE_DRYRUN_105","P2_SAFE_TERM_CHECK","APPROVE_FOR_MANUAL_SCHEDULE","APPROVE_FOR_MANUAL_SCHEDULE | NEEDS_REWRITE | REJECT | LEGAL_REVIEW","OWNER","2026-06-16","Owner approved for manual schedule export only. Not approved for auto-publishing.","NO","APPROVED_FOR_MANUAL_SCHEDULE_ONLY","2026-08-08","12:00","LINE_OA","你有看過外用產品標示嗎","NEEDS_HUMAN_REVIEW_SAFE_TERM_CHECK","","你有看過外用產品標示嗎","你有看過外用產品標示嗎

很多人不是不想保養，是不知道什麼情況該先問清楚。

這款定位是外用油膏，重點是局部按摩、依標示使用。衛署成製015614，乙類成藥，資料可至衛福部中藥許可證系統查詢。

外用產品請依標示使用；身體不適、症狀持續或惡化時，請諮詢醫師或藥師。
下單前可先私訊索取藥證查詢方式與外盒標示照片。","","圖卡：你有看過外用產品標示嗎 / 藥證可查 / 依標示使用","建議搭配：外盒標示實拍、藥證查詢截圖、產品質地短影片、客服回覆截圖（遮個資）。","衛福部中藥許可證：衛署成製015614；類別：乙類成藥；劑型：油膏劑。","退換貨、付款、客服、出貨、價格、通路與任何見證內容，發布前須由人工確認。","NO_LINE_API_CALL_NO_AUTO_PUBLISH_REVIEW_QUEUE_ONLY","LINE105","LINE_OA_LINE105_V2","2026-07-26"
"LINE_DRYRUN_106","P2_SAFE_TERM_CHECK","APPROVE_FOR_MANUAL_SCHEDULE","APPROVE_FOR_MANUAL_SCHEDULE | NEEDS_REWRITE | REJECT | LEGAL_REVIEW","OWNER","2026-06-16","Owner approved for manual schedule export only. Not approved for auto-publishing.","NO","APPROVED_FOR_MANUAL_SCHEDULE_ONLY","2026-08-08","20:00","LINE_OA","長輩按摩力道不要過重","NEEDS_HUMAN_REVIEW_SAFE_TERM_CHECK","","長輩按摩力道不要過重","長輩按摩力道不要過重

幫長輩準備外用產品時，最重要的是安全、清楚、不要亂用。

這款定位是外用油膏，重點是局部按摩、依標示使用。衛署成製015614，乙類成藥，資料可至衛福部中藥許可證系統查詢。

外用產品請依標示使用；身體不適、症狀持續或惡化時，請諮詢醫師或藥師。
下單前可先私訊索取藥證查詢方式與外盒標示照片。","","圖卡：長輩按摩力道不要過重 / 藥證可查 / 依標示使用","建議搭配：外盒標示實拍、藥證查詢截圖、產品質地短影片、客服回覆截圖（遮個資）。","衛福部中藥許可證：衛署成製015614；類別：乙類成藥；劑型：油膏劑。","退換貨、付款、客服、出貨、價格、通路與任何見證內容，發布前須由人工確認。","NO_LINE_API_CALL_NO_AUTO_PUBLISH_REVIEW_QUEUE_ONLY","LINE106","LINE_OA_LINE106_V2","2026-07-26"
"LINE_DRYRUN_107","P2_SAFE_TERM_CHECK","APPROVE_FOR_MANUAL_SCHEDULE","APPROVE_FOR_MANUAL_SCHEDULE | NEEDS_REWRITE | REJECT | LEGAL_REVIEW","OWNER","2026-06-16","Owner approved for manual schedule export only. Not approved for auto-publishing.","NO","APPROVED_FOR_MANUAL_SCHEDULE_ONLY","2026-08-09","12:00","LINE_OA","久坐族晚間舒緩儀式","NEEDS_HUMAN_REVIEW_SAFE_TERM_CHECK","","久坐族晚間舒緩儀式","久坐族晚間舒緩儀式

久坐、低頭、開會一整天後，肩頸常會提醒你該放鬆一下。

這款定位是外用油膏，重點是局部按摩、依標示使用。衛署成製015614，乙類成藥，資料可至衛福部中藥許可證系統查詢。

外用產品請依標示使用；身體不適、症狀持續或惡化時，請諮詢醫師或藥師。
下單前可先私訊索取藥證查詢方式與外盒標示照片。","","圖卡：久坐族晚間舒緩儀式 / 藥證可查 / 依標示使用","建議搭配：外盒標示實拍、藥證查詢截圖、產品質地短影片、客服回覆截圖（遮個資）。","衛福部中藥許可證：衛署成製015614；類別：乙類成藥；劑型：油膏劑。","退換貨、付款、客服、出貨、價格、通路與任何見證內容，發布前須由人工確認。","NO_LINE_API_CALL_NO_AUTO_PUBLISH_REVIEW_QUEUE_ONLY","LINE107","LINE_OA_LINE107_V2","2026-07-27"
"LINE_DRYRUN_108","P2_SAFE_TERM_CHECK","APPROVE_FOR_MANUAL_SCHEDULE","APPROVE_FOR_MANUAL_SCHEDULE | NEEDS_REWRITE | REJECT | LEGAL_REVIEW","OWNER","2026-06-16","Owner approved for manual schedule export only. Not approved for auto-publishing.","NO","APPROVED_FOR_MANUAL_SCHEDULE_ONLY","2026-08-09","20:00","LINE_OA","一條根外用膏的日常定位","NEEDS_HUMAN_REVIEW_SAFE_TERM_CHECK","","一條根外用膏的日常定位","一條根外用膏的日常定位

下單前，先看得懂標示與成分，比聽誇張話術更安心。

這款定位是外用油膏，重點是局部按摩、依標示使用。衛署成製015614，乙類成藥，資料可至衛福部中藥許可證系統查詢。

外用產品請依標示使用；身體不適、症狀持續或惡化時，請諮詢醫師或藥師。
下單前可先私訊索取藥證查詢方式與外盒標示照片。","","圖卡：一條根外用膏的日常定位 / 藥證可查 / 依標示使用","建議搭配：外盒標示實拍、藥證查詢截圖、產品質地短影片、客服回覆截圖（遮個資）。","衛福部中藥許可證：衛署成製015614；類別：乙類成藥；劑型：油膏劑。","退換貨、付款、客服、出貨、價格、通路與任何見證內容，發布前須由人工確認。","NO_LINE_API_CALL_NO_AUTO_PUBLISH_REVIEW_QUEUE_ONLY","LINE108","LINE_OA_LINE108_V2","2026-07-27"
"LINE_DRYRUN_109","P2_SAFE_TERM_CHECK","APPROVE_FOR_MANUAL_SCHEDULE","APPROVE_FOR_MANUAL_SCHEDULE | NEEDS_REWRITE | REJECT | LEGAL_REVIEW","OWNER","2026-06-16","Owner approved for manual schedule export only. Not approved for auto-publishing.","NO","APPROVED_FOR_MANUAL_SCHEDULE_ONLY","2026-08-10","12:00","LINE_OA","處暑後運動暖身提醒","NEEDS_HUMAN_REVIEW_SAFE_TERM_CHECK","","處暑後運動暖身提醒","處暑後運動暖身提醒

換季時，身體保養不需要複雜，穩定的小習慣比較長久。

這款定位是外用油膏，重點是局部按摩、依標示使用。衛署成製015614，乙類成藥，資料可至衛福部中藥許可證系統查詢。

外用產品請依標示使用；身體不適、症狀持續或惡化時，請諮詢醫師或藥師。
下單前可先私訊索取藥證查詢方式與外盒標示照片。","","圖卡：處暑後運動暖身提醒 / 藥證可查 / 依標示使用","建議搭配：外盒標示實拍、藥證查詢截圖、產品質地短影片、客服回覆截圖（遮個資）。","衛福部中藥許可證：衛署成製015614；類別：乙類成藥；劑型：油膏劑。","退換貨、付款、客服、出貨、價格、通路與任何見證內容，發布前須由人工確認。","NO_LINE_API_CALL_NO_AUTO_PUBLISH_REVIEW_QUEUE_ONLY","LINE109","LINE_OA_LINE109_V2","2026-07-28"
"LINE_DRYRUN_110","P2_SAFE_TERM_CHECK","APPROVE_FOR_MANUAL_SCHEDULE","APPROVE_FOR_MANUAL_SCHEDULE | NEEDS_REWRITE | REJECT | LEGAL_REVIEW","OWNER","2026-06-16","Owner approved for manual schedule export only. Not approved for auto-publishing.","NO","APPROVED_FOR_MANUAL_SCHEDULE_ONLY","2026-08-10","20:00","LINE_OA","兒童使用前的安全提醒","NEEDS_HUMAN_REVIEW_SAFE_TERM_CHECK","","兒童使用前的安全提醒","兒童使用前的安全提醒

外用產品不是擦越多越好，用對位置、避開風險才安心。

這款定位是外用油膏，重點是局部按摩、依標示使用。衛署成製015614，乙類成藥，資料可至衛福部中藥許可證系統查詢。

外用產品請依標示使用；身體不適、症狀持續或惡化時，請諮詢醫師或藥師。
下單前可先私訊索取藥證查詢方式與外盒標示照片。","","圖卡：兒童使用前的安全提醒 / 藥證可查 / 依標示使用","建議搭配：外盒標示實拍、藥證查詢截圖、產品質地短影片、客服回覆截圖（遮個資）。","衛福部中藥許可證：衛署成製015614；類別：乙類成藥；劑型：油膏劑。","退換貨、付款、客服、出貨、價格、通路與任何見證內容，發布前須由人工確認。","NO_LINE_API_CALL_NO_AUTO_PUBLISH_REVIEW_QUEUE_ONLY","LINE110","LINE_OA_LINE110_V2","2026-07-28"
"LINE_DRYRUN_111","P2_SAFE_TERM_CHECK","APPROVE_FOR_MANUAL_SCHEDULE","APPROVE_FOR_MANUAL_SCHEDULE | NEEDS_REWRITE | REJECT | LEGAL_REVIEW","OWNER","2026-06-16","Owner approved for manual schedule export only. Not approved for auto-publishing.","NO","APPROVED_FOR_MANUAL_SCHEDULE_ONLY","2026-08-11","12:00","LINE_OA","官方適應症與社群文案的差異","NEEDS_HUMAN_REVIEW_SAFE_TERM_CHECK","","官方適應症與社群文案的差異","官方適應症與社群文案的差異

我們寧願把資料講清楚，也不想用誇大的話讓你衝動購買。

這款定位是外用油膏，重點是局部按摩、依標示使用。衛署成製015614，乙類成藥，資料可至衛福部中藥許可證系統查詢。

外用產品請依標示使用；身體不適、症狀持續或惡化時，請諮詢醫師或藥師。
下單前可先私訊索取藥證查詢方式與外盒標示照片。","","圖卡：官方適應症與社群文案的差異 / 藥證可查 / 依標示使用","建議搭配：外盒標示實拍、藥證查詢截圖、產品質地短影片、客服回覆截圖（遮個資）。","衛福部中藥許可證：衛署成製015614；類別：乙類成藥；劑型：油膏劑。","退換貨、付款、客服、出貨、價格、通路與任何見證內容，發布前須由人工確認。","NO_LINE_API_CALL_NO_AUTO_PUBLISH_REVIEW_QUEUE_ONLY","LINE111","LINE_OA_LINE111_V2","2026-07-29"
"LINE_DRYRUN_112","P2_SAFE_TERM_CHECK","APPROVE_FOR_MANUAL_SCHEDULE","APPROVE_FOR_MANUAL_SCHEDULE | NEEDS_REWRITE | REJECT | LEGAL_REVIEW","OWNER","2026-06-16","Owner approved for manual schedule export only. Not approved for auto-publishing.","NO","APPROVED_FOR_MANUAL_SCHEDULE_ONLY","2026-08-11","20:00","LINE_OA","久坐族最想舒緩哪裡","NEEDS_HUMAN_REVIEW_SAFE_TERM_CHECK","","久坐族最想舒緩哪裡","久坐族最想舒緩哪裡

很多人不是不想保養，是不知道什麼情況該先問清楚。

這款定位是外用油膏，重點是局部按摩、依標示使用。衛署成製015614，乙類成藥，資料可至衛福部中藥許可證系統查詢。

外用產品請依標示使用；身體不適、症狀持續或惡化時，請諮詢醫師或藥師。
下單前可先私訊索取藥證查詢方式與外盒標示照片。","","圖卡：久坐族最想舒緩哪裡 / 藥證可查 / 依標示使用","建議搭配：外盒標示實拍、藥證查詢截圖、產品質地短影片、客服回覆截圖（遮個資）。","衛福部中藥許可證：衛署成製015614；類別：乙類成藥；劑型：油膏劑。","退換貨、付款、客服、出貨、價格、通路與任何見證內容，發布前須由人工確認。","NO_LINE_API_CALL_NO_AUTO_PUBLISH_REVIEW_QUEUE_ONLY","LINE112","LINE_OA_LINE112_V2","2026-07-29"
"LINE_DRYRUN_113","P2_SAFE_TERM_CHECK","APPROVE_FOR_MANUAL_SCHEDULE","APPROVE_FOR_MANUAL_SCHEDULE | NEEDS_REWRITE | REJECT | LEGAL_REVIEW","OWNER","2026-06-16","Owner approved for manual schedule export only. Not approved for auto-publishing.","NO","APPROVED_FOR_MANUAL_SCHEDULE_ONLY","2026-08-12","12:00","LINE_OA","跑步後膝周不適的保守提醒","NEEDS_HUMAN_REVIEW_SAFE_TERM_CHECK","","跑步後膝周不適的保守提醒","跑步後膝周不適的保守提醒

運動、搬重物、久站後，身體局部不適時，先休息、觀察，再做保守保養。

這款定位是外用油膏，重點是局部按摩、依標示使用。衛署成製015614，乙類成藥，資料可至衛福部中藥許可證系統查詢。

外用產品請依標示使用；身體不適、症狀持續或惡化時，請諮詢醫師或藥師。
下單前可先私訊索取藥證查詢方式與外盒標示照片。","","圖卡：跑步後膝周不適的保守提醒 / 藥證可查 / 依標示使用","建議搭配：外盒標示實拍、藥證查詢截圖、產品質地短影片、客服回覆截圖（遮個資）。","衛福部中藥許可證：衛署成製015614；類別：乙類成藥；劑型：油膏劑。","退換貨、付款、客服、出貨、價格、通路與任何見證內容，發布前須由人工確認。","NO_LINE_API_CALL_NO_AUTO_PUBLISH_REVIEW_QUEUE_ONLY","LINE113","LINE_OA_LINE113_V2","2026-07-30"
"LINE_DRYRUN_114","P2_SAFE_TERM_CHECK","APPROVE_FOR_MANUAL_SCHEDULE","APPROVE_FOR_MANUAL_SCHEDULE | NEEDS_REWRITE | REJECT | LEGAL_REVIEW","OWNER","2026-06-16","Owner approved for manual schedule export only. Not approved for auto-publishing.","NO","APPROVED_FOR_MANUAL_SCHEDULE_ONLY","2026-08-12","20:00","LINE_OA","成分濃度為什麼要看標示","NEEDS_HUMAN_REVIEW_SAFE_TERM_CHECK","","成分濃度為什麼要看標示","成分濃度為什麼要看標示

下單前，先看得懂標示與成分，比聽誇張話術更安心。

這款定位是外用油膏，重點是局部按摩、依標示使用。衛署成製015614，乙類成藥，資料可至衛福部中藥許可證系統查詢。

外用產品請依標示使用；身體不適、症狀持續或惡化時，請諮詢醫師或藥師。
下單前可先私訊索取藥證查詢方式與外盒標示照片。","","圖卡：成分濃度為什麼要看標示 / 藥證可查 / 依標示使用","建議搭配：外盒標示實拍、藥證查詢截圖、產品質地短影片、客服回覆截圖（遮個資）。","衛福部中藥許可證：衛署成製015614；類別：乙類成藥；劑型：油膏劑。","退換貨、付款、客服、出貨、價格、通路與任何見證內容，發布前須由人工確認。","NO_LINE_API_CALL_NO_AUTO_PUBLISH_REVIEW_QUEUE_ONLY","LINE114","LINE_OA_LINE114_V2","2026-07-30"
"LINE_DRYRUN_115","P2_SAFE_TERM_CHECK","APPROVE_FOR_MANUAL_SCHEDULE","APPROVE_FOR_MANUAL_SCHEDULE | NEEDS_REWRITE | REJECT | LEGAL_REVIEW","OWNER","2026-06-16","Owner approved for manual schedule export only. Not approved for auto-publishing.","NO","APPROVED_FOR_MANUAL_SCHEDULE_ONLY","2026-08-13","12:00","LINE_OA","照顧爸媽時的外用提醒","NEEDS_HUMAN_REVIEW_SAFE_TERM_CHECK","","照顧爸媽時的外用提醒","照顧爸媽時的外用提醒

幫長輩準備外用產品時，最重要的是安全、清楚、不要亂用。

這款定位是外用油膏，重點是局部按摩、依標示使用。衛署成製015614，乙類成藥，資料可至衛福部中藥許可證系統查詢。

外用產品請依標示使用；身體不適、症狀持續或惡化時，請諮詢醫師或藥師。
下單前可先私訊索取藥證查詢方式與外盒標示照片。","","圖卡：照顧爸媽時的外用提醒 / 藥證可查 / 依標示使用","建議搭配：外盒標示實拍、藥證查詢截圖、產品質地短影片、客服回覆截圖（遮個資）。","衛福部中藥許可證：衛署成製015614；類別：乙類成藥；劑型：油膏劑。","退換貨、付款、客服、出貨、價格、通路與任何見證內容，發布前須由人工確認。","NO_LINE_API_CALL_NO_AUTO_PUBLISH_REVIEW_QUEUE_ONLY","LINE115","LINE_OA_LINE115_V2","2026-07-31"
"LINE_DRYRUN_116","P2_SAFE_TERM_CHECK","APPROVE_FOR_MANUAL_SCHEDULE","APPROVE_FOR_MANUAL_SCHEDULE | NEEDS_REWRITE | REJECT | LEGAL_REVIEW","OWNER","2026-06-16","Owner approved for manual schedule export only. Not approved for auto-publishing.","NO","APPROVED_FOR_MANUAL_SCHEDULE_ONLY","2026-08-13","20:00","LINE_OA","孕婦與哺乳族群先詢問專業人員","NEEDS_HUMAN_REVIEW_SAFE_TERM_CHECK","","孕婦與哺乳族群先詢問專業人員","孕婦與哺乳族群先詢問專業人員

外用產品不是擦越多越好，用對位置、避開風險才安心。

這款定位是外用油膏，重點是局部按摩、依標示使用。衛署成製015614，乙類成藥，資料可至衛福部中藥許可證系統查詢。

外用產品請依標示使用；身體不適、症狀持續或惡化時，請諮詢醫師或藥師。
下單前可先私訊索取藥證查詢方式與外盒標示照片。","","圖卡：孕婦與哺乳族群先詢問專業人員 / 藥證可查 / 依標示使用","建議搭配：外盒標示實拍、藥證查詢截圖、產品質地短影片、客服回覆截圖（遮個資）。","衛福部中藥許可證：衛署成製015614；類別：乙類成藥；劑型：油膏劑。","退換貨、付款、客服、出貨、價格、通路與任何見證內容，發布前須由人工確認。","NO_LINE_API_CALL_NO_AUTO_PUBLISH_REVIEW_QUEUE_ONLY","LINE116","LINE_OA_LINE116_V2","2026-07-31"
"LINE_DRYRUN_117","P2_SAFE_TERM_CHECK","APPROVE_FOR_MANUAL_SCHEDULE","APPROVE_FOR_MANUAL_SCHEDULE | NEEDS_REWRITE | REJECT | LEGAL_REVIEW","OWNER","2026-06-16","Owner approved for manual schedule export only. Not approved for auto-publishing.","NO","APPROVED_FOR_MANUAL_SCHEDULE_ONLY","2026-08-14","12:00","LINE_OA","白露時節關心長輩活動","NEEDS_HUMAN_REVIEW_SAFE_TERM_CHECK","","白露時節關心長輩活動","白露時節關心長輩活動

換季時，身體保養不需要複雜，穩定的小習慣比較長久。

這款定位是外用油膏，重點是局部按摩、依標示使用。衛署成製015614，乙類成藥，資料可至衛福部中藥許可證系統查詢。

外用產品請依標示使用；身體不適、症狀持續或惡化時，請諮詢醫師或藥師。
下單前可先私訊索取藥證查詢方式與外盒標示照片。","","圖卡：白露時節關心長輩活動 / 藥證可查 / 依標示使用","建議搭配：外盒標示實拍、藥證查詢截圖、產品質地短影片、客服回覆截圖（遮個資）。","衛福部中藥許可證：衛署成製015614；類別：乙類成藥；劑型：油膏劑。","退換貨、付款、客服、出貨、價格、通路與任何見證內容，發布前須由人工確認。","NO_LINE_API_CALL_NO_AUTO_PUBLISH_REVIEW_QUEUE_ONLY","LINE117","LINE_OA_LINE117_V2","2026-08-01"
"LINE_DRYRUN_118","P2_SAFE_TERM_CHECK","APPROVE_FOR_MANUAL_SCHEDULE","APPROVE_FOR_MANUAL_SCHEDULE | NEEDS_REWRITE | REJECT | LEGAL_REVIEW","OWNER","2026-06-16","Owner approved for manual schedule export only. Not approved for auto-publishing.","NO","APPROVED_FOR_MANUAL_SCHEDULE_ONLY","2026-08-14","20:00","LINE_OA","勞動後先休息再按摩","NEEDS_HUMAN_REVIEW_SAFE_TERM_CHECK","","勞動後先休息再按摩","勞動後先休息再按摩

運動、搬重物、久站後，身體局部不適時，先休息、觀察，再做保守保養。

這款定位是外用油膏，重點是局部按摩、依標示使用。衛署成製015614，乙類成藥，資料可至衛福部中藥許可證系統查詢。

外用產品請依標示使用；身體不適、症狀持續或惡化時，請諮詢醫師或藥師。
下單前可先私訊索取藥證查詢方式與外盒標示照片。","","圖卡：勞動後先休息再按摩 / 藥證可查 / 依標示使用","建議搭配：外盒標示實拍、藥證查詢截圖、產品質地短影片、客服回覆截圖（遮個資）。","衛福部中藥許可證：衛署成製015614；類別：乙類成藥；劑型：油膏劑。","退換貨、付款、客服、出貨、價格、通路與任何見證內容，發布前須由人工確認。","NO_LINE_API_CALL_NO_AUTO_PUBLISH_REVIEW_QUEUE_ONLY","LINE118","LINE_OA_LINE118_V2","2026-08-01"
"LINE_DRYRUN_119","P2_SAFE_TERM_CHECK","APPROVE_FOR_MANUAL_SCHEDULE","APPROVE_FOR_MANUAL_SCHEDULE | NEEDS_REWRITE | REJECT | LEGAL_REVIEW","OWNER","2026-06-16","Owner approved for manual schedule export only. Not approved for auto-publishing.","NO","APPROVED_FOR_MANUAL_SCHEDULE_ONLY","2026-08-15","12:00","LINE_OA","長輩使用外用膏你會提醒什麼","NEEDS_HUMAN_REVIEW_SAFE_TERM_CHECK","","長輩使用外用膏你會提醒什麼","長輩使用外用膏你會提醒什麼

很多人不是不想保養，是不知道什麼情況該先問清楚。

這款定位是外用油膏，重點是局部按摩、依標示使用。衛署成製015614，乙類成藥，資料可至衛福部中藥許可證系統查詢。

外用產品請依標示使用；身體不適、症狀持續或惡化時，請諮詢醫師或藥師。
下單前可先私訊索取藥證查詢方式與外盒標示照片。","","圖卡：長輩使用外用膏你會提醒什麼 / 藥證可查 / 依標示使用","建議搭配：外盒標示實拍、藥證查詢截圖、產品質地短影片、客服回覆截圖（遮個資）。","衛福部中藥許可證：衛署成製015614；類別：乙類成藥；劑型：油膏劑。","退換貨、付款、客服、出貨、價格、通路與任何見證內容，發布前須由人工確認。","NO_LINE_API_CALL_NO_AUTO_PUBLISH_REVIEW_QUEUE_ONLY","LINE119","LINE_OA_LINE119_V2","2026-08-02"
"LINE_DRYRUN_120","P2_SAFE_TERM_CHECK","APPROVE_FOR_MANUAL_SCHEDULE","APPROVE_FOR_MANUAL_SCHEDULE | NEEDS_REWRITE | REJECT | LEGAL_REVIEW","OWNER","2026-06-16","Owner approved for manual schedule export only. Not approved for auto-publishing.","NO","APPROVED_FOR_MANUAL_SCHEDULE_ONLY","2026-08-15","20:00","LINE_OA","日常活動舒適度的三個習慣","NEEDS_HUMAN_REVIEW_SAFE_TERM_CHECK","","日常活動舒適度的三個習慣","日常活動舒適度的三個習慣

幫長輩準備外用產品時，最重要的是安全、清楚、不要亂用。

這款定位是外用油膏，重點是局部按摩、依標示使用。衛署成製015614，乙類成藥，資料可至衛福部中藥許可證系統查詢。

外用產品請依標示使用；身體不適、症狀持續或惡化時，請諮詢醫師或藥師。
下單前可先私訊索取藥證查詢方式與外盒標示照片。","","圖卡：日常活動舒適度的三個習慣 / 藥證可查 / 依標示使用","建議搭配：外盒標示實拍、藥證查詢截圖、產品質地短影片、客服回覆截圖（遮個資）。","衛福部中藥許可證：衛署成製015614；類別：乙類成藥；劑型：油膏劑。","退換貨、付款、客服、出貨、價格、通路與任何見證內容，發布前須由人工確認。","NO_LINE_API_CALL_NO_AUTO_PUBLISH_REVIEW_QUEUE_ONLY","LINE120","LINE_OA_LINE120_V2","2026-08-02"
"LINE_DRYRUN_121","P2_SAFE_TERM_CHECK","APPROVE_FOR_MANUAL_SCHEDULE","APPROVE_FOR_MANUAL_SCHEDULE | NEEDS_REWRITE | REJECT | LEGAL_REVIEW","OWNER","2026-06-16","Owner approved for manual schedule export only. Not approved for auto-publishing.","NO","APPROVED_FOR_MANUAL_SCHEDULE_ONLY","2026-08-16","12:00","LINE_OA","背包太重後的肩膀保養","NEEDS_HUMAN_REVIEW_SAFE_TERM_CHECK","","背包太重後的肩膀保養","背包太重後的肩膀保養

久坐、低頭、開會一整天後，肩頸常會提醒你該放鬆一下。

這款定位是外用油膏，重點是局部按摩、依標示使用。衛署成製015614，乙類成藥，資料可至衛福部中藥許可證系統查詢。

外用產品請依標示使用；身體不適、症狀持續或惡化時，請諮詢醫師或藥師。
下單前可先私訊索取藥證查詢方式與外盒標示照片。","","圖卡：背包太重後的肩膀保養 / 藥證可查 / 依標示使用","建議搭配：外盒標示實拍、藥證查詢截圖、產品質地短影片、客服回覆截圖（遮個資）。","衛福部中藥許可證：衛署成製015614；類別：乙類成藥；劑型：油膏劑。","退換貨、付款、客服、出貨、價格、通路與任何見證內容，發布前須由人工確認。","NO_LINE_API_CALL_NO_AUTO_PUBLISH_REVIEW_QUEUE_ONLY","LINE121","LINE_OA_LINE121_V2","2026-08-03"
"LINE_DRYRUN_122","P2_SAFE_TERM_CHECK","APPROVE_FOR_MANUAL_SCHEDULE","APPROVE_FOR_MANUAL_SCHEDULE | NEEDS_REWRITE | REJECT | LEGAL_REVIEW","OWNER","2026-06-16","Owner approved for manual schedule export only. Not approved for auto-publishing.","NO","APPROVED_FOR_MANUAL_SCHEDULE_ONLY","2026-08-16","20:00","LINE_OA","局部按摩和大面積厚敷的差別","NEEDS_HUMAN_REVIEW_SAFE_TERM_CHECK","","局部按摩和大面積厚敷的差別","局部按摩和大面積厚敷的差別

下單前，先看得懂標示與成分，比聽誇張話術更安心。

這款定位是外用油膏，重點是局部按摩、依標示使用。衛署成製015614，乙類成藥，資料可至衛福部中藥許可證系統查詢。

外用產品請依標示使用；身體不適、症狀持續或惡化時，請諮詢醫師或藥師。
下單前可先私訊索取藥證查詢方式與外盒標示照片。","","圖卡：局部按摩和大面積厚敷的差別 / 藥證可查 / 依標示使用","建議搭配：外盒標示實拍、藥證查詢截圖、產品質地短影片、客服回覆截圖（遮個資）。","衛福部中藥許可證：衛署成製015614；類別：乙類成藥；劑型：油膏劑。","退換貨、付款、客服、出貨、價格、通路與任何見證內容，發布前須由人工確認。","NO_LINE_API_CALL_NO_AUTO_PUBLISH_REVIEW_QUEUE_ONLY","LINE122","LINE_OA_LINE122_V2","2026-08-03"
"LINE_DRYRUN_123","P2_SAFE_TERM_CHECK","APPROVE_FOR_MANUAL_SCHEDULE","APPROVE_FOR_MANUAL_SCHEDULE | NEEDS_REWRITE | REJECT | LEGAL_REVIEW","OWNER","2026-06-16","Owner approved for manual schedule export only. Not approved for auto-publishing.","NO","APPROVED_FOR_MANUAL_SCHEDULE_ONLY","2026-08-17","12:00","LINE_OA","秋分後外出前暖身","NEEDS_HUMAN_REVIEW_SAFE_TERM_CHECK","","秋分後外出前暖身","秋分後外出前暖身

換季時，身體保養不需要複雜，穩定的小習慣比較長久。

這款定位是外用油膏，重點是局部按摩、依標示使用。衛署成製015614，乙類成藥，資料可至衛福部中藥許可證系統查詢。

外用產品請依標示使用；身體不適、症狀持續或惡化時，請諮詢醫師或藥師。
下單前可先私訊索取藥證查詢方式與外盒標示照片。","","圖卡：秋分後外出前暖身 / 藥證可查 / 依標示使用","建議搭配：外盒標示實拍、藥證查詢截圖、產品質地短影片、客服回覆截圖（遮個資）。","衛福部中藥許可證：衛署成製015614；類別：乙類成藥；劑型：油膏劑。","退換貨、付款、客服、出貨、價格、通路與任何見證內容，發布前須由人工確認。","NO_LINE_API_CALL_NO_AUTO_PUBLISH_REVIEW_QUEUE_ONLY","LINE123","LINE_OA_LINE123_V2","2026-08-04"
"LINE_DRYRUN_124","P2_SAFE_TERM_CHECK","APPROVE_FOR_MANUAL_SCHEDULE","APPROVE_FOR_MANUAL_SCHEDULE | NEEDS_REWRITE | REJECT | LEGAL_REVIEW","OWNER","2026-06-16","Owner approved for manual schedule export only. Not approved for auto-publishing.","NO","APPROVED_FOR_MANUAL_SCHEDULE_ONLY","2026-08-17","20:00","LINE_OA","症狀超過七天要停用並諮詢","NEEDS_HUMAN_REVIEW_SAFE_TERM_CHECK","","症狀超過七天要停用並諮詢","症狀超過七天要停用並諮詢

外用產品不是擦越多越好，用對位置、避開風險才安心。

這款定位是外用油膏，重點是局部按摩、依標示使用。衛署成製015614，乙類成藥，資料可至衛福部中藥許可證系統查詢。

外用產品請依標示使用；身體不適、症狀持續或惡化時，請諮詢醫師或藥師。
下單前可先私訊索取藥證查詢方式與外盒標示照片。","","圖卡：症狀超過七天要停用並諮詢 / 藥證可查 / 依標示使用","建議搭配：外盒標示實拍、藥證查詢截圖、產品質地短影片、客服回覆截圖（遮個資）。","衛福部中藥許可證：衛署成製015614；類別：乙類成藥；劑型：油膏劑。","退換貨、付款、客服、出貨、價格、通路與任何見證內容，發布前須由人工確認。","NO_LINE_API_CALL_NO_AUTO_PUBLISH_REVIEW_QUEUE_ONLY","LINE124","LINE_OA_LINE124_V2","2026-08-04"
"LINE_DRYRUN_125","P2_SAFE_TERM_CHECK","APPROVE_FOR_MANUAL_SCHEDULE","APPROVE_FOR_MANUAL_SCHEDULE | NEEDS_REWRITE | REJECT | LEGAL_REVIEW","OWNER","2026-06-16","Owner approved for manual schedule export only. Not approved for auto-publishing.","NO","APPROVED_FOR_MANUAL_SCHEDULE_ONLY","2026-08-18","12:00","LINE_OA","為什麼不鼓勵擦傷口","NEEDS_HUMAN_REVIEW_SAFE_TERM_CHECK","","為什麼不鼓勵擦傷口","為什麼不鼓勵擦傷口

我們寧願把資料講清楚，也不想用誇大的話讓你衝動購買。

這款定位是外用油膏，重點是局部按摩、依標示使用。衛署成製015614，乙類成藥，資料可至衛福部中藥許可證系統查詢。

外用產品請依標示使用；身體不適、症狀持續或惡化時，請諮詢醫師或藥師。
下單前可先私訊索取藥證查詢方式與外盒標示照片。","","圖卡：為什麼不鼓勵擦傷口 / 藥證可查 / 依標示使用","建議搭配：外盒標示實拍、藥證查詢截圖、產品質地短影片、客服回覆截圖（遮個資）。","衛福部中藥許可證：衛署成製015614；類別：乙類成藥；劑型：油膏劑。","退換貨、付款、客服、出貨、價格、通路與任何見證內容，發布前須由人工確認。","NO_LINE_API_CALL_NO_AUTO_PUBLISH_REVIEW_QUEUE_ONLY","LINE125","LINE_OA_LINE125_V2","2026-08-05"
"LINE_DRYRUN_126","P2_SAFE_TERM_CHECK","APPROVE_FOR_MANUAL_SCHEDULE","APPROVE_FOR_MANUAL_SCHEDULE | NEEDS_REWRITE | REJECT | LEGAL_REVIEW","OWNER","2026-06-16","Owner approved for manual schedule export only. Not approved for auto-publishing.","NO","APPROVED_FOR_MANUAL_SCHEDULE_ONLY","2026-08-18","20:00","LINE_OA","一條根可以天天厚敷嗎","NEEDS_HUMAN_REVIEW_SAFE_TERM_CHECK","","一條根可以天天厚敷嗎","一條根可以天天厚敷嗎

很多人不是不想保養，是不知道什麼情況該先問清楚。

這款定位是外用油膏，重點是局部按摩、依標示使用。衛署成製015614，乙類成藥，資料可至衛福部中藥許可證系統查詢。

外用產品請依標示使用；身體不適、症狀持續或惡化時，請諮詢醫師或藥師。
下單前可先私訊索取藥證查詢方式與外盒標示照片。","","圖卡：一條根可以天天厚敷嗎 / 藥證可查 / 依標示使用","建議搭配：外盒標示實拍、藥證查詢截圖、產品質地短影片、客服回覆截圖（遮個資）。","衛福部中藥許可證：衛署成製015614；類別：乙類成藥；劑型：油膏劑。","退換貨、付款、客服、出貨、價格、通路與任何見證內容，發布前須由人工確認。","NO_LINE_API_CALL_NO_AUTO_PUBLISH_REVIEW_QUEUE_ONLY","LINE126","LINE_OA_LINE126_V2","2026-08-05"
"LINE_DRYRUN_127","P2_SAFE_TERM_CHECK","APPROVE_FOR_MANUAL_SCHEDULE","APPROVE_FOR_MANUAL_SCHEDULE | NEEDS_REWRITE | REJECT | LEGAL_REVIEW","OWNER","2026-06-16","Owner approved for manual schedule export only. Not approved for auto-publishing.","NO","APPROVED_FOR_MANUAL_SCHEDULE_ONLY","2026-08-19","12:00","LINE_OA","運動後不要立刻熱敷加藥膏","NEEDS_HUMAN_REVIEW_SAFE_TERM_CHECK","","運動後不要立刻熱敷加藥膏","運動後不要立刻熱敷加藥膏

運動、搬重物、久站後，身體局部不適時，先休息、觀察，再做保守保養。

這款定位是外用油膏，重點是局部按摩、依標示使用。衛署成製015614，乙類成藥，資料可至衛福部中藥許可證系統查詢。

外用產品請依標示使用；身體不適、症狀持續或惡化時，請諮詢醫師或藥師。
下單前可先私訊索取藥證查詢方式與外盒標示照片。","","圖卡：運動後不要立刻熱敷加藥膏 / 藥證可查 / 依標示使用","建議搭配：外盒標示實拍、藥證查詢截圖、產品質地短影片、客服回覆截圖（遮個資）。","衛福部中藥許可證：衛署成製015614；類別：乙類成藥；劑型：油膏劑。","退換貨、付款、客服、出貨、價格、通路與任何見證內容，發布前須由人工確認。","NO_LINE_API_CALL_NO_AUTO_PUBLISH_REVIEW_QUEUE_ONLY","LINE127","LINE_OA_LINE127_V2","2026-08-06"
"LINE_DRYRUN_128","P2_SAFE_TERM_CHECK","APPROVE_FOR_MANUAL_SCHEDULE","APPROVE_FOR_MANUAL_SCHEDULE | NEEDS_REWRITE | REJECT | LEGAL_REVIEW","OWNER","2026-06-16","Owner approved for manual schedule export only. Not approved for auto-publishing.","NO","APPROVED_FOR_MANUAL_SCHEDULE_ONLY","2026-08-19","20:00","LINE_OA","使用前先小範圍測試","NEEDS_HUMAN_REVIEW_SAFE_TERM_CHECK","","使用前先小範圍測試","使用前先小範圍測試

下單前，先看得懂標示與成分，比聽誇張話術更安心。

這款定位是外用油膏，重點是局部按摩、依標示使用。衛署成製015614，乙類成藥，資料可至衛福部中藥許可證系統查詢。

外用產品請依標示使用；身體不適、症狀持續或惡化時，請諮詢醫師或藥師。
下單前可先私訊索取藥證查詢方式與外盒標示照片。","","圖卡：使用前先小範圍測試 / 藥證可查 / 依標示使用","建議搭配：外盒標示實拍、藥證查詢截圖、產品質地短影片、客服回覆截圖（遮個資）。","衛福部中藥許可證：衛署成製015614；類別：乙類成藥；劑型：油膏劑。","退換貨、付款、客服、出貨、價格、通路與任何見證內容，發布前須由人工確認。","NO_LINE_API_CALL_NO_AUTO_PUBLISH_REVIEW_QUEUE_ONLY","LINE128","LINE_OA_LINE128_V2","2026-08-06"
"LINE_DRYRUN_129","P2_SAFE_TERM_CHECK","APPROVE_FOR_MANUAL_SCHEDULE","APPROVE_FOR_MANUAL_SCHEDULE | NEEDS_REWRITE | REJECT | LEGAL_REVIEW","OWNER","2026-06-16","Owner approved for manual schedule export only. Not approved for auto-publishing.","NO","APPROVED_FOR_MANUAL_SCHEDULE_ONLY","2026-08-20","12:00","LINE_OA","長輩使用前先看標示","NEEDS_HUMAN_REVIEW_SAFE_TERM_CHECK","","長輩使用前先看標示","長輩使用前先看標示

幫長輩準備外用產品時，最重要的是安全、清楚、不要亂用。

這款定位是外用油膏，重點是局部按摩、依標示使用。衛署成製015614，乙類成藥，資料可至衛福部中藥許可證系統查詢。

外用產品請依標示使用；身體不適、症狀持續或惡化時，請諮詢醫師或藥師。
下單前可先私訊索取藥證查詢方式與外盒標示照片。","","圖卡：長輩使用前先看標示 / 藥證可查 / 依標示使用","建議搭配：外盒標示實拍、藥證查詢截圖、產品質地短影片、客服回覆截圖（遮個資）。","衛福部中藥許可證：衛署成製015614；類別：乙類成藥；劑型：油膏劑。","退換貨、付款、客服、出貨、價格、通路與任何見證內容，發布前須由人工確認。","NO_LINE_API_CALL_NO_AUTO_PUBLISH_REVIEW_QUEUE_ONLY","LINE129","LINE_OA_LINE129_V2","2026-08-07"
"LINE_DRYRUN_130","P2_SAFE_TERM_CHECK","APPROVE_FOR_MANUAL_SCHEDULE","APPROVE_FOR_MANUAL_SCHEDULE | NEEDS_REWRITE | REJECT | LEGAL_REVIEW","OWNER","2026-06-16","Owner approved for manual schedule export only. Not approved for auto-publishing.","NO","APPROVED_FOR_MANUAL_SCHEDULE_ONLY","2026-08-20","20:00","LINE_OA","皮膚刺激時要停止使用","NEEDS_HUMAN_REVIEW_SAFE_TERM_CHECK","","皮膚刺激時要停止使用","皮膚刺激時要停止使用

外用產品不是擦越多越好，用對位置、避開風險才安心。

這款定位是外用油膏，重點是局部按摩、依標示使用。衛署成製015614，乙類成藥，資料可至衛福部中藥許可證系統查詢。

外用產品請依標示使用；身體不適、症狀持續或惡化時，請諮詢醫師或藥師。
下單前可先私訊索取藥證查詢方式與外盒標示照片。","","圖卡：皮膚刺激時要停止使用 / 藥證可查 / 依標示使用","建議搭配：外盒標示實拍、藥證查詢截圖、產品質地短影片、客服回覆截圖（遮個資）。","衛福部中藥許可證：衛署成製015614；類別：乙類成藥；劑型：油膏劑。","退換貨、付款、客服、出貨、價格、通路與任何見證內容，發布前須由人工確認。","NO_LINE_API_CALL_NO_AUTO_PUBLISH_REVIEW_QUEUE_ONLY","LINE130","LINE_OA_LINE130_V2","2026-08-07"
"LINE_DRYRUN_131","P2_SAFE_TERM_CHECK","APPROVE_FOR_MANUAL_SCHEDULE","APPROVE_FOR_MANUAL_SCHEDULE | NEEDS_REWRITE | REJECT | LEGAL_REVIEW","OWNER","2026-06-16","Owner approved for manual schedule export only. Not approved for auto-publishing.","NO","APPROVED_FOR_MANUAL_SCHEDULE_ONLY","2026-08-21","12:00","LINE_OA","寒露後肩背保養","NEEDS_HUMAN_REVIEW_SAFE_TERM_CHECK","","寒露後肩背保養","寒露後肩背保養

換季時，身體保養不需要複雜，穩定的小習慣比較長久。

這款定位是外用油膏，重點是局部按摩、依標示使用。衛署成製015614，乙類成藥，資料可至衛福部中藥許可證系統查詢。

外用產品請依標示使用；身體不適、症狀持續或惡化時，請諮詢醫師或藥師。
下單前可先私訊索取藥證查詢方式與外盒標示照片。","","圖卡：寒露後肩背保養 / 藥證可查 / 依標示使用","建議搭配：外盒標示實拍、藥證查詢截圖、產品質地短影片、客服回覆截圖（遮個資）。","衛福部中藥許可證：衛署成製015614；類別：乙類成藥；劑型：油膏劑。","退換貨、付款、客服、出貨、價格、通路與任何見證內容，發布前須由人工確認。","NO_LINE_API_CALL_NO_AUTO_PUBLISH_REVIEW_QUEUE_ONLY","LINE131","LINE_OA_LINE131_V2","2026-08-08"
"LINE_DRYRUN_132","P2_SAFE_TERM_CHECK","APPROVE_FOR_MANUAL_SCHEDULE","APPROVE_FOR_MANUAL_SCHEDULE | NEEDS_REWRITE | REJECT | LEGAL_REVIEW","OWNER","2026-06-16","Owner approved for manual schedule export only. Not approved for auto-publishing.","NO","APPROVED_FOR_MANUAL_SCHEDULE_ONLY","2026-08-21","20:00","LINE_OA","輕微拉扯後的觀察重點","NEEDS_HUMAN_REVIEW_SAFE_TERM_CHECK","","輕微拉扯後的觀察重點","輕微拉扯後的觀察重點

運動、搬重物、久站後，身體局部不適時，先休息、觀察，再做保守保養。

這款定位是外用油膏，重點是局部按摩、依標示使用。衛署成製015614，乙類成藥，資料可至衛福部中藥許可證系統查詢。

外用產品請依標示使用；身體不適、症狀持續或惡化時，請諮詢醫師或藥師。
下單前可先私訊索取藥證查詢方式與外盒標示照片。","","圖卡：輕微拉扯後的觀察重點 / 藥證可查 / 依標示使用","建議搭配：外盒標示實拍、藥證查詢截圖、產品質地短影片、客服回覆截圖（遮個資）。","衛福部中藥許可證：衛署成製015614；類別：乙類成藥；劑型：油膏劑。","退換貨、付款、客服、出貨、價格、通路與任何見證內容，發布前須由人工確認。","NO_LINE_API_CALL_NO_AUTO_PUBLISH_REVIEW_QUEUE_ONLY","LINE132","LINE_OA_LINE132_V2","2026-08-08"
"LINE_DRYRUN_133","P2_SAFE_TERM_CHECK","APPROVE_FOR_MANUAL_SCHEDULE","APPROVE_FOR_MANUAL_SCHEDULE | NEEDS_REWRITE | REJECT | LEGAL_REVIEW","OWNER","2026-06-16","Owner approved for manual schedule export only. Not approved for auto-publishing.","NO","APPROVED_FOR_MANUAL_SCHEDULE_ONLY","2026-08-22","12:00","LINE_OA","擦完可以馬上熱敷嗎","NEEDS_HUMAN_REVIEW_SAFE_TERM_CHECK","","擦完可以馬上熱敷嗎","擦完可以馬上熱敷嗎

很多人不是不想保養，是不知道什麼情況該先問清楚。

這款定位是外用油膏，重點是局部按摩、依標示使用。衛署成製015614，乙類成藥，資料可至衛福部中藥許可證系統查詢。

外用產品請依標示使用；身體不適、症狀持續或惡化時，請諮詢醫師或藥師。
下單前可先私訊索取藥證查詢方式與外盒標示照片。","","圖卡：擦完可以馬上熱敷嗎 / 藥證可查 / 依標示使用","建議搭配：外盒標示實拍、藥證查詢截圖、產品質地短影片、客服回覆截圖（遮個資）。","衛福部中藥許可證：衛署成製015614；類別：乙類成藥；劑型：油膏劑。","退換貨、付款、客服、出貨、價格、通路與任何見證內容，發布前須由人工確認。","NO_LINE_API_CALL_NO_AUTO_PUBLISH_REVIEW_QUEUE_ONLY","LINE133","LINE_OA_LINE133_V2","2026-08-09"
"LINE_DRYRUN_134","P2_SAFE_TERM_CHECK","APPROVE_FOR_MANUAL_SCHEDULE","APPROVE_FOR_MANUAL_SCHEDULE | NEEDS_REWRITE | REJECT | LEGAL_REVIEW","OWNER","2026-06-16","Owner approved for manual schedule export only. Not approved for auto-publishing.","NO","APPROVED_FOR_MANUAL_SCHEDULE_ONLY","2026-08-22","20:00","LINE_OA","別把長期疼痛只當小問題","NEEDS_HUMAN_REVIEW_SAFE_TERM_CHECK","","別把長期疼痛只當小問題","別把長期疼痛只當小問題

幫長輩準備外用產品時，最重要的是安全、清楚、不要亂用。

這款定位是外用油膏，重點是局部按摩、依標示使用。衛署成製015614，乙類成藥，資料可至衛福部中藥許可證系統查詢。

外用產品請依標示使用；身體不適、症狀持續或惡化時，請諮詢醫師或藥師。
下單前可先私訊索取藥證查詢方式與外盒標示照片。","","圖卡：別把長期疼痛只當小問題 / 藥證可查 / 依標示使用","建議搭配：外盒標示實拍、藥證查詢截圖、產品質地短影片、客服回覆截圖（遮個資）。","衛福部中藥許可證：衛署成製015614；類別：乙類成藥；劑型：油膏劑。","退換貨、付款、客服、出貨、價格、通路與任何見證內容，發布前須由人工確認。","NO_LINE_API_CALL_NO_AUTO_PUBLISH_REVIEW_QUEUE_ONLY","LINE134","LINE_OA_LINE134_V2","2026-08-09"
"LINE_DRYRUN_135","P3_STANDARD_REVIEW","APPROVE_FOR_MANUAL_SCHEDULE","APPROVE_FOR_MANUAL_SCHEDULE | NEEDS_REWRITE | REJECT | LEGAL_REVIEW","OWNER","2026-06-16","Owner approved for manual schedule export only. Not approved for auto-publishing.","NO","APPROVED_FOR_MANUAL_SCHEDULE_ONLY","2026-08-23","12:00","LINE_OA","冷氣房肩頸緊繃保養","PASS_DRY_RUN_PENDING_HUMAN_REVIEW","","冷氣房肩頸緊繃保養","冷氣房肩頸緊繃保養

久坐、低頭、開會一整天後，肩頸常會提醒你該放鬆一下。

這款定位是外用油膏，重點是局部按摩、依標示使用。衛署成製015614，乙類成藥，資料可至衛福部中藥許可證系統查詢。

外用產品請依標示使用；身體不適、症狀持續或惡化時，請諮詢醫師或藥師。
下單前可先私訊索取藥證查詢方式與外盒標示照片。","","圖卡：冷氣房肩頸緊繃保養 / 藥證可查 / 依標示使用","建議搭配：外盒標示實拍、藥證查詢截圖、產品質地短影片、客服回覆截圖（遮個資）。","衛福部中藥許可證：衛署成製015614；類別：乙類成藥；劑型：油膏劑。","退換貨、付款、客服、出貨、價格、通路與任何見證內容，發布前須由人工確認。","NO_LINE_API_CALL_NO_AUTO_PUBLISH_REVIEW_QUEUE_ONLY","LINE135","LINE_OA_LINE135_V2","2026-08-10"
"LINE_DRYRUN_136","P2_SAFE_TERM_CHECK","APPROVE_FOR_MANUAL_SCHEDULE","APPROVE_FOR_MANUAL_SCHEDULE | NEEDS_REWRITE | REJECT | LEGAL_REVIEW","OWNER","2026-06-16","Owner approved for manual schedule export only. Not approved for auto-publishing.","NO","APPROVED_FOR_MANUAL_SCHEDULE_ONLY","2026-08-23","20:00","LINE_OA","產品不是神藥，定位要講清楚","NEEDS_HUMAN_REVIEW_SAFE_TERM_CHECK","","產品不是神藥，定位要講清楚","產品不是神藥，定位要講清楚

下單前，先看得懂標示與成分，比聽誇張話術更安心。

這款定位是外用油膏，重點是局部按摩、依標示使用。衛署成製015614，乙類成藥，資料可至衛福部中藥許可證系統查詢。

外用產品請依標示使用；身體不適、症狀持續或惡化時，請諮詢醫師或藥師。
下單前可先私訊索取藥證查詢方式與外盒標示照片。","","圖卡：產品不是神藥，定位要講清楚 / 藥證可查 / 依標示使用","建議搭配：外盒標示實拍、藥證查詢截圖、產品質地短影片、客服回覆截圖（遮個資）。","衛福部中藥許可證：衛署成製015614；類別：乙類成藥；劑型：油膏劑。","退換貨、付款、客服、出貨、價格、通路與任何見證內容，發布前須由人工確認。","NO_LINE_API_CALL_NO_AUTO_PUBLISH_REVIEW_QUEUE_ONLY","LINE136","LINE_OA_LINE136_V2","2026-08-10"
"LINE_DRYRUN_137","P2_SAFE_TERM_CHECK","APPROVE_FOR_MANUAL_SCHEDULE","APPROVE_FOR_MANUAL_SCHEDULE | NEEDS_REWRITE | REJECT | LEGAL_REVIEW","OWNER","2026-06-16","Owner approved for manual schedule export only. Not approved for auto-publishing.","NO","APPROVED_FOR_MANUAL_SCHEDULE_ONLY","2026-08-24","12:00","LINE_OA","立冬前後的日常舒緩儀式","NEEDS_HUMAN_REVIEW_SAFE_TERM_CHECK","","立冬前後的日常舒緩儀式","立冬前後的日常舒緩儀式

換季時，身體保養不需要複雜，穩定的小習慣比較長久。

這款定位是外用油膏，重點是局部按摩、依標示使用。衛署成製015614，乙類成藥，資料可至衛福部中藥許可證系統查詢。

外用產品請依標示使用；身體不適、症狀持續或惡化時，請諮詢醫師或藥師。
下單前可先私訊索取藥證查詢方式與外盒標示照片。","","圖卡：立冬前後的日常舒緩儀式 / 藥證可查 / 依標示使用","建議搭配：外盒標示實拍、藥證查詢截圖、產品質地短影片、客服回覆截圖（遮個資）。","衛福部中藥許可證：衛署成製015614；類別：乙類成藥；劑型：油膏劑。","退換貨、付款、客服、出貨、價格、通路與任何見證內容，發布前須由人工確認。","NO_LINE_API_CALL_NO_AUTO_PUBLISH_REVIEW_QUEUE_ONLY","LINE137","LINE_OA_LINE137_V2","2026-08-11"
"LINE_DRYRUN_138","P2_SAFE_TERM_CHECK","APPROVE_FOR_MANUAL_SCHEDULE","APPROVE_FOR_MANUAL_SCHEDULE | NEEDS_REWRITE | REJECT | LEGAL_REVIEW","OWNER","2026-06-16","Owner approved for manual schedule export only. Not approved for auto-publishing.","NO","APPROVED_FOR_MANUAL_SCHEDULE_ONLY","2026-08-24","20:00","LINE_OA","深層症狀不適合自行處理","NEEDS_HUMAN_REVIEW_SAFE_TERM_CHECK","","深層症狀不適合自行處理","深層症狀不適合自行處理

外用產品不是擦越多越好，用對位置、避開風險才安心。

這款定位是外用油膏，重點是局部按摩、依標示使用。衛署成製015614，乙類成藥，資料可至衛福部中藥許可證系統查詢。

外用產品請依標示使用；身體不適、症狀持續或惡化時，請諮詢醫師或藥師。
下單前可先私訊索取藥證查詢方式與外盒標示照片。","","圖卡：深層症狀不適合自行處理 / 藥證可查 / 依標示使用","建議搭配：外盒標示實拍、藥證查詢截圖、產品質地短影片、客服回覆截圖（遮個資）。","衛福部中藥許可證：衛署成製015614；類別：乙類成藥；劑型：油膏劑。","退換貨、付款、客服、出貨、價格、通路與任何見證內容，發布前須由人工確認。","NO_LINE_API_CALL_NO_AUTO_PUBLISH_REVIEW_QUEUE_ONLY","LINE138","LINE_OA_LINE138_V2","2026-08-11"
"LINE_DRYRUN_139","P2_SAFE_TERM_CHECK","APPROVE_FOR_MANUAL_SCHEDULE","APPROVE_FOR_MANUAL_SCHEDULE | NEEDS_REWRITE | REJECT | LEGAL_REVIEW","OWNER","2026-06-16","Owner approved for manual schedule export only. Not approved for auto-publishing.","NO","APPROVED_FOR_MANUAL_SCHEDULE_ONLY","2026-08-25","12:00","LINE_OA","買外用膏先看三件事","NEEDS_HUMAN_REVIEW_SAFE_TERM_CHECK","","買外用膏先看三件事","買外用膏先看三件事

我們寧願把資料講清楚，也不想用誇大的話讓你衝動購買。

這款定位是外用油膏，重點是局部按摩、依標示使用。衛署成製015614，乙類成藥，資料可至衛福部中藥許可證系統查詢。

外用產品請依標示使用；身體不適、症狀持續或惡化時，請諮詢醫師或藥師。
下單前可先私訊索取藥證查詢方式與外盒標示照片。","","圖卡：買外用膏先看三件事 / 藥證可查 / 依標示使用","建議搭配：外盒標示實拍、藥證查詢截圖、產品質地短影片、客服回覆截圖（遮個資）。","衛福部中藥許可證：衛署成製015614；類別：乙類成藥；劑型：油膏劑。","退換貨、付款、客服、出貨、價格、通路與任何見證內容，發布前須由人工確認。","NO_LINE_API_CALL_NO_AUTO_PUBLISH_REVIEW_QUEUE_ONLY","LINE139","LINE_OA_LINE139_V2","2026-08-12"
"LINE_DRYRUN_140","P2_SAFE_TERM_CHECK","APPROVE_FOR_MANUAL_SCHEDULE","APPROVE_FOR_MANUAL_SCHEDULE | NEEDS_REWRITE | REJECT | LEGAL_REVIEW","OWNER","2026-06-16","Owner approved for manual schedule export only. Not approved for auto-publishing.","NO","APPROVED_FOR_MANUAL_SCHEDULE_ONLY","2026-08-25","20:00","LINE_OA","哪些情況應該先就醫","NEEDS_HUMAN_REVIEW_SAFE_TERM_CHECK","","哪些情況應該先就醫","哪些情況應該先就醫

很多人不是不想保養，是不知道什麼情況該先問清楚。

這款定位是外用油膏，重點是局部按摩、依標示使用。衛署成製015614，乙類成藥，資料可至衛福部中藥許可證系統查詢。

外用產品請依標示使用；身體不適、症狀持續或惡化時，請諮詢醫師或藥師。
下單前可先私訊索取藥證查詢方式與外盒標示照片。","","圖卡：哪些情況應該先就醫 / 藥證可查 / 依標示使用","建議搭配：外盒標示實拍、藥證查詢截圖、產品質地短影片、客服回覆截圖（遮個資）。","衛福部中藥許可證：衛署成製015614；類別：乙類成藥；劑型：油膏劑。","退換貨、付款、客服、出貨、價格、通路與任何見證內容，發布前須由人工確認。","NO_LINE_API_CALL_NO_AUTO_PUBLISH_REVIEW_QUEUE_ONLY","LINE140","LINE_OA_LINE140_V2","2026-08-12"
"LINE_DRYRUN_141","P2_SAFE_TERM_CHECK","APPROVE_FOR_MANUAL_SCHEDULE","APPROVE_FOR_MANUAL_SCHEDULE | NEEDS_REWRITE | REJECT | LEGAL_REVIEW","OWNER","2026-06-16","Owner approved for manual schedule export only. Not approved for auto-publishing.","NO","APPROVED_FOR_MANUAL_SCHEDULE_ONLY","2026-08-26","12:00","LINE_OA","運動後局部痠痛的保守處理","NEEDS_HUMAN_REVIEW_SAFE_TERM_CHECK","","運動後局部痠痛的保守處理","運動後局部痠痛的保守處理

運動、搬重物、久站後，身體局部不適時，先休息、觀察，再做保守保養。

這款定位是外用油膏，重點是局部按摩、依標示使用。衛署成製015614，乙類成藥，資料可至衛福部中藥許可證系統查詢。

外用產品請依標示使用；身體不適、症狀持續或惡化時，請諮詢醫師或藥師。
下單前可先私訊索取藥證查詢方式與外盒標示照片。","","圖卡：運動後局部痠痛的保守處理 / 藥證可查 / 依標示使用","建議搭配：外盒標示實拍、藥證查詢截圖、產品質地短影片、客服回覆截圖（遮個資）。","衛福部中藥許可證：衛署成製015614；類別：乙類成藥；劑型：油膏劑。","退換貨、付款、客服、出貨、價格、通路與任何見證內容，發布前須由人工確認。","NO_LINE_API_CALL_NO_AUTO_PUBLISH_REVIEW_QUEUE_ONLY","LINE141","LINE_OA_LINE141_V2","2026-08-13"
"LINE_DRYRUN_142","P2_SAFE_TERM_CHECK","APPROVE_FOR_MANUAL_SCHEDULE","APPROVE_FOR_MANUAL_SCHEDULE | NEEDS_REWRITE | REJECT | LEGAL_REVIEW","OWNER","2026-06-16","Owner approved for manual schedule export only. Not approved for auto-publishing.","NO","APPROVED_FOR_MANUAL_SCHEDULE_ONLY","2026-08-26","20:00","LINE_OA","冬青油與清涼舒緩體感","NEEDS_HUMAN_REVIEW_SAFE_TERM_CHECK","","冬青油與清涼舒緩體感","冬青油與清涼舒緩體感

下單前，先看得懂標示與成分，比聽誇張話術更安心。

這款定位是外用油膏，重點是局部按摩、依標示使用。衛署成製015614，乙類成藥，資料可至衛福部中藥許可證系統查詢。

外用產品請依標示使用；身體不適、症狀持續或惡化時，請諮詢醫師或藥師。
下單前可先私訊索取藥證查詢方式與外盒標示照片。","","圖卡：冬青油與清涼舒緩體感 / 藥證可查 / 依標示使用","建議搭配：外盒標示實拍、藥證查詢截圖、產品質地短影片、客服回覆截圖（遮個資）。","衛福部中藥許可證：衛署成製015614；類別：乙類成藥；劑型：油膏劑。","退換貨、付款、客服、出貨、價格、通路與任何見證內容，發布前須由人工確認。","NO_LINE_API_CALL_NO_AUTO_PUBLISH_REVIEW_QUEUE_ONLY","LINE142","LINE_OA_LINE142_V2","2026-08-13"
"LINE_DRYRUN_143","P2_SAFE_TERM_CHECK","APPROVE_FOR_MANUAL_SCHEDULE","APPROVE_FOR_MANUAL_SCHEDULE | NEEDS_REWRITE | REJECT | LEGAL_REVIEW","OWNER","2026-06-16","Owner approved for manual schedule export only. Not approved for auto-publishing.","NO","APPROVED_FOR_MANUAL_SCHEDULE_ONLY","2026-08-27","12:00","LINE_OA","早晨活動前的關節暖身","NEEDS_HUMAN_REVIEW_SAFE_TERM_CHECK","","早晨活動前的關節暖身","早晨活動前的關節暖身

幫長輩準備外用產品時，最重要的是安全、清楚、不要亂用。

這款定位是外用油膏，重點是局部按摩、依標示使用。衛署成製015614，乙類成藥，資料可至衛福部中藥許可證系統查詢。

外用產品請依標示使用；身體不適、症狀持續或惡化時，請諮詢醫師或藥師。
下單前可先私訊索取藥證查詢方式與外盒標示照片。","","圖卡：早晨活動前的關節暖身 / 藥證可查 / 依標示使用","建議搭配：外盒標示實拍、藥證查詢截圖、產品質地短影片、客服回覆截圖（遮個資）。","衛福部中藥許可證：衛署成製015614；類別：乙類成藥；劑型：油膏劑。","退換貨、付款、客服、出貨、價格、通路與任何見證內容，發布前須由人工確認。","NO_LINE_API_CALL_NO_AUTO_PUBLISH_REVIEW_QUEUE_ONLY","LINE143","LINE_OA_LINE143_V2","2026-08-14"
"LINE_DRYRUN_144","P2_SAFE_TERM_CHECK","APPROVE_FOR_MANUAL_SCHEDULE","APPROVE_FOR_MANUAL_SCHEDULE | NEEDS_REWRITE | REJECT | LEGAL_REVIEW","OWNER","2026-06-16","Owner approved for manual schedule export only. Not approved for auto-publishing.","NO","APPROVED_FOR_MANUAL_SCHEDULE_ONLY","2026-08-27","20:00","LINE_OA","不能擦在破皮或傷口","NEEDS_HUMAN_REVIEW_SAFE_TERM_CHECK","","不能擦在破皮或傷口","不能擦在破皮或傷口

外用產品不是擦越多越好，用對位置、避開風險才安心。

這款定位是外用油膏，重點是局部按摩、依標示使用。衛署成製015614，乙類成藥，資料可至衛福部中藥許可證系統查詢。

外用產品請依標示使用；身體不適、症狀持續或惡化時，請諮詢醫師或藥師。
下單前可先私訊索取藥證查詢方式與外盒標示照片。","","圖卡：不能擦在破皮或傷口 / 藥證可查 / 依標示使用","建議搭配：外盒標示實拍、藥證查詢截圖、產品質地短影片、客服回覆截圖（遮個資）。","衛福部中藥許可證：衛署成製015614；類別：乙類成藥；劑型：油膏劑。","退換貨、付款、客服、出貨、價格、通路與任何見證內容，發布前須由人工確認。","NO_LINE_API_CALL_NO_AUTO_PUBLISH_REVIEW_QUEUE_ONLY","LINE144","LINE_OA_LINE144_V2","2026-08-14"
"LINE_DRYRUN_145","P2_SAFE_TERM_CHECK","APPROVE_FOR_MANUAL_SCHEDULE","APPROVE_FOR_MANUAL_SCHEDULE | NEEDS_REWRITE | REJECT | LEGAL_REVIEW","OWNER","2026-06-16","Owner approved for manual schedule export only. Not approved for auto-publishing.","NO","APPROVED_FOR_MANUAL_SCHEDULE_ONLY","2026-08-28","12:00","LINE_OA","芒種後濕熱生活保養","NEEDS_HUMAN_REVIEW_SAFE_TERM_CHECK","","芒種後濕熱生活保養","芒種後濕熱生活保養

換季時，身體保養不需要複雜，穩定的小習慣比較長久。

這款定位是外用油膏，重點是局部按摩、依標示使用。衛署成製015614，乙類成藥，資料可至衛福部中藥許可證系統查詢。

外用產品請依標示使用；身體不適、症狀持續或惡化時，請諮詢醫師或藥師。
下單前可先私訊索取藥證查詢方式與外盒標示照片。","","圖卡：芒種後濕熱生活保養 / 藥證可查 / 依標示使用","建議搭配：外盒標示實拍、藥證查詢截圖、產品質地短影片、客服回覆截圖（遮個資）。","衛福部中藥許可證：衛署成製015614；類別：乙類成藥；劑型：油膏劑。","退換貨、付款、客服、出貨、價格、通路與任何見證內容，發布前須由人工確認。","NO_LINE_API_CALL_NO_AUTO_PUBLISH_REVIEW_QUEUE_ONLY","LINE145","LINE_OA_LINE145_V2","2026-08-15"
"LINE_DRYRUN_146","P2_SAFE_TERM_CHECK","APPROVE_FOR_MANUAL_SCHEDULE","APPROVE_FOR_MANUAL_SCHEDULE | NEEDS_REWRITE | REJECT | LEGAL_REVIEW","OWNER","2026-06-16","Owner approved for manual schedule export only. Not approved for auto-publishing.","NO","APPROVED_FOR_MANUAL_SCHEDULE_ONLY","2026-08-28","20:00","LINE_OA","久站後小腿不適舒緩","NEEDS_HUMAN_REVIEW_SAFE_TERM_CHECK","","久站後小腿不適舒緩","久站後小腿不適舒緩

運動、搬重物、久站後，身體局部不適時，先休息、觀察，再做保守保養。

這款定位是外用油膏，重點是局部按摩、依標示使用。衛署成製015614，乙類成藥，資料可至衛福部中藥許可證系統查詢。

外用產品請依標示使用；身體不適、症狀持續或惡化時，請諮詢醫師或藥師。
下單前可先私訊索取藥證查詢方式與外盒標示照片。","","圖卡：久站後小腿不適舒緩 / 藥證可查 / 依標示使用","建議搭配：外盒標示實拍、藥證查詢截圖、產品質地短影片、客服回覆截圖（遮個資）。","衛福部中藥許可證：衛署成製015614；類別：乙類成藥；劑型：油膏劑。","退換貨、付款、客服、出貨、價格、通路與任何見證內容，發布前須由人工確認。","NO_LINE_API_CALL_NO_AUTO_PUBLISH_REVIEW_QUEUE_ONLY","LINE146","LINE_OA_LINE146_V2","2026-08-15"
"LINE_DRYRUN_147","P2_SAFE_TERM_CHECK","APPROVE_FOR_MANUAL_SCHEDULE","APPROVE_FOR_MANUAL_SCHEDULE | NEEDS_REWRITE | REJECT | LEGAL_REVIEW","OWNER","2026-06-16","Owner approved for manual schedule export only. Not approved for auto-publishing.","NO","APPROVED_FOR_MANUAL_SCHEDULE_ONLY","2026-08-29","12:00","LINE_OA","你最常哪個部位緊繃","NEEDS_HUMAN_REVIEW_SAFE_TERM_CHECK","","你最常哪個部位緊繃","你最常哪個部位緊繃

很多人不是不想保養，是不知道什麼情況該先問清楚。

這款定位是外用油膏，重點是局部按摩、依標示使用。衛署成製015614，乙類成藥，資料可至衛福部中藥許可證系統查詢。

外用產品請依標示使用；身體不適、症狀持續或惡化時，請諮詢醫師或藥師。
下單前可先私訊索取藥證查詢方式與外盒標示照片。","","圖卡：你最常哪個部位緊繃 / 藥證可查 / 依標示使用","建議搭配：外盒標示實拍、藥證查詢截圖、產品質地短影片、客服回覆截圖（遮個資）。","衛福部中藥許可證：衛署成製015614；類別：乙類成藥；劑型：油膏劑。","退換貨、付款、客服、出貨、價格、通路與任何見證內容，發布前須由人工確認。","NO_LINE_API_CALL_NO_AUTO_PUBLISH_REVIEW_QUEUE_ONLY","LINE147","LINE_OA_LINE147_V2","2026-08-16"
"LINE_DRYRUN_148","P2_SAFE_TERM_CHECK","APPROVE_FOR_MANUAL_SCHEDULE","APPROVE_FOR_MANUAL_SCHEDULE | NEEDS_REWRITE | REJECT | LEGAL_REVIEW","OWNER","2026-06-16","Owner approved for manual schedule export only. Not approved for auto-publishing.","NO","APPROVED_FOR_MANUAL_SCHEDULE_ONLY","2026-08-29","20:00","LINE_OA","長輩外用膏使用安全","NEEDS_HUMAN_REVIEW_SAFE_TERM_CHECK","","長輩外用膏使用安全","長輩外用膏使用安全

幫長輩準備外用產品時，最重要的是安全、清楚、不要亂用。

這款定位是外用油膏，重點是局部按摩、依標示使用。衛署成製015614，乙類成藥，資料可至衛福部中藥許可證系統查詢。

外用產品請依標示使用；身體不適、症狀持續或惡化時，請諮詢醫師或藥師。
下單前可先私訊索取藥證查詢方式與外盒標示照片。","","圖卡：長輩外用膏使用安全 / 藥證可查 / 依標示使用","建議搭配：外盒標示實拍、藥證查詢截圖、產品質地短影片、客服回覆截圖（遮個資）。","衛福部中藥許可證：衛署成製015614；類別：乙類成藥；劑型：油膏劑。","退換貨、付款、客服、出貨、價格、通路與任何見證內容，發布前須由人工確認。","NO_LINE_API_CALL_NO_AUTO_PUBLISH_REVIEW_QUEUE_ONLY","LINE148","LINE_OA_LINE148_V2","2026-08-16"
"LINE_DRYRUN_149","P3_STANDARD_REVIEW","APPROVE_FOR_MANUAL_SCHEDULE","APPROVE_FOR_MANUAL_SCHEDULE | NEEDS_REWRITE | REJECT | LEGAL_REVIEW","OWNER","2026-06-16","Owner approved for manual schedule export only. Not approved for auto-publishing.","NO","APPROVED_FOR_MANUAL_SCHEDULE_ONLY","2026-08-30","12:00","LINE_OA","低頭族肩頸緊繃的三個提醒","PASS_DRY_RUN_PENDING_HUMAN_REVIEW","","低頭族肩頸緊繃的三個提醒","低頭族肩頸緊繃的三個提醒

久坐、低頭、開會一整天後，肩頸常會提醒你該放鬆一下。

這款定位是外用油膏，重點是局部按摩、依標示使用。衛署成製015614，乙類成藥，資料可至衛福部中藥許可證系統查詢。

外用產品請依標示使用；身體不適、症狀持續或惡化時，請諮詢醫師或藥師。
下單前可先私訊索取藥證查詢方式與外盒標示照片。","","圖卡：低頭族肩頸緊繃的三個提醒 / 藥證可查 / 依標示使用","建議搭配：外盒標示實拍、藥證查詢截圖、產品質地短影片、客服回覆截圖（遮個資）。","衛福部中藥許可證：衛署成製015614；類別：乙類成藥；劑型：油膏劑。","退換貨、付款、客服、出貨、價格、通路與任何見證內容，發布前須由人工確認。","NO_LINE_API_CALL_NO_AUTO_PUBLISH_REVIEW_QUEUE_ONLY","LINE149","LINE_OA_LINE149_V2","2026-08-17"
"LINE_DRYRUN_150","P2_SAFE_TERM_CHECK","APPROVE_FOR_MANUAL_SCHEDULE","APPROVE_FOR_MANUAL_SCHEDULE | NEEDS_REWRITE | REJECT | LEGAL_REVIEW","OWNER","2026-06-16","Owner approved for manual schedule export only. Not approved for auto-publishing.","NO","APPROVED_FOR_MANUAL_SCHEDULE_ONLY","2026-08-30","20:00","LINE_OA","薄荷腦帶來的涼感來源","NEEDS_HUMAN_REVIEW_SAFE_TERM_CHECK","","薄荷腦帶來的涼感來源","薄荷腦帶來的涼感來源

下單前，先看得懂標示與成分，比聽誇張話術更安心。

這款定位是外用油膏，重點是局部按摩、依標示使用。衛署成製015614，乙類成藥，資料可至衛福部中藥許可證系統查詢。

外用產品請依標示使用；身體不適、症狀持續或惡化時，請諮詢醫師或藥師。
下單前可先私訊索取藥證查詢方式與外盒標示照片。","","圖卡：薄荷腦帶來的涼感來源 / 藥證可查 / 依標示使用","建議搭配：外盒標示實拍、藥證查詢截圖、產品質地短影片、客服回覆截圖（遮個資）。","衛福部中藥許可證：衛署成製015614；類別：乙類成藥；劑型：油膏劑。","退換貨、付款、客服、出貨、價格、通路與任何見證內容，發布前須由人工確認。","NO_LINE_API_CALL_NO_AUTO_PUBLISH_REVIEW_QUEUE_ONLY","LINE150","LINE_OA_LINE150_V2","2026-08-17"
"LINE_DRYRUN_151","P2_SAFE_TERM_CHECK","APPROVE_FOR_MANUAL_SCHEDULE","APPROVE_FOR_MANUAL_SCHEDULE | NEEDS_REWRITE | REJECT | LEGAL_REVIEW","OWNER","2026-06-16","Owner approved for manual schedule export only. Not approved for auto-publishing.","NO","APPROVED_FOR_MANUAL_SCHEDULE_ONLY","2026-08-31","12:00","LINE_OA","夏季冷氣房的肩頸保養","NEEDS_HUMAN_REVIEW_SAFE_TERM_CHECK","","夏季冷氣房的肩頸保養","夏季冷氣房的肩頸保養

換季時，身體保養不需要複雜，穩定的小習慣比較長久。

這款定位是外用油膏，重點是局部按摩、依標示使用。衛署成製015614，乙類成藥，資料可至衛福部中藥許可證系統查詢。

外用產品請依標示使用；身體不適、症狀持續或惡化時，請諮詢醫師或藥師。
下單前可先私訊索取藥證查詢方式與外盒標示照片。","","圖卡：夏季冷氣房的肩頸保養 / 藥證可查 / 依標示使用","建議搭配：外盒標示實拍、藥證查詢截圖、產品質地短影片、客服回覆截圖（遮個資）。","衛福部中藥許可證：衛署成製015614；類別：乙類成藥；劑型：油膏劑。","退換貨、付款、客服、出貨、價格、通路與任何見證內容，發布前須由人工確認。","NO_LINE_API_CALL_NO_AUTO_PUBLISH_REVIEW_QUEUE_ONLY","LINE151","LINE_OA_LINE151_V2","2026-08-18"
"LINE_DRYRUN_152","P2_SAFE_TERM_CHECK","APPROVE_FOR_MANUAL_SCHEDULE","APPROVE_FOR_MANUAL_SCHEDULE | NEEDS_REWRITE | REJECT | LEGAL_REVIEW","OWNER","2026-06-16","Owner approved for manual schedule export only. Not approved for auto-publishing.","NO","APPROVED_FOR_MANUAL_SCHEDULE_ONLY","2026-08-31","20:00","LINE_OA","外用膏避免眼周與黏膜","NEEDS_HUMAN_REVIEW_SAFE_TERM_CHECK","","外用膏避免眼周與黏膜","外用膏避免眼周與黏膜

外用產品不是擦越多越好，用對位置、避開風險才安心。

這款定位是外用油膏，重點是局部按摩、依標示使用。衛署成製015614，乙類成藥，資料可至衛福部中藥許可證系統查詢。

外用產品請依標示使用；身體不適、症狀持續或惡化時，請諮詢醫師或藥師。
下單前可先私訊索取藥證查詢方式與外盒標示照片。","","圖卡：外用膏避免眼周與黏膜 / 藥證可查 / 依標示使用","建議搭配：外盒標示實拍、藥證查詢截圖、產品質地短影片、客服回覆截圖（遮個資）。","衛福部中藥許可證：衛署成製015614；類別：乙類成藥；劑型：油膏劑。","退換貨、付款、客服、出貨、價格、通路與任何見證內容，發布前須由人工確認。","NO_LINE_API_CALL_NO_AUTO_PUBLISH_REVIEW_QUEUE_ONLY","LINE152","LINE_OA_LINE152_V2","2026-08-18"
"LINE_DRYRUN_153","P2_SAFE_TERM_CHECK","APPROVE_FOR_MANUAL_SCHEDULE","APPROVE_FOR_MANUAL_SCHEDULE | NEEDS_REWRITE | REJECT | LEGAL_REVIEW","OWNER","2026-06-16","Owner approved for manual schedule export only. Not approved for auto-publishing.","NO","APPROVED_FOR_MANUAL_SCHEDULE_ONLY","2026-09-01","12:00","LINE_OA","為什麼我們重視藥證與標示","NEEDS_HUMAN_REVIEW_SAFE_TERM_CHECK","","為什麼我們重視藥證與標示","為什麼我們重視藥證與標示

我們寧願把資料講清楚，也不想用誇大的話讓你衝動購買。

這款定位是外用油膏，重點是局部按摩、依標示使用。衛署成製015614，乙類成藥，資料可至衛福部中藥許可證系統查詢。

外用產品請依標示使用；身體不適、症狀持續或惡化時，請諮詢醫師或藥師。
下單前可先私訊索取藥證查詢方式與外盒標示照片。","","圖卡：為什麼我們重視藥證與標示 / 藥證可查 / 依標示使用","建議搭配：外盒標示實拍、藥證查詢截圖、產品質地短影片、客服回覆截圖（遮個資）。","衛福部中藥許可證：衛署成製015614；類別：乙類成藥；劑型：油膏劑。","退換貨、付款、客服、出貨、價格、通路與任何見證內容，發布前須由人工確認。","NO_LINE_API_CALL_NO_AUTO_PUBLISH_REVIEW_QUEUE_ONLY","LINE153","LINE_OA_LINE153_V2","2026-08-19"
"LINE_DRYRUN_154","P2_SAFE_TERM_CHECK","APPROVE_FOR_MANUAL_SCHEDULE","APPROVE_FOR_MANUAL_SCHEDULE | NEEDS_REWRITE | REJECT | LEGAL_REVIEW","OWNER","2026-06-16","Owner approved for manual schedule export only. Not approved for auto-publishing.","NO","APPROVED_FOR_MANUAL_SCHEDULE_ONLY","2026-09-01","20:00","LINE_OA","你習慣運動前還是運動後保養","NEEDS_HUMAN_REVIEW_SAFE_TERM_CHECK","","你習慣運動前還是運動後保養","你習慣運動前還是運動後保養

很多人不是不想保養，是不知道什麼情況該先問清楚。

這款定位是外用油膏，重點是局部按摩、依標示使用。衛署成製015614，乙類成藥，資料可至衛福部中藥許可證系統查詢。

外用產品請依標示使用；身體不適、症狀持續或惡化時，請諮詢醫師或藥師。
下單前可先私訊索取藥證查詢方式與外盒標示照片。","","圖卡：你習慣運動前還是運動後保養 / 藥證可查 / 依標示使用","建議搭配：外盒標示實拍、藥證查詢截圖、產品質地短影片、客服回覆截圖（遮個資）。","衛福部中藥許可證：衛署成製015614；類別：乙類成藥；劑型：油膏劑。","退換貨、付款、客服、出貨、價格、通路與任何見證內容，發布前須由人工確認。","NO_LINE_API_CALL_NO_AUTO_PUBLISH_REVIEW_QUEUE_ONLY","LINE154","LINE_OA_LINE154_V2","2026-08-19"
"LINE_DRYRUN_155","P2_SAFE_TERM_CHECK","APPROVE_FOR_MANUAL_SCHEDULE","APPROVE_FOR_MANUAL_SCHEDULE | NEEDS_REWRITE | REJECT | LEGAL_REVIEW","OWNER","2026-06-16","Owner approved for manual schedule export only. Not approved for auto-publishing.","NO","APPROVED_FOR_MANUAL_SCHEDULE_ONLY","2026-09-02","12:00","LINE_OA","搬重物後腰背保養","NEEDS_HUMAN_REVIEW_SAFE_TERM_CHECK","","搬重物後腰背保養","搬重物後腰背保養

運動、搬重物、久站後，身體局部不適時，先休息、觀察，再做保守保養。

這款定位是外用油膏，重點是局部按摩、依標示使用。衛署成製015614，乙類成藥，資料可至衛福部中藥許可證系統查詢。

外用產品請依標示使用；身體不適、症狀持續或惡化時，請諮詢醫師或藥師。
下單前可先私訊索取藥證查詢方式與外盒標示照片。","","圖卡：搬重物後腰背保養 / 藥證可查 / 依標示使用","建議搭配：外盒標示實拍、藥證查詢截圖、產品質地短影片、客服回覆截圖（遮個資）。","衛福部中藥許可證：衛署成製015614；類別：乙類成藥；劑型：油膏劑。","退換貨、付款、客服、出貨、價格、通路與任何見證內容，發布前須由人工確認。","NO_LINE_API_CALL_NO_AUTO_PUBLISH_REVIEW_QUEUE_ONLY","LINE155","LINE_OA_LINE155_V2","2026-08-20"
"LINE_DRYRUN_156","P2_SAFE_TERM_CHECK","APPROVE_FOR_MANUAL_SCHEDULE","APPROVE_FOR_MANUAL_SCHEDULE | NEEDS_REWRITE | REJECT | LEGAL_REVIEW","OWNER","2026-06-16","Owner approved for manual schedule export only. Not approved for auto-publishing.","NO","APPROVED_FOR_MANUAL_SCHEDULE_ONLY","2026-09-02","20:00","LINE_OA","樟腦外用時的注意界線","NEEDS_HUMAN_REVIEW_SAFE_TERM_CHECK","","樟腦外用時的注意界線","樟腦外用時的注意界線

下單前，先看得懂標示與成分，比聽誇張話術更安心。

這款定位是外用油膏，重點是局部按摩、依標示使用。衛署成製015614，乙類成藥，資料可至衛福部中藥許可證系統查詢。

外用產品請依標示使用；身體不適、症狀持續或惡化時，請諮詢醫師或藥師。
下單前可先私訊索取藥證查詢方式與外盒標示照片。","","圖卡：樟腦外用時的注意界線 / 藥證可查 / 依標示使用","建議搭配：外盒標示實拍、藥證查詢截圖、產品質地短影片、客服回覆截圖（遮個資）。","衛福部中藥許可證：衛署成製015614；類別：乙類成藥；劑型：油膏劑。","退換貨、付款、客服、出貨、價格、通路與任何見證內容，發布前須由人工確認。","NO_LINE_API_CALL_NO_AUTO_PUBLISH_REVIEW_QUEUE_ONLY","LINE156","LINE_OA_LINE156_V2","2026-08-20"
"LINE_DRYRUN_157","P1_REWRITTEN_RECHECK","APPROVE_FOR_MANUAL_SCHEDULE","APPROVE_FOR_MANUAL_SCHEDULE | NEEDS_REWRITE | REJECT | LEGAL_REVIEW","OWNER","2026-06-16","Owner approved for manual schedule export only. Not approved for auto-publishing.","NO","APPROVED_FOR_MANUAL_SCHEDULE_ONLY","2026-09-03","12:00","LINE_OA","輕微關節不適，日常保養要分清楚","PASS_REWRITTEN_PENDING_HUMAN_REVIEW","","輕微關節不適，日常保養要分清楚","輕微關節不適，日常保養要分清楚

幫長輩準備外用產品時，重點是安全、清楚、依標示使用，不把日常保養說成醫療效果。

這款定位是外用油膏，適合局部按摩放鬆與暫時舒緩日常不適。衛署成製015614，乙類成藥，資料可至衛福部中藥許可證系統查詢。

外用產品請依標示使用；身體不適、狀況持續或變嚴重時，請諮詢醫師或藥師。
下單前可先私訊索取藥證查詢方式與外盒標示照片。","保守教育型 LINE 貼文，強調依標示使用、局部按摩放鬆、身體狀況持續時諮詢醫師或藥師。","圖卡：輕微關節不適與日常保養要分清楚 / 藥證可查 / 依標示使用 / 局部按摩放鬆","建議搭配：外盒標示實拍、藥證查詢截圖、產品質地短影片、客服回覆截圖（遮個資）。","衛福部中藥許可證：衛署成製015614；類別：乙類成藥；劑型：油膏劑。","退換貨、付款、客服、出貨、價格、通路與任何見證內容，發布前須由人工確認。","NO_LINE_API_CALL_NO_AUTO_PUBLISH_REVIEW_QUEUE_ONLY","LINE157","LINE_OA_LINE157_V2","2026-08-21"
"LINE_DRYRUN_158","P2_SAFE_TERM_CHECK","APPROVE_FOR_MANUAL_SCHEDULE","APPROVE_FOR_MANUAL_SCHEDULE | NEEDS_REWRITE | REJECT | LEGAL_REVIEW","OWNER","2026-06-16","Owner approved for manual schedule export only. Not approved for auto-publishing.","NO","APPROVED_FOR_MANUAL_SCHEDULE_ONLY","2026-09-03","20:00","LINE_OA","不要搭配熱敷墊或電毯","NEEDS_HUMAN_REVIEW_SAFE_TERM_CHECK","","不要搭配熱敷墊或電毯","不要搭配熱敷墊或電毯

外用產品不是擦越多越好，用對位置、避開風險才安心。

這款定位是外用油膏，重點是局部按摩、依標示使用。衛署成製015614，乙類成藥，資料可至衛福部中藥許可證系統查詢。

外用產品請依標示使用；身體不適、症狀持續或惡化時，請諮詢醫師或藥師。
下單前可先私訊索取藥證查詢方式與外盒標示照片。","","圖卡：不要搭配熱敷墊或電毯 / 藥證可查 / 依標示使用","建議搭配：外盒標示實拍、藥證查詢截圖、產品質地短影片、客服回覆截圖（遮個資）。","衛福部中藥許可證：衛署成製015614；類別：乙類成藥；劑型：油膏劑。","退換貨、付款、客服、出貨、價格、通路與任何見證內容，發布前須由人工確認。","NO_LINE_API_CALL_NO_AUTO_PUBLISH_REVIEW_QUEUE_ONLY","LINE158","LINE_OA_LINE158_V2","2026-08-21"
"LINE_DRYRUN_159","P2_SAFE_TERM_CHECK","APPROVE_FOR_MANUAL_SCHEDULE","APPROVE_FOR_MANUAL_SCHEDULE | NEEDS_REWRITE | REJECT | LEGAL_REVIEW","OWNER","2026-06-16","Owner approved for manual schedule export only. Not approved for auto-publishing.","NO","APPROVED_FOR_MANUAL_SCHEDULE_ONLY","2026-09-04","12:00","LINE_OA","小暑前後活動舒適提醒","NEEDS_HUMAN_REVIEW_SAFE_TERM_CHECK","","小暑前後活動舒適提醒","小暑前後活動舒適提醒

換季時，身體保養不需要複雜，穩定的小習慣比較長久。

這款定位是外用油膏，重點是局部按摩、依標示使用。衛署成製015614，乙類成藥，資料可至衛福部中藥許可證系統查詢。

外用產品請依標示使用；身體不適、症狀持續或惡化時，請諮詢醫師或藥師。
下單前可先私訊索取藥證查詢方式與外盒標示照片。","","圖卡：小暑前後活動舒適提醒 / 藥證可查 / 依標示使用","建議搭配：外盒標示實拍、藥證查詢截圖、產品質地短影片、客服回覆截圖（遮個資）。","衛福部中藥許可證：衛署成製015614；類別：乙類成藥；劑型：油膏劑。","退換貨、付款、客服、出貨、價格、通路與任何見證內容，發布前須由人工確認。","NO_LINE_API_CALL_NO_AUTO_PUBLISH_REVIEW_QUEUE_ONLY","LINE159","LINE_OA_LINE159_V2","2026-08-22"
"LINE_DRYRUN_160","P2_SAFE_TERM_CHECK","APPROVE_FOR_MANUAL_SCHEDULE","APPROVE_FOR_MANUAL_SCHEDULE | NEEDS_REWRITE | REJECT | LEGAL_REVIEW","OWNER","2026-06-16","Owner approved for manual schedule export only. Not approved for auto-publishing.","NO","APPROVED_FOR_MANUAL_SCHEDULE_ONLY","2026-09-04","20:00","LINE_OA","爬山後腿部按摩提醒","NEEDS_HUMAN_REVIEW_SAFE_TERM_CHECK","","爬山後腿部按摩提醒","爬山後腿部按摩提醒

運動、搬重物、久站後，身體局部不適時，先休息、觀察，再做保守保養。

這款定位是外用油膏，重點是局部按摩、依標示使用。衛署成製015614，乙類成藥，資料可至衛福部中藥許可證系統查詢。

外用產品請依標示使用；身體不適、症狀持續或惡化時，請諮詢醫師或藥師。
下單前可先私訊索取藥證查詢方式與外盒標示照片。","","圖卡：爬山後腿部按摩提醒 / 藥證可查 / 依標示使用","建議搭配：外盒標示實拍、藥證查詢截圖、產品質地短影片、客服回覆截圖（遮個資）。","衛福部中藥許可證：衛署成製015614；類別：乙類成藥；劑型：油膏劑。","退換貨、付款、客服、出貨、價格、通路與任何見證內容，發布前須由人工確認。","NO_LINE_API_CALL_NO_AUTO_PUBLISH_REVIEW_QUEUE_ONLY","LINE160","LINE_OA_LINE160_V2","2026-08-22"
"LINE_DRYRUN_161","P2_SAFE_TERM_CHECK","APPROVE_FOR_MANUAL_SCHEDULE","APPROVE_FOR_MANUAL_SCHEDULE | NEEDS_REWRITE | REJECT | LEGAL_REVIEW","OWNER","2026-06-16","Owner approved for manual schedule export only. Not approved for auto-publishing.","NO","APPROVED_FOR_MANUAL_SCHEDULE_ONLY","2026-09-05","12:00","LINE_OA","外用膏一次擦多少才剛好","NEEDS_HUMAN_REVIEW_SAFE_TERM_CHECK","","外用膏一次擦多少才剛好","外用膏一次擦多少才剛好

很多人不是不想保養，是不知道什麼情況該先問清楚。

這款定位是外用油膏，重點是局部按摩、依標示使用。衛署成製015614，乙類成藥，資料可至衛福部中藥許可證系統查詢。

外用產品請依標示使用；身體不適、症狀持續或惡化時，請諮詢醫師或藥師。
下單前可先私訊索取藥證查詢方式與外盒標示照片。","","圖卡：外用膏一次擦多少才剛好 / 藥證可查 / 依標示使用","建議搭配：外盒標示實拍、藥證查詢截圖、產品質地短影片、客服回覆截圖（遮個資）。","衛福部中藥許可證：衛署成製015614；類別：乙類成藥；劑型：油膏劑。","退換貨、付款、客服、出貨、價格、通路與任何見證內容，發布前須由人工確認。","NO_LINE_API_CALL_NO_AUTO_PUBLISH_REVIEW_QUEUE_ONLY","LINE161","LINE_OA_LINE161_V2","2026-08-23"
"LINE_DRYRUN_162","P2_SAFE_TERM_CHECK","APPROVE_FOR_MANUAL_SCHEDULE","APPROVE_FOR_MANUAL_SCHEDULE | NEEDS_REWRITE | REJECT | LEGAL_REVIEW","OWNER","2026-06-16","Owner approved for manual schedule export only. Not approved for auto-publishing.","NO","APPROVED_FOR_MANUAL_SCHEDULE_ONLY","2026-09-05","20:00","LINE_OA","散步後的膝周保養","NEEDS_HUMAN_REVIEW_SAFE_TERM_CHECK","","散步後的膝周保養","散步後的膝周保養

幫長輩準備外用產品時，最重要的是安全、清楚、不要亂用。

這款定位是外用油膏，重點是局部按摩、依標示使用。衛署成製015614，乙類成藥，資料可至衛福部中藥許可證系統查詢。

外用產品請依標示使用；身體不適、症狀持續或惡化時，請諮詢醫師或藥師。
下單前可先私訊索取藥證查詢方式與外盒標示照片。","","圖卡：散步後的膝周保養 / 藥證可查 / 依標示使用","建議搭配：外盒標示實拍、藥證查詢截圖、產品質地短影片、客服回覆截圖（遮個資）。","衛福部中藥許可證：衛署成製015614；類別：乙類成藥；劑型：油膏劑。","退換貨、付款、客服、出貨、價格、通路與任何見證內容，發布前須由人工確認。","NO_LINE_API_CALL_NO_AUTO_PUBLISH_REVIEW_QUEUE_ONLY","LINE162","LINE_OA_LINE162_V2","2026-08-23"
"LINE_DRYRUN_163","P2_SAFE_TERM_CHECK","APPROVE_FOR_MANUAL_SCHEDULE","APPROVE_FOR_MANUAL_SCHEDULE | NEEDS_REWRITE | REJECT | LEGAL_REVIEW","OWNER","2026-06-16","Owner approved for manual schedule export only. Not approved for auto-publishing.","NO","APPROVED_FOR_MANUAL_SCHEDULE_ONLY","2026-09-06","12:00","LINE_OA","午休前的肩頸放鬆流程","NEEDS_HUMAN_REVIEW_SAFE_TERM_CHECK","","午休前的肩頸放鬆流程","午休前的肩頸放鬆流程

久坐、低頭、開會一整天後，肩頸常會提醒你該放鬆一下。

這款定位是外用油膏，重點是局部按摩、依標示使用。衛署成製015614，乙類成藥，資料可至衛福部中藥許可證系統查詢。

外用產品請依標示使用；身體不適、症狀持續或惡化時，請諮詢醫師或藥師。
下單前可先私訊索取藥證查詢方式與外盒標示照片。","","圖卡：午休前的肩頸放鬆流程 / 藥證可查 / 依標示使用","建議搭配：外盒標示實拍、藥證查詢截圖、產品質地短影片、客服回覆截圖（遮個資）。","衛福部中藥許可證：衛署成製015614；類別：乙類成藥；劑型：油膏劑。","退換貨、付款、客服、出貨、價格、通路與任何見證內容，發布前須由人工確認。","NO_LINE_API_CALL_NO_AUTO_PUBLISH_REVIEW_QUEUE_ONLY","LINE163","LINE_OA_LINE163_V2","2026-08-24"
"LINE_DRYRUN_164","P2_SAFE_TERM_CHECK","APPROVE_FOR_MANUAL_SCHEDULE","APPROVE_FOR_MANUAL_SCHEDULE | NEEDS_REWRITE | REJECT | LEGAL_REVIEW","OWNER","2026-06-16","Owner approved for manual schedule export only. Not approved for auto-publishing.","NO","APPROVED_FOR_MANUAL_SCHEDULE_ONLY","2026-09-06","20:00","LINE_OA","油膏劑為什麼適合局部按摩","NEEDS_HUMAN_REVIEW_SAFE_TERM_CHECK","","油膏劑為什麼適合局部按摩","油膏劑為什麼適合局部按摩

下單前，先看得懂標示與成分，比聽誇張話術更安心。

這款定位是外用油膏，重點是局部按摩、依標示使用。衛署成製015614，乙類成藥，資料可至衛福部中藥許可證系統查詢。

外用產品請依標示使用；身體不適、症狀持續或惡化時，請諮詢醫師或藥師。
下單前可先私訊索取藥證查詢方式與外盒標示照片。","","圖卡：油膏劑為什麼適合局部按摩 / 藥證可查 / 依標示使用","建議搭配：外盒標示實拍、藥證查詢截圖、產品質地短影片、客服回覆截圖（遮個資）。","衛福部中藥許可證：衛署成製015614；類別：乙類成藥；劑型：油膏劑。","退換貨、付款、客服、出貨、價格、通路與任何見證內容，發布前須由人工確認。","NO_LINE_API_CALL_NO_AUTO_PUBLISH_REVIEW_QUEUE_ONLY","LINE164","LINE_OA_LINE164_V2","2026-08-24"
"LINE_DRYRUN_165","P2_SAFE_TERM_CHECK","APPROVE_FOR_MANUAL_SCHEDULE","APPROVE_FOR_MANUAL_SCHEDULE | NEEDS_REWRITE | REJECT | LEGAL_REVIEW","OWNER","2026-06-16","Owner approved for manual schedule export only. Not approved for auto-publishing.","NO","APPROVED_FOR_MANUAL_SCHEDULE_ONLY","2026-09-07","12:00","LINE_OA","大暑午後少久站硬撐","NEEDS_HUMAN_REVIEW_SAFE_TERM_CHECK","","大暑午後少久站硬撐","大暑午後少久站硬撐

換季時，身體保養不需要複雜，穩定的小習慣比較長久。

這款定位是外用油膏，重點是局部按摩、依標示使用。衛署成製015614，乙類成藥，資料可至衛福部中藥許可證系統查詢。

外用產品請依標示使用；身體不適、症狀持續或惡化時，請諮詢醫師或藥師。
下單前可先私訊索取藥證查詢方式與外盒標示照片。","","圖卡：大暑午後少久站硬撐 / 藥證可查 / 依標示使用","建議搭配：外盒標示實拍、藥證查詢截圖、產品質地短影片、客服回覆截圖（遮個資）。","衛福部中藥許可證：衛署成製015614；類別：乙類成藥；劑型：油膏劑。","退換貨、付款、客服、出貨、價格、通路與任何見證內容，發布前須由人工確認。","NO_LINE_API_CALL_NO_AUTO_PUBLISH_REVIEW_QUEUE_ONLY","LINE165","LINE_OA_LINE165_V2","2026-08-25"
"LINE_DRYRUN_166","P2_SAFE_TERM_CHECK","APPROVE_FOR_MANUAL_SCHEDULE","APPROVE_FOR_MANUAL_SCHEDULE | NEEDS_REWRITE | REJECT | LEGAL_REVIEW","OWNER","2026-06-16","Owner approved for manual schedule export only. Not approved for auto-publishing.","NO","APPROVED_FOR_MANUAL_SCHEDULE_ONLY","2026-09-07","20:00","LINE_OA","不要密封包紮或大面積厚敷","NEEDS_HUMAN_REVIEW_SAFE_TERM_CHECK","","不要密封包紮或大面積厚敷","不要密封包紮或大面積厚敷

外用產品不是擦越多越好，用對位置、避開風險才安心。

這款定位是外用油膏，重點是局部按摩、依標示使用。衛署成製015614，乙類成藥，資料可至衛福部中藥許可證系統查詢。

外用產品請依標示使用；身體不適、症狀持續或惡化時，請諮詢醫師或藥師。
下單前可先私訊索取藥證查詢方式與外盒標示照片。","","圖卡：不要密封包紮或大面積厚敷 / 藥證可查 / 依標示使用","建議搭配：外盒標示實拍、藥證查詢截圖、產品質地短影片、客服回覆截圖（遮個資）。","衛福部中藥許可證：衛署成製015614；類別：乙類成藥；劑型：油膏劑。","退換貨、付款、客服、出貨、價格、通路與任何見證內容，發布前須由人工確認。","NO_LINE_API_CALL_NO_AUTO_PUBLISH_REVIEW_QUEUE_ONLY","LINE166","LINE_OA_LINE166_V2","2026-08-25"
"LINE_DRYRUN_167","P2_SAFE_TERM_CHECK","APPROVE_FOR_MANUAL_SCHEDULE","APPROVE_FOR_MANUAL_SCHEDULE | NEEDS_REWRITE | REJECT | LEGAL_REVIEW","OWNER","2026-06-16","Owner approved for manual schedule export only. Not approved for auto-publishing.","NO","APPROVED_FOR_MANUAL_SCHEDULE_ONLY","2026-09-08","12:00","LINE_OA","藥證可查代表什麼","NEEDS_HUMAN_REVIEW_SAFE_TERM_CHECK","","藥證可查代表什麼","藥證可查代表什麼

我們寧願把資料講清楚，也不想用誇大的話讓你衝動購買。

這款定位是外用油膏，重點是局部按摩、依標示使用。衛署成製015614，乙類成藥，資料可至衛福部中藥許可證系統查詢。

外用產品請依標示使用；身體不適、症狀持續或惡化時，請諮詢醫師或藥師。
下單前可先私訊索取藥證查詢方式與外盒標示照片。","","圖卡：藥證可查代表什麼 / 藥證可查 / 依標示使用","建議搭配：外盒標示實拍、藥證查詢截圖、產品質地短影片、客服回覆截圖（遮個資）。","衛福部中藥許可證：衛署成製015614；類別：乙類成藥；劑型：油膏劑。","退換貨、付款、客服、出貨、價格、通路與任何見證內容，發布前須由人工確認。","NO_LINE_API_CALL_NO_AUTO_PUBLISH_REVIEW_QUEUE_ONLY","LINE167","LINE_OA_LINE167_V2","2026-08-26"
"LINE_DRYRUN_168","P2_SAFE_TERM_CHECK","APPROVE_FOR_MANUAL_SCHEDULE","APPROVE_FOR_MANUAL_SCHEDULE | NEEDS_REWRITE | REJECT | LEGAL_REVIEW","OWNER","2026-06-16","Owner approved for manual schedule export only. Not approved for auto-publishing.","NO","APPROVED_FOR_MANUAL_SCHEDULE_ONLY","2026-09-08","20:00","LINE_OA","涼感越強越有效嗎","NEEDS_HUMAN_REVIEW_SAFE_TERM_CHECK","","涼感越強越有效嗎","涼感越強越有效嗎

很多人不是不想保養，是不知道什麼情況該先問清楚。

這款定位是外用油膏，重點是局部按摩、依標示使用。衛署成製015614，乙類成藥，資料可至衛福部中藥許可證系統查詢。

外用產品請依標示使用；身體不適、症狀持續或惡化時，請諮詢醫師或藥師。
下單前可先私訊索取藥證查詢方式與外盒標示照片。","","圖卡：涼感越強越有效嗎 / 藥證可查 / 依標示使用","建議搭配：外盒標示實拍、藥證查詢截圖、產品質地短影片、客服回覆截圖（遮個資）。","衛福部中藥許可證：衛署成製015614；類別：乙類成藥；劑型：油膏劑。","退換貨、付款、客服、出貨、價格、通路與任何見證內容，發布前須由人工確認。","NO_LINE_API_CALL_NO_AUTO_PUBLISH_REVIEW_QUEUE_ONLY","LINE168","LINE_OA_LINE168_V2","2026-08-26"
"LINE_DRYRUN_169","P3_STANDARD_REVIEW","APPROVE_FOR_MANUAL_SCHEDULE","APPROVE_FOR_MANUAL_SCHEDULE | NEEDS_REWRITE | REJECT | LEGAL_REVIEW","OWNER","2026-06-16","Owner approved for manual schedule export only. Not approved for auto-publishing.","NO","APPROVED_FOR_MANUAL_SCHEDULE_ONLY","2026-09-09","12:00","LINE_OA","重訓後肩背局部舒緩","PASS_DRY_RUN_PENDING_HUMAN_REVIEW","","重訓後肩背局部舒緩","重訓後肩背局部舒緩

運動、搬重物、久站後，身體局部不適時，先休息、觀察，再做保守保養。

這款定位是外用油膏，重點是局部按摩、依標示使用。衛署成製015614，乙類成藥，資料可至衛福部中藥許可證系統查詢。

外用產品請依標示使用；身體不適、症狀持續或惡化時，請諮詢醫師或藥師。
下單前可先私訊索取藥證查詢方式與外盒標示照片。","","圖卡：重訓後肩背局部舒緩 / 藥證可查 / 依標示使用","建議搭配：外盒標示實拍、藥證查詢截圖、產品質地短影片、客服回覆截圖（遮個資）。","衛福部中藥許可證：衛署成製015614；類別：乙類成藥；劑型：油膏劑。","退換貨、付款、客服、出貨、價格、通路與任何見證內容，發布前須由人工確認。","NO_LINE_API_CALL_NO_AUTO_PUBLISH_REVIEW_QUEUE_ONLY","LINE169","LINE_OA_LINE169_V2","2026-08-27"
"LINE_DRYRUN_170","P2_SAFE_TERM_CHECK","APPROVE_FOR_MANUAL_SCHEDULE","APPROVE_FOR_MANUAL_SCHEDULE | NEEDS_REWRITE | REJECT | LEGAL_REVIEW","OWNER","2026-06-16","Owner approved for manual schedule export only. Not approved for auto-publishing.","NO","APPROVED_FOR_MANUAL_SCHEDULE_ONLY","2026-09-09","20:00","LINE_OA","乙類成藥與一般保健品差異","NEEDS_HUMAN_REVIEW_SAFE_TERM_CHECK","","乙類成藥與一般保健品差異","乙類成藥與一般保健品差異

下單前，先看得懂標示與成分，比聽誇張話術更安心。

這款定位是外用油膏，重點是局部按摩、依標示使用。衛署成製015614，乙類成藥，資料可至衛福部中藥許可證系統查詢。

外用產品請依標示使用；身體不適、症狀持續或惡化時，請諮詢醫師或藥師。
下單前可先私訊索取藥證查詢方式與外盒標示照片。","","圖卡：乙類成藥與一般保健品差異 / 藥證可查 / 依標示使用","建議搭配：外盒標示實拍、藥證查詢截圖、產品質地短影片、客服回覆截圖（遮個資）。","衛福部中藥許可證：衛署成製015614；類別：乙類成藥；劑型：油膏劑。","退換貨、付款、客服、出貨、價格、通路與任何見證內容，發布前須由人工確認。","NO_LINE_API_CALL_NO_AUTO_PUBLISH_REVIEW_QUEUE_ONLY","LINE170","LINE_OA_LINE170_V2","2026-08-27"
"LINE_DRYRUN_171","P2_SAFE_TERM_CHECK","APPROVE_FOR_MANUAL_SCHEDULE","APPROVE_FOR_MANUAL_SCHEDULE | NEEDS_REWRITE | REJECT | LEGAL_REVIEW","OWNER","2026-06-16","Owner approved for manual schedule export only. Not approved for auto-publishing.","NO","APPROVED_FOR_MANUAL_SCHEDULE_ONLY","2026-09-10","12:00","LINE_OA","天氣變化時的活動舒適感","NEEDS_HUMAN_REVIEW_SAFE_TERM_CHECK","","天氣變化時的活動舒適感","天氣變化時的活動舒適感

幫長輩準備外用產品時，最重要的是安全、清楚、不要亂用。

這款定位是外用油膏，重點是局部按摩、依標示使用。衛署成製015614，乙類成藥，資料可至衛福部中藥許可證系統查詢。

外用產品請依標示使用；身體不適、症狀持續或惡化時，請諮詢醫師或藥師。
下單前可先私訊索取藥證查詢方式與外盒標示照片。","","圖卡：天氣變化時的活動舒適感 / 藥證可查 / 依標示使用","建議搭配：外盒標示實拍、藥證查詢截圖、產品質地短影片、客服回覆截圖（遮個資）。","衛福部中藥許可證：衛署成製015614；類別：乙類成藥；劑型：油膏劑。","退換貨、付款、客服、出貨、價格、通路與任何見證內容，發布前須由人工確認。","NO_LINE_API_CALL_NO_AUTO_PUBLISH_REVIEW_QUEUE_ONLY","LINE171","LINE_OA_LINE171_V2","2026-08-28"
"LINE_DRYRUN_172","P2_SAFE_TERM_CHECK","APPROVE_FOR_MANUAL_SCHEDULE","APPROVE_FOR_MANUAL_SCHEDULE | NEEDS_REWRITE | REJECT | LEGAL_REVIEW","OWNER","2026-06-16","Owner approved for manual schedule export only. Not approved for auto-publishing.","NO","APPROVED_FOR_MANUAL_SCHEDULE_ONLY","2026-09-10","20:00","LINE_OA","水楊酸或阿斯匹靈過敏者注意","NEEDS_HUMAN_REVIEW_SAFE_TERM_CHECK","","水楊酸或阿斯匹靈過敏者注意","水楊酸或阿斯匹靈過敏者注意

外用產品不是擦越多越好，用對位置、避開風險才安心。

這款定位是外用油膏，重點是局部按摩、依標示使用。衛署成製015614，乙類成藥，資料可至衛福部中藥許可證系統查詢。

外用產品請依標示使用；身體不適、症狀持續或惡化時，請諮詢醫師或藥師。
下單前可先私訊索取藥證查詢方式與外盒標示照片。","","圖卡：水楊酸或阿斯匹靈過敏者注意 / 藥證可查 / 依標示使用","建議搭配：外盒標示實拍、藥證查詢截圖、產品質地短影片、客服回覆截圖（遮個資）。","衛福部中藥許可證：衛署成製015614；類別：乙類成藥；劑型：油膏劑。","退換貨、付款、客服、出貨、價格、通路與任何見證內容，發布前須由人工確認。","NO_LINE_API_CALL_NO_AUTO_PUBLISH_REVIEW_QUEUE_ONLY","LINE172","LINE_OA_LINE172_V2","2026-08-28"
"LINE_DRYRUN_173","P2_SAFE_TERM_CHECK","APPROVE_FOR_MANUAL_SCHEDULE","APPROVE_FOR_MANUAL_SCHEDULE | NEEDS_REWRITE | REJECT | LEGAL_REVIEW","OWNER","2026-06-16","Owner approved for manual schedule export only. Not approved for auto-publishing.","NO","APPROVED_FOR_MANUAL_SCHEDULE_ONLY","2026-09-11","12:00","LINE_OA","立秋後早晚溫差保養","NEEDS_HUMAN_REVIEW_SAFE_TERM_CHECK","","立秋後早晚溫差保養","立秋後早晚溫差保養

換季時，身體保養不需要複雜，穩定的小習慣比較長久。

這款定位是外用油膏，重點是局部按摩、依標示使用。衛署成製015614，乙類成藥，資料可至衛福部中藥許可證系統查詢。

外用產品請依標示使用；身體不適、症狀持續或惡化時，請諮詢醫師或藥師。
下單前可先私訊索取藥證查詢方式與外盒標示照片。","","圖卡：立秋後早晚溫差保養 / 藥證可查 / 依標示使用","建議搭配：外盒標示實拍、藥證查詢截圖、產品質地短影片、客服回覆截圖（遮個資）。","衛福部中藥許可證：衛署成製015614；類別：乙類成藥；劑型：油膏劑。","退換貨、付款、客服、出貨、價格、通路與任何見證內容，發布前須由人工確認。","NO_LINE_API_CALL_NO_AUTO_PUBLISH_REVIEW_QUEUE_ONLY","LINE173","LINE_OA_LINE173_V2","2026-08-29"
"LINE_DRYRUN_174","P2_SAFE_TERM_CHECK","APPROVE_FOR_MANUAL_SCHEDULE","APPROVE_FOR_MANUAL_SCHEDULE | NEEDS_REWRITE | REJECT | LEGAL_REVIEW","OWNER","2026-06-16","Owner approved for manual schedule export only. Not approved for auto-publishing.","NO","APPROVED_FOR_MANUAL_SCHEDULE_ONLY","2026-09-11","20:00","LINE_OA","家事後手臂不適保養","NEEDS_HUMAN_REVIEW_SAFE_TERM_CHECK","","家事後手臂不適保養","家事後手臂不適保養

運動、搬重物、久站後，身體局部不適時，先休息、觀察，再做保守保養。

這款定位是外用油膏，重點是局部按摩、依標示使用。衛署成製015614，乙類成藥，資料可至衛福部中藥許可證系統查詢。

外用產品請依標示使用；身體不適、症狀持續或惡化時，請諮詢醫師或藥師。
下單前可先私訊索取藥證查詢方式與外盒標示照片。","","圖卡：家事後手臂不適保養 / 藥證可查 / 依標示使用","建議搭配：外盒標示實拍、藥證查詢截圖、產品質地短影片、客服回覆截圖（遮個資）。","衛福部中藥許可證：衛署成製015614；類別：乙類成藥；劑型：油膏劑。","退換貨、付款、客服、出貨、價格、通路與任何見證內容，發布前須由人工確認。","NO_LINE_API_CALL_NO_AUTO_PUBLISH_REVIEW_QUEUE_ONLY","LINE174","LINE_OA_LINE174_V2","2026-08-29"
"LINE_DRYRUN_175","P2_SAFE_TERM_CHECK","APPROVE_FOR_MANUAL_SCHEDULE","APPROVE_FOR_MANUAL_SCHEDULE | NEEDS_REWRITE | REJECT | LEGAL_REVIEW","OWNER","2026-06-16","Owner approved for manual schedule export only. Not approved for auto-publishing.","NO","APPROVED_FOR_MANUAL_SCHEDULE_ONLY","2026-09-12","12:00","LINE_OA","你有看過外用產品標示嗎","NEEDS_HUMAN_REVIEW_SAFE_TERM_CHECK","","你有看過外用產品標示嗎","你有看過外用產品標示嗎

很多人不是不想保養，是不知道什麼情況該先問清楚。

這款定位是外用油膏，重點是局部按摩、依標示使用。衛署成製015614，乙類成藥，資料可至衛福部中藥許可證系統查詢。

外用產品請依標示使用；身體不適、症狀持續或惡化時，請諮詢醫師或藥師。
下單前可先私訊索取藥證查詢方式與外盒標示照片。","","圖卡：你有看過外用產品標示嗎 / 藥證可查 / 依標示使用","建議搭配：外盒標示實拍、藥證查詢截圖、產品質地短影片、客服回覆截圖（遮個資）。","衛福部中藥許可證：衛署成製015614；類別：乙類成藥；劑型：油膏劑。","退換貨、付款、客服、出貨、價格、通路與任何見證內容，發布前須由人工確認。","NO_LINE_API_CALL_NO_AUTO_PUBLISH_REVIEW_QUEUE_ONLY","LINE175","LINE_OA_LINE175_V2","2026-08-30"
"LINE_DRYRUN_176","P2_SAFE_TERM_CHECK","APPROVE_FOR_MANUAL_SCHEDULE","APPROVE_FOR_MANUAL_SCHEDULE | NEEDS_REWRITE | REJECT | LEGAL_REVIEW","OWNER","2026-06-16","Owner approved for manual schedule export only. Not approved for auto-publishing.","NO","APPROVED_FOR_MANUAL_SCHEDULE_ONLY","2026-09-12","20:00","LINE_OA","長輩按摩力道不要過重","NEEDS_HUMAN_REVIEW_SAFE_TERM_CHECK","","長輩按摩力道不要過重","長輩按摩力道不要過重

幫長輩準備外用產品時，最重要的是安全、清楚、不要亂用。

這款定位是外用油膏，重點是局部按摩、依標示使用。衛署成製015614，乙類成藥，資料可至衛福部中藥許可證系統查詢。

外用產品請依標示使用；身體不適、症狀持續或惡化時，請諮詢醫師或藥師。
下單前可先私訊索取藥證查詢方式與外盒標示照片。","","圖卡：長輩按摩力道不要過重 / 藥證可查 / 依標示使用","建議搭配：外盒標示實拍、藥證查詢截圖、產品質地短影片、客服回覆截圖（遮個資）。","衛福部中藥許可證：衛署成製015614；類別：乙類成藥；劑型：油膏劑。","退換貨、付款、客服、出貨、價格、通路與任何見證內容，發布前須由人工確認。","NO_LINE_API_CALL_NO_AUTO_PUBLISH_REVIEW_QUEUE_ONLY","LINE176","LINE_OA_LINE176_V2","2026-08-30"
"LINE_DRYRUN_177","P2_SAFE_TERM_CHECK","APPROVE_FOR_MANUAL_SCHEDULE","APPROVE_FOR_MANUAL_SCHEDULE | NEEDS_REWRITE | REJECT | LEGAL_REVIEW","OWNER","2026-06-16","Owner approved for manual schedule export only. Not approved for auto-publishing.","NO","APPROVED_FOR_MANUAL_SCHEDULE_ONLY","2026-09-13","12:00","LINE_OA","開會久坐後的腰背舒緩","NEEDS_HUMAN_REVIEW_SAFE_TERM_CHECK","","開會久坐後的腰背舒緩","開會久坐後的腰背舒緩

久坐、低頭、開會一整天後，肩頸常會提醒你該放鬆一下。

這款定位是外用油膏，重點是局部按摩、依標示使用。衛署成製015614，乙類成藥，資料可至衛福部中藥許可證系統查詢。

外用產品請依標示使用；身體不適、症狀持續或惡化時，請諮詢醫師或藥師。
下單前可先私訊索取藥證查詢方式與外盒標示照片。","","圖卡：開會久坐後的腰背舒緩 / 藥證可查 / 依標示使用","建議搭配：外盒標示實拍、藥證查詢截圖、產品質地短影片、客服回覆截圖（遮個資）。","衛福部中藥許可證：衛署成製015614；類別：乙類成藥；劑型：油膏劑。","退換貨、付款、客服、出貨、價格、通路與任何見證內容，發布前須由人工確認。","NO_LINE_API_CALL_NO_AUTO_PUBLISH_REVIEW_QUEUE_ONLY","LINE177","LINE_OA_LINE177_V2","2026-08-31"
"LINE_DRYRUN_178","P2_SAFE_TERM_CHECK","APPROVE_FOR_MANUAL_SCHEDULE","APPROVE_FOR_MANUAL_SCHEDULE | NEEDS_REWRITE | REJECT | LEGAL_REVIEW","OWNER","2026-06-16","Owner approved for manual schedule export only. Not approved for auto-publishing.","NO","APPROVED_FOR_MANUAL_SCHEDULE_ONLY","2026-09-13","20:00","LINE_OA","一條根外用膏的日常定位","NEEDS_HUMAN_REVIEW_SAFE_TERM_CHECK","","一條根外用膏的日常定位","一條根外用膏的日常定位

下單前，先看得懂標示與成分，比聽誇張話術更安心。

這款定位是外用油膏，重點是局部按摩、依標示使用。衛署成製015614，乙類成藥，資料可至衛福部中藥許可證系統查詢。

外用產品請依標示使用；身體不適、症狀持續或惡化時，請諮詢醫師或藥師。
下單前可先私訊索取藥證查詢方式與外盒標示照片。","","圖卡：一條根外用膏的日常定位 / 藥證可查 / 依標示使用","建議搭配：外盒標示實拍、藥證查詢截圖、產品質地短影片、客服回覆截圖（遮個資）。","衛福部中藥許可證：衛署成製015614；類別：乙類成藥；劑型：油膏劑。","退換貨、付款、客服、出貨、價格、通路與任何見證內容，發布前須由人工確認。","NO_LINE_API_CALL_NO_AUTO_PUBLISH_REVIEW_QUEUE_ONLY","LINE178","LINE_OA_LINE178_V2","2026-08-31"
"LINE_DRYRUN_179","P2_SAFE_TERM_CHECK","APPROVE_FOR_MANUAL_SCHEDULE","APPROVE_FOR_MANUAL_SCHEDULE | NEEDS_REWRITE | REJECT | LEGAL_REVIEW","OWNER","2026-06-16","Owner approved for manual schedule export only. Not approved for auto-publishing.","NO","APPROVED_FOR_MANUAL_SCHEDULE_ONLY","2026-09-14","12:00","LINE_OA","處暑後運動暖身提醒","NEEDS_HUMAN_REVIEW_SAFE_TERM_CHECK","","處暑後運動暖身提醒","處暑後運動暖身提醒

換季時，身體保養不需要複雜，穩定的小習慣比較長久。

這款定位是外用油膏，重點是局部按摩、依標示使用。衛署成製015614，乙類成藥，資料可至衛福部中藥許可證系統查詢。

外用產品請依標示使用；身體不適、症狀持續或惡化時，請諮詢醫師或藥師。
下單前可先私訊索取藥證查詢方式與外盒標示照片。","","圖卡：處暑後運動暖身提醒 / 藥證可查 / 依標示使用","建議搭配：外盒標示實拍、藥證查詢截圖、產品質地短影片、客服回覆截圖（遮個資）。","衛福部中藥許可證：衛署成製015614；類別：乙類成藥；劑型：油膏劑。","退換貨、付款、客服、出貨、價格、通路與任何見證內容，發布前須由人工確認。","NO_LINE_API_CALL_NO_AUTO_PUBLISH_REVIEW_QUEUE_ONLY","LINE179","LINE_OA_LINE179_V2","2026-09-01"
"LINE_DRYRUN_180","P2_SAFE_TERM_CHECK","APPROVE_FOR_MANUAL_SCHEDULE","APPROVE_FOR_MANUAL_SCHEDULE | NEEDS_REWRITE | REJECT | LEGAL_REVIEW","OWNER","2026-06-16","Owner approved for manual schedule export only. Not approved for auto-publishing.","NO","APPROVED_FOR_MANUAL_SCHEDULE_ONLY","2026-09-14","20:00","LINE_OA","兒童使用前的安全提醒","NEEDS_HUMAN_REVIEW_SAFE_TERM_CHECK","","兒童使用前的安全提醒","兒童使用前的安全提醒

外用產品不是擦越多越好，用對位置、避開風險才安心。

這款定位是外用油膏，重點是局部按摩、依標示使用。衛署成製015614，乙類成藥，資料可至衛福部中藥許可證系統查詢。

外用產品請依標示使用；身體不適、症狀持續或惡化時，請諮詢醫師或藥師。
下單前可先私訊索取藥證查詢方式與外盒標示照片。","","圖卡：兒童使用前的安全提醒 / 藥證可查 / 依標示使用","建議搭配：外盒標示實拍、藥證查詢截圖、產品質地短影片、客服回覆截圖（遮個資）。","衛福部中藥許可證：衛署成製015614；類別：乙類成藥；劑型：油膏劑。","退換貨、付款、客服、出貨、價格、通路與任何見證內容，發布前須由人工確認。","NO_LINE_API_CALL_NO_AUTO_PUBLISH_REVIEW_QUEUE_ONLY","LINE180","LINE_OA_LINE180_V2","2026-09-01"
"LINE_DRYRUN_181","P2_SAFE_TERM_CHECK","APPROVE_FOR_MANUAL_SCHEDULE","APPROVE_FOR_MANUAL_SCHEDULE | NEEDS_REWRITE | REJECT | LEGAL_REVIEW","OWNER","2026-06-16","Owner approved for manual schedule export only. Not approved for auto-publishing.","NO","APPROVED_FOR_MANUAL_SCHEDULE_ONLY","2026-09-15","12:00","LINE_OA","外用膏廣告為什麼要保守","NEEDS_HUMAN_REVIEW_SAFE_TERM_CHECK","","外用膏廣告為什麼要保守","外用膏廣告為什麼要保守

我們寧願把資料講清楚，也不想用誇大的話讓你衝動購買。

這款定位是外用油膏，重點是局部按摩、依標示使用。衛署成製015614，乙類成藥，資料可至衛福部中藥許可證系統查詢。

外用產品請依標示使用；身體不適、症狀持續或惡化時，請諮詢醫師或藥師。
下單前可先私訊索取藥證查詢方式與外盒標示照片。","","圖卡：外用膏廣告為什麼要保守 / 藥證可查 / 依標示使用","建議搭配：外盒標示實拍、藥證查詢截圖、產品質地短影片、客服回覆截圖（遮個資）。","衛福部中藥許可證：衛署成製015614；類別：乙類成藥；劑型：油膏劑。","退換貨、付款、客服、出貨、價格、通路與任何見證內容，發布前須由人工確認。","NO_LINE_API_CALL_NO_AUTO_PUBLISH_REVIEW_QUEUE_ONLY","LINE181","LINE_OA_LINE181_V2","2026-09-02"
"LINE_DRYRUN_182","P2_SAFE_TERM_CHECK","APPROVE_FOR_MANUAL_SCHEDULE","APPROVE_FOR_MANUAL_SCHEDULE | NEEDS_REWRITE | REJECT | LEGAL_REVIEW","OWNER","2026-06-16","Owner approved for manual schedule export only. Not approved for auto-publishing.","NO","APPROVED_FOR_MANUAL_SCHEDULE_ONLY","2026-09-15","20:00","LINE_OA","久坐族最想舒緩哪裡","NEEDS_HUMAN_REVIEW_SAFE_TERM_CHECK","","久坐族最想舒緩哪裡","久坐族最想舒緩哪裡

很多人不是不想保養，是不知道什麼情況該先問清楚。

這款定位是外用油膏，重點是局部按摩、依標示使用。衛署成製015614，乙類成藥，資料可至衛福部中藥許可證系統查詢。

外用產品請依標示使用；身體不適、症狀持續或惡化時，請諮詢醫師或藥師。
下單前可先私訊索取藥證查詢方式與外盒標示照片。","","圖卡：久坐族最想舒緩哪裡 / 藥證可查 / 依標示使用","建議搭配：外盒標示實拍、藥證查詢截圖、產品質地短影片、客服回覆截圖（遮個資）。","衛福部中藥許可證：衛署成製015614；類別：乙類成藥；劑型：油膏劑。","退換貨、付款、客服、出貨、價格、通路與任何見證內容，發布前須由人工確認。","NO_LINE_API_CALL_NO_AUTO_PUBLISH_REVIEW_QUEUE_ONLY","LINE182","LINE_OA_LINE182_V2","2026-09-02"
"LINE_DRYRUN_183","P2_SAFE_TERM_CHECK","APPROVE_FOR_MANUAL_SCHEDULE","APPROVE_FOR_MANUAL_SCHEDULE | NEEDS_REWRITE | REJECT | LEGAL_REVIEW","OWNER","2026-06-16","Owner approved for manual schedule export only. Not approved for auto-publishing.","NO","APPROVED_FOR_MANUAL_SCHEDULE_ONLY","2026-09-16","12:00","LINE_OA","跑步後膝周不適的保守提醒","NEEDS_HUMAN_REVIEW_SAFE_TERM_CHECK","","跑步後膝周不適的保守提醒","跑步後膝周不適的保守提醒

運動、搬重物、久站後，身體局部不適時，先休息、觀察，再做保守保養。

這款定位是外用油膏，重點是局部按摩、依標示使用。衛署成製015614，乙類成藥，資料可至衛福部中藥許可證系統查詢。

外用產品請依標示使用；身體不適、症狀持續或惡化時，請諮詢醫師或藥師。
下單前可先私訊索取藥證查詢方式與外盒標示照片。","","圖卡：跑步後膝周不適的保守提醒 / 藥證可查 / 依標示使用","建議搭配：外盒標示實拍、藥證查詢截圖、產品質地短影片、客服回覆截圖（遮個資）。","衛福部中藥許可證：衛署成製015614；類別：乙類成藥；劑型：油膏劑。","退換貨、付款、客服、出貨、價格、通路與任何見證內容，發布前須由人工確認。","NO_LINE_API_CALL_NO_AUTO_PUBLISH_REVIEW_QUEUE_ONLY","LINE183","LINE_OA_LINE183_V2","2026-09-03"
"LINE_DRYRUN_184","P2_SAFE_TERM_CHECK","APPROVE_FOR_MANUAL_SCHEDULE","APPROVE_FOR_MANUAL_SCHEDULE | NEEDS_REWRITE | REJECT | LEGAL_REVIEW","OWNER","2026-06-16","Owner approved for manual schedule export only. Not approved for auto-publishing.","NO","APPROVED_FOR_MANUAL_SCHEDULE_ONLY","2026-09-16","20:00","LINE_OA","成分濃度為什麼要看標示","NEEDS_HUMAN_REVIEW_SAFE_TERM_CHECK","","成分濃度為什麼要看標示","成分濃度為什麼要看標示

下單前，先看得懂標示與成分，比聽誇張話術更安心。

這款定位是外用油膏，重點是局部按摩、依標示使用。衛署成製015614，乙類成藥，資料可至衛福部中藥許可證系統查詢。

外用產品請依標示使用；身體不適、症狀持續或惡化時，請諮詢醫師或藥師。
下單前可先私訊索取藥證查詢方式與外盒標示照片。","","圖卡：成分濃度為什麼要看標示 / 藥證可查 / 依標示使用","建議搭配：外盒標示實拍、藥證查詢截圖、產品質地短影片、客服回覆截圖（遮個資）。","衛福部中藥許可證：衛署成製015614；類別：乙類成藥；劑型：油膏劑。","退換貨、付款、客服、出貨、價格、通路與任何見證內容，發布前須由人工確認。","NO_LINE_API_CALL_NO_AUTO_PUBLISH_REVIEW_QUEUE_ONLY","LINE184","LINE_OA_LINE184_V2","2026-09-03"
"LINE_DRYRUN_185","P2_SAFE_TERM_CHECK","APPROVE_FOR_MANUAL_SCHEDULE","APPROVE_FOR_MANUAL_SCHEDULE | NEEDS_REWRITE | REJECT | LEGAL_REVIEW","OWNER","2026-06-16","Owner approved for manual schedule export only. Not approved for auto-publishing.","NO","APPROVED_FOR_MANUAL_SCHEDULE_ONLY","2026-09-17","12:00","LINE_OA","照顧爸媽時的外用提醒","NEEDS_HUMAN_REVIEW_SAFE_TERM_CHECK","","照顧爸媽時的外用提醒","照顧爸媽時的外用提醒

幫長輩準備外用產品時，最重要的是安全、清楚、不要亂用。

這款定位是外用油膏，重點是局部按摩、依標示使用。衛署成製015614，乙類成藥，資料可至衛福部中藥許可證系統查詢。

外用產品請依標示使用；身體不適、症狀持續或惡化時，請諮詢醫師或藥師。
下單前可先私訊索取藥證查詢方式與外盒標示照片。","","圖卡：照顧爸媽時的外用提醒 / 藥證可查 / 依標示使用","建議搭配：外盒標示實拍、藥證查詢截圖、產品質地短影片、客服回覆截圖（遮個資）。","衛福部中藥許可證：衛署成製015614；類別：乙類成藥；劑型：油膏劑。","退換貨、付款、客服、出貨、價格、通路與任何見證內容，發布前須由人工確認。","NO_LINE_API_CALL_NO_AUTO_PUBLISH_REVIEW_QUEUE_ONLY","LINE185","LINE_OA_LINE185_V2","2026-09-04"
"LINE_DRYRUN_186","P2_SAFE_TERM_CHECK","APPROVE_FOR_MANUAL_SCHEDULE","APPROVE_FOR_MANUAL_SCHEDULE | NEEDS_REWRITE | REJECT | LEGAL_REVIEW","OWNER","2026-06-16","Owner approved for manual schedule export only. Not approved for auto-publishing.","NO","APPROVED_FOR_MANUAL_SCHEDULE_ONLY","2026-09-17","20:00","LINE_OA","孕婦與哺乳族群先詢問專業人員","NEEDS_HUMAN_REVIEW_SAFE_TERM_CHECK","","孕婦與哺乳族群先詢問專業人員","孕婦與哺乳族群先詢問專業人員

外用產品不是擦越多越好，用對位置、避開風險才安心。

這款定位是外用油膏，重點是局部按摩、依標示使用。衛署成製015614，乙類成藥，資料可至衛福部中藥許可證系統查詢。

外用產品請依標示使用；身體不適、症狀持續或惡化時，請諮詢醫師或藥師。
下單前可先私訊索取藥證查詢方式與外盒標示照片。","","圖卡：孕婦與哺乳族群先詢問專業人員 / 藥證可查 / 依標示使用","建議搭配：外盒標示實拍、藥證查詢截圖、產品質地短影片、客服回覆截圖（遮個資）。","衛福部中藥許可證：衛署成製015614；類別：乙類成藥；劑型：油膏劑。","退換貨、付款、客服、出貨、價格、通路與任何見證內容，發布前須由人工確認。","NO_LINE_API_CALL_NO_AUTO_PUBLISH_REVIEW_QUEUE_ONLY","LINE186","LINE_OA_LINE186_V2","2026-09-04"
"LINE_DRYRUN_187","P2_SAFE_TERM_CHECK","APPROVE_FOR_MANUAL_SCHEDULE","APPROVE_FOR_MANUAL_SCHEDULE | NEEDS_REWRITE | REJECT | LEGAL_REVIEW","OWNER","2026-06-16","Owner approved for manual schedule export only. Not approved for auto-publishing.","NO","APPROVED_FOR_MANUAL_SCHEDULE_ONLY","2026-09-18","12:00","LINE_OA","白露時節關心長輩活動","NEEDS_HUMAN_REVIEW_SAFE_TERM_CHECK","","白露時節關心長輩活動","白露時節關心長輩活動

換季時，身體保養不需要複雜，穩定的小習慣比較長久。

這款定位是外用油膏，重點是局部按摩、依標示使用。衛署成製015614，乙類成藥，資料可至衛福部中藥許可證系統查詢。

外用產品請依標示使用；身體不適、症狀持續或惡化時，請諮詢醫師或藥師。
下單前可先私訊索取藥證查詢方式與外盒標示照片。","","圖卡：白露時節關心長輩活動 / 藥證可查 / 依標示使用","建議搭配：外盒標示實拍、藥證查詢截圖、產品質地短影片、客服回覆截圖（遮個資）。","衛福部中藥許可證：衛署成製015614；類別：乙類成藥；劑型：油膏劑。","退換貨、付款、客服、出貨、價格、通路與任何見證內容，發布前須由人工確認。","NO_LINE_API_CALL_NO_AUTO_PUBLISH_REVIEW_QUEUE_ONLY","LINE187","LINE_OA_LINE187_V2","2026-09-05"
"LINE_DRYRUN_188","P2_SAFE_TERM_CHECK","APPROVE_FOR_MANUAL_SCHEDULE","APPROVE_FOR_MANUAL_SCHEDULE | NEEDS_REWRITE | REJECT | LEGAL_REVIEW","OWNER","2026-06-16","Owner approved for manual schedule export only. Not approved for auto-publishing.","NO","APPROVED_FOR_MANUAL_SCHEDULE_ONLY","2026-09-18","20:00","LINE_OA","勞動後先休息再按摩","NEEDS_HUMAN_REVIEW_SAFE_TERM_CHECK","","勞動後先休息再按摩","勞動後先休息再按摩

運動、搬重物、久站後，身體局部不適時，先休息、觀察，再做保守保養。

這款定位是外用油膏，重點是局部按摩、依標示使用。衛署成製015614，乙類成藥，資料可至衛福部中藥許可證系統查詢。

外用產品請依標示使用；身體不適、症狀持續或惡化時，請諮詢醫師或藥師。
下單前可先私訊索取藥證查詢方式與外盒標示照片。","","圖卡：勞動後先休息再按摩 / 藥證可查 / 依標示使用","建議搭配：外盒標示實拍、藥證查詢截圖、產品質地短影片、客服回覆截圖（遮個資）。","衛福部中藥許可證：衛署成製015614；類別：乙類成藥；劑型：油膏劑。","退換貨、付款、客服、出貨、價格、通路與任何見證內容，發布前須由人工確認。","NO_LINE_API_CALL_NO_AUTO_PUBLISH_REVIEW_QUEUE_ONLY","LINE188","LINE_OA_LINE188_V2","2026-09-05"
"LINE_DRYRUN_189","P2_SAFE_TERM_CHECK","APPROVE_FOR_MANUAL_SCHEDULE","APPROVE_FOR_MANUAL_SCHEDULE | NEEDS_REWRITE | REJECT | LEGAL_REVIEW","OWNER","2026-06-16","Owner approved for manual schedule export only. Not approved for auto-publishing.","NO","APPROVED_FOR_MANUAL_SCHEDULE_ONLY","2026-09-19","12:00","LINE_OA","長輩使用外用膏你會提醒什麼","NEEDS_HUMAN_REVIEW_SAFE_TERM_CHECK","","長輩使用外用膏你會提醒什麼","長輩使用外用膏你會提醒什麼

很多人不是不想保養，是不知道什麼情況該先問清楚。

這款定位是外用油膏，重點是局部按摩、依標示使用。衛署成製015614，乙類成藥，資料可至衛福部中藥許可證系統查詢。

外用產品請依標示使用；身體不適、症狀持續或惡化時，請諮詢醫師或藥師。
下單前可先私訊索取藥證查詢方式與外盒標示照片。","","圖卡：長輩使用外用膏你會提醒什麼 / 藥證可查 / 依標示使用","建議搭配：外盒標示實拍、藥證查詢截圖、產品質地短影片、客服回覆截圖（遮個資）。","衛福部中藥許可證：衛署成製015614；類別：乙類成藥；劑型：油膏劑。","退換貨、付款、客服、出貨、價格、通路與任何見證內容，發布前須由人工確認。","NO_LINE_API_CALL_NO_AUTO_PUBLISH_REVIEW_QUEUE_ONLY","LINE189","LINE_OA_LINE189_V2","2026-09-06"
"LINE_DRYRUN_190","P2_SAFE_TERM_CHECK","APPROVE_FOR_MANUAL_SCHEDULE","APPROVE_FOR_MANUAL_SCHEDULE | NEEDS_REWRITE | REJECT | LEGAL_REVIEW","OWNER","2026-06-16","Owner approved for manual schedule export only. Not approved for auto-publishing.","NO","APPROVED_FOR_MANUAL_SCHEDULE_ONLY","2026-09-19","20:00","LINE_OA","日常活動舒適度的三個習慣","NEEDS_HUMAN_REVIEW_SAFE_TERM_CHECK","","日常活動舒適度的三個習慣","日常活動舒適度的三個習慣

幫長輩準備外用產品時，最重要的是安全、清楚、不要亂用。

這款定位是外用油膏，重點是局部按摩、依標示使用。衛署成製015614，乙類成藥，資料可至衛福部中藥許可證系統查詢。

外用產品請依標示使用；身體不適、症狀持續或惡化時，請諮詢醫師或藥師。
下單前可先私訊索取藥證查詢方式與外盒標示照片。","","圖卡：日常活動舒適度的三個習慣 / 藥證可查 / 依標示使用","建議搭配：外盒標示實拍、藥證查詢截圖、產品質地短影片、客服回覆截圖（遮個資）。","衛福部中藥許可證：衛署成製015614；類別：乙類成藥；劑型：油膏劑。","退換貨、付款、客服、出貨、價格、通路與任何見證內容，發布前須由人工確認。","NO_LINE_API_CALL_NO_AUTO_PUBLISH_REVIEW_QUEUE_ONLY","LINE190","LINE_OA_LINE190_V2","2026-09-06"
"LINE_DRYRUN_191","P2_SAFE_TERM_CHECK","APPROVE_FOR_MANUAL_SCHEDULE","APPROVE_FOR_MANUAL_SCHEDULE | NEEDS_REWRITE | REJECT | LEGAL_REVIEW","OWNER","2026-06-16","Owner approved for manual schedule export only. Not approved for auto-publishing.","NO","APPROVED_FOR_MANUAL_SCHEDULE_ONLY","2026-09-20","12:00","LINE_OA","下班前五分鐘伸展","NEEDS_HUMAN_REVIEW_SAFE_TERM_CHECK","","下班前五分鐘伸展","下班前五分鐘伸展

久坐、低頭、開會一整天後，肩頸常會提醒你該放鬆一下。

這款定位是外用油膏，重點是局部按摩、依標示使用。衛署成製015614，乙類成藥，資料可至衛福部中藥許可證系統查詢。

外用產品請依標示使用；身體不適、症狀持續或惡化時，請諮詢醫師或藥師。
下單前可先私訊索取藥證查詢方式與外盒標示照片。","","圖卡：下班前五分鐘伸展 / 藥證可查 / 依標示使用","建議搭配：外盒標示實拍、藥證查詢截圖、產品質地短影片、客服回覆截圖（遮個資）。","衛福部中藥許可證：衛署成製015614；類別：乙類成藥；劑型：油膏劑。","退換貨、付款、客服、出貨、價格、通路與任何見證內容，發布前須由人工確認。","NO_LINE_API_CALL_NO_AUTO_PUBLISH_REVIEW_QUEUE_ONLY","LINE191","LINE_OA_LINE191_V2","2026-09-07"
"LINE_DRYRUN_192","P2_SAFE_TERM_CHECK","APPROVE_FOR_MANUAL_SCHEDULE","APPROVE_FOR_MANUAL_SCHEDULE | NEEDS_REWRITE | REJECT | LEGAL_REVIEW","OWNER","2026-06-16","Owner approved for manual schedule export only. Not approved for auto-publishing.","NO","APPROVED_FOR_MANUAL_SCHEDULE_ONLY","2026-09-20","20:00","LINE_OA","局部按摩和大面積厚敷的差別","NEEDS_HUMAN_REVIEW_SAFE_TERM_CHECK","","局部按摩和大面積厚敷的差別","局部按摩和大面積厚敷的差別

下單前，先看得懂標示與成分，比聽誇張話術更安心。

這款定位是外用油膏，重點是局部按摩、依標示使用。衛署成製015614，乙類成藥，資料可至衛福部中藥許可證系統查詢。

外用產品請依標示使用；身體不適、症狀持續或惡化時，請諮詢醫師或藥師。
下單前可先私訊索取藥證查詢方式與外盒標示照片。","","圖卡：局部按摩和大面積厚敷的差別 / 藥證可查 / 依標示使用","建議搭配：外盒標示實拍、藥證查詢截圖、產品質地短影片、客服回覆截圖（遮個資）。","衛福部中藥許可證：衛署成製015614；類別：乙類成藥；劑型：油膏劑。","退換貨、付款、客服、出貨、價格、通路與任何見證內容，發布前須由人工確認。","NO_LINE_API_CALL_NO_AUTO_PUBLISH_REVIEW_QUEUE_ONLY","LINE192","LINE_OA_LINE192_V2","2026-09-07"
"LINE_DRYRUN_193","P2_SAFE_TERM_CHECK","APPROVE_FOR_MANUAL_SCHEDULE","APPROVE_FOR_MANUAL_SCHEDULE | NEEDS_REWRITE | REJECT | LEGAL_REVIEW","OWNER","2026-06-16","Owner approved for manual schedule export only. Not approved for auto-publishing.","NO","APPROVED_FOR_MANUAL_SCHEDULE_ONLY","2026-09-21","12:00","LINE_OA","秋分後外出前暖身","NEEDS_HUMAN_REVIEW_SAFE_TERM_CHECK","","秋分後外出前暖身","秋分後外出前暖身

換季時，身體保養不需要複雜，穩定的小習慣比較長久。

這款定位是外用油膏，重點是局部按摩、依標示使用。衛署成製015614，乙類成藥，資料可至衛福部中藥許可證系統查詢。

外用產品請依標示使用；身體不適、症狀持續或惡化時，請諮詢醫師或藥師。
下單前可先私訊索取藥證查詢方式與外盒標示照片。","","圖卡：秋分後外出前暖身 / 藥證可查 / 依標示使用","建議搭配：外盒標示實拍、藥證查詢截圖、產品質地短影片、客服回覆截圖（遮個資）。","衛福部中藥許可證：衛署成製015614；類別：乙類成藥；劑型：油膏劑。","退換貨、付款、客服、出貨、價格、通路與任何見證內容，發布前須由人工確認。","NO_LINE_API_CALL_NO_AUTO_PUBLISH_REVIEW_QUEUE_ONLY","LINE193","LINE_OA_LINE193_V2","2026-09-08"
"LINE_DRYRUN_194","P2_SAFE_TERM_CHECK","APPROVE_FOR_MANUAL_SCHEDULE","APPROVE_FOR_MANUAL_SCHEDULE | NEEDS_REWRITE | REJECT | LEGAL_REVIEW","OWNER","2026-06-16","Owner approved for manual schedule export only. Not approved for auto-publishing.","NO","APPROVED_FOR_MANUAL_SCHEDULE_ONLY","2026-09-21","20:00","LINE_OA","症狀超過七天要停用並諮詢","NEEDS_HUMAN_REVIEW_SAFE_TERM_CHECK","","症狀超過七天要停用並諮詢","症狀超過七天要停用並諮詢

外用產品不是擦越多越好，用對位置、避開風險才安心。

這款定位是外用油膏，重點是局部按摩、依標示使用。衛署成製015614，乙類成藥，資料可至衛福部中藥許可證系統查詢。

外用產品請依標示使用；身體不適、症狀持續或惡化時，請諮詢醫師或藥師。
下單前可先私訊索取藥證查詢方式與外盒標示照片。","","圖卡：症狀超過七天要停用並諮詢 / 藥證可查 / 依標示使用","建議搭配：外盒標示實拍、藥證查詢截圖、產品質地短影片、客服回覆截圖（遮個資）。","衛福部中藥許可證：衛署成製015614；類別：乙類成藥；劑型：油膏劑。","退換貨、付款、客服、出貨、價格、通路與任何見證內容，發布前須由人工確認。","NO_LINE_API_CALL_NO_AUTO_PUBLISH_REVIEW_QUEUE_ONLY","LINE194","LINE_OA_LINE194_V2","2026-09-08"
"LINE_DRYRUN_195","P2_SAFE_TERM_CHECK","APPROVE_FOR_MANUAL_SCHEDULE","APPROVE_FOR_MANUAL_SCHEDULE | NEEDS_REWRITE | REJECT | LEGAL_REVIEW","OWNER","2026-06-16","Owner approved for manual schedule export only. Not approved for auto-publishing.","NO","APPROVED_FOR_MANUAL_SCHEDULE_ONLY","2026-09-22","12:00","LINE_OA","成分透明是基本功","NEEDS_HUMAN_REVIEW_SAFE_TERM_CHECK","","成分透明是基本功","成分透明是基本功

我們寧願把資料講清楚，也不想用誇大的話讓你衝動購買。

這款定位是外用油膏，重點是局部按摩、依標示使用。衛署成製015614，乙類成藥，資料可至衛福部中藥許可證系統查詢。

外用產品請依標示使用；身體不適、症狀持續或惡化時，請諮詢醫師或藥師。
下單前可先私訊索取藥證查詢方式與外盒標示照片。","","圖卡：成分透明是基本功 / 藥證可查 / 依標示使用","建議搭配：外盒標示實拍、藥證查詢截圖、產品質地短影片、客服回覆截圖（遮個資）。","衛福部中藥許可證：衛署成製015614；類別：乙類成藥；劑型：油膏劑。","退換貨、付款、客服、出貨、價格、通路與任何見證內容，發布前須由人工確認。","NO_LINE_API_CALL_NO_AUTO_PUBLISH_REVIEW_QUEUE_ONLY","LINE195","LINE_OA_LINE195_V2","2026-09-09"
"LINE_DRYRUN_196","P2_SAFE_TERM_CHECK","APPROVE_FOR_MANUAL_SCHEDULE","APPROVE_FOR_MANUAL_SCHEDULE | NEEDS_REWRITE | REJECT | LEGAL_REVIEW","OWNER","2026-06-16","Owner approved for manual schedule export only. Not approved for auto-publishing.","NO","APPROVED_FOR_MANUAL_SCHEDULE_ONLY","2026-09-22","20:00","LINE_OA","一條根可以天天厚敷嗎","NEEDS_HUMAN_REVIEW_SAFE_TERM_CHECK","","一條根可以天天厚敷嗎","一條根可以天天厚敷嗎

很多人不是不想保養，是不知道什麼情況該先問清楚。

這款定位是外用油膏，重點是局部按摩、依標示使用。衛署成製015614，乙類成藥，資料可至衛福部中藥許可證系統查詢。

外用產品請依標示使用；身體不適、症狀持續或惡化時，請諮詢醫師或藥師。
下單前可先私訊索取藥證查詢方式與外盒標示照片。","","圖卡：一條根可以天天厚敷嗎 / 藥證可查 / 依標示使用","建議搭配：外盒標示實拍、藥證查詢截圖、產品質地短影片、客服回覆截圖（遮個資）。","衛福部中藥許可證：衛署成製015614；類別：乙類成藥；劑型：油膏劑。","退換貨、付款、客服、出貨、價格、通路與任何見證內容，發布前須由人工確認。","NO_LINE_API_CALL_NO_AUTO_PUBLISH_REVIEW_QUEUE_ONLY","LINE196","LINE_OA_LINE196_V2","2026-09-09"
"LINE_DRYRUN_197","P2_SAFE_TERM_CHECK","APPROVE_FOR_MANUAL_SCHEDULE","APPROVE_FOR_MANUAL_SCHEDULE | NEEDS_REWRITE | REJECT | LEGAL_REVIEW","OWNER","2026-06-16","Owner approved for manual schedule export only. Not approved for auto-publishing.","NO","APPROVED_FOR_MANUAL_SCHEDULE_ONLY","2026-09-23","12:00","LINE_OA","運動後不要立刻熱敷加藥膏","NEEDS_HUMAN_REVIEW_SAFE_TERM_CHECK","","運動後不要立刻熱敷加藥膏","運動後不要立刻熱敷加藥膏

運動、搬重物、久站後，身體局部不適時，先休息、觀察，再做保守保養。

這款定位是外用油膏，重點是局部按摩、依標示使用。衛署成製015614，乙類成藥，資料可至衛福部中藥許可證系統查詢。

外用產品請依標示使用；身體不適、症狀持續或惡化時，請諮詢醫師或藥師。
下單前可先私訊索取藥證查詢方式與外盒標示照片。","","圖卡：運動後不要立刻熱敷加藥膏 / 藥證可查 / 依標示使用","建議搭配：外盒標示實拍、藥證查詢截圖、產品質地短影片、客服回覆截圖（遮個資）。","衛福部中藥許可證：衛署成製015614；類別：乙類成藥；劑型：油膏劑。","退換貨、付款、客服、出貨、價格、通路與任何見證內容，發布前須由人工確認。","NO_LINE_API_CALL_NO_AUTO_PUBLISH_REVIEW_QUEUE_ONLY","LINE197","LINE_OA_LINE197_V2","2026-09-10"
"LINE_DRYRUN_198","P2_SAFE_TERM_CHECK","APPROVE_FOR_MANUAL_SCHEDULE","APPROVE_FOR_MANUAL_SCHEDULE | NEEDS_REWRITE | REJECT | LEGAL_REVIEW","OWNER","2026-06-16","Owner approved for manual schedule export only. Not approved for auto-publishing.","NO","APPROVED_FOR_MANUAL_SCHEDULE_ONLY","2026-09-23","20:00","LINE_OA","使用前先小範圍測試","NEEDS_HUMAN_REVIEW_SAFE_TERM_CHECK","","使用前先小範圍測試","使用前先小範圍測試

下單前，先看得懂標示與成分，比聽誇張話術更安心。

這款定位是外用油膏，重點是局部按摩、依標示使用。衛署成製015614，乙類成藥，資料可至衛福部中藥許可證系統查詢。

外用產品請依標示使用；身體不適、症狀持續或惡化時，請諮詢醫師或藥師。
下單前可先私訊索取藥證查詢方式與外盒標示照片。","","圖卡：使用前先小範圍測試 / 藥證可查 / 依標示使用","建議搭配：外盒標示實拍、藥證查詢截圖、產品質地短影片、客服回覆截圖（遮個資）。","衛福部中藥許可證：衛署成製015614；類別：乙類成藥；劑型：油膏劑。","退換貨、付款、客服、出貨、價格、通路與任何見證內容，發布前須由人工確認。","NO_LINE_API_CALL_NO_AUTO_PUBLISH_REVIEW_QUEUE_ONLY","LINE198","LINE_OA_LINE198_V2","2026-09-10"
"LINE_DRYRUN_199","P2_SAFE_TERM_CHECK","APPROVE_FOR_MANUAL_SCHEDULE","APPROVE_FOR_MANUAL_SCHEDULE | NEEDS_REWRITE | REJECT | LEGAL_REVIEW","OWNER","2026-06-16","Owner approved for manual schedule export only. Not approved for auto-publishing.","NO","APPROVED_FOR_MANUAL_SCHEDULE_ONLY","2026-09-24","12:00","LINE_OA","長輩使用前先看標示","NEEDS_HUMAN_REVIEW_SAFE_TERM_CHECK","","長輩使用前先看標示","長輩使用前先看標示

幫長輩準備外用產品時，最重要的是安全、清楚、不要亂用。

這款定位是外用油膏，重點是局部按摩、依標示使用。衛署成製015614，乙類成藥，資料可至衛福部中藥許可證系統查詢。

外用產品請依標示使用；身體不適、症狀持續或惡化時，請諮詢醫師或藥師。
下單前可先私訊索取藥證查詢方式與外盒標示照片。","","圖卡：長輩使用前先看標示 / 藥證可查 / 依標示使用","建議搭配：外盒標示實拍、藥證查詢截圖、產品質地短影片、客服回覆截圖（遮個資）。","衛福部中藥許可證：衛署成製015614；類別：乙類成藥；劑型：油膏劑。","退換貨、付款、客服、出貨、價格、通路與任何見證內容，發布前須由人工確認。","NO_LINE_API_CALL_NO_AUTO_PUBLISH_REVIEW_QUEUE_ONLY","LINE199","LINE_OA_LINE199_V2","2026-09-11"
"LINE_DRYRUN_200","P2_SAFE_TERM_CHECK","APPROVE_FOR_MANUAL_SCHEDULE","APPROVE_FOR_MANUAL_SCHEDULE | NEEDS_REWRITE | REJECT | LEGAL_REVIEW","OWNER","2026-06-16","Owner approved for manual schedule export only. Not approved for auto-publishing.","NO","APPROVED_FOR_MANUAL_SCHEDULE_ONLY","2026-09-24","20:00","LINE_OA","皮膚刺激時要停止使用","NEEDS_HUMAN_REVIEW_SAFE_TERM_CHECK","","皮膚刺激時要停止使用","皮膚刺激時要停止使用

外用產品不是擦越多越好，用對位置、避開風險才安心。

這款定位是外用油膏，重點是局部按摩、依標示使用。衛署成製015614，乙類成藥，資料可至衛福部中藥許可證系統查詢。

外用產品請依標示使用；身體不適、症狀持續或惡化時，請諮詢醫師或藥師。
下單前可先私訊索取藥證查詢方式與外盒標示照片。","","圖卡：皮膚刺激時要停止使用 / 藥證可查 / 依標示使用","建議搭配：外盒標示實拍、藥證查詢截圖、產品質地短影片、客服回覆截圖（遮個資）。","衛福部中藥許可證：衛署成製015614；類別：乙類成藥；劑型：油膏劑。","退換貨、付款、客服、出貨、價格、通路與任何見證內容，發布前須由人工確認。","NO_LINE_API_CALL_NO_AUTO_PUBLISH_REVIEW_QUEUE_ONLY","LINE200","LINE_OA_LINE200_V2","2026-09-11"
"LINE_DRYRUN_201","P2_SAFE_TERM_CHECK","APPROVE_FOR_MANUAL_SCHEDULE","APPROVE_FOR_MANUAL_SCHEDULE | NEEDS_REWRITE | REJECT | LEGAL_REVIEW","OWNER","2026-06-16","Owner approved for manual schedule export only. Not approved for auto-publishing.","NO","APPROVED_FOR_MANUAL_SCHEDULE_ONLY","2026-09-25","12:00","LINE_OA","寒露後肩背保養","NEEDS_HUMAN_REVIEW_SAFE_TERM_CHECK","","寒露後肩背保養","寒露後肩背保養

換季時，身體保養不需要複雜，穩定的小習慣比較長久。

這款定位是外用油膏，重點是局部按摩、依標示使用。衛署成製015614，乙類成藥，資料可至衛福部中藥許可證系統查詢。

外用產品請依標示使用；身體不適、症狀持續或惡化時，請諮詢醫師或藥師。
下單前可先私訊索取藥證查詢方式與外盒標示照片。","","圖卡：寒露後肩背保養 / 藥證可查 / 依標示使用","建議搭配：外盒標示實拍、藥證查詢截圖、產品質地短影片、客服回覆截圖（遮個資）。","衛福部中藥許可證：衛署成製015614；類別：乙類成藥；劑型：油膏劑。","退換貨、付款、客服、出貨、價格、通路與任何見證內容，發布前須由人工確認。","NO_LINE_API_CALL_NO_AUTO_PUBLISH_REVIEW_QUEUE_ONLY","LINE201","LINE_OA_LINE201_V2","2026-09-12"
"LINE_DRYRUN_202","P2_SAFE_TERM_CHECK","APPROVE_FOR_MANUAL_SCHEDULE","APPROVE_FOR_MANUAL_SCHEDULE | NEEDS_REWRITE | REJECT | LEGAL_REVIEW","OWNER","2026-06-16","Owner approved for manual schedule export only. Not approved for auto-publishing.","NO","APPROVED_FOR_MANUAL_SCHEDULE_ONLY","2026-09-25","20:00","LINE_OA","輕微拉扯後的觀察重點","NEEDS_HUMAN_REVIEW_SAFE_TERM_CHECK","","輕微拉扯後的觀察重點","輕微拉扯後的觀察重點

運動、搬重物、久站後，身體局部不適時，先休息、觀察，再做保守保養。

這款定位是外用油膏，重點是局部按摩、依標示使用。衛署成製015614，乙類成藥，資料可至衛福部中藥許可證系統查詢。

外用產品請依標示使用；身體不適、症狀持續或惡化時，請諮詢醫師或藥師。
下單前可先私訊索取藥證查詢方式與外盒標示照片。","","圖卡：輕微拉扯後的觀察重點 / 藥證可查 / 依標示使用","建議搭配：外盒標示實拍、藥證查詢截圖、產品質地短影片、客服回覆截圖（遮個資）。","衛福部中藥許可證：衛署成製015614；類別：乙類成藥；劑型：油膏劑。","退換貨、付款、客服、出貨、價格、通路與任何見證內容，發布前須由人工確認。","NO_LINE_API_CALL_NO_AUTO_PUBLISH_REVIEW_QUEUE_ONLY","LINE202","LINE_OA_LINE202_V2","2026-09-12"
"LINE_DRYRUN_203","P2_SAFE_TERM_CHECK","APPROVE_FOR_MANUAL_SCHEDULE","APPROVE_FOR_MANUAL_SCHEDULE | NEEDS_REWRITE | REJECT | LEGAL_REVIEW","OWNER","2026-06-16","Owner approved for manual schedule export only. Not approved for auto-publishing.","NO","APPROVED_FOR_MANUAL_SCHEDULE_ONLY","2026-09-26","12:00","LINE_OA","擦完可以馬上熱敷嗎","NEEDS_HUMAN_REVIEW_SAFE_TERM_CHECK","","擦完可以馬上熱敷嗎","擦完可以馬上熱敷嗎

很多人不是不想保養，是不知道什麼情況該先問清楚。

這款定位是外用油膏，重點是局部按摩、依標示使用。衛署成製015614，乙類成藥，資料可至衛福部中藥許可證系統查詢。

外用產品請依標示使用；身體不適、症狀持續或惡化時，請諮詢醫師或藥師。
下單前可先私訊索取藥證查詢方式與外盒標示照片。","","圖卡：擦完可以馬上熱敷嗎 / 藥證可查 / 依標示使用","建議搭配：外盒標示實拍、藥證查詢截圖、產品質地短影片、客服回覆截圖（遮個資）。","衛福部中藥許可證：衛署成製015614；類別：乙類成藥；劑型：油膏劑。","退換貨、付款、客服、出貨、價格、通路與任何見證內容，發布前須由人工確認。","NO_LINE_API_CALL_NO_AUTO_PUBLISH_REVIEW_QUEUE_ONLY","LINE203","LINE_OA_LINE203_V2","2026-09-13"
"LINE_DRYRUN_204","P2_SAFE_TERM_CHECK","APPROVE_FOR_MANUAL_SCHEDULE","APPROVE_FOR_MANUAL_SCHEDULE | NEEDS_REWRITE | REJECT | LEGAL_REVIEW","OWNER","2026-06-16","Owner approved for manual schedule export only. Not approved for auto-publishing.","NO","APPROVED_FOR_MANUAL_SCHEDULE_ONLY","2026-09-26","20:00","LINE_OA","別把長期疼痛只當小問題","NEEDS_HUMAN_REVIEW_SAFE_TERM_CHECK","","別把長期疼痛只當小問題","別把長期疼痛只當小問題

幫長輩準備外用產品時，最重要的是安全、清楚、不要亂用。

這款定位是外用油膏，重點是局部按摩、依標示使用。衛署成製015614，乙類成藥，資料可至衛福部中藥許可證系統查詢。

外用產品請依標示使用；身體不適、症狀持續或惡化時，請諮詢醫師或藥師。
下單前可先私訊索取藥證查詢方式與外盒標示照片。","","圖卡：別把長期疼痛只當小問題 / 藥證可查 / 依標示使用","建議搭配：外盒標示實拍、藥證查詢截圖、產品質地短影片、客服回覆截圖（遮個資）。","衛福部中藥許可證：衛署成製015614；類別：乙類成藥；劑型：油膏劑。","退換貨、付款、客服、出貨、價格、通路與任何見證內容，發布前須由人工確認。","NO_LINE_API_CALL_NO_AUTO_PUBLISH_REVIEW_QUEUE_ONLY","LINE204","LINE_OA_LINE204_V2","2026-09-13"
"LINE_DRYRUN_205","P2_SAFE_TERM_CHECK","APPROVE_FOR_MANUAL_SCHEDULE","APPROVE_FOR_MANUAL_SCHEDULE | NEEDS_REWRITE | REJECT | LEGAL_REVIEW","OWNER","2026-06-16","Owner approved for manual schedule export only. Not approved for auto-publishing.","NO","APPROVED_FOR_MANUAL_SCHEDULE_ONLY","2026-09-27","12:00","LINE_OA","滑手機後頸部保養","NEEDS_HUMAN_REVIEW_SAFE_TERM_CHECK","","滑手機後頸部保養","滑手機後頸部保養

久坐、低頭、開會一整天後，肩頸常會提醒你該放鬆一下。

這款定位是外用油膏，重點是局部按摩、依標示使用。衛署成製015614，乙類成藥，資料可至衛福部中藥許可證系統查詢。

外用產品請依標示使用；身體不適、症狀持續或惡化時，請諮詢醫師或藥師。
下單前可先私訊索取藥證查詢方式與外盒標示照片。","","圖卡：滑手機後頸部保養 / 藥證可查 / 依標示使用","建議搭配：外盒標示實拍、藥證查詢截圖、產品質地短影片、客服回覆截圖（遮個資）。","衛福部中藥許可證：衛署成製015614；類別：乙類成藥；劑型：油膏劑。","退換貨、付款、客服、出貨、價格、通路與任何見證內容，發布前須由人工確認。","NO_LINE_API_CALL_NO_AUTO_PUBLISH_REVIEW_QUEUE_ONLY","LINE205","LINE_OA_LINE205_V2","2026-09-14"
"LINE_DRYRUN_206","P2_SAFE_TERM_CHECK","APPROVE_FOR_MANUAL_SCHEDULE","APPROVE_FOR_MANUAL_SCHEDULE | NEEDS_REWRITE | REJECT | LEGAL_REVIEW","OWNER","2026-06-16","Owner approved for manual schedule export only. Not approved for auto-publishing.","NO","APPROVED_FOR_MANUAL_SCHEDULE_ONLY","2026-09-27","20:00","LINE_OA","產品不是神藥，定位要講清楚","NEEDS_HUMAN_REVIEW_SAFE_TERM_CHECK","","產品不是神藥，定位要講清楚","產品不是神藥，定位要講清楚

下單前，先看得懂標示與成分，比聽誇張話術更安心。

這款定位是外用油膏，重點是局部按摩、依標示使用。衛署成製015614，乙類成藥，資料可至衛福部中藥許可證系統查詢。

外用產品請依標示使用；身體不適、症狀持續或惡化時，請諮詢醫師或藥師。
下單前可先私訊索取藥證查詢方式與外盒標示照片。","","圖卡：產品不是神藥，定位要講清楚 / 藥證可查 / 依標示使用","建議搭配：外盒標示實拍、藥證查詢截圖、產品質地短影片、客服回覆截圖（遮個資）。","衛福部中藥許可證：衛署成製015614；類別：乙類成藥；劑型：油膏劑。","退換貨、付款、客服、出貨、價格、通路與任何見證內容，發布前須由人工確認。","NO_LINE_API_CALL_NO_AUTO_PUBLISH_REVIEW_QUEUE_ONLY","LINE206","LINE_OA_LINE206_V2","2026-09-14"
"LINE_DRYRUN_207","P2_SAFE_TERM_CHECK","APPROVE_FOR_MANUAL_SCHEDULE","APPROVE_FOR_MANUAL_SCHEDULE | NEEDS_REWRITE | REJECT | LEGAL_REVIEW","OWNER","2026-06-16","Owner approved for manual schedule export only. Not approved for auto-publishing.","NO","APPROVED_FOR_MANUAL_SCHEDULE_ONLY","2026-09-28","12:00","LINE_OA","立冬前後的日常舒緩儀式","NEEDS_HUMAN_REVIEW_SAFE_TERM_CHECK","","立冬前後的日常舒緩儀式","立冬前後的日常舒緩儀式

換季時，身體保養不需要複雜，穩定的小習慣比較長久。

這款定位是外用油膏，重點是局部按摩、依標示使用。衛署成製015614，乙類成藥，資料可至衛福部中藥許可證系統查詢。

外用產品請依標示使用；身體不適、症狀持續或惡化時，請諮詢醫師或藥師。
下單前可先私訊索取藥證查詢方式與外盒標示照片。","","圖卡：立冬前後的日常舒緩儀式 / 藥證可查 / 依標示使用","建議搭配：外盒標示實拍、藥證查詢截圖、產品質地短影片、客服回覆截圖（遮個資）。","衛福部中藥許可證：衛署成製015614；類別：乙類成藥；劑型：油膏劑。","退換貨、付款、客服、出貨、價格、通路與任何見證內容，發布前須由人工確認。","NO_LINE_API_CALL_NO_AUTO_PUBLISH_REVIEW_QUEUE_ONLY","LINE207","LINE_OA_LINE207_V2","2026-09-15"
"LINE_DRYRUN_208","P2_SAFE_TERM_CHECK","APPROVE_FOR_MANUAL_SCHEDULE","APPROVE_FOR_MANUAL_SCHEDULE | NEEDS_REWRITE | REJECT | LEGAL_REVIEW","OWNER","2026-06-16","Owner approved for manual schedule export only. Not approved for auto-publishing.","NO","APPROVED_FOR_MANUAL_SCHEDULE_ONLY","2026-09-28","20:00","LINE_OA","深層症狀不適合自行處理","NEEDS_HUMAN_REVIEW_SAFE_TERM_CHECK","","深層症狀不適合自行處理","深層症狀不適合自行處理

外用產品不是擦越多越好，用對位置、避開風險才安心。

這款定位是外用油膏，重點是局部按摩、依標示使用。衛署成製015614，乙類成藥，資料可至衛福部中藥許可證系統查詢。

外用產品請依標示使用；身體不適、症狀持續或惡化時，請諮詢醫師或藥師。
下單前可先私訊索取藥證查詢方式與外盒標示照片。","","圖卡：深層症狀不適合自行處理 / 藥證可查 / 依標示使用","建議搭配：外盒標示實拍、藥證查詢截圖、產品質地短影片、客服回覆截圖（遮個資）。","衛福部中藥許可證：衛署成製015614；類別：乙類成藥；劑型：油膏劑。","退換貨、付款、客服、出貨、價格、通路與任何見證內容，發布前須由人工確認。","NO_LINE_API_CALL_NO_AUTO_PUBLISH_REVIEW_QUEUE_ONLY","LINE208","LINE_OA_LINE208_V2","2026-09-15"
"LINE_DRYRUN_209","P2_SAFE_TERM_CHECK","APPROVE_FOR_MANUAL_SCHEDULE","APPROVE_FOR_MANUAL_SCHEDULE | NEEDS_REWRITE | REJECT | LEGAL_REVIEW","OWNER","2026-06-16","Owner approved for manual schedule export only. Not approved for auto-publishing.","NO","APPROVED_FOR_MANUAL_SCHEDULE_ONLY","2026-09-29","12:00","LINE_OA","每篇貼文都要人工審核","NEEDS_HUMAN_REVIEW_SAFE_TERM_CHECK","","每篇貼文都要人工審核","每篇貼文都要人工審核

我們寧願把資料講清楚，也不想用誇大的話讓你衝動購買。

這款定位是外用油膏，重點是局部按摩、依標示使用。衛署成製015614，乙類成藥，資料可至衛福部中藥許可證系統查詢。

外用產品請依標示使用；身體不適、症狀持續或惡化時，請諮詢醫師或藥師。
下單前可先私訊索取藥證查詢方式與外盒標示照片。","","圖卡：每篇貼文都要人工審核 / 藥證可查 / 依標示使用","建議搭配：外盒標示實拍、藥證查詢截圖、產品質地短影片、客服回覆截圖（遮個資）。","衛福部中藥許可證：衛署成製015614；類別：乙類成藥；劑型：油膏劑。","退換貨、付款、客服、出貨、價格、通路與任何見證內容，發布前須由人工確認。","NO_LINE_API_CALL_NO_AUTO_PUBLISH_REVIEW_QUEUE_ONLY","LINE209","LINE_OA_LINE209_V2","2026-09-16"
"LINE_DRYRUN_210","P2_SAFE_TERM_CHECK","APPROVE_FOR_MANUAL_SCHEDULE","APPROVE_FOR_MANUAL_SCHEDULE | NEEDS_REWRITE | REJECT | LEGAL_REVIEW","OWNER","2026-06-16","Owner approved for manual schedule export only. Not approved for auto-publishing.","NO","APPROVED_FOR_MANUAL_SCHEDULE_ONLY","2026-09-29","20:00","LINE_OA","哪些情況應該先就醫","NEEDS_HUMAN_REVIEW_SAFE_TERM_CHECK","","哪些情況應該先就醫","哪些情況應該先就醫

很多人不是不想保養，是不知道什麼情況該先問清楚。

這款定位是外用油膏，重點是局部按摩、依標示使用。衛署成製015614，乙類成藥，資料可至衛福部中藥許可證系統查詢。

外用產品請依標示使用；身體不適、症狀持續或惡化時，請諮詢醫師或藥師。
下單前可先私訊索取藥證查詢方式與外盒標示照片。","","圖卡：哪些情況應該先就醫 / 藥證可查 / 依標示使用","建議搭配：外盒標示實拍、藥證查詢截圖、產品質地短影片、客服回覆截圖（遮個資）。","衛福部中藥許可證：衛署成製015614；類別：乙類成藥；劑型：油膏劑。","退換貨、付款、客服、出貨、價格、通路與任何見證內容，發布前須由人工確認。","NO_LINE_API_CALL_NO_AUTO_PUBLISH_REVIEW_QUEUE_ONLY","LINE210","LINE_OA_LINE210_V2","2026-09-16"
"LINE_DRYRUN_211","P2_SAFE_TERM_CHECK","APPROVE_FOR_MANUAL_SCHEDULE","APPROVE_FOR_MANUAL_SCHEDULE | NEEDS_REWRITE | REJECT | LEGAL_REVIEW","OWNER","2026-06-16","Owner approved for manual schedule export only. Not approved for auto-publishing.","NO","APPROVED_FOR_MANUAL_SCHEDULE_ONLY","2026-09-30","12:00","LINE_OA","運動後局部痠痛的保守處理","NEEDS_HUMAN_REVIEW_SAFE_TERM_CHECK","","運動後局部痠痛的保守處理","運動後局部痠痛的保守處理

運動、搬重物、久站後，身體局部不適時，先休息、觀察，再做保守保養。

這款定位是外用油膏，重點是局部按摩、依標示使用。衛署成製015614，乙類成藥，資料可至衛福部中藥許可證系統查詢。

外用產品請依標示使用；身體不適、症狀持續或惡化時，請諮詢醫師或藥師。
下單前可先私訊索取藥證查詢方式與外盒標示照片。","","圖卡：運動後局部痠痛的保守處理 / 藥證可查 / 依標示使用","建議搭配：外盒標示實拍、藥證查詢截圖、產品質地短影片、客服回覆截圖（遮個資）。","衛福部中藥許可證：衛署成製015614；類別：乙類成藥；劑型：油膏劑。","退換貨、付款、客服、出貨、價格、通路與任何見證內容，發布前須由人工確認。","NO_LINE_API_CALL_NO_AUTO_PUBLISH_REVIEW_QUEUE_ONLY","LINE211","LINE_OA_LINE211_V2","2026-09-17"
"LINE_DRYRUN_212","P2_SAFE_TERM_CHECK","APPROVE_FOR_MANUAL_SCHEDULE","APPROVE_FOR_MANUAL_SCHEDULE | NEEDS_REWRITE | REJECT | LEGAL_REVIEW","OWNER","2026-06-16","Owner approved for manual schedule export only. Not approved for auto-publishing.","NO","APPROVED_FOR_MANUAL_SCHEDULE_ONLY","2026-09-30","20:00","LINE_OA","冬青油與清涼舒緩體感","NEEDS_HUMAN_REVIEW_SAFE_TERM_CHECK","","冬青油與清涼舒緩體感","冬青油與清涼舒緩體感

下單前，先看得懂標示與成分，比聽誇張話術更安心。

這款定位是外用油膏，重點是局部按摩、依標示使用。衛署成製015614，乙類成藥，資料可至衛福部中藥許可證系統查詢。

外用產品請依標示使用；身體不適、症狀持續或惡化時，請諮詢醫師或藥師。
下單前可先私訊索取藥證查詢方式與外盒標示照片。","","圖卡：冬青油與清涼舒緩體感 / 藥證可查 / 依標示使用","建議搭配：外盒標示實拍、藥證查詢截圖、產品質地短影片、客服回覆截圖（遮個資）。","衛福部中藥許可證：衛署成製015614；類別：乙類成藥；劑型：油膏劑。","退換貨、付款、客服、出貨、價格、通路與任何見證內容，發布前須由人工確認。","NO_LINE_API_CALL_NO_AUTO_PUBLISH_REVIEW_QUEUE_ONLY","LINE212","LINE_OA_LINE212_V2","2026-09-17"
"LINE_DRYRUN_213","P2_SAFE_TERM_CHECK","APPROVE_FOR_MANUAL_SCHEDULE","APPROVE_FOR_MANUAL_SCHEDULE | NEEDS_REWRITE | REJECT | LEGAL_REVIEW","OWNER","2026-06-16","Owner approved for manual schedule export only. Not approved for auto-publishing.","NO","APPROVED_FOR_MANUAL_SCHEDULE_ONLY","2026-10-01","12:00","LINE_OA","早晨活動前的關節暖身","NEEDS_HUMAN_REVIEW_SAFE_TERM_CHECK","","早晨活動前的關節暖身","早晨活動前的關節暖身

幫長輩準備外用產品時，最重要的是安全、清楚、不要亂用。

這款定位是外用油膏，重點是局部按摩、依標示使用。衛署成製015614，乙類成藥，資料可至衛福部中藥許可證系統查詢。

外用產品請依標示使用；身體不適、症狀持續或惡化時，請諮詢醫師或藥師。
下單前可先私訊索取藥證查詢方式與外盒標示照片。","","圖卡：早晨活動前的關節暖身 / 藥證可查 / 依標示使用","建議搭配：外盒標示實拍、藥證查詢截圖、產品質地短影片、客服回覆截圖（遮個資）。","衛福部中藥許可證：衛署成製015614；類別：乙類成藥；劑型：油膏劑。","退換貨、付款、客服、出貨、價格、通路與任何見證內容，發布前須由人工確認。","NO_LINE_API_CALL_NO_AUTO_PUBLISH_REVIEW_QUEUE_ONLY","LINE213","LINE_OA_LINE213_V2","2026-09-18"
"LINE_DRYRUN_214","P2_SAFE_TERM_CHECK","APPROVE_FOR_MANUAL_SCHEDULE","APPROVE_FOR_MANUAL_SCHEDULE | NEEDS_REWRITE | REJECT | LEGAL_REVIEW","OWNER","2026-06-16","Owner approved for manual schedule export only. Not approved for auto-publishing.","NO","APPROVED_FOR_MANUAL_SCHEDULE_ONLY","2026-10-01","20:00","LINE_OA","不能擦在破皮或傷口","NEEDS_HUMAN_REVIEW_SAFE_TERM_CHECK","","不能擦在破皮或傷口","不能擦在破皮或傷口

外用產品不是擦越多越好，用對位置、避開風險才安心。

這款定位是外用油膏，重點是局部按摩、依標示使用。衛署成製015614，乙類成藥，資料可至衛福部中藥許可證系統查詢。

外用產品請依標示使用；身體不適、症狀持續或惡化時，請諮詢醫師或藥師。
下單前可先私訊索取藥證查詢方式與外盒標示照片。","","圖卡：不能擦在破皮或傷口 / 藥證可查 / 依標示使用","建議搭配：外盒標示實拍、藥證查詢截圖、產品質地短影片、客服回覆截圖（遮個資）。","衛福部中藥許可證：衛署成製015614；類別：乙類成藥；劑型：油膏劑。","退換貨、付款、客服、出貨、價格、通路與任何見證內容，發布前須由人工確認。","NO_LINE_API_CALL_NO_AUTO_PUBLISH_REVIEW_QUEUE_ONLY","LINE214","LINE_OA_LINE214_V2","2026-09-18"
"LINE_DRYRUN_215","P2_SAFE_TERM_CHECK","APPROVE_FOR_MANUAL_SCHEDULE","APPROVE_FOR_MANUAL_SCHEDULE | NEEDS_REWRITE | REJECT | LEGAL_REVIEW","OWNER","2026-06-16","Owner approved for manual schedule export only. Not approved for auto-publishing.","NO","APPROVED_FOR_MANUAL_SCHEDULE_ONLY","2026-10-02","12:00","LINE_OA","芒種後濕熱生活保養","NEEDS_HUMAN_REVIEW_SAFE_TERM_CHECK","","芒種後濕熱生活保養","芒種後濕熱生活保養

換季時，身體保養不需要複雜，穩定的小習慣比較長久。

這款定位是外用油膏，重點是局部按摩、依標示使用。衛署成製015614，乙類成藥，資料可至衛福部中藥許可證系統查詢。

外用產品請依標示使用；身體不適、症狀持續或惡化時，請諮詢醫師或藥師。
下單前可先私訊索取藥證查詢方式與外盒標示照片。","","圖卡：芒種後濕熱生活保養 / 藥證可查 / 依標示使用","建議搭配：外盒標示實拍、藥證查詢截圖、產品質地短影片、客服回覆截圖（遮個資）。","衛福部中藥許可證：衛署成製015614；類別：乙類成藥；劑型：油膏劑。","退換貨、付款、客服、出貨、價格、通路與任何見證內容，發布前須由人工確認。","NO_LINE_API_CALL_NO_AUTO_PUBLISH_REVIEW_QUEUE_ONLY","LINE215","LINE_OA_LINE215_V2","2026-09-19"
"LINE_DRYRUN_216","P2_SAFE_TERM_CHECK","APPROVE_FOR_MANUAL_SCHEDULE","APPROVE_FOR_MANUAL_SCHEDULE | NEEDS_REWRITE | REJECT | LEGAL_REVIEW","OWNER","2026-06-16","Owner approved for manual schedule export only. Not approved for auto-publishing.","NO","APPROVED_FOR_MANUAL_SCHEDULE_ONLY","2026-10-02","20:00","LINE_OA","久站後小腿不適舒緩","NEEDS_HUMAN_REVIEW_SAFE_TERM_CHECK","","久站後小腿不適舒緩","久站後小腿不適舒緩

運動、搬重物、久站後，身體局部不適時，先休息、觀察，再做保守保養。

這款定位是外用油膏，重點是局部按摩、依標示使用。衛署成製015614，乙類成藥，資料可至衛福部中藥許可證系統查詢。

外用產品請依標示使用；身體不適、症狀持續或惡化時，請諮詢醫師或藥師。
下單前可先私訊索取藥證查詢方式與外盒標示照片。","","圖卡：久站後小腿不適舒緩 / 藥證可查 / 依標示使用","建議搭配：外盒標示實拍、藥證查詢截圖、產品質地短影片、客服回覆截圖（遮個資）。","衛福部中藥許可證：衛署成製015614；類別：乙類成藥；劑型：油膏劑。","退換貨、付款、客服、出貨、價格、通路與任何見證內容，發布前須由人工確認。","NO_LINE_API_CALL_NO_AUTO_PUBLISH_REVIEW_QUEUE_ONLY","LINE216","LINE_OA_LINE216_V2","2026-09-19"
"LINE_DRYRUN_217","P2_SAFE_TERM_CHECK","APPROVE_FOR_MANUAL_SCHEDULE","APPROVE_FOR_MANUAL_SCHEDULE | NEEDS_REWRITE | REJECT | LEGAL_REVIEW","OWNER","2026-06-16","Owner approved for manual schedule export only. Not approved for auto-publishing.","NO","APPROVED_FOR_MANUAL_SCHEDULE_ONLY","2026-10-03","12:00","LINE_OA","你最常哪個部位緊繃","NEEDS_HUMAN_REVIEW_SAFE_TERM_CHECK","","你最常哪個部位緊繃","你最常哪個部位緊繃

很多人不是不想保養，是不知道什麼情況該先問清楚。

這款定位是外用油膏，重點是局部按摩、依標示使用。衛署成製015614，乙類成藥，資料可至衛福部中藥許可證系統查詢。

外用產品請依標示使用；身體不適、症狀持續或惡化時，請諮詢醫師或藥師。
下單前可先私訊索取藥證查詢方式與外盒標示照片。","","圖卡：你最常哪個部位緊繃 / 藥證可查 / 依標示使用","建議搭配：外盒標示實拍、藥證查詢截圖、產品質地短影片、客服回覆截圖（遮個資）。","衛福部中藥許可證：衛署成製015614；類別：乙類成藥；劑型：油膏劑。","退換貨、付款、客服、出貨、價格、通路與任何見證內容，發布前須由人工確認。","NO_LINE_API_CALL_NO_AUTO_PUBLISH_REVIEW_QUEUE_ONLY","LINE217","LINE_OA_LINE217_V2","2026-09-20"
"LINE_DRYRUN_218","P2_SAFE_TERM_CHECK","APPROVE_FOR_MANUAL_SCHEDULE","APPROVE_FOR_MANUAL_SCHEDULE | NEEDS_REWRITE | REJECT | LEGAL_REVIEW","OWNER","2026-06-16","Owner approved for manual schedule export only. Not approved for auto-publishing.","NO","APPROVED_FOR_MANUAL_SCHEDULE_ONLY","2026-10-03","20:00","LINE_OA","長輩外用膏使用安全","NEEDS_HUMAN_REVIEW_SAFE_TERM_CHECK","","長輩外用膏使用安全","長輩外用膏使用安全

幫長輩準備外用產品時，最重要的是安全、清楚、不要亂用。

這款定位是外用油膏，重點是局部按摩、依標示使用。衛署成製015614，乙類成藥，資料可至衛福部中藥許可證系統查詢。

外用產品請依標示使用；身體不適、症狀持續或惡化時，請諮詢醫師或藥師。
下單前可先私訊索取藥證查詢方式與外盒標示照片。","","圖卡：長輩外用膏使用安全 / 藥證可查 / 依標示使用","建議搭配：外盒標示實拍、藥證查詢截圖、產品質地短影片、客服回覆截圖（遮個資）。","衛福部中藥許可證：衛署成製015614；類別：乙類成藥；劑型：油膏劑。","退換貨、付款、客服、出貨、價格、通路與任何見證內容，發布前須由人工確認。","NO_LINE_API_CALL_NO_AUTO_PUBLISH_REVIEW_QUEUE_ONLY","LINE218","LINE_OA_LINE218_V2","2026-09-20"
"LINE_DRYRUN_219","P2_SAFE_TERM_CHECK","APPROVE_FOR_MANUAL_SCHEDULE","APPROVE_FOR_MANUAL_SCHEDULE | NEEDS_REWRITE | REJECT | LEGAL_REVIEW","OWNER","2026-06-16","Owner approved for manual schedule export only. Not approved for auto-publishing.","NO","APPROVED_FOR_MANUAL_SCHEDULE_ONLY","2026-10-04","12:00","LINE_OA","辦公桌前的姿勢檢查","NEEDS_HUMAN_REVIEW_SAFE_TERM_CHECK","","辦公桌前的姿勢檢查","辦公桌前的姿勢檢查

久坐、低頭、開會一整天後，肩頸常會提醒你該放鬆一下。

這款定位是外用油膏，重點是局部按摩、依標示使用。衛署成製015614，乙類成藥，資料可至衛福部中藥許可證系統查詢。

外用產品請依標示使用；身體不適、症狀持續或惡化時，請諮詢醫師或藥師。
下單前可先私訊索取藥證查詢方式與外盒標示照片。","","圖卡：辦公桌前的姿勢檢查 / 藥證可查 / 依標示使用","建議搭配：外盒標示實拍、藥證查詢截圖、產品質地短影片、客服回覆截圖（遮個資）。","衛福部中藥許可證：衛署成製015614；類別：乙類成藥；劑型：油膏劑。","退換貨、付款、客服、出貨、價格、通路與任何見證內容，發布前須由人工確認。","NO_LINE_API_CALL_NO_AUTO_PUBLISH_REVIEW_QUEUE_ONLY","LINE219","LINE_OA_LINE219_V2","2026-09-21"
"LINE_DRYRUN_220","P2_SAFE_TERM_CHECK","APPROVE_FOR_MANUAL_SCHEDULE","APPROVE_FOR_MANUAL_SCHEDULE | NEEDS_REWRITE | REJECT | LEGAL_REVIEW","OWNER","2026-06-16","Owner approved for manual schedule export only. Not approved for auto-publishing.","NO","APPROVED_FOR_MANUAL_SCHEDULE_ONLY","2026-10-04","20:00","LINE_OA","薄荷腦帶來的涼感來源","NEEDS_HUMAN_REVIEW_SAFE_TERM_CHECK","","薄荷腦帶來的涼感來源","薄荷腦帶來的涼感來源

下單前，先看得懂標示與成分，比聽誇張話術更安心。

這款定位是外用油膏，重點是局部按摩、依標示使用。衛署成製015614，乙類成藥，資料可至衛福部中藥許可證系統查詢。

外用產品請依標示使用；身體不適、症狀持續或惡化時，請諮詢醫師或藥師。
下單前可先私訊索取藥證查詢方式與外盒標示照片。","","圖卡：薄荷腦帶來的涼感來源 / 藥證可查 / 依標示使用","建議搭配：外盒標示實拍、藥證查詢截圖、產品質地短影片、客服回覆截圖（遮個資）。","衛福部中藥許可證：衛署成製015614；類別：乙類成藥；劑型：油膏劑。","退換貨、付款、客服、出貨、價格、通路與任何見證內容，發布前須由人工確認。","NO_LINE_API_CALL_NO_AUTO_PUBLISH_REVIEW_QUEUE_ONLY","LINE220","LINE_OA_LINE220_V2","2026-09-21"
"LINE_DRYRUN_221","P2_SAFE_TERM_CHECK","APPROVE_FOR_MANUAL_SCHEDULE","APPROVE_FOR_MANUAL_SCHEDULE | NEEDS_REWRITE | REJECT | LEGAL_REVIEW","OWNER","2026-06-16","Owner approved for manual schedule export only. Not approved for auto-publishing.","NO","APPROVED_FOR_MANUAL_SCHEDULE_ONLY","2026-10-05","12:00","LINE_OA","夏季冷氣房的肩頸保養","NEEDS_HUMAN_REVIEW_SAFE_TERM_CHECK","","夏季冷氣房的肩頸保養","夏季冷氣房的肩頸保養

換季時，身體保養不需要複雜，穩定的小習慣比較長久。

這款定位是外用油膏，重點是局部按摩、依標示使用。衛署成製015614，乙類成藥，資料可至衛福部中藥許可證系統查詢。

外用產品請依標示使用；身體不適、症狀持續或惡化時，請諮詢醫師或藥師。
下單前可先私訊索取藥證查詢方式與外盒標示照片。","","圖卡：夏季冷氣房的肩頸保養 / 藥證可查 / 依標示使用","建議搭配：外盒標示實拍、藥證查詢截圖、產品質地短影片、客服回覆截圖（遮個資）。","衛福部中藥許可證：衛署成製015614；類別：乙類成藥；劑型：油膏劑。","退換貨、付款、客服、出貨、價格、通路與任何見證內容，發布前須由人工確認。","NO_LINE_API_CALL_NO_AUTO_PUBLISH_REVIEW_QUEUE_ONLY","LINE221","LINE_OA_LINE221_V2","2026-09-22"
"LINE_DRYRUN_222","P2_SAFE_TERM_CHECK","APPROVE_FOR_MANUAL_SCHEDULE","APPROVE_FOR_MANUAL_SCHEDULE | NEEDS_REWRITE | REJECT | LEGAL_REVIEW","OWNER","2026-06-16","Owner approved for manual schedule export only. Not approved for auto-publishing.","NO","APPROVED_FOR_MANUAL_SCHEDULE_ONLY","2026-10-05","20:00","LINE_OA","外用膏避免眼周與黏膜","NEEDS_HUMAN_REVIEW_SAFE_TERM_CHECK","","外用膏避免眼周與黏膜","外用膏避免眼周與黏膜

外用產品不是擦越多越好，用對位置、避開風險才安心。

這款定位是外用油膏，重點是局部按摩、依標示使用。衛署成製015614，乙類成藥，資料可至衛福部中藥許可證系統查詢。

外用產品請依標示使用；身體不適、症狀持續或惡化時，請諮詢醫師或藥師。
下單前可先私訊索取藥證查詢方式與外盒標示照片。","","圖卡：外用膏避免眼周與黏膜 / 藥證可查 / 依標示使用","建議搭配：外盒標示實拍、藥證查詢截圖、產品質地短影片、客服回覆截圖（遮個資）。","衛福部中藥許可證：衛署成製015614；類別：乙類成藥；劑型：油膏劑。","退換貨、付款、客服、出貨、價格、通路與任何見證內容，發布前須由人工確認。","NO_LINE_API_CALL_NO_AUTO_PUBLISH_REVIEW_QUEUE_ONLY","LINE222","LINE_OA_LINE222_V2","2026-09-22"
"LINE_DRYRUN_223","P2_SAFE_TERM_CHECK","APPROVE_FOR_MANUAL_SCHEDULE","APPROVE_FOR_MANUAL_SCHEDULE | NEEDS_REWRITE | REJECT | LEGAL_REVIEW","OWNER","2026-06-16","Owner approved for manual schedule export only. Not approved for auto-publishing.","NO","APPROVED_FOR_MANUAL_SCHEDULE_ONLY","2026-10-06","12:00","LINE_OA","合法宣傳比誇大更長久","NEEDS_HUMAN_REVIEW_SAFE_TERM_CHECK","","合法宣傳比誇大更長久","合法宣傳比誇大更長久

我們寧願把資料講清楚，也不想用誇大的話讓你衝動購買。

這款定位是外用油膏，重點是局部按摩、依標示使用。衛署成製015614，乙類成藥，資料可至衛福部中藥許可證系統查詢。

外用產品請依標示使用；身體不適、症狀持續或惡化時，請諮詢醫師或藥師。
下單前可先私訊索取藥證查詢方式與外盒標示照片。","","圖卡：合法宣傳比誇大更長久 / 藥證可查 / 依標示使用","建議搭配：外盒標示實拍、藥證查詢截圖、產品質地短影片、客服回覆截圖（遮個資）。","衛福部中藥許可證：衛署成製015614；類別：乙類成藥；劑型：油膏劑。","退換貨、付款、客服、出貨、價格、通路與任何見證內容，發布前須由人工確認。","NO_LINE_API_CALL_NO_AUTO_PUBLISH_REVIEW_QUEUE_ONLY","LINE223","LINE_OA_LINE223_V2","2026-09-23"
"LINE_DRYRUN_224","P2_SAFE_TERM_CHECK","APPROVE_FOR_MANUAL_SCHEDULE","APPROVE_FOR_MANUAL_SCHEDULE | NEEDS_REWRITE | REJECT | LEGAL_REVIEW","OWNER","2026-06-16","Owner approved for manual schedule export only. Not approved for auto-publishing.","NO","APPROVED_FOR_MANUAL_SCHEDULE_ONLY","2026-10-06","20:00","LINE_OA","你習慣運動前還是運動後保養","NEEDS_HUMAN_REVIEW_SAFE_TERM_CHECK","","你習慣運動前還是運動後保養","你習慣運動前還是運動後保養

很多人不是不想保養，是不知道什麼情況該先問清楚。

這款定位是外用油膏，重點是局部按摩、依標示使用。衛署成製015614，乙類成藥，資料可至衛福部中藥許可證系統查詢。

外用產品請依標示使用；身體不適、症狀持續或惡化時，請諮詢醫師或藥師。
下單前可先私訊索取藥證查詢方式與外盒標示照片。","","圖卡：你習慣運動前還是運動後保養 / 藥證可查 / 依標示使用","建議搭配：外盒標示實拍、藥證查詢截圖、產品質地短影片、客服回覆截圖（遮個資）。","衛福部中藥許可證：衛署成製015614；類別：乙類成藥；劑型：油膏劑。","退換貨、付款、客服、出貨、價格、通路與任何見證內容，發布前須由人工確認。","NO_LINE_API_CALL_NO_AUTO_PUBLISH_REVIEW_QUEUE_ONLY","LINE224","LINE_OA_LINE224_V2","2026-09-23"
"LINE_DRYRUN_225","P2_SAFE_TERM_CHECK","APPROVE_FOR_MANUAL_SCHEDULE","APPROVE_FOR_MANUAL_SCHEDULE | NEEDS_REWRITE | REJECT | LEGAL_REVIEW","OWNER","2026-06-16","Owner approved for manual schedule export only. Not approved for auto-publishing.","NO","APPROVED_FOR_MANUAL_SCHEDULE_ONLY","2026-10-07","12:00","LINE_OA","搬重物後腰背保養","NEEDS_HUMAN_REVIEW_SAFE_TERM_CHECK","","搬重物後腰背保養","搬重物後腰背保養

運動、搬重物、久站後，身體局部不適時，先休息、觀察，再做保守保養。

這款定位是外用油膏，重點是局部按摩、依標示使用。衛署成製015614，乙類成藥，資料可至衛福部中藥許可證系統查詢。

外用產品請依標示使用；身體不適、症狀持續或惡化時，請諮詢醫師或藥師。
下單前可先私訊索取藥證查詢方式與外盒標示照片。","","圖卡：搬重物後腰背保養 / 藥證可查 / 依標示使用","建議搭配：外盒標示實拍、藥證查詢截圖、產品質地短影片、客服回覆截圖（遮個資）。","衛福部中藥許可證：衛署成製015614；類別：乙類成藥；劑型：油膏劑。","退換貨、付款、客服、出貨、價格、通路與任何見證內容，發布前須由人工確認。","NO_LINE_API_CALL_NO_AUTO_PUBLISH_REVIEW_QUEUE_ONLY","LINE225","LINE_OA_LINE225_V2","2026-09-24"
"LINE_DRYRUN_226","P2_SAFE_TERM_CHECK","APPROVE_FOR_MANUAL_SCHEDULE","APPROVE_FOR_MANUAL_SCHEDULE | NEEDS_REWRITE | REJECT | LEGAL_REVIEW","OWNER","2026-06-16","Owner approved for manual schedule export only. Not approved for auto-publishing.","NO","APPROVED_FOR_MANUAL_SCHEDULE_ONLY","2026-10-07","20:00","LINE_OA","樟腦外用時的注意界線","NEEDS_HUMAN_REVIEW_SAFE_TERM_CHECK","","樟腦外用時的注意界線","樟腦外用時的注意界線

下單前，先看得懂標示與成分，比聽誇張話術更安心。

這款定位是外用油膏，重點是局部按摩、依標示使用。衛署成製015614，乙類成藥，資料可至衛福部中藥許可證系統查詢。

外用產品請依標示使用；身體不適、症狀持續或惡化時，請諮詢醫師或藥師。
下單前可先私訊索取藥證查詢方式與外盒標示照片。","","圖卡：樟腦外用時的注意界線 / 藥證可查 / 依標示使用","建議搭配：外盒標示實拍、藥證查詢截圖、產品質地短影片、客服回覆截圖（遮個資）。","衛福部中藥許可證：衛署成製015614；類別：乙類成藥；劑型：油膏劑。","退換貨、付款、客服、出貨、價格、通路與任何見證內容，發布前須由人工確認。","NO_LINE_API_CALL_NO_AUTO_PUBLISH_REVIEW_QUEUE_ONLY","LINE226","LINE_OA_LINE226_V2","2026-09-24"
"LINE_DRYRUN_227","P1_REWRITTEN_RECHECK","APPROVE_FOR_MANUAL_SCHEDULE","APPROVE_FOR_MANUAL_SCHEDULE | NEEDS_REWRITE | REJECT | LEGAL_REVIEW","OWNER","2026-06-16","Owner approved for manual schedule export only. Not approved for auto-publishing.","NO","APPROVED_FOR_MANUAL_SCHEDULE_ONLY","2026-10-08","12:00","LINE_OA","輕微關節不適，日常保養要分清楚","PASS_REWRITTEN_PENDING_HUMAN_REVIEW","","輕微關節不適，日常保養要分清楚","輕微關節不適，日常保養要分清楚

幫長輩準備外用產品時，重點是安全、清楚、依標示使用，不把日常保養說成醫療效果。

這款定位是外用油膏，適合局部按摩放鬆與暫時舒緩日常不適。衛署成製015614，乙類成藥，資料可至衛福部中藥許可證系統查詢。

外用產品請依標示使用；身體不適、狀況持續或變嚴重時，請諮詢醫師或藥師。
下單前可先私訊索取藥證查詢方式與外盒標示照片。","保守教育型 LINE 貼文，強調依標示使用、局部按摩放鬆、身體狀況持續時諮詢醫師或藥師。","圖卡：輕微關節不適與日常保養要分清楚 / 藥證可查 / 依標示使用 / 局部按摩放鬆","建議搭配：外盒標示實拍、藥證查詢截圖、產品質地短影片、客服回覆截圖（遮個資）。","衛福部中藥許可證：衛署成製015614；類別：乙類成藥；劑型：油膏劑。","退換貨、付款、客服、出貨、價格、通路與任何見證內容，發布前須由人工確認。","NO_LINE_API_CALL_NO_AUTO_PUBLISH_REVIEW_QUEUE_ONLY","LINE227","LINE_OA_LINE227_V2","2026-09-25"
"LINE_DRYRUN_228","P2_SAFE_TERM_CHECK","APPROVE_FOR_MANUAL_SCHEDULE","APPROVE_FOR_MANUAL_SCHEDULE | NEEDS_REWRITE | REJECT | LEGAL_REVIEW","OWNER","2026-06-16","Owner approved for manual schedule export only. Not approved for auto-publishing.","NO","APPROVED_FOR_MANUAL_SCHEDULE_ONLY","2026-10-08","20:00","LINE_OA","不要搭配熱敷墊或電毯","NEEDS_HUMAN_REVIEW_SAFE_TERM_CHECK","","不要搭配熱敷墊或電毯","不要搭配熱敷墊或電毯

外用產品不是擦越多越好，用對位置、避開風險才安心。

這款定位是外用油膏，重點是局部按摩、依標示使用。衛署成製015614，乙類成藥，資料可至衛福部中藥許可證系統查詢。

外用產品請依標示使用；身體不適、症狀持續或惡化時，請諮詢醫師或藥師。
下單前可先私訊索取藥證查詢方式與外盒標示照片。","","圖卡：不要搭配熱敷墊或電毯 / 藥證可查 / 依標示使用","建議搭配：外盒標示實拍、藥證查詢截圖、產品質地短影片、客服回覆截圖（遮個資）。","衛福部中藥許可證：衛署成製015614；類別：乙類成藥；劑型：油膏劑。","退換貨、付款、客服、出貨、價格、通路與任何見證內容，發布前須由人工確認。","NO_LINE_API_CALL_NO_AUTO_PUBLISH_REVIEW_QUEUE_ONLY","LINE228","LINE_OA_LINE228_V2","2026-09-25"
"LINE_DRYRUN_229","P2_SAFE_TERM_CHECK","APPROVE_FOR_MANUAL_SCHEDULE","APPROVE_FOR_MANUAL_SCHEDULE | NEEDS_REWRITE | REJECT | LEGAL_REVIEW","OWNER","2026-06-16","Owner approved for manual schedule export only. Not approved for auto-publishing.","NO","APPROVED_FOR_MANUAL_SCHEDULE_ONLY","2026-10-09","12:00","LINE_OA","小暑前後活動舒適提醒","NEEDS_HUMAN_REVIEW_SAFE_TERM_CHECK","","小暑前後活動舒適提醒","小暑前後活動舒適提醒

換季時，身體保養不需要複雜，穩定的小習慣比較長久。

這款定位是外用油膏，重點是局部按摩、依標示使用。衛署成製015614，乙類成藥，資料可至衛福部中藥許可證系統查詢。

外用產品請依標示使用；身體不適、症狀持續或惡化時，請諮詢醫師或藥師。
下單前可先私訊索取藥證查詢方式與外盒標示照片。","","圖卡：小暑前後活動舒適提醒 / 藥證可查 / 依標示使用","建議搭配：外盒標示實拍、藥證查詢截圖、產品質地短影片、客服回覆截圖（遮個資）。","衛福部中藥許可證：衛署成製015614；類別：乙類成藥；劑型：油膏劑。","退換貨、付款、客服、出貨、價格、通路與任何見證內容，發布前須由人工確認。","NO_LINE_API_CALL_NO_AUTO_PUBLISH_REVIEW_QUEUE_ONLY","LINE229","LINE_OA_LINE229_V2","2026-09-26"
"LINE_DRYRUN_230","P2_SAFE_TERM_CHECK","APPROVE_FOR_MANUAL_SCHEDULE","APPROVE_FOR_MANUAL_SCHEDULE | NEEDS_REWRITE | REJECT | LEGAL_REVIEW","OWNER","2026-06-16","Owner approved for manual schedule export only. Not approved for auto-publishing.","NO","APPROVED_FOR_MANUAL_SCHEDULE_ONLY","2026-10-09","20:00","LINE_OA","爬山後腿部按摩提醒","NEEDS_HUMAN_REVIEW_SAFE_TERM_CHECK","","爬山後腿部按摩提醒","爬山後腿部按摩提醒

運動、搬重物、久站後，身體局部不適時，先休息、觀察，再做保守保養。

這款定位是外用油膏，重點是局部按摩、依標示使用。衛署成製015614，乙類成藥，資料可至衛福部中藥許可證系統查詢。

外用產品請依標示使用；身體不適、症狀持續或惡化時，請諮詢醫師或藥師。
下單前可先私訊索取藥證查詢方式與外盒標示照片。","","圖卡：爬山後腿部按摩提醒 / 藥證可查 / 依標示使用","建議搭配：外盒標示實拍、藥證查詢截圖、產品質地短影片、客服回覆截圖（遮個資）。","衛福部中藥許可證：衛署成製015614；類別：乙類成藥；劑型：油膏劑。","退換貨、付款、客服、出貨、價格、通路與任何見證內容，發布前須由人工確認。","NO_LINE_API_CALL_NO_AUTO_PUBLISH_REVIEW_QUEUE_ONLY","LINE230","LINE_OA_LINE230_V2","2026-09-26"
"LINE_DRYRUN_231","P2_SAFE_TERM_CHECK","APPROVE_FOR_MANUAL_SCHEDULE","APPROVE_FOR_MANUAL_SCHEDULE | NEEDS_REWRITE | REJECT | LEGAL_REVIEW","OWNER","2026-06-16","Owner approved for manual schedule export only. Not approved for auto-publishing.","NO","APPROVED_FOR_MANUAL_SCHEDULE_ONLY","2026-10-10","12:00","LINE_OA","外用膏一次擦多少才剛好","NEEDS_HUMAN_REVIEW_SAFE_TERM_CHECK","","外用膏一次擦多少才剛好","外用膏一次擦多少才剛好

很多人不是不想保養，是不知道什麼情況該先問清楚。

這款定位是外用油膏，重點是局部按摩、依標示使用。衛署成製015614，乙類成藥，資料可至衛福部中藥許可證系統查詢。

外用產品請依標示使用；身體不適、症狀持續或惡化時，請諮詢醫師或藥師。
下單前可先私訊索取藥證查詢方式與外盒標示照片。","","圖卡：外用膏一次擦多少才剛好 / 藥證可查 / 依標示使用","建議搭配：外盒標示實拍、藥證查詢截圖、產品質地短影片、客服回覆截圖（遮個資）。","衛福部中藥許可證：衛署成製015614；類別：乙類成藥；劑型：油膏劑。","退換貨、付款、客服、出貨、價格、通路與任何見證內容，發布前須由人工確認。","NO_LINE_API_CALL_NO_AUTO_PUBLISH_REVIEW_QUEUE_ONLY","LINE231","LINE_OA_LINE231_V2","2026-09-27"
"LINE_DRYRUN_232","P2_SAFE_TERM_CHECK","APPROVE_FOR_MANUAL_SCHEDULE","APPROVE_FOR_MANUAL_SCHEDULE | NEEDS_REWRITE | REJECT | LEGAL_REVIEW","OWNER","2026-06-16","Owner approved for manual schedule export only. Not approved for auto-publishing.","NO","APPROVED_FOR_MANUAL_SCHEDULE_ONLY","2026-10-10","20:00","LINE_OA","散步後的膝周保養","NEEDS_HUMAN_REVIEW_SAFE_TERM_CHECK","","散步後的膝周保養","散步後的膝周保養

幫長輩準備外用產品時，最重要的是安全、清楚、不要亂用。

這款定位是外用油膏，重點是局部按摩、依標示使用。衛署成製015614，乙類成藥，資料可至衛福部中藥許可證系統查詢。

外用產品請依標示使用；身體不適、症狀持續或惡化時，請諮詢醫師或藥師。
下單前可先私訊索取藥證查詢方式與外盒標示照片。","","圖卡：散步後的膝周保養 / 藥證可查 / 依標示使用","建議搭配：外盒標示實拍、藥證查詢截圖、產品質地短影片、客服回覆截圖（遮個資）。","衛福部中藥許可證：衛署成製015614；類別：乙類成藥；劑型：油膏劑。","退換貨、付款、客服、出貨、價格、通路與任何見證內容，發布前須由人工確認。","NO_LINE_API_CALL_NO_AUTO_PUBLISH_REVIEW_QUEUE_ONLY","LINE232","LINE_OA_LINE232_V2","2026-09-27"
"LINE_DRYRUN_233","P2_SAFE_TERM_CHECK","APPROVE_FOR_MANUAL_SCHEDULE","APPROVE_FOR_MANUAL_SCHEDULE | NEEDS_REWRITE | REJECT | LEGAL_REVIEW","OWNER","2026-06-16","Owner approved for manual schedule export only. Not approved for auto-publishing.","NO","APPROVED_FOR_MANUAL_SCHEDULE_ONLY","2026-10-11","12:00","LINE_OA","肩頸按摩不要只靠用力","NEEDS_HUMAN_REVIEW_SAFE_TERM_CHECK","","肩頸按摩不要只靠用力","肩頸按摩不要只靠用力

久坐、低頭、開會一整天後，肩頸常會提醒你該放鬆一下。

這款定位是外用油膏，重點是局部按摩、依標示使用。衛署成製015614，乙類成藥，資料可至衛福部中藥許可證系統查詢。

外用產品請依標示使用；身體不適、症狀持續或惡化時，請諮詢醫師或藥師。
下單前可先私訊索取藥證查詢方式與外盒標示照片。","","圖卡：肩頸按摩不要只靠用力 / 藥證可查 / 依標示使用","建議搭配：外盒標示實拍、藥證查詢截圖、產品質地短影片、客服回覆截圖（遮個資）。","衛福部中藥許可證：衛署成製015614；類別：乙類成藥；劑型：油膏劑。","退換貨、付款、客服、出貨、價格、通路與任何見證內容，發布前須由人工確認。","NO_LINE_API_CALL_NO_AUTO_PUBLISH_REVIEW_QUEUE_ONLY","LINE233","LINE_OA_LINE233_V2","2026-09-28"
"LINE_DRYRUN_234","P2_SAFE_TERM_CHECK","APPROVE_FOR_MANUAL_SCHEDULE","APPROVE_FOR_MANUAL_SCHEDULE | NEEDS_REWRITE | REJECT | LEGAL_REVIEW","OWNER","2026-06-16","Owner approved for manual schedule export only. Not approved for auto-publishing.","NO","APPROVED_FOR_MANUAL_SCHEDULE_ONLY","2026-10-11","20:00","LINE_OA","油膏劑為什麼適合局部按摩","NEEDS_HUMAN_REVIEW_SAFE_TERM_CHECK","","油膏劑為什麼適合局部按摩","油膏劑為什麼適合局部按摩

下單前，先看得懂標示與成分，比聽誇張話術更安心。

這款定位是外用油膏，重點是局部按摩、依標示使用。衛署成製015614，乙類成藥，資料可至衛福部中藥許可證系統查詢。

外用產品請依標示使用；身體不適、症狀持續或惡化時，請諮詢醫師或藥師。
下單前可先私訊索取藥證查詢方式與外盒標示照片。","","圖卡：油膏劑為什麼適合局部按摩 / 藥證可查 / 依標示使用","建議搭配：外盒標示實拍、藥證查詢截圖、產品質地短影片、客服回覆截圖（遮個資）。","衛福部中藥許可證：衛署成製015614；類別：乙類成藥；劑型：油膏劑。","退換貨、付款、客服、出貨、價格、通路與任何見證內容，發布前須由人工確認。","NO_LINE_API_CALL_NO_AUTO_PUBLISH_REVIEW_QUEUE_ONLY","LINE234","LINE_OA_LINE234_V2","2026-09-28"
"LINE_DRYRUN_235","P2_SAFE_TERM_CHECK","APPROVE_FOR_MANUAL_SCHEDULE","APPROVE_FOR_MANUAL_SCHEDULE | NEEDS_REWRITE | REJECT | LEGAL_REVIEW","OWNER","2026-06-16","Owner approved for manual schedule export only. Not approved for auto-publishing.","NO","APPROVED_FOR_MANUAL_SCHEDULE_ONLY","2026-10-12","12:00","LINE_OA","大暑午後少久站硬撐","NEEDS_HUMAN_REVIEW_SAFE_TERM_CHECK","","大暑午後少久站硬撐","大暑午後少久站硬撐

換季時，身體保養不需要複雜，穩定的小習慣比較長久。

這款定位是外用油膏，重點是局部按摩、依標示使用。衛署成製015614，乙類成藥，資料可至衛福部中藥許可證系統查詢。

外用產品請依標示使用；身體不適、症狀持續或惡化時，請諮詢醫師或藥師。
下單前可先私訊索取藥證查詢方式與外盒標示照片。","","圖卡：大暑午後少久站硬撐 / 藥證可查 / 依標示使用","建議搭配：外盒標示實拍、藥證查詢截圖、產品質地短影片、客服回覆截圖（遮個資）。","衛福部中藥許可證：衛署成製015614；類別：乙類成藥；劑型：油膏劑。","退換貨、付款、客服、出貨、價格、通路與任何見證內容，發布前須由人工確認。","NO_LINE_API_CALL_NO_AUTO_PUBLISH_REVIEW_QUEUE_ONLY","LINE235","LINE_OA_LINE235_V2","2026-09-29"
"LINE_DRYRUN_236","P2_SAFE_TERM_CHECK","APPROVE_FOR_MANUAL_SCHEDULE","APPROVE_FOR_MANUAL_SCHEDULE | NEEDS_REWRITE | REJECT | LEGAL_REVIEW","OWNER","2026-06-16","Owner approved for manual schedule export only. Not approved for auto-publishing.","NO","APPROVED_FOR_MANUAL_SCHEDULE_ONLY","2026-10-12","20:00","LINE_OA","不要密封包紮或大面積厚敷","NEEDS_HUMAN_REVIEW_SAFE_TERM_CHECK","","不要密封包紮或大面積厚敷","不要密封包紮或大面積厚敷

外用產品不是擦越多越好，用對位置、避開風險才安心。

這款定位是外用油膏，重點是局部按摩、依標示使用。衛署成製015614，乙類成藥，資料可至衛福部中藥許可證系統查詢。

外用產品請依標示使用；身體不適、症狀持續或惡化時，請諮詢醫師或藥師。
下單前可先私訊索取藥證查詢方式與外盒標示照片。","","圖卡：不要密封包紮或大面積厚敷 / 藥證可查 / 依標示使用","建議搭配：外盒標示實拍、藥證查詢截圖、產品質地短影片、客服回覆截圖（遮個資）。","衛福部中藥許可證：衛署成製015614；類別：乙類成藥；劑型：油膏劑。","退換貨、付款、客服、出貨、價格、通路與任何見證內容，發布前須由人工確認。","NO_LINE_API_CALL_NO_AUTO_PUBLISH_REVIEW_QUEUE_ONLY","LINE236","LINE_OA_LINE236_V2","2026-09-29"
"LINE_DRYRUN_237","P2_SAFE_TERM_CHECK","APPROVE_FOR_MANUAL_SCHEDULE","APPROVE_FOR_MANUAL_SCHEDULE | NEEDS_REWRITE | REJECT | LEGAL_REVIEW","OWNER","2026-06-16","Owner approved for manual schedule export only. Not approved for auto-publishing.","NO","APPROVED_FOR_MANUAL_SCHEDULE_ONLY","2026-10-13","12:00","LINE_OA","什麼是乙類成藥","NEEDS_HUMAN_REVIEW_SAFE_TERM_CHECK","","什麼是乙類成藥","什麼是乙類成藥

我們寧願把資料講清楚，也不想用誇大的話讓你衝動購買。

這款定位是外用油膏，重點是局部按摩、依標示使用。衛署成製015614，乙類成藥，資料可至衛福部中藥許可證系統查詢。

外用產品請依標示使用；身體不適、症狀持續或惡化時，請諮詢醫師或藥師。
下單前可先私訊索取藥證查詢方式與外盒標示照片。","","圖卡：什麼是乙類成藥 / 藥證可查 / 依標示使用","建議搭配：外盒標示實拍、藥證查詢截圖、產品質地短影片、客服回覆截圖（遮個資）。","衛福部中藥許可證：衛署成製015614；類別：乙類成藥；劑型：油膏劑。","退換貨、付款、客服、出貨、價格、通路與任何見證內容，發布前須由人工確認。","NO_LINE_API_CALL_NO_AUTO_PUBLISH_REVIEW_QUEUE_ONLY","LINE237","LINE_OA_LINE237_V2","2026-09-30"
"LINE_DRYRUN_238","P2_SAFE_TERM_CHECK","APPROVE_FOR_MANUAL_SCHEDULE","APPROVE_FOR_MANUAL_SCHEDULE | NEEDS_REWRITE | REJECT | LEGAL_REVIEW","OWNER","2026-06-16","Owner approved for manual schedule export only. Not approved for auto-publishing.","NO","APPROVED_FOR_MANUAL_SCHEDULE_ONLY","2026-10-13","20:00","LINE_OA","涼感越強越有效嗎","NEEDS_HUMAN_REVIEW_SAFE_TERM_CHECK","","涼感越強越有效嗎","涼感越強越有效嗎

很多人不是不想保養，是不知道什麼情況該先問清楚。

這款定位是外用油膏，重點是局部按摩、依標示使用。衛署成製015614，乙類成藥，資料可至衛福部中藥許可證系統查詢。

外用產品請依標示使用；身體不適、症狀持續或惡化時，請諮詢醫師或藥師。
下單前可先私訊索取藥證查詢方式與外盒標示照片。","","圖卡：涼感越強越有效嗎 / 藥證可查 / 依標示使用","建議搭配：外盒標示實拍、藥證查詢截圖、產品質地短影片、客服回覆截圖（遮個資）。","衛福部中藥許可證：衛署成製015614；類別：乙類成藥；劑型：油膏劑。","退換貨、付款、客服、出貨、價格、通路與任何見證內容，發布前須由人工確認。","NO_LINE_API_CALL_NO_AUTO_PUBLISH_REVIEW_QUEUE_ONLY","LINE238","LINE_OA_LINE238_V2","2026-09-30"
"LINE_DRYRUN_239","P3_STANDARD_REVIEW","APPROVE_FOR_MANUAL_SCHEDULE","APPROVE_FOR_MANUAL_SCHEDULE | NEEDS_REWRITE | REJECT | LEGAL_REVIEW","OWNER","2026-06-16","Owner approved for manual schedule export only. Not approved for auto-publishing.","NO","APPROVED_FOR_MANUAL_SCHEDULE_ONLY","2026-10-14","12:00","LINE_OA","重訓後肩背局部舒緩","PASS_DRY_RUN_PENDING_HUMAN_REVIEW","","重訓後肩背局部舒緩","重訓後肩背局部舒緩

運動、搬重物、久站後，身體局部不適時，先休息、觀察，再做保守保養。

這款定位是外用油膏，重點是局部按摩、依標示使用。衛署成製015614，乙類成藥，資料可至衛福部中藥許可證系統查詢。

外用產品請依標示使用；身體不適、症狀持續或惡化時，請諮詢醫師或藥師。
下單前可先私訊索取藥證查詢方式與外盒標示照片。","","圖卡：重訓後肩背局部舒緩 / 藥證可查 / 依標示使用","建議搭配：外盒標示實拍、藥證查詢截圖、產品質地短影片、客服回覆截圖（遮個資）。","衛福部中藥許可證：衛署成製015614；類別：乙類成藥；劑型：油膏劑。","退換貨、付款、客服、出貨、價格、通路與任何見證內容，發布前須由人工確認。","NO_LINE_API_CALL_NO_AUTO_PUBLISH_REVIEW_QUEUE_ONLY","LINE239","LINE_OA_LINE239_V2","2026-10-01"
"LINE_DRYRUN_240","P2_SAFE_TERM_CHECK","APPROVE_FOR_MANUAL_SCHEDULE","APPROVE_FOR_MANUAL_SCHEDULE | NEEDS_REWRITE | REJECT | LEGAL_REVIEW","OWNER","2026-06-16","Owner approved for manual schedule export only. Not approved for auto-publishing.","NO","APPROVED_FOR_MANUAL_SCHEDULE_ONLY","2026-10-14","20:00","LINE_OA","乙類成藥與一般保健品差異","NEEDS_HUMAN_REVIEW_SAFE_TERM_CHECK","","乙類成藥與一般保健品差異","乙類成藥與一般保健品差異

下單前，先看得懂標示與成分，比聽誇張話術更安心。

這款定位是外用油膏，重點是局部按摩、依標示使用。衛署成製015614，乙類成藥，資料可至衛福部中藥許可證系統查詢。

外用產品請依標示使用；身體不適、症狀持續或惡化時，請諮詢醫師或藥師。
下單前可先私訊索取藥證查詢方式與外盒標示照片。","","圖卡：乙類成藥與一般保健品差異 / 藥證可查 / 依標示使用","建議搭配：外盒標示實拍、藥證查詢截圖、產品質地短影片、客服回覆截圖（遮個資）。","衛福部中藥許可證：衛署成製015614；類別：乙類成藥；劑型：油膏劑。","退換貨、付款、客服、出貨、價格、通路與任何見證內容，發布前須由人工確認。","NO_LINE_API_CALL_NO_AUTO_PUBLISH_REVIEW_QUEUE_ONLY","LINE240","LINE_OA_LINE240_V2","2026-10-01"
"LINE_DRYRUN_241","P2_SAFE_TERM_CHECK","APPROVE_FOR_MANUAL_SCHEDULE","APPROVE_FOR_MANUAL_SCHEDULE | NEEDS_REWRITE | REJECT | LEGAL_REVIEW","OWNER","2026-06-16","Owner approved for manual schedule export only. Not approved for auto-publishing.","NO","APPROVED_FOR_MANUAL_SCHEDULE_ONLY","2026-10-15","12:00","LINE_OA","天氣變化時的活動舒適感","NEEDS_HUMAN_REVIEW_SAFE_TERM_CHECK","","天氣變化時的活動舒適感","天氣變化時的活動舒適感

幫長輩準備外用產品時，最重要的是安全、清楚、不要亂用。

這款定位是外用油膏，重點是局部按摩、依標示使用。衛署成製015614，乙類成藥，資料可至衛福部中藥許可證系統查詢。

外用產品請依標示使用；身體不適、症狀持續或惡化時，請諮詢醫師或藥師。
下單前可先私訊索取藥證查詢方式與外盒標示照片。","","圖卡：天氣變化時的活動舒適感 / 藥證可查 / 依標示使用","建議搭配：外盒標示實拍、藥證查詢截圖、產品質地短影片、客服回覆截圖（遮個資）。","衛福部中藥許可證：衛署成製015614；類別：乙類成藥；劑型：油膏劑。","退換貨、付款、客服、出貨、價格、通路與任何見證內容，發布前須由人工確認。","NO_LINE_API_CALL_NO_AUTO_PUBLISH_REVIEW_QUEUE_ONLY","LINE241","LINE_OA_LINE241_V2","2026-10-02"
"LINE_DRYRUN_242","P2_SAFE_TERM_CHECK","APPROVE_FOR_MANUAL_SCHEDULE","APPROVE_FOR_MANUAL_SCHEDULE | NEEDS_REWRITE | REJECT | LEGAL_REVIEW","OWNER","2026-06-16","Owner approved for manual schedule export only. Not approved for auto-publishing.","NO","APPROVED_FOR_MANUAL_SCHEDULE_ONLY","2026-10-15","20:00","LINE_OA","水楊酸或阿斯匹靈過敏者注意","NEEDS_HUMAN_REVIEW_SAFE_TERM_CHECK","","水楊酸或阿斯匹靈過敏者注意","水楊酸或阿斯匹靈過敏者注意

外用產品不是擦越多越好，用對位置、避開風險才安心。

這款定位是外用油膏，重點是局部按摩、依標示使用。衛署成製015614，乙類成藥，資料可至衛福部中藥許可證系統查詢。

外用產品請依標示使用；身體不適、症狀持續或惡化時，請諮詢醫師或藥師。
下單前可先私訊索取藥證查詢方式與外盒標示照片。","","圖卡：水楊酸或阿斯匹靈過敏者注意 / 藥證可查 / 依標示使用","建議搭配：外盒標示實拍、藥證查詢截圖、產品質地短影片、客服回覆截圖（遮個資）。","衛福部中藥許可證：衛署成製015614；類別：乙類成藥；劑型：油膏劑。","退換貨、付款、客服、出貨、價格、通路與任何見證內容，發布前須由人工確認。","NO_LINE_API_CALL_NO_AUTO_PUBLISH_REVIEW_QUEUE_ONLY","LINE242","LINE_OA_LINE242_V2","2026-10-02"
"LINE_DRYRUN_243","P2_SAFE_TERM_CHECK","APPROVE_FOR_MANUAL_SCHEDULE","APPROVE_FOR_MANUAL_SCHEDULE | NEEDS_REWRITE | REJECT | LEGAL_REVIEW","OWNER","2026-06-16","Owner approved for manual schedule export only. Not approved for auto-publishing.","NO","APPROVED_FOR_MANUAL_SCHEDULE_ONLY","2026-10-16","12:00","LINE_OA","立秋後早晚溫差保養","NEEDS_HUMAN_REVIEW_SAFE_TERM_CHECK","","立秋後早晚溫差保養","立秋後早晚溫差保養

換季時，身體保養不需要複雜，穩定的小習慣比較長久。

這款定位是外用油膏，重點是局部按摩、依標示使用。衛署成製015614，乙類成藥，資料可至衛福部中藥許可證系統查詢。

外用產品請依標示使用；身體不適、症狀持續或惡化時，請諮詢醫師或藥師。
下單前可先私訊索取藥證查詢方式與外盒標示照片。","","圖卡：立秋後早晚溫差保養 / 藥證可查 / 依標示使用","建議搭配：外盒標示實拍、藥證查詢截圖、產品質地短影片、客服回覆截圖（遮個資）。","衛福部中藥許可證：衛署成製015614；類別：乙類成藥；劑型：油膏劑。","退換貨、付款、客服、出貨、價格、通路與任何見證內容，發布前須由人工確認。","NO_LINE_API_CALL_NO_AUTO_PUBLISH_REVIEW_QUEUE_ONLY","LINE243","LINE_OA_LINE243_V2","2026-10-03"
"LINE_DRYRUN_244","P2_SAFE_TERM_CHECK","APPROVE_FOR_MANUAL_SCHEDULE","APPROVE_FOR_MANUAL_SCHEDULE | NEEDS_REWRITE | REJECT | LEGAL_REVIEW","OWNER","2026-06-16","Owner approved for manual schedule export only. Not approved for auto-publishing.","NO","APPROVED_FOR_MANUAL_SCHEDULE_ONLY","2026-10-16","20:00","LINE_OA","家事後手臂不適保養","NEEDS_HUMAN_REVIEW_SAFE_TERM_CHECK","","家事後手臂不適保養","家事後手臂不適保養

運動、搬重物、久站後，身體局部不適時，先休息、觀察，再做保守保養。

這款定位是外用油膏，重點是局部按摩、依標示使用。衛署成製015614，乙類成藥，資料可至衛福部中藥許可證系統查詢。

外用產品請依標示使用；身體不適、症狀持續或惡化時，請諮詢醫師或藥師。
下單前可先私訊索取藥證查詢方式與外盒標示照片。","","圖卡：家事後手臂不適保養 / 藥證可查 / 依標示使用","建議搭配：外盒標示實拍、藥證查詢截圖、產品質地短影片、客服回覆截圖（遮個資）。","衛福部中藥許可證：衛署成製015614；類別：乙類成藥；劑型：油膏劑。","退換貨、付款、客服、出貨、價格、通路與任何見證內容，發布前須由人工確認。","NO_LINE_API_CALL_NO_AUTO_PUBLISH_REVIEW_QUEUE_ONLY","LINE244","LINE_OA_LINE244_V2","2026-10-03"
"LINE_DRYRUN_245","P2_SAFE_TERM_CHECK","APPROVE_FOR_MANUAL_SCHEDULE","APPROVE_FOR_MANUAL_SCHEDULE | NEEDS_REWRITE | REJECT | LEGAL_REVIEW","OWNER","2026-06-16","Owner approved for manual schedule export only. Not approved for auto-publishing.","NO","APPROVED_FOR_MANUAL_SCHEDULE_ONLY","2026-10-17","12:00","LINE_OA","你有看過外用產品標示嗎","NEEDS_HUMAN_REVIEW_SAFE_TERM_CHECK","","你有看過外用產品標示嗎","你有看過外用產品標示嗎

很多人不是不想保養，是不知道什麼情況該先問清楚。

這款定位是外用油膏，重點是局部按摩、依標示使用。衛署成製015614，乙類成藥，資料可至衛福部中藥許可證系統查詢。

外用產品請依標示使用；身體不適、症狀持續或惡化時，請諮詢醫師或藥師。
下單前可先私訊索取藥證查詢方式與外盒標示照片。","","圖卡：你有看過外用產品標示嗎 / 藥證可查 / 依標示使用","建議搭配：外盒標示實拍、藥證查詢截圖、產品質地短影片、客服回覆截圖（遮個資）。","衛福部中藥許可證：衛署成製015614；類別：乙類成藥；劑型：油膏劑。","退換貨、付款、客服、出貨、價格、通路與任何見證內容，發布前須由人工確認。","NO_LINE_API_CALL_NO_AUTO_PUBLISH_REVIEW_QUEUE_ONLY","LINE245","LINE_OA_LINE245_V2","2026-10-04"
"LINE_DRYRUN_246","P2_SAFE_TERM_CHECK","APPROVE_FOR_MANUAL_SCHEDULE","APPROVE_FOR_MANUAL_SCHEDULE | NEEDS_REWRITE | REJECT | LEGAL_REVIEW","OWNER","2026-06-16","Owner approved for manual schedule export only. Not approved for auto-publishing.","NO","APPROVED_FOR_MANUAL_SCHEDULE_ONLY","2026-10-17","20:00","LINE_OA","長輩按摩力道不要過重","NEEDS_HUMAN_REVIEW_SAFE_TERM_CHECK","","長輩按摩力道不要過重","長輩按摩力道不要過重

幫長輩準備外用產品時，最重要的是安全、清楚、不要亂用。

這款定位是外用油膏，重點是局部按摩、依標示使用。衛署成製015614，乙類成藥，資料可至衛福部中藥許可證系統查詢。

外用產品請依標示使用；身體不適、症狀持續或惡化時，請諮詢醫師或藥師。
下單前可先私訊索取藥證查詢方式與外盒標示照片。","","圖卡：長輩按摩力道不要過重 / 藥證可查 / 依標示使用","建議搭配：外盒標示實拍、藥證查詢截圖、產品質地短影片、客服回覆截圖（遮個資）。","衛福部中藥許可證：衛署成製015614；類別：乙類成藥；劑型：油膏劑。","退換貨、付款、客服、出貨、價格、通路與任何見證內容，發布前須由人工確認。","NO_LINE_API_CALL_NO_AUTO_PUBLISH_REVIEW_QUEUE_ONLY","LINE246","LINE_OA_LINE246_V2","2026-10-04"
"LINE_DRYRUN_247","P2_SAFE_TERM_CHECK","APPROVE_FOR_MANUAL_SCHEDULE","APPROVE_FOR_MANUAL_SCHEDULE | NEEDS_REWRITE | REJECT | LEGAL_REVIEW","OWNER","2026-06-16","Owner approved for manual schedule export only. Not approved for auto-publishing.","NO","APPROVED_FOR_MANUAL_SCHEDULE_ONLY","2026-10-18","12:00","LINE_OA","久坐族晚間舒緩儀式","NEEDS_HUMAN_REVIEW_SAFE_TERM_CHECK","","久坐族晚間舒緩儀式","久坐族晚間舒緩儀式

久坐、低頭、開會一整天後，肩頸常會提醒你該放鬆一下。

這款定位是外用油膏，重點是局部按摩、依標示使用。衛署成製015614，乙類成藥，資料可至衛福部中藥許可證系統查詢。

外用產品請依標示使用；身體不適、症狀持續或惡化時，請諮詢醫師或藥師。
下單前可先私訊索取藥證查詢方式與外盒標示照片。","","圖卡：久坐族晚間舒緩儀式 / 藥證可查 / 依標示使用","建議搭配：外盒標示實拍、藥證查詢截圖、產品質地短影片、客服回覆截圖（遮個資）。","衛福部中藥許可證：衛署成製015614；類別：乙類成藥；劑型：油膏劑。","退換貨、付款、客服、出貨、價格、通路與任何見證內容，發布前須由人工確認。","NO_LINE_API_CALL_NO_AUTO_PUBLISH_REVIEW_QUEUE_ONLY","LINE247","LINE_OA_LINE247_V2","2026-10-05"
"LINE_DRYRUN_248","P2_SAFE_TERM_CHECK","APPROVE_FOR_MANUAL_SCHEDULE","APPROVE_FOR_MANUAL_SCHEDULE | NEEDS_REWRITE | REJECT | LEGAL_REVIEW","OWNER","2026-06-16","Owner approved for manual schedule export only. Not approved for auto-publishing.","NO","APPROVED_FOR_MANUAL_SCHEDULE_ONLY","2026-10-18","20:00","LINE_OA","一條根外用膏的日常定位","NEEDS_HUMAN_REVIEW_SAFE_TERM_CHECK","","一條根外用膏的日常定位","一條根外用膏的日常定位

下單前，先看得懂標示與成分，比聽誇張話術更安心。

這款定位是外用油膏，重點是局部按摩、依標示使用。衛署成製015614，乙類成藥，資料可至衛福部中藥許可證系統查詢。

外用產品請依標示使用；身體不適、症狀持續或惡化時，請諮詢醫師或藥師。
下單前可先私訊索取藥證查詢方式與外盒標示照片。","","圖卡：一條根外用膏的日常定位 / 藥證可查 / 依標示使用","建議搭配：外盒標示實拍、藥證查詢截圖、產品質地短影片、客服回覆截圖（遮個資）。","衛福部中藥許可證：衛署成製015614；類別：乙類成藥；劑型：油膏劑。","退換貨、付款、客服、出貨、價格、通路與任何見證內容，發布前須由人工確認。","NO_LINE_API_CALL_NO_AUTO_PUBLISH_REVIEW_QUEUE_ONLY","LINE248","LINE_OA_LINE248_V2","2026-10-05"
"LINE_DRYRUN_249","P2_SAFE_TERM_CHECK","APPROVE_FOR_MANUAL_SCHEDULE","APPROVE_FOR_MANUAL_SCHEDULE | NEEDS_REWRITE | REJECT | LEGAL_REVIEW","OWNER","2026-06-16","Owner approved for manual schedule export only. Not approved for auto-publishing.","NO","APPROVED_FOR_MANUAL_SCHEDULE_ONLY","2026-10-19","12:00","LINE_OA","處暑後運動暖身提醒","NEEDS_HUMAN_REVIEW_SAFE_TERM_CHECK","","處暑後運動暖身提醒","處暑後運動暖身提醒

換季時，身體保養不需要複雜，穩定的小習慣比較長久。

這款定位是外用油膏，重點是局部按摩、依標示使用。衛署成製015614，乙類成藥，資料可至衛福部中藥許可證系統查詢。

外用產品請依標示使用；身體不適、症狀持續或惡化時，請諮詢醫師或藥師。
下單前可先私訊索取藥證查詢方式與外盒標示照片。","","圖卡：處暑後運動暖身提醒 / 藥證可查 / 依標示使用","建議搭配：外盒標示實拍、藥證查詢截圖、產品質地短影片、客服回覆截圖（遮個資）。","衛福部中藥許可證：衛署成製015614；類別：乙類成藥；劑型：油膏劑。","退換貨、付款、客服、出貨、價格、通路與任何見證內容，發布前須由人工確認。","NO_LINE_API_CALL_NO_AUTO_PUBLISH_REVIEW_QUEUE_ONLY","LINE249","LINE_OA_LINE249_V2","2026-10-06"
"LINE_DRYRUN_250","P2_SAFE_TERM_CHECK","APPROVE_FOR_MANUAL_SCHEDULE","APPROVE_FOR_MANUAL_SCHEDULE | NEEDS_REWRITE | REJECT | LEGAL_REVIEW","OWNER","2026-06-16","Owner approved for manual schedule export only. Not approved for auto-publishing.","NO","APPROVED_FOR_MANUAL_SCHEDULE_ONLY","2026-10-19","20:00","LINE_OA","兒童使用前的安全提醒","NEEDS_HUMAN_REVIEW_SAFE_TERM_CHECK","","兒童使用前的安全提醒","兒童使用前的安全提醒

外用產品不是擦越多越好，用對位置、避開風險才安心。

這款定位是外用油膏，重點是局部按摩、依標示使用。衛署成製015614，乙類成藥，資料可至衛福部中藥許可證系統查詢。

外用產品請依標示使用；身體不適、症狀持續或惡化時，請諮詢醫師或藥師。
下單前可先私訊索取藥證查詢方式與外盒標示照片。","","圖卡：兒童使用前的安全提醒 / 藥證可查 / 依標示使用","建議搭配：外盒標示實拍、藥證查詢截圖、產品質地短影片、客服回覆截圖（遮個資）。","衛福部中藥許可證：衛署成製015614；類別：乙類成藥；劑型：油膏劑。","退換貨、付款、客服、出貨、價格、通路與任何見證內容，發布前須由人工確認。","NO_LINE_API_CALL_NO_AUTO_PUBLISH_REVIEW_QUEUE_ONLY","LINE250","LINE_OA_LINE250_V2","2026-10-06"
"LINE_DRYRUN_251","P2_SAFE_TERM_CHECK","APPROVE_FOR_MANUAL_SCHEDULE","APPROVE_FOR_MANUAL_SCHEDULE | NEEDS_REWRITE | REJECT | LEGAL_REVIEW","OWNER","2026-06-16","Owner approved for manual schedule export only. Not approved for auto-publishing.","NO","APPROVED_FOR_MANUAL_SCHEDULE_ONLY","2026-10-20","12:00","LINE_OA","官方適應症與社群文案的差異","NEEDS_HUMAN_REVIEW_SAFE_TERM_CHECK","","官方適應症與社群文案的差異","官方適應症與社群文案的差異

我們寧願把資料講清楚，也不想用誇大的話讓你衝動購買。

這款定位是外用油膏，重點是局部按摩、依標示使用。衛署成製015614，乙類成藥，資料可至衛福部中藥許可證系統查詢。

外用產品請依標示使用；身體不適、症狀持續或惡化時，請諮詢醫師或藥師。
下單前可先私訊索取藥證查詢方式與外盒標示照片。","","圖卡：官方適應症與社群文案的差異 / 藥證可查 / 依標示使用","建議搭配：外盒標示實拍、藥證查詢截圖、產品質地短影片、客服回覆截圖（遮個資）。","衛福部中藥許可證：衛署成製015614；類別：乙類成藥；劑型：油膏劑。","退換貨、付款、客服、出貨、價格、通路與任何見證內容，發布前須由人工確認。","NO_LINE_API_CALL_NO_AUTO_PUBLISH_REVIEW_QUEUE_ONLY","LINE251","LINE_OA_LINE251_V2","2026-10-07"
"LINE_DRYRUN_252","P2_SAFE_TERM_CHECK","APPROVE_FOR_MANUAL_SCHEDULE","APPROVE_FOR_MANUAL_SCHEDULE | NEEDS_REWRITE | REJECT | LEGAL_REVIEW","OWNER","2026-06-16","Owner approved for manual schedule export only. Not approved for auto-publishing.","NO","APPROVED_FOR_MANUAL_SCHEDULE_ONLY","2026-10-20","20:00","LINE_OA","久坐族最想舒緩哪裡","NEEDS_HUMAN_REVIEW_SAFE_TERM_CHECK","","久坐族最想舒緩哪裡","久坐族最想舒緩哪裡

很多人不是不想保養，是不知道什麼情況該先問清楚。

這款定位是外用油膏，重點是局部按摩、依標示使用。衛署成製015614，乙類成藥，資料可至衛福部中藥許可證系統查詢。

外用產品請依標示使用；身體不適、症狀持續或惡化時，請諮詢醫師或藥師。
下單前可先私訊索取藥證查詢方式與外盒標示照片。","","圖卡：久坐族最想舒緩哪裡 / 藥證可查 / 依標示使用","建議搭配：外盒標示實拍、藥證查詢截圖、產品質地短影片、客服回覆截圖（遮個資）。","衛福部中藥許可證：衛署成製015614；類別：乙類成藥；劑型：油膏劑。","退換貨、付款、客服、出貨、價格、通路與任何見證內容，發布前須由人工確認。","NO_LINE_API_CALL_NO_AUTO_PUBLISH_REVIEW_QUEUE_ONLY","LINE252","LINE_OA_LINE252_V2","2026-10-07"
"LINE_DRYRUN_253","P2_SAFE_TERM_CHECK","APPROVE_FOR_MANUAL_SCHEDULE","APPROVE_FOR_MANUAL_SCHEDULE | NEEDS_REWRITE | REJECT | LEGAL_REVIEW","OWNER","2026-06-16","Owner approved for manual schedule export only. Not approved for auto-publishing.","NO","APPROVED_FOR_MANUAL_SCHEDULE_ONLY","2026-10-21","12:00","LINE_OA","跑步後膝周不適的保守提醒","NEEDS_HUMAN_REVIEW_SAFE_TERM_CHECK","","跑步後膝周不適的保守提醒","跑步後膝周不適的保守提醒

運動、搬重物、久站後，身體局部不適時，先休息、觀察，再做保守保養。

這款定位是外用油膏，重點是局部按摩、依標示使用。衛署成製015614，乙類成藥，資料可至衛福部中藥許可證系統查詢。

外用產品請依標示使用；身體不適、症狀持續或惡化時，請諮詢醫師或藥師。
下單前可先私訊索取藥證查詢方式與外盒標示照片。","","圖卡：跑步後膝周不適的保守提醒 / 藥證可查 / 依標示使用","建議搭配：外盒標示實拍、藥證查詢截圖、產品質地短影片、客服回覆截圖（遮個資）。","衛福部中藥許可證：衛署成製015614；類別：乙類成藥；劑型：油膏劑。","退換貨、付款、客服、出貨、價格、通路與任何見證內容，發布前須由人工確認。","NO_LINE_API_CALL_NO_AUTO_PUBLISH_REVIEW_QUEUE_ONLY","LINE253","LINE_OA_LINE253_V2","2026-10-08"
"LINE_DRYRUN_254","P2_SAFE_TERM_CHECK","APPROVE_FOR_MANUAL_SCHEDULE","APPROVE_FOR_MANUAL_SCHEDULE | NEEDS_REWRITE | REJECT | LEGAL_REVIEW","OWNER","2026-06-16","Owner approved for manual schedule export only. Not approved for auto-publishing.","NO","APPROVED_FOR_MANUAL_SCHEDULE_ONLY","2026-10-21","20:00","LINE_OA","成分濃度為什麼要看標示","NEEDS_HUMAN_REVIEW_SAFE_TERM_CHECK","","成分濃度為什麼要看標示","成分濃度為什麼要看標示

下單前，先看得懂標示與成分，比聽誇張話術更安心。

這款定位是外用油膏，重點是局部按摩、依標示使用。衛署成製015614，乙類成藥，資料可至衛福部中藥許可證系統查詢。

外用產品請依標示使用；身體不適、症狀持續或惡化時，請諮詢醫師或藥師。
下單前可先私訊索取藥證查詢方式與外盒標示照片。","","圖卡：成分濃度為什麼要看標示 / 藥證可查 / 依標示使用","建議搭配：外盒標示實拍、藥證查詢截圖、產品質地短影片、客服回覆截圖（遮個資）。","衛福部中藥許可證：衛署成製015614；類別：乙類成藥；劑型：油膏劑。","退換貨、付款、客服、出貨、價格、通路與任何見證內容，發布前須由人工確認。","NO_LINE_API_CALL_NO_AUTO_PUBLISH_REVIEW_QUEUE_ONLY","LINE254","LINE_OA_LINE254_V2","2026-10-08"
"LINE_DRYRUN_255","P2_SAFE_TERM_CHECK","APPROVE_FOR_MANUAL_SCHEDULE","APPROVE_FOR_MANUAL_SCHEDULE | NEEDS_REWRITE | REJECT | LEGAL_REVIEW","OWNER","2026-06-16","Owner approved for manual schedule export only. Not approved for auto-publishing.","NO","APPROVED_FOR_MANUAL_SCHEDULE_ONLY","2026-10-22","12:00","LINE_OA","照顧爸媽時的外用提醒","NEEDS_HUMAN_REVIEW_SAFE_TERM_CHECK","","照顧爸媽時的外用提醒","照顧爸媽時的外用提醒

幫長輩準備外用產品時，最重要的是安全、清楚、不要亂用。

這款定位是外用油膏，重點是局部按摩、依標示使用。衛署成製015614，乙類成藥，資料可至衛福部中藥許可證系統查詢。

外用產品請依標示使用；身體不適、症狀持續或惡化時，請諮詢醫師或藥師。
下單前可先私訊索取藥證查詢方式與外盒標示照片。","","圖卡：照顧爸媽時的外用提醒 / 藥證可查 / 依標示使用","建議搭配：外盒標示實拍、藥證查詢截圖、產品質地短影片、客服回覆截圖（遮個資）。","衛福部中藥許可證：衛署成製015614；類別：乙類成藥；劑型：油膏劑。","退換貨、付款、客服、出貨、價格、通路與任何見證內容，發布前須由人工確認。","NO_LINE_API_CALL_NO_AUTO_PUBLISH_REVIEW_QUEUE_ONLY","LINE255","LINE_OA_LINE255_V2","2026-10-09"
"LINE_DRYRUN_256","P2_SAFE_TERM_CHECK","APPROVE_FOR_MANUAL_SCHEDULE","APPROVE_FOR_MANUAL_SCHEDULE | NEEDS_REWRITE | REJECT | LEGAL_REVIEW","OWNER","2026-06-16","Owner approved for manual schedule export only. Not approved for auto-publishing.","NO","APPROVED_FOR_MANUAL_SCHEDULE_ONLY","2026-10-22","20:00","LINE_OA","孕婦與哺乳族群先詢問專業人員","NEEDS_HUMAN_REVIEW_SAFE_TERM_CHECK","","孕婦與哺乳族群先詢問專業人員","孕婦與哺乳族群先詢問專業人員

外用產品不是擦越多越好，用對位置、避開風險才安心。

這款定位是外用油膏，重點是局部按摩、依標示使用。衛署成製015614，乙類成藥，資料可至衛福部中藥許可證系統查詢。

外用產品請依標示使用；身體不適、症狀持續或惡化時，請諮詢醫師或藥師。
下單前可先私訊索取藥證查詢方式與外盒標示照片。","","圖卡：孕婦與哺乳族群先詢問專業人員 / 藥證可查 / 依標示使用","建議搭配：外盒標示實拍、藥證查詢截圖、產品質地短影片、客服回覆截圖（遮個資）。","衛福部中藥許可證：衛署成製015614；類別：乙類成藥；劑型：油膏劑。","退換貨、付款、客服、出貨、價格、通路與任何見證內容，發布前須由人工確認。","NO_LINE_API_CALL_NO_AUTO_PUBLISH_REVIEW_QUEUE_ONLY","LINE256","LINE_OA_LINE256_V2","2026-10-09"
"LINE_DRYRUN_257","P2_SAFE_TERM_CHECK","APPROVE_FOR_MANUAL_SCHEDULE","APPROVE_FOR_MANUAL_SCHEDULE | NEEDS_REWRITE | REJECT | LEGAL_REVIEW","OWNER","2026-06-16","Owner approved for manual schedule export only. Not approved for auto-publishing.","NO","APPROVED_FOR_MANUAL_SCHEDULE_ONLY","2026-10-23","12:00","LINE_OA","白露時節關心長輩活動","NEEDS_HUMAN_REVIEW_SAFE_TERM_CHECK","","白露時節關心長輩活動","白露時節關心長輩活動

換季時，身體保養不需要複雜，穩定的小習慣比較長久。

這款定位是外用油膏，重點是局部按摩、依標示使用。衛署成製015614，乙類成藥，資料可至衛福部中藥許可證系統查詢。

外用產品請依標示使用；身體不適、症狀持續或惡化時，請諮詢醫師或藥師。
下單前可先私訊索取藥證查詢方式與外盒標示照片。","","圖卡：白露時節關心長輩活動 / 藥證可查 / 依標示使用","建議搭配：外盒標示實拍、藥證查詢截圖、產品質地短影片、客服回覆截圖（遮個資）。","衛福部中藥許可證：衛署成製015614；類別：乙類成藥；劑型：油膏劑。","退換貨、付款、客服、出貨、價格、通路與任何見證內容，發布前須由人工確認。","NO_LINE_API_CALL_NO_AUTO_PUBLISH_REVIEW_QUEUE_ONLY","LINE257","LINE_OA_LINE257_V2","2026-10-10"
"LINE_DRYRUN_258","P2_SAFE_TERM_CHECK","APPROVE_FOR_MANUAL_SCHEDULE","APPROVE_FOR_MANUAL_SCHEDULE | NEEDS_REWRITE | REJECT | LEGAL_REVIEW","OWNER","2026-06-16","Owner approved for manual schedule export only. Not approved for auto-publishing.","NO","APPROVED_FOR_MANUAL_SCHEDULE_ONLY","2026-10-23","20:00","LINE_OA","勞動後先休息再按摩","NEEDS_HUMAN_REVIEW_SAFE_TERM_CHECK","","勞動後先休息再按摩","勞動後先休息再按摩

運動、搬重物、久站後，身體局部不適時，先休息、觀察，再做保守保養。

這款定位是外用油膏，重點是局部按摩、依標示使用。衛署成製015614，乙類成藥，資料可至衛福部中藥許可證系統查詢。

外用產品請依標示使用；身體不適、症狀持續或惡化時，請諮詢醫師或藥師。
下單前可先私訊索取藥證查詢方式與外盒標示照片。","","圖卡：勞動後先休息再按摩 / 藥證可查 / 依標示使用","建議搭配：外盒標示實拍、藥證查詢截圖、產品質地短影片、客服回覆截圖（遮個資）。","衛福部中藥許可證：衛署成製015614；類別：乙類成藥；劑型：油膏劑。","退換貨、付款、客服、出貨、價格、通路與任何見證內容，發布前須由人工確認。","NO_LINE_API_CALL_NO_AUTO_PUBLISH_REVIEW_QUEUE_ONLY","LINE258","LINE_OA_LINE258_V2","2026-10-10"
"LINE_DRYRUN_259","P2_SAFE_TERM_CHECK","APPROVE_FOR_MANUAL_SCHEDULE","APPROVE_FOR_MANUAL_SCHEDULE | NEEDS_REWRITE | REJECT | LEGAL_REVIEW","OWNER","2026-06-16","Owner approved for manual schedule export only. Not approved for auto-publishing.","NO","APPROVED_FOR_MANUAL_SCHEDULE_ONLY","2026-10-24","12:00","LINE_OA","長輩使用外用膏你會提醒什麼","NEEDS_HUMAN_REVIEW_SAFE_TERM_CHECK","","長輩使用外用膏你會提醒什麼","長輩使用外用膏你會提醒什麼

很多人不是不想保養，是不知道什麼情況該先問清楚。

這款定位是外用油膏，重點是局部按摩、依標示使用。衛署成製015614，乙類成藥，資料可至衛福部中藥許可證系統查詢。

外用產品請依標示使用；身體不適、症狀持續或惡化時，請諮詢醫師或藥師。
下單前可先私訊索取藥證查詢方式與外盒標示照片。","","圖卡：長輩使用外用膏你會提醒什麼 / 藥證可查 / 依標示使用","建議搭配：外盒標示實拍、藥證查詢截圖、產品質地短影片、客服回覆截圖（遮個資）。","衛福部中藥許可證：衛署成製015614；類別：乙類成藥；劑型：油膏劑。","退換貨、付款、客服、出貨、價格、通路與任何見證內容，發布前須由人工確認。","NO_LINE_API_CALL_NO_AUTO_PUBLISH_REVIEW_QUEUE_ONLY","LINE259","LINE_OA_LINE259_V2","2026-10-11"
"LINE_DRYRUN_260","P2_SAFE_TERM_CHECK","APPROVE_FOR_MANUAL_SCHEDULE","APPROVE_FOR_MANUAL_SCHEDULE | NEEDS_REWRITE | REJECT | LEGAL_REVIEW","OWNER","2026-06-16","Owner approved for manual schedule export only. Not approved for auto-publishing.","NO","APPROVED_FOR_MANUAL_SCHEDULE_ONLY","2026-10-24","20:00","LINE_OA","日常活動舒適度的三個習慣","NEEDS_HUMAN_REVIEW_SAFE_TERM_CHECK","","日常活動舒適度的三個習慣","日常活動舒適度的三個習慣

幫長輩準備外用產品時，最重要的是安全、清楚、不要亂用。

這款定位是外用油膏，重點是局部按摩、依標示使用。衛署成製015614，乙類成藥，資料可至衛福部中藥許可證系統查詢。

外用產品請依標示使用；身體不適、症狀持續或惡化時，請諮詢醫師或藥師。
下單前可先私訊索取藥證查詢方式與外盒標示照片。","","圖卡：日常活動舒適度的三個習慣 / 藥證可查 / 依標示使用","建議搭配：外盒標示實拍、藥證查詢截圖、產品質地短影片、客服回覆截圖（遮個資）。","衛福部中藥許可證：衛署成製015614；類別：乙類成藥；劑型：油膏劑。","退換貨、付款、客服、出貨、價格、通路與任何見證內容，發布前須由人工確認。","NO_LINE_API_CALL_NO_AUTO_PUBLISH_REVIEW_QUEUE_ONLY","LINE260","LINE_OA_LINE260_V2","2026-10-11"
"LINE_DRYRUN_261","P2_SAFE_TERM_CHECK","APPROVE_FOR_MANUAL_SCHEDULE","APPROVE_FOR_MANUAL_SCHEDULE | NEEDS_REWRITE | REJECT | LEGAL_REVIEW","OWNER","2026-06-16","Owner approved for manual schedule export only. Not approved for auto-publishing.","NO","APPROVED_FOR_MANUAL_SCHEDULE_ONLY","2026-10-25","12:00","LINE_OA","背包太重後的肩膀保養","NEEDS_HUMAN_REVIEW_SAFE_TERM_CHECK","","背包太重後的肩膀保養","背包太重後的肩膀保養

久坐、低頭、開會一整天後，肩頸常會提醒你該放鬆一下。

這款定位是外用油膏，重點是局部按摩、依標示使用。衛署成製015614，乙類成藥，資料可至衛福部中藥許可證系統查詢。

外用產品請依標示使用；身體不適、症狀持續或惡化時，請諮詢醫師或藥師。
下單前可先私訊索取藥證查詢方式與外盒標示照片。","","圖卡：背包太重後的肩膀保養 / 藥證可查 / 依標示使用","建議搭配：外盒標示實拍、藥證查詢截圖、產品質地短影片、客服回覆截圖（遮個資）。","衛福部中藥許可證：衛署成製015614；類別：乙類成藥；劑型：油膏劑。","退換貨、付款、客服、出貨、價格、通路與任何見證內容，發布前須由人工確認。","NO_LINE_API_CALL_NO_AUTO_PUBLISH_REVIEW_QUEUE_ONLY","LINE261","LINE_OA_LINE261_V2","2026-10-12"
"LINE_DRYRUN_262","P2_SAFE_TERM_CHECK","APPROVE_FOR_MANUAL_SCHEDULE","APPROVE_FOR_MANUAL_SCHEDULE | NEEDS_REWRITE | REJECT | LEGAL_REVIEW","OWNER","2026-06-16","Owner approved for manual schedule export only. Not approved for auto-publishing.","NO","APPROVED_FOR_MANUAL_SCHEDULE_ONLY","2026-10-25","20:00","LINE_OA","局部按摩和大面積厚敷的差別","NEEDS_HUMAN_REVIEW_SAFE_TERM_CHECK","","局部按摩和大面積厚敷的差別","局部按摩和大面積厚敷的差別

下單前，先看得懂標示與成分，比聽誇張話術更安心。

這款定位是外用油膏，重點是局部按摩、依標示使用。衛署成製015614，乙類成藥，資料可至衛福部中藥許可證系統查詢。

外用產品請依標示使用；身體不適、症狀持續或惡化時，請諮詢醫師或藥師。
下單前可先私訊索取藥證查詢方式與外盒標示照片。","","圖卡：局部按摩和大面積厚敷的差別 / 藥證可查 / 依標示使用","建議搭配：外盒標示實拍、藥證查詢截圖、產品質地短影片、客服回覆截圖（遮個資）。","衛福部中藥許可證：衛署成製015614；類別：乙類成藥；劑型：油膏劑。","退換貨、付款、客服、出貨、價格、通路與任何見證內容，發布前須由人工確認。","NO_LINE_API_CALL_NO_AUTO_PUBLISH_REVIEW_QUEUE_ONLY","LINE262","LINE_OA_LINE262_V2","2026-10-12"
"LINE_DRYRUN_263","P2_SAFE_TERM_CHECK","APPROVE_FOR_MANUAL_SCHEDULE","APPROVE_FOR_MANUAL_SCHEDULE | NEEDS_REWRITE | REJECT | LEGAL_REVIEW","OWNER","2026-06-16","Owner approved for manual schedule export only. Not approved for auto-publishing.","NO","APPROVED_FOR_MANUAL_SCHEDULE_ONLY","2026-10-26","12:00","LINE_OA","秋分後外出前暖身","NEEDS_HUMAN_REVIEW_SAFE_TERM_CHECK","","秋分後外出前暖身","秋分後外出前暖身

換季時，身體保養不需要複雜，穩定的小習慣比較長久。

這款定位是外用油膏，重點是局部按摩、依標示使用。衛署成製015614，乙類成藥，資料可至衛福部中藥許可證系統查詢。

外用產品請依標示使用；身體不適、症狀持續或惡化時，請諮詢醫師或藥師。
下單前可先私訊索取藥證查詢方式與外盒標示照片。","","圖卡：秋分後外出前暖身 / 藥證可查 / 依標示使用","建議搭配：外盒標示實拍、藥證查詢截圖、產品質地短影片、客服回覆截圖（遮個資）。","衛福部中藥許可證：衛署成製015614；類別：乙類成藥；劑型：油膏劑。","退換貨、付款、客服、出貨、價格、通路與任何見證內容，發布前須由人工確認。","NO_LINE_API_CALL_NO_AUTO_PUBLISH_REVIEW_QUEUE_ONLY","LINE263","LINE_OA_LINE263_V2","2026-10-13"
"LINE_DRYRUN_264","P2_SAFE_TERM_CHECK","APPROVE_FOR_MANUAL_SCHEDULE","APPROVE_FOR_MANUAL_SCHEDULE | NEEDS_REWRITE | REJECT | LEGAL_REVIEW","OWNER","2026-06-16","Owner approved for manual schedule export only. Not approved for auto-publishing.","NO","APPROVED_FOR_MANUAL_SCHEDULE_ONLY","2026-10-26","20:00","LINE_OA","症狀超過七天要停用並諮詢","NEEDS_HUMAN_REVIEW_SAFE_TERM_CHECK","","症狀超過七天要停用並諮詢","症狀超過七天要停用並諮詢

外用產品不是擦越多越好，用對位置、避開風險才安心。

這款定位是外用油膏，重點是局部按摩、依標示使用。衛署成製015614，乙類成藥，資料可至衛福部中藥許可證系統查詢。

外用產品請依標示使用；身體不適、症狀持續或惡化時，請諮詢醫師或藥師。
下單前可先私訊索取藥證查詢方式與外盒標示照片。","","圖卡：症狀超過七天要停用並諮詢 / 藥證可查 / 依標示使用","建議搭配：外盒標示實拍、藥證查詢截圖、產品質地短影片、客服回覆截圖（遮個資）。","衛福部中藥許可證：衛署成製015614；類別：乙類成藥；劑型：油膏劑。","退換貨、付款、客服、出貨、價格、通路與任何見證內容，發布前須由人工確認。","NO_LINE_API_CALL_NO_AUTO_PUBLISH_REVIEW_QUEUE_ONLY","LINE264","LINE_OA_LINE264_V2","2026-10-13"
"LINE_DRYRUN_265","P2_SAFE_TERM_CHECK","APPROVE_FOR_MANUAL_SCHEDULE","APPROVE_FOR_MANUAL_SCHEDULE | NEEDS_REWRITE | REJECT | LEGAL_REVIEW","OWNER","2026-06-16","Owner approved for manual schedule export only. Not approved for auto-publishing.","NO","APPROVED_FOR_MANUAL_SCHEDULE_ONLY","2026-10-27","12:00","LINE_OA","為什麼不鼓勵擦傷口","NEEDS_HUMAN_REVIEW_SAFE_TERM_CHECK","","為什麼不鼓勵擦傷口","為什麼不鼓勵擦傷口

我們寧願把資料講清楚，也不想用誇大的話讓你衝動購買。

這款定位是外用油膏，重點是局部按摩、依標示使用。衛署成製015614，乙類成藥，資料可至衛福部中藥許可證系統查詢。

外用產品請依標示使用；身體不適、症狀持續或惡化時，請諮詢醫師或藥師。
下單前可先私訊索取藥證查詢方式與外盒標示照片。","","圖卡：為什麼不鼓勵擦傷口 / 藥證可查 / 依標示使用","建議搭配：外盒標示實拍、藥證查詢截圖、產品質地短影片、客服回覆截圖（遮個資）。","衛福部中藥許可證：衛署成製015614；類別：乙類成藥；劑型：油膏劑。","退換貨、付款、客服、出貨、價格、通路與任何見證內容，發布前須由人工確認。","NO_LINE_API_CALL_NO_AUTO_PUBLISH_REVIEW_QUEUE_ONLY","LINE265","LINE_OA_LINE265_V2","2026-10-14"
"LINE_DRYRUN_266","P2_SAFE_TERM_CHECK","APPROVE_FOR_MANUAL_SCHEDULE","APPROVE_FOR_MANUAL_SCHEDULE | NEEDS_REWRITE | REJECT | LEGAL_REVIEW","OWNER","2026-06-16","Owner approved for manual schedule export only. Not approved for auto-publishing.","NO","APPROVED_FOR_MANUAL_SCHEDULE_ONLY","2026-10-27","20:00","LINE_OA","一條根可以天天厚敷嗎","NEEDS_HUMAN_REVIEW_SAFE_TERM_CHECK","","一條根可以天天厚敷嗎","一條根可以天天厚敷嗎

很多人不是不想保養，是不知道什麼情況該先問清楚。

這款定位是外用油膏，重點是局部按摩、依標示使用。衛署成製015614，乙類成藥，資料可至衛福部中藥許可證系統查詢。

外用產品請依標示使用；身體不適、症狀持續或惡化時，請諮詢醫師或藥師。
下單前可先私訊索取藥證查詢方式與外盒標示照片。","","圖卡：一條根可以天天厚敷嗎 / 藥證可查 / 依標示使用","建議搭配：外盒標示實拍、藥證查詢截圖、產品質地短影片、客服回覆截圖（遮個資）。","衛福部中藥許可證：衛署成製015614；類別：乙類成藥；劑型：油膏劑。","退換貨、付款、客服、出貨、價格、通路與任何見證內容，發布前須由人工確認。","NO_LINE_API_CALL_NO_AUTO_PUBLISH_REVIEW_QUEUE_ONLY","LINE266","LINE_OA_LINE266_V2","2026-10-14"
"LINE_DRYRUN_267","P2_SAFE_TERM_CHECK","APPROVE_FOR_MANUAL_SCHEDULE","APPROVE_FOR_MANUAL_SCHEDULE | NEEDS_REWRITE | REJECT | LEGAL_REVIEW","OWNER","2026-06-16","Owner approved for manual schedule export only. Not approved for auto-publishing.","NO","APPROVED_FOR_MANUAL_SCHEDULE_ONLY","2026-10-28","12:00","LINE_OA","運動後不要立刻熱敷加藥膏","NEEDS_HUMAN_REVIEW_SAFE_TERM_CHECK","","運動後不要立刻熱敷加藥膏","運動後不要立刻熱敷加藥膏

運動、搬重物、久站後，身體局部不適時，先休息、觀察，再做保守保養。

這款定位是外用油膏，重點是局部按摩、依標示使用。衛署成製015614，乙類成藥，資料可至衛福部中藥許可證系統查詢。

外用產品請依標示使用；身體不適、症狀持續或惡化時，請諮詢醫師或藥師。
下單前可先私訊索取藥證查詢方式與外盒標示照片。","","圖卡：運動後不要立刻熱敷加藥膏 / 藥證可查 / 依標示使用","建議搭配：外盒標示實拍、藥證查詢截圖、產品質地短影片、客服回覆截圖（遮個資）。","衛福部中藥許可證：衛署成製015614；類別：乙類成藥；劑型：油膏劑。","退換貨、付款、客服、出貨、價格、通路與任何見證內容，發布前須由人工確認。","NO_LINE_API_CALL_NO_AUTO_PUBLISH_REVIEW_QUEUE_ONLY","LINE267","LINE_OA_LINE267_V2","2026-10-15"
"LINE_DRYRUN_268","P2_SAFE_TERM_CHECK","APPROVE_FOR_MANUAL_SCHEDULE","APPROVE_FOR_MANUAL_SCHEDULE | NEEDS_REWRITE | REJECT | LEGAL_REVIEW","OWNER","2026-06-16","Owner approved for manual schedule export only. Not approved for auto-publishing.","NO","APPROVED_FOR_MANUAL_SCHEDULE_ONLY","2026-10-28","20:00","LINE_OA","使用前先小範圍測試","NEEDS_HUMAN_REVIEW_SAFE_TERM_CHECK","","使用前先小範圍測試","使用前先小範圍測試

下單前，先看得懂標示與成分，比聽誇張話術更安心。

這款定位是外用油膏，重點是局部按摩、依標示使用。衛署成製015614，乙類成藥，資料可至衛福部中藥許可證系統查詢。

外用產品請依標示使用；身體不適、症狀持續或惡化時，請諮詢醫師或藥師。
下單前可先私訊索取藥證查詢方式與外盒標示照片。","","圖卡：使用前先小範圍測試 / 藥證可查 / 依標示使用","建議搭配：外盒標示實拍、藥證查詢截圖、產品質地短影片、客服回覆截圖（遮個資）。","衛福部中藥許可證：衛署成製015614；類別：乙類成藥；劑型：油膏劑。","退換貨、付款、客服、出貨、價格、通路與任何見證內容，發布前須由人工確認。","NO_LINE_API_CALL_NO_AUTO_PUBLISH_REVIEW_QUEUE_ONLY","LINE268","LINE_OA_LINE268_V2","2026-10-15"
"LINE_DRYRUN_269","P2_SAFE_TERM_CHECK","APPROVE_FOR_MANUAL_SCHEDULE","APPROVE_FOR_MANUAL_SCHEDULE | NEEDS_REWRITE | REJECT | LEGAL_REVIEW","OWNER","2026-06-16","Owner approved for manual schedule export only. Not approved for auto-publishing.","NO","APPROVED_FOR_MANUAL_SCHEDULE_ONLY","2026-10-29","12:00","LINE_OA","長輩使用前先看標示","NEEDS_HUMAN_REVIEW_SAFE_TERM_CHECK","","長輩使用前先看標示","長輩使用前先看標示

幫長輩準備外用產品時，最重要的是安全、清楚、不要亂用。

這款定位是外用油膏，重點是局部按摩、依標示使用。衛署成製015614，乙類成藥，資料可至衛福部中藥許可證系統查詢。

外用產品請依標示使用；身體不適、症狀持續或惡化時，請諮詢醫師或藥師。
下單前可先私訊索取藥證查詢方式與外盒標示照片。","","圖卡：長輩使用前先看標示 / 藥證可查 / 依標示使用","建議搭配：外盒標示實拍、藥證查詢截圖、產品質地短影片、客服回覆截圖（遮個資）。","衛福部中藥許可證：衛署成製015614；類別：乙類成藥；劑型：油膏劑。","退換貨、付款、客服、出貨、價格、通路與任何見證內容，發布前須由人工確認。","NO_LINE_API_CALL_NO_AUTO_PUBLISH_REVIEW_QUEUE_ONLY","LINE269","LINE_OA_LINE269_V2","2026-10-16"
"LINE_DRYRUN_270","P2_SAFE_TERM_CHECK","APPROVE_FOR_MANUAL_SCHEDULE","APPROVE_FOR_MANUAL_SCHEDULE | NEEDS_REWRITE | REJECT | LEGAL_REVIEW","OWNER","2026-06-16","Owner approved for manual schedule export only. Not approved for auto-publishing.","NO","APPROVED_FOR_MANUAL_SCHEDULE_ONLY","2026-10-29","20:00","LINE_OA","皮膚刺激時要停止使用","NEEDS_HUMAN_REVIEW_SAFE_TERM_CHECK","","皮膚刺激時要停止使用","皮膚刺激時要停止使用

外用產品不是擦越多越好，用對位置、避開風險才安心。

這款定位是外用油膏，重點是局部按摩、依標示使用。衛署成製015614，乙類成藥，資料可至衛福部中藥許可證系統查詢。

外用產品請依標示使用；身體不適、症狀持續或惡化時，請諮詢醫師或藥師。
下單前可先私訊索取藥證查詢方式與外盒標示照片。","","圖卡：皮膚刺激時要停止使用 / 藥證可查 / 依標示使用","建議搭配：外盒標示實拍、藥證查詢截圖、產品質地短影片、客服回覆截圖（遮個資）。","衛福部中藥許可證：衛署成製015614；類別：乙類成藥；劑型：油膏劑。","退換貨、付款、客服、出貨、價格、通路與任何見證內容，發布前須由人工確認。","NO_LINE_API_CALL_NO_AUTO_PUBLISH_REVIEW_QUEUE_ONLY","LINE270","LINE_OA_LINE270_V2","2026-10-16"
"LINE_DRYRUN_271","P2_SAFE_TERM_CHECK","APPROVE_FOR_MANUAL_SCHEDULE","APPROVE_FOR_MANUAL_SCHEDULE | NEEDS_REWRITE | REJECT | LEGAL_REVIEW","OWNER","2026-06-16","Owner approved for manual schedule export only. Not approved for auto-publishing.","NO","APPROVED_FOR_MANUAL_SCHEDULE_ONLY","2026-10-30","12:00","LINE_OA","寒露後肩背保養","NEEDS_HUMAN_REVIEW_SAFE_TERM_CHECK","","寒露後肩背保養","寒露後肩背保養

換季時，身體保養不需要複雜，穩定的小習慣比較長久。

這款定位是外用油膏，重點是局部按摩、依標示使用。衛署成製015614，乙類成藥，資料可至衛福部中藥許可證系統查詢。

外用產品請依標示使用；身體不適、症狀持續或惡化時，請諮詢醫師或藥師。
下單前可先私訊索取藥證查詢方式與外盒標示照片。","","圖卡：寒露後肩背保養 / 藥證可查 / 依標示使用","建議搭配：外盒標示實拍、藥證查詢截圖、產品質地短影片、客服回覆截圖（遮個資）。","衛福部中藥許可證：衛署成製015614；類別：乙類成藥；劑型：油膏劑。","退換貨、付款、客服、出貨、價格、通路與任何見證內容，發布前須由人工確認。","NO_LINE_API_CALL_NO_AUTO_PUBLISH_REVIEW_QUEUE_ONLY","LINE271","LINE_OA_LINE271_V2","2026-10-17"
"LINE_DRYRUN_272","P2_SAFE_TERM_CHECK","APPROVE_FOR_MANUAL_SCHEDULE","APPROVE_FOR_MANUAL_SCHEDULE | NEEDS_REWRITE | REJECT | LEGAL_REVIEW","OWNER","2026-06-16","Owner approved for manual schedule export only. Not approved for auto-publishing.","NO","APPROVED_FOR_MANUAL_SCHEDULE_ONLY","2026-10-30","20:00","LINE_OA","輕微拉扯後的觀察重點","NEEDS_HUMAN_REVIEW_SAFE_TERM_CHECK","","輕微拉扯後的觀察重點","輕微拉扯後的觀察重點

運動、搬重物、久站後，身體局部不適時，先休息、觀察，再做保守保養。

這款定位是外用油膏，重點是局部按摩、依標示使用。衛署成製015614，乙類成藥，資料可至衛福部中藥許可證系統查詢。

外用產品請依標示使用；身體不適、症狀持續或惡化時，請諮詢醫師或藥師。
下單前可先私訊索取藥證查詢方式與外盒標示照片。","","圖卡：輕微拉扯後的觀察重點 / 藥證可查 / 依標示使用","建議搭配：外盒標示實拍、藥證查詢截圖、產品質地短影片、客服回覆截圖（遮個資）。","衛福部中藥許可證：衛署成製015614；類別：乙類成藥；劑型：油膏劑。","退換貨、付款、客服、出貨、價格、通路與任何見證內容，發布前須由人工確認。","NO_LINE_API_CALL_NO_AUTO_PUBLISH_REVIEW_QUEUE_ONLY","LINE272","LINE_OA_LINE272_V2","2026-10-17"
"LINE_DRYRUN_273","P2_SAFE_TERM_CHECK","APPROVE_FOR_MANUAL_SCHEDULE","APPROVE_FOR_MANUAL_SCHEDULE | NEEDS_REWRITE | REJECT | LEGAL_REVIEW","OWNER","2026-06-16","Owner approved for manual schedule export only. Not approved for auto-publishing.","NO","APPROVED_FOR_MANUAL_SCHEDULE_ONLY","2026-10-31","12:00","LINE_OA","擦完可以馬上熱敷嗎","NEEDS_HUMAN_REVIEW_SAFE_TERM_CHECK","","擦完可以馬上熱敷嗎","擦完可以馬上熱敷嗎

很多人不是不想保養，是不知道什麼情況該先問清楚。

這款定位是外用油膏，重點是局部按摩、依標示使用。衛署成製015614，乙類成藥，資料可至衛福部中藥許可證系統查詢。

外用產品請依標示使用；身體不適、症狀持續或惡化時，請諮詢醫師或藥師。
下單前可先私訊索取藥證查詢方式與外盒標示照片。","","圖卡：擦完可以馬上熱敷嗎 / 藥證可查 / 依標示使用","建議搭配：外盒標示實拍、藥證查詢截圖、產品質地短影片、客服回覆截圖（遮個資）。","衛福部中藥許可證：衛署成製015614；類別：乙類成藥；劑型：油膏劑。","退換貨、付款、客服、出貨、價格、通路與任何見證內容，發布前須由人工確認。","NO_LINE_API_CALL_NO_AUTO_PUBLISH_REVIEW_QUEUE_ONLY","LINE273","LINE_OA_LINE273_V2","2026-10-18"
"LINE_DRYRUN_274","P2_SAFE_TERM_CHECK","APPROVE_FOR_MANUAL_SCHEDULE","APPROVE_FOR_MANUAL_SCHEDULE | NEEDS_REWRITE | REJECT | LEGAL_REVIEW","OWNER","2026-06-16","Owner approved for manual schedule export only. Not approved for auto-publishing.","NO","APPROVED_FOR_MANUAL_SCHEDULE_ONLY","2026-10-31","20:00","LINE_OA","別把長期疼痛只當小問題","NEEDS_HUMAN_REVIEW_SAFE_TERM_CHECK","","別把長期疼痛只當小問題","別把長期疼痛只當小問題

幫長輩準備外用產品時，最重要的是安全、清楚、不要亂用。

這款定位是外用油膏，重點是局部按摩、依標示使用。衛署成製015614，乙類成藥，資料可至衛福部中藥許可證系統查詢。

外用產品請依標示使用；身體不適、症狀持續或惡化時，請諮詢醫師或藥師。
下單前可先私訊索取藥證查詢方式與外盒標示照片。","","圖卡：別把長期疼痛只當小問題 / 藥證可查 / 依標示使用","建議搭配：外盒標示實拍、藥證查詢截圖、產品質地短影片、客服回覆截圖（遮個資）。","衛福部中藥許可證：衛署成製015614；類別：乙類成藥；劑型：油膏劑。","退換貨、付款、客服、出貨、價格、通路與任何見證內容，發布前須由人工確認。","NO_LINE_API_CALL_NO_AUTO_PUBLISH_REVIEW_QUEUE_ONLY","LINE274","LINE_OA_LINE274_V2","2026-10-18"
"LINE_DRYRUN_275","P3_STANDARD_REVIEW","APPROVE_FOR_MANUAL_SCHEDULE","APPROVE_FOR_MANUAL_SCHEDULE | NEEDS_REWRITE | REJECT | LEGAL_REVIEW","OWNER","2026-06-16","Owner approved for manual schedule export only. Not approved for auto-publishing.","NO","APPROVED_FOR_MANUAL_SCHEDULE_ONLY","2026-11-01","12:00","LINE_OA","冷氣房肩頸緊繃保養","PASS_DRY_RUN_PENDING_HUMAN_REVIEW","","冷氣房肩頸緊繃保養","冷氣房肩頸緊繃保養

久坐、低頭、開會一整天後，肩頸常會提醒你該放鬆一下。

這款定位是外用油膏，重點是局部按摩、依標示使用。衛署成製015614，乙類成藥，資料可至衛福部中藥許可證系統查詢。

外用產品請依標示使用；身體不適、症狀持續或惡化時，請諮詢醫師或藥師。
下單前可先私訊索取藥證查詢方式與外盒標示照片。","","圖卡：冷氣房肩頸緊繃保養 / 藥證可查 / 依標示使用","建議搭配：外盒標示實拍、藥證查詢截圖、產品質地短影片、客服回覆截圖（遮個資）。","衛福部中藥許可證：衛署成製015614；類別：乙類成藥；劑型：油膏劑。","退換貨、付款、客服、出貨、價格、通路與任何見證內容，發布前須由人工確認。","NO_LINE_API_CALL_NO_AUTO_PUBLISH_REVIEW_QUEUE_ONLY","LINE275","LINE_OA_LINE275_V2","2026-10-19"
"LINE_DRYRUN_276","P2_SAFE_TERM_CHECK","APPROVE_FOR_MANUAL_SCHEDULE","APPROVE_FOR_MANUAL_SCHEDULE | NEEDS_REWRITE | REJECT | LEGAL_REVIEW","OWNER","2026-06-16","Owner approved for manual schedule export only. Not approved for auto-publishing.","NO","APPROVED_FOR_MANUAL_SCHEDULE_ONLY","2026-11-01","20:00","LINE_OA","產品不是神藥，定位要講清楚","NEEDS_HUMAN_REVIEW_SAFE_TERM_CHECK","","產品不是神藥，定位要講清楚","產品不是神藥，定位要講清楚

下單前，先看得懂標示與成分，比聽誇張話術更安心。

這款定位是外用油膏，重點是局部按摩、依標示使用。衛署成製015614，乙類成藥，資料可至衛福部中藥許可證系統查詢。

外用產品請依標示使用；身體不適、症狀持續或惡化時，請諮詢醫師或藥師。
下單前可先私訊索取藥證查詢方式與外盒標示照片。","","圖卡：產品不是神藥，定位要講清楚 / 藥證可查 / 依標示使用","建議搭配：外盒標示實拍、藥證查詢截圖、產品質地短影片、客服回覆截圖（遮個資）。","衛福部中藥許可證：衛署成製015614；類別：乙類成藥；劑型：油膏劑。","退換貨、付款、客服、出貨、價格、通路與任何見證內容，發布前須由人工確認。","NO_LINE_API_CALL_NO_AUTO_PUBLISH_REVIEW_QUEUE_ONLY","LINE276","LINE_OA_LINE276_V2","2026-10-19"
"LINE_DRYRUN_277","P2_SAFE_TERM_CHECK","APPROVE_FOR_MANUAL_SCHEDULE","APPROVE_FOR_MANUAL_SCHEDULE | NEEDS_REWRITE | REJECT | LEGAL_REVIEW","OWNER","2026-06-16","Owner approved for manual schedule export only. Not approved for auto-publishing.","NO","APPROVED_FOR_MANUAL_SCHEDULE_ONLY","2026-11-02","12:00","LINE_OA","立冬前後的日常舒緩儀式","NEEDS_HUMAN_REVIEW_SAFE_TERM_CHECK","","立冬前後的日常舒緩儀式","立冬前後的日常舒緩儀式

換季時，身體保養不需要複雜，穩定的小習慣比較長久。

這款定位是外用油膏，重點是局部按摩、依標示使用。衛署成製015614，乙類成藥，資料可至衛福部中藥許可證系統查詢。

外用產品請依標示使用；身體不適、症狀持續或惡化時，請諮詢醫師或藥師。
下單前可先私訊索取藥證查詢方式與外盒標示照片。","","圖卡：立冬前後的日常舒緩儀式 / 藥證可查 / 依標示使用","建議搭配：外盒標示實拍、藥證查詢截圖、產品質地短影片、客服回覆截圖（遮個資）。","衛福部中藥許可證：衛署成製015614；類別：乙類成藥；劑型：油膏劑。","退換貨、付款、客服、出貨、價格、通路與任何見證內容，發布前須由人工確認。","NO_LINE_API_CALL_NO_AUTO_PUBLISH_REVIEW_QUEUE_ONLY","LINE277","LINE_OA_LINE277_V2","2026-10-20"
"LINE_DRYRUN_278","P2_SAFE_TERM_CHECK","APPROVE_FOR_MANUAL_SCHEDULE","APPROVE_FOR_MANUAL_SCHEDULE | NEEDS_REWRITE | REJECT | LEGAL_REVIEW","OWNER","2026-06-16","Owner approved for manual schedule export only. Not approved for auto-publishing.","NO","APPROVED_FOR_MANUAL_SCHEDULE_ONLY","2026-11-02","20:00","LINE_OA","深層症狀不適合自行處理","NEEDS_HUMAN_REVIEW_SAFE_TERM_CHECK","","深層症狀不適合自行處理","深層症狀不適合自行處理

外用產品不是擦越多越好，用對位置、避開風險才安心。

這款定位是外用油膏，重點是局部按摩、依標示使用。衛署成製015614，乙類成藥，資料可至衛福部中藥許可證系統查詢。

外用產品請依標示使用；身體不適、症狀持續或惡化時，請諮詢醫師或藥師。
下單前可先私訊索取藥證查詢方式與外盒標示照片。","","圖卡：深層症狀不適合自行處理 / 藥證可查 / 依標示使用","建議搭配：外盒標示實拍、藥證查詢截圖、產品質地短影片、客服回覆截圖（遮個資）。","衛福部中藥許可證：衛署成製015614；類別：乙類成藥；劑型：油膏劑。","退換貨、付款、客服、出貨、價格、通路與任何見證內容，發布前須由人工確認。","NO_LINE_API_CALL_NO_AUTO_PUBLISH_REVIEW_QUEUE_ONLY","LINE278","LINE_OA_LINE278_V2","2026-10-20"
"LINE_DRYRUN_279","P2_SAFE_TERM_CHECK","APPROVE_FOR_MANUAL_SCHEDULE","APPROVE_FOR_MANUAL_SCHEDULE | NEEDS_REWRITE | REJECT | LEGAL_REVIEW","OWNER","2026-06-16","Owner approved for manual schedule export only. Not approved for auto-publishing.","NO","APPROVED_FOR_MANUAL_SCHEDULE_ONLY","2026-11-03","12:00","LINE_OA","買外用膏先看三件事","NEEDS_HUMAN_REVIEW_SAFE_TERM_CHECK","","買外用膏先看三件事","買外用膏先看三件事

我們寧願把資料講清楚，也不想用誇大的話讓你衝動購買。

這款定位是外用油膏，重點是局部按摩、依標示使用。衛署成製015614，乙類成藥，資料可至衛福部中藥許可證系統查詢。

外用產品請依標示使用；身體不適、症狀持續或惡化時，請諮詢醫師或藥師。
下單前可先私訊索取藥證查詢方式與外盒標示照片。","","圖卡：買外用膏先看三件事 / 藥證可查 / 依標示使用","建議搭配：外盒標示實拍、藥證查詢截圖、產品質地短影片、客服回覆截圖（遮個資）。","衛福部中藥許可證：衛署成製015614；類別：乙類成藥；劑型：油膏劑。","退換貨、付款、客服、出貨、價格、通路與任何見證內容，發布前須由人工確認。","NO_LINE_API_CALL_NO_AUTO_PUBLISH_REVIEW_QUEUE_ONLY","LINE279","LINE_OA_LINE279_V2","2026-10-21"
"LINE_DRYRUN_280","P2_SAFE_TERM_CHECK","APPROVE_FOR_MANUAL_SCHEDULE","APPROVE_FOR_MANUAL_SCHEDULE | NEEDS_REWRITE | REJECT | LEGAL_REVIEW","OWNER","2026-06-16","Owner approved for manual schedule export only. Not approved for auto-publishing.","NO","APPROVED_FOR_MANUAL_SCHEDULE_ONLY","2026-11-03","20:00","LINE_OA","哪些情況應該先就醫","NEEDS_HUMAN_REVIEW_SAFE_TERM_CHECK","","哪些情況應該先就醫","哪些情況應該先就醫

很多人不是不想保養，是不知道什麼情況該先問清楚。

這款定位是外用油膏，重點是局部按摩、依標示使用。衛署成製015614，乙類成藥，資料可至衛福部中藥許可證系統查詢。

外用產品請依標示使用；身體不適、症狀持續或惡化時，請諮詢醫師或藥師。
下單前可先私訊索取藥證查詢方式與外盒標示照片。","","圖卡：哪些情況應該先就醫 / 藥證可查 / 依標示使用","建議搭配：外盒標示實拍、藥證查詢截圖、產品質地短影片、客服回覆截圖（遮個資）。","衛福部中藥許可證：衛署成製015614；類別：乙類成藥；劑型：油膏劑。","退換貨、付款、客服、出貨、價格、通路與任何見證內容，發布前須由人工確認。","NO_LINE_API_CALL_NO_AUTO_PUBLISH_REVIEW_QUEUE_ONLY","LINE280","LINE_OA_LINE280_V2","2026-10-21"
"LINE_DRYRUN_281","P2_SAFE_TERM_CHECK","APPROVE_FOR_MANUAL_SCHEDULE","APPROVE_FOR_MANUAL_SCHEDULE | NEEDS_REWRITE | REJECT | LEGAL_REVIEW","OWNER","2026-06-16","Owner approved for manual schedule export only. Not approved for auto-publishing.","NO","APPROVED_FOR_MANUAL_SCHEDULE_ONLY","2026-11-04","12:00","LINE_OA","運動後局部痠痛的保守處理","NEEDS_HUMAN_REVIEW_SAFE_TERM_CHECK","","運動後局部痠痛的保守處理","運動後局部痠痛的保守處理

運動、搬重物、久站後，身體局部不適時，先休息、觀察，再做保守保養。

這款定位是外用油膏，重點是局部按摩、依標示使用。衛署成製015614，乙類成藥，資料可至衛福部中藥許可證系統查詢。

外用產品請依標示使用；身體不適、症狀持續或惡化時，請諮詢醫師或藥師。
下單前可先私訊索取藥證查詢方式與外盒標示照片。","","圖卡：運動後局部痠痛的保守處理 / 藥證可查 / 依標示使用","建議搭配：外盒標示實拍、藥證查詢截圖、產品質地短影片、客服回覆截圖（遮個資）。","衛福部中藥許可證：衛署成製015614；類別：乙類成藥；劑型：油膏劑。","退換貨、付款、客服、出貨、價格、通路與任何見證內容，發布前須由人工確認。","NO_LINE_API_CALL_NO_AUTO_PUBLISH_REVIEW_QUEUE_ONLY","LINE281","LINE_OA_LINE281_V2","2026-10-22"
"LINE_DRYRUN_282","P2_SAFE_TERM_CHECK","APPROVE_FOR_MANUAL_SCHEDULE","APPROVE_FOR_MANUAL_SCHEDULE | NEEDS_REWRITE | REJECT | LEGAL_REVIEW","OWNER","2026-06-16","Owner approved for manual schedule export only. Not approved for auto-publishing.","NO","APPROVED_FOR_MANUAL_SCHEDULE_ONLY","2026-11-04","20:00","LINE_OA","冬青油與清涼舒緩體感","NEEDS_HUMAN_REVIEW_SAFE_TERM_CHECK","","冬青油與清涼舒緩體感","冬青油與清涼舒緩體感

下單前，先看得懂標示與成分，比聽誇張話術更安心。

這款定位是外用油膏，重點是局部按摩、依標示使用。衛署成製015614，乙類成藥，資料可至衛福部中藥許可證系統查詢。

外用產品請依標示使用；身體不適、症狀持續或惡化時，請諮詢醫師或藥師。
下單前可先私訊索取藥證查詢方式與外盒標示照片。","","圖卡：冬青油與清涼舒緩體感 / 藥證可查 / 依標示使用","建議搭配：外盒標示實拍、藥證查詢截圖、產品質地短影片、客服回覆截圖（遮個資）。","衛福部中藥許可證：衛署成製015614；類別：乙類成藥；劑型：油膏劑。","退換貨、付款、客服、出貨、價格、通路與任何見證內容，發布前須由人工確認。","NO_LINE_API_CALL_NO_AUTO_PUBLISH_REVIEW_QUEUE_ONLY","LINE282","LINE_OA_LINE282_V2","2026-10-22"
"LINE_DRYRUN_283","P2_SAFE_TERM_CHECK","APPROVE_FOR_MANUAL_SCHEDULE","APPROVE_FOR_MANUAL_SCHEDULE | NEEDS_REWRITE | REJECT | LEGAL_REVIEW","OWNER","2026-06-16","Owner approved for manual schedule export only. Not approved for auto-publishing.","NO","APPROVED_FOR_MANUAL_SCHEDULE_ONLY","2026-11-05","12:00","LINE_OA","早晨活動前的關節暖身","NEEDS_HUMAN_REVIEW_SAFE_TERM_CHECK","","早晨活動前的關節暖身","早晨活動前的關節暖身

幫長輩準備外用產品時，最重要的是安全、清楚、不要亂用。

這款定位是外用油膏，重點是局部按摩、依標示使用。衛署成製015614，乙類成藥，資料可至衛福部中藥許可證系統查詢。

外用產品請依標示使用；身體不適、症狀持續或惡化時，請諮詢醫師或藥師。
下單前可先私訊索取藥證查詢方式與外盒標示照片。","","圖卡：早晨活動前的關節暖身 / 藥證可查 / 依標示使用","建議搭配：外盒標示實拍、藥證查詢截圖、產品質地短影片、客服回覆截圖（遮個資）。","衛福部中藥許可證：衛署成製015614；類別：乙類成藥；劑型：油膏劑。","退換貨、付款、客服、出貨、價格、通路與任何見證內容，發布前須由人工確認。","NO_LINE_API_CALL_NO_AUTO_PUBLISH_REVIEW_QUEUE_ONLY","LINE283","LINE_OA_LINE283_V2","2026-10-23"
"LINE_DRYRUN_284","P2_SAFE_TERM_CHECK","APPROVE_FOR_MANUAL_SCHEDULE","APPROVE_FOR_MANUAL_SCHEDULE | NEEDS_REWRITE | REJECT | LEGAL_REVIEW","OWNER","2026-06-16","Owner approved for manual schedule export only. Not approved for auto-publishing.","NO","APPROVED_FOR_MANUAL_SCHEDULE_ONLY","2026-11-05","20:00","LINE_OA","不能擦在破皮或傷口","NEEDS_HUMAN_REVIEW_SAFE_TERM_CHECK","","不能擦在破皮或傷口","不能擦在破皮或傷口

外用產品不是擦越多越好，用對位置、避開風險才安心。

這款定位是外用油膏，重點是局部按摩、依標示使用。衛署成製015614，乙類成藥，資料可至衛福部中藥許可證系統查詢。

外用產品請依標示使用；身體不適、症狀持續或惡化時，請諮詢醫師或藥師。
下單前可先私訊索取藥證查詢方式與外盒標示照片。","","圖卡：不能擦在破皮或傷口 / 藥證可查 / 依標示使用","建議搭配：外盒標示實拍、藥證查詢截圖、產品質地短影片、客服回覆截圖（遮個資）。","衛福部中藥許可證：衛署成製015614；類別：乙類成藥；劑型：油膏劑。","退換貨、付款、客服、出貨、價格、通路與任何見證內容，發布前須由人工確認。","NO_LINE_API_CALL_NO_AUTO_PUBLISH_REVIEW_QUEUE_ONLY","LINE284","LINE_OA_LINE284_V2","2026-10-23"
"LINE_DRYRUN_285","P2_SAFE_TERM_CHECK","APPROVE_FOR_MANUAL_SCHEDULE","APPROVE_FOR_MANUAL_SCHEDULE | NEEDS_REWRITE | REJECT | LEGAL_REVIEW","OWNER","2026-06-16","Owner approved for manual schedule export only. Not approved for auto-publishing.","NO","APPROVED_FOR_MANUAL_SCHEDULE_ONLY","2026-11-06","12:00","LINE_OA","芒種後濕熱生活保養","NEEDS_HUMAN_REVIEW_SAFE_TERM_CHECK","","芒種後濕熱生活保養","芒種後濕熱生活保養

換季時，身體保養不需要複雜，穩定的小習慣比較長久。

這款定位是外用油膏，重點是局部按摩、依標示使用。衛署成製015614，乙類成藥，資料可至衛福部中藥許可證系統查詢。

外用產品請依標示使用；身體不適、症狀持續或惡化時，請諮詢醫師或藥師。
下單前可先私訊索取藥證查詢方式與外盒標示照片。","","圖卡：芒種後濕熱生活保養 / 藥證可查 / 依標示使用","建議搭配：外盒標示實拍、藥證查詢截圖、產品質地短影片、客服回覆截圖（遮個資）。","衛福部中藥許可證：衛署成製015614；類別：乙類成藥；劑型：油膏劑。","退換貨、付款、客服、出貨、價格、通路與任何見證內容，發布前須由人工確認。","NO_LINE_API_CALL_NO_AUTO_PUBLISH_REVIEW_QUEUE_ONLY","LINE285","LINE_OA_LINE285_V2","2026-10-24"
"LINE_DRYRUN_286","P2_SAFE_TERM_CHECK","APPROVE_FOR_MANUAL_SCHEDULE","APPROVE_FOR_MANUAL_SCHEDULE | NEEDS_REWRITE | REJECT | LEGAL_REVIEW","OWNER","2026-06-16","Owner approved for manual schedule export only. Not approved for auto-publishing.","NO","APPROVED_FOR_MANUAL_SCHEDULE_ONLY","2026-11-06","20:00","LINE_OA","久站後小腿不適舒緩","NEEDS_HUMAN_REVIEW_SAFE_TERM_CHECK","","久站後小腿不適舒緩","久站後小腿不適舒緩

運動、搬重物、久站後，身體局部不適時，先休息、觀察，再做保守保養。

這款定位是外用油膏，重點是局部按摩、依標示使用。衛署成製015614，乙類成藥，資料可至衛福部中藥許可證系統查詢。

外用產品請依標示使用；身體不適、症狀持續或惡化時，請諮詢醫師或藥師。
下單前可先私訊索取藥證查詢方式與外盒標示照片。","","圖卡：久站後小腿不適舒緩 / 藥證可查 / 依標示使用","建議搭配：外盒標示實拍、藥證查詢截圖、產品質地短影片、客服回覆截圖（遮個資）。","衛福部中藥許可證：衛署成製015614；類別：乙類成藥；劑型：油膏劑。","退換貨、付款、客服、出貨、價格、通路與任何見證內容，發布前須由人工確認。","NO_LINE_API_CALL_NO_AUTO_PUBLISH_REVIEW_QUEUE_ONLY","LINE286","LINE_OA_LINE286_V2","2026-10-24"
"LINE_DRYRUN_287","P2_SAFE_TERM_CHECK","APPROVE_FOR_MANUAL_SCHEDULE","APPROVE_FOR_MANUAL_SCHEDULE | NEEDS_REWRITE | REJECT | LEGAL_REVIEW","OWNER","2026-06-16","Owner approved for manual schedule export only. Not approved for auto-publishing.","NO","APPROVED_FOR_MANUAL_SCHEDULE_ONLY","2026-11-07","12:00","LINE_OA","你最常哪個部位緊繃","NEEDS_HUMAN_REVIEW_SAFE_TERM_CHECK","","你最常哪個部位緊繃","你最常哪個部位緊繃

很多人不是不想保養，是不知道什麼情況該先問清楚。

這款定位是外用油膏，重點是局部按摩、依標示使用。衛署成製015614，乙類成藥，資料可至衛福部中藥許可證系統查詢。

外用產品請依標示使用；身體不適、症狀持續或惡化時，請諮詢醫師或藥師。
下單前可先私訊索取藥證查詢方式與外盒標示照片。","","圖卡：你最常哪個部位緊繃 / 藥證可查 / 依標示使用","建議搭配：外盒標示實拍、藥證查詢截圖、產品質地短影片、客服回覆截圖（遮個資）。","衛福部中藥許可證：衛署成製015614；類別：乙類成藥；劑型：油膏劑。","退換貨、付款、客服、出貨、價格、通路與任何見證內容，發布前須由人工確認。","NO_LINE_API_CALL_NO_AUTO_PUBLISH_REVIEW_QUEUE_ONLY","LINE287","LINE_OA_LINE287_V2","2026-10-25"
"LINE_DRYRUN_288","P2_SAFE_TERM_CHECK","APPROVE_FOR_MANUAL_SCHEDULE","APPROVE_FOR_MANUAL_SCHEDULE | NEEDS_REWRITE | REJECT | LEGAL_REVIEW","OWNER","2026-06-16","Owner approved for manual schedule export only. Not approved for auto-publishing.","NO","APPROVED_FOR_MANUAL_SCHEDULE_ONLY","2026-11-07","20:00","LINE_OA","長輩外用膏使用安全","NEEDS_HUMAN_REVIEW_SAFE_TERM_CHECK","","長輩外用膏使用安全","長輩外用膏使用安全

幫長輩準備外用產品時，最重要的是安全、清楚、不要亂用。

這款定位是外用油膏，重點是局部按摩、依標示使用。衛署成製015614，乙類成藥，資料可至衛福部中藥許可證系統查詢。

外用產品請依標示使用；身體不適、症狀持續或惡化時，請諮詢醫師或藥師。
下單前可先私訊索取藥證查詢方式與外盒標示照片。","","圖卡：長輩外用膏使用安全 / 藥證可查 / 依標示使用","建議搭配：外盒標示實拍、藥證查詢截圖、產品質地短影片、客服回覆截圖（遮個資）。","衛福部中藥許可證：衛署成製015614；類別：乙類成藥；劑型：油膏劑。","退換貨、付款、客服、出貨、價格、通路與任何見證內容，發布前須由人工確認。","NO_LINE_API_CALL_NO_AUTO_PUBLISH_REVIEW_QUEUE_ONLY","LINE288","LINE_OA_LINE288_V2","2026-10-25"
"LINE_DRYRUN_289","P3_STANDARD_REVIEW","APPROVE_FOR_MANUAL_SCHEDULE","APPROVE_FOR_MANUAL_SCHEDULE | NEEDS_REWRITE | REJECT | LEGAL_REVIEW","OWNER","2026-06-16","Owner approved for manual schedule export only. Not approved for auto-publishing.","NO","APPROVED_FOR_MANUAL_SCHEDULE_ONLY","2026-11-08","12:00","LINE_OA","低頭族肩頸緊繃的三個提醒","PASS_DRY_RUN_PENDING_HUMAN_REVIEW","","低頭族肩頸緊繃的三個提醒","低頭族肩頸緊繃的三個提醒

久坐、低頭、開會一整天後，肩頸常會提醒你該放鬆一下。

這款定位是外用油膏，重點是局部按摩、依標示使用。衛署成製015614，乙類成藥，資料可至衛福部中藥許可證系統查詢。

外用產品請依標示使用；身體不適、症狀持續或惡化時，請諮詢醫師或藥師。
下單前可先私訊索取藥證查詢方式與外盒標示照片。","","圖卡：低頭族肩頸緊繃的三個提醒 / 藥證可查 / 依標示使用","建議搭配：外盒標示實拍、藥證查詢截圖、產品質地短影片、客服回覆截圖（遮個資）。","衛福部中藥許可證：衛署成製015614；類別：乙類成藥；劑型：油膏劑。","退換貨、付款、客服、出貨、價格、通路與任何見證內容，發布前須由人工確認。","NO_LINE_API_CALL_NO_AUTO_PUBLISH_REVIEW_QUEUE_ONLY","LINE289","LINE_OA_LINE289_V2","2026-10-26"
"LINE_DRYRUN_290","P2_SAFE_TERM_CHECK","APPROVE_FOR_MANUAL_SCHEDULE","APPROVE_FOR_MANUAL_SCHEDULE | NEEDS_REWRITE | REJECT | LEGAL_REVIEW","OWNER","2026-06-16","Owner approved for manual schedule export only. Not approved for auto-publishing.","NO","APPROVED_FOR_MANUAL_SCHEDULE_ONLY","2026-11-08","20:00","LINE_OA","薄荷腦帶來的涼感來源","NEEDS_HUMAN_REVIEW_SAFE_TERM_CHECK","","薄荷腦帶來的涼感來源","薄荷腦帶來的涼感來源

下單前，先看得懂標示與成分，比聽誇張話術更安心。

這款定位是外用油膏，重點是局部按摩、依標示使用。衛署成製015614，乙類成藥，資料可至衛福部中藥許可證系統查詢。

外用產品請依標示使用；身體不適、症狀持續或惡化時，請諮詢醫師或藥師。
下單前可先私訊索取藥證查詢方式與外盒標示照片。","","圖卡：薄荷腦帶來的涼感來源 / 藥證可查 / 依標示使用","建議搭配：外盒標示實拍、藥證查詢截圖、產品質地短影片、客服回覆截圖（遮個資）。","衛福部中藥許可證：衛署成製015614；類別：乙類成藥；劑型：油膏劑。","退換貨、付款、客服、出貨、價格、通路與任何見證內容，發布前須由人工確認。","NO_LINE_API_CALL_NO_AUTO_PUBLISH_REVIEW_QUEUE_ONLY","LINE290","LINE_OA_LINE290_V2","2026-10-26"
"LINE_DRYRUN_291","P2_SAFE_TERM_CHECK","APPROVE_FOR_MANUAL_SCHEDULE","APPROVE_FOR_MANUAL_SCHEDULE | NEEDS_REWRITE | REJECT | LEGAL_REVIEW","OWNER","2026-06-16","Owner approved for manual schedule export only. Not approved for auto-publishing.","NO","APPROVED_FOR_MANUAL_SCHEDULE_ONLY","2026-11-09","12:00","LINE_OA","夏季冷氣房的肩頸保養","NEEDS_HUMAN_REVIEW_SAFE_TERM_CHECK","","夏季冷氣房的肩頸保養","夏季冷氣房的肩頸保養

換季時，身體保養不需要複雜，穩定的小習慣比較長久。

這款定位是外用油膏，重點是局部按摩、依標示使用。衛署成製015614，乙類成藥，資料可至衛福部中藥許可證系統查詢。

外用產品請依標示使用；身體不適、症狀持續或惡化時，請諮詢醫師或藥師。
下單前可先私訊索取藥證查詢方式與外盒標示照片。","","圖卡：夏季冷氣房的肩頸保養 / 藥證可查 / 依標示使用","建議搭配：外盒標示實拍、藥證查詢截圖、產品質地短影片、客服回覆截圖（遮個資）。","衛福部中藥許可證：衛署成製015614；類別：乙類成藥；劑型：油膏劑。","退換貨、付款、客服、出貨、價格、通路與任何見證內容，發布前須由人工確認。","NO_LINE_API_CALL_NO_AUTO_PUBLISH_REVIEW_QUEUE_ONLY","LINE291","LINE_OA_LINE291_V2","2026-10-27"
"LINE_DRYRUN_292","P2_SAFE_TERM_CHECK","APPROVE_FOR_MANUAL_SCHEDULE","APPROVE_FOR_MANUAL_SCHEDULE | NEEDS_REWRITE | REJECT | LEGAL_REVIEW","OWNER","2026-06-16","Owner approved for manual schedule export only. Not approved for auto-publishing.","NO","APPROVED_FOR_MANUAL_SCHEDULE_ONLY","2026-11-09","20:00","LINE_OA","外用膏避免眼周與黏膜","NEEDS_HUMAN_REVIEW_SAFE_TERM_CHECK","","外用膏避免眼周與黏膜","外用膏避免眼周與黏膜

外用產品不是擦越多越好，用對位置、避開風險才安心。

這款定位是外用油膏，重點是局部按摩、依標示使用。衛署成製015614，乙類成藥，資料可至衛福部中藥許可證系統查詢。

外用產品請依標示使用；身體不適、症狀持續或惡化時，請諮詢醫師或藥師。
下單前可先私訊索取藥證查詢方式與外盒標示照片。","","圖卡：外用膏避免眼周與黏膜 / 藥證可查 / 依標示使用","建議搭配：外盒標示實拍、藥證查詢截圖、產品質地短影片、客服回覆截圖（遮個資）。","衛福部中藥許可證：衛署成製015614；類別：乙類成藥；劑型：油膏劑。","退換貨、付款、客服、出貨、價格、通路與任何見證內容，發布前須由人工確認。","NO_LINE_API_CALL_NO_AUTO_PUBLISH_REVIEW_QUEUE_ONLY","LINE292","LINE_OA_LINE292_V2","2026-10-27"
"LINE_DRYRUN_293","P2_SAFE_TERM_CHECK","APPROVE_FOR_MANUAL_SCHEDULE","APPROVE_FOR_MANUAL_SCHEDULE | NEEDS_REWRITE | REJECT | LEGAL_REVIEW","OWNER","2026-06-16","Owner approved for manual schedule export only. Not approved for auto-publishing.","NO","APPROVED_FOR_MANUAL_SCHEDULE_ONLY","2026-11-10","12:00","LINE_OA","為什麼我們重視藥證與標示","NEEDS_HUMAN_REVIEW_SAFE_TERM_CHECK","","為什麼我們重視藥證與標示","為什麼我們重視藥證與標示

我們寧願把資料講清楚，也不想用誇大的話讓你衝動購買。

這款定位是外用油膏，重點是局部按摩、依標示使用。衛署成製015614，乙類成藥，資料可至衛福部中藥許可證系統查詢。

外用產品請依標示使用；身體不適、症狀持續或惡化時，請諮詢醫師或藥師。
下單前可先私訊索取藥證查詢方式與外盒標示照片。","","圖卡：為什麼我們重視藥證與標示 / 藥證可查 / 依標示使用","建議搭配：外盒標示實拍、藥證查詢截圖、產品質地短影片、客服回覆截圖（遮個資）。","衛福部中藥許可證：衛署成製015614；類別：乙類成藥；劑型：油膏劑。","退換貨、付款、客服、出貨、價格、通路與任何見證內容，發布前須由人工確認。","NO_LINE_API_CALL_NO_AUTO_PUBLISH_REVIEW_QUEUE_ONLY","LINE293","LINE_OA_LINE293_V2","2026-10-28"
"LINE_DRYRUN_294","P2_SAFE_TERM_CHECK","APPROVE_FOR_MANUAL_SCHEDULE","APPROVE_FOR_MANUAL_SCHEDULE | NEEDS_REWRITE | REJECT | LEGAL_REVIEW","OWNER","2026-06-16","Owner approved for manual schedule export only. Not approved for auto-publishing.","NO","APPROVED_FOR_MANUAL_SCHEDULE_ONLY","2026-11-10","20:00","LINE_OA","你習慣運動前還是運動後保養","NEEDS_HUMAN_REVIEW_SAFE_TERM_CHECK","","你習慣運動前還是運動後保養","你習慣運動前還是運動後保養

很多人不是不想保養，是不知道什麼情況該先問清楚。

這款定位是外用油膏，重點是局部按摩、依標示使用。衛署成製015614，乙類成藥，資料可至衛福部中藥許可證系統查詢。

外用產品請依標示使用；身體不適、症狀持續或惡化時，請諮詢醫師或藥師。
下單前可先私訊索取藥證查詢方式與外盒標示照片。","","圖卡：你習慣運動前還是運動後保養 / 藥證可查 / 依標示使用","建議搭配：外盒標示實拍、藥證查詢截圖、產品質地短影片、客服回覆截圖（遮個資）。","衛福部中藥許可證：衛署成製015614；類別：乙類成藥；劑型：油膏劑。","退換貨、付款、客服、出貨、價格、通路與任何見證內容，發布前須由人工確認。","NO_LINE_API_CALL_NO_AUTO_PUBLISH_REVIEW_QUEUE_ONLY","LINE294","LINE_OA_LINE294_V2","2026-10-28"
"LINE_DRYRUN_295","P2_SAFE_TERM_CHECK","APPROVE_FOR_MANUAL_SCHEDULE","APPROVE_FOR_MANUAL_SCHEDULE | NEEDS_REWRITE | REJECT | LEGAL_REVIEW","OWNER","2026-06-16","Owner approved for manual schedule export only. Not approved for auto-publishing.","NO","APPROVED_FOR_MANUAL_SCHEDULE_ONLY","2026-11-11","12:00","LINE_OA","搬重物後腰背保養","NEEDS_HUMAN_REVIEW_SAFE_TERM_CHECK","","搬重物後腰背保養","搬重物後腰背保養

運動、搬重物、久站後，身體局部不適時，先休息、觀察，再做保守保養。

這款定位是外用油膏，重點是局部按摩、依標示使用。衛署成製015614，乙類成藥，資料可至衛福部中藥許可證系統查詢。

外用產品請依標示使用；身體不適、症狀持續或惡化時，請諮詢醫師或藥師。
下單前可先私訊索取藥證查詢方式與外盒標示照片。","","圖卡：搬重物後腰背保養 / 藥證可查 / 依標示使用","建議搭配：外盒標示實拍、藥證查詢截圖、產品質地短影片、客服回覆截圖（遮個資）。","衛福部中藥許可證：衛署成製015614；類別：乙類成藥；劑型：油膏劑。","退換貨、付款、客服、出貨、價格、通路與任何見證內容，發布前須由人工確認。","NO_LINE_API_CALL_NO_AUTO_PUBLISH_REVIEW_QUEUE_ONLY","LINE295","LINE_OA_LINE295_V2","2026-10-29"
"LINE_DRYRUN_296","P2_SAFE_TERM_CHECK","APPROVE_FOR_MANUAL_SCHEDULE","APPROVE_FOR_MANUAL_SCHEDULE | NEEDS_REWRITE | REJECT | LEGAL_REVIEW","OWNER","2026-06-16","Owner approved for manual schedule export only. Not approved for auto-publishing.","NO","APPROVED_FOR_MANUAL_SCHEDULE_ONLY","2026-11-11","20:00","LINE_OA","樟腦外用時的注意界線","NEEDS_HUMAN_REVIEW_SAFE_TERM_CHECK","","樟腦外用時的注意界線","樟腦外用時的注意界線

下單前，先看得懂標示與成分，比聽誇張話術更安心。

這款定位是外用油膏，重點是局部按摩、依標示使用。衛署成製015614，乙類成藥，資料可至衛福部中藥許可證系統查詢。

外用產品請依標示使用；身體不適、症狀持續或惡化時，請諮詢醫師或藥師。
下單前可先私訊索取藥證查詢方式與外盒標示照片。","","圖卡：樟腦外用時的注意界線 / 藥證可查 / 依標示使用","建議搭配：外盒標示實拍、藥證查詢截圖、產品質地短影片、客服回覆截圖（遮個資）。","衛福部中藥許可證：衛署成製015614；類別：乙類成藥；劑型：油膏劑。","退換貨、付款、客服、出貨、價格、通路與任何見證內容，發布前須由人工確認。","NO_LINE_API_CALL_NO_AUTO_PUBLISH_REVIEW_QUEUE_ONLY","LINE296","LINE_OA_LINE296_V2","2026-10-29"
"LINE_DRYRUN_297","P1_REWRITTEN_RECHECK","APPROVE_FOR_MANUAL_SCHEDULE","APPROVE_FOR_MANUAL_SCHEDULE | NEEDS_REWRITE | REJECT | LEGAL_REVIEW","OWNER","2026-06-16","Owner approved for manual schedule export only. Not approved for auto-publishing.","NO","APPROVED_FOR_MANUAL_SCHEDULE_ONLY","2026-11-12","12:00","LINE_OA","輕微關節不適，日常保養要分清楚","PASS_REWRITTEN_PENDING_HUMAN_REVIEW","","輕微關節不適，日常保養要分清楚","輕微關節不適，日常保養要分清楚

幫長輩準備外用產品時，重點是安全、清楚、依標示使用，不把日常保養說成醫療效果。

這款定位是外用油膏，適合局部按摩放鬆與暫時舒緩日常不適。衛署成製015614，乙類成藥，資料可至衛福部中藥許可證系統查詢。

外用產品請依標示使用；身體不適、狀況持續或變嚴重時，請諮詢醫師或藥師。
下單前可先私訊索取藥證查詢方式與外盒標示照片。","保守教育型 LINE 貼文，強調依標示使用、局部按摩放鬆、身體狀況持續時諮詢醫師或藥師。","圖卡：輕微關節不適與日常保養要分清楚 / 藥證可查 / 依標示使用 / 局部按摩放鬆","建議搭配：外盒標示實拍、藥證查詢截圖、產品質地短影片、客服回覆截圖（遮個資）。","衛福部中藥許可證：衛署成製015614；類別：乙類成藥；劑型：油膏劑。","退換貨、付款、客服、出貨、價格、通路與任何見證內容，發布前須由人工確認。","NO_LINE_API_CALL_NO_AUTO_PUBLISH_REVIEW_QUEUE_ONLY","LINE297","LINE_OA_LINE297_V2","2026-10-30"
"LINE_DRYRUN_298","P2_SAFE_TERM_CHECK","APPROVE_FOR_MANUAL_SCHEDULE","APPROVE_FOR_MANUAL_SCHEDULE | NEEDS_REWRITE | REJECT | LEGAL_REVIEW","OWNER","2026-06-16","Owner approved for manual schedule export only. Not approved for auto-publishing.","NO","APPROVED_FOR_MANUAL_SCHEDULE_ONLY","2026-11-12","20:00","LINE_OA","不要搭配熱敷墊或電毯","NEEDS_HUMAN_REVIEW_SAFE_TERM_CHECK","","不要搭配熱敷墊或電毯","不要搭配熱敷墊或電毯

外用產品不是擦越多越好，用對位置、避開風險才安心。

這款定位是外用油膏，重點是局部按摩、依標示使用。衛署成製015614，乙類成藥，資料可至衛福部中藥許可證系統查詢。

外用產品請依標示使用；身體不適、症狀持續或惡化時，請諮詢醫師或藥師。
下單前可先私訊索取藥證查詢方式與外盒標示照片。","","圖卡：不要搭配熱敷墊或電毯 / 藥證可查 / 依標示使用","建議搭配：外盒標示實拍、藥證查詢截圖、產品質地短影片、客服回覆截圖（遮個資）。","衛福部中藥許可證：衛署成製015614；類別：乙類成藥；劑型：油膏劑。","退換貨、付款、客服、出貨、價格、通路與任何見證內容，發布前須由人工確認。","NO_LINE_API_CALL_NO_AUTO_PUBLISH_REVIEW_QUEUE_ONLY","LINE298","LINE_OA_LINE298_V2","2026-10-30"
"LINE_DRYRUN_299","P2_SAFE_TERM_CHECK","APPROVE_FOR_MANUAL_SCHEDULE","APPROVE_FOR_MANUAL_SCHEDULE | NEEDS_REWRITE | REJECT | LEGAL_REVIEW","OWNER","2026-06-16","Owner approved for manual schedule export only. Not approved for auto-publishing.","NO","APPROVED_FOR_MANUAL_SCHEDULE_ONLY","2026-11-13","12:00","LINE_OA","小暑前後活動舒適提醒","NEEDS_HUMAN_REVIEW_SAFE_TERM_CHECK","","小暑前後活動舒適提醒","小暑前後活動舒適提醒

換季時，身體保養不需要複雜，穩定的小習慣比較長久。

這款定位是外用油膏，重點是局部按摩、依標示使用。衛署成製015614，乙類成藥，資料可至衛福部中藥許可證系統查詢。

外用產品請依標示使用；身體不適、症狀持續或惡化時，請諮詢醫師或藥師。
下單前可先私訊索取藥證查詢方式與外盒標示照片。","","圖卡：小暑前後活動舒適提醒 / 藥證可查 / 依標示使用","建議搭配：外盒標示實拍、藥證查詢截圖、產品質地短影片、客服回覆截圖（遮個資）。","衛福部中藥許可證：衛署成製015614；類別：乙類成藥；劑型：油膏劑。","退換貨、付款、客服、出貨、價格、通路與任何見證內容，發布前須由人工確認。","NO_LINE_API_CALL_NO_AUTO_PUBLISH_REVIEW_QUEUE_ONLY","LINE299","LINE_OA_LINE299_V2","2026-10-31"
"LINE_DRYRUN_300","P2_SAFE_TERM_CHECK","APPROVE_FOR_MANUAL_SCHEDULE","APPROVE_FOR_MANUAL_SCHEDULE | NEEDS_REWRITE | REJECT | LEGAL_REVIEW","OWNER","2026-06-16","Owner approved for manual schedule export only. Not approved for auto-publishing.","NO","APPROVED_FOR_MANUAL_SCHEDULE_ONLY","2026-11-13","20:00","LINE_OA","爬山後腿部按摩提醒","NEEDS_HUMAN_REVIEW_SAFE_TERM_CHECK","","爬山後腿部按摩提醒","爬山後腿部按摩提醒

運動、搬重物、久站後，身體局部不適時，先休息、觀察，再做保守保養。

這款定位是外用油膏，重點是局部按摩、依標示使用。衛署成製015614，乙類成藥，資料可至衛福部中藥許可證系統查詢。

外用產品請依標示使用；身體不適、症狀持續或惡化時，請諮詢醫師或藥師。
下單前可先私訊索取藥證查詢方式與外盒標示照片。","","圖卡：爬山後腿部按摩提醒 / 藥證可查 / 依標示使用","建議搭配：外盒標示實拍、藥證查詢截圖、產品質地短影片、客服回覆截圖（遮個資）。","衛福部中藥許可證：衛署成製015614；類別：乙類成藥；劑型：油膏劑。","退換貨、付款、客服、出貨、價格、通路與任何見證內容，發布前須由人工確認。","NO_LINE_API_CALL_NO_AUTO_PUBLISH_REVIEW_QUEUE_ONLY","LINE300","LINE_OA_LINE300_V2","2026-10-31"
"LINE_DRYRUN_301","P2_SAFE_TERM_CHECK","APPROVE_FOR_MANUAL_SCHEDULE","APPROVE_FOR_MANUAL_SCHEDULE | NEEDS_REWRITE | REJECT | LEGAL_REVIEW","OWNER","2026-06-16","Owner approved for manual schedule export only. Not approved for auto-publishing.","NO","APPROVED_FOR_MANUAL_SCHEDULE_ONLY","2026-11-14","12:00","LINE_OA","外用膏一次擦多少才剛好","NEEDS_HUMAN_REVIEW_SAFE_TERM_CHECK","","外用膏一次擦多少才剛好","外用膏一次擦多少才剛好

很多人不是不想保養，是不知道什麼情況該先問清楚。

這款定位是外用油膏，重點是局部按摩、依標示使用。衛署成製015614，乙類成藥，資料可至衛福部中藥許可證系統查詢。

外用產品請依標示使用；身體不適、症狀持續或惡化時，請諮詢醫師或藥師。
下單前可先私訊索取藥證查詢方式與外盒標示照片。","","圖卡：外用膏一次擦多少才剛好 / 藥證可查 / 依標示使用","建議搭配：外盒標示實拍、藥證查詢截圖、產品質地短影片、客服回覆截圖（遮個資）。","衛福部中藥許可證：衛署成製015614；類別：乙類成藥；劑型：油膏劑。","退換貨、付款、客服、出貨、價格、通路與任何見證內容，發布前須由人工確認。","NO_LINE_API_CALL_NO_AUTO_PUBLISH_REVIEW_QUEUE_ONLY","LINE301","LINE_OA_LINE301_V2","2026-11-01"
"LINE_DRYRUN_302","P2_SAFE_TERM_CHECK","APPROVE_FOR_MANUAL_SCHEDULE","APPROVE_FOR_MANUAL_SCHEDULE | NEEDS_REWRITE | REJECT | LEGAL_REVIEW","OWNER","2026-06-16","Owner approved for manual schedule export only. Not approved for auto-publishing.","NO","APPROVED_FOR_MANUAL_SCHEDULE_ONLY","2026-11-14","20:00","LINE_OA","散步後的膝周保養","NEEDS_HUMAN_REVIEW_SAFE_TERM_CHECK","","散步後的膝周保養","散步後的膝周保養

幫長輩準備外用產品時，最重要的是安全、清楚、不要亂用。

這款定位是外用油膏，重點是局部按摩、依標示使用。衛署成製015614，乙類成藥，資料可至衛福部中藥許可證系統查詢。

外用產品請依標示使用；身體不適、症狀持續或惡化時，請諮詢醫師或藥師。
下單前可先私訊索取藥證查詢方式與外盒標示照片。","","圖卡：散步後的膝周保養 / 藥證可查 / 依標示使用","建議搭配：外盒標示實拍、藥證查詢截圖、產品質地短影片、客服回覆截圖（遮個資）。","衛福部中藥許可證：衛署成製015614；類別：乙類成藥；劑型：油膏劑。","退換貨、付款、客服、出貨、價格、通路與任何見證內容，發布前須由人工確認。","NO_LINE_API_CALL_NO_AUTO_PUBLISH_REVIEW_QUEUE_ONLY","LINE302","LINE_OA_LINE302_V2","2026-11-01"
"LINE_DRYRUN_303","P2_SAFE_TERM_CHECK","APPROVE_FOR_MANUAL_SCHEDULE","APPROVE_FOR_MANUAL_SCHEDULE | NEEDS_REWRITE | REJECT | LEGAL_REVIEW","OWNER","2026-06-16","Owner approved for manual schedule export only. Not approved for auto-publishing.","NO","APPROVED_FOR_MANUAL_SCHEDULE_ONLY","2026-11-15","12:00","LINE_OA","午休前的肩頸放鬆流程","NEEDS_HUMAN_REVIEW_SAFE_TERM_CHECK","","午休前的肩頸放鬆流程","午休前的肩頸放鬆流程

久坐、低頭、開會一整天後，肩頸常會提醒你該放鬆一下。

這款定位是外用油膏，重點是局部按摩、依標示使用。衛署成製015614，乙類成藥，資料可至衛福部中藥許可證系統查詢。

外用產品請依標示使用；身體不適、症狀持續或惡化時，請諮詢醫師或藥師。
下單前可先私訊索取藥證查詢方式與外盒標示照片。","","圖卡：午休前的肩頸放鬆流程 / 藥證可查 / 依標示使用","建議搭配：外盒標示實拍、藥證查詢截圖、產品質地短影片、客服回覆截圖（遮個資）。","衛福部中藥許可證：衛署成製015614；類別：乙類成藥；劑型：油膏劑。","退換貨、付款、客服、出貨、價格、通路與任何見證內容，發布前須由人工確認。","NO_LINE_API_CALL_NO_AUTO_PUBLISH_REVIEW_QUEUE_ONLY","LINE303","LINE_OA_LINE303_V2","2026-11-02"
"LINE_DRYRUN_304","P2_SAFE_TERM_CHECK","APPROVE_FOR_MANUAL_SCHEDULE","APPROVE_FOR_MANUAL_SCHEDULE | NEEDS_REWRITE | REJECT | LEGAL_REVIEW","OWNER","2026-06-16","Owner approved for manual schedule export only. Not approved for auto-publishing.","NO","APPROVED_FOR_MANUAL_SCHEDULE_ONLY","2026-11-15","20:00","LINE_OA","油膏劑為什麼適合局部按摩","NEEDS_HUMAN_REVIEW_SAFE_TERM_CHECK","","油膏劑為什麼適合局部按摩","油膏劑為什麼適合局部按摩

下單前，先看得懂標示與成分，比聽誇張話術更安心。

這款定位是外用油膏，重點是局部按摩、依標示使用。衛署成製015614，乙類成藥，資料可至衛福部中藥許可證系統查詢。

外用產品請依標示使用；身體不適、症狀持續或惡化時，請諮詢醫師或藥師。
下單前可先私訊索取藥證查詢方式與外盒標示照片。","","圖卡：油膏劑為什麼適合局部按摩 / 藥證可查 / 依標示使用","建議搭配：外盒標示實拍、藥證查詢截圖、產品質地短影片、客服回覆截圖（遮個資）。","衛福部中藥許可證：衛署成製015614；類別：乙類成藥；劑型：油膏劑。","退換貨、付款、客服、出貨、價格、通路與任何見證內容，發布前須由人工確認。","NO_LINE_API_CALL_NO_AUTO_PUBLISH_REVIEW_QUEUE_ONLY","LINE304","LINE_OA_LINE304_V2","2026-11-02"
"LINE_DRYRUN_305","P2_SAFE_TERM_CHECK","APPROVE_FOR_MANUAL_SCHEDULE","APPROVE_FOR_MANUAL_SCHEDULE | NEEDS_REWRITE | REJECT | LEGAL_REVIEW","OWNER","2026-06-16","Owner approved for manual schedule export only. Not approved for auto-publishing.","NO","APPROVED_FOR_MANUAL_SCHEDULE_ONLY","2026-11-16","12:00","LINE_OA","大暑午後少久站硬撐","NEEDS_HUMAN_REVIEW_SAFE_TERM_CHECK","","大暑午後少久站硬撐","大暑午後少久站硬撐

換季時，身體保養不需要複雜，穩定的小習慣比較長久。

這款定位是外用油膏，重點是局部按摩、依標示使用。衛署成製015614，乙類成藥，資料可至衛福部中藥許可證系統查詢。

外用產品請依標示使用；身體不適、症狀持續或惡化時，請諮詢醫師或藥師。
下單前可先私訊索取藥證查詢方式與外盒標示照片。","","圖卡：大暑午後少久站硬撐 / 藥證可查 / 依標示使用","建議搭配：外盒標示實拍、藥證查詢截圖、產品質地短影片、客服回覆截圖（遮個資）。","衛福部中藥許可證：衛署成製015614；類別：乙類成藥；劑型：油膏劑。","退換貨、付款、客服、出貨、價格、通路與任何見證內容，發布前須由人工確認。","NO_LINE_API_CALL_NO_AUTO_PUBLISH_REVIEW_QUEUE_ONLY","LINE305","LINE_OA_LINE305_V2","2026-11-03"
"LINE_DRYRUN_306","P2_SAFE_TERM_CHECK","APPROVE_FOR_MANUAL_SCHEDULE","APPROVE_FOR_MANUAL_SCHEDULE | NEEDS_REWRITE | REJECT | LEGAL_REVIEW","OWNER","2026-06-16","Owner approved for manual schedule export only. Not approved for auto-publishing.","NO","APPROVED_FOR_MANUAL_SCHEDULE_ONLY","2026-11-16","20:00","LINE_OA","不要密封包紮或大面積厚敷","NEEDS_HUMAN_REVIEW_SAFE_TERM_CHECK","","不要密封包紮或大面積厚敷","不要密封包紮或大面積厚敷

外用產品不是擦越多越好，用對位置、避開風險才安心。

這款定位是外用油膏，重點是局部按摩、依標示使用。衛署成製015614，乙類成藥，資料可至衛福部中藥許可證系統查詢。

外用產品請依標示使用；身體不適、症狀持續或惡化時，請諮詢醫師或藥師。
下單前可先私訊索取藥證查詢方式與外盒標示照片。","","圖卡：不要密封包紮或大面積厚敷 / 藥證可查 / 依標示使用","建議搭配：外盒標示實拍、藥證查詢截圖、產品質地短影片、客服回覆截圖（遮個資）。","衛福部中藥許可證：衛署成製015614；類別：乙類成藥；劑型：油膏劑。","退換貨、付款、客服、出貨、價格、通路與任何見證內容，發布前須由人工確認。","NO_LINE_API_CALL_NO_AUTO_PUBLISH_REVIEW_QUEUE_ONLY","LINE306","LINE_OA_LINE306_V2","2026-11-03"
"LINE_DRYRUN_307","P2_SAFE_TERM_CHECK","APPROVE_FOR_MANUAL_SCHEDULE","APPROVE_FOR_MANUAL_SCHEDULE | NEEDS_REWRITE | REJECT | LEGAL_REVIEW","OWNER","2026-06-16","Owner approved for manual schedule export only. Not approved for auto-publishing.","NO","APPROVED_FOR_MANUAL_SCHEDULE_ONLY","2026-11-17","12:00","LINE_OA","藥證可查代表什麼","NEEDS_HUMAN_REVIEW_SAFE_TERM_CHECK","","藥證可查代表什麼","藥證可查代表什麼

我們寧願把資料講清楚，也不想用誇大的話讓你衝動購買。

這款定位是外用油膏，重點是局部按摩、依標示使用。衛署成製015614，乙類成藥，資料可至衛福部中藥許可證系統查詢。

外用產品請依標示使用；身體不適、症狀持續或惡化時，請諮詢醫師或藥師。
下單前可先私訊索取藥證查詢方式與外盒標示照片。","","圖卡：藥證可查代表什麼 / 藥證可查 / 依標示使用","建議搭配：外盒標示實拍、藥證查詢截圖、產品質地短影片、客服回覆截圖（遮個資）。","衛福部中藥許可證：衛署成製015614；類別：乙類成藥；劑型：油膏劑。","退換貨、付款、客服、出貨、價格、通路與任何見證內容，發布前須由人工確認。","NO_LINE_API_CALL_NO_AUTO_PUBLISH_REVIEW_QUEUE_ONLY","LINE307","LINE_OA_LINE307_V2","2026-11-04"
"LINE_DRYRUN_308","P2_SAFE_TERM_CHECK","APPROVE_FOR_MANUAL_SCHEDULE","APPROVE_FOR_MANUAL_SCHEDULE | NEEDS_REWRITE | REJECT | LEGAL_REVIEW","OWNER","2026-06-16","Owner approved for manual schedule export only. Not approved for auto-publishing.","NO","APPROVED_FOR_MANUAL_SCHEDULE_ONLY","2026-11-17","20:00","LINE_OA","涼感越強越有效嗎","NEEDS_HUMAN_REVIEW_SAFE_TERM_CHECK","","涼感越強越有效嗎","涼感越強越有效嗎

很多人不是不想保養，是不知道什麼情況該先問清楚。

這款定位是外用油膏，重點是局部按摩、依標示使用。衛署成製015614，乙類成藥，資料可至衛福部中藥許可證系統查詢。

外用產品請依標示使用；身體不適、症狀持續或惡化時，請諮詢醫師或藥師。
下單前可先私訊索取藥證查詢方式與外盒標示照片。","","圖卡：涼感越強越有效嗎 / 藥證可查 / 依標示使用","建議搭配：外盒標示實拍、藥證查詢截圖、產品質地短影片、客服回覆截圖（遮個資）。","衛福部中藥許可證：衛署成製015614；類別：乙類成藥；劑型：油膏劑。","退換貨、付款、客服、出貨、價格、通路與任何見證內容，發布前須由人工確認。","NO_LINE_API_CALL_NO_AUTO_PUBLISH_REVIEW_QUEUE_ONLY","LINE308","LINE_OA_LINE308_V2","2026-11-04"
"LINE_DRYRUN_309","P3_STANDARD_REVIEW","APPROVE_FOR_MANUAL_SCHEDULE","APPROVE_FOR_MANUAL_SCHEDULE | NEEDS_REWRITE | REJECT | LEGAL_REVIEW","OWNER","2026-06-16","Owner approved for manual schedule export only. Not approved for auto-publishing.","NO","APPROVED_FOR_MANUAL_SCHEDULE_ONLY","2026-11-18","12:00","LINE_OA","重訓後肩背局部舒緩","PASS_DRY_RUN_PENDING_HUMAN_REVIEW","","重訓後肩背局部舒緩","重訓後肩背局部舒緩

運動、搬重物、久站後，身體局部不適時，先休息、觀察，再做保守保養。

這款定位是外用油膏，重點是局部按摩、依標示使用。衛署成製015614，乙類成藥，資料可至衛福部中藥許可證系統查詢。

外用產品請依標示使用；身體不適、症狀持續或惡化時，請諮詢醫師或藥師。
下單前可先私訊索取藥證查詢方式與外盒標示照片。","","圖卡：重訓後肩背局部舒緩 / 藥證可查 / 依標示使用","建議搭配：外盒標示實拍、藥證查詢截圖、產品質地短影片、客服回覆截圖（遮個資）。","衛福部中藥許可證：衛署成製015614；類別：乙類成藥；劑型：油膏劑。","退換貨、付款、客服、出貨、價格、通路與任何見證內容，發布前須由人工確認。","NO_LINE_API_CALL_NO_AUTO_PUBLISH_REVIEW_QUEUE_ONLY","LINE309","LINE_OA_LINE309_V2","2026-11-05"
"LINE_DRYRUN_310","P2_SAFE_TERM_CHECK","APPROVE_FOR_MANUAL_SCHEDULE","APPROVE_FOR_MANUAL_SCHEDULE | NEEDS_REWRITE | REJECT | LEGAL_REVIEW","OWNER","2026-06-16","Owner approved for manual schedule export only. Not approved for auto-publishing.","NO","APPROVED_FOR_MANUAL_SCHEDULE_ONLY","2026-11-18","20:00","LINE_OA","乙類成藥與一般保健品差異","NEEDS_HUMAN_REVIEW_SAFE_TERM_CHECK","","乙類成藥與一般保健品差異","乙類成藥與一般保健品差異

下單前，先看得懂標示與成分，比聽誇張話術更安心。

這款定位是外用油膏，重點是局部按摩、依標示使用。衛署成製015614，乙類成藥，資料可至衛福部中藥許可證系統查詢。

外用產品請依標示使用；身體不適、症狀持續或惡化時，請諮詢醫師或藥師。
下單前可先私訊索取藥證查詢方式與外盒標示照片。","","圖卡：乙類成藥與一般保健品差異 / 藥證可查 / 依標示使用","建議搭配：外盒標示實拍、藥證查詢截圖、產品質地短影片、客服回覆截圖（遮個資）。","衛福部中藥許可證：衛署成製015614；類別：乙類成藥；劑型：油膏劑。","退換貨、付款、客服、出貨、價格、通路與任何見證內容，發布前須由人工確認。","NO_LINE_API_CALL_NO_AUTO_PUBLISH_REVIEW_QUEUE_ONLY","LINE310","LINE_OA_LINE310_V2","2026-11-05"
"LINE_DRYRUN_311","P2_SAFE_TERM_CHECK","APPROVE_FOR_MANUAL_SCHEDULE","APPROVE_FOR_MANUAL_SCHEDULE | NEEDS_REWRITE | REJECT | LEGAL_REVIEW","OWNER","2026-06-16","Owner approved for manual schedule export only. Not approved for auto-publishing.","NO","APPROVED_FOR_MANUAL_SCHEDULE_ONLY","2026-11-19","12:00","LINE_OA","天氣變化時的活動舒適感","NEEDS_HUMAN_REVIEW_SAFE_TERM_CHECK","","天氣變化時的活動舒適感","天氣變化時的活動舒適感

幫長輩準備外用產品時，最重要的是安全、清楚、不要亂用。

這款定位是外用油膏，重點是局部按摩、依標示使用。衛署成製015614，乙類成藥，資料可至衛福部中藥許可證系統查詢。

外用產品請依標示使用；身體不適、症狀持續或惡化時，請諮詢醫師或藥師。
下單前可先私訊索取藥證查詢方式與外盒標示照片。","","圖卡：天氣變化時的活動舒適感 / 藥證可查 / 依標示使用","建議搭配：外盒標示實拍、藥證查詢截圖、產品質地短影片、客服回覆截圖（遮個資）。","衛福部中藥許可證：衛署成製015614；類別：乙類成藥；劑型：油膏劑。","退換貨、付款、客服、出貨、價格、通路與任何見證內容，發布前須由人工確認。","NO_LINE_API_CALL_NO_AUTO_PUBLISH_REVIEW_QUEUE_ONLY","LINE311","LINE_OA_LINE311_V2","2026-11-06"
"LINE_DRYRUN_312","P2_SAFE_TERM_CHECK","APPROVE_FOR_MANUAL_SCHEDULE","APPROVE_FOR_MANUAL_SCHEDULE | NEEDS_REWRITE | REJECT | LEGAL_REVIEW","OWNER","2026-06-16","Owner approved for manual schedule export only. Not approved for auto-publishing.","NO","APPROVED_FOR_MANUAL_SCHEDULE_ONLY","2026-11-19","20:00","LINE_OA","水楊酸或阿斯匹靈過敏者注意","NEEDS_HUMAN_REVIEW_SAFE_TERM_CHECK","","水楊酸或阿斯匹靈過敏者注意","水楊酸或阿斯匹靈過敏者注意

外用產品不是擦越多越好，用對位置、避開風險才安心。

這款定位是外用油膏，重點是局部按摩、依標示使用。衛署成製015614，乙類成藥，資料可至衛福部中藥許可證系統查詢。

外用產品請依標示使用；身體不適、症狀持續或惡化時，請諮詢醫師或藥師。
下單前可先私訊索取藥證查詢方式與外盒標示照片。","","圖卡：水楊酸或阿斯匹靈過敏者注意 / 藥證可查 / 依標示使用","建議搭配：外盒標示實拍、藥證查詢截圖、產品質地短影片、客服回覆截圖（遮個資）。","衛福部中藥許可證：衛署成製015614；類別：乙類成藥；劑型：油膏劑。","退換貨、付款、客服、出貨、價格、通路與任何見證內容，發布前須由人工確認。","NO_LINE_API_CALL_NO_AUTO_PUBLISH_REVIEW_QUEUE_ONLY","LINE312","LINE_OA_LINE312_V2","2026-11-06"
"LINE_DRYRUN_313","P2_SAFE_TERM_CHECK","APPROVE_FOR_MANUAL_SCHEDULE","APPROVE_FOR_MANUAL_SCHEDULE | NEEDS_REWRITE | REJECT | LEGAL_REVIEW","OWNER","2026-06-16","Owner approved for manual schedule export only. Not approved for auto-publishing.","NO","APPROVED_FOR_MANUAL_SCHEDULE_ONLY","2026-11-20","12:00","LINE_OA","立秋後早晚溫差保養","NEEDS_HUMAN_REVIEW_SAFE_TERM_CHECK","","立秋後早晚溫差保養","立秋後早晚溫差保養

換季時，身體保養不需要複雜，穩定的小習慣比較長久。

這款定位是外用油膏，重點是局部按摩、依標示使用。衛署成製015614，乙類成藥，資料可至衛福部中藥許可證系統查詢。

外用產品請依標示使用；身體不適、症狀持續或惡化時，請諮詢醫師或藥師。
下單前可先私訊索取藥證查詢方式與外盒標示照片。","","圖卡：立秋後早晚溫差保養 / 藥證可查 / 依標示使用","建議搭配：外盒標示實拍、藥證查詢截圖、產品質地短影片、客服回覆截圖（遮個資）。","衛福部中藥許可證：衛署成製015614；類別：乙類成藥；劑型：油膏劑。","退換貨、付款、客服、出貨、價格、通路與任何見證內容，發布前須由人工確認。","NO_LINE_API_CALL_NO_AUTO_PUBLISH_REVIEW_QUEUE_ONLY","LINE313","LINE_OA_LINE313_V2","2026-11-07"
"LINE_DRYRUN_314","P2_SAFE_TERM_CHECK","APPROVE_FOR_MANUAL_SCHEDULE","APPROVE_FOR_MANUAL_SCHEDULE | NEEDS_REWRITE | REJECT | LEGAL_REVIEW","OWNER","2026-06-16","Owner approved for manual schedule export only. Not approved for auto-publishing.","NO","APPROVED_FOR_MANUAL_SCHEDULE_ONLY","2026-11-20","20:00","LINE_OA","家事後手臂不適保養","NEEDS_HUMAN_REVIEW_SAFE_TERM_CHECK","","家事後手臂不適保養","家事後手臂不適保養

運動、搬重物、久站後，身體局部不適時，先休息、觀察，再做保守保養。

這款定位是外用油膏，重點是局部按摩、依標示使用。衛署成製015614，乙類成藥，資料可至衛福部中藥許可證系統查詢。

外用產品請依標示使用；身體不適、症狀持續或惡化時，請諮詢醫師或藥師。
下單前可先私訊索取藥證查詢方式與外盒標示照片。","","圖卡：家事後手臂不適保養 / 藥證可查 / 依標示使用","建議搭配：外盒標示實拍、藥證查詢截圖、產品質地短影片、客服回覆截圖（遮個資）。","衛福部中藥許可證：衛署成製015614；類別：乙類成藥；劑型：油膏劑。","退換貨、付款、客服、出貨、價格、通路與任何見證內容，發布前須由人工確認。","NO_LINE_API_CALL_NO_AUTO_PUBLISH_REVIEW_QUEUE_ONLY","LINE314","LINE_OA_LINE314_V2","2026-11-07"
"LINE_DRYRUN_315","P2_SAFE_TERM_CHECK","APPROVE_FOR_MANUAL_SCHEDULE","APPROVE_FOR_MANUAL_SCHEDULE | NEEDS_REWRITE | REJECT | LEGAL_REVIEW","OWNER","2026-06-16","Owner approved for manual schedule export only. Not approved for auto-publishing.","NO","APPROVED_FOR_MANUAL_SCHEDULE_ONLY","2026-11-21","12:00","LINE_OA","你有看過外用產品標示嗎","NEEDS_HUMAN_REVIEW_SAFE_TERM_CHECK","","你有看過外用產品標示嗎","你有看過外用產品標示嗎

很多人不是不想保養，是不知道什麼情況該先問清楚。

這款定位是外用油膏，重點是局部按摩、依標示使用。衛署成製015614，乙類成藥，資料可至衛福部中藥許可證系統查詢。

外用產品請依標示使用；身體不適、症狀持續或惡化時，請諮詢醫師或藥師。
下單前可先私訊索取藥證查詢方式與外盒標示照片。","","圖卡：你有看過外用產品標示嗎 / 藥證可查 / 依標示使用","建議搭配：外盒標示實拍、藥證查詢截圖、產品質地短影片、客服回覆截圖（遮個資）。","衛福部中藥許可證：衛署成製015614；類別：乙類成藥；劑型：油膏劑。","退換貨、付款、客服、出貨、價格、通路與任何見證內容，發布前須由人工確認。","NO_LINE_API_CALL_NO_AUTO_PUBLISH_REVIEW_QUEUE_ONLY","LINE315","LINE_OA_LINE315_V2","2026-11-08"
"LINE_DRYRUN_316","P2_SAFE_TERM_CHECK","APPROVE_FOR_MANUAL_SCHEDULE","APPROVE_FOR_MANUAL_SCHEDULE | NEEDS_REWRITE | REJECT | LEGAL_REVIEW","OWNER","2026-06-16","Owner approved for manual schedule export only. Not approved for auto-publishing.","NO","APPROVED_FOR_MANUAL_SCHEDULE_ONLY","2026-11-21","20:00","LINE_OA","長輩按摩力道不要過重","NEEDS_HUMAN_REVIEW_SAFE_TERM_CHECK","","長輩按摩力道不要過重","長輩按摩力道不要過重

幫長輩準備外用產品時，最重要的是安全、清楚、不要亂用。

這款定位是外用油膏，重點是局部按摩、依標示使用。衛署成製015614，乙類成藥，資料可至衛福部中藥許可證系統查詢。

外用產品請依標示使用；身體不適、症狀持續或惡化時，請諮詢醫師或藥師。
下單前可先私訊索取藥證查詢方式與外盒標示照片。","","圖卡：長輩按摩力道不要過重 / 藥證可查 / 依標示使用","建議搭配：外盒標示實拍、藥證查詢截圖、產品質地短影片、客服回覆截圖（遮個資）。","衛福部中藥許可證：衛署成製015614；類別：乙類成藥；劑型：油膏劑。","退換貨、付款、客服、出貨、價格、通路與任何見證內容，發布前須由人工確認。","NO_LINE_API_CALL_NO_AUTO_PUBLISH_REVIEW_QUEUE_ONLY","LINE316","LINE_OA_LINE316_V2","2026-11-08"
"LINE_DRYRUN_317","P2_SAFE_TERM_CHECK","APPROVE_FOR_MANUAL_SCHEDULE","APPROVE_FOR_MANUAL_SCHEDULE | NEEDS_REWRITE | REJECT | LEGAL_REVIEW","OWNER","2026-06-16","Owner approved for manual schedule export only. Not approved for auto-publishing.","NO","APPROVED_FOR_MANUAL_SCHEDULE_ONLY","2026-11-22","12:00","LINE_OA","開會久坐後的腰背舒緩","NEEDS_HUMAN_REVIEW_SAFE_TERM_CHECK","","開會久坐後的腰背舒緩","開會久坐後的腰背舒緩

久坐、低頭、開會一整天後，肩頸常會提醒你該放鬆一下。

這款定位是外用油膏，重點是局部按摩、依標示使用。衛署成製015614，乙類成藥，資料可至衛福部中藥許可證系統查詢。

外用產品請依標示使用；身體不適、症狀持續或惡化時，請諮詢醫師或藥師。
下單前可先私訊索取藥證查詢方式與外盒標示照片。","","圖卡：開會久坐後的腰背舒緩 / 藥證可查 / 依標示使用","建議搭配：外盒標示實拍、藥證查詢截圖、產品質地短影片、客服回覆截圖（遮個資）。","衛福部中藥許可證：衛署成製015614；類別：乙類成藥；劑型：油膏劑。","退換貨、付款、客服、出貨、價格、通路與任何見證內容，發布前須由人工確認。","NO_LINE_API_CALL_NO_AUTO_PUBLISH_REVIEW_QUEUE_ONLY","LINE317","LINE_OA_LINE317_V2","2026-11-09"
"LINE_DRYRUN_318","P2_SAFE_TERM_CHECK","APPROVE_FOR_MANUAL_SCHEDULE","APPROVE_FOR_MANUAL_SCHEDULE | NEEDS_REWRITE | REJECT | LEGAL_REVIEW","OWNER","2026-06-16","Owner approved for manual schedule export only. Not approved for auto-publishing.","NO","APPROVED_FOR_MANUAL_SCHEDULE_ONLY","2026-11-22","20:00","LINE_OA","一條根外用膏的日常定位","NEEDS_HUMAN_REVIEW_SAFE_TERM_CHECK","","一條根外用膏的日常定位","一條根外用膏的日常定位

下單前，先看得懂標示與成分，比聽誇張話術更安心。

這款定位是外用油膏，重點是局部按摩、依標示使用。衛署成製015614，乙類成藥，資料可至衛福部中藥許可證系統查詢。

外用產品請依標示使用；身體不適、症狀持續或惡化時，請諮詢醫師或藥師。
下單前可先私訊索取藥證查詢方式與外盒標示照片。","","圖卡：一條根外用膏的日常定位 / 藥證可查 / 依標示使用","建議搭配：外盒標示實拍、藥證查詢截圖、產品質地短影片、客服回覆截圖（遮個資）。","衛福部中藥許可證：衛署成製015614；類別：乙類成藥；劑型：油膏劑。","退換貨、付款、客服、出貨、價格、通路與任何見證內容，發布前須由人工確認。","NO_LINE_API_CALL_NO_AUTO_PUBLISH_REVIEW_QUEUE_ONLY","LINE318","LINE_OA_LINE318_V2","2026-11-09"
"LINE_DRYRUN_319","P2_SAFE_TERM_CHECK","APPROVE_FOR_MANUAL_SCHEDULE","APPROVE_FOR_MANUAL_SCHEDULE | NEEDS_REWRITE | REJECT | LEGAL_REVIEW","OWNER","2026-06-16","Owner approved for manual schedule export only. Not approved for auto-publishing.","NO","APPROVED_FOR_MANUAL_SCHEDULE_ONLY","2026-11-23","12:00","LINE_OA","處暑後運動暖身提醒","NEEDS_HUMAN_REVIEW_SAFE_TERM_CHECK","","處暑後運動暖身提醒","處暑後運動暖身提醒

換季時，身體保養不需要複雜，穩定的小習慣比較長久。

這款定位是外用油膏，重點是局部按摩、依標示使用。衛署成製015614，乙類成藥，資料可至衛福部中藥許可證系統查詢。

外用產品請依標示使用；身體不適、症狀持續或惡化時，請諮詢醫師或藥師。
下單前可先私訊索取藥證查詢方式與外盒標示照片。","","圖卡：處暑後運動暖身提醒 / 藥證可查 / 依標示使用","建議搭配：外盒標示實拍、藥證查詢截圖、產品質地短影片、客服回覆截圖（遮個資）。","衛福部中藥許可證：衛署成製015614；類別：乙類成藥；劑型：油膏劑。","退換貨、付款、客服、出貨、價格、通路與任何見證內容，發布前須由人工確認。","NO_LINE_API_CALL_NO_AUTO_PUBLISH_REVIEW_QUEUE_ONLY","LINE319","LINE_OA_LINE319_V2","2026-11-10"
"LINE_DRYRUN_320","P2_SAFE_TERM_CHECK","APPROVE_FOR_MANUAL_SCHEDULE","APPROVE_FOR_MANUAL_SCHEDULE | NEEDS_REWRITE | REJECT | LEGAL_REVIEW","OWNER","2026-06-16","Owner approved for manual schedule export only. Not approved for auto-publishing.","NO","APPROVED_FOR_MANUAL_SCHEDULE_ONLY","2026-11-23","20:00","LINE_OA","兒童使用前的安全提醒","NEEDS_HUMAN_REVIEW_SAFE_TERM_CHECK","","兒童使用前的安全提醒","兒童使用前的安全提醒

外用產品不是擦越多越好，用對位置、避開風險才安心。

這款定位是外用油膏，重點是局部按摩、依標示使用。衛署成製015614，乙類成藥，資料可至衛福部中藥許可證系統查詢。

外用產品請依標示使用；身體不適、症狀持續或惡化時，請諮詢醫師或藥師。
下單前可先私訊索取藥證查詢方式與外盒標示照片。","","圖卡：兒童使用前的安全提醒 / 藥證可查 / 依標示使用","建議搭配：外盒標示實拍、藥證查詢截圖、產品質地短影片、客服回覆截圖（遮個資）。","衛福部中藥許可證：衛署成製015614；類別：乙類成藥；劑型：油膏劑。","退換貨、付款、客服、出貨、價格、通路與任何見證內容，發布前須由人工確認。","NO_LINE_API_CALL_NO_AUTO_PUBLISH_REVIEW_QUEUE_ONLY","LINE320","LINE_OA_LINE320_V2","2026-11-10"
"LINE_DRYRUN_321","P2_SAFE_TERM_CHECK","APPROVE_FOR_MANUAL_SCHEDULE","APPROVE_FOR_MANUAL_SCHEDULE | NEEDS_REWRITE | REJECT | LEGAL_REVIEW","OWNER","2026-06-16","Owner approved for manual schedule export only. Not approved for auto-publishing.","NO","APPROVED_FOR_MANUAL_SCHEDULE_ONLY","2026-11-24","12:00","LINE_OA","外用膏廣告為什麼要保守","NEEDS_HUMAN_REVIEW_SAFE_TERM_CHECK","","外用膏廣告為什麼要保守","外用膏廣告為什麼要保守

我們寧願把資料講清楚，也不想用誇大的話讓你衝動購買。

這款定位是外用油膏，重點是局部按摩、依標示使用。衛署成製015614，乙類成藥，資料可至衛福部中藥許可證系統查詢。

外用產品請依標示使用；身體不適、症狀持續或惡化時，請諮詢醫師或藥師。
下單前可先私訊索取藥證查詢方式與外盒標示照片。","","圖卡：外用膏廣告為什麼要保守 / 藥證可查 / 依標示使用","建議搭配：外盒標示實拍、藥證查詢截圖、產品質地短影片、客服回覆截圖（遮個資）。","衛福部中藥許可證：衛署成製015614；類別：乙類成藥；劑型：油膏劑。","退換貨、付款、客服、出貨、價格、通路與任何見證內容，發布前須由人工確認。","NO_LINE_API_CALL_NO_AUTO_PUBLISH_REVIEW_QUEUE_ONLY","LINE321","LINE_OA_LINE321_V2","2026-11-11"
"LINE_DRYRUN_322","P2_SAFE_TERM_CHECK","APPROVE_FOR_MANUAL_SCHEDULE","APPROVE_FOR_MANUAL_SCHEDULE | NEEDS_REWRITE | REJECT | LEGAL_REVIEW","OWNER","2026-06-16","Owner approved for manual schedule export only. Not approved for auto-publishing.","NO","APPROVED_FOR_MANUAL_SCHEDULE_ONLY","2026-11-24","20:00","LINE_OA","久坐族最想舒緩哪裡","NEEDS_HUMAN_REVIEW_SAFE_TERM_CHECK","","久坐族最想舒緩哪裡","久坐族最想舒緩哪裡

很多人不是不想保養，是不知道什麼情況該先問清楚。

這款定位是外用油膏，重點是局部按摩、依標示使用。衛署成製015614，乙類成藥，資料可至衛福部中藥許可證系統查詢。

外用產品請依標示使用；身體不適、症狀持續或惡化時，請諮詢醫師或藥師。
下單前可先私訊索取藥證查詢方式與外盒標示照片。","","圖卡：久坐族最想舒緩哪裡 / 藥證可查 / 依標示使用","建議搭配：外盒標示實拍、藥證查詢截圖、產品質地短影片、客服回覆截圖（遮個資）。","衛福部中藥許可證：衛署成製015614；類別：乙類成藥；劑型：油膏劑。","退換貨、付款、客服、出貨、價格、通路與任何見證內容，發布前須由人工確認。","NO_LINE_API_CALL_NO_AUTO_PUBLISH_REVIEW_QUEUE_ONLY","LINE322","LINE_OA_LINE322_V2","2026-11-11"
"LINE_DRYRUN_323","P2_SAFE_TERM_CHECK","APPROVE_FOR_MANUAL_SCHEDULE","APPROVE_FOR_MANUAL_SCHEDULE | NEEDS_REWRITE | REJECT | LEGAL_REVIEW","OWNER","2026-06-16","Owner approved for manual schedule export only. Not approved for auto-publishing.","NO","APPROVED_FOR_MANUAL_SCHEDULE_ONLY","2026-11-25","12:00","LINE_OA","跑步後膝周不適的保守提醒","NEEDS_HUMAN_REVIEW_SAFE_TERM_CHECK","","跑步後膝周不適的保守提醒","跑步後膝周不適的保守提醒

運動、搬重物、久站後，身體局部不適時，先休息、觀察，再做保守保養。

這款定位是外用油膏，重點是局部按摩、依標示使用。衛署成製015614，乙類成藥，資料可至衛福部中藥許可證系統查詢。

外用產品請依標示使用；身體不適、症狀持續或惡化時，請諮詢醫師或藥師。
下單前可先私訊索取藥證查詢方式與外盒標示照片。","","圖卡：跑步後膝周不適的保守提醒 / 藥證可查 / 依標示使用","建議搭配：外盒標示實拍、藥證查詢截圖、產品質地短影片、客服回覆截圖（遮個資）。","衛福部中藥許可證：衛署成製015614；類別：乙類成藥；劑型：油膏劑。","退換貨、付款、客服、出貨、價格、通路與任何見證內容，發布前須由人工確認。","NO_LINE_API_CALL_NO_AUTO_PUBLISH_REVIEW_QUEUE_ONLY","LINE323","LINE_OA_LINE323_V2","2026-11-12"
"LINE_DRYRUN_324","P2_SAFE_TERM_CHECK","APPROVE_FOR_MANUAL_SCHEDULE","APPROVE_FOR_MANUAL_SCHEDULE | NEEDS_REWRITE | REJECT | LEGAL_REVIEW","OWNER","2026-06-16","Owner approved for manual schedule export only. Not approved for auto-publishing.","NO","APPROVED_FOR_MANUAL_SCHEDULE_ONLY","2026-11-25","20:00","LINE_OA","成分濃度為什麼要看標示","NEEDS_HUMAN_REVIEW_SAFE_TERM_CHECK","","成分濃度為什麼要看標示","成分濃度為什麼要看標示

下單前，先看得懂標示與成分，比聽誇張話術更安心。

這款定位是外用油膏，重點是局部按摩、依標示使用。衛署成製015614，乙類成藥，資料可至衛福部中藥許可證系統查詢。

外用產品請依標示使用；身體不適、症狀持續或惡化時，請諮詢醫師或藥師。
下單前可先私訊索取藥證查詢方式與外盒標示照片。","","圖卡：成分濃度為什麼要看標示 / 藥證可查 / 依標示使用","建議搭配：外盒標示實拍、藥證查詢截圖、產品質地短影片、客服回覆截圖（遮個資）。","衛福部中藥許可證：衛署成製015614；類別：乙類成藥；劑型：油膏劑。","退換貨、付款、客服、出貨、價格、通路與任何見證內容，發布前須由人工確認。","NO_LINE_API_CALL_NO_AUTO_PUBLISH_REVIEW_QUEUE_ONLY","LINE324","LINE_OA_LINE324_V2","2026-11-12"
"LINE_DRYRUN_325","P2_SAFE_TERM_CHECK","APPROVE_FOR_MANUAL_SCHEDULE","APPROVE_FOR_MANUAL_SCHEDULE | NEEDS_REWRITE | REJECT | LEGAL_REVIEW","OWNER","2026-06-16","Owner approved for manual schedule export only. Not approved for auto-publishing.","NO","APPROVED_FOR_MANUAL_SCHEDULE_ONLY","2026-11-26","12:00","LINE_OA","照顧爸媽時的外用提醒","NEEDS_HUMAN_REVIEW_SAFE_TERM_CHECK","","照顧爸媽時的外用提醒","照顧爸媽時的外用提醒

幫長輩準備外用產品時，最重要的是安全、清楚、不要亂用。

這款定位是外用油膏，重點是局部按摩、依標示使用。衛署成製015614，乙類成藥，資料可至衛福部中藥許可證系統查詢。

外用產品請依標示使用；身體不適、症狀持續或惡化時，請諮詢醫師或藥師。
下單前可先私訊索取藥證查詢方式與外盒標示照片。","","圖卡：照顧爸媽時的外用提醒 / 藥證可查 / 依標示使用","建議搭配：外盒標示實拍、藥證查詢截圖、產品質地短影片、客服回覆截圖（遮個資）。","衛福部中藥許可證：衛署成製015614；類別：乙類成藥；劑型：油膏劑。","退換貨、付款、客服、出貨、價格、通路與任何見證內容，發布前須由人工確認。","NO_LINE_API_CALL_NO_AUTO_PUBLISH_REVIEW_QUEUE_ONLY","LINE325","LINE_OA_LINE325_V2","2026-11-13"
"LINE_DRYRUN_326","P2_SAFE_TERM_CHECK","APPROVE_FOR_MANUAL_SCHEDULE","APPROVE_FOR_MANUAL_SCHEDULE | NEEDS_REWRITE | REJECT | LEGAL_REVIEW","OWNER","2026-06-16","Owner approved for manual schedule export only. Not approved for auto-publishing.","NO","APPROVED_FOR_MANUAL_SCHEDULE_ONLY","2026-11-26","20:00","LINE_OA","孕婦與哺乳族群先詢問專業人員","NEEDS_HUMAN_REVIEW_SAFE_TERM_CHECK","","孕婦與哺乳族群先詢問專業人員","孕婦與哺乳族群先詢問專業人員

外用產品不是擦越多越好，用對位置、避開風險才安心。

這款定位是外用油膏，重點是局部按摩、依標示使用。衛署成製015614，乙類成藥，資料可至衛福部中藥許可證系統查詢。

外用產品請依標示使用；身體不適、症狀持續或惡化時，請諮詢醫師或藥師。
下單前可先私訊索取藥證查詢方式與外盒標示照片。","","圖卡：孕婦與哺乳族群先詢問專業人員 / 藥證可查 / 依標示使用","建議搭配：外盒標示實拍、藥證查詢截圖、產品質地短影片、客服回覆截圖（遮個資）。","衛福部中藥許可證：衛署成製015614；類別：乙類成藥；劑型：油膏劑。","退換貨、付款、客服、出貨、價格、通路與任何見證內容，發布前須由人工確認。","NO_LINE_API_CALL_NO_AUTO_PUBLISH_REVIEW_QUEUE_ONLY","LINE326","LINE_OA_LINE326_V2","2026-11-13"
"LINE_DRYRUN_327","P2_SAFE_TERM_CHECK","APPROVE_FOR_MANUAL_SCHEDULE","APPROVE_FOR_MANUAL_SCHEDULE | NEEDS_REWRITE | REJECT | LEGAL_REVIEW","OWNER","2026-06-16","Owner approved for manual schedule export only. Not approved for auto-publishing.","NO","APPROVED_FOR_MANUAL_SCHEDULE_ONLY","2026-11-27","12:00","LINE_OA","白露時節關心長輩活動","NEEDS_HUMAN_REVIEW_SAFE_TERM_CHECK","","白露時節關心長輩活動","白露時節關心長輩活動

換季時，身體保養不需要複雜，穩定的小習慣比較長久。

這款定位是外用油膏，重點是局部按摩、依標示使用。衛署成製015614，乙類成藥，資料可至衛福部中藥許可證系統查詢。

外用產品請依標示使用；身體不適、症狀持續或惡化時，請諮詢醫師或藥師。
下單前可先私訊索取藥證查詢方式與外盒標示照片。","","圖卡：白露時節關心長輩活動 / 藥證可查 / 依標示使用","建議搭配：外盒標示實拍、藥證查詢截圖、產品質地短影片、客服回覆截圖（遮個資）。","衛福部中藥許可證：衛署成製015614；類別：乙類成藥；劑型：油膏劑。","退換貨、付款、客服、出貨、價格、通路與任何見證內容，發布前須由人工確認。","NO_LINE_API_CALL_NO_AUTO_PUBLISH_REVIEW_QUEUE_ONLY","LINE327","LINE_OA_LINE327_V2","2026-11-14"
"LINE_DRYRUN_328","P2_SAFE_TERM_CHECK","APPROVE_FOR_MANUAL_SCHEDULE","APPROVE_FOR_MANUAL_SCHEDULE | NEEDS_REWRITE | REJECT | LEGAL_REVIEW","OWNER","2026-06-16","Owner approved for manual schedule export only. Not approved for auto-publishing.","NO","APPROVED_FOR_MANUAL_SCHEDULE_ONLY","2026-11-27","20:00","LINE_OA","勞動後先休息再按摩","NEEDS_HUMAN_REVIEW_SAFE_TERM_CHECK","","勞動後先休息再按摩","勞動後先休息再按摩

運動、搬重物、久站後，身體局部不適時，先休息、觀察，再做保守保養。

這款定位是外用油膏，重點是局部按摩、依標示使用。衛署成製015614，乙類成藥，資料可至衛福部中藥許可證系統查詢。

外用產品請依標示使用；身體不適、症狀持續或惡化時，請諮詢醫師或藥師。
下單前可先私訊索取藥證查詢方式與外盒標示照片。","","圖卡：勞動後先休息再按摩 / 藥證可查 / 依標示使用","建議搭配：外盒標示實拍、藥證查詢截圖、產品質地短影片、客服回覆截圖（遮個資）。","衛福部中藥許可證：衛署成製015614；類別：乙類成藥；劑型：油膏劑。","退換貨、付款、客服、出貨、價格、通路與任何見證內容，發布前須由人工確認。","NO_LINE_API_CALL_NO_AUTO_PUBLISH_REVIEW_QUEUE_ONLY","LINE328","LINE_OA_LINE328_V2","2026-11-14"
"LINE_DRYRUN_329","P2_SAFE_TERM_CHECK","APPROVE_FOR_MANUAL_SCHEDULE","APPROVE_FOR_MANUAL_SCHEDULE | NEEDS_REWRITE | REJECT | LEGAL_REVIEW","OWNER","2026-06-16","Owner approved for manual schedule export only. Not approved for auto-publishing.","NO","APPROVED_FOR_MANUAL_SCHEDULE_ONLY","2026-11-28","12:00","LINE_OA","長輩使用外用膏你會提醒什麼","NEEDS_HUMAN_REVIEW_SAFE_TERM_CHECK","","長輩使用外用膏你會提醒什麼","長輩使用外用膏你會提醒什麼

很多人不是不想保養，是不知道什麼情況該先問清楚。

這款定位是外用油膏，重點是局部按摩、依標示使用。衛署成製015614，乙類成藥，資料可至衛福部中藥許可證系統查詢。

外用產品請依標示使用；身體不適、症狀持續或惡化時，請諮詢醫師或藥師。
下單前可先私訊索取藥證查詢方式與外盒標示照片。","","圖卡：長輩使用外用膏你會提醒什麼 / 藥證可查 / 依標示使用","建議搭配：外盒標示實拍、藥證查詢截圖、產品質地短影片、客服回覆截圖（遮個資）。","衛福部中藥許可證：衛署成製015614；類別：乙類成藥；劑型：油膏劑。","退換貨、付款、客服、出貨、價格、通路與任何見證內容，發布前須由人工確認。","NO_LINE_API_CALL_NO_AUTO_PUBLISH_REVIEW_QUEUE_ONLY","LINE329","LINE_OA_LINE329_V2","2026-11-15"
"LINE_DRYRUN_330","P2_SAFE_TERM_CHECK","APPROVE_FOR_MANUAL_SCHEDULE","APPROVE_FOR_MANUAL_SCHEDULE | NEEDS_REWRITE | REJECT | LEGAL_REVIEW","OWNER","2026-06-16","Owner approved for manual schedule export only. Not approved for auto-publishing.","NO","APPROVED_FOR_MANUAL_SCHEDULE_ONLY","2026-11-28","20:00","LINE_OA","日常活動舒適度的三個習慣","NEEDS_HUMAN_REVIEW_SAFE_TERM_CHECK","","日常活動舒適度的三個習慣","日常活動舒適度的三個習慣

幫長輩準備外用產品時，最重要的是安全、清楚、不要亂用。

這款定位是外用油膏，重點是局部按摩、依標示使用。衛署成製015614，乙類成藥，資料可至衛福部中藥許可證系統查詢。

外用產品請依標示使用；身體不適、症狀持續或惡化時，請諮詢醫師或藥師。
下單前可先私訊索取藥證查詢方式與外盒標示照片。","","圖卡：日常活動舒適度的三個習慣 / 藥證可查 / 依標示使用","建議搭配：外盒標示實拍、藥證查詢截圖、產品質地短影片、客服回覆截圖（遮個資）。","衛福部中藥許可證：衛署成製015614；類別：乙類成藥；劑型：油膏劑。","退換貨、付款、客服、出貨、價格、通路與任何見證內容，發布前須由人工確認。","NO_LINE_API_CALL_NO_AUTO_PUBLISH_REVIEW_QUEUE_ONLY","LINE330","LINE_OA_LINE330_V2","2026-11-15"
"LINE_DRYRUN_331","P2_SAFE_TERM_CHECK","APPROVE_FOR_MANUAL_SCHEDULE","APPROVE_FOR_MANUAL_SCHEDULE | NEEDS_REWRITE | REJECT | LEGAL_REVIEW","OWNER","2026-06-16","Owner approved for manual schedule export only. Not approved for auto-publishing.","NO","APPROVED_FOR_MANUAL_SCHEDULE_ONLY","2026-11-29","12:00","LINE_OA","下班前五分鐘伸展","NEEDS_HUMAN_REVIEW_SAFE_TERM_CHECK","","下班前五分鐘伸展","下班前五分鐘伸展

久坐、低頭、開會一整天後，肩頸常會提醒你該放鬆一下。

這款定位是外用油膏，重點是局部按摩、依標示使用。衛署成製015614，乙類成藥，資料可至衛福部中藥許可證系統查詢。

外用產品請依標示使用；身體不適、症狀持續或惡化時，請諮詢醫師或藥師。
下單前可先私訊索取藥證查詢方式與外盒標示照片。","","圖卡：下班前五分鐘伸展 / 藥證可查 / 依標示使用","建議搭配：外盒標示實拍、藥證查詢截圖、產品質地短影片、客服回覆截圖（遮個資）。","衛福部中藥許可證：衛署成製015614；類別：乙類成藥；劑型：油膏劑。","退換貨、付款、客服、出貨、價格、通路與任何見證內容，發布前須由人工確認。","NO_LINE_API_CALL_NO_AUTO_PUBLISH_REVIEW_QUEUE_ONLY","LINE331","LINE_OA_LINE331_V2","2026-11-16"
"LINE_DRYRUN_332","P2_SAFE_TERM_CHECK","APPROVE_FOR_MANUAL_SCHEDULE","APPROVE_FOR_MANUAL_SCHEDULE | NEEDS_REWRITE | REJECT | LEGAL_REVIEW","OWNER","2026-06-16","Owner approved for manual schedule export only. Not approved for auto-publishing.","NO","APPROVED_FOR_MANUAL_SCHEDULE_ONLY","2026-11-29","20:00","LINE_OA","局部按摩和大面積厚敷的差別","NEEDS_HUMAN_REVIEW_SAFE_TERM_CHECK","","局部按摩和大面積厚敷的差別","局部按摩和大面積厚敷的差別

下單前，先看得懂標示與成分，比聽誇張話術更安心。

這款定位是外用油膏，重點是局部按摩、依標示使用。衛署成製015614，乙類成藥，資料可至衛福部中藥許可證系統查詢。

外用產品請依標示使用；身體不適、症狀持續或惡化時，請諮詢醫師或藥師。
下單前可先私訊索取藥證查詢方式與外盒標示照片。","","圖卡：局部按摩和大面積厚敷的差別 / 藥證可查 / 依標示使用","建議搭配：外盒標示實拍、藥證查詢截圖、產品質地短影片、客服回覆截圖（遮個資）。","衛福部中藥許可證：衛署成製015614；類別：乙類成藥；劑型：油膏劑。","退換貨、付款、客服、出貨、價格、通路與任何見證內容，發布前須由人工確認。","NO_LINE_API_CALL_NO_AUTO_PUBLISH_REVIEW_QUEUE_ONLY","LINE332","LINE_OA_LINE332_V2","2026-11-16"
"LINE_DRYRUN_333","P2_SAFE_TERM_CHECK","APPROVE_FOR_MANUAL_SCHEDULE","APPROVE_FOR_MANUAL_SCHEDULE | NEEDS_REWRITE | REJECT | LEGAL_REVIEW","OWNER","2026-06-16","Owner approved for manual schedule export only. Not approved for auto-publishing.","NO","APPROVED_FOR_MANUAL_SCHEDULE_ONLY","2026-11-30","12:00","LINE_OA","秋分後外出前暖身","NEEDS_HUMAN_REVIEW_SAFE_TERM_CHECK","","秋分後外出前暖身","秋分後外出前暖身

換季時，身體保養不需要複雜，穩定的小習慣比較長久。

這款定位是外用油膏，重點是局部按摩、依標示使用。衛署成製015614，乙類成藥，資料可至衛福部中藥許可證系統查詢。

外用產品請依標示使用；身體不適、症狀持續或惡化時，請諮詢醫師或藥師。
下單前可先私訊索取藥證查詢方式與外盒標示照片。","","圖卡：秋分後外出前暖身 / 藥證可查 / 依標示使用","建議搭配：外盒標示實拍、藥證查詢截圖、產品質地短影片、客服回覆截圖（遮個資）。","衛福部中藥許可證：衛署成製015614；類別：乙類成藥；劑型：油膏劑。","退換貨、付款、客服、出貨、價格、通路與任何見證內容，發布前須由人工確認。","NO_LINE_API_CALL_NO_AUTO_PUBLISH_REVIEW_QUEUE_ONLY","LINE333","LINE_OA_LINE333_V2","2026-11-17"
"LINE_DRYRUN_334","P2_SAFE_TERM_CHECK","APPROVE_FOR_MANUAL_SCHEDULE","APPROVE_FOR_MANUAL_SCHEDULE | NEEDS_REWRITE | REJECT | LEGAL_REVIEW","OWNER","2026-06-16","Owner approved for manual schedule export only. Not approved for auto-publishing.","NO","APPROVED_FOR_MANUAL_SCHEDULE_ONLY","2026-11-30","20:00","LINE_OA","症狀超過七天要停用並諮詢","NEEDS_HUMAN_REVIEW_SAFE_TERM_CHECK","","症狀超過七天要停用並諮詢","症狀超過七天要停用並諮詢

外用產品不是擦越多越好，用對位置、避開風險才安心。

這款定位是外用油膏，重點是局部按摩、依標示使用。衛署成製015614，乙類成藥，資料可至衛福部中藥許可證系統查詢。

外用產品請依標示使用；身體不適、症狀持續或惡化時，請諮詢醫師或藥師。
下單前可先私訊索取藥證查詢方式與外盒標示照片。","","圖卡：症狀超過七天要停用並諮詢 / 藥證可查 / 依標示使用","建議搭配：外盒標示實拍、藥證查詢截圖、產品質地短影片、客服回覆截圖（遮個資）。","衛福部中藥許可證：衛署成製015614；類別：乙類成藥；劑型：油膏劑。","退換貨、付款、客服、出貨、價格、通路與任何見證內容，發布前須由人工確認。","NO_LINE_API_CALL_NO_AUTO_PUBLISH_REVIEW_QUEUE_ONLY","LINE334","LINE_OA_LINE334_V2","2026-11-17"
"LINE_DRYRUN_335","P2_SAFE_TERM_CHECK","APPROVE_FOR_MANUAL_SCHEDULE","APPROVE_FOR_MANUAL_SCHEDULE | NEEDS_REWRITE | REJECT | LEGAL_REVIEW","OWNER","2026-06-16","Owner approved for manual schedule export only. Not approved for auto-publishing.","NO","APPROVED_FOR_MANUAL_SCHEDULE_ONLY","2026-12-01","12:00","LINE_OA","成分透明是基本功","NEEDS_HUMAN_REVIEW_SAFE_TERM_CHECK","","成分透明是基本功","成分透明是基本功

我們寧願把資料講清楚，也不想用誇大的話讓你衝動購買。

這款定位是外用油膏，重點是局部按摩、依標示使用。衛署成製015614，乙類成藥，資料可至衛福部中藥許可證系統查詢。

外用產品請依標示使用；身體不適、症狀持續或惡化時，請諮詢醫師或藥師。
下單前可先私訊索取藥證查詢方式與外盒標示照片。","","圖卡：成分透明是基本功 / 藥證可查 / 依標示使用","建議搭配：外盒標示實拍、藥證查詢截圖、產品質地短影片、客服回覆截圖（遮個資）。","衛福部中藥許可證：衛署成製015614；類別：乙類成藥；劑型：油膏劑。","退換貨、付款、客服、出貨、價格、通路與任何見證內容，發布前須由人工確認。","NO_LINE_API_CALL_NO_AUTO_PUBLISH_REVIEW_QUEUE_ONLY","LINE335","LINE_OA_LINE335_V2","2026-11-18"
"LINE_DRYRUN_336","P2_SAFE_TERM_CHECK","APPROVE_FOR_MANUAL_SCHEDULE","APPROVE_FOR_MANUAL_SCHEDULE | NEEDS_REWRITE | REJECT | LEGAL_REVIEW","OWNER","2026-06-16","Owner approved for manual schedule export only. Not approved for auto-publishing.","NO","APPROVED_FOR_MANUAL_SCHEDULE_ONLY","2026-12-01","20:00","LINE_OA","一條根可以天天厚敷嗎","NEEDS_HUMAN_REVIEW_SAFE_TERM_CHECK","","一條根可以天天厚敷嗎","一條根可以天天厚敷嗎

很多人不是不想保養，是不知道什麼情況該先問清楚。

這款定位是外用油膏，重點是局部按摩、依標示使用。衛署成製015614，乙類成藥，資料可至衛福部中藥許可證系統查詢。

外用產品請依標示使用；身體不適、症狀持續或惡化時，請諮詢醫師或藥師。
下單前可先私訊索取藥證查詢方式與外盒標示照片。","","圖卡：一條根可以天天厚敷嗎 / 藥證可查 / 依標示使用","建議搭配：外盒標示實拍、藥證查詢截圖、產品質地短影片、客服回覆截圖（遮個資）。","衛福部中藥許可證：衛署成製015614；類別：乙類成藥；劑型：油膏劑。","退換貨、付款、客服、出貨、價格、通路與任何見證內容，發布前須由人工確認。","NO_LINE_API_CALL_NO_AUTO_PUBLISH_REVIEW_QUEUE_ONLY","LINE336","LINE_OA_LINE336_V2","2026-11-18"
"LINE_DRYRUN_337","P2_SAFE_TERM_CHECK","APPROVE_FOR_MANUAL_SCHEDULE","APPROVE_FOR_MANUAL_SCHEDULE | NEEDS_REWRITE | REJECT | LEGAL_REVIEW","OWNER","2026-06-16","Owner approved for manual schedule export only. Not approved for auto-publishing.","NO","APPROVED_FOR_MANUAL_SCHEDULE_ONLY","2026-12-02","12:00","LINE_OA","運動後不要立刻熱敷加藥膏","NEEDS_HUMAN_REVIEW_SAFE_TERM_CHECK","","運動後不要立刻熱敷加藥膏","運動後不要立刻熱敷加藥膏

運動、搬重物、久站後，身體局部不適時，先休息、觀察，再做保守保養。

這款定位是外用油膏，重點是局部按摩、依標示使用。衛署成製015614，乙類成藥，資料可至衛福部中藥許可證系統查詢。

外用產品請依標示使用；身體不適、症狀持續或惡化時，請諮詢醫師或藥師。
下單前可先私訊索取藥證查詢方式與外盒標示照片。","","圖卡：運動後不要立刻熱敷加藥膏 / 藥證可查 / 依標示使用","建議搭配：外盒標示實拍、藥證查詢截圖、產品質地短影片、客服回覆截圖（遮個資）。","衛福部中藥許可證：衛署成製015614；類別：乙類成藥；劑型：油膏劑。","退換貨、付款、客服、出貨、價格、通路與任何見證內容，發布前須由人工確認。","NO_LINE_API_CALL_NO_AUTO_PUBLISH_REVIEW_QUEUE_ONLY","LINE337","LINE_OA_LINE337_V2","2026-11-19"
"LINE_DRYRUN_338","P2_SAFE_TERM_CHECK","APPROVE_FOR_MANUAL_SCHEDULE","APPROVE_FOR_MANUAL_SCHEDULE | NEEDS_REWRITE | REJECT | LEGAL_REVIEW","OWNER","2026-06-16","Owner approved for manual schedule export only. Not approved for auto-publishing.","NO","APPROVED_FOR_MANUAL_SCHEDULE_ONLY","2026-12-02","20:00","LINE_OA","使用前先小範圍測試","NEEDS_HUMAN_REVIEW_SAFE_TERM_CHECK","","使用前先小範圍測試","使用前先小範圍測試

下單前，先看得懂標示與成分，比聽誇張話術更安心。

這款定位是外用油膏，重點是局部按摩、依標示使用。衛署成製015614，乙類成藥，資料可至衛福部中藥許可證系統查詢。

外用產品請依標示使用；身體不適、症狀持續或惡化時，請諮詢醫師或藥師。
下單前可先私訊索取藥證查詢方式與外盒標示照片。","","圖卡：使用前先小範圍測試 / 藥證可查 / 依標示使用","建議搭配：外盒標示實拍、藥證查詢截圖、產品質地短影片、客服回覆截圖（遮個資）。","衛福部中藥許可證：衛署成製015614；類別：乙類成藥；劑型：油膏劑。","退換貨、付款、客服、出貨、價格、通路與任何見證內容，發布前須由人工確認。","NO_LINE_API_CALL_NO_AUTO_PUBLISH_REVIEW_QUEUE_ONLY","LINE338","LINE_OA_LINE338_V2","2026-11-19"
"LINE_DRYRUN_339","P2_SAFE_TERM_CHECK","APPROVE_FOR_MANUAL_SCHEDULE","APPROVE_FOR_MANUAL_SCHEDULE | NEEDS_REWRITE | REJECT | LEGAL_REVIEW","OWNER","2026-06-16","Owner approved for manual schedule export only. Not approved for auto-publishing.","NO","APPROVED_FOR_MANUAL_SCHEDULE_ONLY","2026-12-03","12:00","LINE_OA","長輩使用前先看標示","NEEDS_HUMAN_REVIEW_SAFE_TERM_CHECK","","長輩使用前先看標示","長輩使用前先看標示

幫長輩準備外用產品時，最重要的是安全、清楚、不要亂用。

這款定位是外用油膏，重點是局部按摩、依標示使用。衛署成製015614，乙類成藥，資料可至衛福部中藥許可證系統查詢。

外用產品請依標示使用；身體不適、症狀持續或惡化時，請諮詢醫師或藥師。
下單前可先私訊索取藥證查詢方式與外盒標示照片。","","圖卡：長輩使用前先看標示 / 藥證可查 / 依標示使用","建議搭配：外盒標示實拍、藥證查詢截圖、產品質地短影片、客服回覆截圖（遮個資）。","衛福部中藥許可證：衛署成製015614；類別：乙類成藥；劑型：油膏劑。","退換貨、付款、客服、出貨、價格、通路與任何見證內容，發布前須由人工確認。","NO_LINE_API_CALL_NO_AUTO_PUBLISH_REVIEW_QUEUE_ONLY","LINE339","LINE_OA_LINE339_V2","2026-11-20"
"LINE_DRYRUN_340","P2_SAFE_TERM_CHECK","APPROVE_FOR_MANUAL_SCHEDULE","APPROVE_FOR_MANUAL_SCHEDULE | NEEDS_REWRITE | REJECT | LEGAL_REVIEW","OWNER","2026-06-16","Owner approved for manual schedule export only. Not approved for auto-publishing.","NO","APPROVED_FOR_MANUAL_SCHEDULE_ONLY","2026-12-03","20:00","LINE_OA","皮膚刺激時要停止使用","NEEDS_HUMAN_REVIEW_SAFE_TERM_CHECK","","皮膚刺激時要停止使用","皮膚刺激時要停止使用

外用產品不是擦越多越好，用對位置、避開風險才安心。

這款定位是外用油膏，重點是局部按摩、依標示使用。衛署成製015614，乙類成藥，資料可至衛福部中藥許可證系統查詢。

外用產品請依標示使用；身體不適、症狀持續或惡化時，請諮詢醫師或藥師。
下單前可先私訊索取藥證查詢方式與外盒標示照片。","","圖卡：皮膚刺激時要停止使用 / 藥證可查 / 依標示使用","建議搭配：外盒標示實拍、藥證查詢截圖、產品質地短影片、客服回覆截圖（遮個資）。","衛福部中藥許可證：衛署成製015614；類別：乙類成藥；劑型：油膏劑。","退換貨、付款、客服、出貨、價格、通路與任何見證內容，發布前須由人工確認。","NO_LINE_API_CALL_NO_AUTO_PUBLISH_REVIEW_QUEUE_ONLY","LINE340","LINE_OA_LINE340_V2","2026-11-20"
"LINE_DRYRUN_341","P2_SAFE_TERM_CHECK","APPROVE_FOR_MANUAL_SCHEDULE","APPROVE_FOR_MANUAL_SCHEDULE | NEEDS_REWRITE | REJECT | LEGAL_REVIEW","OWNER","2026-06-16","Owner approved for manual schedule export only. Not approved for auto-publishing.","NO","APPROVED_FOR_MANUAL_SCHEDULE_ONLY","2026-12-04","12:00","LINE_OA","寒露後肩背保養","NEEDS_HUMAN_REVIEW_SAFE_TERM_CHECK","","寒露後肩背保養","寒露後肩背保養

換季時，身體保養不需要複雜，穩定的小習慣比較長久。

這款定位是外用油膏，重點是局部按摩、依標示使用。衛署成製015614，乙類成藥，資料可至衛福部中藥許可證系統查詢。

外用產品請依標示使用；身體不適、症狀持續或惡化時，請諮詢醫師或藥師。
下單前可先私訊索取藥證查詢方式與外盒標示照片。","","圖卡：寒露後肩背保養 / 藥證可查 / 依標示使用","建議搭配：外盒標示實拍、藥證查詢截圖、產品質地短影片、客服回覆截圖（遮個資）。","衛福部中藥許可證：衛署成製015614；類別：乙類成藥；劑型：油膏劑。","退換貨、付款、客服、出貨、價格、通路與任何見證內容，發布前須由人工確認。","NO_LINE_API_CALL_NO_AUTO_PUBLISH_REVIEW_QUEUE_ONLY","LINE341","LINE_OA_LINE341_V2","2026-11-21"
"LINE_DRYRUN_342","P2_SAFE_TERM_CHECK","APPROVE_FOR_MANUAL_SCHEDULE","APPROVE_FOR_MANUAL_SCHEDULE | NEEDS_REWRITE | REJECT | LEGAL_REVIEW","OWNER","2026-06-16","Owner approved for manual schedule export only. Not approved for auto-publishing.","NO","APPROVED_FOR_MANUAL_SCHEDULE_ONLY","2026-12-04","20:00","LINE_OA","輕微拉扯後的觀察重點","NEEDS_HUMAN_REVIEW_SAFE_TERM_CHECK","","輕微拉扯後的觀察重點","輕微拉扯後的觀察重點

運動、搬重物、久站後，身體局部不適時，先休息、觀察，再做保守保養。

這款定位是外用油膏，重點是局部按摩、依標示使用。衛署成製015614，乙類成藥，資料可至衛福部中藥許可證系統查詢。

外用產品請依標示使用；身體不適、症狀持續或惡化時，請諮詢醫師或藥師。
下單前可先私訊索取藥證查詢方式與外盒標示照片。","","圖卡：輕微拉扯後的觀察重點 / 藥證可查 / 依標示使用","建議搭配：外盒標示實拍、藥證查詢截圖、產品質地短影片、客服回覆截圖（遮個資）。","衛福部中藥許可證：衛署成製015614；類別：乙類成藥；劑型：油膏劑。","退換貨、付款、客服、出貨、價格、通路與任何見證內容，發布前須由人工確認。","NO_LINE_API_CALL_NO_AUTO_PUBLISH_REVIEW_QUEUE_ONLY","LINE342","LINE_OA_LINE342_V2","2026-11-21"
"LINE_DRYRUN_343","P2_SAFE_TERM_CHECK","APPROVE_FOR_MANUAL_SCHEDULE","APPROVE_FOR_MANUAL_SCHEDULE | NEEDS_REWRITE | REJECT | LEGAL_REVIEW","OWNER","2026-06-16","Owner approved for manual schedule export only. Not approved for auto-publishing.","NO","APPROVED_FOR_MANUAL_SCHEDULE_ONLY","2026-12-05","12:00","LINE_OA","擦完可以馬上熱敷嗎","NEEDS_HUMAN_REVIEW_SAFE_TERM_CHECK","","擦完可以馬上熱敷嗎","擦完可以馬上熱敷嗎

很多人不是不想保養，是不知道什麼情況該先問清楚。

這款定位是外用油膏，重點是局部按摩、依標示使用。衛署成製015614，乙類成藥，資料可至衛福部中藥許可證系統查詢。

外用產品請依標示使用；身體不適、症狀持續或惡化時，請諮詢醫師或藥師。
下單前可先私訊索取藥證查詢方式與外盒標示照片。","","圖卡：擦完可以馬上熱敷嗎 / 藥證可查 / 依標示使用","建議搭配：外盒標示實拍、藥證查詢截圖、產品質地短影片、客服回覆截圖（遮個資）。","衛福部中藥許可證：衛署成製015614；類別：乙類成藥；劑型：油膏劑。","退換貨、付款、客服、出貨、價格、通路與任何見證內容，發布前須由人工確認。","NO_LINE_API_CALL_NO_AUTO_PUBLISH_REVIEW_QUEUE_ONLY","LINE343","LINE_OA_LINE343_V2","2026-11-22"
"LINE_DRYRUN_344","P2_SAFE_TERM_CHECK","APPROVE_FOR_MANUAL_SCHEDULE","APPROVE_FOR_MANUAL_SCHEDULE | NEEDS_REWRITE | REJECT | LEGAL_REVIEW","OWNER","2026-06-16","Owner approved for manual schedule export only. Not approved for auto-publishing.","NO","APPROVED_FOR_MANUAL_SCHEDULE_ONLY","2026-12-05","20:00","LINE_OA","別把長期疼痛只當小問題","NEEDS_HUMAN_REVIEW_SAFE_TERM_CHECK","","別把長期疼痛只當小問題","別把長期疼痛只當小問題

幫長輩準備外用產品時，最重要的是安全、清楚、不要亂用。

這款定位是外用油膏，重點是局部按摩、依標示使用。衛署成製015614，乙類成藥，資料可至衛福部中藥許可證系統查詢。

外用產品請依標示使用；身體不適、症狀持續或惡化時，請諮詢醫師或藥師。
下單前可先私訊索取藥證查詢方式與外盒標示照片。","","圖卡：別把長期疼痛只當小問題 / 藥證可查 / 依標示使用","建議搭配：外盒標示實拍、藥證查詢截圖、產品質地短影片、客服回覆截圖（遮個資）。","衛福部中藥許可證：衛署成製015614；類別：乙類成藥；劑型：油膏劑。","退換貨、付款、客服、出貨、價格、通路與任何見證內容，發布前須由人工確認。","NO_LINE_API_CALL_NO_AUTO_PUBLISH_REVIEW_QUEUE_ONLY","LINE344","LINE_OA_LINE344_V2","2026-11-22"
"LINE_DRYRUN_345","P2_SAFE_TERM_CHECK","APPROVE_FOR_MANUAL_SCHEDULE","APPROVE_FOR_MANUAL_SCHEDULE | NEEDS_REWRITE | REJECT | LEGAL_REVIEW","OWNER","2026-06-16","Owner approved for manual schedule export only. Not approved for auto-publishing.","NO","APPROVED_FOR_MANUAL_SCHEDULE_ONLY","2026-12-06","12:00","LINE_OA","滑手機後頸部保養","NEEDS_HUMAN_REVIEW_SAFE_TERM_CHECK","","滑手機後頸部保養","滑手機後頸部保養

久坐、低頭、開會一整天後，肩頸常會提醒你該放鬆一下。

這款定位是外用油膏，重點是局部按摩、依標示使用。衛署成製015614，乙類成藥，資料可至衛福部中藥許可證系統查詢。

外用產品請依標示使用；身體不適、症狀持續或惡化時，請諮詢醫師或藥師。
下單前可先私訊索取藥證查詢方式與外盒標示照片。","","圖卡：滑手機後頸部保養 / 藥證可查 / 依標示使用","建議搭配：外盒標示實拍、藥證查詢截圖、產品質地短影片、客服回覆截圖（遮個資）。","衛福部中藥許可證：衛署成製015614；類別：乙類成藥；劑型：油膏劑。","退換貨、付款、客服、出貨、價格、通路與任何見證內容，發布前須由人工確認。","NO_LINE_API_CALL_NO_AUTO_PUBLISH_REVIEW_QUEUE_ONLY","LINE345","LINE_OA_LINE345_V2","2026-11-23"
"LINE_DRYRUN_346","P2_SAFE_TERM_CHECK","APPROVE_FOR_MANUAL_SCHEDULE","APPROVE_FOR_MANUAL_SCHEDULE | NEEDS_REWRITE | REJECT | LEGAL_REVIEW","OWNER","2026-06-16","Owner approved for manual schedule export only. Not approved for auto-publishing.","NO","APPROVED_FOR_MANUAL_SCHEDULE_ONLY","2026-12-06","20:00","LINE_OA","產品不是神藥，定位要講清楚","NEEDS_HUMAN_REVIEW_SAFE_TERM_CHECK","","產品不是神藥，定位要講清楚","產品不是神藥，定位要講清楚

下單前，先看得懂標示與成分，比聽誇張話術更安心。

這款定位是外用油膏，重點是局部按摩、依標示使用。衛署成製015614，乙類成藥，資料可至衛福部中藥許可證系統查詢。

外用產品請依標示使用；身體不適、症狀持續或惡化時，請諮詢醫師或藥師。
下單前可先私訊索取藥證查詢方式與外盒標示照片。","","圖卡：產品不是神藥，定位要講清楚 / 藥證可查 / 依標示使用","建議搭配：外盒標示實拍、藥證查詢截圖、產品質地短影片、客服回覆截圖（遮個資）。","衛福部中藥許可證：衛署成製015614；類別：乙類成藥；劑型：油膏劑。","退換貨、付款、客服、出貨、價格、通路與任何見證內容，發布前須由人工確認。","NO_LINE_API_CALL_NO_AUTO_PUBLISH_REVIEW_QUEUE_ONLY","LINE346","LINE_OA_LINE346_V2","2026-11-23"
"LINE_DRYRUN_347","P2_SAFE_TERM_CHECK","APPROVE_FOR_MANUAL_SCHEDULE","APPROVE_FOR_MANUAL_SCHEDULE | NEEDS_REWRITE | REJECT | LEGAL_REVIEW","OWNER","2026-06-16","Owner approved for manual schedule export only. Not approved for auto-publishing.","NO","APPROVED_FOR_MANUAL_SCHEDULE_ONLY","2026-12-07","12:00","LINE_OA","立冬前後的日常舒緩儀式","NEEDS_HUMAN_REVIEW_SAFE_TERM_CHECK","","立冬前後的日常舒緩儀式","立冬前後的日常舒緩儀式

換季時，身體保養不需要複雜，穩定的小習慣比較長久。

這款定位是外用油膏，重點是局部按摩、依標示使用。衛署成製015614，乙類成藥，資料可至衛福部中藥許可證系統查詢。

外用產品請依標示使用；身體不適、症狀持續或惡化時，請諮詢醫師或藥師。
下單前可先私訊索取藥證查詢方式與外盒標示照片。","","圖卡：立冬前後的日常舒緩儀式 / 藥證可查 / 依標示使用","建議搭配：外盒標示實拍、藥證查詢截圖、產品質地短影片、客服回覆截圖（遮個資）。","衛福部中藥許可證：衛署成製015614；類別：乙類成藥；劑型：油膏劑。","退換貨、付款、客服、出貨、價格、通路與任何見證內容，發布前須由人工確認。","NO_LINE_API_CALL_NO_AUTO_PUBLISH_REVIEW_QUEUE_ONLY","LINE347","LINE_OA_LINE347_V2","2026-11-24"
"LINE_DRYRUN_348","P2_SAFE_TERM_CHECK","APPROVE_FOR_MANUAL_SCHEDULE","APPROVE_FOR_MANUAL_SCHEDULE | NEEDS_REWRITE | REJECT | LEGAL_REVIEW","OWNER","2026-06-16","Owner approved for manual schedule export only. Not approved for auto-publishing.","NO","APPROVED_FOR_MANUAL_SCHEDULE_ONLY","2026-12-07","20:00","LINE_OA","深層症狀不適合自行處理","NEEDS_HUMAN_REVIEW_SAFE_TERM_CHECK","","深層症狀不適合自行處理","深層症狀不適合自行處理

外用產品不是擦越多越好，用對位置、避開風險才安心。

這款定位是外用油膏，重點是局部按摩、依標示使用。衛署成製015614，乙類成藥，資料可至衛福部中藥許可證系統查詢。

外用產品請依標示使用；身體不適、症狀持續或惡化時，請諮詢醫師或藥師。
下單前可先私訊索取藥證查詢方式與外盒標示照片。","","圖卡：深層症狀不適合自行處理 / 藥證可查 / 依標示使用","建議搭配：外盒標示實拍、藥證查詢截圖、產品質地短影片、客服回覆截圖（遮個資）。","衛福部中藥許可證：衛署成製015614；類別：乙類成藥；劑型：油膏劑。","退換貨、付款、客服、出貨、價格、通路與任何見證內容，發布前須由人工確認。","NO_LINE_API_CALL_NO_AUTO_PUBLISH_REVIEW_QUEUE_ONLY","LINE348","LINE_OA_LINE348_V2","2026-11-24"
"LINE_DRYRUN_349","P2_SAFE_TERM_CHECK","APPROVE_FOR_MANUAL_SCHEDULE","APPROVE_FOR_MANUAL_SCHEDULE | NEEDS_REWRITE | REJECT | LEGAL_REVIEW","OWNER","2026-06-16","Owner approved for manual schedule export only. Not approved for auto-publishing.","NO","APPROVED_FOR_MANUAL_SCHEDULE_ONLY","2026-12-08","12:00","LINE_OA","每篇貼文都要人工審核","NEEDS_HUMAN_REVIEW_SAFE_TERM_CHECK","","每篇貼文都要人工審核","每篇貼文都要人工審核

我們寧願把資料講清楚，也不想用誇大的話讓你衝動購買。

這款定位是外用油膏，重點是局部按摩、依標示使用。衛署成製015614，乙類成藥，資料可至衛福部中藥許可證系統查詢。

外用產品請依標示使用；身體不適、症狀持續或惡化時，請諮詢醫師或藥師。
下單前可先私訊索取藥證查詢方式與外盒標示照片。","","圖卡：每篇貼文都要人工審核 / 藥證可查 / 依標示使用","建議搭配：外盒標示實拍、藥證查詢截圖、產品質地短影片、客服回覆截圖（遮個資）。","衛福部中藥許可證：衛署成製015614；類別：乙類成藥；劑型：油膏劑。","退換貨、付款、客服、出貨、價格、通路與任何見證內容，發布前須由人工確認。","NO_LINE_API_CALL_NO_AUTO_PUBLISH_REVIEW_QUEUE_ONLY","LINE349","LINE_OA_LINE349_V2","2026-11-25"
"LINE_DRYRUN_350","P2_SAFE_TERM_CHECK","APPROVE_FOR_MANUAL_SCHEDULE","APPROVE_FOR_MANUAL_SCHEDULE | NEEDS_REWRITE | REJECT | LEGAL_REVIEW","OWNER","2026-06-16","Owner approved for manual schedule export only. Not approved for auto-publishing.","NO","APPROVED_FOR_MANUAL_SCHEDULE_ONLY","2026-12-08","20:00","LINE_OA","哪些情況應該先就醫","NEEDS_HUMAN_REVIEW_SAFE_TERM_CHECK","","哪些情況應該先就醫","哪些情況應該先就醫

很多人不是不想保養，是不知道什麼情況該先問清楚。

這款定位是外用油膏，重點是局部按摩、依標示使用。衛署成製015614，乙類成藥，資料可至衛福部中藥許可證系統查詢。

外用產品請依標示使用；身體不適、症狀持續或惡化時，請諮詢醫師或藥師。
下單前可先私訊索取藥證查詢方式與外盒標示照片。","","圖卡：哪些情況應該先就醫 / 藥證可查 / 依標示使用","建議搭配：外盒標示實拍、藥證查詢截圖、產品質地短影片、客服回覆截圖（遮個資）。","衛福部中藥許可證：衛署成製015614；類別：乙類成藥；劑型：油膏劑。","退換貨、付款、客服、出貨、價格、通路與任何見證內容，發布前須由人工確認。","NO_LINE_API_CALL_NO_AUTO_PUBLISH_REVIEW_QUEUE_ONLY","LINE350","LINE_OA_LINE350_V2","2026-11-25"
"LINE_DRYRUN_351","P2_SAFE_TERM_CHECK","APPROVE_FOR_MANUAL_SCHEDULE","APPROVE_FOR_MANUAL_SCHEDULE | NEEDS_REWRITE | REJECT | LEGAL_REVIEW","OWNER","2026-06-16","Owner approved for manual schedule export only. Not approved for auto-publishing.","NO","APPROVED_FOR_MANUAL_SCHEDULE_ONLY","2026-12-09","12:00","LINE_OA","運動後局部痠痛的保守處理","NEEDS_HUMAN_REVIEW_SAFE_TERM_CHECK","","運動後局部痠痛的保守處理","運動後局部痠痛的保守處理

運動、搬重物、久站後，身體局部不適時，先休息、觀察，再做保守保養。

這款定位是外用油膏，重點是局部按摩、依標示使用。衛署成製015614，乙類成藥，資料可至衛福部中藥許可證系統查詢。

外用產品請依標示使用；身體不適、症狀持續或惡化時，請諮詢醫師或藥師。
下單前可先私訊索取藥證查詢方式與外盒標示照片。","","圖卡：運動後局部痠痛的保守處理 / 藥證可查 / 依標示使用","建議搭配：外盒標示實拍、藥證查詢截圖、產品質地短影片、客服回覆截圖（遮個資）。","衛福部中藥許可證：衛署成製015614；類別：乙類成藥；劑型：油膏劑。","退換貨、付款、客服、出貨、價格、通路與任何見證內容，發布前須由人工確認。","NO_LINE_API_CALL_NO_AUTO_PUBLISH_REVIEW_QUEUE_ONLY","LINE351","LINE_OA_LINE351_V2","2026-11-26"
"LINE_DRYRUN_352","P2_SAFE_TERM_CHECK","APPROVE_FOR_MANUAL_SCHEDULE","APPROVE_FOR_MANUAL_SCHEDULE | NEEDS_REWRITE | REJECT | LEGAL_REVIEW","OWNER","2026-06-16","Owner approved for manual schedule export only. Not approved for auto-publishing.","NO","APPROVED_FOR_MANUAL_SCHEDULE_ONLY","2026-12-09","20:00","LINE_OA","冬青油與清涼舒緩體感","NEEDS_HUMAN_REVIEW_SAFE_TERM_CHECK","","冬青油與清涼舒緩體感","冬青油與清涼舒緩體感

下單前，先看得懂標示與成分，比聽誇張話術更安心。

這款定位是外用油膏，重點是局部按摩、依標示使用。衛署成製015614，乙類成藥，資料可至衛福部中藥許可證系統查詢。

外用產品請依標示使用；身體不適、症狀持續或惡化時，請諮詢醫師或藥師。
下單前可先私訊索取藥證查詢方式與外盒標示照片。","","圖卡：冬青油與清涼舒緩體感 / 藥證可查 / 依標示使用","建議搭配：外盒標示實拍、藥證查詢截圖、產品質地短影片、客服回覆截圖（遮個資）。","衛福部中藥許可證：衛署成製015614；類別：乙類成藥；劑型：油膏劑。","退換貨、付款、客服、出貨、價格、通路與任何見證內容，發布前須由人工確認。","NO_LINE_API_CALL_NO_AUTO_PUBLISH_REVIEW_QUEUE_ONLY","LINE352","LINE_OA_LINE352_V2","2026-11-26"
"LINE_DRYRUN_353","P2_SAFE_TERM_CHECK","APPROVE_FOR_MANUAL_SCHEDULE","APPROVE_FOR_MANUAL_SCHEDULE | NEEDS_REWRITE | REJECT | LEGAL_REVIEW","OWNER","2026-06-16","Owner approved for manual schedule export only. Not approved for auto-publishing.","NO","APPROVED_FOR_MANUAL_SCHEDULE_ONLY","2026-12-10","12:00","LINE_OA","早晨活動前的關節暖身","NEEDS_HUMAN_REVIEW_SAFE_TERM_CHECK","","早晨活動前的關節暖身","早晨活動前的關節暖身

幫長輩準備外用產品時，最重要的是安全、清楚、不要亂用。

這款定位是外用油膏，重點是局部按摩、依標示使用。衛署成製015614，乙類成藥，資料可至衛福部中藥許可證系統查詢。

外用產品請依標示使用；身體不適、症狀持續或惡化時，請諮詢醫師或藥師。
下單前可先私訊索取藥證查詢方式與外盒標示照片。","","圖卡：早晨活動前的關節暖身 / 藥證可查 / 依標示使用","建議搭配：外盒標示實拍、藥證查詢截圖、產品質地短影片、客服回覆截圖（遮個資）。","衛福部中藥許可證：衛署成製015614；類別：乙類成藥；劑型：油膏劑。","退換貨、付款、客服、出貨、價格、通路與任何見證內容，發布前須由人工確認。","NO_LINE_API_CALL_NO_AUTO_PUBLISH_REVIEW_QUEUE_ONLY","LINE353","LINE_OA_LINE353_V2","2026-11-27"
"LINE_DRYRUN_354","P2_SAFE_TERM_CHECK","APPROVE_FOR_MANUAL_SCHEDULE","APPROVE_FOR_MANUAL_SCHEDULE | NEEDS_REWRITE | REJECT | LEGAL_REVIEW","OWNER","2026-06-16","Owner approved for manual schedule export only. Not approved for auto-publishing.","NO","APPROVED_FOR_MANUAL_SCHEDULE_ONLY","2026-12-10","20:00","LINE_OA","不能擦在破皮或傷口","NEEDS_HUMAN_REVIEW_SAFE_TERM_CHECK","","不能擦在破皮或傷口","不能擦在破皮或傷口

外用產品不是擦越多越好，用對位置、避開風險才安心。

這款定位是外用油膏，重點是局部按摩、依標示使用。衛署成製015614，乙類成藥，資料可至衛福部中藥許可證系統查詢。

外用產品請依標示使用；身體不適、症狀持續或惡化時，請諮詢醫師或藥師。
下單前可先私訊索取藥證查詢方式與外盒標示照片。","","圖卡：不能擦在破皮或傷口 / 藥證可查 / 依標示使用","建議搭配：外盒標示實拍、藥證查詢截圖、產品質地短影片、客服回覆截圖（遮個資）。","衛福部中藥許可證：衛署成製015614；類別：乙類成藥；劑型：油膏劑。","退換貨、付款、客服、出貨、價格、通路與任何見證內容，發布前須由人工確認。","NO_LINE_API_CALL_NO_AUTO_PUBLISH_REVIEW_QUEUE_ONLY","LINE354","LINE_OA_LINE354_V2","2026-11-27"
"LINE_DRYRUN_355","P2_SAFE_TERM_CHECK","APPROVE_FOR_MANUAL_SCHEDULE","APPROVE_FOR_MANUAL_SCHEDULE | NEEDS_REWRITE | REJECT | LEGAL_REVIEW","OWNER","2026-06-16","Owner approved for manual schedule export only. Not approved for auto-publishing.","NO","APPROVED_FOR_MANUAL_SCHEDULE_ONLY","2026-12-11","12:00","LINE_OA","芒種後濕熱生活保養","NEEDS_HUMAN_REVIEW_SAFE_TERM_CHECK","","芒種後濕熱生活保養","芒種後濕熱生活保養

換季時，身體保養不需要複雜，穩定的小習慣比較長久。

這款定位是外用油膏，重點是局部按摩、依標示使用。衛署成製015614，乙類成藥，資料可至衛福部中藥許可證系統查詢。

外用產品請依標示使用；身體不適、症狀持續或惡化時，請諮詢醫師或藥師。
下單前可先私訊索取藥證查詢方式與外盒標示照片。","","圖卡：芒種後濕熱生活保養 / 藥證可查 / 依標示使用","建議搭配：外盒標示實拍、藥證查詢截圖、產品質地短影片、客服回覆截圖（遮個資）。","衛福部中藥許可證：衛署成製015614；類別：乙類成藥；劑型：油膏劑。","退換貨、付款、客服、出貨、價格、通路與任何見證內容，發布前須由人工確認。","NO_LINE_API_CALL_NO_AUTO_PUBLISH_REVIEW_QUEUE_ONLY","LINE355","LINE_OA_LINE355_V2","2026-11-28"
"LINE_DRYRUN_356","P2_SAFE_TERM_CHECK","APPROVE_FOR_MANUAL_SCHEDULE","APPROVE_FOR_MANUAL_SCHEDULE | NEEDS_REWRITE | REJECT | LEGAL_REVIEW","OWNER","2026-06-16","Owner approved for manual schedule export only. Not approved for auto-publishing.","NO","APPROVED_FOR_MANUAL_SCHEDULE_ONLY","2026-12-11","20:00","LINE_OA","久站後小腿不適舒緩","NEEDS_HUMAN_REVIEW_SAFE_TERM_CHECK","","久站後小腿不適舒緩","久站後小腿不適舒緩

運動、搬重物、久站後，身體局部不適時，先休息、觀察，再做保守保養。

這款定位是外用油膏，重點是局部按摩、依標示使用。衛署成製015614，乙類成藥，資料可至衛福部中藥許可證系統查詢。

外用產品請依標示使用；身體不適、症狀持續或惡化時，請諮詢醫師或藥師。
下單前可先私訊索取藥證查詢方式與外盒標示照片。","","圖卡：久站後小腿不適舒緩 / 藥證可查 / 依標示使用","建議搭配：外盒標示實拍、藥證查詢截圖、產品質地短影片、客服回覆截圖（遮個資）。","衛福部中藥許可證：衛署成製015614；類別：乙類成藥；劑型：油膏劑。","退換貨、付款、客服、出貨、價格、通路與任何見證內容，發布前須由人工確認。","NO_LINE_API_CALL_NO_AUTO_PUBLISH_REVIEW_QUEUE_ONLY","LINE356","LINE_OA_LINE356_V2","2026-11-28"
"LINE_DRYRUN_357","P2_SAFE_TERM_CHECK","APPROVE_FOR_MANUAL_SCHEDULE","APPROVE_FOR_MANUAL_SCHEDULE | NEEDS_REWRITE | REJECT | LEGAL_REVIEW","OWNER","2026-06-16","Owner approved for manual schedule export only. Not approved for auto-publishing.","NO","APPROVED_FOR_MANUAL_SCHEDULE_ONLY","2026-12-12","12:00","LINE_OA","你最常哪個部位緊繃","NEEDS_HUMAN_REVIEW_SAFE_TERM_CHECK","","你最常哪個部位緊繃","你最常哪個部位緊繃

很多人不是不想保養，是不知道什麼情況該先問清楚。

這款定位是外用油膏，重點是局部按摩、依標示使用。衛署成製015614，乙類成藥，資料可至衛福部中藥許可證系統查詢。

外用產品請依標示使用；身體不適、症狀持續或惡化時，請諮詢醫師或藥師。
下單前可先私訊索取藥證查詢方式與外盒標示照片。","","圖卡：你最常哪個部位緊繃 / 藥證可查 / 依標示使用","建議搭配：外盒標示實拍、藥證查詢截圖、產品質地短影片、客服回覆截圖（遮個資）。","衛福部中藥許可證：衛署成製015614；類別：乙類成藥；劑型：油膏劑。","退換貨、付款、客服、出貨、價格、通路與任何見證內容，發布前須由人工確認。","NO_LINE_API_CALL_NO_AUTO_PUBLISH_REVIEW_QUEUE_ONLY","LINE357","LINE_OA_LINE357_V2","2026-11-29"
"LINE_DRYRUN_358","P2_SAFE_TERM_CHECK","APPROVE_FOR_MANUAL_SCHEDULE","APPROVE_FOR_MANUAL_SCHEDULE | NEEDS_REWRITE | REJECT | LEGAL_REVIEW","OWNER","2026-06-16","Owner approved for manual schedule export only. Not approved for auto-publishing.","NO","APPROVED_FOR_MANUAL_SCHEDULE_ONLY","2026-12-12","20:00","LINE_OA","長輩外用膏使用安全","NEEDS_HUMAN_REVIEW_SAFE_TERM_CHECK","","長輩外用膏使用安全","長輩外用膏使用安全

幫長輩準備外用產品時，最重要的是安全、清楚、不要亂用。

這款定位是外用油膏，重點是局部按摩、依標示使用。衛署成製015614，乙類成藥，資料可至衛福部中藥許可證系統查詢。

外用產品請依標示使用；身體不適、症狀持續或惡化時，請諮詢醫師或藥師。
下單前可先私訊索取藥證查詢方式與外盒標示照片。","","圖卡：長輩外用膏使用安全 / 藥證可查 / 依標示使用","建議搭配：外盒標示實拍、藥證查詢截圖、產品質地短影片、客服回覆截圖（遮個資）。","衛福部中藥許可證：衛署成製015614；類別：乙類成藥；劑型：油膏劑。","退換貨、付款、客服、出貨、價格、通路與任何見證內容，發布前須由人工確認。","NO_LINE_API_CALL_NO_AUTO_PUBLISH_REVIEW_QUEUE_ONLY","LINE358","LINE_OA_LINE358_V2","2026-11-29"
"LINE_DRYRUN_359","P2_SAFE_TERM_CHECK","APPROVE_FOR_MANUAL_SCHEDULE","APPROVE_FOR_MANUAL_SCHEDULE | NEEDS_REWRITE | REJECT | LEGAL_REVIEW","OWNER","2026-06-16","Owner approved for manual schedule export only. Not approved for auto-publishing.","NO","APPROVED_FOR_MANUAL_SCHEDULE_ONLY","2026-12-13","12:00","LINE_OA","辦公桌前的姿勢檢查","NEEDS_HUMAN_REVIEW_SAFE_TERM_CHECK","","辦公桌前的姿勢檢查","辦公桌前的姿勢檢查

久坐、低頭、開會一整天後，肩頸常會提醒你該放鬆一下。

這款定位是外用油膏，重點是局部按摩、依標示使用。衛署成製015614，乙類成藥，資料可至衛福部中藥許可證系統查詢。

外用產品請依標示使用；身體不適、症狀持續或惡化時，請諮詢醫師或藥師。
下單前可先私訊索取藥證查詢方式與外盒標示照片。","","圖卡：辦公桌前的姿勢檢查 / 藥證可查 / 依標示使用","建議搭配：外盒標示實拍、藥證查詢截圖、產品質地短影片、客服回覆截圖（遮個資）。","衛福部中藥許可證：衛署成製015614；類別：乙類成藥；劑型：油膏劑。","退換貨、付款、客服、出貨、價格、通路與任何見證內容，發布前須由人工確認。","NO_LINE_API_CALL_NO_AUTO_PUBLISH_REVIEW_QUEUE_ONLY","LINE359","LINE_OA_LINE359_V2","2026-11-30"
"LINE_DRYRUN_360","P2_SAFE_TERM_CHECK","APPROVE_FOR_MANUAL_SCHEDULE","APPROVE_FOR_MANUAL_SCHEDULE | NEEDS_REWRITE | REJECT | LEGAL_REVIEW","OWNER","2026-06-16","Owner approved for manual schedule export only. Not approved for auto-publishing.","NO","APPROVED_FOR_MANUAL_SCHEDULE_ONLY","2026-12-13","20:00","LINE_OA","薄荷腦帶來的涼感來源","NEEDS_HUMAN_REVIEW_SAFE_TERM_CHECK","","薄荷腦帶來的涼感來源","薄荷腦帶來的涼感來源

下單前，先看得懂標示與成分，比聽誇張話術更安心。

這款定位是外用油膏，重點是局部按摩、依標示使用。衛署成製015614，乙類成藥，資料可至衛福部中藥許可證系統查詢。

外用產品請依標示使用；身體不適、症狀持續或惡化時，請諮詢醫師或藥師。
下單前可先私訊索取藥證查詢方式與外盒標示照片。","","圖卡：薄荷腦帶來的涼感來源 / 藥證可查 / 依標示使用","建議搭配：外盒標示實拍、藥證查詢截圖、產品質地短影片、客服回覆截圖（遮個資）。","衛福部中藥許可證：衛署成製015614；類別：乙類成藥；劑型：油膏劑。","退換貨、付款、客服、出貨、價格、通路與任何見證內容，發布前須由人工確認。","NO_LINE_API_CALL_NO_AUTO_PUBLISH_REVIEW_QUEUE_ONLY","LINE360","LINE_OA_LINE360_V2","2026-11-30"
