platform_post_id,source_post_id,platform,date,time,topic_title,pillar_code,risk_level,review_status,publish_allowed,draft_title,main_text,caption_or_description,hashtags,script_or_slide_copy,mandatory_disclaimer,required_warning,forbidden_terms
Instagram_LINE001,LINE001,Instagram,2026-06-04,12:00,運動後局部痠痛的保守處理,C,中,pending_legal_pharmacist_review,false,運動後局部痠痛的保守處理,"Slide 1：運動後局部痠痛的保守處理
Slide 2：運動族、搬重物、久站與勞動工作者常見情境
Slide 3：運動或勞動後的局部肌肉痠痛，可短期按摩舒緩
Slide 4：明顯腫脹、劇痛、活動受限或疑似受傷時，請先就醫。
Slide 5：依標示使用，先收藏","運動後局部痠痛的保守處理，適合用保守一點的方式理解。

外用保養的重點是依標示使用，搭配局部按摩與日常休息；如果症狀持續、惡化或影響活動，請諮詢醫師或藥師。

本產品為外用油膏，請依核准標示使用；若症狀持續或惡化，請諮詢醫師或藥師。",#運動後保養 #局部按摩 #肌肉痠痛 #依標示使用,Slide 1：運動後局部痠痛的保守處理｜Slide 2：運動族、搬重物、久站與勞動工作者常見情境｜Slide 3：運動或勞動後的局部肌肉痠痛，可短期按摩舒緩｜Slide 4：明顯腫脹、劇痛、活動受限或疑似受傷時，請先就醫。｜Slide 5：依標示使用，先收藏,本產品為外用油膏，請依核准標示使用；若症狀持續或惡化，請諮詢醫師或藥師。,明顯腫脹、劇痛、活動受限或疑似受傷時，請先就醫。,根治|治療疾病|消炎治本|打通經絡|一擦就好|保證有效|深層修復|替代藥物
Instagram_LINE002,LINE002,Instagram,2026-06-04,20:00,冬青油與清涼舒緩體感,A,中,pending_legal_pharmacist_review,false,冬青油與清涼舒緩體感,"Slide 1：冬青油與清涼舒緩體感
Slide 2：已購買或正在觀望的一條根使用者常見情境
Slide 3：依標示外用，提供局部按摩與暫時舒緩體感
Slide 4：僅供外用；避免眼周、黏膜、破皮或傷口。
Slide 5：依標示使用，先收藏","冬青油與清涼舒緩體感，適合用保守一點的方式理解。

外用保養的重點是依標示使用，搭配局部按摩與日常休息；如果症狀持續、惡化或影響活動，請諮詢醫師或藥師。

本產品為外用油膏，請依核准標示使用；若症狀持續或惡化，請諮詢醫師或藥師。",#金牌一條根 #外用油膏 #成分透明 #依標示使用,Slide 1：冬青油與清涼舒緩體感｜Slide 2：已購買或正在觀望的一條根使用者常見情境｜Slide 3：依標示外用，提供局部按摩與暫時舒緩體感｜Slide 4：僅供外用；避免眼周、黏膜、破皮或傷口。｜Slide 5：依標示使用，先收藏,本產品為外用油膏，請依核准標示使用；若症狀持續或惡化，請諮詢醫師或藥師。,僅供外用；避免眼周、黏膜、破皮或傷口。,根治|治療疾病|消炎治本|打通經絡|一擦就好|保證有效|深層修復|替代藥物
Instagram_LINE003,LINE003,Instagram,2026-06-05,12:00,早晨活動前的關節暖身,D,中,pending_legal_pharmacist_review,false,早晨活動前的關節暖身,"Slide 1：早晨活動前的關節暖身
Slide 2：40-70 歲注重日常活動舒適度的族群常見情境
Slide 3：輕微關節痠痛可短期舒緩，但不可宣稱治療疾病
Slide 4：關節腫痛、紅熱、長期疼痛或行走困難，請就醫評估。
Slide 5：依標示使用，先收藏","早晨活動前的關節暖身，適合用保守一點的方式理解。

外用保養的重點是依標示使用，搭配局部按摩與日常休息；如果症狀持續、惡化或影響活動，請諮詢醫師或藥師。

本產品為外用油膏，請依核准標示使用；若症狀持續或惡化，請諮詢醫師或藥師。",#銀髮保養 #活動舒適 #輕微痠痛 #依標示使用,Slide 1：早晨活動前的關節暖身｜Slide 2：40-70 歲注重日常活動舒適度的族群常見情境｜Slide 3：輕微關節痠痛可短期舒緩，但不可宣稱治療疾病｜Slide 4：關節腫痛、紅熱、長期疼痛或行走困難，請就醫評估。｜Slide 5：依標示使用，先收藏,本產品為外用油膏，請依核准標示使用；若症狀持續或惡化，請諮詢醫師或藥師。,關節腫痛、紅熱、長期疼痛或行走困難，請就醫評估。,根治|治療疾病|消炎治本|打通經絡|一擦就好|保證有效|深層修復|替代藥物
Instagram_LINE004,LINE004,Instagram,2026-06-05,20:00,不能擦在破皮或傷口,E,高,pending_legal_pharmacist_review,false,不能擦在破皮或傷口,"Slide 1：不能擦在破皮或傷口
Slide 2：所有使用者、照護者與家庭購買者常見情境
Slide 3：安全使用比用得多更重要，依標示與風險族群提醒
Slide 4：2 歲以下、孕哺、過敏體質、抗凝血藥使用者請先詢問專業人員。
Slide 5：依標示使用，先收藏","不能擦在破皮或傷口，適合用保守一點的方式理解。

外用保養的重點是依標示使用，搭配局部按摩與日常休息；如果症狀持續、惡化或影響活動，請諮詢醫師或藥師。

僅供外用。避免接觸眼睛、黏膜、破皮或傷口；特殊族群使用前請先諮詢專業人員。",#外用安全 #用藥安全 #使用前看標示 #諮詢醫師藥師,Slide 1：不能擦在破皮或傷口｜Slide 2：所有使用者、照護者與家庭購買者常見情境｜Slide 3：安全使用比用得多更重要，依標示與風險族群提醒｜Slide 4：2 歲以下、孕哺、過敏體質、抗凝血藥使用者請先詢問專業人員。｜Slide 5：依標示使用，先收藏,僅供外用。避免接觸眼睛、黏膜、破皮或傷口；特殊族群使用前請先諮詢專業人員。,2 歲以下、孕哺、過敏體質、抗凝血藥使用者請先詢問專業人員。,根治|治療疾病|消炎治本|打通經絡|一擦就好|保證有效|深層修復|替代藥物
Instagram_LINE005,LINE005,Instagram,2026-06-06,12:00,芒種後濕熱生活保養,F,低,pending_legal_pharmacist_review,false,芒種後濕熱生活保養,"Slide 1：芒種後濕熱生活保養
Slide 2：喜歡養生、節氣與日常保健的 LINE 讀者常見情境
Slide 3：以生活保健與身體覺察為主，不做醫療療效宣稱
Slide 4：節氣養生屬一般生活資訊，身體不適仍應諮詢專業人員。
Slide 5：依標示使用，先收藏","芒種後濕熱生活保養，適合用保守一點的方式理解。

外用保養的重點是依標示使用，搭配局部按摩與日常休息；如果症狀持續、惡化或影響活動，請諮詢醫師或藥師。

本內容為一般生活保健資訊，非醫療診斷或治療建議。",#節氣保養 #生活保健 #日常保養 #身體覺察,Slide 1：芒種後濕熱生活保養｜Slide 2：喜歡養生、節氣與日常保健的 LINE 讀者常見情境｜Slide 3：以生活保健與身體覺察為主，不做醫療療效宣稱｜Slide 4：節氣養生屬一般生活資訊，身體不適仍應諮詢專業人員。｜Slide 5：依標示使用，先收藏,本內容為一般生活保健資訊，非醫療診斷或治療建議。,節氣養生屬一般生活資訊，身體不適仍應諮詢專業人員。,根治|治療疾病|消炎治本|打通經絡|一擦就好|保證有效|深層修復|替代藥物
Instagram_LINE006,LINE006,Instagram,2026-06-06,20:00,久站後小腿不適舒緩,C,中,pending_legal_pharmacist_review,false,久站後小腿不適舒緩,"Slide 1：久站後小腿不適舒緩
Slide 2：運動族、搬重物、久站與勞動工作者常見情境
Slide 3：運動或勞動後的局部肌肉痠痛，可短期按摩舒緩
Slide 4：明顯腫脹、劇痛、活動受限或疑似受傷時，請先就醫。
Slide 5：依標示使用，先收藏","久站後小腿不適舒緩，適合用保守一點的方式理解。

外用保養的重點是依標示使用，搭配局部按摩與日常休息；如果症狀持續、惡化或影響活動，請諮詢醫師或藥師。

本產品為外用油膏，請依核准標示使用；若症狀持續或惡化，請諮詢醫師或藥師。",#運動後保養 #局部按摩 #肌肉痠痛 #依標示使用,Slide 1：久站後小腿不適舒緩｜Slide 2：運動族、搬重物、久站與勞動工作者常見情境｜Slide 3：運動或勞動後的局部肌肉痠痛，可短期按摩舒緩｜Slide 4：明顯腫脹、劇痛、活動受限或疑似受傷時，請先就醫。｜Slide 5：依標示使用，先收藏,本產品為外用油膏，請依核准標示使用；若症狀持續或惡化，請諮詢醫師或藥師。,明顯腫脹、劇痛、活動受限或疑似受傷時，請先就醫。,根治|治療疾病|消炎治本|打通經絡|一擦就好|保證有效|深層修復|替代藥物
Instagram_LINE007,LINE007,Instagram,2026-06-07,12:00,你最常哪個部位緊繃,G,低,pending_legal_pharmacist_review,false,你最常哪個部位緊繃,"Slide 1：你最常哪個部位緊繃
Slide 2：LINE OA 好友、回購客與新客常見情境
Slide 3：用問答降低誤用，讓使用者知道何時該詢問專業人員
Slide 4：互動回答不取代醫師或藥師建議。
Slide 5：依標示使用，先收藏","你最常哪個部位緊繃，適合用保守一點的方式理解。

外用保養的重點是依標示使用，搭配局部按摩與日常休息；如果症狀持續、惡化或影響活動，請諮詢醫師或藥師。

本內容為一般生活保健資訊，非醫療診斷或治療建議。",#互動問答 #保養知識 #使用小提醒 #金牌一條根,Slide 1：你最常哪個部位緊繃｜Slide 2：LINE OA 好友、回購客與新客常見情境｜Slide 3：用問答降低誤用，讓使用者知道何時該詢問專業人員｜Slide 4：互動回答不取代醫師或藥師建議。｜Slide 5：依標示使用，先收藏,本內容為一般生活保健資訊，非醫療診斷或治療建議。,互動回答不取代醫師或藥師建議。,根治|治療疾病|消炎治本|打通經絡|一擦就好|保證有效|深層修復|替代藥物
Instagram_LINE008,LINE008,Instagram,2026-06-07,20:00,長輩外用膏使用安全,D,中,pending_legal_pharmacist_review,false,長輩外用膏使用安全,"Slide 1：長輩外用膏使用安全
Slide 2：40-70 歲注重日常活動舒適度的族群常見情境
Slide 3：輕微關節痠痛可短期舒緩，但不可宣稱治療疾病
Slide 4：關節腫痛、紅熱、長期疼痛或行走困難，請就醫評估。
Slide 5：依標示使用，先收藏","長輩外用膏使用安全，適合用保守一點的方式理解。

外用保養的重點是依標示使用，搭配局部按摩與日常休息；如果症狀持續、惡化或影響活動，請諮詢醫師或藥師。

本產品為外用油膏，請依核准標示使用；若症狀持續或惡化，請諮詢醫師或藥師。",#銀髮保養 #活動舒適 #輕微痠痛 #依標示使用,Slide 1：長輩外用膏使用安全｜Slide 2：40-70 歲注重日常活動舒適度的族群常見情境｜Slide 3：輕微關節痠痛可短期舒緩，但不可宣稱治療疾病｜Slide 4：關節腫痛、紅熱、長期疼痛或行走困難，請就醫評估。｜Slide 5：依標示使用，先收藏,本產品為外用油膏，請依核准標示使用；若症狀持續或惡化，請諮詢醫師或藥師。,關節腫痛、紅熱、長期疼痛或行走困難，請就醫評估。,根治|治療疾病|消炎治本|打通經絡|一擦就好|保證有效|深層修復|替代藥物
Instagram_LINE009,LINE009,Instagram,2026-06-08,12:00,低頭族肩頸緊繃的三個提醒,B,低,pending_legal_pharmacist_review,false,低頭族肩頸緊繃的三個提醒,"Slide 1：低頭族肩頸緊繃的三個提醒
Slide 2：長時間低頭、久坐、用電腦的上班族常見情境
Slide 3：久坐低頭後，可搭配伸展與局部按摩舒緩緊繃不適
Slide 4：若痠痛持續、麻木或影響活動，請諮詢醫師或藥師。
Slide 5：依標示使用，先收藏","低頭族肩頸緊繃的三個提醒，適合用保守一點的方式理解。

外用保養的重點是依標示使用，搭配局部按摩與日常休息；如果症狀持續、惡化或影響活動，請諮詢醫師或藥師。

本內容為一般生活保健資訊，非醫療診斷或治療建議。",#肩頸保養 #久坐族 #日常舒緩 #依標示使用,Slide 1：低頭族肩頸緊繃的三個提醒｜Slide 2：長時間低頭、久坐、用電腦的上班族常見情境｜Slide 3：久坐低頭後，可搭配伸展與局部按摩舒緩緊繃不適｜Slide 4：若痠痛持續、麻木或影響活動，請諮詢醫師或藥師。｜Slide 5：依標示使用，先收藏,本內容為一般生活保健資訊，非醫療診斷或治療建議。,若痠痛持續、麻木或影響活動，請諮詢醫師或藥師。,根治|治療疾病|消炎治本|打通經絡|一擦就好|保證有效|深層修復|替代藥物
Instagram_LINE010,LINE010,Instagram,2026-06-08,20:00,薄荷腦帶來的涼感來源,A,中,pending_legal_pharmacist_review,false,薄荷腦帶來的涼感來源,"Slide 1：薄荷腦帶來的涼感來源
Slide 2：已購買或正在觀望的一條根使用者常見情境
Slide 3：依標示外用，提供局部按摩與暫時舒緩體感
Slide 4：僅供外用；避免眼周、黏膜、破皮或傷口。
Slide 5：依標示使用，先收藏","薄荷腦帶來的涼感來源，適合用保守一點的方式理解。

外用保養的重點是依標示使用，搭配局部按摩與日常休息；如果症狀持續、惡化或影響活動，請諮詢醫師或藥師。

本產品為外用油膏，請依核准標示使用；若症狀持續或惡化，請諮詢醫師或藥師。",#金牌一條根 #外用油膏 #成分透明 #依標示使用,Slide 1：薄荷腦帶來的涼感來源｜Slide 2：已購買或正在觀望的一條根使用者常見情境｜Slide 3：依標示外用，提供局部按摩與暫時舒緩體感｜Slide 4：僅供外用；避免眼周、黏膜、破皮或傷口。｜Slide 5：依標示使用，先收藏,本產品為外用油膏，請依核准標示使用；若症狀持續或惡化，請諮詢醫師或藥師。,僅供外用；避免眼周、黏膜、破皮或傷口。,根治|治療疾病|消炎治本|打通經絡|一擦就好|保證有效|深層修復|替代藥物
Instagram_LINE011,LINE011,Instagram,2026-06-09,12:00,夏季冷氣房的肩頸保養,F,低,pending_legal_pharmacist_review,false,夏季冷氣房的肩頸保養,"Slide 1：夏季冷氣房的肩頸保養
Slide 2：喜歡養生、節氣與日常保健的 LINE 讀者常見情境
Slide 3：以生活保健與身體覺察為主，不做醫療療效宣稱
Slide 4：節氣養生屬一般生活資訊，身體不適仍應諮詢專業人員。
Slide 5：依標示使用，先收藏","夏季冷氣房的肩頸保養，適合用保守一點的方式理解。

外用保養的重點是依標示使用，搭配局部按摩與日常休息；如果症狀持續、惡化或影響活動，請諮詢醫師或藥師。

本內容為一般生活保健資訊，非醫療診斷或治療建議。",#節氣保養 #生活保健 #日常保養 #身體覺察,Slide 1：夏季冷氣房的肩頸保養｜Slide 2：喜歡養生、節氣與日常保健的 LINE 讀者常見情境｜Slide 3：以生活保健與身體覺察為主，不做醫療療效宣稱｜Slide 4：節氣養生屬一般生活資訊，身體不適仍應諮詢專業人員。｜Slide 5：依標示使用，先收藏,本內容為一般生活保健資訊，非醫療診斷或治療建議。,節氣養生屬一般生活資訊，身體不適仍應諮詢專業人員。,根治|治療疾病|消炎治本|打通經絡|一擦就好|保證有效|深層修復|替代藥物
Instagram_LINE012,LINE012,Instagram,2026-06-09,20:00,外用膏避免眼周與黏膜,E,高,pending_legal_pharmacist_review,false,外用膏避免眼周與黏膜,"Slide 1：外用膏避免眼周與黏膜
Slide 2：所有使用者、照護者與家庭購買者常見情境
Slide 3：安全使用比用得多更重要，依標示與風險族群提醒
Slide 4：2 歲以下、孕哺、過敏體質、抗凝血藥使用者請先詢問專業人員。
Slide 5：依標示使用，先收藏","外用膏避免眼周與黏膜，適合用保守一點的方式理解。

外用保養的重點是依標示使用，搭配局部按摩與日常休息；如果症狀持續、惡化或影響活動，請諮詢醫師或藥師。

僅供外用。避免接觸眼睛、黏膜、破皮或傷口；特殊族群使用前請先諮詢專業人員。",#外用安全 #用藥安全 #使用前看標示 #諮詢醫師藥師,Slide 1：外用膏避免眼周與黏膜｜Slide 2：所有使用者、照護者與家庭購買者常見情境｜Slide 3：安全使用比用得多更重要，依標示與風險族群提醒｜Slide 4：2 歲以下、孕哺、過敏體質、抗凝血藥使用者請先詢問專業人員。｜Slide 5：依標示使用，先收藏,僅供外用。避免接觸眼睛、黏膜、破皮或傷口；特殊族群使用前請先諮詢專業人員。,2 歲以下、孕哺、過敏體質、抗凝血藥使用者請先詢問專業人員。,根治|治療疾病|消炎治本|打通經絡|一擦就好|保證有效|深層修復|替代藥物
Instagram_LINE013,LINE013,Instagram,2026-06-10,12:00,為什麼我們不說神效,H,中,pending_legal_pharmacist_review,false,為什麼我們不說神效,"Slide 1：為什麼我們不說神效
Slide 2：重視藥證、成分、品質與合法性的消費者常見情境
Slide 3：強調藥證、標示、保守宣稱與人工審核流程
Slide 4：所有廣告文案仍須依主管機關與專業人員審核。
Slide 5：依標示使用，先收藏","為什麼我們不說神效，適合用保守一點的方式理解。

外用保養的重點是依標示使用，搭配局部按摩與日常休息；如果症狀持續、惡化或影響活動，請諮詢醫師或藥師。

本產品為外用油膏，請依核准標示使用；若症狀持續或惡化，請諮詢醫師或藥師。",#藥證可查 #品牌透明 #合法宣傳 #成分透明,Slide 1：為什麼我們不說神效｜Slide 2：重視藥證、成分、品質與合法性的消費者常見情境｜Slide 3：強調藥證、標示、保守宣稱與人工審核流程｜Slide 4：所有廣告文案仍須依主管機關與專業人員審核。｜Slide 5：依標示使用，先收藏,本產品為外用油膏，請依核准標示使用；若症狀持續或惡化，請諮詢醫師或藥師。,所有廣告文案仍須依主管機關與專業人員審核。,根治|治療疾病|消炎治本|打通經絡|一擦就好|保證有效|深層修復|替代藥物
Instagram_LINE014,LINE014,Instagram,2026-06-10,20:00,你習慣運動前還是運動後保養,G,低,pending_legal_pharmacist_review,false,你習慣運動前還是運動後保養,"Slide 1：你習慣運動前還是運動後保養
Slide 2：LINE OA 好友、回購客與新客常見情境
Slide 3：用問答降低誤用，讓使用者知道何時該詢問專業人員
Slide 4：互動回答不取代醫師或藥師建議。
Slide 5：依標示使用，先收藏","你習慣運動前還是運動後保養，適合用保守一點的方式理解。

外用保養的重點是依標示使用，搭配局部按摩與日常休息；如果症狀持續、惡化或影響活動，請諮詢醫師或藥師。

本內容為一般生活保健資訊，非醫療診斷或治療建議。",#互動問答 #保養知識 #使用小提醒 #金牌一條根,Slide 1：你習慣運動前還是運動後保養｜Slide 2：LINE OA 好友、回購客與新客常見情境｜Slide 3：用問答降低誤用，讓使用者知道何時該詢問專業人員｜Slide 4：互動回答不取代醫師或藥師建議。｜Slide 5：依標示使用，先收藏,本內容為一般生活保健資訊，非醫療診斷或治療建議。,互動回答不取代醫師或藥師建議。,根治|治療疾病|消炎治本|打通經絡|一擦就好|保證有效|深層修復|替代藥物
Instagram_LINE015,LINE015,Instagram,2026-06-11,12:00,搬重物後腰背保養,C,中,pending_legal_pharmacist_review,false,搬重物後腰背保養,"Slide 1：搬重物後腰背保養
Slide 2：運動族、搬重物、久站與勞動工作者常見情境
Slide 3：運動或勞動後的局部肌肉痠痛，可短期按摩舒緩
Slide 4：明顯腫脹、劇痛、活動受限或疑似受傷時，請先就醫。
Slide 5：依標示使用，先收藏","搬重物後腰背保養，適合用保守一點的方式理解。

外用保養的重點是依標示使用，搭配局部按摩與日常休息；如果症狀持續、惡化或影響活動，請諮詢醫師或藥師。

本產品為外用油膏，請依核准標示使用；若症狀持續或惡化，請諮詢醫師或藥師。",#運動後保養 #局部按摩 #肌肉痠痛 #依標示使用,Slide 1：搬重物後腰背保養｜Slide 2：運動族、搬重物、久站與勞動工作者常見情境｜Slide 3：運動或勞動後的局部肌肉痠痛，可短期按摩舒緩｜Slide 4：明顯腫脹、劇痛、活動受限或疑似受傷時，請先就醫。｜Slide 5：依標示使用，先收藏,本產品為外用油膏，請依核准標示使用；若症狀持續或惡化，請諮詢醫師或藥師。,明顯腫脹、劇痛、活動受限或疑似受傷時，請先就醫。,根治|治療疾病|消炎治本|打通經絡|一擦就好|保證有效|深層修復|替代藥物
Instagram_LINE016,LINE016,Instagram,2026-06-11,20:00,樟腦外用時的注意界線,A,中,pending_legal_pharmacist_review,false,樟腦外用時的注意界線,"Slide 1：樟腦外用時的注意界線
Slide 2：已購買或正在觀望的一條根使用者常見情境
Slide 3：依標示外用，提供局部按摩與暫時舒緩體感
Slide 4：僅供外用；避免眼周、黏膜、破皮或傷口。
Slide 5：依標示使用，先收藏","樟腦外用時的注意界線，適合用保守一點的方式理解。

外用保養的重點是依標示使用，搭配局部按摩與日常休息；如果症狀持續、惡化或影響活動，請諮詢醫師或藥師。

本產品為外用油膏，請依核准標示使用；若症狀持續或惡化，請諮詢醫師或藥師。",#金牌一條根 #外用油膏 #成分透明 #依標示使用,Slide 1：樟腦外用時的注意界線｜Slide 2：已購買或正在觀望的一條根使用者常見情境｜Slide 3：依標示外用，提供局部按摩與暫時舒緩體感｜Slide 4：僅供外用；避免眼周、黏膜、破皮或傷口。｜Slide 5：依標示使用，先收藏,本產品為外用油膏，請依核准標示使用；若症狀持續或惡化，請諮詢醫師或藥師。,僅供外用；避免眼周、黏膜、破皮或傷口。,根治|治療疾病|消炎治本|打通經絡|一擦就好|保證有效|深層修復|替代藥物
Instagram_LINE017,LINE017,Instagram,2026-06-12,12:00,輕微關節痠痛與疾病治療要分開,D,中,pending_legal_pharmacist_review,false,輕微關節痠痛與疾病治療要分開,"Slide 1：輕微關節痠痛與疾病治療要分開
Slide 2：40-70 歲注重日常活動舒適度的族群常見情境
Slide 3：輕微關節痠痛可短期舒緩，但不可宣稱治療疾病
Slide 4：關節腫痛、紅熱、長期疼痛或行走困難，請就醫評估。
Slide 5：依標示使用，先收藏","輕微關節痠痛與疾病治療要分開，適合用保守一點的方式理解。

外用保養的重點是依標示使用，搭配局部按摩與日常休息；如果症狀持續、惡化或影響活動，請諮詢醫師或藥師。

本產品為外用油膏，請依核准標示使用；若症狀持續或惡化，請諮詢醫師或藥師。",#銀髮保養 #活動舒適 #輕微痠痛 #依標示使用,Slide 1：輕微關節痠痛與疾病治療要分開｜Slide 2：40-70 歲注重日常活動舒適度的族群常見情境｜Slide 3：輕微關節痠痛可短期舒緩，但不可宣稱治療疾病｜Slide 4：關節腫痛、紅熱、長期疼痛或行走困難，請就醫評估。｜Slide 5：依標示使用，先收藏,本產品為外用油膏，請依核准標示使用；若症狀持續或惡化，請諮詢醫師或藥師。,關節腫痛、紅熱、長期疼痛或行走困難，請就醫評估。,根治|治療疾病|消炎治本|打通經絡|一擦就好|保證有效|深層修復|替代藥物
Instagram_LINE018,LINE018,Instagram,2026-06-12,20:00,不要搭配熱敷墊或電毯,E,高,pending_legal_pharmacist_review,false,不要搭配熱敷墊或電毯,"Slide 1：不要搭配熱敷墊或電毯
Slide 2：所有使用者、照護者與家庭購買者常見情境
Slide 3：安全使用比用得多更重要，依標示與風險族群提醒
Slide 4：2 歲以下、孕哺、過敏體質、抗凝血藥使用者請先詢問專業人員。
Slide 5：依標示使用，先收藏","不要搭配熱敷墊或電毯，適合用保守一點的方式理解。

外用保養的重點是依標示使用，搭配局部按摩與日常休息；如果症狀持續、惡化或影響活動，請諮詢醫師或藥師。

僅供外用。避免接觸眼睛、黏膜、破皮或傷口；特殊族群使用前請先諮詢專業人員。",#外用安全 #用藥安全 #使用前看標示 #諮詢醫師藥師,Slide 1：不要搭配熱敷墊或電毯｜Slide 2：所有使用者、照護者與家庭購買者常見情境｜Slide 3：安全使用比用得多更重要，依標示與風險族群提醒｜Slide 4：2 歲以下、孕哺、過敏體質、抗凝血藥使用者請先詢問專業人員。｜Slide 5：依標示使用，先收藏,僅供外用。避免接觸眼睛、黏膜、破皮或傷口；特殊族群使用前請先諮詢專業人員。,2 歲以下、孕哺、過敏體質、抗凝血藥使用者請先詢問專業人員。,根治|治療疾病|消炎治本|打通經絡|一擦就好|保證有效|深層修復|替代藥物
Instagram_LINE019,LINE019,Instagram,2026-06-13,12:00,小暑前後活動舒適提醒,F,低,pending_legal_pharmacist_review,false,小暑前後活動舒適提醒,"Slide 1：小暑前後活動舒適提醒
Slide 2：喜歡養生、節氣與日常保健的 LINE 讀者常見情境
Slide 3：以生活保健與身體覺察為主，不做醫療療效宣稱
Slide 4：節氣養生屬一般生活資訊，身體不適仍應諮詢專業人員。
Slide 5：依標示使用，先收藏","小暑前後活動舒適提醒，適合用保守一點的方式理解。

外用保養的重點是依標示使用，搭配局部按摩與日常休息；如果症狀持續、惡化或影響活動，請諮詢醫師或藥師。

本內容為一般生活保健資訊，非醫療診斷或治療建議。",#節氣保養 #生活保健 #日常保養 #身體覺察,Slide 1：小暑前後活動舒適提醒｜Slide 2：喜歡養生、節氣與日常保健的 LINE 讀者常見情境｜Slide 3：以生活保健與身體覺察為主，不做醫療療效宣稱｜Slide 4：節氣養生屬一般生活資訊，身體不適仍應諮詢專業人員。｜Slide 5：依標示使用，先收藏,本內容為一般生活保健資訊，非醫療診斷或治療建議。,節氣養生屬一般生活資訊，身體不適仍應諮詢專業人員。,根治|治療疾病|消炎治本|打通經絡|一擦就好|保證有效|深層修復|替代藥物
Instagram_LINE020,LINE020,Instagram,2026-06-13,20:00,爬山後腿部按摩提醒,C,中,pending_legal_pharmacist_review,false,爬山後腿部按摩提醒,"Slide 1：爬山後腿部按摩提醒
Slide 2：運動族、搬重物、久站與勞動工作者常見情境
Slide 3：運動或勞動後的局部肌肉痠痛，可短期按摩舒緩
Slide 4：明顯腫脹、劇痛、活動受限或疑似受傷時，請先就醫。
Slide 5：依標示使用，先收藏","爬山後腿部按摩提醒，適合用保守一點的方式理解。

外用保養的重點是依標示使用，搭配局部按摩與日常休息；如果症狀持續、惡化或影響活動，請諮詢醫師或藥師。

本產品為外用油膏，請依核准標示使用；若症狀持續或惡化，請諮詢醫師或藥師。",#運動後保養 #局部按摩 #肌肉痠痛 #依標示使用,Slide 1：爬山後腿部按摩提醒｜Slide 2：運動族、搬重物、久站與勞動工作者常見情境｜Slide 3：運動或勞動後的局部肌肉痠痛，可短期按摩舒緩｜Slide 4：明顯腫脹、劇痛、活動受限或疑似受傷時，請先就醫。｜Slide 5：依標示使用，先收藏,本產品為外用油膏，請依核准標示使用；若症狀持續或惡化，請諮詢醫師或藥師。,明顯腫脹、劇痛、活動受限或疑似受傷時，請先就醫。,根治|治療疾病|消炎治本|打通經絡|一擦就好|保證有效|深層修復|替代藥物
Instagram_LINE021,LINE021,Instagram,2026-06-14,12:00,外用膏一次擦多少才剛好,G,低,pending_legal_pharmacist_review,false,外用膏一次擦多少才剛好,"Slide 1：外用膏一次擦多少才剛好
Slide 2：LINE OA 好友、回購客與新客常見情境
Slide 3：用問答降低誤用，讓使用者知道何時該詢問專業人員
Slide 4：互動回答不取代醫師或藥師建議。
Slide 5：依標示使用，先收藏","外用膏一次擦多少才剛好，適合用保守一點的方式理解。

外用保養的重點是依標示使用，搭配局部按摩與日常休息；如果症狀持續、惡化或影響活動，請諮詢醫師或藥師。

本內容為一般生活保健資訊，非醫療診斷或治療建議。",#互動問答 #保養知識 #使用小提醒 #金牌一條根,Slide 1：外用膏一次擦多少才剛好｜Slide 2：LINE OA 好友、回購客與新客常見情境｜Slide 3：用問答降低誤用，讓使用者知道何時該詢問專業人員｜Slide 4：互動回答不取代醫師或藥師建議。｜Slide 5：依標示使用，先收藏,本內容為一般生活保健資訊，非醫療診斷或治療建議。,互動回答不取代醫師或藥師建議。,根治|治療疾病|消炎治本|打通經絡|一擦就好|保證有效|深層修復|替代藥物
Instagram_LINE022,LINE022,Instagram,2026-06-14,20:00,散步後的膝周保養,D,中,pending_legal_pharmacist_review,false,散步後的膝周保養,"Slide 1：散步後的膝周保養
Slide 2：40-70 歲注重日常活動舒適度的族群常見情境
Slide 3：輕微關節痠痛可短期舒緩，但不可宣稱治療疾病
Slide 4：關節腫痛、紅熱、長期疼痛或行走困難，請就醫評估。
Slide 5：依標示使用，先收藏","散步後的膝周保養，適合用保守一點的方式理解。

外用保養的重點是依標示使用，搭配局部按摩與日常休息；如果症狀持續、惡化或影響活動，請諮詢醫師或藥師。

本產品為外用油膏，請依核准標示使用；若症狀持續或惡化，請諮詢醫師或藥師。",#銀髮保養 #活動舒適 #輕微痠痛 #依標示使用,Slide 1：散步後的膝周保養｜Slide 2：40-70 歲注重日常活動舒適度的族群常見情境｜Slide 3：輕微關節痠痛可短期舒緩，但不可宣稱治療疾病｜Slide 4：關節腫痛、紅熱、長期疼痛或行走困難，請就醫評估。｜Slide 5：依標示使用，先收藏,本產品為外用油膏，請依核准標示使用；若症狀持續或惡化，請諮詢醫師或藥師。,關節腫痛、紅熱、長期疼痛或行走困難，請就醫評估。,根治|治療疾病|消炎治本|打通經絡|一擦就好|保證有效|深層修復|替代藥物
Instagram_LINE023,LINE023,Instagram,2026-06-15,12:00,午休前的肩頸放鬆流程,B,低,pending_legal_pharmacist_review,false,午休前的肩頸放鬆流程,"Slide 1：午休前的肩頸放鬆流程
Slide 2：長時間低頭、久坐、用電腦的上班族常見情境
Slide 3：久坐低頭後，可搭配伸展與局部按摩舒緩緊繃不適
Slide 4：若痠痛持續、麻木或影響活動，請諮詢醫師或藥師。
Slide 5：依標示使用，先收藏","午休前的肩頸放鬆流程，適合用保守一點的方式理解。

外用保養的重點是依標示使用，搭配局部按摩與日常休息；如果症狀持續、惡化或影響活動，請諮詢醫師或藥師。

本內容為一般生活保健資訊，非醫療診斷或治療建議。",#肩頸保養 #久坐族 #日常舒緩 #依標示使用,Slide 1：午休前的肩頸放鬆流程｜Slide 2：長時間低頭、久坐、用電腦的上班族常見情境｜Slide 3：久坐低頭後，可搭配伸展與局部按摩舒緩緊繃不適｜Slide 4：若痠痛持續、麻木或影響活動，請諮詢醫師或藥師。｜Slide 5：依標示使用，先收藏,本內容為一般生活保健資訊，非醫療診斷或治療建議。,若痠痛持續、麻木或影響活動，請諮詢醫師或藥師。,根治|治療疾病|消炎治本|打通經絡|一擦就好|保證有效|深層修復|替代藥物
Instagram_LINE024,LINE024,Instagram,2026-06-15,20:00,油膏劑為什麼適合局部按摩,A,中,pending_legal_pharmacist_review,false,油膏劑為什麼適合局部按摩,"Slide 1：油膏劑為什麼適合局部按摩
Slide 2：已購買或正在觀望的一條根使用者常見情境
Slide 3：依標示外用，提供局部按摩與暫時舒緩體感
Slide 4：僅供外用；避免眼周、黏膜、破皮或傷口。
Slide 5：依標示使用，先收藏","油膏劑為什麼適合局部按摩，適合用保守一點的方式理解。

外用保養的重點是依標示使用，搭配局部按摩與日常休息；如果症狀持續、惡化或影響活動，請諮詢醫師或藥師。

本產品為外用油膏，請依核准標示使用；若症狀持續或惡化，請諮詢醫師或藥師。",#金牌一條根 #外用油膏 #成分透明 #依標示使用,Slide 1：油膏劑為什麼適合局部按摩｜Slide 2：已購買或正在觀望的一條根使用者常見情境｜Slide 3：依標示外用，提供局部按摩與暫時舒緩體感｜Slide 4：僅供外用；避免眼周、黏膜、破皮或傷口。｜Slide 5：依標示使用，先收藏,本產品為外用油膏，請依核准標示使用；若症狀持續或惡化，請諮詢醫師或藥師。,僅供外用；避免眼周、黏膜、破皮或傷口。,根治|治療疾病|消炎治本|打通經絡|一擦就好|保證有效|深層修復|替代藥物
Instagram_LINE025,LINE025,Instagram,2026-06-16,12:00,大暑午後少久站硬撐,F,低,pending_legal_pharmacist_review,false,大暑午後少久站硬撐,"Slide 1：大暑午後少久站硬撐
Slide 2：喜歡養生、節氣與日常保健的 LINE 讀者常見情境
Slide 3：以生活保健與身體覺察為主，不做醫療療效宣稱
Slide 4：節氣養生屬一般生活資訊，身體不適仍應諮詢專業人員。
Slide 5：依標示使用，先收藏","大暑午後少久站硬撐，適合用保守一點的方式理解。

外用保養的重點是依標示使用，搭配局部按摩與日常休息；如果症狀持續、惡化或影響活動，請諮詢醫師或藥師。

本內容為一般生活保健資訊，非醫療診斷或治療建議。",#節氣保養 #生活保健 #日常保養 #身體覺察,Slide 1：大暑午後少久站硬撐｜Slide 2：喜歡養生、節氣與日常保健的 LINE 讀者常見情境｜Slide 3：以生活保健與身體覺察為主，不做醫療療效宣稱｜Slide 4：節氣養生屬一般生活資訊，身體不適仍應諮詢專業人員。｜Slide 5：依標示使用，先收藏,本內容為一般生活保健資訊，非醫療診斷或治療建議。,節氣養生屬一般生活資訊，身體不適仍應諮詢專業人員。,根治|治療疾病|消炎治本|打通經絡|一擦就好|保證有效|深層修復|替代藥物
Instagram_LINE026,LINE026,Instagram,2026-06-16,20:00,不要密封包紮或大面積厚敷,E,高,pending_legal_pharmacist_review,false,不要密封包紮或大面積厚敷,"Slide 1：不要密封包紮或大面積厚敷
Slide 2：所有使用者、照護者與家庭購買者常見情境
Slide 3：安全使用比用得多更重要，依標示與風險族群提醒
Slide 4：2 歲以下、孕哺、過敏體質、抗凝血藥使用者請先詢問專業人員。
Slide 5：依標示使用，先收藏","不要密封包紮或大面積厚敷，適合用保守一點的方式理解。

外用保養的重點是依標示使用，搭配局部按摩與日常休息；如果症狀持續、惡化或影響活動，請諮詢醫師或藥師。

僅供外用。避免接觸眼睛、黏膜、破皮或傷口；特殊族群使用前請先諮詢專業人員。",#外用安全 #用藥安全 #使用前看標示 #諮詢醫師藥師,Slide 1：不要密封包紮或大面積厚敷｜Slide 2：所有使用者、照護者與家庭購買者常見情境｜Slide 3：安全使用比用得多更重要，依標示與風險族群提醒｜Slide 4：2 歲以下、孕哺、過敏體質、抗凝血藥使用者請先詢問專業人員。｜Slide 5：依標示使用，先收藏,僅供外用。避免接觸眼睛、黏膜、破皮或傷口；特殊族群使用前請先諮詢專業人員。,2 歲以下、孕哺、過敏體質、抗凝血藥使用者請先詢問專業人員。,根治|治療疾病|消炎治本|打通經絡|一擦就好|保證有效|深層修復|替代藥物
Instagram_LINE027,LINE027,Instagram,2026-06-17,12:00,藥證可查代表什麼,H,中,pending_legal_pharmacist_review,false,藥證可查代表什麼,"Slide 1：藥證可查代表什麼
Slide 2：重視藥證、成分、品質與合法性的消費者常見情境
Slide 3：強調藥證、標示、保守宣稱與人工審核流程
Slide 4：所有廣告文案仍須依主管機關與專業人員審核。
Slide 5：依標示使用，先收藏","藥證可查代表什麼，適合用保守一點的方式理解。

外用保養的重點是依標示使用，搭配局部按摩與日常休息；如果症狀持續、惡化或影響活動，請諮詢醫師或藥師。

本產品為外用油膏，請依核准標示使用；若症狀持續或惡化，請諮詢醫師或藥師。",#藥證可查 #品牌透明 #合法宣傳 #成分透明,Slide 1：藥證可查代表什麼｜Slide 2：重視藥證、成分、品質與合法性的消費者常見情境｜Slide 3：強調藥證、標示、保守宣稱與人工審核流程｜Slide 4：所有廣告文案仍須依主管機關與專業人員審核。｜Slide 5：依標示使用，先收藏,本產品為外用油膏，請依核准標示使用；若症狀持續或惡化，請諮詢醫師或藥師。,所有廣告文案仍須依主管機關與專業人員審核。,根治|治療疾病|消炎治本|打通經絡|一擦就好|保證有效|深層修復|替代藥物
Instagram_LINE028,LINE028,Instagram,2026-06-17,20:00,涼感越強越有效嗎,G,低,pending_legal_pharmacist_review,false,涼感越強越有效嗎,"Slide 1：涼感越強越有效嗎
Slide 2：LINE OA 好友、回購客與新客常見情境
Slide 3：用問答降低誤用，讓使用者知道何時該詢問專業人員
Slide 4：互動回答不取代醫師或藥師建議。
Slide 5：依標示使用，先收藏","涼感越強越有效嗎，適合用保守一點的方式理解。

外用保養的重點是依標示使用，搭配局部按摩與日常休息；如果症狀持續、惡化或影響活動，請諮詢醫師或藥師。

本內容為一般生活保健資訊，非醫療診斷或治療建議。",#互動問答 #保養知識 #使用小提醒 #金牌一條根,Slide 1：涼感越強越有效嗎｜Slide 2：LINE OA 好友、回購客與新客常見情境｜Slide 3：用問答降低誤用，讓使用者知道何時該詢問專業人員｜Slide 4：互動回答不取代醫師或藥師建議。｜Slide 5：依標示使用，先收藏,本內容為一般生活保健資訊，非醫療診斷或治療建議。,互動回答不取代醫師或藥師建議。,根治|治療疾病|消炎治本|打通經絡|一擦就好|保證有效|深層修復|替代藥物
Instagram_LINE029,LINE029,Instagram,2026-06-18,12:00,重訓後肩背局部舒緩,C,中,pending_legal_pharmacist_review,false,重訓後肩背局部舒緩,"Slide 1：重訓後肩背局部舒緩
Slide 2：運動族、搬重物、久站與勞動工作者常見情境
Slide 3：運動或勞動後的局部肌肉痠痛，可短期按摩舒緩
Slide 4：明顯腫脹、劇痛、活動受限或疑似受傷時，請先就醫。
Slide 5：依標示使用，先收藏","重訓後肩背局部舒緩，適合用保守一點的方式理解。

外用保養的重點是依標示使用，搭配局部按摩與日常休息；如果症狀持續、惡化或影響活動，請諮詢醫師或藥師。

本產品為外用油膏，請依核准標示使用；若症狀持續或惡化，請諮詢醫師或藥師。",#運動後保養 #局部按摩 #肌肉痠痛 #依標示使用,Slide 1：重訓後肩背局部舒緩｜Slide 2：運動族、搬重物、久站與勞動工作者常見情境｜Slide 3：運動或勞動後的局部肌肉痠痛，可短期按摩舒緩｜Slide 4：明顯腫脹、劇痛、活動受限或疑似受傷時，請先就醫。｜Slide 5：依標示使用，先收藏,本產品為外用油膏，請依核准標示使用；若症狀持續或惡化，請諮詢醫師或藥師。,明顯腫脹、劇痛、活動受限或疑似受傷時，請先就醫。,根治|治療疾病|消炎治本|打通經絡|一擦就好|保證有效|深層修復|替代藥物
Instagram_LINE030,LINE030,Instagram,2026-06-18,20:00,乙類成藥與一般保健品差異,A,中,pending_legal_pharmacist_review,false,乙類成藥與一般保健品差異,"Slide 1：乙類成藥與一般保健品差異
Slide 2：已購買或正在觀望的一條根使用者常見情境
Slide 3：依標示外用，提供局部按摩與暫時舒緩體感
Slide 4：僅供外用；避免眼周、黏膜、破皮或傷口。
Slide 5：依標示使用，先收藏","乙類成藥與一般保健品差異，適合用保守一點的方式理解。

外用保養的重點是依標示使用，搭配局部按摩與日常休息；如果症狀持續、惡化或影響活動，請諮詢醫師或藥師。

本產品為外用油膏，請依核准標示使用；若症狀持續或惡化，請諮詢醫師或藥師。",#金牌一條根 #外用油膏 #成分透明 #依標示使用,Slide 1：乙類成藥與一般保健品差異｜Slide 2：已購買或正在觀望的一條根使用者常見情境｜Slide 3：依標示外用，提供局部按摩與暫時舒緩體感｜Slide 4：僅供外用；避免眼周、黏膜、破皮或傷口。｜Slide 5：依標示使用，先收藏,本產品為外用油膏，請依核准標示使用；若症狀持續或惡化，請諮詢醫師或藥師。,僅供外用；避免眼周、黏膜、破皮或傷口。,根治|治療疾病|消炎治本|打通經絡|一擦就好|保證有效|深層修復|替代藥物
Instagram_LINE031,LINE031,Instagram,2026-06-19,12:00,天氣變化時的活動舒適感,D,中,pending_legal_pharmacist_review,false,天氣變化時的活動舒適感,"Slide 1：天氣變化時的活動舒適感
Slide 2：40-70 歲注重日常活動舒適度的族群常見情境
Slide 3：輕微關節痠痛可短期舒緩，但不可宣稱治療疾病
Slide 4：關節腫痛、紅熱、長期疼痛或行走困難，請就醫評估。
Slide 5：依標示使用，先收藏","天氣變化時的活動舒適感，適合用保守一點的方式理解。

外用保養的重點是依標示使用，搭配局部按摩與日常休息；如果症狀持續、惡化或影響活動，請諮詢醫師或藥師。

本產品為外用油膏，請依核准標示使用；若症狀持續或惡化，請諮詢醫師或藥師。",#銀髮保養 #活動舒適 #輕微痠痛 #依標示使用,Slide 1：天氣變化時的活動舒適感｜Slide 2：40-70 歲注重日常活動舒適度的族群常見情境｜Slide 3：輕微關節痠痛可短期舒緩，但不可宣稱治療疾病｜Slide 4：關節腫痛、紅熱、長期疼痛或行走困難，請就醫評估。｜Slide 5：依標示使用，先收藏,本產品為外用油膏，請依核准標示使用；若症狀持續或惡化，請諮詢醫師或藥師。,關節腫痛、紅熱、長期疼痛或行走困難，請就醫評估。,根治|治療疾病|消炎治本|打通經絡|一擦就好|保證有效|深層修復|替代藥物
Instagram_LINE032,LINE032,Instagram,2026-06-19,20:00,水楊酸或阿斯匹靈過敏者注意,E,高,pending_legal_pharmacist_review,false,水楊酸或阿斯匹靈過敏者注意,"Slide 1：水楊酸或阿斯匹靈過敏者注意
Slide 2：所有使用者、照護者與家庭購買者常見情境
Slide 3：安全使用比用得多更重要，依標示與風險族群提醒
Slide 4：2 歲以下、孕哺、過敏體質、抗凝血藥使用者請先詢問專業人員。
Slide 5：依標示使用，先收藏","水楊酸或阿斯匹靈過敏者注意，適合用保守一點的方式理解。

外用保養的重點是依標示使用，搭配局部按摩與日常休息；如果症狀持續、惡化或影響活動，請諮詢醫師或藥師。

僅供外用。避免接觸眼睛、黏膜、破皮或傷口；特殊族群使用前請先諮詢專業人員。",#外用安全 #用藥安全 #使用前看標示 #諮詢醫師藥師,Slide 1：水楊酸或阿斯匹靈過敏者注意｜Slide 2：所有使用者、照護者與家庭購買者常見情境｜Slide 3：安全使用比用得多更重要，依標示與風險族群提醒｜Slide 4：2 歲以下、孕哺、過敏體質、抗凝血藥使用者請先詢問專業人員。｜Slide 5：依標示使用，先收藏,僅供外用。避免接觸眼睛、黏膜、破皮或傷口；特殊族群使用前請先諮詢專業人員。,2 歲以下、孕哺、過敏體質、抗凝血藥使用者請先詢問專業人員。,根治|治療疾病|消炎治本|打通經絡|一擦就好|保證有效|深層修復|替代藥物
Instagram_LINE033,LINE033,Instagram,2026-06-20,12:00,立秋後早晚溫差保養,F,低,pending_legal_pharmacist_review,false,立秋後早晚溫差保養,"Slide 1：立秋後早晚溫差保養
Slide 2：喜歡養生、節氣與日常保健的 LINE 讀者常見情境
Slide 3：以生活保健與身體覺察為主，不做醫療療效宣稱
Slide 4：節氣養生屬一般生活資訊，身體不適仍應諮詢專業人員。
Slide 5：依標示使用，先收藏","立秋後早晚溫差保養，適合用保守一點的方式理解。

外用保養的重點是依標示使用，搭配局部按摩與日常休息；如果症狀持續、惡化或影響活動，請諮詢醫師或藥師。

本內容為一般生活保健資訊，非醫療診斷或治療建議。",#節氣保養 #生活保健 #日常保養 #身體覺察,Slide 1：立秋後早晚溫差保養｜Slide 2：喜歡養生、節氣與日常保健的 LINE 讀者常見情境｜Slide 3：以生活保健與身體覺察為主，不做醫療療效宣稱｜Slide 4：節氣養生屬一般生活資訊，身體不適仍應諮詢專業人員。｜Slide 5：依標示使用，先收藏,本內容為一般生活保健資訊，非醫療診斷或治療建議。,節氣養生屬一般生活資訊，身體不適仍應諮詢專業人員。,根治|治療疾病|消炎治本|打通經絡|一擦就好|保證有效|深層修復|替代藥物
Instagram_LINE034,LINE034,Instagram,2026-06-20,20:00,家事後手臂不適保養,C,中,pending_legal_pharmacist_review,false,家事後手臂不適保養,"Slide 1：家事後手臂不適保養
Slide 2：運動族、搬重物、久站與勞動工作者常見情境
Slide 3：運動或勞動後的局部肌肉痠痛，可短期按摩舒緩
Slide 4：明顯腫脹、劇痛、活動受限或疑似受傷時，請先就醫。
Slide 5：依標示使用，先收藏","家事後手臂不適保養，適合用保守一點的方式理解。

外用保養的重點是依標示使用，搭配局部按摩與日常休息；如果症狀持續、惡化或影響活動，請諮詢醫師或藥師。

本產品為外用油膏，請依核准標示使用；若症狀持續或惡化，請諮詢醫師或藥師。",#運動後保養 #局部按摩 #肌肉痠痛 #依標示使用,Slide 1：家事後手臂不適保養｜Slide 2：運動族、搬重物、久站與勞動工作者常見情境｜Slide 3：運動或勞動後的局部肌肉痠痛，可短期按摩舒緩｜Slide 4：明顯腫脹、劇痛、活動受限或疑似受傷時，請先就醫。｜Slide 5：依標示使用，先收藏,本產品為外用油膏，請依核准標示使用；若症狀持續或惡化，請諮詢醫師或藥師。,明顯腫脹、劇痛、活動受限或疑似受傷時，請先就醫。,根治|治療疾病|消炎治本|打通經絡|一擦就好|保證有效|深層修復|替代藥物
Instagram_LINE035,LINE035,Instagram,2026-06-21,12:00,你有看過外用產品標示嗎,G,低,pending_legal_pharmacist_review,false,你有看過外用產品標示嗎,"Slide 1：你有看過外用產品標示嗎
Slide 2：LINE OA 好友、回購客與新客常見情境
Slide 3：用問答降低誤用，讓使用者知道何時該詢問專業人員
Slide 4：互動回答不取代醫師或藥師建議。
Slide 5：依標示使用，先收藏","你有看過外用產品標示嗎，適合用保守一點的方式理解。

外用保養的重點是依標示使用，搭配局部按摩與日常休息；如果症狀持續、惡化或影響活動，請諮詢醫師或藥師。

本內容為一般生活保健資訊，非醫療診斷或治療建議。",#互動問答 #保養知識 #使用小提醒 #金牌一條根,Slide 1：你有看過外用產品標示嗎｜Slide 2：LINE OA 好友、回購客與新客常見情境｜Slide 3：用問答降低誤用，讓使用者知道何時該詢問專業人員｜Slide 4：互動回答不取代醫師或藥師建議。｜Slide 5：依標示使用，先收藏,本內容為一般生活保健資訊，非醫療診斷或治療建議。,互動回答不取代醫師或藥師建議。,根治|治療疾病|消炎治本|打通經絡|一擦就好|保證有效|深層修復|替代藥物
Instagram_LINE036,LINE036,Instagram,2026-06-21,20:00,長輩按摩力道不要過重,D,中,pending_legal_pharmacist_review,false,長輩按摩力道不要過重,"Slide 1：長輩按摩力道不要過重
Slide 2：40-70 歲注重日常活動舒適度的族群常見情境
Slide 3：輕微關節痠痛可短期舒緩，但不可宣稱治療疾病
Slide 4：關節腫痛、紅熱、長期疼痛或行走困難，請就醫評估。
Slide 5：依標示使用，先收藏","長輩按摩力道不要過重，適合用保守一點的方式理解。

外用保養的重點是依標示使用，搭配局部按摩與日常休息；如果症狀持續、惡化或影響活動，請諮詢醫師或藥師。

本產品為外用油膏，請依核准標示使用；若症狀持續或惡化，請諮詢醫師或藥師。",#銀髮保養 #活動舒適 #輕微痠痛 #依標示使用,Slide 1：長輩按摩力道不要過重｜Slide 2：40-70 歲注重日常活動舒適度的族群常見情境｜Slide 3：輕微關節痠痛可短期舒緩，但不可宣稱治療疾病｜Slide 4：關節腫痛、紅熱、長期疼痛或行走困難，請就醫評估。｜Slide 5：依標示使用，先收藏,本產品為外用油膏，請依核准標示使用；若症狀持續或惡化，請諮詢醫師或藥師。,關節腫痛、紅熱、長期疼痛或行走困難，請就醫評估。,根治|治療疾病|消炎治本|打通經絡|一擦就好|保證有效|深層修復|替代藥物
Instagram_LINE037,LINE037,Instagram,2026-06-22,12:00,開會久坐後的腰背舒緩,B,低,pending_legal_pharmacist_review,false,開會久坐後的腰背舒緩,"Slide 1：開會久坐後的腰背舒緩
Slide 2：長時間低頭、久坐、用電腦的上班族常見情境
Slide 3：久坐低頭後，可搭配伸展與局部按摩舒緩緊繃不適
Slide 4：若痠痛持續、麻木或影響活動，請諮詢醫師或藥師。
Slide 5：依標示使用，先收藏","開會久坐後的腰背舒緩，適合用保守一點的方式理解。

外用保養的重點是依標示使用，搭配局部按摩與日常休息；如果症狀持續、惡化或影響活動，請諮詢醫師或藥師。

本內容為一般生活保健資訊，非醫療診斷或治療建議。",#肩頸保養 #久坐族 #日常舒緩 #依標示使用,Slide 1：開會久坐後的腰背舒緩｜Slide 2：長時間低頭、久坐、用電腦的上班族常見情境｜Slide 3：久坐低頭後，可搭配伸展與局部按摩舒緩緊繃不適｜Slide 4：若痠痛持續、麻木或影響活動，請諮詢醫師或藥師。｜Slide 5：依標示使用，先收藏,本內容為一般生活保健資訊，非醫療診斷或治療建議。,若痠痛持續、麻木或影響活動，請諮詢醫師或藥師。,根治|治療疾病|消炎治本|打通經絡|一擦就好|保證有效|深層修復|替代藥物
Instagram_LINE038,LINE038,Instagram,2026-06-22,20:00,一條根外用膏的日常定位,A,中,pending_legal_pharmacist_review,false,一條根外用膏的日常定位,"Slide 1：一條根外用膏的日常定位
Slide 2：已購買或正在觀望的一條根使用者常見情境
Slide 3：依標示外用，提供局部按摩與暫時舒緩體感
Slide 4：僅供外用；避免眼周、黏膜、破皮或傷口。
Slide 5：依標示使用，先收藏","一條根外用膏的日常定位，適合用保守一點的方式理解。

外用保養的重點是依標示使用，搭配局部按摩與日常休息；如果症狀持續、惡化或影響活動，請諮詢醫師或藥師。

本產品為外用油膏，請依核准標示使用；若症狀持續或惡化，請諮詢醫師或藥師。",#金牌一條根 #外用油膏 #成分透明 #依標示使用,Slide 1：一條根外用膏的日常定位｜Slide 2：已購買或正在觀望的一條根使用者常見情境｜Slide 3：依標示外用，提供局部按摩與暫時舒緩體感｜Slide 4：僅供外用；避免眼周、黏膜、破皮或傷口。｜Slide 5：依標示使用，先收藏,本產品為外用油膏，請依核准標示使用；若症狀持續或惡化，請諮詢醫師或藥師。,僅供外用；避免眼周、黏膜、破皮或傷口。,根治|治療疾病|消炎治本|打通經絡|一擦就好|保證有效|深層修復|替代藥物
Instagram_LINE039,LINE039,Instagram,2026-06-23,12:00,處暑後運動暖身提醒,F,低,pending_legal_pharmacist_review,false,處暑後運動暖身提醒,"Slide 1：處暑後運動暖身提醒
Slide 2：喜歡養生、節氣與日常保健的 LINE 讀者常見情境
Slide 3：以生活保健與身體覺察為主，不做醫療療效宣稱
Slide 4：節氣養生屬一般生活資訊，身體不適仍應諮詢專業人員。
Slide 5：依標示使用，先收藏","處暑後運動暖身提醒，適合用保守一點的方式理解。

外用保養的重點是依標示使用，搭配局部按摩與日常休息；如果症狀持續、惡化或影響活動，請諮詢醫師或藥師。

本內容為一般生活保健資訊，非醫療診斷或治療建議。",#節氣保養 #生活保健 #日常保養 #身體覺察,Slide 1：處暑後運動暖身提醒｜Slide 2：喜歡養生、節氣與日常保健的 LINE 讀者常見情境｜Slide 3：以生活保健與身體覺察為主，不做醫療療效宣稱｜Slide 4：節氣養生屬一般生活資訊，身體不適仍應諮詢專業人員。｜Slide 5：依標示使用，先收藏,本內容為一般生活保健資訊，非醫療診斷或治療建議。,節氣養生屬一般生活資訊，身體不適仍應諮詢專業人員。,根治|治療疾病|消炎治本|打通經絡|一擦就好|保證有效|深層修復|替代藥物
Instagram_LINE040,LINE040,Instagram,2026-06-23,20:00,兒童使用前的安全提醒,E,高,pending_legal_pharmacist_review,false,兒童使用前的安全提醒,"Slide 1：兒童使用前的安全提醒
Slide 2：所有使用者、照護者與家庭購買者常見情境
Slide 3：安全使用比用得多更重要，依標示與風險族群提醒
Slide 4：2 歲以下、孕哺、過敏體質、抗凝血藥使用者請先詢問專業人員。
Slide 5：依標示使用，先收藏","兒童使用前的安全提醒，適合用保守一點的方式理解。

外用保養的重點是依標示使用，搭配局部按摩與日常休息；如果症狀持續、惡化或影響活動，請諮詢醫師或藥師。

僅供外用。避免接觸眼睛、黏膜、破皮或傷口；特殊族群使用前請先諮詢專業人員。",#外用安全 #用藥安全 #使用前看標示 #諮詢醫師藥師,Slide 1：兒童使用前的安全提醒｜Slide 2：所有使用者、照護者與家庭購買者常見情境｜Slide 3：安全使用比用得多更重要，依標示與風險族群提醒｜Slide 4：2 歲以下、孕哺、過敏體質、抗凝血藥使用者請先詢問專業人員。｜Slide 5：依標示使用，先收藏,僅供外用。避免接觸眼睛、黏膜、破皮或傷口；特殊族群使用前請先諮詢專業人員。,2 歲以下、孕哺、過敏體質、抗凝血藥使用者請先詢問專業人員。,根治|治療疾病|消炎治本|打通經絡|一擦就好|保證有效|深層修復|替代藥物
Instagram_LINE041,LINE041,Instagram,2026-06-24,12:00,外用膏廣告為什麼要保守,H,中,pending_legal_pharmacist_review,false,外用膏廣告為什麼要保守,"Slide 1：外用膏廣告為什麼要保守
Slide 2：重視藥證、成分、品質與合法性的消費者常見情境
Slide 3：強調藥證、標示、保守宣稱與人工審核流程
Slide 4：所有廣告文案仍須依主管機關與專業人員審核。
Slide 5：依標示使用，先收藏","外用膏廣告為什麼要保守，適合用保守一點的方式理解。

外用保養的重點是依標示使用，搭配局部按摩與日常休息；如果症狀持續、惡化或影響活動，請諮詢醫師或藥師。

本產品為外用油膏，請依核准標示使用；若症狀持續或惡化，請諮詢醫師或藥師。",#藥證可查 #品牌透明 #合法宣傳 #成分透明,Slide 1：外用膏廣告為什麼要保守｜Slide 2：重視藥證、成分、品質與合法性的消費者常見情境｜Slide 3：強調藥證、標示、保守宣稱與人工審核流程｜Slide 4：所有廣告文案仍須依主管機關與專業人員審核。｜Slide 5：依標示使用，先收藏,本產品為外用油膏，請依核准標示使用；若症狀持續或惡化，請諮詢醫師或藥師。,所有廣告文案仍須依主管機關與專業人員審核。,根治|治療疾病|消炎治本|打通經絡|一擦就好|保證有效|深層修復|替代藥物
Instagram_LINE042,LINE042,Instagram,2026-06-24,20:00,久坐族最想舒緩哪裡,G,低,pending_legal_pharmacist_review,false,久坐族最想舒緩哪裡,"Slide 1：久坐族最想舒緩哪裡
Slide 2：LINE OA 好友、回購客與新客常見情境
Slide 3：用問答降低誤用，讓使用者知道何時該詢問專業人員
Slide 4：互動回答不取代醫師或藥師建議。
Slide 5：依標示使用，先收藏","久坐族最想舒緩哪裡，適合用保守一點的方式理解。

外用保養的重點是依標示使用，搭配局部按摩與日常休息；如果症狀持續、惡化或影響活動，請諮詢醫師或藥師。

本內容為一般生活保健資訊，非醫療診斷或治療建議。",#互動問答 #保養知識 #使用小提醒 #金牌一條根,Slide 1：久坐族最想舒緩哪裡｜Slide 2：LINE OA 好友、回購客與新客常見情境｜Slide 3：用問答降低誤用，讓使用者知道何時該詢問專業人員｜Slide 4：互動回答不取代醫師或藥師建議。｜Slide 5：依標示使用，先收藏,本內容為一般生活保健資訊，非醫療診斷或治療建議。,互動回答不取代醫師或藥師建議。,根治|治療疾病|消炎治本|打通經絡|一擦就好|保證有效|深層修復|替代藥物
Instagram_LINE043,LINE043,Instagram,2026-06-25,12:00,跑步後膝周不適的保守提醒,C,中,pending_legal_pharmacist_review,false,跑步後膝周不適的保守提醒,"Slide 1：跑步後膝周不適的保守提醒
Slide 2：運動族、搬重物、久站與勞動工作者常見情境
Slide 3：運動或勞動後的局部肌肉痠痛，可短期按摩舒緩
Slide 4：明顯腫脹、劇痛、活動受限或疑似受傷時，請先就醫。
Slide 5：依標示使用，先收藏","跑步後膝周不適的保守提醒，適合用保守一點的方式理解。

外用保養的重點是依標示使用，搭配局部按摩與日常休息；如果症狀持續、惡化或影響活動，請諮詢醫師或藥師。

本產品為外用油膏，請依核准標示使用；若症狀持續或惡化，請諮詢醫師或藥師。",#運動後保養 #局部按摩 #肌肉痠痛 #依標示使用,Slide 1：跑步後膝周不適的保守提醒｜Slide 2：運動族、搬重物、久站與勞動工作者常見情境｜Slide 3：運動或勞動後的局部肌肉痠痛，可短期按摩舒緩｜Slide 4：明顯腫脹、劇痛、活動受限或疑似受傷時，請先就醫。｜Slide 5：依標示使用，先收藏,本產品為外用油膏，請依核准標示使用；若症狀持續或惡化，請諮詢醫師或藥師。,明顯腫脹、劇痛、活動受限或疑似受傷時，請先就醫。,根治|治療疾病|消炎治本|打通經絡|一擦就好|保證有效|深層修復|替代藥物
Instagram_LINE044,LINE044,Instagram,2026-06-25,20:00,成分濃度為什麼要看標示,A,中,pending_legal_pharmacist_review,false,成分濃度為什麼要看標示,"Slide 1：成分濃度為什麼要看標示
Slide 2：已購買或正在觀望的一條根使用者常見情境
Slide 3：依標示外用，提供局部按摩與暫時舒緩體感
Slide 4：僅供外用；避免眼周、黏膜、破皮或傷口。
Slide 5：依標示使用，先收藏","成分濃度為什麼要看標示，適合用保守一點的方式理解。

外用保養的重點是依標示使用，搭配局部按摩與日常休息；如果症狀持續、惡化或影響活動，請諮詢醫師或藥師。

本產品為外用油膏，請依核准標示使用；若症狀持續或惡化，請諮詢醫師或藥師。",#金牌一條根 #外用油膏 #成分透明 #依標示使用,Slide 1：成分濃度為什麼要看標示｜Slide 2：已購買或正在觀望的一條根使用者常見情境｜Slide 3：依標示外用，提供局部按摩與暫時舒緩體感｜Slide 4：僅供外用；避免眼周、黏膜、破皮或傷口。｜Slide 5：依標示使用，先收藏,本產品為外用油膏，請依核准標示使用；若症狀持續或惡化，請諮詢醫師或藥師。,僅供外用；避免眼周、黏膜、破皮或傷口。,根治|治療疾病|消炎治本|打通經絡|一擦就好|保證有效|深層修復|替代藥物
Instagram_LINE045,LINE045,Instagram,2026-06-26,12:00,照顧爸媽時的外用提醒,D,中,pending_legal_pharmacist_review,false,照顧爸媽時的外用提醒,"Slide 1：照顧爸媽時的外用提醒
Slide 2：40-70 歲注重日常活動舒適度的族群常見情境
Slide 3：輕微關節痠痛可短期舒緩，但不可宣稱治療疾病
Slide 4：關節腫痛、紅熱、長期疼痛或行走困難，請就醫評估。
Slide 5：依標示使用，先收藏","照顧爸媽時的外用提醒，適合用保守一點的方式理解。

外用保養的重點是依標示使用，搭配局部按摩與日常休息；如果症狀持續、惡化或影響活動，請諮詢醫師或藥師。

本產品為外用油膏，請依核准標示使用；若症狀持續或惡化，請諮詢醫師或藥師。",#銀髮保養 #活動舒適 #輕微痠痛 #依標示使用,Slide 1：照顧爸媽時的外用提醒｜Slide 2：40-70 歲注重日常活動舒適度的族群常見情境｜Slide 3：輕微關節痠痛可短期舒緩，但不可宣稱治療疾病｜Slide 4：關節腫痛、紅熱、長期疼痛或行走困難，請就醫評估。｜Slide 5：依標示使用，先收藏,本產品為外用油膏，請依核准標示使用；若症狀持續或惡化，請諮詢醫師或藥師。,關節腫痛、紅熱、長期疼痛或行走困難，請就醫評估。,根治|治療疾病|消炎治本|打通經絡|一擦就好|保證有效|深層修復|替代藥物
Instagram_LINE046,LINE046,Instagram,2026-06-26,20:00,孕婦與哺乳族群先詢問專業人員,E,高,pending_legal_pharmacist_review,false,孕婦與哺乳族群先詢問專業人員,"Slide 1：孕婦與哺乳族群先詢問專業人員
Slide 2：所有使用者、照護者與家庭購買者常見情境
Slide 3：安全使用比用得多更重要，依標示與風險族群提醒
Slide 4：2 歲以下、孕哺、過敏體質、抗凝血藥使用者請先詢問專業人員。
Slide 5：依標示使用，先收藏","孕婦與哺乳族群先詢問專業人員，適合用保守一點的方式理解。

外用保養的重點是依標示使用，搭配局部按摩與日常休息；如果症狀持續、惡化或影響活動，請諮詢醫師或藥師。

僅供外用。避免接觸眼睛、黏膜、破皮或傷口；特殊族群使用前請先諮詢專業人員。",#外用安全 #用藥安全 #使用前看標示 #諮詢醫師藥師,Slide 1：孕婦與哺乳族群先詢問專業人員｜Slide 2：所有使用者、照護者與家庭購買者常見情境｜Slide 3：安全使用比用得多更重要，依標示與風險族群提醒｜Slide 4：2 歲以下、孕哺、過敏體質、抗凝血藥使用者請先詢問專業人員。｜Slide 5：依標示使用，先收藏,僅供外用。避免接觸眼睛、黏膜、破皮或傷口；特殊族群使用前請先諮詢專業人員。,2 歲以下、孕哺、過敏體質、抗凝血藥使用者請先詢問專業人員。,根治|治療疾病|消炎治本|打通經絡|一擦就好|保證有效|深層修復|替代藥物
Instagram_LINE047,LINE047,Instagram,2026-06-27,12:00,白露時節關心長輩活動,F,低,pending_legal_pharmacist_review,false,白露時節關心長輩活動,"Slide 1：白露時節關心長輩活動
Slide 2：喜歡養生、節氣與日常保健的 LINE 讀者常見情境
Slide 3：以生活保健與身體覺察為主，不做醫療療效宣稱
Slide 4：節氣養生屬一般生活資訊，身體不適仍應諮詢專業人員。
Slide 5：依標示使用，先收藏","白露時節關心長輩活動，適合用保守一點的方式理解。

外用保養的重點是依標示使用，搭配局部按摩與日常休息；如果症狀持續、惡化或影響活動，請諮詢醫師或藥師。

本內容為一般生活保健資訊，非醫療診斷或治療建議。",#節氣保養 #生活保健 #日常保養 #身體覺察,Slide 1：白露時節關心長輩活動｜Slide 2：喜歡養生、節氣與日常保健的 LINE 讀者常見情境｜Slide 3：以生活保健與身體覺察為主，不做醫療療效宣稱｜Slide 4：節氣養生屬一般生活資訊，身體不適仍應諮詢專業人員。｜Slide 5：依標示使用，先收藏,本內容為一般生活保健資訊，非醫療診斷或治療建議。,節氣養生屬一般生活資訊，身體不適仍應諮詢專業人員。,根治|治療疾病|消炎治本|打通經絡|一擦就好|保證有效|深層修復|替代藥物
Instagram_LINE048,LINE048,Instagram,2026-06-27,20:00,勞動後先休息再按摩,C,中,pending_legal_pharmacist_review,false,勞動後先休息再按摩,"Slide 1：勞動後先休息再按摩
Slide 2：運動族、搬重物、久站與勞動工作者常見情境
Slide 3：運動或勞動後的局部肌肉痠痛，可短期按摩舒緩
Slide 4：明顯腫脹、劇痛、活動受限或疑似受傷時，請先就醫。
Slide 5：依標示使用，先收藏","勞動後先休息再按摩，適合用保守一點的方式理解。

外用保養的重點是依標示使用，搭配局部按摩與日常休息；如果症狀持續、惡化或影響活動，請諮詢醫師或藥師。

本產品為外用油膏，請依核准標示使用；若症狀持續或惡化，請諮詢醫師或藥師。",#運動後保養 #局部按摩 #肌肉痠痛 #依標示使用,Slide 1：勞動後先休息再按摩｜Slide 2：運動族、搬重物、久站與勞動工作者常見情境｜Slide 3：運動或勞動後的局部肌肉痠痛，可短期按摩舒緩｜Slide 4：明顯腫脹、劇痛、活動受限或疑似受傷時，請先就醫。｜Slide 5：依標示使用，先收藏,本產品為外用油膏，請依核准標示使用；若症狀持續或惡化，請諮詢醫師或藥師。,明顯腫脹、劇痛、活動受限或疑似受傷時，請先就醫。,根治|治療疾病|消炎治本|打通經絡|一擦就好|保證有效|深層修復|替代藥物
Instagram_LINE049,LINE049,Instagram,2026-06-28,12:00,長輩使用外用膏你會提醒什麼,G,低,pending_legal_pharmacist_review,false,長輩使用外用膏你會提醒什麼,"Slide 1：長輩使用外用膏你會提醒什麼
Slide 2：LINE OA 好友、回購客與新客常見情境
Slide 3：用問答降低誤用，讓使用者知道何時該詢問專業人員
Slide 4：互動回答不取代醫師或藥師建議。
Slide 5：依標示使用，先收藏","長輩使用外用膏你會提醒什麼，適合用保守一點的方式理解。

外用保養的重點是依標示使用，搭配局部按摩與日常休息；如果症狀持續、惡化或影響活動，請諮詢醫師或藥師。

本內容為一般生活保健資訊，非醫療診斷或治療建議。",#互動問答 #保養知識 #使用小提醒 #金牌一條根,Slide 1：長輩使用外用膏你會提醒什麼｜Slide 2：LINE OA 好友、回購客與新客常見情境｜Slide 3：用問答降低誤用，讓使用者知道何時該詢問專業人員｜Slide 4：互動回答不取代醫師或藥師建議。｜Slide 5：依標示使用，先收藏,本內容為一般生活保健資訊，非醫療診斷或治療建議。,互動回答不取代醫師或藥師建議。,根治|治療疾病|消炎治本|打通經絡|一擦就好|保證有效|深層修復|替代藥物
Instagram_LINE050,LINE050,Instagram,2026-06-28,20:00,日常活動舒適度的三個習慣,D,中,pending_legal_pharmacist_review,false,日常活動舒適度的三個習慣,"Slide 1：日常活動舒適度的三個習慣
Slide 2：40-70 歲注重日常活動舒適度的族群常見情境
Slide 3：輕微關節痠痛可短期舒緩，但不可宣稱治療疾病
Slide 4：關節腫痛、紅熱、長期疼痛或行走困難，請就醫評估。
Slide 5：依標示使用，先收藏","日常活動舒適度的三個習慣，適合用保守一點的方式理解。

外用保養的重點是依標示使用，搭配局部按摩與日常休息；如果症狀持續、惡化或影響活動，請諮詢醫師或藥師。

本產品為外用油膏，請依核准標示使用；若症狀持續或惡化，請諮詢醫師或藥師。",#銀髮保養 #活動舒適 #輕微痠痛 #依標示使用,Slide 1：日常活動舒適度的三個習慣｜Slide 2：40-70 歲注重日常活動舒適度的族群常見情境｜Slide 3：輕微關節痠痛可短期舒緩，但不可宣稱治療疾病｜Slide 4：關節腫痛、紅熱、長期疼痛或行走困難，請就醫評估。｜Slide 5：依標示使用，先收藏,本產品為外用油膏，請依核准標示使用；若症狀持續或惡化，請諮詢醫師或藥師。,關節腫痛、紅熱、長期疼痛或行走困難，請就醫評估。,根治|治療疾病|消炎治本|打通經絡|一擦就好|保證有效|深層修復|替代藥物
Instagram_LINE051,LINE051,Instagram,2026-06-29,12:00,下班前五分鐘伸展,B,低,pending_legal_pharmacist_review,false,下班前五分鐘伸展,"Slide 1：下班前五分鐘伸展
Slide 2：長時間低頭、久坐、用電腦的上班族常見情境
Slide 3：久坐低頭後，可搭配伸展與局部按摩舒緩緊繃不適
Slide 4：若痠痛持續、麻木或影響活動，請諮詢醫師或藥師。
Slide 5：依標示使用，先收藏","下班前五分鐘伸展，適合用保守一點的方式理解。

外用保養的重點是依標示使用，搭配局部按摩與日常休息；如果症狀持續、惡化或影響活動，請諮詢醫師或藥師。

本內容為一般生活保健資訊，非醫療診斷或治療建議。",#肩頸保養 #久坐族 #日常舒緩 #依標示使用,Slide 1：下班前五分鐘伸展｜Slide 2：長時間低頭、久坐、用電腦的上班族常見情境｜Slide 3：久坐低頭後，可搭配伸展與局部按摩舒緩緊繃不適｜Slide 4：若痠痛持續、麻木或影響活動，請諮詢醫師或藥師。｜Slide 5：依標示使用，先收藏,本內容為一般生活保健資訊，非醫療診斷或治療建議。,若痠痛持續、麻木或影響活動，請諮詢醫師或藥師。,根治|治療疾病|消炎治本|打通經絡|一擦就好|保證有效|深層修復|替代藥物
Instagram_LINE052,LINE052,Instagram,2026-06-29,20:00,局部按摩和大面積厚敷的差別,A,中,pending_legal_pharmacist_review,false,局部按摩和大面積厚敷的差別,"Slide 1：局部按摩和大面積厚敷的差別
Slide 2：已購買或正在觀望的一條根使用者常見情境
Slide 3：依標示外用，提供局部按摩與暫時舒緩體感
Slide 4：僅供外用；避免眼周、黏膜、破皮或傷口。
Slide 5：依標示使用，先收藏","局部按摩和大面積厚敷的差別，適合用保守一點的方式理解。

外用保養的重點是依標示使用，搭配局部按摩與日常休息；如果症狀持續、惡化或影響活動，請諮詢醫師或藥師。

本產品為外用油膏，請依核准標示使用；若症狀持續或惡化，請諮詢醫師或藥師。",#金牌一條根 #外用油膏 #成分透明 #依標示使用,Slide 1：局部按摩和大面積厚敷的差別｜Slide 2：已購買或正在觀望的一條根使用者常見情境｜Slide 3：依標示外用，提供局部按摩與暫時舒緩體感｜Slide 4：僅供外用；避免眼周、黏膜、破皮或傷口。｜Slide 5：依標示使用，先收藏,本產品為外用油膏，請依核准標示使用；若症狀持續或惡化，請諮詢醫師或藥師。,僅供外用；避免眼周、黏膜、破皮或傷口。,根治|治療疾病|消炎治本|打通經絡|一擦就好|保證有效|深層修復|替代藥物
Instagram_LINE053,LINE053,Instagram,2026-06-30,12:00,秋分後外出前暖身,F,低,pending_legal_pharmacist_review,false,秋分後外出前暖身,"Slide 1：秋分後外出前暖身
Slide 2：喜歡養生、節氣與日常保健的 LINE 讀者常見情境
Slide 3：以生活保健與身體覺察為主，不做醫療療效宣稱
Slide 4：節氣養生屬一般生活資訊，身體不適仍應諮詢專業人員。
Slide 5：依標示使用，先收藏","秋分後外出前暖身，適合用保守一點的方式理解。

外用保養的重點是依標示使用，搭配局部按摩與日常休息；如果症狀持續、惡化或影響活動，請諮詢醫師或藥師。

本內容為一般生活保健資訊，非醫療診斷或治療建議。",#節氣保養 #生活保健 #日常保養 #身體覺察,Slide 1：秋分後外出前暖身｜Slide 2：喜歡養生、節氣與日常保健的 LINE 讀者常見情境｜Slide 3：以生活保健與身體覺察為主，不做醫療療效宣稱｜Slide 4：節氣養生屬一般生活資訊，身體不適仍應諮詢專業人員。｜Slide 5：依標示使用，先收藏,本內容為一般生活保健資訊，非醫療診斷或治療建議。,節氣養生屬一般生活資訊，身體不適仍應諮詢專業人員。,根治|治療疾病|消炎治本|打通經絡|一擦就好|保證有效|深層修復|替代藥物
Instagram_LINE054,LINE054,Instagram,2026-06-30,20:00,症狀超過七天要停用並諮詢,E,高,pending_legal_pharmacist_review,false,症狀超過七天要停用並諮詢,"Slide 1：症狀超過七天要停用並諮詢
Slide 2：所有使用者、照護者與家庭購買者常見情境
Slide 3：安全使用比用得多更重要，依標示與風險族群提醒
Slide 4：2 歲以下、孕哺、過敏體質、抗凝血藥使用者請先詢問專業人員。
Slide 5：依標示使用，先收藏","症狀超過七天要停用並諮詢，適合用保守一點的方式理解。

外用保養的重點是依標示使用，搭配局部按摩與日常休息；如果症狀持續、惡化或影響活動，請諮詢醫師或藥師。

僅供外用。避免接觸眼睛、黏膜、破皮或傷口；特殊族群使用前請先諮詢專業人員。",#外用安全 #用藥安全 #使用前看標示 #諮詢醫師藥師,Slide 1：症狀超過七天要停用並諮詢｜Slide 2：所有使用者、照護者與家庭購買者常見情境｜Slide 3：安全使用比用得多更重要，依標示與風險族群提醒｜Slide 4：2 歲以下、孕哺、過敏體質、抗凝血藥使用者請先詢問專業人員。｜Slide 5：依標示使用，先收藏,僅供外用。避免接觸眼睛、黏膜、破皮或傷口；特殊族群使用前請先諮詢專業人員。,2 歲以下、孕哺、過敏體質、抗凝血藥使用者請先詢問專業人員。,根治|治療疾病|消炎治本|打通經絡|一擦就好|保證有效|深層修復|替代藥物
Instagram_LINE055,LINE055,Instagram,2026-07-01,12:00,成分透明是基本功,H,中,pending_legal_pharmacist_review,false,成分透明是基本功,"Slide 1：成分透明是基本功
Slide 2：重視藥證、成分、品質與合法性的消費者常見情境
Slide 3：強調藥證、標示、保守宣稱與人工審核流程
Slide 4：所有廣告文案仍須依主管機關與專業人員審核。
Slide 5：依標示使用，先收藏","成分透明是基本功，適合用保守一點的方式理解。

外用保養的重點是依標示使用，搭配局部按摩與日常休息；如果症狀持續、惡化或影響活動，請諮詢醫師或藥師。

本產品為外用油膏，請依核准標示使用；若症狀持續或惡化，請諮詢醫師或藥師。",#藥證可查 #品牌透明 #合法宣傳 #成分透明,Slide 1：成分透明是基本功｜Slide 2：重視藥證、成分、品質與合法性的消費者常見情境｜Slide 3：強調藥證、標示、保守宣稱與人工審核流程｜Slide 4：所有廣告文案仍須依主管機關與專業人員審核。｜Slide 5：依標示使用，先收藏,本產品為外用油膏，請依核准標示使用；若症狀持續或惡化，請諮詢醫師或藥師。,所有廣告文案仍須依主管機關與專業人員審核。,根治|治療疾病|消炎治本|打通經絡|一擦就好|保證有效|深層修復|替代藥物
Instagram_LINE056,LINE056,Instagram,2026-07-01,20:00,一條根可以天天厚敷嗎,G,低,pending_legal_pharmacist_review,false,一條根可以天天厚敷嗎,"Slide 1：一條根可以天天厚敷嗎
Slide 2：LINE OA 好友、回購客與新客常見情境
Slide 3：用問答降低誤用，讓使用者知道何時該詢問專業人員
Slide 4：互動回答不取代醫師或藥師建議。
Slide 5：依標示使用，先收藏","一條根可以天天厚敷嗎，適合用保守一點的方式理解。

外用保養的重點是依標示使用，搭配局部按摩與日常休息；如果症狀持續、惡化或影響活動，請諮詢醫師或藥師。

本內容為一般生活保健資訊，非醫療診斷或治療建議。",#互動問答 #保養知識 #使用小提醒 #金牌一條根,Slide 1：一條根可以天天厚敷嗎｜Slide 2：LINE OA 好友、回購客與新客常見情境｜Slide 3：用問答降低誤用，讓使用者知道何時該詢問專業人員｜Slide 4：互動回答不取代醫師或藥師建議。｜Slide 5：依標示使用，先收藏,本內容為一般生活保健資訊，非醫療診斷或治療建議。,互動回答不取代醫師或藥師建議。,根治|治療疾病|消炎治本|打通經絡|一擦就好|保證有效|深層修復|替代藥物
Instagram_LINE057,LINE057,Instagram,2026-07-02,12:00,運動後不要立刻熱敷加藥膏,C,中,pending_legal_pharmacist_review,false,運動後不要立刻熱敷加藥膏,"Slide 1：運動後不要立刻熱敷加藥膏
Slide 2：運動族、搬重物、久站與勞動工作者常見情境
Slide 3：運動或勞動後的局部肌肉痠痛，可短期按摩舒緩
Slide 4：明顯腫脹、劇痛、活動受限或疑似受傷時，請先就醫。
Slide 5：依標示使用，先收藏","運動後不要立刻熱敷加藥膏，適合用保守一點的方式理解。

外用保養的重點是依標示使用，搭配局部按摩與日常休息；如果症狀持續、惡化或影響活動，請諮詢醫師或藥師。

本產品為外用油膏，請依核准標示使用；若症狀持續或惡化，請諮詢醫師或藥師。",#運動後保養 #局部按摩 #肌肉痠痛 #依標示使用,Slide 1：運動後不要立刻熱敷加藥膏｜Slide 2：運動族、搬重物、久站與勞動工作者常見情境｜Slide 3：運動或勞動後的局部肌肉痠痛，可短期按摩舒緩｜Slide 4：明顯腫脹、劇痛、活動受限或疑似受傷時，請先就醫。｜Slide 5：依標示使用，先收藏,本產品為外用油膏，請依核准標示使用；若症狀持續或惡化，請諮詢醫師或藥師。,明顯腫脹、劇痛、活動受限或疑似受傷時，請先就醫。,根治|治療疾病|消炎治本|打通經絡|一擦就好|保證有效|深層修復|替代藥物
Instagram_LINE058,LINE058,Instagram,2026-07-02,20:00,使用前先小範圍測試,A,中,pending_legal_pharmacist_review,false,使用前先小範圍測試,"Slide 1：使用前先小範圍測試
Slide 2：已購買或正在觀望的一條根使用者常見情境
Slide 3：依標示外用，提供局部按摩與暫時舒緩體感
Slide 4：僅供外用；避免眼周、黏膜、破皮或傷口。
Slide 5：依標示使用，先收藏","使用前先小範圍測試，適合用保守一點的方式理解。

外用保養的重點是依標示使用，搭配局部按摩與日常休息；如果症狀持續、惡化或影響活動，請諮詢醫師或藥師。

本產品為外用油膏，請依核准標示使用；若症狀持續或惡化，請諮詢醫師或藥師。",#金牌一條根 #外用油膏 #成分透明 #依標示使用,Slide 1：使用前先小範圍測試｜Slide 2：已購買或正在觀望的一條根使用者常見情境｜Slide 3：依標示外用，提供局部按摩與暫時舒緩體感｜Slide 4：僅供外用；避免眼周、黏膜、破皮或傷口。｜Slide 5：依標示使用，先收藏,本產品為外用油膏，請依核准標示使用；若症狀持續或惡化，請諮詢醫師或藥師。,僅供外用；避免眼周、黏膜、破皮或傷口。,根治|治療疾病|消炎治本|打通經絡|一擦就好|保證有效|深層修復|替代藥物
Instagram_LINE059,LINE059,Instagram,2026-07-03,12:00,長輩使用前先看標示,D,中,pending_legal_pharmacist_review,false,長輩使用前先看標示,"Slide 1：長輩使用前先看標示
Slide 2：40-70 歲注重日常活動舒適度的族群常見情境
Slide 3：輕微關節痠痛可短期舒緩，但不可宣稱治療疾病
Slide 4：關節腫痛、紅熱、長期疼痛或行走困難，請就醫評估。
Slide 5：依標示使用，先收藏","長輩使用前先看標示，適合用保守一點的方式理解。

外用保養的重點是依標示使用，搭配局部按摩與日常休息；如果症狀持續、惡化或影響活動，請諮詢醫師或藥師。

本產品為外用油膏，請依核准標示使用；若症狀持續或惡化，請諮詢醫師或藥師。",#銀髮保養 #活動舒適 #輕微痠痛 #依標示使用,Slide 1：長輩使用前先看標示｜Slide 2：40-70 歲注重日常活動舒適度的族群常見情境｜Slide 3：輕微關節痠痛可短期舒緩，但不可宣稱治療疾病｜Slide 4：關節腫痛、紅熱、長期疼痛或行走困難，請就醫評估。｜Slide 5：依標示使用，先收藏,本產品為外用油膏，請依核准標示使用；若症狀持續或惡化，請諮詢醫師或藥師。,關節腫痛、紅熱、長期疼痛或行走困難，請就醫評估。,根治|治療疾病|消炎治本|打通經絡|一擦就好|保證有效|深層修復|替代藥物
Instagram_LINE060,LINE060,Instagram,2026-07-03,20:00,皮膚刺激時要停止使用,E,高,pending_legal_pharmacist_review,false,皮膚刺激時要停止使用,"Slide 1：皮膚刺激時要停止使用
Slide 2：所有使用者、照護者與家庭購買者常見情境
Slide 3：安全使用比用得多更重要，依標示與風險族群提醒
Slide 4：2 歲以下、孕哺、過敏體質、抗凝血藥使用者請先詢問專業人員。
Slide 5：依標示使用，先收藏","皮膚刺激時要停止使用，適合用保守一點的方式理解。

外用保養的重點是依標示使用，搭配局部按摩與日常休息；如果症狀持續、惡化或影響活動，請諮詢醫師或藥師。

僅供外用。避免接觸眼睛、黏膜、破皮或傷口；特殊族群使用前請先諮詢專業人員。",#外用安全 #用藥安全 #使用前看標示 #諮詢醫師藥師,Slide 1：皮膚刺激時要停止使用｜Slide 2：所有使用者、照護者與家庭購買者常見情境｜Slide 3：安全使用比用得多更重要，依標示與風險族群提醒｜Slide 4：2 歲以下、孕哺、過敏體質、抗凝血藥使用者請先詢問專業人員。｜Slide 5：依標示使用，先收藏,僅供外用。避免接觸眼睛、黏膜、破皮或傷口；特殊族群使用前請先諮詢專業人員。,2 歲以下、孕哺、過敏體質、抗凝血藥使用者請先詢問專業人員。,根治|治療疾病|消炎治本|打通經絡|一擦就好|保證有效|深層修復|替代藥物
Instagram_LINE061,LINE061,Instagram,2026-07-04,12:00,寒露後肩背保養,F,低,pending_legal_pharmacist_review,false,寒露後肩背保養,"Slide 1：寒露後肩背保養
Slide 2：喜歡養生、節氣與日常保健的 LINE 讀者常見情境
Slide 3：以生活保健與身體覺察為主，不做醫療療效宣稱
Slide 4：節氣養生屬一般生活資訊，身體不適仍應諮詢專業人員。
Slide 5：依標示使用，先收藏","寒露後肩背保養，適合用保守一點的方式理解。

外用保養的重點是依標示使用，搭配局部按摩與日常休息；如果症狀持續、惡化或影響活動，請諮詢醫師或藥師。

本內容為一般生活保健資訊，非醫療診斷或治療建議。",#節氣保養 #生活保健 #日常保養 #身體覺察,Slide 1：寒露後肩背保養｜Slide 2：喜歡養生、節氣與日常保健的 LINE 讀者常見情境｜Slide 3：以生活保健與身體覺察為主，不做醫療療效宣稱｜Slide 4：節氣養生屬一般生活資訊，身體不適仍應諮詢專業人員。｜Slide 5：依標示使用，先收藏,本內容為一般生活保健資訊，非醫療診斷或治療建議。,節氣養生屬一般生活資訊，身體不適仍應諮詢專業人員。,根治|治療疾病|消炎治本|打通經絡|一擦就好|保證有效|深層修復|替代藥物
Instagram_LINE062,LINE062,Instagram,2026-07-04,20:00,輕微拉扯後的觀察重點,C,中,pending_legal_pharmacist_review,false,輕微拉扯後的觀察重點,"Slide 1：輕微拉扯後的觀察重點
Slide 2：運動族、搬重物、久站與勞動工作者常見情境
Slide 3：運動或勞動後的局部肌肉痠痛，可短期按摩舒緩
Slide 4：明顯腫脹、劇痛、活動受限或疑似受傷時，請先就醫。
Slide 5：依標示使用，先收藏","輕微拉扯後的觀察重點，適合用保守一點的方式理解。

外用保養的重點是依標示使用，搭配局部按摩與日常休息；如果症狀持續、惡化或影響活動，請諮詢醫師或藥師。

本產品為外用油膏，請依核准標示使用；若症狀持續或惡化，請諮詢醫師或藥師。",#運動後保養 #局部按摩 #肌肉痠痛 #依標示使用,Slide 1：輕微拉扯後的觀察重點｜Slide 2：運動族、搬重物、久站與勞動工作者常見情境｜Slide 3：運動或勞動後的局部肌肉痠痛，可短期按摩舒緩｜Slide 4：明顯腫脹、劇痛、活動受限或疑似受傷時，請先就醫。｜Slide 5：依標示使用，先收藏,本產品為外用油膏，請依核准標示使用；若症狀持續或惡化，請諮詢醫師或藥師。,明顯腫脹、劇痛、活動受限或疑似受傷時，請先就醫。,根治|治療疾病|消炎治本|打通經絡|一擦就好|保證有效|深層修復|替代藥物
Instagram_LINE063,LINE063,Instagram,2026-07-05,12:00,擦完可以馬上熱敷嗎,G,低,pending_legal_pharmacist_review,false,擦完可以馬上熱敷嗎,"Slide 1：擦完可以馬上熱敷嗎
Slide 2：LINE OA 好友、回購客與新客常見情境
Slide 3：用問答降低誤用，讓使用者知道何時該詢問專業人員
Slide 4：互動回答不取代醫師或藥師建議。
Slide 5：依標示使用，先收藏","擦完可以馬上熱敷嗎，適合用保守一點的方式理解。

外用保養的重點是依標示使用，搭配局部按摩與日常休息；如果症狀持續、惡化或影響活動，請諮詢醫師或藥師。

本內容為一般生活保健資訊，非醫療診斷或治療建議。",#互動問答 #保養知識 #使用小提醒 #金牌一條根,Slide 1：擦完可以馬上熱敷嗎｜Slide 2：LINE OA 好友、回購客與新客常見情境｜Slide 3：用問答降低誤用，讓使用者知道何時該詢問專業人員｜Slide 4：互動回答不取代醫師或藥師建議。｜Slide 5：依標示使用，先收藏,本內容為一般生活保健資訊，非醫療診斷或治療建議。,互動回答不取代醫師或藥師建議。,根治|治療疾病|消炎治本|打通經絡|一擦就好|保證有效|深層修復|替代藥物
Instagram_LINE064,LINE064,Instagram,2026-07-05,20:00,別把長期疼痛只當小問題,D,中,pending_legal_pharmacist_review,false,別把長期疼痛只當小問題,"Slide 1：別把長期疼痛只當小問題
Slide 2：40-70 歲注重日常活動舒適度的族群常見情境
Slide 3：輕微關節痠痛可短期舒緩，但不可宣稱治療疾病
Slide 4：關節腫痛、紅熱、長期疼痛或行走困難，請就醫評估。
Slide 5：依標示使用，先收藏","別把長期疼痛只當小問題，適合用保守一點的方式理解。

外用保養的重點是依標示使用，搭配局部按摩與日常休息；如果症狀持續、惡化或影響活動，請諮詢醫師或藥師。

本產品為外用油膏，請依核准標示使用；若症狀持續或惡化，請諮詢醫師或藥師。",#銀髮保養 #活動舒適 #輕微痠痛 #依標示使用,Slide 1：別把長期疼痛只當小問題｜Slide 2：40-70 歲注重日常活動舒適度的族群常見情境｜Slide 3：輕微關節痠痛可短期舒緩，但不可宣稱治療疾病｜Slide 4：關節腫痛、紅熱、長期疼痛或行走困難，請就醫評估。｜Slide 5：依標示使用，先收藏,本產品為外用油膏，請依核准標示使用；若症狀持續或惡化，請諮詢醫師或藥師。,關節腫痛、紅熱、長期疼痛或行走困難，請就醫評估。,根治|治療疾病|消炎治本|打通經絡|一擦就好|保證有效|深層修復|替代藥物
Instagram_LINE065,LINE065,Instagram,2026-07-06,12:00,滑手機後頸部保養,B,低,pending_legal_pharmacist_review,false,滑手機後頸部保養,"Slide 1：滑手機後頸部保養
Slide 2：長時間低頭、久坐、用電腦的上班族常見情境
Slide 3：久坐低頭後，可搭配伸展與局部按摩舒緩緊繃不適
Slide 4：若痠痛持續、麻木或影響活動，請諮詢醫師或藥師。
Slide 5：依標示使用，先收藏","滑手機後頸部保養，適合用保守一點的方式理解。

外用保養的重點是依標示使用，搭配局部按摩與日常休息；如果症狀持續、惡化或影響活動，請諮詢醫師或藥師。

本內容為一般生活保健資訊，非醫療診斷或治療建議。",#肩頸保養 #久坐族 #日常舒緩 #依標示使用,Slide 1：滑手機後頸部保養｜Slide 2：長時間低頭、久坐、用電腦的上班族常見情境｜Slide 3：久坐低頭後，可搭配伸展與局部按摩舒緩緊繃不適｜Slide 4：若痠痛持續、麻木或影響活動，請諮詢醫師或藥師。｜Slide 5：依標示使用，先收藏,本內容為一般生活保健資訊，非醫療診斷或治療建議。,若痠痛持續、麻木或影響活動，請諮詢醫師或藥師。,根治|治療疾病|消炎治本|打通經絡|一擦就好|保證有效|深層修復|替代藥物
Instagram_LINE066,LINE066,Instagram,2026-07-06,20:00,產品不是神藥，定位要講清楚,A,中,pending_legal_pharmacist_review,false,產品不是神藥，定位要講清楚,"Slide 1：產品不是神藥，定位要講清楚
Slide 2：已購買或正在觀望的一條根使用者常見情境
Slide 3：依標示外用，提供局部按摩與暫時舒緩體感
Slide 4：僅供外用；避免眼周、黏膜、破皮或傷口。
Slide 5：依標示使用，先收藏","產品不是神藥，定位要講清楚，適合用保守一點的方式理解。

外用保養的重點是依標示使用，搭配局部按摩與日常休息；如果症狀持續、惡化或影響活動，請諮詢醫師或藥師。

本產品為外用油膏，請依核准標示使用；若症狀持續或惡化，請諮詢醫師或藥師。",#金牌一條根 #外用油膏 #成分透明 #依標示使用,Slide 1：產品不是神藥，定位要講清楚｜Slide 2：已購買或正在觀望的一條根使用者常見情境｜Slide 3：依標示外用，提供局部按摩與暫時舒緩體感｜Slide 4：僅供外用；避免眼周、黏膜、破皮或傷口。｜Slide 5：依標示使用，先收藏,本產品為外用油膏，請依核准標示使用；若症狀持續或惡化，請諮詢醫師或藥師。,僅供外用；避免眼周、黏膜、破皮或傷口。,根治|治療疾病|消炎治本|打通經絡|一擦就好|保證有效|深層修復|替代藥物
Instagram_LINE067,LINE067,Instagram,2026-07-07,12:00,立冬前後的日常舒緩儀式,F,低,pending_legal_pharmacist_review,false,立冬前後的日常舒緩儀式,"Slide 1：立冬前後的日常舒緩儀式
Slide 2：喜歡養生、節氣與日常保健的 LINE 讀者常見情境
Slide 3：以生活保健與身體覺察為主，不做醫療療效宣稱
Slide 4：節氣養生屬一般生活資訊，身體不適仍應諮詢專業人員。
Slide 5：依標示使用，先收藏","立冬前後的日常舒緩儀式，適合用保守一點的方式理解。

外用保養的重點是依標示使用，搭配局部按摩與日常休息；如果症狀持續、惡化或影響活動，請諮詢醫師或藥師。

本內容為一般生活保健資訊，非醫療診斷或治療建議。",#節氣保養 #生活保健 #日常保養 #身體覺察,Slide 1：立冬前後的日常舒緩儀式｜Slide 2：喜歡養生、節氣與日常保健的 LINE 讀者常見情境｜Slide 3：以生活保健與身體覺察為主，不做醫療療效宣稱｜Slide 4：節氣養生屬一般生活資訊，身體不適仍應諮詢專業人員。｜Slide 5：依標示使用，先收藏,本內容為一般生活保健資訊，非醫療診斷或治療建議。,節氣養生屬一般生活資訊，身體不適仍應諮詢專業人員。,根治|治療疾病|消炎治本|打通經絡|一擦就好|保證有效|深層修復|替代藥物
Instagram_LINE068,LINE068,Instagram,2026-07-07,20:00,深層症狀不適合自行處理,E,高,pending_legal_pharmacist_review,false,深層症狀不適合自行處理,"Slide 1：深層症狀不適合自行處理
Slide 2：所有使用者、照護者與家庭購買者常見情境
Slide 3：安全使用比用得多更重要，依標示與風險族群提醒
Slide 4：2 歲以下、孕哺、過敏體質、抗凝血藥使用者請先詢問專業人員。
Slide 5：依標示使用，先收藏","深層症狀不適合自行處理，適合用保守一點的方式理解。

外用保養的重點是依標示使用，搭配局部按摩與日常休息；如果症狀持續、惡化或影響活動，請諮詢醫師或藥師。

僅供外用。避免接觸眼睛、黏膜、破皮或傷口；特殊族群使用前請先諮詢專業人員。",#外用安全 #用藥安全 #使用前看標示 #諮詢醫師藥師,Slide 1：深層症狀不適合自行處理｜Slide 2：所有使用者、照護者與家庭購買者常見情境｜Slide 3：安全使用比用得多更重要，依標示與風險族群提醒｜Slide 4：2 歲以下、孕哺、過敏體質、抗凝血藥使用者請先詢問專業人員。｜Slide 5：依標示使用，先收藏,僅供外用。避免接觸眼睛、黏膜、破皮或傷口；特殊族群使用前請先諮詢專業人員。,2 歲以下、孕哺、過敏體質、抗凝血藥使用者請先詢問專業人員。,根治|治療疾病|消炎治本|打通經絡|一擦就好|保證有效|深層修復|替代藥物
Instagram_LINE069,LINE069,Instagram,2026-07-08,12:00,每篇貼文都要人工審核,H,中,pending_legal_pharmacist_review,false,每篇貼文都要人工審核,"Slide 1：每篇貼文都要人工審核
Slide 2：重視藥證、成分、品質與合法性的消費者常見情境
Slide 3：強調藥證、標示、保守宣稱與人工審核流程
Slide 4：所有廣告文案仍須依主管機關與專業人員審核。
Slide 5：依標示使用，先收藏","每篇貼文都要人工審核，適合用保守一點的方式理解。

外用保養的重點是依標示使用，搭配局部按摩與日常休息；如果症狀持續、惡化或影響活動，請諮詢醫師或藥師。

本產品為外用油膏，請依核准標示使用；若症狀持續或惡化，請諮詢醫師或藥師。",#藥證可查 #品牌透明 #合法宣傳 #成分透明,Slide 1：每篇貼文都要人工審核｜Slide 2：重視藥證、成分、品質與合法性的消費者常見情境｜Slide 3：強調藥證、標示、保守宣稱與人工審核流程｜Slide 4：所有廣告文案仍須依主管機關與專業人員審核。｜Slide 5：依標示使用，先收藏,本產品為外用油膏，請依核准標示使用；若症狀持續或惡化，請諮詢醫師或藥師。,所有廣告文案仍須依主管機關與專業人員審核。,根治|治療疾病|消炎治本|打通經絡|一擦就好|保證有效|深層修復|替代藥物
Instagram_LINE070,LINE070,Instagram,2026-07-08,20:00,哪些情況應該先就醫,G,低,pending_legal_pharmacist_review,false,哪些情況應該先就醫,"Slide 1：哪些情況應該先就醫
Slide 2：LINE OA 好友、回購客與新客常見情境
Slide 3：用問答降低誤用，讓使用者知道何時該詢問專業人員
Slide 4：互動回答不取代醫師或藥師建議。
Slide 5：依標示使用，先收藏","哪些情況應該先就醫，適合用保守一點的方式理解。

外用保養的重點是依標示使用，搭配局部按摩與日常休息；如果症狀持續、惡化或影響活動，請諮詢醫師或藥師。

本內容為一般生活保健資訊，非醫療診斷或治療建議。",#互動問答 #保養知識 #使用小提醒 #金牌一條根,Slide 1：哪些情況應該先就醫｜Slide 2：LINE OA 好友、回購客與新客常見情境｜Slide 3：用問答降低誤用，讓使用者知道何時該詢問專業人員｜Slide 4：互動回答不取代醫師或藥師建議。｜Slide 5：依標示使用，先收藏,本內容為一般生活保健資訊，非醫療診斷或治療建議。,互動回答不取代醫師或藥師建議。,根治|治療疾病|消炎治本|打通經絡|一擦就好|保證有效|深層修復|替代藥物
Instagram_LINE071,LINE071,Instagram,2026-07-09,12:00,運動後局部痠痛的保守處理,C,中,pending_legal_pharmacist_review,false,運動後局部痠痛的保守處理,"Slide 1：運動後局部痠痛的保守處理
Slide 2：運動族、搬重物、久站與勞動工作者常見情境
Slide 3：運動或勞動後的局部肌肉痠痛，可短期按摩舒緩
Slide 4：明顯腫脹、劇痛、活動受限或疑似受傷時，請先就醫。
Slide 5：依標示使用，先收藏","運動後局部痠痛的保守處理，適合用保守一點的方式理解。

外用保養的重點是依標示使用，搭配局部按摩與日常休息；如果症狀持續、惡化或影響活動，請諮詢醫師或藥師。

本產品為外用油膏，請依核准標示使用；若症狀持續或惡化，請諮詢醫師或藥師。",#運動後保養 #局部按摩 #肌肉痠痛 #依標示使用,Slide 1：運動後局部痠痛的保守處理｜Slide 2：運動族、搬重物、久站與勞動工作者常見情境｜Slide 3：運動或勞動後的局部肌肉痠痛，可短期按摩舒緩｜Slide 4：明顯腫脹、劇痛、活動受限或疑似受傷時，請先就醫。｜Slide 5：依標示使用，先收藏,本產品為外用油膏，請依核准標示使用；若症狀持續或惡化，請諮詢醫師或藥師。,明顯腫脹、劇痛、活動受限或疑似受傷時，請先就醫。,根治|治療疾病|消炎治本|打通經絡|一擦就好|保證有效|深層修復|替代藥物
Instagram_LINE072,LINE072,Instagram,2026-07-09,20:00,冬青油與清涼舒緩體感,A,中,pending_legal_pharmacist_review,false,冬青油與清涼舒緩體感,"Slide 1：冬青油與清涼舒緩體感
Slide 2：已購買或正在觀望的一條根使用者常見情境
Slide 3：依標示外用，提供局部按摩與暫時舒緩體感
Slide 4：僅供外用；避免眼周、黏膜、破皮或傷口。
Slide 5：依標示使用，先收藏","冬青油與清涼舒緩體感，適合用保守一點的方式理解。

外用保養的重點是依標示使用，搭配局部按摩與日常休息；如果症狀持續、惡化或影響活動，請諮詢醫師或藥師。

本產品為外用油膏，請依核准標示使用；若症狀持續或惡化，請諮詢醫師或藥師。",#金牌一條根 #外用油膏 #成分透明 #依標示使用,Slide 1：冬青油與清涼舒緩體感｜Slide 2：已購買或正在觀望的一條根使用者常見情境｜Slide 3：依標示外用，提供局部按摩與暫時舒緩體感｜Slide 4：僅供外用；避免眼周、黏膜、破皮或傷口。｜Slide 5：依標示使用，先收藏,本產品為外用油膏，請依核准標示使用；若症狀持續或惡化，請諮詢醫師或藥師。,僅供外用；避免眼周、黏膜、破皮或傷口。,根治|治療疾病|消炎治本|打通經絡|一擦就好|保證有效|深層修復|替代藥物
Instagram_LINE073,LINE073,Instagram,2026-07-10,12:00,早晨活動前的關節暖身,D,中,pending_legal_pharmacist_review,false,早晨活動前的關節暖身,"Slide 1：早晨活動前的關節暖身
Slide 2：40-70 歲注重日常活動舒適度的族群常見情境
Slide 3：輕微關節痠痛可短期舒緩，但不可宣稱治療疾病
Slide 4：關節腫痛、紅熱、長期疼痛或行走困難，請就醫評估。
Slide 5：依標示使用，先收藏","早晨活動前的關節暖身，適合用保守一點的方式理解。

外用保養的重點是依標示使用，搭配局部按摩與日常休息；如果症狀持續、惡化或影響活動，請諮詢醫師或藥師。

本產品為外用油膏，請依核准標示使用；若症狀持續或惡化，請諮詢醫師或藥師。",#銀髮保養 #活動舒適 #輕微痠痛 #依標示使用,Slide 1：早晨活動前的關節暖身｜Slide 2：40-70 歲注重日常活動舒適度的族群常見情境｜Slide 3：輕微關節痠痛可短期舒緩，但不可宣稱治療疾病｜Slide 4：關節腫痛、紅熱、長期疼痛或行走困難，請就醫評估。｜Slide 5：依標示使用，先收藏,本產品為外用油膏，請依核准標示使用；若症狀持續或惡化，請諮詢醫師或藥師。,關節腫痛、紅熱、長期疼痛或行走困難，請就醫評估。,根治|治療疾病|消炎治本|打通經絡|一擦就好|保證有效|深層修復|替代藥物
Instagram_LINE074,LINE074,Instagram,2026-07-10,20:00,不能擦在破皮或傷口,E,高,pending_legal_pharmacist_review,false,不能擦在破皮或傷口,"Slide 1：不能擦在破皮或傷口
Slide 2：所有使用者、照護者與家庭購買者常見情境
Slide 3：安全使用比用得多更重要，依標示與風險族群提醒
Slide 4：2 歲以下、孕哺、過敏體質、抗凝血藥使用者請先詢問專業人員。
Slide 5：依標示使用，先收藏","不能擦在破皮或傷口，適合用保守一點的方式理解。

外用保養的重點是依標示使用，搭配局部按摩與日常休息；如果症狀持續、惡化或影響活動，請諮詢醫師或藥師。

僅供外用。避免接觸眼睛、黏膜、破皮或傷口；特殊族群使用前請先諮詢專業人員。",#外用安全 #用藥安全 #使用前看標示 #諮詢醫師藥師,Slide 1：不能擦在破皮或傷口｜Slide 2：所有使用者、照護者與家庭購買者常見情境｜Slide 3：安全使用比用得多更重要，依標示與風險族群提醒｜Slide 4：2 歲以下、孕哺、過敏體質、抗凝血藥使用者請先詢問專業人員。｜Slide 5：依標示使用，先收藏,僅供外用。避免接觸眼睛、黏膜、破皮或傷口；特殊族群使用前請先諮詢專業人員。,2 歲以下、孕哺、過敏體質、抗凝血藥使用者請先詢問專業人員。,根治|治療疾病|消炎治本|打通經絡|一擦就好|保證有效|深層修復|替代藥物
Instagram_LINE075,LINE075,Instagram,2026-07-11,12:00,芒種後濕熱生活保養,F,低,pending_legal_pharmacist_review,false,芒種後濕熱生活保養,"Slide 1：芒種後濕熱生活保養
Slide 2：喜歡養生、節氣與日常保健的 LINE 讀者常見情境
Slide 3：以生活保健與身體覺察為主，不做醫療療效宣稱
Slide 4：節氣養生屬一般生活資訊，身體不適仍應諮詢專業人員。
Slide 5：依標示使用，先收藏","芒種後濕熱生活保養，適合用保守一點的方式理解。

外用保養的重點是依標示使用，搭配局部按摩與日常休息；如果症狀持續、惡化或影響活動，請諮詢醫師或藥師。

本內容為一般生活保健資訊，非醫療診斷或治療建議。",#節氣保養 #生活保健 #日常保養 #身體覺察,Slide 1：芒種後濕熱生活保養｜Slide 2：喜歡養生、節氣與日常保健的 LINE 讀者常見情境｜Slide 3：以生活保健與身體覺察為主，不做醫療療效宣稱｜Slide 4：節氣養生屬一般生活資訊，身體不適仍應諮詢專業人員。｜Slide 5：依標示使用，先收藏,本內容為一般生活保健資訊，非醫療診斷或治療建議。,節氣養生屬一般生活資訊，身體不適仍應諮詢專業人員。,根治|治療疾病|消炎治本|打通經絡|一擦就好|保證有效|深層修復|替代藥物
Instagram_LINE076,LINE076,Instagram,2026-07-11,20:00,久站後小腿不適舒緩,C,中,pending_legal_pharmacist_review,false,久站後小腿不適舒緩,"Slide 1：久站後小腿不適舒緩
Slide 2：運動族、搬重物、久站與勞動工作者常見情境
Slide 3：運動或勞動後的局部肌肉痠痛，可短期按摩舒緩
Slide 4：明顯腫脹、劇痛、活動受限或疑似受傷時，請先就醫。
Slide 5：依標示使用，先收藏","久站後小腿不適舒緩，適合用保守一點的方式理解。

外用保養的重點是依標示使用，搭配局部按摩與日常休息；如果症狀持續、惡化或影響活動，請諮詢醫師或藥師。

本產品為外用油膏，請依核准標示使用；若症狀持續或惡化，請諮詢醫師或藥師。",#運動後保養 #局部按摩 #肌肉痠痛 #依標示使用,Slide 1：久站後小腿不適舒緩｜Slide 2：運動族、搬重物、久站與勞動工作者常見情境｜Slide 3：運動或勞動後的局部肌肉痠痛，可短期按摩舒緩｜Slide 4：明顯腫脹、劇痛、活動受限或疑似受傷時，請先就醫。｜Slide 5：依標示使用，先收藏,本產品為外用油膏，請依核准標示使用；若症狀持續或惡化，請諮詢醫師或藥師。,明顯腫脹、劇痛、活動受限或疑似受傷時，請先就醫。,根治|治療疾病|消炎治本|打通經絡|一擦就好|保證有效|深層修復|替代藥物
Instagram_LINE077,LINE077,Instagram,2026-07-12,12:00,你最常哪個部位緊繃,G,低,pending_legal_pharmacist_review,false,你最常哪個部位緊繃,"Slide 1：你最常哪個部位緊繃
Slide 2：LINE OA 好友、回購客與新客常見情境
Slide 3：用問答降低誤用，讓使用者知道何時該詢問專業人員
Slide 4：互動回答不取代醫師或藥師建議。
Slide 5：依標示使用，先收藏","你最常哪個部位緊繃，適合用保守一點的方式理解。

外用保養的重點是依標示使用，搭配局部按摩與日常休息；如果症狀持續、惡化或影響活動，請諮詢醫師或藥師。

本內容為一般生活保健資訊，非醫療診斷或治療建議。",#互動問答 #保養知識 #使用小提醒 #金牌一條根,Slide 1：你最常哪個部位緊繃｜Slide 2：LINE OA 好友、回購客與新客常見情境｜Slide 3：用問答降低誤用，讓使用者知道何時該詢問專業人員｜Slide 4：互動回答不取代醫師或藥師建議。｜Slide 5：依標示使用，先收藏,本內容為一般生活保健資訊，非醫療診斷或治療建議。,互動回答不取代醫師或藥師建議。,根治|治療疾病|消炎治本|打通經絡|一擦就好|保證有效|深層修復|替代藥物
Instagram_LINE078,LINE078,Instagram,2026-07-12,20:00,長輩外用膏使用安全,D,中,pending_legal_pharmacist_review,false,長輩外用膏使用安全,"Slide 1：長輩外用膏使用安全
Slide 2：40-70 歲注重日常活動舒適度的族群常見情境
Slide 3：輕微關節痠痛可短期舒緩，但不可宣稱治療疾病
Slide 4：關節腫痛、紅熱、長期疼痛或行走困難，請就醫評估。
Slide 5：依標示使用，先收藏","長輩外用膏使用安全，適合用保守一點的方式理解。

外用保養的重點是依標示使用，搭配局部按摩與日常休息；如果症狀持續、惡化或影響活動，請諮詢醫師或藥師。

本產品為外用油膏，請依核准標示使用；若症狀持續或惡化，請諮詢醫師或藥師。",#銀髮保養 #活動舒適 #輕微痠痛 #依標示使用,Slide 1：長輩外用膏使用安全｜Slide 2：40-70 歲注重日常活動舒適度的族群常見情境｜Slide 3：輕微關節痠痛可短期舒緩，但不可宣稱治療疾病｜Slide 4：關節腫痛、紅熱、長期疼痛或行走困難，請就醫評估。｜Slide 5：依標示使用，先收藏,本產品為外用油膏，請依核准標示使用；若症狀持續或惡化，請諮詢醫師或藥師。,關節腫痛、紅熱、長期疼痛或行走困難，請就醫評估。,根治|治療疾病|消炎治本|打通經絡|一擦就好|保證有效|深層修復|替代藥物
Instagram_LINE079,LINE079,Instagram,2026-07-13,12:00,辦公桌前的姿勢檢查,B,低,pending_legal_pharmacist_review,false,辦公桌前的姿勢檢查,"Slide 1：辦公桌前的姿勢檢查
Slide 2：長時間低頭、久坐、用電腦的上班族常見情境
Slide 3：久坐低頭後，可搭配伸展與局部按摩舒緩緊繃不適
Slide 4：若痠痛持續、麻木或影響活動，請諮詢醫師或藥師。
Slide 5：依標示使用，先收藏","辦公桌前的姿勢檢查，適合用保守一點的方式理解。

外用保養的重點是依標示使用，搭配局部按摩與日常休息；如果症狀持續、惡化或影響活動，請諮詢醫師或藥師。

本內容為一般生活保健資訊，非醫療診斷或治療建議。",#肩頸保養 #久坐族 #日常舒緩 #依標示使用,Slide 1：辦公桌前的姿勢檢查｜Slide 2：長時間低頭、久坐、用電腦的上班族常見情境｜Slide 3：久坐低頭後，可搭配伸展與局部按摩舒緩緊繃不適｜Slide 4：若痠痛持續、麻木或影響活動，請諮詢醫師或藥師。｜Slide 5：依標示使用，先收藏,本內容為一般生活保健資訊，非醫療診斷或治療建議。,若痠痛持續、麻木或影響活動，請諮詢醫師或藥師。,根治|治療疾病|消炎治本|打通經絡|一擦就好|保證有效|深層修復|替代藥物
Instagram_LINE080,LINE080,Instagram,2026-07-13,20:00,薄荷腦帶來的涼感來源,A,中,pending_legal_pharmacist_review,false,薄荷腦帶來的涼感來源,"Slide 1：薄荷腦帶來的涼感來源
Slide 2：已購買或正在觀望的一條根使用者常見情境
Slide 3：依標示外用，提供局部按摩與暫時舒緩體感
Slide 4：僅供外用；避免眼周、黏膜、破皮或傷口。
Slide 5：依標示使用，先收藏","薄荷腦帶來的涼感來源，適合用保守一點的方式理解。

外用保養的重點是依標示使用，搭配局部按摩與日常休息；如果症狀持續、惡化或影響活動，請諮詢醫師或藥師。

本產品為外用油膏，請依核准標示使用；若症狀持續或惡化，請諮詢醫師或藥師。",#金牌一條根 #外用油膏 #成分透明 #依標示使用,Slide 1：薄荷腦帶來的涼感來源｜Slide 2：已購買或正在觀望的一條根使用者常見情境｜Slide 3：依標示外用，提供局部按摩與暫時舒緩體感｜Slide 4：僅供外用；避免眼周、黏膜、破皮或傷口。｜Slide 5：依標示使用，先收藏,本產品為外用油膏，請依核准標示使用；若症狀持續或惡化，請諮詢醫師或藥師。,僅供外用；避免眼周、黏膜、破皮或傷口。,根治|治療疾病|消炎治本|打通經絡|一擦就好|保證有效|深層修復|替代藥物
Instagram_LINE081,LINE081,Instagram,2026-07-14,12:00,夏季冷氣房的肩頸保養,F,低,pending_legal_pharmacist_review,false,夏季冷氣房的肩頸保養,"Slide 1：夏季冷氣房的肩頸保養
Slide 2：喜歡養生、節氣與日常保健的 LINE 讀者常見情境
Slide 3：以生活保健與身體覺察為主，不做醫療療效宣稱
Slide 4：節氣養生屬一般生活資訊，身體不適仍應諮詢專業人員。
Slide 5：依標示使用，先收藏","夏季冷氣房的肩頸保養，適合用保守一點的方式理解。

外用保養的重點是依標示使用，搭配局部按摩與日常休息；如果症狀持續、惡化或影響活動，請諮詢醫師或藥師。

本內容為一般生活保健資訊，非醫療診斷或治療建議。",#節氣保養 #生活保健 #日常保養 #身體覺察,Slide 1：夏季冷氣房的肩頸保養｜Slide 2：喜歡養生、節氣與日常保健的 LINE 讀者常見情境｜Slide 3：以生活保健與身體覺察為主，不做醫療療效宣稱｜Slide 4：節氣養生屬一般生活資訊，身體不適仍應諮詢專業人員。｜Slide 5：依標示使用，先收藏,本內容為一般生活保健資訊，非醫療診斷或治療建議。,節氣養生屬一般生活資訊，身體不適仍應諮詢專業人員。,根治|治療疾病|消炎治本|打通經絡|一擦就好|保證有效|深層修復|替代藥物
Instagram_LINE082,LINE082,Instagram,2026-07-14,20:00,外用膏避免眼周與黏膜,E,高,pending_legal_pharmacist_review,false,外用膏避免眼周與黏膜,"Slide 1：外用膏避免眼周與黏膜
Slide 2：所有使用者、照護者與家庭購買者常見情境
Slide 3：安全使用比用得多更重要，依標示與風險族群提醒
Slide 4：2 歲以下、孕哺、過敏體質、抗凝血藥使用者請先詢問專業人員。
Slide 5：依標示使用，先收藏","外用膏避免眼周與黏膜，適合用保守一點的方式理解。

外用保養的重點是依標示使用，搭配局部按摩與日常休息；如果症狀持續、惡化或影響活動，請諮詢醫師或藥師。

僅供外用。避免接觸眼睛、黏膜、破皮或傷口；特殊族群使用前請先諮詢專業人員。",#外用安全 #用藥安全 #使用前看標示 #諮詢醫師藥師,Slide 1：外用膏避免眼周與黏膜｜Slide 2：所有使用者、照護者與家庭購買者常見情境｜Slide 3：安全使用比用得多更重要，依標示與風險族群提醒｜Slide 4：2 歲以下、孕哺、過敏體質、抗凝血藥使用者請先詢問專業人員。｜Slide 5：依標示使用，先收藏,僅供外用。避免接觸眼睛、黏膜、破皮或傷口；特殊族群使用前請先諮詢專業人員。,2 歲以下、孕哺、過敏體質、抗凝血藥使用者請先詢問專業人員。,根治|治療疾病|消炎治本|打通經絡|一擦就好|保證有效|深層修復|替代藥物
Instagram_LINE083,LINE083,Instagram,2026-07-15,12:00,合法宣傳比誇大更長久,H,中,pending_legal_pharmacist_review,false,合法宣傳比誇大更長久,"Slide 1：合法宣傳比誇大更長久
Slide 2：重視藥證、成分、品質與合法性的消費者常見情境
Slide 3：強調藥證、標示、保守宣稱與人工審核流程
Slide 4：所有廣告文案仍須依主管機關與專業人員審核。
Slide 5：依標示使用，先收藏","合法宣傳比誇大更長久，適合用保守一點的方式理解。

外用保養的重點是依標示使用，搭配局部按摩與日常休息；如果症狀持續、惡化或影響活動，請諮詢醫師或藥師。

本產品為外用油膏，請依核准標示使用；若症狀持續或惡化，請諮詢醫師或藥師。",#藥證可查 #品牌透明 #合法宣傳 #成分透明,Slide 1：合法宣傳比誇大更長久｜Slide 2：重視藥證、成分、品質與合法性的消費者常見情境｜Slide 3：強調藥證、標示、保守宣稱與人工審核流程｜Slide 4：所有廣告文案仍須依主管機關與專業人員審核。｜Slide 5：依標示使用，先收藏,本產品為外用油膏，請依核准標示使用；若症狀持續或惡化，請諮詢醫師或藥師。,所有廣告文案仍須依主管機關與專業人員審核。,根治|治療疾病|消炎治本|打通經絡|一擦就好|保證有效|深層修復|替代藥物
Instagram_LINE084,LINE084,Instagram,2026-07-15,20:00,你習慣運動前還是運動後保養,G,低,pending_legal_pharmacist_review,false,你習慣運動前還是運動後保養,"Slide 1：你習慣運動前還是運動後保養
Slide 2：LINE OA 好友、回購客與新客常見情境
Slide 3：用問答降低誤用，讓使用者知道何時該詢問專業人員
Slide 4：互動回答不取代醫師或藥師建議。
Slide 5：依標示使用，先收藏","你習慣運動前還是運動後保養，適合用保守一點的方式理解。

外用保養的重點是依標示使用，搭配局部按摩與日常休息；如果症狀持續、惡化或影響活動，請諮詢醫師或藥師。

本內容為一般生活保健資訊，非醫療診斷或治療建議。",#互動問答 #保養知識 #使用小提醒 #金牌一條根,Slide 1：你習慣運動前還是運動後保養｜Slide 2：LINE OA 好友、回購客與新客常見情境｜Slide 3：用問答降低誤用，讓使用者知道何時該詢問專業人員｜Slide 4：互動回答不取代醫師或藥師建議。｜Slide 5：依標示使用，先收藏,本內容為一般生活保健資訊，非醫療診斷或治療建議。,互動回答不取代醫師或藥師建議。,根治|治療疾病|消炎治本|打通經絡|一擦就好|保證有效|深層修復|替代藥物
Instagram_LINE085,LINE085,Instagram,2026-07-16,12:00,搬重物後腰背保養,C,中,pending_legal_pharmacist_review,false,搬重物後腰背保養,"Slide 1：搬重物後腰背保養
Slide 2：運動族、搬重物、久站與勞動工作者常見情境
Slide 3：運動或勞動後的局部肌肉痠痛，可短期按摩舒緩
Slide 4：明顯腫脹、劇痛、活動受限或疑似受傷時，請先就醫。
Slide 5：依標示使用，先收藏","搬重物後腰背保養，適合用保守一點的方式理解。

外用保養的重點是依標示使用，搭配局部按摩與日常休息；如果症狀持續、惡化或影響活動，請諮詢醫師或藥師。

本產品為外用油膏，請依核准標示使用；若症狀持續或惡化，請諮詢醫師或藥師。",#運動後保養 #局部按摩 #肌肉痠痛 #依標示使用,Slide 1：搬重物後腰背保養｜Slide 2：運動族、搬重物、久站與勞動工作者常見情境｜Slide 3：運動或勞動後的局部肌肉痠痛，可短期按摩舒緩｜Slide 4：明顯腫脹、劇痛、活動受限或疑似受傷時，請先就醫。｜Slide 5：依標示使用，先收藏,本產品為外用油膏，請依核准標示使用；若症狀持續或惡化，請諮詢醫師或藥師。,明顯腫脹、劇痛、活動受限或疑似受傷時，請先就醫。,根治|治療疾病|消炎治本|打通經絡|一擦就好|保證有效|深層修復|替代藥物
Instagram_LINE086,LINE086,Instagram,2026-07-16,20:00,樟腦外用時的注意界線,A,中,pending_legal_pharmacist_review,false,樟腦外用時的注意界線,"Slide 1：樟腦外用時的注意界線
Slide 2：已購買或正在觀望的一條根使用者常見情境
Slide 3：依標示外用，提供局部按摩與暫時舒緩體感
Slide 4：僅供外用；避免眼周、黏膜、破皮或傷口。
Slide 5：依標示使用，先收藏","樟腦外用時的注意界線，適合用保守一點的方式理解。

外用保養的重點是依標示使用，搭配局部按摩與日常休息；如果症狀持續、惡化或影響活動，請諮詢醫師或藥師。

本產品為外用油膏，請依核准標示使用；若症狀持續或惡化，請諮詢醫師或藥師。",#金牌一條根 #外用油膏 #成分透明 #依標示使用,Slide 1：樟腦外用時的注意界線｜Slide 2：已購買或正在觀望的一條根使用者常見情境｜Slide 3：依標示外用，提供局部按摩與暫時舒緩體感｜Slide 4：僅供外用；避免眼周、黏膜、破皮或傷口。｜Slide 5：依標示使用，先收藏,本產品為外用油膏，請依核准標示使用；若症狀持續或惡化，請諮詢醫師或藥師。,僅供外用；避免眼周、黏膜、破皮或傷口。,根治|治療疾病|消炎治本|打通經絡|一擦就好|保證有效|深層修復|替代藥物
Instagram_LINE087,LINE087,Instagram,2026-07-17,12:00,輕微關節痠痛與疾病治療要分開,D,中,pending_legal_pharmacist_review,false,輕微關節痠痛與疾病治療要分開,"Slide 1：輕微關節痠痛與疾病治療要分開
Slide 2：40-70 歲注重日常活動舒適度的族群常見情境
Slide 3：輕微關節痠痛可短期舒緩，但不可宣稱治療疾病
Slide 4：關節腫痛、紅熱、長期疼痛或行走困難，請就醫評估。
Slide 5：依標示使用，先收藏","輕微關節痠痛與疾病治療要分開，適合用保守一點的方式理解。

外用保養的重點是依標示使用，搭配局部按摩與日常休息；如果症狀持續、惡化或影響活動，請諮詢醫師或藥師。

本產品為外用油膏，請依核准標示使用；若症狀持續或惡化，請諮詢醫師或藥師。",#銀髮保養 #活動舒適 #輕微痠痛 #依標示使用,Slide 1：輕微關節痠痛與疾病治療要分開｜Slide 2：40-70 歲注重日常活動舒適度的族群常見情境｜Slide 3：輕微關節痠痛可短期舒緩，但不可宣稱治療疾病｜Slide 4：關節腫痛、紅熱、長期疼痛或行走困難，請就醫評估。｜Slide 5：依標示使用，先收藏,本產品為外用油膏，請依核准標示使用；若症狀持續或惡化，請諮詢醫師或藥師。,關節腫痛、紅熱、長期疼痛或行走困難，請就醫評估。,根治|治療疾病|消炎治本|打通經絡|一擦就好|保證有效|深層修復|替代藥物
Instagram_LINE088,LINE088,Instagram,2026-07-17,20:00,不要搭配熱敷墊或電毯,E,高,pending_legal_pharmacist_review,false,不要搭配熱敷墊或電毯,"Slide 1：不要搭配熱敷墊或電毯
Slide 2：所有使用者、照護者與家庭購買者常見情境
Slide 3：安全使用比用得多更重要，依標示與風險族群提醒
Slide 4：2 歲以下、孕哺、過敏體質、抗凝血藥使用者請先詢問專業人員。
Slide 5：依標示使用，先收藏","不要搭配熱敷墊或電毯，適合用保守一點的方式理解。

外用保養的重點是依標示使用，搭配局部按摩與日常休息；如果症狀持續、惡化或影響活動，請諮詢醫師或藥師。

僅供外用。避免接觸眼睛、黏膜、破皮或傷口；特殊族群使用前請先諮詢專業人員。",#外用安全 #用藥安全 #使用前看標示 #諮詢醫師藥師,Slide 1：不要搭配熱敷墊或電毯｜Slide 2：所有使用者、照護者與家庭購買者常見情境｜Slide 3：安全使用比用得多更重要，依標示與風險族群提醒｜Slide 4：2 歲以下、孕哺、過敏體質、抗凝血藥使用者請先詢問專業人員。｜Slide 5：依標示使用，先收藏,僅供外用。避免接觸眼睛、黏膜、破皮或傷口；特殊族群使用前請先諮詢專業人員。,2 歲以下、孕哺、過敏體質、抗凝血藥使用者請先詢問專業人員。,根治|治療疾病|消炎治本|打通經絡|一擦就好|保證有效|深層修復|替代藥物
Instagram_LINE089,LINE089,Instagram,2026-07-18,12:00,小暑前後活動舒適提醒,F,低,pending_legal_pharmacist_review,false,小暑前後活動舒適提醒,"Slide 1：小暑前後活動舒適提醒
Slide 2：喜歡養生、節氣與日常保健的 LINE 讀者常見情境
Slide 3：以生活保健與身體覺察為主，不做醫療療效宣稱
Slide 4：節氣養生屬一般生活資訊，身體不適仍應諮詢專業人員。
Slide 5：依標示使用，先收藏","小暑前後活動舒適提醒，適合用保守一點的方式理解。

外用保養的重點是依標示使用，搭配局部按摩與日常休息；如果症狀持續、惡化或影響活動，請諮詢醫師或藥師。

本內容為一般生活保健資訊，非醫療診斷或治療建議。",#節氣保養 #生活保健 #日常保養 #身體覺察,Slide 1：小暑前後活動舒適提醒｜Slide 2：喜歡養生、節氣與日常保健的 LINE 讀者常見情境｜Slide 3：以生活保健與身體覺察為主，不做醫療療效宣稱｜Slide 4：節氣養生屬一般生活資訊，身體不適仍應諮詢專業人員。｜Slide 5：依標示使用，先收藏,本內容為一般生活保健資訊，非醫療診斷或治療建議。,節氣養生屬一般生活資訊，身體不適仍應諮詢專業人員。,根治|治療疾病|消炎治本|打通經絡|一擦就好|保證有效|深層修復|替代藥物
Instagram_LINE090,LINE090,Instagram,2026-07-18,20:00,爬山後腿部按摩提醒,C,中,pending_legal_pharmacist_review,false,爬山後腿部按摩提醒,"Slide 1：爬山後腿部按摩提醒
Slide 2：運動族、搬重物、久站與勞動工作者常見情境
Slide 3：運動或勞動後的局部肌肉痠痛，可短期按摩舒緩
Slide 4：明顯腫脹、劇痛、活動受限或疑似受傷時，請先就醫。
Slide 5：依標示使用，先收藏","爬山後腿部按摩提醒，適合用保守一點的方式理解。

外用保養的重點是依標示使用，搭配局部按摩與日常休息；如果症狀持續、惡化或影響活動，請諮詢醫師或藥師。

本產品為外用油膏，請依核准標示使用；若症狀持續或惡化，請諮詢醫師或藥師。",#運動後保養 #局部按摩 #肌肉痠痛 #依標示使用,Slide 1：爬山後腿部按摩提醒｜Slide 2：運動族、搬重物、久站與勞動工作者常見情境｜Slide 3：運動或勞動後的局部肌肉痠痛，可短期按摩舒緩｜Slide 4：明顯腫脹、劇痛、活動受限或疑似受傷時，請先就醫。｜Slide 5：依標示使用，先收藏,本產品為外用油膏，請依核准標示使用；若症狀持續或惡化，請諮詢醫師或藥師。,明顯腫脹、劇痛、活動受限或疑似受傷時，請先就醫。,根治|治療疾病|消炎治本|打通經絡|一擦就好|保證有效|深層修復|替代藥物
Instagram_LINE091,LINE091,Instagram,2026-07-19,12:00,外用膏一次擦多少才剛好,G,低,pending_legal_pharmacist_review,false,外用膏一次擦多少才剛好,"Slide 1：外用膏一次擦多少才剛好
Slide 2：LINE OA 好友、回購客與新客常見情境
Slide 3：用問答降低誤用，讓使用者知道何時該詢問專業人員
Slide 4：互動回答不取代醫師或藥師建議。
Slide 5：依標示使用，先收藏","外用膏一次擦多少才剛好，適合用保守一點的方式理解。

外用保養的重點是依標示使用，搭配局部按摩與日常休息；如果症狀持續、惡化或影響活動，請諮詢醫師或藥師。

本內容為一般生活保健資訊，非醫療診斷或治療建議。",#互動問答 #保養知識 #使用小提醒 #金牌一條根,Slide 1：外用膏一次擦多少才剛好｜Slide 2：LINE OA 好友、回購客與新客常見情境｜Slide 3：用問答降低誤用，讓使用者知道何時該詢問專業人員｜Slide 4：互動回答不取代醫師或藥師建議。｜Slide 5：依標示使用，先收藏,本內容為一般生活保健資訊，非醫療診斷或治療建議。,互動回答不取代醫師或藥師建議。,根治|治療疾病|消炎治本|打通經絡|一擦就好|保證有效|深層修復|替代藥物
Instagram_LINE092,LINE092,Instagram,2026-07-19,20:00,散步後的膝周保養,D,中,pending_legal_pharmacist_review,false,散步後的膝周保養,"Slide 1：散步後的膝周保養
Slide 2：40-70 歲注重日常活動舒適度的族群常見情境
Slide 3：輕微關節痠痛可短期舒緩，但不可宣稱治療疾病
Slide 4：關節腫痛、紅熱、長期疼痛或行走困難，請就醫評估。
Slide 5：依標示使用，先收藏","散步後的膝周保養，適合用保守一點的方式理解。

外用保養的重點是依標示使用，搭配局部按摩與日常休息；如果症狀持續、惡化或影響活動，請諮詢醫師或藥師。

本產品為外用油膏，請依核准標示使用；若症狀持續或惡化，請諮詢醫師或藥師。",#銀髮保養 #活動舒適 #輕微痠痛 #依標示使用,Slide 1：散步後的膝周保養｜Slide 2：40-70 歲注重日常活動舒適度的族群常見情境｜Slide 3：輕微關節痠痛可短期舒緩，但不可宣稱治療疾病｜Slide 4：關節腫痛、紅熱、長期疼痛或行走困難，請就醫評估。｜Slide 5：依標示使用，先收藏,本產品為外用油膏，請依核准標示使用；若症狀持續或惡化，請諮詢醫師或藥師。,關節腫痛、紅熱、長期疼痛或行走困難，請就醫評估。,根治|治療疾病|消炎治本|打通經絡|一擦就好|保證有效|深層修復|替代藥物
Instagram_LINE093,LINE093,Instagram,2026-07-20,12:00,肩頸按摩不要只靠用力,B,低,pending_legal_pharmacist_review,false,肩頸按摩不要只靠用力,"Slide 1：肩頸按摩不要只靠用力
Slide 2：長時間低頭、久坐、用電腦的上班族常見情境
Slide 3：久坐低頭後，可搭配伸展與局部按摩舒緩緊繃不適
Slide 4：若痠痛持續、麻木或影響活動，請諮詢醫師或藥師。
Slide 5：依標示使用，先收藏","肩頸按摩不要只靠用力，適合用保守一點的方式理解。

外用保養的重點是依標示使用，搭配局部按摩與日常休息；如果症狀持續、惡化或影響活動，請諮詢醫師或藥師。

本內容為一般生活保健資訊，非醫療診斷或治療建議。",#肩頸保養 #久坐族 #日常舒緩 #依標示使用,Slide 1：肩頸按摩不要只靠用力｜Slide 2：長時間低頭、久坐、用電腦的上班族常見情境｜Slide 3：久坐低頭後，可搭配伸展與局部按摩舒緩緊繃不適｜Slide 4：若痠痛持續、麻木或影響活動，請諮詢醫師或藥師。｜Slide 5：依標示使用，先收藏,本內容為一般生活保健資訊，非醫療診斷或治療建議。,若痠痛持續、麻木或影響活動，請諮詢醫師或藥師。,根治|治療疾病|消炎治本|打通經絡|一擦就好|保證有效|深層修復|替代藥物
Instagram_LINE094,LINE094,Instagram,2026-07-20,20:00,油膏劑為什麼適合局部按摩,A,中,pending_legal_pharmacist_review,false,油膏劑為什麼適合局部按摩,"Slide 1：油膏劑為什麼適合局部按摩
Slide 2：已購買或正在觀望的一條根使用者常見情境
Slide 3：依標示外用，提供局部按摩與暫時舒緩體感
Slide 4：僅供外用；避免眼周、黏膜、破皮或傷口。
Slide 5：依標示使用，先收藏","油膏劑為什麼適合局部按摩，適合用保守一點的方式理解。

外用保養的重點是依標示使用，搭配局部按摩與日常休息；如果症狀持續、惡化或影響活動，請諮詢醫師或藥師。

本產品為外用油膏，請依核准標示使用；若症狀持續或惡化，請諮詢醫師或藥師。",#金牌一條根 #外用油膏 #成分透明 #依標示使用,Slide 1：油膏劑為什麼適合局部按摩｜Slide 2：已購買或正在觀望的一條根使用者常見情境｜Slide 3：依標示外用，提供局部按摩與暫時舒緩體感｜Slide 4：僅供外用；避免眼周、黏膜、破皮或傷口。｜Slide 5：依標示使用，先收藏,本產品為外用油膏，請依核准標示使用；若症狀持續或惡化，請諮詢醫師或藥師。,僅供外用；避免眼周、黏膜、破皮或傷口。,根治|治療疾病|消炎治本|打通經絡|一擦就好|保證有效|深層修復|替代藥物
Instagram_LINE095,LINE095,Instagram,2026-07-21,12:00,大暑午後少久站硬撐,F,低,pending_legal_pharmacist_review,false,大暑午後少久站硬撐,"Slide 1：大暑午後少久站硬撐
Slide 2：喜歡養生、節氣與日常保健的 LINE 讀者常見情境
Slide 3：以生活保健與身體覺察為主，不做醫療療效宣稱
Slide 4：節氣養生屬一般生活資訊，身體不適仍應諮詢專業人員。
Slide 5：依標示使用，先收藏","大暑午後少久站硬撐，適合用保守一點的方式理解。

外用保養的重點是依標示使用，搭配局部按摩與日常休息；如果症狀持續、惡化或影響活動，請諮詢醫師或藥師。

本內容為一般生活保健資訊，非醫療診斷或治療建議。",#節氣保養 #生活保健 #日常保養 #身體覺察,Slide 1：大暑午後少久站硬撐｜Slide 2：喜歡養生、節氣與日常保健的 LINE 讀者常見情境｜Slide 3：以生活保健與身體覺察為主，不做醫療療效宣稱｜Slide 4：節氣養生屬一般生活資訊，身體不適仍應諮詢專業人員。｜Slide 5：依標示使用，先收藏,本內容為一般生活保健資訊，非醫療診斷或治療建議。,節氣養生屬一般生活資訊，身體不適仍應諮詢專業人員。,根治|治療疾病|消炎治本|打通經絡|一擦就好|保證有效|深層修復|替代藥物
Instagram_LINE096,LINE096,Instagram,2026-07-21,20:00,不要密封包紮或大面積厚敷,E,高,pending_legal_pharmacist_review,false,不要密封包紮或大面積厚敷,"Slide 1：不要密封包紮或大面積厚敷
Slide 2：所有使用者、照護者與家庭購買者常見情境
Slide 3：安全使用比用得多更重要，依標示與風險族群提醒
Slide 4：2 歲以下、孕哺、過敏體質、抗凝血藥使用者請先詢問專業人員。
Slide 5：依標示使用，先收藏","不要密封包紮或大面積厚敷，適合用保守一點的方式理解。

外用保養的重點是依標示使用，搭配局部按摩與日常休息；如果症狀持續、惡化或影響活動，請諮詢醫師或藥師。

僅供外用。避免接觸眼睛、黏膜、破皮或傷口；特殊族群使用前請先諮詢專業人員。",#外用安全 #用藥安全 #使用前看標示 #諮詢醫師藥師,Slide 1：不要密封包紮或大面積厚敷｜Slide 2：所有使用者、照護者與家庭購買者常見情境｜Slide 3：安全使用比用得多更重要，依標示與風險族群提醒｜Slide 4：2 歲以下、孕哺、過敏體質、抗凝血藥使用者請先詢問專業人員。｜Slide 5：依標示使用，先收藏,僅供外用。避免接觸眼睛、黏膜、破皮或傷口；特殊族群使用前請先諮詢專業人員。,2 歲以下、孕哺、過敏體質、抗凝血藥使用者請先詢問專業人員。,根治|治療疾病|消炎治本|打通經絡|一擦就好|保證有效|深層修復|替代藥物
Instagram_LINE097,LINE097,Instagram,2026-07-22,12:00,什麼是乙類成藥,H,中,pending_legal_pharmacist_review,false,什麼是乙類成藥,"Slide 1：什麼是乙類成藥
Slide 2：重視藥證、成分、品質與合法性的消費者常見情境
Slide 3：強調藥證、標示、保守宣稱與人工審核流程
Slide 4：所有廣告文案仍須依主管機關與專業人員審核。
Slide 5：依標示使用，先收藏","什麼是乙類成藥，適合用保守一點的方式理解。

外用保養的重點是依標示使用，搭配局部按摩與日常休息；如果症狀持續、惡化或影響活動，請諮詢醫師或藥師。

本產品為外用油膏，請依核准標示使用；若症狀持續或惡化，請諮詢醫師或藥師。",#藥證可查 #品牌透明 #合法宣傳 #成分透明,Slide 1：什麼是乙類成藥｜Slide 2：重視藥證、成分、品質與合法性的消費者常見情境｜Slide 3：強調藥證、標示、保守宣稱與人工審核流程｜Slide 4：所有廣告文案仍須依主管機關與專業人員審核。｜Slide 5：依標示使用，先收藏,本產品為外用油膏，請依核准標示使用；若症狀持續或惡化，請諮詢醫師或藥師。,所有廣告文案仍須依主管機關與專業人員審核。,根治|治療疾病|消炎治本|打通經絡|一擦就好|保證有效|深層修復|替代藥物
Instagram_LINE098,LINE098,Instagram,2026-07-22,20:00,涼感越強越有效嗎,G,低,pending_legal_pharmacist_review,false,涼感越強越有效嗎,"Slide 1：涼感越強越有效嗎
Slide 2：LINE OA 好友、回購客與新客常見情境
Slide 3：用問答降低誤用，讓使用者知道何時該詢問專業人員
Slide 4：互動回答不取代醫師或藥師建議。
Slide 5：依標示使用，先收藏","涼感越強越有效嗎，適合用保守一點的方式理解。

外用保養的重點是依標示使用，搭配局部按摩與日常休息；如果症狀持續、惡化或影響活動，請諮詢醫師或藥師。

本內容為一般生活保健資訊，非醫療診斷或治療建議。",#互動問答 #保養知識 #使用小提醒 #金牌一條根,Slide 1：涼感越強越有效嗎｜Slide 2：LINE OA 好友、回購客與新客常見情境｜Slide 3：用問答降低誤用，讓使用者知道何時該詢問專業人員｜Slide 4：互動回答不取代醫師或藥師建議。｜Slide 5：依標示使用，先收藏,本內容為一般生活保健資訊，非醫療診斷或治療建議。,互動回答不取代醫師或藥師建議。,根治|治療疾病|消炎治本|打通經絡|一擦就好|保證有效|深層修復|替代藥物
Instagram_LINE099,LINE099,Instagram,2026-07-23,12:00,重訓後肩背局部舒緩,C,中,pending_legal_pharmacist_review,false,重訓後肩背局部舒緩,"Slide 1：重訓後肩背局部舒緩
Slide 2：運動族、搬重物、久站與勞動工作者常見情境
Slide 3：運動或勞動後的局部肌肉痠痛，可短期按摩舒緩
Slide 4：明顯腫脹、劇痛、活動受限或疑似受傷時，請先就醫。
Slide 5：依標示使用，先收藏","重訓後肩背局部舒緩，適合用保守一點的方式理解。

外用保養的重點是依標示使用，搭配局部按摩與日常休息；如果症狀持續、惡化或影響活動，請諮詢醫師或藥師。

本產品為外用油膏，請依核准標示使用；若症狀持續或惡化，請諮詢醫師或藥師。",#運動後保養 #局部按摩 #肌肉痠痛 #依標示使用,Slide 1：重訓後肩背局部舒緩｜Slide 2：運動族、搬重物、久站與勞動工作者常見情境｜Slide 3：運動或勞動後的局部肌肉痠痛，可短期按摩舒緩｜Slide 4：明顯腫脹、劇痛、活動受限或疑似受傷時，請先就醫。｜Slide 5：依標示使用，先收藏,本產品為外用油膏，請依核准標示使用；若症狀持續或惡化，請諮詢醫師或藥師。,明顯腫脹、劇痛、活動受限或疑似受傷時，請先就醫。,根治|治療疾病|消炎治本|打通經絡|一擦就好|保證有效|深層修復|替代藥物
Instagram_LINE100,LINE100,Instagram,2026-07-23,20:00,乙類成藥與一般保健品差異,A,中,pending_legal_pharmacist_review,false,乙類成藥與一般保健品差異,"Slide 1：乙類成藥與一般保健品差異
Slide 2：已購買或正在觀望的一條根使用者常見情境
Slide 3：依標示外用，提供局部按摩與暫時舒緩體感
Slide 4：僅供外用；避免眼周、黏膜、破皮或傷口。
Slide 5：依標示使用，先收藏","乙類成藥與一般保健品差異，適合用保守一點的方式理解。

外用保養的重點是依標示使用，搭配局部按摩與日常休息；如果症狀持續、惡化或影響活動，請諮詢醫師或藥師。

本產品為外用油膏，請依核准標示使用；若症狀持續或惡化，請諮詢醫師或藥師。",#金牌一條根 #外用油膏 #成分透明 #依標示使用,Slide 1：乙類成藥與一般保健品差異｜Slide 2：已購買或正在觀望的一條根使用者常見情境｜Slide 3：依標示外用，提供局部按摩與暫時舒緩體感｜Slide 4：僅供外用；避免眼周、黏膜、破皮或傷口。｜Slide 5：依標示使用，先收藏,本產品為外用油膏，請依核准標示使用；若症狀持續或惡化，請諮詢醫師或藥師。,僅供外用；避免眼周、黏膜、破皮或傷口。,根治|治療疾病|消炎治本|打通經絡|一擦就好|保證有效|深層修復|替代藥物
Instagram_LINE101,LINE101,Instagram,2026-07-24,12:00,天氣變化時的活動舒適感,D,中,pending_legal_pharmacist_review,false,天氣變化時的活動舒適感,"Slide 1：天氣變化時的活動舒適感
Slide 2：40-70 歲注重日常活動舒適度的族群常見情境
Slide 3：輕微關節痠痛可短期舒緩，但不可宣稱治療疾病
Slide 4：關節腫痛、紅熱、長期疼痛或行走困難，請就醫評估。
Slide 5：依標示使用，先收藏","天氣變化時的活動舒適感，適合用保守一點的方式理解。

外用保養的重點是依標示使用，搭配局部按摩與日常休息；如果症狀持續、惡化或影響活動，請諮詢醫師或藥師。

本產品為外用油膏，請依核准標示使用；若症狀持續或惡化，請諮詢醫師或藥師。",#銀髮保養 #活動舒適 #輕微痠痛 #依標示使用,Slide 1：天氣變化時的活動舒適感｜Slide 2：40-70 歲注重日常活動舒適度的族群常見情境｜Slide 3：輕微關節痠痛可短期舒緩，但不可宣稱治療疾病｜Slide 4：關節腫痛、紅熱、長期疼痛或行走困難，請就醫評估。｜Slide 5：依標示使用，先收藏,本產品為外用油膏，請依核准標示使用；若症狀持續或惡化，請諮詢醫師或藥師。,關節腫痛、紅熱、長期疼痛或行走困難，請就醫評估。,根治|治療疾病|消炎治本|打通經絡|一擦就好|保證有效|深層修復|替代藥物
Instagram_LINE102,LINE102,Instagram,2026-07-24,20:00,水楊酸或阿斯匹靈過敏者注意,E,高,pending_legal_pharmacist_review,false,水楊酸或阿斯匹靈過敏者注意,"Slide 1：水楊酸或阿斯匹靈過敏者注意
Slide 2：所有使用者、照護者與家庭購買者常見情境
Slide 3：安全使用比用得多更重要，依標示與風險族群提醒
Slide 4：2 歲以下、孕哺、過敏體質、抗凝血藥使用者請先詢問專業人員。
Slide 5：依標示使用，先收藏","水楊酸或阿斯匹靈過敏者注意，適合用保守一點的方式理解。

外用保養的重點是依標示使用，搭配局部按摩與日常休息；如果症狀持續、惡化或影響活動，請諮詢醫師或藥師。

僅供外用。避免接觸眼睛、黏膜、破皮或傷口；特殊族群使用前請先諮詢專業人員。",#外用安全 #用藥安全 #使用前看標示 #諮詢醫師藥師,Slide 1：水楊酸或阿斯匹靈過敏者注意｜Slide 2：所有使用者、照護者與家庭購買者常見情境｜Slide 3：安全使用比用得多更重要，依標示與風險族群提醒｜Slide 4：2 歲以下、孕哺、過敏體質、抗凝血藥使用者請先詢問專業人員。｜Slide 5：依標示使用，先收藏,僅供外用。避免接觸眼睛、黏膜、破皮或傷口；特殊族群使用前請先諮詢專業人員。,2 歲以下、孕哺、過敏體質、抗凝血藥使用者請先詢問專業人員。,根治|治療疾病|消炎治本|打通經絡|一擦就好|保證有效|深層修復|替代藥物
Instagram_LINE103,LINE103,Instagram,2026-07-25,12:00,立秋後早晚溫差保養,F,低,pending_legal_pharmacist_review,false,立秋後早晚溫差保養,"Slide 1：立秋後早晚溫差保養
Slide 2：喜歡養生、節氣與日常保健的 LINE 讀者常見情境
Slide 3：以生活保健與身體覺察為主，不做醫療療效宣稱
Slide 4：節氣養生屬一般生活資訊，身體不適仍應諮詢專業人員。
Slide 5：依標示使用，先收藏","立秋後早晚溫差保養，適合用保守一點的方式理解。

外用保養的重點是依標示使用，搭配局部按摩與日常休息；如果症狀持續、惡化或影響活動，請諮詢醫師或藥師。

本內容為一般生活保健資訊，非醫療診斷或治療建議。",#節氣保養 #生活保健 #日常保養 #身體覺察,Slide 1：立秋後早晚溫差保養｜Slide 2：喜歡養生、節氣與日常保健的 LINE 讀者常見情境｜Slide 3：以生活保健與身體覺察為主，不做醫療療效宣稱｜Slide 4：節氣養生屬一般生活資訊，身體不適仍應諮詢專業人員。｜Slide 5：依標示使用，先收藏,本內容為一般生活保健資訊，非醫療診斷或治療建議。,節氣養生屬一般生活資訊，身體不適仍應諮詢專業人員。,根治|治療疾病|消炎治本|打通經絡|一擦就好|保證有效|深層修復|替代藥物
Instagram_LINE104,LINE104,Instagram,2026-07-25,20:00,家事後手臂不適保養,C,中,pending_legal_pharmacist_review,false,家事後手臂不適保養,"Slide 1：家事後手臂不適保養
Slide 2：運動族、搬重物、久站與勞動工作者常見情境
Slide 3：運動或勞動後的局部肌肉痠痛，可短期按摩舒緩
Slide 4：明顯腫脹、劇痛、活動受限或疑似受傷時，請先就醫。
Slide 5：依標示使用，先收藏","家事後手臂不適保養，適合用保守一點的方式理解。

外用保養的重點是依標示使用，搭配局部按摩與日常休息；如果症狀持續、惡化或影響活動，請諮詢醫師或藥師。

本產品為外用油膏，請依核准標示使用；若症狀持續或惡化，請諮詢醫師或藥師。",#運動後保養 #局部按摩 #肌肉痠痛 #依標示使用,Slide 1：家事後手臂不適保養｜Slide 2：運動族、搬重物、久站與勞動工作者常見情境｜Slide 3：運動或勞動後的局部肌肉痠痛，可短期按摩舒緩｜Slide 4：明顯腫脹、劇痛、活動受限或疑似受傷時，請先就醫。｜Slide 5：依標示使用，先收藏,本產品為外用油膏，請依核准標示使用；若症狀持續或惡化，請諮詢醫師或藥師。,明顯腫脹、劇痛、活動受限或疑似受傷時，請先就醫。,根治|治療疾病|消炎治本|打通經絡|一擦就好|保證有效|深層修復|替代藥物
Instagram_LINE105,LINE105,Instagram,2026-07-26,12:00,你有看過外用產品標示嗎,G,低,pending_legal_pharmacist_review,false,你有看過外用產品標示嗎,"Slide 1：你有看過外用產品標示嗎
Slide 2：LINE OA 好友、回購客與新客常見情境
Slide 3：用問答降低誤用，讓使用者知道何時該詢問專業人員
Slide 4：互動回答不取代醫師或藥師建議。
Slide 5：依標示使用，先收藏","你有看過外用產品標示嗎，適合用保守一點的方式理解。

外用保養的重點是依標示使用，搭配局部按摩與日常休息；如果症狀持續、惡化或影響活動，請諮詢醫師或藥師。

本內容為一般生活保健資訊，非醫療診斷或治療建議。",#互動問答 #保養知識 #使用小提醒 #金牌一條根,Slide 1：你有看過外用產品標示嗎｜Slide 2：LINE OA 好友、回購客與新客常見情境｜Slide 3：用問答降低誤用，讓使用者知道何時該詢問專業人員｜Slide 4：互動回答不取代醫師或藥師建議。｜Slide 5：依標示使用，先收藏,本內容為一般生活保健資訊，非醫療診斷或治療建議。,互動回答不取代醫師或藥師建議。,根治|治療疾病|消炎治本|打通經絡|一擦就好|保證有效|深層修復|替代藥物
Instagram_LINE106,LINE106,Instagram,2026-07-26,20:00,長輩按摩力道不要過重,D,中,pending_legal_pharmacist_review,false,長輩按摩力道不要過重,"Slide 1：長輩按摩力道不要過重
Slide 2：40-70 歲注重日常活動舒適度的族群常見情境
Slide 3：輕微關節痠痛可短期舒緩，但不可宣稱治療疾病
Slide 4：關節腫痛、紅熱、長期疼痛或行走困難，請就醫評估。
Slide 5：依標示使用，先收藏","長輩按摩力道不要過重，適合用保守一點的方式理解。

外用保養的重點是依標示使用，搭配局部按摩與日常休息；如果症狀持續、惡化或影響活動，請諮詢醫師或藥師。

本產品為外用油膏，請依核准標示使用；若症狀持續或惡化，請諮詢醫師或藥師。",#銀髮保養 #活動舒適 #輕微痠痛 #依標示使用,Slide 1：長輩按摩力道不要過重｜Slide 2：40-70 歲注重日常活動舒適度的族群常見情境｜Slide 3：輕微關節痠痛可短期舒緩，但不可宣稱治療疾病｜Slide 4：關節腫痛、紅熱、長期疼痛或行走困難，請就醫評估。｜Slide 5：依標示使用，先收藏,本產品為外用油膏，請依核准標示使用；若症狀持續或惡化，請諮詢醫師或藥師。,關節腫痛、紅熱、長期疼痛或行走困難，請就醫評估。,根治|治療疾病|消炎治本|打通經絡|一擦就好|保證有效|深層修復|替代藥物
Instagram_LINE107,LINE107,Instagram,2026-07-27,12:00,久坐族晚間舒緩儀式,B,低,pending_legal_pharmacist_review,false,久坐族晚間舒緩儀式,"Slide 1：久坐族晚間舒緩儀式
Slide 2：長時間低頭、久坐、用電腦的上班族常見情境
Slide 3：久坐低頭後，可搭配伸展與局部按摩舒緩緊繃不適
Slide 4：若痠痛持續、麻木或影響活動，請諮詢醫師或藥師。
Slide 5：依標示使用，先收藏","久坐族晚間舒緩儀式，適合用保守一點的方式理解。

外用保養的重點是依標示使用，搭配局部按摩與日常休息；如果症狀持續、惡化或影響活動，請諮詢醫師或藥師。

本內容為一般生活保健資訊，非醫療診斷或治療建議。",#肩頸保養 #久坐族 #日常舒緩 #依標示使用,Slide 1：久坐族晚間舒緩儀式｜Slide 2：長時間低頭、久坐、用電腦的上班族常見情境｜Slide 3：久坐低頭後，可搭配伸展與局部按摩舒緩緊繃不適｜Slide 4：若痠痛持續、麻木或影響活動，請諮詢醫師或藥師。｜Slide 5：依標示使用，先收藏,本內容為一般生活保健資訊，非醫療診斷或治療建議。,若痠痛持續、麻木或影響活動，請諮詢醫師或藥師。,根治|治療疾病|消炎治本|打通經絡|一擦就好|保證有效|深層修復|替代藥物
Instagram_LINE108,LINE108,Instagram,2026-07-27,20:00,一條根外用膏的日常定位,A,中,pending_legal_pharmacist_review,false,一條根外用膏的日常定位,"Slide 1：一條根外用膏的日常定位
Slide 2：已購買或正在觀望的一條根使用者常見情境
Slide 3：依標示外用，提供局部按摩與暫時舒緩體感
Slide 4：僅供外用；避免眼周、黏膜、破皮或傷口。
Slide 5：依標示使用，先收藏","一條根外用膏的日常定位，適合用保守一點的方式理解。

外用保養的重點是依標示使用，搭配局部按摩與日常休息；如果症狀持續、惡化或影響活動，請諮詢醫師或藥師。

本產品為外用油膏，請依核准標示使用；若症狀持續或惡化，請諮詢醫師或藥師。",#金牌一條根 #外用油膏 #成分透明 #依標示使用,Slide 1：一條根外用膏的日常定位｜Slide 2：已購買或正在觀望的一條根使用者常見情境｜Slide 3：依標示外用，提供局部按摩與暫時舒緩體感｜Slide 4：僅供外用；避免眼周、黏膜、破皮或傷口。｜Slide 5：依標示使用，先收藏,本產品為外用油膏，請依核准標示使用；若症狀持續或惡化，請諮詢醫師或藥師。,僅供外用；避免眼周、黏膜、破皮或傷口。,根治|治療疾病|消炎治本|打通經絡|一擦就好|保證有效|深層修復|替代藥物
Instagram_LINE109,LINE109,Instagram,2026-07-28,12:00,處暑後運動暖身提醒,F,低,pending_legal_pharmacist_review,false,處暑後運動暖身提醒,"Slide 1：處暑後運動暖身提醒
Slide 2：喜歡養生、節氣與日常保健的 LINE 讀者常見情境
Slide 3：以生活保健與身體覺察為主，不做醫療療效宣稱
Slide 4：節氣養生屬一般生活資訊，身體不適仍應諮詢專業人員。
Slide 5：依標示使用，先收藏","處暑後運動暖身提醒，適合用保守一點的方式理解。

外用保養的重點是依標示使用，搭配局部按摩與日常休息；如果症狀持續、惡化或影響活動，請諮詢醫師或藥師。

本內容為一般生活保健資訊，非醫療診斷或治療建議。",#節氣保養 #生活保健 #日常保養 #身體覺察,Slide 1：處暑後運動暖身提醒｜Slide 2：喜歡養生、節氣與日常保健的 LINE 讀者常見情境｜Slide 3：以生活保健與身體覺察為主，不做醫療療效宣稱｜Slide 4：節氣養生屬一般生活資訊，身體不適仍應諮詢專業人員。｜Slide 5：依標示使用，先收藏,本內容為一般生活保健資訊，非醫療診斷或治療建議。,節氣養生屬一般生活資訊，身體不適仍應諮詢專業人員。,根治|治療疾病|消炎治本|打通經絡|一擦就好|保證有效|深層修復|替代藥物
Instagram_LINE110,LINE110,Instagram,2026-07-28,20:00,兒童使用前的安全提醒,E,高,pending_legal_pharmacist_review,false,兒童使用前的安全提醒,"Slide 1：兒童使用前的安全提醒
Slide 2：所有使用者、照護者與家庭購買者常見情境
Slide 3：安全使用比用得多更重要，依標示與風險族群提醒
Slide 4：2 歲以下、孕哺、過敏體質、抗凝血藥使用者請先詢問專業人員。
Slide 5：依標示使用，先收藏","兒童使用前的安全提醒，適合用保守一點的方式理解。

外用保養的重點是依標示使用，搭配局部按摩與日常休息；如果症狀持續、惡化或影響活動，請諮詢醫師或藥師。

僅供外用。避免接觸眼睛、黏膜、破皮或傷口；特殊族群使用前請先諮詢專業人員。",#外用安全 #用藥安全 #使用前看標示 #諮詢醫師藥師,Slide 1：兒童使用前的安全提醒｜Slide 2：所有使用者、照護者與家庭購買者常見情境｜Slide 3：安全使用比用得多更重要，依標示與風險族群提醒｜Slide 4：2 歲以下、孕哺、過敏體質、抗凝血藥使用者請先詢問專業人員。｜Slide 5：依標示使用，先收藏,僅供外用。避免接觸眼睛、黏膜、破皮或傷口；特殊族群使用前請先諮詢專業人員。,2 歲以下、孕哺、過敏體質、抗凝血藥使用者請先詢問專業人員。,根治|治療疾病|消炎治本|打通經絡|一擦就好|保證有效|深層修復|替代藥物
Instagram_LINE111,LINE111,Instagram,2026-07-29,12:00,官方適應症與社群文案的差異,H,中,pending_legal_pharmacist_review,false,官方適應症與社群文案的差異,"Slide 1：官方適應症與社群文案的差異
Slide 2：重視藥證、成分、品質與合法性的消費者常見情境
Slide 3：強調藥證、標示、保守宣稱與人工審核流程
Slide 4：所有廣告文案仍須依主管機關與專業人員審核。
Slide 5：依標示使用，先收藏","官方適應症與社群文案的差異，適合用保守一點的方式理解。

外用保養的重點是依標示使用，搭配局部按摩與日常休息；如果症狀持續、惡化或影響活動，請諮詢醫師或藥師。

本產品為外用油膏，請依核准標示使用；若症狀持續或惡化，請諮詢醫師或藥師。",#藥證可查 #品牌透明 #合法宣傳 #成分透明,Slide 1：官方適應症與社群文案的差異｜Slide 2：重視藥證、成分、品質與合法性的消費者常見情境｜Slide 3：強調藥證、標示、保守宣稱與人工審核流程｜Slide 4：所有廣告文案仍須依主管機關與專業人員審核。｜Slide 5：依標示使用，先收藏,本產品為外用油膏，請依核准標示使用；若症狀持續或惡化，請諮詢醫師或藥師。,所有廣告文案仍須依主管機關與專業人員審核。,根治|治療疾病|消炎治本|打通經絡|一擦就好|保證有效|深層修復|替代藥物
Instagram_LINE112,LINE112,Instagram,2026-07-29,20:00,久坐族最想舒緩哪裡,G,低,pending_legal_pharmacist_review,false,久坐族最想舒緩哪裡,"Slide 1：久坐族最想舒緩哪裡
Slide 2：LINE OA 好友、回購客與新客常見情境
Slide 3：用問答降低誤用，讓使用者知道何時該詢問專業人員
Slide 4：互動回答不取代醫師或藥師建議。
Slide 5：依標示使用，先收藏","久坐族最想舒緩哪裡，適合用保守一點的方式理解。

外用保養的重點是依標示使用，搭配局部按摩與日常休息；如果症狀持續、惡化或影響活動，請諮詢醫師或藥師。

本內容為一般生活保健資訊，非醫療診斷或治療建議。",#互動問答 #保養知識 #使用小提醒 #金牌一條根,Slide 1：久坐族最想舒緩哪裡｜Slide 2：LINE OA 好友、回購客與新客常見情境｜Slide 3：用問答降低誤用，讓使用者知道何時該詢問專業人員｜Slide 4：互動回答不取代醫師或藥師建議。｜Slide 5：依標示使用，先收藏,本內容為一般生活保健資訊，非醫療診斷或治療建議。,互動回答不取代醫師或藥師建議。,根治|治療疾病|消炎治本|打通經絡|一擦就好|保證有效|深層修復|替代藥物
Instagram_LINE113,LINE113,Instagram,2026-07-30,12:00,跑步後膝周不適的保守提醒,C,中,pending_legal_pharmacist_review,false,跑步後膝周不適的保守提醒,"Slide 1：跑步後膝周不適的保守提醒
Slide 2：運動族、搬重物、久站與勞動工作者常見情境
Slide 3：運動或勞動後的局部肌肉痠痛，可短期按摩舒緩
Slide 4：明顯腫脹、劇痛、活動受限或疑似受傷時，請先就醫。
Slide 5：依標示使用，先收藏","跑步後膝周不適的保守提醒，適合用保守一點的方式理解。

外用保養的重點是依標示使用，搭配局部按摩與日常休息；如果症狀持續、惡化或影響活動，請諮詢醫師或藥師。

本產品為外用油膏，請依核准標示使用；若症狀持續或惡化，請諮詢醫師或藥師。",#運動後保養 #局部按摩 #肌肉痠痛 #依標示使用,Slide 1：跑步後膝周不適的保守提醒｜Slide 2：運動族、搬重物、久站與勞動工作者常見情境｜Slide 3：運動或勞動後的局部肌肉痠痛，可短期按摩舒緩｜Slide 4：明顯腫脹、劇痛、活動受限或疑似受傷時，請先就醫。｜Slide 5：依標示使用，先收藏,本產品為外用油膏，請依核准標示使用；若症狀持續或惡化，請諮詢醫師或藥師。,明顯腫脹、劇痛、活動受限或疑似受傷時，請先就醫。,根治|治療疾病|消炎治本|打通經絡|一擦就好|保證有效|深層修復|替代藥物
Instagram_LINE114,LINE114,Instagram,2026-07-30,20:00,成分濃度為什麼要看標示,A,中,pending_legal_pharmacist_review,false,成分濃度為什麼要看標示,"Slide 1：成分濃度為什麼要看標示
Slide 2：已購買或正在觀望的一條根使用者常見情境
Slide 3：依標示外用，提供局部按摩與暫時舒緩體感
Slide 4：僅供外用；避免眼周、黏膜、破皮或傷口。
Slide 5：依標示使用，先收藏","成分濃度為什麼要看標示，適合用保守一點的方式理解。

外用保養的重點是依標示使用，搭配局部按摩與日常休息；如果症狀持續、惡化或影響活動，請諮詢醫師或藥師。

本產品為外用油膏，請依核准標示使用；若症狀持續或惡化，請諮詢醫師或藥師。",#金牌一條根 #外用油膏 #成分透明 #依標示使用,Slide 1：成分濃度為什麼要看標示｜Slide 2：已購買或正在觀望的一條根使用者常見情境｜Slide 3：依標示外用，提供局部按摩與暫時舒緩體感｜Slide 4：僅供外用；避免眼周、黏膜、破皮或傷口。｜Slide 5：依標示使用，先收藏,本產品為外用油膏，請依核准標示使用；若症狀持續或惡化，請諮詢醫師或藥師。,僅供外用；避免眼周、黏膜、破皮或傷口。,根治|治療疾病|消炎治本|打通經絡|一擦就好|保證有效|深層修復|替代藥物
Instagram_LINE115,LINE115,Instagram,2026-07-31,12:00,照顧爸媽時的外用提醒,D,中,pending_legal_pharmacist_review,false,照顧爸媽時的外用提醒,"Slide 1：照顧爸媽時的外用提醒
Slide 2：40-70 歲注重日常活動舒適度的族群常見情境
Slide 3：輕微關節痠痛可短期舒緩，但不可宣稱治療疾病
Slide 4：關節腫痛、紅熱、長期疼痛或行走困難，請就醫評估。
Slide 5：依標示使用，先收藏","照顧爸媽時的外用提醒，適合用保守一點的方式理解。

外用保養的重點是依標示使用，搭配局部按摩與日常休息；如果症狀持續、惡化或影響活動，請諮詢醫師或藥師。

本產品為外用油膏，請依核准標示使用；若症狀持續或惡化，請諮詢醫師或藥師。",#銀髮保養 #活動舒適 #輕微痠痛 #依標示使用,Slide 1：照顧爸媽時的外用提醒｜Slide 2：40-70 歲注重日常活動舒適度的族群常見情境｜Slide 3：輕微關節痠痛可短期舒緩，但不可宣稱治療疾病｜Slide 4：關節腫痛、紅熱、長期疼痛或行走困難，請就醫評估。｜Slide 5：依標示使用，先收藏,本產品為外用油膏，請依核准標示使用；若症狀持續或惡化，請諮詢醫師或藥師。,關節腫痛、紅熱、長期疼痛或行走困難，請就醫評估。,根治|治療疾病|消炎治本|打通經絡|一擦就好|保證有效|深層修復|替代藥物
Instagram_LINE116,LINE116,Instagram,2026-07-31,20:00,孕婦與哺乳族群先詢問專業人員,E,高,pending_legal_pharmacist_review,false,孕婦與哺乳族群先詢問專業人員,"Slide 1：孕婦與哺乳族群先詢問專業人員
Slide 2：所有使用者、照護者與家庭購買者常見情境
Slide 3：安全使用比用得多更重要，依標示與風險族群提醒
Slide 4：2 歲以下、孕哺、過敏體質、抗凝血藥使用者請先詢問專業人員。
Slide 5：依標示使用，先收藏","孕婦與哺乳族群先詢問專業人員，適合用保守一點的方式理解。

外用保養的重點是依標示使用，搭配局部按摩與日常休息；如果症狀持續、惡化或影響活動，請諮詢醫師或藥師。

僅供外用。避免接觸眼睛、黏膜、破皮或傷口；特殊族群使用前請先諮詢專業人員。",#外用安全 #用藥安全 #使用前看標示 #諮詢醫師藥師,Slide 1：孕婦與哺乳族群先詢問專業人員｜Slide 2：所有使用者、照護者與家庭購買者常見情境｜Slide 3：安全使用比用得多更重要，依標示與風險族群提醒｜Slide 4：2 歲以下、孕哺、過敏體質、抗凝血藥使用者請先詢問專業人員。｜Slide 5：依標示使用，先收藏,僅供外用。避免接觸眼睛、黏膜、破皮或傷口；特殊族群使用前請先諮詢專業人員。,2 歲以下、孕哺、過敏體質、抗凝血藥使用者請先詢問專業人員。,根治|治療疾病|消炎治本|打通經絡|一擦就好|保證有效|深層修復|替代藥物
Instagram_LINE117,LINE117,Instagram,2026-08-01,12:00,白露時節關心長輩活動,F,低,pending_legal_pharmacist_review,false,白露時節關心長輩活動,"Slide 1：白露時節關心長輩活動
Slide 2：喜歡養生、節氣與日常保健的 LINE 讀者常見情境
Slide 3：以生活保健與身體覺察為主，不做醫療療效宣稱
Slide 4：節氣養生屬一般生活資訊，身體不適仍應諮詢專業人員。
Slide 5：依標示使用，先收藏","白露時節關心長輩活動，適合用保守一點的方式理解。

外用保養的重點是依標示使用，搭配局部按摩與日常休息；如果症狀持續、惡化或影響活動，請諮詢醫師或藥師。

本內容為一般生活保健資訊，非醫療診斷或治療建議。",#節氣保養 #生活保健 #日常保養 #身體覺察,Slide 1：白露時節關心長輩活動｜Slide 2：喜歡養生、節氣與日常保健的 LINE 讀者常見情境｜Slide 3：以生活保健與身體覺察為主，不做醫療療效宣稱｜Slide 4：節氣養生屬一般生活資訊，身體不適仍應諮詢專業人員。｜Slide 5：依標示使用，先收藏,本內容為一般生活保健資訊，非醫療診斷或治療建議。,節氣養生屬一般生活資訊，身體不適仍應諮詢專業人員。,根治|治療疾病|消炎治本|打通經絡|一擦就好|保證有效|深層修復|替代藥物
Instagram_LINE118,LINE118,Instagram,2026-08-01,20:00,勞動後先休息再按摩,C,中,pending_legal_pharmacist_review,false,勞動後先休息再按摩,"Slide 1：勞動後先休息再按摩
Slide 2：運動族、搬重物、久站與勞動工作者常見情境
Slide 3：運動或勞動後的局部肌肉痠痛，可短期按摩舒緩
Slide 4：明顯腫脹、劇痛、活動受限或疑似受傷時，請先就醫。
Slide 5：依標示使用，先收藏","勞動後先休息再按摩，適合用保守一點的方式理解。

外用保養的重點是依標示使用，搭配局部按摩與日常休息；如果症狀持續、惡化或影響活動，請諮詢醫師或藥師。

本產品為外用油膏，請依核准標示使用；若症狀持續或惡化，請諮詢醫師或藥師。",#運動後保養 #局部按摩 #肌肉痠痛 #依標示使用,Slide 1：勞動後先休息再按摩｜Slide 2：運動族、搬重物、久站與勞動工作者常見情境｜Slide 3：運動或勞動後的局部肌肉痠痛，可短期按摩舒緩｜Slide 4：明顯腫脹、劇痛、活動受限或疑似受傷時，請先就醫。｜Slide 5：依標示使用，先收藏,本產品為外用油膏，請依核准標示使用；若症狀持續或惡化，請諮詢醫師或藥師。,明顯腫脹、劇痛、活動受限或疑似受傷時，請先就醫。,根治|治療疾病|消炎治本|打通經絡|一擦就好|保證有效|深層修復|替代藥物
Instagram_LINE119,LINE119,Instagram,2026-08-02,12:00,長輩使用外用膏你會提醒什麼,G,低,pending_legal_pharmacist_review,false,長輩使用外用膏你會提醒什麼,"Slide 1：長輩使用外用膏你會提醒什麼
Slide 2：LINE OA 好友、回購客與新客常見情境
Slide 3：用問答降低誤用，讓使用者知道何時該詢問專業人員
Slide 4：互動回答不取代醫師或藥師建議。
Slide 5：依標示使用，先收藏","長輩使用外用膏你會提醒什麼，適合用保守一點的方式理解。

外用保養的重點是依標示使用，搭配局部按摩與日常休息；如果症狀持續、惡化或影響活動，請諮詢醫師或藥師。

本內容為一般生活保健資訊，非醫療診斷或治療建議。",#互動問答 #保養知識 #使用小提醒 #金牌一條根,Slide 1：長輩使用外用膏你會提醒什麼｜Slide 2：LINE OA 好友、回購客與新客常見情境｜Slide 3：用問答降低誤用，讓使用者知道何時該詢問專業人員｜Slide 4：互動回答不取代醫師或藥師建議。｜Slide 5：依標示使用，先收藏,本內容為一般生活保健資訊，非醫療診斷或治療建議。,互動回答不取代醫師或藥師建議。,根治|治療疾病|消炎治本|打通經絡|一擦就好|保證有效|深層修復|替代藥物
Instagram_LINE120,LINE120,Instagram,2026-08-02,20:00,日常活動舒適度的三個習慣,D,中,pending_legal_pharmacist_review,false,日常活動舒適度的三個習慣,"Slide 1：日常活動舒適度的三個習慣
Slide 2：40-70 歲注重日常活動舒適度的族群常見情境
Slide 3：輕微關節痠痛可短期舒緩，但不可宣稱治療疾病
Slide 4：關節腫痛、紅熱、長期疼痛或行走困難，請就醫評估。
Slide 5：依標示使用，先收藏","日常活動舒適度的三個習慣，適合用保守一點的方式理解。

外用保養的重點是依標示使用，搭配局部按摩與日常休息；如果症狀持續、惡化或影響活動，請諮詢醫師或藥師。

本產品為外用油膏，請依核准標示使用；若症狀持續或惡化，請諮詢醫師或藥師。",#銀髮保養 #活動舒適 #輕微痠痛 #依標示使用,Slide 1：日常活動舒適度的三個習慣｜Slide 2：40-70 歲注重日常活動舒適度的族群常見情境｜Slide 3：輕微關節痠痛可短期舒緩，但不可宣稱治療疾病｜Slide 4：關節腫痛、紅熱、長期疼痛或行走困難，請就醫評估。｜Slide 5：依標示使用，先收藏,本產品為外用油膏，請依核准標示使用；若症狀持續或惡化，請諮詢醫師或藥師。,關節腫痛、紅熱、長期疼痛或行走困難，請就醫評估。,根治|治療疾病|消炎治本|打通經絡|一擦就好|保證有效|深層修復|替代藥物
Instagram_LINE121,LINE121,Instagram,2026-08-03,12:00,背包太重後的肩膀保養,B,低,pending_legal_pharmacist_review,false,背包太重後的肩膀保養,"Slide 1：背包太重後的肩膀保養
Slide 2：長時間低頭、久坐、用電腦的上班族常見情境
Slide 3：久坐低頭後，可搭配伸展與局部按摩舒緩緊繃不適
Slide 4：若痠痛持續、麻木或影響活動，請諮詢醫師或藥師。
Slide 5：依標示使用，先收藏","背包太重後的肩膀保養，適合用保守一點的方式理解。

外用保養的重點是依標示使用，搭配局部按摩與日常休息；如果症狀持續、惡化或影響活動，請諮詢醫師或藥師。

本內容為一般生活保健資訊，非醫療診斷或治療建議。",#肩頸保養 #久坐族 #日常舒緩 #依標示使用,Slide 1：背包太重後的肩膀保養｜Slide 2：長時間低頭、久坐、用電腦的上班族常見情境｜Slide 3：久坐低頭後，可搭配伸展與局部按摩舒緩緊繃不適｜Slide 4：若痠痛持續、麻木或影響活動，請諮詢醫師或藥師。｜Slide 5：依標示使用，先收藏,本內容為一般生活保健資訊，非醫療診斷或治療建議。,若痠痛持續、麻木或影響活動，請諮詢醫師或藥師。,根治|治療疾病|消炎治本|打通經絡|一擦就好|保證有效|深層修復|替代藥物
Instagram_LINE122,LINE122,Instagram,2026-08-03,20:00,局部按摩和大面積厚敷的差別,A,中,pending_legal_pharmacist_review,false,局部按摩和大面積厚敷的差別,"Slide 1：局部按摩和大面積厚敷的差別
Slide 2：已購買或正在觀望的一條根使用者常見情境
Slide 3：依標示外用，提供局部按摩與暫時舒緩體感
Slide 4：僅供外用；避免眼周、黏膜、破皮或傷口。
Slide 5：依標示使用，先收藏","局部按摩和大面積厚敷的差別，適合用保守一點的方式理解。

外用保養的重點是依標示使用，搭配局部按摩與日常休息；如果症狀持續、惡化或影響活動，請諮詢醫師或藥師。

本產品為外用油膏，請依核准標示使用；若症狀持續或惡化，請諮詢醫師或藥師。",#金牌一條根 #外用油膏 #成分透明 #依標示使用,Slide 1：局部按摩和大面積厚敷的差別｜Slide 2：已購買或正在觀望的一條根使用者常見情境｜Slide 3：依標示外用，提供局部按摩與暫時舒緩體感｜Slide 4：僅供外用；避免眼周、黏膜、破皮或傷口。｜Slide 5：依標示使用，先收藏,本產品為外用油膏，請依核准標示使用；若症狀持續或惡化，請諮詢醫師或藥師。,僅供外用；避免眼周、黏膜、破皮或傷口。,根治|治療疾病|消炎治本|打通經絡|一擦就好|保證有效|深層修復|替代藥物
Instagram_LINE123,LINE123,Instagram,2026-08-04,12:00,秋分後外出前暖身,F,低,pending_legal_pharmacist_review,false,秋分後外出前暖身,"Slide 1：秋分後外出前暖身
Slide 2：喜歡養生、節氣與日常保健的 LINE 讀者常見情境
Slide 3：以生活保健與身體覺察為主，不做醫療療效宣稱
Slide 4：節氣養生屬一般生活資訊，身體不適仍應諮詢專業人員。
Slide 5：依標示使用，先收藏","秋分後外出前暖身，適合用保守一點的方式理解。

外用保養的重點是依標示使用，搭配局部按摩與日常休息；如果症狀持續、惡化或影響活動，請諮詢醫師或藥師。

本內容為一般生活保健資訊，非醫療診斷或治療建議。",#節氣保養 #生活保健 #日常保養 #身體覺察,Slide 1：秋分後外出前暖身｜Slide 2：喜歡養生、節氣與日常保健的 LINE 讀者常見情境｜Slide 3：以生活保健與身體覺察為主，不做醫療療效宣稱｜Slide 4：節氣養生屬一般生活資訊，身體不適仍應諮詢專業人員。｜Slide 5：依標示使用，先收藏,本內容為一般生活保健資訊，非醫療診斷或治療建議。,節氣養生屬一般生活資訊，身體不適仍應諮詢專業人員。,根治|治療疾病|消炎治本|打通經絡|一擦就好|保證有效|深層修復|替代藥物
Instagram_LINE124,LINE124,Instagram,2026-08-04,20:00,症狀超過七天要停用並諮詢,E,高,pending_legal_pharmacist_review,false,症狀超過七天要停用並諮詢,"Slide 1：症狀超過七天要停用並諮詢
Slide 2：所有使用者、照護者與家庭購買者常見情境
Slide 3：安全使用比用得多更重要，依標示與風險族群提醒
Slide 4：2 歲以下、孕哺、過敏體質、抗凝血藥使用者請先詢問專業人員。
Slide 5：依標示使用，先收藏","症狀超過七天要停用並諮詢，適合用保守一點的方式理解。

外用保養的重點是依標示使用，搭配局部按摩與日常休息；如果症狀持續、惡化或影響活動，請諮詢醫師或藥師。

僅供外用。避免接觸眼睛、黏膜、破皮或傷口；特殊族群使用前請先諮詢專業人員。",#外用安全 #用藥安全 #使用前看標示 #諮詢醫師藥師,Slide 1：症狀超過七天要停用並諮詢｜Slide 2：所有使用者、照護者與家庭購買者常見情境｜Slide 3：安全使用比用得多更重要，依標示與風險族群提醒｜Slide 4：2 歲以下、孕哺、過敏體質、抗凝血藥使用者請先詢問專業人員。｜Slide 5：依標示使用，先收藏,僅供外用。避免接觸眼睛、黏膜、破皮或傷口；特殊族群使用前請先諮詢專業人員。,2 歲以下、孕哺、過敏體質、抗凝血藥使用者請先詢問專業人員。,根治|治療疾病|消炎治本|打通經絡|一擦就好|保證有效|深層修復|替代藥物
Instagram_LINE125,LINE125,Instagram,2026-08-05,12:00,為什麼不鼓勵擦傷口,H,中,pending_legal_pharmacist_review,false,為什麼不鼓勵擦傷口,"Slide 1：為什麼不鼓勵擦傷口
Slide 2：重視藥證、成分、品質與合法性的消費者常見情境
Slide 3：強調藥證、標示、保守宣稱與人工審核流程
Slide 4：所有廣告文案仍須依主管機關與專業人員審核。
Slide 5：依標示使用，先收藏","為什麼不鼓勵擦傷口，適合用保守一點的方式理解。

外用保養的重點是依標示使用，搭配局部按摩與日常休息；如果症狀持續、惡化或影響活動，請諮詢醫師或藥師。

本產品為外用油膏，請依核准標示使用；若症狀持續或惡化，請諮詢醫師或藥師。",#藥證可查 #品牌透明 #合法宣傳 #成分透明,Slide 1：為什麼不鼓勵擦傷口｜Slide 2：重視藥證、成分、品質與合法性的消費者常見情境｜Slide 3：強調藥證、標示、保守宣稱與人工審核流程｜Slide 4：所有廣告文案仍須依主管機關與專業人員審核。｜Slide 5：依標示使用，先收藏,本產品為外用油膏，請依核准標示使用；若症狀持續或惡化，請諮詢醫師或藥師。,所有廣告文案仍須依主管機關與專業人員審核。,根治|治療疾病|消炎治本|打通經絡|一擦就好|保證有效|深層修復|替代藥物
Instagram_LINE126,LINE126,Instagram,2026-08-05,20:00,一條根可以天天厚敷嗎,G,低,pending_legal_pharmacist_review,false,一條根可以天天厚敷嗎,"Slide 1：一條根可以天天厚敷嗎
Slide 2：LINE OA 好友、回購客與新客常見情境
Slide 3：用問答降低誤用，讓使用者知道何時該詢問專業人員
Slide 4：互動回答不取代醫師或藥師建議。
Slide 5：依標示使用，先收藏","一條根可以天天厚敷嗎，適合用保守一點的方式理解。

外用保養的重點是依標示使用，搭配局部按摩與日常休息；如果症狀持續、惡化或影響活動，請諮詢醫師或藥師。

本內容為一般生活保健資訊，非醫療診斷或治療建議。",#互動問答 #保養知識 #使用小提醒 #金牌一條根,Slide 1：一條根可以天天厚敷嗎｜Slide 2：LINE OA 好友、回購客與新客常見情境｜Slide 3：用問答降低誤用，讓使用者知道何時該詢問專業人員｜Slide 4：互動回答不取代醫師或藥師建議。｜Slide 5：依標示使用，先收藏,本內容為一般生活保健資訊，非醫療診斷或治療建議。,互動回答不取代醫師或藥師建議。,根治|治療疾病|消炎治本|打通經絡|一擦就好|保證有效|深層修復|替代藥物
Instagram_LINE127,LINE127,Instagram,2026-08-06,12:00,運動後不要立刻熱敷加藥膏,C,中,pending_legal_pharmacist_review,false,運動後不要立刻熱敷加藥膏,"Slide 1：運動後不要立刻熱敷加藥膏
Slide 2：運動族、搬重物、久站與勞動工作者常見情境
Slide 3：運動或勞動後的局部肌肉痠痛，可短期按摩舒緩
Slide 4：明顯腫脹、劇痛、活動受限或疑似受傷時，請先就醫。
Slide 5：依標示使用，先收藏","運動後不要立刻熱敷加藥膏，適合用保守一點的方式理解。

外用保養的重點是依標示使用，搭配局部按摩與日常休息；如果症狀持續、惡化或影響活動，請諮詢醫師或藥師。

本產品為外用油膏，請依核准標示使用；若症狀持續或惡化，請諮詢醫師或藥師。",#運動後保養 #局部按摩 #肌肉痠痛 #依標示使用,Slide 1：運動後不要立刻熱敷加藥膏｜Slide 2：運動族、搬重物、久站與勞動工作者常見情境｜Slide 3：運動或勞動後的局部肌肉痠痛，可短期按摩舒緩｜Slide 4：明顯腫脹、劇痛、活動受限或疑似受傷時，請先就醫。｜Slide 5：依標示使用，先收藏,本產品為外用油膏，請依核准標示使用；若症狀持續或惡化，請諮詢醫師或藥師。,明顯腫脹、劇痛、活動受限或疑似受傷時，請先就醫。,根治|治療疾病|消炎治本|打通經絡|一擦就好|保證有效|深層修復|替代藥物
Instagram_LINE128,LINE128,Instagram,2026-08-06,20:00,使用前先小範圍測試,A,中,pending_legal_pharmacist_review,false,使用前先小範圍測試,"Slide 1：使用前先小範圍測試
Slide 2：已購買或正在觀望的一條根使用者常見情境
Slide 3：依標示外用，提供局部按摩與暫時舒緩體感
Slide 4：僅供外用；避免眼周、黏膜、破皮或傷口。
Slide 5：依標示使用，先收藏","使用前先小範圍測試，適合用保守一點的方式理解。

外用保養的重點是依標示使用，搭配局部按摩與日常休息；如果症狀持續、惡化或影響活動，請諮詢醫師或藥師。

本產品為外用油膏，請依核准標示使用；若症狀持續或惡化，請諮詢醫師或藥師。",#金牌一條根 #外用油膏 #成分透明 #依標示使用,Slide 1：使用前先小範圍測試｜Slide 2：已購買或正在觀望的一條根使用者常見情境｜Slide 3：依標示外用，提供局部按摩與暫時舒緩體感｜Slide 4：僅供外用；避免眼周、黏膜、破皮或傷口。｜Slide 5：依標示使用，先收藏,本產品為外用油膏，請依核准標示使用；若症狀持續或惡化，請諮詢醫師或藥師。,僅供外用；避免眼周、黏膜、破皮或傷口。,根治|治療疾病|消炎治本|打通經絡|一擦就好|保證有效|深層修復|替代藥物
Instagram_LINE129,LINE129,Instagram,2026-08-07,12:00,長輩使用前先看標示,D,中,pending_legal_pharmacist_review,false,長輩使用前先看標示,"Slide 1：長輩使用前先看標示
Slide 2：40-70 歲注重日常活動舒適度的族群常見情境
Slide 3：輕微關節痠痛可短期舒緩，但不可宣稱治療疾病
Slide 4：關節腫痛、紅熱、長期疼痛或行走困難，請就醫評估。
Slide 5：依標示使用，先收藏","長輩使用前先看標示，適合用保守一點的方式理解。

外用保養的重點是依標示使用，搭配局部按摩與日常休息；如果症狀持續、惡化或影響活動，請諮詢醫師或藥師。

本產品為外用油膏，請依核准標示使用；若症狀持續或惡化，請諮詢醫師或藥師。",#銀髮保養 #活動舒適 #輕微痠痛 #依標示使用,Slide 1：長輩使用前先看標示｜Slide 2：40-70 歲注重日常活動舒適度的族群常見情境｜Slide 3：輕微關節痠痛可短期舒緩，但不可宣稱治療疾病｜Slide 4：關節腫痛、紅熱、長期疼痛或行走困難，請就醫評估。｜Slide 5：依標示使用，先收藏,本產品為外用油膏，請依核准標示使用；若症狀持續或惡化，請諮詢醫師或藥師。,關節腫痛、紅熱、長期疼痛或行走困難，請就醫評估。,根治|治療疾病|消炎治本|打通經絡|一擦就好|保證有效|深層修復|替代藥物
Instagram_LINE130,LINE130,Instagram,2026-08-07,20:00,皮膚刺激時要停止使用,E,高,pending_legal_pharmacist_review,false,皮膚刺激時要停止使用,"Slide 1：皮膚刺激時要停止使用
Slide 2：所有使用者、照護者與家庭購買者常見情境
Slide 3：安全使用比用得多更重要，依標示與風險族群提醒
Slide 4：2 歲以下、孕哺、過敏體質、抗凝血藥使用者請先詢問專業人員。
Slide 5：依標示使用，先收藏","皮膚刺激時要停止使用，適合用保守一點的方式理解。

外用保養的重點是依標示使用，搭配局部按摩與日常休息；如果症狀持續、惡化或影響活動，請諮詢醫師或藥師。

僅供外用。避免接觸眼睛、黏膜、破皮或傷口；特殊族群使用前請先諮詢專業人員。",#外用安全 #用藥安全 #使用前看標示 #諮詢醫師藥師,Slide 1：皮膚刺激時要停止使用｜Slide 2：所有使用者、照護者與家庭購買者常見情境｜Slide 3：安全使用比用得多更重要，依標示與風險族群提醒｜Slide 4：2 歲以下、孕哺、過敏體質、抗凝血藥使用者請先詢問專業人員。｜Slide 5：依標示使用，先收藏,僅供外用。避免接觸眼睛、黏膜、破皮或傷口；特殊族群使用前請先諮詢專業人員。,2 歲以下、孕哺、過敏體質、抗凝血藥使用者請先詢問專業人員。,根治|治療疾病|消炎治本|打通經絡|一擦就好|保證有效|深層修復|替代藥物
Instagram_LINE131,LINE131,Instagram,2026-08-08,12:00,寒露後肩背保養,F,低,pending_legal_pharmacist_review,false,寒露後肩背保養,"Slide 1：寒露後肩背保養
Slide 2：喜歡養生、節氣與日常保健的 LINE 讀者常見情境
Slide 3：以生活保健與身體覺察為主，不做醫療療效宣稱
Slide 4：節氣養生屬一般生活資訊，身體不適仍應諮詢專業人員。
Slide 5：依標示使用，先收藏","寒露後肩背保養，適合用保守一點的方式理解。

外用保養的重點是依標示使用，搭配局部按摩與日常休息；如果症狀持續、惡化或影響活動，請諮詢醫師或藥師。

本內容為一般生活保健資訊，非醫療診斷或治療建議。",#節氣保養 #生活保健 #日常保養 #身體覺察,Slide 1：寒露後肩背保養｜Slide 2：喜歡養生、節氣與日常保健的 LINE 讀者常見情境｜Slide 3：以生活保健與身體覺察為主，不做醫療療效宣稱｜Slide 4：節氣養生屬一般生活資訊，身體不適仍應諮詢專業人員。｜Slide 5：依標示使用，先收藏,本內容為一般生活保健資訊，非醫療診斷或治療建議。,節氣養生屬一般生活資訊，身體不適仍應諮詢專業人員。,根治|治療疾病|消炎治本|打通經絡|一擦就好|保證有效|深層修復|替代藥物
Instagram_LINE132,LINE132,Instagram,2026-08-08,20:00,輕微拉扯後的觀察重點,C,中,pending_legal_pharmacist_review,false,輕微拉扯後的觀察重點,"Slide 1：輕微拉扯後的觀察重點
Slide 2：運動族、搬重物、久站與勞動工作者常見情境
Slide 3：運動或勞動後的局部肌肉痠痛，可短期按摩舒緩
Slide 4：明顯腫脹、劇痛、活動受限或疑似受傷時，請先就醫。
Slide 5：依標示使用，先收藏","輕微拉扯後的觀察重點，適合用保守一點的方式理解。

外用保養的重點是依標示使用，搭配局部按摩與日常休息；如果症狀持續、惡化或影響活動，請諮詢醫師或藥師。

本產品為外用油膏，請依核准標示使用；若症狀持續或惡化，請諮詢醫師或藥師。",#運動後保養 #局部按摩 #肌肉痠痛 #依標示使用,Slide 1：輕微拉扯後的觀察重點｜Slide 2：運動族、搬重物、久站與勞動工作者常見情境｜Slide 3：運動或勞動後的局部肌肉痠痛，可短期按摩舒緩｜Slide 4：明顯腫脹、劇痛、活動受限或疑似受傷時，請先就醫。｜Slide 5：依標示使用，先收藏,本產品為外用油膏，請依核准標示使用；若症狀持續或惡化，請諮詢醫師或藥師。,明顯腫脹、劇痛、活動受限或疑似受傷時，請先就醫。,根治|治療疾病|消炎治本|打通經絡|一擦就好|保證有效|深層修復|替代藥物
Instagram_LINE133,LINE133,Instagram,2026-08-09,12:00,擦完可以馬上熱敷嗎,G,低,pending_legal_pharmacist_review,false,擦完可以馬上熱敷嗎,"Slide 1：擦完可以馬上熱敷嗎
Slide 2：LINE OA 好友、回購客與新客常見情境
Slide 3：用問答降低誤用，讓使用者知道何時該詢問專業人員
Slide 4：互動回答不取代醫師或藥師建議。
Slide 5：依標示使用，先收藏","擦完可以馬上熱敷嗎，適合用保守一點的方式理解。

外用保養的重點是依標示使用，搭配局部按摩與日常休息；如果症狀持續、惡化或影響活動，請諮詢醫師或藥師。

本內容為一般生活保健資訊，非醫療診斷或治療建議。",#互動問答 #保養知識 #使用小提醒 #金牌一條根,Slide 1：擦完可以馬上熱敷嗎｜Slide 2：LINE OA 好友、回購客與新客常見情境｜Slide 3：用問答降低誤用，讓使用者知道何時該詢問專業人員｜Slide 4：互動回答不取代醫師或藥師建議。｜Slide 5：依標示使用，先收藏,本內容為一般生活保健資訊，非醫療診斷或治療建議。,互動回答不取代醫師或藥師建議。,根治|治療疾病|消炎治本|打通經絡|一擦就好|保證有效|深層修復|替代藥物
Instagram_LINE134,LINE134,Instagram,2026-08-09,20:00,別把長期疼痛只當小問題,D,中,pending_legal_pharmacist_review,false,別把長期疼痛只當小問題,"Slide 1：別把長期疼痛只當小問題
Slide 2：40-70 歲注重日常活動舒適度的族群常見情境
Slide 3：輕微關節痠痛可短期舒緩，但不可宣稱治療疾病
Slide 4：關節腫痛、紅熱、長期疼痛或行走困難，請就醫評估。
Slide 5：依標示使用，先收藏","別把長期疼痛只當小問題，適合用保守一點的方式理解。

外用保養的重點是依標示使用，搭配局部按摩與日常休息；如果症狀持續、惡化或影響活動，請諮詢醫師或藥師。

本產品為外用油膏，請依核准標示使用；若症狀持續或惡化，請諮詢醫師或藥師。",#銀髮保養 #活動舒適 #輕微痠痛 #依標示使用,Slide 1：別把長期疼痛只當小問題｜Slide 2：40-70 歲注重日常活動舒適度的族群常見情境｜Slide 3：輕微關節痠痛可短期舒緩，但不可宣稱治療疾病｜Slide 4：關節腫痛、紅熱、長期疼痛或行走困難，請就醫評估。｜Slide 5：依標示使用，先收藏,本產品為外用油膏，請依核准標示使用；若症狀持續或惡化，請諮詢醫師或藥師。,關節腫痛、紅熱、長期疼痛或行走困難，請就醫評估。,根治|治療疾病|消炎治本|打通經絡|一擦就好|保證有效|深層修復|替代藥物
Instagram_LINE135,LINE135,Instagram,2026-08-10,12:00,冷氣房肩頸緊繃保養,B,低,pending_legal_pharmacist_review,false,冷氣房肩頸緊繃保養,"Slide 1：冷氣房肩頸緊繃保養
Slide 2：長時間低頭、久坐、用電腦的上班族常見情境
Slide 3：久坐低頭後，可搭配伸展與局部按摩舒緩緊繃不適
Slide 4：若痠痛持續、麻木或影響活動，請諮詢醫師或藥師。
Slide 5：依標示使用，先收藏","冷氣房肩頸緊繃保養，適合用保守一點的方式理解。

外用保養的重點是依標示使用，搭配局部按摩與日常休息；如果症狀持續、惡化或影響活動，請諮詢醫師或藥師。

本內容為一般生活保健資訊，非醫療診斷或治療建議。",#肩頸保養 #久坐族 #日常舒緩 #依標示使用,Slide 1：冷氣房肩頸緊繃保養｜Slide 2：長時間低頭、久坐、用電腦的上班族常見情境｜Slide 3：久坐低頭後，可搭配伸展與局部按摩舒緩緊繃不適｜Slide 4：若痠痛持續、麻木或影響活動，請諮詢醫師或藥師。｜Slide 5：依標示使用，先收藏,本內容為一般生活保健資訊，非醫療診斷或治療建議。,若痠痛持續、麻木或影響活動，請諮詢醫師或藥師。,根治|治療疾病|消炎治本|打通經絡|一擦就好|保證有效|深層修復|替代藥物
Instagram_LINE136,LINE136,Instagram,2026-08-10,20:00,產品不是神藥，定位要講清楚,A,中,pending_legal_pharmacist_review,false,產品不是神藥，定位要講清楚,"Slide 1：產品不是神藥，定位要講清楚
Slide 2：已購買或正在觀望的一條根使用者常見情境
Slide 3：依標示外用，提供局部按摩與暫時舒緩體感
Slide 4：僅供外用；避免眼周、黏膜、破皮或傷口。
Slide 5：依標示使用，先收藏","產品不是神藥，定位要講清楚，適合用保守一點的方式理解。

外用保養的重點是依標示使用，搭配局部按摩與日常休息；如果症狀持續、惡化或影響活動，請諮詢醫師或藥師。

本產品為外用油膏，請依核准標示使用；若症狀持續或惡化，請諮詢醫師或藥師。",#金牌一條根 #外用油膏 #成分透明 #依標示使用,Slide 1：產品不是神藥，定位要講清楚｜Slide 2：已購買或正在觀望的一條根使用者常見情境｜Slide 3：依標示外用，提供局部按摩與暫時舒緩體感｜Slide 4：僅供外用；避免眼周、黏膜、破皮或傷口。｜Slide 5：依標示使用，先收藏,本產品為外用油膏，請依核准標示使用；若症狀持續或惡化，請諮詢醫師或藥師。,僅供外用；避免眼周、黏膜、破皮或傷口。,根治|治療疾病|消炎治本|打通經絡|一擦就好|保證有效|深層修復|替代藥物
Instagram_LINE137,LINE137,Instagram,2026-08-11,12:00,立冬前後的日常舒緩儀式,F,低,pending_legal_pharmacist_review,false,立冬前後的日常舒緩儀式,"Slide 1：立冬前後的日常舒緩儀式
Slide 2：喜歡養生、節氣與日常保健的 LINE 讀者常見情境
Slide 3：以生活保健與身體覺察為主，不做醫療療效宣稱
Slide 4：節氣養生屬一般生活資訊，身體不適仍應諮詢專業人員。
Slide 5：依標示使用，先收藏","立冬前後的日常舒緩儀式，適合用保守一點的方式理解。

外用保養的重點是依標示使用，搭配局部按摩與日常休息；如果症狀持續、惡化或影響活動，請諮詢醫師或藥師。

本內容為一般生活保健資訊，非醫療診斷或治療建議。",#節氣保養 #生活保健 #日常保養 #身體覺察,Slide 1：立冬前後的日常舒緩儀式｜Slide 2：喜歡養生、節氣與日常保健的 LINE 讀者常見情境｜Slide 3：以生活保健與身體覺察為主，不做醫療療效宣稱｜Slide 4：節氣養生屬一般生活資訊，身體不適仍應諮詢專業人員。｜Slide 5：依標示使用，先收藏,本內容為一般生活保健資訊，非醫療診斷或治療建議。,節氣養生屬一般生活資訊，身體不適仍應諮詢專業人員。,根治|治療疾病|消炎治本|打通經絡|一擦就好|保證有效|深層修復|替代藥物
Instagram_LINE138,LINE138,Instagram,2026-08-11,20:00,深層症狀不適合自行處理,E,高,pending_legal_pharmacist_review,false,深層症狀不適合自行處理,"Slide 1：深層症狀不適合自行處理
Slide 2：所有使用者、照護者與家庭購買者常見情境
Slide 3：安全使用比用得多更重要，依標示與風險族群提醒
Slide 4：2 歲以下、孕哺、過敏體質、抗凝血藥使用者請先詢問專業人員。
Slide 5：依標示使用，先收藏","深層症狀不適合自行處理，適合用保守一點的方式理解。

外用保養的重點是依標示使用，搭配局部按摩與日常休息；如果症狀持續、惡化或影響活動，請諮詢醫師或藥師。

僅供外用。避免接觸眼睛、黏膜、破皮或傷口；特殊族群使用前請先諮詢專業人員。",#外用安全 #用藥安全 #使用前看標示 #諮詢醫師藥師,Slide 1：深層症狀不適合自行處理｜Slide 2：所有使用者、照護者與家庭購買者常見情境｜Slide 3：安全使用比用得多更重要，依標示與風險族群提醒｜Slide 4：2 歲以下、孕哺、過敏體質、抗凝血藥使用者請先詢問專業人員。｜Slide 5：依標示使用，先收藏,僅供外用。避免接觸眼睛、黏膜、破皮或傷口；特殊族群使用前請先諮詢專業人員。,2 歲以下、孕哺、過敏體質、抗凝血藥使用者請先詢問專業人員。,根治|治療疾病|消炎治本|打通經絡|一擦就好|保證有效|深層修復|替代藥物
Instagram_LINE139,LINE139,Instagram,2026-08-12,12:00,買外用膏先看三件事,H,中,pending_legal_pharmacist_review,false,買外用膏先看三件事,"Slide 1：買外用膏先看三件事
Slide 2：重視藥證、成分、品質與合法性的消費者常見情境
Slide 3：強調藥證、標示、保守宣稱與人工審核流程
Slide 4：所有廣告文案仍須依主管機關與專業人員審核。
Slide 5：依標示使用，先收藏","買外用膏先看三件事，適合用保守一點的方式理解。

外用保養的重點是依標示使用，搭配局部按摩與日常休息；如果症狀持續、惡化或影響活動，請諮詢醫師或藥師。

本產品為外用油膏，請依核准標示使用；若症狀持續或惡化，請諮詢醫師或藥師。",#藥證可查 #品牌透明 #合法宣傳 #成分透明,Slide 1：買外用膏先看三件事｜Slide 2：重視藥證、成分、品質與合法性的消費者常見情境｜Slide 3：強調藥證、標示、保守宣稱與人工審核流程｜Slide 4：所有廣告文案仍須依主管機關與專業人員審核。｜Slide 5：依標示使用，先收藏,本產品為外用油膏，請依核准標示使用；若症狀持續或惡化，請諮詢醫師或藥師。,所有廣告文案仍須依主管機關與專業人員審核。,根治|治療疾病|消炎治本|打通經絡|一擦就好|保證有效|深層修復|替代藥物
Instagram_LINE140,LINE140,Instagram,2026-08-12,20:00,哪些情況應該先就醫,G,低,pending_legal_pharmacist_review,false,哪些情況應該先就醫,"Slide 1：哪些情況應該先就醫
Slide 2：LINE OA 好友、回購客與新客常見情境
Slide 3：用問答降低誤用，讓使用者知道何時該詢問專業人員
Slide 4：互動回答不取代醫師或藥師建議。
Slide 5：依標示使用，先收藏","哪些情況應該先就醫，適合用保守一點的方式理解。

外用保養的重點是依標示使用，搭配局部按摩與日常休息；如果症狀持續、惡化或影響活動，請諮詢醫師或藥師。

本內容為一般生活保健資訊，非醫療診斷或治療建議。",#互動問答 #保養知識 #使用小提醒 #金牌一條根,Slide 1：哪些情況應該先就醫｜Slide 2：LINE OA 好友、回購客與新客常見情境｜Slide 3：用問答降低誤用，讓使用者知道何時該詢問專業人員｜Slide 4：互動回答不取代醫師或藥師建議。｜Slide 5：依標示使用，先收藏,本內容為一般生活保健資訊，非醫療診斷或治療建議。,互動回答不取代醫師或藥師建議。,根治|治療疾病|消炎治本|打通經絡|一擦就好|保證有效|深層修復|替代藥物
Instagram_LINE141,LINE141,Instagram,2026-08-13,12:00,運動後局部痠痛的保守處理,C,中,pending_legal_pharmacist_review,false,運動後局部痠痛的保守處理,"Slide 1：運動後局部痠痛的保守處理
Slide 2：運動族、搬重物、久站與勞動工作者常見情境
Slide 3：運動或勞動後的局部肌肉痠痛，可短期按摩舒緩
Slide 4：明顯腫脹、劇痛、活動受限或疑似受傷時，請先就醫。
Slide 5：依標示使用，先收藏","運動後局部痠痛的保守處理，適合用保守一點的方式理解。

外用保養的重點是依標示使用，搭配局部按摩與日常休息；如果症狀持續、惡化或影響活動，請諮詢醫師或藥師。

本產品為外用油膏，請依核准標示使用；若症狀持續或惡化，請諮詢醫師或藥師。",#運動後保養 #局部按摩 #肌肉痠痛 #依標示使用,Slide 1：運動後局部痠痛的保守處理｜Slide 2：運動族、搬重物、久站與勞動工作者常見情境｜Slide 3：運動或勞動後的局部肌肉痠痛，可短期按摩舒緩｜Slide 4：明顯腫脹、劇痛、活動受限或疑似受傷時，請先就醫。｜Slide 5：依標示使用，先收藏,本產品為外用油膏，請依核准標示使用；若症狀持續或惡化，請諮詢醫師或藥師。,明顯腫脹、劇痛、活動受限或疑似受傷時，請先就醫。,根治|治療疾病|消炎治本|打通經絡|一擦就好|保證有效|深層修復|替代藥物
Instagram_LINE142,LINE142,Instagram,2026-08-13,20:00,冬青油與清涼舒緩體感,A,中,pending_legal_pharmacist_review,false,冬青油與清涼舒緩體感,"Slide 1：冬青油與清涼舒緩體感
Slide 2：已購買或正在觀望的一條根使用者常見情境
Slide 3：依標示外用，提供局部按摩與暫時舒緩體感
Slide 4：僅供外用；避免眼周、黏膜、破皮或傷口。
Slide 5：依標示使用，先收藏","冬青油與清涼舒緩體感，適合用保守一點的方式理解。

外用保養的重點是依標示使用，搭配局部按摩與日常休息；如果症狀持續、惡化或影響活動，請諮詢醫師或藥師。

本產品為外用油膏，請依核准標示使用；若症狀持續或惡化，請諮詢醫師或藥師。",#金牌一條根 #外用油膏 #成分透明 #依標示使用,Slide 1：冬青油與清涼舒緩體感｜Slide 2：已購買或正在觀望的一條根使用者常見情境｜Slide 3：依標示外用，提供局部按摩與暫時舒緩體感｜Slide 4：僅供外用；避免眼周、黏膜、破皮或傷口。｜Slide 5：依標示使用，先收藏,本產品為外用油膏，請依核准標示使用；若症狀持續或惡化，請諮詢醫師或藥師。,僅供外用；避免眼周、黏膜、破皮或傷口。,根治|治療疾病|消炎治本|打通經絡|一擦就好|保證有效|深層修復|替代藥物
Instagram_LINE143,LINE143,Instagram,2026-08-14,12:00,早晨活動前的關節暖身,D,中,pending_legal_pharmacist_review,false,早晨活動前的關節暖身,"Slide 1：早晨活動前的關節暖身
Slide 2：40-70 歲注重日常活動舒適度的族群常見情境
Slide 3：輕微關節痠痛可短期舒緩，但不可宣稱治療疾病
Slide 4：關節腫痛、紅熱、長期疼痛或行走困難，請就醫評估。
Slide 5：依標示使用，先收藏","早晨活動前的關節暖身，適合用保守一點的方式理解。

外用保養的重點是依標示使用，搭配局部按摩與日常休息；如果症狀持續、惡化或影響活動，請諮詢醫師或藥師。

本產品為外用油膏，請依核准標示使用；若症狀持續或惡化，請諮詢醫師或藥師。",#銀髮保養 #活動舒適 #輕微痠痛 #依標示使用,Slide 1：早晨活動前的關節暖身｜Slide 2：40-70 歲注重日常活動舒適度的族群常見情境｜Slide 3：輕微關節痠痛可短期舒緩，但不可宣稱治療疾病｜Slide 4：關節腫痛、紅熱、長期疼痛或行走困難，請就醫評估。｜Slide 5：依標示使用，先收藏,本產品為外用油膏，請依核准標示使用；若症狀持續或惡化，請諮詢醫師或藥師。,關節腫痛、紅熱、長期疼痛或行走困難，請就醫評估。,根治|治療疾病|消炎治本|打通經絡|一擦就好|保證有效|深層修復|替代藥物
Instagram_LINE144,LINE144,Instagram,2026-08-14,20:00,不能擦在破皮或傷口,E,高,pending_legal_pharmacist_review,false,不能擦在破皮或傷口,"Slide 1：不能擦在破皮或傷口
Slide 2：所有使用者、照護者與家庭購買者常見情境
Slide 3：安全使用比用得多更重要，依標示與風險族群提醒
Slide 4：2 歲以下、孕哺、過敏體質、抗凝血藥使用者請先詢問專業人員。
Slide 5：依標示使用，先收藏","不能擦在破皮或傷口，適合用保守一點的方式理解。

外用保養的重點是依標示使用，搭配局部按摩與日常休息；如果症狀持續、惡化或影響活動，請諮詢醫師或藥師。

僅供外用。避免接觸眼睛、黏膜、破皮或傷口；特殊族群使用前請先諮詢專業人員。",#外用安全 #用藥安全 #使用前看標示 #諮詢醫師藥師,Slide 1：不能擦在破皮或傷口｜Slide 2：所有使用者、照護者與家庭購買者常見情境｜Slide 3：安全使用比用得多更重要，依標示與風險族群提醒｜Slide 4：2 歲以下、孕哺、過敏體質、抗凝血藥使用者請先詢問專業人員。｜Slide 5：依標示使用，先收藏,僅供外用。避免接觸眼睛、黏膜、破皮或傷口；特殊族群使用前請先諮詢專業人員。,2 歲以下、孕哺、過敏體質、抗凝血藥使用者請先詢問專業人員。,根治|治療疾病|消炎治本|打通經絡|一擦就好|保證有效|深層修復|替代藥物
Instagram_LINE145,LINE145,Instagram,2026-08-15,12:00,芒種後濕熱生活保養,F,低,pending_legal_pharmacist_review,false,芒種後濕熱生活保養,"Slide 1：芒種後濕熱生活保養
Slide 2：喜歡養生、節氣與日常保健的 LINE 讀者常見情境
Slide 3：以生活保健與身體覺察為主，不做醫療療效宣稱
Slide 4：節氣養生屬一般生活資訊，身體不適仍應諮詢專業人員。
Slide 5：依標示使用，先收藏","芒種後濕熱生活保養，適合用保守一點的方式理解。

外用保養的重點是依標示使用，搭配局部按摩與日常休息；如果症狀持續、惡化或影響活動，請諮詢醫師或藥師。

本內容為一般生活保健資訊，非醫療診斷或治療建議。",#節氣保養 #生活保健 #日常保養 #身體覺察,Slide 1：芒種後濕熱生活保養｜Slide 2：喜歡養生、節氣與日常保健的 LINE 讀者常見情境｜Slide 3：以生活保健與身體覺察為主，不做醫療療效宣稱｜Slide 4：節氣養生屬一般生活資訊，身體不適仍應諮詢專業人員。｜Slide 5：依標示使用，先收藏,本內容為一般生活保健資訊，非醫療診斷或治療建議。,節氣養生屬一般生活資訊，身體不適仍應諮詢專業人員。,根治|治療疾病|消炎治本|打通經絡|一擦就好|保證有效|深層修復|替代藥物
Instagram_LINE146,LINE146,Instagram,2026-08-15,20:00,久站後小腿不適舒緩,C,中,pending_legal_pharmacist_review,false,久站後小腿不適舒緩,"Slide 1：久站後小腿不適舒緩
Slide 2：運動族、搬重物、久站與勞動工作者常見情境
Slide 3：運動或勞動後的局部肌肉痠痛，可短期按摩舒緩
Slide 4：明顯腫脹、劇痛、活動受限或疑似受傷時，請先就醫。
Slide 5：依標示使用，先收藏","久站後小腿不適舒緩，適合用保守一點的方式理解。

外用保養的重點是依標示使用，搭配局部按摩與日常休息；如果症狀持續、惡化或影響活動，請諮詢醫師或藥師。

本產品為外用油膏，請依核准標示使用；若症狀持續或惡化，請諮詢醫師或藥師。",#運動後保養 #局部按摩 #肌肉痠痛 #依標示使用,Slide 1：久站後小腿不適舒緩｜Slide 2：運動族、搬重物、久站與勞動工作者常見情境｜Slide 3：運動或勞動後的局部肌肉痠痛，可短期按摩舒緩｜Slide 4：明顯腫脹、劇痛、活動受限或疑似受傷時，請先就醫。｜Slide 5：依標示使用，先收藏,本產品為外用油膏，請依核准標示使用；若症狀持續或惡化，請諮詢醫師或藥師。,明顯腫脹、劇痛、活動受限或疑似受傷時，請先就醫。,根治|治療疾病|消炎治本|打通經絡|一擦就好|保證有效|深層修復|替代藥物
Instagram_LINE147,LINE147,Instagram,2026-08-16,12:00,你最常哪個部位緊繃,G,低,pending_legal_pharmacist_review,false,你最常哪個部位緊繃,"Slide 1：你最常哪個部位緊繃
Slide 2：LINE OA 好友、回購客與新客常見情境
Slide 3：用問答降低誤用，讓使用者知道何時該詢問專業人員
Slide 4：互動回答不取代醫師或藥師建議。
Slide 5：依標示使用，先收藏","你最常哪個部位緊繃，適合用保守一點的方式理解。

外用保養的重點是依標示使用，搭配局部按摩與日常休息；如果症狀持續、惡化或影響活動，請諮詢醫師或藥師。

本內容為一般生活保健資訊，非醫療診斷或治療建議。",#互動問答 #保養知識 #使用小提醒 #金牌一條根,Slide 1：你最常哪個部位緊繃｜Slide 2：LINE OA 好友、回購客與新客常見情境｜Slide 3：用問答降低誤用，讓使用者知道何時該詢問專業人員｜Slide 4：互動回答不取代醫師或藥師建議。｜Slide 5：依標示使用，先收藏,本內容為一般生活保健資訊，非醫療診斷或治療建議。,互動回答不取代醫師或藥師建議。,根治|治療疾病|消炎治本|打通經絡|一擦就好|保證有效|深層修復|替代藥物
Instagram_LINE148,LINE148,Instagram,2026-08-16,20:00,長輩外用膏使用安全,D,中,pending_legal_pharmacist_review,false,長輩外用膏使用安全,"Slide 1：長輩外用膏使用安全
Slide 2：40-70 歲注重日常活動舒適度的族群常見情境
Slide 3：輕微關節痠痛可短期舒緩，但不可宣稱治療疾病
Slide 4：關節腫痛、紅熱、長期疼痛或行走困難，請就醫評估。
Slide 5：依標示使用，先收藏","長輩外用膏使用安全，適合用保守一點的方式理解。

外用保養的重點是依標示使用，搭配局部按摩與日常休息；如果症狀持續、惡化或影響活動，請諮詢醫師或藥師。

本產品為外用油膏，請依核准標示使用；若症狀持續或惡化，請諮詢醫師或藥師。",#銀髮保養 #活動舒適 #輕微痠痛 #依標示使用,Slide 1：長輩外用膏使用安全｜Slide 2：40-70 歲注重日常活動舒適度的族群常見情境｜Slide 3：輕微關節痠痛可短期舒緩，但不可宣稱治療疾病｜Slide 4：關節腫痛、紅熱、長期疼痛或行走困難，請就醫評估。｜Slide 5：依標示使用，先收藏,本產品為外用油膏，請依核准標示使用；若症狀持續或惡化，請諮詢醫師或藥師。,關節腫痛、紅熱、長期疼痛或行走困難，請就醫評估。,根治|治療疾病|消炎治本|打通經絡|一擦就好|保證有效|深層修復|替代藥物
Instagram_LINE149,LINE149,Instagram,2026-08-17,12:00,低頭族肩頸緊繃的三個提醒,B,低,pending_legal_pharmacist_review,false,低頭族肩頸緊繃的三個提醒,"Slide 1：低頭族肩頸緊繃的三個提醒
Slide 2：長時間低頭、久坐、用電腦的上班族常見情境
Slide 3：久坐低頭後，可搭配伸展與局部按摩舒緩緊繃不適
Slide 4：若痠痛持續、麻木或影響活動，請諮詢醫師或藥師。
Slide 5：依標示使用，先收藏","低頭族肩頸緊繃的三個提醒，適合用保守一點的方式理解。

外用保養的重點是依標示使用，搭配局部按摩與日常休息；如果症狀持續、惡化或影響活動，請諮詢醫師或藥師。

本內容為一般生活保健資訊，非醫療診斷或治療建議。",#肩頸保養 #久坐族 #日常舒緩 #依標示使用,Slide 1：低頭族肩頸緊繃的三個提醒｜Slide 2：長時間低頭、久坐、用電腦的上班族常見情境｜Slide 3：久坐低頭後，可搭配伸展與局部按摩舒緩緊繃不適｜Slide 4：若痠痛持續、麻木或影響活動，請諮詢醫師或藥師。｜Slide 5：依標示使用，先收藏,本內容為一般生活保健資訊，非醫療診斷或治療建議。,若痠痛持續、麻木或影響活動，請諮詢醫師或藥師。,根治|治療疾病|消炎治本|打通經絡|一擦就好|保證有效|深層修復|替代藥物
Instagram_LINE150,LINE150,Instagram,2026-08-17,20:00,薄荷腦帶來的涼感來源,A,中,pending_legal_pharmacist_review,false,薄荷腦帶來的涼感來源,"Slide 1：薄荷腦帶來的涼感來源
Slide 2：已購買或正在觀望的一條根使用者常見情境
Slide 3：依標示外用，提供局部按摩與暫時舒緩體感
Slide 4：僅供外用；避免眼周、黏膜、破皮或傷口。
Slide 5：依標示使用，先收藏","薄荷腦帶來的涼感來源，適合用保守一點的方式理解。

外用保養的重點是依標示使用，搭配局部按摩與日常休息；如果症狀持續、惡化或影響活動，請諮詢醫師或藥師。

本產品為外用油膏，請依核准標示使用；若症狀持續或惡化，請諮詢醫師或藥師。",#金牌一條根 #外用油膏 #成分透明 #依標示使用,Slide 1：薄荷腦帶來的涼感來源｜Slide 2：已購買或正在觀望的一條根使用者常見情境｜Slide 3：依標示外用，提供局部按摩與暫時舒緩體感｜Slide 4：僅供外用；避免眼周、黏膜、破皮或傷口。｜Slide 5：依標示使用，先收藏,本產品為外用油膏，請依核准標示使用；若症狀持續或惡化，請諮詢醫師或藥師。,僅供外用；避免眼周、黏膜、破皮或傷口。,根治|治療疾病|消炎治本|打通經絡|一擦就好|保證有效|深層修復|替代藥物
Instagram_LINE151,LINE151,Instagram,2026-08-18,12:00,夏季冷氣房的肩頸保養,F,低,pending_legal_pharmacist_review,false,夏季冷氣房的肩頸保養,"Slide 1：夏季冷氣房的肩頸保養
Slide 2：喜歡養生、節氣與日常保健的 LINE 讀者常見情境
Slide 3：以生活保健與身體覺察為主，不做醫療療效宣稱
Slide 4：節氣養生屬一般生活資訊，身體不適仍應諮詢專業人員。
Slide 5：依標示使用，先收藏","夏季冷氣房的肩頸保養，適合用保守一點的方式理解。

外用保養的重點是依標示使用，搭配局部按摩與日常休息；如果症狀持續、惡化或影響活動，請諮詢醫師或藥師。

本內容為一般生活保健資訊，非醫療診斷或治療建議。",#節氣保養 #生活保健 #日常保養 #身體覺察,Slide 1：夏季冷氣房的肩頸保養｜Slide 2：喜歡養生、節氣與日常保健的 LINE 讀者常見情境｜Slide 3：以生活保健與身體覺察為主，不做醫療療效宣稱｜Slide 4：節氣養生屬一般生活資訊，身體不適仍應諮詢專業人員。｜Slide 5：依標示使用，先收藏,本內容為一般生活保健資訊，非醫療診斷或治療建議。,節氣養生屬一般生活資訊，身體不適仍應諮詢專業人員。,根治|治療疾病|消炎治本|打通經絡|一擦就好|保證有效|深層修復|替代藥物
Instagram_LINE152,LINE152,Instagram,2026-08-18,20:00,外用膏避免眼周與黏膜,E,高,pending_legal_pharmacist_review,false,外用膏避免眼周與黏膜,"Slide 1：外用膏避免眼周與黏膜
Slide 2：所有使用者、照護者與家庭購買者常見情境
Slide 3：安全使用比用得多更重要，依標示與風險族群提醒
Slide 4：2 歲以下、孕哺、過敏體質、抗凝血藥使用者請先詢問專業人員。
Slide 5：依標示使用，先收藏","外用膏避免眼周與黏膜，適合用保守一點的方式理解。

外用保養的重點是依標示使用，搭配局部按摩與日常休息；如果症狀持續、惡化或影響活動，請諮詢醫師或藥師。

僅供外用。避免接觸眼睛、黏膜、破皮或傷口；特殊族群使用前請先諮詢專業人員。",#外用安全 #用藥安全 #使用前看標示 #諮詢醫師藥師,Slide 1：外用膏避免眼周與黏膜｜Slide 2：所有使用者、照護者與家庭購買者常見情境｜Slide 3：安全使用比用得多更重要，依標示與風險族群提醒｜Slide 4：2 歲以下、孕哺、過敏體質、抗凝血藥使用者請先詢問專業人員。｜Slide 5：依標示使用，先收藏,僅供外用。避免接觸眼睛、黏膜、破皮或傷口；特殊族群使用前請先諮詢專業人員。,2 歲以下、孕哺、過敏體質、抗凝血藥使用者請先詢問專業人員。,根治|治療疾病|消炎治本|打通經絡|一擦就好|保證有效|深層修復|替代藥物
Instagram_LINE153,LINE153,Instagram,2026-08-19,12:00,為什麼我們不說神效,H,中,pending_legal_pharmacist_review,false,為什麼我們不說神效,"Slide 1：為什麼我們不說神效
Slide 2：重視藥證、成分、品質與合法性的消費者常見情境
Slide 3：強調藥證、標示、保守宣稱與人工審核流程
Slide 4：所有廣告文案仍須依主管機關與專業人員審核。
Slide 5：依標示使用，先收藏","為什麼我們不說神效，適合用保守一點的方式理解。

外用保養的重點是依標示使用，搭配局部按摩與日常休息；如果症狀持續、惡化或影響活動，請諮詢醫師或藥師。

本產品為外用油膏，請依核准標示使用；若症狀持續或惡化，請諮詢醫師或藥師。",#藥證可查 #品牌透明 #合法宣傳 #成分透明,Slide 1：為什麼我們不說神效｜Slide 2：重視藥證、成分、品質與合法性的消費者常見情境｜Slide 3：強調藥證、標示、保守宣稱與人工審核流程｜Slide 4：所有廣告文案仍須依主管機關與專業人員審核。｜Slide 5：依標示使用，先收藏,本產品為外用油膏，請依核准標示使用；若症狀持續或惡化，請諮詢醫師或藥師。,所有廣告文案仍須依主管機關與專業人員審核。,根治|治療疾病|消炎治本|打通經絡|一擦就好|保證有效|深層修復|替代藥物
Instagram_LINE154,LINE154,Instagram,2026-08-19,20:00,你習慣運動前還是運動後保養,G,低,pending_legal_pharmacist_review,false,你習慣運動前還是運動後保養,"Slide 1：你習慣運動前還是運動後保養
Slide 2：LINE OA 好友、回購客與新客常見情境
Slide 3：用問答降低誤用，讓使用者知道何時該詢問專業人員
Slide 4：互動回答不取代醫師或藥師建議。
Slide 5：依標示使用，先收藏","你習慣運動前還是運動後保養，適合用保守一點的方式理解。

外用保養的重點是依標示使用，搭配局部按摩與日常休息；如果症狀持續、惡化或影響活動，請諮詢醫師或藥師。

本內容為一般生活保健資訊，非醫療診斷或治療建議。",#互動問答 #保養知識 #使用小提醒 #金牌一條根,Slide 1：你習慣運動前還是運動後保養｜Slide 2：LINE OA 好友、回購客與新客常見情境｜Slide 3：用問答降低誤用，讓使用者知道何時該詢問專業人員｜Slide 4：互動回答不取代醫師或藥師建議。｜Slide 5：依標示使用，先收藏,本內容為一般生活保健資訊，非醫療診斷或治療建議。,互動回答不取代醫師或藥師建議。,根治|治療疾病|消炎治本|打通經絡|一擦就好|保證有效|深層修復|替代藥物
Instagram_LINE155,LINE155,Instagram,2026-08-20,12:00,搬重物後腰背保養,C,中,pending_legal_pharmacist_review,false,搬重物後腰背保養,"Slide 1：搬重物後腰背保養
Slide 2：運動族、搬重物、久站與勞動工作者常見情境
Slide 3：運動或勞動後的局部肌肉痠痛，可短期按摩舒緩
Slide 4：明顯腫脹、劇痛、活動受限或疑似受傷時，請先就醫。
Slide 5：依標示使用，先收藏","搬重物後腰背保養，適合用保守一點的方式理解。

外用保養的重點是依標示使用，搭配局部按摩與日常休息；如果症狀持續、惡化或影響活動，請諮詢醫師或藥師。

本產品為外用油膏，請依核准標示使用；若症狀持續或惡化，請諮詢醫師或藥師。",#運動後保養 #局部按摩 #肌肉痠痛 #依標示使用,Slide 1：搬重物後腰背保養｜Slide 2：運動族、搬重物、久站與勞動工作者常見情境｜Slide 3：運動或勞動後的局部肌肉痠痛，可短期按摩舒緩｜Slide 4：明顯腫脹、劇痛、活動受限或疑似受傷時，請先就醫。｜Slide 5：依標示使用，先收藏,本產品為外用油膏，請依核准標示使用；若症狀持續或惡化，請諮詢醫師或藥師。,明顯腫脹、劇痛、活動受限或疑似受傷時，請先就醫。,根治|治療疾病|消炎治本|打通經絡|一擦就好|保證有效|深層修復|替代藥物
Instagram_LINE156,LINE156,Instagram,2026-08-20,20:00,樟腦外用時的注意界線,A,中,pending_legal_pharmacist_review,false,樟腦外用時的注意界線,"Slide 1：樟腦外用時的注意界線
Slide 2：已購買或正在觀望的一條根使用者常見情境
Slide 3：依標示外用，提供局部按摩與暫時舒緩體感
Slide 4：僅供外用；避免眼周、黏膜、破皮或傷口。
Slide 5：依標示使用，先收藏","樟腦外用時的注意界線，適合用保守一點的方式理解。

外用保養的重點是依標示使用，搭配局部按摩與日常休息；如果症狀持續、惡化或影響活動，請諮詢醫師或藥師。

本產品為外用油膏，請依核准標示使用；若症狀持續或惡化，請諮詢醫師或藥師。",#金牌一條根 #外用油膏 #成分透明 #依標示使用,Slide 1：樟腦外用時的注意界線｜Slide 2：已購買或正在觀望的一條根使用者常見情境｜Slide 3：依標示外用，提供局部按摩與暫時舒緩體感｜Slide 4：僅供外用；避免眼周、黏膜、破皮或傷口。｜Slide 5：依標示使用，先收藏,本產品為外用油膏，請依核准標示使用；若症狀持續或惡化，請諮詢醫師或藥師。,僅供外用；避免眼周、黏膜、破皮或傷口。,根治|治療疾病|消炎治本|打通經絡|一擦就好|保證有效|深層修復|替代藥物
Instagram_LINE157,LINE157,Instagram,2026-08-21,12:00,輕微關節痠痛與疾病治療要分開,D,中,pending_legal_pharmacist_review,false,輕微關節痠痛與疾病治療要分開,"Slide 1：輕微關節痠痛與疾病治療要分開
Slide 2：40-70 歲注重日常活動舒適度的族群常見情境
Slide 3：輕微關節痠痛可短期舒緩，但不可宣稱治療疾病
Slide 4：關節腫痛、紅熱、長期疼痛或行走困難，請就醫評估。
Slide 5：依標示使用，先收藏","輕微關節痠痛與疾病治療要分開，適合用保守一點的方式理解。

外用保養的重點是依標示使用，搭配局部按摩與日常休息；如果症狀持續、惡化或影響活動，請諮詢醫師或藥師。

本產品為外用油膏，請依核准標示使用；若症狀持續或惡化，請諮詢醫師或藥師。",#銀髮保養 #活動舒適 #輕微痠痛 #依標示使用,Slide 1：輕微關節痠痛與疾病治療要分開｜Slide 2：40-70 歲注重日常活動舒適度的族群常見情境｜Slide 3：輕微關節痠痛可短期舒緩，但不可宣稱治療疾病｜Slide 4：關節腫痛、紅熱、長期疼痛或行走困難，請就醫評估。｜Slide 5：依標示使用，先收藏,本產品為外用油膏，請依核准標示使用；若症狀持續或惡化，請諮詢醫師或藥師。,關節腫痛、紅熱、長期疼痛或行走困難，請就醫評估。,根治|治療疾病|消炎治本|打通經絡|一擦就好|保證有效|深層修復|替代藥物
Instagram_LINE158,LINE158,Instagram,2026-08-21,20:00,不要搭配熱敷墊或電毯,E,高,pending_legal_pharmacist_review,false,不要搭配熱敷墊或電毯,"Slide 1：不要搭配熱敷墊或電毯
Slide 2：所有使用者、照護者與家庭購買者常見情境
Slide 3：安全使用比用得多更重要，依標示與風險族群提醒
Slide 4：2 歲以下、孕哺、過敏體質、抗凝血藥使用者請先詢問專業人員。
Slide 5：依標示使用，先收藏","不要搭配熱敷墊或電毯，適合用保守一點的方式理解。

外用保養的重點是依標示使用，搭配局部按摩與日常休息；如果症狀持續、惡化或影響活動，請諮詢醫師或藥師。

僅供外用。避免接觸眼睛、黏膜、破皮或傷口；特殊族群使用前請先諮詢專業人員。",#外用安全 #用藥安全 #使用前看標示 #諮詢醫師藥師,Slide 1：不要搭配熱敷墊或電毯｜Slide 2：所有使用者、照護者與家庭購買者常見情境｜Slide 3：安全使用比用得多更重要，依標示與風險族群提醒｜Slide 4：2 歲以下、孕哺、過敏體質、抗凝血藥使用者請先詢問專業人員。｜Slide 5：依標示使用，先收藏,僅供外用。避免接觸眼睛、黏膜、破皮或傷口；特殊族群使用前請先諮詢專業人員。,2 歲以下、孕哺、過敏體質、抗凝血藥使用者請先詢問專業人員。,根治|治療疾病|消炎治本|打通經絡|一擦就好|保證有效|深層修復|替代藥物
Instagram_LINE159,LINE159,Instagram,2026-08-22,12:00,小暑前後活動舒適提醒,F,低,pending_legal_pharmacist_review,false,小暑前後活動舒適提醒,"Slide 1：小暑前後活動舒適提醒
Slide 2：喜歡養生、節氣與日常保健的 LINE 讀者常見情境
Slide 3：以生活保健與身體覺察為主，不做醫療療效宣稱
Slide 4：節氣養生屬一般生活資訊，身體不適仍應諮詢專業人員。
Slide 5：依標示使用，先收藏","小暑前後活動舒適提醒，適合用保守一點的方式理解。

外用保養的重點是依標示使用，搭配局部按摩與日常休息；如果症狀持續、惡化或影響活動，請諮詢醫師或藥師。

本內容為一般生活保健資訊，非醫療診斷或治療建議。",#節氣保養 #生活保健 #日常保養 #身體覺察,Slide 1：小暑前後活動舒適提醒｜Slide 2：喜歡養生、節氣與日常保健的 LINE 讀者常見情境｜Slide 3：以生活保健與身體覺察為主，不做醫療療效宣稱｜Slide 4：節氣養生屬一般生活資訊，身體不適仍應諮詢專業人員。｜Slide 5：依標示使用，先收藏,本內容為一般生活保健資訊，非醫療診斷或治療建議。,節氣養生屬一般生活資訊，身體不適仍應諮詢專業人員。,根治|治療疾病|消炎治本|打通經絡|一擦就好|保證有效|深層修復|替代藥物
Instagram_LINE160,LINE160,Instagram,2026-08-22,20:00,爬山後腿部按摩提醒,C,中,pending_legal_pharmacist_review,false,爬山後腿部按摩提醒,"Slide 1：爬山後腿部按摩提醒
Slide 2：運動族、搬重物、久站與勞動工作者常見情境
Slide 3：運動或勞動後的局部肌肉痠痛，可短期按摩舒緩
Slide 4：明顯腫脹、劇痛、活動受限或疑似受傷時，請先就醫。
Slide 5：依標示使用，先收藏","爬山後腿部按摩提醒，適合用保守一點的方式理解。

外用保養的重點是依標示使用，搭配局部按摩與日常休息；如果症狀持續、惡化或影響活動，請諮詢醫師或藥師。

本產品為外用油膏，請依核准標示使用；若症狀持續或惡化，請諮詢醫師或藥師。",#運動後保養 #局部按摩 #肌肉痠痛 #依標示使用,Slide 1：爬山後腿部按摩提醒｜Slide 2：運動族、搬重物、久站與勞動工作者常見情境｜Slide 3：運動或勞動後的局部肌肉痠痛，可短期按摩舒緩｜Slide 4：明顯腫脹、劇痛、活動受限或疑似受傷時，請先就醫。｜Slide 5：依標示使用，先收藏,本產品為外用油膏，請依核准標示使用；若症狀持續或惡化，請諮詢醫師或藥師。,明顯腫脹、劇痛、活動受限或疑似受傷時，請先就醫。,根治|治療疾病|消炎治本|打通經絡|一擦就好|保證有效|深層修復|替代藥物
Instagram_LINE161,LINE161,Instagram,2026-08-23,12:00,外用膏一次擦多少才剛好,G,低,pending_legal_pharmacist_review,false,外用膏一次擦多少才剛好,"Slide 1：外用膏一次擦多少才剛好
Slide 2：LINE OA 好友、回購客與新客常見情境
Slide 3：用問答降低誤用，讓使用者知道何時該詢問專業人員
Slide 4：互動回答不取代醫師或藥師建議。
Slide 5：依標示使用，先收藏","外用膏一次擦多少才剛好，適合用保守一點的方式理解。

外用保養的重點是依標示使用，搭配局部按摩與日常休息；如果症狀持續、惡化或影響活動，請諮詢醫師或藥師。

本內容為一般生活保健資訊，非醫療診斷或治療建議。",#互動問答 #保養知識 #使用小提醒 #金牌一條根,Slide 1：外用膏一次擦多少才剛好｜Slide 2：LINE OA 好友、回購客與新客常見情境｜Slide 3：用問答降低誤用，讓使用者知道何時該詢問專業人員｜Slide 4：互動回答不取代醫師或藥師建議。｜Slide 5：依標示使用，先收藏,本內容為一般生活保健資訊，非醫療診斷或治療建議。,互動回答不取代醫師或藥師建議。,根治|治療疾病|消炎治本|打通經絡|一擦就好|保證有效|深層修復|替代藥物
Instagram_LINE162,LINE162,Instagram,2026-08-23,20:00,散步後的膝周保養,D,中,pending_legal_pharmacist_review,false,散步後的膝周保養,"Slide 1：散步後的膝周保養
Slide 2：40-70 歲注重日常活動舒適度的族群常見情境
Slide 3：輕微關節痠痛可短期舒緩，但不可宣稱治療疾病
Slide 4：關節腫痛、紅熱、長期疼痛或行走困難，請就醫評估。
Slide 5：依標示使用，先收藏","散步後的膝周保養，適合用保守一點的方式理解。

外用保養的重點是依標示使用，搭配局部按摩與日常休息；如果症狀持續、惡化或影響活動，請諮詢醫師或藥師。

本產品為外用油膏，請依核准標示使用；若症狀持續或惡化，請諮詢醫師或藥師。",#銀髮保養 #活動舒適 #輕微痠痛 #依標示使用,Slide 1：散步後的膝周保養｜Slide 2：40-70 歲注重日常活動舒適度的族群常見情境｜Slide 3：輕微關節痠痛可短期舒緩，但不可宣稱治療疾病｜Slide 4：關節腫痛、紅熱、長期疼痛或行走困難，請就醫評估。｜Slide 5：依標示使用，先收藏,本產品為外用油膏，請依核准標示使用；若症狀持續或惡化，請諮詢醫師或藥師。,關節腫痛、紅熱、長期疼痛或行走困難，請就醫評估。,根治|治療疾病|消炎治本|打通經絡|一擦就好|保證有效|深層修復|替代藥物
Instagram_LINE163,LINE163,Instagram,2026-08-24,12:00,午休前的肩頸放鬆流程,B,低,pending_legal_pharmacist_review,false,午休前的肩頸放鬆流程,"Slide 1：午休前的肩頸放鬆流程
Slide 2：長時間低頭、久坐、用電腦的上班族常見情境
Slide 3：久坐低頭後，可搭配伸展與局部按摩舒緩緊繃不適
Slide 4：若痠痛持續、麻木或影響活動，請諮詢醫師或藥師。
Slide 5：依標示使用，先收藏","午休前的肩頸放鬆流程，適合用保守一點的方式理解。

外用保養的重點是依標示使用，搭配局部按摩與日常休息；如果症狀持續、惡化或影響活動，請諮詢醫師或藥師。

本內容為一般生活保健資訊，非醫療診斷或治療建議。",#肩頸保養 #久坐族 #日常舒緩 #依標示使用,Slide 1：午休前的肩頸放鬆流程｜Slide 2：長時間低頭、久坐、用電腦的上班族常見情境｜Slide 3：久坐低頭後，可搭配伸展與局部按摩舒緩緊繃不適｜Slide 4：若痠痛持續、麻木或影響活動，請諮詢醫師或藥師。｜Slide 5：依標示使用，先收藏,本內容為一般生活保健資訊，非醫療診斷或治療建議。,若痠痛持續、麻木或影響活動，請諮詢醫師或藥師。,根治|治療疾病|消炎治本|打通經絡|一擦就好|保證有效|深層修復|替代藥物
Instagram_LINE164,LINE164,Instagram,2026-08-24,20:00,油膏劑為什麼適合局部按摩,A,中,pending_legal_pharmacist_review,false,油膏劑為什麼適合局部按摩,"Slide 1：油膏劑為什麼適合局部按摩
Slide 2：已購買或正在觀望的一條根使用者常見情境
Slide 3：依標示外用，提供局部按摩與暫時舒緩體感
Slide 4：僅供外用；避免眼周、黏膜、破皮或傷口。
Slide 5：依標示使用，先收藏","油膏劑為什麼適合局部按摩，適合用保守一點的方式理解。

外用保養的重點是依標示使用，搭配局部按摩與日常休息；如果症狀持續、惡化或影響活動，請諮詢醫師或藥師。

本產品為外用油膏，請依核准標示使用；若症狀持續或惡化，請諮詢醫師或藥師。",#金牌一條根 #外用油膏 #成分透明 #依標示使用,Slide 1：油膏劑為什麼適合局部按摩｜Slide 2：已購買或正在觀望的一條根使用者常見情境｜Slide 3：依標示外用，提供局部按摩與暫時舒緩體感｜Slide 4：僅供外用；避免眼周、黏膜、破皮或傷口。｜Slide 5：依標示使用，先收藏,本產品為外用油膏，請依核准標示使用；若症狀持續或惡化，請諮詢醫師或藥師。,僅供外用；避免眼周、黏膜、破皮或傷口。,根治|治療疾病|消炎治本|打通經絡|一擦就好|保證有效|深層修復|替代藥物
Instagram_LINE165,LINE165,Instagram,2026-08-25,12:00,大暑午後少久站硬撐,F,低,pending_legal_pharmacist_review,false,大暑午後少久站硬撐,"Slide 1：大暑午後少久站硬撐
Slide 2：喜歡養生、節氣與日常保健的 LINE 讀者常見情境
Slide 3：以生活保健與身體覺察為主，不做醫療療效宣稱
Slide 4：節氣養生屬一般生活資訊，身體不適仍應諮詢專業人員。
Slide 5：依標示使用，先收藏","大暑午後少久站硬撐，適合用保守一點的方式理解。

外用保養的重點是依標示使用，搭配局部按摩與日常休息；如果症狀持續、惡化或影響活動，請諮詢醫師或藥師。

本內容為一般生活保健資訊，非醫療診斷或治療建議。",#節氣保養 #生活保健 #日常保養 #身體覺察,Slide 1：大暑午後少久站硬撐｜Slide 2：喜歡養生、節氣與日常保健的 LINE 讀者常見情境｜Slide 3：以生活保健與身體覺察為主，不做醫療療效宣稱｜Slide 4：節氣養生屬一般生活資訊，身體不適仍應諮詢專業人員。｜Slide 5：依標示使用，先收藏,本內容為一般生活保健資訊，非醫療診斷或治療建議。,節氣養生屬一般生活資訊，身體不適仍應諮詢專業人員。,根治|治療疾病|消炎治本|打通經絡|一擦就好|保證有效|深層修復|替代藥物
Instagram_LINE166,LINE166,Instagram,2026-08-25,20:00,不要密封包紮或大面積厚敷,E,高,pending_legal_pharmacist_review,false,不要密封包紮或大面積厚敷,"Slide 1：不要密封包紮或大面積厚敷
Slide 2：所有使用者、照護者與家庭購買者常見情境
Slide 3：安全使用比用得多更重要，依標示與風險族群提醒
Slide 4：2 歲以下、孕哺、過敏體質、抗凝血藥使用者請先詢問專業人員。
Slide 5：依標示使用，先收藏","不要密封包紮或大面積厚敷，適合用保守一點的方式理解。

外用保養的重點是依標示使用，搭配局部按摩與日常休息；如果症狀持續、惡化或影響活動，請諮詢醫師或藥師。

僅供外用。避免接觸眼睛、黏膜、破皮或傷口；特殊族群使用前請先諮詢專業人員。",#外用安全 #用藥安全 #使用前看標示 #諮詢醫師藥師,Slide 1：不要密封包紮或大面積厚敷｜Slide 2：所有使用者、照護者與家庭購買者常見情境｜Slide 3：安全使用比用得多更重要，依標示與風險族群提醒｜Slide 4：2 歲以下、孕哺、過敏體質、抗凝血藥使用者請先詢問專業人員。｜Slide 5：依標示使用，先收藏,僅供外用。避免接觸眼睛、黏膜、破皮或傷口；特殊族群使用前請先諮詢專業人員。,2 歲以下、孕哺、過敏體質、抗凝血藥使用者請先詢問專業人員。,根治|治療疾病|消炎治本|打通經絡|一擦就好|保證有效|深層修復|替代藥物
Instagram_LINE167,LINE167,Instagram,2026-08-26,12:00,藥證可查代表什麼,H,中,pending_legal_pharmacist_review,false,藥證可查代表什麼,"Slide 1：藥證可查代表什麼
Slide 2：重視藥證、成分、品質與合法性的消費者常見情境
Slide 3：強調藥證、標示、保守宣稱與人工審核流程
Slide 4：所有廣告文案仍須依主管機關與專業人員審核。
Slide 5：依標示使用，先收藏","藥證可查代表什麼，適合用保守一點的方式理解。

外用保養的重點是依標示使用，搭配局部按摩與日常休息；如果症狀持續、惡化或影響活動，請諮詢醫師或藥師。

本產品為外用油膏，請依核准標示使用；若症狀持續或惡化，請諮詢醫師或藥師。",#藥證可查 #品牌透明 #合法宣傳 #成分透明,Slide 1：藥證可查代表什麼｜Slide 2：重視藥證、成分、品質與合法性的消費者常見情境｜Slide 3：強調藥證、標示、保守宣稱與人工審核流程｜Slide 4：所有廣告文案仍須依主管機關與專業人員審核。｜Slide 5：依標示使用，先收藏,本產品為外用油膏，請依核准標示使用；若症狀持續或惡化，請諮詢醫師或藥師。,所有廣告文案仍須依主管機關與專業人員審核。,根治|治療疾病|消炎治本|打通經絡|一擦就好|保證有效|深層修復|替代藥物
Instagram_LINE168,LINE168,Instagram,2026-08-26,20:00,涼感越強越有效嗎,G,低,pending_legal_pharmacist_review,false,涼感越強越有效嗎,"Slide 1：涼感越強越有效嗎
Slide 2：LINE OA 好友、回購客與新客常見情境
Slide 3：用問答降低誤用，讓使用者知道何時該詢問專業人員
Slide 4：互動回答不取代醫師或藥師建議。
Slide 5：依標示使用，先收藏","涼感越強越有效嗎，適合用保守一點的方式理解。

外用保養的重點是依標示使用，搭配局部按摩與日常休息；如果症狀持續、惡化或影響活動，請諮詢醫師或藥師。

本內容為一般生活保健資訊，非醫療診斷或治療建議。",#互動問答 #保養知識 #使用小提醒 #金牌一條根,Slide 1：涼感越強越有效嗎｜Slide 2：LINE OA 好友、回購客與新客常見情境｜Slide 3：用問答降低誤用，讓使用者知道何時該詢問專業人員｜Slide 4：互動回答不取代醫師或藥師建議。｜Slide 5：依標示使用，先收藏,本內容為一般生活保健資訊，非醫療診斷或治療建議。,互動回答不取代醫師或藥師建議。,根治|治療疾病|消炎治本|打通經絡|一擦就好|保證有效|深層修復|替代藥物
Instagram_LINE169,LINE169,Instagram,2026-08-27,12:00,重訓後肩背局部舒緩,C,中,pending_legal_pharmacist_review,false,重訓後肩背局部舒緩,"Slide 1：重訓後肩背局部舒緩
Slide 2：運動族、搬重物、久站與勞動工作者常見情境
Slide 3：運動或勞動後的局部肌肉痠痛，可短期按摩舒緩
Slide 4：明顯腫脹、劇痛、活動受限或疑似受傷時，請先就醫。
Slide 5：依標示使用，先收藏","重訓後肩背局部舒緩，適合用保守一點的方式理解。

外用保養的重點是依標示使用，搭配局部按摩與日常休息；如果症狀持續、惡化或影響活動，請諮詢醫師或藥師。

本產品為外用油膏，請依核准標示使用；若症狀持續或惡化，請諮詢醫師或藥師。",#運動後保養 #局部按摩 #肌肉痠痛 #依標示使用,Slide 1：重訓後肩背局部舒緩｜Slide 2：運動族、搬重物、久站與勞動工作者常見情境｜Slide 3：運動或勞動後的局部肌肉痠痛，可短期按摩舒緩｜Slide 4：明顯腫脹、劇痛、活動受限或疑似受傷時，請先就醫。｜Slide 5：依標示使用，先收藏,本產品為外用油膏，請依核准標示使用；若症狀持續或惡化，請諮詢醫師或藥師。,明顯腫脹、劇痛、活動受限或疑似受傷時，請先就醫。,根治|治療疾病|消炎治本|打通經絡|一擦就好|保證有效|深層修復|替代藥物
Instagram_LINE170,LINE170,Instagram,2026-08-27,20:00,乙類成藥與一般保健品差異,A,中,pending_legal_pharmacist_review,false,乙類成藥與一般保健品差異,"Slide 1：乙類成藥與一般保健品差異
Slide 2：已購買或正在觀望的一條根使用者常見情境
Slide 3：依標示外用，提供局部按摩與暫時舒緩體感
Slide 4：僅供外用；避免眼周、黏膜、破皮或傷口。
Slide 5：依標示使用，先收藏","乙類成藥與一般保健品差異，適合用保守一點的方式理解。

外用保養的重點是依標示使用，搭配局部按摩與日常休息；如果症狀持續、惡化或影響活動，請諮詢醫師或藥師。

本產品為外用油膏，請依核准標示使用；若症狀持續或惡化，請諮詢醫師或藥師。",#金牌一條根 #外用油膏 #成分透明 #依標示使用,Slide 1：乙類成藥與一般保健品差異｜Slide 2：已購買或正在觀望的一條根使用者常見情境｜Slide 3：依標示外用，提供局部按摩與暫時舒緩體感｜Slide 4：僅供外用；避免眼周、黏膜、破皮或傷口。｜Slide 5：依標示使用，先收藏,本產品為外用油膏，請依核准標示使用；若症狀持續或惡化，請諮詢醫師或藥師。,僅供外用；避免眼周、黏膜、破皮或傷口。,根治|治療疾病|消炎治本|打通經絡|一擦就好|保證有效|深層修復|替代藥物
Instagram_LINE171,LINE171,Instagram,2026-08-28,12:00,天氣變化時的活動舒適感,D,中,pending_legal_pharmacist_review,false,天氣變化時的活動舒適感,"Slide 1：天氣變化時的活動舒適感
Slide 2：40-70 歲注重日常活動舒適度的族群常見情境
Slide 3：輕微關節痠痛可短期舒緩，但不可宣稱治療疾病
Slide 4：關節腫痛、紅熱、長期疼痛或行走困難，請就醫評估。
Slide 5：依標示使用，先收藏","天氣變化時的活動舒適感，適合用保守一點的方式理解。

外用保養的重點是依標示使用，搭配局部按摩與日常休息；如果症狀持續、惡化或影響活動，請諮詢醫師或藥師。

本產品為外用油膏，請依核准標示使用；若症狀持續或惡化，請諮詢醫師或藥師。",#銀髮保養 #活動舒適 #輕微痠痛 #依標示使用,Slide 1：天氣變化時的活動舒適感｜Slide 2：40-70 歲注重日常活動舒適度的族群常見情境｜Slide 3：輕微關節痠痛可短期舒緩，但不可宣稱治療疾病｜Slide 4：關節腫痛、紅熱、長期疼痛或行走困難，請就醫評估。｜Slide 5：依標示使用，先收藏,本產品為外用油膏，請依核准標示使用；若症狀持續或惡化，請諮詢醫師或藥師。,關節腫痛、紅熱、長期疼痛或行走困難，請就醫評估。,根治|治療疾病|消炎治本|打通經絡|一擦就好|保證有效|深層修復|替代藥物
Instagram_LINE172,LINE172,Instagram,2026-08-28,20:00,水楊酸或阿斯匹靈過敏者注意,E,高,pending_legal_pharmacist_review,false,水楊酸或阿斯匹靈過敏者注意,"Slide 1：水楊酸或阿斯匹靈過敏者注意
Slide 2：所有使用者、照護者與家庭購買者常見情境
Slide 3：安全使用比用得多更重要，依標示與風險族群提醒
Slide 4：2 歲以下、孕哺、過敏體質、抗凝血藥使用者請先詢問專業人員。
Slide 5：依標示使用，先收藏","水楊酸或阿斯匹靈過敏者注意，適合用保守一點的方式理解。

外用保養的重點是依標示使用，搭配局部按摩與日常休息；如果症狀持續、惡化或影響活動，請諮詢醫師或藥師。

僅供外用。避免接觸眼睛、黏膜、破皮或傷口；特殊族群使用前請先諮詢專業人員。",#外用安全 #用藥安全 #使用前看標示 #諮詢醫師藥師,Slide 1：水楊酸或阿斯匹靈過敏者注意｜Slide 2：所有使用者、照護者與家庭購買者常見情境｜Slide 3：安全使用比用得多更重要，依標示與風險族群提醒｜Slide 4：2 歲以下、孕哺、過敏體質、抗凝血藥使用者請先詢問專業人員。｜Slide 5：依標示使用，先收藏,僅供外用。避免接觸眼睛、黏膜、破皮或傷口；特殊族群使用前請先諮詢專業人員。,2 歲以下、孕哺、過敏體質、抗凝血藥使用者請先詢問專業人員。,根治|治療疾病|消炎治本|打通經絡|一擦就好|保證有效|深層修復|替代藥物
Instagram_LINE173,LINE173,Instagram,2026-08-29,12:00,立秋後早晚溫差保養,F,低,pending_legal_pharmacist_review,false,立秋後早晚溫差保養,"Slide 1：立秋後早晚溫差保養
Slide 2：喜歡養生、節氣與日常保健的 LINE 讀者常見情境
Slide 3：以生活保健與身體覺察為主，不做醫療療效宣稱
Slide 4：節氣養生屬一般生活資訊，身體不適仍應諮詢專業人員。
Slide 5：依標示使用，先收藏","立秋後早晚溫差保養，適合用保守一點的方式理解。

外用保養的重點是依標示使用，搭配局部按摩與日常休息；如果症狀持續、惡化或影響活動，請諮詢醫師或藥師。

本內容為一般生活保健資訊，非醫療診斷或治療建議。",#節氣保養 #生活保健 #日常保養 #身體覺察,Slide 1：立秋後早晚溫差保養｜Slide 2：喜歡養生、節氣與日常保健的 LINE 讀者常見情境｜Slide 3：以生活保健與身體覺察為主，不做醫療療效宣稱｜Slide 4：節氣養生屬一般生活資訊，身體不適仍應諮詢專業人員。｜Slide 5：依標示使用，先收藏,本內容為一般生活保健資訊，非醫療診斷或治療建議。,節氣養生屬一般生活資訊，身體不適仍應諮詢專業人員。,根治|治療疾病|消炎治本|打通經絡|一擦就好|保證有效|深層修復|替代藥物
Instagram_LINE174,LINE174,Instagram,2026-08-29,20:00,家事後手臂不適保養,C,中,pending_legal_pharmacist_review,false,家事後手臂不適保養,"Slide 1：家事後手臂不適保養
Slide 2：運動族、搬重物、久站與勞動工作者常見情境
Slide 3：運動或勞動後的局部肌肉痠痛，可短期按摩舒緩
Slide 4：明顯腫脹、劇痛、活動受限或疑似受傷時，請先就醫。
Slide 5：依標示使用，先收藏","家事後手臂不適保養，適合用保守一點的方式理解。

外用保養的重點是依標示使用，搭配局部按摩與日常休息；如果症狀持續、惡化或影響活動，請諮詢醫師或藥師。

本產品為外用油膏，請依核准標示使用；若症狀持續或惡化，請諮詢醫師或藥師。",#運動後保養 #局部按摩 #肌肉痠痛 #依標示使用,Slide 1：家事後手臂不適保養｜Slide 2：運動族、搬重物、久站與勞動工作者常見情境｜Slide 3：運動或勞動後的局部肌肉痠痛，可短期按摩舒緩｜Slide 4：明顯腫脹、劇痛、活動受限或疑似受傷時，請先就醫。｜Slide 5：依標示使用，先收藏,本產品為外用油膏，請依核准標示使用；若症狀持續或惡化，請諮詢醫師或藥師。,明顯腫脹、劇痛、活動受限或疑似受傷時，請先就醫。,根治|治療疾病|消炎治本|打通經絡|一擦就好|保證有效|深層修復|替代藥物
Instagram_LINE175,LINE175,Instagram,2026-08-30,12:00,你有看過外用產品標示嗎,G,低,pending_legal_pharmacist_review,false,你有看過外用產品標示嗎,"Slide 1：你有看過外用產品標示嗎
Slide 2：LINE OA 好友、回購客與新客常見情境
Slide 3：用問答降低誤用，讓使用者知道何時該詢問專業人員
Slide 4：互動回答不取代醫師或藥師建議。
Slide 5：依標示使用，先收藏","你有看過外用產品標示嗎，適合用保守一點的方式理解。

外用保養的重點是依標示使用，搭配局部按摩與日常休息；如果症狀持續、惡化或影響活動，請諮詢醫師或藥師。

本內容為一般生活保健資訊，非醫療診斷或治療建議。",#互動問答 #保養知識 #使用小提醒 #金牌一條根,Slide 1：你有看過外用產品標示嗎｜Slide 2：LINE OA 好友、回購客與新客常見情境｜Slide 3：用問答降低誤用，讓使用者知道何時該詢問專業人員｜Slide 4：互動回答不取代醫師或藥師建議。｜Slide 5：依標示使用，先收藏,本內容為一般生活保健資訊，非醫療診斷或治療建議。,互動回答不取代醫師或藥師建議。,根治|治療疾病|消炎治本|打通經絡|一擦就好|保證有效|深層修復|替代藥物
Instagram_LINE176,LINE176,Instagram,2026-08-30,20:00,長輩按摩力道不要過重,D,中,pending_legal_pharmacist_review,false,長輩按摩力道不要過重,"Slide 1：長輩按摩力道不要過重
Slide 2：40-70 歲注重日常活動舒適度的族群常見情境
Slide 3：輕微關節痠痛可短期舒緩，但不可宣稱治療疾病
Slide 4：關節腫痛、紅熱、長期疼痛或行走困難，請就醫評估。
Slide 5：依標示使用，先收藏","長輩按摩力道不要過重，適合用保守一點的方式理解。

外用保養的重點是依標示使用，搭配局部按摩與日常休息；如果症狀持續、惡化或影響活動，請諮詢醫師或藥師。

本產品為外用油膏，請依核准標示使用；若症狀持續或惡化，請諮詢醫師或藥師。",#銀髮保養 #活動舒適 #輕微痠痛 #依標示使用,Slide 1：長輩按摩力道不要過重｜Slide 2：40-70 歲注重日常活動舒適度的族群常見情境｜Slide 3：輕微關節痠痛可短期舒緩，但不可宣稱治療疾病｜Slide 4：關節腫痛、紅熱、長期疼痛或行走困難，請就醫評估。｜Slide 5：依標示使用，先收藏,本產品為外用油膏，請依核准標示使用；若症狀持續或惡化，請諮詢醫師或藥師。,關節腫痛、紅熱、長期疼痛或行走困難，請就醫評估。,根治|治療疾病|消炎治本|打通經絡|一擦就好|保證有效|深層修復|替代藥物
Instagram_LINE177,LINE177,Instagram,2026-08-31,12:00,開會久坐後的腰背舒緩,B,低,pending_legal_pharmacist_review,false,開會久坐後的腰背舒緩,"Slide 1：開會久坐後的腰背舒緩
Slide 2：長時間低頭、久坐、用電腦的上班族常見情境
Slide 3：久坐低頭後，可搭配伸展與局部按摩舒緩緊繃不適
Slide 4：若痠痛持續、麻木或影響活動，請諮詢醫師或藥師。
Slide 5：依標示使用，先收藏","開會久坐後的腰背舒緩，適合用保守一點的方式理解。

外用保養的重點是依標示使用，搭配局部按摩與日常休息；如果症狀持續、惡化或影響活動，請諮詢醫師或藥師。

本內容為一般生活保健資訊，非醫療診斷或治療建議。",#肩頸保養 #久坐族 #日常舒緩 #依標示使用,Slide 1：開會久坐後的腰背舒緩｜Slide 2：長時間低頭、久坐、用電腦的上班族常見情境｜Slide 3：久坐低頭後，可搭配伸展與局部按摩舒緩緊繃不適｜Slide 4：若痠痛持續、麻木或影響活動，請諮詢醫師或藥師。｜Slide 5：依標示使用，先收藏,本內容為一般生活保健資訊，非醫療診斷或治療建議。,若痠痛持續、麻木或影響活動，請諮詢醫師或藥師。,根治|治療疾病|消炎治本|打通經絡|一擦就好|保證有效|深層修復|替代藥物
Instagram_LINE178,LINE178,Instagram,2026-08-31,20:00,一條根外用膏的日常定位,A,中,pending_legal_pharmacist_review,false,一條根外用膏的日常定位,"Slide 1：一條根外用膏的日常定位
Slide 2：已購買或正在觀望的一條根使用者常見情境
Slide 3：依標示外用，提供局部按摩與暫時舒緩體感
Slide 4：僅供外用；避免眼周、黏膜、破皮或傷口。
Slide 5：依標示使用，先收藏","一條根外用膏的日常定位，適合用保守一點的方式理解。

外用保養的重點是依標示使用，搭配局部按摩與日常休息；如果症狀持續、惡化或影響活動，請諮詢醫師或藥師。

本產品為外用油膏，請依核准標示使用；若症狀持續或惡化，請諮詢醫師或藥師。",#金牌一條根 #外用油膏 #成分透明 #依標示使用,Slide 1：一條根外用膏的日常定位｜Slide 2：已購買或正在觀望的一條根使用者常見情境｜Slide 3：依標示外用，提供局部按摩與暫時舒緩體感｜Slide 4：僅供外用；避免眼周、黏膜、破皮或傷口。｜Slide 5：依標示使用，先收藏,本產品為外用油膏，請依核准標示使用；若症狀持續或惡化，請諮詢醫師或藥師。,僅供外用；避免眼周、黏膜、破皮或傷口。,根治|治療疾病|消炎治本|打通經絡|一擦就好|保證有效|深層修復|替代藥物
Instagram_LINE179,LINE179,Instagram,2026-09-01,12:00,處暑後運動暖身提醒,F,低,pending_legal_pharmacist_review,false,處暑後運動暖身提醒,"Slide 1：處暑後運動暖身提醒
Slide 2：喜歡養生、節氣與日常保健的 LINE 讀者常見情境
Slide 3：以生活保健與身體覺察為主，不做醫療療效宣稱
Slide 4：節氣養生屬一般生活資訊，身體不適仍應諮詢專業人員。
Slide 5：依標示使用，先收藏","處暑後運動暖身提醒，適合用保守一點的方式理解。

外用保養的重點是依標示使用，搭配局部按摩與日常休息；如果症狀持續、惡化或影響活動，請諮詢醫師或藥師。

本內容為一般生活保健資訊，非醫療診斷或治療建議。",#節氣保養 #生活保健 #日常保養 #身體覺察,Slide 1：處暑後運動暖身提醒｜Slide 2：喜歡養生、節氣與日常保健的 LINE 讀者常見情境｜Slide 3：以生活保健與身體覺察為主，不做醫療療效宣稱｜Slide 4：節氣養生屬一般生活資訊，身體不適仍應諮詢專業人員。｜Slide 5：依標示使用，先收藏,本內容為一般生活保健資訊，非醫療診斷或治療建議。,節氣養生屬一般生活資訊，身體不適仍應諮詢專業人員。,根治|治療疾病|消炎治本|打通經絡|一擦就好|保證有效|深層修復|替代藥物
Instagram_LINE180,LINE180,Instagram,2026-09-01,20:00,兒童使用前的安全提醒,E,高,pending_legal_pharmacist_review,false,兒童使用前的安全提醒,"Slide 1：兒童使用前的安全提醒
Slide 2：所有使用者、照護者與家庭購買者常見情境
Slide 3：安全使用比用得多更重要，依標示與風險族群提醒
Slide 4：2 歲以下、孕哺、過敏體質、抗凝血藥使用者請先詢問專業人員。
Slide 5：依標示使用，先收藏","兒童使用前的安全提醒，適合用保守一點的方式理解。

外用保養的重點是依標示使用，搭配局部按摩與日常休息；如果症狀持續、惡化或影響活動，請諮詢醫師或藥師。

僅供外用。避免接觸眼睛、黏膜、破皮或傷口；特殊族群使用前請先諮詢專業人員。",#外用安全 #用藥安全 #使用前看標示 #諮詢醫師藥師,Slide 1：兒童使用前的安全提醒｜Slide 2：所有使用者、照護者與家庭購買者常見情境｜Slide 3：安全使用比用得多更重要，依標示與風險族群提醒｜Slide 4：2 歲以下、孕哺、過敏體質、抗凝血藥使用者請先詢問專業人員。｜Slide 5：依標示使用，先收藏,僅供外用。避免接觸眼睛、黏膜、破皮或傷口；特殊族群使用前請先諮詢專業人員。,2 歲以下、孕哺、過敏體質、抗凝血藥使用者請先詢問專業人員。,根治|治療疾病|消炎治本|打通經絡|一擦就好|保證有效|深層修復|替代藥物
Instagram_LINE181,LINE181,Instagram,2026-09-02,12:00,外用膏廣告為什麼要保守,H,中,pending_legal_pharmacist_review,false,外用膏廣告為什麼要保守,"Slide 1：外用膏廣告為什麼要保守
Slide 2：重視藥證、成分、品質與合法性的消費者常見情境
Slide 3：強調藥證、標示、保守宣稱與人工審核流程
Slide 4：所有廣告文案仍須依主管機關與專業人員審核。
Slide 5：依標示使用，先收藏","外用膏廣告為什麼要保守，適合用保守一點的方式理解。

外用保養的重點是依標示使用，搭配局部按摩與日常休息；如果症狀持續、惡化或影響活動，請諮詢醫師或藥師。

本產品為外用油膏，請依核准標示使用；若症狀持續或惡化，請諮詢醫師或藥師。",#藥證可查 #品牌透明 #合法宣傳 #成分透明,Slide 1：外用膏廣告為什麼要保守｜Slide 2：重視藥證、成分、品質與合法性的消費者常見情境｜Slide 3：強調藥證、標示、保守宣稱與人工審核流程｜Slide 4：所有廣告文案仍須依主管機關與專業人員審核。｜Slide 5：依標示使用，先收藏,本產品為外用油膏，請依核准標示使用；若症狀持續或惡化，請諮詢醫師或藥師。,所有廣告文案仍須依主管機關與專業人員審核。,根治|治療疾病|消炎治本|打通經絡|一擦就好|保證有效|深層修復|替代藥物
Instagram_LINE182,LINE182,Instagram,2026-09-02,20:00,久坐族最想舒緩哪裡,G,低,pending_legal_pharmacist_review,false,久坐族最想舒緩哪裡,"Slide 1：久坐族最想舒緩哪裡
Slide 2：LINE OA 好友、回購客與新客常見情境
Slide 3：用問答降低誤用，讓使用者知道何時該詢問專業人員
Slide 4：互動回答不取代醫師或藥師建議。
Slide 5：依標示使用，先收藏","久坐族最想舒緩哪裡，適合用保守一點的方式理解。

外用保養的重點是依標示使用，搭配局部按摩與日常休息；如果症狀持續、惡化或影響活動，請諮詢醫師或藥師。

本內容為一般生活保健資訊，非醫療診斷或治療建議。",#互動問答 #保養知識 #使用小提醒 #金牌一條根,Slide 1：久坐族最想舒緩哪裡｜Slide 2：LINE OA 好友、回購客與新客常見情境｜Slide 3：用問答降低誤用，讓使用者知道何時該詢問專業人員｜Slide 4：互動回答不取代醫師或藥師建議。｜Slide 5：依標示使用，先收藏,本內容為一般生活保健資訊，非醫療診斷或治療建議。,互動回答不取代醫師或藥師建議。,根治|治療疾病|消炎治本|打通經絡|一擦就好|保證有效|深層修復|替代藥物
Instagram_LINE183,LINE183,Instagram,2026-09-03,12:00,跑步後膝周不適的保守提醒,C,中,pending_legal_pharmacist_review,false,跑步後膝周不適的保守提醒,"Slide 1：跑步後膝周不適的保守提醒
Slide 2：運動族、搬重物、久站與勞動工作者常見情境
Slide 3：運動或勞動後的局部肌肉痠痛，可短期按摩舒緩
Slide 4：明顯腫脹、劇痛、活動受限或疑似受傷時，請先就醫。
Slide 5：依標示使用，先收藏","跑步後膝周不適的保守提醒，適合用保守一點的方式理解。

外用保養的重點是依標示使用，搭配局部按摩與日常休息；如果症狀持續、惡化或影響活動，請諮詢醫師或藥師。

本產品為外用油膏，請依核准標示使用；若症狀持續或惡化，請諮詢醫師或藥師。",#運動後保養 #局部按摩 #肌肉痠痛 #依標示使用,Slide 1：跑步後膝周不適的保守提醒｜Slide 2：運動族、搬重物、久站與勞動工作者常見情境｜Slide 3：運動或勞動後的局部肌肉痠痛，可短期按摩舒緩｜Slide 4：明顯腫脹、劇痛、活動受限或疑似受傷時，請先就醫。｜Slide 5：依標示使用，先收藏,本產品為外用油膏，請依核准標示使用；若症狀持續或惡化，請諮詢醫師或藥師。,明顯腫脹、劇痛、活動受限或疑似受傷時，請先就醫。,根治|治療疾病|消炎治本|打通經絡|一擦就好|保證有效|深層修復|替代藥物
Instagram_LINE184,LINE184,Instagram,2026-09-03,20:00,成分濃度為什麼要看標示,A,中,pending_legal_pharmacist_review,false,成分濃度為什麼要看標示,"Slide 1：成分濃度為什麼要看標示
Slide 2：已購買或正在觀望的一條根使用者常見情境
Slide 3：依標示外用，提供局部按摩與暫時舒緩體感
Slide 4：僅供外用；避免眼周、黏膜、破皮或傷口。
Slide 5：依標示使用，先收藏","成分濃度為什麼要看標示，適合用保守一點的方式理解。

外用保養的重點是依標示使用，搭配局部按摩與日常休息；如果症狀持續、惡化或影響活動，請諮詢醫師或藥師。

本產品為外用油膏，請依核准標示使用；若症狀持續或惡化，請諮詢醫師或藥師。",#金牌一條根 #外用油膏 #成分透明 #依標示使用,Slide 1：成分濃度為什麼要看標示｜Slide 2：已購買或正在觀望的一條根使用者常見情境｜Slide 3：依標示外用，提供局部按摩與暫時舒緩體感｜Slide 4：僅供外用；避免眼周、黏膜、破皮或傷口。｜Slide 5：依標示使用，先收藏,本產品為外用油膏，請依核准標示使用；若症狀持續或惡化，請諮詢醫師或藥師。,僅供外用；避免眼周、黏膜、破皮或傷口。,根治|治療疾病|消炎治本|打通經絡|一擦就好|保證有效|深層修復|替代藥物
Instagram_LINE185,LINE185,Instagram,2026-09-04,12:00,照顧爸媽時的外用提醒,D,中,pending_legal_pharmacist_review,false,照顧爸媽時的外用提醒,"Slide 1：照顧爸媽時的外用提醒
Slide 2：40-70 歲注重日常活動舒適度的族群常見情境
Slide 3：輕微關節痠痛可短期舒緩，但不可宣稱治療疾病
Slide 4：關節腫痛、紅熱、長期疼痛或行走困難，請就醫評估。
Slide 5：依標示使用，先收藏","照顧爸媽時的外用提醒，適合用保守一點的方式理解。

外用保養的重點是依標示使用，搭配局部按摩與日常休息；如果症狀持續、惡化或影響活動，請諮詢醫師或藥師。

本產品為外用油膏，請依核准標示使用；若症狀持續或惡化，請諮詢醫師或藥師。",#銀髮保養 #活動舒適 #輕微痠痛 #依標示使用,Slide 1：照顧爸媽時的外用提醒｜Slide 2：40-70 歲注重日常活動舒適度的族群常見情境｜Slide 3：輕微關節痠痛可短期舒緩，但不可宣稱治療疾病｜Slide 4：關節腫痛、紅熱、長期疼痛或行走困難，請就醫評估。｜Slide 5：依標示使用，先收藏,本產品為外用油膏，請依核准標示使用；若症狀持續或惡化，請諮詢醫師或藥師。,關節腫痛、紅熱、長期疼痛或行走困難，請就醫評估。,根治|治療疾病|消炎治本|打通經絡|一擦就好|保證有效|深層修復|替代藥物
Instagram_LINE186,LINE186,Instagram,2026-09-04,20:00,孕婦與哺乳族群先詢問專業人員,E,高,pending_legal_pharmacist_review,false,孕婦與哺乳族群先詢問專業人員,"Slide 1：孕婦與哺乳族群先詢問專業人員
Slide 2：所有使用者、照護者與家庭購買者常見情境
Slide 3：安全使用比用得多更重要，依標示與風險族群提醒
Slide 4：2 歲以下、孕哺、過敏體質、抗凝血藥使用者請先詢問專業人員。
Slide 5：依標示使用，先收藏","孕婦與哺乳族群先詢問專業人員，適合用保守一點的方式理解。

外用保養的重點是依標示使用，搭配局部按摩與日常休息；如果症狀持續、惡化或影響活動，請諮詢醫師或藥師。

僅供外用。避免接觸眼睛、黏膜、破皮或傷口；特殊族群使用前請先諮詢專業人員。",#外用安全 #用藥安全 #使用前看標示 #諮詢醫師藥師,Slide 1：孕婦與哺乳族群先詢問專業人員｜Slide 2：所有使用者、照護者與家庭購買者常見情境｜Slide 3：安全使用比用得多更重要，依標示與風險族群提醒｜Slide 4：2 歲以下、孕哺、過敏體質、抗凝血藥使用者請先詢問專業人員。｜Slide 5：依標示使用，先收藏,僅供外用。避免接觸眼睛、黏膜、破皮或傷口；特殊族群使用前請先諮詢專業人員。,2 歲以下、孕哺、過敏體質、抗凝血藥使用者請先詢問專業人員。,根治|治療疾病|消炎治本|打通經絡|一擦就好|保證有效|深層修復|替代藥物
Instagram_LINE187,LINE187,Instagram,2026-09-05,12:00,白露時節關心長輩活動,F,低,pending_legal_pharmacist_review,false,白露時節關心長輩活動,"Slide 1：白露時節關心長輩活動
Slide 2：喜歡養生、節氣與日常保健的 LINE 讀者常見情境
Slide 3：以生活保健與身體覺察為主，不做醫療療效宣稱
Slide 4：節氣養生屬一般生活資訊，身體不適仍應諮詢專業人員。
Slide 5：依標示使用，先收藏","白露時節關心長輩活動，適合用保守一點的方式理解。

外用保養的重點是依標示使用，搭配局部按摩與日常休息；如果症狀持續、惡化或影響活動，請諮詢醫師或藥師。

本內容為一般生活保健資訊，非醫療診斷或治療建議。",#節氣保養 #生活保健 #日常保養 #身體覺察,Slide 1：白露時節關心長輩活動｜Slide 2：喜歡養生、節氣與日常保健的 LINE 讀者常見情境｜Slide 3：以生活保健與身體覺察為主，不做醫療療效宣稱｜Slide 4：節氣養生屬一般生活資訊，身體不適仍應諮詢專業人員。｜Slide 5：依標示使用，先收藏,本內容為一般生活保健資訊，非醫療診斷或治療建議。,節氣養生屬一般生活資訊，身體不適仍應諮詢專業人員。,根治|治療疾病|消炎治本|打通經絡|一擦就好|保證有效|深層修復|替代藥物
Instagram_LINE188,LINE188,Instagram,2026-09-05,20:00,勞動後先休息再按摩,C,中,pending_legal_pharmacist_review,false,勞動後先休息再按摩,"Slide 1：勞動後先休息再按摩
Slide 2：運動族、搬重物、久站與勞動工作者常見情境
Slide 3：運動或勞動後的局部肌肉痠痛，可短期按摩舒緩
Slide 4：明顯腫脹、劇痛、活動受限或疑似受傷時，請先就醫。
Slide 5：依標示使用，先收藏","勞動後先休息再按摩，適合用保守一點的方式理解。

外用保養的重點是依標示使用，搭配局部按摩與日常休息；如果症狀持續、惡化或影響活動，請諮詢醫師或藥師。

本產品為外用油膏，請依核准標示使用；若症狀持續或惡化，請諮詢醫師或藥師。",#運動後保養 #局部按摩 #肌肉痠痛 #依標示使用,Slide 1：勞動後先休息再按摩｜Slide 2：運動族、搬重物、久站與勞動工作者常見情境｜Slide 3：運動或勞動後的局部肌肉痠痛，可短期按摩舒緩｜Slide 4：明顯腫脹、劇痛、活動受限或疑似受傷時，請先就醫。｜Slide 5：依標示使用，先收藏,本產品為外用油膏，請依核准標示使用；若症狀持續或惡化，請諮詢醫師或藥師。,明顯腫脹、劇痛、活動受限或疑似受傷時，請先就醫。,根治|治療疾病|消炎治本|打通經絡|一擦就好|保證有效|深層修復|替代藥物
Instagram_LINE189,LINE189,Instagram,2026-09-06,12:00,長輩使用外用膏你會提醒什麼,G,低,pending_legal_pharmacist_review,false,長輩使用外用膏你會提醒什麼,"Slide 1：長輩使用外用膏你會提醒什麼
Slide 2：LINE OA 好友、回購客與新客常見情境
Slide 3：用問答降低誤用，讓使用者知道何時該詢問專業人員
Slide 4：互動回答不取代醫師或藥師建議。
Slide 5：依標示使用，先收藏","長輩使用外用膏你會提醒什麼，適合用保守一點的方式理解。

外用保養的重點是依標示使用，搭配局部按摩與日常休息；如果症狀持續、惡化或影響活動，請諮詢醫師或藥師。

本內容為一般生活保健資訊，非醫療診斷或治療建議。",#互動問答 #保養知識 #使用小提醒 #金牌一條根,Slide 1：長輩使用外用膏你會提醒什麼｜Slide 2：LINE OA 好友、回購客與新客常見情境｜Slide 3：用問答降低誤用，讓使用者知道何時該詢問專業人員｜Slide 4：互動回答不取代醫師或藥師建議。｜Slide 5：依標示使用，先收藏,本內容為一般生活保健資訊，非醫療診斷或治療建議。,互動回答不取代醫師或藥師建議。,根治|治療疾病|消炎治本|打通經絡|一擦就好|保證有效|深層修復|替代藥物
Instagram_LINE190,LINE190,Instagram,2026-09-06,20:00,日常活動舒適度的三個習慣,D,中,pending_legal_pharmacist_review,false,日常活動舒適度的三個習慣,"Slide 1：日常活動舒適度的三個習慣
Slide 2：40-70 歲注重日常活動舒適度的族群常見情境
Slide 3：輕微關節痠痛可短期舒緩，但不可宣稱治療疾病
Slide 4：關節腫痛、紅熱、長期疼痛或行走困難，請就醫評估。
Slide 5：依標示使用，先收藏","日常活動舒適度的三個習慣，適合用保守一點的方式理解。

外用保養的重點是依標示使用，搭配局部按摩與日常休息；如果症狀持續、惡化或影響活動，請諮詢醫師或藥師。

本產品為外用油膏，請依核准標示使用；若症狀持續或惡化，請諮詢醫師或藥師。",#銀髮保養 #活動舒適 #輕微痠痛 #依標示使用,Slide 1：日常活動舒適度的三個習慣｜Slide 2：40-70 歲注重日常活動舒適度的族群常見情境｜Slide 3：輕微關節痠痛可短期舒緩，但不可宣稱治療疾病｜Slide 4：關節腫痛、紅熱、長期疼痛或行走困難，請就醫評估。｜Slide 5：依標示使用，先收藏,本產品為外用油膏，請依核准標示使用；若症狀持續或惡化，請諮詢醫師或藥師。,關節腫痛、紅熱、長期疼痛或行走困難，請就醫評估。,根治|治療疾病|消炎治本|打通經絡|一擦就好|保證有效|深層修復|替代藥物
Instagram_LINE191,LINE191,Instagram,2026-09-07,12:00,下班前五分鐘伸展,B,低,pending_legal_pharmacist_review,false,下班前五分鐘伸展,"Slide 1：下班前五分鐘伸展
Slide 2：長時間低頭、久坐、用電腦的上班族常見情境
Slide 3：久坐低頭後，可搭配伸展與局部按摩舒緩緊繃不適
Slide 4：若痠痛持續、麻木或影響活動，請諮詢醫師或藥師。
Slide 5：依標示使用，先收藏","下班前五分鐘伸展，適合用保守一點的方式理解。

外用保養的重點是依標示使用，搭配局部按摩與日常休息；如果症狀持續、惡化或影響活動，請諮詢醫師或藥師。

本內容為一般生活保健資訊，非醫療診斷或治療建議。",#肩頸保養 #久坐族 #日常舒緩 #依標示使用,Slide 1：下班前五分鐘伸展｜Slide 2：長時間低頭、久坐、用電腦的上班族常見情境｜Slide 3：久坐低頭後，可搭配伸展與局部按摩舒緩緊繃不適｜Slide 4：若痠痛持續、麻木或影響活動，請諮詢醫師或藥師。｜Slide 5：依標示使用，先收藏,本內容為一般生活保健資訊，非醫療診斷或治療建議。,若痠痛持續、麻木或影響活動，請諮詢醫師或藥師。,根治|治療疾病|消炎治本|打通經絡|一擦就好|保證有效|深層修復|替代藥物
Instagram_LINE192,LINE192,Instagram,2026-09-07,20:00,局部按摩和大面積厚敷的差別,A,中,pending_legal_pharmacist_review,false,局部按摩和大面積厚敷的差別,"Slide 1：局部按摩和大面積厚敷的差別
Slide 2：已購買或正在觀望的一條根使用者常見情境
Slide 3：依標示外用，提供局部按摩與暫時舒緩體感
Slide 4：僅供外用；避免眼周、黏膜、破皮或傷口。
Slide 5：依標示使用，先收藏","局部按摩和大面積厚敷的差別，適合用保守一點的方式理解。

外用保養的重點是依標示使用，搭配局部按摩與日常休息；如果症狀持續、惡化或影響活動，請諮詢醫師或藥師。

本產品為外用油膏，請依核准標示使用；若症狀持續或惡化，請諮詢醫師或藥師。",#金牌一條根 #外用油膏 #成分透明 #依標示使用,Slide 1：局部按摩和大面積厚敷的差別｜Slide 2：已購買或正在觀望的一條根使用者常見情境｜Slide 3：依標示外用，提供局部按摩與暫時舒緩體感｜Slide 4：僅供外用；避免眼周、黏膜、破皮或傷口。｜Slide 5：依標示使用，先收藏,本產品為外用油膏，請依核准標示使用；若症狀持續或惡化，請諮詢醫師或藥師。,僅供外用；避免眼周、黏膜、破皮或傷口。,根治|治療疾病|消炎治本|打通經絡|一擦就好|保證有效|深層修復|替代藥物
Instagram_LINE193,LINE193,Instagram,2026-09-08,12:00,秋分後外出前暖身,F,低,pending_legal_pharmacist_review,false,秋分後外出前暖身,"Slide 1：秋分後外出前暖身
Slide 2：喜歡養生、節氣與日常保健的 LINE 讀者常見情境
Slide 3：以生活保健與身體覺察為主，不做醫療療效宣稱
Slide 4：節氣養生屬一般生活資訊，身體不適仍應諮詢專業人員。
Slide 5：依標示使用，先收藏","秋分後外出前暖身，適合用保守一點的方式理解。

外用保養的重點是依標示使用，搭配局部按摩與日常休息；如果症狀持續、惡化或影響活動，請諮詢醫師或藥師。

本內容為一般生活保健資訊，非醫療診斷或治療建議。",#節氣保養 #生活保健 #日常保養 #身體覺察,Slide 1：秋分後外出前暖身｜Slide 2：喜歡養生、節氣與日常保健的 LINE 讀者常見情境｜Slide 3：以生活保健與身體覺察為主，不做醫療療效宣稱｜Slide 4：節氣養生屬一般生活資訊，身體不適仍應諮詢專業人員。｜Slide 5：依標示使用，先收藏,本內容為一般生活保健資訊，非醫療診斷或治療建議。,節氣養生屬一般生活資訊，身體不適仍應諮詢專業人員。,根治|治療疾病|消炎治本|打通經絡|一擦就好|保證有效|深層修復|替代藥物
Instagram_LINE194,LINE194,Instagram,2026-09-08,20:00,症狀超過七天要停用並諮詢,E,高,pending_legal_pharmacist_review,false,症狀超過七天要停用並諮詢,"Slide 1：症狀超過七天要停用並諮詢
Slide 2：所有使用者、照護者與家庭購買者常見情境
Slide 3：安全使用比用得多更重要，依標示與風險族群提醒
Slide 4：2 歲以下、孕哺、過敏體質、抗凝血藥使用者請先詢問專業人員。
Slide 5：依標示使用，先收藏","症狀超過七天要停用並諮詢，適合用保守一點的方式理解。

外用保養的重點是依標示使用，搭配局部按摩與日常休息；如果症狀持續、惡化或影響活動，請諮詢醫師或藥師。

僅供外用。避免接觸眼睛、黏膜、破皮或傷口；特殊族群使用前請先諮詢專業人員。",#外用安全 #用藥安全 #使用前看標示 #諮詢醫師藥師,Slide 1：症狀超過七天要停用並諮詢｜Slide 2：所有使用者、照護者與家庭購買者常見情境｜Slide 3：安全使用比用得多更重要，依標示與風險族群提醒｜Slide 4：2 歲以下、孕哺、過敏體質、抗凝血藥使用者請先詢問專業人員。｜Slide 5：依標示使用，先收藏,僅供外用。避免接觸眼睛、黏膜、破皮或傷口；特殊族群使用前請先諮詢專業人員。,2 歲以下、孕哺、過敏體質、抗凝血藥使用者請先詢問專業人員。,根治|治療疾病|消炎治本|打通經絡|一擦就好|保證有效|深層修復|替代藥物
Instagram_LINE195,LINE195,Instagram,2026-09-09,12:00,成分透明是基本功,H,中,pending_legal_pharmacist_review,false,成分透明是基本功,"Slide 1：成分透明是基本功
Slide 2：重視藥證、成分、品質與合法性的消費者常見情境
Slide 3：強調藥證、標示、保守宣稱與人工審核流程
Slide 4：所有廣告文案仍須依主管機關與專業人員審核。
Slide 5：依標示使用，先收藏","成分透明是基本功，適合用保守一點的方式理解。

外用保養的重點是依標示使用，搭配局部按摩與日常休息；如果症狀持續、惡化或影響活動，請諮詢醫師或藥師。

本產品為外用油膏，請依核准標示使用；若症狀持續或惡化，請諮詢醫師或藥師。",#藥證可查 #品牌透明 #合法宣傳 #成分透明,Slide 1：成分透明是基本功｜Slide 2：重視藥證、成分、品質與合法性的消費者常見情境｜Slide 3：強調藥證、標示、保守宣稱與人工審核流程｜Slide 4：所有廣告文案仍須依主管機關與專業人員審核。｜Slide 5：依標示使用，先收藏,本產品為外用油膏，請依核准標示使用；若症狀持續或惡化，請諮詢醫師或藥師。,所有廣告文案仍須依主管機關與專業人員審核。,根治|治療疾病|消炎治本|打通經絡|一擦就好|保證有效|深層修復|替代藥物
Instagram_LINE196,LINE196,Instagram,2026-09-09,20:00,一條根可以天天厚敷嗎,G,低,pending_legal_pharmacist_review,false,一條根可以天天厚敷嗎,"Slide 1：一條根可以天天厚敷嗎
Slide 2：LINE OA 好友、回購客與新客常見情境
Slide 3：用問答降低誤用，讓使用者知道何時該詢問專業人員
Slide 4：互動回答不取代醫師或藥師建議。
Slide 5：依標示使用，先收藏","一條根可以天天厚敷嗎，適合用保守一點的方式理解。

外用保養的重點是依標示使用，搭配局部按摩與日常休息；如果症狀持續、惡化或影響活動，請諮詢醫師或藥師。

本內容為一般生活保健資訊，非醫療診斷或治療建議。",#互動問答 #保養知識 #使用小提醒 #金牌一條根,Slide 1：一條根可以天天厚敷嗎｜Slide 2：LINE OA 好友、回購客與新客常見情境｜Slide 3：用問答降低誤用，讓使用者知道何時該詢問專業人員｜Slide 4：互動回答不取代醫師或藥師建議。｜Slide 5：依標示使用，先收藏,本內容為一般生活保健資訊，非醫療診斷或治療建議。,互動回答不取代醫師或藥師建議。,根治|治療疾病|消炎治本|打通經絡|一擦就好|保證有效|深層修復|替代藥物
Instagram_LINE197,LINE197,Instagram,2026-09-10,12:00,運動後不要立刻熱敷加藥膏,C,中,pending_legal_pharmacist_review,false,運動後不要立刻熱敷加藥膏,"Slide 1：運動後不要立刻熱敷加藥膏
Slide 2：運動族、搬重物、久站與勞動工作者常見情境
Slide 3：運動或勞動後的局部肌肉痠痛，可短期按摩舒緩
Slide 4：明顯腫脹、劇痛、活動受限或疑似受傷時，請先就醫。
Slide 5：依標示使用，先收藏","運動後不要立刻熱敷加藥膏，適合用保守一點的方式理解。

外用保養的重點是依標示使用，搭配局部按摩與日常休息；如果症狀持續、惡化或影響活動，請諮詢醫師或藥師。

本產品為外用油膏，請依核准標示使用；若症狀持續或惡化，請諮詢醫師或藥師。",#運動後保養 #局部按摩 #肌肉痠痛 #依標示使用,Slide 1：運動後不要立刻熱敷加藥膏｜Slide 2：運動族、搬重物、久站與勞動工作者常見情境｜Slide 3：運動或勞動後的局部肌肉痠痛，可短期按摩舒緩｜Slide 4：明顯腫脹、劇痛、活動受限或疑似受傷時，請先就醫。｜Slide 5：依標示使用，先收藏,本產品為外用油膏，請依核准標示使用；若症狀持續或惡化，請諮詢醫師或藥師。,明顯腫脹、劇痛、活動受限或疑似受傷時，請先就醫。,根治|治療疾病|消炎治本|打通經絡|一擦就好|保證有效|深層修復|替代藥物
Instagram_LINE198,LINE198,Instagram,2026-09-10,20:00,使用前先小範圍測試,A,中,pending_legal_pharmacist_review,false,使用前先小範圍測試,"Slide 1：使用前先小範圍測試
Slide 2：已購買或正在觀望的一條根使用者常見情境
Slide 3：依標示外用，提供局部按摩與暫時舒緩體感
Slide 4：僅供外用；避免眼周、黏膜、破皮或傷口。
Slide 5：依標示使用，先收藏","使用前先小範圍測試，適合用保守一點的方式理解。

外用保養的重點是依標示使用，搭配局部按摩與日常休息；如果症狀持續、惡化或影響活動，請諮詢醫師或藥師。

本產品為外用油膏，請依核准標示使用；若症狀持續或惡化，請諮詢醫師或藥師。",#金牌一條根 #外用油膏 #成分透明 #依標示使用,Slide 1：使用前先小範圍測試｜Slide 2：已購買或正在觀望的一條根使用者常見情境｜Slide 3：依標示外用，提供局部按摩與暫時舒緩體感｜Slide 4：僅供外用；避免眼周、黏膜、破皮或傷口。｜Slide 5：依標示使用，先收藏,本產品為外用油膏，請依核准標示使用；若症狀持續或惡化，請諮詢醫師或藥師。,僅供外用；避免眼周、黏膜、破皮或傷口。,根治|治療疾病|消炎治本|打通經絡|一擦就好|保證有效|深層修復|替代藥物
Instagram_LINE199,LINE199,Instagram,2026-09-11,12:00,長輩使用前先看標示,D,中,pending_legal_pharmacist_review,false,長輩使用前先看標示,"Slide 1：長輩使用前先看標示
Slide 2：40-70 歲注重日常活動舒適度的族群常見情境
Slide 3：輕微關節痠痛可短期舒緩，但不可宣稱治療疾病
Slide 4：關節腫痛、紅熱、長期疼痛或行走困難，請就醫評估。
Slide 5：依標示使用，先收藏","長輩使用前先看標示，適合用保守一點的方式理解。

外用保養的重點是依標示使用，搭配局部按摩與日常休息；如果症狀持續、惡化或影響活動，請諮詢醫師或藥師。

本產品為外用油膏，請依核准標示使用；若症狀持續或惡化，請諮詢醫師或藥師。",#銀髮保養 #活動舒適 #輕微痠痛 #依標示使用,Slide 1：長輩使用前先看標示｜Slide 2：40-70 歲注重日常活動舒適度的族群常見情境｜Slide 3：輕微關節痠痛可短期舒緩，但不可宣稱治療疾病｜Slide 4：關節腫痛、紅熱、長期疼痛或行走困難，請就醫評估。｜Slide 5：依標示使用，先收藏,本產品為外用油膏，請依核准標示使用；若症狀持續或惡化，請諮詢醫師或藥師。,關節腫痛、紅熱、長期疼痛或行走困難，請就醫評估。,根治|治療疾病|消炎治本|打通經絡|一擦就好|保證有效|深層修復|替代藥物
Instagram_LINE200,LINE200,Instagram,2026-09-11,20:00,皮膚刺激時要停止使用,E,高,pending_legal_pharmacist_review,false,皮膚刺激時要停止使用,"Slide 1：皮膚刺激時要停止使用
Slide 2：所有使用者、照護者與家庭購買者常見情境
Slide 3：安全使用比用得多更重要，依標示與風險族群提醒
Slide 4：2 歲以下、孕哺、過敏體質、抗凝血藥使用者請先詢問專業人員。
Slide 5：依標示使用，先收藏","皮膚刺激時要停止使用，適合用保守一點的方式理解。

外用保養的重點是依標示使用，搭配局部按摩與日常休息；如果症狀持續、惡化或影響活動，請諮詢醫師或藥師。

僅供外用。避免接觸眼睛、黏膜、破皮或傷口；特殊族群使用前請先諮詢專業人員。",#外用安全 #用藥安全 #使用前看標示 #諮詢醫師藥師,Slide 1：皮膚刺激時要停止使用｜Slide 2：所有使用者、照護者與家庭購買者常見情境｜Slide 3：安全使用比用得多更重要，依標示與風險族群提醒｜Slide 4：2 歲以下、孕哺、過敏體質、抗凝血藥使用者請先詢問專業人員。｜Slide 5：依標示使用，先收藏,僅供外用。避免接觸眼睛、黏膜、破皮或傷口；特殊族群使用前請先諮詢專業人員。,2 歲以下、孕哺、過敏體質、抗凝血藥使用者請先詢問專業人員。,根治|治療疾病|消炎治本|打通經絡|一擦就好|保證有效|深層修復|替代藥物
Instagram_LINE201,LINE201,Instagram,2026-09-12,12:00,寒露後肩背保養,F,低,pending_legal_pharmacist_review,false,寒露後肩背保養,"Slide 1：寒露後肩背保養
Slide 2：喜歡養生、節氣與日常保健的 LINE 讀者常見情境
Slide 3：以生活保健與身體覺察為主，不做醫療療效宣稱
Slide 4：節氣養生屬一般生活資訊，身體不適仍應諮詢專業人員。
Slide 5：依標示使用，先收藏","寒露後肩背保養，適合用保守一點的方式理解。

外用保養的重點是依標示使用，搭配局部按摩與日常休息；如果症狀持續、惡化或影響活動，請諮詢醫師或藥師。

本內容為一般生活保健資訊，非醫療診斷或治療建議。",#節氣保養 #生活保健 #日常保養 #身體覺察,Slide 1：寒露後肩背保養｜Slide 2：喜歡養生、節氣與日常保健的 LINE 讀者常見情境｜Slide 3：以生活保健與身體覺察為主，不做醫療療效宣稱｜Slide 4：節氣養生屬一般生活資訊，身體不適仍應諮詢專業人員。｜Slide 5：依標示使用，先收藏,本內容為一般生活保健資訊，非醫療診斷或治療建議。,節氣養生屬一般生活資訊，身體不適仍應諮詢專業人員。,根治|治療疾病|消炎治本|打通經絡|一擦就好|保證有效|深層修復|替代藥物
Instagram_LINE202,LINE202,Instagram,2026-09-12,20:00,輕微拉扯後的觀察重點,C,中,pending_legal_pharmacist_review,false,輕微拉扯後的觀察重點,"Slide 1：輕微拉扯後的觀察重點
Slide 2：運動族、搬重物、久站與勞動工作者常見情境
Slide 3：運動或勞動後的局部肌肉痠痛，可短期按摩舒緩
Slide 4：明顯腫脹、劇痛、活動受限或疑似受傷時，請先就醫。
Slide 5：依標示使用，先收藏","輕微拉扯後的觀察重點，適合用保守一點的方式理解。

外用保養的重點是依標示使用，搭配局部按摩與日常休息；如果症狀持續、惡化或影響活動，請諮詢醫師或藥師。

本產品為外用油膏，請依核准標示使用；若症狀持續或惡化，請諮詢醫師或藥師。",#運動後保養 #局部按摩 #肌肉痠痛 #依標示使用,Slide 1：輕微拉扯後的觀察重點｜Slide 2：運動族、搬重物、久站與勞動工作者常見情境｜Slide 3：運動或勞動後的局部肌肉痠痛，可短期按摩舒緩｜Slide 4：明顯腫脹、劇痛、活動受限或疑似受傷時，請先就醫。｜Slide 5：依標示使用，先收藏,本產品為外用油膏，請依核准標示使用；若症狀持續或惡化，請諮詢醫師或藥師。,明顯腫脹、劇痛、活動受限或疑似受傷時，請先就醫。,根治|治療疾病|消炎治本|打通經絡|一擦就好|保證有效|深層修復|替代藥物
Instagram_LINE203,LINE203,Instagram,2026-09-13,12:00,擦完可以馬上熱敷嗎,G,低,pending_legal_pharmacist_review,false,擦完可以馬上熱敷嗎,"Slide 1：擦完可以馬上熱敷嗎
Slide 2：LINE OA 好友、回購客與新客常見情境
Slide 3：用問答降低誤用，讓使用者知道何時該詢問專業人員
Slide 4：互動回答不取代醫師或藥師建議。
Slide 5：依標示使用，先收藏","擦完可以馬上熱敷嗎，適合用保守一點的方式理解。

外用保養的重點是依標示使用，搭配局部按摩與日常休息；如果症狀持續、惡化或影響活動，請諮詢醫師或藥師。

本內容為一般生活保健資訊，非醫療診斷或治療建議。",#互動問答 #保養知識 #使用小提醒 #金牌一條根,Slide 1：擦完可以馬上熱敷嗎｜Slide 2：LINE OA 好友、回購客與新客常見情境｜Slide 3：用問答降低誤用，讓使用者知道何時該詢問專業人員｜Slide 4：互動回答不取代醫師或藥師建議。｜Slide 5：依標示使用，先收藏,本內容為一般生活保健資訊，非醫療診斷或治療建議。,互動回答不取代醫師或藥師建議。,根治|治療疾病|消炎治本|打通經絡|一擦就好|保證有效|深層修復|替代藥物
Instagram_LINE204,LINE204,Instagram,2026-09-13,20:00,別把長期疼痛只當小問題,D,中,pending_legal_pharmacist_review,false,別把長期疼痛只當小問題,"Slide 1：別把長期疼痛只當小問題
Slide 2：40-70 歲注重日常活動舒適度的族群常見情境
Slide 3：輕微關節痠痛可短期舒緩，但不可宣稱治療疾病
Slide 4：關節腫痛、紅熱、長期疼痛或行走困難，請就醫評估。
Slide 5：依標示使用，先收藏","別把長期疼痛只當小問題，適合用保守一點的方式理解。

外用保養的重點是依標示使用，搭配局部按摩與日常休息；如果症狀持續、惡化或影響活動，請諮詢醫師或藥師。

本產品為外用油膏，請依核准標示使用；若症狀持續或惡化，請諮詢醫師或藥師。",#銀髮保養 #活動舒適 #輕微痠痛 #依標示使用,Slide 1：別把長期疼痛只當小問題｜Slide 2：40-70 歲注重日常活動舒適度的族群常見情境｜Slide 3：輕微關節痠痛可短期舒緩，但不可宣稱治療疾病｜Slide 4：關節腫痛、紅熱、長期疼痛或行走困難，請就醫評估。｜Slide 5：依標示使用，先收藏,本產品為外用油膏，請依核准標示使用；若症狀持續或惡化，請諮詢醫師或藥師。,關節腫痛、紅熱、長期疼痛或行走困難，請就醫評估。,根治|治療疾病|消炎治本|打通經絡|一擦就好|保證有效|深層修復|替代藥物
Instagram_LINE205,LINE205,Instagram,2026-09-14,12:00,滑手機後頸部保養,B,低,pending_legal_pharmacist_review,false,滑手機後頸部保養,"Slide 1：滑手機後頸部保養
Slide 2：長時間低頭、久坐、用電腦的上班族常見情境
Slide 3：久坐低頭後，可搭配伸展與局部按摩舒緩緊繃不適
Slide 4：若痠痛持續、麻木或影響活動，請諮詢醫師或藥師。
Slide 5：依標示使用，先收藏","滑手機後頸部保養，適合用保守一點的方式理解。

外用保養的重點是依標示使用，搭配局部按摩與日常休息；如果症狀持續、惡化或影響活動，請諮詢醫師或藥師。

本內容為一般生活保健資訊，非醫療診斷或治療建議。",#肩頸保養 #久坐族 #日常舒緩 #依標示使用,Slide 1：滑手機後頸部保養｜Slide 2：長時間低頭、久坐、用電腦的上班族常見情境｜Slide 3：久坐低頭後，可搭配伸展與局部按摩舒緩緊繃不適｜Slide 4：若痠痛持續、麻木或影響活動，請諮詢醫師或藥師。｜Slide 5：依標示使用，先收藏,本內容為一般生活保健資訊，非醫療診斷或治療建議。,若痠痛持續、麻木或影響活動，請諮詢醫師或藥師。,根治|治療疾病|消炎治本|打通經絡|一擦就好|保證有效|深層修復|替代藥物
Instagram_LINE206,LINE206,Instagram,2026-09-14,20:00,產品不是神藥，定位要講清楚,A,中,pending_legal_pharmacist_review,false,產品不是神藥，定位要講清楚,"Slide 1：產品不是神藥，定位要講清楚
Slide 2：已購買或正在觀望的一條根使用者常見情境
Slide 3：依標示外用，提供局部按摩與暫時舒緩體感
Slide 4：僅供外用；避免眼周、黏膜、破皮或傷口。
Slide 5：依標示使用，先收藏","產品不是神藥，定位要講清楚，適合用保守一點的方式理解。

外用保養的重點是依標示使用，搭配局部按摩與日常休息；如果症狀持續、惡化或影響活動，請諮詢醫師或藥師。

本產品為外用油膏，請依核准標示使用；若症狀持續或惡化，請諮詢醫師或藥師。",#金牌一條根 #外用油膏 #成分透明 #依標示使用,Slide 1：產品不是神藥，定位要講清楚｜Slide 2：已購買或正在觀望的一條根使用者常見情境｜Slide 3：依標示外用，提供局部按摩與暫時舒緩體感｜Slide 4：僅供外用；避免眼周、黏膜、破皮或傷口。｜Slide 5：依標示使用，先收藏,本產品為外用油膏，請依核准標示使用；若症狀持續或惡化，請諮詢醫師或藥師。,僅供外用；避免眼周、黏膜、破皮或傷口。,根治|治療疾病|消炎治本|打通經絡|一擦就好|保證有效|深層修復|替代藥物
Instagram_LINE207,LINE207,Instagram,2026-09-15,12:00,立冬前後的日常舒緩儀式,F,低,pending_legal_pharmacist_review,false,立冬前後的日常舒緩儀式,"Slide 1：立冬前後的日常舒緩儀式
Slide 2：喜歡養生、節氣與日常保健的 LINE 讀者常見情境
Slide 3：以生活保健與身體覺察為主，不做醫療療效宣稱
Slide 4：節氣養生屬一般生活資訊，身體不適仍應諮詢專業人員。
Slide 5：依標示使用，先收藏","立冬前後的日常舒緩儀式，適合用保守一點的方式理解。

外用保養的重點是依標示使用，搭配局部按摩與日常休息；如果症狀持續、惡化或影響活動，請諮詢醫師或藥師。

本內容為一般生活保健資訊，非醫療診斷或治療建議。",#節氣保養 #生活保健 #日常保養 #身體覺察,Slide 1：立冬前後的日常舒緩儀式｜Slide 2：喜歡養生、節氣與日常保健的 LINE 讀者常見情境｜Slide 3：以生活保健與身體覺察為主，不做醫療療效宣稱｜Slide 4：節氣養生屬一般生活資訊，身體不適仍應諮詢專業人員。｜Slide 5：依標示使用，先收藏,本內容為一般生活保健資訊，非醫療診斷或治療建議。,節氣養生屬一般生活資訊，身體不適仍應諮詢專業人員。,根治|治療疾病|消炎治本|打通經絡|一擦就好|保證有效|深層修復|替代藥物
Instagram_LINE208,LINE208,Instagram,2026-09-15,20:00,深層症狀不適合自行處理,E,高,pending_legal_pharmacist_review,false,深層症狀不適合自行處理,"Slide 1：深層症狀不適合自行處理
Slide 2：所有使用者、照護者與家庭購買者常見情境
Slide 3：安全使用比用得多更重要，依標示與風險族群提醒
Slide 4：2 歲以下、孕哺、過敏體質、抗凝血藥使用者請先詢問專業人員。
Slide 5：依標示使用，先收藏","深層症狀不適合自行處理，適合用保守一點的方式理解。

外用保養的重點是依標示使用，搭配局部按摩與日常休息；如果症狀持續、惡化或影響活動，請諮詢醫師或藥師。

僅供外用。避免接觸眼睛、黏膜、破皮或傷口；特殊族群使用前請先諮詢專業人員。",#外用安全 #用藥安全 #使用前看標示 #諮詢醫師藥師,Slide 1：深層症狀不適合自行處理｜Slide 2：所有使用者、照護者與家庭購買者常見情境｜Slide 3：安全使用比用得多更重要，依標示與風險族群提醒｜Slide 4：2 歲以下、孕哺、過敏體質、抗凝血藥使用者請先詢問專業人員。｜Slide 5：依標示使用，先收藏,僅供外用。避免接觸眼睛、黏膜、破皮或傷口；特殊族群使用前請先諮詢專業人員。,2 歲以下、孕哺、過敏體質、抗凝血藥使用者請先詢問專業人員。,根治|治療疾病|消炎治本|打通經絡|一擦就好|保證有效|深層修復|替代藥物
Instagram_LINE209,LINE209,Instagram,2026-09-16,12:00,每篇貼文都要人工審核,H,中,pending_legal_pharmacist_review,false,每篇貼文都要人工審核,"Slide 1：每篇貼文都要人工審核
Slide 2：重視藥證、成分、品質與合法性的消費者常見情境
Slide 3：強調藥證、標示、保守宣稱與人工審核流程
Slide 4：所有廣告文案仍須依主管機關與專業人員審核。
Slide 5：依標示使用，先收藏","每篇貼文都要人工審核，適合用保守一點的方式理解。

外用保養的重點是依標示使用，搭配局部按摩與日常休息；如果症狀持續、惡化或影響活動，請諮詢醫師或藥師。

本產品為外用油膏，請依核准標示使用；若症狀持續或惡化，請諮詢醫師或藥師。",#藥證可查 #品牌透明 #合法宣傳 #成分透明,Slide 1：每篇貼文都要人工審核｜Slide 2：重視藥證、成分、品質與合法性的消費者常見情境｜Slide 3：強調藥證、標示、保守宣稱與人工審核流程｜Slide 4：所有廣告文案仍須依主管機關與專業人員審核。｜Slide 5：依標示使用，先收藏,本產品為外用油膏，請依核准標示使用；若症狀持續或惡化，請諮詢醫師或藥師。,所有廣告文案仍須依主管機關與專業人員審核。,根治|治療疾病|消炎治本|打通經絡|一擦就好|保證有效|深層修復|替代藥物
Instagram_LINE210,LINE210,Instagram,2026-09-16,20:00,哪些情況應該先就醫,G,低,pending_legal_pharmacist_review,false,哪些情況應該先就醫,"Slide 1：哪些情況應該先就醫
Slide 2：LINE OA 好友、回購客與新客常見情境
Slide 3：用問答降低誤用，讓使用者知道何時該詢問專業人員
Slide 4：互動回答不取代醫師或藥師建議。
Slide 5：依標示使用，先收藏","哪些情況應該先就醫，適合用保守一點的方式理解。

外用保養的重點是依標示使用，搭配局部按摩與日常休息；如果症狀持續、惡化或影響活動，請諮詢醫師或藥師。

本內容為一般生活保健資訊，非醫療診斷或治療建議。",#互動問答 #保養知識 #使用小提醒 #金牌一條根,Slide 1：哪些情況應該先就醫｜Slide 2：LINE OA 好友、回購客與新客常見情境｜Slide 3：用問答降低誤用，讓使用者知道何時該詢問專業人員｜Slide 4：互動回答不取代醫師或藥師建議。｜Slide 5：依標示使用，先收藏,本內容為一般生活保健資訊，非醫療診斷或治療建議。,互動回答不取代醫師或藥師建議。,根治|治療疾病|消炎治本|打通經絡|一擦就好|保證有效|深層修復|替代藥物
Instagram_LINE211,LINE211,Instagram,2026-09-17,12:00,運動後局部痠痛的保守處理,C,中,pending_legal_pharmacist_review,false,運動後局部痠痛的保守處理,"Slide 1：運動後局部痠痛的保守處理
Slide 2：運動族、搬重物、久站與勞動工作者常見情境
Slide 3：運動或勞動後的局部肌肉痠痛，可短期按摩舒緩
Slide 4：明顯腫脹、劇痛、活動受限或疑似受傷時，請先就醫。
Slide 5：依標示使用，先收藏","運動後局部痠痛的保守處理，適合用保守一點的方式理解。

外用保養的重點是依標示使用，搭配局部按摩與日常休息；如果症狀持續、惡化或影響活動，請諮詢醫師或藥師。

本產品為外用油膏，請依核准標示使用；若症狀持續或惡化，請諮詢醫師或藥師。",#運動後保養 #局部按摩 #肌肉痠痛 #依標示使用,Slide 1：運動後局部痠痛的保守處理｜Slide 2：運動族、搬重物、久站與勞動工作者常見情境｜Slide 3：運動或勞動後的局部肌肉痠痛，可短期按摩舒緩｜Slide 4：明顯腫脹、劇痛、活動受限或疑似受傷時，請先就醫。｜Slide 5：依標示使用，先收藏,本產品為外用油膏，請依核准標示使用；若症狀持續或惡化，請諮詢醫師或藥師。,明顯腫脹、劇痛、活動受限或疑似受傷時，請先就醫。,根治|治療疾病|消炎治本|打通經絡|一擦就好|保證有效|深層修復|替代藥物
Instagram_LINE212,LINE212,Instagram,2026-09-17,20:00,冬青油與清涼舒緩體感,A,中,pending_legal_pharmacist_review,false,冬青油與清涼舒緩體感,"Slide 1：冬青油與清涼舒緩體感
Slide 2：已購買或正在觀望的一條根使用者常見情境
Slide 3：依標示外用，提供局部按摩與暫時舒緩體感
Slide 4：僅供外用；避免眼周、黏膜、破皮或傷口。
Slide 5：依標示使用，先收藏","冬青油與清涼舒緩體感，適合用保守一點的方式理解。

外用保養的重點是依標示使用，搭配局部按摩與日常休息；如果症狀持續、惡化或影響活動，請諮詢醫師或藥師。

本產品為外用油膏，請依核准標示使用；若症狀持續或惡化，請諮詢醫師或藥師。",#金牌一條根 #外用油膏 #成分透明 #依標示使用,Slide 1：冬青油與清涼舒緩體感｜Slide 2：已購買或正在觀望的一條根使用者常見情境｜Slide 3：依標示外用，提供局部按摩與暫時舒緩體感｜Slide 4：僅供外用；避免眼周、黏膜、破皮或傷口。｜Slide 5：依標示使用，先收藏,本產品為外用油膏，請依核准標示使用；若症狀持續或惡化，請諮詢醫師或藥師。,僅供外用；避免眼周、黏膜、破皮或傷口。,根治|治療疾病|消炎治本|打通經絡|一擦就好|保證有效|深層修復|替代藥物
Instagram_LINE213,LINE213,Instagram,2026-09-18,12:00,早晨活動前的關節暖身,D,中,pending_legal_pharmacist_review,false,早晨活動前的關節暖身,"Slide 1：早晨活動前的關節暖身
Slide 2：40-70 歲注重日常活動舒適度的族群常見情境
Slide 3：輕微關節痠痛可短期舒緩，但不可宣稱治療疾病
Slide 4：關節腫痛、紅熱、長期疼痛或行走困難，請就醫評估。
Slide 5：依標示使用，先收藏","早晨活動前的關節暖身，適合用保守一點的方式理解。

外用保養的重點是依標示使用，搭配局部按摩與日常休息；如果症狀持續、惡化或影響活動，請諮詢醫師或藥師。

本產品為外用油膏，請依核准標示使用；若症狀持續或惡化，請諮詢醫師或藥師。",#銀髮保養 #活動舒適 #輕微痠痛 #依標示使用,Slide 1：早晨活動前的關節暖身｜Slide 2：40-70 歲注重日常活動舒適度的族群常見情境｜Slide 3：輕微關節痠痛可短期舒緩，但不可宣稱治療疾病｜Slide 4：關節腫痛、紅熱、長期疼痛或行走困難，請就醫評估。｜Slide 5：依標示使用，先收藏,本產品為外用油膏，請依核准標示使用；若症狀持續或惡化，請諮詢醫師或藥師。,關節腫痛、紅熱、長期疼痛或行走困難，請就醫評估。,根治|治療疾病|消炎治本|打通經絡|一擦就好|保證有效|深層修復|替代藥物
Instagram_LINE214,LINE214,Instagram,2026-09-18,20:00,不能擦在破皮或傷口,E,高,pending_legal_pharmacist_review,false,不能擦在破皮或傷口,"Slide 1：不能擦在破皮或傷口
Slide 2：所有使用者、照護者與家庭購買者常見情境
Slide 3：安全使用比用得多更重要，依標示與風險族群提醒
Slide 4：2 歲以下、孕哺、過敏體質、抗凝血藥使用者請先詢問專業人員。
Slide 5：依標示使用，先收藏","不能擦在破皮或傷口，適合用保守一點的方式理解。

外用保養的重點是依標示使用，搭配局部按摩與日常休息；如果症狀持續、惡化或影響活動，請諮詢醫師或藥師。

僅供外用。避免接觸眼睛、黏膜、破皮或傷口；特殊族群使用前請先諮詢專業人員。",#外用安全 #用藥安全 #使用前看標示 #諮詢醫師藥師,Slide 1：不能擦在破皮或傷口｜Slide 2：所有使用者、照護者與家庭購買者常見情境｜Slide 3：安全使用比用得多更重要，依標示與風險族群提醒｜Slide 4：2 歲以下、孕哺、過敏體質、抗凝血藥使用者請先詢問專業人員。｜Slide 5：依標示使用，先收藏,僅供外用。避免接觸眼睛、黏膜、破皮或傷口；特殊族群使用前請先諮詢專業人員。,2 歲以下、孕哺、過敏體質、抗凝血藥使用者請先詢問專業人員。,根治|治療疾病|消炎治本|打通經絡|一擦就好|保證有效|深層修復|替代藥物
Instagram_LINE215,LINE215,Instagram,2026-09-19,12:00,芒種後濕熱生活保養,F,低,pending_legal_pharmacist_review,false,芒種後濕熱生活保養,"Slide 1：芒種後濕熱生活保養
Slide 2：喜歡養生、節氣與日常保健的 LINE 讀者常見情境
Slide 3：以生活保健與身體覺察為主，不做醫療療效宣稱
Slide 4：節氣養生屬一般生活資訊，身體不適仍應諮詢專業人員。
Slide 5：依標示使用，先收藏","芒種後濕熱生活保養，適合用保守一點的方式理解。

外用保養的重點是依標示使用，搭配局部按摩與日常休息；如果症狀持續、惡化或影響活動，請諮詢醫師或藥師。

本內容為一般生活保健資訊，非醫療診斷或治療建議。",#節氣保養 #生活保健 #日常保養 #身體覺察,Slide 1：芒種後濕熱生活保養｜Slide 2：喜歡養生、節氣與日常保健的 LINE 讀者常見情境｜Slide 3：以生活保健與身體覺察為主，不做醫療療效宣稱｜Slide 4：節氣養生屬一般生活資訊，身體不適仍應諮詢專業人員。｜Slide 5：依標示使用，先收藏,本內容為一般生活保健資訊，非醫療診斷或治療建議。,節氣養生屬一般生活資訊，身體不適仍應諮詢專業人員。,根治|治療疾病|消炎治本|打通經絡|一擦就好|保證有效|深層修復|替代藥物
Instagram_LINE216,LINE216,Instagram,2026-09-19,20:00,久站後小腿不適舒緩,C,中,pending_legal_pharmacist_review,false,久站後小腿不適舒緩,"Slide 1：久站後小腿不適舒緩
Slide 2：運動族、搬重物、久站與勞動工作者常見情境
Slide 3：運動或勞動後的局部肌肉痠痛，可短期按摩舒緩
Slide 4：明顯腫脹、劇痛、活動受限或疑似受傷時，請先就醫。
Slide 5：依標示使用，先收藏","久站後小腿不適舒緩，適合用保守一點的方式理解。

外用保養的重點是依標示使用，搭配局部按摩與日常休息；如果症狀持續、惡化或影響活動，請諮詢醫師或藥師。

本產品為外用油膏，請依核准標示使用；若症狀持續或惡化，請諮詢醫師或藥師。",#運動後保養 #局部按摩 #肌肉痠痛 #依標示使用,Slide 1：久站後小腿不適舒緩｜Slide 2：運動族、搬重物、久站與勞動工作者常見情境｜Slide 3：運動或勞動後的局部肌肉痠痛，可短期按摩舒緩｜Slide 4：明顯腫脹、劇痛、活動受限或疑似受傷時，請先就醫。｜Slide 5：依標示使用，先收藏,本產品為外用油膏，請依核准標示使用；若症狀持續或惡化，請諮詢醫師或藥師。,明顯腫脹、劇痛、活動受限或疑似受傷時，請先就醫。,根治|治療疾病|消炎治本|打通經絡|一擦就好|保證有效|深層修復|替代藥物
Instagram_LINE217,LINE217,Instagram,2026-09-20,12:00,你最常哪個部位緊繃,G,低,pending_legal_pharmacist_review,false,你最常哪個部位緊繃,"Slide 1：你最常哪個部位緊繃
Slide 2：LINE OA 好友、回購客與新客常見情境
Slide 3：用問答降低誤用，讓使用者知道何時該詢問專業人員
Slide 4：互動回答不取代醫師或藥師建議。
Slide 5：依標示使用，先收藏","你最常哪個部位緊繃，適合用保守一點的方式理解。

外用保養的重點是依標示使用，搭配局部按摩與日常休息；如果症狀持續、惡化或影響活動，請諮詢醫師或藥師。

本內容為一般生活保健資訊，非醫療診斷或治療建議。",#互動問答 #保養知識 #使用小提醒 #金牌一條根,Slide 1：你最常哪個部位緊繃｜Slide 2：LINE OA 好友、回購客與新客常見情境｜Slide 3：用問答降低誤用，讓使用者知道何時該詢問專業人員｜Slide 4：互動回答不取代醫師或藥師建議。｜Slide 5：依標示使用，先收藏,本內容為一般生活保健資訊，非醫療診斷或治療建議。,互動回答不取代醫師或藥師建議。,根治|治療疾病|消炎治本|打通經絡|一擦就好|保證有效|深層修復|替代藥物
Instagram_LINE218,LINE218,Instagram,2026-09-20,20:00,長輩外用膏使用安全,D,中,pending_legal_pharmacist_review,false,長輩外用膏使用安全,"Slide 1：長輩外用膏使用安全
Slide 2：40-70 歲注重日常活動舒適度的族群常見情境
Slide 3：輕微關節痠痛可短期舒緩，但不可宣稱治療疾病
Slide 4：關節腫痛、紅熱、長期疼痛或行走困難，請就醫評估。
Slide 5：依標示使用，先收藏","長輩外用膏使用安全，適合用保守一點的方式理解。

外用保養的重點是依標示使用，搭配局部按摩與日常休息；如果症狀持續、惡化或影響活動，請諮詢醫師或藥師。

本產品為外用油膏，請依核准標示使用；若症狀持續或惡化，請諮詢醫師或藥師。",#銀髮保養 #活動舒適 #輕微痠痛 #依標示使用,Slide 1：長輩外用膏使用安全｜Slide 2：40-70 歲注重日常活動舒適度的族群常見情境｜Slide 3：輕微關節痠痛可短期舒緩，但不可宣稱治療疾病｜Slide 4：關節腫痛、紅熱、長期疼痛或行走困難，請就醫評估。｜Slide 5：依標示使用，先收藏,本產品為外用油膏，請依核准標示使用；若症狀持續或惡化，請諮詢醫師或藥師。,關節腫痛、紅熱、長期疼痛或行走困難，請就醫評估。,根治|治療疾病|消炎治本|打通經絡|一擦就好|保證有效|深層修復|替代藥物
Instagram_LINE219,LINE219,Instagram,2026-09-21,12:00,辦公桌前的姿勢檢查,B,低,pending_legal_pharmacist_review,false,辦公桌前的姿勢檢查,"Slide 1：辦公桌前的姿勢檢查
Slide 2：長時間低頭、久坐、用電腦的上班族常見情境
Slide 3：久坐低頭後，可搭配伸展與局部按摩舒緩緊繃不適
Slide 4：若痠痛持續、麻木或影響活動，請諮詢醫師或藥師。
Slide 5：依標示使用，先收藏","辦公桌前的姿勢檢查，適合用保守一點的方式理解。

外用保養的重點是依標示使用，搭配局部按摩與日常休息；如果症狀持續、惡化或影響活動，請諮詢醫師或藥師。

本內容為一般生活保健資訊，非醫療診斷或治療建議。",#肩頸保養 #久坐族 #日常舒緩 #依標示使用,Slide 1：辦公桌前的姿勢檢查｜Slide 2：長時間低頭、久坐、用電腦的上班族常見情境｜Slide 3：久坐低頭後，可搭配伸展與局部按摩舒緩緊繃不適｜Slide 4：若痠痛持續、麻木或影響活動，請諮詢醫師或藥師。｜Slide 5：依標示使用，先收藏,本內容為一般生活保健資訊，非醫療診斷或治療建議。,若痠痛持續、麻木或影響活動，請諮詢醫師或藥師。,根治|治療疾病|消炎治本|打通經絡|一擦就好|保證有效|深層修復|替代藥物
Instagram_LINE220,LINE220,Instagram,2026-09-21,20:00,薄荷腦帶來的涼感來源,A,中,pending_legal_pharmacist_review,false,薄荷腦帶來的涼感來源,"Slide 1：薄荷腦帶來的涼感來源
Slide 2：已購買或正在觀望的一條根使用者常見情境
Slide 3：依標示外用，提供局部按摩與暫時舒緩體感
Slide 4：僅供外用；避免眼周、黏膜、破皮或傷口。
Slide 5：依標示使用，先收藏","薄荷腦帶來的涼感來源，適合用保守一點的方式理解。

外用保養的重點是依標示使用，搭配局部按摩與日常休息；如果症狀持續、惡化或影響活動，請諮詢醫師或藥師。

本產品為外用油膏，請依核准標示使用；若症狀持續或惡化，請諮詢醫師或藥師。",#金牌一條根 #外用油膏 #成分透明 #依標示使用,Slide 1：薄荷腦帶來的涼感來源｜Slide 2：已購買或正在觀望的一條根使用者常見情境｜Slide 3：依標示外用，提供局部按摩與暫時舒緩體感｜Slide 4：僅供外用；避免眼周、黏膜、破皮或傷口。｜Slide 5：依標示使用，先收藏,本產品為外用油膏，請依核准標示使用；若症狀持續或惡化，請諮詢醫師或藥師。,僅供外用；避免眼周、黏膜、破皮或傷口。,根治|治療疾病|消炎治本|打通經絡|一擦就好|保證有效|深層修復|替代藥物
Instagram_LINE221,LINE221,Instagram,2026-09-22,12:00,夏季冷氣房的肩頸保養,F,低,pending_legal_pharmacist_review,false,夏季冷氣房的肩頸保養,"Slide 1：夏季冷氣房的肩頸保養
Slide 2：喜歡養生、節氣與日常保健的 LINE 讀者常見情境
Slide 3：以生活保健與身體覺察為主，不做醫療療效宣稱
Slide 4：節氣養生屬一般生活資訊，身體不適仍應諮詢專業人員。
Slide 5：依標示使用，先收藏","夏季冷氣房的肩頸保養，適合用保守一點的方式理解。

外用保養的重點是依標示使用，搭配局部按摩與日常休息；如果症狀持續、惡化或影響活動，請諮詢醫師或藥師。

本內容為一般生活保健資訊，非醫療診斷或治療建議。",#節氣保養 #生活保健 #日常保養 #身體覺察,Slide 1：夏季冷氣房的肩頸保養｜Slide 2：喜歡養生、節氣與日常保健的 LINE 讀者常見情境｜Slide 3：以生活保健與身體覺察為主，不做醫療療效宣稱｜Slide 4：節氣養生屬一般生活資訊，身體不適仍應諮詢專業人員。｜Slide 5：依標示使用，先收藏,本內容為一般生活保健資訊，非醫療診斷或治療建議。,節氣養生屬一般生活資訊，身體不適仍應諮詢專業人員。,根治|治療疾病|消炎治本|打通經絡|一擦就好|保證有效|深層修復|替代藥物
Instagram_LINE222,LINE222,Instagram,2026-09-22,20:00,外用膏避免眼周與黏膜,E,高,pending_legal_pharmacist_review,false,外用膏避免眼周與黏膜,"Slide 1：外用膏避免眼周與黏膜
Slide 2：所有使用者、照護者與家庭購買者常見情境
Slide 3：安全使用比用得多更重要，依標示與風險族群提醒
Slide 4：2 歲以下、孕哺、過敏體質、抗凝血藥使用者請先詢問專業人員。
Slide 5：依標示使用，先收藏","外用膏避免眼周與黏膜，適合用保守一點的方式理解。

外用保養的重點是依標示使用，搭配局部按摩與日常休息；如果症狀持續、惡化或影響活動，請諮詢醫師或藥師。

僅供外用。避免接觸眼睛、黏膜、破皮或傷口；特殊族群使用前請先諮詢專業人員。",#外用安全 #用藥安全 #使用前看標示 #諮詢醫師藥師,Slide 1：外用膏避免眼周與黏膜｜Slide 2：所有使用者、照護者與家庭購買者常見情境｜Slide 3：安全使用比用得多更重要，依標示與風險族群提醒｜Slide 4：2 歲以下、孕哺、過敏體質、抗凝血藥使用者請先詢問專業人員。｜Slide 5：依標示使用，先收藏,僅供外用。避免接觸眼睛、黏膜、破皮或傷口；特殊族群使用前請先諮詢專業人員。,2 歲以下、孕哺、過敏體質、抗凝血藥使用者請先詢問專業人員。,根治|治療疾病|消炎治本|打通經絡|一擦就好|保證有效|深層修復|替代藥物
Instagram_LINE223,LINE223,Instagram,2026-09-23,12:00,合法宣傳比誇大更長久,H,中,pending_legal_pharmacist_review,false,合法宣傳比誇大更長久,"Slide 1：合法宣傳比誇大更長久
Slide 2：重視藥證、成分、品質與合法性的消費者常見情境
Slide 3：強調藥證、標示、保守宣稱與人工審核流程
Slide 4：所有廣告文案仍須依主管機關與專業人員審核。
Slide 5：依標示使用，先收藏","合法宣傳比誇大更長久，適合用保守一點的方式理解。

外用保養的重點是依標示使用，搭配局部按摩與日常休息；如果症狀持續、惡化或影響活動，請諮詢醫師或藥師。

本產品為外用油膏，請依核准標示使用；若症狀持續或惡化，請諮詢醫師或藥師。",#藥證可查 #品牌透明 #合法宣傳 #成分透明,Slide 1：合法宣傳比誇大更長久｜Slide 2：重視藥證、成分、品質與合法性的消費者常見情境｜Slide 3：強調藥證、標示、保守宣稱與人工審核流程｜Slide 4：所有廣告文案仍須依主管機關與專業人員審核。｜Slide 5：依標示使用，先收藏,本產品為外用油膏，請依核准標示使用；若症狀持續或惡化，請諮詢醫師或藥師。,所有廣告文案仍須依主管機關與專業人員審核。,根治|治療疾病|消炎治本|打通經絡|一擦就好|保證有效|深層修復|替代藥物
Instagram_LINE224,LINE224,Instagram,2026-09-23,20:00,你習慣運動前還是運動後保養,G,低,pending_legal_pharmacist_review,false,你習慣運動前還是運動後保養,"Slide 1：你習慣運動前還是運動後保養
Slide 2：LINE OA 好友、回購客與新客常見情境
Slide 3：用問答降低誤用，讓使用者知道何時該詢問專業人員
Slide 4：互動回答不取代醫師或藥師建議。
Slide 5：依標示使用，先收藏","你習慣運動前還是運動後保養，適合用保守一點的方式理解。

外用保養的重點是依標示使用，搭配局部按摩與日常休息；如果症狀持續、惡化或影響活動，請諮詢醫師或藥師。

本內容為一般生活保健資訊，非醫療診斷或治療建議。",#互動問答 #保養知識 #使用小提醒 #金牌一條根,Slide 1：你習慣運動前還是運動後保養｜Slide 2：LINE OA 好友、回購客與新客常見情境｜Slide 3：用問答降低誤用，讓使用者知道何時該詢問專業人員｜Slide 4：互動回答不取代醫師或藥師建議。｜Slide 5：依標示使用，先收藏,本內容為一般生活保健資訊，非醫療診斷或治療建議。,互動回答不取代醫師或藥師建議。,根治|治療疾病|消炎治本|打通經絡|一擦就好|保證有效|深層修復|替代藥物
Instagram_LINE225,LINE225,Instagram,2026-09-24,12:00,搬重物後腰背保養,C,中,pending_legal_pharmacist_review,false,搬重物後腰背保養,"Slide 1：搬重物後腰背保養
Slide 2：運動族、搬重物、久站與勞動工作者常見情境
Slide 3：運動或勞動後的局部肌肉痠痛，可短期按摩舒緩
Slide 4：明顯腫脹、劇痛、活動受限或疑似受傷時，請先就醫。
Slide 5：依標示使用，先收藏","搬重物後腰背保養，適合用保守一點的方式理解。

外用保養的重點是依標示使用，搭配局部按摩與日常休息；如果症狀持續、惡化或影響活動，請諮詢醫師或藥師。

本產品為外用油膏，請依核准標示使用；若症狀持續或惡化，請諮詢醫師或藥師。",#運動後保養 #局部按摩 #肌肉痠痛 #依標示使用,Slide 1：搬重物後腰背保養｜Slide 2：運動族、搬重物、久站與勞動工作者常見情境｜Slide 3：運動或勞動後的局部肌肉痠痛，可短期按摩舒緩｜Slide 4：明顯腫脹、劇痛、活動受限或疑似受傷時，請先就醫。｜Slide 5：依標示使用，先收藏,本產品為外用油膏，請依核准標示使用；若症狀持續或惡化，請諮詢醫師或藥師。,明顯腫脹、劇痛、活動受限或疑似受傷時，請先就醫。,根治|治療疾病|消炎治本|打通經絡|一擦就好|保證有效|深層修復|替代藥物
Instagram_LINE226,LINE226,Instagram,2026-09-24,20:00,樟腦外用時的注意界線,A,中,pending_legal_pharmacist_review,false,樟腦外用時的注意界線,"Slide 1：樟腦外用時的注意界線
Slide 2：已購買或正在觀望的一條根使用者常見情境
Slide 3：依標示外用，提供局部按摩與暫時舒緩體感
Slide 4：僅供外用；避免眼周、黏膜、破皮或傷口。
Slide 5：依標示使用，先收藏","樟腦外用時的注意界線，適合用保守一點的方式理解。

外用保養的重點是依標示使用，搭配局部按摩與日常休息；如果症狀持續、惡化或影響活動，請諮詢醫師或藥師。

本產品為外用油膏，請依核准標示使用；若症狀持續或惡化，請諮詢醫師或藥師。",#金牌一條根 #外用油膏 #成分透明 #依標示使用,Slide 1：樟腦外用時的注意界線｜Slide 2：已購買或正在觀望的一條根使用者常見情境｜Slide 3：依標示外用，提供局部按摩與暫時舒緩體感｜Slide 4：僅供外用；避免眼周、黏膜、破皮或傷口。｜Slide 5：依標示使用，先收藏,本產品為外用油膏，請依核准標示使用；若症狀持續或惡化，請諮詢醫師或藥師。,僅供外用；避免眼周、黏膜、破皮或傷口。,根治|治療疾病|消炎治本|打通經絡|一擦就好|保證有效|深層修復|替代藥物
Instagram_LINE227,LINE227,Instagram,2026-09-25,12:00,輕微關節痠痛與疾病治療要分開,D,中,pending_legal_pharmacist_review,false,輕微關節痠痛與疾病治療要分開,"Slide 1：輕微關節痠痛與疾病治療要分開
Slide 2：40-70 歲注重日常活動舒適度的族群常見情境
Slide 3：輕微關節痠痛可短期舒緩，但不可宣稱治療疾病
Slide 4：關節腫痛、紅熱、長期疼痛或行走困難，請就醫評估。
Slide 5：依標示使用，先收藏","輕微關節痠痛與疾病治療要分開，適合用保守一點的方式理解。

外用保養的重點是依標示使用，搭配局部按摩與日常休息；如果症狀持續、惡化或影響活動，請諮詢醫師或藥師。

本產品為外用油膏，請依核准標示使用；若症狀持續或惡化，請諮詢醫師或藥師。",#銀髮保養 #活動舒適 #輕微痠痛 #依標示使用,Slide 1：輕微關節痠痛與疾病治療要分開｜Slide 2：40-70 歲注重日常活動舒適度的族群常見情境｜Slide 3：輕微關節痠痛可短期舒緩，但不可宣稱治療疾病｜Slide 4：關節腫痛、紅熱、長期疼痛或行走困難，請就醫評估。｜Slide 5：依標示使用，先收藏,本產品為外用油膏，請依核准標示使用；若症狀持續或惡化，請諮詢醫師或藥師。,關節腫痛、紅熱、長期疼痛或行走困難，請就醫評估。,根治|治療疾病|消炎治本|打通經絡|一擦就好|保證有效|深層修復|替代藥物
Instagram_LINE228,LINE228,Instagram,2026-09-25,20:00,不要搭配熱敷墊或電毯,E,高,pending_legal_pharmacist_review,false,不要搭配熱敷墊或電毯,"Slide 1：不要搭配熱敷墊或電毯
Slide 2：所有使用者、照護者與家庭購買者常見情境
Slide 3：安全使用比用得多更重要，依標示與風險族群提醒
Slide 4：2 歲以下、孕哺、過敏體質、抗凝血藥使用者請先詢問專業人員。
Slide 5：依標示使用，先收藏","不要搭配熱敷墊或電毯，適合用保守一點的方式理解。

外用保養的重點是依標示使用，搭配局部按摩與日常休息；如果症狀持續、惡化或影響活動，請諮詢醫師或藥師。

僅供外用。避免接觸眼睛、黏膜、破皮或傷口；特殊族群使用前請先諮詢專業人員。",#外用安全 #用藥安全 #使用前看標示 #諮詢醫師藥師,Slide 1：不要搭配熱敷墊或電毯｜Slide 2：所有使用者、照護者與家庭購買者常見情境｜Slide 3：安全使用比用得多更重要，依標示與風險族群提醒｜Slide 4：2 歲以下、孕哺、過敏體質、抗凝血藥使用者請先詢問專業人員。｜Slide 5：依標示使用，先收藏,僅供外用。避免接觸眼睛、黏膜、破皮或傷口；特殊族群使用前請先諮詢專業人員。,2 歲以下、孕哺、過敏體質、抗凝血藥使用者請先詢問專業人員。,根治|治療疾病|消炎治本|打通經絡|一擦就好|保證有效|深層修復|替代藥物
Instagram_LINE229,LINE229,Instagram,2026-09-26,12:00,小暑前後活動舒適提醒,F,低,pending_legal_pharmacist_review,false,小暑前後活動舒適提醒,"Slide 1：小暑前後活動舒適提醒
Slide 2：喜歡養生、節氣與日常保健的 LINE 讀者常見情境
Slide 3：以生活保健與身體覺察為主，不做醫療療效宣稱
Slide 4：節氣養生屬一般生活資訊，身體不適仍應諮詢專業人員。
Slide 5：依標示使用，先收藏","小暑前後活動舒適提醒，適合用保守一點的方式理解。

外用保養的重點是依標示使用，搭配局部按摩與日常休息；如果症狀持續、惡化或影響活動，請諮詢醫師或藥師。

本內容為一般生活保健資訊，非醫療診斷或治療建議。",#節氣保養 #生活保健 #日常保養 #身體覺察,Slide 1：小暑前後活動舒適提醒｜Slide 2：喜歡養生、節氣與日常保健的 LINE 讀者常見情境｜Slide 3：以生活保健與身體覺察為主，不做醫療療效宣稱｜Slide 4：節氣養生屬一般生活資訊，身體不適仍應諮詢專業人員。｜Slide 5：依標示使用，先收藏,本內容為一般生活保健資訊，非醫療診斷或治療建議。,節氣養生屬一般生活資訊，身體不適仍應諮詢專業人員。,根治|治療疾病|消炎治本|打通經絡|一擦就好|保證有效|深層修復|替代藥物
Instagram_LINE230,LINE230,Instagram,2026-09-26,20:00,爬山後腿部按摩提醒,C,中,pending_legal_pharmacist_review,false,爬山後腿部按摩提醒,"Slide 1：爬山後腿部按摩提醒
Slide 2：運動族、搬重物、久站與勞動工作者常見情境
Slide 3：運動或勞動後的局部肌肉痠痛，可短期按摩舒緩
Slide 4：明顯腫脹、劇痛、活動受限或疑似受傷時，請先就醫。
Slide 5：依標示使用，先收藏","爬山後腿部按摩提醒，適合用保守一點的方式理解。

外用保養的重點是依標示使用，搭配局部按摩與日常休息；如果症狀持續、惡化或影響活動，請諮詢醫師或藥師。

本產品為外用油膏，請依核准標示使用；若症狀持續或惡化，請諮詢醫師或藥師。",#運動後保養 #局部按摩 #肌肉痠痛 #依標示使用,Slide 1：爬山後腿部按摩提醒｜Slide 2：運動族、搬重物、久站與勞動工作者常見情境｜Slide 3：運動或勞動後的局部肌肉痠痛，可短期按摩舒緩｜Slide 4：明顯腫脹、劇痛、活動受限或疑似受傷時，請先就醫。｜Slide 5：依標示使用，先收藏,本產品為外用油膏，請依核准標示使用；若症狀持續或惡化，請諮詢醫師或藥師。,明顯腫脹、劇痛、活動受限或疑似受傷時，請先就醫。,根治|治療疾病|消炎治本|打通經絡|一擦就好|保證有效|深層修復|替代藥物
Instagram_LINE231,LINE231,Instagram,2026-09-27,12:00,外用膏一次擦多少才剛好,G,低,pending_legal_pharmacist_review,false,外用膏一次擦多少才剛好,"Slide 1：外用膏一次擦多少才剛好
Slide 2：LINE OA 好友、回購客與新客常見情境
Slide 3：用問答降低誤用，讓使用者知道何時該詢問專業人員
Slide 4：互動回答不取代醫師或藥師建議。
Slide 5：依標示使用，先收藏","外用膏一次擦多少才剛好，適合用保守一點的方式理解。

外用保養的重點是依標示使用，搭配局部按摩與日常休息；如果症狀持續、惡化或影響活動，請諮詢醫師或藥師。

本內容為一般生活保健資訊，非醫療診斷或治療建議。",#互動問答 #保養知識 #使用小提醒 #金牌一條根,Slide 1：外用膏一次擦多少才剛好｜Slide 2：LINE OA 好友、回購客與新客常見情境｜Slide 3：用問答降低誤用，讓使用者知道何時該詢問專業人員｜Slide 4：互動回答不取代醫師或藥師建議。｜Slide 5：依標示使用，先收藏,本內容為一般生活保健資訊，非醫療診斷或治療建議。,互動回答不取代醫師或藥師建議。,根治|治療疾病|消炎治本|打通經絡|一擦就好|保證有效|深層修復|替代藥物
Instagram_LINE232,LINE232,Instagram,2026-09-27,20:00,散步後的膝周保養,D,中,pending_legal_pharmacist_review,false,散步後的膝周保養,"Slide 1：散步後的膝周保養
Slide 2：40-70 歲注重日常活動舒適度的族群常見情境
Slide 3：輕微關節痠痛可短期舒緩，但不可宣稱治療疾病
Slide 4：關節腫痛、紅熱、長期疼痛或行走困難，請就醫評估。
Slide 5：依標示使用，先收藏","散步後的膝周保養，適合用保守一點的方式理解。

外用保養的重點是依標示使用，搭配局部按摩與日常休息；如果症狀持續、惡化或影響活動，請諮詢醫師或藥師。

本產品為外用油膏，請依核准標示使用；若症狀持續或惡化，請諮詢醫師或藥師。",#銀髮保養 #活動舒適 #輕微痠痛 #依標示使用,Slide 1：散步後的膝周保養｜Slide 2：40-70 歲注重日常活動舒適度的族群常見情境｜Slide 3：輕微關節痠痛可短期舒緩，但不可宣稱治療疾病｜Slide 4：關節腫痛、紅熱、長期疼痛或行走困難，請就醫評估。｜Slide 5：依標示使用，先收藏,本產品為外用油膏，請依核准標示使用；若症狀持續或惡化，請諮詢醫師或藥師。,關節腫痛、紅熱、長期疼痛或行走困難，請就醫評估。,根治|治療疾病|消炎治本|打通經絡|一擦就好|保證有效|深層修復|替代藥物
Instagram_LINE233,LINE233,Instagram,2026-09-28,12:00,肩頸按摩不要只靠用力,B,低,pending_legal_pharmacist_review,false,肩頸按摩不要只靠用力,"Slide 1：肩頸按摩不要只靠用力
Slide 2：長時間低頭、久坐、用電腦的上班族常見情境
Slide 3：久坐低頭後，可搭配伸展與局部按摩舒緩緊繃不適
Slide 4：若痠痛持續、麻木或影響活動，請諮詢醫師或藥師。
Slide 5：依標示使用，先收藏","肩頸按摩不要只靠用力，適合用保守一點的方式理解。

外用保養的重點是依標示使用，搭配局部按摩與日常休息；如果症狀持續、惡化或影響活動，請諮詢醫師或藥師。

本內容為一般生活保健資訊，非醫療診斷或治療建議。",#肩頸保養 #久坐族 #日常舒緩 #依標示使用,Slide 1：肩頸按摩不要只靠用力｜Slide 2：長時間低頭、久坐、用電腦的上班族常見情境｜Slide 3：久坐低頭後，可搭配伸展與局部按摩舒緩緊繃不適｜Slide 4：若痠痛持續、麻木或影響活動，請諮詢醫師或藥師。｜Slide 5：依標示使用，先收藏,本內容為一般生活保健資訊，非醫療診斷或治療建議。,若痠痛持續、麻木或影響活動，請諮詢醫師或藥師。,根治|治療疾病|消炎治本|打通經絡|一擦就好|保證有效|深層修復|替代藥物
Instagram_LINE234,LINE234,Instagram,2026-09-28,20:00,油膏劑為什麼適合局部按摩,A,中,pending_legal_pharmacist_review,false,油膏劑為什麼適合局部按摩,"Slide 1：油膏劑為什麼適合局部按摩
Slide 2：已購買或正在觀望的一條根使用者常見情境
Slide 3：依標示外用，提供局部按摩與暫時舒緩體感
Slide 4：僅供外用；避免眼周、黏膜、破皮或傷口。
Slide 5：依標示使用，先收藏","油膏劑為什麼適合局部按摩，適合用保守一點的方式理解。

外用保養的重點是依標示使用，搭配局部按摩與日常休息；如果症狀持續、惡化或影響活動，請諮詢醫師或藥師。

本產品為外用油膏，請依核准標示使用；若症狀持續或惡化，請諮詢醫師或藥師。",#金牌一條根 #外用油膏 #成分透明 #依標示使用,Slide 1：油膏劑為什麼適合局部按摩｜Slide 2：已購買或正在觀望的一條根使用者常見情境｜Slide 3：依標示外用，提供局部按摩與暫時舒緩體感｜Slide 4：僅供外用；避免眼周、黏膜、破皮或傷口。｜Slide 5：依標示使用，先收藏,本產品為外用油膏，請依核准標示使用；若症狀持續或惡化，請諮詢醫師或藥師。,僅供外用；避免眼周、黏膜、破皮或傷口。,根治|治療疾病|消炎治本|打通經絡|一擦就好|保證有效|深層修復|替代藥物
Instagram_LINE235,LINE235,Instagram,2026-09-29,12:00,大暑午後少久站硬撐,F,低,pending_legal_pharmacist_review,false,大暑午後少久站硬撐,"Slide 1：大暑午後少久站硬撐
Slide 2：喜歡養生、節氣與日常保健的 LINE 讀者常見情境
Slide 3：以生活保健與身體覺察為主，不做醫療療效宣稱
Slide 4：節氣養生屬一般生活資訊，身體不適仍應諮詢專業人員。
Slide 5：依標示使用，先收藏","大暑午後少久站硬撐，適合用保守一點的方式理解。

外用保養的重點是依標示使用，搭配局部按摩與日常休息；如果症狀持續、惡化或影響活動，請諮詢醫師或藥師。

本內容為一般生活保健資訊，非醫療診斷或治療建議。",#節氣保養 #生活保健 #日常保養 #身體覺察,Slide 1：大暑午後少久站硬撐｜Slide 2：喜歡養生、節氣與日常保健的 LINE 讀者常見情境｜Slide 3：以生活保健與身體覺察為主，不做醫療療效宣稱｜Slide 4：節氣養生屬一般生活資訊，身體不適仍應諮詢專業人員。｜Slide 5：依標示使用，先收藏,本內容為一般生活保健資訊，非醫療診斷或治療建議。,節氣養生屬一般生活資訊，身體不適仍應諮詢專業人員。,根治|治療疾病|消炎治本|打通經絡|一擦就好|保證有效|深層修復|替代藥物
Instagram_LINE236,LINE236,Instagram,2026-09-29,20:00,不要密封包紮或大面積厚敷,E,高,pending_legal_pharmacist_review,false,不要密封包紮或大面積厚敷,"Slide 1：不要密封包紮或大面積厚敷
Slide 2：所有使用者、照護者與家庭購買者常見情境
Slide 3：安全使用比用得多更重要，依標示與風險族群提醒
Slide 4：2 歲以下、孕哺、過敏體質、抗凝血藥使用者請先詢問專業人員。
Slide 5：依標示使用，先收藏","不要密封包紮或大面積厚敷，適合用保守一點的方式理解。

外用保養的重點是依標示使用，搭配局部按摩與日常休息；如果症狀持續、惡化或影響活動，請諮詢醫師或藥師。

僅供外用。避免接觸眼睛、黏膜、破皮或傷口；特殊族群使用前請先諮詢專業人員。",#外用安全 #用藥安全 #使用前看標示 #諮詢醫師藥師,Slide 1：不要密封包紮或大面積厚敷｜Slide 2：所有使用者、照護者與家庭購買者常見情境｜Slide 3：安全使用比用得多更重要，依標示與風險族群提醒｜Slide 4：2 歲以下、孕哺、過敏體質、抗凝血藥使用者請先詢問專業人員。｜Slide 5：依標示使用，先收藏,僅供外用。避免接觸眼睛、黏膜、破皮或傷口；特殊族群使用前請先諮詢專業人員。,2 歲以下、孕哺、過敏體質、抗凝血藥使用者請先詢問專業人員。,根治|治療疾病|消炎治本|打通經絡|一擦就好|保證有效|深層修復|替代藥物
Instagram_LINE237,LINE237,Instagram,2026-09-30,12:00,什麼是乙類成藥,H,中,pending_legal_pharmacist_review,false,什麼是乙類成藥,"Slide 1：什麼是乙類成藥
Slide 2：重視藥證、成分、品質與合法性的消費者常見情境
Slide 3：強調藥證、標示、保守宣稱與人工審核流程
Slide 4：所有廣告文案仍須依主管機關與專業人員審核。
Slide 5：依標示使用，先收藏","什麼是乙類成藥，適合用保守一點的方式理解。

外用保養的重點是依標示使用，搭配局部按摩與日常休息；如果症狀持續、惡化或影響活動，請諮詢醫師或藥師。

本產品為外用油膏，請依核准標示使用；若症狀持續或惡化，請諮詢醫師或藥師。",#藥證可查 #品牌透明 #合法宣傳 #成分透明,Slide 1：什麼是乙類成藥｜Slide 2：重視藥證、成分、品質與合法性的消費者常見情境｜Slide 3：強調藥證、標示、保守宣稱與人工審核流程｜Slide 4：所有廣告文案仍須依主管機關與專業人員審核。｜Slide 5：依標示使用，先收藏,本產品為外用油膏，請依核准標示使用；若症狀持續或惡化，請諮詢醫師或藥師。,所有廣告文案仍須依主管機關與專業人員審核。,根治|治療疾病|消炎治本|打通經絡|一擦就好|保證有效|深層修復|替代藥物
Instagram_LINE238,LINE238,Instagram,2026-09-30,20:00,涼感越強越有效嗎,G,低,pending_legal_pharmacist_review,false,涼感越強越有效嗎,"Slide 1：涼感越強越有效嗎
Slide 2：LINE OA 好友、回購客與新客常見情境
Slide 3：用問答降低誤用，讓使用者知道何時該詢問專業人員
Slide 4：互動回答不取代醫師或藥師建議。
Slide 5：依標示使用，先收藏","涼感越強越有效嗎，適合用保守一點的方式理解。

外用保養的重點是依標示使用，搭配局部按摩與日常休息；如果症狀持續、惡化或影響活動，請諮詢醫師或藥師。

本內容為一般生活保健資訊，非醫療診斷或治療建議。",#互動問答 #保養知識 #使用小提醒 #金牌一條根,Slide 1：涼感越強越有效嗎｜Slide 2：LINE OA 好友、回購客與新客常見情境｜Slide 3：用問答降低誤用，讓使用者知道何時該詢問專業人員｜Slide 4：互動回答不取代醫師或藥師建議。｜Slide 5：依標示使用，先收藏,本內容為一般生活保健資訊，非醫療診斷或治療建議。,互動回答不取代醫師或藥師建議。,根治|治療疾病|消炎治本|打通經絡|一擦就好|保證有效|深層修復|替代藥物
Instagram_LINE239,LINE239,Instagram,2026-10-01,12:00,重訓後肩背局部舒緩,C,中,pending_legal_pharmacist_review,false,重訓後肩背局部舒緩,"Slide 1：重訓後肩背局部舒緩
Slide 2：運動族、搬重物、久站與勞動工作者常見情境
Slide 3：運動或勞動後的局部肌肉痠痛，可短期按摩舒緩
Slide 4：明顯腫脹、劇痛、活動受限或疑似受傷時，請先就醫。
Slide 5：依標示使用，先收藏","重訓後肩背局部舒緩，適合用保守一點的方式理解。

外用保養的重點是依標示使用，搭配局部按摩與日常休息；如果症狀持續、惡化或影響活動，請諮詢醫師或藥師。

本產品為外用油膏，請依核准標示使用；若症狀持續或惡化，請諮詢醫師或藥師。",#運動後保養 #局部按摩 #肌肉痠痛 #依標示使用,Slide 1：重訓後肩背局部舒緩｜Slide 2：運動族、搬重物、久站與勞動工作者常見情境｜Slide 3：運動或勞動後的局部肌肉痠痛，可短期按摩舒緩｜Slide 4：明顯腫脹、劇痛、活動受限或疑似受傷時，請先就醫。｜Slide 5：依標示使用，先收藏,本產品為外用油膏，請依核准標示使用；若症狀持續或惡化，請諮詢醫師或藥師。,明顯腫脹、劇痛、活動受限或疑似受傷時，請先就醫。,根治|治療疾病|消炎治本|打通經絡|一擦就好|保證有效|深層修復|替代藥物
Instagram_LINE240,LINE240,Instagram,2026-10-01,20:00,乙類成藥與一般保健品差異,A,中,pending_legal_pharmacist_review,false,乙類成藥與一般保健品差異,"Slide 1：乙類成藥與一般保健品差異
Slide 2：已購買或正在觀望的一條根使用者常見情境
Slide 3：依標示外用，提供局部按摩與暫時舒緩體感
Slide 4：僅供外用；避免眼周、黏膜、破皮或傷口。
Slide 5：依標示使用，先收藏","乙類成藥與一般保健品差異，適合用保守一點的方式理解。

外用保養的重點是依標示使用，搭配局部按摩與日常休息；如果症狀持續、惡化或影響活動，請諮詢醫師或藥師。

本產品為外用油膏，請依核准標示使用；若症狀持續或惡化，請諮詢醫師或藥師。",#金牌一條根 #外用油膏 #成分透明 #依標示使用,Slide 1：乙類成藥與一般保健品差異｜Slide 2：已購買或正在觀望的一條根使用者常見情境｜Slide 3：依標示外用，提供局部按摩與暫時舒緩體感｜Slide 4：僅供外用；避免眼周、黏膜、破皮或傷口。｜Slide 5：依標示使用，先收藏,本產品為外用油膏，請依核准標示使用；若症狀持續或惡化，請諮詢醫師或藥師。,僅供外用；避免眼周、黏膜、破皮或傷口。,根治|治療疾病|消炎治本|打通經絡|一擦就好|保證有效|深層修復|替代藥物
Instagram_LINE241,LINE241,Instagram,2026-10-02,12:00,天氣變化時的活動舒適感,D,中,pending_legal_pharmacist_review,false,天氣變化時的活動舒適感,"Slide 1：天氣變化時的活動舒適感
Slide 2：40-70 歲注重日常活動舒適度的族群常見情境
Slide 3：輕微關節痠痛可短期舒緩，但不可宣稱治療疾病
Slide 4：關節腫痛、紅熱、長期疼痛或行走困難，請就醫評估。
Slide 5：依標示使用，先收藏","天氣變化時的活動舒適感，適合用保守一點的方式理解。

外用保養的重點是依標示使用，搭配局部按摩與日常休息；如果症狀持續、惡化或影響活動，請諮詢醫師或藥師。

本產品為外用油膏，請依核准標示使用；若症狀持續或惡化，請諮詢醫師或藥師。",#銀髮保養 #活動舒適 #輕微痠痛 #依標示使用,Slide 1：天氣變化時的活動舒適感｜Slide 2：40-70 歲注重日常活動舒適度的族群常見情境｜Slide 3：輕微關節痠痛可短期舒緩，但不可宣稱治療疾病｜Slide 4：關節腫痛、紅熱、長期疼痛或行走困難，請就醫評估。｜Slide 5：依標示使用，先收藏,本產品為外用油膏，請依核准標示使用；若症狀持續或惡化，請諮詢醫師或藥師。,關節腫痛、紅熱、長期疼痛或行走困難，請就醫評估。,根治|治療疾病|消炎治本|打通經絡|一擦就好|保證有效|深層修復|替代藥物
Instagram_LINE242,LINE242,Instagram,2026-10-02,20:00,水楊酸或阿斯匹靈過敏者注意,E,高,pending_legal_pharmacist_review,false,水楊酸或阿斯匹靈過敏者注意,"Slide 1：水楊酸或阿斯匹靈過敏者注意
Slide 2：所有使用者、照護者與家庭購買者常見情境
Slide 3：安全使用比用得多更重要，依標示與風險族群提醒
Slide 4：2 歲以下、孕哺、過敏體質、抗凝血藥使用者請先詢問專業人員。
Slide 5：依標示使用，先收藏","水楊酸或阿斯匹靈過敏者注意，適合用保守一點的方式理解。

外用保養的重點是依標示使用，搭配局部按摩與日常休息；如果症狀持續、惡化或影響活動，請諮詢醫師或藥師。

僅供外用。避免接觸眼睛、黏膜、破皮或傷口；特殊族群使用前請先諮詢專業人員。",#外用安全 #用藥安全 #使用前看標示 #諮詢醫師藥師,Slide 1：水楊酸或阿斯匹靈過敏者注意｜Slide 2：所有使用者、照護者與家庭購買者常見情境｜Slide 3：安全使用比用得多更重要，依標示與風險族群提醒｜Slide 4：2 歲以下、孕哺、過敏體質、抗凝血藥使用者請先詢問專業人員。｜Slide 5：依標示使用，先收藏,僅供外用。避免接觸眼睛、黏膜、破皮或傷口；特殊族群使用前請先諮詢專業人員。,2 歲以下、孕哺、過敏體質、抗凝血藥使用者請先詢問專業人員。,根治|治療疾病|消炎治本|打通經絡|一擦就好|保證有效|深層修復|替代藥物
Instagram_LINE243,LINE243,Instagram,2026-10-03,12:00,立秋後早晚溫差保養,F,低,pending_legal_pharmacist_review,false,立秋後早晚溫差保養,"Slide 1：立秋後早晚溫差保養
Slide 2：喜歡養生、節氣與日常保健的 LINE 讀者常見情境
Slide 3：以生活保健與身體覺察為主，不做醫療療效宣稱
Slide 4：節氣養生屬一般生活資訊，身體不適仍應諮詢專業人員。
Slide 5：依標示使用，先收藏","立秋後早晚溫差保養，適合用保守一點的方式理解。

外用保養的重點是依標示使用，搭配局部按摩與日常休息；如果症狀持續、惡化或影響活動，請諮詢醫師或藥師。

本內容為一般生活保健資訊，非醫療診斷或治療建議。",#節氣保養 #生活保健 #日常保養 #身體覺察,Slide 1：立秋後早晚溫差保養｜Slide 2：喜歡養生、節氣與日常保健的 LINE 讀者常見情境｜Slide 3：以生活保健與身體覺察為主，不做醫療療效宣稱｜Slide 4：節氣養生屬一般生活資訊，身體不適仍應諮詢專業人員。｜Slide 5：依標示使用，先收藏,本內容為一般生活保健資訊，非醫療診斷或治療建議。,節氣養生屬一般生活資訊，身體不適仍應諮詢專業人員。,根治|治療疾病|消炎治本|打通經絡|一擦就好|保證有效|深層修復|替代藥物
Instagram_LINE244,LINE244,Instagram,2026-10-03,20:00,家事後手臂不適保養,C,中,pending_legal_pharmacist_review,false,家事後手臂不適保養,"Slide 1：家事後手臂不適保養
Slide 2：運動族、搬重物、久站與勞動工作者常見情境
Slide 3：運動或勞動後的局部肌肉痠痛，可短期按摩舒緩
Slide 4：明顯腫脹、劇痛、活動受限或疑似受傷時，請先就醫。
Slide 5：依標示使用，先收藏","家事後手臂不適保養，適合用保守一點的方式理解。

外用保養的重點是依標示使用，搭配局部按摩與日常休息；如果症狀持續、惡化或影響活動，請諮詢醫師或藥師。

本產品為外用油膏，請依核准標示使用；若症狀持續或惡化，請諮詢醫師或藥師。",#運動後保養 #局部按摩 #肌肉痠痛 #依標示使用,Slide 1：家事後手臂不適保養｜Slide 2：運動族、搬重物、久站與勞動工作者常見情境｜Slide 3：運動或勞動後的局部肌肉痠痛，可短期按摩舒緩｜Slide 4：明顯腫脹、劇痛、活動受限或疑似受傷時，請先就醫。｜Slide 5：依標示使用，先收藏,本產品為外用油膏，請依核准標示使用；若症狀持續或惡化，請諮詢醫師或藥師。,明顯腫脹、劇痛、活動受限或疑似受傷時，請先就醫。,根治|治療疾病|消炎治本|打通經絡|一擦就好|保證有效|深層修復|替代藥物
Instagram_LINE245,LINE245,Instagram,2026-10-04,12:00,你有看過外用產品標示嗎,G,低,pending_legal_pharmacist_review,false,你有看過外用產品標示嗎,"Slide 1：你有看過外用產品標示嗎
Slide 2：LINE OA 好友、回購客與新客常見情境
Slide 3：用問答降低誤用，讓使用者知道何時該詢問專業人員
Slide 4：互動回答不取代醫師或藥師建議。
Slide 5：依標示使用，先收藏","你有看過外用產品標示嗎，適合用保守一點的方式理解。

外用保養的重點是依標示使用，搭配局部按摩與日常休息；如果症狀持續、惡化或影響活動，請諮詢醫師或藥師。

本內容為一般生活保健資訊，非醫療診斷或治療建議。",#互動問答 #保養知識 #使用小提醒 #金牌一條根,Slide 1：你有看過外用產品標示嗎｜Slide 2：LINE OA 好友、回購客與新客常見情境｜Slide 3：用問答降低誤用，讓使用者知道何時該詢問專業人員｜Slide 4：互動回答不取代醫師或藥師建議。｜Slide 5：依標示使用，先收藏,本內容為一般生活保健資訊，非醫療診斷或治療建議。,互動回答不取代醫師或藥師建議。,根治|治療疾病|消炎治本|打通經絡|一擦就好|保證有效|深層修復|替代藥物
Instagram_LINE246,LINE246,Instagram,2026-10-04,20:00,長輩按摩力道不要過重,D,中,pending_legal_pharmacist_review,false,長輩按摩力道不要過重,"Slide 1：長輩按摩力道不要過重
Slide 2：40-70 歲注重日常活動舒適度的族群常見情境
Slide 3：輕微關節痠痛可短期舒緩，但不可宣稱治療疾病
Slide 4：關節腫痛、紅熱、長期疼痛或行走困難，請就醫評估。
Slide 5：依標示使用，先收藏","長輩按摩力道不要過重，適合用保守一點的方式理解。

外用保養的重點是依標示使用，搭配局部按摩與日常休息；如果症狀持續、惡化或影響活動，請諮詢醫師或藥師。

本產品為外用油膏，請依核准標示使用；若症狀持續或惡化，請諮詢醫師或藥師。",#銀髮保養 #活動舒適 #輕微痠痛 #依標示使用,Slide 1：長輩按摩力道不要過重｜Slide 2：40-70 歲注重日常活動舒適度的族群常見情境｜Slide 3：輕微關節痠痛可短期舒緩，但不可宣稱治療疾病｜Slide 4：關節腫痛、紅熱、長期疼痛或行走困難，請就醫評估。｜Slide 5：依標示使用，先收藏,本產品為外用油膏，請依核准標示使用；若症狀持續或惡化，請諮詢醫師或藥師。,關節腫痛、紅熱、長期疼痛或行走困難，請就醫評估。,根治|治療疾病|消炎治本|打通經絡|一擦就好|保證有效|深層修復|替代藥物
Instagram_LINE247,LINE247,Instagram,2026-10-05,12:00,久坐族晚間舒緩儀式,B,低,pending_legal_pharmacist_review,false,久坐族晚間舒緩儀式,"Slide 1：久坐族晚間舒緩儀式
Slide 2：長時間低頭、久坐、用電腦的上班族常見情境
Slide 3：久坐低頭後，可搭配伸展與局部按摩舒緩緊繃不適
Slide 4：若痠痛持續、麻木或影響活動，請諮詢醫師或藥師。
Slide 5：依標示使用，先收藏","久坐族晚間舒緩儀式，適合用保守一點的方式理解。

外用保養的重點是依標示使用，搭配局部按摩與日常休息；如果症狀持續、惡化或影響活動，請諮詢醫師或藥師。

本內容為一般生活保健資訊，非醫療診斷或治療建議。",#肩頸保養 #久坐族 #日常舒緩 #依標示使用,Slide 1：久坐族晚間舒緩儀式｜Slide 2：長時間低頭、久坐、用電腦的上班族常見情境｜Slide 3：久坐低頭後，可搭配伸展與局部按摩舒緩緊繃不適｜Slide 4：若痠痛持續、麻木或影響活動，請諮詢醫師或藥師。｜Slide 5：依標示使用，先收藏,本內容為一般生活保健資訊，非醫療診斷或治療建議。,若痠痛持續、麻木或影響活動，請諮詢醫師或藥師。,根治|治療疾病|消炎治本|打通經絡|一擦就好|保證有效|深層修復|替代藥物
Instagram_LINE248,LINE248,Instagram,2026-10-05,20:00,一條根外用膏的日常定位,A,中,pending_legal_pharmacist_review,false,一條根外用膏的日常定位,"Slide 1：一條根外用膏的日常定位
Slide 2：已購買或正在觀望的一條根使用者常見情境
Slide 3：依標示外用，提供局部按摩與暫時舒緩體感
Slide 4：僅供外用；避免眼周、黏膜、破皮或傷口。
Slide 5：依標示使用，先收藏","一條根外用膏的日常定位，適合用保守一點的方式理解。

外用保養的重點是依標示使用，搭配局部按摩與日常休息；如果症狀持續、惡化或影響活動，請諮詢醫師或藥師。

本產品為外用油膏，請依核准標示使用；若症狀持續或惡化，請諮詢醫師或藥師。",#金牌一條根 #外用油膏 #成分透明 #依標示使用,Slide 1：一條根外用膏的日常定位｜Slide 2：已購買或正在觀望的一條根使用者常見情境｜Slide 3：依標示外用，提供局部按摩與暫時舒緩體感｜Slide 4：僅供外用；避免眼周、黏膜、破皮或傷口。｜Slide 5：依標示使用，先收藏,本產品為外用油膏，請依核准標示使用；若症狀持續或惡化，請諮詢醫師或藥師。,僅供外用；避免眼周、黏膜、破皮或傷口。,根治|治療疾病|消炎治本|打通經絡|一擦就好|保證有效|深層修復|替代藥物
Instagram_LINE249,LINE249,Instagram,2026-10-06,12:00,處暑後運動暖身提醒,F,低,pending_legal_pharmacist_review,false,處暑後運動暖身提醒,"Slide 1：處暑後運動暖身提醒
Slide 2：喜歡養生、節氣與日常保健的 LINE 讀者常見情境
Slide 3：以生活保健與身體覺察為主，不做醫療療效宣稱
Slide 4：節氣養生屬一般生活資訊，身體不適仍應諮詢專業人員。
Slide 5：依標示使用，先收藏","處暑後運動暖身提醒，適合用保守一點的方式理解。

外用保養的重點是依標示使用，搭配局部按摩與日常休息；如果症狀持續、惡化或影響活動，請諮詢醫師或藥師。

本內容為一般生活保健資訊，非醫療診斷或治療建議。",#節氣保養 #生活保健 #日常保養 #身體覺察,Slide 1：處暑後運動暖身提醒｜Slide 2：喜歡養生、節氣與日常保健的 LINE 讀者常見情境｜Slide 3：以生活保健與身體覺察為主，不做醫療療效宣稱｜Slide 4：節氣養生屬一般生活資訊，身體不適仍應諮詢專業人員。｜Slide 5：依標示使用，先收藏,本內容為一般生活保健資訊，非醫療診斷或治療建議。,節氣養生屬一般生活資訊，身體不適仍應諮詢專業人員。,根治|治療疾病|消炎治本|打通經絡|一擦就好|保證有效|深層修復|替代藥物
Instagram_LINE250,LINE250,Instagram,2026-10-06,20:00,兒童使用前的安全提醒,E,高,pending_legal_pharmacist_review,false,兒童使用前的安全提醒,"Slide 1：兒童使用前的安全提醒
Slide 2：所有使用者、照護者與家庭購買者常見情境
Slide 3：安全使用比用得多更重要，依標示與風險族群提醒
Slide 4：2 歲以下、孕哺、過敏體質、抗凝血藥使用者請先詢問專業人員。
Slide 5：依標示使用，先收藏","兒童使用前的安全提醒，適合用保守一點的方式理解。

外用保養的重點是依標示使用，搭配局部按摩與日常休息；如果症狀持續、惡化或影響活動，請諮詢醫師或藥師。

僅供外用。避免接觸眼睛、黏膜、破皮或傷口；特殊族群使用前請先諮詢專業人員。",#外用安全 #用藥安全 #使用前看標示 #諮詢醫師藥師,Slide 1：兒童使用前的安全提醒｜Slide 2：所有使用者、照護者與家庭購買者常見情境｜Slide 3：安全使用比用得多更重要，依標示與風險族群提醒｜Slide 4：2 歲以下、孕哺、過敏體質、抗凝血藥使用者請先詢問專業人員。｜Slide 5：依標示使用，先收藏,僅供外用。避免接觸眼睛、黏膜、破皮或傷口；特殊族群使用前請先諮詢專業人員。,2 歲以下、孕哺、過敏體質、抗凝血藥使用者請先詢問專業人員。,根治|治療疾病|消炎治本|打通經絡|一擦就好|保證有效|深層修復|替代藥物
Instagram_LINE251,LINE251,Instagram,2026-10-07,12:00,官方適應症與社群文案的差異,H,中,pending_legal_pharmacist_review,false,官方適應症與社群文案的差異,"Slide 1：官方適應症與社群文案的差異
Slide 2：重視藥證、成分、品質與合法性的消費者常見情境
Slide 3：強調藥證、標示、保守宣稱與人工審核流程
Slide 4：所有廣告文案仍須依主管機關與專業人員審核。
Slide 5：依標示使用，先收藏","官方適應症與社群文案的差異，適合用保守一點的方式理解。

外用保養的重點是依標示使用，搭配局部按摩與日常休息；如果症狀持續、惡化或影響活動，請諮詢醫師或藥師。

本產品為外用油膏，請依核准標示使用；若症狀持續或惡化，請諮詢醫師或藥師。",#藥證可查 #品牌透明 #合法宣傳 #成分透明,Slide 1：官方適應症與社群文案的差異｜Slide 2：重視藥證、成分、品質與合法性的消費者常見情境｜Slide 3：強調藥證、標示、保守宣稱與人工審核流程｜Slide 4：所有廣告文案仍須依主管機關與專業人員審核。｜Slide 5：依標示使用，先收藏,本產品為外用油膏，請依核准標示使用；若症狀持續或惡化，請諮詢醫師或藥師。,所有廣告文案仍須依主管機關與專業人員審核。,根治|治療疾病|消炎治本|打通經絡|一擦就好|保證有效|深層修復|替代藥物
Instagram_LINE252,LINE252,Instagram,2026-10-07,20:00,久坐族最想舒緩哪裡,G,低,pending_legal_pharmacist_review,false,久坐族最想舒緩哪裡,"Slide 1：久坐族最想舒緩哪裡
Slide 2：LINE OA 好友、回購客與新客常見情境
Slide 3：用問答降低誤用，讓使用者知道何時該詢問專業人員
Slide 4：互動回答不取代醫師或藥師建議。
Slide 5：依標示使用，先收藏","久坐族最想舒緩哪裡，適合用保守一點的方式理解。

外用保養的重點是依標示使用，搭配局部按摩與日常休息；如果症狀持續、惡化或影響活動，請諮詢醫師或藥師。

本內容為一般生活保健資訊，非醫療診斷或治療建議。",#互動問答 #保養知識 #使用小提醒 #金牌一條根,Slide 1：久坐族最想舒緩哪裡｜Slide 2：LINE OA 好友、回購客與新客常見情境｜Slide 3：用問答降低誤用，讓使用者知道何時該詢問專業人員｜Slide 4：互動回答不取代醫師或藥師建議。｜Slide 5：依標示使用，先收藏,本內容為一般生活保健資訊，非醫療診斷或治療建議。,互動回答不取代醫師或藥師建議。,根治|治療疾病|消炎治本|打通經絡|一擦就好|保證有效|深層修復|替代藥物
Instagram_LINE253,LINE253,Instagram,2026-10-08,12:00,跑步後膝周不適的保守提醒,C,中,pending_legal_pharmacist_review,false,跑步後膝周不適的保守提醒,"Slide 1：跑步後膝周不適的保守提醒
Slide 2：運動族、搬重物、久站與勞動工作者常見情境
Slide 3：運動或勞動後的局部肌肉痠痛，可短期按摩舒緩
Slide 4：明顯腫脹、劇痛、活動受限或疑似受傷時，請先就醫。
Slide 5：依標示使用，先收藏","跑步後膝周不適的保守提醒，適合用保守一點的方式理解。

外用保養的重點是依標示使用，搭配局部按摩與日常休息；如果症狀持續、惡化或影響活動，請諮詢醫師或藥師。

本產品為外用油膏，請依核准標示使用；若症狀持續或惡化，請諮詢醫師或藥師。",#運動後保養 #局部按摩 #肌肉痠痛 #依標示使用,Slide 1：跑步後膝周不適的保守提醒｜Slide 2：運動族、搬重物、久站與勞動工作者常見情境｜Slide 3：運動或勞動後的局部肌肉痠痛，可短期按摩舒緩｜Slide 4：明顯腫脹、劇痛、活動受限或疑似受傷時，請先就醫。｜Slide 5：依標示使用，先收藏,本產品為外用油膏，請依核准標示使用；若症狀持續或惡化，請諮詢醫師或藥師。,明顯腫脹、劇痛、活動受限或疑似受傷時，請先就醫。,根治|治療疾病|消炎治本|打通經絡|一擦就好|保證有效|深層修復|替代藥物
Instagram_LINE254,LINE254,Instagram,2026-10-08,20:00,成分濃度為什麼要看標示,A,中,pending_legal_pharmacist_review,false,成分濃度為什麼要看標示,"Slide 1：成分濃度為什麼要看標示
Slide 2：已購買或正在觀望的一條根使用者常見情境
Slide 3：依標示外用，提供局部按摩與暫時舒緩體感
Slide 4：僅供外用；避免眼周、黏膜、破皮或傷口。
Slide 5：依標示使用，先收藏","成分濃度為什麼要看標示，適合用保守一點的方式理解。

外用保養的重點是依標示使用，搭配局部按摩與日常休息；如果症狀持續、惡化或影響活動，請諮詢醫師或藥師。

本產品為外用油膏，請依核准標示使用；若症狀持續或惡化，請諮詢醫師或藥師。",#金牌一條根 #外用油膏 #成分透明 #依標示使用,Slide 1：成分濃度為什麼要看標示｜Slide 2：已購買或正在觀望的一條根使用者常見情境｜Slide 3：依標示外用，提供局部按摩與暫時舒緩體感｜Slide 4：僅供外用；避免眼周、黏膜、破皮或傷口。｜Slide 5：依標示使用，先收藏,本產品為外用油膏，請依核准標示使用；若症狀持續或惡化，請諮詢醫師或藥師。,僅供外用；避免眼周、黏膜、破皮或傷口。,根治|治療疾病|消炎治本|打通經絡|一擦就好|保證有效|深層修復|替代藥物
Instagram_LINE255,LINE255,Instagram,2026-10-09,12:00,照顧爸媽時的外用提醒,D,中,pending_legal_pharmacist_review,false,照顧爸媽時的外用提醒,"Slide 1：照顧爸媽時的外用提醒
Slide 2：40-70 歲注重日常活動舒適度的族群常見情境
Slide 3：輕微關節痠痛可短期舒緩，但不可宣稱治療疾病
Slide 4：關節腫痛、紅熱、長期疼痛或行走困難，請就醫評估。
Slide 5：依標示使用，先收藏","照顧爸媽時的外用提醒，適合用保守一點的方式理解。

外用保養的重點是依標示使用，搭配局部按摩與日常休息；如果症狀持續、惡化或影響活動，請諮詢醫師或藥師。

本產品為外用油膏，請依核准標示使用；若症狀持續或惡化，請諮詢醫師或藥師。",#銀髮保養 #活動舒適 #輕微痠痛 #依標示使用,Slide 1：照顧爸媽時的外用提醒｜Slide 2：40-70 歲注重日常活動舒適度的族群常見情境｜Slide 3：輕微關節痠痛可短期舒緩，但不可宣稱治療疾病｜Slide 4：關節腫痛、紅熱、長期疼痛或行走困難，請就醫評估。｜Slide 5：依標示使用，先收藏,本產品為外用油膏，請依核准標示使用；若症狀持續或惡化，請諮詢醫師或藥師。,關節腫痛、紅熱、長期疼痛或行走困難，請就醫評估。,根治|治療疾病|消炎治本|打通經絡|一擦就好|保證有效|深層修復|替代藥物
Instagram_LINE256,LINE256,Instagram,2026-10-09,20:00,孕婦與哺乳族群先詢問專業人員,E,高,pending_legal_pharmacist_review,false,孕婦與哺乳族群先詢問專業人員,"Slide 1：孕婦與哺乳族群先詢問專業人員
Slide 2：所有使用者、照護者與家庭購買者常見情境
Slide 3：安全使用比用得多更重要，依標示與風險族群提醒
Slide 4：2 歲以下、孕哺、過敏體質、抗凝血藥使用者請先詢問專業人員。
Slide 5：依標示使用，先收藏","孕婦與哺乳族群先詢問專業人員，適合用保守一點的方式理解。

外用保養的重點是依標示使用，搭配局部按摩與日常休息；如果症狀持續、惡化或影響活動，請諮詢醫師或藥師。

僅供外用。避免接觸眼睛、黏膜、破皮或傷口；特殊族群使用前請先諮詢專業人員。",#外用安全 #用藥安全 #使用前看標示 #諮詢醫師藥師,Slide 1：孕婦與哺乳族群先詢問專業人員｜Slide 2：所有使用者、照護者與家庭購買者常見情境｜Slide 3：安全使用比用得多更重要，依標示與風險族群提醒｜Slide 4：2 歲以下、孕哺、過敏體質、抗凝血藥使用者請先詢問專業人員。｜Slide 5：依標示使用，先收藏,僅供外用。避免接觸眼睛、黏膜、破皮或傷口；特殊族群使用前請先諮詢專業人員。,2 歲以下、孕哺、過敏體質、抗凝血藥使用者請先詢問專業人員。,根治|治療疾病|消炎治本|打通經絡|一擦就好|保證有效|深層修復|替代藥物
Instagram_LINE257,LINE257,Instagram,2026-10-10,12:00,白露時節關心長輩活動,F,低,pending_legal_pharmacist_review,false,白露時節關心長輩活動,"Slide 1：白露時節關心長輩活動
Slide 2：喜歡養生、節氣與日常保健的 LINE 讀者常見情境
Slide 3：以生活保健與身體覺察為主，不做醫療療效宣稱
Slide 4：節氣養生屬一般生活資訊，身體不適仍應諮詢專業人員。
Slide 5：依標示使用，先收藏","白露時節關心長輩活動，適合用保守一點的方式理解。

外用保養的重點是依標示使用，搭配局部按摩與日常休息；如果症狀持續、惡化或影響活動，請諮詢醫師或藥師。

本內容為一般生活保健資訊，非醫療診斷或治療建議。",#節氣保養 #生活保健 #日常保養 #身體覺察,Slide 1：白露時節關心長輩活動｜Slide 2：喜歡養生、節氣與日常保健的 LINE 讀者常見情境｜Slide 3：以生活保健與身體覺察為主，不做醫療療效宣稱｜Slide 4：節氣養生屬一般生活資訊，身體不適仍應諮詢專業人員。｜Slide 5：依標示使用，先收藏,本內容為一般生活保健資訊，非醫療診斷或治療建議。,節氣養生屬一般生活資訊，身體不適仍應諮詢專業人員。,根治|治療疾病|消炎治本|打通經絡|一擦就好|保證有效|深層修復|替代藥物
Instagram_LINE258,LINE258,Instagram,2026-10-10,20:00,勞動後先休息再按摩,C,中,pending_legal_pharmacist_review,false,勞動後先休息再按摩,"Slide 1：勞動後先休息再按摩
Slide 2：運動族、搬重物、久站與勞動工作者常見情境
Slide 3：運動或勞動後的局部肌肉痠痛，可短期按摩舒緩
Slide 4：明顯腫脹、劇痛、活動受限或疑似受傷時，請先就醫。
Slide 5：依標示使用，先收藏","勞動後先休息再按摩，適合用保守一點的方式理解。

外用保養的重點是依標示使用，搭配局部按摩與日常休息；如果症狀持續、惡化或影響活動，請諮詢醫師或藥師。

本產品為外用油膏，請依核准標示使用；若症狀持續或惡化，請諮詢醫師或藥師。",#運動後保養 #局部按摩 #肌肉痠痛 #依標示使用,Slide 1：勞動後先休息再按摩｜Slide 2：運動族、搬重物、久站與勞動工作者常見情境｜Slide 3：運動或勞動後的局部肌肉痠痛，可短期按摩舒緩｜Slide 4：明顯腫脹、劇痛、活動受限或疑似受傷時，請先就醫。｜Slide 5：依標示使用，先收藏,本產品為外用油膏，請依核准標示使用；若症狀持續或惡化，請諮詢醫師或藥師。,明顯腫脹、劇痛、活動受限或疑似受傷時，請先就醫。,根治|治療疾病|消炎治本|打通經絡|一擦就好|保證有效|深層修復|替代藥物
Instagram_LINE259,LINE259,Instagram,2026-10-11,12:00,長輩使用外用膏你會提醒什麼,G,低,pending_legal_pharmacist_review,false,長輩使用外用膏你會提醒什麼,"Slide 1：長輩使用外用膏你會提醒什麼
Slide 2：LINE OA 好友、回購客與新客常見情境
Slide 3：用問答降低誤用，讓使用者知道何時該詢問專業人員
Slide 4：互動回答不取代醫師或藥師建議。
Slide 5：依標示使用，先收藏","長輩使用外用膏你會提醒什麼，適合用保守一點的方式理解。

外用保養的重點是依標示使用，搭配局部按摩與日常休息；如果症狀持續、惡化或影響活動，請諮詢醫師或藥師。

本內容為一般生活保健資訊，非醫療診斷或治療建議。",#互動問答 #保養知識 #使用小提醒 #金牌一條根,Slide 1：長輩使用外用膏你會提醒什麼｜Slide 2：LINE OA 好友、回購客與新客常見情境｜Slide 3：用問答降低誤用，讓使用者知道何時該詢問專業人員｜Slide 4：互動回答不取代醫師或藥師建議。｜Slide 5：依標示使用，先收藏,本內容為一般生活保健資訊，非醫療診斷或治療建議。,互動回答不取代醫師或藥師建議。,根治|治療疾病|消炎治本|打通經絡|一擦就好|保證有效|深層修復|替代藥物
Instagram_LINE260,LINE260,Instagram,2026-10-11,20:00,日常活動舒適度的三個習慣,D,中,pending_legal_pharmacist_review,false,日常活動舒適度的三個習慣,"Slide 1：日常活動舒適度的三個習慣
Slide 2：40-70 歲注重日常活動舒適度的族群常見情境
Slide 3：輕微關節痠痛可短期舒緩，但不可宣稱治療疾病
Slide 4：關節腫痛、紅熱、長期疼痛或行走困難，請就醫評估。
Slide 5：依標示使用，先收藏","日常活動舒適度的三個習慣，適合用保守一點的方式理解。

外用保養的重點是依標示使用，搭配局部按摩與日常休息；如果症狀持續、惡化或影響活動，請諮詢醫師或藥師。

本產品為外用油膏，請依核准標示使用；若症狀持續或惡化，請諮詢醫師或藥師。",#銀髮保養 #活動舒適 #輕微痠痛 #依標示使用,Slide 1：日常活動舒適度的三個習慣｜Slide 2：40-70 歲注重日常活動舒適度的族群常見情境｜Slide 3：輕微關節痠痛可短期舒緩，但不可宣稱治療疾病｜Slide 4：關節腫痛、紅熱、長期疼痛或行走困難，請就醫評估。｜Slide 5：依標示使用，先收藏,本產品為外用油膏，請依核准標示使用；若症狀持續或惡化，請諮詢醫師或藥師。,關節腫痛、紅熱、長期疼痛或行走困難，請就醫評估。,根治|治療疾病|消炎治本|打通經絡|一擦就好|保證有效|深層修復|替代藥物
Instagram_LINE261,LINE261,Instagram,2026-10-12,12:00,背包太重後的肩膀保養,B,低,pending_legal_pharmacist_review,false,背包太重後的肩膀保養,"Slide 1：背包太重後的肩膀保養
Slide 2：長時間低頭、久坐、用電腦的上班族常見情境
Slide 3：久坐低頭後，可搭配伸展與局部按摩舒緩緊繃不適
Slide 4：若痠痛持續、麻木或影響活動，請諮詢醫師或藥師。
Slide 5：依標示使用，先收藏","背包太重後的肩膀保養，適合用保守一點的方式理解。

外用保養的重點是依標示使用，搭配局部按摩與日常休息；如果症狀持續、惡化或影響活動，請諮詢醫師或藥師。

本內容為一般生活保健資訊，非醫療診斷或治療建議。",#肩頸保養 #久坐族 #日常舒緩 #依標示使用,Slide 1：背包太重後的肩膀保養｜Slide 2：長時間低頭、久坐、用電腦的上班族常見情境｜Slide 3：久坐低頭後，可搭配伸展與局部按摩舒緩緊繃不適｜Slide 4：若痠痛持續、麻木或影響活動，請諮詢醫師或藥師。｜Slide 5：依標示使用，先收藏,本內容為一般生活保健資訊，非醫療診斷或治療建議。,若痠痛持續、麻木或影響活動，請諮詢醫師或藥師。,根治|治療疾病|消炎治本|打通經絡|一擦就好|保證有效|深層修復|替代藥物
Instagram_LINE262,LINE262,Instagram,2026-10-12,20:00,局部按摩和大面積厚敷的差別,A,中,pending_legal_pharmacist_review,false,局部按摩和大面積厚敷的差別,"Slide 1：局部按摩和大面積厚敷的差別
Slide 2：已購買或正在觀望的一條根使用者常見情境
Slide 3：依標示外用，提供局部按摩與暫時舒緩體感
Slide 4：僅供外用；避免眼周、黏膜、破皮或傷口。
Slide 5：依標示使用，先收藏","局部按摩和大面積厚敷的差別，適合用保守一點的方式理解。

外用保養的重點是依標示使用，搭配局部按摩與日常休息；如果症狀持續、惡化或影響活動，請諮詢醫師或藥師。

本產品為外用油膏，請依核准標示使用；若症狀持續或惡化，請諮詢醫師或藥師。",#金牌一條根 #外用油膏 #成分透明 #依標示使用,Slide 1：局部按摩和大面積厚敷的差別｜Slide 2：已購買或正在觀望的一條根使用者常見情境｜Slide 3：依標示外用，提供局部按摩與暫時舒緩體感｜Slide 4：僅供外用；避免眼周、黏膜、破皮或傷口。｜Slide 5：依標示使用，先收藏,本產品為外用油膏，請依核准標示使用；若症狀持續或惡化，請諮詢醫師或藥師。,僅供外用；避免眼周、黏膜、破皮或傷口。,根治|治療疾病|消炎治本|打通經絡|一擦就好|保證有效|深層修復|替代藥物
Instagram_LINE263,LINE263,Instagram,2026-10-13,12:00,秋分後外出前暖身,F,低,pending_legal_pharmacist_review,false,秋分後外出前暖身,"Slide 1：秋分後外出前暖身
Slide 2：喜歡養生、節氣與日常保健的 LINE 讀者常見情境
Slide 3：以生活保健與身體覺察為主，不做醫療療效宣稱
Slide 4：節氣養生屬一般生活資訊，身體不適仍應諮詢專業人員。
Slide 5：依標示使用，先收藏","秋分後外出前暖身，適合用保守一點的方式理解。

外用保養的重點是依標示使用，搭配局部按摩與日常休息；如果症狀持續、惡化或影響活動，請諮詢醫師或藥師。

本內容為一般生活保健資訊，非醫療診斷或治療建議。",#節氣保養 #生活保健 #日常保養 #身體覺察,Slide 1：秋分後外出前暖身｜Slide 2：喜歡養生、節氣與日常保健的 LINE 讀者常見情境｜Slide 3：以生活保健與身體覺察為主，不做醫療療效宣稱｜Slide 4：節氣養生屬一般生活資訊，身體不適仍應諮詢專業人員。｜Slide 5：依標示使用，先收藏,本內容為一般生活保健資訊，非醫療診斷或治療建議。,節氣養生屬一般生活資訊，身體不適仍應諮詢專業人員。,根治|治療疾病|消炎治本|打通經絡|一擦就好|保證有效|深層修復|替代藥物
Instagram_LINE264,LINE264,Instagram,2026-10-13,20:00,症狀超過七天要停用並諮詢,E,高,pending_legal_pharmacist_review,false,症狀超過七天要停用並諮詢,"Slide 1：症狀超過七天要停用並諮詢
Slide 2：所有使用者、照護者與家庭購買者常見情境
Slide 3：安全使用比用得多更重要，依標示與風險族群提醒
Slide 4：2 歲以下、孕哺、過敏體質、抗凝血藥使用者請先詢問專業人員。
Slide 5：依標示使用，先收藏","症狀超過七天要停用並諮詢，適合用保守一點的方式理解。

外用保養的重點是依標示使用，搭配局部按摩與日常休息；如果症狀持續、惡化或影響活動，請諮詢醫師或藥師。

僅供外用。避免接觸眼睛、黏膜、破皮或傷口；特殊族群使用前請先諮詢專業人員。",#外用安全 #用藥安全 #使用前看標示 #諮詢醫師藥師,Slide 1：症狀超過七天要停用並諮詢｜Slide 2：所有使用者、照護者與家庭購買者常見情境｜Slide 3：安全使用比用得多更重要，依標示與風險族群提醒｜Slide 4：2 歲以下、孕哺、過敏體質、抗凝血藥使用者請先詢問專業人員。｜Slide 5：依標示使用，先收藏,僅供外用。避免接觸眼睛、黏膜、破皮或傷口；特殊族群使用前請先諮詢專業人員。,2 歲以下、孕哺、過敏體質、抗凝血藥使用者請先詢問專業人員。,根治|治療疾病|消炎治本|打通經絡|一擦就好|保證有效|深層修復|替代藥物
Instagram_LINE265,LINE265,Instagram,2026-10-14,12:00,為什麼不鼓勵擦傷口,H,中,pending_legal_pharmacist_review,false,為什麼不鼓勵擦傷口,"Slide 1：為什麼不鼓勵擦傷口
Slide 2：重視藥證、成分、品質與合法性的消費者常見情境
Slide 3：強調藥證、標示、保守宣稱與人工審核流程
Slide 4：所有廣告文案仍須依主管機關與專業人員審核。
Slide 5：依標示使用，先收藏","為什麼不鼓勵擦傷口，適合用保守一點的方式理解。

外用保養的重點是依標示使用，搭配局部按摩與日常休息；如果症狀持續、惡化或影響活動，請諮詢醫師或藥師。

本產品為外用油膏，請依核准標示使用；若症狀持續或惡化，請諮詢醫師或藥師。",#藥證可查 #品牌透明 #合法宣傳 #成分透明,Slide 1：為什麼不鼓勵擦傷口｜Slide 2：重視藥證、成分、品質與合法性的消費者常見情境｜Slide 3：強調藥證、標示、保守宣稱與人工審核流程｜Slide 4：所有廣告文案仍須依主管機關與專業人員審核。｜Slide 5：依標示使用，先收藏,本產品為外用油膏，請依核准標示使用；若症狀持續或惡化，請諮詢醫師或藥師。,所有廣告文案仍須依主管機關與專業人員審核。,根治|治療疾病|消炎治本|打通經絡|一擦就好|保證有效|深層修復|替代藥物
Instagram_LINE266,LINE266,Instagram,2026-10-14,20:00,一條根可以天天厚敷嗎,G,低,pending_legal_pharmacist_review,false,一條根可以天天厚敷嗎,"Slide 1：一條根可以天天厚敷嗎
Slide 2：LINE OA 好友、回購客與新客常見情境
Slide 3：用問答降低誤用，讓使用者知道何時該詢問專業人員
Slide 4：互動回答不取代醫師或藥師建議。
Slide 5：依標示使用，先收藏","一條根可以天天厚敷嗎，適合用保守一點的方式理解。

外用保養的重點是依標示使用，搭配局部按摩與日常休息；如果症狀持續、惡化或影響活動，請諮詢醫師或藥師。

本內容為一般生活保健資訊，非醫療診斷或治療建議。",#互動問答 #保養知識 #使用小提醒 #金牌一條根,Slide 1：一條根可以天天厚敷嗎｜Slide 2：LINE OA 好友、回購客與新客常見情境｜Slide 3：用問答降低誤用，讓使用者知道何時該詢問專業人員｜Slide 4：互動回答不取代醫師或藥師建議。｜Slide 5：依標示使用，先收藏,本內容為一般生活保健資訊，非醫療診斷或治療建議。,互動回答不取代醫師或藥師建議。,根治|治療疾病|消炎治本|打通經絡|一擦就好|保證有效|深層修復|替代藥物
Instagram_LINE267,LINE267,Instagram,2026-10-15,12:00,運動後不要立刻熱敷加藥膏,C,中,pending_legal_pharmacist_review,false,運動後不要立刻熱敷加藥膏,"Slide 1：運動後不要立刻熱敷加藥膏
Slide 2：運動族、搬重物、久站與勞動工作者常見情境
Slide 3：運動或勞動後的局部肌肉痠痛，可短期按摩舒緩
Slide 4：明顯腫脹、劇痛、活動受限或疑似受傷時，請先就醫。
Slide 5：依標示使用，先收藏","運動後不要立刻熱敷加藥膏，適合用保守一點的方式理解。

外用保養的重點是依標示使用，搭配局部按摩與日常休息；如果症狀持續、惡化或影響活動，請諮詢醫師或藥師。

本產品為外用油膏，請依核准標示使用；若症狀持續或惡化，請諮詢醫師或藥師。",#運動後保養 #局部按摩 #肌肉痠痛 #依標示使用,Slide 1：運動後不要立刻熱敷加藥膏｜Slide 2：運動族、搬重物、久站與勞動工作者常見情境｜Slide 3：運動或勞動後的局部肌肉痠痛，可短期按摩舒緩｜Slide 4：明顯腫脹、劇痛、活動受限或疑似受傷時，請先就醫。｜Slide 5：依標示使用，先收藏,本產品為外用油膏，請依核准標示使用；若症狀持續或惡化，請諮詢醫師或藥師。,明顯腫脹、劇痛、活動受限或疑似受傷時，請先就醫。,根治|治療疾病|消炎治本|打通經絡|一擦就好|保證有效|深層修復|替代藥物
Instagram_LINE268,LINE268,Instagram,2026-10-15,20:00,使用前先小範圍測試,A,中,pending_legal_pharmacist_review,false,使用前先小範圍測試,"Slide 1：使用前先小範圍測試
Slide 2：已購買或正在觀望的一條根使用者常見情境
Slide 3：依標示外用，提供局部按摩與暫時舒緩體感
Slide 4：僅供外用；避免眼周、黏膜、破皮或傷口。
Slide 5：依標示使用，先收藏","使用前先小範圍測試，適合用保守一點的方式理解。

外用保養的重點是依標示使用，搭配局部按摩與日常休息；如果症狀持續、惡化或影響活動，請諮詢醫師或藥師。

本產品為外用油膏，請依核准標示使用；若症狀持續或惡化，請諮詢醫師或藥師。",#金牌一條根 #外用油膏 #成分透明 #依標示使用,Slide 1：使用前先小範圍測試｜Slide 2：已購買或正在觀望的一條根使用者常見情境｜Slide 3：依標示外用，提供局部按摩與暫時舒緩體感｜Slide 4：僅供外用；避免眼周、黏膜、破皮或傷口。｜Slide 5：依標示使用，先收藏,本產品為外用油膏，請依核准標示使用；若症狀持續或惡化，請諮詢醫師或藥師。,僅供外用；避免眼周、黏膜、破皮或傷口。,根治|治療疾病|消炎治本|打通經絡|一擦就好|保證有效|深層修復|替代藥物
Instagram_LINE269,LINE269,Instagram,2026-10-16,12:00,長輩使用前先看標示,D,中,pending_legal_pharmacist_review,false,長輩使用前先看標示,"Slide 1：長輩使用前先看標示
Slide 2：40-70 歲注重日常活動舒適度的族群常見情境
Slide 3：輕微關節痠痛可短期舒緩，但不可宣稱治療疾病
Slide 4：關節腫痛、紅熱、長期疼痛或行走困難，請就醫評估。
Slide 5：依標示使用，先收藏","長輩使用前先看標示，適合用保守一點的方式理解。

外用保養的重點是依標示使用，搭配局部按摩與日常休息；如果症狀持續、惡化或影響活動，請諮詢醫師或藥師。

本產品為外用油膏，請依核准標示使用；若症狀持續或惡化，請諮詢醫師或藥師。",#銀髮保養 #活動舒適 #輕微痠痛 #依標示使用,Slide 1：長輩使用前先看標示｜Slide 2：40-70 歲注重日常活動舒適度的族群常見情境｜Slide 3：輕微關節痠痛可短期舒緩，但不可宣稱治療疾病｜Slide 4：關節腫痛、紅熱、長期疼痛或行走困難，請就醫評估。｜Slide 5：依標示使用，先收藏,本產品為外用油膏，請依核准標示使用；若症狀持續或惡化，請諮詢醫師或藥師。,關節腫痛、紅熱、長期疼痛或行走困難，請就醫評估。,根治|治療疾病|消炎治本|打通經絡|一擦就好|保證有效|深層修復|替代藥物
Instagram_LINE270,LINE270,Instagram,2026-10-16,20:00,皮膚刺激時要停止使用,E,高,pending_legal_pharmacist_review,false,皮膚刺激時要停止使用,"Slide 1：皮膚刺激時要停止使用
Slide 2：所有使用者、照護者與家庭購買者常見情境
Slide 3：安全使用比用得多更重要，依標示與風險族群提醒
Slide 4：2 歲以下、孕哺、過敏體質、抗凝血藥使用者請先詢問專業人員。
Slide 5：依標示使用，先收藏","皮膚刺激時要停止使用，適合用保守一點的方式理解。

外用保養的重點是依標示使用，搭配局部按摩與日常休息；如果症狀持續、惡化或影響活動，請諮詢醫師或藥師。

僅供外用。避免接觸眼睛、黏膜、破皮或傷口；特殊族群使用前請先諮詢專業人員。",#外用安全 #用藥安全 #使用前看標示 #諮詢醫師藥師,Slide 1：皮膚刺激時要停止使用｜Slide 2：所有使用者、照護者與家庭購買者常見情境｜Slide 3：安全使用比用得多更重要，依標示與風險族群提醒｜Slide 4：2 歲以下、孕哺、過敏體質、抗凝血藥使用者請先詢問專業人員。｜Slide 5：依標示使用，先收藏,僅供外用。避免接觸眼睛、黏膜、破皮或傷口；特殊族群使用前請先諮詢專業人員。,2 歲以下、孕哺、過敏體質、抗凝血藥使用者請先詢問專業人員。,根治|治療疾病|消炎治本|打通經絡|一擦就好|保證有效|深層修復|替代藥物
Instagram_LINE271,LINE271,Instagram,2026-10-17,12:00,寒露後肩背保養,F,低,pending_legal_pharmacist_review,false,寒露後肩背保養,"Slide 1：寒露後肩背保養
Slide 2：喜歡養生、節氣與日常保健的 LINE 讀者常見情境
Slide 3：以生活保健與身體覺察為主，不做醫療療效宣稱
Slide 4：節氣養生屬一般生活資訊，身體不適仍應諮詢專業人員。
Slide 5：依標示使用，先收藏","寒露後肩背保養，適合用保守一點的方式理解。

外用保養的重點是依標示使用，搭配局部按摩與日常休息；如果症狀持續、惡化或影響活動，請諮詢醫師或藥師。

本內容為一般生活保健資訊，非醫療診斷或治療建議。",#節氣保養 #生活保健 #日常保養 #身體覺察,Slide 1：寒露後肩背保養｜Slide 2：喜歡養生、節氣與日常保健的 LINE 讀者常見情境｜Slide 3：以生活保健與身體覺察為主，不做醫療療效宣稱｜Slide 4：節氣養生屬一般生活資訊，身體不適仍應諮詢專業人員。｜Slide 5：依標示使用，先收藏,本內容為一般生活保健資訊，非醫療診斷或治療建議。,節氣養生屬一般生活資訊，身體不適仍應諮詢專業人員。,根治|治療疾病|消炎治本|打通經絡|一擦就好|保證有效|深層修復|替代藥物
Instagram_LINE272,LINE272,Instagram,2026-10-17,20:00,輕微拉扯後的觀察重點,C,中,pending_legal_pharmacist_review,false,輕微拉扯後的觀察重點,"Slide 1：輕微拉扯後的觀察重點
Slide 2：運動族、搬重物、久站與勞動工作者常見情境
Slide 3：運動或勞動後的局部肌肉痠痛，可短期按摩舒緩
Slide 4：明顯腫脹、劇痛、活動受限或疑似受傷時，請先就醫。
Slide 5：依標示使用，先收藏","輕微拉扯後的觀察重點，適合用保守一點的方式理解。

外用保養的重點是依標示使用，搭配局部按摩與日常休息；如果症狀持續、惡化或影響活動，請諮詢醫師或藥師。

本產品為外用油膏，請依核准標示使用；若症狀持續或惡化，請諮詢醫師或藥師。",#運動後保養 #局部按摩 #肌肉痠痛 #依標示使用,Slide 1：輕微拉扯後的觀察重點｜Slide 2：運動族、搬重物、久站與勞動工作者常見情境｜Slide 3：運動或勞動後的局部肌肉痠痛，可短期按摩舒緩｜Slide 4：明顯腫脹、劇痛、活動受限或疑似受傷時，請先就醫。｜Slide 5：依標示使用，先收藏,本產品為外用油膏，請依核准標示使用；若症狀持續或惡化，請諮詢醫師或藥師。,明顯腫脹、劇痛、活動受限或疑似受傷時，請先就醫。,根治|治療疾病|消炎治本|打通經絡|一擦就好|保證有效|深層修復|替代藥物
Instagram_LINE273,LINE273,Instagram,2026-10-18,12:00,擦完可以馬上熱敷嗎,G,低,pending_legal_pharmacist_review,false,擦完可以馬上熱敷嗎,"Slide 1：擦完可以馬上熱敷嗎
Slide 2：LINE OA 好友、回購客與新客常見情境
Slide 3：用問答降低誤用，讓使用者知道何時該詢問專業人員
Slide 4：互動回答不取代醫師或藥師建議。
Slide 5：依標示使用，先收藏","擦完可以馬上熱敷嗎，適合用保守一點的方式理解。

外用保養的重點是依標示使用，搭配局部按摩與日常休息；如果症狀持續、惡化或影響活動，請諮詢醫師或藥師。

本內容為一般生活保健資訊，非醫療診斷或治療建議。",#互動問答 #保養知識 #使用小提醒 #金牌一條根,Slide 1：擦完可以馬上熱敷嗎｜Slide 2：LINE OA 好友、回購客與新客常見情境｜Slide 3：用問答降低誤用，讓使用者知道何時該詢問專業人員｜Slide 4：互動回答不取代醫師或藥師建議。｜Slide 5：依標示使用，先收藏,本內容為一般生活保健資訊，非醫療診斷或治療建議。,互動回答不取代醫師或藥師建議。,根治|治療疾病|消炎治本|打通經絡|一擦就好|保證有效|深層修復|替代藥物
Instagram_LINE274,LINE274,Instagram,2026-10-18,20:00,別把長期疼痛只當小問題,D,中,pending_legal_pharmacist_review,false,別把長期疼痛只當小問題,"Slide 1：別把長期疼痛只當小問題
Slide 2：40-70 歲注重日常活動舒適度的族群常見情境
Slide 3：輕微關節痠痛可短期舒緩，但不可宣稱治療疾病
Slide 4：關節腫痛、紅熱、長期疼痛或行走困難，請就醫評估。
Slide 5：依標示使用，先收藏","別把長期疼痛只當小問題，適合用保守一點的方式理解。

外用保養的重點是依標示使用，搭配局部按摩與日常休息；如果症狀持續、惡化或影響活動，請諮詢醫師或藥師。

本產品為外用油膏，請依核准標示使用；若症狀持續或惡化，請諮詢醫師或藥師。",#銀髮保養 #活動舒適 #輕微痠痛 #依標示使用,Slide 1：別把長期疼痛只當小問題｜Slide 2：40-70 歲注重日常活動舒適度的族群常見情境｜Slide 3：輕微關節痠痛可短期舒緩，但不可宣稱治療疾病｜Slide 4：關節腫痛、紅熱、長期疼痛或行走困難，請就醫評估。｜Slide 5：依標示使用，先收藏,本產品為外用油膏，請依核准標示使用；若症狀持續或惡化，請諮詢醫師或藥師。,關節腫痛、紅熱、長期疼痛或行走困難，請就醫評估。,根治|治療疾病|消炎治本|打通經絡|一擦就好|保證有效|深層修復|替代藥物
Instagram_LINE275,LINE275,Instagram,2026-10-19,12:00,冷氣房肩頸緊繃保養,B,低,pending_legal_pharmacist_review,false,冷氣房肩頸緊繃保養,"Slide 1：冷氣房肩頸緊繃保養
Slide 2：長時間低頭、久坐、用電腦的上班族常見情境
Slide 3：久坐低頭後，可搭配伸展與局部按摩舒緩緊繃不適
Slide 4：若痠痛持續、麻木或影響活動，請諮詢醫師或藥師。
Slide 5：依標示使用，先收藏","冷氣房肩頸緊繃保養，適合用保守一點的方式理解。

外用保養的重點是依標示使用，搭配局部按摩與日常休息；如果症狀持續、惡化或影響活動，請諮詢醫師或藥師。

本內容為一般生活保健資訊，非醫療診斷或治療建議。",#肩頸保養 #久坐族 #日常舒緩 #依標示使用,Slide 1：冷氣房肩頸緊繃保養｜Slide 2：長時間低頭、久坐、用電腦的上班族常見情境｜Slide 3：久坐低頭後，可搭配伸展與局部按摩舒緩緊繃不適｜Slide 4：若痠痛持續、麻木或影響活動，請諮詢醫師或藥師。｜Slide 5：依標示使用，先收藏,本內容為一般生活保健資訊，非醫療診斷或治療建議。,若痠痛持續、麻木或影響活動，請諮詢醫師或藥師。,根治|治療疾病|消炎治本|打通經絡|一擦就好|保證有效|深層修復|替代藥物
Instagram_LINE276,LINE276,Instagram,2026-10-19,20:00,產品不是神藥，定位要講清楚,A,中,pending_legal_pharmacist_review,false,產品不是神藥，定位要講清楚,"Slide 1：產品不是神藥，定位要講清楚
Slide 2：已購買或正在觀望的一條根使用者常見情境
Slide 3：依標示外用，提供局部按摩與暫時舒緩體感
Slide 4：僅供外用；避免眼周、黏膜、破皮或傷口。
Slide 5：依標示使用，先收藏","產品不是神藥，定位要講清楚，適合用保守一點的方式理解。

外用保養的重點是依標示使用，搭配局部按摩與日常休息；如果症狀持續、惡化或影響活動，請諮詢醫師或藥師。

本產品為外用油膏，請依核准標示使用；若症狀持續或惡化，請諮詢醫師或藥師。",#金牌一條根 #外用油膏 #成分透明 #依標示使用,Slide 1：產品不是神藥，定位要講清楚｜Slide 2：已購買或正在觀望的一條根使用者常見情境｜Slide 3：依標示外用，提供局部按摩與暫時舒緩體感｜Slide 4：僅供外用；避免眼周、黏膜、破皮或傷口。｜Slide 5：依標示使用，先收藏,本產品為外用油膏，請依核准標示使用；若症狀持續或惡化，請諮詢醫師或藥師。,僅供外用；避免眼周、黏膜、破皮或傷口。,根治|治療疾病|消炎治本|打通經絡|一擦就好|保證有效|深層修復|替代藥物
Instagram_LINE277,LINE277,Instagram,2026-10-20,12:00,立冬前後的日常舒緩儀式,F,低,pending_legal_pharmacist_review,false,立冬前後的日常舒緩儀式,"Slide 1：立冬前後的日常舒緩儀式
Slide 2：喜歡養生、節氣與日常保健的 LINE 讀者常見情境
Slide 3：以生活保健與身體覺察為主，不做醫療療效宣稱
Slide 4：節氣養生屬一般生活資訊，身體不適仍應諮詢專業人員。
Slide 5：依標示使用，先收藏","立冬前後的日常舒緩儀式，適合用保守一點的方式理解。

外用保養的重點是依標示使用，搭配局部按摩與日常休息；如果症狀持續、惡化或影響活動，請諮詢醫師或藥師。

本內容為一般生活保健資訊，非醫療診斷或治療建議。",#節氣保養 #生活保健 #日常保養 #身體覺察,Slide 1：立冬前後的日常舒緩儀式｜Slide 2：喜歡養生、節氣與日常保健的 LINE 讀者常見情境｜Slide 3：以生活保健與身體覺察為主，不做醫療療效宣稱｜Slide 4：節氣養生屬一般生活資訊，身體不適仍應諮詢專業人員。｜Slide 5：依標示使用，先收藏,本內容為一般生活保健資訊，非醫療診斷或治療建議。,節氣養生屬一般生活資訊，身體不適仍應諮詢專業人員。,根治|治療疾病|消炎治本|打通經絡|一擦就好|保證有效|深層修復|替代藥物
Instagram_LINE278,LINE278,Instagram,2026-10-20,20:00,深層症狀不適合自行處理,E,高,pending_legal_pharmacist_review,false,深層症狀不適合自行處理,"Slide 1：深層症狀不適合自行處理
Slide 2：所有使用者、照護者與家庭購買者常見情境
Slide 3：安全使用比用得多更重要，依標示與風險族群提醒
Slide 4：2 歲以下、孕哺、過敏體質、抗凝血藥使用者請先詢問專業人員。
Slide 5：依標示使用，先收藏","深層症狀不適合自行處理，適合用保守一點的方式理解。

外用保養的重點是依標示使用，搭配局部按摩與日常休息；如果症狀持續、惡化或影響活動，請諮詢醫師或藥師。

僅供外用。避免接觸眼睛、黏膜、破皮或傷口；特殊族群使用前請先諮詢專業人員。",#外用安全 #用藥安全 #使用前看標示 #諮詢醫師藥師,Slide 1：深層症狀不適合自行處理｜Slide 2：所有使用者、照護者與家庭購買者常見情境｜Slide 3：安全使用比用得多更重要，依標示與風險族群提醒｜Slide 4：2 歲以下、孕哺、過敏體質、抗凝血藥使用者請先詢問專業人員。｜Slide 5：依標示使用，先收藏,僅供外用。避免接觸眼睛、黏膜、破皮或傷口；特殊族群使用前請先諮詢專業人員。,2 歲以下、孕哺、過敏體質、抗凝血藥使用者請先詢問專業人員。,根治|治療疾病|消炎治本|打通經絡|一擦就好|保證有效|深層修復|替代藥物
Instagram_LINE279,LINE279,Instagram,2026-10-21,12:00,買外用膏先看三件事,H,中,pending_legal_pharmacist_review,false,買外用膏先看三件事,"Slide 1：買外用膏先看三件事
Slide 2：重視藥證、成分、品質與合法性的消費者常見情境
Slide 3：強調藥證、標示、保守宣稱與人工審核流程
Slide 4：所有廣告文案仍須依主管機關與專業人員審核。
Slide 5：依標示使用，先收藏","買外用膏先看三件事，適合用保守一點的方式理解。

外用保養的重點是依標示使用，搭配局部按摩與日常休息；如果症狀持續、惡化或影響活動，請諮詢醫師或藥師。

本產品為外用油膏，請依核准標示使用；若症狀持續或惡化，請諮詢醫師或藥師。",#藥證可查 #品牌透明 #合法宣傳 #成分透明,Slide 1：買外用膏先看三件事｜Slide 2：重視藥證、成分、品質與合法性的消費者常見情境｜Slide 3：強調藥證、標示、保守宣稱與人工審核流程｜Slide 4：所有廣告文案仍須依主管機關與專業人員審核。｜Slide 5：依標示使用，先收藏,本產品為外用油膏，請依核准標示使用；若症狀持續或惡化，請諮詢醫師或藥師。,所有廣告文案仍須依主管機關與專業人員審核。,根治|治療疾病|消炎治本|打通經絡|一擦就好|保證有效|深層修復|替代藥物
Instagram_LINE280,LINE280,Instagram,2026-10-21,20:00,哪些情況應該先就醫,G,低,pending_legal_pharmacist_review,false,哪些情況應該先就醫,"Slide 1：哪些情況應該先就醫
Slide 2：LINE OA 好友、回購客與新客常見情境
Slide 3：用問答降低誤用，讓使用者知道何時該詢問專業人員
Slide 4：互動回答不取代醫師或藥師建議。
Slide 5：依標示使用，先收藏","哪些情況應該先就醫，適合用保守一點的方式理解。

外用保養的重點是依標示使用，搭配局部按摩與日常休息；如果症狀持續、惡化或影響活動，請諮詢醫師或藥師。

本內容為一般生活保健資訊，非醫療診斷或治療建議。",#互動問答 #保養知識 #使用小提醒 #金牌一條根,Slide 1：哪些情況應該先就醫｜Slide 2：LINE OA 好友、回購客與新客常見情境｜Slide 3：用問答降低誤用，讓使用者知道何時該詢問專業人員｜Slide 4：互動回答不取代醫師或藥師建議。｜Slide 5：依標示使用，先收藏,本內容為一般生活保健資訊，非醫療診斷或治療建議。,互動回答不取代醫師或藥師建議。,根治|治療疾病|消炎治本|打通經絡|一擦就好|保證有效|深層修復|替代藥物
Instagram_LINE281,LINE281,Instagram,2026-10-22,12:00,運動後局部痠痛的保守處理,C,中,pending_legal_pharmacist_review,false,運動後局部痠痛的保守處理,"Slide 1：運動後局部痠痛的保守處理
Slide 2：運動族、搬重物、久站與勞動工作者常見情境
Slide 3：運動或勞動後的局部肌肉痠痛，可短期按摩舒緩
Slide 4：明顯腫脹、劇痛、活動受限或疑似受傷時，請先就醫。
Slide 5：依標示使用，先收藏","運動後局部痠痛的保守處理，適合用保守一點的方式理解。

外用保養的重點是依標示使用，搭配局部按摩與日常休息；如果症狀持續、惡化或影響活動，請諮詢醫師或藥師。

本產品為外用油膏，請依核准標示使用；若症狀持續或惡化，請諮詢醫師或藥師。",#運動後保養 #局部按摩 #肌肉痠痛 #依標示使用,Slide 1：運動後局部痠痛的保守處理｜Slide 2：運動族、搬重物、久站與勞動工作者常見情境｜Slide 3：運動或勞動後的局部肌肉痠痛，可短期按摩舒緩｜Slide 4：明顯腫脹、劇痛、活動受限或疑似受傷時，請先就醫。｜Slide 5：依標示使用，先收藏,本產品為外用油膏，請依核准標示使用；若症狀持續或惡化，請諮詢醫師或藥師。,明顯腫脹、劇痛、活動受限或疑似受傷時，請先就醫。,根治|治療疾病|消炎治本|打通經絡|一擦就好|保證有效|深層修復|替代藥物
Instagram_LINE282,LINE282,Instagram,2026-10-22,20:00,冬青油與清涼舒緩體感,A,中,pending_legal_pharmacist_review,false,冬青油與清涼舒緩體感,"Slide 1：冬青油與清涼舒緩體感
Slide 2：已購買或正在觀望的一條根使用者常見情境
Slide 3：依標示外用，提供局部按摩與暫時舒緩體感
Slide 4：僅供外用；避免眼周、黏膜、破皮或傷口。
Slide 5：依標示使用，先收藏","冬青油與清涼舒緩體感，適合用保守一點的方式理解。

外用保養的重點是依標示使用，搭配局部按摩與日常休息；如果症狀持續、惡化或影響活動，請諮詢醫師或藥師。

本產品為外用油膏，請依核准標示使用；若症狀持續或惡化，請諮詢醫師或藥師。",#金牌一條根 #外用油膏 #成分透明 #依標示使用,Slide 1：冬青油與清涼舒緩體感｜Slide 2：已購買或正在觀望的一條根使用者常見情境｜Slide 3：依標示外用，提供局部按摩與暫時舒緩體感｜Slide 4：僅供外用；避免眼周、黏膜、破皮或傷口。｜Slide 5：依標示使用，先收藏,本產品為外用油膏，請依核准標示使用；若症狀持續或惡化，請諮詢醫師或藥師。,僅供外用；避免眼周、黏膜、破皮或傷口。,根治|治療疾病|消炎治本|打通經絡|一擦就好|保證有效|深層修復|替代藥物
Instagram_LINE283,LINE283,Instagram,2026-10-23,12:00,早晨活動前的關節暖身,D,中,pending_legal_pharmacist_review,false,早晨活動前的關節暖身,"Slide 1：早晨活動前的關節暖身
Slide 2：40-70 歲注重日常活動舒適度的族群常見情境
Slide 3：輕微關節痠痛可短期舒緩，但不可宣稱治療疾病
Slide 4：關節腫痛、紅熱、長期疼痛或行走困難，請就醫評估。
Slide 5：依標示使用，先收藏","早晨活動前的關節暖身，適合用保守一點的方式理解。

外用保養的重點是依標示使用，搭配局部按摩與日常休息；如果症狀持續、惡化或影響活動，請諮詢醫師或藥師。

本產品為外用油膏，請依核准標示使用；若症狀持續或惡化，請諮詢醫師或藥師。",#銀髮保養 #活動舒適 #輕微痠痛 #依標示使用,Slide 1：早晨活動前的關節暖身｜Slide 2：40-70 歲注重日常活動舒適度的族群常見情境｜Slide 3：輕微關節痠痛可短期舒緩，但不可宣稱治療疾病｜Slide 4：關節腫痛、紅熱、長期疼痛或行走困難，請就醫評估。｜Slide 5：依標示使用，先收藏,本產品為外用油膏，請依核准標示使用；若症狀持續或惡化，請諮詢醫師或藥師。,關節腫痛、紅熱、長期疼痛或行走困難，請就醫評估。,根治|治療疾病|消炎治本|打通經絡|一擦就好|保證有效|深層修復|替代藥物
Instagram_LINE284,LINE284,Instagram,2026-10-23,20:00,不能擦在破皮或傷口,E,高,pending_legal_pharmacist_review,false,不能擦在破皮或傷口,"Slide 1：不能擦在破皮或傷口
Slide 2：所有使用者、照護者與家庭購買者常見情境
Slide 3：安全使用比用得多更重要，依標示與風險族群提醒
Slide 4：2 歲以下、孕哺、過敏體質、抗凝血藥使用者請先詢問專業人員。
Slide 5：依標示使用，先收藏","不能擦在破皮或傷口，適合用保守一點的方式理解。

外用保養的重點是依標示使用，搭配局部按摩與日常休息；如果症狀持續、惡化或影響活動，請諮詢醫師或藥師。

僅供外用。避免接觸眼睛、黏膜、破皮或傷口；特殊族群使用前請先諮詢專業人員。",#外用安全 #用藥安全 #使用前看標示 #諮詢醫師藥師,Slide 1：不能擦在破皮或傷口｜Slide 2：所有使用者、照護者與家庭購買者常見情境｜Slide 3：安全使用比用得多更重要，依標示與風險族群提醒｜Slide 4：2 歲以下、孕哺、過敏體質、抗凝血藥使用者請先詢問專業人員。｜Slide 5：依標示使用，先收藏,僅供外用。避免接觸眼睛、黏膜、破皮或傷口；特殊族群使用前請先諮詢專業人員。,2 歲以下、孕哺、過敏體質、抗凝血藥使用者請先詢問專業人員。,根治|治療疾病|消炎治本|打通經絡|一擦就好|保證有效|深層修復|替代藥物
Instagram_LINE285,LINE285,Instagram,2026-10-24,12:00,芒種後濕熱生活保養,F,低,pending_legal_pharmacist_review,false,芒種後濕熱生活保養,"Slide 1：芒種後濕熱生活保養
Slide 2：喜歡養生、節氣與日常保健的 LINE 讀者常見情境
Slide 3：以生活保健與身體覺察為主，不做醫療療效宣稱
Slide 4：節氣養生屬一般生活資訊，身體不適仍應諮詢專業人員。
Slide 5：依標示使用，先收藏","芒種後濕熱生活保養，適合用保守一點的方式理解。

外用保養的重點是依標示使用，搭配局部按摩與日常休息；如果症狀持續、惡化或影響活動，請諮詢醫師或藥師。

本內容為一般生活保健資訊，非醫療診斷或治療建議。",#節氣保養 #生活保健 #日常保養 #身體覺察,Slide 1：芒種後濕熱生活保養｜Slide 2：喜歡養生、節氣與日常保健的 LINE 讀者常見情境｜Slide 3：以生活保健與身體覺察為主，不做醫療療效宣稱｜Slide 4：節氣養生屬一般生活資訊，身體不適仍應諮詢專業人員。｜Slide 5：依標示使用，先收藏,本內容為一般生活保健資訊，非醫療診斷或治療建議。,節氣養生屬一般生活資訊，身體不適仍應諮詢專業人員。,根治|治療疾病|消炎治本|打通經絡|一擦就好|保證有效|深層修復|替代藥物
Instagram_LINE286,LINE286,Instagram,2026-10-24,20:00,久站後小腿不適舒緩,C,中,pending_legal_pharmacist_review,false,久站後小腿不適舒緩,"Slide 1：久站後小腿不適舒緩
Slide 2：運動族、搬重物、久站與勞動工作者常見情境
Slide 3：運動或勞動後的局部肌肉痠痛，可短期按摩舒緩
Slide 4：明顯腫脹、劇痛、活動受限或疑似受傷時，請先就醫。
Slide 5：依標示使用，先收藏","久站後小腿不適舒緩，適合用保守一點的方式理解。

外用保養的重點是依標示使用，搭配局部按摩與日常休息；如果症狀持續、惡化或影響活動，請諮詢醫師或藥師。

本產品為外用油膏，請依核准標示使用；若症狀持續或惡化，請諮詢醫師或藥師。",#運動後保養 #局部按摩 #肌肉痠痛 #依標示使用,Slide 1：久站後小腿不適舒緩｜Slide 2：運動族、搬重物、久站與勞動工作者常見情境｜Slide 3：運動或勞動後的局部肌肉痠痛，可短期按摩舒緩｜Slide 4：明顯腫脹、劇痛、活動受限或疑似受傷時，請先就醫。｜Slide 5：依標示使用，先收藏,本產品為外用油膏，請依核准標示使用；若症狀持續或惡化，請諮詢醫師或藥師。,明顯腫脹、劇痛、活動受限或疑似受傷時，請先就醫。,根治|治療疾病|消炎治本|打通經絡|一擦就好|保證有效|深層修復|替代藥物
Instagram_LINE287,LINE287,Instagram,2026-10-25,12:00,你最常哪個部位緊繃,G,低,pending_legal_pharmacist_review,false,你最常哪個部位緊繃,"Slide 1：你最常哪個部位緊繃
Slide 2：LINE OA 好友、回購客與新客常見情境
Slide 3：用問答降低誤用，讓使用者知道何時該詢問專業人員
Slide 4：互動回答不取代醫師或藥師建議。
Slide 5：依標示使用，先收藏","你最常哪個部位緊繃，適合用保守一點的方式理解。

外用保養的重點是依標示使用，搭配局部按摩與日常休息；如果症狀持續、惡化或影響活動，請諮詢醫師或藥師。

本內容為一般生活保健資訊，非醫療診斷或治療建議。",#互動問答 #保養知識 #使用小提醒 #金牌一條根,Slide 1：你最常哪個部位緊繃｜Slide 2：LINE OA 好友、回購客與新客常見情境｜Slide 3：用問答降低誤用，讓使用者知道何時該詢問專業人員｜Slide 4：互動回答不取代醫師或藥師建議。｜Slide 5：依標示使用，先收藏,本內容為一般生活保健資訊，非醫療診斷或治療建議。,互動回答不取代醫師或藥師建議。,根治|治療疾病|消炎治本|打通經絡|一擦就好|保證有效|深層修復|替代藥物
Instagram_LINE288,LINE288,Instagram,2026-10-25,20:00,長輩外用膏使用安全,D,中,pending_legal_pharmacist_review,false,長輩外用膏使用安全,"Slide 1：長輩外用膏使用安全
Slide 2：40-70 歲注重日常活動舒適度的族群常見情境
Slide 3：輕微關節痠痛可短期舒緩，但不可宣稱治療疾病
Slide 4：關節腫痛、紅熱、長期疼痛或行走困難，請就醫評估。
Slide 5：依標示使用，先收藏","長輩外用膏使用安全，適合用保守一點的方式理解。

外用保養的重點是依標示使用，搭配局部按摩與日常休息；如果症狀持續、惡化或影響活動，請諮詢醫師或藥師。

本產品為外用油膏，請依核准標示使用；若症狀持續或惡化，請諮詢醫師或藥師。",#銀髮保養 #活動舒適 #輕微痠痛 #依標示使用,Slide 1：長輩外用膏使用安全｜Slide 2：40-70 歲注重日常活動舒適度的族群常見情境｜Slide 3：輕微關節痠痛可短期舒緩，但不可宣稱治療疾病｜Slide 4：關節腫痛、紅熱、長期疼痛或行走困難，請就醫評估。｜Slide 5：依標示使用，先收藏,本產品為外用油膏，請依核准標示使用；若症狀持續或惡化，請諮詢醫師或藥師。,關節腫痛、紅熱、長期疼痛或行走困難，請就醫評估。,根治|治療疾病|消炎治本|打通經絡|一擦就好|保證有效|深層修復|替代藥物
Instagram_LINE289,LINE289,Instagram,2026-10-26,12:00,低頭族肩頸緊繃的三個提醒,B,低,pending_legal_pharmacist_review,false,低頭族肩頸緊繃的三個提醒,"Slide 1：低頭族肩頸緊繃的三個提醒
Slide 2：長時間低頭、久坐、用電腦的上班族常見情境
Slide 3：久坐低頭後，可搭配伸展與局部按摩舒緩緊繃不適
Slide 4：若痠痛持續、麻木或影響活動，請諮詢醫師或藥師。
Slide 5：依標示使用，先收藏","低頭族肩頸緊繃的三個提醒，適合用保守一點的方式理解。

外用保養的重點是依標示使用，搭配局部按摩與日常休息；如果症狀持續、惡化或影響活動，請諮詢醫師或藥師。

本內容為一般生活保健資訊，非醫療診斷或治療建議。",#肩頸保養 #久坐族 #日常舒緩 #依標示使用,Slide 1：低頭族肩頸緊繃的三個提醒｜Slide 2：長時間低頭、久坐、用電腦的上班族常見情境｜Slide 3：久坐低頭後，可搭配伸展與局部按摩舒緩緊繃不適｜Slide 4：若痠痛持續、麻木或影響活動，請諮詢醫師或藥師。｜Slide 5：依標示使用，先收藏,本內容為一般生活保健資訊，非醫療診斷或治療建議。,若痠痛持續、麻木或影響活動，請諮詢醫師或藥師。,根治|治療疾病|消炎治本|打通經絡|一擦就好|保證有效|深層修復|替代藥物
Instagram_LINE290,LINE290,Instagram,2026-10-26,20:00,薄荷腦帶來的涼感來源,A,中,pending_legal_pharmacist_review,false,薄荷腦帶來的涼感來源,"Slide 1：薄荷腦帶來的涼感來源
Slide 2：已購買或正在觀望的一條根使用者常見情境
Slide 3：依標示外用，提供局部按摩與暫時舒緩體感
Slide 4：僅供外用；避免眼周、黏膜、破皮或傷口。
Slide 5：依標示使用，先收藏","薄荷腦帶來的涼感來源，適合用保守一點的方式理解。

外用保養的重點是依標示使用，搭配局部按摩與日常休息；如果症狀持續、惡化或影響活動，請諮詢醫師或藥師。

本產品為外用油膏，請依核准標示使用；若症狀持續或惡化，請諮詢醫師或藥師。",#金牌一條根 #外用油膏 #成分透明 #依標示使用,Slide 1：薄荷腦帶來的涼感來源｜Slide 2：已購買或正在觀望的一條根使用者常見情境｜Slide 3：依標示外用，提供局部按摩與暫時舒緩體感｜Slide 4：僅供外用；避免眼周、黏膜、破皮或傷口。｜Slide 5：依標示使用，先收藏,本產品為外用油膏，請依核准標示使用；若症狀持續或惡化，請諮詢醫師或藥師。,僅供外用；避免眼周、黏膜、破皮或傷口。,根治|治療疾病|消炎治本|打通經絡|一擦就好|保證有效|深層修復|替代藥物
Instagram_LINE291,LINE291,Instagram,2026-10-27,12:00,夏季冷氣房的肩頸保養,F,低,pending_legal_pharmacist_review,false,夏季冷氣房的肩頸保養,"Slide 1：夏季冷氣房的肩頸保養
Slide 2：喜歡養生、節氣與日常保健的 LINE 讀者常見情境
Slide 3：以生活保健與身體覺察為主，不做醫療療效宣稱
Slide 4：節氣養生屬一般生活資訊，身體不適仍應諮詢專業人員。
Slide 5：依標示使用，先收藏","夏季冷氣房的肩頸保養，適合用保守一點的方式理解。

外用保養的重點是依標示使用，搭配局部按摩與日常休息；如果症狀持續、惡化或影響活動，請諮詢醫師或藥師。

本內容為一般生活保健資訊，非醫療診斷或治療建議。",#節氣保養 #生活保健 #日常保養 #身體覺察,Slide 1：夏季冷氣房的肩頸保養｜Slide 2：喜歡養生、節氣與日常保健的 LINE 讀者常見情境｜Slide 3：以生活保健與身體覺察為主，不做醫療療效宣稱｜Slide 4：節氣養生屬一般生活資訊，身體不適仍應諮詢專業人員。｜Slide 5：依標示使用，先收藏,本內容為一般生活保健資訊，非醫療診斷或治療建議。,節氣養生屬一般生活資訊，身體不適仍應諮詢專業人員。,根治|治療疾病|消炎治本|打通經絡|一擦就好|保證有效|深層修復|替代藥物
Instagram_LINE292,LINE292,Instagram,2026-10-27,20:00,外用膏避免眼周與黏膜,E,高,pending_legal_pharmacist_review,false,外用膏避免眼周與黏膜,"Slide 1：外用膏避免眼周與黏膜
Slide 2：所有使用者、照護者與家庭購買者常見情境
Slide 3：安全使用比用得多更重要，依標示與風險族群提醒
Slide 4：2 歲以下、孕哺、過敏體質、抗凝血藥使用者請先詢問專業人員。
Slide 5：依標示使用，先收藏","外用膏避免眼周與黏膜，適合用保守一點的方式理解。

外用保養的重點是依標示使用，搭配局部按摩與日常休息；如果症狀持續、惡化或影響活動，請諮詢醫師或藥師。

僅供外用。避免接觸眼睛、黏膜、破皮或傷口；特殊族群使用前請先諮詢專業人員。",#外用安全 #用藥安全 #使用前看標示 #諮詢醫師藥師,Slide 1：外用膏避免眼周與黏膜｜Slide 2：所有使用者、照護者與家庭購買者常見情境｜Slide 3：安全使用比用得多更重要，依標示與風險族群提醒｜Slide 4：2 歲以下、孕哺、過敏體質、抗凝血藥使用者請先詢問專業人員。｜Slide 5：依標示使用，先收藏,僅供外用。避免接觸眼睛、黏膜、破皮或傷口；特殊族群使用前請先諮詢專業人員。,2 歲以下、孕哺、過敏體質、抗凝血藥使用者請先詢問專業人員。,根治|治療疾病|消炎治本|打通經絡|一擦就好|保證有效|深層修復|替代藥物
Instagram_LINE293,LINE293,Instagram,2026-10-28,12:00,為什麼我們不說神效,H,中,pending_legal_pharmacist_review,false,為什麼我們不說神效,"Slide 1：為什麼我們不說神效
Slide 2：重視藥證、成分、品質與合法性的消費者常見情境
Slide 3：強調藥證、標示、保守宣稱與人工審核流程
Slide 4：所有廣告文案仍須依主管機關與專業人員審核。
Slide 5：依標示使用，先收藏","為什麼我們不說神效，適合用保守一點的方式理解。

外用保養的重點是依標示使用，搭配局部按摩與日常休息；如果症狀持續、惡化或影響活動，請諮詢醫師或藥師。

本產品為外用油膏，請依核准標示使用；若症狀持續或惡化，請諮詢醫師或藥師。",#藥證可查 #品牌透明 #合法宣傳 #成分透明,Slide 1：為什麼我們不說神效｜Slide 2：重視藥證、成分、品質與合法性的消費者常見情境｜Slide 3：強調藥證、標示、保守宣稱與人工審核流程｜Slide 4：所有廣告文案仍須依主管機關與專業人員審核。｜Slide 5：依標示使用，先收藏,本產品為外用油膏，請依核准標示使用；若症狀持續或惡化，請諮詢醫師或藥師。,所有廣告文案仍須依主管機關與專業人員審核。,根治|治療疾病|消炎治本|打通經絡|一擦就好|保證有效|深層修復|替代藥物
Instagram_LINE294,LINE294,Instagram,2026-10-28,20:00,你習慣運動前還是運動後保養,G,低,pending_legal_pharmacist_review,false,你習慣運動前還是運動後保養,"Slide 1：你習慣運動前還是運動後保養
Slide 2：LINE OA 好友、回購客與新客常見情境
Slide 3：用問答降低誤用，讓使用者知道何時該詢問專業人員
Slide 4：互動回答不取代醫師或藥師建議。
Slide 5：依標示使用，先收藏","你習慣運動前還是運動後保養，適合用保守一點的方式理解。

外用保養的重點是依標示使用，搭配局部按摩與日常休息；如果症狀持續、惡化或影響活動，請諮詢醫師或藥師。

本內容為一般生活保健資訊，非醫療診斷或治療建議。",#互動問答 #保養知識 #使用小提醒 #金牌一條根,Slide 1：你習慣運動前還是運動後保養｜Slide 2：LINE OA 好友、回購客與新客常見情境｜Slide 3：用問答降低誤用，讓使用者知道何時該詢問專業人員｜Slide 4：互動回答不取代醫師或藥師建議。｜Slide 5：依標示使用，先收藏,本內容為一般生活保健資訊，非醫療診斷或治療建議。,互動回答不取代醫師或藥師建議。,根治|治療疾病|消炎治本|打通經絡|一擦就好|保證有效|深層修復|替代藥物
Instagram_LINE295,LINE295,Instagram,2026-10-29,12:00,搬重物後腰背保養,C,中,pending_legal_pharmacist_review,false,搬重物後腰背保養,"Slide 1：搬重物後腰背保養
Slide 2：運動族、搬重物、久站與勞動工作者常見情境
Slide 3：運動或勞動後的局部肌肉痠痛，可短期按摩舒緩
Slide 4：明顯腫脹、劇痛、活動受限或疑似受傷時，請先就醫。
Slide 5：依標示使用，先收藏","搬重物後腰背保養，適合用保守一點的方式理解。

外用保養的重點是依標示使用，搭配局部按摩與日常休息；如果症狀持續、惡化或影響活動，請諮詢醫師或藥師。

本產品為外用油膏，請依核准標示使用；若症狀持續或惡化，請諮詢醫師或藥師。",#運動後保養 #局部按摩 #肌肉痠痛 #依標示使用,Slide 1：搬重物後腰背保養｜Slide 2：運動族、搬重物、久站與勞動工作者常見情境｜Slide 3：運動或勞動後的局部肌肉痠痛，可短期按摩舒緩｜Slide 4：明顯腫脹、劇痛、活動受限或疑似受傷時，請先就醫。｜Slide 5：依標示使用，先收藏,本產品為外用油膏，請依核准標示使用；若症狀持續或惡化，請諮詢醫師或藥師。,明顯腫脹、劇痛、活動受限或疑似受傷時，請先就醫。,根治|治療疾病|消炎治本|打通經絡|一擦就好|保證有效|深層修復|替代藥物
Instagram_LINE296,LINE296,Instagram,2026-10-29,20:00,樟腦外用時的注意界線,A,中,pending_legal_pharmacist_review,false,樟腦外用時的注意界線,"Slide 1：樟腦外用時的注意界線
Slide 2：已購買或正在觀望的一條根使用者常見情境
Slide 3：依標示外用，提供局部按摩與暫時舒緩體感
Slide 4：僅供外用；避免眼周、黏膜、破皮或傷口。
Slide 5：依標示使用，先收藏","樟腦外用時的注意界線，適合用保守一點的方式理解。

外用保養的重點是依標示使用，搭配局部按摩與日常休息；如果症狀持續、惡化或影響活動，請諮詢醫師或藥師。

本產品為外用油膏，請依核准標示使用；若症狀持續或惡化，請諮詢醫師或藥師。",#金牌一條根 #外用油膏 #成分透明 #依標示使用,Slide 1：樟腦外用時的注意界線｜Slide 2：已購買或正在觀望的一條根使用者常見情境｜Slide 3：依標示外用，提供局部按摩與暫時舒緩體感｜Slide 4：僅供外用；避免眼周、黏膜、破皮或傷口。｜Slide 5：依標示使用，先收藏,本產品為外用油膏，請依核准標示使用；若症狀持續或惡化，請諮詢醫師或藥師。,僅供外用；避免眼周、黏膜、破皮或傷口。,根治|治療疾病|消炎治本|打通經絡|一擦就好|保證有效|深層修復|替代藥物
Instagram_LINE297,LINE297,Instagram,2026-10-30,12:00,輕微關節痠痛與疾病治療要分開,D,中,pending_legal_pharmacist_review,false,輕微關節痠痛與疾病治療要分開,"Slide 1：輕微關節痠痛與疾病治療要分開
Slide 2：40-70 歲注重日常活動舒適度的族群常見情境
Slide 3：輕微關節痠痛可短期舒緩，但不可宣稱治療疾病
Slide 4：關節腫痛、紅熱、長期疼痛或行走困難，請就醫評估。
Slide 5：依標示使用，先收藏","輕微關節痠痛與疾病治療要分開，適合用保守一點的方式理解。

外用保養的重點是依標示使用，搭配局部按摩與日常休息；如果症狀持續、惡化或影響活動，請諮詢醫師或藥師。

本產品為外用油膏，請依核准標示使用；若症狀持續或惡化，請諮詢醫師或藥師。",#銀髮保養 #活動舒適 #輕微痠痛 #依標示使用,Slide 1：輕微關節痠痛與疾病治療要分開｜Slide 2：40-70 歲注重日常活動舒適度的族群常見情境｜Slide 3：輕微關節痠痛可短期舒緩，但不可宣稱治療疾病｜Slide 4：關節腫痛、紅熱、長期疼痛或行走困難，請就醫評估。｜Slide 5：依標示使用，先收藏,本產品為外用油膏，請依核准標示使用；若症狀持續或惡化，請諮詢醫師或藥師。,關節腫痛、紅熱、長期疼痛或行走困難，請就醫評估。,根治|治療疾病|消炎治本|打通經絡|一擦就好|保證有效|深層修復|替代藥物
Instagram_LINE298,LINE298,Instagram,2026-10-30,20:00,不要搭配熱敷墊或電毯,E,高,pending_legal_pharmacist_review,false,不要搭配熱敷墊或電毯,"Slide 1：不要搭配熱敷墊或電毯
Slide 2：所有使用者、照護者與家庭購買者常見情境
Slide 3：安全使用比用得多更重要，依標示與風險族群提醒
Slide 4：2 歲以下、孕哺、過敏體質、抗凝血藥使用者請先詢問專業人員。
Slide 5：依標示使用，先收藏","不要搭配熱敷墊或電毯，適合用保守一點的方式理解。

外用保養的重點是依標示使用，搭配局部按摩與日常休息；如果症狀持續、惡化或影響活動，請諮詢醫師或藥師。

僅供外用。避免接觸眼睛、黏膜、破皮或傷口；特殊族群使用前請先諮詢專業人員。",#外用安全 #用藥安全 #使用前看標示 #諮詢醫師藥師,Slide 1：不要搭配熱敷墊或電毯｜Slide 2：所有使用者、照護者與家庭購買者常見情境｜Slide 3：安全使用比用得多更重要，依標示與風險族群提醒｜Slide 4：2 歲以下、孕哺、過敏體質、抗凝血藥使用者請先詢問專業人員。｜Slide 5：依標示使用，先收藏,僅供外用。避免接觸眼睛、黏膜、破皮或傷口；特殊族群使用前請先諮詢專業人員。,2 歲以下、孕哺、過敏體質、抗凝血藥使用者請先詢問專業人員。,根治|治療疾病|消炎治本|打通經絡|一擦就好|保證有效|深層修復|替代藥物
Instagram_LINE299,LINE299,Instagram,2026-10-31,12:00,小暑前後活動舒適提醒,F,低,pending_legal_pharmacist_review,false,小暑前後活動舒適提醒,"Slide 1：小暑前後活動舒適提醒
Slide 2：喜歡養生、節氣與日常保健的 LINE 讀者常見情境
Slide 3：以生活保健與身體覺察為主，不做醫療療效宣稱
Slide 4：節氣養生屬一般生活資訊，身體不適仍應諮詢專業人員。
Slide 5：依標示使用，先收藏","小暑前後活動舒適提醒，適合用保守一點的方式理解。

外用保養的重點是依標示使用，搭配局部按摩與日常休息；如果症狀持續、惡化或影響活動，請諮詢醫師或藥師。

本內容為一般生活保健資訊，非醫療診斷或治療建議。",#節氣保養 #生活保健 #日常保養 #身體覺察,Slide 1：小暑前後活動舒適提醒｜Slide 2：喜歡養生、節氣與日常保健的 LINE 讀者常見情境｜Slide 3：以生活保健與身體覺察為主，不做醫療療效宣稱｜Slide 4：節氣養生屬一般生活資訊，身體不適仍應諮詢專業人員。｜Slide 5：依標示使用，先收藏,本內容為一般生活保健資訊，非醫療診斷或治療建議。,節氣養生屬一般生活資訊，身體不適仍應諮詢專業人員。,根治|治療疾病|消炎治本|打通經絡|一擦就好|保證有效|深層修復|替代藥物
Instagram_LINE300,LINE300,Instagram,2026-10-31,20:00,爬山後腿部按摩提醒,C,中,pending_legal_pharmacist_review,false,爬山後腿部按摩提醒,"Slide 1：爬山後腿部按摩提醒
Slide 2：運動族、搬重物、久站與勞動工作者常見情境
Slide 3：運動或勞動後的局部肌肉痠痛，可短期按摩舒緩
Slide 4：明顯腫脹、劇痛、活動受限或疑似受傷時，請先就醫。
Slide 5：依標示使用，先收藏","爬山後腿部按摩提醒，適合用保守一點的方式理解。

外用保養的重點是依標示使用，搭配局部按摩與日常休息；如果症狀持續、惡化或影響活動，請諮詢醫師或藥師。

本產品為外用油膏，請依核准標示使用；若症狀持續或惡化，請諮詢醫師或藥師。",#運動後保養 #局部按摩 #肌肉痠痛 #依標示使用,Slide 1：爬山後腿部按摩提醒｜Slide 2：運動族、搬重物、久站與勞動工作者常見情境｜Slide 3：運動或勞動後的局部肌肉痠痛，可短期按摩舒緩｜Slide 4：明顯腫脹、劇痛、活動受限或疑似受傷時，請先就醫。｜Slide 5：依標示使用，先收藏,本產品為外用油膏，請依核准標示使用；若症狀持續或惡化，請諮詢醫師或藥師。,明顯腫脹、劇痛、活動受限或疑似受傷時，請先就醫。,根治|治療疾病|消炎治本|打通經絡|一擦就好|保證有效|深層修復|替代藥物
Instagram_LINE301,LINE301,Instagram,2026-11-01,12:00,外用膏一次擦多少才剛好,G,低,pending_legal_pharmacist_review,false,外用膏一次擦多少才剛好,"Slide 1：外用膏一次擦多少才剛好
Slide 2：LINE OA 好友、回購客與新客常見情境
Slide 3：用問答降低誤用，讓使用者知道何時該詢問專業人員
Slide 4：互動回答不取代醫師或藥師建議。
Slide 5：依標示使用，先收藏","外用膏一次擦多少才剛好，適合用保守一點的方式理解。

外用保養的重點是依標示使用，搭配局部按摩與日常休息；如果症狀持續、惡化或影響活動，請諮詢醫師或藥師。

本內容為一般生活保健資訊，非醫療診斷或治療建議。",#互動問答 #保養知識 #使用小提醒 #金牌一條根,Slide 1：外用膏一次擦多少才剛好｜Slide 2：LINE OA 好友、回購客與新客常見情境｜Slide 3：用問答降低誤用，讓使用者知道何時該詢問專業人員｜Slide 4：互動回答不取代醫師或藥師建議。｜Slide 5：依標示使用，先收藏,本內容為一般生活保健資訊，非醫療診斷或治療建議。,互動回答不取代醫師或藥師建議。,根治|治療疾病|消炎治本|打通經絡|一擦就好|保證有效|深層修復|替代藥物
Instagram_LINE302,LINE302,Instagram,2026-11-01,20:00,散步後的膝周保養,D,中,pending_legal_pharmacist_review,false,散步後的膝周保養,"Slide 1：散步後的膝周保養
Slide 2：40-70 歲注重日常活動舒適度的族群常見情境
Slide 3：輕微關節痠痛可短期舒緩，但不可宣稱治療疾病
Slide 4：關節腫痛、紅熱、長期疼痛或行走困難，請就醫評估。
Slide 5：依標示使用，先收藏","散步後的膝周保養，適合用保守一點的方式理解。

外用保養的重點是依標示使用，搭配局部按摩與日常休息；如果症狀持續、惡化或影響活動，請諮詢醫師或藥師。

本產品為外用油膏，請依核准標示使用；若症狀持續或惡化，請諮詢醫師或藥師。",#銀髮保養 #活動舒適 #輕微痠痛 #依標示使用,Slide 1：散步後的膝周保養｜Slide 2：40-70 歲注重日常活動舒適度的族群常見情境｜Slide 3：輕微關節痠痛可短期舒緩，但不可宣稱治療疾病｜Slide 4：關節腫痛、紅熱、長期疼痛或行走困難，請就醫評估。｜Slide 5：依標示使用，先收藏,本產品為外用油膏，請依核准標示使用；若症狀持續或惡化，請諮詢醫師或藥師。,關節腫痛、紅熱、長期疼痛或行走困難，請就醫評估。,根治|治療疾病|消炎治本|打通經絡|一擦就好|保證有效|深層修復|替代藥物
Instagram_LINE303,LINE303,Instagram,2026-11-02,12:00,午休前的肩頸放鬆流程,B,低,pending_legal_pharmacist_review,false,午休前的肩頸放鬆流程,"Slide 1：午休前的肩頸放鬆流程
Slide 2：長時間低頭、久坐、用電腦的上班族常見情境
Slide 3：久坐低頭後，可搭配伸展與局部按摩舒緩緊繃不適
Slide 4：若痠痛持續、麻木或影響活動，請諮詢醫師或藥師。
Slide 5：依標示使用，先收藏","午休前的肩頸放鬆流程，適合用保守一點的方式理解。

外用保養的重點是依標示使用，搭配局部按摩與日常休息；如果症狀持續、惡化或影響活動，請諮詢醫師或藥師。

本內容為一般生活保健資訊，非醫療診斷或治療建議。",#肩頸保養 #久坐族 #日常舒緩 #依標示使用,Slide 1：午休前的肩頸放鬆流程｜Slide 2：長時間低頭、久坐、用電腦的上班族常見情境｜Slide 3：久坐低頭後，可搭配伸展與局部按摩舒緩緊繃不適｜Slide 4：若痠痛持續、麻木或影響活動，請諮詢醫師或藥師。｜Slide 5：依標示使用，先收藏,本內容為一般生活保健資訊，非醫療診斷或治療建議。,若痠痛持續、麻木或影響活動，請諮詢醫師或藥師。,根治|治療疾病|消炎治本|打通經絡|一擦就好|保證有效|深層修復|替代藥物
Instagram_LINE304,LINE304,Instagram,2026-11-02,20:00,油膏劑為什麼適合局部按摩,A,中,pending_legal_pharmacist_review,false,油膏劑為什麼適合局部按摩,"Slide 1：油膏劑為什麼適合局部按摩
Slide 2：已購買或正在觀望的一條根使用者常見情境
Slide 3：依標示外用，提供局部按摩與暫時舒緩體感
Slide 4：僅供外用；避免眼周、黏膜、破皮或傷口。
Slide 5：依標示使用，先收藏","油膏劑為什麼適合局部按摩，適合用保守一點的方式理解。

外用保養的重點是依標示使用，搭配局部按摩與日常休息；如果症狀持續、惡化或影響活動，請諮詢醫師或藥師。

本產品為外用油膏，請依核准標示使用；若症狀持續或惡化，請諮詢醫師或藥師。",#金牌一條根 #外用油膏 #成分透明 #依標示使用,Slide 1：油膏劑為什麼適合局部按摩｜Slide 2：已購買或正在觀望的一條根使用者常見情境｜Slide 3：依標示外用，提供局部按摩與暫時舒緩體感｜Slide 4：僅供外用；避免眼周、黏膜、破皮或傷口。｜Slide 5：依標示使用，先收藏,本產品為外用油膏，請依核准標示使用；若症狀持續或惡化，請諮詢醫師或藥師。,僅供外用；避免眼周、黏膜、破皮或傷口。,根治|治療疾病|消炎治本|打通經絡|一擦就好|保證有效|深層修復|替代藥物
Instagram_LINE305,LINE305,Instagram,2026-11-03,12:00,大暑午後少久站硬撐,F,低,pending_legal_pharmacist_review,false,大暑午後少久站硬撐,"Slide 1：大暑午後少久站硬撐
Slide 2：喜歡養生、節氣與日常保健的 LINE 讀者常見情境
Slide 3：以生活保健與身體覺察為主，不做醫療療效宣稱
Slide 4：節氣養生屬一般生活資訊，身體不適仍應諮詢專業人員。
Slide 5：依標示使用，先收藏","大暑午後少久站硬撐，適合用保守一點的方式理解。

外用保養的重點是依標示使用，搭配局部按摩與日常休息；如果症狀持續、惡化或影響活動，請諮詢醫師或藥師。

本內容為一般生活保健資訊，非醫療診斷或治療建議。",#節氣保養 #生活保健 #日常保養 #身體覺察,Slide 1：大暑午後少久站硬撐｜Slide 2：喜歡養生、節氣與日常保健的 LINE 讀者常見情境｜Slide 3：以生活保健與身體覺察為主，不做醫療療效宣稱｜Slide 4：節氣養生屬一般生活資訊，身體不適仍應諮詢專業人員。｜Slide 5：依標示使用，先收藏,本內容為一般生活保健資訊，非醫療診斷或治療建議。,節氣養生屬一般生活資訊，身體不適仍應諮詢專業人員。,根治|治療疾病|消炎治本|打通經絡|一擦就好|保證有效|深層修復|替代藥物
Instagram_LINE306,LINE306,Instagram,2026-11-03,20:00,不要密封包紮或大面積厚敷,E,高,pending_legal_pharmacist_review,false,不要密封包紮或大面積厚敷,"Slide 1：不要密封包紮或大面積厚敷
Slide 2：所有使用者、照護者與家庭購買者常見情境
Slide 3：安全使用比用得多更重要，依標示與風險族群提醒
Slide 4：2 歲以下、孕哺、過敏體質、抗凝血藥使用者請先詢問專業人員。
Slide 5：依標示使用，先收藏","不要密封包紮或大面積厚敷，適合用保守一點的方式理解。

外用保養的重點是依標示使用，搭配局部按摩與日常休息；如果症狀持續、惡化或影響活動，請諮詢醫師或藥師。

僅供外用。避免接觸眼睛、黏膜、破皮或傷口；特殊族群使用前請先諮詢專業人員。",#外用安全 #用藥安全 #使用前看標示 #諮詢醫師藥師,Slide 1：不要密封包紮或大面積厚敷｜Slide 2：所有使用者、照護者與家庭購買者常見情境｜Slide 3：安全使用比用得多更重要，依標示與風險族群提醒｜Slide 4：2 歲以下、孕哺、過敏體質、抗凝血藥使用者請先詢問專業人員。｜Slide 5：依標示使用，先收藏,僅供外用。避免接觸眼睛、黏膜、破皮或傷口；特殊族群使用前請先諮詢專業人員。,2 歲以下、孕哺、過敏體質、抗凝血藥使用者請先詢問專業人員。,根治|治療疾病|消炎治本|打通經絡|一擦就好|保證有效|深層修復|替代藥物
Instagram_LINE307,LINE307,Instagram,2026-11-04,12:00,藥證可查代表什麼,H,中,pending_legal_pharmacist_review,false,藥證可查代表什麼,"Slide 1：藥證可查代表什麼
Slide 2：重視藥證、成分、品質與合法性的消費者常見情境
Slide 3：強調藥證、標示、保守宣稱與人工審核流程
Slide 4：所有廣告文案仍須依主管機關與專業人員審核。
Slide 5：依標示使用，先收藏","藥證可查代表什麼，適合用保守一點的方式理解。

外用保養的重點是依標示使用，搭配局部按摩與日常休息；如果症狀持續、惡化或影響活動，請諮詢醫師或藥師。

本產品為外用油膏，請依核准標示使用；若症狀持續或惡化，請諮詢醫師或藥師。",#藥證可查 #品牌透明 #合法宣傳 #成分透明,Slide 1：藥證可查代表什麼｜Slide 2：重視藥證、成分、品質與合法性的消費者常見情境｜Slide 3：強調藥證、標示、保守宣稱與人工審核流程｜Slide 4：所有廣告文案仍須依主管機關與專業人員審核。｜Slide 5：依標示使用，先收藏,本產品為外用油膏，請依核准標示使用；若症狀持續或惡化，請諮詢醫師或藥師。,所有廣告文案仍須依主管機關與專業人員審核。,根治|治療疾病|消炎治本|打通經絡|一擦就好|保證有效|深層修復|替代藥物
Instagram_LINE308,LINE308,Instagram,2026-11-04,20:00,涼感越強越有效嗎,G,低,pending_legal_pharmacist_review,false,涼感越強越有效嗎,"Slide 1：涼感越強越有效嗎
Slide 2：LINE OA 好友、回購客與新客常見情境
Slide 3：用問答降低誤用，讓使用者知道何時該詢問專業人員
Slide 4：互動回答不取代醫師或藥師建議。
Slide 5：依標示使用，先收藏","涼感越強越有效嗎，適合用保守一點的方式理解。

外用保養的重點是依標示使用，搭配局部按摩與日常休息；如果症狀持續、惡化或影響活動，請諮詢醫師或藥師。

本內容為一般生活保健資訊，非醫療診斷或治療建議。",#互動問答 #保養知識 #使用小提醒 #金牌一條根,Slide 1：涼感越強越有效嗎｜Slide 2：LINE OA 好友、回購客與新客常見情境｜Slide 3：用問答降低誤用，讓使用者知道何時該詢問專業人員｜Slide 4：互動回答不取代醫師或藥師建議。｜Slide 5：依標示使用，先收藏,本內容為一般生活保健資訊，非醫療診斷或治療建議。,互動回答不取代醫師或藥師建議。,根治|治療疾病|消炎治本|打通經絡|一擦就好|保證有效|深層修復|替代藥物
Instagram_LINE309,LINE309,Instagram,2026-11-05,12:00,重訓後肩背局部舒緩,C,中,pending_legal_pharmacist_review,false,重訓後肩背局部舒緩,"Slide 1：重訓後肩背局部舒緩
Slide 2：運動族、搬重物、久站與勞動工作者常見情境
Slide 3：運動或勞動後的局部肌肉痠痛，可短期按摩舒緩
Slide 4：明顯腫脹、劇痛、活動受限或疑似受傷時，請先就醫。
Slide 5：依標示使用，先收藏","重訓後肩背局部舒緩，適合用保守一點的方式理解。

外用保養的重點是依標示使用，搭配局部按摩與日常休息；如果症狀持續、惡化或影響活動，請諮詢醫師或藥師。

本產品為外用油膏，請依核准標示使用；若症狀持續或惡化，請諮詢醫師或藥師。",#運動後保養 #局部按摩 #肌肉痠痛 #依標示使用,Slide 1：重訓後肩背局部舒緩｜Slide 2：運動族、搬重物、久站與勞動工作者常見情境｜Slide 3：運動或勞動後的局部肌肉痠痛，可短期按摩舒緩｜Slide 4：明顯腫脹、劇痛、活動受限或疑似受傷時，請先就醫。｜Slide 5：依標示使用，先收藏,本產品為外用油膏，請依核准標示使用；若症狀持續或惡化，請諮詢醫師或藥師。,明顯腫脹、劇痛、活動受限或疑似受傷時，請先就醫。,根治|治療疾病|消炎治本|打通經絡|一擦就好|保證有效|深層修復|替代藥物
Instagram_LINE310,LINE310,Instagram,2026-11-05,20:00,乙類成藥與一般保健品差異,A,中,pending_legal_pharmacist_review,false,乙類成藥與一般保健品差異,"Slide 1：乙類成藥與一般保健品差異
Slide 2：已購買或正在觀望的一條根使用者常見情境
Slide 3：依標示外用，提供局部按摩與暫時舒緩體感
Slide 4：僅供外用；避免眼周、黏膜、破皮或傷口。
Slide 5：依標示使用，先收藏","乙類成藥與一般保健品差異，適合用保守一點的方式理解。

外用保養的重點是依標示使用，搭配局部按摩與日常休息；如果症狀持續、惡化或影響活動，請諮詢醫師或藥師。

本產品為外用油膏，請依核准標示使用；若症狀持續或惡化，請諮詢醫師或藥師。",#金牌一條根 #外用油膏 #成分透明 #依標示使用,Slide 1：乙類成藥與一般保健品差異｜Slide 2：已購買或正在觀望的一條根使用者常見情境｜Slide 3：依標示外用，提供局部按摩與暫時舒緩體感｜Slide 4：僅供外用；避免眼周、黏膜、破皮或傷口。｜Slide 5：依標示使用，先收藏,本產品為外用油膏，請依核准標示使用；若症狀持續或惡化，請諮詢醫師或藥師。,僅供外用；避免眼周、黏膜、破皮或傷口。,根治|治療疾病|消炎治本|打通經絡|一擦就好|保證有效|深層修復|替代藥物
Instagram_LINE311,LINE311,Instagram,2026-11-06,12:00,天氣變化時的活動舒適感,D,中,pending_legal_pharmacist_review,false,天氣變化時的活動舒適感,"Slide 1：天氣變化時的活動舒適感
Slide 2：40-70 歲注重日常活動舒適度的族群常見情境
Slide 3：輕微關節痠痛可短期舒緩，但不可宣稱治療疾病
Slide 4：關節腫痛、紅熱、長期疼痛或行走困難，請就醫評估。
Slide 5：依標示使用，先收藏","天氣變化時的活動舒適感，適合用保守一點的方式理解。

外用保養的重點是依標示使用，搭配局部按摩與日常休息；如果症狀持續、惡化或影響活動，請諮詢醫師或藥師。

本產品為外用油膏，請依核准標示使用；若症狀持續或惡化，請諮詢醫師或藥師。",#銀髮保養 #活動舒適 #輕微痠痛 #依標示使用,Slide 1：天氣變化時的活動舒適感｜Slide 2：40-70 歲注重日常活動舒適度的族群常見情境｜Slide 3：輕微關節痠痛可短期舒緩，但不可宣稱治療疾病｜Slide 4：關節腫痛、紅熱、長期疼痛或行走困難，請就醫評估。｜Slide 5：依標示使用，先收藏,本產品為外用油膏，請依核准標示使用；若症狀持續或惡化，請諮詢醫師或藥師。,關節腫痛、紅熱、長期疼痛或行走困難，請就醫評估。,根治|治療疾病|消炎治本|打通經絡|一擦就好|保證有效|深層修復|替代藥物
Instagram_LINE312,LINE312,Instagram,2026-11-06,20:00,水楊酸或阿斯匹靈過敏者注意,E,高,pending_legal_pharmacist_review,false,水楊酸或阿斯匹靈過敏者注意,"Slide 1：水楊酸或阿斯匹靈過敏者注意
Slide 2：所有使用者、照護者與家庭購買者常見情境
Slide 3：安全使用比用得多更重要，依標示與風險族群提醒
Slide 4：2 歲以下、孕哺、過敏體質、抗凝血藥使用者請先詢問專業人員。
Slide 5：依標示使用，先收藏","水楊酸或阿斯匹靈過敏者注意，適合用保守一點的方式理解。

外用保養的重點是依標示使用，搭配局部按摩與日常休息；如果症狀持續、惡化或影響活動，請諮詢醫師或藥師。

僅供外用。避免接觸眼睛、黏膜、破皮或傷口；特殊族群使用前請先諮詢專業人員。",#外用安全 #用藥安全 #使用前看標示 #諮詢醫師藥師,Slide 1：水楊酸或阿斯匹靈過敏者注意｜Slide 2：所有使用者、照護者與家庭購買者常見情境｜Slide 3：安全使用比用得多更重要，依標示與風險族群提醒｜Slide 4：2 歲以下、孕哺、過敏體質、抗凝血藥使用者請先詢問專業人員。｜Slide 5：依標示使用，先收藏,僅供外用。避免接觸眼睛、黏膜、破皮或傷口；特殊族群使用前請先諮詢專業人員。,2 歲以下、孕哺、過敏體質、抗凝血藥使用者請先詢問專業人員。,根治|治療疾病|消炎治本|打通經絡|一擦就好|保證有效|深層修復|替代藥物
Instagram_LINE313,LINE313,Instagram,2026-11-07,12:00,立秋後早晚溫差保養,F,低,pending_legal_pharmacist_review,false,立秋後早晚溫差保養,"Slide 1：立秋後早晚溫差保養
Slide 2：喜歡養生、節氣與日常保健的 LINE 讀者常見情境
Slide 3：以生活保健與身體覺察為主，不做醫療療效宣稱
Slide 4：節氣養生屬一般生活資訊，身體不適仍應諮詢專業人員。
Slide 5：依標示使用，先收藏","立秋後早晚溫差保養，適合用保守一點的方式理解。

外用保養的重點是依標示使用，搭配局部按摩與日常休息；如果症狀持續、惡化或影響活動，請諮詢醫師或藥師。

本內容為一般生活保健資訊，非醫療診斷或治療建議。",#節氣保養 #生活保健 #日常保養 #身體覺察,Slide 1：立秋後早晚溫差保養｜Slide 2：喜歡養生、節氣與日常保健的 LINE 讀者常見情境｜Slide 3：以生活保健與身體覺察為主，不做醫療療效宣稱｜Slide 4：節氣養生屬一般生活資訊，身體不適仍應諮詢專業人員。｜Slide 5：依標示使用，先收藏,本內容為一般生活保健資訊，非醫療診斷或治療建議。,節氣養生屬一般生活資訊，身體不適仍應諮詢專業人員。,根治|治療疾病|消炎治本|打通經絡|一擦就好|保證有效|深層修復|替代藥物
Instagram_LINE314,LINE314,Instagram,2026-11-07,20:00,家事後手臂不適保養,C,中,pending_legal_pharmacist_review,false,家事後手臂不適保養,"Slide 1：家事後手臂不適保養
Slide 2：運動族、搬重物、久站與勞動工作者常見情境
Slide 3：運動或勞動後的局部肌肉痠痛，可短期按摩舒緩
Slide 4：明顯腫脹、劇痛、活動受限或疑似受傷時，請先就醫。
Slide 5：依標示使用，先收藏","家事後手臂不適保養，適合用保守一點的方式理解。

外用保養的重點是依標示使用，搭配局部按摩與日常休息；如果症狀持續、惡化或影響活動，請諮詢醫師或藥師。

本產品為外用油膏，請依核准標示使用；若症狀持續或惡化，請諮詢醫師或藥師。",#運動後保養 #局部按摩 #肌肉痠痛 #依標示使用,Slide 1：家事後手臂不適保養｜Slide 2：運動族、搬重物、久站與勞動工作者常見情境｜Slide 3：運動或勞動後的局部肌肉痠痛，可短期按摩舒緩｜Slide 4：明顯腫脹、劇痛、活動受限或疑似受傷時，請先就醫。｜Slide 5：依標示使用，先收藏,本產品為外用油膏，請依核准標示使用；若症狀持續或惡化，請諮詢醫師或藥師。,明顯腫脹、劇痛、活動受限或疑似受傷時，請先就醫。,根治|治療疾病|消炎治本|打通經絡|一擦就好|保證有效|深層修復|替代藥物
Instagram_LINE315,LINE315,Instagram,2026-11-08,12:00,你有看過外用產品標示嗎,G,低,pending_legal_pharmacist_review,false,你有看過外用產品標示嗎,"Slide 1：你有看過外用產品標示嗎
Slide 2：LINE OA 好友、回購客與新客常見情境
Slide 3：用問答降低誤用，讓使用者知道何時該詢問專業人員
Slide 4：互動回答不取代醫師或藥師建議。
Slide 5：依標示使用，先收藏","你有看過外用產品標示嗎，適合用保守一點的方式理解。

外用保養的重點是依標示使用，搭配局部按摩與日常休息；如果症狀持續、惡化或影響活動，請諮詢醫師或藥師。

本內容為一般生活保健資訊，非醫療診斷或治療建議。",#互動問答 #保養知識 #使用小提醒 #金牌一條根,Slide 1：你有看過外用產品標示嗎｜Slide 2：LINE OA 好友、回購客與新客常見情境｜Slide 3：用問答降低誤用，讓使用者知道何時該詢問專業人員｜Slide 4：互動回答不取代醫師或藥師建議。｜Slide 5：依標示使用，先收藏,本內容為一般生活保健資訊，非醫療診斷或治療建議。,互動回答不取代醫師或藥師建議。,根治|治療疾病|消炎治本|打通經絡|一擦就好|保證有效|深層修復|替代藥物
Instagram_LINE316,LINE316,Instagram,2026-11-08,20:00,長輩按摩力道不要過重,D,中,pending_legal_pharmacist_review,false,長輩按摩力道不要過重,"Slide 1：長輩按摩力道不要過重
Slide 2：40-70 歲注重日常活動舒適度的族群常見情境
Slide 3：輕微關節痠痛可短期舒緩，但不可宣稱治療疾病
Slide 4：關節腫痛、紅熱、長期疼痛或行走困難，請就醫評估。
Slide 5：依標示使用，先收藏","長輩按摩力道不要過重，適合用保守一點的方式理解。

外用保養的重點是依標示使用，搭配局部按摩與日常休息；如果症狀持續、惡化或影響活動，請諮詢醫師或藥師。

本產品為外用油膏，請依核准標示使用；若症狀持續或惡化，請諮詢醫師或藥師。",#銀髮保養 #活動舒適 #輕微痠痛 #依標示使用,Slide 1：長輩按摩力道不要過重｜Slide 2：40-70 歲注重日常活動舒適度的族群常見情境｜Slide 3：輕微關節痠痛可短期舒緩，但不可宣稱治療疾病｜Slide 4：關節腫痛、紅熱、長期疼痛或行走困難，請就醫評估。｜Slide 5：依標示使用，先收藏,本產品為外用油膏，請依核准標示使用；若症狀持續或惡化，請諮詢醫師或藥師。,關節腫痛、紅熱、長期疼痛或行走困難，請就醫評估。,根治|治療疾病|消炎治本|打通經絡|一擦就好|保證有效|深層修復|替代藥物
Instagram_LINE317,LINE317,Instagram,2026-11-09,12:00,開會久坐後的腰背舒緩,B,低,pending_legal_pharmacist_review,false,開會久坐後的腰背舒緩,"Slide 1：開會久坐後的腰背舒緩
Slide 2：長時間低頭、久坐、用電腦的上班族常見情境
Slide 3：久坐低頭後，可搭配伸展與局部按摩舒緩緊繃不適
Slide 4：若痠痛持續、麻木或影響活動，請諮詢醫師或藥師。
Slide 5：依標示使用，先收藏","開會久坐後的腰背舒緩，適合用保守一點的方式理解。

外用保養的重點是依標示使用，搭配局部按摩與日常休息；如果症狀持續、惡化或影響活動，請諮詢醫師或藥師。

本內容為一般生活保健資訊，非醫療診斷或治療建議。",#肩頸保養 #久坐族 #日常舒緩 #依標示使用,Slide 1：開會久坐後的腰背舒緩｜Slide 2：長時間低頭、久坐、用電腦的上班族常見情境｜Slide 3：久坐低頭後，可搭配伸展與局部按摩舒緩緊繃不適｜Slide 4：若痠痛持續、麻木或影響活動，請諮詢醫師或藥師。｜Slide 5：依標示使用，先收藏,本內容為一般生活保健資訊，非醫療診斷或治療建議。,若痠痛持續、麻木或影響活動，請諮詢醫師或藥師。,根治|治療疾病|消炎治本|打通經絡|一擦就好|保證有效|深層修復|替代藥物
Instagram_LINE318,LINE318,Instagram,2026-11-09,20:00,一條根外用膏的日常定位,A,中,pending_legal_pharmacist_review,false,一條根外用膏的日常定位,"Slide 1：一條根外用膏的日常定位
Slide 2：已購買或正在觀望的一條根使用者常見情境
Slide 3：依標示外用，提供局部按摩與暫時舒緩體感
Slide 4：僅供外用；避免眼周、黏膜、破皮或傷口。
Slide 5：依標示使用，先收藏","一條根外用膏的日常定位，適合用保守一點的方式理解。

外用保養的重點是依標示使用，搭配局部按摩與日常休息；如果症狀持續、惡化或影響活動，請諮詢醫師或藥師。

本產品為外用油膏，請依核准標示使用；若症狀持續或惡化，請諮詢醫師或藥師。",#金牌一條根 #外用油膏 #成分透明 #依標示使用,Slide 1：一條根外用膏的日常定位｜Slide 2：已購買或正在觀望的一條根使用者常見情境｜Slide 3：依標示外用，提供局部按摩與暫時舒緩體感｜Slide 4：僅供外用；避免眼周、黏膜、破皮或傷口。｜Slide 5：依標示使用，先收藏,本產品為外用油膏，請依核准標示使用；若症狀持續或惡化，請諮詢醫師或藥師。,僅供外用；避免眼周、黏膜、破皮或傷口。,根治|治療疾病|消炎治本|打通經絡|一擦就好|保證有效|深層修復|替代藥物
Instagram_LINE319,LINE319,Instagram,2026-11-10,12:00,處暑後運動暖身提醒,F,低,pending_legal_pharmacist_review,false,處暑後運動暖身提醒,"Slide 1：處暑後運動暖身提醒
Slide 2：喜歡養生、節氣與日常保健的 LINE 讀者常見情境
Slide 3：以生活保健與身體覺察為主，不做醫療療效宣稱
Slide 4：節氣養生屬一般生活資訊，身體不適仍應諮詢專業人員。
Slide 5：依標示使用，先收藏","處暑後運動暖身提醒，適合用保守一點的方式理解。

外用保養的重點是依標示使用，搭配局部按摩與日常休息；如果症狀持續、惡化或影響活動，請諮詢醫師或藥師。

本內容為一般生活保健資訊，非醫療診斷或治療建議。",#節氣保養 #生活保健 #日常保養 #身體覺察,Slide 1：處暑後運動暖身提醒｜Slide 2：喜歡養生、節氣與日常保健的 LINE 讀者常見情境｜Slide 3：以生活保健與身體覺察為主，不做醫療療效宣稱｜Slide 4：節氣養生屬一般生活資訊，身體不適仍應諮詢專業人員。｜Slide 5：依標示使用，先收藏,本內容為一般生活保健資訊，非醫療診斷或治療建議。,節氣養生屬一般生活資訊，身體不適仍應諮詢專業人員。,根治|治療疾病|消炎治本|打通經絡|一擦就好|保證有效|深層修復|替代藥物
Instagram_LINE320,LINE320,Instagram,2026-11-10,20:00,兒童使用前的安全提醒,E,高,pending_legal_pharmacist_review,false,兒童使用前的安全提醒,"Slide 1：兒童使用前的安全提醒
Slide 2：所有使用者、照護者與家庭購買者常見情境
Slide 3：安全使用比用得多更重要，依標示與風險族群提醒
Slide 4：2 歲以下、孕哺、過敏體質、抗凝血藥使用者請先詢問專業人員。
Slide 5：依標示使用，先收藏","兒童使用前的安全提醒，適合用保守一點的方式理解。

外用保養的重點是依標示使用，搭配局部按摩與日常休息；如果症狀持續、惡化或影響活動，請諮詢醫師或藥師。

僅供外用。避免接觸眼睛、黏膜、破皮或傷口；特殊族群使用前請先諮詢專業人員。",#外用安全 #用藥安全 #使用前看標示 #諮詢醫師藥師,Slide 1：兒童使用前的安全提醒｜Slide 2：所有使用者、照護者與家庭購買者常見情境｜Slide 3：安全使用比用得多更重要，依標示與風險族群提醒｜Slide 4：2 歲以下、孕哺、過敏體質、抗凝血藥使用者請先詢問專業人員。｜Slide 5：依標示使用，先收藏,僅供外用。避免接觸眼睛、黏膜、破皮或傷口；特殊族群使用前請先諮詢專業人員。,2 歲以下、孕哺、過敏體質、抗凝血藥使用者請先詢問專業人員。,根治|治療疾病|消炎治本|打通經絡|一擦就好|保證有效|深層修復|替代藥物
Instagram_LINE321,LINE321,Instagram,2026-11-11,12:00,外用膏廣告為什麼要保守,H,中,pending_legal_pharmacist_review,false,外用膏廣告為什麼要保守,"Slide 1：外用膏廣告為什麼要保守
Slide 2：重視藥證、成分、品質與合法性的消費者常見情境
Slide 3：強調藥證、標示、保守宣稱與人工審核流程
Slide 4：所有廣告文案仍須依主管機關與專業人員審核。
Slide 5：依標示使用，先收藏","外用膏廣告為什麼要保守，適合用保守一點的方式理解。

外用保養的重點是依標示使用，搭配局部按摩與日常休息；如果症狀持續、惡化或影響活動，請諮詢醫師或藥師。

本產品為外用油膏，請依核准標示使用；若症狀持續或惡化，請諮詢醫師或藥師。",#藥證可查 #品牌透明 #合法宣傳 #成分透明,Slide 1：外用膏廣告為什麼要保守｜Slide 2：重視藥證、成分、品質與合法性的消費者常見情境｜Slide 3：強調藥證、標示、保守宣稱與人工審核流程｜Slide 4：所有廣告文案仍須依主管機關與專業人員審核。｜Slide 5：依標示使用，先收藏,本產品為外用油膏，請依核准標示使用；若症狀持續或惡化，請諮詢醫師或藥師。,所有廣告文案仍須依主管機關與專業人員審核。,根治|治療疾病|消炎治本|打通經絡|一擦就好|保證有效|深層修復|替代藥物
Instagram_LINE322,LINE322,Instagram,2026-11-11,20:00,久坐族最想舒緩哪裡,G,低,pending_legal_pharmacist_review,false,久坐族最想舒緩哪裡,"Slide 1：久坐族最想舒緩哪裡
Slide 2：LINE OA 好友、回購客與新客常見情境
Slide 3：用問答降低誤用，讓使用者知道何時該詢問專業人員
Slide 4：互動回答不取代醫師或藥師建議。
Slide 5：依標示使用，先收藏","久坐族最想舒緩哪裡，適合用保守一點的方式理解。

外用保養的重點是依標示使用，搭配局部按摩與日常休息；如果症狀持續、惡化或影響活動，請諮詢醫師或藥師。

本內容為一般生活保健資訊，非醫療診斷或治療建議。",#互動問答 #保養知識 #使用小提醒 #金牌一條根,Slide 1：久坐族最想舒緩哪裡｜Slide 2：LINE OA 好友、回購客與新客常見情境｜Slide 3：用問答降低誤用，讓使用者知道何時該詢問專業人員｜Slide 4：互動回答不取代醫師或藥師建議。｜Slide 5：依標示使用，先收藏,本內容為一般生活保健資訊，非醫療診斷或治療建議。,互動回答不取代醫師或藥師建議。,根治|治療疾病|消炎治本|打通經絡|一擦就好|保證有效|深層修復|替代藥物
Instagram_LINE323,LINE323,Instagram,2026-11-12,12:00,跑步後膝周不適的保守提醒,C,中,pending_legal_pharmacist_review,false,跑步後膝周不適的保守提醒,"Slide 1：跑步後膝周不適的保守提醒
Slide 2：運動族、搬重物、久站與勞動工作者常見情境
Slide 3：運動或勞動後的局部肌肉痠痛，可短期按摩舒緩
Slide 4：明顯腫脹、劇痛、活動受限或疑似受傷時，請先就醫。
Slide 5：依標示使用，先收藏","跑步後膝周不適的保守提醒，適合用保守一點的方式理解。

外用保養的重點是依標示使用，搭配局部按摩與日常休息；如果症狀持續、惡化或影響活動，請諮詢醫師或藥師。

本產品為外用油膏，請依核准標示使用；若症狀持續或惡化，請諮詢醫師或藥師。",#運動後保養 #局部按摩 #肌肉痠痛 #依標示使用,Slide 1：跑步後膝周不適的保守提醒｜Slide 2：運動族、搬重物、久站與勞動工作者常見情境｜Slide 3：運動或勞動後的局部肌肉痠痛，可短期按摩舒緩｜Slide 4：明顯腫脹、劇痛、活動受限或疑似受傷時，請先就醫。｜Slide 5：依標示使用，先收藏,本產品為外用油膏，請依核准標示使用；若症狀持續或惡化，請諮詢醫師或藥師。,明顯腫脹、劇痛、活動受限或疑似受傷時，請先就醫。,根治|治療疾病|消炎治本|打通經絡|一擦就好|保證有效|深層修復|替代藥物
Instagram_LINE324,LINE324,Instagram,2026-11-12,20:00,成分濃度為什麼要看標示,A,中,pending_legal_pharmacist_review,false,成分濃度為什麼要看標示,"Slide 1：成分濃度為什麼要看標示
Slide 2：已購買或正在觀望的一條根使用者常見情境
Slide 3：依標示外用，提供局部按摩與暫時舒緩體感
Slide 4：僅供外用；避免眼周、黏膜、破皮或傷口。
Slide 5：依標示使用，先收藏","成分濃度為什麼要看標示，適合用保守一點的方式理解。

外用保養的重點是依標示使用，搭配局部按摩與日常休息；如果症狀持續、惡化或影響活動，請諮詢醫師或藥師。

本產品為外用油膏，請依核准標示使用；若症狀持續或惡化，請諮詢醫師或藥師。",#金牌一條根 #外用油膏 #成分透明 #依標示使用,Slide 1：成分濃度為什麼要看標示｜Slide 2：已購買或正在觀望的一條根使用者常見情境｜Slide 3：依標示外用，提供局部按摩與暫時舒緩體感｜Slide 4：僅供外用；避免眼周、黏膜、破皮或傷口。｜Slide 5：依標示使用，先收藏,本產品為外用油膏，請依核准標示使用；若症狀持續或惡化，請諮詢醫師或藥師。,僅供外用；避免眼周、黏膜、破皮或傷口。,根治|治療疾病|消炎治本|打通經絡|一擦就好|保證有效|深層修復|替代藥物
Instagram_LINE325,LINE325,Instagram,2026-11-13,12:00,照顧爸媽時的外用提醒,D,中,pending_legal_pharmacist_review,false,照顧爸媽時的外用提醒,"Slide 1：照顧爸媽時的外用提醒
Slide 2：40-70 歲注重日常活動舒適度的族群常見情境
Slide 3：輕微關節痠痛可短期舒緩，但不可宣稱治療疾病
Slide 4：關節腫痛、紅熱、長期疼痛或行走困難，請就醫評估。
Slide 5：依標示使用，先收藏","照顧爸媽時的外用提醒，適合用保守一點的方式理解。

外用保養的重點是依標示使用，搭配局部按摩與日常休息；如果症狀持續、惡化或影響活動，請諮詢醫師或藥師。

本產品為外用油膏，請依核准標示使用；若症狀持續或惡化，請諮詢醫師或藥師。",#銀髮保養 #活動舒適 #輕微痠痛 #依標示使用,Slide 1：照顧爸媽時的外用提醒｜Slide 2：40-70 歲注重日常活動舒適度的族群常見情境｜Slide 3：輕微關節痠痛可短期舒緩，但不可宣稱治療疾病｜Slide 4：關節腫痛、紅熱、長期疼痛或行走困難，請就醫評估。｜Slide 5：依標示使用，先收藏,本產品為外用油膏，請依核准標示使用；若症狀持續或惡化，請諮詢醫師或藥師。,關節腫痛、紅熱、長期疼痛或行走困難，請就醫評估。,根治|治療疾病|消炎治本|打通經絡|一擦就好|保證有效|深層修復|替代藥物
Instagram_LINE326,LINE326,Instagram,2026-11-13,20:00,孕婦與哺乳族群先詢問專業人員,E,高,pending_legal_pharmacist_review,false,孕婦與哺乳族群先詢問專業人員,"Slide 1：孕婦與哺乳族群先詢問專業人員
Slide 2：所有使用者、照護者與家庭購買者常見情境
Slide 3：安全使用比用得多更重要，依標示與風險族群提醒
Slide 4：2 歲以下、孕哺、過敏體質、抗凝血藥使用者請先詢問專業人員。
Slide 5：依標示使用，先收藏","孕婦與哺乳族群先詢問專業人員，適合用保守一點的方式理解。

外用保養的重點是依標示使用，搭配局部按摩與日常休息；如果症狀持續、惡化或影響活動，請諮詢醫師或藥師。

僅供外用。避免接觸眼睛、黏膜、破皮或傷口；特殊族群使用前請先諮詢專業人員。",#外用安全 #用藥安全 #使用前看標示 #諮詢醫師藥師,Slide 1：孕婦與哺乳族群先詢問專業人員｜Slide 2：所有使用者、照護者與家庭購買者常見情境｜Slide 3：安全使用比用得多更重要，依標示與風險族群提醒｜Slide 4：2 歲以下、孕哺、過敏體質、抗凝血藥使用者請先詢問專業人員。｜Slide 5：依標示使用，先收藏,僅供外用。避免接觸眼睛、黏膜、破皮或傷口；特殊族群使用前請先諮詢專業人員。,2 歲以下、孕哺、過敏體質、抗凝血藥使用者請先詢問專業人員。,根治|治療疾病|消炎治本|打通經絡|一擦就好|保證有效|深層修復|替代藥物
Instagram_LINE327,LINE327,Instagram,2026-11-14,12:00,白露時節關心長輩活動,F,低,pending_legal_pharmacist_review,false,白露時節關心長輩活動,"Slide 1：白露時節關心長輩活動
Slide 2：喜歡養生、節氣與日常保健的 LINE 讀者常見情境
Slide 3：以生活保健與身體覺察為主，不做醫療療效宣稱
Slide 4：節氣養生屬一般生活資訊，身體不適仍應諮詢專業人員。
Slide 5：依標示使用，先收藏","白露時節關心長輩活動，適合用保守一點的方式理解。

外用保養的重點是依標示使用，搭配局部按摩與日常休息；如果症狀持續、惡化或影響活動，請諮詢醫師或藥師。

本內容為一般生活保健資訊，非醫療診斷或治療建議。",#節氣保養 #生活保健 #日常保養 #身體覺察,Slide 1：白露時節關心長輩活動｜Slide 2：喜歡養生、節氣與日常保健的 LINE 讀者常見情境｜Slide 3：以生活保健與身體覺察為主，不做醫療療效宣稱｜Slide 4：節氣養生屬一般生活資訊，身體不適仍應諮詢專業人員。｜Slide 5：依標示使用，先收藏,本內容為一般生活保健資訊，非醫療診斷或治療建議。,節氣養生屬一般生活資訊，身體不適仍應諮詢專業人員。,根治|治療疾病|消炎治本|打通經絡|一擦就好|保證有效|深層修復|替代藥物
Instagram_LINE328,LINE328,Instagram,2026-11-14,20:00,勞動後先休息再按摩,C,中,pending_legal_pharmacist_review,false,勞動後先休息再按摩,"Slide 1：勞動後先休息再按摩
Slide 2：運動族、搬重物、久站與勞動工作者常見情境
Slide 3：運動或勞動後的局部肌肉痠痛，可短期按摩舒緩
Slide 4：明顯腫脹、劇痛、活動受限或疑似受傷時，請先就醫。
Slide 5：依標示使用，先收藏","勞動後先休息再按摩，適合用保守一點的方式理解。

外用保養的重點是依標示使用，搭配局部按摩與日常休息；如果症狀持續、惡化或影響活動，請諮詢醫師或藥師。

本產品為外用油膏，請依核准標示使用；若症狀持續或惡化，請諮詢醫師或藥師。",#運動後保養 #局部按摩 #肌肉痠痛 #依標示使用,Slide 1：勞動後先休息再按摩｜Slide 2：運動族、搬重物、久站與勞動工作者常見情境｜Slide 3：運動或勞動後的局部肌肉痠痛，可短期按摩舒緩｜Slide 4：明顯腫脹、劇痛、活動受限或疑似受傷時，請先就醫。｜Slide 5：依標示使用，先收藏,本產品為外用油膏，請依核准標示使用；若症狀持續或惡化，請諮詢醫師或藥師。,明顯腫脹、劇痛、活動受限或疑似受傷時，請先就醫。,根治|治療疾病|消炎治本|打通經絡|一擦就好|保證有效|深層修復|替代藥物
Instagram_LINE329,LINE329,Instagram,2026-11-15,12:00,長輩使用外用膏你會提醒什麼,G,低,pending_legal_pharmacist_review,false,長輩使用外用膏你會提醒什麼,"Slide 1：長輩使用外用膏你會提醒什麼
Slide 2：LINE OA 好友、回購客與新客常見情境
Slide 3：用問答降低誤用，讓使用者知道何時該詢問專業人員
Slide 4：互動回答不取代醫師或藥師建議。
Slide 5：依標示使用，先收藏","長輩使用外用膏你會提醒什麼，適合用保守一點的方式理解。

外用保養的重點是依標示使用，搭配局部按摩與日常休息；如果症狀持續、惡化或影響活動，請諮詢醫師或藥師。

本內容為一般生活保健資訊，非醫療診斷或治療建議。",#互動問答 #保養知識 #使用小提醒 #金牌一條根,Slide 1：長輩使用外用膏你會提醒什麼｜Slide 2：LINE OA 好友、回購客與新客常見情境｜Slide 3：用問答降低誤用，讓使用者知道何時該詢問專業人員｜Slide 4：互動回答不取代醫師或藥師建議。｜Slide 5：依標示使用，先收藏,本內容為一般生活保健資訊，非醫療診斷或治療建議。,互動回答不取代醫師或藥師建議。,根治|治療疾病|消炎治本|打通經絡|一擦就好|保證有效|深層修復|替代藥物
Instagram_LINE330,LINE330,Instagram,2026-11-15,20:00,日常活動舒適度的三個習慣,D,中,pending_legal_pharmacist_review,false,日常活動舒適度的三個習慣,"Slide 1：日常活動舒適度的三個習慣
Slide 2：40-70 歲注重日常活動舒適度的族群常見情境
Slide 3：輕微關節痠痛可短期舒緩，但不可宣稱治療疾病
Slide 4：關節腫痛、紅熱、長期疼痛或行走困難，請就醫評估。
Slide 5：依標示使用，先收藏","日常活動舒適度的三個習慣，適合用保守一點的方式理解。

外用保養的重點是依標示使用，搭配局部按摩與日常休息；如果症狀持續、惡化或影響活動，請諮詢醫師或藥師。

本產品為外用油膏，請依核准標示使用；若症狀持續或惡化，請諮詢醫師或藥師。",#銀髮保養 #活動舒適 #輕微痠痛 #依標示使用,Slide 1：日常活動舒適度的三個習慣｜Slide 2：40-70 歲注重日常活動舒適度的族群常見情境｜Slide 3：輕微關節痠痛可短期舒緩，但不可宣稱治療疾病｜Slide 4：關節腫痛、紅熱、長期疼痛或行走困難，請就醫評估。｜Slide 5：依標示使用，先收藏,本產品為外用油膏，請依核准標示使用；若症狀持續或惡化，請諮詢醫師或藥師。,關節腫痛、紅熱、長期疼痛或行走困難，請就醫評估。,根治|治療疾病|消炎治本|打通經絡|一擦就好|保證有效|深層修復|替代藥物
Instagram_LINE331,LINE331,Instagram,2026-11-16,12:00,下班前五分鐘伸展,B,低,pending_legal_pharmacist_review,false,下班前五分鐘伸展,"Slide 1：下班前五分鐘伸展
Slide 2：長時間低頭、久坐、用電腦的上班族常見情境
Slide 3：久坐低頭後，可搭配伸展與局部按摩舒緩緊繃不適
Slide 4：若痠痛持續、麻木或影響活動，請諮詢醫師或藥師。
Slide 5：依標示使用，先收藏","下班前五分鐘伸展，適合用保守一點的方式理解。

外用保養的重點是依標示使用，搭配局部按摩與日常休息；如果症狀持續、惡化或影響活動，請諮詢醫師或藥師。

本內容為一般生活保健資訊，非醫療診斷或治療建議。",#肩頸保養 #久坐族 #日常舒緩 #依標示使用,Slide 1：下班前五分鐘伸展｜Slide 2：長時間低頭、久坐、用電腦的上班族常見情境｜Slide 3：久坐低頭後，可搭配伸展與局部按摩舒緩緊繃不適｜Slide 4：若痠痛持續、麻木或影響活動，請諮詢醫師或藥師。｜Slide 5：依標示使用，先收藏,本內容為一般生活保健資訊，非醫療診斷或治療建議。,若痠痛持續、麻木或影響活動，請諮詢醫師或藥師。,根治|治療疾病|消炎治本|打通經絡|一擦就好|保證有效|深層修復|替代藥物
Instagram_LINE332,LINE332,Instagram,2026-11-16,20:00,局部按摩和大面積厚敷的差別,A,中,pending_legal_pharmacist_review,false,局部按摩和大面積厚敷的差別,"Slide 1：局部按摩和大面積厚敷的差別
Slide 2：已購買或正在觀望的一條根使用者常見情境
Slide 3：依標示外用，提供局部按摩與暫時舒緩體感
Slide 4：僅供外用；避免眼周、黏膜、破皮或傷口。
Slide 5：依標示使用，先收藏","局部按摩和大面積厚敷的差別，適合用保守一點的方式理解。

外用保養的重點是依標示使用，搭配局部按摩與日常休息；如果症狀持續、惡化或影響活動，請諮詢醫師或藥師。

本產品為外用油膏，請依核准標示使用；若症狀持續或惡化，請諮詢醫師或藥師。",#金牌一條根 #外用油膏 #成分透明 #依標示使用,Slide 1：局部按摩和大面積厚敷的差別｜Slide 2：已購買或正在觀望的一條根使用者常見情境｜Slide 3：依標示外用，提供局部按摩與暫時舒緩體感｜Slide 4：僅供外用；避免眼周、黏膜、破皮或傷口。｜Slide 5：依標示使用，先收藏,本產品為外用油膏，請依核准標示使用；若症狀持續或惡化，請諮詢醫師或藥師。,僅供外用；避免眼周、黏膜、破皮或傷口。,根治|治療疾病|消炎治本|打通經絡|一擦就好|保證有效|深層修復|替代藥物
Instagram_LINE333,LINE333,Instagram,2026-11-17,12:00,秋分後外出前暖身,F,低,pending_legal_pharmacist_review,false,秋分後外出前暖身,"Slide 1：秋分後外出前暖身
Slide 2：喜歡養生、節氣與日常保健的 LINE 讀者常見情境
Slide 3：以生活保健與身體覺察為主，不做醫療療效宣稱
Slide 4：節氣養生屬一般生活資訊，身體不適仍應諮詢專業人員。
Slide 5：依標示使用，先收藏","秋分後外出前暖身，適合用保守一點的方式理解。

外用保養的重點是依標示使用，搭配局部按摩與日常休息；如果症狀持續、惡化或影響活動，請諮詢醫師或藥師。

本內容為一般生活保健資訊，非醫療診斷或治療建議。",#節氣保養 #生活保健 #日常保養 #身體覺察,Slide 1：秋分後外出前暖身｜Slide 2：喜歡養生、節氣與日常保健的 LINE 讀者常見情境｜Slide 3：以生活保健與身體覺察為主，不做醫療療效宣稱｜Slide 4：節氣養生屬一般生活資訊，身體不適仍應諮詢專業人員。｜Slide 5：依標示使用，先收藏,本內容為一般生活保健資訊，非醫療診斷或治療建議。,節氣養生屬一般生活資訊，身體不適仍應諮詢專業人員。,根治|治療疾病|消炎治本|打通經絡|一擦就好|保證有效|深層修復|替代藥物
Instagram_LINE334,LINE334,Instagram,2026-11-17,20:00,症狀超過七天要停用並諮詢,E,高,pending_legal_pharmacist_review,false,症狀超過七天要停用並諮詢,"Slide 1：症狀超過七天要停用並諮詢
Slide 2：所有使用者、照護者與家庭購買者常見情境
Slide 3：安全使用比用得多更重要，依標示與風險族群提醒
Slide 4：2 歲以下、孕哺、過敏體質、抗凝血藥使用者請先詢問專業人員。
Slide 5：依標示使用，先收藏","症狀超過七天要停用並諮詢，適合用保守一點的方式理解。

外用保養的重點是依標示使用，搭配局部按摩與日常休息；如果症狀持續、惡化或影響活動，請諮詢醫師或藥師。

僅供外用。避免接觸眼睛、黏膜、破皮或傷口；特殊族群使用前請先諮詢專業人員。",#外用安全 #用藥安全 #使用前看標示 #諮詢醫師藥師,Slide 1：症狀超過七天要停用並諮詢｜Slide 2：所有使用者、照護者與家庭購買者常見情境｜Slide 3：安全使用比用得多更重要，依標示與風險族群提醒｜Slide 4：2 歲以下、孕哺、過敏體質、抗凝血藥使用者請先詢問專業人員。｜Slide 5：依標示使用，先收藏,僅供外用。避免接觸眼睛、黏膜、破皮或傷口；特殊族群使用前請先諮詢專業人員。,2 歲以下、孕哺、過敏體質、抗凝血藥使用者請先詢問專業人員。,根治|治療疾病|消炎治本|打通經絡|一擦就好|保證有效|深層修復|替代藥物
Instagram_LINE335,LINE335,Instagram,2026-11-18,12:00,成分透明是基本功,H,中,pending_legal_pharmacist_review,false,成分透明是基本功,"Slide 1：成分透明是基本功
Slide 2：重視藥證、成分、品質與合法性的消費者常見情境
Slide 3：強調藥證、標示、保守宣稱與人工審核流程
Slide 4：所有廣告文案仍須依主管機關與專業人員審核。
Slide 5：依標示使用，先收藏","成分透明是基本功，適合用保守一點的方式理解。

外用保養的重點是依標示使用，搭配局部按摩與日常休息；如果症狀持續、惡化或影響活動，請諮詢醫師或藥師。

本產品為外用油膏，請依核准標示使用；若症狀持續或惡化，請諮詢醫師或藥師。",#藥證可查 #品牌透明 #合法宣傳 #成分透明,Slide 1：成分透明是基本功｜Slide 2：重視藥證、成分、品質與合法性的消費者常見情境｜Slide 3：強調藥證、標示、保守宣稱與人工審核流程｜Slide 4：所有廣告文案仍須依主管機關與專業人員審核。｜Slide 5：依標示使用，先收藏,本產品為外用油膏，請依核准標示使用；若症狀持續或惡化，請諮詢醫師或藥師。,所有廣告文案仍須依主管機關與專業人員審核。,根治|治療疾病|消炎治本|打通經絡|一擦就好|保證有效|深層修復|替代藥物
Instagram_LINE336,LINE336,Instagram,2026-11-18,20:00,一條根可以天天厚敷嗎,G,低,pending_legal_pharmacist_review,false,一條根可以天天厚敷嗎,"Slide 1：一條根可以天天厚敷嗎
Slide 2：LINE OA 好友、回購客與新客常見情境
Slide 3：用問答降低誤用，讓使用者知道何時該詢問專業人員
Slide 4：互動回答不取代醫師或藥師建議。
Slide 5：依標示使用，先收藏","一條根可以天天厚敷嗎，適合用保守一點的方式理解。

外用保養的重點是依標示使用，搭配局部按摩與日常休息；如果症狀持續、惡化或影響活動，請諮詢醫師或藥師。

本內容為一般生活保健資訊，非醫療診斷或治療建議。",#互動問答 #保養知識 #使用小提醒 #金牌一條根,Slide 1：一條根可以天天厚敷嗎｜Slide 2：LINE OA 好友、回購客與新客常見情境｜Slide 3：用問答降低誤用，讓使用者知道何時該詢問專業人員｜Slide 4：互動回答不取代醫師或藥師建議。｜Slide 5：依標示使用，先收藏,本內容為一般生活保健資訊，非醫療診斷或治療建議。,互動回答不取代醫師或藥師建議。,根治|治療疾病|消炎治本|打通經絡|一擦就好|保證有效|深層修復|替代藥物
Instagram_LINE337,LINE337,Instagram,2026-11-19,12:00,運動後不要立刻熱敷加藥膏,C,中,pending_legal_pharmacist_review,false,運動後不要立刻熱敷加藥膏,"Slide 1：運動後不要立刻熱敷加藥膏
Slide 2：運動族、搬重物、久站與勞動工作者常見情境
Slide 3：運動或勞動後的局部肌肉痠痛，可短期按摩舒緩
Slide 4：明顯腫脹、劇痛、活動受限或疑似受傷時，請先就醫。
Slide 5：依標示使用，先收藏","運動後不要立刻熱敷加藥膏，適合用保守一點的方式理解。

外用保養的重點是依標示使用，搭配局部按摩與日常休息；如果症狀持續、惡化或影響活動，請諮詢醫師或藥師。

本產品為外用油膏，請依核准標示使用；若症狀持續或惡化，請諮詢醫師或藥師。",#運動後保養 #局部按摩 #肌肉痠痛 #依標示使用,Slide 1：運動後不要立刻熱敷加藥膏｜Slide 2：運動族、搬重物、久站與勞動工作者常見情境｜Slide 3：運動或勞動後的局部肌肉痠痛，可短期按摩舒緩｜Slide 4：明顯腫脹、劇痛、活動受限或疑似受傷時，請先就醫。｜Slide 5：依標示使用，先收藏,本產品為外用油膏，請依核准標示使用；若症狀持續或惡化，請諮詢醫師或藥師。,明顯腫脹、劇痛、活動受限或疑似受傷時，請先就醫。,根治|治療疾病|消炎治本|打通經絡|一擦就好|保證有效|深層修復|替代藥物
Instagram_LINE338,LINE338,Instagram,2026-11-19,20:00,使用前先小範圍測試,A,中,pending_legal_pharmacist_review,false,使用前先小範圍測試,"Slide 1：使用前先小範圍測試
Slide 2：已購買或正在觀望的一條根使用者常見情境
Slide 3：依標示外用，提供局部按摩與暫時舒緩體感
Slide 4：僅供外用；避免眼周、黏膜、破皮或傷口。
Slide 5：依標示使用，先收藏","使用前先小範圍測試，適合用保守一點的方式理解。

外用保養的重點是依標示使用，搭配局部按摩與日常休息；如果症狀持續、惡化或影響活動，請諮詢醫師或藥師。

本產品為外用油膏，請依核准標示使用；若症狀持續或惡化，請諮詢醫師或藥師。",#金牌一條根 #外用油膏 #成分透明 #依標示使用,Slide 1：使用前先小範圍測試｜Slide 2：已購買或正在觀望的一條根使用者常見情境｜Slide 3：依標示外用，提供局部按摩與暫時舒緩體感｜Slide 4：僅供外用；避免眼周、黏膜、破皮或傷口。｜Slide 5：依標示使用，先收藏,本產品為外用油膏，請依核准標示使用；若症狀持續或惡化，請諮詢醫師或藥師。,僅供外用；避免眼周、黏膜、破皮或傷口。,根治|治療疾病|消炎治本|打通經絡|一擦就好|保證有效|深層修復|替代藥物
Instagram_LINE339,LINE339,Instagram,2026-11-20,12:00,長輩使用前先看標示,D,中,pending_legal_pharmacist_review,false,長輩使用前先看標示,"Slide 1：長輩使用前先看標示
Slide 2：40-70 歲注重日常活動舒適度的族群常見情境
Slide 3：輕微關節痠痛可短期舒緩，但不可宣稱治療疾病
Slide 4：關節腫痛、紅熱、長期疼痛或行走困難，請就醫評估。
Slide 5：依標示使用，先收藏","長輩使用前先看標示，適合用保守一點的方式理解。

外用保養的重點是依標示使用，搭配局部按摩與日常休息；如果症狀持續、惡化或影響活動，請諮詢醫師或藥師。

本產品為外用油膏，請依核准標示使用；若症狀持續或惡化，請諮詢醫師或藥師。",#銀髮保養 #活動舒適 #輕微痠痛 #依標示使用,Slide 1：長輩使用前先看標示｜Slide 2：40-70 歲注重日常活動舒適度的族群常見情境｜Slide 3：輕微關節痠痛可短期舒緩，但不可宣稱治療疾病｜Slide 4：關節腫痛、紅熱、長期疼痛或行走困難，請就醫評估。｜Slide 5：依標示使用，先收藏,本產品為外用油膏，請依核准標示使用；若症狀持續或惡化，請諮詢醫師或藥師。,關節腫痛、紅熱、長期疼痛或行走困難，請就醫評估。,根治|治療疾病|消炎治本|打通經絡|一擦就好|保證有效|深層修復|替代藥物
Instagram_LINE340,LINE340,Instagram,2026-11-20,20:00,皮膚刺激時要停止使用,E,高,pending_legal_pharmacist_review,false,皮膚刺激時要停止使用,"Slide 1：皮膚刺激時要停止使用
Slide 2：所有使用者、照護者與家庭購買者常見情境
Slide 3：安全使用比用得多更重要，依標示與風險族群提醒
Slide 4：2 歲以下、孕哺、過敏體質、抗凝血藥使用者請先詢問專業人員。
Slide 5：依標示使用，先收藏","皮膚刺激時要停止使用，適合用保守一點的方式理解。

外用保養的重點是依標示使用，搭配局部按摩與日常休息；如果症狀持續、惡化或影響活動，請諮詢醫師或藥師。

僅供外用。避免接觸眼睛、黏膜、破皮或傷口；特殊族群使用前請先諮詢專業人員。",#外用安全 #用藥安全 #使用前看標示 #諮詢醫師藥師,Slide 1：皮膚刺激時要停止使用｜Slide 2：所有使用者、照護者與家庭購買者常見情境｜Slide 3：安全使用比用得多更重要，依標示與風險族群提醒｜Slide 4：2 歲以下、孕哺、過敏體質、抗凝血藥使用者請先詢問專業人員。｜Slide 5：依標示使用，先收藏,僅供外用。避免接觸眼睛、黏膜、破皮或傷口；特殊族群使用前請先諮詢專業人員。,2 歲以下、孕哺、過敏體質、抗凝血藥使用者請先詢問專業人員。,根治|治療疾病|消炎治本|打通經絡|一擦就好|保證有效|深層修復|替代藥物
Instagram_LINE341,LINE341,Instagram,2026-11-21,12:00,寒露後肩背保養,F,低,pending_legal_pharmacist_review,false,寒露後肩背保養,"Slide 1：寒露後肩背保養
Slide 2：喜歡養生、節氣與日常保健的 LINE 讀者常見情境
Slide 3：以生活保健與身體覺察為主，不做醫療療效宣稱
Slide 4：節氣養生屬一般生活資訊，身體不適仍應諮詢專業人員。
Slide 5：依標示使用，先收藏","寒露後肩背保養，適合用保守一點的方式理解。

外用保養的重點是依標示使用，搭配局部按摩與日常休息；如果症狀持續、惡化或影響活動，請諮詢醫師或藥師。

本內容為一般生活保健資訊，非醫療診斷或治療建議。",#節氣保養 #生活保健 #日常保養 #身體覺察,Slide 1：寒露後肩背保養｜Slide 2：喜歡養生、節氣與日常保健的 LINE 讀者常見情境｜Slide 3：以生活保健與身體覺察為主，不做醫療療效宣稱｜Slide 4：節氣養生屬一般生活資訊，身體不適仍應諮詢專業人員。｜Slide 5：依標示使用，先收藏,本內容為一般生活保健資訊，非醫療診斷或治療建議。,節氣養生屬一般生活資訊，身體不適仍應諮詢專業人員。,根治|治療疾病|消炎治本|打通經絡|一擦就好|保證有效|深層修復|替代藥物
Instagram_LINE342,LINE342,Instagram,2026-11-21,20:00,輕微拉扯後的觀察重點,C,中,pending_legal_pharmacist_review,false,輕微拉扯後的觀察重點,"Slide 1：輕微拉扯後的觀察重點
Slide 2：運動族、搬重物、久站與勞動工作者常見情境
Slide 3：運動或勞動後的局部肌肉痠痛，可短期按摩舒緩
Slide 4：明顯腫脹、劇痛、活動受限或疑似受傷時，請先就醫。
Slide 5：依標示使用，先收藏","輕微拉扯後的觀察重點，適合用保守一點的方式理解。

外用保養的重點是依標示使用，搭配局部按摩與日常休息；如果症狀持續、惡化或影響活動，請諮詢醫師或藥師。

本產品為外用油膏，請依核准標示使用；若症狀持續或惡化，請諮詢醫師或藥師。",#運動後保養 #局部按摩 #肌肉痠痛 #依標示使用,Slide 1：輕微拉扯後的觀察重點｜Slide 2：運動族、搬重物、久站與勞動工作者常見情境｜Slide 3：運動或勞動後的局部肌肉痠痛，可短期按摩舒緩｜Slide 4：明顯腫脹、劇痛、活動受限或疑似受傷時，請先就醫。｜Slide 5：依標示使用，先收藏,本產品為外用油膏，請依核准標示使用；若症狀持續或惡化，請諮詢醫師或藥師。,明顯腫脹、劇痛、活動受限或疑似受傷時，請先就醫。,根治|治療疾病|消炎治本|打通經絡|一擦就好|保證有效|深層修復|替代藥物
Instagram_LINE343,LINE343,Instagram,2026-11-22,12:00,擦完可以馬上熱敷嗎,G,低,pending_legal_pharmacist_review,false,擦完可以馬上熱敷嗎,"Slide 1：擦完可以馬上熱敷嗎
Slide 2：LINE OA 好友、回購客與新客常見情境
Slide 3：用問答降低誤用，讓使用者知道何時該詢問專業人員
Slide 4：互動回答不取代醫師或藥師建議。
Slide 5：依標示使用，先收藏","擦完可以馬上熱敷嗎，適合用保守一點的方式理解。

外用保養的重點是依標示使用，搭配局部按摩與日常休息；如果症狀持續、惡化或影響活動，請諮詢醫師或藥師。

本內容為一般生活保健資訊，非醫療診斷或治療建議。",#互動問答 #保養知識 #使用小提醒 #金牌一條根,Slide 1：擦完可以馬上熱敷嗎｜Slide 2：LINE OA 好友、回購客與新客常見情境｜Slide 3：用問答降低誤用，讓使用者知道何時該詢問專業人員｜Slide 4：互動回答不取代醫師或藥師建議。｜Slide 5：依標示使用，先收藏,本內容為一般生活保健資訊，非醫療診斷或治療建議。,互動回答不取代醫師或藥師建議。,根治|治療疾病|消炎治本|打通經絡|一擦就好|保證有效|深層修復|替代藥物
Instagram_LINE344,LINE344,Instagram,2026-11-22,20:00,別把長期疼痛只當小問題,D,中,pending_legal_pharmacist_review,false,別把長期疼痛只當小問題,"Slide 1：別把長期疼痛只當小問題
Slide 2：40-70 歲注重日常活動舒適度的族群常見情境
Slide 3：輕微關節痠痛可短期舒緩，但不可宣稱治療疾病
Slide 4：關節腫痛、紅熱、長期疼痛或行走困難，請就醫評估。
Slide 5：依標示使用，先收藏","別把長期疼痛只當小問題，適合用保守一點的方式理解。

外用保養的重點是依標示使用，搭配局部按摩與日常休息；如果症狀持續、惡化或影響活動，請諮詢醫師或藥師。

本產品為外用油膏，請依核准標示使用；若症狀持續或惡化，請諮詢醫師或藥師。",#銀髮保養 #活動舒適 #輕微痠痛 #依標示使用,Slide 1：別把長期疼痛只當小問題｜Slide 2：40-70 歲注重日常活動舒適度的族群常見情境｜Slide 3：輕微關節痠痛可短期舒緩，但不可宣稱治療疾病｜Slide 4：關節腫痛、紅熱、長期疼痛或行走困難，請就醫評估。｜Slide 5：依標示使用，先收藏,本產品為外用油膏，請依核准標示使用；若症狀持續或惡化，請諮詢醫師或藥師。,關節腫痛、紅熱、長期疼痛或行走困難，請就醫評估。,根治|治療疾病|消炎治本|打通經絡|一擦就好|保證有效|深層修復|替代藥物
Instagram_LINE345,LINE345,Instagram,2026-11-23,12:00,滑手機後頸部保養,B,低,pending_legal_pharmacist_review,false,滑手機後頸部保養,"Slide 1：滑手機後頸部保養
Slide 2：長時間低頭、久坐、用電腦的上班族常見情境
Slide 3：久坐低頭後，可搭配伸展與局部按摩舒緩緊繃不適
Slide 4：若痠痛持續、麻木或影響活動，請諮詢醫師或藥師。
Slide 5：依標示使用，先收藏","滑手機後頸部保養，適合用保守一點的方式理解。

外用保養的重點是依標示使用，搭配局部按摩與日常休息；如果症狀持續、惡化或影響活動，請諮詢醫師或藥師。

本內容為一般生活保健資訊，非醫療診斷或治療建議。",#肩頸保養 #久坐族 #日常舒緩 #依標示使用,Slide 1：滑手機後頸部保養｜Slide 2：長時間低頭、久坐、用電腦的上班族常見情境｜Slide 3：久坐低頭後，可搭配伸展與局部按摩舒緩緊繃不適｜Slide 4：若痠痛持續、麻木或影響活動，請諮詢醫師或藥師。｜Slide 5：依標示使用，先收藏,本內容為一般生活保健資訊，非醫療診斷或治療建議。,若痠痛持續、麻木或影響活動，請諮詢醫師或藥師。,根治|治療疾病|消炎治本|打通經絡|一擦就好|保證有效|深層修復|替代藥物
Instagram_LINE346,LINE346,Instagram,2026-11-23,20:00,產品不是神藥，定位要講清楚,A,中,pending_legal_pharmacist_review,false,產品不是神藥，定位要講清楚,"Slide 1：產品不是神藥，定位要講清楚
Slide 2：已購買或正在觀望的一條根使用者常見情境
Slide 3：依標示外用，提供局部按摩與暫時舒緩體感
Slide 4：僅供外用；避免眼周、黏膜、破皮或傷口。
Slide 5：依標示使用，先收藏","產品不是神藥，定位要講清楚，適合用保守一點的方式理解。

外用保養的重點是依標示使用，搭配局部按摩與日常休息；如果症狀持續、惡化或影響活動，請諮詢醫師或藥師。

本產品為外用油膏，請依核准標示使用；若症狀持續或惡化，請諮詢醫師或藥師。",#金牌一條根 #外用油膏 #成分透明 #依標示使用,Slide 1：產品不是神藥，定位要講清楚｜Slide 2：已購買或正在觀望的一條根使用者常見情境｜Slide 3：依標示外用，提供局部按摩與暫時舒緩體感｜Slide 4：僅供外用；避免眼周、黏膜、破皮或傷口。｜Slide 5：依標示使用，先收藏,本產品為外用油膏，請依核准標示使用；若症狀持續或惡化，請諮詢醫師或藥師。,僅供外用；避免眼周、黏膜、破皮或傷口。,根治|治療疾病|消炎治本|打通經絡|一擦就好|保證有效|深層修復|替代藥物
Instagram_LINE347,LINE347,Instagram,2026-11-24,12:00,立冬前後的日常舒緩儀式,F,低,pending_legal_pharmacist_review,false,立冬前後的日常舒緩儀式,"Slide 1：立冬前後的日常舒緩儀式
Slide 2：喜歡養生、節氣與日常保健的 LINE 讀者常見情境
Slide 3：以生活保健與身體覺察為主，不做醫療療效宣稱
Slide 4：節氣養生屬一般生活資訊，身體不適仍應諮詢專業人員。
Slide 5：依標示使用，先收藏","立冬前後的日常舒緩儀式，適合用保守一點的方式理解。

外用保養的重點是依標示使用，搭配局部按摩與日常休息；如果症狀持續、惡化或影響活動，請諮詢醫師或藥師。

本內容為一般生活保健資訊，非醫療診斷或治療建議。",#節氣保養 #生活保健 #日常保養 #身體覺察,Slide 1：立冬前後的日常舒緩儀式｜Slide 2：喜歡養生、節氣與日常保健的 LINE 讀者常見情境｜Slide 3：以生活保健與身體覺察為主，不做醫療療效宣稱｜Slide 4：節氣養生屬一般生活資訊，身體不適仍應諮詢專業人員。｜Slide 5：依標示使用，先收藏,本內容為一般生活保健資訊，非醫療診斷或治療建議。,節氣養生屬一般生活資訊，身體不適仍應諮詢專業人員。,根治|治療疾病|消炎治本|打通經絡|一擦就好|保證有效|深層修復|替代藥物
Instagram_LINE348,LINE348,Instagram,2026-11-24,20:00,深層症狀不適合自行處理,E,高,pending_legal_pharmacist_review,false,深層症狀不適合自行處理,"Slide 1：深層症狀不適合自行處理
Slide 2：所有使用者、照護者與家庭購買者常見情境
Slide 3：安全使用比用得多更重要，依標示與風險族群提醒
Slide 4：2 歲以下、孕哺、過敏體質、抗凝血藥使用者請先詢問專業人員。
Slide 5：依標示使用，先收藏","深層症狀不適合自行處理，適合用保守一點的方式理解。

外用保養的重點是依標示使用，搭配局部按摩與日常休息；如果症狀持續、惡化或影響活動，請諮詢醫師或藥師。

僅供外用。避免接觸眼睛、黏膜、破皮或傷口；特殊族群使用前請先諮詢專業人員。",#外用安全 #用藥安全 #使用前看標示 #諮詢醫師藥師,Slide 1：深層症狀不適合自行處理｜Slide 2：所有使用者、照護者與家庭購買者常見情境｜Slide 3：安全使用比用得多更重要，依標示與風險族群提醒｜Slide 4：2 歲以下、孕哺、過敏體質、抗凝血藥使用者請先詢問專業人員。｜Slide 5：依標示使用，先收藏,僅供外用。避免接觸眼睛、黏膜、破皮或傷口；特殊族群使用前請先諮詢專業人員。,2 歲以下、孕哺、過敏體質、抗凝血藥使用者請先詢問專業人員。,根治|治療疾病|消炎治本|打通經絡|一擦就好|保證有效|深層修復|替代藥物
Instagram_LINE349,LINE349,Instagram,2026-11-25,12:00,每篇貼文都要人工審核,H,中,pending_legal_pharmacist_review,false,每篇貼文都要人工審核,"Slide 1：每篇貼文都要人工審核
Slide 2：重視藥證、成分、品質與合法性的消費者常見情境
Slide 3：強調藥證、標示、保守宣稱與人工審核流程
Slide 4：所有廣告文案仍須依主管機關與專業人員審核。
Slide 5：依標示使用，先收藏","每篇貼文都要人工審核，適合用保守一點的方式理解。

外用保養的重點是依標示使用，搭配局部按摩與日常休息；如果症狀持續、惡化或影響活動，請諮詢醫師或藥師。

本產品為外用油膏，請依核准標示使用；若症狀持續或惡化，請諮詢醫師或藥師。",#藥證可查 #品牌透明 #合法宣傳 #成分透明,Slide 1：每篇貼文都要人工審核｜Slide 2：重視藥證、成分、品質與合法性的消費者常見情境｜Slide 3：強調藥證、標示、保守宣稱與人工審核流程｜Slide 4：所有廣告文案仍須依主管機關與專業人員審核。｜Slide 5：依標示使用，先收藏,本產品為外用油膏，請依核准標示使用；若症狀持續或惡化，請諮詢醫師或藥師。,所有廣告文案仍須依主管機關與專業人員審核。,根治|治療疾病|消炎治本|打通經絡|一擦就好|保證有效|深層修復|替代藥物
Instagram_LINE350,LINE350,Instagram,2026-11-25,20:00,哪些情況應該先就醫,G,低,pending_legal_pharmacist_review,false,哪些情況應該先就醫,"Slide 1：哪些情況應該先就醫
Slide 2：LINE OA 好友、回購客與新客常見情境
Slide 3：用問答降低誤用，讓使用者知道何時該詢問專業人員
Slide 4：互動回答不取代醫師或藥師建議。
Slide 5：依標示使用，先收藏","哪些情況應該先就醫，適合用保守一點的方式理解。

外用保養的重點是依標示使用，搭配局部按摩與日常休息；如果症狀持續、惡化或影響活動，請諮詢醫師或藥師。

本內容為一般生活保健資訊，非醫療診斷或治療建議。",#互動問答 #保養知識 #使用小提醒 #金牌一條根,Slide 1：哪些情況應該先就醫｜Slide 2：LINE OA 好友、回購客與新客常見情境｜Slide 3：用問答降低誤用，讓使用者知道何時該詢問專業人員｜Slide 4：互動回答不取代醫師或藥師建議。｜Slide 5：依標示使用，先收藏,本內容為一般生活保健資訊，非醫療診斷或治療建議。,互動回答不取代醫師或藥師建議。,根治|治療疾病|消炎治本|打通經絡|一擦就好|保證有效|深層修復|替代藥物
Instagram_LINE351,LINE351,Instagram,2026-11-26,12:00,運動後局部痠痛的保守處理,C,中,pending_legal_pharmacist_review,false,運動後局部痠痛的保守處理,"Slide 1：運動後局部痠痛的保守處理
Slide 2：運動族、搬重物、久站與勞動工作者常見情境
Slide 3：運動或勞動後的局部肌肉痠痛，可短期按摩舒緩
Slide 4：明顯腫脹、劇痛、活動受限或疑似受傷時，請先就醫。
Slide 5：依標示使用，先收藏","運動後局部痠痛的保守處理，適合用保守一點的方式理解。

外用保養的重點是依標示使用，搭配局部按摩與日常休息；如果症狀持續、惡化或影響活動，請諮詢醫師或藥師。

本產品為外用油膏，請依核准標示使用；若症狀持續或惡化，請諮詢醫師或藥師。",#運動後保養 #局部按摩 #肌肉痠痛 #依標示使用,Slide 1：運動後局部痠痛的保守處理｜Slide 2：運動族、搬重物、久站與勞動工作者常見情境｜Slide 3：運動或勞動後的局部肌肉痠痛，可短期按摩舒緩｜Slide 4：明顯腫脹、劇痛、活動受限或疑似受傷時，請先就醫。｜Slide 5：依標示使用，先收藏,本產品為外用油膏，請依核准標示使用；若症狀持續或惡化，請諮詢醫師或藥師。,明顯腫脹、劇痛、活動受限或疑似受傷時，請先就醫。,根治|治療疾病|消炎治本|打通經絡|一擦就好|保證有效|深層修復|替代藥物
Instagram_LINE352,LINE352,Instagram,2026-11-26,20:00,冬青油與清涼舒緩體感,A,中,pending_legal_pharmacist_review,false,冬青油與清涼舒緩體感,"Slide 1：冬青油與清涼舒緩體感
Slide 2：已購買或正在觀望的一條根使用者常見情境
Slide 3：依標示外用，提供局部按摩與暫時舒緩體感
Slide 4：僅供外用；避免眼周、黏膜、破皮或傷口。
Slide 5：依標示使用，先收藏","冬青油與清涼舒緩體感，適合用保守一點的方式理解。

外用保養的重點是依標示使用，搭配局部按摩與日常休息；如果症狀持續、惡化或影響活動，請諮詢醫師或藥師。

本產品為外用油膏，請依核准標示使用；若症狀持續或惡化，請諮詢醫師或藥師。",#金牌一條根 #外用油膏 #成分透明 #依標示使用,Slide 1：冬青油與清涼舒緩體感｜Slide 2：已購買或正在觀望的一條根使用者常見情境｜Slide 3：依標示外用，提供局部按摩與暫時舒緩體感｜Slide 4：僅供外用；避免眼周、黏膜、破皮或傷口。｜Slide 5：依標示使用，先收藏,本產品為外用油膏，請依核准標示使用；若症狀持續或惡化，請諮詢醫師或藥師。,僅供外用；避免眼周、黏膜、破皮或傷口。,根治|治療疾病|消炎治本|打通經絡|一擦就好|保證有效|深層修復|替代藥物
Instagram_LINE353,LINE353,Instagram,2026-11-27,12:00,早晨活動前的關節暖身,D,中,pending_legal_pharmacist_review,false,早晨活動前的關節暖身,"Slide 1：早晨活動前的關節暖身
Slide 2：40-70 歲注重日常活動舒適度的族群常見情境
Slide 3：輕微關節痠痛可短期舒緩，但不可宣稱治療疾病
Slide 4：關節腫痛、紅熱、長期疼痛或行走困難，請就醫評估。
Slide 5：依標示使用，先收藏","早晨活動前的關節暖身，適合用保守一點的方式理解。

外用保養的重點是依標示使用，搭配局部按摩與日常休息；如果症狀持續、惡化或影響活動，請諮詢醫師或藥師。

本產品為外用油膏，請依核准標示使用；若症狀持續或惡化，請諮詢醫師或藥師。",#銀髮保養 #活動舒適 #輕微痠痛 #依標示使用,Slide 1：早晨活動前的關節暖身｜Slide 2：40-70 歲注重日常活動舒適度的族群常見情境｜Slide 3：輕微關節痠痛可短期舒緩，但不可宣稱治療疾病｜Slide 4：關節腫痛、紅熱、長期疼痛或行走困難，請就醫評估。｜Slide 5：依標示使用，先收藏,本產品為外用油膏，請依核准標示使用；若症狀持續或惡化，請諮詢醫師或藥師。,關節腫痛、紅熱、長期疼痛或行走困難，請就醫評估。,根治|治療疾病|消炎治本|打通經絡|一擦就好|保證有效|深層修復|替代藥物
Instagram_LINE354,LINE354,Instagram,2026-11-27,20:00,不能擦在破皮或傷口,E,高,pending_legal_pharmacist_review,false,不能擦在破皮或傷口,"Slide 1：不能擦在破皮或傷口
Slide 2：所有使用者、照護者與家庭購買者常見情境
Slide 3：安全使用比用得多更重要，依標示與風險族群提醒
Slide 4：2 歲以下、孕哺、過敏體質、抗凝血藥使用者請先詢問專業人員。
Slide 5：依標示使用，先收藏","不能擦在破皮或傷口，適合用保守一點的方式理解。

外用保養的重點是依標示使用，搭配局部按摩與日常休息；如果症狀持續、惡化或影響活動，請諮詢醫師或藥師。

僅供外用。避免接觸眼睛、黏膜、破皮或傷口；特殊族群使用前請先諮詢專業人員。",#外用安全 #用藥安全 #使用前看標示 #諮詢醫師藥師,Slide 1：不能擦在破皮或傷口｜Slide 2：所有使用者、照護者與家庭購買者常見情境｜Slide 3：安全使用比用得多更重要，依標示與風險族群提醒｜Slide 4：2 歲以下、孕哺、過敏體質、抗凝血藥使用者請先詢問專業人員。｜Slide 5：依標示使用，先收藏,僅供外用。避免接觸眼睛、黏膜、破皮或傷口；特殊族群使用前請先諮詢專業人員。,2 歲以下、孕哺、過敏體質、抗凝血藥使用者請先詢問專業人員。,根治|治療疾病|消炎治本|打通經絡|一擦就好|保證有效|深層修復|替代藥物
Instagram_LINE355,LINE355,Instagram,2026-11-28,12:00,芒種後濕熱生活保養,F,低,pending_legal_pharmacist_review,false,芒種後濕熱生活保養,"Slide 1：芒種後濕熱生活保養
Slide 2：喜歡養生、節氣與日常保健的 LINE 讀者常見情境
Slide 3：以生活保健與身體覺察為主，不做醫療療效宣稱
Slide 4：節氣養生屬一般生活資訊，身體不適仍應諮詢專業人員。
Slide 5：依標示使用，先收藏","芒種後濕熱生活保養，適合用保守一點的方式理解。

外用保養的重點是依標示使用，搭配局部按摩與日常休息；如果症狀持續、惡化或影響活動，請諮詢醫師或藥師。

本內容為一般生活保健資訊，非醫療診斷或治療建議。",#節氣保養 #生活保健 #日常保養 #身體覺察,Slide 1：芒種後濕熱生活保養｜Slide 2：喜歡養生、節氣與日常保健的 LINE 讀者常見情境｜Slide 3：以生活保健與身體覺察為主，不做醫療療效宣稱｜Slide 4：節氣養生屬一般生活資訊，身體不適仍應諮詢專業人員。｜Slide 5：依標示使用，先收藏,本內容為一般生活保健資訊，非醫療診斷或治療建議。,節氣養生屬一般生活資訊，身體不適仍應諮詢專業人員。,根治|治療疾病|消炎治本|打通經絡|一擦就好|保證有效|深層修復|替代藥物
Instagram_LINE356,LINE356,Instagram,2026-11-28,20:00,久站後小腿不適舒緩,C,中,pending_legal_pharmacist_review,false,久站後小腿不適舒緩,"Slide 1：久站後小腿不適舒緩
Slide 2：運動族、搬重物、久站與勞動工作者常見情境
Slide 3：運動或勞動後的局部肌肉痠痛，可短期按摩舒緩
Slide 4：明顯腫脹、劇痛、活動受限或疑似受傷時，請先就醫。
Slide 5：依標示使用，先收藏","久站後小腿不適舒緩，適合用保守一點的方式理解。

外用保養的重點是依標示使用，搭配局部按摩與日常休息；如果症狀持續、惡化或影響活動，請諮詢醫師或藥師。

本產品為外用油膏，請依核准標示使用；若症狀持續或惡化，請諮詢醫師或藥師。",#運動後保養 #局部按摩 #肌肉痠痛 #依標示使用,Slide 1：久站後小腿不適舒緩｜Slide 2：運動族、搬重物、久站與勞動工作者常見情境｜Slide 3：運動或勞動後的局部肌肉痠痛，可短期按摩舒緩｜Slide 4：明顯腫脹、劇痛、活動受限或疑似受傷時，請先就醫。｜Slide 5：依標示使用，先收藏,本產品為外用油膏，請依核准標示使用；若症狀持續或惡化，請諮詢醫師或藥師。,明顯腫脹、劇痛、活動受限或疑似受傷時，請先就醫。,根治|治療疾病|消炎治本|打通經絡|一擦就好|保證有效|深層修復|替代藥物
Instagram_LINE357,LINE357,Instagram,2026-11-29,12:00,你最常哪個部位緊繃,G,低,pending_legal_pharmacist_review,false,你最常哪個部位緊繃,"Slide 1：你最常哪個部位緊繃
Slide 2：LINE OA 好友、回購客與新客常見情境
Slide 3：用問答降低誤用，讓使用者知道何時該詢問專業人員
Slide 4：互動回答不取代醫師或藥師建議。
Slide 5：依標示使用，先收藏","你最常哪個部位緊繃，適合用保守一點的方式理解。

外用保養的重點是依標示使用，搭配局部按摩與日常休息；如果症狀持續、惡化或影響活動，請諮詢醫師或藥師。

本內容為一般生活保健資訊，非醫療診斷或治療建議。",#互動問答 #保養知識 #使用小提醒 #金牌一條根,Slide 1：你最常哪個部位緊繃｜Slide 2：LINE OA 好友、回購客與新客常見情境｜Slide 3：用問答降低誤用，讓使用者知道何時該詢問專業人員｜Slide 4：互動回答不取代醫師或藥師建議。｜Slide 5：依標示使用，先收藏,本內容為一般生活保健資訊，非醫療診斷或治療建議。,互動回答不取代醫師或藥師建議。,根治|治療疾病|消炎治本|打通經絡|一擦就好|保證有效|深層修復|替代藥物
Instagram_LINE358,LINE358,Instagram,2026-11-29,20:00,長輩外用膏使用安全,D,中,pending_legal_pharmacist_review,false,長輩外用膏使用安全,"Slide 1：長輩外用膏使用安全
Slide 2：40-70 歲注重日常活動舒適度的族群常見情境
Slide 3：輕微關節痠痛可短期舒緩，但不可宣稱治療疾病
Slide 4：關節腫痛、紅熱、長期疼痛或行走困難，請就醫評估。
Slide 5：依標示使用，先收藏","長輩外用膏使用安全，適合用保守一點的方式理解。

外用保養的重點是依標示使用，搭配局部按摩與日常休息；如果症狀持續、惡化或影響活動，請諮詢醫師或藥師。

本產品為外用油膏，請依核准標示使用；若症狀持續或惡化，請諮詢醫師或藥師。",#銀髮保養 #活動舒適 #輕微痠痛 #依標示使用,Slide 1：長輩外用膏使用安全｜Slide 2：40-70 歲注重日常活動舒適度的族群常見情境｜Slide 3：輕微關節痠痛可短期舒緩，但不可宣稱治療疾病｜Slide 4：關節腫痛、紅熱、長期疼痛或行走困難，請就醫評估。｜Slide 5：依標示使用，先收藏,本產品為外用油膏，請依核准標示使用；若症狀持續或惡化，請諮詢醫師或藥師。,關節腫痛、紅熱、長期疼痛或行走困難，請就醫評估。,根治|治療疾病|消炎治本|打通經絡|一擦就好|保證有效|深層修復|替代藥物
Instagram_LINE359,LINE359,Instagram,2026-11-30,12:00,辦公桌前的姿勢檢查,B,低,pending_legal_pharmacist_review,false,辦公桌前的姿勢檢查,"Slide 1：辦公桌前的姿勢檢查
Slide 2：長時間低頭、久坐、用電腦的上班族常見情境
Slide 3：久坐低頭後，可搭配伸展與局部按摩舒緩緊繃不適
Slide 4：若痠痛持續、麻木或影響活動，請諮詢醫師或藥師。
Slide 5：依標示使用，先收藏","辦公桌前的姿勢檢查，適合用保守一點的方式理解。

外用保養的重點是依標示使用，搭配局部按摩與日常休息；如果症狀持續、惡化或影響活動，請諮詢醫師或藥師。

本內容為一般生活保健資訊，非醫療診斷或治療建議。",#肩頸保養 #久坐族 #日常舒緩 #依標示使用,Slide 1：辦公桌前的姿勢檢查｜Slide 2：長時間低頭、久坐、用電腦的上班族常見情境｜Slide 3：久坐低頭後，可搭配伸展與局部按摩舒緩緊繃不適｜Slide 4：若痠痛持續、麻木或影響活動，請諮詢醫師或藥師。｜Slide 5：依標示使用，先收藏,本內容為一般生活保健資訊，非醫療診斷或治療建議。,若痠痛持續、麻木或影響活動，請諮詢醫師或藥師。,根治|治療疾病|消炎治本|打通經絡|一擦就好|保證有效|深層修復|替代藥物
Instagram_LINE360,LINE360,Instagram,2026-11-30,20:00,薄荷腦帶來的涼感來源,A,中,pending_legal_pharmacist_review,false,薄荷腦帶來的涼感來源,"Slide 1：薄荷腦帶來的涼感來源
Slide 2：已購買或正在觀望的一條根使用者常見情境
Slide 3：依標示外用，提供局部按摩與暫時舒緩體感
Slide 4：僅供外用；避免眼周、黏膜、破皮或傷口。
Slide 5：依標示使用，先收藏","薄荷腦帶來的涼感來源，適合用保守一點的方式理解。

外用保養的重點是依標示使用，搭配局部按摩與日常休息；如果症狀持續、惡化或影響活動，請諮詢醫師或藥師。

本產品為外用油膏，請依核准標示使用；若症狀持續或惡化，請諮詢醫師或藥師。",#金牌一條根 #外用油膏 #成分透明 #依標示使用,Slide 1：薄荷腦帶來的涼感來源｜Slide 2：已購買或正在觀望的一條根使用者常見情境｜Slide 3：依標示外用，提供局部按摩與暫時舒緩體感｜Slide 4：僅供外用；避免眼周、黏膜、破皮或傷口。｜Slide 5：依標示使用，先收藏,本產品為外用油膏，請依核准標示使用；若症狀持續或惡化，請諮詢醫師或藥師。,僅供外用；避免眼周、黏膜、破皮或傷口。,根治|治療疾病|消炎治本|打通經絡|一擦就好|保證有效|深層修復|替代藥物
