platform_post_id,source_post_id,platform,date,time,topic_title,pillar_code,risk_level,review_status,publish_allowed,draft_title,main_text,caption_or_description,hashtags,script_or_slide_copy,mandatory_disclaimer,required_warning,forbidden_terms
Threads_LINE001,LINE001,Threads,2026-06-04,12:00,運動後局部痠痛的保守處理,C,中,pending_legal_pharmacist_review,false,運動後局部痠痛的保守處理,"運動後局部痠痛的保守處理，其實最容易被忽略的是「使用邊界」。

可以談的是：運動或勞動後的局部肌肉痠痛，可短期按摩舒緩。不適合把外用油膏說成根治、治療或立即見效。

明顯腫脹、劇痛、活動受限或疑似受傷時，請先就醫。

你平常最常需要保養的是肩頸、腰背，還是腿部？",,#運動後保養 #局部按摩 #肌肉痠痛 #依標示使用,,本產品為外用油膏，請依核准標示使用；若症狀持續或惡化，請諮詢醫師或藥師。,明顯腫脹、劇痛、活動受限或疑似受傷時，請先就醫。,根治|治療疾病|消炎治本|打通經絡|一擦就好|保證有效|深層修復|替代藥物
Threads_LINE002,LINE002,Threads,2026-06-04,20:00,冬青油與清涼舒緩體感,A,中,pending_legal_pharmacist_review,false,冬青油與清涼舒緩體感,"冬青油與清涼舒緩體感，其實最容易被忽略的是「使用邊界」。

可以談的是：依標示外用，提供局部按摩與暫時舒緩體感。不適合把外用油膏說成根治、治療或立即見效。

僅供外用；避免眼周、黏膜、破皮或傷口。

你平常最常需要保養的是肩頸、腰背，還是腿部？",,#金牌一條根 #外用油膏 #成分透明 #依標示使用,,本產品為外用油膏，請依核准標示使用；若症狀持續或惡化，請諮詢醫師或藥師。,僅供外用；避免眼周、黏膜、破皮或傷口。,根治|治療疾病|消炎治本|打通經絡|一擦就好|保證有效|深層修復|替代藥物
Threads_LINE003,LINE003,Threads,2026-06-05,12:00,早晨活動前的關節暖身,D,中,pending_legal_pharmacist_review,false,早晨活動前的關節暖身,"早晨活動前的關節暖身，其實最容易被忽略的是「使用邊界」。

可以談的是：輕微關節痠痛可短期舒緩，但不可宣稱治療疾病。不適合把外用油膏說成根治、治療或立即見效。

關節腫痛、紅熱、長期疼痛或行走困難，請就醫評估。

你平常最常需要保養的是肩頸、腰背，還是腿部？",,#銀髮保養 #活動舒適 #輕微痠痛 #依標示使用,,本產品為外用油膏，請依核准標示使用；若症狀持續或惡化，請諮詢醫師或藥師。,關節腫痛、紅熱、長期疼痛或行走困難，請就醫評估。,根治|治療疾病|消炎治本|打通經絡|一擦就好|保證有效|深層修復|替代藥物
Threads_LINE004,LINE004,Threads,2026-06-05,20:00,不能擦在破皮或傷口,E,高,pending_legal_pharmacist_review,false,不能擦在破皮或傷口,"不能擦在破皮或傷口，其實最容易被忽略的是「使用邊界」。

可以談的是：安全使用比用得多更重要，依標示與風險族群提醒。不適合把外用油膏說成根治、治療或立即見效。

2 歲以下、孕哺、過敏體質、抗凝血藥使用者請先詢問專業人員。

你平常最常需要保養的是肩頸、腰背，還是腿部？",,#外用安全 #用藥安全 #使用前看標示 #諮詢醫師藥師,,僅供外用。避免接觸眼睛、黏膜、破皮或傷口；特殊族群使用前請先諮詢專業人員。,2 歲以下、孕哺、過敏體質、抗凝血藥使用者請先詢問專業人員。,根治|治療疾病|消炎治本|打通經絡|一擦就好|保證有效|深層修復|替代藥物
Threads_LINE005,LINE005,Threads,2026-06-06,12:00,芒種後濕熱生活保養,F,低,pending_legal_pharmacist_review,false,芒種後濕熱生活保養,"芒種後濕熱生活保養，其實最容易被忽略的是「使用邊界」。

可以談的是：以生活保健與身體覺察為主，不做醫療療效宣稱。不適合把外用油膏說成根治、治療或立即見效。

節氣養生屬一般生活資訊，身體不適仍應諮詢專業人員。

你平常最常需要保養的是肩頸、腰背，還是腿部？",,#節氣保養 #生活保健 #日常保養 #身體覺察,,本內容為一般生活保健資訊，非醫療診斷或治療建議。,節氣養生屬一般生活資訊，身體不適仍應諮詢專業人員。,根治|治療疾病|消炎治本|打通經絡|一擦就好|保證有效|深層修復|替代藥物
Threads_LINE006,LINE006,Threads,2026-06-06,20:00,久站後小腿不適舒緩,C,中,pending_legal_pharmacist_review,false,久站後小腿不適舒緩,"久站後小腿不適舒緩，其實最容易被忽略的是「使用邊界」。

可以談的是：運動或勞動後的局部肌肉痠痛，可短期按摩舒緩。不適合把外用油膏說成根治、治療或立即見效。

明顯腫脹、劇痛、活動受限或疑似受傷時，請先就醫。

你平常最常需要保養的是肩頸、腰背，還是腿部？",,#運動後保養 #局部按摩 #肌肉痠痛 #依標示使用,,本產品為外用油膏，請依核准標示使用；若症狀持續或惡化，請諮詢醫師或藥師。,明顯腫脹、劇痛、活動受限或疑似受傷時，請先就醫。,根治|治療疾病|消炎治本|打通經絡|一擦就好|保證有效|深層修復|替代藥物
Threads_LINE007,LINE007,Threads,2026-06-07,12:00,你最常哪個部位緊繃,G,低,pending_legal_pharmacist_review,false,你最常哪個部位緊繃,"你最常哪個部位緊繃，其實最容易被忽略的是「使用邊界」。

可以談的是：用問答降低誤用，讓使用者知道何時該詢問專業人員。不適合把外用油膏說成根治、治療或立即見效。

互動回答不取代醫師或藥師建議。

你平常最常需要保養的是肩頸、腰背，還是腿部？",,#互動問答 #保養知識 #使用小提醒 #金牌一條根,,本內容為一般生活保健資訊，非醫療診斷或治療建議。,互動回答不取代醫師或藥師建議。,根治|治療疾病|消炎治本|打通經絡|一擦就好|保證有效|深層修復|替代藥物
Threads_LINE008,LINE008,Threads,2026-06-07,20:00,長輩外用膏使用安全,D,中,pending_legal_pharmacist_review,false,長輩外用膏使用安全,"長輩外用膏使用安全，其實最容易被忽略的是「使用邊界」。

可以談的是：輕微關節痠痛可短期舒緩，但不可宣稱治療疾病。不適合把外用油膏說成根治、治療或立即見效。

關節腫痛、紅熱、長期疼痛或行走困難，請就醫評估。

你平常最常需要保養的是肩頸、腰背，還是腿部？",,#銀髮保養 #活動舒適 #輕微痠痛 #依標示使用,,本產品為外用油膏，請依核准標示使用；若症狀持續或惡化，請諮詢醫師或藥師。,關節腫痛、紅熱、長期疼痛或行走困難，請就醫評估。,根治|治療疾病|消炎治本|打通經絡|一擦就好|保證有效|深層修復|替代藥物
Threads_LINE009,LINE009,Threads,2026-06-08,12:00,低頭族肩頸緊繃的三個提醒,B,低,pending_legal_pharmacist_review,false,低頭族肩頸緊繃的三個提醒,"低頭族肩頸緊繃的三個提醒，其實最容易被忽略的是「使用邊界」。

可以談的是：久坐低頭後，可搭配伸展與局部按摩舒緩緊繃不適。不適合把外用油膏說成根治、治療或立即見效。

若痠痛持續、麻木或影響活動，請諮詢醫師或藥師。

你平常最常需要保養的是肩頸、腰背，還是腿部？",,#肩頸保養 #久坐族 #日常舒緩 #依標示使用,,本內容為一般生活保健資訊，非醫療診斷或治療建議。,若痠痛持續、麻木或影響活動，請諮詢醫師或藥師。,根治|治療疾病|消炎治本|打通經絡|一擦就好|保證有效|深層修復|替代藥物
Threads_LINE010,LINE010,Threads,2026-06-08,20:00,薄荷腦帶來的涼感來源,A,中,pending_legal_pharmacist_review,false,薄荷腦帶來的涼感來源,"薄荷腦帶來的涼感來源，其實最容易被忽略的是「使用邊界」。

可以談的是：依標示外用，提供局部按摩與暫時舒緩體感。不適合把外用油膏說成根治、治療或立即見效。

僅供外用；避免眼周、黏膜、破皮或傷口。

你平常最常需要保養的是肩頸、腰背，還是腿部？",,#金牌一條根 #外用油膏 #成分透明 #依標示使用,,本產品為外用油膏，請依核准標示使用；若症狀持續或惡化，請諮詢醫師或藥師。,僅供外用；避免眼周、黏膜、破皮或傷口。,根治|治療疾病|消炎治本|打通經絡|一擦就好|保證有效|深層修復|替代藥物
Threads_LINE011,LINE011,Threads,2026-06-09,12:00,夏季冷氣房的肩頸保養,F,低,pending_legal_pharmacist_review,false,夏季冷氣房的肩頸保養,"夏季冷氣房的肩頸保養，其實最容易被忽略的是「使用邊界」。

可以談的是：以生活保健與身體覺察為主，不做醫療療效宣稱。不適合把外用油膏說成根治、治療或立即見效。

節氣養生屬一般生活資訊，身體不適仍應諮詢專業人員。

你平常最常需要保養的是肩頸、腰背，還是腿部？",,#節氣保養 #生活保健 #日常保養 #身體覺察,,本內容為一般生活保健資訊，非醫療診斷或治療建議。,節氣養生屬一般生活資訊，身體不適仍應諮詢專業人員。,根治|治療疾病|消炎治本|打通經絡|一擦就好|保證有效|深層修復|替代藥物
Threads_LINE012,LINE012,Threads,2026-06-09,20:00,外用膏避免眼周與黏膜,E,高,pending_legal_pharmacist_review,false,外用膏避免眼周與黏膜,"外用膏避免眼周與黏膜，其實最容易被忽略的是「使用邊界」。

可以談的是：安全使用比用得多更重要，依標示與風險族群提醒。不適合把外用油膏說成根治、治療或立即見效。

2 歲以下、孕哺、過敏體質、抗凝血藥使用者請先詢問專業人員。

你平常最常需要保養的是肩頸、腰背，還是腿部？",,#外用安全 #用藥安全 #使用前看標示 #諮詢醫師藥師,,僅供外用。避免接觸眼睛、黏膜、破皮或傷口；特殊族群使用前請先諮詢專業人員。,2 歲以下、孕哺、過敏體質、抗凝血藥使用者請先詢問專業人員。,根治|治療疾病|消炎治本|打通經絡|一擦就好|保證有效|深層修復|替代藥物
Threads_LINE013,LINE013,Threads,2026-06-10,12:00,為什麼我們不說神效,H,中,pending_legal_pharmacist_review,false,為什麼我們不說神效,"為什麼我們不說神效，其實最容易被忽略的是「使用邊界」。

可以談的是：強調藥證、標示、保守宣稱與人工審核流程。不適合把外用油膏說成根治、治療或立即見效。

所有廣告文案仍須依主管機關與專業人員審核。

你平常最常需要保養的是肩頸、腰背，還是腿部？",,#藥證可查 #品牌透明 #合法宣傳 #成分透明,,本產品為外用油膏，請依核准標示使用；若症狀持續或惡化，請諮詢醫師或藥師。,所有廣告文案仍須依主管機關與專業人員審核。,根治|治療疾病|消炎治本|打通經絡|一擦就好|保證有效|深層修復|替代藥物
Threads_LINE014,LINE014,Threads,2026-06-10,20:00,你習慣運動前還是運動後保養,G,低,pending_legal_pharmacist_review,false,你習慣運動前還是運動後保養,"你習慣運動前還是運動後保養，其實最容易被忽略的是「使用邊界」。

可以談的是：用問答降低誤用，讓使用者知道何時該詢問專業人員。不適合把外用油膏說成根治、治療或立即見效。

互動回答不取代醫師或藥師建議。

你平常最常需要保養的是肩頸、腰背，還是腿部？",,#互動問答 #保養知識 #使用小提醒 #金牌一條根,,本內容為一般生活保健資訊，非醫療診斷或治療建議。,互動回答不取代醫師或藥師建議。,根治|治療疾病|消炎治本|打通經絡|一擦就好|保證有效|深層修復|替代藥物
Threads_LINE015,LINE015,Threads,2026-06-11,12:00,搬重物後腰背保養,C,中,pending_legal_pharmacist_review,false,搬重物後腰背保養,"搬重物後腰背保養，其實最容易被忽略的是「使用邊界」。

可以談的是：運動或勞動後的局部肌肉痠痛，可短期按摩舒緩。不適合把外用油膏說成根治、治療或立即見效。

明顯腫脹、劇痛、活動受限或疑似受傷時，請先就醫。

你平常最常需要保養的是肩頸、腰背，還是腿部？",,#運動後保養 #局部按摩 #肌肉痠痛 #依標示使用,,本產品為外用油膏，請依核准標示使用；若症狀持續或惡化，請諮詢醫師或藥師。,明顯腫脹、劇痛、活動受限或疑似受傷時，請先就醫。,根治|治療疾病|消炎治本|打通經絡|一擦就好|保證有效|深層修復|替代藥物
Threads_LINE016,LINE016,Threads,2026-06-11,20:00,樟腦外用時的注意界線,A,中,pending_legal_pharmacist_review,false,樟腦外用時的注意界線,"樟腦外用時的注意界線，其實最容易被忽略的是「使用邊界」。

可以談的是：依標示外用，提供局部按摩與暫時舒緩體感。不適合把外用油膏說成根治、治療或立即見效。

僅供外用；避免眼周、黏膜、破皮或傷口。

你平常最常需要保養的是肩頸、腰背，還是腿部？",,#金牌一條根 #外用油膏 #成分透明 #依標示使用,,本產品為外用油膏，請依核准標示使用；若症狀持續或惡化，請諮詢醫師或藥師。,僅供外用；避免眼周、黏膜、破皮或傷口。,根治|治療疾病|消炎治本|打通經絡|一擦就好|保證有效|深層修復|替代藥物
Threads_LINE017,LINE017,Threads,2026-06-12,12:00,輕微關節痠痛與疾病治療要分開,D,中,pending_legal_pharmacist_review,false,輕微關節痠痛與疾病治療要分開,"輕微關節痠痛與疾病治療要分開，其實最容易被忽略的是「使用邊界」。

可以談的是：輕微關節痠痛可短期舒緩，但不可宣稱治療疾病。不適合把外用油膏說成根治、治療或立即見效。

關節腫痛、紅熱、長期疼痛或行走困難，請就醫評估。

你平常最常需要保養的是肩頸、腰背，還是腿部？",,#銀髮保養 #活動舒適 #輕微痠痛 #依標示使用,,本產品為外用油膏，請依核准標示使用；若症狀持續或惡化，請諮詢醫師或藥師。,關節腫痛、紅熱、長期疼痛或行走困難，請就醫評估。,根治|治療疾病|消炎治本|打通經絡|一擦就好|保證有效|深層修復|替代藥物
Threads_LINE018,LINE018,Threads,2026-06-12,20:00,不要搭配熱敷墊或電毯,E,高,pending_legal_pharmacist_review,false,不要搭配熱敷墊或電毯,"不要搭配熱敷墊或電毯，其實最容易被忽略的是「使用邊界」。

可以談的是：安全使用比用得多更重要，依標示與風險族群提醒。不適合把外用油膏說成根治、治療或立即見效。

2 歲以下、孕哺、過敏體質、抗凝血藥使用者請先詢問專業人員。

你平常最常需要保養的是肩頸、腰背，還是腿部？",,#外用安全 #用藥安全 #使用前看標示 #諮詢醫師藥師,,僅供外用。避免接觸眼睛、黏膜、破皮或傷口；特殊族群使用前請先諮詢專業人員。,2 歲以下、孕哺、過敏體質、抗凝血藥使用者請先詢問專業人員。,根治|治療疾病|消炎治本|打通經絡|一擦就好|保證有效|深層修復|替代藥物
Threads_LINE019,LINE019,Threads,2026-06-13,12:00,小暑前後活動舒適提醒,F,低,pending_legal_pharmacist_review,false,小暑前後活動舒適提醒,"小暑前後活動舒適提醒，其實最容易被忽略的是「使用邊界」。

可以談的是：以生活保健與身體覺察為主，不做醫療療效宣稱。不適合把外用油膏說成根治、治療或立即見效。

節氣養生屬一般生活資訊，身體不適仍應諮詢專業人員。

你平常最常需要保養的是肩頸、腰背，還是腿部？",,#節氣保養 #生活保健 #日常保養 #身體覺察,,本內容為一般生活保健資訊，非醫療診斷或治療建議。,節氣養生屬一般生活資訊，身體不適仍應諮詢專業人員。,根治|治療疾病|消炎治本|打通經絡|一擦就好|保證有效|深層修復|替代藥物
Threads_LINE020,LINE020,Threads,2026-06-13,20:00,爬山後腿部按摩提醒,C,中,pending_legal_pharmacist_review,false,爬山後腿部按摩提醒,"爬山後腿部按摩提醒，其實最容易被忽略的是「使用邊界」。

可以談的是：運動或勞動後的局部肌肉痠痛，可短期按摩舒緩。不適合把外用油膏說成根治、治療或立即見效。

明顯腫脹、劇痛、活動受限或疑似受傷時，請先就醫。

你平常最常需要保養的是肩頸、腰背，還是腿部？",,#運動後保養 #局部按摩 #肌肉痠痛 #依標示使用,,本產品為外用油膏，請依核准標示使用；若症狀持續或惡化，請諮詢醫師或藥師。,明顯腫脹、劇痛、活動受限或疑似受傷時，請先就醫。,根治|治療疾病|消炎治本|打通經絡|一擦就好|保證有效|深層修復|替代藥物
Threads_LINE021,LINE021,Threads,2026-06-14,12:00,外用膏一次擦多少才剛好,G,低,pending_legal_pharmacist_review,false,外用膏一次擦多少才剛好,"外用膏一次擦多少才剛好，其實最容易被忽略的是「使用邊界」。

可以談的是：用問答降低誤用，讓使用者知道何時該詢問專業人員。不適合把外用油膏說成根治、治療或立即見效。

互動回答不取代醫師或藥師建議。

你平常最常需要保養的是肩頸、腰背，還是腿部？",,#互動問答 #保養知識 #使用小提醒 #金牌一條根,,本內容為一般生活保健資訊，非醫療診斷或治療建議。,互動回答不取代醫師或藥師建議。,根治|治療疾病|消炎治本|打通經絡|一擦就好|保證有效|深層修復|替代藥物
Threads_LINE022,LINE022,Threads,2026-06-14,20:00,散步後的膝周保養,D,中,pending_legal_pharmacist_review,false,散步後的膝周保養,"散步後的膝周保養，其實最容易被忽略的是「使用邊界」。

可以談的是：輕微關節痠痛可短期舒緩，但不可宣稱治療疾病。不適合把外用油膏說成根治、治療或立即見效。

關節腫痛、紅熱、長期疼痛或行走困難，請就醫評估。

你平常最常需要保養的是肩頸、腰背，還是腿部？",,#銀髮保養 #活動舒適 #輕微痠痛 #依標示使用,,本產品為外用油膏，請依核准標示使用；若症狀持續或惡化，請諮詢醫師或藥師。,關節腫痛、紅熱、長期疼痛或行走困難，請就醫評估。,根治|治療疾病|消炎治本|打通經絡|一擦就好|保證有效|深層修復|替代藥物
Threads_LINE023,LINE023,Threads,2026-06-15,12:00,午休前的肩頸放鬆流程,B,低,pending_legal_pharmacist_review,false,午休前的肩頸放鬆流程,"午休前的肩頸放鬆流程，其實最容易被忽略的是「使用邊界」。

可以談的是：久坐低頭後，可搭配伸展與局部按摩舒緩緊繃不適。不適合把外用油膏說成根治、治療或立即見效。

若痠痛持續、麻木或影響活動，請諮詢醫師或藥師。

你平常最常需要保養的是肩頸、腰背，還是腿部？",,#肩頸保養 #久坐族 #日常舒緩 #依標示使用,,本內容為一般生活保健資訊，非醫療診斷或治療建議。,若痠痛持續、麻木或影響活動，請諮詢醫師或藥師。,根治|治療疾病|消炎治本|打通經絡|一擦就好|保證有效|深層修復|替代藥物
Threads_LINE024,LINE024,Threads,2026-06-15,20:00,油膏劑為什麼適合局部按摩,A,中,pending_legal_pharmacist_review,false,油膏劑為什麼適合局部按摩,"油膏劑為什麼適合局部按摩，其實最容易被忽略的是「使用邊界」。

可以談的是：依標示外用，提供局部按摩與暫時舒緩體感。不適合把外用油膏說成根治、治療或立即見效。

僅供外用；避免眼周、黏膜、破皮或傷口。

你平常最常需要保養的是肩頸、腰背，還是腿部？",,#金牌一條根 #外用油膏 #成分透明 #依標示使用,,本產品為外用油膏，請依核准標示使用；若症狀持續或惡化，請諮詢醫師或藥師。,僅供外用；避免眼周、黏膜、破皮或傷口。,根治|治療疾病|消炎治本|打通經絡|一擦就好|保證有效|深層修復|替代藥物
Threads_LINE025,LINE025,Threads,2026-06-16,12:00,大暑午後少久站硬撐,F,低,pending_legal_pharmacist_review,false,大暑午後少久站硬撐,"大暑午後少久站硬撐，其實最容易被忽略的是「使用邊界」。

可以談的是：以生活保健與身體覺察為主，不做醫療療效宣稱。不適合把外用油膏說成根治、治療或立即見效。

節氣養生屬一般生活資訊，身體不適仍應諮詢專業人員。

你平常最常需要保養的是肩頸、腰背，還是腿部？",,#節氣保養 #生活保健 #日常保養 #身體覺察,,本內容為一般生活保健資訊，非醫療診斷或治療建議。,節氣養生屬一般生活資訊，身體不適仍應諮詢專業人員。,根治|治療疾病|消炎治本|打通經絡|一擦就好|保證有效|深層修復|替代藥物
Threads_LINE026,LINE026,Threads,2026-06-16,20:00,不要密封包紮或大面積厚敷,E,高,pending_legal_pharmacist_review,false,不要密封包紮或大面積厚敷,"不要密封包紮或大面積厚敷，其實最容易被忽略的是「使用邊界」。

可以談的是：安全使用比用得多更重要，依標示與風險族群提醒。不適合把外用油膏說成根治、治療或立即見效。

2 歲以下、孕哺、過敏體質、抗凝血藥使用者請先詢問專業人員。

你平常最常需要保養的是肩頸、腰背，還是腿部？",,#外用安全 #用藥安全 #使用前看標示 #諮詢醫師藥師,,僅供外用。避免接觸眼睛、黏膜、破皮或傷口；特殊族群使用前請先諮詢專業人員。,2 歲以下、孕哺、過敏體質、抗凝血藥使用者請先詢問專業人員。,根治|治療疾病|消炎治本|打通經絡|一擦就好|保證有效|深層修復|替代藥物
Threads_LINE027,LINE027,Threads,2026-06-17,12:00,藥證可查代表什麼,H,中,pending_legal_pharmacist_review,false,藥證可查代表什麼,"藥證可查代表什麼，其實最容易被忽略的是「使用邊界」。

可以談的是：強調藥證、標示、保守宣稱與人工審核流程。不適合把外用油膏說成根治、治療或立即見效。

所有廣告文案仍須依主管機關與專業人員審核。

你平常最常需要保養的是肩頸、腰背，還是腿部？",,#藥證可查 #品牌透明 #合法宣傳 #成分透明,,本產品為外用油膏，請依核准標示使用；若症狀持續或惡化，請諮詢醫師或藥師。,所有廣告文案仍須依主管機關與專業人員審核。,根治|治療疾病|消炎治本|打通經絡|一擦就好|保證有效|深層修復|替代藥物
Threads_LINE028,LINE028,Threads,2026-06-17,20:00,涼感越強越有效嗎,G,低,pending_legal_pharmacist_review,false,涼感越強越有效嗎,"涼感越強越有效嗎，其實最容易被忽略的是「使用邊界」。

可以談的是：用問答降低誤用，讓使用者知道何時該詢問專業人員。不適合把外用油膏說成根治、治療或立即見效。

互動回答不取代醫師或藥師建議。

你平常最常需要保養的是肩頸、腰背，還是腿部？",,#互動問答 #保養知識 #使用小提醒 #金牌一條根,,本內容為一般生活保健資訊，非醫療診斷或治療建議。,互動回答不取代醫師或藥師建議。,根治|治療疾病|消炎治本|打通經絡|一擦就好|保證有效|深層修復|替代藥物
Threads_LINE029,LINE029,Threads,2026-06-18,12:00,重訓後肩背局部舒緩,C,中,pending_legal_pharmacist_review,false,重訓後肩背局部舒緩,"重訓後肩背局部舒緩，其實最容易被忽略的是「使用邊界」。

可以談的是：運動或勞動後的局部肌肉痠痛，可短期按摩舒緩。不適合把外用油膏說成根治、治療或立即見效。

明顯腫脹、劇痛、活動受限或疑似受傷時，請先就醫。

你平常最常需要保養的是肩頸、腰背，還是腿部？",,#運動後保養 #局部按摩 #肌肉痠痛 #依標示使用,,本產品為外用油膏，請依核准標示使用；若症狀持續或惡化，請諮詢醫師或藥師。,明顯腫脹、劇痛、活動受限或疑似受傷時，請先就醫。,根治|治療疾病|消炎治本|打通經絡|一擦就好|保證有效|深層修復|替代藥物
Threads_LINE030,LINE030,Threads,2026-06-18,20:00,乙類成藥與一般保健品差異,A,中,pending_legal_pharmacist_review,false,乙類成藥與一般保健品差異,"乙類成藥與一般保健品差異，其實最容易被忽略的是「使用邊界」。

可以談的是：依標示外用，提供局部按摩與暫時舒緩體感。不適合把外用油膏說成根治、治療或立即見效。

僅供外用；避免眼周、黏膜、破皮或傷口。

你平常最常需要保養的是肩頸、腰背，還是腿部？",,#金牌一條根 #外用油膏 #成分透明 #依標示使用,,本產品為外用油膏，請依核准標示使用；若症狀持續或惡化，請諮詢醫師或藥師。,僅供外用；避免眼周、黏膜、破皮或傷口。,根治|治療疾病|消炎治本|打通經絡|一擦就好|保證有效|深層修復|替代藥物
Threads_LINE031,LINE031,Threads,2026-06-19,12:00,天氣變化時的活動舒適感,D,中,pending_legal_pharmacist_review,false,天氣變化時的活動舒適感,"天氣變化時的活動舒適感，其實最容易被忽略的是「使用邊界」。

可以談的是：輕微關節痠痛可短期舒緩，但不可宣稱治療疾病。不適合把外用油膏說成根治、治療或立即見效。

關節腫痛、紅熱、長期疼痛或行走困難，請就醫評估。

你平常最常需要保養的是肩頸、腰背，還是腿部？",,#銀髮保養 #活動舒適 #輕微痠痛 #依標示使用,,本產品為外用油膏，請依核准標示使用；若症狀持續或惡化，請諮詢醫師或藥師。,關節腫痛、紅熱、長期疼痛或行走困難，請就醫評估。,根治|治療疾病|消炎治本|打通經絡|一擦就好|保證有效|深層修復|替代藥物
Threads_LINE032,LINE032,Threads,2026-06-19,20:00,水楊酸或阿斯匹靈過敏者注意,E,高,pending_legal_pharmacist_review,false,水楊酸或阿斯匹靈過敏者注意,"水楊酸或阿斯匹靈過敏者注意，其實最容易被忽略的是「使用邊界」。

可以談的是：安全使用比用得多更重要，依標示與風險族群提醒。不適合把外用油膏說成根治、治療或立即見效。

2 歲以下、孕哺、過敏體質、抗凝血藥使用者請先詢問專業人員。

你平常最常需要保養的是肩頸、腰背，還是腿部？",,#外用安全 #用藥安全 #使用前看標示 #諮詢醫師藥師,,僅供外用。避免接觸眼睛、黏膜、破皮或傷口；特殊族群使用前請先諮詢專業人員。,2 歲以下、孕哺、過敏體質、抗凝血藥使用者請先詢問專業人員。,根治|治療疾病|消炎治本|打通經絡|一擦就好|保證有效|深層修復|替代藥物
Threads_LINE033,LINE033,Threads,2026-06-20,12:00,立秋後早晚溫差保養,F,低,pending_legal_pharmacist_review,false,立秋後早晚溫差保養,"立秋後早晚溫差保養，其實最容易被忽略的是「使用邊界」。

可以談的是：以生活保健與身體覺察為主，不做醫療療效宣稱。不適合把外用油膏說成根治、治療或立即見效。

節氣養生屬一般生活資訊，身體不適仍應諮詢專業人員。

你平常最常需要保養的是肩頸、腰背，還是腿部？",,#節氣保養 #生活保健 #日常保養 #身體覺察,,本內容為一般生活保健資訊，非醫療診斷或治療建議。,節氣養生屬一般生活資訊，身體不適仍應諮詢專業人員。,根治|治療疾病|消炎治本|打通經絡|一擦就好|保證有效|深層修復|替代藥物
Threads_LINE034,LINE034,Threads,2026-06-20,20:00,家事後手臂不適保養,C,中,pending_legal_pharmacist_review,false,家事後手臂不適保養,"家事後手臂不適保養，其實最容易被忽略的是「使用邊界」。

可以談的是：運動或勞動後的局部肌肉痠痛，可短期按摩舒緩。不適合把外用油膏說成根治、治療或立即見效。

明顯腫脹、劇痛、活動受限或疑似受傷時，請先就醫。

你平常最常需要保養的是肩頸、腰背，還是腿部？",,#運動後保養 #局部按摩 #肌肉痠痛 #依標示使用,,本產品為外用油膏，請依核准標示使用；若症狀持續或惡化，請諮詢醫師或藥師。,明顯腫脹、劇痛、活動受限或疑似受傷時，請先就醫。,根治|治療疾病|消炎治本|打通經絡|一擦就好|保證有效|深層修復|替代藥物
Threads_LINE035,LINE035,Threads,2026-06-21,12:00,你有看過外用產品標示嗎,G,低,pending_legal_pharmacist_review,false,你有看過外用產品標示嗎,"你有看過外用產品標示嗎，其實最容易被忽略的是「使用邊界」。

可以談的是：用問答降低誤用，讓使用者知道何時該詢問專業人員。不適合把外用油膏說成根治、治療或立即見效。

互動回答不取代醫師或藥師建議。

你平常最常需要保養的是肩頸、腰背，還是腿部？",,#互動問答 #保養知識 #使用小提醒 #金牌一條根,,本內容為一般生活保健資訊，非醫療診斷或治療建議。,互動回答不取代醫師或藥師建議。,根治|治療疾病|消炎治本|打通經絡|一擦就好|保證有效|深層修復|替代藥物
Threads_LINE036,LINE036,Threads,2026-06-21,20:00,長輩按摩力道不要過重,D,中,pending_legal_pharmacist_review,false,長輩按摩力道不要過重,"長輩按摩力道不要過重，其實最容易被忽略的是「使用邊界」。

可以談的是：輕微關節痠痛可短期舒緩，但不可宣稱治療疾病。不適合把外用油膏說成根治、治療或立即見效。

關節腫痛、紅熱、長期疼痛或行走困難，請就醫評估。

你平常最常需要保養的是肩頸、腰背，還是腿部？",,#銀髮保養 #活動舒適 #輕微痠痛 #依標示使用,,本產品為外用油膏，請依核准標示使用；若症狀持續或惡化，請諮詢醫師或藥師。,關節腫痛、紅熱、長期疼痛或行走困難，請就醫評估。,根治|治療疾病|消炎治本|打通經絡|一擦就好|保證有效|深層修復|替代藥物
Threads_LINE037,LINE037,Threads,2026-06-22,12:00,開會久坐後的腰背舒緩,B,低,pending_legal_pharmacist_review,false,開會久坐後的腰背舒緩,"開會久坐後的腰背舒緩，其實最容易被忽略的是「使用邊界」。

可以談的是：久坐低頭後，可搭配伸展與局部按摩舒緩緊繃不適。不適合把外用油膏說成根治、治療或立即見效。

若痠痛持續、麻木或影響活動，請諮詢醫師或藥師。

你平常最常需要保養的是肩頸、腰背，還是腿部？",,#肩頸保養 #久坐族 #日常舒緩 #依標示使用,,本內容為一般生活保健資訊，非醫療診斷或治療建議。,若痠痛持續、麻木或影響活動，請諮詢醫師或藥師。,根治|治療疾病|消炎治本|打通經絡|一擦就好|保證有效|深層修復|替代藥物
Threads_LINE038,LINE038,Threads,2026-06-22,20:00,一條根外用膏的日常定位,A,中,pending_legal_pharmacist_review,false,一條根外用膏的日常定位,"一條根外用膏的日常定位，其實最容易被忽略的是「使用邊界」。

可以談的是：依標示外用，提供局部按摩與暫時舒緩體感。不適合把外用油膏說成根治、治療或立即見效。

僅供外用；避免眼周、黏膜、破皮或傷口。

你平常最常需要保養的是肩頸、腰背，還是腿部？",,#金牌一條根 #外用油膏 #成分透明 #依標示使用,,本產品為外用油膏，請依核准標示使用；若症狀持續或惡化，請諮詢醫師或藥師。,僅供外用；避免眼周、黏膜、破皮或傷口。,根治|治療疾病|消炎治本|打通經絡|一擦就好|保證有效|深層修復|替代藥物
Threads_LINE039,LINE039,Threads,2026-06-23,12:00,處暑後運動暖身提醒,F,低,pending_legal_pharmacist_review,false,處暑後運動暖身提醒,"處暑後運動暖身提醒，其實最容易被忽略的是「使用邊界」。

可以談的是：以生活保健與身體覺察為主，不做醫療療效宣稱。不適合把外用油膏說成根治、治療或立即見效。

節氣養生屬一般生活資訊，身體不適仍應諮詢專業人員。

你平常最常需要保養的是肩頸、腰背，還是腿部？",,#節氣保養 #生活保健 #日常保養 #身體覺察,,本內容為一般生活保健資訊，非醫療診斷或治療建議。,節氣養生屬一般生活資訊，身體不適仍應諮詢專業人員。,根治|治療疾病|消炎治本|打通經絡|一擦就好|保證有效|深層修復|替代藥物
Threads_LINE040,LINE040,Threads,2026-06-23,20:00,兒童使用前的安全提醒,E,高,pending_legal_pharmacist_review,false,兒童使用前的安全提醒,"兒童使用前的安全提醒，其實最容易被忽略的是「使用邊界」。

可以談的是：安全使用比用得多更重要，依標示與風險族群提醒。不適合把外用油膏說成根治、治療或立即見效。

2 歲以下、孕哺、過敏體質、抗凝血藥使用者請先詢問專業人員。

你平常最常需要保養的是肩頸、腰背，還是腿部？",,#外用安全 #用藥安全 #使用前看標示 #諮詢醫師藥師,,僅供外用。避免接觸眼睛、黏膜、破皮或傷口；特殊族群使用前請先諮詢專業人員。,2 歲以下、孕哺、過敏體質、抗凝血藥使用者請先詢問專業人員。,根治|治療疾病|消炎治本|打通經絡|一擦就好|保證有效|深層修復|替代藥物
Threads_LINE041,LINE041,Threads,2026-06-24,12:00,外用膏廣告為什麼要保守,H,中,pending_legal_pharmacist_review,false,外用膏廣告為什麼要保守,"外用膏廣告為什麼要保守，其實最容易被忽略的是「使用邊界」。

可以談的是：強調藥證、標示、保守宣稱與人工審核流程。不適合把外用油膏說成根治、治療或立即見效。

所有廣告文案仍須依主管機關與專業人員審核。

你平常最常需要保養的是肩頸、腰背，還是腿部？",,#藥證可查 #品牌透明 #合法宣傳 #成分透明,,本產品為外用油膏，請依核准標示使用；若症狀持續或惡化，請諮詢醫師或藥師。,所有廣告文案仍須依主管機關與專業人員審核。,根治|治療疾病|消炎治本|打通經絡|一擦就好|保證有效|深層修復|替代藥物
Threads_LINE042,LINE042,Threads,2026-06-24,20:00,久坐族最想舒緩哪裡,G,低,pending_legal_pharmacist_review,false,久坐族最想舒緩哪裡,"久坐族最想舒緩哪裡，其實最容易被忽略的是「使用邊界」。

可以談的是：用問答降低誤用，讓使用者知道何時該詢問專業人員。不適合把外用油膏說成根治、治療或立即見效。

互動回答不取代醫師或藥師建議。

你平常最常需要保養的是肩頸、腰背，還是腿部？",,#互動問答 #保養知識 #使用小提醒 #金牌一條根,,本內容為一般生活保健資訊，非醫療診斷或治療建議。,互動回答不取代醫師或藥師建議。,根治|治療疾病|消炎治本|打通經絡|一擦就好|保證有效|深層修復|替代藥物
Threads_LINE043,LINE043,Threads,2026-06-25,12:00,跑步後膝周不適的保守提醒,C,中,pending_legal_pharmacist_review,false,跑步後膝周不適的保守提醒,"跑步後膝周不適的保守提醒，其實最容易被忽略的是「使用邊界」。

可以談的是：運動或勞動後的局部肌肉痠痛，可短期按摩舒緩。不適合把外用油膏說成根治、治療或立即見效。

明顯腫脹、劇痛、活動受限或疑似受傷時，請先就醫。

你平常最常需要保養的是肩頸、腰背，還是腿部？",,#運動後保養 #局部按摩 #肌肉痠痛 #依標示使用,,本產品為外用油膏，請依核准標示使用；若症狀持續或惡化，請諮詢醫師或藥師。,明顯腫脹、劇痛、活動受限或疑似受傷時，請先就醫。,根治|治療疾病|消炎治本|打通經絡|一擦就好|保證有效|深層修復|替代藥物
Threads_LINE044,LINE044,Threads,2026-06-25,20:00,成分濃度為什麼要看標示,A,中,pending_legal_pharmacist_review,false,成分濃度為什麼要看標示,"成分濃度為什麼要看標示，其實最容易被忽略的是「使用邊界」。

可以談的是：依標示外用，提供局部按摩與暫時舒緩體感。不適合把外用油膏說成根治、治療或立即見效。

僅供外用；避免眼周、黏膜、破皮或傷口。

你平常最常需要保養的是肩頸、腰背，還是腿部？",,#金牌一條根 #外用油膏 #成分透明 #依標示使用,,本產品為外用油膏，請依核准標示使用；若症狀持續或惡化，請諮詢醫師或藥師。,僅供外用；避免眼周、黏膜、破皮或傷口。,根治|治療疾病|消炎治本|打通經絡|一擦就好|保證有效|深層修復|替代藥物
Threads_LINE045,LINE045,Threads,2026-06-26,12:00,照顧爸媽時的外用提醒,D,中,pending_legal_pharmacist_review,false,照顧爸媽時的外用提醒,"照顧爸媽時的外用提醒，其實最容易被忽略的是「使用邊界」。

可以談的是：輕微關節痠痛可短期舒緩，但不可宣稱治療疾病。不適合把外用油膏說成根治、治療或立即見效。

關節腫痛、紅熱、長期疼痛或行走困難，請就醫評估。

你平常最常需要保養的是肩頸、腰背，還是腿部？",,#銀髮保養 #活動舒適 #輕微痠痛 #依標示使用,,本產品為外用油膏，請依核准標示使用；若症狀持續或惡化，請諮詢醫師或藥師。,關節腫痛、紅熱、長期疼痛或行走困難，請就醫評估。,根治|治療疾病|消炎治本|打通經絡|一擦就好|保證有效|深層修復|替代藥物
Threads_LINE046,LINE046,Threads,2026-06-26,20:00,孕婦與哺乳族群先詢問專業人員,E,高,pending_legal_pharmacist_review,false,孕婦與哺乳族群先詢問專業人員,"孕婦與哺乳族群先詢問專業人員，其實最容易被忽略的是「使用邊界」。

可以談的是：安全使用比用得多更重要，依標示與風險族群提醒。不適合把外用油膏說成根治、治療或立即見效。

2 歲以下、孕哺、過敏體質、抗凝血藥使用者請先詢問專業人員。

你平常最常需要保養的是肩頸、腰背，還是腿部？",,#外用安全 #用藥安全 #使用前看標示 #諮詢醫師藥師,,僅供外用。避免接觸眼睛、黏膜、破皮或傷口；特殊族群使用前請先諮詢專業人員。,2 歲以下、孕哺、過敏體質、抗凝血藥使用者請先詢問專業人員。,根治|治療疾病|消炎治本|打通經絡|一擦就好|保證有效|深層修復|替代藥物
Threads_LINE047,LINE047,Threads,2026-06-27,12:00,白露時節關心長輩活動,F,低,pending_legal_pharmacist_review,false,白露時節關心長輩活動,"白露時節關心長輩活動，其實最容易被忽略的是「使用邊界」。

可以談的是：以生活保健與身體覺察為主，不做醫療療效宣稱。不適合把外用油膏說成根治、治療或立即見效。

節氣養生屬一般生活資訊，身體不適仍應諮詢專業人員。

你平常最常需要保養的是肩頸、腰背，還是腿部？",,#節氣保養 #生活保健 #日常保養 #身體覺察,,本內容為一般生活保健資訊，非醫療診斷或治療建議。,節氣養生屬一般生活資訊，身體不適仍應諮詢專業人員。,根治|治療疾病|消炎治本|打通經絡|一擦就好|保證有效|深層修復|替代藥物
Threads_LINE048,LINE048,Threads,2026-06-27,20:00,勞動後先休息再按摩,C,中,pending_legal_pharmacist_review,false,勞動後先休息再按摩,"勞動後先休息再按摩，其實最容易被忽略的是「使用邊界」。

可以談的是：運動或勞動後的局部肌肉痠痛，可短期按摩舒緩。不適合把外用油膏說成根治、治療或立即見效。

明顯腫脹、劇痛、活動受限或疑似受傷時，請先就醫。

你平常最常需要保養的是肩頸、腰背，還是腿部？",,#運動後保養 #局部按摩 #肌肉痠痛 #依標示使用,,本產品為外用油膏，請依核准標示使用；若症狀持續或惡化，請諮詢醫師或藥師。,明顯腫脹、劇痛、活動受限或疑似受傷時，請先就醫。,根治|治療疾病|消炎治本|打通經絡|一擦就好|保證有效|深層修復|替代藥物
Threads_LINE049,LINE049,Threads,2026-06-28,12:00,長輩使用外用膏你會提醒什麼,G,低,pending_legal_pharmacist_review,false,長輩使用外用膏你會提醒什麼,"長輩使用外用膏你會提醒什麼，其實最容易被忽略的是「使用邊界」。

可以談的是：用問答降低誤用，讓使用者知道何時該詢問專業人員。不適合把外用油膏說成根治、治療或立即見效。

互動回答不取代醫師或藥師建議。

你平常最常需要保養的是肩頸、腰背，還是腿部？",,#互動問答 #保養知識 #使用小提醒 #金牌一條根,,本內容為一般生活保健資訊，非醫療診斷或治療建議。,互動回答不取代醫師或藥師建議。,根治|治療疾病|消炎治本|打通經絡|一擦就好|保證有效|深層修復|替代藥物
Threads_LINE050,LINE050,Threads,2026-06-28,20:00,日常活動舒適度的三個習慣,D,中,pending_legal_pharmacist_review,false,日常活動舒適度的三個習慣,"日常活動舒適度的三個習慣，其實最容易被忽略的是「使用邊界」。

可以談的是：輕微關節痠痛可短期舒緩，但不可宣稱治療疾病。不適合把外用油膏說成根治、治療或立即見效。

關節腫痛、紅熱、長期疼痛或行走困難，請就醫評估。

你平常最常需要保養的是肩頸、腰背，還是腿部？",,#銀髮保養 #活動舒適 #輕微痠痛 #依標示使用,,本產品為外用油膏，請依核准標示使用；若症狀持續或惡化，請諮詢醫師或藥師。,關節腫痛、紅熱、長期疼痛或行走困難，請就醫評估。,根治|治療疾病|消炎治本|打通經絡|一擦就好|保證有效|深層修復|替代藥物
Threads_LINE051,LINE051,Threads,2026-06-29,12:00,下班前五分鐘伸展,B,低,pending_legal_pharmacist_review,false,下班前五分鐘伸展,"下班前五分鐘伸展，其實最容易被忽略的是「使用邊界」。

可以談的是：久坐低頭後，可搭配伸展與局部按摩舒緩緊繃不適。不適合把外用油膏說成根治、治療或立即見效。

若痠痛持續、麻木或影響活動，請諮詢醫師或藥師。

你平常最常需要保養的是肩頸、腰背，還是腿部？",,#肩頸保養 #久坐族 #日常舒緩 #依標示使用,,本內容為一般生活保健資訊，非醫療診斷或治療建議。,若痠痛持續、麻木或影響活動，請諮詢醫師或藥師。,根治|治療疾病|消炎治本|打通經絡|一擦就好|保證有效|深層修復|替代藥物
Threads_LINE052,LINE052,Threads,2026-06-29,20:00,局部按摩和大面積厚敷的差別,A,中,pending_legal_pharmacist_review,false,局部按摩和大面積厚敷的差別,"局部按摩和大面積厚敷的差別，其實最容易被忽略的是「使用邊界」。

可以談的是：依標示外用，提供局部按摩與暫時舒緩體感。不適合把外用油膏說成根治、治療或立即見效。

僅供外用；避免眼周、黏膜、破皮或傷口。

你平常最常需要保養的是肩頸、腰背，還是腿部？",,#金牌一條根 #外用油膏 #成分透明 #依標示使用,,本產品為外用油膏，請依核准標示使用；若症狀持續或惡化，請諮詢醫師或藥師。,僅供外用；避免眼周、黏膜、破皮或傷口。,根治|治療疾病|消炎治本|打通經絡|一擦就好|保證有效|深層修復|替代藥物
Threads_LINE053,LINE053,Threads,2026-06-30,12:00,秋分後外出前暖身,F,低,pending_legal_pharmacist_review,false,秋分後外出前暖身,"秋分後外出前暖身，其實最容易被忽略的是「使用邊界」。

可以談的是：以生活保健與身體覺察為主，不做醫療療效宣稱。不適合把外用油膏說成根治、治療或立即見效。

節氣養生屬一般生活資訊，身體不適仍應諮詢專業人員。

你平常最常需要保養的是肩頸、腰背，還是腿部？",,#節氣保養 #生活保健 #日常保養 #身體覺察,,本內容為一般生活保健資訊，非醫療診斷或治療建議。,節氣養生屬一般生活資訊，身體不適仍應諮詢專業人員。,根治|治療疾病|消炎治本|打通經絡|一擦就好|保證有效|深層修復|替代藥物
Threads_LINE054,LINE054,Threads,2026-06-30,20:00,症狀超過七天要停用並諮詢,E,高,pending_legal_pharmacist_review,false,症狀超過七天要停用並諮詢,"症狀超過七天要停用並諮詢，其實最容易被忽略的是「使用邊界」。

可以談的是：安全使用比用得多更重要，依標示與風險族群提醒。不適合把外用油膏說成根治、治療或立即見效。

2 歲以下、孕哺、過敏體質、抗凝血藥使用者請先詢問專業人員。

你平常最常需要保養的是肩頸、腰背，還是腿部？",,#外用安全 #用藥安全 #使用前看標示 #諮詢醫師藥師,,僅供外用。避免接觸眼睛、黏膜、破皮或傷口；特殊族群使用前請先諮詢專業人員。,2 歲以下、孕哺、過敏體質、抗凝血藥使用者請先詢問專業人員。,根治|治療疾病|消炎治本|打通經絡|一擦就好|保證有效|深層修復|替代藥物
Threads_LINE055,LINE055,Threads,2026-07-01,12:00,成分透明是基本功,H,中,pending_legal_pharmacist_review,false,成分透明是基本功,"成分透明是基本功，其實最容易被忽略的是「使用邊界」。

可以談的是：強調藥證、標示、保守宣稱與人工審核流程。不適合把外用油膏說成根治、治療或立即見效。

所有廣告文案仍須依主管機關與專業人員審核。

你平常最常需要保養的是肩頸、腰背，還是腿部？",,#藥證可查 #品牌透明 #合法宣傳 #成分透明,,本產品為外用油膏，請依核准標示使用；若症狀持續或惡化，請諮詢醫師或藥師。,所有廣告文案仍須依主管機關與專業人員審核。,根治|治療疾病|消炎治本|打通經絡|一擦就好|保證有效|深層修復|替代藥物
Threads_LINE056,LINE056,Threads,2026-07-01,20:00,一條根可以天天厚敷嗎,G,低,pending_legal_pharmacist_review,false,一條根可以天天厚敷嗎,"一條根可以天天厚敷嗎，其實最容易被忽略的是「使用邊界」。

可以談的是：用問答降低誤用，讓使用者知道何時該詢問專業人員。不適合把外用油膏說成根治、治療或立即見效。

互動回答不取代醫師或藥師建議。

你平常最常需要保養的是肩頸、腰背，還是腿部？",,#互動問答 #保養知識 #使用小提醒 #金牌一條根,,本內容為一般生活保健資訊，非醫療診斷或治療建議。,互動回答不取代醫師或藥師建議。,根治|治療疾病|消炎治本|打通經絡|一擦就好|保證有效|深層修復|替代藥物
Threads_LINE057,LINE057,Threads,2026-07-02,12:00,運動後不要立刻熱敷加藥膏,C,中,pending_legal_pharmacist_review,false,運動後不要立刻熱敷加藥膏,"運動後不要立刻熱敷加藥膏，其實最容易被忽略的是「使用邊界」。

可以談的是：運動或勞動後的局部肌肉痠痛，可短期按摩舒緩。不適合把外用油膏說成根治、治療或立即見效。

明顯腫脹、劇痛、活動受限或疑似受傷時，請先就醫。

你平常最常需要保養的是肩頸、腰背，還是腿部？",,#運動後保養 #局部按摩 #肌肉痠痛 #依標示使用,,本產品為外用油膏，請依核准標示使用；若症狀持續或惡化，請諮詢醫師或藥師。,明顯腫脹、劇痛、活動受限或疑似受傷時，請先就醫。,根治|治療疾病|消炎治本|打通經絡|一擦就好|保證有效|深層修復|替代藥物
Threads_LINE058,LINE058,Threads,2026-07-02,20:00,使用前先小範圍測試,A,中,pending_legal_pharmacist_review,false,使用前先小範圍測試,"使用前先小範圍測試，其實最容易被忽略的是「使用邊界」。

可以談的是：依標示外用，提供局部按摩與暫時舒緩體感。不適合把外用油膏說成根治、治療或立即見效。

僅供外用；避免眼周、黏膜、破皮或傷口。

你平常最常需要保養的是肩頸、腰背，還是腿部？",,#金牌一條根 #外用油膏 #成分透明 #依標示使用,,本產品為外用油膏，請依核准標示使用；若症狀持續或惡化，請諮詢醫師或藥師。,僅供外用；避免眼周、黏膜、破皮或傷口。,根治|治療疾病|消炎治本|打通經絡|一擦就好|保證有效|深層修復|替代藥物
Threads_LINE059,LINE059,Threads,2026-07-03,12:00,長輩使用前先看標示,D,中,pending_legal_pharmacist_review,false,長輩使用前先看標示,"長輩使用前先看標示，其實最容易被忽略的是「使用邊界」。

可以談的是：輕微關節痠痛可短期舒緩，但不可宣稱治療疾病。不適合把外用油膏說成根治、治療或立即見效。

關節腫痛、紅熱、長期疼痛或行走困難，請就醫評估。

你平常最常需要保養的是肩頸、腰背，還是腿部？",,#銀髮保養 #活動舒適 #輕微痠痛 #依標示使用,,本產品為外用油膏，請依核准標示使用；若症狀持續或惡化，請諮詢醫師或藥師。,關節腫痛、紅熱、長期疼痛或行走困難，請就醫評估。,根治|治療疾病|消炎治本|打通經絡|一擦就好|保證有效|深層修復|替代藥物
Threads_LINE060,LINE060,Threads,2026-07-03,20:00,皮膚刺激時要停止使用,E,高,pending_legal_pharmacist_review,false,皮膚刺激時要停止使用,"皮膚刺激時要停止使用，其實最容易被忽略的是「使用邊界」。

可以談的是：安全使用比用得多更重要，依標示與風險族群提醒。不適合把外用油膏說成根治、治療或立即見效。

2 歲以下、孕哺、過敏體質、抗凝血藥使用者請先詢問專業人員。

你平常最常需要保養的是肩頸、腰背，還是腿部？",,#外用安全 #用藥安全 #使用前看標示 #諮詢醫師藥師,,僅供外用。避免接觸眼睛、黏膜、破皮或傷口；特殊族群使用前請先諮詢專業人員。,2 歲以下、孕哺、過敏體質、抗凝血藥使用者請先詢問專業人員。,根治|治療疾病|消炎治本|打通經絡|一擦就好|保證有效|深層修復|替代藥物
Threads_LINE061,LINE061,Threads,2026-07-04,12:00,寒露後肩背保養,F,低,pending_legal_pharmacist_review,false,寒露後肩背保養,"寒露後肩背保養，其實最容易被忽略的是「使用邊界」。

可以談的是：以生活保健與身體覺察為主，不做醫療療效宣稱。不適合把外用油膏說成根治、治療或立即見效。

節氣養生屬一般生活資訊，身體不適仍應諮詢專業人員。

你平常最常需要保養的是肩頸、腰背，還是腿部？",,#節氣保養 #生活保健 #日常保養 #身體覺察,,本內容為一般生活保健資訊，非醫療診斷或治療建議。,節氣養生屬一般生活資訊，身體不適仍應諮詢專業人員。,根治|治療疾病|消炎治本|打通經絡|一擦就好|保證有效|深層修復|替代藥物
Threads_LINE062,LINE062,Threads,2026-07-04,20:00,輕微拉扯後的觀察重點,C,中,pending_legal_pharmacist_review,false,輕微拉扯後的觀察重點,"輕微拉扯後的觀察重點，其實最容易被忽略的是「使用邊界」。

可以談的是：運動或勞動後的局部肌肉痠痛，可短期按摩舒緩。不適合把外用油膏說成根治、治療或立即見效。

明顯腫脹、劇痛、活動受限或疑似受傷時，請先就醫。

你平常最常需要保養的是肩頸、腰背，還是腿部？",,#運動後保養 #局部按摩 #肌肉痠痛 #依標示使用,,本產品為外用油膏，請依核准標示使用；若症狀持續或惡化，請諮詢醫師或藥師。,明顯腫脹、劇痛、活動受限或疑似受傷時，請先就醫。,根治|治療疾病|消炎治本|打通經絡|一擦就好|保證有效|深層修復|替代藥物
Threads_LINE063,LINE063,Threads,2026-07-05,12:00,擦完可以馬上熱敷嗎,G,低,pending_legal_pharmacist_review,false,擦完可以馬上熱敷嗎,"擦完可以馬上熱敷嗎，其實最容易被忽略的是「使用邊界」。

可以談的是：用問答降低誤用，讓使用者知道何時該詢問專業人員。不適合把外用油膏說成根治、治療或立即見效。

互動回答不取代醫師或藥師建議。

你平常最常需要保養的是肩頸、腰背，還是腿部？",,#互動問答 #保養知識 #使用小提醒 #金牌一條根,,本內容為一般生活保健資訊，非醫療診斷或治療建議。,互動回答不取代醫師或藥師建議。,根治|治療疾病|消炎治本|打通經絡|一擦就好|保證有效|深層修復|替代藥物
Threads_LINE064,LINE064,Threads,2026-07-05,20:00,別把長期疼痛只當小問題,D,中,pending_legal_pharmacist_review,false,別把長期疼痛只當小問題,"別把長期疼痛只當小問題，其實最容易被忽略的是「使用邊界」。

可以談的是：輕微關節痠痛可短期舒緩，但不可宣稱治療疾病。不適合把外用油膏說成根治、治療或立即見效。

關節腫痛、紅熱、長期疼痛或行走困難，請就醫評估。

你平常最常需要保養的是肩頸、腰背，還是腿部？",,#銀髮保養 #活動舒適 #輕微痠痛 #依標示使用,,本產品為外用油膏，請依核准標示使用；若症狀持續或惡化，請諮詢醫師或藥師。,關節腫痛、紅熱、長期疼痛或行走困難，請就醫評估。,根治|治療疾病|消炎治本|打通經絡|一擦就好|保證有效|深層修復|替代藥物
Threads_LINE065,LINE065,Threads,2026-07-06,12:00,滑手機後頸部保養,B,低,pending_legal_pharmacist_review,false,滑手機後頸部保養,"滑手機後頸部保養，其實最容易被忽略的是「使用邊界」。

可以談的是：久坐低頭後，可搭配伸展與局部按摩舒緩緊繃不適。不適合把外用油膏說成根治、治療或立即見效。

若痠痛持續、麻木或影響活動，請諮詢醫師或藥師。

你平常最常需要保養的是肩頸、腰背，還是腿部？",,#肩頸保養 #久坐族 #日常舒緩 #依標示使用,,本內容為一般生活保健資訊，非醫療診斷或治療建議。,若痠痛持續、麻木或影響活動，請諮詢醫師或藥師。,根治|治療疾病|消炎治本|打通經絡|一擦就好|保證有效|深層修復|替代藥物
Threads_LINE066,LINE066,Threads,2026-07-06,20:00,產品不是神藥，定位要講清楚,A,中,pending_legal_pharmacist_review,false,產品不是神藥，定位要講清楚,"產品不是神藥，定位要講清楚，其實最容易被忽略的是「使用邊界」。

可以談的是：依標示外用，提供局部按摩與暫時舒緩體感。不適合把外用油膏說成根治、治療或立即見效。

僅供外用；避免眼周、黏膜、破皮或傷口。

你平常最常需要保養的是肩頸、腰背，還是腿部？",,#金牌一條根 #外用油膏 #成分透明 #依標示使用,,本產品為外用油膏，請依核准標示使用；若症狀持續或惡化，請諮詢醫師或藥師。,僅供外用；避免眼周、黏膜、破皮或傷口。,根治|治療疾病|消炎治本|打通經絡|一擦就好|保證有效|深層修復|替代藥物
Threads_LINE067,LINE067,Threads,2026-07-07,12:00,立冬前後的日常舒緩儀式,F,低,pending_legal_pharmacist_review,false,立冬前後的日常舒緩儀式,"立冬前後的日常舒緩儀式，其實最容易被忽略的是「使用邊界」。

可以談的是：以生活保健與身體覺察為主，不做醫療療效宣稱。不適合把外用油膏說成根治、治療或立即見效。

節氣養生屬一般生活資訊，身體不適仍應諮詢專業人員。

你平常最常需要保養的是肩頸、腰背，還是腿部？",,#節氣保養 #生活保健 #日常保養 #身體覺察,,本內容為一般生活保健資訊，非醫療診斷或治療建議。,節氣養生屬一般生活資訊，身體不適仍應諮詢專業人員。,根治|治療疾病|消炎治本|打通經絡|一擦就好|保證有效|深層修復|替代藥物
Threads_LINE068,LINE068,Threads,2026-07-07,20:00,深層症狀不適合自行處理,E,高,pending_legal_pharmacist_review,false,深層症狀不適合自行處理,"深層症狀不適合自行處理，其實最容易被忽略的是「使用邊界」。

可以談的是：安全使用比用得多更重要，依標示與風險族群提醒。不適合把外用油膏說成根治、治療或立即見效。

2 歲以下、孕哺、過敏體質、抗凝血藥使用者請先詢問專業人員。

你平常最常需要保養的是肩頸、腰背，還是腿部？",,#外用安全 #用藥安全 #使用前看標示 #諮詢醫師藥師,,僅供外用。避免接觸眼睛、黏膜、破皮或傷口；特殊族群使用前請先諮詢專業人員。,2 歲以下、孕哺、過敏體質、抗凝血藥使用者請先詢問專業人員。,根治|治療疾病|消炎治本|打通經絡|一擦就好|保證有效|深層修復|替代藥物
Threads_LINE069,LINE069,Threads,2026-07-08,12:00,每篇貼文都要人工審核,H,中,pending_legal_pharmacist_review,false,每篇貼文都要人工審核,"每篇貼文都要人工審核，其實最容易被忽略的是「使用邊界」。

可以談的是：強調藥證、標示、保守宣稱與人工審核流程。不適合把外用油膏說成根治、治療或立即見效。

所有廣告文案仍須依主管機關與專業人員審核。

你平常最常需要保養的是肩頸、腰背，還是腿部？",,#藥證可查 #品牌透明 #合法宣傳 #成分透明,,本產品為外用油膏，請依核准標示使用；若症狀持續或惡化，請諮詢醫師或藥師。,所有廣告文案仍須依主管機關與專業人員審核。,根治|治療疾病|消炎治本|打通經絡|一擦就好|保證有效|深層修復|替代藥物
Threads_LINE070,LINE070,Threads,2026-07-08,20:00,哪些情況應該先就醫,G,低,pending_legal_pharmacist_review,false,哪些情況應該先就醫,"哪些情況應該先就醫，其實最容易被忽略的是「使用邊界」。

可以談的是：用問答降低誤用，讓使用者知道何時該詢問專業人員。不適合把外用油膏說成根治、治療或立即見效。

互動回答不取代醫師或藥師建議。

你平常最常需要保養的是肩頸、腰背，還是腿部？",,#互動問答 #保養知識 #使用小提醒 #金牌一條根,,本內容為一般生活保健資訊，非醫療診斷或治療建議。,互動回答不取代醫師或藥師建議。,根治|治療疾病|消炎治本|打通經絡|一擦就好|保證有效|深層修復|替代藥物
Threads_LINE071,LINE071,Threads,2026-07-09,12:00,運動後局部痠痛的保守處理,C,中,pending_legal_pharmacist_review,false,運動後局部痠痛的保守處理,"運動後局部痠痛的保守處理，其實最容易被忽略的是「使用邊界」。

可以談的是：運動或勞動後的局部肌肉痠痛，可短期按摩舒緩。不適合把外用油膏說成根治、治療或立即見效。

明顯腫脹、劇痛、活動受限或疑似受傷時，請先就醫。

你平常最常需要保養的是肩頸、腰背，還是腿部？",,#運動後保養 #局部按摩 #肌肉痠痛 #依標示使用,,本產品為外用油膏，請依核准標示使用；若症狀持續或惡化，請諮詢醫師或藥師。,明顯腫脹、劇痛、活動受限或疑似受傷時，請先就醫。,根治|治療疾病|消炎治本|打通經絡|一擦就好|保證有效|深層修復|替代藥物
Threads_LINE072,LINE072,Threads,2026-07-09,20:00,冬青油與清涼舒緩體感,A,中,pending_legal_pharmacist_review,false,冬青油與清涼舒緩體感,"冬青油與清涼舒緩體感，其實最容易被忽略的是「使用邊界」。

可以談的是：依標示外用，提供局部按摩與暫時舒緩體感。不適合把外用油膏說成根治、治療或立即見效。

僅供外用；避免眼周、黏膜、破皮或傷口。

你平常最常需要保養的是肩頸、腰背，還是腿部？",,#金牌一條根 #外用油膏 #成分透明 #依標示使用,,本產品為外用油膏，請依核准標示使用；若症狀持續或惡化，請諮詢醫師或藥師。,僅供外用；避免眼周、黏膜、破皮或傷口。,根治|治療疾病|消炎治本|打通經絡|一擦就好|保證有效|深層修復|替代藥物
Threads_LINE073,LINE073,Threads,2026-07-10,12:00,早晨活動前的關節暖身,D,中,pending_legal_pharmacist_review,false,早晨活動前的關節暖身,"早晨活動前的關節暖身，其實最容易被忽略的是「使用邊界」。

可以談的是：輕微關節痠痛可短期舒緩，但不可宣稱治療疾病。不適合把外用油膏說成根治、治療或立即見效。

關節腫痛、紅熱、長期疼痛或行走困難，請就醫評估。

你平常最常需要保養的是肩頸、腰背，還是腿部？",,#銀髮保養 #活動舒適 #輕微痠痛 #依標示使用,,本產品為外用油膏，請依核准標示使用；若症狀持續或惡化，請諮詢醫師或藥師。,關節腫痛、紅熱、長期疼痛或行走困難，請就醫評估。,根治|治療疾病|消炎治本|打通經絡|一擦就好|保證有效|深層修復|替代藥物
Threads_LINE074,LINE074,Threads,2026-07-10,20:00,不能擦在破皮或傷口,E,高,pending_legal_pharmacist_review,false,不能擦在破皮或傷口,"不能擦在破皮或傷口，其實最容易被忽略的是「使用邊界」。

可以談的是：安全使用比用得多更重要，依標示與風險族群提醒。不適合把外用油膏說成根治、治療或立即見效。

2 歲以下、孕哺、過敏體質、抗凝血藥使用者請先詢問專業人員。

你平常最常需要保養的是肩頸、腰背，還是腿部？",,#外用安全 #用藥安全 #使用前看標示 #諮詢醫師藥師,,僅供外用。避免接觸眼睛、黏膜、破皮或傷口；特殊族群使用前請先諮詢專業人員。,2 歲以下、孕哺、過敏體質、抗凝血藥使用者請先詢問專業人員。,根治|治療疾病|消炎治本|打通經絡|一擦就好|保證有效|深層修復|替代藥物
Threads_LINE075,LINE075,Threads,2026-07-11,12:00,芒種後濕熱生活保養,F,低,pending_legal_pharmacist_review,false,芒種後濕熱生活保養,"芒種後濕熱生活保養，其實最容易被忽略的是「使用邊界」。

可以談的是：以生活保健與身體覺察為主，不做醫療療效宣稱。不適合把外用油膏說成根治、治療或立即見效。

節氣養生屬一般生活資訊，身體不適仍應諮詢專業人員。

你平常最常需要保養的是肩頸、腰背，還是腿部？",,#節氣保養 #生活保健 #日常保養 #身體覺察,,本內容為一般生活保健資訊，非醫療診斷或治療建議。,節氣養生屬一般生活資訊，身體不適仍應諮詢專業人員。,根治|治療疾病|消炎治本|打通經絡|一擦就好|保證有效|深層修復|替代藥物
Threads_LINE076,LINE076,Threads,2026-07-11,20:00,久站後小腿不適舒緩,C,中,pending_legal_pharmacist_review,false,久站後小腿不適舒緩,"久站後小腿不適舒緩，其實最容易被忽略的是「使用邊界」。

可以談的是：運動或勞動後的局部肌肉痠痛，可短期按摩舒緩。不適合把外用油膏說成根治、治療或立即見效。

明顯腫脹、劇痛、活動受限或疑似受傷時，請先就醫。

你平常最常需要保養的是肩頸、腰背，還是腿部？",,#運動後保養 #局部按摩 #肌肉痠痛 #依標示使用,,本產品為外用油膏，請依核准標示使用；若症狀持續或惡化，請諮詢醫師或藥師。,明顯腫脹、劇痛、活動受限或疑似受傷時，請先就醫。,根治|治療疾病|消炎治本|打通經絡|一擦就好|保證有效|深層修復|替代藥物
Threads_LINE077,LINE077,Threads,2026-07-12,12:00,你最常哪個部位緊繃,G,低,pending_legal_pharmacist_review,false,你最常哪個部位緊繃,"你最常哪個部位緊繃，其實最容易被忽略的是「使用邊界」。

可以談的是：用問答降低誤用，讓使用者知道何時該詢問專業人員。不適合把外用油膏說成根治、治療或立即見效。

互動回答不取代醫師或藥師建議。

你平常最常需要保養的是肩頸、腰背，還是腿部？",,#互動問答 #保養知識 #使用小提醒 #金牌一條根,,本內容為一般生活保健資訊，非醫療診斷或治療建議。,互動回答不取代醫師或藥師建議。,根治|治療疾病|消炎治本|打通經絡|一擦就好|保證有效|深層修復|替代藥物
Threads_LINE078,LINE078,Threads,2026-07-12,20:00,長輩外用膏使用安全,D,中,pending_legal_pharmacist_review,false,長輩外用膏使用安全,"長輩外用膏使用安全，其實最容易被忽略的是「使用邊界」。

可以談的是：輕微關節痠痛可短期舒緩，但不可宣稱治療疾病。不適合把外用油膏說成根治、治療或立即見效。

關節腫痛、紅熱、長期疼痛或行走困難，請就醫評估。

你平常最常需要保養的是肩頸、腰背，還是腿部？",,#銀髮保養 #活動舒適 #輕微痠痛 #依標示使用,,本產品為外用油膏，請依核准標示使用；若症狀持續或惡化，請諮詢醫師或藥師。,關節腫痛、紅熱、長期疼痛或行走困難，請就醫評估。,根治|治療疾病|消炎治本|打通經絡|一擦就好|保證有效|深層修復|替代藥物
Threads_LINE079,LINE079,Threads,2026-07-13,12:00,辦公桌前的姿勢檢查,B,低,pending_legal_pharmacist_review,false,辦公桌前的姿勢檢查,"辦公桌前的姿勢檢查，其實最容易被忽略的是「使用邊界」。

可以談的是：久坐低頭後，可搭配伸展與局部按摩舒緩緊繃不適。不適合把外用油膏說成根治、治療或立即見效。

若痠痛持續、麻木或影響活動，請諮詢醫師或藥師。

你平常最常需要保養的是肩頸、腰背，還是腿部？",,#肩頸保養 #久坐族 #日常舒緩 #依標示使用,,本內容為一般生活保健資訊，非醫療診斷或治療建議。,若痠痛持續、麻木或影響活動，請諮詢醫師或藥師。,根治|治療疾病|消炎治本|打通經絡|一擦就好|保證有效|深層修復|替代藥物
Threads_LINE080,LINE080,Threads,2026-07-13,20:00,薄荷腦帶來的涼感來源,A,中,pending_legal_pharmacist_review,false,薄荷腦帶來的涼感來源,"薄荷腦帶來的涼感來源，其實最容易被忽略的是「使用邊界」。

可以談的是：依標示外用，提供局部按摩與暫時舒緩體感。不適合把外用油膏說成根治、治療或立即見效。

僅供外用；避免眼周、黏膜、破皮或傷口。

你平常最常需要保養的是肩頸、腰背，還是腿部？",,#金牌一條根 #外用油膏 #成分透明 #依標示使用,,本產品為外用油膏，請依核准標示使用；若症狀持續或惡化，請諮詢醫師或藥師。,僅供外用；避免眼周、黏膜、破皮或傷口。,根治|治療疾病|消炎治本|打通經絡|一擦就好|保證有效|深層修復|替代藥物
Threads_LINE081,LINE081,Threads,2026-07-14,12:00,夏季冷氣房的肩頸保養,F,低,pending_legal_pharmacist_review,false,夏季冷氣房的肩頸保養,"夏季冷氣房的肩頸保養，其實最容易被忽略的是「使用邊界」。

可以談的是：以生活保健與身體覺察為主，不做醫療療效宣稱。不適合把外用油膏說成根治、治療或立即見效。

節氣養生屬一般生活資訊，身體不適仍應諮詢專業人員。

你平常最常需要保養的是肩頸、腰背，還是腿部？",,#節氣保養 #生活保健 #日常保養 #身體覺察,,本內容為一般生活保健資訊，非醫療診斷或治療建議。,節氣養生屬一般生活資訊，身體不適仍應諮詢專業人員。,根治|治療疾病|消炎治本|打通經絡|一擦就好|保證有效|深層修復|替代藥物
Threads_LINE082,LINE082,Threads,2026-07-14,20:00,外用膏避免眼周與黏膜,E,高,pending_legal_pharmacist_review,false,外用膏避免眼周與黏膜,"外用膏避免眼周與黏膜，其實最容易被忽略的是「使用邊界」。

可以談的是：安全使用比用得多更重要，依標示與風險族群提醒。不適合把外用油膏說成根治、治療或立即見效。

2 歲以下、孕哺、過敏體質、抗凝血藥使用者請先詢問專業人員。

你平常最常需要保養的是肩頸、腰背，還是腿部？",,#外用安全 #用藥安全 #使用前看標示 #諮詢醫師藥師,,僅供外用。避免接觸眼睛、黏膜、破皮或傷口；特殊族群使用前請先諮詢專業人員。,2 歲以下、孕哺、過敏體質、抗凝血藥使用者請先詢問專業人員。,根治|治療疾病|消炎治本|打通經絡|一擦就好|保證有效|深層修復|替代藥物
Threads_LINE083,LINE083,Threads,2026-07-15,12:00,合法宣傳比誇大更長久,H,中,pending_legal_pharmacist_review,false,合法宣傳比誇大更長久,"合法宣傳比誇大更長久，其實最容易被忽略的是「使用邊界」。

可以談的是：強調藥證、標示、保守宣稱與人工審核流程。不適合把外用油膏說成根治、治療或立即見效。

所有廣告文案仍須依主管機關與專業人員審核。

你平常最常需要保養的是肩頸、腰背，還是腿部？",,#藥證可查 #品牌透明 #合法宣傳 #成分透明,,本產品為外用油膏，請依核准標示使用；若症狀持續或惡化，請諮詢醫師或藥師。,所有廣告文案仍須依主管機關與專業人員審核。,根治|治療疾病|消炎治本|打通經絡|一擦就好|保證有效|深層修復|替代藥物
Threads_LINE084,LINE084,Threads,2026-07-15,20:00,你習慣運動前還是運動後保養,G,低,pending_legal_pharmacist_review,false,你習慣運動前還是運動後保養,"你習慣運動前還是運動後保養，其實最容易被忽略的是「使用邊界」。

可以談的是：用問答降低誤用，讓使用者知道何時該詢問專業人員。不適合把外用油膏說成根治、治療或立即見效。

互動回答不取代醫師或藥師建議。

你平常最常需要保養的是肩頸、腰背，還是腿部？",,#互動問答 #保養知識 #使用小提醒 #金牌一條根,,本內容為一般生活保健資訊，非醫療診斷或治療建議。,互動回答不取代醫師或藥師建議。,根治|治療疾病|消炎治本|打通經絡|一擦就好|保證有效|深層修復|替代藥物
Threads_LINE085,LINE085,Threads,2026-07-16,12:00,搬重物後腰背保養,C,中,pending_legal_pharmacist_review,false,搬重物後腰背保養,"搬重物後腰背保養，其實最容易被忽略的是「使用邊界」。

可以談的是：運動或勞動後的局部肌肉痠痛，可短期按摩舒緩。不適合把外用油膏說成根治、治療或立即見效。

明顯腫脹、劇痛、活動受限或疑似受傷時，請先就醫。

你平常最常需要保養的是肩頸、腰背，還是腿部？",,#運動後保養 #局部按摩 #肌肉痠痛 #依標示使用,,本產品為外用油膏，請依核准標示使用；若症狀持續或惡化，請諮詢醫師或藥師。,明顯腫脹、劇痛、活動受限或疑似受傷時，請先就醫。,根治|治療疾病|消炎治本|打通經絡|一擦就好|保證有效|深層修復|替代藥物
Threads_LINE086,LINE086,Threads,2026-07-16,20:00,樟腦外用時的注意界線,A,中,pending_legal_pharmacist_review,false,樟腦外用時的注意界線,"樟腦外用時的注意界線，其實最容易被忽略的是「使用邊界」。

可以談的是：依標示外用，提供局部按摩與暫時舒緩體感。不適合把外用油膏說成根治、治療或立即見效。

僅供外用；避免眼周、黏膜、破皮或傷口。

你平常最常需要保養的是肩頸、腰背，還是腿部？",,#金牌一條根 #外用油膏 #成分透明 #依標示使用,,本產品為外用油膏，請依核准標示使用；若症狀持續或惡化，請諮詢醫師或藥師。,僅供外用；避免眼周、黏膜、破皮或傷口。,根治|治療疾病|消炎治本|打通經絡|一擦就好|保證有效|深層修復|替代藥物
Threads_LINE087,LINE087,Threads,2026-07-17,12:00,輕微關節痠痛與疾病治療要分開,D,中,pending_legal_pharmacist_review,false,輕微關節痠痛與疾病治療要分開,"輕微關節痠痛與疾病治療要分開，其實最容易被忽略的是「使用邊界」。

可以談的是：輕微關節痠痛可短期舒緩，但不可宣稱治療疾病。不適合把外用油膏說成根治、治療或立即見效。

關節腫痛、紅熱、長期疼痛或行走困難，請就醫評估。

你平常最常需要保養的是肩頸、腰背，還是腿部？",,#銀髮保養 #活動舒適 #輕微痠痛 #依標示使用,,本產品為外用油膏，請依核准標示使用；若症狀持續或惡化，請諮詢醫師或藥師。,關節腫痛、紅熱、長期疼痛或行走困難，請就醫評估。,根治|治療疾病|消炎治本|打通經絡|一擦就好|保證有效|深層修復|替代藥物
Threads_LINE088,LINE088,Threads,2026-07-17,20:00,不要搭配熱敷墊或電毯,E,高,pending_legal_pharmacist_review,false,不要搭配熱敷墊或電毯,"不要搭配熱敷墊或電毯，其實最容易被忽略的是「使用邊界」。

可以談的是：安全使用比用得多更重要，依標示與風險族群提醒。不適合把外用油膏說成根治、治療或立即見效。

2 歲以下、孕哺、過敏體質、抗凝血藥使用者請先詢問專業人員。

你平常最常需要保養的是肩頸、腰背，還是腿部？",,#外用安全 #用藥安全 #使用前看標示 #諮詢醫師藥師,,僅供外用。避免接觸眼睛、黏膜、破皮或傷口；特殊族群使用前請先諮詢專業人員。,2 歲以下、孕哺、過敏體質、抗凝血藥使用者請先詢問專業人員。,根治|治療疾病|消炎治本|打通經絡|一擦就好|保證有效|深層修復|替代藥物
Threads_LINE089,LINE089,Threads,2026-07-18,12:00,小暑前後活動舒適提醒,F,低,pending_legal_pharmacist_review,false,小暑前後活動舒適提醒,"小暑前後活動舒適提醒，其實最容易被忽略的是「使用邊界」。

可以談的是：以生活保健與身體覺察為主，不做醫療療效宣稱。不適合把外用油膏說成根治、治療或立即見效。

節氣養生屬一般生活資訊，身體不適仍應諮詢專業人員。

你平常最常需要保養的是肩頸、腰背，還是腿部？",,#節氣保養 #生活保健 #日常保養 #身體覺察,,本內容為一般生活保健資訊，非醫療診斷或治療建議。,節氣養生屬一般生活資訊，身體不適仍應諮詢專業人員。,根治|治療疾病|消炎治本|打通經絡|一擦就好|保證有效|深層修復|替代藥物
Threads_LINE090,LINE090,Threads,2026-07-18,20:00,爬山後腿部按摩提醒,C,中,pending_legal_pharmacist_review,false,爬山後腿部按摩提醒,"爬山後腿部按摩提醒，其實最容易被忽略的是「使用邊界」。

可以談的是：運動或勞動後的局部肌肉痠痛，可短期按摩舒緩。不適合把外用油膏說成根治、治療或立即見效。

明顯腫脹、劇痛、活動受限或疑似受傷時，請先就醫。

你平常最常需要保養的是肩頸、腰背，還是腿部？",,#運動後保養 #局部按摩 #肌肉痠痛 #依標示使用,,本產品為外用油膏，請依核准標示使用；若症狀持續或惡化，請諮詢醫師或藥師。,明顯腫脹、劇痛、活動受限或疑似受傷時，請先就醫。,根治|治療疾病|消炎治本|打通經絡|一擦就好|保證有效|深層修復|替代藥物
Threads_LINE091,LINE091,Threads,2026-07-19,12:00,外用膏一次擦多少才剛好,G,低,pending_legal_pharmacist_review,false,外用膏一次擦多少才剛好,"外用膏一次擦多少才剛好，其實最容易被忽略的是「使用邊界」。

可以談的是：用問答降低誤用，讓使用者知道何時該詢問專業人員。不適合把外用油膏說成根治、治療或立即見效。

互動回答不取代醫師或藥師建議。

你平常最常需要保養的是肩頸、腰背，還是腿部？",,#互動問答 #保養知識 #使用小提醒 #金牌一條根,,本內容為一般生活保健資訊，非醫療診斷或治療建議。,互動回答不取代醫師或藥師建議。,根治|治療疾病|消炎治本|打通經絡|一擦就好|保證有效|深層修復|替代藥物
Threads_LINE092,LINE092,Threads,2026-07-19,20:00,散步後的膝周保養,D,中,pending_legal_pharmacist_review,false,散步後的膝周保養,"散步後的膝周保養，其實最容易被忽略的是「使用邊界」。

可以談的是：輕微關節痠痛可短期舒緩，但不可宣稱治療疾病。不適合把外用油膏說成根治、治療或立即見效。

關節腫痛、紅熱、長期疼痛或行走困難，請就醫評估。

你平常最常需要保養的是肩頸、腰背，還是腿部？",,#銀髮保養 #活動舒適 #輕微痠痛 #依標示使用,,本產品為外用油膏，請依核准標示使用；若症狀持續或惡化，請諮詢醫師或藥師。,關節腫痛、紅熱、長期疼痛或行走困難，請就醫評估。,根治|治療疾病|消炎治本|打通經絡|一擦就好|保證有效|深層修復|替代藥物
Threads_LINE093,LINE093,Threads,2026-07-20,12:00,肩頸按摩不要只靠用力,B,低,pending_legal_pharmacist_review,false,肩頸按摩不要只靠用力,"肩頸按摩不要只靠用力，其實最容易被忽略的是「使用邊界」。

可以談的是：久坐低頭後，可搭配伸展與局部按摩舒緩緊繃不適。不適合把外用油膏說成根治、治療或立即見效。

若痠痛持續、麻木或影響活動，請諮詢醫師或藥師。

你平常最常需要保養的是肩頸、腰背，還是腿部？",,#肩頸保養 #久坐族 #日常舒緩 #依標示使用,,本內容為一般生活保健資訊，非醫療診斷或治療建議。,若痠痛持續、麻木或影響活動，請諮詢醫師或藥師。,根治|治療疾病|消炎治本|打通經絡|一擦就好|保證有效|深層修復|替代藥物
Threads_LINE094,LINE094,Threads,2026-07-20,20:00,油膏劑為什麼適合局部按摩,A,中,pending_legal_pharmacist_review,false,油膏劑為什麼適合局部按摩,"油膏劑為什麼適合局部按摩，其實最容易被忽略的是「使用邊界」。

可以談的是：依標示外用，提供局部按摩與暫時舒緩體感。不適合把外用油膏說成根治、治療或立即見效。

僅供外用；避免眼周、黏膜、破皮或傷口。

你平常最常需要保養的是肩頸、腰背，還是腿部？",,#金牌一條根 #外用油膏 #成分透明 #依標示使用,,本產品為外用油膏，請依核准標示使用；若症狀持續或惡化，請諮詢醫師或藥師。,僅供外用；避免眼周、黏膜、破皮或傷口。,根治|治療疾病|消炎治本|打通經絡|一擦就好|保證有效|深層修復|替代藥物
Threads_LINE095,LINE095,Threads,2026-07-21,12:00,大暑午後少久站硬撐,F,低,pending_legal_pharmacist_review,false,大暑午後少久站硬撐,"大暑午後少久站硬撐，其實最容易被忽略的是「使用邊界」。

可以談的是：以生活保健與身體覺察為主，不做醫療療效宣稱。不適合把外用油膏說成根治、治療或立即見效。

節氣養生屬一般生活資訊，身體不適仍應諮詢專業人員。

你平常最常需要保養的是肩頸、腰背，還是腿部？",,#節氣保養 #生活保健 #日常保養 #身體覺察,,本內容為一般生活保健資訊，非醫療診斷或治療建議。,節氣養生屬一般生活資訊，身體不適仍應諮詢專業人員。,根治|治療疾病|消炎治本|打通經絡|一擦就好|保證有效|深層修復|替代藥物
Threads_LINE096,LINE096,Threads,2026-07-21,20:00,不要密封包紮或大面積厚敷,E,高,pending_legal_pharmacist_review,false,不要密封包紮或大面積厚敷,"不要密封包紮或大面積厚敷，其實最容易被忽略的是「使用邊界」。

可以談的是：安全使用比用得多更重要，依標示與風險族群提醒。不適合把外用油膏說成根治、治療或立即見效。

2 歲以下、孕哺、過敏體質、抗凝血藥使用者請先詢問專業人員。

你平常最常需要保養的是肩頸、腰背，還是腿部？",,#外用安全 #用藥安全 #使用前看標示 #諮詢醫師藥師,,僅供外用。避免接觸眼睛、黏膜、破皮或傷口；特殊族群使用前請先諮詢專業人員。,2 歲以下、孕哺、過敏體質、抗凝血藥使用者請先詢問專業人員。,根治|治療疾病|消炎治本|打通經絡|一擦就好|保證有效|深層修復|替代藥物
Threads_LINE097,LINE097,Threads,2026-07-22,12:00,什麼是乙類成藥,H,中,pending_legal_pharmacist_review,false,什麼是乙類成藥,"什麼是乙類成藥，其實最容易被忽略的是「使用邊界」。

可以談的是：強調藥證、標示、保守宣稱與人工審核流程。不適合把外用油膏說成根治、治療或立即見效。

所有廣告文案仍須依主管機關與專業人員審核。

你平常最常需要保養的是肩頸、腰背，還是腿部？",,#藥證可查 #品牌透明 #合法宣傳 #成分透明,,本產品為外用油膏，請依核准標示使用；若症狀持續或惡化，請諮詢醫師或藥師。,所有廣告文案仍須依主管機關與專業人員審核。,根治|治療疾病|消炎治本|打通經絡|一擦就好|保證有效|深層修復|替代藥物
Threads_LINE098,LINE098,Threads,2026-07-22,20:00,涼感越強越有效嗎,G,低,pending_legal_pharmacist_review,false,涼感越強越有效嗎,"涼感越強越有效嗎，其實最容易被忽略的是「使用邊界」。

可以談的是：用問答降低誤用，讓使用者知道何時該詢問專業人員。不適合把外用油膏說成根治、治療或立即見效。

互動回答不取代醫師或藥師建議。

你平常最常需要保養的是肩頸、腰背，還是腿部？",,#互動問答 #保養知識 #使用小提醒 #金牌一條根,,本內容為一般生活保健資訊，非醫療診斷或治療建議。,互動回答不取代醫師或藥師建議。,根治|治療疾病|消炎治本|打通經絡|一擦就好|保證有效|深層修復|替代藥物
Threads_LINE099,LINE099,Threads,2026-07-23,12:00,重訓後肩背局部舒緩,C,中,pending_legal_pharmacist_review,false,重訓後肩背局部舒緩,"重訓後肩背局部舒緩，其實最容易被忽略的是「使用邊界」。

可以談的是：運動或勞動後的局部肌肉痠痛，可短期按摩舒緩。不適合把外用油膏說成根治、治療或立即見效。

明顯腫脹、劇痛、活動受限或疑似受傷時，請先就醫。

你平常最常需要保養的是肩頸、腰背，還是腿部？",,#運動後保養 #局部按摩 #肌肉痠痛 #依標示使用,,本產品為外用油膏，請依核准標示使用；若症狀持續或惡化，請諮詢醫師或藥師。,明顯腫脹、劇痛、活動受限或疑似受傷時，請先就醫。,根治|治療疾病|消炎治本|打通經絡|一擦就好|保證有效|深層修復|替代藥物
Threads_LINE100,LINE100,Threads,2026-07-23,20:00,乙類成藥與一般保健品差異,A,中,pending_legal_pharmacist_review,false,乙類成藥與一般保健品差異,"乙類成藥與一般保健品差異，其實最容易被忽略的是「使用邊界」。

可以談的是：依標示外用，提供局部按摩與暫時舒緩體感。不適合把外用油膏說成根治、治療或立即見效。

僅供外用；避免眼周、黏膜、破皮或傷口。

你平常最常需要保養的是肩頸、腰背，還是腿部？",,#金牌一條根 #外用油膏 #成分透明 #依標示使用,,本產品為外用油膏，請依核准標示使用；若症狀持續或惡化，請諮詢醫師或藥師。,僅供外用；避免眼周、黏膜、破皮或傷口。,根治|治療疾病|消炎治本|打通經絡|一擦就好|保證有效|深層修復|替代藥物
Threads_LINE101,LINE101,Threads,2026-07-24,12:00,天氣變化時的活動舒適感,D,中,pending_legal_pharmacist_review,false,天氣變化時的活動舒適感,"天氣變化時的活動舒適感，其實最容易被忽略的是「使用邊界」。

可以談的是：輕微關節痠痛可短期舒緩，但不可宣稱治療疾病。不適合把外用油膏說成根治、治療或立即見效。

關節腫痛、紅熱、長期疼痛或行走困難，請就醫評估。

你平常最常需要保養的是肩頸、腰背，還是腿部？",,#銀髮保養 #活動舒適 #輕微痠痛 #依標示使用,,本產品為外用油膏，請依核准標示使用；若症狀持續或惡化，請諮詢醫師或藥師。,關節腫痛、紅熱、長期疼痛或行走困難，請就醫評估。,根治|治療疾病|消炎治本|打通經絡|一擦就好|保證有效|深層修復|替代藥物
Threads_LINE102,LINE102,Threads,2026-07-24,20:00,水楊酸或阿斯匹靈過敏者注意,E,高,pending_legal_pharmacist_review,false,水楊酸或阿斯匹靈過敏者注意,"水楊酸或阿斯匹靈過敏者注意，其實最容易被忽略的是「使用邊界」。

可以談的是：安全使用比用得多更重要，依標示與風險族群提醒。不適合把外用油膏說成根治、治療或立即見效。

2 歲以下、孕哺、過敏體質、抗凝血藥使用者請先詢問專業人員。

你平常最常需要保養的是肩頸、腰背，還是腿部？",,#外用安全 #用藥安全 #使用前看標示 #諮詢醫師藥師,,僅供外用。避免接觸眼睛、黏膜、破皮或傷口；特殊族群使用前請先諮詢專業人員。,2 歲以下、孕哺、過敏體質、抗凝血藥使用者請先詢問專業人員。,根治|治療疾病|消炎治本|打通經絡|一擦就好|保證有效|深層修復|替代藥物
Threads_LINE103,LINE103,Threads,2026-07-25,12:00,立秋後早晚溫差保養,F,低,pending_legal_pharmacist_review,false,立秋後早晚溫差保養,"立秋後早晚溫差保養，其實最容易被忽略的是「使用邊界」。

可以談的是：以生活保健與身體覺察為主，不做醫療療效宣稱。不適合把外用油膏說成根治、治療或立即見效。

節氣養生屬一般生活資訊，身體不適仍應諮詢專業人員。

你平常最常需要保養的是肩頸、腰背，還是腿部？",,#節氣保養 #生活保健 #日常保養 #身體覺察,,本內容為一般生活保健資訊，非醫療診斷或治療建議。,節氣養生屬一般生活資訊，身體不適仍應諮詢專業人員。,根治|治療疾病|消炎治本|打通經絡|一擦就好|保證有效|深層修復|替代藥物
Threads_LINE104,LINE104,Threads,2026-07-25,20:00,家事後手臂不適保養,C,中,pending_legal_pharmacist_review,false,家事後手臂不適保養,"家事後手臂不適保養，其實最容易被忽略的是「使用邊界」。

可以談的是：運動或勞動後的局部肌肉痠痛，可短期按摩舒緩。不適合把外用油膏說成根治、治療或立即見效。

明顯腫脹、劇痛、活動受限或疑似受傷時，請先就醫。

你平常最常需要保養的是肩頸、腰背，還是腿部？",,#運動後保養 #局部按摩 #肌肉痠痛 #依標示使用,,本產品為外用油膏，請依核准標示使用；若症狀持續或惡化，請諮詢醫師或藥師。,明顯腫脹、劇痛、活動受限或疑似受傷時，請先就醫。,根治|治療疾病|消炎治本|打通經絡|一擦就好|保證有效|深層修復|替代藥物
Threads_LINE105,LINE105,Threads,2026-07-26,12:00,你有看過外用產品標示嗎,G,低,pending_legal_pharmacist_review,false,你有看過外用產品標示嗎,"你有看過外用產品標示嗎，其實最容易被忽略的是「使用邊界」。

可以談的是：用問答降低誤用，讓使用者知道何時該詢問專業人員。不適合把外用油膏說成根治、治療或立即見效。

互動回答不取代醫師或藥師建議。

你平常最常需要保養的是肩頸、腰背，還是腿部？",,#互動問答 #保養知識 #使用小提醒 #金牌一條根,,本內容為一般生活保健資訊，非醫療診斷或治療建議。,互動回答不取代醫師或藥師建議。,根治|治療疾病|消炎治本|打通經絡|一擦就好|保證有效|深層修復|替代藥物
Threads_LINE106,LINE106,Threads,2026-07-26,20:00,長輩按摩力道不要過重,D,中,pending_legal_pharmacist_review,false,長輩按摩力道不要過重,"長輩按摩力道不要過重，其實最容易被忽略的是「使用邊界」。

可以談的是：輕微關節痠痛可短期舒緩，但不可宣稱治療疾病。不適合把外用油膏說成根治、治療或立即見效。

關節腫痛、紅熱、長期疼痛或行走困難，請就醫評估。

你平常最常需要保養的是肩頸、腰背，還是腿部？",,#銀髮保養 #活動舒適 #輕微痠痛 #依標示使用,,本產品為外用油膏，請依核准標示使用；若症狀持續或惡化，請諮詢醫師或藥師。,關節腫痛、紅熱、長期疼痛或行走困難，請就醫評估。,根治|治療疾病|消炎治本|打通經絡|一擦就好|保證有效|深層修復|替代藥物
Threads_LINE107,LINE107,Threads,2026-07-27,12:00,久坐族晚間舒緩儀式,B,低,pending_legal_pharmacist_review,false,久坐族晚間舒緩儀式,"久坐族晚間舒緩儀式，其實最容易被忽略的是「使用邊界」。

可以談的是：久坐低頭後，可搭配伸展與局部按摩舒緩緊繃不適。不適合把外用油膏說成根治、治療或立即見效。

若痠痛持續、麻木或影響活動，請諮詢醫師或藥師。

你平常最常需要保養的是肩頸、腰背，還是腿部？",,#肩頸保養 #久坐族 #日常舒緩 #依標示使用,,本內容為一般生活保健資訊，非醫療診斷或治療建議。,若痠痛持續、麻木或影響活動，請諮詢醫師或藥師。,根治|治療疾病|消炎治本|打通經絡|一擦就好|保證有效|深層修復|替代藥物
Threads_LINE108,LINE108,Threads,2026-07-27,20:00,一條根外用膏的日常定位,A,中,pending_legal_pharmacist_review,false,一條根外用膏的日常定位,"一條根外用膏的日常定位，其實最容易被忽略的是「使用邊界」。

可以談的是：依標示外用，提供局部按摩與暫時舒緩體感。不適合把外用油膏說成根治、治療或立即見效。

僅供外用；避免眼周、黏膜、破皮或傷口。

你平常最常需要保養的是肩頸、腰背，還是腿部？",,#金牌一條根 #外用油膏 #成分透明 #依標示使用,,本產品為外用油膏，請依核准標示使用；若症狀持續或惡化，請諮詢醫師或藥師。,僅供外用；避免眼周、黏膜、破皮或傷口。,根治|治療疾病|消炎治本|打通經絡|一擦就好|保證有效|深層修復|替代藥物
Threads_LINE109,LINE109,Threads,2026-07-28,12:00,處暑後運動暖身提醒,F,低,pending_legal_pharmacist_review,false,處暑後運動暖身提醒,"處暑後運動暖身提醒，其實最容易被忽略的是「使用邊界」。

可以談的是：以生活保健與身體覺察為主，不做醫療療效宣稱。不適合把外用油膏說成根治、治療或立即見效。

節氣養生屬一般生活資訊，身體不適仍應諮詢專業人員。

你平常最常需要保養的是肩頸、腰背，還是腿部？",,#節氣保養 #生活保健 #日常保養 #身體覺察,,本內容為一般生活保健資訊，非醫療診斷或治療建議。,節氣養生屬一般生活資訊，身體不適仍應諮詢專業人員。,根治|治療疾病|消炎治本|打通經絡|一擦就好|保證有效|深層修復|替代藥物
Threads_LINE110,LINE110,Threads,2026-07-28,20:00,兒童使用前的安全提醒,E,高,pending_legal_pharmacist_review,false,兒童使用前的安全提醒,"兒童使用前的安全提醒，其實最容易被忽略的是「使用邊界」。

可以談的是：安全使用比用得多更重要，依標示與風險族群提醒。不適合把外用油膏說成根治、治療或立即見效。

2 歲以下、孕哺、過敏體質、抗凝血藥使用者請先詢問專業人員。

你平常最常需要保養的是肩頸、腰背，還是腿部？",,#外用安全 #用藥安全 #使用前看標示 #諮詢醫師藥師,,僅供外用。避免接觸眼睛、黏膜、破皮或傷口；特殊族群使用前請先諮詢專業人員。,2 歲以下、孕哺、過敏體質、抗凝血藥使用者請先詢問專業人員。,根治|治療疾病|消炎治本|打通經絡|一擦就好|保證有效|深層修復|替代藥物
Threads_LINE111,LINE111,Threads,2026-07-29,12:00,官方適應症與社群文案的差異,H,中,pending_legal_pharmacist_review,false,官方適應症與社群文案的差異,"官方適應症與社群文案的差異，其實最容易被忽略的是「使用邊界」。

可以談的是：強調藥證、標示、保守宣稱與人工審核流程。不適合把外用油膏說成根治、治療或立即見效。

所有廣告文案仍須依主管機關與專業人員審核。

你平常最常需要保養的是肩頸、腰背，還是腿部？",,#藥證可查 #品牌透明 #合法宣傳 #成分透明,,本產品為外用油膏，請依核准標示使用；若症狀持續或惡化，請諮詢醫師或藥師。,所有廣告文案仍須依主管機關與專業人員審核。,根治|治療疾病|消炎治本|打通經絡|一擦就好|保證有效|深層修復|替代藥物
Threads_LINE112,LINE112,Threads,2026-07-29,20:00,久坐族最想舒緩哪裡,G,低,pending_legal_pharmacist_review,false,久坐族最想舒緩哪裡,"久坐族最想舒緩哪裡，其實最容易被忽略的是「使用邊界」。

可以談的是：用問答降低誤用，讓使用者知道何時該詢問專業人員。不適合把外用油膏說成根治、治療或立即見效。

互動回答不取代醫師或藥師建議。

你平常最常需要保養的是肩頸、腰背，還是腿部？",,#互動問答 #保養知識 #使用小提醒 #金牌一條根,,本內容為一般生活保健資訊，非醫療診斷或治療建議。,互動回答不取代醫師或藥師建議。,根治|治療疾病|消炎治本|打通經絡|一擦就好|保證有效|深層修復|替代藥物
Threads_LINE113,LINE113,Threads,2026-07-30,12:00,跑步後膝周不適的保守提醒,C,中,pending_legal_pharmacist_review,false,跑步後膝周不適的保守提醒,"跑步後膝周不適的保守提醒，其實最容易被忽略的是「使用邊界」。

可以談的是：運動或勞動後的局部肌肉痠痛，可短期按摩舒緩。不適合把外用油膏說成根治、治療或立即見效。

明顯腫脹、劇痛、活動受限或疑似受傷時，請先就醫。

你平常最常需要保養的是肩頸、腰背，還是腿部？",,#運動後保養 #局部按摩 #肌肉痠痛 #依標示使用,,本產品為外用油膏，請依核准標示使用；若症狀持續或惡化，請諮詢醫師或藥師。,明顯腫脹、劇痛、活動受限或疑似受傷時，請先就醫。,根治|治療疾病|消炎治本|打通經絡|一擦就好|保證有效|深層修復|替代藥物
Threads_LINE114,LINE114,Threads,2026-07-30,20:00,成分濃度為什麼要看標示,A,中,pending_legal_pharmacist_review,false,成分濃度為什麼要看標示,"成分濃度為什麼要看標示，其實最容易被忽略的是「使用邊界」。

可以談的是：依標示外用，提供局部按摩與暫時舒緩體感。不適合把外用油膏說成根治、治療或立即見效。

僅供外用；避免眼周、黏膜、破皮或傷口。

你平常最常需要保養的是肩頸、腰背，還是腿部？",,#金牌一條根 #外用油膏 #成分透明 #依標示使用,,本產品為外用油膏，請依核准標示使用；若症狀持續或惡化，請諮詢醫師或藥師。,僅供外用；避免眼周、黏膜、破皮或傷口。,根治|治療疾病|消炎治本|打通經絡|一擦就好|保證有效|深層修復|替代藥物
Threads_LINE115,LINE115,Threads,2026-07-31,12:00,照顧爸媽時的外用提醒,D,中,pending_legal_pharmacist_review,false,照顧爸媽時的外用提醒,"照顧爸媽時的外用提醒，其實最容易被忽略的是「使用邊界」。

可以談的是：輕微關節痠痛可短期舒緩，但不可宣稱治療疾病。不適合把外用油膏說成根治、治療或立即見效。

關節腫痛、紅熱、長期疼痛或行走困難，請就醫評估。

你平常最常需要保養的是肩頸、腰背，還是腿部？",,#銀髮保養 #活動舒適 #輕微痠痛 #依標示使用,,本產品為外用油膏，請依核准標示使用；若症狀持續或惡化，請諮詢醫師或藥師。,關節腫痛、紅熱、長期疼痛或行走困難，請就醫評估。,根治|治療疾病|消炎治本|打通經絡|一擦就好|保證有效|深層修復|替代藥物
Threads_LINE116,LINE116,Threads,2026-07-31,20:00,孕婦與哺乳族群先詢問專業人員,E,高,pending_legal_pharmacist_review,false,孕婦與哺乳族群先詢問專業人員,"孕婦與哺乳族群先詢問專業人員，其實最容易被忽略的是「使用邊界」。

可以談的是：安全使用比用得多更重要，依標示與風險族群提醒。不適合把外用油膏說成根治、治療或立即見效。

2 歲以下、孕哺、過敏體質、抗凝血藥使用者請先詢問專業人員。

你平常最常需要保養的是肩頸、腰背，還是腿部？",,#外用安全 #用藥安全 #使用前看標示 #諮詢醫師藥師,,僅供外用。避免接觸眼睛、黏膜、破皮或傷口；特殊族群使用前請先諮詢專業人員。,2 歲以下、孕哺、過敏體質、抗凝血藥使用者請先詢問專業人員。,根治|治療疾病|消炎治本|打通經絡|一擦就好|保證有效|深層修復|替代藥物
Threads_LINE117,LINE117,Threads,2026-08-01,12:00,白露時節關心長輩活動,F,低,pending_legal_pharmacist_review,false,白露時節關心長輩活動,"白露時節關心長輩活動，其實最容易被忽略的是「使用邊界」。

可以談的是：以生活保健與身體覺察為主，不做醫療療效宣稱。不適合把外用油膏說成根治、治療或立即見效。

節氣養生屬一般生活資訊，身體不適仍應諮詢專業人員。

你平常最常需要保養的是肩頸、腰背，還是腿部？",,#節氣保養 #生活保健 #日常保養 #身體覺察,,本內容為一般生活保健資訊，非醫療診斷或治療建議。,節氣養生屬一般生活資訊，身體不適仍應諮詢專業人員。,根治|治療疾病|消炎治本|打通經絡|一擦就好|保證有效|深層修復|替代藥物
Threads_LINE118,LINE118,Threads,2026-08-01,20:00,勞動後先休息再按摩,C,中,pending_legal_pharmacist_review,false,勞動後先休息再按摩,"勞動後先休息再按摩，其實最容易被忽略的是「使用邊界」。

可以談的是：運動或勞動後的局部肌肉痠痛，可短期按摩舒緩。不適合把外用油膏說成根治、治療或立即見效。

明顯腫脹、劇痛、活動受限或疑似受傷時，請先就醫。

你平常最常需要保養的是肩頸、腰背，還是腿部？",,#運動後保養 #局部按摩 #肌肉痠痛 #依標示使用,,本產品為外用油膏，請依核准標示使用；若症狀持續或惡化，請諮詢醫師或藥師。,明顯腫脹、劇痛、活動受限或疑似受傷時，請先就醫。,根治|治療疾病|消炎治本|打通經絡|一擦就好|保證有效|深層修復|替代藥物
Threads_LINE119,LINE119,Threads,2026-08-02,12:00,長輩使用外用膏你會提醒什麼,G,低,pending_legal_pharmacist_review,false,長輩使用外用膏你會提醒什麼,"長輩使用外用膏你會提醒什麼，其實最容易被忽略的是「使用邊界」。

可以談的是：用問答降低誤用，讓使用者知道何時該詢問專業人員。不適合把外用油膏說成根治、治療或立即見效。

互動回答不取代醫師或藥師建議。

你平常最常需要保養的是肩頸、腰背，還是腿部？",,#互動問答 #保養知識 #使用小提醒 #金牌一條根,,本內容為一般生活保健資訊，非醫療診斷或治療建議。,互動回答不取代醫師或藥師建議。,根治|治療疾病|消炎治本|打通經絡|一擦就好|保證有效|深層修復|替代藥物
Threads_LINE120,LINE120,Threads,2026-08-02,20:00,日常活動舒適度的三個習慣,D,中,pending_legal_pharmacist_review,false,日常活動舒適度的三個習慣,"日常活動舒適度的三個習慣，其實最容易被忽略的是「使用邊界」。

可以談的是：輕微關節痠痛可短期舒緩，但不可宣稱治療疾病。不適合把外用油膏說成根治、治療或立即見效。

關節腫痛、紅熱、長期疼痛或行走困難，請就醫評估。

你平常最常需要保養的是肩頸、腰背，還是腿部？",,#銀髮保養 #活動舒適 #輕微痠痛 #依標示使用,,本產品為外用油膏，請依核准標示使用；若症狀持續或惡化，請諮詢醫師或藥師。,關節腫痛、紅熱、長期疼痛或行走困難，請就醫評估。,根治|治療疾病|消炎治本|打通經絡|一擦就好|保證有效|深層修復|替代藥物
Threads_LINE121,LINE121,Threads,2026-08-03,12:00,背包太重後的肩膀保養,B,低,pending_legal_pharmacist_review,false,背包太重後的肩膀保養,"背包太重後的肩膀保養，其實最容易被忽略的是「使用邊界」。

可以談的是：久坐低頭後，可搭配伸展與局部按摩舒緩緊繃不適。不適合把外用油膏說成根治、治療或立即見效。

若痠痛持續、麻木或影響活動，請諮詢醫師或藥師。

你平常最常需要保養的是肩頸、腰背，還是腿部？",,#肩頸保養 #久坐族 #日常舒緩 #依標示使用,,本內容為一般生活保健資訊，非醫療診斷或治療建議。,若痠痛持續、麻木或影響活動，請諮詢醫師或藥師。,根治|治療疾病|消炎治本|打通經絡|一擦就好|保證有效|深層修復|替代藥物
Threads_LINE122,LINE122,Threads,2026-08-03,20:00,局部按摩和大面積厚敷的差別,A,中,pending_legal_pharmacist_review,false,局部按摩和大面積厚敷的差別,"局部按摩和大面積厚敷的差別，其實最容易被忽略的是「使用邊界」。

可以談的是：依標示外用，提供局部按摩與暫時舒緩體感。不適合把外用油膏說成根治、治療或立即見效。

僅供外用；避免眼周、黏膜、破皮或傷口。

你平常最常需要保養的是肩頸、腰背，還是腿部？",,#金牌一條根 #外用油膏 #成分透明 #依標示使用,,本產品為外用油膏，請依核准標示使用；若症狀持續或惡化，請諮詢醫師或藥師。,僅供外用；避免眼周、黏膜、破皮或傷口。,根治|治療疾病|消炎治本|打通經絡|一擦就好|保證有效|深層修復|替代藥物
Threads_LINE123,LINE123,Threads,2026-08-04,12:00,秋分後外出前暖身,F,低,pending_legal_pharmacist_review,false,秋分後外出前暖身,"秋分後外出前暖身，其實最容易被忽略的是「使用邊界」。

可以談的是：以生活保健與身體覺察為主，不做醫療療效宣稱。不適合把外用油膏說成根治、治療或立即見效。

節氣養生屬一般生活資訊，身體不適仍應諮詢專業人員。

你平常最常需要保養的是肩頸、腰背，還是腿部？",,#節氣保養 #生活保健 #日常保養 #身體覺察,,本內容為一般生活保健資訊，非醫療診斷或治療建議。,節氣養生屬一般生活資訊，身體不適仍應諮詢專業人員。,根治|治療疾病|消炎治本|打通經絡|一擦就好|保證有效|深層修復|替代藥物
Threads_LINE124,LINE124,Threads,2026-08-04,20:00,症狀超過七天要停用並諮詢,E,高,pending_legal_pharmacist_review,false,症狀超過七天要停用並諮詢,"症狀超過七天要停用並諮詢，其實最容易被忽略的是「使用邊界」。

可以談的是：安全使用比用得多更重要，依標示與風險族群提醒。不適合把外用油膏說成根治、治療或立即見效。

2 歲以下、孕哺、過敏體質、抗凝血藥使用者請先詢問專業人員。

你平常最常需要保養的是肩頸、腰背，還是腿部？",,#外用安全 #用藥安全 #使用前看標示 #諮詢醫師藥師,,僅供外用。避免接觸眼睛、黏膜、破皮或傷口；特殊族群使用前請先諮詢專業人員。,2 歲以下、孕哺、過敏體質、抗凝血藥使用者請先詢問專業人員。,根治|治療疾病|消炎治本|打通經絡|一擦就好|保證有效|深層修復|替代藥物
Threads_LINE125,LINE125,Threads,2026-08-05,12:00,為什麼不鼓勵擦傷口,H,中,pending_legal_pharmacist_review,false,為什麼不鼓勵擦傷口,"為什麼不鼓勵擦傷口，其實最容易被忽略的是「使用邊界」。

可以談的是：強調藥證、標示、保守宣稱與人工審核流程。不適合把外用油膏說成根治、治療或立即見效。

所有廣告文案仍須依主管機關與專業人員審核。

你平常最常需要保養的是肩頸、腰背，還是腿部？",,#藥證可查 #品牌透明 #合法宣傳 #成分透明,,本產品為外用油膏，請依核准標示使用；若症狀持續或惡化，請諮詢醫師或藥師。,所有廣告文案仍須依主管機關與專業人員審核。,根治|治療疾病|消炎治本|打通經絡|一擦就好|保證有效|深層修復|替代藥物
Threads_LINE126,LINE126,Threads,2026-08-05,20:00,一條根可以天天厚敷嗎,G,低,pending_legal_pharmacist_review,false,一條根可以天天厚敷嗎,"一條根可以天天厚敷嗎，其實最容易被忽略的是「使用邊界」。

可以談的是：用問答降低誤用，讓使用者知道何時該詢問專業人員。不適合把外用油膏說成根治、治療或立即見效。

互動回答不取代醫師或藥師建議。

你平常最常需要保養的是肩頸、腰背，還是腿部？",,#互動問答 #保養知識 #使用小提醒 #金牌一條根,,本內容為一般生活保健資訊，非醫療診斷或治療建議。,互動回答不取代醫師或藥師建議。,根治|治療疾病|消炎治本|打通經絡|一擦就好|保證有效|深層修復|替代藥物
Threads_LINE127,LINE127,Threads,2026-08-06,12:00,運動後不要立刻熱敷加藥膏,C,中,pending_legal_pharmacist_review,false,運動後不要立刻熱敷加藥膏,"運動後不要立刻熱敷加藥膏，其實最容易被忽略的是「使用邊界」。

可以談的是：運動或勞動後的局部肌肉痠痛，可短期按摩舒緩。不適合把外用油膏說成根治、治療或立即見效。

明顯腫脹、劇痛、活動受限或疑似受傷時，請先就醫。

你平常最常需要保養的是肩頸、腰背，還是腿部？",,#運動後保養 #局部按摩 #肌肉痠痛 #依標示使用,,本產品為外用油膏，請依核准標示使用；若症狀持續或惡化，請諮詢醫師或藥師。,明顯腫脹、劇痛、活動受限或疑似受傷時，請先就醫。,根治|治療疾病|消炎治本|打通經絡|一擦就好|保證有效|深層修復|替代藥物
Threads_LINE128,LINE128,Threads,2026-08-06,20:00,使用前先小範圍測試,A,中,pending_legal_pharmacist_review,false,使用前先小範圍測試,"使用前先小範圍測試，其實最容易被忽略的是「使用邊界」。

可以談的是：依標示外用，提供局部按摩與暫時舒緩體感。不適合把外用油膏說成根治、治療或立即見效。

僅供外用；避免眼周、黏膜、破皮或傷口。

你平常最常需要保養的是肩頸、腰背，還是腿部？",,#金牌一條根 #外用油膏 #成分透明 #依標示使用,,本產品為外用油膏，請依核准標示使用；若症狀持續或惡化，請諮詢醫師或藥師。,僅供外用；避免眼周、黏膜、破皮或傷口。,根治|治療疾病|消炎治本|打通經絡|一擦就好|保證有效|深層修復|替代藥物
Threads_LINE129,LINE129,Threads,2026-08-07,12:00,長輩使用前先看標示,D,中,pending_legal_pharmacist_review,false,長輩使用前先看標示,"長輩使用前先看標示，其實最容易被忽略的是「使用邊界」。

可以談的是：輕微關節痠痛可短期舒緩，但不可宣稱治療疾病。不適合把外用油膏說成根治、治療或立即見效。

關節腫痛、紅熱、長期疼痛或行走困難，請就醫評估。

你平常最常需要保養的是肩頸、腰背，還是腿部？",,#銀髮保養 #活動舒適 #輕微痠痛 #依標示使用,,本產品為外用油膏，請依核准標示使用；若症狀持續或惡化，請諮詢醫師或藥師。,關節腫痛、紅熱、長期疼痛或行走困難，請就醫評估。,根治|治療疾病|消炎治本|打通經絡|一擦就好|保證有效|深層修復|替代藥物
Threads_LINE130,LINE130,Threads,2026-08-07,20:00,皮膚刺激時要停止使用,E,高,pending_legal_pharmacist_review,false,皮膚刺激時要停止使用,"皮膚刺激時要停止使用，其實最容易被忽略的是「使用邊界」。

可以談的是：安全使用比用得多更重要，依標示與風險族群提醒。不適合把外用油膏說成根治、治療或立即見效。

2 歲以下、孕哺、過敏體質、抗凝血藥使用者請先詢問專業人員。

你平常最常需要保養的是肩頸、腰背，還是腿部？",,#外用安全 #用藥安全 #使用前看標示 #諮詢醫師藥師,,僅供外用。避免接觸眼睛、黏膜、破皮或傷口；特殊族群使用前請先諮詢專業人員。,2 歲以下、孕哺、過敏體質、抗凝血藥使用者請先詢問專業人員。,根治|治療疾病|消炎治本|打通經絡|一擦就好|保證有效|深層修復|替代藥物
Threads_LINE131,LINE131,Threads,2026-08-08,12:00,寒露後肩背保養,F,低,pending_legal_pharmacist_review,false,寒露後肩背保養,"寒露後肩背保養，其實最容易被忽略的是「使用邊界」。

可以談的是：以生活保健與身體覺察為主，不做醫療療效宣稱。不適合把外用油膏說成根治、治療或立即見效。

節氣養生屬一般生活資訊，身體不適仍應諮詢專業人員。

你平常最常需要保養的是肩頸、腰背，還是腿部？",,#節氣保養 #生活保健 #日常保養 #身體覺察,,本內容為一般生活保健資訊，非醫療診斷或治療建議。,節氣養生屬一般生活資訊，身體不適仍應諮詢專業人員。,根治|治療疾病|消炎治本|打通經絡|一擦就好|保證有效|深層修復|替代藥物
Threads_LINE132,LINE132,Threads,2026-08-08,20:00,輕微拉扯後的觀察重點,C,中,pending_legal_pharmacist_review,false,輕微拉扯後的觀察重點,"輕微拉扯後的觀察重點，其實最容易被忽略的是「使用邊界」。

可以談的是：運動或勞動後的局部肌肉痠痛，可短期按摩舒緩。不適合把外用油膏說成根治、治療或立即見效。

明顯腫脹、劇痛、活動受限或疑似受傷時，請先就醫。

你平常最常需要保養的是肩頸、腰背，還是腿部？",,#運動後保養 #局部按摩 #肌肉痠痛 #依標示使用,,本產品為外用油膏，請依核准標示使用；若症狀持續或惡化，請諮詢醫師或藥師。,明顯腫脹、劇痛、活動受限或疑似受傷時，請先就醫。,根治|治療疾病|消炎治本|打通經絡|一擦就好|保證有效|深層修復|替代藥物
Threads_LINE133,LINE133,Threads,2026-08-09,12:00,擦完可以馬上熱敷嗎,G,低,pending_legal_pharmacist_review,false,擦完可以馬上熱敷嗎,"擦完可以馬上熱敷嗎，其實最容易被忽略的是「使用邊界」。

可以談的是：用問答降低誤用，讓使用者知道何時該詢問專業人員。不適合把外用油膏說成根治、治療或立即見效。

互動回答不取代醫師或藥師建議。

你平常最常需要保養的是肩頸、腰背，還是腿部？",,#互動問答 #保養知識 #使用小提醒 #金牌一條根,,本內容為一般生活保健資訊，非醫療診斷或治療建議。,互動回答不取代醫師或藥師建議。,根治|治療疾病|消炎治本|打通經絡|一擦就好|保證有效|深層修復|替代藥物
Threads_LINE134,LINE134,Threads,2026-08-09,20:00,別把長期疼痛只當小問題,D,中,pending_legal_pharmacist_review,false,別把長期疼痛只當小問題,"別把長期疼痛只當小問題，其實最容易被忽略的是「使用邊界」。

可以談的是：輕微關節痠痛可短期舒緩，但不可宣稱治療疾病。不適合把外用油膏說成根治、治療或立即見效。

關節腫痛、紅熱、長期疼痛或行走困難，請就醫評估。

你平常最常需要保養的是肩頸、腰背，還是腿部？",,#銀髮保養 #活動舒適 #輕微痠痛 #依標示使用,,本產品為外用油膏，請依核准標示使用；若症狀持續或惡化，請諮詢醫師或藥師。,關節腫痛、紅熱、長期疼痛或行走困難，請就醫評估。,根治|治療疾病|消炎治本|打通經絡|一擦就好|保證有效|深層修復|替代藥物
Threads_LINE135,LINE135,Threads,2026-08-10,12:00,冷氣房肩頸緊繃保養,B,低,pending_legal_pharmacist_review,false,冷氣房肩頸緊繃保養,"冷氣房肩頸緊繃保養，其實最容易被忽略的是「使用邊界」。

可以談的是：久坐低頭後，可搭配伸展與局部按摩舒緩緊繃不適。不適合把外用油膏說成根治、治療或立即見效。

若痠痛持續、麻木或影響活動，請諮詢醫師或藥師。

你平常最常需要保養的是肩頸、腰背，還是腿部？",,#肩頸保養 #久坐族 #日常舒緩 #依標示使用,,本內容為一般生活保健資訊，非醫療診斷或治療建議。,若痠痛持續、麻木或影響活動，請諮詢醫師或藥師。,根治|治療疾病|消炎治本|打通經絡|一擦就好|保證有效|深層修復|替代藥物
Threads_LINE136,LINE136,Threads,2026-08-10,20:00,產品不是神藥，定位要講清楚,A,中,pending_legal_pharmacist_review,false,產品不是神藥，定位要講清楚,"產品不是神藥，定位要講清楚，其實最容易被忽略的是「使用邊界」。

可以談的是：依標示外用，提供局部按摩與暫時舒緩體感。不適合把外用油膏說成根治、治療或立即見效。

僅供外用；避免眼周、黏膜、破皮或傷口。

你平常最常需要保養的是肩頸、腰背，還是腿部？",,#金牌一條根 #外用油膏 #成分透明 #依標示使用,,本產品為外用油膏，請依核准標示使用；若症狀持續或惡化，請諮詢醫師或藥師。,僅供外用；避免眼周、黏膜、破皮或傷口。,根治|治療疾病|消炎治本|打通經絡|一擦就好|保證有效|深層修復|替代藥物
Threads_LINE137,LINE137,Threads,2026-08-11,12:00,立冬前後的日常舒緩儀式,F,低,pending_legal_pharmacist_review,false,立冬前後的日常舒緩儀式,"立冬前後的日常舒緩儀式，其實最容易被忽略的是「使用邊界」。

可以談的是：以生活保健與身體覺察為主，不做醫療療效宣稱。不適合把外用油膏說成根治、治療或立即見效。

節氣養生屬一般生活資訊，身體不適仍應諮詢專業人員。

你平常最常需要保養的是肩頸、腰背，還是腿部？",,#節氣保養 #生活保健 #日常保養 #身體覺察,,本內容為一般生活保健資訊，非醫療診斷或治療建議。,節氣養生屬一般生活資訊，身體不適仍應諮詢專業人員。,根治|治療疾病|消炎治本|打通經絡|一擦就好|保證有效|深層修復|替代藥物
Threads_LINE138,LINE138,Threads,2026-08-11,20:00,深層症狀不適合自行處理,E,高,pending_legal_pharmacist_review,false,深層症狀不適合自行處理,"深層症狀不適合自行處理，其實最容易被忽略的是「使用邊界」。

可以談的是：安全使用比用得多更重要，依標示與風險族群提醒。不適合把外用油膏說成根治、治療或立即見效。

2 歲以下、孕哺、過敏體質、抗凝血藥使用者請先詢問專業人員。

你平常最常需要保養的是肩頸、腰背，還是腿部？",,#外用安全 #用藥安全 #使用前看標示 #諮詢醫師藥師,,僅供外用。避免接觸眼睛、黏膜、破皮或傷口；特殊族群使用前請先諮詢專業人員。,2 歲以下、孕哺、過敏體質、抗凝血藥使用者請先詢問專業人員。,根治|治療疾病|消炎治本|打通經絡|一擦就好|保證有效|深層修復|替代藥物
Threads_LINE139,LINE139,Threads,2026-08-12,12:00,買外用膏先看三件事,H,中,pending_legal_pharmacist_review,false,買外用膏先看三件事,"買外用膏先看三件事，其實最容易被忽略的是「使用邊界」。

可以談的是：強調藥證、標示、保守宣稱與人工審核流程。不適合把外用油膏說成根治、治療或立即見效。

所有廣告文案仍須依主管機關與專業人員審核。

你平常最常需要保養的是肩頸、腰背，還是腿部？",,#藥證可查 #品牌透明 #合法宣傳 #成分透明,,本產品為外用油膏，請依核准標示使用；若症狀持續或惡化，請諮詢醫師或藥師。,所有廣告文案仍須依主管機關與專業人員審核。,根治|治療疾病|消炎治本|打通經絡|一擦就好|保證有效|深層修復|替代藥物
Threads_LINE140,LINE140,Threads,2026-08-12,20:00,哪些情況應該先就醫,G,低,pending_legal_pharmacist_review,false,哪些情況應該先就醫,"哪些情況應該先就醫，其實最容易被忽略的是「使用邊界」。

可以談的是：用問答降低誤用，讓使用者知道何時該詢問專業人員。不適合把外用油膏說成根治、治療或立即見效。

互動回答不取代醫師或藥師建議。

你平常最常需要保養的是肩頸、腰背，還是腿部？",,#互動問答 #保養知識 #使用小提醒 #金牌一條根,,本內容為一般生活保健資訊，非醫療診斷或治療建議。,互動回答不取代醫師或藥師建議。,根治|治療疾病|消炎治本|打通經絡|一擦就好|保證有效|深層修復|替代藥物
Threads_LINE141,LINE141,Threads,2026-08-13,12:00,運動後局部痠痛的保守處理,C,中,pending_legal_pharmacist_review,false,運動後局部痠痛的保守處理,"運動後局部痠痛的保守處理，其實最容易被忽略的是「使用邊界」。

可以談的是：運動或勞動後的局部肌肉痠痛，可短期按摩舒緩。不適合把外用油膏說成根治、治療或立即見效。

明顯腫脹、劇痛、活動受限或疑似受傷時，請先就醫。

你平常最常需要保養的是肩頸、腰背，還是腿部？",,#運動後保養 #局部按摩 #肌肉痠痛 #依標示使用,,本產品為外用油膏，請依核准標示使用；若症狀持續或惡化，請諮詢醫師或藥師。,明顯腫脹、劇痛、活動受限或疑似受傷時，請先就醫。,根治|治療疾病|消炎治本|打通經絡|一擦就好|保證有效|深層修復|替代藥物
Threads_LINE142,LINE142,Threads,2026-08-13,20:00,冬青油與清涼舒緩體感,A,中,pending_legal_pharmacist_review,false,冬青油與清涼舒緩體感,"冬青油與清涼舒緩體感，其實最容易被忽略的是「使用邊界」。

可以談的是：依標示外用，提供局部按摩與暫時舒緩體感。不適合把外用油膏說成根治、治療或立即見效。

僅供外用；避免眼周、黏膜、破皮或傷口。

你平常最常需要保養的是肩頸、腰背，還是腿部？",,#金牌一條根 #外用油膏 #成分透明 #依標示使用,,本產品為外用油膏，請依核准標示使用；若症狀持續或惡化，請諮詢醫師或藥師。,僅供外用；避免眼周、黏膜、破皮或傷口。,根治|治療疾病|消炎治本|打通經絡|一擦就好|保證有效|深層修復|替代藥物
Threads_LINE143,LINE143,Threads,2026-08-14,12:00,早晨活動前的關節暖身,D,中,pending_legal_pharmacist_review,false,早晨活動前的關節暖身,"早晨活動前的關節暖身，其實最容易被忽略的是「使用邊界」。

可以談的是：輕微關節痠痛可短期舒緩，但不可宣稱治療疾病。不適合把外用油膏說成根治、治療或立即見效。

關節腫痛、紅熱、長期疼痛或行走困難，請就醫評估。

你平常最常需要保養的是肩頸、腰背，還是腿部？",,#銀髮保養 #活動舒適 #輕微痠痛 #依標示使用,,本產品為外用油膏，請依核准標示使用；若症狀持續或惡化，請諮詢醫師或藥師。,關節腫痛、紅熱、長期疼痛或行走困難，請就醫評估。,根治|治療疾病|消炎治本|打通經絡|一擦就好|保證有效|深層修復|替代藥物
Threads_LINE144,LINE144,Threads,2026-08-14,20:00,不能擦在破皮或傷口,E,高,pending_legal_pharmacist_review,false,不能擦在破皮或傷口,"不能擦在破皮或傷口，其實最容易被忽略的是「使用邊界」。

可以談的是：安全使用比用得多更重要，依標示與風險族群提醒。不適合把外用油膏說成根治、治療或立即見效。

2 歲以下、孕哺、過敏體質、抗凝血藥使用者請先詢問專業人員。

你平常最常需要保養的是肩頸、腰背，還是腿部？",,#外用安全 #用藥安全 #使用前看標示 #諮詢醫師藥師,,僅供外用。避免接觸眼睛、黏膜、破皮或傷口；特殊族群使用前請先諮詢專業人員。,2 歲以下、孕哺、過敏體質、抗凝血藥使用者請先詢問專業人員。,根治|治療疾病|消炎治本|打通經絡|一擦就好|保證有效|深層修復|替代藥物
Threads_LINE145,LINE145,Threads,2026-08-15,12:00,芒種後濕熱生活保養,F,低,pending_legal_pharmacist_review,false,芒種後濕熱生活保養,"芒種後濕熱生活保養，其實最容易被忽略的是「使用邊界」。

可以談的是：以生活保健與身體覺察為主，不做醫療療效宣稱。不適合把外用油膏說成根治、治療或立即見效。

節氣養生屬一般生活資訊，身體不適仍應諮詢專業人員。

你平常最常需要保養的是肩頸、腰背，還是腿部？",,#節氣保養 #生活保健 #日常保養 #身體覺察,,本內容為一般生活保健資訊，非醫療診斷或治療建議。,節氣養生屬一般生活資訊，身體不適仍應諮詢專業人員。,根治|治療疾病|消炎治本|打通經絡|一擦就好|保證有效|深層修復|替代藥物
Threads_LINE146,LINE146,Threads,2026-08-15,20:00,久站後小腿不適舒緩,C,中,pending_legal_pharmacist_review,false,久站後小腿不適舒緩,"久站後小腿不適舒緩，其實最容易被忽略的是「使用邊界」。

可以談的是：運動或勞動後的局部肌肉痠痛，可短期按摩舒緩。不適合把外用油膏說成根治、治療或立即見效。

明顯腫脹、劇痛、活動受限或疑似受傷時，請先就醫。

你平常最常需要保養的是肩頸、腰背，還是腿部？",,#運動後保養 #局部按摩 #肌肉痠痛 #依標示使用,,本產品為外用油膏，請依核准標示使用；若症狀持續或惡化，請諮詢醫師或藥師。,明顯腫脹、劇痛、活動受限或疑似受傷時，請先就醫。,根治|治療疾病|消炎治本|打通經絡|一擦就好|保證有效|深層修復|替代藥物
Threads_LINE147,LINE147,Threads,2026-08-16,12:00,你最常哪個部位緊繃,G,低,pending_legal_pharmacist_review,false,你最常哪個部位緊繃,"你最常哪個部位緊繃，其實最容易被忽略的是「使用邊界」。

可以談的是：用問答降低誤用，讓使用者知道何時該詢問專業人員。不適合把外用油膏說成根治、治療或立即見效。

互動回答不取代醫師或藥師建議。

你平常最常需要保養的是肩頸、腰背，還是腿部？",,#互動問答 #保養知識 #使用小提醒 #金牌一條根,,本內容為一般生活保健資訊，非醫療診斷或治療建議。,互動回答不取代醫師或藥師建議。,根治|治療疾病|消炎治本|打通經絡|一擦就好|保證有效|深層修復|替代藥物
Threads_LINE148,LINE148,Threads,2026-08-16,20:00,長輩外用膏使用安全,D,中,pending_legal_pharmacist_review,false,長輩外用膏使用安全,"長輩外用膏使用安全，其實最容易被忽略的是「使用邊界」。

可以談的是：輕微關節痠痛可短期舒緩，但不可宣稱治療疾病。不適合把外用油膏說成根治、治療或立即見效。

關節腫痛、紅熱、長期疼痛或行走困難，請就醫評估。

你平常最常需要保養的是肩頸、腰背，還是腿部？",,#銀髮保養 #活動舒適 #輕微痠痛 #依標示使用,,本產品為外用油膏，請依核准標示使用；若症狀持續或惡化，請諮詢醫師或藥師。,關節腫痛、紅熱、長期疼痛或行走困難，請就醫評估。,根治|治療疾病|消炎治本|打通經絡|一擦就好|保證有效|深層修復|替代藥物
Threads_LINE149,LINE149,Threads,2026-08-17,12:00,低頭族肩頸緊繃的三個提醒,B,低,pending_legal_pharmacist_review,false,低頭族肩頸緊繃的三個提醒,"低頭族肩頸緊繃的三個提醒，其實最容易被忽略的是「使用邊界」。

可以談的是：久坐低頭後，可搭配伸展與局部按摩舒緩緊繃不適。不適合把外用油膏說成根治、治療或立即見效。

若痠痛持續、麻木或影響活動，請諮詢醫師或藥師。

你平常最常需要保養的是肩頸、腰背，還是腿部？",,#肩頸保養 #久坐族 #日常舒緩 #依標示使用,,本內容為一般生活保健資訊，非醫療診斷或治療建議。,若痠痛持續、麻木或影響活動，請諮詢醫師或藥師。,根治|治療疾病|消炎治本|打通經絡|一擦就好|保證有效|深層修復|替代藥物
Threads_LINE150,LINE150,Threads,2026-08-17,20:00,薄荷腦帶來的涼感來源,A,中,pending_legal_pharmacist_review,false,薄荷腦帶來的涼感來源,"薄荷腦帶來的涼感來源，其實最容易被忽略的是「使用邊界」。

可以談的是：依標示外用，提供局部按摩與暫時舒緩體感。不適合把外用油膏說成根治、治療或立即見效。

僅供外用；避免眼周、黏膜、破皮或傷口。

你平常最常需要保養的是肩頸、腰背，還是腿部？",,#金牌一條根 #外用油膏 #成分透明 #依標示使用,,本產品為外用油膏，請依核准標示使用；若症狀持續或惡化，請諮詢醫師或藥師。,僅供外用；避免眼周、黏膜、破皮或傷口。,根治|治療疾病|消炎治本|打通經絡|一擦就好|保證有效|深層修復|替代藥物
Threads_LINE151,LINE151,Threads,2026-08-18,12:00,夏季冷氣房的肩頸保養,F,低,pending_legal_pharmacist_review,false,夏季冷氣房的肩頸保養,"夏季冷氣房的肩頸保養，其實最容易被忽略的是「使用邊界」。

可以談的是：以生活保健與身體覺察為主，不做醫療療效宣稱。不適合把外用油膏說成根治、治療或立即見效。

節氣養生屬一般生活資訊，身體不適仍應諮詢專業人員。

你平常最常需要保養的是肩頸、腰背，還是腿部？",,#節氣保養 #生活保健 #日常保養 #身體覺察,,本內容為一般生活保健資訊，非醫療診斷或治療建議。,節氣養生屬一般生活資訊，身體不適仍應諮詢專業人員。,根治|治療疾病|消炎治本|打通經絡|一擦就好|保證有效|深層修復|替代藥物
Threads_LINE152,LINE152,Threads,2026-08-18,20:00,外用膏避免眼周與黏膜,E,高,pending_legal_pharmacist_review,false,外用膏避免眼周與黏膜,"外用膏避免眼周與黏膜，其實最容易被忽略的是「使用邊界」。

可以談的是：安全使用比用得多更重要，依標示與風險族群提醒。不適合把外用油膏說成根治、治療或立即見效。

2 歲以下、孕哺、過敏體質、抗凝血藥使用者請先詢問專業人員。

你平常最常需要保養的是肩頸、腰背，還是腿部？",,#外用安全 #用藥安全 #使用前看標示 #諮詢醫師藥師,,僅供外用。避免接觸眼睛、黏膜、破皮或傷口；特殊族群使用前請先諮詢專業人員。,2 歲以下、孕哺、過敏體質、抗凝血藥使用者請先詢問專業人員。,根治|治療疾病|消炎治本|打通經絡|一擦就好|保證有效|深層修復|替代藥物
Threads_LINE153,LINE153,Threads,2026-08-19,12:00,為什麼我們不說神效,H,中,pending_legal_pharmacist_review,false,為什麼我們不說神效,"為什麼我們不說神效，其實最容易被忽略的是「使用邊界」。

可以談的是：強調藥證、標示、保守宣稱與人工審核流程。不適合把外用油膏說成根治、治療或立即見效。

所有廣告文案仍須依主管機關與專業人員審核。

你平常最常需要保養的是肩頸、腰背，還是腿部？",,#藥證可查 #品牌透明 #合法宣傳 #成分透明,,本產品為外用油膏，請依核准標示使用；若症狀持續或惡化，請諮詢醫師或藥師。,所有廣告文案仍須依主管機關與專業人員審核。,根治|治療疾病|消炎治本|打通經絡|一擦就好|保證有效|深層修復|替代藥物
Threads_LINE154,LINE154,Threads,2026-08-19,20:00,你習慣運動前還是運動後保養,G,低,pending_legal_pharmacist_review,false,你習慣運動前還是運動後保養,"你習慣運動前還是運動後保養，其實最容易被忽略的是「使用邊界」。

可以談的是：用問答降低誤用，讓使用者知道何時該詢問專業人員。不適合把外用油膏說成根治、治療或立即見效。

互動回答不取代醫師或藥師建議。

你平常最常需要保養的是肩頸、腰背，還是腿部？",,#互動問答 #保養知識 #使用小提醒 #金牌一條根,,本內容為一般生活保健資訊，非醫療診斷或治療建議。,互動回答不取代醫師或藥師建議。,根治|治療疾病|消炎治本|打通經絡|一擦就好|保證有效|深層修復|替代藥物
Threads_LINE155,LINE155,Threads,2026-08-20,12:00,搬重物後腰背保養,C,中,pending_legal_pharmacist_review,false,搬重物後腰背保養,"搬重物後腰背保養，其實最容易被忽略的是「使用邊界」。

可以談的是：運動或勞動後的局部肌肉痠痛，可短期按摩舒緩。不適合把外用油膏說成根治、治療或立即見效。

明顯腫脹、劇痛、活動受限或疑似受傷時，請先就醫。

你平常最常需要保養的是肩頸、腰背，還是腿部？",,#運動後保養 #局部按摩 #肌肉痠痛 #依標示使用,,本產品為外用油膏，請依核准標示使用；若症狀持續或惡化，請諮詢醫師或藥師。,明顯腫脹、劇痛、活動受限或疑似受傷時，請先就醫。,根治|治療疾病|消炎治本|打通經絡|一擦就好|保證有效|深層修復|替代藥物
Threads_LINE156,LINE156,Threads,2026-08-20,20:00,樟腦外用時的注意界線,A,中,pending_legal_pharmacist_review,false,樟腦外用時的注意界線,"樟腦外用時的注意界線，其實最容易被忽略的是「使用邊界」。

可以談的是：依標示外用，提供局部按摩與暫時舒緩體感。不適合把外用油膏說成根治、治療或立即見效。

僅供外用；避免眼周、黏膜、破皮或傷口。

你平常最常需要保養的是肩頸、腰背，還是腿部？",,#金牌一條根 #外用油膏 #成分透明 #依標示使用,,本產品為外用油膏，請依核准標示使用；若症狀持續或惡化，請諮詢醫師或藥師。,僅供外用；避免眼周、黏膜、破皮或傷口。,根治|治療疾病|消炎治本|打通經絡|一擦就好|保證有效|深層修復|替代藥物
Threads_LINE157,LINE157,Threads,2026-08-21,12:00,輕微關節痠痛與疾病治療要分開,D,中,pending_legal_pharmacist_review,false,輕微關節痠痛與疾病治療要分開,"輕微關節痠痛與疾病治療要分開，其實最容易被忽略的是「使用邊界」。

可以談的是：輕微關節痠痛可短期舒緩，但不可宣稱治療疾病。不適合把外用油膏說成根治、治療或立即見效。

關節腫痛、紅熱、長期疼痛或行走困難，請就醫評估。

你平常最常需要保養的是肩頸、腰背，還是腿部？",,#銀髮保養 #活動舒適 #輕微痠痛 #依標示使用,,本產品為外用油膏，請依核准標示使用；若症狀持續或惡化，請諮詢醫師或藥師。,關節腫痛、紅熱、長期疼痛或行走困難，請就醫評估。,根治|治療疾病|消炎治本|打通經絡|一擦就好|保證有效|深層修復|替代藥物
Threads_LINE158,LINE158,Threads,2026-08-21,20:00,不要搭配熱敷墊或電毯,E,高,pending_legal_pharmacist_review,false,不要搭配熱敷墊或電毯,"不要搭配熱敷墊或電毯，其實最容易被忽略的是「使用邊界」。

可以談的是：安全使用比用得多更重要，依標示與風險族群提醒。不適合把外用油膏說成根治、治療或立即見效。

2 歲以下、孕哺、過敏體質、抗凝血藥使用者請先詢問專業人員。

你平常最常需要保養的是肩頸、腰背，還是腿部？",,#外用安全 #用藥安全 #使用前看標示 #諮詢醫師藥師,,僅供外用。避免接觸眼睛、黏膜、破皮或傷口；特殊族群使用前請先諮詢專業人員。,2 歲以下、孕哺、過敏體質、抗凝血藥使用者請先詢問專業人員。,根治|治療疾病|消炎治本|打通經絡|一擦就好|保證有效|深層修復|替代藥物
Threads_LINE159,LINE159,Threads,2026-08-22,12:00,小暑前後活動舒適提醒,F,低,pending_legal_pharmacist_review,false,小暑前後活動舒適提醒,"小暑前後活動舒適提醒，其實最容易被忽略的是「使用邊界」。

可以談的是：以生活保健與身體覺察為主，不做醫療療效宣稱。不適合把外用油膏說成根治、治療或立即見效。

節氣養生屬一般生活資訊，身體不適仍應諮詢專業人員。

你平常最常需要保養的是肩頸、腰背，還是腿部？",,#節氣保養 #生活保健 #日常保養 #身體覺察,,本內容為一般生活保健資訊，非醫療診斷或治療建議。,節氣養生屬一般生活資訊，身體不適仍應諮詢專業人員。,根治|治療疾病|消炎治本|打通經絡|一擦就好|保證有效|深層修復|替代藥物
Threads_LINE160,LINE160,Threads,2026-08-22,20:00,爬山後腿部按摩提醒,C,中,pending_legal_pharmacist_review,false,爬山後腿部按摩提醒,"爬山後腿部按摩提醒，其實最容易被忽略的是「使用邊界」。

可以談的是：運動或勞動後的局部肌肉痠痛，可短期按摩舒緩。不適合把外用油膏說成根治、治療或立即見效。

明顯腫脹、劇痛、活動受限或疑似受傷時，請先就醫。

你平常最常需要保養的是肩頸、腰背，還是腿部？",,#運動後保養 #局部按摩 #肌肉痠痛 #依標示使用,,本產品為外用油膏，請依核准標示使用；若症狀持續或惡化，請諮詢醫師或藥師。,明顯腫脹、劇痛、活動受限或疑似受傷時，請先就醫。,根治|治療疾病|消炎治本|打通經絡|一擦就好|保證有效|深層修復|替代藥物
Threads_LINE161,LINE161,Threads,2026-08-23,12:00,外用膏一次擦多少才剛好,G,低,pending_legal_pharmacist_review,false,外用膏一次擦多少才剛好,"外用膏一次擦多少才剛好，其實最容易被忽略的是「使用邊界」。

可以談的是：用問答降低誤用，讓使用者知道何時該詢問專業人員。不適合把外用油膏說成根治、治療或立即見效。

互動回答不取代醫師或藥師建議。

你平常最常需要保養的是肩頸、腰背，還是腿部？",,#互動問答 #保養知識 #使用小提醒 #金牌一條根,,本內容為一般生活保健資訊，非醫療診斷或治療建議。,互動回答不取代醫師或藥師建議。,根治|治療疾病|消炎治本|打通經絡|一擦就好|保證有效|深層修復|替代藥物
Threads_LINE162,LINE162,Threads,2026-08-23,20:00,散步後的膝周保養,D,中,pending_legal_pharmacist_review,false,散步後的膝周保養,"散步後的膝周保養，其實最容易被忽略的是「使用邊界」。

可以談的是：輕微關節痠痛可短期舒緩，但不可宣稱治療疾病。不適合把外用油膏說成根治、治療或立即見效。

關節腫痛、紅熱、長期疼痛或行走困難，請就醫評估。

你平常最常需要保養的是肩頸、腰背，還是腿部？",,#銀髮保養 #活動舒適 #輕微痠痛 #依標示使用,,本產品為外用油膏，請依核准標示使用；若症狀持續或惡化，請諮詢醫師或藥師。,關節腫痛、紅熱、長期疼痛或行走困難，請就醫評估。,根治|治療疾病|消炎治本|打通經絡|一擦就好|保證有效|深層修復|替代藥物
Threads_LINE163,LINE163,Threads,2026-08-24,12:00,午休前的肩頸放鬆流程,B,低,pending_legal_pharmacist_review,false,午休前的肩頸放鬆流程,"午休前的肩頸放鬆流程，其實最容易被忽略的是「使用邊界」。

可以談的是：久坐低頭後，可搭配伸展與局部按摩舒緩緊繃不適。不適合把外用油膏說成根治、治療或立即見效。

若痠痛持續、麻木或影響活動，請諮詢醫師或藥師。

你平常最常需要保養的是肩頸、腰背，還是腿部？",,#肩頸保養 #久坐族 #日常舒緩 #依標示使用,,本內容為一般生活保健資訊，非醫療診斷或治療建議。,若痠痛持續、麻木或影響活動，請諮詢醫師或藥師。,根治|治療疾病|消炎治本|打通經絡|一擦就好|保證有效|深層修復|替代藥物
Threads_LINE164,LINE164,Threads,2026-08-24,20:00,油膏劑為什麼適合局部按摩,A,中,pending_legal_pharmacist_review,false,油膏劑為什麼適合局部按摩,"油膏劑為什麼適合局部按摩，其實最容易被忽略的是「使用邊界」。

可以談的是：依標示外用，提供局部按摩與暫時舒緩體感。不適合把外用油膏說成根治、治療或立即見效。

僅供外用；避免眼周、黏膜、破皮或傷口。

你平常最常需要保養的是肩頸、腰背，還是腿部？",,#金牌一條根 #外用油膏 #成分透明 #依標示使用,,本產品為外用油膏，請依核准標示使用；若症狀持續或惡化，請諮詢醫師或藥師。,僅供外用；避免眼周、黏膜、破皮或傷口。,根治|治療疾病|消炎治本|打通經絡|一擦就好|保證有效|深層修復|替代藥物
Threads_LINE165,LINE165,Threads,2026-08-25,12:00,大暑午後少久站硬撐,F,低,pending_legal_pharmacist_review,false,大暑午後少久站硬撐,"大暑午後少久站硬撐，其實最容易被忽略的是「使用邊界」。

可以談的是：以生活保健與身體覺察為主，不做醫療療效宣稱。不適合把外用油膏說成根治、治療或立即見效。

節氣養生屬一般生活資訊，身體不適仍應諮詢專業人員。

你平常最常需要保養的是肩頸、腰背，還是腿部？",,#節氣保養 #生活保健 #日常保養 #身體覺察,,本內容為一般生活保健資訊，非醫療診斷或治療建議。,節氣養生屬一般生活資訊，身體不適仍應諮詢專業人員。,根治|治療疾病|消炎治本|打通經絡|一擦就好|保證有效|深層修復|替代藥物
Threads_LINE166,LINE166,Threads,2026-08-25,20:00,不要密封包紮或大面積厚敷,E,高,pending_legal_pharmacist_review,false,不要密封包紮或大面積厚敷,"不要密封包紮或大面積厚敷，其實最容易被忽略的是「使用邊界」。

可以談的是：安全使用比用得多更重要，依標示與風險族群提醒。不適合把外用油膏說成根治、治療或立即見效。

2 歲以下、孕哺、過敏體質、抗凝血藥使用者請先詢問專業人員。

你平常最常需要保養的是肩頸、腰背，還是腿部？",,#外用安全 #用藥安全 #使用前看標示 #諮詢醫師藥師,,僅供外用。避免接觸眼睛、黏膜、破皮或傷口；特殊族群使用前請先諮詢專業人員。,2 歲以下、孕哺、過敏體質、抗凝血藥使用者請先詢問專業人員。,根治|治療疾病|消炎治本|打通經絡|一擦就好|保證有效|深層修復|替代藥物
Threads_LINE167,LINE167,Threads,2026-08-26,12:00,藥證可查代表什麼,H,中,pending_legal_pharmacist_review,false,藥證可查代表什麼,"藥證可查代表什麼，其實最容易被忽略的是「使用邊界」。

可以談的是：強調藥證、標示、保守宣稱與人工審核流程。不適合把外用油膏說成根治、治療或立即見效。

所有廣告文案仍須依主管機關與專業人員審核。

你平常最常需要保養的是肩頸、腰背，還是腿部？",,#藥證可查 #品牌透明 #合法宣傳 #成分透明,,本產品為外用油膏，請依核准標示使用；若症狀持續或惡化，請諮詢醫師或藥師。,所有廣告文案仍須依主管機關與專業人員審核。,根治|治療疾病|消炎治本|打通經絡|一擦就好|保證有效|深層修復|替代藥物
Threads_LINE168,LINE168,Threads,2026-08-26,20:00,涼感越強越有效嗎,G,低,pending_legal_pharmacist_review,false,涼感越強越有效嗎,"涼感越強越有效嗎，其實最容易被忽略的是「使用邊界」。

可以談的是：用問答降低誤用，讓使用者知道何時該詢問專業人員。不適合把外用油膏說成根治、治療或立即見效。

互動回答不取代醫師或藥師建議。

你平常最常需要保養的是肩頸、腰背，還是腿部？",,#互動問答 #保養知識 #使用小提醒 #金牌一條根,,本內容為一般生活保健資訊，非醫療診斷或治療建議。,互動回答不取代醫師或藥師建議。,根治|治療疾病|消炎治本|打通經絡|一擦就好|保證有效|深層修復|替代藥物
Threads_LINE169,LINE169,Threads,2026-08-27,12:00,重訓後肩背局部舒緩,C,中,pending_legal_pharmacist_review,false,重訓後肩背局部舒緩,"重訓後肩背局部舒緩，其實最容易被忽略的是「使用邊界」。

可以談的是：運動或勞動後的局部肌肉痠痛，可短期按摩舒緩。不適合把外用油膏說成根治、治療或立即見效。

明顯腫脹、劇痛、活動受限或疑似受傷時，請先就醫。

你平常最常需要保養的是肩頸、腰背，還是腿部？",,#運動後保養 #局部按摩 #肌肉痠痛 #依標示使用,,本產品為外用油膏，請依核准標示使用；若症狀持續或惡化，請諮詢醫師或藥師。,明顯腫脹、劇痛、活動受限或疑似受傷時，請先就醫。,根治|治療疾病|消炎治本|打通經絡|一擦就好|保證有效|深層修復|替代藥物
Threads_LINE170,LINE170,Threads,2026-08-27,20:00,乙類成藥與一般保健品差異,A,中,pending_legal_pharmacist_review,false,乙類成藥與一般保健品差異,"乙類成藥與一般保健品差異，其實最容易被忽略的是「使用邊界」。

可以談的是：依標示外用，提供局部按摩與暫時舒緩體感。不適合把外用油膏說成根治、治療或立即見效。

僅供外用；避免眼周、黏膜、破皮或傷口。

你平常最常需要保養的是肩頸、腰背，還是腿部？",,#金牌一條根 #外用油膏 #成分透明 #依標示使用,,本產品為外用油膏，請依核准標示使用；若症狀持續或惡化，請諮詢醫師或藥師。,僅供外用；避免眼周、黏膜、破皮或傷口。,根治|治療疾病|消炎治本|打通經絡|一擦就好|保證有效|深層修復|替代藥物
Threads_LINE171,LINE171,Threads,2026-08-28,12:00,天氣變化時的活動舒適感,D,中,pending_legal_pharmacist_review,false,天氣變化時的活動舒適感,"天氣變化時的活動舒適感，其實最容易被忽略的是「使用邊界」。

可以談的是：輕微關節痠痛可短期舒緩，但不可宣稱治療疾病。不適合把外用油膏說成根治、治療或立即見效。

關節腫痛、紅熱、長期疼痛或行走困難，請就醫評估。

你平常最常需要保養的是肩頸、腰背，還是腿部？",,#銀髮保養 #活動舒適 #輕微痠痛 #依標示使用,,本產品為外用油膏，請依核准標示使用；若症狀持續或惡化，請諮詢醫師或藥師。,關節腫痛、紅熱、長期疼痛或行走困難，請就醫評估。,根治|治療疾病|消炎治本|打通經絡|一擦就好|保證有效|深層修復|替代藥物
Threads_LINE172,LINE172,Threads,2026-08-28,20:00,水楊酸或阿斯匹靈過敏者注意,E,高,pending_legal_pharmacist_review,false,水楊酸或阿斯匹靈過敏者注意,"水楊酸或阿斯匹靈過敏者注意，其實最容易被忽略的是「使用邊界」。

可以談的是：安全使用比用得多更重要，依標示與風險族群提醒。不適合把外用油膏說成根治、治療或立即見效。

2 歲以下、孕哺、過敏體質、抗凝血藥使用者請先詢問專業人員。

你平常最常需要保養的是肩頸、腰背，還是腿部？",,#外用安全 #用藥安全 #使用前看標示 #諮詢醫師藥師,,僅供外用。避免接觸眼睛、黏膜、破皮或傷口；特殊族群使用前請先諮詢專業人員。,2 歲以下、孕哺、過敏體質、抗凝血藥使用者請先詢問專業人員。,根治|治療疾病|消炎治本|打通經絡|一擦就好|保證有效|深層修復|替代藥物
Threads_LINE173,LINE173,Threads,2026-08-29,12:00,立秋後早晚溫差保養,F,低,pending_legal_pharmacist_review,false,立秋後早晚溫差保養,"立秋後早晚溫差保養，其實最容易被忽略的是「使用邊界」。

可以談的是：以生活保健與身體覺察為主，不做醫療療效宣稱。不適合把外用油膏說成根治、治療或立即見效。

節氣養生屬一般生活資訊，身體不適仍應諮詢專業人員。

你平常最常需要保養的是肩頸、腰背，還是腿部？",,#節氣保養 #生活保健 #日常保養 #身體覺察,,本內容為一般生活保健資訊，非醫療診斷或治療建議。,節氣養生屬一般生活資訊，身體不適仍應諮詢專業人員。,根治|治療疾病|消炎治本|打通經絡|一擦就好|保證有效|深層修復|替代藥物
Threads_LINE174,LINE174,Threads,2026-08-29,20:00,家事後手臂不適保養,C,中,pending_legal_pharmacist_review,false,家事後手臂不適保養,"家事後手臂不適保養，其實最容易被忽略的是「使用邊界」。

可以談的是：運動或勞動後的局部肌肉痠痛，可短期按摩舒緩。不適合把外用油膏說成根治、治療或立即見效。

明顯腫脹、劇痛、活動受限或疑似受傷時，請先就醫。

你平常最常需要保養的是肩頸、腰背，還是腿部？",,#運動後保養 #局部按摩 #肌肉痠痛 #依標示使用,,本產品為外用油膏，請依核准標示使用；若症狀持續或惡化，請諮詢醫師或藥師。,明顯腫脹、劇痛、活動受限或疑似受傷時，請先就醫。,根治|治療疾病|消炎治本|打通經絡|一擦就好|保證有效|深層修復|替代藥物
Threads_LINE175,LINE175,Threads,2026-08-30,12:00,你有看過外用產品標示嗎,G,低,pending_legal_pharmacist_review,false,你有看過外用產品標示嗎,"你有看過外用產品標示嗎，其實最容易被忽略的是「使用邊界」。

可以談的是：用問答降低誤用，讓使用者知道何時該詢問專業人員。不適合把外用油膏說成根治、治療或立即見效。

互動回答不取代醫師或藥師建議。

你平常最常需要保養的是肩頸、腰背，還是腿部？",,#互動問答 #保養知識 #使用小提醒 #金牌一條根,,本內容為一般生活保健資訊，非醫療診斷或治療建議。,互動回答不取代醫師或藥師建議。,根治|治療疾病|消炎治本|打通經絡|一擦就好|保證有效|深層修復|替代藥物
Threads_LINE176,LINE176,Threads,2026-08-30,20:00,長輩按摩力道不要過重,D,中,pending_legal_pharmacist_review,false,長輩按摩力道不要過重,"長輩按摩力道不要過重，其實最容易被忽略的是「使用邊界」。

可以談的是：輕微關節痠痛可短期舒緩，但不可宣稱治療疾病。不適合把外用油膏說成根治、治療或立即見效。

關節腫痛、紅熱、長期疼痛或行走困難，請就醫評估。

你平常最常需要保養的是肩頸、腰背，還是腿部？",,#銀髮保養 #活動舒適 #輕微痠痛 #依標示使用,,本產品為外用油膏，請依核准標示使用；若症狀持續或惡化，請諮詢醫師或藥師。,關節腫痛、紅熱、長期疼痛或行走困難，請就醫評估。,根治|治療疾病|消炎治本|打通經絡|一擦就好|保證有效|深層修復|替代藥物
Threads_LINE177,LINE177,Threads,2026-08-31,12:00,開會久坐後的腰背舒緩,B,低,pending_legal_pharmacist_review,false,開會久坐後的腰背舒緩,"開會久坐後的腰背舒緩，其實最容易被忽略的是「使用邊界」。

可以談的是：久坐低頭後，可搭配伸展與局部按摩舒緩緊繃不適。不適合把外用油膏說成根治、治療或立即見效。

若痠痛持續、麻木或影響活動，請諮詢醫師或藥師。

你平常最常需要保養的是肩頸、腰背，還是腿部？",,#肩頸保養 #久坐族 #日常舒緩 #依標示使用,,本內容為一般生活保健資訊，非醫療診斷或治療建議。,若痠痛持續、麻木或影響活動，請諮詢醫師或藥師。,根治|治療疾病|消炎治本|打通經絡|一擦就好|保證有效|深層修復|替代藥物
Threads_LINE178,LINE178,Threads,2026-08-31,20:00,一條根外用膏的日常定位,A,中,pending_legal_pharmacist_review,false,一條根外用膏的日常定位,"一條根外用膏的日常定位，其實最容易被忽略的是「使用邊界」。

可以談的是：依標示外用，提供局部按摩與暫時舒緩體感。不適合把外用油膏說成根治、治療或立即見效。

僅供外用；避免眼周、黏膜、破皮或傷口。

你平常最常需要保養的是肩頸、腰背，還是腿部？",,#金牌一條根 #外用油膏 #成分透明 #依標示使用,,本產品為外用油膏，請依核准標示使用；若症狀持續或惡化，請諮詢醫師或藥師。,僅供外用；避免眼周、黏膜、破皮或傷口。,根治|治療疾病|消炎治本|打通經絡|一擦就好|保證有效|深層修復|替代藥物
Threads_LINE179,LINE179,Threads,2026-09-01,12:00,處暑後運動暖身提醒,F,低,pending_legal_pharmacist_review,false,處暑後運動暖身提醒,"處暑後運動暖身提醒，其實最容易被忽略的是「使用邊界」。

可以談的是：以生活保健與身體覺察為主，不做醫療療效宣稱。不適合把外用油膏說成根治、治療或立即見效。

節氣養生屬一般生活資訊，身體不適仍應諮詢專業人員。

你平常最常需要保養的是肩頸、腰背，還是腿部？",,#節氣保養 #生活保健 #日常保養 #身體覺察,,本內容為一般生活保健資訊，非醫療診斷或治療建議。,節氣養生屬一般生活資訊，身體不適仍應諮詢專業人員。,根治|治療疾病|消炎治本|打通經絡|一擦就好|保證有效|深層修復|替代藥物
Threads_LINE180,LINE180,Threads,2026-09-01,20:00,兒童使用前的安全提醒,E,高,pending_legal_pharmacist_review,false,兒童使用前的安全提醒,"兒童使用前的安全提醒，其實最容易被忽略的是「使用邊界」。

可以談的是：安全使用比用得多更重要，依標示與風險族群提醒。不適合把外用油膏說成根治、治療或立即見效。

2 歲以下、孕哺、過敏體質、抗凝血藥使用者請先詢問專業人員。

你平常最常需要保養的是肩頸、腰背，還是腿部？",,#外用安全 #用藥安全 #使用前看標示 #諮詢醫師藥師,,僅供外用。避免接觸眼睛、黏膜、破皮或傷口；特殊族群使用前請先諮詢專業人員。,2 歲以下、孕哺、過敏體質、抗凝血藥使用者請先詢問專業人員。,根治|治療疾病|消炎治本|打通經絡|一擦就好|保證有效|深層修復|替代藥物
Threads_LINE181,LINE181,Threads,2026-09-02,12:00,外用膏廣告為什麼要保守,H,中,pending_legal_pharmacist_review,false,外用膏廣告為什麼要保守,"外用膏廣告為什麼要保守，其實最容易被忽略的是「使用邊界」。

可以談的是：強調藥證、標示、保守宣稱與人工審核流程。不適合把外用油膏說成根治、治療或立即見效。

所有廣告文案仍須依主管機關與專業人員審核。

你平常最常需要保養的是肩頸、腰背，還是腿部？",,#藥證可查 #品牌透明 #合法宣傳 #成分透明,,本產品為外用油膏，請依核准標示使用；若症狀持續或惡化，請諮詢醫師或藥師。,所有廣告文案仍須依主管機關與專業人員審核。,根治|治療疾病|消炎治本|打通經絡|一擦就好|保證有效|深層修復|替代藥物
Threads_LINE182,LINE182,Threads,2026-09-02,20:00,久坐族最想舒緩哪裡,G,低,pending_legal_pharmacist_review,false,久坐族最想舒緩哪裡,"久坐族最想舒緩哪裡，其實最容易被忽略的是「使用邊界」。

可以談的是：用問答降低誤用，讓使用者知道何時該詢問專業人員。不適合把外用油膏說成根治、治療或立即見效。

互動回答不取代醫師或藥師建議。

你平常最常需要保養的是肩頸、腰背，還是腿部？",,#互動問答 #保養知識 #使用小提醒 #金牌一條根,,本內容為一般生活保健資訊，非醫療診斷或治療建議。,互動回答不取代醫師或藥師建議。,根治|治療疾病|消炎治本|打通經絡|一擦就好|保證有效|深層修復|替代藥物
Threads_LINE183,LINE183,Threads,2026-09-03,12:00,跑步後膝周不適的保守提醒,C,中,pending_legal_pharmacist_review,false,跑步後膝周不適的保守提醒,"跑步後膝周不適的保守提醒，其實最容易被忽略的是「使用邊界」。

可以談的是：運動或勞動後的局部肌肉痠痛，可短期按摩舒緩。不適合把外用油膏說成根治、治療或立即見效。

明顯腫脹、劇痛、活動受限或疑似受傷時，請先就醫。

你平常最常需要保養的是肩頸、腰背，還是腿部？",,#運動後保養 #局部按摩 #肌肉痠痛 #依標示使用,,本產品為外用油膏，請依核准標示使用；若症狀持續或惡化，請諮詢醫師或藥師。,明顯腫脹、劇痛、活動受限或疑似受傷時，請先就醫。,根治|治療疾病|消炎治本|打通經絡|一擦就好|保證有效|深層修復|替代藥物
Threads_LINE184,LINE184,Threads,2026-09-03,20:00,成分濃度為什麼要看標示,A,中,pending_legal_pharmacist_review,false,成分濃度為什麼要看標示,"成分濃度為什麼要看標示，其實最容易被忽略的是「使用邊界」。

可以談的是：依標示外用，提供局部按摩與暫時舒緩體感。不適合把外用油膏說成根治、治療或立即見效。

僅供外用；避免眼周、黏膜、破皮或傷口。

你平常最常需要保養的是肩頸、腰背，還是腿部？",,#金牌一條根 #外用油膏 #成分透明 #依標示使用,,本產品為外用油膏，請依核准標示使用；若症狀持續或惡化，請諮詢醫師或藥師。,僅供外用；避免眼周、黏膜、破皮或傷口。,根治|治療疾病|消炎治本|打通經絡|一擦就好|保證有效|深層修復|替代藥物
Threads_LINE185,LINE185,Threads,2026-09-04,12:00,照顧爸媽時的外用提醒,D,中,pending_legal_pharmacist_review,false,照顧爸媽時的外用提醒,"照顧爸媽時的外用提醒，其實最容易被忽略的是「使用邊界」。

可以談的是：輕微關節痠痛可短期舒緩，但不可宣稱治療疾病。不適合把外用油膏說成根治、治療或立即見效。

關節腫痛、紅熱、長期疼痛或行走困難，請就醫評估。

你平常最常需要保養的是肩頸、腰背，還是腿部？",,#銀髮保養 #活動舒適 #輕微痠痛 #依標示使用,,本產品為外用油膏，請依核准標示使用；若症狀持續或惡化，請諮詢醫師或藥師。,關節腫痛、紅熱、長期疼痛或行走困難，請就醫評估。,根治|治療疾病|消炎治本|打通經絡|一擦就好|保證有效|深層修復|替代藥物
Threads_LINE186,LINE186,Threads,2026-09-04,20:00,孕婦與哺乳族群先詢問專業人員,E,高,pending_legal_pharmacist_review,false,孕婦與哺乳族群先詢問專業人員,"孕婦與哺乳族群先詢問專業人員，其實最容易被忽略的是「使用邊界」。

可以談的是：安全使用比用得多更重要，依標示與風險族群提醒。不適合把外用油膏說成根治、治療或立即見效。

2 歲以下、孕哺、過敏體質、抗凝血藥使用者請先詢問專業人員。

你平常最常需要保養的是肩頸、腰背，還是腿部？",,#外用安全 #用藥安全 #使用前看標示 #諮詢醫師藥師,,僅供外用。避免接觸眼睛、黏膜、破皮或傷口；特殊族群使用前請先諮詢專業人員。,2 歲以下、孕哺、過敏體質、抗凝血藥使用者請先詢問專業人員。,根治|治療疾病|消炎治本|打通經絡|一擦就好|保證有效|深層修復|替代藥物
Threads_LINE187,LINE187,Threads,2026-09-05,12:00,白露時節關心長輩活動,F,低,pending_legal_pharmacist_review,false,白露時節關心長輩活動,"白露時節關心長輩活動，其實最容易被忽略的是「使用邊界」。

可以談的是：以生活保健與身體覺察為主，不做醫療療效宣稱。不適合把外用油膏說成根治、治療或立即見效。

節氣養生屬一般生活資訊，身體不適仍應諮詢專業人員。

你平常最常需要保養的是肩頸、腰背，還是腿部？",,#節氣保養 #生活保健 #日常保養 #身體覺察,,本內容為一般生活保健資訊，非醫療診斷或治療建議。,節氣養生屬一般生活資訊，身體不適仍應諮詢專業人員。,根治|治療疾病|消炎治本|打通經絡|一擦就好|保證有效|深層修復|替代藥物
Threads_LINE188,LINE188,Threads,2026-09-05,20:00,勞動後先休息再按摩,C,中,pending_legal_pharmacist_review,false,勞動後先休息再按摩,"勞動後先休息再按摩，其實最容易被忽略的是「使用邊界」。

可以談的是：運動或勞動後的局部肌肉痠痛，可短期按摩舒緩。不適合把外用油膏說成根治、治療或立即見效。

明顯腫脹、劇痛、活動受限或疑似受傷時，請先就醫。

你平常最常需要保養的是肩頸、腰背，還是腿部？",,#運動後保養 #局部按摩 #肌肉痠痛 #依標示使用,,本產品為外用油膏，請依核准標示使用；若症狀持續或惡化，請諮詢醫師或藥師。,明顯腫脹、劇痛、活動受限或疑似受傷時，請先就醫。,根治|治療疾病|消炎治本|打通經絡|一擦就好|保證有效|深層修復|替代藥物
Threads_LINE189,LINE189,Threads,2026-09-06,12:00,長輩使用外用膏你會提醒什麼,G,低,pending_legal_pharmacist_review,false,長輩使用外用膏你會提醒什麼,"長輩使用外用膏你會提醒什麼，其實最容易被忽略的是「使用邊界」。

可以談的是：用問答降低誤用，讓使用者知道何時該詢問專業人員。不適合把外用油膏說成根治、治療或立即見效。

互動回答不取代醫師或藥師建議。

你平常最常需要保養的是肩頸、腰背，還是腿部？",,#互動問答 #保養知識 #使用小提醒 #金牌一條根,,本內容為一般生活保健資訊，非醫療診斷或治療建議。,互動回答不取代醫師或藥師建議。,根治|治療疾病|消炎治本|打通經絡|一擦就好|保證有效|深層修復|替代藥物
Threads_LINE190,LINE190,Threads,2026-09-06,20:00,日常活動舒適度的三個習慣,D,中,pending_legal_pharmacist_review,false,日常活動舒適度的三個習慣,"日常活動舒適度的三個習慣，其實最容易被忽略的是「使用邊界」。

可以談的是：輕微關節痠痛可短期舒緩，但不可宣稱治療疾病。不適合把外用油膏說成根治、治療或立即見效。

關節腫痛、紅熱、長期疼痛或行走困難，請就醫評估。

你平常最常需要保養的是肩頸、腰背，還是腿部？",,#銀髮保養 #活動舒適 #輕微痠痛 #依標示使用,,本產品為外用油膏，請依核准標示使用；若症狀持續或惡化，請諮詢醫師或藥師。,關節腫痛、紅熱、長期疼痛或行走困難，請就醫評估。,根治|治療疾病|消炎治本|打通經絡|一擦就好|保證有效|深層修復|替代藥物
Threads_LINE191,LINE191,Threads,2026-09-07,12:00,下班前五分鐘伸展,B,低,pending_legal_pharmacist_review,false,下班前五分鐘伸展,"下班前五分鐘伸展，其實最容易被忽略的是「使用邊界」。

可以談的是：久坐低頭後，可搭配伸展與局部按摩舒緩緊繃不適。不適合把外用油膏說成根治、治療或立即見效。

若痠痛持續、麻木或影響活動，請諮詢醫師或藥師。

你平常最常需要保養的是肩頸、腰背，還是腿部？",,#肩頸保養 #久坐族 #日常舒緩 #依標示使用,,本內容為一般生活保健資訊，非醫療診斷或治療建議。,若痠痛持續、麻木或影響活動，請諮詢醫師或藥師。,根治|治療疾病|消炎治本|打通經絡|一擦就好|保證有效|深層修復|替代藥物
Threads_LINE192,LINE192,Threads,2026-09-07,20:00,局部按摩和大面積厚敷的差別,A,中,pending_legal_pharmacist_review,false,局部按摩和大面積厚敷的差別,"局部按摩和大面積厚敷的差別，其實最容易被忽略的是「使用邊界」。

可以談的是：依標示外用，提供局部按摩與暫時舒緩體感。不適合把外用油膏說成根治、治療或立即見效。

僅供外用；避免眼周、黏膜、破皮或傷口。

你平常最常需要保養的是肩頸、腰背，還是腿部？",,#金牌一條根 #外用油膏 #成分透明 #依標示使用,,本產品為外用油膏，請依核准標示使用；若症狀持續或惡化，請諮詢醫師或藥師。,僅供外用；避免眼周、黏膜、破皮或傷口。,根治|治療疾病|消炎治本|打通經絡|一擦就好|保證有效|深層修復|替代藥物
Threads_LINE193,LINE193,Threads,2026-09-08,12:00,秋分後外出前暖身,F,低,pending_legal_pharmacist_review,false,秋分後外出前暖身,"秋分後外出前暖身，其實最容易被忽略的是「使用邊界」。

可以談的是：以生活保健與身體覺察為主，不做醫療療效宣稱。不適合把外用油膏說成根治、治療或立即見效。

節氣養生屬一般生活資訊，身體不適仍應諮詢專業人員。

你平常最常需要保養的是肩頸、腰背，還是腿部？",,#節氣保養 #生活保健 #日常保養 #身體覺察,,本內容為一般生活保健資訊，非醫療診斷或治療建議。,節氣養生屬一般生活資訊，身體不適仍應諮詢專業人員。,根治|治療疾病|消炎治本|打通經絡|一擦就好|保證有效|深層修復|替代藥物
Threads_LINE194,LINE194,Threads,2026-09-08,20:00,症狀超過七天要停用並諮詢,E,高,pending_legal_pharmacist_review,false,症狀超過七天要停用並諮詢,"症狀超過七天要停用並諮詢，其實最容易被忽略的是「使用邊界」。

可以談的是：安全使用比用得多更重要，依標示與風險族群提醒。不適合把外用油膏說成根治、治療或立即見效。

2 歲以下、孕哺、過敏體質、抗凝血藥使用者請先詢問專業人員。

你平常最常需要保養的是肩頸、腰背，還是腿部？",,#外用安全 #用藥安全 #使用前看標示 #諮詢醫師藥師,,僅供外用。避免接觸眼睛、黏膜、破皮或傷口；特殊族群使用前請先諮詢專業人員。,2 歲以下、孕哺、過敏體質、抗凝血藥使用者請先詢問專業人員。,根治|治療疾病|消炎治本|打通經絡|一擦就好|保證有效|深層修復|替代藥物
Threads_LINE195,LINE195,Threads,2026-09-09,12:00,成分透明是基本功,H,中,pending_legal_pharmacist_review,false,成分透明是基本功,"成分透明是基本功，其實最容易被忽略的是「使用邊界」。

可以談的是：強調藥證、標示、保守宣稱與人工審核流程。不適合把外用油膏說成根治、治療或立即見效。

所有廣告文案仍須依主管機關與專業人員審核。

你平常最常需要保養的是肩頸、腰背，還是腿部？",,#藥證可查 #品牌透明 #合法宣傳 #成分透明,,本產品為外用油膏，請依核准標示使用；若症狀持續或惡化，請諮詢醫師或藥師。,所有廣告文案仍須依主管機關與專業人員審核。,根治|治療疾病|消炎治本|打通經絡|一擦就好|保證有效|深層修復|替代藥物
Threads_LINE196,LINE196,Threads,2026-09-09,20:00,一條根可以天天厚敷嗎,G,低,pending_legal_pharmacist_review,false,一條根可以天天厚敷嗎,"一條根可以天天厚敷嗎，其實最容易被忽略的是「使用邊界」。

可以談的是：用問答降低誤用，讓使用者知道何時該詢問專業人員。不適合把外用油膏說成根治、治療或立即見效。

互動回答不取代醫師或藥師建議。

你平常最常需要保養的是肩頸、腰背，還是腿部？",,#互動問答 #保養知識 #使用小提醒 #金牌一條根,,本內容為一般生活保健資訊，非醫療診斷或治療建議。,互動回答不取代醫師或藥師建議。,根治|治療疾病|消炎治本|打通經絡|一擦就好|保證有效|深層修復|替代藥物
Threads_LINE197,LINE197,Threads,2026-09-10,12:00,運動後不要立刻熱敷加藥膏,C,中,pending_legal_pharmacist_review,false,運動後不要立刻熱敷加藥膏,"運動後不要立刻熱敷加藥膏，其實最容易被忽略的是「使用邊界」。

可以談的是：運動或勞動後的局部肌肉痠痛，可短期按摩舒緩。不適合把外用油膏說成根治、治療或立即見效。

明顯腫脹、劇痛、活動受限或疑似受傷時，請先就醫。

你平常最常需要保養的是肩頸、腰背，還是腿部？",,#運動後保養 #局部按摩 #肌肉痠痛 #依標示使用,,本產品為外用油膏，請依核准標示使用；若症狀持續或惡化，請諮詢醫師或藥師。,明顯腫脹、劇痛、活動受限或疑似受傷時，請先就醫。,根治|治療疾病|消炎治本|打通經絡|一擦就好|保證有效|深層修復|替代藥物
Threads_LINE198,LINE198,Threads,2026-09-10,20:00,使用前先小範圍測試,A,中,pending_legal_pharmacist_review,false,使用前先小範圍測試,"使用前先小範圍測試，其實最容易被忽略的是「使用邊界」。

可以談的是：依標示外用，提供局部按摩與暫時舒緩體感。不適合把外用油膏說成根治、治療或立即見效。

僅供外用；避免眼周、黏膜、破皮或傷口。

你平常最常需要保養的是肩頸、腰背，還是腿部？",,#金牌一條根 #外用油膏 #成分透明 #依標示使用,,本產品為外用油膏，請依核准標示使用；若症狀持續或惡化，請諮詢醫師或藥師。,僅供外用；避免眼周、黏膜、破皮或傷口。,根治|治療疾病|消炎治本|打通經絡|一擦就好|保證有效|深層修復|替代藥物
Threads_LINE199,LINE199,Threads,2026-09-11,12:00,長輩使用前先看標示,D,中,pending_legal_pharmacist_review,false,長輩使用前先看標示,"長輩使用前先看標示，其實最容易被忽略的是「使用邊界」。

可以談的是：輕微關節痠痛可短期舒緩，但不可宣稱治療疾病。不適合把外用油膏說成根治、治療或立即見效。

關節腫痛、紅熱、長期疼痛或行走困難，請就醫評估。

你平常最常需要保養的是肩頸、腰背，還是腿部？",,#銀髮保養 #活動舒適 #輕微痠痛 #依標示使用,,本產品為外用油膏，請依核准標示使用；若症狀持續或惡化，請諮詢醫師或藥師。,關節腫痛、紅熱、長期疼痛或行走困難，請就醫評估。,根治|治療疾病|消炎治本|打通經絡|一擦就好|保證有效|深層修復|替代藥物
Threads_LINE200,LINE200,Threads,2026-09-11,20:00,皮膚刺激時要停止使用,E,高,pending_legal_pharmacist_review,false,皮膚刺激時要停止使用,"皮膚刺激時要停止使用，其實最容易被忽略的是「使用邊界」。

可以談的是：安全使用比用得多更重要，依標示與風險族群提醒。不適合把外用油膏說成根治、治療或立即見效。

2 歲以下、孕哺、過敏體質、抗凝血藥使用者請先詢問專業人員。

你平常最常需要保養的是肩頸、腰背，還是腿部？",,#外用安全 #用藥安全 #使用前看標示 #諮詢醫師藥師,,僅供外用。避免接觸眼睛、黏膜、破皮或傷口；特殊族群使用前請先諮詢專業人員。,2 歲以下、孕哺、過敏體質、抗凝血藥使用者請先詢問專業人員。,根治|治療疾病|消炎治本|打通經絡|一擦就好|保證有效|深層修復|替代藥物
Threads_LINE201,LINE201,Threads,2026-09-12,12:00,寒露後肩背保養,F,低,pending_legal_pharmacist_review,false,寒露後肩背保養,"寒露後肩背保養，其實最容易被忽略的是「使用邊界」。

可以談的是：以生活保健與身體覺察為主，不做醫療療效宣稱。不適合把外用油膏說成根治、治療或立即見效。

節氣養生屬一般生活資訊，身體不適仍應諮詢專業人員。

你平常最常需要保養的是肩頸、腰背，還是腿部？",,#節氣保養 #生活保健 #日常保養 #身體覺察,,本內容為一般生活保健資訊，非醫療診斷或治療建議。,節氣養生屬一般生活資訊，身體不適仍應諮詢專業人員。,根治|治療疾病|消炎治本|打通經絡|一擦就好|保證有效|深層修復|替代藥物
Threads_LINE202,LINE202,Threads,2026-09-12,20:00,輕微拉扯後的觀察重點,C,中,pending_legal_pharmacist_review,false,輕微拉扯後的觀察重點,"輕微拉扯後的觀察重點，其實最容易被忽略的是「使用邊界」。

可以談的是：運動或勞動後的局部肌肉痠痛，可短期按摩舒緩。不適合把外用油膏說成根治、治療或立即見效。

明顯腫脹、劇痛、活動受限或疑似受傷時，請先就醫。

你平常最常需要保養的是肩頸、腰背，還是腿部？",,#運動後保養 #局部按摩 #肌肉痠痛 #依標示使用,,本產品為外用油膏，請依核准標示使用；若症狀持續或惡化，請諮詢醫師或藥師。,明顯腫脹、劇痛、活動受限或疑似受傷時，請先就醫。,根治|治療疾病|消炎治本|打通經絡|一擦就好|保證有效|深層修復|替代藥物
Threads_LINE203,LINE203,Threads,2026-09-13,12:00,擦完可以馬上熱敷嗎,G,低,pending_legal_pharmacist_review,false,擦完可以馬上熱敷嗎,"擦完可以馬上熱敷嗎，其實最容易被忽略的是「使用邊界」。

可以談的是：用問答降低誤用，讓使用者知道何時該詢問專業人員。不適合把外用油膏說成根治、治療或立即見效。

互動回答不取代醫師或藥師建議。

你平常最常需要保養的是肩頸、腰背，還是腿部？",,#互動問答 #保養知識 #使用小提醒 #金牌一條根,,本內容為一般生活保健資訊，非醫療診斷或治療建議。,互動回答不取代醫師或藥師建議。,根治|治療疾病|消炎治本|打通經絡|一擦就好|保證有效|深層修復|替代藥物
Threads_LINE204,LINE204,Threads,2026-09-13,20:00,別把長期疼痛只當小問題,D,中,pending_legal_pharmacist_review,false,別把長期疼痛只當小問題,"別把長期疼痛只當小問題，其實最容易被忽略的是「使用邊界」。

可以談的是：輕微關節痠痛可短期舒緩，但不可宣稱治療疾病。不適合把外用油膏說成根治、治療或立即見效。

關節腫痛、紅熱、長期疼痛或行走困難，請就醫評估。

你平常最常需要保養的是肩頸、腰背，還是腿部？",,#銀髮保養 #活動舒適 #輕微痠痛 #依標示使用,,本產品為外用油膏，請依核准標示使用；若症狀持續或惡化，請諮詢醫師或藥師。,關節腫痛、紅熱、長期疼痛或行走困難，請就醫評估。,根治|治療疾病|消炎治本|打通經絡|一擦就好|保證有效|深層修復|替代藥物
Threads_LINE205,LINE205,Threads,2026-09-14,12:00,滑手機後頸部保養,B,低,pending_legal_pharmacist_review,false,滑手機後頸部保養,"滑手機後頸部保養，其實最容易被忽略的是「使用邊界」。

可以談的是：久坐低頭後，可搭配伸展與局部按摩舒緩緊繃不適。不適合把外用油膏說成根治、治療或立即見效。

若痠痛持續、麻木或影響活動，請諮詢醫師或藥師。

你平常最常需要保養的是肩頸、腰背，還是腿部？",,#肩頸保養 #久坐族 #日常舒緩 #依標示使用,,本內容為一般生活保健資訊，非醫療診斷或治療建議。,若痠痛持續、麻木或影響活動，請諮詢醫師或藥師。,根治|治療疾病|消炎治本|打通經絡|一擦就好|保證有效|深層修復|替代藥物
Threads_LINE206,LINE206,Threads,2026-09-14,20:00,產品不是神藥，定位要講清楚,A,中,pending_legal_pharmacist_review,false,產品不是神藥，定位要講清楚,"產品不是神藥，定位要講清楚，其實最容易被忽略的是「使用邊界」。

可以談的是：依標示外用，提供局部按摩與暫時舒緩體感。不適合把外用油膏說成根治、治療或立即見效。

僅供外用；避免眼周、黏膜、破皮或傷口。

你平常最常需要保養的是肩頸、腰背，還是腿部？",,#金牌一條根 #外用油膏 #成分透明 #依標示使用,,本產品為外用油膏，請依核准標示使用；若症狀持續或惡化，請諮詢醫師或藥師。,僅供外用；避免眼周、黏膜、破皮或傷口。,根治|治療疾病|消炎治本|打通經絡|一擦就好|保證有效|深層修復|替代藥物
Threads_LINE207,LINE207,Threads,2026-09-15,12:00,立冬前後的日常舒緩儀式,F,低,pending_legal_pharmacist_review,false,立冬前後的日常舒緩儀式,"立冬前後的日常舒緩儀式，其實最容易被忽略的是「使用邊界」。

可以談的是：以生活保健與身體覺察為主，不做醫療療效宣稱。不適合把外用油膏說成根治、治療或立即見效。

節氣養生屬一般生活資訊，身體不適仍應諮詢專業人員。

你平常最常需要保養的是肩頸、腰背，還是腿部？",,#節氣保養 #生活保健 #日常保養 #身體覺察,,本內容為一般生活保健資訊，非醫療診斷或治療建議。,節氣養生屬一般生活資訊，身體不適仍應諮詢專業人員。,根治|治療疾病|消炎治本|打通經絡|一擦就好|保證有效|深層修復|替代藥物
Threads_LINE208,LINE208,Threads,2026-09-15,20:00,深層症狀不適合自行處理,E,高,pending_legal_pharmacist_review,false,深層症狀不適合自行處理,"深層症狀不適合自行處理，其實最容易被忽略的是「使用邊界」。

可以談的是：安全使用比用得多更重要，依標示與風險族群提醒。不適合把外用油膏說成根治、治療或立即見效。

2 歲以下、孕哺、過敏體質、抗凝血藥使用者請先詢問專業人員。

你平常最常需要保養的是肩頸、腰背，還是腿部？",,#外用安全 #用藥安全 #使用前看標示 #諮詢醫師藥師,,僅供外用。避免接觸眼睛、黏膜、破皮或傷口；特殊族群使用前請先諮詢專業人員。,2 歲以下、孕哺、過敏體質、抗凝血藥使用者請先詢問專業人員。,根治|治療疾病|消炎治本|打通經絡|一擦就好|保證有效|深層修復|替代藥物
Threads_LINE209,LINE209,Threads,2026-09-16,12:00,每篇貼文都要人工審核,H,中,pending_legal_pharmacist_review,false,每篇貼文都要人工審核,"每篇貼文都要人工審核，其實最容易被忽略的是「使用邊界」。

可以談的是：強調藥證、標示、保守宣稱與人工審核流程。不適合把外用油膏說成根治、治療或立即見效。

所有廣告文案仍須依主管機關與專業人員審核。

你平常最常需要保養的是肩頸、腰背，還是腿部？",,#藥證可查 #品牌透明 #合法宣傳 #成分透明,,本產品為外用油膏，請依核准標示使用；若症狀持續或惡化，請諮詢醫師或藥師。,所有廣告文案仍須依主管機關與專業人員審核。,根治|治療疾病|消炎治本|打通經絡|一擦就好|保證有效|深層修復|替代藥物
Threads_LINE210,LINE210,Threads,2026-09-16,20:00,哪些情況應該先就醫,G,低,pending_legal_pharmacist_review,false,哪些情況應該先就醫,"哪些情況應該先就醫，其實最容易被忽略的是「使用邊界」。

可以談的是：用問答降低誤用，讓使用者知道何時該詢問專業人員。不適合把外用油膏說成根治、治療或立即見效。

互動回答不取代醫師或藥師建議。

你平常最常需要保養的是肩頸、腰背，還是腿部？",,#互動問答 #保養知識 #使用小提醒 #金牌一條根,,本內容為一般生活保健資訊，非醫療診斷或治療建議。,互動回答不取代醫師或藥師建議。,根治|治療疾病|消炎治本|打通經絡|一擦就好|保證有效|深層修復|替代藥物
Threads_LINE211,LINE211,Threads,2026-09-17,12:00,運動後局部痠痛的保守處理,C,中,pending_legal_pharmacist_review,false,運動後局部痠痛的保守處理,"運動後局部痠痛的保守處理，其實最容易被忽略的是「使用邊界」。

可以談的是：運動或勞動後的局部肌肉痠痛，可短期按摩舒緩。不適合把外用油膏說成根治、治療或立即見效。

明顯腫脹、劇痛、活動受限或疑似受傷時，請先就醫。

你平常最常需要保養的是肩頸、腰背，還是腿部？",,#運動後保養 #局部按摩 #肌肉痠痛 #依標示使用,,本產品為外用油膏，請依核准標示使用；若症狀持續或惡化，請諮詢醫師或藥師。,明顯腫脹、劇痛、活動受限或疑似受傷時，請先就醫。,根治|治療疾病|消炎治本|打通經絡|一擦就好|保證有效|深層修復|替代藥物
Threads_LINE212,LINE212,Threads,2026-09-17,20:00,冬青油與清涼舒緩體感,A,中,pending_legal_pharmacist_review,false,冬青油與清涼舒緩體感,"冬青油與清涼舒緩體感，其實最容易被忽略的是「使用邊界」。

可以談的是：依標示外用，提供局部按摩與暫時舒緩體感。不適合把外用油膏說成根治、治療或立即見效。

僅供外用；避免眼周、黏膜、破皮或傷口。

你平常最常需要保養的是肩頸、腰背，還是腿部？",,#金牌一條根 #外用油膏 #成分透明 #依標示使用,,本產品為外用油膏，請依核准標示使用；若症狀持續或惡化，請諮詢醫師或藥師。,僅供外用；避免眼周、黏膜、破皮或傷口。,根治|治療疾病|消炎治本|打通經絡|一擦就好|保證有效|深層修復|替代藥物
Threads_LINE213,LINE213,Threads,2026-09-18,12:00,早晨活動前的關節暖身,D,中,pending_legal_pharmacist_review,false,早晨活動前的關節暖身,"早晨活動前的關節暖身，其實最容易被忽略的是「使用邊界」。

可以談的是：輕微關節痠痛可短期舒緩，但不可宣稱治療疾病。不適合把外用油膏說成根治、治療或立即見效。

關節腫痛、紅熱、長期疼痛或行走困難，請就醫評估。

你平常最常需要保養的是肩頸、腰背，還是腿部？",,#銀髮保養 #活動舒適 #輕微痠痛 #依標示使用,,本產品為外用油膏，請依核准標示使用；若症狀持續或惡化，請諮詢醫師或藥師。,關節腫痛、紅熱、長期疼痛或行走困難，請就醫評估。,根治|治療疾病|消炎治本|打通經絡|一擦就好|保證有效|深層修復|替代藥物
Threads_LINE214,LINE214,Threads,2026-09-18,20:00,不能擦在破皮或傷口,E,高,pending_legal_pharmacist_review,false,不能擦在破皮或傷口,"不能擦在破皮或傷口，其實最容易被忽略的是「使用邊界」。

可以談的是：安全使用比用得多更重要，依標示與風險族群提醒。不適合把外用油膏說成根治、治療或立即見效。

2 歲以下、孕哺、過敏體質、抗凝血藥使用者請先詢問專業人員。

你平常最常需要保養的是肩頸、腰背，還是腿部？",,#外用安全 #用藥安全 #使用前看標示 #諮詢醫師藥師,,僅供外用。避免接觸眼睛、黏膜、破皮或傷口；特殊族群使用前請先諮詢專業人員。,2 歲以下、孕哺、過敏體質、抗凝血藥使用者請先詢問專業人員。,根治|治療疾病|消炎治本|打通經絡|一擦就好|保證有效|深層修復|替代藥物
Threads_LINE215,LINE215,Threads,2026-09-19,12:00,芒種後濕熱生活保養,F,低,pending_legal_pharmacist_review,false,芒種後濕熱生活保養,"芒種後濕熱生活保養，其實最容易被忽略的是「使用邊界」。

可以談的是：以生活保健與身體覺察為主，不做醫療療效宣稱。不適合把外用油膏說成根治、治療或立即見效。

節氣養生屬一般生活資訊，身體不適仍應諮詢專業人員。

你平常最常需要保養的是肩頸、腰背，還是腿部？",,#節氣保養 #生活保健 #日常保養 #身體覺察,,本內容為一般生活保健資訊，非醫療診斷或治療建議。,節氣養生屬一般生活資訊，身體不適仍應諮詢專業人員。,根治|治療疾病|消炎治本|打通經絡|一擦就好|保證有效|深層修復|替代藥物
Threads_LINE216,LINE216,Threads,2026-09-19,20:00,久站後小腿不適舒緩,C,中,pending_legal_pharmacist_review,false,久站後小腿不適舒緩,"久站後小腿不適舒緩，其實最容易被忽略的是「使用邊界」。

可以談的是：運動或勞動後的局部肌肉痠痛，可短期按摩舒緩。不適合把外用油膏說成根治、治療或立即見效。

明顯腫脹、劇痛、活動受限或疑似受傷時，請先就醫。

你平常最常需要保養的是肩頸、腰背，還是腿部？",,#運動後保養 #局部按摩 #肌肉痠痛 #依標示使用,,本產品為外用油膏，請依核准標示使用；若症狀持續或惡化，請諮詢醫師或藥師。,明顯腫脹、劇痛、活動受限或疑似受傷時，請先就醫。,根治|治療疾病|消炎治本|打通經絡|一擦就好|保證有效|深層修復|替代藥物
Threads_LINE217,LINE217,Threads,2026-09-20,12:00,你最常哪個部位緊繃,G,低,pending_legal_pharmacist_review,false,你最常哪個部位緊繃,"你最常哪個部位緊繃，其實最容易被忽略的是「使用邊界」。

可以談的是：用問答降低誤用，讓使用者知道何時該詢問專業人員。不適合把外用油膏說成根治、治療或立即見效。

互動回答不取代醫師或藥師建議。

你平常最常需要保養的是肩頸、腰背，還是腿部？",,#互動問答 #保養知識 #使用小提醒 #金牌一條根,,本內容為一般生活保健資訊，非醫療診斷或治療建議。,互動回答不取代醫師或藥師建議。,根治|治療疾病|消炎治本|打通經絡|一擦就好|保證有效|深層修復|替代藥物
Threads_LINE218,LINE218,Threads,2026-09-20,20:00,長輩外用膏使用安全,D,中,pending_legal_pharmacist_review,false,長輩外用膏使用安全,"長輩外用膏使用安全，其實最容易被忽略的是「使用邊界」。

可以談的是：輕微關節痠痛可短期舒緩，但不可宣稱治療疾病。不適合把外用油膏說成根治、治療或立即見效。

關節腫痛、紅熱、長期疼痛或行走困難，請就醫評估。

你平常最常需要保養的是肩頸、腰背，還是腿部？",,#銀髮保養 #活動舒適 #輕微痠痛 #依標示使用,,本產品為外用油膏，請依核准標示使用；若症狀持續或惡化，請諮詢醫師或藥師。,關節腫痛、紅熱、長期疼痛或行走困難，請就醫評估。,根治|治療疾病|消炎治本|打通經絡|一擦就好|保證有效|深層修復|替代藥物
Threads_LINE219,LINE219,Threads,2026-09-21,12:00,辦公桌前的姿勢檢查,B,低,pending_legal_pharmacist_review,false,辦公桌前的姿勢檢查,"辦公桌前的姿勢檢查，其實最容易被忽略的是「使用邊界」。

可以談的是：久坐低頭後，可搭配伸展與局部按摩舒緩緊繃不適。不適合把外用油膏說成根治、治療或立即見效。

若痠痛持續、麻木或影響活動，請諮詢醫師或藥師。

你平常最常需要保養的是肩頸、腰背，還是腿部？",,#肩頸保養 #久坐族 #日常舒緩 #依標示使用,,本內容為一般生活保健資訊，非醫療診斷或治療建議。,若痠痛持續、麻木或影響活動，請諮詢醫師或藥師。,根治|治療疾病|消炎治本|打通經絡|一擦就好|保證有效|深層修復|替代藥物
Threads_LINE220,LINE220,Threads,2026-09-21,20:00,薄荷腦帶來的涼感來源,A,中,pending_legal_pharmacist_review,false,薄荷腦帶來的涼感來源,"薄荷腦帶來的涼感來源，其實最容易被忽略的是「使用邊界」。

可以談的是：依標示外用，提供局部按摩與暫時舒緩體感。不適合把外用油膏說成根治、治療或立即見效。

僅供外用；避免眼周、黏膜、破皮或傷口。

你平常最常需要保養的是肩頸、腰背，還是腿部？",,#金牌一條根 #外用油膏 #成分透明 #依標示使用,,本產品為外用油膏，請依核准標示使用；若症狀持續或惡化，請諮詢醫師或藥師。,僅供外用；避免眼周、黏膜、破皮或傷口。,根治|治療疾病|消炎治本|打通經絡|一擦就好|保證有效|深層修復|替代藥物
Threads_LINE221,LINE221,Threads,2026-09-22,12:00,夏季冷氣房的肩頸保養,F,低,pending_legal_pharmacist_review,false,夏季冷氣房的肩頸保養,"夏季冷氣房的肩頸保養，其實最容易被忽略的是「使用邊界」。

可以談的是：以生活保健與身體覺察為主，不做醫療療效宣稱。不適合把外用油膏說成根治、治療或立即見效。

節氣養生屬一般生活資訊，身體不適仍應諮詢專業人員。

你平常最常需要保養的是肩頸、腰背，還是腿部？",,#節氣保養 #生活保健 #日常保養 #身體覺察,,本內容為一般生活保健資訊，非醫療診斷或治療建議。,節氣養生屬一般生活資訊，身體不適仍應諮詢專業人員。,根治|治療疾病|消炎治本|打通經絡|一擦就好|保證有效|深層修復|替代藥物
Threads_LINE222,LINE222,Threads,2026-09-22,20:00,外用膏避免眼周與黏膜,E,高,pending_legal_pharmacist_review,false,外用膏避免眼周與黏膜,"外用膏避免眼周與黏膜，其實最容易被忽略的是「使用邊界」。

可以談的是：安全使用比用得多更重要，依標示與風險族群提醒。不適合把外用油膏說成根治、治療或立即見效。

2 歲以下、孕哺、過敏體質、抗凝血藥使用者請先詢問專業人員。

你平常最常需要保養的是肩頸、腰背，還是腿部？",,#外用安全 #用藥安全 #使用前看標示 #諮詢醫師藥師,,僅供外用。避免接觸眼睛、黏膜、破皮或傷口；特殊族群使用前請先諮詢專業人員。,2 歲以下、孕哺、過敏體質、抗凝血藥使用者請先詢問專業人員。,根治|治療疾病|消炎治本|打通經絡|一擦就好|保證有效|深層修復|替代藥物
Threads_LINE223,LINE223,Threads,2026-09-23,12:00,合法宣傳比誇大更長久,H,中,pending_legal_pharmacist_review,false,合法宣傳比誇大更長久,"合法宣傳比誇大更長久，其實最容易被忽略的是「使用邊界」。

可以談的是：強調藥證、標示、保守宣稱與人工審核流程。不適合把外用油膏說成根治、治療或立即見效。

所有廣告文案仍須依主管機關與專業人員審核。

你平常最常需要保養的是肩頸、腰背，還是腿部？",,#藥證可查 #品牌透明 #合法宣傳 #成分透明,,本產品為外用油膏，請依核准標示使用；若症狀持續或惡化，請諮詢醫師或藥師。,所有廣告文案仍須依主管機關與專業人員審核。,根治|治療疾病|消炎治本|打通經絡|一擦就好|保證有效|深層修復|替代藥物
Threads_LINE224,LINE224,Threads,2026-09-23,20:00,你習慣運動前還是運動後保養,G,低,pending_legal_pharmacist_review,false,你習慣運動前還是運動後保養,"你習慣運動前還是運動後保養，其實最容易被忽略的是「使用邊界」。

可以談的是：用問答降低誤用，讓使用者知道何時該詢問專業人員。不適合把外用油膏說成根治、治療或立即見效。

互動回答不取代醫師或藥師建議。

你平常最常需要保養的是肩頸、腰背，還是腿部？",,#互動問答 #保養知識 #使用小提醒 #金牌一條根,,本內容為一般生活保健資訊，非醫療診斷或治療建議。,互動回答不取代醫師或藥師建議。,根治|治療疾病|消炎治本|打通經絡|一擦就好|保證有效|深層修復|替代藥物
Threads_LINE225,LINE225,Threads,2026-09-24,12:00,搬重物後腰背保養,C,中,pending_legal_pharmacist_review,false,搬重物後腰背保養,"搬重物後腰背保養，其實最容易被忽略的是「使用邊界」。

可以談的是：運動或勞動後的局部肌肉痠痛，可短期按摩舒緩。不適合把外用油膏說成根治、治療或立即見效。

明顯腫脹、劇痛、活動受限或疑似受傷時，請先就醫。

你平常最常需要保養的是肩頸、腰背，還是腿部？",,#運動後保養 #局部按摩 #肌肉痠痛 #依標示使用,,本產品為外用油膏，請依核准標示使用；若症狀持續或惡化，請諮詢醫師或藥師。,明顯腫脹、劇痛、活動受限或疑似受傷時，請先就醫。,根治|治療疾病|消炎治本|打通經絡|一擦就好|保證有效|深層修復|替代藥物
Threads_LINE226,LINE226,Threads,2026-09-24,20:00,樟腦外用時的注意界線,A,中,pending_legal_pharmacist_review,false,樟腦外用時的注意界線,"樟腦外用時的注意界線，其實最容易被忽略的是「使用邊界」。

可以談的是：依標示外用，提供局部按摩與暫時舒緩體感。不適合把外用油膏說成根治、治療或立即見效。

僅供外用；避免眼周、黏膜、破皮或傷口。

你平常最常需要保養的是肩頸、腰背，還是腿部？",,#金牌一條根 #外用油膏 #成分透明 #依標示使用,,本產品為外用油膏，請依核准標示使用；若症狀持續或惡化，請諮詢醫師或藥師。,僅供外用；避免眼周、黏膜、破皮或傷口。,根治|治療疾病|消炎治本|打通經絡|一擦就好|保證有效|深層修復|替代藥物
Threads_LINE227,LINE227,Threads,2026-09-25,12:00,輕微關節痠痛與疾病治療要分開,D,中,pending_legal_pharmacist_review,false,輕微關節痠痛與疾病治療要分開,"輕微關節痠痛與疾病治療要分開，其實最容易被忽略的是「使用邊界」。

可以談的是：輕微關節痠痛可短期舒緩，但不可宣稱治療疾病。不適合把外用油膏說成根治、治療或立即見效。

關節腫痛、紅熱、長期疼痛或行走困難，請就醫評估。

你平常最常需要保養的是肩頸、腰背，還是腿部？",,#銀髮保養 #活動舒適 #輕微痠痛 #依標示使用,,本產品為外用油膏，請依核准標示使用；若症狀持續或惡化，請諮詢醫師或藥師。,關節腫痛、紅熱、長期疼痛或行走困難，請就醫評估。,根治|治療疾病|消炎治本|打通經絡|一擦就好|保證有效|深層修復|替代藥物
Threads_LINE228,LINE228,Threads,2026-09-25,20:00,不要搭配熱敷墊或電毯,E,高,pending_legal_pharmacist_review,false,不要搭配熱敷墊或電毯,"不要搭配熱敷墊或電毯，其實最容易被忽略的是「使用邊界」。

可以談的是：安全使用比用得多更重要，依標示與風險族群提醒。不適合把外用油膏說成根治、治療或立即見效。

2 歲以下、孕哺、過敏體質、抗凝血藥使用者請先詢問專業人員。

你平常最常需要保養的是肩頸、腰背，還是腿部？",,#外用安全 #用藥安全 #使用前看標示 #諮詢醫師藥師,,僅供外用。避免接觸眼睛、黏膜、破皮或傷口；特殊族群使用前請先諮詢專業人員。,2 歲以下、孕哺、過敏體質、抗凝血藥使用者請先詢問專業人員。,根治|治療疾病|消炎治本|打通經絡|一擦就好|保證有效|深層修復|替代藥物
Threads_LINE229,LINE229,Threads,2026-09-26,12:00,小暑前後活動舒適提醒,F,低,pending_legal_pharmacist_review,false,小暑前後活動舒適提醒,"小暑前後活動舒適提醒，其實最容易被忽略的是「使用邊界」。

可以談的是：以生活保健與身體覺察為主，不做醫療療效宣稱。不適合把外用油膏說成根治、治療或立即見效。

節氣養生屬一般生活資訊，身體不適仍應諮詢專業人員。

你平常最常需要保養的是肩頸、腰背，還是腿部？",,#節氣保養 #生活保健 #日常保養 #身體覺察,,本內容為一般生活保健資訊，非醫療診斷或治療建議。,節氣養生屬一般生活資訊，身體不適仍應諮詢專業人員。,根治|治療疾病|消炎治本|打通經絡|一擦就好|保證有效|深層修復|替代藥物
Threads_LINE230,LINE230,Threads,2026-09-26,20:00,爬山後腿部按摩提醒,C,中,pending_legal_pharmacist_review,false,爬山後腿部按摩提醒,"爬山後腿部按摩提醒，其實最容易被忽略的是「使用邊界」。

可以談的是：運動或勞動後的局部肌肉痠痛，可短期按摩舒緩。不適合把外用油膏說成根治、治療或立即見效。

明顯腫脹、劇痛、活動受限或疑似受傷時，請先就醫。

你平常最常需要保養的是肩頸、腰背，還是腿部？",,#運動後保養 #局部按摩 #肌肉痠痛 #依標示使用,,本產品為外用油膏，請依核准標示使用；若症狀持續或惡化，請諮詢醫師或藥師。,明顯腫脹、劇痛、活動受限或疑似受傷時，請先就醫。,根治|治療疾病|消炎治本|打通經絡|一擦就好|保證有效|深層修復|替代藥物
Threads_LINE231,LINE231,Threads,2026-09-27,12:00,外用膏一次擦多少才剛好,G,低,pending_legal_pharmacist_review,false,外用膏一次擦多少才剛好,"外用膏一次擦多少才剛好，其實最容易被忽略的是「使用邊界」。

可以談的是：用問答降低誤用，讓使用者知道何時該詢問專業人員。不適合把外用油膏說成根治、治療或立即見效。

互動回答不取代醫師或藥師建議。

你平常最常需要保養的是肩頸、腰背，還是腿部？",,#互動問答 #保養知識 #使用小提醒 #金牌一條根,,本內容為一般生活保健資訊，非醫療診斷或治療建議。,互動回答不取代醫師或藥師建議。,根治|治療疾病|消炎治本|打通經絡|一擦就好|保證有效|深層修復|替代藥物
Threads_LINE232,LINE232,Threads,2026-09-27,20:00,散步後的膝周保養,D,中,pending_legal_pharmacist_review,false,散步後的膝周保養,"散步後的膝周保養，其實最容易被忽略的是「使用邊界」。

可以談的是：輕微關節痠痛可短期舒緩，但不可宣稱治療疾病。不適合把外用油膏說成根治、治療或立即見效。

關節腫痛、紅熱、長期疼痛或行走困難，請就醫評估。

你平常最常需要保養的是肩頸、腰背，還是腿部？",,#銀髮保養 #活動舒適 #輕微痠痛 #依標示使用,,本產品為外用油膏，請依核准標示使用；若症狀持續或惡化，請諮詢醫師或藥師。,關節腫痛、紅熱、長期疼痛或行走困難，請就醫評估。,根治|治療疾病|消炎治本|打通經絡|一擦就好|保證有效|深層修復|替代藥物
Threads_LINE233,LINE233,Threads,2026-09-28,12:00,肩頸按摩不要只靠用力,B,低,pending_legal_pharmacist_review,false,肩頸按摩不要只靠用力,"肩頸按摩不要只靠用力，其實最容易被忽略的是「使用邊界」。

可以談的是：久坐低頭後，可搭配伸展與局部按摩舒緩緊繃不適。不適合把外用油膏說成根治、治療或立即見效。

若痠痛持續、麻木或影響活動，請諮詢醫師或藥師。

你平常最常需要保養的是肩頸、腰背，還是腿部？",,#肩頸保養 #久坐族 #日常舒緩 #依標示使用,,本內容為一般生活保健資訊，非醫療診斷或治療建議。,若痠痛持續、麻木或影響活動，請諮詢醫師或藥師。,根治|治療疾病|消炎治本|打通經絡|一擦就好|保證有效|深層修復|替代藥物
Threads_LINE234,LINE234,Threads,2026-09-28,20:00,油膏劑為什麼適合局部按摩,A,中,pending_legal_pharmacist_review,false,油膏劑為什麼適合局部按摩,"油膏劑為什麼適合局部按摩，其實最容易被忽略的是「使用邊界」。

可以談的是：依標示外用，提供局部按摩與暫時舒緩體感。不適合把外用油膏說成根治、治療或立即見效。

僅供外用；避免眼周、黏膜、破皮或傷口。

你平常最常需要保養的是肩頸、腰背，還是腿部？",,#金牌一條根 #外用油膏 #成分透明 #依標示使用,,本產品為外用油膏，請依核准標示使用；若症狀持續或惡化，請諮詢醫師或藥師。,僅供外用；避免眼周、黏膜、破皮或傷口。,根治|治療疾病|消炎治本|打通經絡|一擦就好|保證有效|深層修復|替代藥物
Threads_LINE235,LINE235,Threads,2026-09-29,12:00,大暑午後少久站硬撐,F,低,pending_legal_pharmacist_review,false,大暑午後少久站硬撐,"大暑午後少久站硬撐，其實最容易被忽略的是「使用邊界」。

可以談的是：以生活保健與身體覺察為主，不做醫療療效宣稱。不適合把外用油膏說成根治、治療或立即見效。

節氣養生屬一般生活資訊，身體不適仍應諮詢專業人員。

你平常最常需要保養的是肩頸、腰背，還是腿部？",,#節氣保養 #生活保健 #日常保養 #身體覺察,,本內容為一般生活保健資訊，非醫療診斷或治療建議。,節氣養生屬一般生活資訊，身體不適仍應諮詢專業人員。,根治|治療疾病|消炎治本|打通經絡|一擦就好|保證有效|深層修復|替代藥物
Threads_LINE236,LINE236,Threads,2026-09-29,20:00,不要密封包紮或大面積厚敷,E,高,pending_legal_pharmacist_review,false,不要密封包紮或大面積厚敷,"不要密封包紮或大面積厚敷，其實最容易被忽略的是「使用邊界」。

可以談的是：安全使用比用得多更重要，依標示與風險族群提醒。不適合把外用油膏說成根治、治療或立即見效。

2 歲以下、孕哺、過敏體質、抗凝血藥使用者請先詢問專業人員。

你平常最常需要保養的是肩頸、腰背，還是腿部？",,#外用安全 #用藥安全 #使用前看標示 #諮詢醫師藥師,,僅供外用。避免接觸眼睛、黏膜、破皮或傷口；特殊族群使用前請先諮詢專業人員。,2 歲以下、孕哺、過敏體質、抗凝血藥使用者請先詢問專業人員。,根治|治療疾病|消炎治本|打通經絡|一擦就好|保證有效|深層修復|替代藥物
Threads_LINE237,LINE237,Threads,2026-09-30,12:00,什麼是乙類成藥,H,中,pending_legal_pharmacist_review,false,什麼是乙類成藥,"什麼是乙類成藥，其實最容易被忽略的是「使用邊界」。

可以談的是：強調藥證、標示、保守宣稱與人工審核流程。不適合把外用油膏說成根治、治療或立即見效。

所有廣告文案仍須依主管機關與專業人員審核。

你平常最常需要保養的是肩頸、腰背，還是腿部？",,#藥證可查 #品牌透明 #合法宣傳 #成分透明,,本產品為外用油膏，請依核准標示使用；若症狀持續或惡化，請諮詢醫師或藥師。,所有廣告文案仍須依主管機關與專業人員審核。,根治|治療疾病|消炎治本|打通經絡|一擦就好|保證有效|深層修復|替代藥物
Threads_LINE238,LINE238,Threads,2026-09-30,20:00,涼感越強越有效嗎,G,低,pending_legal_pharmacist_review,false,涼感越強越有效嗎,"涼感越強越有效嗎，其實最容易被忽略的是「使用邊界」。

可以談的是：用問答降低誤用，讓使用者知道何時該詢問專業人員。不適合把外用油膏說成根治、治療或立即見效。

互動回答不取代醫師或藥師建議。

你平常最常需要保養的是肩頸、腰背，還是腿部？",,#互動問答 #保養知識 #使用小提醒 #金牌一條根,,本內容為一般生活保健資訊，非醫療診斷或治療建議。,互動回答不取代醫師或藥師建議。,根治|治療疾病|消炎治本|打通經絡|一擦就好|保證有效|深層修復|替代藥物
Threads_LINE239,LINE239,Threads,2026-10-01,12:00,重訓後肩背局部舒緩,C,中,pending_legal_pharmacist_review,false,重訓後肩背局部舒緩,"重訓後肩背局部舒緩，其實最容易被忽略的是「使用邊界」。

可以談的是：運動或勞動後的局部肌肉痠痛，可短期按摩舒緩。不適合把外用油膏說成根治、治療或立即見效。

明顯腫脹、劇痛、活動受限或疑似受傷時，請先就醫。

你平常最常需要保養的是肩頸、腰背，還是腿部？",,#運動後保養 #局部按摩 #肌肉痠痛 #依標示使用,,本產品為外用油膏，請依核准標示使用；若症狀持續或惡化，請諮詢醫師或藥師。,明顯腫脹、劇痛、活動受限或疑似受傷時，請先就醫。,根治|治療疾病|消炎治本|打通經絡|一擦就好|保證有效|深層修復|替代藥物
Threads_LINE240,LINE240,Threads,2026-10-01,20:00,乙類成藥與一般保健品差異,A,中,pending_legal_pharmacist_review,false,乙類成藥與一般保健品差異,"乙類成藥與一般保健品差異，其實最容易被忽略的是「使用邊界」。

可以談的是：依標示外用，提供局部按摩與暫時舒緩體感。不適合把外用油膏說成根治、治療或立即見效。

僅供外用；避免眼周、黏膜、破皮或傷口。

你平常最常需要保養的是肩頸、腰背，還是腿部？",,#金牌一條根 #外用油膏 #成分透明 #依標示使用,,本產品為外用油膏，請依核准標示使用；若症狀持續或惡化，請諮詢醫師或藥師。,僅供外用；避免眼周、黏膜、破皮或傷口。,根治|治療疾病|消炎治本|打通經絡|一擦就好|保證有效|深層修復|替代藥物
Threads_LINE241,LINE241,Threads,2026-10-02,12:00,天氣變化時的活動舒適感,D,中,pending_legal_pharmacist_review,false,天氣變化時的活動舒適感,"天氣變化時的活動舒適感，其實最容易被忽略的是「使用邊界」。

可以談的是：輕微關節痠痛可短期舒緩，但不可宣稱治療疾病。不適合把外用油膏說成根治、治療或立即見效。

關節腫痛、紅熱、長期疼痛或行走困難，請就醫評估。

你平常最常需要保養的是肩頸、腰背，還是腿部？",,#銀髮保養 #活動舒適 #輕微痠痛 #依標示使用,,本產品為外用油膏，請依核准標示使用；若症狀持續或惡化，請諮詢醫師或藥師。,關節腫痛、紅熱、長期疼痛或行走困難，請就醫評估。,根治|治療疾病|消炎治本|打通經絡|一擦就好|保證有效|深層修復|替代藥物
Threads_LINE242,LINE242,Threads,2026-10-02,20:00,水楊酸或阿斯匹靈過敏者注意,E,高,pending_legal_pharmacist_review,false,水楊酸或阿斯匹靈過敏者注意,"水楊酸或阿斯匹靈過敏者注意，其實最容易被忽略的是「使用邊界」。

可以談的是：安全使用比用得多更重要，依標示與風險族群提醒。不適合把外用油膏說成根治、治療或立即見效。

2 歲以下、孕哺、過敏體質、抗凝血藥使用者請先詢問專業人員。

你平常最常需要保養的是肩頸、腰背，還是腿部？",,#外用安全 #用藥安全 #使用前看標示 #諮詢醫師藥師,,僅供外用。避免接觸眼睛、黏膜、破皮或傷口；特殊族群使用前請先諮詢專業人員。,2 歲以下、孕哺、過敏體質、抗凝血藥使用者請先詢問專業人員。,根治|治療疾病|消炎治本|打通經絡|一擦就好|保證有效|深層修復|替代藥物
Threads_LINE243,LINE243,Threads,2026-10-03,12:00,立秋後早晚溫差保養,F,低,pending_legal_pharmacist_review,false,立秋後早晚溫差保養,"立秋後早晚溫差保養，其實最容易被忽略的是「使用邊界」。

可以談的是：以生活保健與身體覺察為主，不做醫療療效宣稱。不適合把外用油膏說成根治、治療或立即見效。

節氣養生屬一般生活資訊，身體不適仍應諮詢專業人員。

你平常最常需要保養的是肩頸、腰背，還是腿部？",,#節氣保養 #生活保健 #日常保養 #身體覺察,,本內容為一般生活保健資訊，非醫療診斷或治療建議。,節氣養生屬一般生活資訊，身體不適仍應諮詢專業人員。,根治|治療疾病|消炎治本|打通經絡|一擦就好|保證有效|深層修復|替代藥物
Threads_LINE244,LINE244,Threads,2026-10-03,20:00,家事後手臂不適保養,C,中,pending_legal_pharmacist_review,false,家事後手臂不適保養,"家事後手臂不適保養，其實最容易被忽略的是「使用邊界」。

可以談的是：運動或勞動後的局部肌肉痠痛，可短期按摩舒緩。不適合把外用油膏說成根治、治療或立即見效。

明顯腫脹、劇痛、活動受限或疑似受傷時，請先就醫。

你平常最常需要保養的是肩頸、腰背，還是腿部？",,#運動後保養 #局部按摩 #肌肉痠痛 #依標示使用,,本產品為外用油膏，請依核准標示使用；若症狀持續或惡化，請諮詢醫師或藥師。,明顯腫脹、劇痛、活動受限或疑似受傷時，請先就醫。,根治|治療疾病|消炎治本|打通經絡|一擦就好|保證有效|深層修復|替代藥物
Threads_LINE245,LINE245,Threads,2026-10-04,12:00,你有看過外用產品標示嗎,G,低,pending_legal_pharmacist_review,false,你有看過外用產品標示嗎,"你有看過外用產品標示嗎，其實最容易被忽略的是「使用邊界」。

可以談的是：用問答降低誤用，讓使用者知道何時該詢問專業人員。不適合把外用油膏說成根治、治療或立即見效。

互動回答不取代醫師或藥師建議。

你平常最常需要保養的是肩頸、腰背，還是腿部？",,#互動問答 #保養知識 #使用小提醒 #金牌一條根,,本內容為一般生活保健資訊，非醫療診斷或治療建議。,互動回答不取代醫師或藥師建議。,根治|治療疾病|消炎治本|打通經絡|一擦就好|保證有效|深層修復|替代藥物
Threads_LINE246,LINE246,Threads,2026-10-04,20:00,長輩按摩力道不要過重,D,中,pending_legal_pharmacist_review,false,長輩按摩力道不要過重,"長輩按摩力道不要過重，其實最容易被忽略的是「使用邊界」。

可以談的是：輕微關節痠痛可短期舒緩，但不可宣稱治療疾病。不適合把外用油膏說成根治、治療或立即見效。

關節腫痛、紅熱、長期疼痛或行走困難，請就醫評估。

你平常最常需要保養的是肩頸、腰背，還是腿部？",,#銀髮保養 #活動舒適 #輕微痠痛 #依標示使用,,本產品為外用油膏，請依核准標示使用；若症狀持續或惡化，請諮詢醫師或藥師。,關節腫痛、紅熱、長期疼痛或行走困難，請就醫評估。,根治|治療疾病|消炎治本|打通經絡|一擦就好|保證有效|深層修復|替代藥物
Threads_LINE247,LINE247,Threads,2026-10-05,12:00,久坐族晚間舒緩儀式,B,低,pending_legal_pharmacist_review,false,久坐族晚間舒緩儀式,"久坐族晚間舒緩儀式，其實最容易被忽略的是「使用邊界」。

可以談的是：久坐低頭後，可搭配伸展與局部按摩舒緩緊繃不適。不適合把外用油膏說成根治、治療或立即見效。

若痠痛持續、麻木或影響活動，請諮詢醫師或藥師。

你平常最常需要保養的是肩頸、腰背，還是腿部？",,#肩頸保養 #久坐族 #日常舒緩 #依標示使用,,本內容為一般生活保健資訊，非醫療診斷或治療建議。,若痠痛持續、麻木或影響活動，請諮詢醫師或藥師。,根治|治療疾病|消炎治本|打通經絡|一擦就好|保證有效|深層修復|替代藥物
Threads_LINE248,LINE248,Threads,2026-10-05,20:00,一條根外用膏的日常定位,A,中,pending_legal_pharmacist_review,false,一條根外用膏的日常定位,"一條根外用膏的日常定位，其實最容易被忽略的是「使用邊界」。

可以談的是：依標示外用，提供局部按摩與暫時舒緩體感。不適合把外用油膏說成根治、治療或立即見效。

僅供外用；避免眼周、黏膜、破皮或傷口。

你平常最常需要保養的是肩頸、腰背，還是腿部？",,#金牌一條根 #外用油膏 #成分透明 #依標示使用,,本產品為外用油膏，請依核准標示使用；若症狀持續或惡化，請諮詢醫師或藥師。,僅供外用；避免眼周、黏膜、破皮或傷口。,根治|治療疾病|消炎治本|打通經絡|一擦就好|保證有效|深層修復|替代藥物
Threads_LINE249,LINE249,Threads,2026-10-06,12:00,處暑後運動暖身提醒,F,低,pending_legal_pharmacist_review,false,處暑後運動暖身提醒,"處暑後運動暖身提醒，其實最容易被忽略的是「使用邊界」。

可以談的是：以生活保健與身體覺察為主，不做醫療療效宣稱。不適合把外用油膏說成根治、治療或立即見效。

節氣養生屬一般生活資訊，身體不適仍應諮詢專業人員。

你平常最常需要保養的是肩頸、腰背，還是腿部？",,#節氣保養 #生活保健 #日常保養 #身體覺察,,本內容為一般生活保健資訊，非醫療診斷或治療建議。,節氣養生屬一般生活資訊，身體不適仍應諮詢專業人員。,根治|治療疾病|消炎治本|打通經絡|一擦就好|保證有效|深層修復|替代藥物
Threads_LINE250,LINE250,Threads,2026-10-06,20:00,兒童使用前的安全提醒,E,高,pending_legal_pharmacist_review,false,兒童使用前的安全提醒,"兒童使用前的安全提醒，其實最容易被忽略的是「使用邊界」。

可以談的是：安全使用比用得多更重要，依標示與風險族群提醒。不適合把外用油膏說成根治、治療或立即見效。

2 歲以下、孕哺、過敏體質、抗凝血藥使用者請先詢問專業人員。

你平常最常需要保養的是肩頸、腰背，還是腿部？",,#外用安全 #用藥安全 #使用前看標示 #諮詢醫師藥師,,僅供外用。避免接觸眼睛、黏膜、破皮或傷口；特殊族群使用前請先諮詢專業人員。,2 歲以下、孕哺、過敏體質、抗凝血藥使用者請先詢問專業人員。,根治|治療疾病|消炎治本|打通經絡|一擦就好|保證有效|深層修復|替代藥物
Threads_LINE251,LINE251,Threads,2026-10-07,12:00,官方適應症與社群文案的差異,H,中,pending_legal_pharmacist_review,false,官方適應症與社群文案的差異,"官方適應症與社群文案的差異，其實最容易被忽略的是「使用邊界」。

可以談的是：強調藥證、標示、保守宣稱與人工審核流程。不適合把外用油膏說成根治、治療或立即見效。

所有廣告文案仍須依主管機關與專業人員審核。

你平常最常需要保養的是肩頸、腰背，還是腿部？",,#藥證可查 #品牌透明 #合法宣傳 #成分透明,,本產品為外用油膏，請依核准標示使用；若症狀持續或惡化，請諮詢醫師或藥師。,所有廣告文案仍須依主管機關與專業人員審核。,根治|治療疾病|消炎治本|打通經絡|一擦就好|保證有效|深層修復|替代藥物
Threads_LINE252,LINE252,Threads,2026-10-07,20:00,久坐族最想舒緩哪裡,G,低,pending_legal_pharmacist_review,false,久坐族最想舒緩哪裡,"久坐族最想舒緩哪裡，其實最容易被忽略的是「使用邊界」。

可以談的是：用問答降低誤用，讓使用者知道何時該詢問專業人員。不適合把外用油膏說成根治、治療或立即見效。

互動回答不取代醫師或藥師建議。

你平常最常需要保養的是肩頸、腰背，還是腿部？",,#互動問答 #保養知識 #使用小提醒 #金牌一條根,,本內容為一般生活保健資訊，非醫療診斷或治療建議。,互動回答不取代醫師或藥師建議。,根治|治療疾病|消炎治本|打通經絡|一擦就好|保證有效|深層修復|替代藥物
Threads_LINE253,LINE253,Threads,2026-10-08,12:00,跑步後膝周不適的保守提醒,C,中,pending_legal_pharmacist_review,false,跑步後膝周不適的保守提醒,"跑步後膝周不適的保守提醒，其實最容易被忽略的是「使用邊界」。

可以談的是：運動或勞動後的局部肌肉痠痛，可短期按摩舒緩。不適合把外用油膏說成根治、治療或立即見效。

明顯腫脹、劇痛、活動受限或疑似受傷時，請先就醫。

你平常最常需要保養的是肩頸、腰背，還是腿部？",,#運動後保養 #局部按摩 #肌肉痠痛 #依標示使用,,本產品為外用油膏，請依核准標示使用；若症狀持續或惡化，請諮詢醫師或藥師。,明顯腫脹、劇痛、活動受限或疑似受傷時，請先就醫。,根治|治療疾病|消炎治本|打通經絡|一擦就好|保證有效|深層修復|替代藥物
Threads_LINE254,LINE254,Threads,2026-10-08,20:00,成分濃度為什麼要看標示,A,中,pending_legal_pharmacist_review,false,成分濃度為什麼要看標示,"成分濃度為什麼要看標示，其實最容易被忽略的是「使用邊界」。

可以談的是：依標示外用，提供局部按摩與暫時舒緩體感。不適合把外用油膏說成根治、治療或立即見效。

僅供外用；避免眼周、黏膜、破皮或傷口。

你平常最常需要保養的是肩頸、腰背，還是腿部？",,#金牌一條根 #外用油膏 #成分透明 #依標示使用,,本產品為外用油膏，請依核准標示使用；若症狀持續或惡化，請諮詢醫師或藥師。,僅供外用；避免眼周、黏膜、破皮或傷口。,根治|治療疾病|消炎治本|打通經絡|一擦就好|保證有效|深層修復|替代藥物
Threads_LINE255,LINE255,Threads,2026-10-09,12:00,照顧爸媽時的外用提醒,D,中,pending_legal_pharmacist_review,false,照顧爸媽時的外用提醒,"照顧爸媽時的外用提醒，其實最容易被忽略的是「使用邊界」。

可以談的是：輕微關節痠痛可短期舒緩，但不可宣稱治療疾病。不適合把外用油膏說成根治、治療或立即見效。

關節腫痛、紅熱、長期疼痛或行走困難，請就醫評估。

你平常最常需要保養的是肩頸、腰背，還是腿部？",,#銀髮保養 #活動舒適 #輕微痠痛 #依標示使用,,本產品為外用油膏，請依核准標示使用；若症狀持續或惡化，請諮詢醫師或藥師。,關節腫痛、紅熱、長期疼痛或行走困難，請就醫評估。,根治|治療疾病|消炎治本|打通經絡|一擦就好|保證有效|深層修復|替代藥物
Threads_LINE256,LINE256,Threads,2026-10-09,20:00,孕婦與哺乳族群先詢問專業人員,E,高,pending_legal_pharmacist_review,false,孕婦與哺乳族群先詢問專業人員,"孕婦與哺乳族群先詢問專業人員，其實最容易被忽略的是「使用邊界」。

可以談的是：安全使用比用得多更重要，依標示與風險族群提醒。不適合把外用油膏說成根治、治療或立即見效。

2 歲以下、孕哺、過敏體質、抗凝血藥使用者請先詢問專業人員。

你平常最常需要保養的是肩頸、腰背，還是腿部？",,#外用安全 #用藥安全 #使用前看標示 #諮詢醫師藥師,,僅供外用。避免接觸眼睛、黏膜、破皮或傷口；特殊族群使用前請先諮詢專業人員。,2 歲以下、孕哺、過敏體質、抗凝血藥使用者請先詢問專業人員。,根治|治療疾病|消炎治本|打通經絡|一擦就好|保證有效|深層修復|替代藥物
Threads_LINE257,LINE257,Threads,2026-10-10,12:00,白露時節關心長輩活動,F,低,pending_legal_pharmacist_review,false,白露時節關心長輩活動,"白露時節關心長輩活動，其實最容易被忽略的是「使用邊界」。

可以談的是：以生活保健與身體覺察為主，不做醫療療效宣稱。不適合把外用油膏說成根治、治療或立即見效。

節氣養生屬一般生活資訊，身體不適仍應諮詢專業人員。

你平常最常需要保養的是肩頸、腰背，還是腿部？",,#節氣保養 #生活保健 #日常保養 #身體覺察,,本內容為一般生活保健資訊，非醫療診斷或治療建議。,節氣養生屬一般生活資訊，身體不適仍應諮詢專業人員。,根治|治療疾病|消炎治本|打通經絡|一擦就好|保證有效|深層修復|替代藥物
Threads_LINE258,LINE258,Threads,2026-10-10,20:00,勞動後先休息再按摩,C,中,pending_legal_pharmacist_review,false,勞動後先休息再按摩,"勞動後先休息再按摩，其實最容易被忽略的是「使用邊界」。

可以談的是：運動或勞動後的局部肌肉痠痛，可短期按摩舒緩。不適合把外用油膏說成根治、治療或立即見效。

明顯腫脹、劇痛、活動受限或疑似受傷時，請先就醫。

你平常最常需要保養的是肩頸、腰背，還是腿部？",,#運動後保養 #局部按摩 #肌肉痠痛 #依標示使用,,本產品為外用油膏，請依核准標示使用；若症狀持續或惡化，請諮詢醫師或藥師。,明顯腫脹、劇痛、活動受限或疑似受傷時，請先就醫。,根治|治療疾病|消炎治本|打通經絡|一擦就好|保證有效|深層修復|替代藥物
Threads_LINE259,LINE259,Threads,2026-10-11,12:00,長輩使用外用膏你會提醒什麼,G,低,pending_legal_pharmacist_review,false,長輩使用外用膏你會提醒什麼,"長輩使用外用膏你會提醒什麼，其實最容易被忽略的是「使用邊界」。

可以談的是：用問答降低誤用，讓使用者知道何時該詢問專業人員。不適合把外用油膏說成根治、治療或立即見效。

互動回答不取代醫師或藥師建議。

你平常最常需要保養的是肩頸、腰背，還是腿部？",,#互動問答 #保養知識 #使用小提醒 #金牌一條根,,本內容為一般生活保健資訊，非醫療診斷或治療建議。,互動回答不取代醫師或藥師建議。,根治|治療疾病|消炎治本|打通經絡|一擦就好|保證有效|深層修復|替代藥物
Threads_LINE260,LINE260,Threads,2026-10-11,20:00,日常活動舒適度的三個習慣,D,中,pending_legal_pharmacist_review,false,日常活動舒適度的三個習慣,"日常活動舒適度的三個習慣，其實最容易被忽略的是「使用邊界」。

可以談的是：輕微關節痠痛可短期舒緩，但不可宣稱治療疾病。不適合把外用油膏說成根治、治療或立即見效。

關節腫痛、紅熱、長期疼痛或行走困難，請就醫評估。

你平常最常需要保養的是肩頸、腰背，還是腿部？",,#銀髮保養 #活動舒適 #輕微痠痛 #依標示使用,,本產品為外用油膏，請依核准標示使用；若症狀持續或惡化，請諮詢醫師或藥師。,關節腫痛、紅熱、長期疼痛或行走困難，請就醫評估。,根治|治療疾病|消炎治本|打通經絡|一擦就好|保證有效|深層修復|替代藥物
Threads_LINE261,LINE261,Threads,2026-10-12,12:00,背包太重後的肩膀保養,B,低,pending_legal_pharmacist_review,false,背包太重後的肩膀保養,"背包太重後的肩膀保養，其實最容易被忽略的是「使用邊界」。

可以談的是：久坐低頭後，可搭配伸展與局部按摩舒緩緊繃不適。不適合把外用油膏說成根治、治療或立即見效。

若痠痛持續、麻木或影響活動，請諮詢醫師或藥師。

你平常最常需要保養的是肩頸、腰背，還是腿部？",,#肩頸保養 #久坐族 #日常舒緩 #依標示使用,,本內容為一般生活保健資訊，非醫療診斷或治療建議。,若痠痛持續、麻木或影響活動，請諮詢醫師或藥師。,根治|治療疾病|消炎治本|打通經絡|一擦就好|保證有效|深層修復|替代藥物
Threads_LINE262,LINE262,Threads,2026-10-12,20:00,局部按摩和大面積厚敷的差別,A,中,pending_legal_pharmacist_review,false,局部按摩和大面積厚敷的差別,"局部按摩和大面積厚敷的差別，其實最容易被忽略的是「使用邊界」。

可以談的是：依標示外用，提供局部按摩與暫時舒緩體感。不適合把外用油膏說成根治、治療或立即見效。

僅供外用；避免眼周、黏膜、破皮或傷口。

你平常最常需要保養的是肩頸、腰背，還是腿部？",,#金牌一條根 #外用油膏 #成分透明 #依標示使用,,本產品為外用油膏，請依核准標示使用；若症狀持續或惡化，請諮詢醫師或藥師。,僅供外用；避免眼周、黏膜、破皮或傷口。,根治|治療疾病|消炎治本|打通經絡|一擦就好|保證有效|深層修復|替代藥物
Threads_LINE263,LINE263,Threads,2026-10-13,12:00,秋分後外出前暖身,F,低,pending_legal_pharmacist_review,false,秋分後外出前暖身,"秋分後外出前暖身，其實最容易被忽略的是「使用邊界」。

可以談的是：以生活保健與身體覺察為主，不做醫療療效宣稱。不適合把外用油膏說成根治、治療或立即見效。

節氣養生屬一般生活資訊，身體不適仍應諮詢專業人員。

你平常最常需要保養的是肩頸、腰背，還是腿部？",,#節氣保養 #生活保健 #日常保養 #身體覺察,,本內容為一般生活保健資訊，非醫療診斷或治療建議。,節氣養生屬一般生活資訊，身體不適仍應諮詢專業人員。,根治|治療疾病|消炎治本|打通經絡|一擦就好|保證有效|深層修復|替代藥物
Threads_LINE264,LINE264,Threads,2026-10-13,20:00,症狀超過七天要停用並諮詢,E,高,pending_legal_pharmacist_review,false,症狀超過七天要停用並諮詢,"症狀超過七天要停用並諮詢，其實最容易被忽略的是「使用邊界」。

可以談的是：安全使用比用得多更重要，依標示與風險族群提醒。不適合把外用油膏說成根治、治療或立即見效。

2 歲以下、孕哺、過敏體質、抗凝血藥使用者請先詢問專業人員。

你平常最常需要保養的是肩頸、腰背，還是腿部？",,#外用安全 #用藥安全 #使用前看標示 #諮詢醫師藥師,,僅供外用。避免接觸眼睛、黏膜、破皮或傷口；特殊族群使用前請先諮詢專業人員。,2 歲以下、孕哺、過敏體質、抗凝血藥使用者請先詢問專業人員。,根治|治療疾病|消炎治本|打通經絡|一擦就好|保證有效|深層修復|替代藥物
Threads_LINE265,LINE265,Threads,2026-10-14,12:00,為什麼不鼓勵擦傷口,H,中,pending_legal_pharmacist_review,false,為什麼不鼓勵擦傷口,"為什麼不鼓勵擦傷口，其實最容易被忽略的是「使用邊界」。

可以談的是：強調藥證、標示、保守宣稱與人工審核流程。不適合把外用油膏說成根治、治療或立即見效。

所有廣告文案仍須依主管機關與專業人員審核。

你平常最常需要保養的是肩頸、腰背，還是腿部？",,#藥證可查 #品牌透明 #合法宣傳 #成分透明,,本產品為外用油膏，請依核准標示使用；若症狀持續或惡化，請諮詢醫師或藥師。,所有廣告文案仍須依主管機關與專業人員審核。,根治|治療疾病|消炎治本|打通經絡|一擦就好|保證有效|深層修復|替代藥物
Threads_LINE266,LINE266,Threads,2026-10-14,20:00,一條根可以天天厚敷嗎,G,低,pending_legal_pharmacist_review,false,一條根可以天天厚敷嗎,"一條根可以天天厚敷嗎，其實最容易被忽略的是「使用邊界」。

可以談的是：用問答降低誤用，讓使用者知道何時該詢問專業人員。不適合把外用油膏說成根治、治療或立即見效。

互動回答不取代醫師或藥師建議。

你平常最常需要保養的是肩頸、腰背，還是腿部？",,#互動問答 #保養知識 #使用小提醒 #金牌一條根,,本內容為一般生活保健資訊，非醫療診斷或治療建議。,互動回答不取代醫師或藥師建議。,根治|治療疾病|消炎治本|打通經絡|一擦就好|保證有效|深層修復|替代藥物
Threads_LINE267,LINE267,Threads,2026-10-15,12:00,運動後不要立刻熱敷加藥膏,C,中,pending_legal_pharmacist_review,false,運動後不要立刻熱敷加藥膏,"運動後不要立刻熱敷加藥膏，其實最容易被忽略的是「使用邊界」。

可以談的是：運動或勞動後的局部肌肉痠痛，可短期按摩舒緩。不適合把外用油膏說成根治、治療或立即見效。

明顯腫脹、劇痛、活動受限或疑似受傷時，請先就醫。

你平常最常需要保養的是肩頸、腰背，還是腿部？",,#運動後保養 #局部按摩 #肌肉痠痛 #依標示使用,,本產品為外用油膏，請依核准標示使用；若症狀持續或惡化，請諮詢醫師或藥師。,明顯腫脹、劇痛、活動受限或疑似受傷時，請先就醫。,根治|治療疾病|消炎治本|打通經絡|一擦就好|保證有效|深層修復|替代藥物
Threads_LINE268,LINE268,Threads,2026-10-15,20:00,使用前先小範圍測試,A,中,pending_legal_pharmacist_review,false,使用前先小範圍測試,"使用前先小範圍測試，其實最容易被忽略的是「使用邊界」。

可以談的是：依標示外用，提供局部按摩與暫時舒緩體感。不適合把外用油膏說成根治、治療或立即見效。

僅供外用；避免眼周、黏膜、破皮或傷口。

你平常最常需要保養的是肩頸、腰背，還是腿部？",,#金牌一條根 #外用油膏 #成分透明 #依標示使用,,本產品為外用油膏，請依核准標示使用；若症狀持續或惡化，請諮詢醫師或藥師。,僅供外用；避免眼周、黏膜、破皮或傷口。,根治|治療疾病|消炎治本|打通經絡|一擦就好|保證有效|深層修復|替代藥物
Threads_LINE269,LINE269,Threads,2026-10-16,12:00,長輩使用前先看標示,D,中,pending_legal_pharmacist_review,false,長輩使用前先看標示,"長輩使用前先看標示，其實最容易被忽略的是「使用邊界」。

可以談的是：輕微關節痠痛可短期舒緩，但不可宣稱治療疾病。不適合把外用油膏說成根治、治療或立即見效。

關節腫痛、紅熱、長期疼痛或行走困難，請就醫評估。

你平常最常需要保養的是肩頸、腰背，還是腿部？",,#銀髮保養 #活動舒適 #輕微痠痛 #依標示使用,,本產品為外用油膏，請依核准標示使用；若症狀持續或惡化，請諮詢醫師或藥師。,關節腫痛、紅熱、長期疼痛或行走困難，請就醫評估。,根治|治療疾病|消炎治本|打通經絡|一擦就好|保證有效|深層修復|替代藥物
Threads_LINE270,LINE270,Threads,2026-10-16,20:00,皮膚刺激時要停止使用,E,高,pending_legal_pharmacist_review,false,皮膚刺激時要停止使用,"皮膚刺激時要停止使用，其實最容易被忽略的是「使用邊界」。

可以談的是：安全使用比用得多更重要，依標示與風險族群提醒。不適合把外用油膏說成根治、治療或立即見效。

2 歲以下、孕哺、過敏體質、抗凝血藥使用者請先詢問專業人員。

你平常最常需要保養的是肩頸、腰背，還是腿部？",,#外用安全 #用藥安全 #使用前看標示 #諮詢醫師藥師,,僅供外用。避免接觸眼睛、黏膜、破皮或傷口；特殊族群使用前請先諮詢專業人員。,2 歲以下、孕哺、過敏體質、抗凝血藥使用者請先詢問專業人員。,根治|治療疾病|消炎治本|打通經絡|一擦就好|保證有效|深層修復|替代藥物
Threads_LINE271,LINE271,Threads,2026-10-17,12:00,寒露後肩背保養,F,低,pending_legal_pharmacist_review,false,寒露後肩背保養,"寒露後肩背保養，其實最容易被忽略的是「使用邊界」。

可以談的是：以生活保健與身體覺察為主，不做醫療療效宣稱。不適合把外用油膏說成根治、治療或立即見效。

節氣養生屬一般生活資訊，身體不適仍應諮詢專業人員。

你平常最常需要保養的是肩頸、腰背，還是腿部？",,#節氣保養 #生活保健 #日常保養 #身體覺察,,本內容為一般生活保健資訊，非醫療診斷或治療建議。,節氣養生屬一般生活資訊，身體不適仍應諮詢專業人員。,根治|治療疾病|消炎治本|打通經絡|一擦就好|保證有效|深層修復|替代藥物
Threads_LINE272,LINE272,Threads,2026-10-17,20:00,輕微拉扯後的觀察重點,C,中,pending_legal_pharmacist_review,false,輕微拉扯後的觀察重點,"輕微拉扯後的觀察重點，其實最容易被忽略的是「使用邊界」。

可以談的是：運動或勞動後的局部肌肉痠痛，可短期按摩舒緩。不適合把外用油膏說成根治、治療或立即見效。

明顯腫脹、劇痛、活動受限或疑似受傷時，請先就醫。

你平常最常需要保養的是肩頸、腰背，還是腿部？",,#運動後保養 #局部按摩 #肌肉痠痛 #依標示使用,,本產品為外用油膏，請依核准標示使用；若症狀持續或惡化，請諮詢醫師或藥師。,明顯腫脹、劇痛、活動受限或疑似受傷時，請先就醫。,根治|治療疾病|消炎治本|打通經絡|一擦就好|保證有效|深層修復|替代藥物
Threads_LINE273,LINE273,Threads,2026-10-18,12:00,擦完可以馬上熱敷嗎,G,低,pending_legal_pharmacist_review,false,擦完可以馬上熱敷嗎,"擦完可以馬上熱敷嗎，其實最容易被忽略的是「使用邊界」。

可以談的是：用問答降低誤用，讓使用者知道何時該詢問專業人員。不適合把外用油膏說成根治、治療或立即見效。

互動回答不取代醫師或藥師建議。

你平常最常需要保養的是肩頸、腰背，還是腿部？",,#互動問答 #保養知識 #使用小提醒 #金牌一條根,,本內容為一般生活保健資訊，非醫療診斷或治療建議。,互動回答不取代醫師或藥師建議。,根治|治療疾病|消炎治本|打通經絡|一擦就好|保證有效|深層修復|替代藥物
Threads_LINE274,LINE274,Threads,2026-10-18,20:00,別把長期疼痛只當小問題,D,中,pending_legal_pharmacist_review,false,別把長期疼痛只當小問題,"別把長期疼痛只當小問題，其實最容易被忽略的是「使用邊界」。

可以談的是：輕微關節痠痛可短期舒緩，但不可宣稱治療疾病。不適合把外用油膏說成根治、治療或立即見效。

關節腫痛、紅熱、長期疼痛或行走困難，請就醫評估。

你平常最常需要保養的是肩頸、腰背，還是腿部？",,#銀髮保養 #活動舒適 #輕微痠痛 #依標示使用,,本產品為外用油膏，請依核准標示使用；若症狀持續或惡化，請諮詢醫師或藥師。,關節腫痛、紅熱、長期疼痛或行走困難，請就醫評估。,根治|治療疾病|消炎治本|打通經絡|一擦就好|保證有效|深層修復|替代藥物
Threads_LINE275,LINE275,Threads,2026-10-19,12:00,冷氣房肩頸緊繃保養,B,低,pending_legal_pharmacist_review,false,冷氣房肩頸緊繃保養,"冷氣房肩頸緊繃保養，其實最容易被忽略的是「使用邊界」。

可以談的是：久坐低頭後，可搭配伸展與局部按摩舒緩緊繃不適。不適合把外用油膏說成根治、治療或立即見效。

若痠痛持續、麻木或影響活動，請諮詢醫師或藥師。

你平常最常需要保養的是肩頸、腰背，還是腿部？",,#肩頸保養 #久坐族 #日常舒緩 #依標示使用,,本內容為一般生活保健資訊，非醫療診斷或治療建議。,若痠痛持續、麻木或影響活動，請諮詢醫師或藥師。,根治|治療疾病|消炎治本|打通經絡|一擦就好|保證有效|深層修復|替代藥物
Threads_LINE276,LINE276,Threads,2026-10-19,20:00,產品不是神藥，定位要講清楚,A,中,pending_legal_pharmacist_review,false,產品不是神藥，定位要講清楚,"產品不是神藥，定位要講清楚，其實最容易被忽略的是「使用邊界」。

可以談的是：依標示外用，提供局部按摩與暫時舒緩體感。不適合把外用油膏說成根治、治療或立即見效。

僅供外用；避免眼周、黏膜、破皮或傷口。

你平常最常需要保養的是肩頸、腰背，還是腿部？",,#金牌一條根 #外用油膏 #成分透明 #依標示使用,,本產品為外用油膏，請依核准標示使用；若症狀持續或惡化，請諮詢醫師或藥師。,僅供外用；避免眼周、黏膜、破皮或傷口。,根治|治療疾病|消炎治本|打通經絡|一擦就好|保證有效|深層修復|替代藥物
Threads_LINE277,LINE277,Threads,2026-10-20,12:00,立冬前後的日常舒緩儀式,F,低,pending_legal_pharmacist_review,false,立冬前後的日常舒緩儀式,"立冬前後的日常舒緩儀式，其實最容易被忽略的是「使用邊界」。

可以談的是：以生活保健與身體覺察為主，不做醫療療效宣稱。不適合把外用油膏說成根治、治療或立即見效。

節氣養生屬一般生活資訊，身體不適仍應諮詢專業人員。

你平常最常需要保養的是肩頸、腰背，還是腿部？",,#節氣保養 #生活保健 #日常保養 #身體覺察,,本內容為一般生活保健資訊，非醫療診斷或治療建議。,節氣養生屬一般生活資訊，身體不適仍應諮詢專業人員。,根治|治療疾病|消炎治本|打通經絡|一擦就好|保證有效|深層修復|替代藥物
Threads_LINE278,LINE278,Threads,2026-10-20,20:00,深層症狀不適合自行處理,E,高,pending_legal_pharmacist_review,false,深層症狀不適合自行處理,"深層症狀不適合自行處理，其實最容易被忽略的是「使用邊界」。

可以談的是：安全使用比用得多更重要，依標示與風險族群提醒。不適合把外用油膏說成根治、治療或立即見效。

2 歲以下、孕哺、過敏體質、抗凝血藥使用者請先詢問專業人員。

你平常最常需要保養的是肩頸、腰背，還是腿部？",,#外用安全 #用藥安全 #使用前看標示 #諮詢醫師藥師,,僅供外用。避免接觸眼睛、黏膜、破皮或傷口；特殊族群使用前請先諮詢專業人員。,2 歲以下、孕哺、過敏體質、抗凝血藥使用者請先詢問專業人員。,根治|治療疾病|消炎治本|打通經絡|一擦就好|保證有效|深層修復|替代藥物
Threads_LINE279,LINE279,Threads,2026-10-21,12:00,買外用膏先看三件事,H,中,pending_legal_pharmacist_review,false,買外用膏先看三件事,"買外用膏先看三件事，其實最容易被忽略的是「使用邊界」。

可以談的是：強調藥證、標示、保守宣稱與人工審核流程。不適合把外用油膏說成根治、治療或立即見效。

所有廣告文案仍須依主管機關與專業人員審核。

你平常最常需要保養的是肩頸、腰背，還是腿部？",,#藥證可查 #品牌透明 #合法宣傳 #成分透明,,本產品為外用油膏，請依核准標示使用；若症狀持續或惡化，請諮詢醫師或藥師。,所有廣告文案仍須依主管機關與專業人員審核。,根治|治療疾病|消炎治本|打通經絡|一擦就好|保證有效|深層修復|替代藥物
Threads_LINE280,LINE280,Threads,2026-10-21,20:00,哪些情況應該先就醫,G,低,pending_legal_pharmacist_review,false,哪些情況應該先就醫,"哪些情況應該先就醫，其實最容易被忽略的是「使用邊界」。

可以談的是：用問答降低誤用，讓使用者知道何時該詢問專業人員。不適合把外用油膏說成根治、治療或立即見效。

互動回答不取代醫師或藥師建議。

你平常最常需要保養的是肩頸、腰背，還是腿部？",,#互動問答 #保養知識 #使用小提醒 #金牌一條根,,本內容為一般生活保健資訊，非醫療診斷或治療建議。,互動回答不取代醫師或藥師建議。,根治|治療疾病|消炎治本|打通經絡|一擦就好|保證有效|深層修復|替代藥物
Threads_LINE281,LINE281,Threads,2026-10-22,12:00,運動後局部痠痛的保守處理,C,中,pending_legal_pharmacist_review,false,運動後局部痠痛的保守處理,"運動後局部痠痛的保守處理，其實最容易被忽略的是「使用邊界」。

可以談的是：運動或勞動後的局部肌肉痠痛，可短期按摩舒緩。不適合把外用油膏說成根治、治療或立即見效。

明顯腫脹、劇痛、活動受限或疑似受傷時，請先就醫。

你平常最常需要保養的是肩頸、腰背，還是腿部？",,#運動後保養 #局部按摩 #肌肉痠痛 #依標示使用,,本產品為外用油膏，請依核准標示使用；若症狀持續或惡化，請諮詢醫師或藥師。,明顯腫脹、劇痛、活動受限或疑似受傷時，請先就醫。,根治|治療疾病|消炎治本|打通經絡|一擦就好|保證有效|深層修復|替代藥物
Threads_LINE282,LINE282,Threads,2026-10-22,20:00,冬青油與清涼舒緩體感,A,中,pending_legal_pharmacist_review,false,冬青油與清涼舒緩體感,"冬青油與清涼舒緩體感，其實最容易被忽略的是「使用邊界」。

可以談的是：依標示外用，提供局部按摩與暫時舒緩體感。不適合把外用油膏說成根治、治療或立即見效。

僅供外用；避免眼周、黏膜、破皮或傷口。

你平常最常需要保養的是肩頸、腰背，還是腿部？",,#金牌一條根 #外用油膏 #成分透明 #依標示使用,,本產品為外用油膏，請依核准標示使用；若症狀持續或惡化，請諮詢醫師或藥師。,僅供外用；避免眼周、黏膜、破皮或傷口。,根治|治療疾病|消炎治本|打通經絡|一擦就好|保證有效|深層修復|替代藥物
Threads_LINE283,LINE283,Threads,2026-10-23,12:00,早晨活動前的關節暖身,D,中,pending_legal_pharmacist_review,false,早晨活動前的關節暖身,"早晨活動前的關節暖身，其實最容易被忽略的是「使用邊界」。

可以談的是：輕微關節痠痛可短期舒緩，但不可宣稱治療疾病。不適合把外用油膏說成根治、治療或立即見效。

關節腫痛、紅熱、長期疼痛或行走困難，請就醫評估。

你平常最常需要保養的是肩頸、腰背，還是腿部？",,#銀髮保養 #活動舒適 #輕微痠痛 #依標示使用,,本產品為外用油膏，請依核准標示使用；若症狀持續或惡化，請諮詢醫師或藥師。,關節腫痛、紅熱、長期疼痛或行走困難，請就醫評估。,根治|治療疾病|消炎治本|打通經絡|一擦就好|保證有效|深層修復|替代藥物
Threads_LINE284,LINE284,Threads,2026-10-23,20:00,不能擦在破皮或傷口,E,高,pending_legal_pharmacist_review,false,不能擦在破皮或傷口,"不能擦在破皮或傷口，其實最容易被忽略的是「使用邊界」。

可以談的是：安全使用比用得多更重要，依標示與風險族群提醒。不適合把外用油膏說成根治、治療或立即見效。

2 歲以下、孕哺、過敏體質、抗凝血藥使用者請先詢問專業人員。

你平常最常需要保養的是肩頸、腰背，還是腿部？",,#外用安全 #用藥安全 #使用前看標示 #諮詢醫師藥師,,僅供外用。避免接觸眼睛、黏膜、破皮或傷口；特殊族群使用前請先諮詢專業人員。,2 歲以下、孕哺、過敏體質、抗凝血藥使用者請先詢問專業人員。,根治|治療疾病|消炎治本|打通經絡|一擦就好|保證有效|深層修復|替代藥物
Threads_LINE285,LINE285,Threads,2026-10-24,12:00,芒種後濕熱生活保養,F,低,pending_legal_pharmacist_review,false,芒種後濕熱生活保養,"芒種後濕熱生活保養，其實最容易被忽略的是「使用邊界」。

可以談的是：以生活保健與身體覺察為主，不做醫療療效宣稱。不適合把外用油膏說成根治、治療或立即見效。

節氣養生屬一般生活資訊，身體不適仍應諮詢專業人員。

你平常最常需要保養的是肩頸、腰背，還是腿部？",,#節氣保養 #生活保健 #日常保養 #身體覺察,,本內容為一般生活保健資訊，非醫療診斷或治療建議。,節氣養生屬一般生活資訊，身體不適仍應諮詢專業人員。,根治|治療疾病|消炎治本|打通經絡|一擦就好|保證有效|深層修復|替代藥物
Threads_LINE286,LINE286,Threads,2026-10-24,20:00,久站後小腿不適舒緩,C,中,pending_legal_pharmacist_review,false,久站後小腿不適舒緩,"久站後小腿不適舒緩，其實最容易被忽略的是「使用邊界」。

可以談的是：運動或勞動後的局部肌肉痠痛，可短期按摩舒緩。不適合把外用油膏說成根治、治療或立即見效。

明顯腫脹、劇痛、活動受限或疑似受傷時，請先就醫。

你平常最常需要保養的是肩頸、腰背，還是腿部？",,#運動後保養 #局部按摩 #肌肉痠痛 #依標示使用,,本產品為外用油膏，請依核准標示使用；若症狀持續或惡化，請諮詢醫師或藥師。,明顯腫脹、劇痛、活動受限或疑似受傷時，請先就醫。,根治|治療疾病|消炎治本|打通經絡|一擦就好|保證有效|深層修復|替代藥物
Threads_LINE287,LINE287,Threads,2026-10-25,12:00,你最常哪個部位緊繃,G,低,pending_legal_pharmacist_review,false,你最常哪個部位緊繃,"你最常哪個部位緊繃，其實最容易被忽略的是「使用邊界」。

可以談的是：用問答降低誤用，讓使用者知道何時該詢問專業人員。不適合把外用油膏說成根治、治療或立即見效。

互動回答不取代醫師或藥師建議。

你平常最常需要保養的是肩頸、腰背，還是腿部？",,#互動問答 #保養知識 #使用小提醒 #金牌一條根,,本內容為一般生活保健資訊，非醫療診斷或治療建議。,互動回答不取代醫師或藥師建議。,根治|治療疾病|消炎治本|打通經絡|一擦就好|保證有效|深層修復|替代藥物
Threads_LINE288,LINE288,Threads,2026-10-25,20:00,長輩外用膏使用安全,D,中,pending_legal_pharmacist_review,false,長輩外用膏使用安全,"長輩外用膏使用安全，其實最容易被忽略的是「使用邊界」。

可以談的是：輕微關節痠痛可短期舒緩，但不可宣稱治療疾病。不適合把外用油膏說成根治、治療或立即見效。

關節腫痛、紅熱、長期疼痛或行走困難，請就醫評估。

你平常最常需要保養的是肩頸、腰背，還是腿部？",,#銀髮保養 #活動舒適 #輕微痠痛 #依標示使用,,本產品為外用油膏，請依核准標示使用；若症狀持續或惡化，請諮詢醫師或藥師。,關節腫痛、紅熱、長期疼痛或行走困難，請就醫評估。,根治|治療疾病|消炎治本|打通經絡|一擦就好|保證有效|深層修復|替代藥物
Threads_LINE289,LINE289,Threads,2026-10-26,12:00,低頭族肩頸緊繃的三個提醒,B,低,pending_legal_pharmacist_review,false,低頭族肩頸緊繃的三個提醒,"低頭族肩頸緊繃的三個提醒，其實最容易被忽略的是「使用邊界」。

可以談的是：久坐低頭後，可搭配伸展與局部按摩舒緩緊繃不適。不適合把外用油膏說成根治、治療或立即見效。

若痠痛持續、麻木或影響活動，請諮詢醫師或藥師。

你平常最常需要保養的是肩頸、腰背，還是腿部？",,#肩頸保養 #久坐族 #日常舒緩 #依標示使用,,本內容為一般生活保健資訊，非醫療診斷或治療建議。,若痠痛持續、麻木或影響活動，請諮詢醫師或藥師。,根治|治療疾病|消炎治本|打通經絡|一擦就好|保證有效|深層修復|替代藥物
Threads_LINE290,LINE290,Threads,2026-10-26,20:00,薄荷腦帶來的涼感來源,A,中,pending_legal_pharmacist_review,false,薄荷腦帶來的涼感來源,"薄荷腦帶來的涼感來源，其實最容易被忽略的是「使用邊界」。

可以談的是：依標示外用，提供局部按摩與暫時舒緩體感。不適合把外用油膏說成根治、治療或立即見效。

僅供外用；避免眼周、黏膜、破皮或傷口。

你平常最常需要保養的是肩頸、腰背，還是腿部？",,#金牌一條根 #外用油膏 #成分透明 #依標示使用,,本產品為外用油膏，請依核准標示使用；若症狀持續或惡化，請諮詢醫師或藥師。,僅供外用；避免眼周、黏膜、破皮或傷口。,根治|治療疾病|消炎治本|打通經絡|一擦就好|保證有效|深層修復|替代藥物
Threads_LINE291,LINE291,Threads,2026-10-27,12:00,夏季冷氣房的肩頸保養,F,低,pending_legal_pharmacist_review,false,夏季冷氣房的肩頸保養,"夏季冷氣房的肩頸保養，其實最容易被忽略的是「使用邊界」。

可以談的是：以生活保健與身體覺察為主，不做醫療療效宣稱。不適合把外用油膏說成根治、治療或立即見效。

節氣養生屬一般生活資訊，身體不適仍應諮詢專業人員。

你平常最常需要保養的是肩頸、腰背，還是腿部？",,#節氣保養 #生活保健 #日常保養 #身體覺察,,本內容為一般生活保健資訊，非醫療診斷或治療建議。,節氣養生屬一般生活資訊，身體不適仍應諮詢專業人員。,根治|治療疾病|消炎治本|打通經絡|一擦就好|保證有效|深層修復|替代藥物
Threads_LINE292,LINE292,Threads,2026-10-27,20:00,外用膏避免眼周與黏膜,E,高,pending_legal_pharmacist_review,false,外用膏避免眼周與黏膜,"外用膏避免眼周與黏膜，其實最容易被忽略的是「使用邊界」。

可以談的是：安全使用比用得多更重要，依標示與風險族群提醒。不適合把外用油膏說成根治、治療或立即見效。

2 歲以下、孕哺、過敏體質、抗凝血藥使用者請先詢問專業人員。

你平常最常需要保養的是肩頸、腰背，還是腿部？",,#外用安全 #用藥安全 #使用前看標示 #諮詢醫師藥師,,僅供外用。避免接觸眼睛、黏膜、破皮或傷口；特殊族群使用前請先諮詢專業人員。,2 歲以下、孕哺、過敏體質、抗凝血藥使用者請先詢問專業人員。,根治|治療疾病|消炎治本|打通經絡|一擦就好|保證有效|深層修復|替代藥物
Threads_LINE293,LINE293,Threads,2026-10-28,12:00,為什麼我們不說神效,H,中,pending_legal_pharmacist_review,false,為什麼我們不說神效,"為什麼我們不說神效，其實最容易被忽略的是「使用邊界」。

可以談的是：強調藥證、標示、保守宣稱與人工審核流程。不適合把外用油膏說成根治、治療或立即見效。

所有廣告文案仍須依主管機關與專業人員審核。

你平常最常需要保養的是肩頸、腰背，還是腿部？",,#藥證可查 #品牌透明 #合法宣傳 #成分透明,,本產品為外用油膏，請依核准標示使用；若症狀持續或惡化，請諮詢醫師或藥師。,所有廣告文案仍須依主管機關與專業人員審核。,根治|治療疾病|消炎治本|打通經絡|一擦就好|保證有效|深層修復|替代藥物
Threads_LINE294,LINE294,Threads,2026-10-28,20:00,你習慣運動前還是運動後保養,G,低,pending_legal_pharmacist_review,false,你習慣運動前還是運動後保養,"你習慣運動前還是運動後保養，其實最容易被忽略的是「使用邊界」。

可以談的是：用問答降低誤用，讓使用者知道何時該詢問專業人員。不適合把外用油膏說成根治、治療或立即見效。

互動回答不取代醫師或藥師建議。

你平常最常需要保養的是肩頸、腰背，還是腿部？",,#互動問答 #保養知識 #使用小提醒 #金牌一條根,,本內容為一般生活保健資訊，非醫療診斷或治療建議。,互動回答不取代醫師或藥師建議。,根治|治療疾病|消炎治本|打通經絡|一擦就好|保證有效|深層修復|替代藥物
Threads_LINE295,LINE295,Threads,2026-10-29,12:00,搬重物後腰背保養,C,中,pending_legal_pharmacist_review,false,搬重物後腰背保養,"搬重物後腰背保養，其實最容易被忽略的是「使用邊界」。

可以談的是：運動或勞動後的局部肌肉痠痛，可短期按摩舒緩。不適合把外用油膏說成根治、治療或立即見效。

明顯腫脹、劇痛、活動受限或疑似受傷時，請先就醫。

你平常最常需要保養的是肩頸、腰背，還是腿部？",,#運動後保養 #局部按摩 #肌肉痠痛 #依標示使用,,本產品為外用油膏，請依核准標示使用；若症狀持續或惡化，請諮詢醫師或藥師。,明顯腫脹、劇痛、活動受限或疑似受傷時，請先就醫。,根治|治療疾病|消炎治本|打通經絡|一擦就好|保證有效|深層修復|替代藥物
Threads_LINE296,LINE296,Threads,2026-10-29,20:00,樟腦外用時的注意界線,A,中,pending_legal_pharmacist_review,false,樟腦外用時的注意界線,"樟腦外用時的注意界線，其實最容易被忽略的是「使用邊界」。

可以談的是：依標示外用，提供局部按摩與暫時舒緩體感。不適合把外用油膏說成根治、治療或立即見效。

僅供外用；避免眼周、黏膜、破皮或傷口。

你平常最常需要保養的是肩頸、腰背，還是腿部？",,#金牌一條根 #外用油膏 #成分透明 #依標示使用,,本產品為外用油膏，請依核准標示使用；若症狀持續或惡化，請諮詢醫師或藥師。,僅供外用；避免眼周、黏膜、破皮或傷口。,根治|治療疾病|消炎治本|打通經絡|一擦就好|保證有效|深層修復|替代藥物
Threads_LINE297,LINE297,Threads,2026-10-30,12:00,輕微關節痠痛與疾病治療要分開,D,中,pending_legal_pharmacist_review,false,輕微關節痠痛與疾病治療要分開,"輕微關節痠痛與疾病治療要分開，其實最容易被忽略的是「使用邊界」。

可以談的是：輕微關節痠痛可短期舒緩，但不可宣稱治療疾病。不適合把外用油膏說成根治、治療或立即見效。

關節腫痛、紅熱、長期疼痛或行走困難，請就醫評估。

你平常最常需要保養的是肩頸、腰背，還是腿部？",,#銀髮保養 #活動舒適 #輕微痠痛 #依標示使用,,本產品為外用油膏，請依核准標示使用；若症狀持續或惡化，請諮詢醫師或藥師。,關節腫痛、紅熱、長期疼痛或行走困難，請就醫評估。,根治|治療疾病|消炎治本|打通經絡|一擦就好|保證有效|深層修復|替代藥物
Threads_LINE298,LINE298,Threads,2026-10-30,20:00,不要搭配熱敷墊或電毯,E,高,pending_legal_pharmacist_review,false,不要搭配熱敷墊或電毯,"不要搭配熱敷墊或電毯，其實最容易被忽略的是「使用邊界」。

可以談的是：安全使用比用得多更重要，依標示與風險族群提醒。不適合把外用油膏說成根治、治療或立即見效。

2 歲以下、孕哺、過敏體質、抗凝血藥使用者請先詢問專業人員。

你平常最常需要保養的是肩頸、腰背，還是腿部？",,#外用安全 #用藥安全 #使用前看標示 #諮詢醫師藥師,,僅供外用。避免接觸眼睛、黏膜、破皮或傷口；特殊族群使用前請先諮詢專業人員。,2 歲以下、孕哺、過敏體質、抗凝血藥使用者請先詢問專業人員。,根治|治療疾病|消炎治本|打通經絡|一擦就好|保證有效|深層修復|替代藥物
Threads_LINE299,LINE299,Threads,2026-10-31,12:00,小暑前後活動舒適提醒,F,低,pending_legal_pharmacist_review,false,小暑前後活動舒適提醒,"小暑前後活動舒適提醒，其實最容易被忽略的是「使用邊界」。

可以談的是：以生活保健與身體覺察為主，不做醫療療效宣稱。不適合把外用油膏說成根治、治療或立即見效。

節氣養生屬一般生活資訊，身體不適仍應諮詢專業人員。

你平常最常需要保養的是肩頸、腰背，還是腿部？",,#節氣保養 #生活保健 #日常保養 #身體覺察,,本內容為一般生活保健資訊，非醫療診斷或治療建議。,節氣養生屬一般生活資訊，身體不適仍應諮詢專業人員。,根治|治療疾病|消炎治本|打通經絡|一擦就好|保證有效|深層修復|替代藥物
Threads_LINE300,LINE300,Threads,2026-10-31,20:00,爬山後腿部按摩提醒,C,中,pending_legal_pharmacist_review,false,爬山後腿部按摩提醒,"爬山後腿部按摩提醒，其實最容易被忽略的是「使用邊界」。

可以談的是：運動或勞動後的局部肌肉痠痛，可短期按摩舒緩。不適合把外用油膏說成根治、治療或立即見效。

明顯腫脹、劇痛、活動受限或疑似受傷時，請先就醫。

你平常最常需要保養的是肩頸、腰背，還是腿部？",,#運動後保養 #局部按摩 #肌肉痠痛 #依標示使用,,本產品為外用油膏，請依核准標示使用；若症狀持續或惡化，請諮詢醫師或藥師。,明顯腫脹、劇痛、活動受限或疑似受傷時，請先就醫。,根治|治療疾病|消炎治本|打通經絡|一擦就好|保證有效|深層修復|替代藥物
Threads_LINE301,LINE301,Threads,2026-11-01,12:00,外用膏一次擦多少才剛好,G,低,pending_legal_pharmacist_review,false,外用膏一次擦多少才剛好,"外用膏一次擦多少才剛好，其實最容易被忽略的是「使用邊界」。

可以談的是：用問答降低誤用，讓使用者知道何時該詢問專業人員。不適合把外用油膏說成根治、治療或立即見效。

互動回答不取代醫師或藥師建議。

你平常最常需要保養的是肩頸、腰背，還是腿部？",,#互動問答 #保養知識 #使用小提醒 #金牌一條根,,本內容為一般生活保健資訊，非醫療診斷或治療建議。,互動回答不取代醫師或藥師建議。,根治|治療疾病|消炎治本|打通經絡|一擦就好|保證有效|深層修復|替代藥物
Threads_LINE302,LINE302,Threads,2026-11-01,20:00,散步後的膝周保養,D,中,pending_legal_pharmacist_review,false,散步後的膝周保養,"散步後的膝周保養，其實最容易被忽略的是「使用邊界」。

可以談的是：輕微關節痠痛可短期舒緩，但不可宣稱治療疾病。不適合把外用油膏說成根治、治療或立即見效。

關節腫痛、紅熱、長期疼痛或行走困難，請就醫評估。

你平常最常需要保養的是肩頸、腰背，還是腿部？",,#銀髮保養 #活動舒適 #輕微痠痛 #依標示使用,,本產品為外用油膏，請依核准標示使用；若症狀持續或惡化，請諮詢醫師或藥師。,關節腫痛、紅熱、長期疼痛或行走困難，請就醫評估。,根治|治療疾病|消炎治本|打通經絡|一擦就好|保證有效|深層修復|替代藥物
Threads_LINE303,LINE303,Threads,2026-11-02,12:00,午休前的肩頸放鬆流程,B,低,pending_legal_pharmacist_review,false,午休前的肩頸放鬆流程,"午休前的肩頸放鬆流程，其實最容易被忽略的是「使用邊界」。

可以談的是：久坐低頭後，可搭配伸展與局部按摩舒緩緊繃不適。不適合把外用油膏說成根治、治療或立即見效。

若痠痛持續、麻木或影響活動，請諮詢醫師或藥師。

你平常最常需要保養的是肩頸、腰背，還是腿部？",,#肩頸保養 #久坐族 #日常舒緩 #依標示使用,,本內容為一般生活保健資訊，非醫療診斷或治療建議。,若痠痛持續、麻木或影響活動，請諮詢醫師或藥師。,根治|治療疾病|消炎治本|打通經絡|一擦就好|保證有效|深層修復|替代藥物
Threads_LINE304,LINE304,Threads,2026-11-02,20:00,油膏劑為什麼適合局部按摩,A,中,pending_legal_pharmacist_review,false,油膏劑為什麼適合局部按摩,"油膏劑為什麼適合局部按摩，其實最容易被忽略的是「使用邊界」。

可以談的是：依標示外用，提供局部按摩與暫時舒緩體感。不適合把外用油膏說成根治、治療或立即見效。

僅供外用；避免眼周、黏膜、破皮或傷口。

你平常最常需要保養的是肩頸、腰背，還是腿部？",,#金牌一條根 #外用油膏 #成分透明 #依標示使用,,本產品為外用油膏，請依核准標示使用；若症狀持續或惡化，請諮詢醫師或藥師。,僅供外用；避免眼周、黏膜、破皮或傷口。,根治|治療疾病|消炎治本|打通經絡|一擦就好|保證有效|深層修復|替代藥物
Threads_LINE305,LINE305,Threads,2026-11-03,12:00,大暑午後少久站硬撐,F,低,pending_legal_pharmacist_review,false,大暑午後少久站硬撐,"大暑午後少久站硬撐，其實最容易被忽略的是「使用邊界」。

可以談的是：以生活保健與身體覺察為主，不做醫療療效宣稱。不適合把外用油膏說成根治、治療或立即見效。

節氣養生屬一般生活資訊，身體不適仍應諮詢專業人員。

你平常最常需要保養的是肩頸、腰背，還是腿部？",,#節氣保養 #生活保健 #日常保養 #身體覺察,,本內容為一般生活保健資訊，非醫療診斷或治療建議。,節氣養生屬一般生活資訊，身體不適仍應諮詢專業人員。,根治|治療疾病|消炎治本|打通經絡|一擦就好|保證有效|深層修復|替代藥物
Threads_LINE306,LINE306,Threads,2026-11-03,20:00,不要密封包紮或大面積厚敷,E,高,pending_legal_pharmacist_review,false,不要密封包紮或大面積厚敷,"不要密封包紮或大面積厚敷，其實最容易被忽略的是「使用邊界」。

可以談的是：安全使用比用得多更重要，依標示與風險族群提醒。不適合把外用油膏說成根治、治療或立即見效。

2 歲以下、孕哺、過敏體質、抗凝血藥使用者請先詢問專業人員。

你平常最常需要保養的是肩頸、腰背，還是腿部？",,#外用安全 #用藥安全 #使用前看標示 #諮詢醫師藥師,,僅供外用。避免接觸眼睛、黏膜、破皮或傷口；特殊族群使用前請先諮詢專業人員。,2 歲以下、孕哺、過敏體質、抗凝血藥使用者請先詢問專業人員。,根治|治療疾病|消炎治本|打通經絡|一擦就好|保證有效|深層修復|替代藥物
Threads_LINE307,LINE307,Threads,2026-11-04,12:00,藥證可查代表什麼,H,中,pending_legal_pharmacist_review,false,藥證可查代表什麼,"藥證可查代表什麼，其實最容易被忽略的是「使用邊界」。

可以談的是：強調藥證、標示、保守宣稱與人工審核流程。不適合把外用油膏說成根治、治療或立即見效。

所有廣告文案仍須依主管機關與專業人員審核。

你平常最常需要保養的是肩頸、腰背，還是腿部？",,#藥證可查 #品牌透明 #合法宣傳 #成分透明,,本產品為外用油膏，請依核准標示使用；若症狀持續或惡化，請諮詢醫師或藥師。,所有廣告文案仍須依主管機關與專業人員審核。,根治|治療疾病|消炎治本|打通經絡|一擦就好|保證有效|深層修復|替代藥物
Threads_LINE308,LINE308,Threads,2026-11-04,20:00,涼感越強越有效嗎,G,低,pending_legal_pharmacist_review,false,涼感越強越有效嗎,"涼感越強越有效嗎，其實最容易被忽略的是「使用邊界」。

可以談的是：用問答降低誤用，讓使用者知道何時該詢問專業人員。不適合把外用油膏說成根治、治療或立即見效。

互動回答不取代醫師或藥師建議。

你平常最常需要保養的是肩頸、腰背，還是腿部？",,#互動問答 #保養知識 #使用小提醒 #金牌一條根,,本內容為一般生活保健資訊，非醫療診斷或治療建議。,互動回答不取代醫師或藥師建議。,根治|治療疾病|消炎治本|打通經絡|一擦就好|保證有效|深層修復|替代藥物
Threads_LINE309,LINE309,Threads,2026-11-05,12:00,重訓後肩背局部舒緩,C,中,pending_legal_pharmacist_review,false,重訓後肩背局部舒緩,"重訓後肩背局部舒緩，其實最容易被忽略的是「使用邊界」。

可以談的是：運動或勞動後的局部肌肉痠痛，可短期按摩舒緩。不適合把外用油膏說成根治、治療或立即見效。

明顯腫脹、劇痛、活動受限或疑似受傷時，請先就醫。

你平常最常需要保養的是肩頸、腰背，還是腿部？",,#運動後保養 #局部按摩 #肌肉痠痛 #依標示使用,,本產品為外用油膏，請依核准標示使用；若症狀持續或惡化，請諮詢醫師或藥師。,明顯腫脹、劇痛、活動受限或疑似受傷時，請先就醫。,根治|治療疾病|消炎治本|打通經絡|一擦就好|保證有效|深層修復|替代藥物
Threads_LINE310,LINE310,Threads,2026-11-05,20:00,乙類成藥與一般保健品差異,A,中,pending_legal_pharmacist_review,false,乙類成藥與一般保健品差異,"乙類成藥與一般保健品差異，其實最容易被忽略的是「使用邊界」。

可以談的是：依標示外用，提供局部按摩與暫時舒緩體感。不適合把外用油膏說成根治、治療或立即見效。

僅供外用；避免眼周、黏膜、破皮或傷口。

你平常最常需要保養的是肩頸、腰背，還是腿部？",,#金牌一條根 #外用油膏 #成分透明 #依標示使用,,本產品為外用油膏，請依核准標示使用；若症狀持續或惡化，請諮詢醫師或藥師。,僅供外用；避免眼周、黏膜、破皮或傷口。,根治|治療疾病|消炎治本|打通經絡|一擦就好|保證有效|深層修復|替代藥物
Threads_LINE311,LINE311,Threads,2026-11-06,12:00,天氣變化時的活動舒適感,D,中,pending_legal_pharmacist_review,false,天氣變化時的活動舒適感,"天氣變化時的活動舒適感，其實最容易被忽略的是「使用邊界」。

可以談的是：輕微關節痠痛可短期舒緩，但不可宣稱治療疾病。不適合把外用油膏說成根治、治療或立即見效。

關節腫痛、紅熱、長期疼痛或行走困難，請就醫評估。

你平常最常需要保養的是肩頸、腰背，還是腿部？",,#銀髮保養 #活動舒適 #輕微痠痛 #依標示使用,,本產品為外用油膏，請依核准標示使用；若症狀持續或惡化，請諮詢醫師或藥師。,關節腫痛、紅熱、長期疼痛或行走困難，請就醫評估。,根治|治療疾病|消炎治本|打通經絡|一擦就好|保證有效|深層修復|替代藥物
Threads_LINE312,LINE312,Threads,2026-11-06,20:00,水楊酸或阿斯匹靈過敏者注意,E,高,pending_legal_pharmacist_review,false,水楊酸或阿斯匹靈過敏者注意,"水楊酸或阿斯匹靈過敏者注意，其實最容易被忽略的是「使用邊界」。

可以談的是：安全使用比用得多更重要，依標示與風險族群提醒。不適合把外用油膏說成根治、治療或立即見效。

2 歲以下、孕哺、過敏體質、抗凝血藥使用者請先詢問專業人員。

你平常最常需要保養的是肩頸、腰背，還是腿部？",,#外用安全 #用藥安全 #使用前看標示 #諮詢醫師藥師,,僅供外用。避免接觸眼睛、黏膜、破皮或傷口；特殊族群使用前請先諮詢專業人員。,2 歲以下、孕哺、過敏體質、抗凝血藥使用者請先詢問專業人員。,根治|治療疾病|消炎治本|打通經絡|一擦就好|保證有效|深層修復|替代藥物
Threads_LINE313,LINE313,Threads,2026-11-07,12:00,立秋後早晚溫差保養,F,低,pending_legal_pharmacist_review,false,立秋後早晚溫差保養,"立秋後早晚溫差保養，其實最容易被忽略的是「使用邊界」。

可以談的是：以生活保健與身體覺察為主，不做醫療療效宣稱。不適合把外用油膏說成根治、治療或立即見效。

節氣養生屬一般生活資訊，身體不適仍應諮詢專業人員。

你平常最常需要保養的是肩頸、腰背，還是腿部？",,#節氣保養 #生活保健 #日常保養 #身體覺察,,本內容為一般生活保健資訊，非醫療診斷或治療建議。,節氣養生屬一般生活資訊，身體不適仍應諮詢專業人員。,根治|治療疾病|消炎治本|打通經絡|一擦就好|保證有效|深層修復|替代藥物
Threads_LINE314,LINE314,Threads,2026-11-07,20:00,家事後手臂不適保養,C,中,pending_legal_pharmacist_review,false,家事後手臂不適保養,"家事後手臂不適保養，其實最容易被忽略的是「使用邊界」。

可以談的是：運動或勞動後的局部肌肉痠痛，可短期按摩舒緩。不適合把外用油膏說成根治、治療或立即見效。

明顯腫脹、劇痛、活動受限或疑似受傷時，請先就醫。

你平常最常需要保養的是肩頸、腰背，還是腿部？",,#運動後保養 #局部按摩 #肌肉痠痛 #依標示使用,,本產品為外用油膏，請依核准標示使用；若症狀持續或惡化，請諮詢醫師或藥師。,明顯腫脹、劇痛、活動受限或疑似受傷時，請先就醫。,根治|治療疾病|消炎治本|打通經絡|一擦就好|保證有效|深層修復|替代藥物
Threads_LINE315,LINE315,Threads,2026-11-08,12:00,你有看過外用產品標示嗎,G,低,pending_legal_pharmacist_review,false,你有看過外用產品標示嗎,"你有看過外用產品標示嗎，其實最容易被忽略的是「使用邊界」。

可以談的是：用問答降低誤用，讓使用者知道何時該詢問專業人員。不適合把外用油膏說成根治、治療或立即見效。

互動回答不取代醫師或藥師建議。

你平常最常需要保養的是肩頸、腰背，還是腿部？",,#互動問答 #保養知識 #使用小提醒 #金牌一條根,,本內容為一般生活保健資訊，非醫療診斷或治療建議。,互動回答不取代醫師或藥師建議。,根治|治療疾病|消炎治本|打通經絡|一擦就好|保證有效|深層修復|替代藥物
Threads_LINE316,LINE316,Threads,2026-11-08,20:00,長輩按摩力道不要過重,D,中,pending_legal_pharmacist_review,false,長輩按摩力道不要過重,"長輩按摩力道不要過重，其實最容易被忽略的是「使用邊界」。

可以談的是：輕微關節痠痛可短期舒緩，但不可宣稱治療疾病。不適合把外用油膏說成根治、治療或立即見效。

關節腫痛、紅熱、長期疼痛或行走困難，請就醫評估。

你平常最常需要保養的是肩頸、腰背，還是腿部？",,#銀髮保養 #活動舒適 #輕微痠痛 #依標示使用,,本產品為外用油膏，請依核准標示使用；若症狀持續或惡化，請諮詢醫師或藥師。,關節腫痛、紅熱、長期疼痛或行走困難，請就醫評估。,根治|治療疾病|消炎治本|打通經絡|一擦就好|保證有效|深層修復|替代藥物
Threads_LINE317,LINE317,Threads,2026-11-09,12:00,開會久坐後的腰背舒緩,B,低,pending_legal_pharmacist_review,false,開會久坐後的腰背舒緩,"開會久坐後的腰背舒緩，其實最容易被忽略的是「使用邊界」。

可以談的是：久坐低頭後，可搭配伸展與局部按摩舒緩緊繃不適。不適合把外用油膏說成根治、治療或立即見效。

若痠痛持續、麻木或影響活動，請諮詢醫師或藥師。

你平常最常需要保養的是肩頸、腰背，還是腿部？",,#肩頸保養 #久坐族 #日常舒緩 #依標示使用,,本內容為一般生活保健資訊，非醫療診斷或治療建議。,若痠痛持續、麻木或影響活動，請諮詢醫師或藥師。,根治|治療疾病|消炎治本|打通經絡|一擦就好|保證有效|深層修復|替代藥物
Threads_LINE318,LINE318,Threads,2026-11-09,20:00,一條根外用膏的日常定位,A,中,pending_legal_pharmacist_review,false,一條根外用膏的日常定位,"一條根外用膏的日常定位，其實最容易被忽略的是「使用邊界」。

可以談的是：依標示外用，提供局部按摩與暫時舒緩體感。不適合把外用油膏說成根治、治療或立即見效。

僅供外用；避免眼周、黏膜、破皮或傷口。

你平常最常需要保養的是肩頸、腰背，還是腿部？",,#金牌一條根 #外用油膏 #成分透明 #依標示使用,,本產品為外用油膏，請依核准標示使用；若症狀持續或惡化，請諮詢醫師或藥師。,僅供外用；避免眼周、黏膜、破皮或傷口。,根治|治療疾病|消炎治本|打通經絡|一擦就好|保證有效|深層修復|替代藥物
Threads_LINE319,LINE319,Threads,2026-11-10,12:00,處暑後運動暖身提醒,F,低,pending_legal_pharmacist_review,false,處暑後運動暖身提醒,"處暑後運動暖身提醒，其實最容易被忽略的是「使用邊界」。

可以談的是：以生活保健與身體覺察為主，不做醫療療效宣稱。不適合把外用油膏說成根治、治療或立即見效。

節氣養生屬一般生活資訊，身體不適仍應諮詢專業人員。

你平常最常需要保養的是肩頸、腰背，還是腿部？",,#節氣保養 #生活保健 #日常保養 #身體覺察,,本內容為一般生活保健資訊，非醫療診斷或治療建議。,節氣養生屬一般生活資訊，身體不適仍應諮詢專業人員。,根治|治療疾病|消炎治本|打通經絡|一擦就好|保證有效|深層修復|替代藥物
Threads_LINE320,LINE320,Threads,2026-11-10,20:00,兒童使用前的安全提醒,E,高,pending_legal_pharmacist_review,false,兒童使用前的安全提醒,"兒童使用前的安全提醒，其實最容易被忽略的是「使用邊界」。

可以談的是：安全使用比用得多更重要，依標示與風險族群提醒。不適合把外用油膏說成根治、治療或立即見效。

2 歲以下、孕哺、過敏體質、抗凝血藥使用者請先詢問專業人員。

你平常最常需要保養的是肩頸、腰背，還是腿部？",,#外用安全 #用藥安全 #使用前看標示 #諮詢醫師藥師,,僅供外用。避免接觸眼睛、黏膜、破皮或傷口；特殊族群使用前請先諮詢專業人員。,2 歲以下、孕哺、過敏體質、抗凝血藥使用者請先詢問專業人員。,根治|治療疾病|消炎治本|打通經絡|一擦就好|保證有效|深層修復|替代藥物
Threads_LINE321,LINE321,Threads,2026-11-11,12:00,外用膏廣告為什麼要保守,H,中,pending_legal_pharmacist_review,false,外用膏廣告為什麼要保守,"外用膏廣告為什麼要保守，其實最容易被忽略的是「使用邊界」。

可以談的是：強調藥證、標示、保守宣稱與人工審核流程。不適合把外用油膏說成根治、治療或立即見效。

所有廣告文案仍須依主管機關與專業人員審核。

你平常最常需要保養的是肩頸、腰背，還是腿部？",,#藥證可查 #品牌透明 #合法宣傳 #成分透明,,本產品為外用油膏，請依核准標示使用；若症狀持續或惡化，請諮詢醫師或藥師。,所有廣告文案仍須依主管機關與專業人員審核。,根治|治療疾病|消炎治本|打通經絡|一擦就好|保證有效|深層修復|替代藥物
Threads_LINE322,LINE322,Threads,2026-11-11,20:00,久坐族最想舒緩哪裡,G,低,pending_legal_pharmacist_review,false,久坐族最想舒緩哪裡,"久坐族最想舒緩哪裡，其實最容易被忽略的是「使用邊界」。

可以談的是：用問答降低誤用，讓使用者知道何時該詢問專業人員。不適合把外用油膏說成根治、治療或立即見效。

互動回答不取代醫師或藥師建議。

你平常最常需要保養的是肩頸、腰背，還是腿部？",,#互動問答 #保養知識 #使用小提醒 #金牌一條根,,本內容為一般生活保健資訊，非醫療診斷或治療建議。,互動回答不取代醫師或藥師建議。,根治|治療疾病|消炎治本|打通經絡|一擦就好|保證有效|深層修復|替代藥物
Threads_LINE323,LINE323,Threads,2026-11-12,12:00,跑步後膝周不適的保守提醒,C,中,pending_legal_pharmacist_review,false,跑步後膝周不適的保守提醒,"跑步後膝周不適的保守提醒，其實最容易被忽略的是「使用邊界」。

可以談的是：運動或勞動後的局部肌肉痠痛，可短期按摩舒緩。不適合把外用油膏說成根治、治療或立即見效。

明顯腫脹、劇痛、活動受限或疑似受傷時，請先就醫。

你平常最常需要保養的是肩頸、腰背，還是腿部？",,#運動後保養 #局部按摩 #肌肉痠痛 #依標示使用,,本產品為外用油膏，請依核准標示使用；若症狀持續或惡化，請諮詢醫師或藥師。,明顯腫脹、劇痛、活動受限或疑似受傷時，請先就醫。,根治|治療疾病|消炎治本|打通經絡|一擦就好|保證有效|深層修復|替代藥物
Threads_LINE324,LINE324,Threads,2026-11-12,20:00,成分濃度為什麼要看標示,A,中,pending_legal_pharmacist_review,false,成分濃度為什麼要看標示,"成分濃度為什麼要看標示，其實最容易被忽略的是「使用邊界」。

可以談的是：依標示外用，提供局部按摩與暫時舒緩體感。不適合把外用油膏說成根治、治療或立即見效。

僅供外用；避免眼周、黏膜、破皮或傷口。

你平常最常需要保養的是肩頸、腰背，還是腿部？",,#金牌一條根 #外用油膏 #成分透明 #依標示使用,,本產品為外用油膏，請依核准標示使用；若症狀持續或惡化，請諮詢醫師或藥師。,僅供外用；避免眼周、黏膜、破皮或傷口。,根治|治療疾病|消炎治本|打通經絡|一擦就好|保證有效|深層修復|替代藥物
Threads_LINE325,LINE325,Threads,2026-11-13,12:00,照顧爸媽時的外用提醒,D,中,pending_legal_pharmacist_review,false,照顧爸媽時的外用提醒,"照顧爸媽時的外用提醒，其實最容易被忽略的是「使用邊界」。

可以談的是：輕微關節痠痛可短期舒緩，但不可宣稱治療疾病。不適合把外用油膏說成根治、治療或立即見效。

關節腫痛、紅熱、長期疼痛或行走困難，請就醫評估。

你平常最常需要保養的是肩頸、腰背，還是腿部？",,#銀髮保養 #活動舒適 #輕微痠痛 #依標示使用,,本產品為外用油膏，請依核准標示使用；若症狀持續或惡化，請諮詢醫師或藥師。,關節腫痛、紅熱、長期疼痛或行走困難，請就醫評估。,根治|治療疾病|消炎治本|打通經絡|一擦就好|保證有效|深層修復|替代藥物
Threads_LINE326,LINE326,Threads,2026-11-13,20:00,孕婦與哺乳族群先詢問專業人員,E,高,pending_legal_pharmacist_review,false,孕婦與哺乳族群先詢問專業人員,"孕婦與哺乳族群先詢問專業人員，其實最容易被忽略的是「使用邊界」。

可以談的是：安全使用比用得多更重要，依標示與風險族群提醒。不適合把外用油膏說成根治、治療或立即見效。

2 歲以下、孕哺、過敏體質、抗凝血藥使用者請先詢問專業人員。

你平常最常需要保養的是肩頸、腰背，還是腿部？",,#外用安全 #用藥安全 #使用前看標示 #諮詢醫師藥師,,僅供外用。避免接觸眼睛、黏膜、破皮或傷口；特殊族群使用前請先諮詢專業人員。,2 歲以下、孕哺、過敏體質、抗凝血藥使用者請先詢問專業人員。,根治|治療疾病|消炎治本|打通經絡|一擦就好|保證有效|深層修復|替代藥物
Threads_LINE327,LINE327,Threads,2026-11-14,12:00,白露時節關心長輩活動,F,低,pending_legal_pharmacist_review,false,白露時節關心長輩活動,"白露時節關心長輩活動，其實最容易被忽略的是「使用邊界」。

可以談的是：以生活保健與身體覺察為主，不做醫療療效宣稱。不適合把外用油膏說成根治、治療或立即見效。

節氣養生屬一般生活資訊，身體不適仍應諮詢專業人員。

你平常最常需要保養的是肩頸、腰背，還是腿部？",,#節氣保養 #生活保健 #日常保養 #身體覺察,,本內容為一般生活保健資訊，非醫療診斷或治療建議。,節氣養生屬一般生活資訊，身體不適仍應諮詢專業人員。,根治|治療疾病|消炎治本|打通經絡|一擦就好|保證有效|深層修復|替代藥物
Threads_LINE328,LINE328,Threads,2026-11-14,20:00,勞動後先休息再按摩,C,中,pending_legal_pharmacist_review,false,勞動後先休息再按摩,"勞動後先休息再按摩，其實最容易被忽略的是「使用邊界」。

可以談的是：運動或勞動後的局部肌肉痠痛，可短期按摩舒緩。不適合把外用油膏說成根治、治療或立即見效。

明顯腫脹、劇痛、活動受限或疑似受傷時，請先就醫。

你平常最常需要保養的是肩頸、腰背，還是腿部？",,#運動後保養 #局部按摩 #肌肉痠痛 #依標示使用,,本產品為外用油膏，請依核准標示使用；若症狀持續或惡化，請諮詢醫師或藥師。,明顯腫脹、劇痛、活動受限或疑似受傷時，請先就醫。,根治|治療疾病|消炎治本|打通經絡|一擦就好|保證有效|深層修復|替代藥物
Threads_LINE329,LINE329,Threads,2026-11-15,12:00,長輩使用外用膏你會提醒什麼,G,低,pending_legal_pharmacist_review,false,長輩使用外用膏你會提醒什麼,"長輩使用外用膏你會提醒什麼，其實最容易被忽略的是「使用邊界」。

可以談的是：用問答降低誤用，讓使用者知道何時該詢問專業人員。不適合把外用油膏說成根治、治療或立即見效。

互動回答不取代醫師或藥師建議。

你平常最常需要保養的是肩頸、腰背，還是腿部？",,#互動問答 #保養知識 #使用小提醒 #金牌一條根,,本內容為一般生活保健資訊，非醫療診斷或治療建議。,互動回答不取代醫師或藥師建議。,根治|治療疾病|消炎治本|打通經絡|一擦就好|保證有效|深層修復|替代藥物
Threads_LINE330,LINE330,Threads,2026-11-15,20:00,日常活動舒適度的三個習慣,D,中,pending_legal_pharmacist_review,false,日常活動舒適度的三個習慣,"日常活動舒適度的三個習慣，其實最容易被忽略的是「使用邊界」。

可以談的是：輕微關節痠痛可短期舒緩，但不可宣稱治療疾病。不適合把外用油膏說成根治、治療或立即見效。

關節腫痛、紅熱、長期疼痛或行走困難，請就醫評估。

你平常最常需要保養的是肩頸、腰背，還是腿部？",,#銀髮保養 #活動舒適 #輕微痠痛 #依標示使用,,本產品為外用油膏，請依核准標示使用；若症狀持續或惡化，請諮詢醫師或藥師。,關節腫痛、紅熱、長期疼痛或行走困難，請就醫評估。,根治|治療疾病|消炎治本|打通經絡|一擦就好|保證有效|深層修復|替代藥物
Threads_LINE331,LINE331,Threads,2026-11-16,12:00,下班前五分鐘伸展,B,低,pending_legal_pharmacist_review,false,下班前五分鐘伸展,"下班前五分鐘伸展，其實最容易被忽略的是「使用邊界」。

可以談的是：久坐低頭後，可搭配伸展與局部按摩舒緩緊繃不適。不適合把外用油膏說成根治、治療或立即見效。

若痠痛持續、麻木或影響活動，請諮詢醫師或藥師。

你平常最常需要保養的是肩頸、腰背，還是腿部？",,#肩頸保養 #久坐族 #日常舒緩 #依標示使用,,本內容為一般生活保健資訊，非醫療診斷或治療建議。,若痠痛持續、麻木或影響活動，請諮詢醫師或藥師。,根治|治療疾病|消炎治本|打通經絡|一擦就好|保證有效|深層修復|替代藥物
Threads_LINE332,LINE332,Threads,2026-11-16,20:00,局部按摩和大面積厚敷的差別,A,中,pending_legal_pharmacist_review,false,局部按摩和大面積厚敷的差別,"局部按摩和大面積厚敷的差別，其實最容易被忽略的是「使用邊界」。

可以談的是：依標示外用，提供局部按摩與暫時舒緩體感。不適合把外用油膏說成根治、治療或立即見效。

僅供外用；避免眼周、黏膜、破皮或傷口。

你平常最常需要保養的是肩頸、腰背，還是腿部？",,#金牌一條根 #外用油膏 #成分透明 #依標示使用,,本產品為外用油膏，請依核准標示使用；若症狀持續或惡化，請諮詢醫師或藥師。,僅供外用；避免眼周、黏膜、破皮或傷口。,根治|治療疾病|消炎治本|打通經絡|一擦就好|保證有效|深層修復|替代藥物
Threads_LINE333,LINE333,Threads,2026-11-17,12:00,秋分後外出前暖身,F,低,pending_legal_pharmacist_review,false,秋分後外出前暖身,"秋分後外出前暖身，其實最容易被忽略的是「使用邊界」。

可以談的是：以生活保健與身體覺察為主，不做醫療療效宣稱。不適合把外用油膏說成根治、治療或立即見效。

節氣養生屬一般生活資訊，身體不適仍應諮詢專業人員。

你平常最常需要保養的是肩頸、腰背，還是腿部？",,#節氣保養 #生活保健 #日常保養 #身體覺察,,本內容為一般生活保健資訊，非醫療診斷或治療建議。,節氣養生屬一般生活資訊，身體不適仍應諮詢專業人員。,根治|治療疾病|消炎治本|打通經絡|一擦就好|保證有效|深層修復|替代藥物
Threads_LINE334,LINE334,Threads,2026-11-17,20:00,症狀超過七天要停用並諮詢,E,高,pending_legal_pharmacist_review,false,症狀超過七天要停用並諮詢,"症狀超過七天要停用並諮詢，其實最容易被忽略的是「使用邊界」。

可以談的是：安全使用比用得多更重要，依標示與風險族群提醒。不適合把外用油膏說成根治、治療或立即見效。

2 歲以下、孕哺、過敏體質、抗凝血藥使用者請先詢問專業人員。

你平常最常需要保養的是肩頸、腰背，還是腿部？",,#外用安全 #用藥安全 #使用前看標示 #諮詢醫師藥師,,僅供外用。避免接觸眼睛、黏膜、破皮或傷口；特殊族群使用前請先諮詢專業人員。,2 歲以下、孕哺、過敏體質、抗凝血藥使用者請先詢問專業人員。,根治|治療疾病|消炎治本|打通經絡|一擦就好|保證有效|深層修復|替代藥物
Threads_LINE335,LINE335,Threads,2026-11-18,12:00,成分透明是基本功,H,中,pending_legal_pharmacist_review,false,成分透明是基本功,"成分透明是基本功，其實最容易被忽略的是「使用邊界」。

可以談的是：強調藥證、標示、保守宣稱與人工審核流程。不適合把外用油膏說成根治、治療或立即見效。

所有廣告文案仍須依主管機關與專業人員審核。

你平常最常需要保養的是肩頸、腰背，還是腿部？",,#藥證可查 #品牌透明 #合法宣傳 #成分透明,,本產品為外用油膏，請依核准標示使用；若症狀持續或惡化，請諮詢醫師或藥師。,所有廣告文案仍須依主管機關與專業人員審核。,根治|治療疾病|消炎治本|打通經絡|一擦就好|保證有效|深層修復|替代藥物
Threads_LINE336,LINE336,Threads,2026-11-18,20:00,一條根可以天天厚敷嗎,G,低,pending_legal_pharmacist_review,false,一條根可以天天厚敷嗎,"一條根可以天天厚敷嗎，其實最容易被忽略的是「使用邊界」。

可以談的是：用問答降低誤用，讓使用者知道何時該詢問專業人員。不適合把外用油膏說成根治、治療或立即見效。

互動回答不取代醫師或藥師建議。

你平常最常需要保養的是肩頸、腰背，還是腿部？",,#互動問答 #保養知識 #使用小提醒 #金牌一條根,,本內容為一般生活保健資訊，非醫療診斷或治療建議。,互動回答不取代醫師或藥師建議。,根治|治療疾病|消炎治本|打通經絡|一擦就好|保證有效|深層修復|替代藥物
Threads_LINE337,LINE337,Threads,2026-11-19,12:00,運動後不要立刻熱敷加藥膏,C,中,pending_legal_pharmacist_review,false,運動後不要立刻熱敷加藥膏,"運動後不要立刻熱敷加藥膏，其實最容易被忽略的是「使用邊界」。

可以談的是：運動或勞動後的局部肌肉痠痛，可短期按摩舒緩。不適合把外用油膏說成根治、治療或立即見效。

明顯腫脹、劇痛、活動受限或疑似受傷時，請先就醫。

你平常最常需要保養的是肩頸、腰背，還是腿部？",,#運動後保養 #局部按摩 #肌肉痠痛 #依標示使用,,本產品為外用油膏，請依核准標示使用；若症狀持續或惡化，請諮詢醫師或藥師。,明顯腫脹、劇痛、活動受限或疑似受傷時，請先就醫。,根治|治療疾病|消炎治本|打通經絡|一擦就好|保證有效|深層修復|替代藥物
Threads_LINE338,LINE338,Threads,2026-11-19,20:00,使用前先小範圍測試,A,中,pending_legal_pharmacist_review,false,使用前先小範圍測試,"使用前先小範圍測試，其實最容易被忽略的是「使用邊界」。

可以談的是：依標示外用，提供局部按摩與暫時舒緩體感。不適合把外用油膏說成根治、治療或立即見效。

僅供外用；避免眼周、黏膜、破皮或傷口。

你平常最常需要保養的是肩頸、腰背，還是腿部？",,#金牌一條根 #外用油膏 #成分透明 #依標示使用,,本產品為外用油膏，請依核准標示使用；若症狀持續或惡化，請諮詢醫師或藥師。,僅供外用；避免眼周、黏膜、破皮或傷口。,根治|治療疾病|消炎治本|打通經絡|一擦就好|保證有效|深層修復|替代藥物
Threads_LINE339,LINE339,Threads,2026-11-20,12:00,長輩使用前先看標示,D,中,pending_legal_pharmacist_review,false,長輩使用前先看標示,"長輩使用前先看標示，其實最容易被忽略的是「使用邊界」。

可以談的是：輕微關節痠痛可短期舒緩，但不可宣稱治療疾病。不適合把外用油膏說成根治、治療或立即見效。

關節腫痛、紅熱、長期疼痛或行走困難，請就醫評估。

你平常最常需要保養的是肩頸、腰背，還是腿部？",,#銀髮保養 #活動舒適 #輕微痠痛 #依標示使用,,本產品為外用油膏，請依核准標示使用；若症狀持續或惡化，請諮詢醫師或藥師。,關節腫痛、紅熱、長期疼痛或行走困難，請就醫評估。,根治|治療疾病|消炎治本|打通經絡|一擦就好|保證有效|深層修復|替代藥物
Threads_LINE340,LINE340,Threads,2026-11-20,20:00,皮膚刺激時要停止使用,E,高,pending_legal_pharmacist_review,false,皮膚刺激時要停止使用,"皮膚刺激時要停止使用，其實最容易被忽略的是「使用邊界」。

可以談的是：安全使用比用得多更重要，依標示與風險族群提醒。不適合把外用油膏說成根治、治療或立即見效。

2 歲以下、孕哺、過敏體質、抗凝血藥使用者請先詢問專業人員。

你平常最常需要保養的是肩頸、腰背，還是腿部？",,#外用安全 #用藥安全 #使用前看標示 #諮詢醫師藥師,,僅供外用。避免接觸眼睛、黏膜、破皮或傷口；特殊族群使用前請先諮詢專業人員。,2 歲以下、孕哺、過敏體質、抗凝血藥使用者請先詢問專業人員。,根治|治療疾病|消炎治本|打通經絡|一擦就好|保證有效|深層修復|替代藥物
Threads_LINE341,LINE341,Threads,2026-11-21,12:00,寒露後肩背保養,F,低,pending_legal_pharmacist_review,false,寒露後肩背保養,"寒露後肩背保養，其實最容易被忽略的是「使用邊界」。

可以談的是：以生活保健與身體覺察為主，不做醫療療效宣稱。不適合把外用油膏說成根治、治療或立即見效。

節氣養生屬一般生活資訊，身體不適仍應諮詢專業人員。

你平常最常需要保養的是肩頸、腰背，還是腿部？",,#節氣保養 #生活保健 #日常保養 #身體覺察,,本內容為一般生活保健資訊，非醫療診斷或治療建議。,節氣養生屬一般生活資訊，身體不適仍應諮詢專業人員。,根治|治療疾病|消炎治本|打通經絡|一擦就好|保證有效|深層修復|替代藥物
Threads_LINE342,LINE342,Threads,2026-11-21,20:00,輕微拉扯後的觀察重點,C,中,pending_legal_pharmacist_review,false,輕微拉扯後的觀察重點,"輕微拉扯後的觀察重點，其實最容易被忽略的是「使用邊界」。

可以談的是：運動或勞動後的局部肌肉痠痛，可短期按摩舒緩。不適合把外用油膏說成根治、治療或立即見效。

明顯腫脹、劇痛、活動受限或疑似受傷時，請先就醫。

你平常最常需要保養的是肩頸、腰背，還是腿部？",,#運動後保養 #局部按摩 #肌肉痠痛 #依標示使用,,本產品為外用油膏，請依核准標示使用；若症狀持續或惡化，請諮詢醫師或藥師。,明顯腫脹、劇痛、活動受限或疑似受傷時，請先就醫。,根治|治療疾病|消炎治本|打通經絡|一擦就好|保證有效|深層修復|替代藥物
Threads_LINE343,LINE343,Threads,2026-11-22,12:00,擦完可以馬上熱敷嗎,G,低,pending_legal_pharmacist_review,false,擦完可以馬上熱敷嗎,"擦完可以馬上熱敷嗎，其實最容易被忽略的是「使用邊界」。

可以談的是：用問答降低誤用，讓使用者知道何時該詢問專業人員。不適合把外用油膏說成根治、治療或立即見效。

互動回答不取代醫師或藥師建議。

你平常最常需要保養的是肩頸、腰背，還是腿部？",,#互動問答 #保養知識 #使用小提醒 #金牌一條根,,本內容為一般生活保健資訊，非醫療診斷或治療建議。,互動回答不取代醫師或藥師建議。,根治|治療疾病|消炎治本|打通經絡|一擦就好|保證有效|深層修復|替代藥物
Threads_LINE344,LINE344,Threads,2026-11-22,20:00,別把長期疼痛只當小問題,D,中,pending_legal_pharmacist_review,false,別把長期疼痛只當小問題,"別把長期疼痛只當小問題，其實最容易被忽略的是「使用邊界」。

可以談的是：輕微關節痠痛可短期舒緩，但不可宣稱治療疾病。不適合把外用油膏說成根治、治療或立即見效。

關節腫痛、紅熱、長期疼痛或行走困難，請就醫評估。

你平常最常需要保養的是肩頸、腰背，還是腿部？",,#銀髮保養 #活動舒適 #輕微痠痛 #依標示使用,,本產品為外用油膏，請依核准標示使用；若症狀持續或惡化，請諮詢醫師或藥師。,關節腫痛、紅熱、長期疼痛或行走困難，請就醫評估。,根治|治療疾病|消炎治本|打通經絡|一擦就好|保證有效|深層修復|替代藥物
Threads_LINE345,LINE345,Threads,2026-11-23,12:00,滑手機後頸部保養,B,低,pending_legal_pharmacist_review,false,滑手機後頸部保養,"滑手機後頸部保養，其實最容易被忽略的是「使用邊界」。

可以談的是：久坐低頭後，可搭配伸展與局部按摩舒緩緊繃不適。不適合把外用油膏說成根治、治療或立即見效。

若痠痛持續、麻木或影響活動，請諮詢醫師或藥師。

你平常最常需要保養的是肩頸、腰背，還是腿部？",,#肩頸保養 #久坐族 #日常舒緩 #依標示使用,,本內容為一般生活保健資訊，非醫療診斷或治療建議。,若痠痛持續、麻木或影響活動，請諮詢醫師或藥師。,根治|治療疾病|消炎治本|打通經絡|一擦就好|保證有效|深層修復|替代藥物
Threads_LINE346,LINE346,Threads,2026-11-23,20:00,產品不是神藥，定位要講清楚,A,中,pending_legal_pharmacist_review,false,產品不是神藥，定位要講清楚,"產品不是神藥，定位要講清楚，其實最容易被忽略的是「使用邊界」。

可以談的是：依標示外用，提供局部按摩與暫時舒緩體感。不適合把外用油膏說成根治、治療或立即見效。

僅供外用；避免眼周、黏膜、破皮或傷口。

你平常最常需要保養的是肩頸、腰背，還是腿部？",,#金牌一條根 #外用油膏 #成分透明 #依標示使用,,本產品為外用油膏，請依核准標示使用；若症狀持續或惡化，請諮詢醫師或藥師。,僅供外用；避免眼周、黏膜、破皮或傷口。,根治|治療疾病|消炎治本|打通經絡|一擦就好|保證有效|深層修復|替代藥物
Threads_LINE347,LINE347,Threads,2026-11-24,12:00,立冬前後的日常舒緩儀式,F,低,pending_legal_pharmacist_review,false,立冬前後的日常舒緩儀式,"立冬前後的日常舒緩儀式，其實最容易被忽略的是「使用邊界」。

可以談的是：以生活保健與身體覺察為主，不做醫療療效宣稱。不適合把外用油膏說成根治、治療或立即見效。

節氣養生屬一般生活資訊，身體不適仍應諮詢專業人員。

你平常最常需要保養的是肩頸、腰背，還是腿部？",,#節氣保養 #生活保健 #日常保養 #身體覺察,,本內容為一般生活保健資訊，非醫療診斷或治療建議。,節氣養生屬一般生活資訊，身體不適仍應諮詢專業人員。,根治|治療疾病|消炎治本|打通經絡|一擦就好|保證有效|深層修復|替代藥物
Threads_LINE348,LINE348,Threads,2026-11-24,20:00,深層症狀不適合自行處理,E,高,pending_legal_pharmacist_review,false,深層症狀不適合自行處理,"深層症狀不適合自行處理，其實最容易被忽略的是「使用邊界」。

可以談的是：安全使用比用得多更重要，依標示與風險族群提醒。不適合把外用油膏說成根治、治療或立即見效。

2 歲以下、孕哺、過敏體質、抗凝血藥使用者請先詢問專業人員。

你平常最常需要保養的是肩頸、腰背，還是腿部？",,#外用安全 #用藥安全 #使用前看標示 #諮詢醫師藥師,,僅供外用。避免接觸眼睛、黏膜、破皮或傷口；特殊族群使用前請先諮詢專業人員。,2 歲以下、孕哺、過敏體質、抗凝血藥使用者請先詢問專業人員。,根治|治療疾病|消炎治本|打通經絡|一擦就好|保證有效|深層修復|替代藥物
Threads_LINE349,LINE349,Threads,2026-11-25,12:00,每篇貼文都要人工審核,H,中,pending_legal_pharmacist_review,false,每篇貼文都要人工審核,"每篇貼文都要人工審核，其實最容易被忽略的是「使用邊界」。

可以談的是：強調藥證、標示、保守宣稱與人工審核流程。不適合把外用油膏說成根治、治療或立即見效。

所有廣告文案仍須依主管機關與專業人員審核。

你平常最常需要保養的是肩頸、腰背，還是腿部？",,#藥證可查 #品牌透明 #合法宣傳 #成分透明,,本產品為外用油膏，請依核准標示使用；若症狀持續或惡化，請諮詢醫師或藥師。,所有廣告文案仍須依主管機關與專業人員審核。,根治|治療疾病|消炎治本|打通經絡|一擦就好|保證有效|深層修復|替代藥物
Threads_LINE350,LINE350,Threads,2026-11-25,20:00,哪些情況應該先就醫,G,低,pending_legal_pharmacist_review,false,哪些情況應該先就醫,"哪些情況應該先就醫，其實最容易被忽略的是「使用邊界」。

可以談的是：用問答降低誤用，讓使用者知道何時該詢問專業人員。不適合把外用油膏說成根治、治療或立即見效。

互動回答不取代醫師或藥師建議。

你平常最常需要保養的是肩頸、腰背，還是腿部？",,#互動問答 #保養知識 #使用小提醒 #金牌一條根,,本內容為一般生活保健資訊，非醫療診斷或治療建議。,互動回答不取代醫師或藥師建議。,根治|治療疾病|消炎治本|打通經絡|一擦就好|保證有效|深層修復|替代藥物
Threads_LINE351,LINE351,Threads,2026-11-26,12:00,運動後局部痠痛的保守處理,C,中,pending_legal_pharmacist_review,false,運動後局部痠痛的保守處理,"運動後局部痠痛的保守處理，其實最容易被忽略的是「使用邊界」。

可以談的是：運動或勞動後的局部肌肉痠痛，可短期按摩舒緩。不適合把外用油膏說成根治、治療或立即見效。

明顯腫脹、劇痛、活動受限或疑似受傷時，請先就醫。

你平常最常需要保養的是肩頸、腰背，還是腿部？",,#運動後保養 #局部按摩 #肌肉痠痛 #依標示使用,,本產品為外用油膏，請依核准標示使用；若症狀持續或惡化，請諮詢醫師或藥師。,明顯腫脹、劇痛、活動受限或疑似受傷時，請先就醫。,根治|治療疾病|消炎治本|打通經絡|一擦就好|保證有效|深層修復|替代藥物
Threads_LINE352,LINE352,Threads,2026-11-26,20:00,冬青油與清涼舒緩體感,A,中,pending_legal_pharmacist_review,false,冬青油與清涼舒緩體感,"冬青油與清涼舒緩體感，其實最容易被忽略的是「使用邊界」。

可以談的是：依標示外用，提供局部按摩與暫時舒緩體感。不適合把外用油膏說成根治、治療或立即見效。

僅供外用；避免眼周、黏膜、破皮或傷口。

你平常最常需要保養的是肩頸、腰背，還是腿部？",,#金牌一條根 #外用油膏 #成分透明 #依標示使用,,本產品為外用油膏，請依核准標示使用；若症狀持續或惡化，請諮詢醫師或藥師。,僅供外用；避免眼周、黏膜、破皮或傷口。,根治|治療疾病|消炎治本|打通經絡|一擦就好|保證有效|深層修復|替代藥物
Threads_LINE353,LINE353,Threads,2026-11-27,12:00,早晨活動前的關節暖身,D,中,pending_legal_pharmacist_review,false,早晨活動前的關節暖身,"早晨活動前的關節暖身，其實最容易被忽略的是「使用邊界」。

可以談的是：輕微關節痠痛可短期舒緩，但不可宣稱治療疾病。不適合把外用油膏說成根治、治療或立即見效。

關節腫痛、紅熱、長期疼痛或行走困難，請就醫評估。

你平常最常需要保養的是肩頸、腰背，還是腿部？",,#銀髮保養 #活動舒適 #輕微痠痛 #依標示使用,,本產品為外用油膏，請依核准標示使用；若症狀持續或惡化，請諮詢醫師或藥師。,關節腫痛、紅熱、長期疼痛或行走困難，請就醫評估。,根治|治療疾病|消炎治本|打通經絡|一擦就好|保證有效|深層修復|替代藥物
Threads_LINE354,LINE354,Threads,2026-11-27,20:00,不能擦在破皮或傷口,E,高,pending_legal_pharmacist_review,false,不能擦在破皮或傷口,"不能擦在破皮或傷口，其實最容易被忽略的是「使用邊界」。

可以談的是：安全使用比用得多更重要，依標示與風險族群提醒。不適合把外用油膏說成根治、治療或立即見效。

2 歲以下、孕哺、過敏體質、抗凝血藥使用者請先詢問專業人員。

你平常最常需要保養的是肩頸、腰背，還是腿部？",,#外用安全 #用藥安全 #使用前看標示 #諮詢醫師藥師,,僅供外用。避免接觸眼睛、黏膜、破皮或傷口；特殊族群使用前請先諮詢專業人員。,2 歲以下、孕哺、過敏體質、抗凝血藥使用者請先詢問專業人員。,根治|治療疾病|消炎治本|打通經絡|一擦就好|保證有效|深層修復|替代藥物
Threads_LINE355,LINE355,Threads,2026-11-28,12:00,芒種後濕熱生活保養,F,低,pending_legal_pharmacist_review,false,芒種後濕熱生活保養,"芒種後濕熱生活保養，其實最容易被忽略的是「使用邊界」。

可以談的是：以生活保健與身體覺察為主，不做醫療療效宣稱。不適合把外用油膏說成根治、治療或立即見效。

節氣養生屬一般生活資訊，身體不適仍應諮詢專業人員。

你平常最常需要保養的是肩頸、腰背，還是腿部？",,#節氣保養 #生活保健 #日常保養 #身體覺察,,本內容為一般生活保健資訊，非醫療診斷或治療建議。,節氣養生屬一般生活資訊，身體不適仍應諮詢專業人員。,根治|治療疾病|消炎治本|打通經絡|一擦就好|保證有效|深層修復|替代藥物
Threads_LINE356,LINE356,Threads,2026-11-28,20:00,久站後小腿不適舒緩,C,中,pending_legal_pharmacist_review,false,久站後小腿不適舒緩,"久站後小腿不適舒緩，其實最容易被忽略的是「使用邊界」。

可以談的是：運動或勞動後的局部肌肉痠痛，可短期按摩舒緩。不適合把外用油膏說成根治、治療或立即見效。

明顯腫脹、劇痛、活動受限或疑似受傷時，請先就醫。

你平常最常需要保養的是肩頸、腰背，還是腿部？",,#運動後保養 #局部按摩 #肌肉痠痛 #依標示使用,,本產品為外用油膏，請依核准標示使用；若症狀持續或惡化，請諮詢醫師或藥師。,明顯腫脹、劇痛、活動受限或疑似受傷時，請先就醫。,根治|治療疾病|消炎治本|打通經絡|一擦就好|保證有效|深層修復|替代藥物
Threads_LINE357,LINE357,Threads,2026-11-29,12:00,你最常哪個部位緊繃,G,低,pending_legal_pharmacist_review,false,你最常哪個部位緊繃,"你最常哪個部位緊繃，其實最容易被忽略的是「使用邊界」。

可以談的是：用問答降低誤用，讓使用者知道何時該詢問專業人員。不適合把外用油膏說成根治、治療或立即見效。

互動回答不取代醫師或藥師建議。

你平常最常需要保養的是肩頸、腰背，還是腿部？",,#互動問答 #保養知識 #使用小提醒 #金牌一條根,,本內容為一般生活保健資訊，非醫療診斷或治療建議。,互動回答不取代醫師或藥師建議。,根治|治療疾病|消炎治本|打通經絡|一擦就好|保證有效|深層修復|替代藥物
Threads_LINE358,LINE358,Threads,2026-11-29,20:00,長輩外用膏使用安全,D,中,pending_legal_pharmacist_review,false,長輩外用膏使用安全,"長輩外用膏使用安全，其實最容易被忽略的是「使用邊界」。

可以談的是：輕微關節痠痛可短期舒緩，但不可宣稱治療疾病。不適合把外用油膏說成根治、治療或立即見效。

關節腫痛、紅熱、長期疼痛或行走困難，請就醫評估。

你平常最常需要保養的是肩頸、腰背，還是腿部？",,#銀髮保養 #活動舒適 #輕微痠痛 #依標示使用,,本產品為外用油膏，請依核准標示使用；若症狀持續或惡化，請諮詢醫師或藥師。,關節腫痛、紅熱、長期疼痛或行走困難，請就醫評估。,根治|治療疾病|消炎治本|打通經絡|一擦就好|保證有效|深層修復|替代藥物
Threads_LINE359,LINE359,Threads,2026-11-30,12:00,辦公桌前的姿勢檢查,B,低,pending_legal_pharmacist_review,false,辦公桌前的姿勢檢查,"辦公桌前的姿勢檢查，其實最容易被忽略的是「使用邊界」。

可以談的是：久坐低頭後，可搭配伸展與局部按摩舒緩緊繃不適。不適合把外用油膏說成根治、治療或立即見效。

若痠痛持續、麻木或影響活動，請諮詢醫師或藥師。

你平常最常需要保養的是肩頸、腰背，還是腿部？",,#肩頸保養 #久坐族 #日常舒緩 #依標示使用,,本內容為一般生活保健資訊，非醫療診斷或治療建議。,若痠痛持續、麻木或影響活動，請諮詢醫師或藥師。,根治|治療疾病|消炎治本|打通經絡|一擦就好|保證有效|深層修復|替代藥物
Threads_LINE360,LINE360,Threads,2026-11-30,20:00,薄荷腦帶來的涼感來源,A,中,pending_legal_pharmacist_review,false,薄荷腦帶來的涼感來源,"薄荷腦帶來的涼感來源，其實最容易被忽略的是「使用邊界」。

可以談的是：依標示外用，提供局部按摩與暫時舒緩體感。不適合把外用油膏說成根治、治療或立即見效。

僅供外用；避免眼周、黏膜、破皮或傷口。

你平常最常需要保養的是肩頸、腰背，還是腿部？",,#金牌一條根 #外用油膏 #成分透明 #依標示使用,,本產品為外用油膏，請依核准標示使用；若症狀持續或惡化，請諮詢醫師或藥師。,僅供外用；避免眼周、黏膜、破皮或傷口。,根治|治療疾病|消炎治本|打通經絡|一擦就好|保證有效|深層修復|替代藥物
