platform_post_id,source_post_id,platform,date,time,topic_title,pillar_code,risk_level,review_status,publish_allowed,draft_title,main_text,caption_or_description,hashtags,script_or_slide_copy,mandatory_disclaimer,required_warning,forbidden_terms
Facebook_LINE001,LINE001,Facebook,2026-06-04,12:00,運動後局部痠痛的保守處理,C,中,pending_legal_pharmacist_review,false,【運動後局部痠痛的保守處理】,"【運動後局部痠痛的保守處理】

運動族、搬重物、久站與勞動工作者常會遇到這種情境：運動後局部痠痛的保守處理。

這則貼文要傳達的重點很簡單：一條根外用油膏不是神奇療法，適合放在「運動或勞動後的局部肌肉痠痛，可短期按摩舒緩」這個保守邊界裡溝通。使用時請先看標示，薄擦於需要保養的局部，搭配輕柔按摩即可，不需要追求厚敷或過度刺激。

安全提醒：明顯腫脹、劇痛、活動受限或疑似受傷時，請先就醫。

本產品為外用油膏，請依核准標示使用；若症狀持續或惡化，請諮詢醫師或藥師。

CTA：收藏提醒","【運動後局部痠痛的保守處理】

運動族、搬重物、久站與勞動工作者常會遇到這種情境：運動後局部痠痛的保守處理。

這則貼文要傳達的重點很簡單：一條根外用油膏不是神奇療法，適合放在「運動或勞動後的局部肌肉痠痛，可短期按摩舒緩」這個保守邊界裡溝通。使用時請先看標示，薄擦於需要保養的局部，搭配輕柔按摩即可，不需要追求厚敷或過度刺激。

安全提醒：明顯腫脹、劇痛、活動受限或疑似受傷時，請先就醫。

本產品為外用油膏，請依核准標示使用；若症狀持續或惡化，請諮詢醫師或藥師。

CTA：收藏提醒",#運動後保養 #局部按摩 #肌肉痠痛 #依標示使用,圖1：【運動後局部痠痛的保守處理】｜圖2：運動或勞動後的局部肌肉痠痛，可短期按摩舒緩｜圖3：明顯腫脹、劇痛、活動受限或疑似受傷時，請先就醫。,本產品為外用油膏，請依核准標示使用；若症狀持續或惡化，請諮詢醫師或藥師。,明顯腫脹、劇痛、活動受限或疑似受傷時，請先就醫。,根治|治療疾病|消炎治本|打通經絡|一擦就好|保證有效|深層修復|替代藥物
Facebook_LINE002,LINE002,Facebook,2026-06-04,20:00,冬青油與清涼舒緩體感,A,中,pending_legal_pharmacist_review,false,【冬青油與清涼舒緩體感】,"【冬青油與清涼舒緩體感】

已購買或正在觀望的一條根使用者常會遇到這種情境：冬青油與清涼舒緩體感。

這則貼文要傳達的重點很簡單：一條根外用油膏不是神奇療法，適合放在「依標示外用，提供局部按摩與暫時舒緩體感」這個保守邊界裡溝通。使用時請先看標示，薄擦於需要保養的局部，搭配輕柔按摩即可，不需要追求厚敷或過度刺激。

安全提醒：僅供外用；避免眼周、黏膜、破皮或傷口。

本產品為外用油膏，請依核准標示使用；若症狀持續或惡化，請諮詢醫師或藥師。

CTA：私訊/了解更多","【冬青油與清涼舒緩體感】

已購買或正在觀望的一條根使用者常會遇到這種情境：冬青油與清涼舒緩體感。

這則貼文要傳達的重點很簡單：一條根外用油膏不是神奇療法，適合放在「依標示外用，提供局部按摩與暫時舒緩體感」這個保守邊界裡溝通。使用時請先看標示，薄擦於需要保養的局部，搭配輕柔按摩即可，不需要追求厚敷或過度刺激。

安全提醒：僅供外用；避免眼周、黏膜、破皮或傷口。

本產品為外用油膏，請依核准標示使用；若症狀持續或惡化，請諮詢醫師或藥師。

CTA：私訊/了解更多",#金牌一條根 #外用油膏 #成分透明 #依標示使用,圖1：【冬青油與清涼舒緩體感】｜圖2：依標示外用，提供局部按摩與暫時舒緩體感｜圖3：僅供外用；避免眼周、黏膜、破皮或傷口。,本產品為外用油膏，請依核准標示使用；若症狀持續或惡化，請諮詢醫師或藥師。,僅供外用；避免眼周、黏膜、破皮或傷口。,根治|治療疾病|消炎治本|打通經絡|一擦就好|保證有效|深層修復|替代藥物
Facebook_LINE003,LINE003,Facebook,2026-06-05,12:00,早晨活動前的關節暖身,D,中,pending_legal_pharmacist_review,false,【早晨活動前的關節暖身】,"【早晨活動前的關節暖身】

40-70 歲注重日常活動舒適度的族群常會遇到這種情境：早晨活動前的關節暖身。

這則貼文要傳達的重點很簡單：一條根外用油膏不是神奇療法，適合放在「輕微關節痠痛可短期舒緩，但不可宣稱治療疾病」這個保守邊界裡溝通。使用時請先看標示，薄擦於需要保養的局部，搭配輕柔按摩即可，不需要追求厚敷或過度刺激。

安全提醒：關節腫痛、紅熱、長期疼痛或行走困難，請就醫評估。

本產品為外用油膏，請依核准標示使用；若症狀持續或惡化，請諮詢醫師或藥師。

CTA：收藏提醒","【早晨活動前的關節暖身】

40-70 歲注重日常活動舒適度的族群常會遇到這種情境：早晨活動前的關節暖身。

這則貼文要傳達的重點很簡單：一條根外用油膏不是神奇療法，適合放在「輕微關節痠痛可短期舒緩，但不可宣稱治療疾病」這個保守邊界裡溝通。使用時請先看標示，薄擦於需要保養的局部，搭配輕柔按摩即可，不需要追求厚敷或過度刺激。

安全提醒：關節腫痛、紅熱、長期疼痛或行走困難，請就醫評估。

本產品為外用油膏，請依核准標示使用；若症狀持續或惡化，請諮詢醫師或藥師。

CTA：收藏提醒",#銀髮保養 #活動舒適 #輕微痠痛 #依標示使用,圖1：【早晨活動前的關節暖身】｜圖2：輕微關節痠痛可短期舒緩，但不可宣稱治療疾病｜圖3：關節腫痛、紅熱、長期疼痛或行走困難，請就醫評估。,本產品為外用油膏，請依核准標示使用；若症狀持續或惡化，請諮詢醫師或藥師。,關節腫痛、紅熱、長期疼痛或行走困難，請就醫評估。,根治|治療疾病|消炎治本|打通經絡|一擦就好|保證有效|深層修復|替代藥物
Facebook_LINE004,LINE004,Facebook,2026-06-05,20:00,不能擦在破皮或傷口,E,高,pending_legal_pharmacist_review,false,【不能擦在破皮或傷口】,"【不能擦在破皮或傷口】

所有使用者、照護者與家庭購買者常會遇到這種情境：不能擦在破皮或傷口。

這則貼文要傳達的重點很簡單：一條根外用油膏不是神奇療法，適合放在「安全使用比用得多更重要，依標示與風險族群提醒」這個保守邊界裡溝通。使用時請先看標示，薄擦於需要保養的局部，搭配輕柔按摩即可，不需要追求厚敷或過度刺激。

安全提醒：2 歲以下、孕哺、過敏體質、抗凝血藥使用者請先詢問專業人員。

僅供外用。避免接觸眼睛、黏膜、破皮或傷口；特殊族群使用前請先諮詢專業人員。

CTA：私訊/了解更多","【不能擦在破皮或傷口】

所有使用者、照護者與家庭購買者常會遇到這種情境：不能擦在破皮或傷口。

這則貼文要傳達的重點很簡單：一條根外用油膏不是神奇療法，適合放在「安全使用比用得多更重要，依標示與風險族群提醒」這個保守邊界裡溝通。使用時請先看標示，薄擦於需要保養的局部，搭配輕柔按摩即可，不需要追求厚敷或過度刺激。

安全提醒：2 歲以下、孕哺、過敏體質、抗凝血藥使用者請先詢問專業人員。

僅供外用。避免接觸眼睛、黏膜、破皮或傷口；特殊族群使用前請先諮詢專業人員。

CTA：私訊/了解更多",#外用安全 #用藥安全 #使用前看標示 #諮詢醫師藥師,圖1：【不能擦在破皮或傷口】｜圖2：安全使用比用得多更重要，依標示與風險族群提醒｜圖3：2 歲以下、孕哺、過敏體質、抗凝血藥使用者請先詢問專業人員。,僅供外用。避免接觸眼睛、黏膜、破皮或傷口；特殊族群使用前請先諮詢專業人員。,2 歲以下、孕哺、過敏體質、抗凝血藥使用者請先詢問專業人員。,根治|治療疾病|消炎治本|打通經絡|一擦就好|保證有效|深層修復|替代藥物
Facebook_LINE005,LINE005,Facebook,2026-06-06,12:00,芒種後濕熱生活保養,F,低,pending_legal_pharmacist_review,false,【芒種後濕熱生活保養】,"【芒種後濕熱生活保養】

喜歡養生、節氣與日常保健的 LINE 讀者常會遇到這種情境：芒種後濕熱生活保養。

這則貼文要傳達的重點很簡單：一條根外用油膏不是神奇療法，適合放在「以生活保健與身體覺察為主，不做醫療療效宣稱」這個保守邊界裡溝通。使用時請先看標示，薄擦於需要保養的局部，搭配輕柔按摩即可，不需要追求厚敷或過度刺激。

安全提醒：節氣養生屬一般生活資訊，身體不適仍應諮詢專業人員。

本內容為一般生活保健資訊，非醫療診斷或治療建議。

CTA：收藏提醒","【芒種後濕熱生活保養】

喜歡養生、節氣與日常保健的 LINE 讀者常會遇到這種情境：芒種後濕熱生活保養。

這則貼文要傳達的重點很簡單：一條根外用油膏不是神奇療法，適合放在「以生活保健與身體覺察為主，不做醫療療效宣稱」這個保守邊界裡溝通。使用時請先看標示，薄擦於需要保養的局部，搭配輕柔按摩即可，不需要追求厚敷或過度刺激。

安全提醒：節氣養生屬一般生活資訊，身體不適仍應諮詢專業人員。

本內容為一般生活保健資訊，非醫療診斷或治療建議。

CTA：收藏提醒",#節氣保養 #生活保健 #日常保養 #身體覺察,圖1：【芒種後濕熱生活保養】｜圖2：以生活保健與身體覺察為主，不做醫療療效宣稱｜圖3：節氣養生屬一般生活資訊，身體不適仍應諮詢專業人員。,本內容為一般生活保健資訊，非醫療診斷或治療建議。,節氣養生屬一般生活資訊，身體不適仍應諮詢專業人員。,根治|治療疾病|消炎治本|打通經絡|一擦就好|保證有效|深層修復|替代藥物
Facebook_LINE006,LINE006,Facebook,2026-06-06,20:00,久站後小腿不適舒緩,C,中,pending_legal_pharmacist_review,false,【久站後小腿不適舒緩】,"【久站後小腿不適舒緩】

運動族、搬重物、久站與勞動工作者常會遇到這種情境：久站後小腿不適舒緩。

這則貼文要傳達的重點很簡單：一條根外用油膏不是神奇療法，適合放在「運動或勞動後的局部肌肉痠痛，可短期按摩舒緩」這個保守邊界裡溝通。使用時請先看標示，薄擦於需要保養的局部，搭配輕柔按摩即可，不需要追求厚敷或過度刺激。

安全提醒：明顯腫脹、劇痛、活動受限或疑似受傷時，請先就醫。

本產品為外用油膏，請依核准標示使用；若症狀持續或惡化，請諮詢醫師或藥師。

CTA：私訊/了解更多","【久站後小腿不適舒緩】

運動族、搬重物、久站與勞動工作者常會遇到這種情境：久站後小腿不適舒緩。

這則貼文要傳達的重點很簡單：一條根外用油膏不是神奇療法，適合放在「運動或勞動後的局部肌肉痠痛，可短期按摩舒緩」這個保守邊界裡溝通。使用時請先看標示，薄擦於需要保養的局部，搭配輕柔按摩即可，不需要追求厚敷或過度刺激。

安全提醒：明顯腫脹、劇痛、活動受限或疑似受傷時，請先就醫。

本產品為外用油膏，請依核准標示使用；若症狀持續或惡化，請諮詢醫師或藥師。

CTA：私訊/了解更多",#運動後保養 #局部按摩 #肌肉痠痛 #依標示使用,圖1：【久站後小腿不適舒緩】｜圖2：運動或勞動後的局部肌肉痠痛，可短期按摩舒緩｜圖3：明顯腫脹、劇痛、活動受限或疑似受傷時，請先就醫。,本產品為外用油膏，請依核准標示使用；若症狀持續或惡化，請諮詢醫師或藥師。,明顯腫脹、劇痛、活動受限或疑似受傷時，請先就醫。,根治|治療疾病|消炎治本|打通經絡|一擦就好|保證有效|深層修復|替代藥物
Facebook_LINE007,LINE007,Facebook,2026-06-07,12:00,你最常哪個部位緊繃,G,低,pending_legal_pharmacist_review,false,【你最常哪個部位緊繃】,"【你最常哪個部位緊繃】

LINE OA 好友、回購客與新客常會遇到這種情境：你最常哪個部位緊繃。

這則貼文要傳達的重點很簡單：一條根外用油膏不是神奇療法，適合放在「用問答降低誤用，讓使用者知道何時該詢問專業人員」這個保守邊界裡溝通。使用時請先看標示，薄擦於需要保養的局部，搭配輕柔按摩即可，不需要追求厚敷或過度刺激。

安全提醒：互動回答不取代醫師或藥師建議。

本內容為一般生活保健資訊，非醫療診斷或治療建議。

CTA：留言互動","【你最常哪個部位緊繃】

LINE OA 好友、回購客與新客常會遇到這種情境：你最常哪個部位緊繃。

這則貼文要傳達的重點很簡單：一條根外用油膏不是神奇療法，適合放在「用問答降低誤用，讓使用者知道何時該詢問專業人員」這個保守邊界裡溝通。使用時請先看標示，薄擦於需要保養的局部，搭配輕柔按摩即可，不需要追求厚敷或過度刺激。

安全提醒：互動回答不取代醫師或藥師建議。

本內容為一般生活保健資訊，非醫療診斷或治療建議。

CTA：留言互動",#互動問答 #保養知識 #使用小提醒 #金牌一條根,圖1：【你最常哪個部位緊繃】｜圖2：用問答降低誤用，讓使用者知道何時該詢問專業人員｜圖3：互動回答不取代醫師或藥師建議。,本內容為一般生活保健資訊，非醫療診斷或治療建議。,互動回答不取代醫師或藥師建議。,根治|治療疾病|消炎治本|打通經絡|一擦就好|保證有效|深層修復|替代藥物
Facebook_LINE008,LINE008,Facebook,2026-06-07,20:00,長輩外用膏使用安全,D,中,pending_legal_pharmacist_review,false,【長輩外用膏使用安全】,"【長輩外用膏使用安全】

40-70 歲注重日常活動舒適度的族群常會遇到這種情境：長輩外用膏使用安全。

這則貼文要傳達的重點很簡單：一條根外用油膏不是神奇療法，適合放在「輕微關節痠痛可短期舒緩，但不可宣稱治療疾病」這個保守邊界裡溝通。使用時請先看標示，薄擦於需要保養的局部，搭配輕柔按摩即可，不需要追求厚敷或過度刺激。

安全提醒：關節腫痛、紅熱、長期疼痛或行走困難，請就醫評估。

本產品為外用油膏，請依核准標示使用；若症狀持續或惡化，請諮詢醫師或藥師。

CTA：私訊/了解更多","【長輩外用膏使用安全】

40-70 歲注重日常活動舒適度的族群常會遇到這種情境：長輩外用膏使用安全。

這則貼文要傳達的重點很簡單：一條根外用油膏不是神奇療法，適合放在「輕微關節痠痛可短期舒緩，但不可宣稱治療疾病」這個保守邊界裡溝通。使用時請先看標示，薄擦於需要保養的局部，搭配輕柔按摩即可，不需要追求厚敷或過度刺激。

安全提醒：關節腫痛、紅熱、長期疼痛或行走困難，請就醫評估。

本產品為外用油膏，請依核准標示使用；若症狀持續或惡化，請諮詢醫師或藥師。

CTA：私訊/了解更多",#銀髮保養 #活動舒適 #輕微痠痛 #依標示使用,圖1：【長輩外用膏使用安全】｜圖2：輕微關節痠痛可短期舒緩，但不可宣稱治療疾病｜圖3：關節腫痛、紅熱、長期疼痛或行走困難，請就醫評估。,本產品為外用油膏，請依核准標示使用；若症狀持續或惡化，請諮詢醫師或藥師。,關節腫痛、紅熱、長期疼痛或行走困難，請就醫評估。,根治|治療疾病|消炎治本|打通經絡|一擦就好|保證有效|深層修復|替代藥物
Facebook_LINE009,LINE009,Facebook,2026-06-08,12:00,低頭族肩頸緊繃的三個提醒,B,低,pending_legal_pharmacist_review,false,【低頭族肩頸緊繃的三個提醒】,"【低頭族肩頸緊繃的三個提醒】

長時間低頭、久坐、用電腦的上班族常會遇到這種情境：低頭族肩頸緊繃的三個提醒。

這則貼文要傳達的重點很簡單：一條根外用油膏不是神奇療法，適合放在「久坐低頭後，可搭配伸展與局部按摩舒緩緊繃不適」這個保守邊界裡溝通。使用時請先看標示，薄擦於需要保養的局部，搭配輕柔按摩即可，不需要追求厚敷或過度刺激。

安全提醒：若痠痛持續、麻木或影響活動，請諮詢醫師或藥師。

本內容為一般生活保健資訊，非醫療診斷或治療建議。

CTA：收藏提醒","【低頭族肩頸緊繃的三個提醒】

長時間低頭、久坐、用電腦的上班族常會遇到這種情境：低頭族肩頸緊繃的三個提醒。

這則貼文要傳達的重點很簡單：一條根外用油膏不是神奇療法，適合放在「久坐低頭後，可搭配伸展與局部按摩舒緩緊繃不適」這個保守邊界裡溝通。使用時請先看標示，薄擦於需要保養的局部，搭配輕柔按摩即可，不需要追求厚敷或過度刺激。

安全提醒：若痠痛持續、麻木或影響活動，請諮詢醫師或藥師。

本內容為一般生活保健資訊，非醫療診斷或治療建議。

CTA：收藏提醒",#肩頸保養 #久坐族 #日常舒緩 #依標示使用,圖1：【低頭族肩頸緊繃的三個提醒】｜圖2：久坐低頭後，可搭配伸展與局部按摩舒緩緊繃不適｜圖3：若痠痛持續、麻木或影響活動，請諮詢醫師或藥師。,本內容為一般生活保健資訊，非醫療診斷或治療建議。,若痠痛持續、麻木或影響活動，請諮詢醫師或藥師。,根治|治療疾病|消炎治本|打通經絡|一擦就好|保證有效|深層修復|替代藥物
Facebook_LINE010,LINE010,Facebook,2026-06-08,20:00,薄荷腦帶來的涼感來源,A,中,pending_legal_pharmacist_review,false,【薄荷腦帶來的涼感來源】,"【薄荷腦帶來的涼感來源】

已購買或正在觀望的一條根使用者常會遇到這種情境：薄荷腦帶來的涼感來源。

這則貼文要傳達的重點很簡單：一條根外用油膏不是神奇療法，適合放在「依標示外用，提供局部按摩與暫時舒緩體感」這個保守邊界裡溝通。使用時請先看標示，薄擦於需要保養的局部，搭配輕柔按摩即可，不需要追求厚敷或過度刺激。

安全提醒：僅供外用；避免眼周、黏膜、破皮或傷口。

本產品為外用油膏，請依核准標示使用；若症狀持續或惡化，請諮詢醫師或藥師。

CTA：私訊/了解更多","【薄荷腦帶來的涼感來源】

已購買或正在觀望的一條根使用者常會遇到這種情境：薄荷腦帶來的涼感來源。

這則貼文要傳達的重點很簡單：一條根外用油膏不是神奇療法，適合放在「依標示外用，提供局部按摩與暫時舒緩體感」這個保守邊界裡溝通。使用時請先看標示，薄擦於需要保養的局部，搭配輕柔按摩即可，不需要追求厚敷或過度刺激。

安全提醒：僅供外用；避免眼周、黏膜、破皮或傷口。

本產品為外用油膏，請依核准標示使用；若症狀持續或惡化，請諮詢醫師或藥師。

CTA：私訊/了解更多",#金牌一條根 #外用油膏 #成分透明 #依標示使用,圖1：【薄荷腦帶來的涼感來源】｜圖2：依標示外用，提供局部按摩與暫時舒緩體感｜圖3：僅供外用；避免眼周、黏膜、破皮或傷口。,本產品為外用油膏，請依核准標示使用；若症狀持續或惡化，請諮詢醫師或藥師。,僅供外用；避免眼周、黏膜、破皮或傷口。,根治|治療疾病|消炎治本|打通經絡|一擦就好|保證有效|深層修復|替代藥物
Facebook_LINE011,LINE011,Facebook,2026-06-09,12:00,夏季冷氣房的肩頸保養,F,低,pending_legal_pharmacist_review,false,【夏季冷氣房的肩頸保養】,"【夏季冷氣房的肩頸保養】

喜歡養生、節氣與日常保健的 LINE 讀者常會遇到這種情境：夏季冷氣房的肩頸保養。

這則貼文要傳達的重點很簡單：一條根外用油膏不是神奇療法，適合放在「以生活保健與身體覺察為主，不做醫療療效宣稱」這個保守邊界裡溝通。使用時請先看標示，薄擦於需要保養的局部，搭配輕柔按摩即可，不需要追求厚敷或過度刺激。

安全提醒：節氣養生屬一般生活資訊，身體不適仍應諮詢專業人員。

本內容為一般生活保健資訊，非醫療診斷或治療建議。

CTA：收藏提醒","【夏季冷氣房的肩頸保養】

喜歡養生、節氣與日常保健的 LINE 讀者常會遇到這種情境：夏季冷氣房的肩頸保養。

這則貼文要傳達的重點很簡單：一條根外用油膏不是神奇療法，適合放在「以生活保健與身體覺察為主，不做醫療療效宣稱」這個保守邊界裡溝通。使用時請先看標示，薄擦於需要保養的局部，搭配輕柔按摩即可，不需要追求厚敷或過度刺激。

安全提醒：節氣養生屬一般生活資訊，身體不適仍應諮詢專業人員。

本內容為一般生活保健資訊，非醫療診斷或治療建議。

CTA：收藏提醒",#節氣保養 #生活保健 #日常保養 #身體覺察,圖1：【夏季冷氣房的肩頸保養】｜圖2：以生活保健與身體覺察為主，不做醫療療效宣稱｜圖3：節氣養生屬一般生活資訊，身體不適仍應諮詢專業人員。,本內容為一般生活保健資訊，非醫療診斷或治療建議。,節氣養生屬一般生活資訊，身體不適仍應諮詢專業人員。,根治|治療疾病|消炎治本|打通經絡|一擦就好|保證有效|深層修復|替代藥物
Facebook_LINE012,LINE012,Facebook,2026-06-09,20:00,外用膏避免眼周與黏膜,E,高,pending_legal_pharmacist_review,false,【外用膏避免眼周與黏膜】,"【外用膏避免眼周與黏膜】

所有使用者、照護者與家庭購買者常會遇到這種情境：外用膏避免眼周與黏膜。

這則貼文要傳達的重點很簡單：一條根外用油膏不是神奇療法，適合放在「安全使用比用得多更重要，依標示與風險族群提醒」這個保守邊界裡溝通。使用時請先看標示，薄擦於需要保養的局部，搭配輕柔按摩即可，不需要追求厚敷或過度刺激。

安全提醒：2 歲以下、孕哺、過敏體質、抗凝血藥使用者請先詢問專業人員。

僅供外用。避免接觸眼睛、黏膜、破皮或傷口；特殊族群使用前請先諮詢專業人員。

CTA：私訊/了解更多","【外用膏避免眼周與黏膜】

所有使用者、照護者與家庭購買者常會遇到這種情境：外用膏避免眼周與黏膜。

這則貼文要傳達的重點很簡單：一條根外用油膏不是神奇療法，適合放在「安全使用比用得多更重要，依標示與風險族群提醒」這個保守邊界裡溝通。使用時請先看標示，薄擦於需要保養的局部，搭配輕柔按摩即可，不需要追求厚敷或過度刺激。

安全提醒：2 歲以下、孕哺、過敏體質、抗凝血藥使用者請先詢問專業人員。

僅供外用。避免接觸眼睛、黏膜、破皮或傷口；特殊族群使用前請先諮詢專業人員。

CTA：私訊/了解更多",#外用安全 #用藥安全 #使用前看標示 #諮詢醫師藥師,圖1：【外用膏避免眼周與黏膜】｜圖2：安全使用比用得多更重要，依標示與風險族群提醒｜圖3：2 歲以下、孕哺、過敏體質、抗凝血藥使用者請先詢問專業人員。,僅供外用。避免接觸眼睛、黏膜、破皮或傷口；特殊族群使用前請先諮詢專業人員。,2 歲以下、孕哺、過敏體質、抗凝血藥使用者請先詢問專業人員。,根治|治療疾病|消炎治本|打通經絡|一擦就好|保證有效|深層修復|替代藥物
Facebook_LINE013,LINE013,Facebook,2026-06-10,12:00,為什麼我們不說神效,H,中,pending_legal_pharmacist_review,false,【為什麼我們不說神效】,"【為什麼我們不說神效】

重視藥證、成分、品質與合法性的消費者常會遇到這種情境：為什麼我們不說神效。

這則貼文要傳達的重點很簡單：一條根外用油膏不是神奇療法，適合放在「強調藥證、標示、保守宣稱與人工審核流程」這個保守邊界裡溝通。使用時請先看標示，薄擦於需要保養的局部，搭配輕柔按摩即可，不需要追求厚敷或過度刺激。

安全提醒：所有廣告文案仍須依主管機關與專業人員審核。

本產品為外用油膏，請依核准標示使用；若症狀持續或惡化，請諮詢醫師或藥師。

CTA：收藏提醒","【為什麼我們不說神效】

重視藥證、成分、品質與合法性的消費者常會遇到這種情境：為什麼我們不說神效。

這則貼文要傳達的重點很簡單：一條根外用油膏不是神奇療法，適合放在「強調藥證、標示、保守宣稱與人工審核流程」這個保守邊界裡溝通。使用時請先看標示，薄擦於需要保養的局部，搭配輕柔按摩即可，不需要追求厚敷或過度刺激。

安全提醒：所有廣告文案仍須依主管機關與專業人員審核。

本產品為外用油膏，請依核准標示使用；若症狀持續或惡化，請諮詢醫師或藥師。

CTA：收藏提醒",#藥證可查 #品牌透明 #合法宣傳 #成分透明,圖1：【為什麼我們不說神效】｜圖2：強調藥證、標示、保守宣稱與人工審核流程｜圖3：所有廣告文案仍須依主管機關與專業人員審核。,本產品為外用油膏，請依核准標示使用；若症狀持續或惡化，請諮詢醫師或藥師。,所有廣告文案仍須依主管機關與專業人員審核。,根治|治療疾病|消炎治本|打通經絡|一擦就好|保證有效|深層修復|替代藥物
Facebook_LINE014,LINE014,Facebook,2026-06-10,20:00,你習慣運動前還是運動後保養,G,低,pending_legal_pharmacist_review,false,【你習慣運動前還是運動後保養】,"【你習慣運動前還是運動後保養】

LINE OA 好友、回購客與新客常會遇到這種情境：你習慣運動前還是運動後保養。

這則貼文要傳達的重點很簡單：一條根外用油膏不是神奇療法，適合放在「用問答降低誤用，讓使用者知道何時該詢問專業人員」這個保守邊界裡溝通。使用時請先看標示，薄擦於需要保養的局部，搭配輕柔按摩即可，不需要追求厚敷或過度刺激。

安全提醒：互動回答不取代醫師或藥師建議。

本內容為一般生活保健資訊，非醫療診斷或治療建議。

CTA：留言互動","【你習慣運動前還是運動後保養】

LINE OA 好友、回購客與新客常會遇到這種情境：你習慣運動前還是運動後保養。

這則貼文要傳達的重點很簡單：一條根外用油膏不是神奇療法，適合放在「用問答降低誤用，讓使用者知道何時該詢問專業人員」這個保守邊界裡溝通。使用時請先看標示，薄擦於需要保養的局部，搭配輕柔按摩即可，不需要追求厚敷或過度刺激。

安全提醒：互動回答不取代醫師或藥師建議。

本內容為一般生活保健資訊，非醫療診斷或治療建議。

CTA：留言互動",#互動問答 #保養知識 #使用小提醒 #金牌一條根,圖1：【你習慣運動前還是運動後保養】｜圖2：用問答降低誤用，讓使用者知道何時該詢問專業人員｜圖3：互動回答不取代醫師或藥師建議。,本內容為一般生活保健資訊，非醫療診斷或治療建議。,互動回答不取代醫師或藥師建議。,根治|治療疾病|消炎治本|打通經絡|一擦就好|保證有效|深層修復|替代藥物
Facebook_LINE015,LINE015,Facebook,2026-06-11,12:00,搬重物後腰背保養,C,中,pending_legal_pharmacist_review,false,【搬重物後腰背保養】,"【搬重物後腰背保養】

運動族、搬重物、久站與勞動工作者常會遇到這種情境：搬重物後腰背保養。

這則貼文要傳達的重點很簡單：一條根外用油膏不是神奇療法，適合放在「運動或勞動後的局部肌肉痠痛，可短期按摩舒緩」這個保守邊界裡溝通。使用時請先看標示，薄擦於需要保養的局部，搭配輕柔按摩即可，不需要追求厚敷或過度刺激。

安全提醒：明顯腫脹、劇痛、活動受限或疑似受傷時，請先就醫。

本產品為外用油膏，請依核准標示使用；若症狀持續或惡化，請諮詢醫師或藥師。

CTA：收藏提醒","【搬重物後腰背保養】

運動族、搬重物、久站與勞動工作者常會遇到這種情境：搬重物後腰背保養。

這則貼文要傳達的重點很簡單：一條根外用油膏不是神奇療法，適合放在「運動或勞動後的局部肌肉痠痛，可短期按摩舒緩」這個保守邊界裡溝通。使用時請先看標示，薄擦於需要保養的局部，搭配輕柔按摩即可，不需要追求厚敷或過度刺激。

安全提醒：明顯腫脹、劇痛、活動受限或疑似受傷時，請先就醫。

本產品為外用油膏，請依核准標示使用；若症狀持續或惡化，請諮詢醫師或藥師。

CTA：收藏提醒",#運動後保養 #局部按摩 #肌肉痠痛 #依標示使用,圖1：【搬重物後腰背保養】｜圖2：運動或勞動後的局部肌肉痠痛，可短期按摩舒緩｜圖3：明顯腫脹、劇痛、活動受限或疑似受傷時，請先就醫。,本產品為外用油膏，請依核准標示使用；若症狀持續或惡化，請諮詢醫師或藥師。,明顯腫脹、劇痛、活動受限或疑似受傷時，請先就醫。,根治|治療疾病|消炎治本|打通經絡|一擦就好|保證有效|深層修復|替代藥物
Facebook_LINE016,LINE016,Facebook,2026-06-11,20:00,樟腦外用時的注意界線,A,中,pending_legal_pharmacist_review,false,【樟腦外用時的注意界線】,"【樟腦外用時的注意界線】

已購買或正在觀望的一條根使用者常會遇到這種情境：樟腦外用時的注意界線。

這則貼文要傳達的重點很簡單：一條根外用油膏不是神奇療法，適合放在「依標示外用，提供局部按摩與暫時舒緩體感」這個保守邊界裡溝通。使用時請先看標示，薄擦於需要保養的局部，搭配輕柔按摩即可，不需要追求厚敷或過度刺激。

安全提醒：僅供外用；避免眼周、黏膜、破皮或傷口。

本產品為外用油膏，請依核准標示使用；若症狀持續或惡化，請諮詢醫師或藥師。

CTA：私訊/了解更多","【樟腦外用時的注意界線】

已購買或正在觀望的一條根使用者常會遇到這種情境：樟腦外用時的注意界線。

這則貼文要傳達的重點很簡單：一條根外用油膏不是神奇療法，適合放在「依標示外用，提供局部按摩與暫時舒緩體感」這個保守邊界裡溝通。使用時請先看標示，薄擦於需要保養的局部，搭配輕柔按摩即可，不需要追求厚敷或過度刺激。

安全提醒：僅供外用；避免眼周、黏膜、破皮或傷口。

本產品為外用油膏，請依核准標示使用；若症狀持續或惡化，請諮詢醫師或藥師。

CTA：私訊/了解更多",#金牌一條根 #外用油膏 #成分透明 #依標示使用,圖1：【樟腦外用時的注意界線】｜圖2：依標示外用，提供局部按摩與暫時舒緩體感｜圖3：僅供外用；避免眼周、黏膜、破皮或傷口。,本產品為外用油膏，請依核准標示使用；若症狀持續或惡化，請諮詢醫師或藥師。,僅供外用；避免眼周、黏膜、破皮或傷口。,根治|治療疾病|消炎治本|打通經絡|一擦就好|保證有效|深層修復|替代藥物
Facebook_LINE017,LINE017,Facebook,2026-06-12,12:00,輕微關節痠痛與疾病治療要分開,D,中,pending_legal_pharmacist_review,false,【輕微關節痠痛與疾病治療要分開】,"【輕微關節痠痛與疾病治療要分開】

40-70 歲注重日常活動舒適度的族群常會遇到這種情境：輕微關節痠痛與疾病治療要分開。

這則貼文要傳達的重點很簡單：一條根外用油膏不是神奇療法，適合放在「輕微關節痠痛可短期舒緩，但不可宣稱治療疾病」這個保守邊界裡溝通。使用時請先看標示，薄擦於需要保養的局部，搭配輕柔按摩即可，不需要追求厚敷或過度刺激。

安全提醒：關節腫痛、紅熱、長期疼痛或行走困難，請就醫評估。

本產品為外用油膏，請依核准標示使用；若症狀持續或惡化，請諮詢醫師或藥師。

CTA：收藏提醒","【輕微關節痠痛與疾病治療要分開】

40-70 歲注重日常活動舒適度的族群常會遇到這種情境：輕微關節痠痛與疾病治療要分開。

這則貼文要傳達的重點很簡單：一條根外用油膏不是神奇療法，適合放在「輕微關節痠痛可短期舒緩，但不可宣稱治療疾病」這個保守邊界裡溝通。使用時請先看標示，薄擦於需要保養的局部，搭配輕柔按摩即可，不需要追求厚敷或過度刺激。

安全提醒：關節腫痛、紅熱、長期疼痛或行走困難，請就醫評估。

本產品為外用油膏，請依核准標示使用；若症狀持續或惡化，請諮詢醫師或藥師。

CTA：收藏提醒",#銀髮保養 #活動舒適 #輕微痠痛 #依標示使用,圖1：【輕微關節痠痛與疾病治療要分開】｜圖2：輕微關節痠痛可短期舒緩，但不可宣稱治療疾病｜圖3：關節腫痛、紅熱、長期疼痛或行走困難，請就醫評估。,本產品為外用油膏，請依核准標示使用；若症狀持續或惡化，請諮詢醫師或藥師。,關節腫痛、紅熱、長期疼痛或行走困難，請就醫評估。,根治|治療疾病|消炎治本|打通經絡|一擦就好|保證有效|深層修復|替代藥物
Facebook_LINE018,LINE018,Facebook,2026-06-12,20:00,不要搭配熱敷墊或電毯,E,高,pending_legal_pharmacist_review,false,【不要搭配熱敷墊或電毯】,"【不要搭配熱敷墊或電毯】

所有使用者、照護者與家庭購買者常會遇到這種情境：不要搭配熱敷墊或電毯。

這則貼文要傳達的重點很簡單：一條根外用油膏不是神奇療法，適合放在「安全使用比用得多更重要，依標示與風險族群提醒」這個保守邊界裡溝通。使用時請先看標示，薄擦於需要保養的局部，搭配輕柔按摩即可，不需要追求厚敷或過度刺激。

安全提醒：2 歲以下、孕哺、過敏體質、抗凝血藥使用者請先詢問專業人員。

僅供外用。避免接觸眼睛、黏膜、破皮或傷口；特殊族群使用前請先諮詢專業人員。

CTA：私訊/了解更多","【不要搭配熱敷墊或電毯】

所有使用者、照護者與家庭購買者常會遇到這種情境：不要搭配熱敷墊或電毯。

這則貼文要傳達的重點很簡單：一條根外用油膏不是神奇療法，適合放在「安全使用比用得多更重要，依標示與風險族群提醒」這個保守邊界裡溝通。使用時請先看標示，薄擦於需要保養的局部，搭配輕柔按摩即可，不需要追求厚敷或過度刺激。

安全提醒：2 歲以下、孕哺、過敏體質、抗凝血藥使用者請先詢問專業人員。

僅供外用。避免接觸眼睛、黏膜、破皮或傷口；特殊族群使用前請先諮詢專業人員。

CTA：私訊/了解更多",#外用安全 #用藥安全 #使用前看標示 #諮詢醫師藥師,圖1：【不要搭配熱敷墊或電毯】｜圖2：安全使用比用得多更重要，依標示與風險族群提醒｜圖3：2 歲以下、孕哺、過敏體質、抗凝血藥使用者請先詢問專業人員。,僅供外用。避免接觸眼睛、黏膜、破皮或傷口；特殊族群使用前請先諮詢專業人員。,2 歲以下、孕哺、過敏體質、抗凝血藥使用者請先詢問專業人員。,根治|治療疾病|消炎治本|打通經絡|一擦就好|保證有效|深層修復|替代藥物
Facebook_LINE019,LINE019,Facebook,2026-06-13,12:00,小暑前後活動舒適提醒,F,低,pending_legal_pharmacist_review,false,【小暑前後活動舒適提醒】,"【小暑前後活動舒適提醒】

喜歡養生、節氣與日常保健的 LINE 讀者常會遇到這種情境：小暑前後活動舒適提醒。

這則貼文要傳達的重點很簡單：一條根外用油膏不是神奇療法，適合放在「以生活保健與身體覺察為主，不做醫療療效宣稱」這個保守邊界裡溝通。使用時請先看標示，薄擦於需要保養的局部，搭配輕柔按摩即可，不需要追求厚敷或過度刺激。

安全提醒：節氣養生屬一般生活資訊，身體不適仍應諮詢專業人員。

本內容為一般生活保健資訊，非醫療診斷或治療建議。

CTA：收藏提醒","【小暑前後活動舒適提醒】

喜歡養生、節氣與日常保健的 LINE 讀者常會遇到這種情境：小暑前後活動舒適提醒。

這則貼文要傳達的重點很簡單：一條根外用油膏不是神奇療法，適合放在「以生活保健與身體覺察為主，不做醫療療效宣稱」這個保守邊界裡溝通。使用時請先看標示，薄擦於需要保養的局部，搭配輕柔按摩即可，不需要追求厚敷或過度刺激。

安全提醒：節氣養生屬一般生活資訊，身體不適仍應諮詢專業人員。

本內容為一般生活保健資訊，非醫療診斷或治療建議。

CTA：收藏提醒",#節氣保養 #生活保健 #日常保養 #身體覺察,圖1：【小暑前後活動舒適提醒】｜圖2：以生活保健與身體覺察為主，不做醫療療效宣稱｜圖3：節氣養生屬一般生活資訊，身體不適仍應諮詢專業人員。,本內容為一般生活保健資訊，非醫療診斷或治療建議。,節氣養生屬一般生活資訊，身體不適仍應諮詢專業人員。,根治|治療疾病|消炎治本|打通經絡|一擦就好|保證有效|深層修復|替代藥物
Facebook_LINE020,LINE020,Facebook,2026-06-13,20:00,爬山後腿部按摩提醒,C,中,pending_legal_pharmacist_review,false,【爬山後腿部按摩提醒】,"【爬山後腿部按摩提醒】

運動族、搬重物、久站與勞動工作者常會遇到這種情境：爬山後腿部按摩提醒。

這則貼文要傳達的重點很簡單：一條根外用油膏不是神奇療法，適合放在「運動或勞動後的局部肌肉痠痛，可短期按摩舒緩」這個保守邊界裡溝通。使用時請先看標示，薄擦於需要保養的局部，搭配輕柔按摩即可，不需要追求厚敷或過度刺激。

安全提醒：明顯腫脹、劇痛、活動受限或疑似受傷時，請先就醫。

本產品為外用油膏，請依核准標示使用；若症狀持續或惡化，請諮詢醫師或藥師。

CTA：私訊/了解更多","【爬山後腿部按摩提醒】

運動族、搬重物、久站與勞動工作者常會遇到這種情境：爬山後腿部按摩提醒。

這則貼文要傳達的重點很簡單：一條根外用油膏不是神奇療法，適合放在「運動或勞動後的局部肌肉痠痛，可短期按摩舒緩」這個保守邊界裡溝通。使用時請先看標示，薄擦於需要保養的局部，搭配輕柔按摩即可，不需要追求厚敷或過度刺激。

安全提醒：明顯腫脹、劇痛、活動受限或疑似受傷時，請先就醫。

本產品為外用油膏，請依核准標示使用；若症狀持續或惡化，請諮詢醫師或藥師。

CTA：私訊/了解更多",#運動後保養 #局部按摩 #肌肉痠痛 #依標示使用,圖1：【爬山後腿部按摩提醒】｜圖2：運動或勞動後的局部肌肉痠痛，可短期按摩舒緩｜圖3：明顯腫脹、劇痛、活動受限或疑似受傷時，請先就醫。,本產品為外用油膏，請依核准標示使用；若症狀持續或惡化，請諮詢醫師或藥師。,明顯腫脹、劇痛、活動受限或疑似受傷時，請先就醫。,根治|治療疾病|消炎治本|打通經絡|一擦就好|保證有效|深層修復|替代藥物
Facebook_LINE021,LINE021,Facebook,2026-06-14,12:00,外用膏一次擦多少才剛好,G,低,pending_legal_pharmacist_review,false,【外用膏一次擦多少才剛好】,"【外用膏一次擦多少才剛好】

LINE OA 好友、回購客與新客常會遇到這種情境：外用膏一次擦多少才剛好。

這則貼文要傳達的重點很簡單：一條根外用油膏不是神奇療法，適合放在「用問答降低誤用，讓使用者知道何時該詢問專業人員」這個保守邊界裡溝通。使用時請先看標示，薄擦於需要保養的局部，搭配輕柔按摩即可，不需要追求厚敷或過度刺激。

安全提醒：互動回答不取代醫師或藥師建議。

本內容為一般生活保健資訊，非醫療診斷或治療建議。

CTA：留言互動","【外用膏一次擦多少才剛好】

LINE OA 好友、回購客與新客常會遇到這種情境：外用膏一次擦多少才剛好。

這則貼文要傳達的重點很簡單：一條根外用油膏不是神奇療法，適合放在「用問答降低誤用，讓使用者知道何時該詢問專業人員」這個保守邊界裡溝通。使用時請先看標示，薄擦於需要保養的局部，搭配輕柔按摩即可，不需要追求厚敷或過度刺激。

安全提醒：互動回答不取代醫師或藥師建議。

本內容為一般生活保健資訊，非醫療診斷或治療建議。

CTA：留言互動",#互動問答 #保養知識 #使用小提醒 #金牌一條根,圖1：【外用膏一次擦多少才剛好】｜圖2：用問答降低誤用，讓使用者知道何時該詢問專業人員｜圖3：互動回答不取代醫師或藥師建議。,本內容為一般生活保健資訊，非醫療診斷或治療建議。,互動回答不取代醫師或藥師建議。,根治|治療疾病|消炎治本|打通經絡|一擦就好|保證有效|深層修復|替代藥物
Facebook_LINE022,LINE022,Facebook,2026-06-14,20:00,散步後的膝周保養,D,中,pending_legal_pharmacist_review,false,【散步後的膝周保養】,"【散步後的膝周保養】

40-70 歲注重日常活動舒適度的族群常會遇到這種情境：散步後的膝周保養。

這則貼文要傳達的重點很簡單：一條根外用油膏不是神奇療法，適合放在「輕微關節痠痛可短期舒緩，但不可宣稱治療疾病」這個保守邊界裡溝通。使用時請先看標示，薄擦於需要保養的局部，搭配輕柔按摩即可，不需要追求厚敷或過度刺激。

安全提醒：關節腫痛、紅熱、長期疼痛或行走困難，請就醫評估。

本產品為外用油膏，請依核准標示使用；若症狀持續或惡化，請諮詢醫師或藥師。

CTA：私訊/了解更多","【散步後的膝周保養】

40-70 歲注重日常活動舒適度的族群常會遇到這種情境：散步後的膝周保養。

這則貼文要傳達的重點很簡單：一條根外用油膏不是神奇療法，適合放在「輕微關節痠痛可短期舒緩，但不可宣稱治療疾病」這個保守邊界裡溝通。使用時請先看標示，薄擦於需要保養的局部，搭配輕柔按摩即可，不需要追求厚敷或過度刺激。

安全提醒：關節腫痛、紅熱、長期疼痛或行走困難，請就醫評估。

本產品為外用油膏，請依核准標示使用；若症狀持續或惡化，請諮詢醫師或藥師。

CTA：私訊/了解更多",#銀髮保養 #活動舒適 #輕微痠痛 #依標示使用,圖1：【散步後的膝周保養】｜圖2：輕微關節痠痛可短期舒緩，但不可宣稱治療疾病｜圖3：關節腫痛、紅熱、長期疼痛或行走困難，請就醫評估。,本產品為外用油膏，請依核准標示使用；若症狀持續或惡化，請諮詢醫師或藥師。,關節腫痛、紅熱、長期疼痛或行走困難，請就醫評估。,根治|治療疾病|消炎治本|打通經絡|一擦就好|保證有效|深層修復|替代藥物
Facebook_LINE023,LINE023,Facebook,2026-06-15,12:00,午休前的肩頸放鬆流程,B,低,pending_legal_pharmacist_review,false,【午休前的肩頸放鬆流程】,"【午休前的肩頸放鬆流程】

長時間低頭、久坐、用電腦的上班族常會遇到這種情境：午休前的肩頸放鬆流程。

這則貼文要傳達的重點很簡單：一條根外用油膏不是神奇療法，適合放在「久坐低頭後，可搭配伸展與局部按摩舒緩緊繃不適」這個保守邊界裡溝通。使用時請先看標示，薄擦於需要保養的局部，搭配輕柔按摩即可，不需要追求厚敷或過度刺激。

安全提醒：若痠痛持續、麻木或影響活動，請諮詢醫師或藥師。

本內容為一般生活保健資訊，非醫療診斷或治療建議。

CTA：收藏提醒","【午休前的肩頸放鬆流程】

長時間低頭、久坐、用電腦的上班族常會遇到這種情境：午休前的肩頸放鬆流程。

這則貼文要傳達的重點很簡單：一條根外用油膏不是神奇療法，適合放在「久坐低頭後，可搭配伸展與局部按摩舒緩緊繃不適」這個保守邊界裡溝通。使用時請先看標示，薄擦於需要保養的局部，搭配輕柔按摩即可，不需要追求厚敷或過度刺激。

安全提醒：若痠痛持續、麻木或影響活動，請諮詢醫師或藥師。

本內容為一般生活保健資訊，非醫療診斷或治療建議。

CTA：收藏提醒",#肩頸保養 #久坐族 #日常舒緩 #依標示使用,圖1：【午休前的肩頸放鬆流程】｜圖2：久坐低頭後，可搭配伸展與局部按摩舒緩緊繃不適｜圖3：若痠痛持續、麻木或影響活動，請諮詢醫師或藥師。,本內容為一般生活保健資訊，非醫療診斷或治療建議。,若痠痛持續、麻木或影響活動，請諮詢醫師或藥師。,根治|治療疾病|消炎治本|打通經絡|一擦就好|保證有效|深層修復|替代藥物
Facebook_LINE024,LINE024,Facebook,2026-06-15,20:00,油膏劑為什麼適合局部按摩,A,中,pending_legal_pharmacist_review,false,【油膏劑為什麼適合局部按摩】,"【油膏劑為什麼適合局部按摩】

已購買或正在觀望的一條根使用者常會遇到這種情境：油膏劑為什麼適合局部按摩。

這則貼文要傳達的重點很簡單：一條根外用油膏不是神奇療法，適合放在「依標示外用，提供局部按摩與暫時舒緩體感」這個保守邊界裡溝通。使用時請先看標示，薄擦於需要保養的局部，搭配輕柔按摩即可，不需要追求厚敷或過度刺激。

安全提醒：僅供外用；避免眼周、黏膜、破皮或傷口。

本產品為外用油膏，請依核准標示使用；若症狀持續或惡化，請諮詢醫師或藥師。

CTA：私訊/了解更多","【油膏劑為什麼適合局部按摩】

已購買或正在觀望的一條根使用者常會遇到這種情境：油膏劑為什麼適合局部按摩。

這則貼文要傳達的重點很簡單：一條根外用油膏不是神奇療法，適合放在「依標示外用，提供局部按摩與暫時舒緩體感」這個保守邊界裡溝通。使用時請先看標示，薄擦於需要保養的局部，搭配輕柔按摩即可，不需要追求厚敷或過度刺激。

安全提醒：僅供外用；避免眼周、黏膜、破皮或傷口。

本產品為外用油膏，請依核准標示使用；若症狀持續或惡化，請諮詢醫師或藥師。

CTA：私訊/了解更多",#金牌一條根 #外用油膏 #成分透明 #依標示使用,圖1：【油膏劑為什麼適合局部按摩】｜圖2：依標示外用，提供局部按摩與暫時舒緩體感｜圖3：僅供外用；避免眼周、黏膜、破皮或傷口。,本產品為外用油膏，請依核准標示使用；若症狀持續或惡化，請諮詢醫師或藥師。,僅供外用；避免眼周、黏膜、破皮或傷口。,根治|治療疾病|消炎治本|打通經絡|一擦就好|保證有效|深層修復|替代藥物
Facebook_LINE025,LINE025,Facebook,2026-06-16,12:00,大暑午後少久站硬撐,F,低,pending_legal_pharmacist_review,false,【大暑午後少久站硬撐】,"【大暑午後少久站硬撐】

喜歡養生、節氣與日常保健的 LINE 讀者常會遇到這種情境：大暑午後少久站硬撐。

這則貼文要傳達的重點很簡單：一條根外用油膏不是神奇療法，適合放在「以生活保健與身體覺察為主，不做醫療療效宣稱」這個保守邊界裡溝通。使用時請先看標示，薄擦於需要保養的局部，搭配輕柔按摩即可，不需要追求厚敷或過度刺激。

安全提醒：節氣養生屬一般生活資訊，身體不適仍應諮詢專業人員。

本內容為一般生活保健資訊，非醫療診斷或治療建議。

CTA：收藏提醒","【大暑午後少久站硬撐】

喜歡養生、節氣與日常保健的 LINE 讀者常會遇到這種情境：大暑午後少久站硬撐。

這則貼文要傳達的重點很簡單：一條根外用油膏不是神奇療法，適合放在「以生活保健與身體覺察為主，不做醫療療效宣稱」這個保守邊界裡溝通。使用時請先看標示，薄擦於需要保養的局部，搭配輕柔按摩即可，不需要追求厚敷或過度刺激。

安全提醒：節氣養生屬一般生活資訊，身體不適仍應諮詢專業人員。

本內容為一般生活保健資訊，非醫療診斷或治療建議。

CTA：收藏提醒",#節氣保養 #生活保健 #日常保養 #身體覺察,圖1：【大暑午後少久站硬撐】｜圖2：以生活保健與身體覺察為主，不做醫療療效宣稱｜圖3：節氣養生屬一般生活資訊，身體不適仍應諮詢專業人員。,本內容為一般生活保健資訊，非醫療診斷或治療建議。,節氣養生屬一般生活資訊，身體不適仍應諮詢專業人員。,根治|治療疾病|消炎治本|打通經絡|一擦就好|保證有效|深層修復|替代藥物
Facebook_LINE026,LINE026,Facebook,2026-06-16,20:00,不要密封包紮或大面積厚敷,E,高,pending_legal_pharmacist_review,false,【不要密封包紮或大面積厚敷】,"【不要密封包紮或大面積厚敷】

所有使用者、照護者與家庭購買者常會遇到這種情境：不要密封包紮或大面積厚敷。

這則貼文要傳達的重點很簡單：一條根外用油膏不是神奇療法，適合放在「安全使用比用得多更重要，依標示與風險族群提醒」這個保守邊界裡溝通。使用時請先看標示，薄擦於需要保養的局部，搭配輕柔按摩即可，不需要追求厚敷或過度刺激。

安全提醒：2 歲以下、孕哺、過敏體質、抗凝血藥使用者請先詢問專業人員。

僅供外用。避免接觸眼睛、黏膜、破皮或傷口；特殊族群使用前請先諮詢專業人員。

CTA：私訊/了解更多","【不要密封包紮或大面積厚敷】

所有使用者、照護者與家庭購買者常會遇到這種情境：不要密封包紮或大面積厚敷。

這則貼文要傳達的重點很簡單：一條根外用油膏不是神奇療法，適合放在「安全使用比用得多更重要，依標示與風險族群提醒」這個保守邊界裡溝通。使用時請先看標示，薄擦於需要保養的局部，搭配輕柔按摩即可，不需要追求厚敷或過度刺激。

安全提醒：2 歲以下、孕哺、過敏體質、抗凝血藥使用者請先詢問專業人員。

僅供外用。避免接觸眼睛、黏膜、破皮或傷口；特殊族群使用前請先諮詢專業人員。

CTA：私訊/了解更多",#外用安全 #用藥安全 #使用前看標示 #諮詢醫師藥師,圖1：【不要密封包紮或大面積厚敷】｜圖2：安全使用比用得多更重要，依標示與風險族群提醒｜圖3：2 歲以下、孕哺、過敏體質、抗凝血藥使用者請先詢問專業人員。,僅供外用。避免接觸眼睛、黏膜、破皮或傷口；特殊族群使用前請先諮詢專業人員。,2 歲以下、孕哺、過敏體質、抗凝血藥使用者請先詢問專業人員。,根治|治療疾病|消炎治本|打通經絡|一擦就好|保證有效|深層修復|替代藥物
Facebook_LINE027,LINE027,Facebook,2026-06-17,12:00,藥證可查代表什麼,H,中,pending_legal_pharmacist_review,false,【藥證可查代表什麼】,"【藥證可查代表什麼】

重視藥證、成分、品質與合法性的消費者常會遇到這種情境：藥證可查代表什麼。

這則貼文要傳達的重點很簡單：一條根外用油膏不是神奇療法，適合放在「強調藥證、標示、保守宣稱與人工審核流程」這個保守邊界裡溝通。使用時請先看標示，薄擦於需要保養的局部，搭配輕柔按摩即可，不需要追求厚敷或過度刺激。

安全提醒：所有廣告文案仍須依主管機關與專業人員審核。

本產品為外用油膏，請依核准標示使用；若症狀持續或惡化，請諮詢醫師或藥師。

CTA：收藏提醒","【藥證可查代表什麼】

重視藥證、成分、品質與合法性的消費者常會遇到這種情境：藥證可查代表什麼。

這則貼文要傳達的重點很簡單：一條根外用油膏不是神奇療法，適合放在「強調藥證、標示、保守宣稱與人工審核流程」這個保守邊界裡溝通。使用時請先看標示，薄擦於需要保養的局部，搭配輕柔按摩即可，不需要追求厚敷或過度刺激。

安全提醒：所有廣告文案仍須依主管機關與專業人員審核。

本產品為外用油膏，請依核准標示使用；若症狀持續或惡化，請諮詢醫師或藥師。

CTA：收藏提醒",#藥證可查 #品牌透明 #合法宣傳 #成分透明,圖1：【藥證可查代表什麼】｜圖2：強調藥證、標示、保守宣稱與人工審核流程｜圖3：所有廣告文案仍須依主管機關與專業人員審核。,本產品為外用油膏，請依核准標示使用；若症狀持續或惡化，請諮詢醫師或藥師。,所有廣告文案仍須依主管機關與專業人員審核。,根治|治療疾病|消炎治本|打通經絡|一擦就好|保證有效|深層修復|替代藥物
Facebook_LINE028,LINE028,Facebook,2026-06-17,20:00,涼感越強越有效嗎,G,低,pending_legal_pharmacist_review,false,【涼感越強越有效嗎】,"【涼感越強越有效嗎】

LINE OA 好友、回購客與新客常會遇到這種情境：涼感越強越有效嗎。

這則貼文要傳達的重點很簡單：一條根外用油膏不是神奇療法，適合放在「用問答降低誤用，讓使用者知道何時該詢問專業人員」這個保守邊界裡溝通。使用時請先看標示，薄擦於需要保養的局部，搭配輕柔按摩即可，不需要追求厚敷或過度刺激。

安全提醒：互動回答不取代醫師或藥師建議。

本內容為一般生活保健資訊，非醫療診斷或治療建議。

CTA：留言互動","【涼感越強越有效嗎】

LINE OA 好友、回購客與新客常會遇到這種情境：涼感越強越有效嗎。

這則貼文要傳達的重點很簡單：一條根外用油膏不是神奇療法，適合放在「用問答降低誤用，讓使用者知道何時該詢問專業人員」這個保守邊界裡溝通。使用時請先看標示，薄擦於需要保養的局部，搭配輕柔按摩即可，不需要追求厚敷或過度刺激。

安全提醒：互動回答不取代醫師或藥師建議。

本內容為一般生活保健資訊，非醫療診斷或治療建議。

CTA：留言互動",#互動問答 #保養知識 #使用小提醒 #金牌一條根,圖1：【涼感越強越有效嗎】｜圖2：用問答降低誤用，讓使用者知道何時該詢問專業人員｜圖3：互動回答不取代醫師或藥師建議。,本內容為一般生活保健資訊，非醫療診斷或治療建議。,互動回答不取代醫師或藥師建議。,根治|治療疾病|消炎治本|打通經絡|一擦就好|保證有效|深層修復|替代藥物
Facebook_LINE029,LINE029,Facebook,2026-06-18,12:00,重訓後肩背局部舒緩,C,中,pending_legal_pharmacist_review,false,【重訓後肩背局部舒緩】,"【重訓後肩背局部舒緩】

運動族、搬重物、久站與勞動工作者常會遇到這種情境：重訓後肩背局部舒緩。

這則貼文要傳達的重點很簡單：一條根外用油膏不是神奇療法，適合放在「運動或勞動後的局部肌肉痠痛，可短期按摩舒緩」這個保守邊界裡溝通。使用時請先看標示，薄擦於需要保養的局部，搭配輕柔按摩即可，不需要追求厚敷或過度刺激。

安全提醒：明顯腫脹、劇痛、活動受限或疑似受傷時，請先就醫。

本產品為外用油膏，請依核准標示使用；若症狀持續或惡化，請諮詢醫師或藥師。

CTA：收藏提醒","【重訓後肩背局部舒緩】

運動族、搬重物、久站與勞動工作者常會遇到這種情境：重訓後肩背局部舒緩。

這則貼文要傳達的重點很簡單：一條根外用油膏不是神奇療法，適合放在「運動或勞動後的局部肌肉痠痛，可短期按摩舒緩」這個保守邊界裡溝通。使用時請先看標示，薄擦於需要保養的局部，搭配輕柔按摩即可，不需要追求厚敷或過度刺激。

安全提醒：明顯腫脹、劇痛、活動受限或疑似受傷時，請先就醫。

本產品為外用油膏，請依核准標示使用；若症狀持續或惡化，請諮詢醫師或藥師。

CTA：收藏提醒",#運動後保養 #局部按摩 #肌肉痠痛 #依標示使用,圖1：【重訓後肩背局部舒緩】｜圖2：運動或勞動後的局部肌肉痠痛，可短期按摩舒緩｜圖3：明顯腫脹、劇痛、活動受限或疑似受傷時，請先就醫。,本產品為外用油膏，請依核准標示使用；若症狀持續或惡化，請諮詢醫師或藥師。,明顯腫脹、劇痛、活動受限或疑似受傷時，請先就醫。,根治|治療疾病|消炎治本|打通經絡|一擦就好|保證有效|深層修復|替代藥物
Facebook_LINE030,LINE030,Facebook,2026-06-18,20:00,乙類成藥與一般保健品差異,A,中,pending_legal_pharmacist_review,false,【乙類成藥與一般保健品差異】,"【乙類成藥與一般保健品差異】

已購買或正在觀望的一條根使用者常會遇到這種情境：乙類成藥與一般保健品差異。

這則貼文要傳達的重點很簡單：一條根外用油膏不是神奇療法，適合放在「依標示外用，提供局部按摩與暫時舒緩體感」這個保守邊界裡溝通。使用時請先看標示，薄擦於需要保養的局部，搭配輕柔按摩即可，不需要追求厚敷或過度刺激。

安全提醒：僅供外用；避免眼周、黏膜、破皮或傷口。

本產品為外用油膏，請依核准標示使用；若症狀持續或惡化，請諮詢醫師或藥師。

CTA：私訊/了解更多","【乙類成藥與一般保健品差異】

已購買或正在觀望的一條根使用者常會遇到這種情境：乙類成藥與一般保健品差異。

這則貼文要傳達的重點很簡單：一條根外用油膏不是神奇療法，適合放在「依標示外用，提供局部按摩與暫時舒緩體感」這個保守邊界裡溝通。使用時請先看標示，薄擦於需要保養的局部，搭配輕柔按摩即可，不需要追求厚敷或過度刺激。

安全提醒：僅供外用；避免眼周、黏膜、破皮或傷口。

本產品為外用油膏，請依核准標示使用；若症狀持續或惡化，請諮詢醫師或藥師。

CTA：私訊/了解更多",#金牌一條根 #外用油膏 #成分透明 #依標示使用,圖1：【乙類成藥與一般保健品差異】｜圖2：依標示外用，提供局部按摩與暫時舒緩體感｜圖3：僅供外用；避免眼周、黏膜、破皮或傷口。,本產品為外用油膏，請依核准標示使用；若症狀持續或惡化，請諮詢醫師或藥師。,僅供外用；避免眼周、黏膜、破皮或傷口。,根治|治療疾病|消炎治本|打通經絡|一擦就好|保證有效|深層修復|替代藥物
Facebook_LINE031,LINE031,Facebook,2026-06-19,12:00,天氣變化時的活動舒適感,D,中,pending_legal_pharmacist_review,false,【天氣變化時的活動舒適感】,"【天氣變化時的活動舒適感】

40-70 歲注重日常活動舒適度的族群常會遇到這種情境：天氣變化時的活動舒適感。

這則貼文要傳達的重點很簡單：一條根外用油膏不是神奇療法，適合放在「輕微關節痠痛可短期舒緩，但不可宣稱治療疾病」這個保守邊界裡溝通。使用時請先看標示，薄擦於需要保養的局部，搭配輕柔按摩即可，不需要追求厚敷或過度刺激。

安全提醒：關節腫痛、紅熱、長期疼痛或行走困難，請就醫評估。

本產品為外用油膏，請依核准標示使用；若症狀持續或惡化，請諮詢醫師或藥師。

CTA：收藏提醒","【天氣變化時的活動舒適感】

40-70 歲注重日常活動舒適度的族群常會遇到這種情境：天氣變化時的活動舒適感。

這則貼文要傳達的重點很簡單：一條根外用油膏不是神奇療法，適合放在「輕微關節痠痛可短期舒緩，但不可宣稱治療疾病」這個保守邊界裡溝通。使用時請先看標示，薄擦於需要保養的局部，搭配輕柔按摩即可，不需要追求厚敷或過度刺激。

安全提醒：關節腫痛、紅熱、長期疼痛或行走困難，請就醫評估。

本產品為外用油膏，請依核准標示使用；若症狀持續或惡化，請諮詢醫師或藥師。

CTA：收藏提醒",#銀髮保養 #活動舒適 #輕微痠痛 #依標示使用,圖1：【天氣變化時的活動舒適感】｜圖2：輕微關節痠痛可短期舒緩，但不可宣稱治療疾病｜圖3：關節腫痛、紅熱、長期疼痛或行走困難，請就醫評估。,本產品為外用油膏，請依核准標示使用；若症狀持續或惡化，請諮詢醫師或藥師。,關節腫痛、紅熱、長期疼痛或行走困難，請就醫評估。,根治|治療疾病|消炎治本|打通經絡|一擦就好|保證有效|深層修復|替代藥物
Facebook_LINE032,LINE032,Facebook,2026-06-19,20:00,水楊酸或阿斯匹靈過敏者注意,E,高,pending_legal_pharmacist_review,false,【水楊酸或阿斯匹靈過敏者注意】,"【水楊酸或阿斯匹靈過敏者注意】

所有使用者、照護者與家庭購買者常會遇到這種情境：水楊酸或阿斯匹靈過敏者注意。

這則貼文要傳達的重點很簡單：一條根外用油膏不是神奇療法，適合放在「安全使用比用得多更重要，依標示與風險族群提醒」這個保守邊界裡溝通。使用時請先看標示，薄擦於需要保養的局部，搭配輕柔按摩即可，不需要追求厚敷或過度刺激。

安全提醒：2 歲以下、孕哺、過敏體質、抗凝血藥使用者請先詢問專業人員。

僅供外用。避免接觸眼睛、黏膜、破皮或傷口；特殊族群使用前請先諮詢專業人員。

CTA：私訊/了解更多","【水楊酸或阿斯匹靈過敏者注意】

所有使用者、照護者與家庭購買者常會遇到這種情境：水楊酸或阿斯匹靈過敏者注意。

這則貼文要傳達的重點很簡單：一條根外用油膏不是神奇療法，適合放在「安全使用比用得多更重要，依標示與風險族群提醒」這個保守邊界裡溝通。使用時請先看標示，薄擦於需要保養的局部，搭配輕柔按摩即可，不需要追求厚敷或過度刺激。

安全提醒：2 歲以下、孕哺、過敏體質、抗凝血藥使用者請先詢問專業人員。

僅供外用。避免接觸眼睛、黏膜、破皮或傷口；特殊族群使用前請先諮詢專業人員。

CTA：私訊/了解更多",#外用安全 #用藥安全 #使用前看標示 #諮詢醫師藥師,圖1：【水楊酸或阿斯匹靈過敏者注意】｜圖2：安全使用比用得多更重要，依標示與風險族群提醒｜圖3：2 歲以下、孕哺、過敏體質、抗凝血藥使用者請先詢問專業人員。,僅供外用。避免接觸眼睛、黏膜、破皮或傷口；特殊族群使用前請先諮詢專業人員。,2 歲以下、孕哺、過敏體質、抗凝血藥使用者請先詢問專業人員。,根治|治療疾病|消炎治本|打通經絡|一擦就好|保證有效|深層修復|替代藥物
Facebook_LINE033,LINE033,Facebook,2026-06-20,12:00,立秋後早晚溫差保養,F,低,pending_legal_pharmacist_review,false,【立秋後早晚溫差保養】,"【立秋後早晚溫差保養】

喜歡養生、節氣與日常保健的 LINE 讀者常會遇到這種情境：立秋後早晚溫差保養。

這則貼文要傳達的重點很簡單：一條根外用油膏不是神奇療法，適合放在「以生活保健與身體覺察為主，不做醫療療效宣稱」這個保守邊界裡溝通。使用時請先看標示，薄擦於需要保養的局部，搭配輕柔按摩即可，不需要追求厚敷或過度刺激。

安全提醒：節氣養生屬一般生活資訊，身體不適仍應諮詢專業人員。

本內容為一般生活保健資訊，非醫療診斷或治療建議。

CTA：收藏提醒","【立秋後早晚溫差保養】

喜歡養生、節氣與日常保健的 LINE 讀者常會遇到這種情境：立秋後早晚溫差保養。

這則貼文要傳達的重點很簡單：一條根外用油膏不是神奇療法，適合放在「以生活保健與身體覺察為主，不做醫療療效宣稱」這個保守邊界裡溝通。使用時請先看標示，薄擦於需要保養的局部，搭配輕柔按摩即可，不需要追求厚敷或過度刺激。

安全提醒：節氣養生屬一般生活資訊，身體不適仍應諮詢專業人員。

本內容為一般生活保健資訊，非醫療診斷或治療建議。

CTA：收藏提醒",#節氣保養 #生活保健 #日常保養 #身體覺察,圖1：【立秋後早晚溫差保養】｜圖2：以生活保健與身體覺察為主，不做醫療療效宣稱｜圖3：節氣養生屬一般生活資訊，身體不適仍應諮詢專業人員。,本內容為一般生活保健資訊，非醫療診斷或治療建議。,節氣養生屬一般生活資訊，身體不適仍應諮詢專業人員。,根治|治療疾病|消炎治本|打通經絡|一擦就好|保證有效|深層修復|替代藥物
Facebook_LINE034,LINE034,Facebook,2026-06-20,20:00,家事後手臂不適保養,C,中,pending_legal_pharmacist_review,false,【家事後手臂不適保養】,"【家事後手臂不適保養】

運動族、搬重物、久站與勞動工作者常會遇到這種情境：家事後手臂不適保養。

這則貼文要傳達的重點很簡單：一條根外用油膏不是神奇療法，適合放在「運動或勞動後的局部肌肉痠痛，可短期按摩舒緩」這個保守邊界裡溝通。使用時請先看標示，薄擦於需要保養的局部，搭配輕柔按摩即可，不需要追求厚敷或過度刺激。

安全提醒：明顯腫脹、劇痛、活動受限或疑似受傷時，請先就醫。

本產品為外用油膏，請依核准標示使用；若症狀持續或惡化，請諮詢醫師或藥師。

CTA：私訊/了解更多","【家事後手臂不適保養】

運動族、搬重物、久站與勞動工作者常會遇到這種情境：家事後手臂不適保養。

這則貼文要傳達的重點很簡單：一條根外用油膏不是神奇療法，適合放在「運動或勞動後的局部肌肉痠痛，可短期按摩舒緩」這個保守邊界裡溝通。使用時請先看標示，薄擦於需要保養的局部，搭配輕柔按摩即可，不需要追求厚敷或過度刺激。

安全提醒：明顯腫脹、劇痛、活動受限或疑似受傷時，請先就醫。

本產品為外用油膏，請依核准標示使用；若症狀持續或惡化，請諮詢醫師或藥師。

CTA：私訊/了解更多",#運動後保養 #局部按摩 #肌肉痠痛 #依標示使用,圖1：【家事後手臂不適保養】｜圖2：運動或勞動後的局部肌肉痠痛，可短期按摩舒緩｜圖3：明顯腫脹、劇痛、活動受限或疑似受傷時，請先就醫。,本產品為外用油膏，請依核准標示使用；若症狀持續或惡化，請諮詢醫師或藥師。,明顯腫脹、劇痛、活動受限或疑似受傷時，請先就醫。,根治|治療疾病|消炎治本|打通經絡|一擦就好|保證有效|深層修復|替代藥物
Facebook_LINE035,LINE035,Facebook,2026-06-21,12:00,你有看過外用產品標示嗎,G,低,pending_legal_pharmacist_review,false,【你有看過外用產品標示嗎】,"【你有看過外用產品標示嗎】

LINE OA 好友、回購客與新客常會遇到這種情境：你有看過外用產品標示嗎。

這則貼文要傳達的重點很簡單：一條根外用油膏不是神奇療法，適合放在「用問答降低誤用，讓使用者知道何時該詢問專業人員」這個保守邊界裡溝通。使用時請先看標示，薄擦於需要保養的局部，搭配輕柔按摩即可，不需要追求厚敷或過度刺激。

安全提醒：互動回答不取代醫師或藥師建議。

本內容為一般生活保健資訊，非醫療診斷或治療建議。

CTA：留言互動","【你有看過外用產品標示嗎】

LINE OA 好友、回購客與新客常會遇到這種情境：你有看過外用產品標示嗎。

這則貼文要傳達的重點很簡單：一條根外用油膏不是神奇療法，適合放在「用問答降低誤用，讓使用者知道何時該詢問專業人員」這個保守邊界裡溝通。使用時請先看標示，薄擦於需要保養的局部，搭配輕柔按摩即可，不需要追求厚敷或過度刺激。

安全提醒：互動回答不取代醫師或藥師建議。

本內容為一般生活保健資訊，非醫療診斷或治療建議。

CTA：留言互動",#互動問答 #保養知識 #使用小提醒 #金牌一條根,圖1：【你有看過外用產品標示嗎】｜圖2：用問答降低誤用，讓使用者知道何時該詢問專業人員｜圖3：互動回答不取代醫師或藥師建議。,本內容為一般生活保健資訊，非醫療診斷或治療建議。,互動回答不取代醫師或藥師建議。,根治|治療疾病|消炎治本|打通經絡|一擦就好|保證有效|深層修復|替代藥物
Facebook_LINE036,LINE036,Facebook,2026-06-21,20:00,長輩按摩力道不要過重,D,中,pending_legal_pharmacist_review,false,【長輩按摩力道不要過重】,"【長輩按摩力道不要過重】

40-70 歲注重日常活動舒適度的族群常會遇到這種情境：長輩按摩力道不要過重。

這則貼文要傳達的重點很簡單：一條根外用油膏不是神奇療法，適合放在「輕微關節痠痛可短期舒緩，但不可宣稱治療疾病」這個保守邊界裡溝通。使用時請先看標示，薄擦於需要保養的局部，搭配輕柔按摩即可，不需要追求厚敷或過度刺激。

安全提醒：關節腫痛、紅熱、長期疼痛或行走困難，請就醫評估。

本產品為外用油膏，請依核准標示使用；若症狀持續或惡化，請諮詢醫師或藥師。

CTA：私訊/了解更多","【長輩按摩力道不要過重】

40-70 歲注重日常活動舒適度的族群常會遇到這種情境：長輩按摩力道不要過重。

這則貼文要傳達的重點很簡單：一條根外用油膏不是神奇療法，適合放在「輕微關節痠痛可短期舒緩，但不可宣稱治療疾病」這個保守邊界裡溝通。使用時請先看標示，薄擦於需要保養的局部，搭配輕柔按摩即可，不需要追求厚敷或過度刺激。

安全提醒：關節腫痛、紅熱、長期疼痛或行走困難，請就醫評估。

本產品為外用油膏，請依核准標示使用；若症狀持續或惡化，請諮詢醫師或藥師。

CTA：私訊/了解更多",#銀髮保養 #活動舒適 #輕微痠痛 #依標示使用,圖1：【長輩按摩力道不要過重】｜圖2：輕微關節痠痛可短期舒緩，但不可宣稱治療疾病｜圖3：關節腫痛、紅熱、長期疼痛或行走困難，請就醫評估。,本產品為外用油膏，請依核准標示使用；若症狀持續或惡化，請諮詢醫師或藥師。,關節腫痛、紅熱、長期疼痛或行走困難，請就醫評估。,根治|治療疾病|消炎治本|打通經絡|一擦就好|保證有效|深層修復|替代藥物
Facebook_LINE037,LINE037,Facebook,2026-06-22,12:00,開會久坐後的腰背舒緩,B,低,pending_legal_pharmacist_review,false,【開會久坐後的腰背舒緩】,"【開會久坐後的腰背舒緩】

長時間低頭、久坐、用電腦的上班族常會遇到這種情境：開會久坐後的腰背舒緩。

這則貼文要傳達的重點很簡單：一條根外用油膏不是神奇療法，適合放在「久坐低頭後，可搭配伸展與局部按摩舒緩緊繃不適」這個保守邊界裡溝通。使用時請先看標示，薄擦於需要保養的局部，搭配輕柔按摩即可，不需要追求厚敷或過度刺激。

安全提醒：若痠痛持續、麻木或影響活動，請諮詢醫師或藥師。

本內容為一般生活保健資訊，非醫療診斷或治療建議。

CTA：收藏提醒","【開會久坐後的腰背舒緩】

長時間低頭、久坐、用電腦的上班族常會遇到這種情境：開會久坐後的腰背舒緩。

這則貼文要傳達的重點很簡單：一條根外用油膏不是神奇療法，適合放在「久坐低頭後，可搭配伸展與局部按摩舒緩緊繃不適」這個保守邊界裡溝通。使用時請先看標示，薄擦於需要保養的局部，搭配輕柔按摩即可，不需要追求厚敷或過度刺激。

安全提醒：若痠痛持續、麻木或影響活動，請諮詢醫師或藥師。

本內容為一般生活保健資訊，非醫療診斷或治療建議。

CTA：收藏提醒",#肩頸保養 #久坐族 #日常舒緩 #依標示使用,圖1：【開會久坐後的腰背舒緩】｜圖2：久坐低頭後，可搭配伸展與局部按摩舒緩緊繃不適｜圖3：若痠痛持續、麻木或影響活動，請諮詢醫師或藥師。,本內容為一般生活保健資訊，非醫療診斷或治療建議。,若痠痛持續、麻木或影響活動，請諮詢醫師或藥師。,根治|治療疾病|消炎治本|打通經絡|一擦就好|保證有效|深層修復|替代藥物
Facebook_LINE038,LINE038,Facebook,2026-06-22,20:00,一條根外用膏的日常定位,A,中,pending_legal_pharmacist_review,false,【一條根外用膏的日常定位】,"【一條根外用膏的日常定位】

已購買或正在觀望的一條根使用者常會遇到這種情境：一條根外用膏的日常定位。

這則貼文要傳達的重點很簡單：一條根外用油膏不是神奇療法，適合放在「依標示外用，提供局部按摩與暫時舒緩體感」這個保守邊界裡溝通。使用時請先看標示，薄擦於需要保養的局部，搭配輕柔按摩即可，不需要追求厚敷或過度刺激。

安全提醒：僅供外用；避免眼周、黏膜、破皮或傷口。

本產品為外用油膏，請依核准標示使用；若症狀持續或惡化，請諮詢醫師或藥師。

CTA：私訊/了解更多","【一條根外用膏的日常定位】

已購買或正在觀望的一條根使用者常會遇到這種情境：一條根外用膏的日常定位。

這則貼文要傳達的重點很簡單：一條根外用油膏不是神奇療法，適合放在「依標示外用，提供局部按摩與暫時舒緩體感」這個保守邊界裡溝通。使用時請先看標示，薄擦於需要保養的局部，搭配輕柔按摩即可，不需要追求厚敷或過度刺激。

安全提醒：僅供外用；避免眼周、黏膜、破皮或傷口。

本產品為外用油膏，請依核准標示使用；若症狀持續或惡化，請諮詢醫師或藥師。

CTA：私訊/了解更多",#金牌一條根 #外用油膏 #成分透明 #依標示使用,圖1：【一條根外用膏的日常定位】｜圖2：依標示外用，提供局部按摩與暫時舒緩體感｜圖3：僅供外用；避免眼周、黏膜、破皮或傷口。,本產品為外用油膏，請依核准標示使用；若症狀持續或惡化，請諮詢醫師或藥師。,僅供外用；避免眼周、黏膜、破皮或傷口。,根治|治療疾病|消炎治本|打通經絡|一擦就好|保證有效|深層修復|替代藥物
Facebook_LINE039,LINE039,Facebook,2026-06-23,12:00,處暑後運動暖身提醒,F,低,pending_legal_pharmacist_review,false,【處暑後運動暖身提醒】,"【處暑後運動暖身提醒】

喜歡養生、節氣與日常保健的 LINE 讀者常會遇到這種情境：處暑後運動暖身提醒。

這則貼文要傳達的重點很簡單：一條根外用油膏不是神奇療法，適合放在「以生活保健與身體覺察為主，不做醫療療效宣稱」這個保守邊界裡溝通。使用時請先看標示，薄擦於需要保養的局部，搭配輕柔按摩即可，不需要追求厚敷或過度刺激。

安全提醒：節氣養生屬一般生活資訊，身體不適仍應諮詢專業人員。

本內容為一般生活保健資訊，非醫療診斷或治療建議。

CTA：收藏提醒","【處暑後運動暖身提醒】

喜歡養生、節氣與日常保健的 LINE 讀者常會遇到這種情境：處暑後運動暖身提醒。

這則貼文要傳達的重點很簡單：一條根外用油膏不是神奇療法，適合放在「以生活保健與身體覺察為主，不做醫療療效宣稱」這個保守邊界裡溝通。使用時請先看標示，薄擦於需要保養的局部，搭配輕柔按摩即可，不需要追求厚敷或過度刺激。

安全提醒：節氣養生屬一般生活資訊，身體不適仍應諮詢專業人員。

本內容為一般生活保健資訊，非醫療診斷或治療建議。

CTA：收藏提醒",#節氣保養 #生活保健 #日常保養 #身體覺察,圖1：【處暑後運動暖身提醒】｜圖2：以生活保健與身體覺察為主，不做醫療療效宣稱｜圖3：節氣養生屬一般生活資訊，身體不適仍應諮詢專業人員。,本內容為一般生活保健資訊，非醫療診斷或治療建議。,節氣養生屬一般生活資訊，身體不適仍應諮詢專業人員。,根治|治療疾病|消炎治本|打通經絡|一擦就好|保證有效|深層修復|替代藥物
Facebook_LINE040,LINE040,Facebook,2026-06-23,20:00,兒童使用前的安全提醒,E,高,pending_legal_pharmacist_review,false,【兒童使用前的安全提醒】,"【兒童使用前的安全提醒】

所有使用者、照護者與家庭購買者常會遇到這種情境：兒童使用前的安全提醒。

這則貼文要傳達的重點很簡單：一條根外用油膏不是神奇療法，適合放在「安全使用比用得多更重要，依標示與風險族群提醒」這個保守邊界裡溝通。使用時請先看標示，薄擦於需要保養的局部，搭配輕柔按摩即可，不需要追求厚敷或過度刺激。

安全提醒：2 歲以下、孕哺、過敏體質、抗凝血藥使用者請先詢問專業人員。

僅供外用。避免接觸眼睛、黏膜、破皮或傷口；特殊族群使用前請先諮詢專業人員。

CTA：私訊/了解更多","【兒童使用前的安全提醒】

所有使用者、照護者與家庭購買者常會遇到這種情境：兒童使用前的安全提醒。

這則貼文要傳達的重點很簡單：一條根外用油膏不是神奇療法，適合放在「安全使用比用得多更重要，依標示與風險族群提醒」這個保守邊界裡溝通。使用時請先看標示，薄擦於需要保養的局部，搭配輕柔按摩即可，不需要追求厚敷或過度刺激。

安全提醒：2 歲以下、孕哺、過敏體質、抗凝血藥使用者請先詢問專業人員。

僅供外用。避免接觸眼睛、黏膜、破皮或傷口；特殊族群使用前請先諮詢專業人員。

CTA：私訊/了解更多",#外用安全 #用藥安全 #使用前看標示 #諮詢醫師藥師,圖1：【兒童使用前的安全提醒】｜圖2：安全使用比用得多更重要，依標示與風險族群提醒｜圖3：2 歲以下、孕哺、過敏體質、抗凝血藥使用者請先詢問專業人員。,僅供外用。避免接觸眼睛、黏膜、破皮或傷口；特殊族群使用前請先諮詢專業人員。,2 歲以下、孕哺、過敏體質、抗凝血藥使用者請先詢問專業人員。,根治|治療疾病|消炎治本|打通經絡|一擦就好|保證有效|深層修復|替代藥物
Facebook_LINE041,LINE041,Facebook,2026-06-24,12:00,外用膏廣告為什麼要保守,H,中,pending_legal_pharmacist_review,false,【外用膏廣告為什麼要保守】,"【外用膏廣告為什麼要保守】

重視藥證、成分、品質與合法性的消費者常會遇到這種情境：外用膏廣告為什麼要保守。

這則貼文要傳達的重點很簡單：一條根外用油膏不是神奇療法，適合放在「強調藥證、標示、保守宣稱與人工審核流程」這個保守邊界裡溝通。使用時請先看標示，薄擦於需要保養的局部，搭配輕柔按摩即可，不需要追求厚敷或過度刺激。

安全提醒：所有廣告文案仍須依主管機關與專業人員審核。

本產品為外用油膏，請依核准標示使用；若症狀持續或惡化，請諮詢醫師或藥師。

CTA：收藏提醒","【外用膏廣告為什麼要保守】

重視藥證、成分、品質與合法性的消費者常會遇到這種情境：外用膏廣告為什麼要保守。

這則貼文要傳達的重點很簡單：一條根外用油膏不是神奇療法，適合放在「強調藥證、標示、保守宣稱與人工審核流程」這個保守邊界裡溝通。使用時請先看標示，薄擦於需要保養的局部，搭配輕柔按摩即可，不需要追求厚敷或過度刺激。

安全提醒：所有廣告文案仍須依主管機關與專業人員審核。

本產品為外用油膏，請依核准標示使用；若症狀持續或惡化，請諮詢醫師或藥師。

CTA：收藏提醒",#藥證可查 #品牌透明 #合法宣傳 #成分透明,圖1：【外用膏廣告為什麼要保守】｜圖2：強調藥證、標示、保守宣稱與人工審核流程｜圖3：所有廣告文案仍須依主管機關與專業人員審核。,本產品為外用油膏，請依核准標示使用；若症狀持續或惡化，請諮詢醫師或藥師。,所有廣告文案仍須依主管機關與專業人員審核。,根治|治療疾病|消炎治本|打通經絡|一擦就好|保證有效|深層修復|替代藥物
Facebook_LINE042,LINE042,Facebook,2026-06-24,20:00,久坐族最想舒緩哪裡,G,低,pending_legal_pharmacist_review,false,【久坐族最想舒緩哪裡】,"【久坐族最想舒緩哪裡】

LINE OA 好友、回購客與新客常會遇到這種情境：久坐族最想舒緩哪裡。

這則貼文要傳達的重點很簡單：一條根外用油膏不是神奇療法，適合放在「用問答降低誤用，讓使用者知道何時該詢問專業人員」這個保守邊界裡溝通。使用時請先看標示，薄擦於需要保養的局部，搭配輕柔按摩即可，不需要追求厚敷或過度刺激。

安全提醒：互動回答不取代醫師或藥師建議。

本內容為一般生活保健資訊，非醫療診斷或治療建議。

CTA：留言互動","【久坐族最想舒緩哪裡】

LINE OA 好友、回購客與新客常會遇到這種情境：久坐族最想舒緩哪裡。

這則貼文要傳達的重點很簡單：一條根外用油膏不是神奇療法，適合放在「用問答降低誤用，讓使用者知道何時該詢問專業人員」這個保守邊界裡溝通。使用時請先看標示，薄擦於需要保養的局部，搭配輕柔按摩即可，不需要追求厚敷或過度刺激。

安全提醒：互動回答不取代醫師或藥師建議。

本內容為一般生活保健資訊，非醫療診斷或治療建議。

CTA：留言互動",#互動問答 #保養知識 #使用小提醒 #金牌一條根,圖1：【久坐族最想舒緩哪裡】｜圖2：用問答降低誤用，讓使用者知道何時該詢問專業人員｜圖3：互動回答不取代醫師或藥師建議。,本內容為一般生活保健資訊，非醫療診斷或治療建議。,互動回答不取代醫師或藥師建議。,根治|治療疾病|消炎治本|打通經絡|一擦就好|保證有效|深層修復|替代藥物
Facebook_LINE043,LINE043,Facebook,2026-06-25,12:00,跑步後膝周不適的保守提醒,C,中,pending_legal_pharmacist_review,false,【跑步後膝周不適的保守提醒】,"【跑步後膝周不適的保守提醒】

運動族、搬重物、久站與勞動工作者常會遇到這種情境：跑步後膝周不適的保守提醒。

這則貼文要傳達的重點很簡單：一條根外用油膏不是神奇療法，適合放在「運動或勞動後的局部肌肉痠痛，可短期按摩舒緩」這個保守邊界裡溝通。使用時請先看標示，薄擦於需要保養的局部，搭配輕柔按摩即可，不需要追求厚敷或過度刺激。

安全提醒：明顯腫脹、劇痛、活動受限或疑似受傷時，請先就醫。

本產品為外用油膏，請依核准標示使用；若症狀持續或惡化，請諮詢醫師或藥師。

CTA：收藏提醒","【跑步後膝周不適的保守提醒】

運動族、搬重物、久站與勞動工作者常會遇到這種情境：跑步後膝周不適的保守提醒。

這則貼文要傳達的重點很簡單：一條根外用油膏不是神奇療法，適合放在「運動或勞動後的局部肌肉痠痛，可短期按摩舒緩」這個保守邊界裡溝通。使用時請先看標示，薄擦於需要保養的局部，搭配輕柔按摩即可，不需要追求厚敷或過度刺激。

安全提醒：明顯腫脹、劇痛、活動受限或疑似受傷時，請先就醫。

本產品為外用油膏，請依核准標示使用；若症狀持續或惡化，請諮詢醫師或藥師。

CTA：收藏提醒",#運動後保養 #局部按摩 #肌肉痠痛 #依標示使用,圖1：【跑步後膝周不適的保守提醒】｜圖2：運動或勞動後的局部肌肉痠痛，可短期按摩舒緩｜圖3：明顯腫脹、劇痛、活動受限或疑似受傷時，請先就醫。,本產品為外用油膏，請依核准標示使用；若症狀持續或惡化，請諮詢醫師或藥師。,明顯腫脹、劇痛、活動受限或疑似受傷時，請先就醫。,根治|治療疾病|消炎治本|打通經絡|一擦就好|保證有效|深層修復|替代藥物
Facebook_LINE044,LINE044,Facebook,2026-06-25,20:00,成分濃度為什麼要看標示,A,中,pending_legal_pharmacist_review,false,【成分濃度為什麼要看標示】,"【成分濃度為什麼要看標示】

已購買或正在觀望的一條根使用者常會遇到這種情境：成分濃度為什麼要看標示。

這則貼文要傳達的重點很簡單：一條根外用油膏不是神奇療法，適合放在「依標示外用，提供局部按摩與暫時舒緩體感」這個保守邊界裡溝通。使用時請先看標示，薄擦於需要保養的局部，搭配輕柔按摩即可，不需要追求厚敷或過度刺激。

安全提醒：僅供外用；避免眼周、黏膜、破皮或傷口。

本產品為外用油膏，請依核准標示使用；若症狀持續或惡化，請諮詢醫師或藥師。

CTA：私訊/了解更多","【成分濃度為什麼要看標示】

已購買或正在觀望的一條根使用者常會遇到這種情境：成分濃度為什麼要看標示。

這則貼文要傳達的重點很簡單：一條根外用油膏不是神奇療法，適合放在「依標示外用，提供局部按摩與暫時舒緩體感」這個保守邊界裡溝通。使用時請先看標示，薄擦於需要保養的局部，搭配輕柔按摩即可，不需要追求厚敷或過度刺激。

安全提醒：僅供外用；避免眼周、黏膜、破皮或傷口。

本產品為外用油膏，請依核准標示使用；若症狀持續或惡化，請諮詢醫師或藥師。

CTA：私訊/了解更多",#金牌一條根 #外用油膏 #成分透明 #依標示使用,圖1：【成分濃度為什麼要看標示】｜圖2：依標示外用，提供局部按摩與暫時舒緩體感｜圖3：僅供外用；避免眼周、黏膜、破皮或傷口。,本產品為外用油膏，請依核准標示使用；若症狀持續或惡化，請諮詢醫師或藥師。,僅供外用；避免眼周、黏膜、破皮或傷口。,根治|治療疾病|消炎治本|打通經絡|一擦就好|保證有效|深層修復|替代藥物
Facebook_LINE045,LINE045,Facebook,2026-06-26,12:00,照顧爸媽時的外用提醒,D,中,pending_legal_pharmacist_review,false,【照顧爸媽時的外用提醒】,"【照顧爸媽時的外用提醒】

40-70 歲注重日常活動舒適度的族群常會遇到這種情境：照顧爸媽時的外用提醒。

這則貼文要傳達的重點很簡單：一條根外用油膏不是神奇療法，適合放在「輕微關節痠痛可短期舒緩，但不可宣稱治療疾病」這個保守邊界裡溝通。使用時請先看標示，薄擦於需要保養的局部，搭配輕柔按摩即可，不需要追求厚敷或過度刺激。

安全提醒：關節腫痛、紅熱、長期疼痛或行走困難，請就醫評估。

本產品為外用油膏，請依核准標示使用；若症狀持續或惡化，請諮詢醫師或藥師。

CTA：收藏提醒","【照顧爸媽時的外用提醒】

40-70 歲注重日常活動舒適度的族群常會遇到這種情境：照顧爸媽時的外用提醒。

這則貼文要傳達的重點很簡單：一條根外用油膏不是神奇療法，適合放在「輕微關節痠痛可短期舒緩，但不可宣稱治療疾病」這個保守邊界裡溝通。使用時請先看標示，薄擦於需要保養的局部，搭配輕柔按摩即可，不需要追求厚敷或過度刺激。

安全提醒：關節腫痛、紅熱、長期疼痛或行走困難，請就醫評估。

本產品為外用油膏，請依核准標示使用；若症狀持續或惡化，請諮詢醫師或藥師。

CTA：收藏提醒",#銀髮保養 #活動舒適 #輕微痠痛 #依標示使用,圖1：【照顧爸媽時的外用提醒】｜圖2：輕微關節痠痛可短期舒緩，但不可宣稱治療疾病｜圖3：關節腫痛、紅熱、長期疼痛或行走困難，請就醫評估。,本產品為外用油膏，請依核准標示使用；若症狀持續或惡化，請諮詢醫師或藥師。,關節腫痛、紅熱、長期疼痛或行走困難，請就醫評估。,根治|治療疾病|消炎治本|打通經絡|一擦就好|保證有效|深層修復|替代藥物
Facebook_LINE046,LINE046,Facebook,2026-06-26,20:00,孕婦與哺乳族群先詢問專業人員,E,高,pending_legal_pharmacist_review,false,【孕婦與哺乳族群先詢問專業人員】,"【孕婦與哺乳族群先詢問專業人員】

所有使用者、照護者與家庭購買者常會遇到這種情境：孕婦與哺乳族群先詢問專業人員。

這則貼文要傳達的重點很簡單：一條根外用油膏不是神奇療法，適合放在「安全使用比用得多更重要，依標示與風險族群提醒」這個保守邊界裡溝通。使用時請先看標示，薄擦於需要保養的局部，搭配輕柔按摩即可，不需要追求厚敷或過度刺激。

安全提醒：2 歲以下、孕哺、過敏體質、抗凝血藥使用者請先詢問專業人員。

僅供外用。避免接觸眼睛、黏膜、破皮或傷口；特殊族群使用前請先諮詢專業人員。

CTA：私訊/了解更多","【孕婦與哺乳族群先詢問專業人員】

所有使用者、照護者與家庭購買者常會遇到這種情境：孕婦與哺乳族群先詢問專業人員。

這則貼文要傳達的重點很簡單：一條根外用油膏不是神奇療法，適合放在「安全使用比用得多更重要，依標示與風險族群提醒」這個保守邊界裡溝通。使用時請先看標示，薄擦於需要保養的局部，搭配輕柔按摩即可，不需要追求厚敷或過度刺激。

安全提醒：2 歲以下、孕哺、過敏體質、抗凝血藥使用者請先詢問專業人員。

僅供外用。避免接觸眼睛、黏膜、破皮或傷口；特殊族群使用前請先諮詢專業人員。

CTA：私訊/了解更多",#外用安全 #用藥安全 #使用前看標示 #諮詢醫師藥師,圖1：【孕婦與哺乳族群先詢問專業人員】｜圖2：安全使用比用得多更重要，依標示與風險族群提醒｜圖3：2 歲以下、孕哺、過敏體質、抗凝血藥使用者請先詢問專業人員。,僅供外用。避免接觸眼睛、黏膜、破皮或傷口；特殊族群使用前請先諮詢專業人員。,2 歲以下、孕哺、過敏體質、抗凝血藥使用者請先詢問專業人員。,根治|治療疾病|消炎治本|打通經絡|一擦就好|保證有效|深層修復|替代藥物
Facebook_LINE047,LINE047,Facebook,2026-06-27,12:00,白露時節關心長輩活動,F,低,pending_legal_pharmacist_review,false,【白露時節關心長輩活動】,"【白露時節關心長輩活動】

喜歡養生、節氣與日常保健的 LINE 讀者常會遇到這種情境：白露時節關心長輩活動。

這則貼文要傳達的重點很簡單：一條根外用油膏不是神奇療法，適合放在「以生活保健與身體覺察為主，不做醫療療效宣稱」這個保守邊界裡溝通。使用時請先看標示，薄擦於需要保養的局部，搭配輕柔按摩即可，不需要追求厚敷或過度刺激。

安全提醒：節氣養生屬一般生活資訊，身體不適仍應諮詢專業人員。

本內容為一般生活保健資訊，非醫療診斷或治療建議。

CTA：收藏提醒","【白露時節關心長輩活動】

喜歡養生、節氣與日常保健的 LINE 讀者常會遇到這種情境：白露時節關心長輩活動。

這則貼文要傳達的重點很簡單：一條根外用油膏不是神奇療法，適合放在「以生活保健與身體覺察為主，不做醫療療效宣稱」這個保守邊界裡溝通。使用時請先看標示，薄擦於需要保養的局部，搭配輕柔按摩即可，不需要追求厚敷或過度刺激。

安全提醒：節氣養生屬一般生活資訊，身體不適仍應諮詢專業人員。

本內容為一般生活保健資訊，非醫療診斷或治療建議。

CTA：收藏提醒",#節氣保養 #生活保健 #日常保養 #身體覺察,圖1：【白露時節關心長輩活動】｜圖2：以生活保健與身體覺察為主，不做醫療療效宣稱｜圖3：節氣養生屬一般生活資訊，身體不適仍應諮詢專業人員。,本內容為一般生活保健資訊，非醫療診斷或治療建議。,節氣養生屬一般生活資訊，身體不適仍應諮詢專業人員。,根治|治療疾病|消炎治本|打通經絡|一擦就好|保證有效|深層修復|替代藥物
Facebook_LINE048,LINE048,Facebook,2026-06-27,20:00,勞動後先休息再按摩,C,中,pending_legal_pharmacist_review,false,【勞動後先休息再按摩】,"【勞動後先休息再按摩】

運動族、搬重物、久站與勞動工作者常會遇到這種情境：勞動後先休息再按摩。

這則貼文要傳達的重點很簡單：一條根外用油膏不是神奇療法，適合放在「運動或勞動後的局部肌肉痠痛，可短期按摩舒緩」這個保守邊界裡溝通。使用時請先看標示，薄擦於需要保養的局部，搭配輕柔按摩即可，不需要追求厚敷或過度刺激。

安全提醒：明顯腫脹、劇痛、活動受限或疑似受傷時，請先就醫。

本產品為外用油膏，請依核准標示使用；若症狀持續或惡化，請諮詢醫師或藥師。

CTA：私訊/了解更多","【勞動後先休息再按摩】

運動族、搬重物、久站與勞動工作者常會遇到這種情境：勞動後先休息再按摩。

這則貼文要傳達的重點很簡單：一條根外用油膏不是神奇療法，適合放在「運動或勞動後的局部肌肉痠痛，可短期按摩舒緩」這個保守邊界裡溝通。使用時請先看標示，薄擦於需要保養的局部，搭配輕柔按摩即可，不需要追求厚敷或過度刺激。

安全提醒：明顯腫脹、劇痛、活動受限或疑似受傷時，請先就醫。

本產品為外用油膏，請依核准標示使用；若症狀持續或惡化，請諮詢醫師或藥師。

CTA：私訊/了解更多",#運動後保養 #局部按摩 #肌肉痠痛 #依標示使用,圖1：【勞動後先休息再按摩】｜圖2：運動或勞動後的局部肌肉痠痛，可短期按摩舒緩｜圖3：明顯腫脹、劇痛、活動受限或疑似受傷時，請先就醫。,本產品為外用油膏，請依核准標示使用；若症狀持續或惡化，請諮詢醫師或藥師。,明顯腫脹、劇痛、活動受限或疑似受傷時，請先就醫。,根治|治療疾病|消炎治本|打通經絡|一擦就好|保證有效|深層修復|替代藥物
Facebook_LINE049,LINE049,Facebook,2026-06-28,12:00,長輩使用外用膏你會提醒什麼,G,低,pending_legal_pharmacist_review,false,【長輩使用外用膏你會提醒什麼】,"【長輩使用外用膏你會提醒什麼】

LINE OA 好友、回購客與新客常會遇到這種情境：長輩使用外用膏你會提醒什麼。

這則貼文要傳達的重點很簡單：一條根外用油膏不是神奇療法，適合放在「用問答降低誤用，讓使用者知道何時該詢問專業人員」這個保守邊界裡溝通。使用時請先看標示，薄擦於需要保養的局部，搭配輕柔按摩即可，不需要追求厚敷或過度刺激。

安全提醒：互動回答不取代醫師或藥師建議。

本內容為一般生活保健資訊，非醫療診斷或治療建議。

CTA：留言互動","【長輩使用外用膏你會提醒什麼】

LINE OA 好友、回購客與新客常會遇到這種情境：長輩使用外用膏你會提醒什麼。

這則貼文要傳達的重點很簡單：一條根外用油膏不是神奇療法，適合放在「用問答降低誤用，讓使用者知道何時該詢問專業人員」這個保守邊界裡溝通。使用時請先看標示，薄擦於需要保養的局部，搭配輕柔按摩即可，不需要追求厚敷或過度刺激。

安全提醒：互動回答不取代醫師或藥師建議。

本內容為一般生活保健資訊，非醫療診斷或治療建議。

CTA：留言互動",#互動問答 #保養知識 #使用小提醒 #金牌一條根,圖1：【長輩使用外用膏你會提醒什麼】｜圖2：用問答降低誤用，讓使用者知道何時該詢問專業人員｜圖3：互動回答不取代醫師或藥師建議。,本內容為一般生活保健資訊，非醫療診斷或治療建議。,互動回答不取代醫師或藥師建議。,根治|治療疾病|消炎治本|打通經絡|一擦就好|保證有效|深層修復|替代藥物
Facebook_LINE050,LINE050,Facebook,2026-06-28,20:00,日常活動舒適度的三個習慣,D,中,pending_legal_pharmacist_review,false,【日常活動舒適度的三個習慣】,"【日常活動舒適度的三個習慣】

40-70 歲注重日常活動舒適度的族群常會遇到這種情境：日常活動舒適度的三個習慣。

這則貼文要傳達的重點很簡單：一條根外用油膏不是神奇療法，適合放在「輕微關節痠痛可短期舒緩，但不可宣稱治療疾病」這個保守邊界裡溝通。使用時請先看標示，薄擦於需要保養的局部，搭配輕柔按摩即可，不需要追求厚敷或過度刺激。

安全提醒：關節腫痛、紅熱、長期疼痛或行走困難，請就醫評估。

本產品為外用油膏，請依核准標示使用；若症狀持續或惡化，請諮詢醫師或藥師。

CTA：私訊/了解更多","【日常活動舒適度的三個習慣】

40-70 歲注重日常活動舒適度的族群常會遇到這種情境：日常活動舒適度的三個習慣。

這則貼文要傳達的重點很簡單：一條根外用油膏不是神奇療法，適合放在「輕微關節痠痛可短期舒緩，但不可宣稱治療疾病」這個保守邊界裡溝通。使用時請先看標示，薄擦於需要保養的局部，搭配輕柔按摩即可，不需要追求厚敷或過度刺激。

安全提醒：關節腫痛、紅熱、長期疼痛或行走困難，請就醫評估。

本產品為外用油膏，請依核准標示使用；若症狀持續或惡化，請諮詢醫師或藥師。

CTA：私訊/了解更多",#銀髮保養 #活動舒適 #輕微痠痛 #依標示使用,圖1：【日常活動舒適度的三個習慣】｜圖2：輕微關節痠痛可短期舒緩，但不可宣稱治療疾病｜圖3：關節腫痛、紅熱、長期疼痛或行走困難，請就醫評估。,本產品為外用油膏，請依核准標示使用；若症狀持續或惡化，請諮詢醫師或藥師。,關節腫痛、紅熱、長期疼痛或行走困難，請就醫評估。,根治|治療疾病|消炎治本|打通經絡|一擦就好|保證有效|深層修復|替代藥物
Facebook_LINE051,LINE051,Facebook,2026-06-29,12:00,下班前五分鐘伸展,B,低,pending_legal_pharmacist_review,false,【下班前五分鐘伸展】,"【下班前五分鐘伸展】

長時間低頭、久坐、用電腦的上班族常會遇到這種情境：下班前五分鐘伸展。

這則貼文要傳達的重點很簡單：一條根外用油膏不是神奇療法，適合放在「久坐低頭後，可搭配伸展與局部按摩舒緩緊繃不適」這個保守邊界裡溝通。使用時請先看標示，薄擦於需要保養的局部，搭配輕柔按摩即可，不需要追求厚敷或過度刺激。

安全提醒：若痠痛持續、麻木或影響活動，請諮詢醫師或藥師。

本內容為一般生活保健資訊，非醫療診斷或治療建議。

CTA：收藏提醒","【下班前五分鐘伸展】

長時間低頭、久坐、用電腦的上班族常會遇到這種情境：下班前五分鐘伸展。

這則貼文要傳達的重點很簡單：一條根外用油膏不是神奇療法，適合放在「久坐低頭後，可搭配伸展與局部按摩舒緩緊繃不適」這個保守邊界裡溝通。使用時請先看標示，薄擦於需要保養的局部，搭配輕柔按摩即可，不需要追求厚敷或過度刺激。

安全提醒：若痠痛持續、麻木或影響活動，請諮詢醫師或藥師。

本內容為一般生活保健資訊，非醫療診斷或治療建議。

CTA：收藏提醒",#肩頸保養 #久坐族 #日常舒緩 #依標示使用,圖1：【下班前五分鐘伸展】｜圖2：久坐低頭後，可搭配伸展與局部按摩舒緩緊繃不適｜圖3：若痠痛持續、麻木或影響活動，請諮詢醫師或藥師。,本內容為一般生活保健資訊，非醫療診斷或治療建議。,若痠痛持續、麻木或影響活動，請諮詢醫師或藥師。,根治|治療疾病|消炎治本|打通經絡|一擦就好|保證有效|深層修復|替代藥物
Facebook_LINE052,LINE052,Facebook,2026-06-29,20:00,局部按摩和大面積厚敷的差別,A,中,pending_legal_pharmacist_review,false,【局部按摩和大面積厚敷的差別】,"【局部按摩和大面積厚敷的差別】

已購買或正在觀望的一條根使用者常會遇到這種情境：局部按摩和大面積厚敷的差別。

這則貼文要傳達的重點很簡單：一條根外用油膏不是神奇療法，適合放在「依標示外用，提供局部按摩與暫時舒緩體感」這個保守邊界裡溝通。使用時請先看標示，薄擦於需要保養的局部，搭配輕柔按摩即可，不需要追求厚敷或過度刺激。

安全提醒：僅供外用；避免眼周、黏膜、破皮或傷口。

本產品為外用油膏，請依核准標示使用；若症狀持續或惡化，請諮詢醫師或藥師。

CTA：私訊/了解更多","【局部按摩和大面積厚敷的差別】

已購買或正在觀望的一條根使用者常會遇到這種情境：局部按摩和大面積厚敷的差別。

這則貼文要傳達的重點很簡單：一條根外用油膏不是神奇療法，適合放在「依標示外用，提供局部按摩與暫時舒緩體感」這個保守邊界裡溝通。使用時請先看標示，薄擦於需要保養的局部，搭配輕柔按摩即可，不需要追求厚敷或過度刺激。

安全提醒：僅供外用；避免眼周、黏膜、破皮或傷口。

本產品為外用油膏，請依核准標示使用；若症狀持續或惡化，請諮詢醫師或藥師。

CTA：私訊/了解更多",#金牌一條根 #外用油膏 #成分透明 #依標示使用,圖1：【局部按摩和大面積厚敷的差別】｜圖2：依標示外用，提供局部按摩與暫時舒緩體感｜圖3：僅供外用；避免眼周、黏膜、破皮或傷口。,本產品為外用油膏，請依核准標示使用；若症狀持續或惡化，請諮詢醫師或藥師。,僅供外用；避免眼周、黏膜、破皮或傷口。,根治|治療疾病|消炎治本|打通經絡|一擦就好|保證有效|深層修復|替代藥物
Facebook_LINE053,LINE053,Facebook,2026-06-30,12:00,秋分後外出前暖身,F,低,pending_legal_pharmacist_review,false,【秋分後外出前暖身】,"【秋分後外出前暖身】

喜歡養生、節氣與日常保健的 LINE 讀者常會遇到這種情境：秋分後外出前暖身。

這則貼文要傳達的重點很簡單：一條根外用油膏不是神奇療法，適合放在「以生活保健與身體覺察為主，不做醫療療效宣稱」這個保守邊界裡溝通。使用時請先看標示，薄擦於需要保養的局部，搭配輕柔按摩即可，不需要追求厚敷或過度刺激。

安全提醒：節氣養生屬一般生活資訊，身體不適仍應諮詢專業人員。

本內容為一般生活保健資訊，非醫療診斷或治療建議。

CTA：收藏提醒","【秋分後外出前暖身】

喜歡養生、節氣與日常保健的 LINE 讀者常會遇到這種情境：秋分後外出前暖身。

這則貼文要傳達的重點很簡單：一條根外用油膏不是神奇療法，適合放在「以生活保健與身體覺察為主，不做醫療療效宣稱」這個保守邊界裡溝通。使用時請先看標示，薄擦於需要保養的局部，搭配輕柔按摩即可，不需要追求厚敷或過度刺激。

安全提醒：節氣養生屬一般生活資訊，身體不適仍應諮詢專業人員。

本內容為一般生活保健資訊，非醫療診斷或治療建議。

CTA：收藏提醒",#節氣保養 #生活保健 #日常保養 #身體覺察,圖1：【秋分後外出前暖身】｜圖2：以生活保健與身體覺察為主，不做醫療療效宣稱｜圖3：節氣養生屬一般生活資訊，身體不適仍應諮詢專業人員。,本內容為一般生活保健資訊，非醫療診斷或治療建議。,節氣養生屬一般生活資訊，身體不適仍應諮詢專業人員。,根治|治療疾病|消炎治本|打通經絡|一擦就好|保證有效|深層修復|替代藥物
Facebook_LINE054,LINE054,Facebook,2026-06-30,20:00,症狀超過七天要停用並諮詢,E,高,pending_legal_pharmacist_review,false,【症狀超過七天要停用並諮詢】,"【症狀超過七天要停用並諮詢】

所有使用者、照護者與家庭購買者常會遇到這種情境：症狀超過七天要停用並諮詢。

這則貼文要傳達的重點很簡單：一條根外用油膏不是神奇療法，適合放在「安全使用比用得多更重要，依標示與風險族群提醒」這個保守邊界裡溝通。使用時請先看標示，薄擦於需要保養的局部，搭配輕柔按摩即可，不需要追求厚敷或過度刺激。

安全提醒：2 歲以下、孕哺、過敏體質、抗凝血藥使用者請先詢問專業人員。

僅供外用。避免接觸眼睛、黏膜、破皮或傷口；特殊族群使用前請先諮詢專業人員。

CTA：私訊/了解更多","【症狀超過七天要停用並諮詢】

所有使用者、照護者與家庭購買者常會遇到這種情境：症狀超過七天要停用並諮詢。

這則貼文要傳達的重點很簡單：一條根外用油膏不是神奇療法，適合放在「安全使用比用得多更重要，依標示與風險族群提醒」這個保守邊界裡溝通。使用時請先看標示，薄擦於需要保養的局部，搭配輕柔按摩即可，不需要追求厚敷或過度刺激。

安全提醒：2 歲以下、孕哺、過敏體質、抗凝血藥使用者請先詢問專業人員。

僅供外用。避免接觸眼睛、黏膜、破皮或傷口；特殊族群使用前請先諮詢專業人員。

CTA：私訊/了解更多",#外用安全 #用藥安全 #使用前看標示 #諮詢醫師藥師,圖1：【症狀超過七天要停用並諮詢】｜圖2：安全使用比用得多更重要，依標示與風險族群提醒｜圖3：2 歲以下、孕哺、過敏體質、抗凝血藥使用者請先詢問專業人員。,僅供外用。避免接觸眼睛、黏膜、破皮或傷口；特殊族群使用前請先諮詢專業人員。,2 歲以下、孕哺、過敏體質、抗凝血藥使用者請先詢問專業人員。,根治|治療疾病|消炎治本|打通經絡|一擦就好|保證有效|深層修復|替代藥物
Facebook_LINE055,LINE055,Facebook,2026-07-01,12:00,成分透明是基本功,H,中,pending_legal_pharmacist_review,false,【成分透明是基本功】,"【成分透明是基本功】

重視藥證、成分、品質與合法性的消費者常會遇到這種情境：成分透明是基本功。

這則貼文要傳達的重點很簡單：一條根外用油膏不是神奇療法，適合放在「強調藥證、標示、保守宣稱與人工審核流程」這個保守邊界裡溝通。使用時請先看標示，薄擦於需要保養的局部，搭配輕柔按摩即可，不需要追求厚敷或過度刺激。

安全提醒：所有廣告文案仍須依主管機關與專業人員審核。

本產品為外用油膏，請依核准標示使用；若症狀持續或惡化，請諮詢醫師或藥師。

CTA：收藏提醒","【成分透明是基本功】

重視藥證、成分、品質與合法性的消費者常會遇到這種情境：成分透明是基本功。

這則貼文要傳達的重點很簡單：一條根外用油膏不是神奇療法，適合放在「強調藥證、標示、保守宣稱與人工審核流程」這個保守邊界裡溝通。使用時請先看標示，薄擦於需要保養的局部，搭配輕柔按摩即可，不需要追求厚敷或過度刺激。

安全提醒：所有廣告文案仍須依主管機關與專業人員審核。

本產品為外用油膏，請依核准標示使用；若症狀持續或惡化，請諮詢醫師或藥師。

CTA：收藏提醒",#藥證可查 #品牌透明 #合法宣傳 #成分透明,圖1：【成分透明是基本功】｜圖2：強調藥證、標示、保守宣稱與人工審核流程｜圖3：所有廣告文案仍須依主管機關與專業人員審核。,本產品為外用油膏，請依核准標示使用；若症狀持續或惡化，請諮詢醫師或藥師。,所有廣告文案仍須依主管機關與專業人員審核。,根治|治療疾病|消炎治本|打通經絡|一擦就好|保證有效|深層修復|替代藥物
Facebook_LINE056,LINE056,Facebook,2026-07-01,20:00,一條根可以天天厚敷嗎,G,低,pending_legal_pharmacist_review,false,【一條根可以天天厚敷嗎】,"【一條根可以天天厚敷嗎】

LINE OA 好友、回購客與新客常會遇到這種情境：一條根可以天天厚敷嗎。

這則貼文要傳達的重點很簡單：一條根外用油膏不是神奇療法，適合放在「用問答降低誤用，讓使用者知道何時該詢問專業人員」這個保守邊界裡溝通。使用時請先看標示，薄擦於需要保養的局部，搭配輕柔按摩即可，不需要追求厚敷或過度刺激。

安全提醒：互動回答不取代醫師或藥師建議。

本內容為一般生活保健資訊，非醫療診斷或治療建議。

CTA：留言互動","【一條根可以天天厚敷嗎】

LINE OA 好友、回購客與新客常會遇到這種情境：一條根可以天天厚敷嗎。

這則貼文要傳達的重點很簡單：一條根外用油膏不是神奇療法，適合放在「用問答降低誤用，讓使用者知道何時該詢問專業人員」這個保守邊界裡溝通。使用時請先看標示，薄擦於需要保養的局部，搭配輕柔按摩即可，不需要追求厚敷或過度刺激。

安全提醒：互動回答不取代醫師或藥師建議。

本內容為一般生活保健資訊，非醫療診斷或治療建議。

CTA：留言互動",#互動問答 #保養知識 #使用小提醒 #金牌一條根,圖1：【一條根可以天天厚敷嗎】｜圖2：用問答降低誤用，讓使用者知道何時該詢問專業人員｜圖3：互動回答不取代醫師或藥師建議。,本內容為一般生活保健資訊，非醫療診斷或治療建議。,互動回答不取代醫師或藥師建議。,根治|治療疾病|消炎治本|打通經絡|一擦就好|保證有效|深層修復|替代藥物
Facebook_LINE057,LINE057,Facebook,2026-07-02,12:00,運動後不要立刻熱敷加藥膏,C,中,pending_legal_pharmacist_review,false,【運動後不要立刻熱敷加藥膏】,"【運動後不要立刻熱敷加藥膏】

運動族、搬重物、久站與勞動工作者常會遇到這種情境：運動後不要立刻熱敷加藥膏。

這則貼文要傳達的重點很簡單：一條根外用油膏不是神奇療法，適合放在「運動或勞動後的局部肌肉痠痛，可短期按摩舒緩」這個保守邊界裡溝通。使用時請先看標示，薄擦於需要保養的局部，搭配輕柔按摩即可，不需要追求厚敷或過度刺激。

安全提醒：明顯腫脹、劇痛、活動受限或疑似受傷時，請先就醫。

本產品為外用油膏，請依核准標示使用；若症狀持續或惡化，請諮詢醫師或藥師。

CTA：收藏提醒","【運動後不要立刻熱敷加藥膏】

運動族、搬重物、久站與勞動工作者常會遇到這種情境：運動後不要立刻熱敷加藥膏。

這則貼文要傳達的重點很簡單：一條根外用油膏不是神奇療法，適合放在「運動或勞動後的局部肌肉痠痛，可短期按摩舒緩」這個保守邊界裡溝通。使用時請先看標示，薄擦於需要保養的局部，搭配輕柔按摩即可，不需要追求厚敷或過度刺激。

安全提醒：明顯腫脹、劇痛、活動受限或疑似受傷時，請先就醫。

本產品為外用油膏，請依核准標示使用；若症狀持續或惡化，請諮詢醫師或藥師。

CTA：收藏提醒",#運動後保養 #局部按摩 #肌肉痠痛 #依標示使用,圖1：【運動後不要立刻熱敷加藥膏】｜圖2：運動或勞動後的局部肌肉痠痛，可短期按摩舒緩｜圖3：明顯腫脹、劇痛、活動受限或疑似受傷時，請先就醫。,本產品為外用油膏，請依核准標示使用；若症狀持續或惡化，請諮詢醫師或藥師。,明顯腫脹、劇痛、活動受限或疑似受傷時，請先就醫。,根治|治療疾病|消炎治本|打通經絡|一擦就好|保證有效|深層修復|替代藥物
Facebook_LINE058,LINE058,Facebook,2026-07-02,20:00,使用前先小範圍測試,A,中,pending_legal_pharmacist_review,false,【使用前先小範圍測試】,"【使用前先小範圍測試】

已購買或正在觀望的一條根使用者常會遇到這種情境：使用前先小範圍測試。

這則貼文要傳達的重點很簡單：一條根外用油膏不是神奇療法，適合放在「依標示外用，提供局部按摩與暫時舒緩體感」這個保守邊界裡溝通。使用時請先看標示，薄擦於需要保養的局部，搭配輕柔按摩即可，不需要追求厚敷或過度刺激。

安全提醒：僅供外用；避免眼周、黏膜、破皮或傷口。

本產品為外用油膏，請依核准標示使用；若症狀持續或惡化，請諮詢醫師或藥師。

CTA：私訊/了解更多","【使用前先小範圍測試】

已購買或正在觀望的一條根使用者常會遇到這種情境：使用前先小範圍測試。

這則貼文要傳達的重點很簡單：一條根外用油膏不是神奇療法，適合放在「依標示外用，提供局部按摩與暫時舒緩體感」這個保守邊界裡溝通。使用時請先看標示，薄擦於需要保養的局部，搭配輕柔按摩即可，不需要追求厚敷或過度刺激。

安全提醒：僅供外用；避免眼周、黏膜、破皮或傷口。

本產品為外用油膏，請依核准標示使用；若症狀持續或惡化，請諮詢醫師或藥師。

CTA：私訊/了解更多",#金牌一條根 #外用油膏 #成分透明 #依標示使用,圖1：【使用前先小範圍測試】｜圖2：依標示外用，提供局部按摩與暫時舒緩體感｜圖3：僅供外用；避免眼周、黏膜、破皮或傷口。,本產品為外用油膏，請依核准標示使用；若症狀持續或惡化，請諮詢醫師或藥師。,僅供外用；避免眼周、黏膜、破皮或傷口。,根治|治療疾病|消炎治本|打通經絡|一擦就好|保證有效|深層修復|替代藥物
Facebook_LINE059,LINE059,Facebook,2026-07-03,12:00,長輩使用前先看標示,D,中,pending_legal_pharmacist_review,false,【長輩使用前先看標示】,"【長輩使用前先看標示】

40-70 歲注重日常活動舒適度的族群常會遇到這種情境：長輩使用前先看標示。

這則貼文要傳達的重點很簡單：一條根外用油膏不是神奇療法，適合放在「輕微關節痠痛可短期舒緩，但不可宣稱治療疾病」這個保守邊界裡溝通。使用時請先看標示，薄擦於需要保養的局部，搭配輕柔按摩即可，不需要追求厚敷或過度刺激。

安全提醒：關節腫痛、紅熱、長期疼痛或行走困難，請就醫評估。

本產品為外用油膏，請依核准標示使用；若症狀持續或惡化，請諮詢醫師或藥師。

CTA：收藏提醒","【長輩使用前先看標示】

40-70 歲注重日常活動舒適度的族群常會遇到這種情境：長輩使用前先看標示。

這則貼文要傳達的重點很簡單：一條根外用油膏不是神奇療法，適合放在「輕微關節痠痛可短期舒緩，但不可宣稱治療疾病」這個保守邊界裡溝通。使用時請先看標示，薄擦於需要保養的局部，搭配輕柔按摩即可，不需要追求厚敷或過度刺激。

安全提醒：關節腫痛、紅熱、長期疼痛或行走困難，請就醫評估。

本產品為外用油膏，請依核准標示使用；若症狀持續或惡化，請諮詢醫師或藥師。

CTA：收藏提醒",#銀髮保養 #活動舒適 #輕微痠痛 #依標示使用,圖1：【長輩使用前先看標示】｜圖2：輕微關節痠痛可短期舒緩，但不可宣稱治療疾病｜圖3：關節腫痛、紅熱、長期疼痛或行走困難，請就醫評估。,本產品為外用油膏，請依核准標示使用；若症狀持續或惡化，請諮詢醫師或藥師。,關節腫痛、紅熱、長期疼痛或行走困難，請就醫評估。,根治|治療疾病|消炎治本|打通經絡|一擦就好|保證有效|深層修復|替代藥物
Facebook_LINE060,LINE060,Facebook,2026-07-03,20:00,皮膚刺激時要停止使用,E,高,pending_legal_pharmacist_review,false,【皮膚刺激時要停止使用】,"【皮膚刺激時要停止使用】

所有使用者、照護者與家庭購買者常會遇到這種情境：皮膚刺激時要停止使用。

這則貼文要傳達的重點很簡單：一條根外用油膏不是神奇療法，適合放在「安全使用比用得多更重要，依標示與風險族群提醒」這個保守邊界裡溝通。使用時請先看標示，薄擦於需要保養的局部，搭配輕柔按摩即可，不需要追求厚敷或過度刺激。

安全提醒：2 歲以下、孕哺、過敏體質、抗凝血藥使用者請先詢問專業人員。

僅供外用。避免接觸眼睛、黏膜、破皮或傷口；特殊族群使用前請先諮詢專業人員。

CTA：私訊/了解更多","【皮膚刺激時要停止使用】

所有使用者、照護者與家庭購買者常會遇到這種情境：皮膚刺激時要停止使用。

這則貼文要傳達的重點很簡單：一條根外用油膏不是神奇療法，適合放在「安全使用比用得多更重要，依標示與風險族群提醒」這個保守邊界裡溝通。使用時請先看標示，薄擦於需要保養的局部，搭配輕柔按摩即可，不需要追求厚敷或過度刺激。

安全提醒：2 歲以下、孕哺、過敏體質、抗凝血藥使用者請先詢問專業人員。

僅供外用。避免接觸眼睛、黏膜、破皮或傷口；特殊族群使用前請先諮詢專業人員。

CTA：私訊/了解更多",#外用安全 #用藥安全 #使用前看標示 #諮詢醫師藥師,圖1：【皮膚刺激時要停止使用】｜圖2：安全使用比用得多更重要，依標示與風險族群提醒｜圖3：2 歲以下、孕哺、過敏體質、抗凝血藥使用者請先詢問專業人員。,僅供外用。避免接觸眼睛、黏膜、破皮或傷口；特殊族群使用前請先諮詢專業人員。,2 歲以下、孕哺、過敏體質、抗凝血藥使用者請先詢問專業人員。,根治|治療疾病|消炎治本|打通經絡|一擦就好|保證有效|深層修復|替代藥物
Facebook_LINE061,LINE061,Facebook,2026-07-04,12:00,寒露後肩背保養,F,低,pending_legal_pharmacist_review,false,【寒露後肩背保養】,"【寒露後肩背保養】

喜歡養生、節氣與日常保健的 LINE 讀者常會遇到這種情境：寒露後肩背保養。

這則貼文要傳達的重點很簡單：一條根外用油膏不是神奇療法，適合放在「以生活保健與身體覺察為主，不做醫療療效宣稱」這個保守邊界裡溝通。使用時請先看標示，薄擦於需要保養的局部，搭配輕柔按摩即可，不需要追求厚敷或過度刺激。

安全提醒：節氣養生屬一般生活資訊，身體不適仍應諮詢專業人員。

本內容為一般生活保健資訊，非醫療診斷或治療建議。

CTA：收藏提醒","【寒露後肩背保養】

喜歡養生、節氣與日常保健的 LINE 讀者常會遇到這種情境：寒露後肩背保養。

這則貼文要傳達的重點很簡單：一條根外用油膏不是神奇療法，適合放在「以生活保健與身體覺察為主，不做醫療療效宣稱」這個保守邊界裡溝通。使用時請先看標示，薄擦於需要保養的局部，搭配輕柔按摩即可，不需要追求厚敷或過度刺激。

安全提醒：節氣養生屬一般生活資訊，身體不適仍應諮詢專業人員。

本內容為一般生活保健資訊，非醫療診斷或治療建議。

CTA：收藏提醒",#節氣保養 #生活保健 #日常保養 #身體覺察,圖1：【寒露後肩背保養】｜圖2：以生活保健與身體覺察為主，不做醫療療效宣稱｜圖3：節氣養生屬一般生活資訊，身體不適仍應諮詢專業人員。,本內容為一般生活保健資訊，非醫療診斷或治療建議。,節氣養生屬一般生活資訊，身體不適仍應諮詢專業人員。,根治|治療疾病|消炎治本|打通經絡|一擦就好|保證有效|深層修復|替代藥物
Facebook_LINE062,LINE062,Facebook,2026-07-04,20:00,輕微拉扯後的觀察重點,C,中,pending_legal_pharmacist_review,false,【輕微拉扯後的觀察重點】,"【輕微拉扯後的觀察重點】

運動族、搬重物、久站與勞動工作者常會遇到這種情境：輕微拉扯後的觀察重點。

這則貼文要傳達的重點很簡單：一條根外用油膏不是神奇療法，適合放在「運動或勞動後的局部肌肉痠痛，可短期按摩舒緩」這個保守邊界裡溝通。使用時請先看標示，薄擦於需要保養的局部，搭配輕柔按摩即可，不需要追求厚敷或過度刺激。

安全提醒：明顯腫脹、劇痛、活動受限或疑似受傷時，請先就醫。

本產品為外用油膏，請依核准標示使用；若症狀持續或惡化，請諮詢醫師或藥師。

CTA：私訊/了解更多","【輕微拉扯後的觀察重點】

運動族、搬重物、久站與勞動工作者常會遇到這種情境：輕微拉扯後的觀察重點。

這則貼文要傳達的重點很簡單：一條根外用油膏不是神奇療法，適合放在「運動或勞動後的局部肌肉痠痛，可短期按摩舒緩」這個保守邊界裡溝通。使用時請先看標示，薄擦於需要保養的局部，搭配輕柔按摩即可，不需要追求厚敷或過度刺激。

安全提醒：明顯腫脹、劇痛、活動受限或疑似受傷時，請先就醫。

本產品為外用油膏，請依核准標示使用；若症狀持續或惡化，請諮詢醫師或藥師。

CTA：私訊/了解更多",#運動後保養 #局部按摩 #肌肉痠痛 #依標示使用,圖1：【輕微拉扯後的觀察重點】｜圖2：運動或勞動後的局部肌肉痠痛，可短期按摩舒緩｜圖3：明顯腫脹、劇痛、活動受限或疑似受傷時，請先就醫。,本產品為外用油膏，請依核准標示使用；若症狀持續或惡化，請諮詢醫師或藥師。,明顯腫脹、劇痛、活動受限或疑似受傷時，請先就醫。,根治|治療疾病|消炎治本|打通經絡|一擦就好|保證有效|深層修復|替代藥物
Facebook_LINE063,LINE063,Facebook,2026-07-05,12:00,擦完可以馬上熱敷嗎,G,低,pending_legal_pharmacist_review,false,【擦完可以馬上熱敷嗎】,"【擦完可以馬上熱敷嗎】

LINE OA 好友、回購客與新客常會遇到這種情境：擦完可以馬上熱敷嗎。

這則貼文要傳達的重點很簡單：一條根外用油膏不是神奇療法，適合放在「用問答降低誤用，讓使用者知道何時該詢問專業人員」這個保守邊界裡溝通。使用時請先看標示，薄擦於需要保養的局部，搭配輕柔按摩即可，不需要追求厚敷或過度刺激。

安全提醒：互動回答不取代醫師或藥師建議。

本內容為一般生活保健資訊，非醫療診斷或治療建議。

CTA：留言互動","【擦完可以馬上熱敷嗎】

LINE OA 好友、回購客與新客常會遇到這種情境：擦完可以馬上熱敷嗎。

這則貼文要傳達的重點很簡單：一條根外用油膏不是神奇療法，適合放在「用問答降低誤用，讓使用者知道何時該詢問專業人員」這個保守邊界裡溝通。使用時請先看標示，薄擦於需要保養的局部，搭配輕柔按摩即可，不需要追求厚敷或過度刺激。

安全提醒：互動回答不取代醫師或藥師建議。

本內容為一般生活保健資訊，非醫療診斷或治療建議。

CTA：留言互動",#互動問答 #保養知識 #使用小提醒 #金牌一條根,圖1：【擦完可以馬上熱敷嗎】｜圖2：用問答降低誤用，讓使用者知道何時該詢問專業人員｜圖3：互動回答不取代醫師或藥師建議。,本內容為一般生活保健資訊，非醫療診斷或治療建議。,互動回答不取代醫師或藥師建議。,根治|治療疾病|消炎治本|打通經絡|一擦就好|保證有效|深層修復|替代藥物
Facebook_LINE064,LINE064,Facebook,2026-07-05,20:00,別把長期疼痛只當小問題,D,中,pending_legal_pharmacist_review,false,【別把長期疼痛只當小問題】,"【別把長期疼痛只當小問題】

40-70 歲注重日常活動舒適度的族群常會遇到這種情境：別把長期疼痛只當小問題。

這則貼文要傳達的重點很簡單：一條根外用油膏不是神奇療法，適合放在「輕微關節痠痛可短期舒緩，但不可宣稱治療疾病」這個保守邊界裡溝通。使用時請先看標示，薄擦於需要保養的局部，搭配輕柔按摩即可，不需要追求厚敷或過度刺激。

安全提醒：關節腫痛、紅熱、長期疼痛或行走困難，請就醫評估。

本產品為外用油膏，請依核准標示使用；若症狀持續或惡化，請諮詢醫師或藥師。

CTA：私訊/了解更多","【別把長期疼痛只當小問題】

40-70 歲注重日常活動舒適度的族群常會遇到這種情境：別把長期疼痛只當小問題。

這則貼文要傳達的重點很簡單：一條根外用油膏不是神奇療法，適合放在「輕微關節痠痛可短期舒緩，但不可宣稱治療疾病」這個保守邊界裡溝通。使用時請先看標示，薄擦於需要保養的局部，搭配輕柔按摩即可，不需要追求厚敷或過度刺激。

安全提醒：關節腫痛、紅熱、長期疼痛或行走困難，請就醫評估。

本產品為外用油膏，請依核准標示使用；若症狀持續或惡化，請諮詢醫師或藥師。

CTA：私訊/了解更多",#銀髮保養 #活動舒適 #輕微痠痛 #依標示使用,圖1：【別把長期疼痛只當小問題】｜圖2：輕微關節痠痛可短期舒緩，但不可宣稱治療疾病｜圖3：關節腫痛、紅熱、長期疼痛或行走困難，請就醫評估。,本產品為外用油膏，請依核准標示使用；若症狀持續或惡化，請諮詢醫師或藥師。,關節腫痛、紅熱、長期疼痛或行走困難，請就醫評估。,根治|治療疾病|消炎治本|打通經絡|一擦就好|保證有效|深層修復|替代藥物
Facebook_LINE065,LINE065,Facebook,2026-07-06,12:00,滑手機後頸部保養,B,低,pending_legal_pharmacist_review,false,【滑手機後頸部保養】,"【滑手機後頸部保養】

長時間低頭、久坐、用電腦的上班族常會遇到這種情境：滑手機後頸部保養。

這則貼文要傳達的重點很簡單：一條根外用油膏不是神奇療法，適合放在「久坐低頭後，可搭配伸展與局部按摩舒緩緊繃不適」這個保守邊界裡溝通。使用時請先看標示，薄擦於需要保養的局部，搭配輕柔按摩即可，不需要追求厚敷或過度刺激。

安全提醒：若痠痛持續、麻木或影響活動，請諮詢醫師或藥師。

本內容為一般生活保健資訊，非醫療診斷或治療建議。

CTA：收藏提醒","【滑手機後頸部保養】

長時間低頭、久坐、用電腦的上班族常會遇到這種情境：滑手機後頸部保養。

這則貼文要傳達的重點很簡單：一條根外用油膏不是神奇療法，適合放在「久坐低頭後，可搭配伸展與局部按摩舒緩緊繃不適」這個保守邊界裡溝通。使用時請先看標示，薄擦於需要保養的局部，搭配輕柔按摩即可，不需要追求厚敷或過度刺激。

安全提醒：若痠痛持續、麻木或影響活動，請諮詢醫師或藥師。

本內容為一般生活保健資訊，非醫療診斷或治療建議。

CTA：收藏提醒",#肩頸保養 #久坐族 #日常舒緩 #依標示使用,圖1：【滑手機後頸部保養】｜圖2：久坐低頭後，可搭配伸展與局部按摩舒緩緊繃不適｜圖3：若痠痛持續、麻木或影響活動，請諮詢醫師或藥師。,本內容為一般生活保健資訊，非醫療診斷或治療建議。,若痠痛持續、麻木或影響活動，請諮詢醫師或藥師。,根治|治療疾病|消炎治本|打通經絡|一擦就好|保證有效|深層修復|替代藥物
Facebook_LINE066,LINE066,Facebook,2026-07-06,20:00,產品不是神藥，定位要講清楚,A,中,pending_legal_pharmacist_review,false,【產品不是神藥，定位要講清楚】,"【產品不是神藥，定位要講清楚】

已購買或正在觀望的一條根使用者常會遇到這種情境：產品不是神藥，定位要講清楚。

這則貼文要傳達的重點很簡單：一條根外用油膏不是神奇療法，適合放在「依標示外用，提供局部按摩與暫時舒緩體感」這個保守邊界裡溝通。使用時請先看標示，薄擦於需要保養的局部，搭配輕柔按摩即可，不需要追求厚敷或過度刺激。

安全提醒：僅供外用；避免眼周、黏膜、破皮或傷口。

本產品為外用油膏，請依核准標示使用；若症狀持續或惡化，請諮詢醫師或藥師。

CTA：私訊/了解更多","【產品不是神藥，定位要講清楚】

已購買或正在觀望的一條根使用者常會遇到這種情境：產品不是神藥，定位要講清楚。

這則貼文要傳達的重點很簡單：一條根外用油膏不是神奇療法，適合放在「依標示外用，提供局部按摩與暫時舒緩體感」這個保守邊界裡溝通。使用時請先看標示，薄擦於需要保養的局部，搭配輕柔按摩即可，不需要追求厚敷或過度刺激。

安全提醒：僅供外用；避免眼周、黏膜、破皮或傷口。

本產品為外用油膏，請依核准標示使用；若症狀持續或惡化，請諮詢醫師或藥師。

CTA：私訊/了解更多",#金牌一條根 #外用油膏 #成分透明 #依標示使用,圖1：【產品不是神藥，定位要講清楚】｜圖2：依標示外用，提供局部按摩與暫時舒緩體感｜圖3：僅供外用；避免眼周、黏膜、破皮或傷口。,本產品為外用油膏，請依核准標示使用；若症狀持續或惡化，請諮詢醫師或藥師。,僅供外用；避免眼周、黏膜、破皮或傷口。,根治|治療疾病|消炎治本|打通經絡|一擦就好|保證有效|深層修復|替代藥物
Facebook_LINE067,LINE067,Facebook,2026-07-07,12:00,立冬前後的日常舒緩儀式,F,低,pending_legal_pharmacist_review,false,【立冬前後的日常舒緩儀式】,"【立冬前後的日常舒緩儀式】

喜歡養生、節氣與日常保健的 LINE 讀者常會遇到這種情境：立冬前後的日常舒緩儀式。

這則貼文要傳達的重點很簡單：一條根外用油膏不是神奇療法，適合放在「以生活保健與身體覺察為主，不做醫療療效宣稱」這個保守邊界裡溝通。使用時請先看標示，薄擦於需要保養的局部，搭配輕柔按摩即可，不需要追求厚敷或過度刺激。

安全提醒：節氣養生屬一般生活資訊，身體不適仍應諮詢專業人員。

本內容為一般生活保健資訊，非醫療診斷或治療建議。

CTA：收藏提醒","【立冬前後的日常舒緩儀式】

喜歡養生、節氣與日常保健的 LINE 讀者常會遇到這種情境：立冬前後的日常舒緩儀式。

這則貼文要傳達的重點很簡單：一條根外用油膏不是神奇療法，適合放在「以生活保健與身體覺察為主，不做醫療療效宣稱」這個保守邊界裡溝通。使用時請先看標示，薄擦於需要保養的局部，搭配輕柔按摩即可，不需要追求厚敷或過度刺激。

安全提醒：節氣養生屬一般生活資訊，身體不適仍應諮詢專業人員。

本內容為一般生活保健資訊，非醫療診斷或治療建議。

CTA：收藏提醒",#節氣保養 #生活保健 #日常保養 #身體覺察,圖1：【立冬前後的日常舒緩儀式】｜圖2：以生活保健與身體覺察為主，不做醫療療效宣稱｜圖3：節氣養生屬一般生活資訊，身體不適仍應諮詢專業人員。,本內容為一般生活保健資訊，非醫療診斷或治療建議。,節氣養生屬一般生活資訊，身體不適仍應諮詢專業人員。,根治|治療疾病|消炎治本|打通經絡|一擦就好|保證有效|深層修復|替代藥物
Facebook_LINE068,LINE068,Facebook,2026-07-07,20:00,深層症狀不適合自行處理,E,高,pending_legal_pharmacist_review,false,【深層症狀不適合自行處理】,"【深層症狀不適合自行處理】

所有使用者、照護者與家庭購買者常會遇到這種情境：深層症狀不適合自行處理。

這則貼文要傳達的重點很簡單：一條根外用油膏不是神奇療法，適合放在「安全使用比用得多更重要，依標示與風險族群提醒」這個保守邊界裡溝通。使用時請先看標示，薄擦於需要保養的局部，搭配輕柔按摩即可，不需要追求厚敷或過度刺激。

安全提醒：2 歲以下、孕哺、過敏體質、抗凝血藥使用者請先詢問專業人員。

僅供外用。避免接觸眼睛、黏膜、破皮或傷口；特殊族群使用前請先諮詢專業人員。

CTA：私訊/了解更多","【深層症狀不適合自行處理】

所有使用者、照護者與家庭購買者常會遇到這種情境：深層症狀不適合自行處理。

這則貼文要傳達的重點很簡單：一條根外用油膏不是神奇療法，適合放在「安全使用比用得多更重要，依標示與風險族群提醒」這個保守邊界裡溝通。使用時請先看標示，薄擦於需要保養的局部，搭配輕柔按摩即可，不需要追求厚敷或過度刺激。

安全提醒：2 歲以下、孕哺、過敏體質、抗凝血藥使用者請先詢問專業人員。

僅供外用。避免接觸眼睛、黏膜、破皮或傷口；特殊族群使用前請先諮詢專業人員。

CTA：私訊/了解更多",#外用安全 #用藥安全 #使用前看標示 #諮詢醫師藥師,圖1：【深層症狀不適合自行處理】｜圖2：安全使用比用得多更重要，依標示與風險族群提醒｜圖3：2 歲以下、孕哺、過敏體質、抗凝血藥使用者請先詢問專業人員。,僅供外用。避免接觸眼睛、黏膜、破皮或傷口；特殊族群使用前請先諮詢專業人員。,2 歲以下、孕哺、過敏體質、抗凝血藥使用者請先詢問專業人員。,根治|治療疾病|消炎治本|打通經絡|一擦就好|保證有效|深層修復|替代藥物
Facebook_LINE069,LINE069,Facebook,2026-07-08,12:00,每篇貼文都要人工審核,H,中,pending_legal_pharmacist_review,false,【每篇貼文都要人工審核】,"【每篇貼文都要人工審核】

重視藥證、成分、品質與合法性的消費者常會遇到這種情境：每篇貼文都要人工審核。

這則貼文要傳達的重點很簡單：一條根外用油膏不是神奇療法，適合放在「強調藥證、標示、保守宣稱與人工審核流程」這個保守邊界裡溝通。使用時請先看標示，薄擦於需要保養的局部，搭配輕柔按摩即可，不需要追求厚敷或過度刺激。

安全提醒：所有廣告文案仍須依主管機關與專業人員審核。

本產品為外用油膏，請依核准標示使用；若症狀持續或惡化，請諮詢醫師或藥師。

CTA：收藏提醒","【每篇貼文都要人工審核】

重視藥證、成分、品質與合法性的消費者常會遇到這種情境：每篇貼文都要人工審核。

這則貼文要傳達的重點很簡單：一條根外用油膏不是神奇療法，適合放在「強調藥證、標示、保守宣稱與人工審核流程」這個保守邊界裡溝通。使用時請先看標示，薄擦於需要保養的局部，搭配輕柔按摩即可，不需要追求厚敷或過度刺激。

安全提醒：所有廣告文案仍須依主管機關與專業人員審核。

本產品為外用油膏，請依核准標示使用；若症狀持續或惡化，請諮詢醫師或藥師。

CTA：收藏提醒",#藥證可查 #品牌透明 #合法宣傳 #成分透明,圖1：【每篇貼文都要人工審核】｜圖2：強調藥證、標示、保守宣稱與人工審核流程｜圖3：所有廣告文案仍須依主管機關與專業人員審核。,本產品為外用油膏，請依核准標示使用；若症狀持續或惡化，請諮詢醫師或藥師。,所有廣告文案仍須依主管機關與專業人員審核。,根治|治療疾病|消炎治本|打通經絡|一擦就好|保證有效|深層修復|替代藥物
Facebook_LINE070,LINE070,Facebook,2026-07-08,20:00,哪些情況應該先就醫,G,低,pending_legal_pharmacist_review,false,【哪些情況應該先就醫】,"【哪些情況應該先就醫】

LINE OA 好友、回購客與新客常會遇到這種情境：哪些情況應該先就醫。

這則貼文要傳達的重點很簡單：一條根外用油膏不是神奇療法，適合放在「用問答降低誤用，讓使用者知道何時該詢問專業人員」這個保守邊界裡溝通。使用時請先看標示，薄擦於需要保養的局部，搭配輕柔按摩即可，不需要追求厚敷或過度刺激。

安全提醒：互動回答不取代醫師或藥師建議。

本內容為一般生活保健資訊，非醫療診斷或治療建議。

CTA：留言互動","【哪些情況應該先就醫】

LINE OA 好友、回購客與新客常會遇到這種情境：哪些情況應該先就醫。

這則貼文要傳達的重點很簡單：一條根外用油膏不是神奇療法，適合放在「用問答降低誤用，讓使用者知道何時該詢問專業人員」這個保守邊界裡溝通。使用時請先看標示，薄擦於需要保養的局部，搭配輕柔按摩即可，不需要追求厚敷或過度刺激。

安全提醒：互動回答不取代醫師或藥師建議。

本內容為一般生活保健資訊，非醫療診斷或治療建議。

CTA：留言互動",#互動問答 #保養知識 #使用小提醒 #金牌一條根,圖1：【哪些情況應該先就醫】｜圖2：用問答降低誤用，讓使用者知道何時該詢問專業人員｜圖3：互動回答不取代醫師或藥師建議。,本內容為一般生活保健資訊，非醫療診斷或治療建議。,互動回答不取代醫師或藥師建議。,根治|治療疾病|消炎治本|打通經絡|一擦就好|保證有效|深層修復|替代藥物
Facebook_LINE071,LINE071,Facebook,2026-07-09,12:00,運動後局部痠痛的保守處理,C,中,pending_legal_pharmacist_review,false,【運動後局部痠痛的保守處理】,"【運動後局部痠痛的保守處理】

運動族、搬重物、久站與勞動工作者常會遇到這種情境：運動後局部痠痛的保守處理。

這則貼文要傳達的重點很簡單：一條根外用油膏不是神奇療法，適合放在「運動或勞動後的局部肌肉痠痛，可短期按摩舒緩」這個保守邊界裡溝通。使用時請先看標示，薄擦於需要保養的局部，搭配輕柔按摩即可，不需要追求厚敷或過度刺激。

安全提醒：明顯腫脹、劇痛、活動受限或疑似受傷時，請先就醫。

本產品為外用油膏，請依核准標示使用；若症狀持續或惡化，請諮詢醫師或藥師。

CTA：收藏提醒","【運動後局部痠痛的保守處理】

運動族、搬重物、久站與勞動工作者常會遇到這種情境：運動後局部痠痛的保守處理。

這則貼文要傳達的重點很簡單：一條根外用油膏不是神奇療法，適合放在「運動或勞動後的局部肌肉痠痛，可短期按摩舒緩」這個保守邊界裡溝通。使用時請先看標示，薄擦於需要保養的局部，搭配輕柔按摩即可，不需要追求厚敷或過度刺激。

安全提醒：明顯腫脹、劇痛、活動受限或疑似受傷時，請先就醫。

本產品為外用油膏，請依核准標示使用；若症狀持續或惡化，請諮詢醫師或藥師。

CTA：收藏提醒",#運動後保養 #局部按摩 #肌肉痠痛 #依標示使用,圖1：【運動後局部痠痛的保守處理】｜圖2：運動或勞動後的局部肌肉痠痛，可短期按摩舒緩｜圖3：明顯腫脹、劇痛、活動受限或疑似受傷時，請先就醫。,本產品為外用油膏，請依核准標示使用；若症狀持續或惡化，請諮詢醫師或藥師。,明顯腫脹、劇痛、活動受限或疑似受傷時，請先就醫。,根治|治療疾病|消炎治本|打通經絡|一擦就好|保證有效|深層修復|替代藥物
Facebook_LINE072,LINE072,Facebook,2026-07-09,20:00,冬青油與清涼舒緩體感,A,中,pending_legal_pharmacist_review,false,【冬青油與清涼舒緩體感】,"【冬青油與清涼舒緩體感】

已購買或正在觀望的一條根使用者常會遇到這種情境：冬青油與清涼舒緩體感。

這則貼文要傳達的重點很簡單：一條根外用油膏不是神奇療法，適合放在「依標示外用，提供局部按摩與暫時舒緩體感」這個保守邊界裡溝通。使用時請先看標示，薄擦於需要保養的局部，搭配輕柔按摩即可，不需要追求厚敷或過度刺激。

安全提醒：僅供外用；避免眼周、黏膜、破皮或傷口。

本產品為外用油膏，請依核准標示使用；若症狀持續或惡化，請諮詢醫師或藥師。

CTA：私訊/了解更多","【冬青油與清涼舒緩體感】

已購買或正在觀望的一條根使用者常會遇到這種情境：冬青油與清涼舒緩體感。

這則貼文要傳達的重點很簡單：一條根外用油膏不是神奇療法，適合放在「依標示外用，提供局部按摩與暫時舒緩體感」這個保守邊界裡溝通。使用時請先看標示，薄擦於需要保養的局部，搭配輕柔按摩即可，不需要追求厚敷或過度刺激。

安全提醒：僅供外用；避免眼周、黏膜、破皮或傷口。

本產品為外用油膏，請依核准標示使用；若症狀持續或惡化，請諮詢醫師或藥師。

CTA：私訊/了解更多",#金牌一條根 #外用油膏 #成分透明 #依標示使用,圖1：【冬青油與清涼舒緩體感】｜圖2：依標示外用，提供局部按摩與暫時舒緩體感｜圖3：僅供外用；避免眼周、黏膜、破皮或傷口。,本產品為外用油膏，請依核准標示使用；若症狀持續或惡化，請諮詢醫師或藥師。,僅供外用；避免眼周、黏膜、破皮或傷口。,根治|治療疾病|消炎治本|打通經絡|一擦就好|保證有效|深層修復|替代藥物
Facebook_LINE073,LINE073,Facebook,2026-07-10,12:00,早晨活動前的關節暖身,D,中,pending_legal_pharmacist_review,false,【早晨活動前的關節暖身】,"【早晨活動前的關節暖身】

40-70 歲注重日常活動舒適度的族群常會遇到這種情境：早晨活動前的關節暖身。

這則貼文要傳達的重點很簡單：一條根外用油膏不是神奇療法，適合放在「輕微關節痠痛可短期舒緩，但不可宣稱治療疾病」這個保守邊界裡溝通。使用時請先看標示，薄擦於需要保養的局部，搭配輕柔按摩即可，不需要追求厚敷或過度刺激。

安全提醒：關節腫痛、紅熱、長期疼痛或行走困難，請就醫評估。

本產品為外用油膏，請依核准標示使用；若症狀持續或惡化，請諮詢醫師或藥師。

CTA：收藏提醒","【早晨活動前的關節暖身】

40-70 歲注重日常活動舒適度的族群常會遇到這種情境：早晨活動前的關節暖身。

這則貼文要傳達的重點很簡單：一條根外用油膏不是神奇療法，適合放在「輕微關節痠痛可短期舒緩，但不可宣稱治療疾病」這個保守邊界裡溝通。使用時請先看標示，薄擦於需要保養的局部，搭配輕柔按摩即可，不需要追求厚敷或過度刺激。

安全提醒：關節腫痛、紅熱、長期疼痛或行走困難，請就醫評估。

本產品為外用油膏，請依核准標示使用；若症狀持續或惡化，請諮詢醫師或藥師。

CTA：收藏提醒",#銀髮保養 #活動舒適 #輕微痠痛 #依標示使用,圖1：【早晨活動前的關節暖身】｜圖2：輕微關節痠痛可短期舒緩，但不可宣稱治療疾病｜圖3：關節腫痛、紅熱、長期疼痛或行走困難，請就醫評估。,本產品為外用油膏，請依核准標示使用；若症狀持續或惡化，請諮詢醫師或藥師。,關節腫痛、紅熱、長期疼痛或行走困難，請就醫評估。,根治|治療疾病|消炎治本|打通經絡|一擦就好|保證有效|深層修復|替代藥物
Facebook_LINE074,LINE074,Facebook,2026-07-10,20:00,不能擦在破皮或傷口,E,高,pending_legal_pharmacist_review,false,【不能擦在破皮或傷口】,"【不能擦在破皮或傷口】

所有使用者、照護者與家庭購買者常會遇到這種情境：不能擦在破皮或傷口。

這則貼文要傳達的重點很簡單：一條根外用油膏不是神奇療法，適合放在「安全使用比用得多更重要，依標示與風險族群提醒」這個保守邊界裡溝通。使用時請先看標示，薄擦於需要保養的局部，搭配輕柔按摩即可，不需要追求厚敷或過度刺激。

安全提醒：2 歲以下、孕哺、過敏體質、抗凝血藥使用者請先詢問專業人員。

僅供外用。避免接觸眼睛、黏膜、破皮或傷口；特殊族群使用前請先諮詢專業人員。

CTA：私訊/了解更多","【不能擦在破皮或傷口】

所有使用者、照護者與家庭購買者常會遇到這種情境：不能擦在破皮或傷口。

這則貼文要傳達的重點很簡單：一條根外用油膏不是神奇療法，適合放在「安全使用比用得多更重要，依標示與風險族群提醒」這個保守邊界裡溝通。使用時請先看標示，薄擦於需要保養的局部，搭配輕柔按摩即可，不需要追求厚敷或過度刺激。

安全提醒：2 歲以下、孕哺、過敏體質、抗凝血藥使用者請先詢問專業人員。

僅供外用。避免接觸眼睛、黏膜、破皮或傷口；特殊族群使用前請先諮詢專業人員。

CTA：私訊/了解更多",#外用安全 #用藥安全 #使用前看標示 #諮詢醫師藥師,圖1：【不能擦在破皮或傷口】｜圖2：安全使用比用得多更重要，依標示與風險族群提醒｜圖3：2 歲以下、孕哺、過敏體質、抗凝血藥使用者請先詢問專業人員。,僅供外用。避免接觸眼睛、黏膜、破皮或傷口；特殊族群使用前請先諮詢專業人員。,2 歲以下、孕哺、過敏體質、抗凝血藥使用者請先詢問專業人員。,根治|治療疾病|消炎治本|打通經絡|一擦就好|保證有效|深層修復|替代藥物
Facebook_LINE075,LINE075,Facebook,2026-07-11,12:00,芒種後濕熱生活保養,F,低,pending_legal_pharmacist_review,false,【芒種後濕熱生活保養】,"【芒種後濕熱生活保養】

喜歡養生、節氣與日常保健的 LINE 讀者常會遇到這種情境：芒種後濕熱生活保養。

這則貼文要傳達的重點很簡單：一條根外用油膏不是神奇療法，適合放在「以生活保健與身體覺察為主，不做醫療療效宣稱」這個保守邊界裡溝通。使用時請先看標示，薄擦於需要保養的局部，搭配輕柔按摩即可，不需要追求厚敷或過度刺激。

安全提醒：節氣養生屬一般生活資訊，身體不適仍應諮詢專業人員。

本內容為一般生活保健資訊，非醫療診斷或治療建議。

CTA：收藏提醒","【芒種後濕熱生活保養】

喜歡養生、節氣與日常保健的 LINE 讀者常會遇到這種情境：芒種後濕熱生活保養。

這則貼文要傳達的重點很簡單：一條根外用油膏不是神奇療法，適合放在「以生活保健與身體覺察為主，不做醫療療效宣稱」這個保守邊界裡溝通。使用時請先看標示，薄擦於需要保養的局部，搭配輕柔按摩即可，不需要追求厚敷或過度刺激。

安全提醒：節氣養生屬一般生活資訊，身體不適仍應諮詢專業人員。

本內容為一般生活保健資訊，非醫療診斷或治療建議。

CTA：收藏提醒",#節氣保養 #生活保健 #日常保養 #身體覺察,圖1：【芒種後濕熱生活保養】｜圖2：以生活保健與身體覺察為主，不做醫療療效宣稱｜圖3：節氣養生屬一般生活資訊，身體不適仍應諮詢專業人員。,本內容為一般生活保健資訊，非醫療診斷或治療建議。,節氣養生屬一般生活資訊，身體不適仍應諮詢專業人員。,根治|治療疾病|消炎治本|打通經絡|一擦就好|保證有效|深層修復|替代藥物
Facebook_LINE076,LINE076,Facebook,2026-07-11,20:00,久站後小腿不適舒緩,C,中,pending_legal_pharmacist_review,false,【久站後小腿不適舒緩】,"【久站後小腿不適舒緩】

運動族、搬重物、久站與勞動工作者常會遇到這種情境：久站後小腿不適舒緩。

這則貼文要傳達的重點很簡單：一條根外用油膏不是神奇療法，適合放在「運動或勞動後的局部肌肉痠痛，可短期按摩舒緩」這個保守邊界裡溝通。使用時請先看標示，薄擦於需要保養的局部，搭配輕柔按摩即可，不需要追求厚敷或過度刺激。

安全提醒：明顯腫脹、劇痛、活動受限或疑似受傷時，請先就醫。

本產品為外用油膏，請依核准標示使用；若症狀持續或惡化，請諮詢醫師或藥師。

CTA：私訊/了解更多","【久站後小腿不適舒緩】

運動族、搬重物、久站與勞動工作者常會遇到這種情境：久站後小腿不適舒緩。

這則貼文要傳達的重點很簡單：一條根外用油膏不是神奇療法，適合放在「運動或勞動後的局部肌肉痠痛，可短期按摩舒緩」這個保守邊界裡溝通。使用時請先看標示，薄擦於需要保養的局部，搭配輕柔按摩即可，不需要追求厚敷或過度刺激。

安全提醒：明顯腫脹、劇痛、活動受限或疑似受傷時，請先就醫。

本產品為外用油膏，請依核准標示使用；若症狀持續或惡化，請諮詢醫師或藥師。

CTA：私訊/了解更多",#運動後保養 #局部按摩 #肌肉痠痛 #依標示使用,圖1：【久站後小腿不適舒緩】｜圖2：運動或勞動後的局部肌肉痠痛，可短期按摩舒緩｜圖3：明顯腫脹、劇痛、活動受限或疑似受傷時，請先就醫。,本產品為外用油膏，請依核准標示使用；若症狀持續或惡化，請諮詢醫師或藥師。,明顯腫脹、劇痛、活動受限或疑似受傷時，請先就醫。,根治|治療疾病|消炎治本|打通經絡|一擦就好|保證有效|深層修復|替代藥物
Facebook_LINE077,LINE077,Facebook,2026-07-12,12:00,你最常哪個部位緊繃,G,低,pending_legal_pharmacist_review,false,【你最常哪個部位緊繃】,"【你最常哪個部位緊繃】

LINE OA 好友、回購客與新客常會遇到這種情境：你最常哪個部位緊繃。

這則貼文要傳達的重點很簡單：一條根外用油膏不是神奇療法，適合放在「用問答降低誤用，讓使用者知道何時該詢問專業人員」這個保守邊界裡溝通。使用時請先看標示，薄擦於需要保養的局部，搭配輕柔按摩即可，不需要追求厚敷或過度刺激。

安全提醒：互動回答不取代醫師或藥師建議。

本內容為一般生活保健資訊，非醫療診斷或治療建議。

CTA：留言互動","【你最常哪個部位緊繃】

LINE OA 好友、回購客與新客常會遇到這種情境：你最常哪個部位緊繃。

這則貼文要傳達的重點很簡單：一條根外用油膏不是神奇療法，適合放在「用問答降低誤用，讓使用者知道何時該詢問專業人員」這個保守邊界裡溝通。使用時請先看標示，薄擦於需要保養的局部，搭配輕柔按摩即可，不需要追求厚敷或過度刺激。

安全提醒：互動回答不取代醫師或藥師建議。

本內容為一般生活保健資訊，非醫療診斷或治療建議。

CTA：留言互動",#互動問答 #保養知識 #使用小提醒 #金牌一條根,圖1：【你最常哪個部位緊繃】｜圖2：用問答降低誤用，讓使用者知道何時該詢問專業人員｜圖3：互動回答不取代醫師或藥師建議。,本內容為一般生活保健資訊，非醫療診斷或治療建議。,互動回答不取代醫師或藥師建議。,根治|治療疾病|消炎治本|打通經絡|一擦就好|保證有效|深層修復|替代藥物
Facebook_LINE078,LINE078,Facebook,2026-07-12,20:00,長輩外用膏使用安全,D,中,pending_legal_pharmacist_review,false,【長輩外用膏使用安全】,"【長輩外用膏使用安全】

40-70 歲注重日常活動舒適度的族群常會遇到這種情境：長輩外用膏使用安全。

這則貼文要傳達的重點很簡單：一條根外用油膏不是神奇療法，適合放在「輕微關節痠痛可短期舒緩，但不可宣稱治療疾病」這個保守邊界裡溝通。使用時請先看標示，薄擦於需要保養的局部，搭配輕柔按摩即可，不需要追求厚敷或過度刺激。

安全提醒：關節腫痛、紅熱、長期疼痛或行走困難，請就醫評估。

本產品為外用油膏，請依核准標示使用；若症狀持續或惡化，請諮詢醫師或藥師。

CTA：私訊/了解更多","【長輩外用膏使用安全】

40-70 歲注重日常活動舒適度的族群常會遇到這種情境：長輩外用膏使用安全。

這則貼文要傳達的重點很簡單：一條根外用油膏不是神奇療法，適合放在「輕微關節痠痛可短期舒緩，但不可宣稱治療疾病」這個保守邊界裡溝通。使用時請先看標示，薄擦於需要保養的局部，搭配輕柔按摩即可，不需要追求厚敷或過度刺激。

安全提醒：關節腫痛、紅熱、長期疼痛或行走困難，請就醫評估。

本產品為外用油膏，請依核准標示使用；若症狀持續或惡化，請諮詢醫師或藥師。

CTA：私訊/了解更多",#銀髮保養 #活動舒適 #輕微痠痛 #依標示使用,圖1：【長輩外用膏使用安全】｜圖2：輕微關節痠痛可短期舒緩，但不可宣稱治療疾病｜圖3：關節腫痛、紅熱、長期疼痛或行走困難，請就醫評估。,本產品為外用油膏，請依核准標示使用；若症狀持續或惡化，請諮詢醫師或藥師。,關節腫痛、紅熱、長期疼痛或行走困難，請就醫評估。,根治|治療疾病|消炎治本|打通經絡|一擦就好|保證有效|深層修復|替代藥物
Facebook_LINE079,LINE079,Facebook,2026-07-13,12:00,辦公桌前的姿勢檢查,B,低,pending_legal_pharmacist_review,false,【辦公桌前的姿勢檢查】,"【辦公桌前的姿勢檢查】

長時間低頭、久坐、用電腦的上班族常會遇到這種情境：辦公桌前的姿勢檢查。

這則貼文要傳達的重點很簡單：一條根外用油膏不是神奇療法，適合放在「久坐低頭後，可搭配伸展與局部按摩舒緩緊繃不適」這個保守邊界裡溝通。使用時請先看標示，薄擦於需要保養的局部，搭配輕柔按摩即可，不需要追求厚敷或過度刺激。

安全提醒：若痠痛持續、麻木或影響活動，請諮詢醫師或藥師。

本內容為一般生活保健資訊，非醫療診斷或治療建議。

CTA：收藏提醒","【辦公桌前的姿勢檢查】

長時間低頭、久坐、用電腦的上班族常會遇到這種情境：辦公桌前的姿勢檢查。

這則貼文要傳達的重點很簡單：一條根外用油膏不是神奇療法，適合放在「久坐低頭後，可搭配伸展與局部按摩舒緩緊繃不適」這個保守邊界裡溝通。使用時請先看標示，薄擦於需要保養的局部，搭配輕柔按摩即可，不需要追求厚敷或過度刺激。

安全提醒：若痠痛持續、麻木或影響活動，請諮詢醫師或藥師。

本內容為一般生活保健資訊，非醫療診斷或治療建議。

CTA：收藏提醒",#肩頸保養 #久坐族 #日常舒緩 #依標示使用,圖1：【辦公桌前的姿勢檢查】｜圖2：久坐低頭後，可搭配伸展與局部按摩舒緩緊繃不適｜圖3：若痠痛持續、麻木或影響活動，請諮詢醫師或藥師。,本內容為一般生活保健資訊，非醫療診斷或治療建議。,若痠痛持續、麻木或影響活動，請諮詢醫師或藥師。,根治|治療疾病|消炎治本|打通經絡|一擦就好|保證有效|深層修復|替代藥物
Facebook_LINE080,LINE080,Facebook,2026-07-13,20:00,薄荷腦帶來的涼感來源,A,中,pending_legal_pharmacist_review,false,【薄荷腦帶來的涼感來源】,"【薄荷腦帶來的涼感來源】

已購買或正在觀望的一條根使用者常會遇到這種情境：薄荷腦帶來的涼感來源。

這則貼文要傳達的重點很簡單：一條根外用油膏不是神奇療法，適合放在「依標示外用，提供局部按摩與暫時舒緩體感」這個保守邊界裡溝通。使用時請先看標示，薄擦於需要保養的局部，搭配輕柔按摩即可，不需要追求厚敷或過度刺激。

安全提醒：僅供外用；避免眼周、黏膜、破皮或傷口。

本產品為外用油膏，請依核准標示使用；若症狀持續或惡化，請諮詢醫師或藥師。

CTA：私訊/了解更多","【薄荷腦帶來的涼感來源】

已購買或正在觀望的一條根使用者常會遇到這種情境：薄荷腦帶來的涼感來源。

這則貼文要傳達的重點很簡單：一條根外用油膏不是神奇療法，適合放在「依標示外用，提供局部按摩與暫時舒緩體感」這個保守邊界裡溝通。使用時請先看標示，薄擦於需要保養的局部，搭配輕柔按摩即可，不需要追求厚敷或過度刺激。

安全提醒：僅供外用；避免眼周、黏膜、破皮或傷口。

本產品為外用油膏，請依核准標示使用；若症狀持續或惡化，請諮詢醫師或藥師。

CTA：私訊/了解更多",#金牌一條根 #外用油膏 #成分透明 #依標示使用,圖1：【薄荷腦帶來的涼感來源】｜圖2：依標示外用，提供局部按摩與暫時舒緩體感｜圖3：僅供外用；避免眼周、黏膜、破皮或傷口。,本產品為外用油膏，請依核准標示使用；若症狀持續或惡化，請諮詢醫師或藥師。,僅供外用；避免眼周、黏膜、破皮或傷口。,根治|治療疾病|消炎治本|打通經絡|一擦就好|保證有效|深層修復|替代藥物
Facebook_LINE081,LINE081,Facebook,2026-07-14,12:00,夏季冷氣房的肩頸保養,F,低,pending_legal_pharmacist_review,false,【夏季冷氣房的肩頸保養】,"【夏季冷氣房的肩頸保養】

喜歡養生、節氣與日常保健的 LINE 讀者常會遇到這種情境：夏季冷氣房的肩頸保養。

這則貼文要傳達的重點很簡單：一條根外用油膏不是神奇療法，適合放在「以生活保健與身體覺察為主，不做醫療療效宣稱」這個保守邊界裡溝通。使用時請先看標示，薄擦於需要保養的局部，搭配輕柔按摩即可，不需要追求厚敷或過度刺激。

安全提醒：節氣養生屬一般生活資訊，身體不適仍應諮詢專業人員。

本內容為一般生活保健資訊，非醫療診斷或治療建議。

CTA：收藏提醒","【夏季冷氣房的肩頸保養】

喜歡養生、節氣與日常保健的 LINE 讀者常會遇到這種情境：夏季冷氣房的肩頸保養。

這則貼文要傳達的重點很簡單：一條根外用油膏不是神奇療法，適合放在「以生活保健與身體覺察為主，不做醫療療效宣稱」這個保守邊界裡溝通。使用時請先看標示，薄擦於需要保養的局部，搭配輕柔按摩即可，不需要追求厚敷或過度刺激。

安全提醒：節氣養生屬一般生活資訊，身體不適仍應諮詢專業人員。

本內容為一般生活保健資訊，非醫療診斷或治療建議。

CTA：收藏提醒",#節氣保養 #生活保健 #日常保養 #身體覺察,圖1：【夏季冷氣房的肩頸保養】｜圖2：以生活保健與身體覺察為主，不做醫療療效宣稱｜圖3：節氣養生屬一般生活資訊，身體不適仍應諮詢專業人員。,本內容為一般生活保健資訊，非醫療診斷或治療建議。,節氣養生屬一般生活資訊，身體不適仍應諮詢專業人員。,根治|治療疾病|消炎治本|打通經絡|一擦就好|保證有效|深層修復|替代藥物
Facebook_LINE082,LINE082,Facebook,2026-07-14,20:00,外用膏避免眼周與黏膜,E,高,pending_legal_pharmacist_review,false,【外用膏避免眼周與黏膜】,"【外用膏避免眼周與黏膜】

所有使用者、照護者與家庭購買者常會遇到這種情境：外用膏避免眼周與黏膜。

這則貼文要傳達的重點很簡單：一條根外用油膏不是神奇療法，適合放在「安全使用比用得多更重要，依標示與風險族群提醒」這個保守邊界裡溝通。使用時請先看標示，薄擦於需要保養的局部，搭配輕柔按摩即可，不需要追求厚敷或過度刺激。

安全提醒：2 歲以下、孕哺、過敏體質、抗凝血藥使用者請先詢問專業人員。

僅供外用。避免接觸眼睛、黏膜、破皮或傷口；特殊族群使用前請先諮詢專業人員。

CTA：私訊/了解更多","【外用膏避免眼周與黏膜】

所有使用者、照護者與家庭購買者常會遇到這種情境：外用膏避免眼周與黏膜。

這則貼文要傳達的重點很簡單：一條根外用油膏不是神奇療法，適合放在「安全使用比用得多更重要，依標示與風險族群提醒」這個保守邊界裡溝通。使用時請先看標示，薄擦於需要保養的局部，搭配輕柔按摩即可，不需要追求厚敷或過度刺激。

安全提醒：2 歲以下、孕哺、過敏體質、抗凝血藥使用者請先詢問專業人員。

僅供外用。避免接觸眼睛、黏膜、破皮或傷口；特殊族群使用前請先諮詢專業人員。

CTA：私訊/了解更多",#外用安全 #用藥安全 #使用前看標示 #諮詢醫師藥師,圖1：【外用膏避免眼周與黏膜】｜圖2：安全使用比用得多更重要，依標示與風險族群提醒｜圖3：2 歲以下、孕哺、過敏體質、抗凝血藥使用者請先詢問專業人員。,僅供外用。避免接觸眼睛、黏膜、破皮或傷口；特殊族群使用前請先諮詢專業人員。,2 歲以下、孕哺、過敏體質、抗凝血藥使用者請先詢問專業人員。,根治|治療疾病|消炎治本|打通經絡|一擦就好|保證有效|深層修復|替代藥物
Facebook_LINE083,LINE083,Facebook,2026-07-15,12:00,合法宣傳比誇大更長久,H,中,pending_legal_pharmacist_review,false,【合法宣傳比誇大更長久】,"【合法宣傳比誇大更長久】

重視藥證、成分、品質與合法性的消費者常會遇到這種情境：合法宣傳比誇大更長久。

這則貼文要傳達的重點很簡單：一條根外用油膏不是神奇療法，適合放在「強調藥證、標示、保守宣稱與人工審核流程」這個保守邊界裡溝通。使用時請先看標示，薄擦於需要保養的局部，搭配輕柔按摩即可，不需要追求厚敷或過度刺激。

安全提醒：所有廣告文案仍須依主管機關與專業人員審核。

本產品為外用油膏，請依核准標示使用；若症狀持續或惡化，請諮詢醫師或藥師。

CTA：收藏提醒","【合法宣傳比誇大更長久】

重視藥證、成分、品質與合法性的消費者常會遇到這種情境：合法宣傳比誇大更長久。

這則貼文要傳達的重點很簡單：一條根外用油膏不是神奇療法，適合放在「強調藥證、標示、保守宣稱與人工審核流程」這個保守邊界裡溝通。使用時請先看標示，薄擦於需要保養的局部，搭配輕柔按摩即可，不需要追求厚敷或過度刺激。

安全提醒：所有廣告文案仍須依主管機關與專業人員審核。

本產品為外用油膏，請依核准標示使用；若症狀持續或惡化，請諮詢醫師或藥師。

CTA：收藏提醒",#藥證可查 #品牌透明 #合法宣傳 #成分透明,圖1：【合法宣傳比誇大更長久】｜圖2：強調藥證、標示、保守宣稱與人工審核流程｜圖3：所有廣告文案仍須依主管機關與專業人員審核。,本產品為外用油膏，請依核准標示使用；若症狀持續或惡化，請諮詢醫師或藥師。,所有廣告文案仍須依主管機關與專業人員審核。,根治|治療疾病|消炎治本|打通經絡|一擦就好|保證有效|深層修復|替代藥物
Facebook_LINE084,LINE084,Facebook,2026-07-15,20:00,你習慣運動前還是運動後保養,G,低,pending_legal_pharmacist_review,false,【你習慣運動前還是運動後保養】,"【你習慣運動前還是運動後保養】

LINE OA 好友、回購客與新客常會遇到這種情境：你習慣運動前還是運動後保養。

這則貼文要傳達的重點很簡單：一條根外用油膏不是神奇療法，適合放在「用問答降低誤用，讓使用者知道何時該詢問專業人員」這個保守邊界裡溝通。使用時請先看標示，薄擦於需要保養的局部，搭配輕柔按摩即可，不需要追求厚敷或過度刺激。

安全提醒：互動回答不取代醫師或藥師建議。

本內容為一般生活保健資訊，非醫療診斷或治療建議。

CTA：留言互動","【你習慣運動前還是運動後保養】

LINE OA 好友、回購客與新客常會遇到這種情境：你習慣運動前還是運動後保養。

這則貼文要傳達的重點很簡單：一條根外用油膏不是神奇療法，適合放在「用問答降低誤用，讓使用者知道何時該詢問專業人員」這個保守邊界裡溝通。使用時請先看標示，薄擦於需要保養的局部，搭配輕柔按摩即可，不需要追求厚敷或過度刺激。

安全提醒：互動回答不取代醫師或藥師建議。

本內容為一般生活保健資訊，非醫療診斷或治療建議。

CTA：留言互動",#互動問答 #保養知識 #使用小提醒 #金牌一條根,圖1：【你習慣運動前還是運動後保養】｜圖2：用問答降低誤用，讓使用者知道何時該詢問專業人員｜圖3：互動回答不取代醫師或藥師建議。,本內容為一般生活保健資訊，非醫療診斷或治療建議。,互動回答不取代醫師或藥師建議。,根治|治療疾病|消炎治本|打通經絡|一擦就好|保證有效|深層修復|替代藥物
Facebook_LINE085,LINE085,Facebook,2026-07-16,12:00,搬重物後腰背保養,C,中,pending_legal_pharmacist_review,false,【搬重物後腰背保養】,"【搬重物後腰背保養】

運動族、搬重物、久站與勞動工作者常會遇到這種情境：搬重物後腰背保養。

這則貼文要傳達的重點很簡單：一條根外用油膏不是神奇療法，適合放在「運動或勞動後的局部肌肉痠痛，可短期按摩舒緩」這個保守邊界裡溝通。使用時請先看標示，薄擦於需要保養的局部，搭配輕柔按摩即可，不需要追求厚敷或過度刺激。

安全提醒：明顯腫脹、劇痛、活動受限或疑似受傷時，請先就醫。

本產品為外用油膏，請依核准標示使用；若症狀持續或惡化，請諮詢醫師或藥師。

CTA：收藏提醒","【搬重物後腰背保養】

運動族、搬重物、久站與勞動工作者常會遇到這種情境：搬重物後腰背保養。

這則貼文要傳達的重點很簡單：一條根外用油膏不是神奇療法，適合放在「運動或勞動後的局部肌肉痠痛，可短期按摩舒緩」這個保守邊界裡溝通。使用時請先看標示，薄擦於需要保養的局部，搭配輕柔按摩即可，不需要追求厚敷或過度刺激。

安全提醒：明顯腫脹、劇痛、活動受限或疑似受傷時，請先就醫。

本產品為外用油膏，請依核准標示使用；若症狀持續或惡化，請諮詢醫師或藥師。

CTA：收藏提醒",#運動後保養 #局部按摩 #肌肉痠痛 #依標示使用,圖1：【搬重物後腰背保養】｜圖2：運動或勞動後的局部肌肉痠痛，可短期按摩舒緩｜圖3：明顯腫脹、劇痛、活動受限或疑似受傷時，請先就醫。,本產品為外用油膏，請依核准標示使用；若症狀持續或惡化，請諮詢醫師或藥師。,明顯腫脹、劇痛、活動受限或疑似受傷時，請先就醫。,根治|治療疾病|消炎治本|打通經絡|一擦就好|保證有效|深層修復|替代藥物
Facebook_LINE086,LINE086,Facebook,2026-07-16,20:00,樟腦外用時的注意界線,A,中,pending_legal_pharmacist_review,false,【樟腦外用時的注意界線】,"【樟腦外用時的注意界線】

已購買或正在觀望的一條根使用者常會遇到這種情境：樟腦外用時的注意界線。

這則貼文要傳達的重點很簡單：一條根外用油膏不是神奇療法，適合放在「依標示外用，提供局部按摩與暫時舒緩體感」這個保守邊界裡溝通。使用時請先看標示，薄擦於需要保養的局部，搭配輕柔按摩即可，不需要追求厚敷或過度刺激。

安全提醒：僅供外用；避免眼周、黏膜、破皮或傷口。

本產品為外用油膏，請依核准標示使用；若症狀持續或惡化，請諮詢醫師或藥師。

CTA：私訊/了解更多","【樟腦外用時的注意界線】

已購買或正在觀望的一條根使用者常會遇到這種情境：樟腦外用時的注意界線。

這則貼文要傳達的重點很簡單：一條根外用油膏不是神奇療法，適合放在「依標示外用，提供局部按摩與暫時舒緩體感」這個保守邊界裡溝通。使用時請先看標示，薄擦於需要保養的局部，搭配輕柔按摩即可，不需要追求厚敷或過度刺激。

安全提醒：僅供外用；避免眼周、黏膜、破皮或傷口。

本產品為外用油膏，請依核准標示使用；若症狀持續或惡化，請諮詢醫師或藥師。

CTA：私訊/了解更多",#金牌一條根 #外用油膏 #成分透明 #依標示使用,圖1：【樟腦外用時的注意界線】｜圖2：依標示外用，提供局部按摩與暫時舒緩體感｜圖3：僅供外用；避免眼周、黏膜、破皮或傷口。,本產品為外用油膏，請依核准標示使用；若症狀持續或惡化，請諮詢醫師或藥師。,僅供外用；避免眼周、黏膜、破皮或傷口。,根治|治療疾病|消炎治本|打通經絡|一擦就好|保證有效|深層修復|替代藥物
Facebook_LINE087,LINE087,Facebook,2026-07-17,12:00,輕微關節痠痛與疾病治療要分開,D,中,pending_legal_pharmacist_review,false,【輕微關節痠痛與疾病治療要分開】,"【輕微關節痠痛與疾病治療要分開】

40-70 歲注重日常活動舒適度的族群常會遇到這種情境：輕微關節痠痛與疾病治療要分開。

這則貼文要傳達的重點很簡單：一條根外用油膏不是神奇療法，適合放在「輕微關節痠痛可短期舒緩，但不可宣稱治療疾病」這個保守邊界裡溝通。使用時請先看標示，薄擦於需要保養的局部，搭配輕柔按摩即可，不需要追求厚敷或過度刺激。

安全提醒：關節腫痛、紅熱、長期疼痛或行走困難，請就醫評估。

本產品為外用油膏，請依核准標示使用；若症狀持續或惡化，請諮詢醫師或藥師。

CTA：收藏提醒","【輕微關節痠痛與疾病治療要分開】

40-70 歲注重日常活動舒適度的族群常會遇到這種情境：輕微關節痠痛與疾病治療要分開。

這則貼文要傳達的重點很簡單：一條根外用油膏不是神奇療法，適合放在「輕微關節痠痛可短期舒緩，但不可宣稱治療疾病」這個保守邊界裡溝通。使用時請先看標示，薄擦於需要保養的局部，搭配輕柔按摩即可，不需要追求厚敷或過度刺激。

安全提醒：關節腫痛、紅熱、長期疼痛或行走困難，請就醫評估。

本產品為外用油膏，請依核准標示使用；若症狀持續或惡化，請諮詢醫師或藥師。

CTA：收藏提醒",#銀髮保養 #活動舒適 #輕微痠痛 #依標示使用,圖1：【輕微關節痠痛與疾病治療要分開】｜圖2：輕微關節痠痛可短期舒緩，但不可宣稱治療疾病｜圖3：關節腫痛、紅熱、長期疼痛或行走困難，請就醫評估。,本產品為外用油膏，請依核准標示使用；若症狀持續或惡化，請諮詢醫師或藥師。,關節腫痛、紅熱、長期疼痛或行走困難，請就醫評估。,根治|治療疾病|消炎治本|打通經絡|一擦就好|保證有效|深層修復|替代藥物
Facebook_LINE088,LINE088,Facebook,2026-07-17,20:00,不要搭配熱敷墊或電毯,E,高,pending_legal_pharmacist_review,false,【不要搭配熱敷墊或電毯】,"【不要搭配熱敷墊或電毯】

所有使用者、照護者與家庭購買者常會遇到這種情境：不要搭配熱敷墊或電毯。

這則貼文要傳達的重點很簡單：一條根外用油膏不是神奇療法，適合放在「安全使用比用得多更重要，依標示與風險族群提醒」這個保守邊界裡溝通。使用時請先看標示，薄擦於需要保養的局部，搭配輕柔按摩即可，不需要追求厚敷或過度刺激。

安全提醒：2 歲以下、孕哺、過敏體質、抗凝血藥使用者請先詢問專業人員。

僅供外用。避免接觸眼睛、黏膜、破皮或傷口；特殊族群使用前請先諮詢專業人員。

CTA：私訊/了解更多","【不要搭配熱敷墊或電毯】

所有使用者、照護者與家庭購買者常會遇到這種情境：不要搭配熱敷墊或電毯。

這則貼文要傳達的重點很簡單：一條根外用油膏不是神奇療法，適合放在「安全使用比用得多更重要，依標示與風險族群提醒」這個保守邊界裡溝通。使用時請先看標示，薄擦於需要保養的局部，搭配輕柔按摩即可，不需要追求厚敷或過度刺激。

安全提醒：2 歲以下、孕哺、過敏體質、抗凝血藥使用者請先詢問專業人員。

僅供外用。避免接觸眼睛、黏膜、破皮或傷口；特殊族群使用前請先諮詢專業人員。

CTA：私訊/了解更多",#外用安全 #用藥安全 #使用前看標示 #諮詢醫師藥師,圖1：【不要搭配熱敷墊或電毯】｜圖2：安全使用比用得多更重要，依標示與風險族群提醒｜圖3：2 歲以下、孕哺、過敏體質、抗凝血藥使用者請先詢問專業人員。,僅供外用。避免接觸眼睛、黏膜、破皮或傷口；特殊族群使用前請先諮詢專業人員。,2 歲以下、孕哺、過敏體質、抗凝血藥使用者請先詢問專業人員。,根治|治療疾病|消炎治本|打通經絡|一擦就好|保證有效|深層修復|替代藥物
Facebook_LINE089,LINE089,Facebook,2026-07-18,12:00,小暑前後活動舒適提醒,F,低,pending_legal_pharmacist_review,false,【小暑前後活動舒適提醒】,"【小暑前後活動舒適提醒】

喜歡養生、節氣與日常保健的 LINE 讀者常會遇到這種情境：小暑前後活動舒適提醒。

這則貼文要傳達的重點很簡單：一條根外用油膏不是神奇療法，適合放在「以生活保健與身體覺察為主，不做醫療療效宣稱」這個保守邊界裡溝通。使用時請先看標示，薄擦於需要保養的局部，搭配輕柔按摩即可，不需要追求厚敷或過度刺激。

安全提醒：節氣養生屬一般生活資訊，身體不適仍應諮詢專業人員。

本內容為一般生活保健資訊，非醫療診斷或治療建議。

CTA：收藏提醒","【小暑前後活動舒適提醒】

喜歡養生、節氣與日常保健的 LINE 讀者常會遇到這種情境：小暑前後活動舒適提醒。

這則貼文要傳達的重點很簡單：一條根外用油膏不是神奇療法，適合放在「以生活保健與身體覺察為主，不做醫療療效宣稱」這個保守邊界裡溝通。使用時請先看標示，薄擦於需要保養的局部，搭配輕柔按摩即可，不需要追求厚敷或過度刺激。

安全提醒：節氣養生屬一般生活資訊，身體不適仍應諮詢專業人員。

本內容為一般生活保健資訊，非醫療診斷或治療建議。

CTA：收藏提醒",#節氣保養 #生活保健 #日常保養 #身體覺察,圖1：【小暑前後活動舒適提醒】｜圖2：以生活保健與身體覺察為主，不做醫療療效宣稱｜圖3：節氣養生屬一般生活資訊，身體不適仍應諮詢專業人員。,本內容為一般生活保健資訊，非醫療診斷或治療建議。,節氣養生屬一般生活資訊，身體不適仍應諮詢專業人員。,根治|治療疾病|消炎治本|打通經絡|一擦就好|保證有效|深層修復|替代藥物
Facebook_LINE090,LINE090,Facebook,2026-07-18,20:00,爬山後腿部按摩提醒,C,中,pending_legal_pharmacist_review,false,【爬山後腿部按摩提醒】,"【爬山後腿部按摩提醒】

運動族、搬重物、久站與勞動工作者常會遇到這種情境：爬山後腿部按摩提醒。

這則貼文要傳達的重點很簡單：一條根外用油膏不是神奇療法，適合放在「運動或勞動後的局部肌肉痠痛，可短期按摩舒緩」這個保守邊界裡溝通。使用時請先看標示，薄擦於需要保養的局部，搭配輕柔按摩即可，不需要追求厚敷或過度刺激。

安全提醒：明顯腫脹、劇痛、活動受限或疑似受傷時，請先就醫。

本產品為外用油膏，請依核准標示使用；若症狀持續或惡化，請諮詢醫師或藥師。

CTA：私訊/了解更多","【爬山後腿部按摩提醒】

運動族、搬重物、久站與勞動工作者常會遇到這種情境：爬山後腿部按摩提醒。

這則貼文要傳達的重點很簡單：一條根外用油膏不是神奇療法，適合放在「運動或勞動後的局部肌肉痠痛，可短期按摩舒緩」這個保守邊界裡溝通。使用時請先看標示，薄擦於需要保養的局部，搭配輕柔按摩即可，不需要追求厚敷或過度刺激。

安全提醒：明顯腫脹、劇痛、活動受限或疑似受傷時，請先就醫。

本產品為外用油膏，請依核准標示使用；若症狀持續或惡化，請諮詢醫師或藥師。

CTA：私訊/了解更多",#運動後保養 #局部按摩 #肌肉痠痛 #依標示使用,圖1：【爬山後腿部按摩提醒】｜圖2：運動或勞動後的局部肌肉痠痛，可短期按摩舒緩｜圖3：明顯腫脹、劇痛、活動受限或疑似受傷時，請先就醫。,本產品為外用油膏，請依核准標示使用；若症狀持續或惡化，請諮詢醫師或藥師。,明顯腫脹、劇痛、活動受限或疑似受傷時，請先就醫。,根治|治療疾病|消炎治本|打通經絡|一擦就好|保證有效|深層修復|替代藥物
Facebook_LINE091,LINE091,Facebook,2026-07-19,12:00,外用膏一次擦多少才剛好,G,低,pending_legal_pharmacist_review,false,【外用膏一次擦多少才剛好】,"【外用膏一次擦多少才剛好】

LINE OA 好友、回購客與新客常會遇到這種情境：外用膏一次擦多少才剛好。

這則貼文要傳達的重點很簡單：一條根外用油膏不是神奇療法，適合放在「用問答降低誤用，讓使用者知道何時該詢問專業人員」這個保守邊界裡溝通。使用時請先看標示，薄擦於需要保養的局部，搭配輕柔按摩即可，不需要追求厚敷或過度刺激。

安全提醒：互動回答不取代醫師或藥師建議。

本內容為一般生活保健資訊，非醫療診斷或治療建議。

CTA：留言互動","【外用膏一次擦多少才剛好】

LINE OA 好友、回購客與新客常會遇到這種情境：外用膏一次擦多少才剛好。

這則貼文要傳達的重點很簡單：一條根外用油膏不是神奇療法，適合放在「用問答降低誤用，讓使用者知道何時該詢問專業人員」這個保守邊界裡溝通。使用時請先看標示，薄擦於需要保養的局部，搭配輕柔按摩即可，不需要追求厚敷或過度刺激。

安全提醒：互動回答不取代醫師或藥師建議。

本內容為一般生活保健資訊，非醫療診斷或治療建議。

CTA：留言互動",#互動問答 #保養知識 #使用小提醒 #金牌一條根,圖1：【外用膏一次擦多少才剛好】｜圖2：用問答降低誤用，讓使用者知道何時該詢問專業人員｜圖3：互動回答不取代醫師或藥師建議。,本內容為一般生活保健資訊，非醫療診斷或治療建議。,互動回答不取代醫師或藥師建議。,根治|治療疾病|消炎治本|打通經絡|一擦就好|保證有效|深層修復|替代藥物
Facebook_LINE092,LINE092,Facebook,2026-07-19,20:00,散步後的膝周保養,D,中,pending_legal_pharmacist_review,false,【散步後的膝周保養】,"【散步後的膝周保養】

40-70 歲注重日常活動舒適度的族群常會遇到這種情境：散步後的膝周保養。

這則貼文要傳達的重點很簡單：一條根外用油膏不是神奇療法，適合放在「輕微關節痠痛可短期舒緩，但不可宣稱治療疾病」這個保守邊界裡溝通。使用時請先看標示，薄擦於需要保養的局部，搭配輕柔按摩即可，不需要追求厚敷或過度刺激。

安全提醒：關節腫痛、紅熱、長期疼痛或行走困難，請就醫評估。

本產品為外用油膏，請依核准標示使用；若症狀持續或惡化，請諮詢醫師或藥師。

CTA：私訊/了解更多","【散步後的膝周保養】

40-70 歲注重日常活動舒適度的族群常會遇到這種情境：散步後的膝周保養。

這則貼文要傳達的重點很簡單：一條根外用油膏不是神奇療法，適合放在「輕微關節痠痛可短期舒緩，但不可宣稱治療疾病」這個保守邊界裡溝通。使用時請先看標示，薄擦於需要保養的局部，搭配輕柔按摩即可，不需要追求厚敷或過度刺激。

安全提醒：關節腫痛、紅熱、長期疼痛或行走困難，請就醫評估。

本產品為外用油膏，請依核准標示使用；若症狀持續或惡化，請諮詢醫師或藥師。

CTA：私訊/了解更多",#銀髮保養 #活動舒適 #輕微痠痛 #依標示使用,圖1：【散步後的膝周保養】｜圖2：輕微關節痠痛可短期舒緩，但不可宣稱治療疾病｜圖3：關節腫痛、紅熱、長期疼痛或行走困難，請就醫評估。,本產品為外用油膏，請依核准標示使用；若症狀持續或惡化，請諮詢醫師或藥師。,關節腫痛、紅熱、長期疼痛或行走困難，請就醫評估。,根治|治療疾病|消炎治本|打通經絡|一擦就好|保證有效|深層修復|替代藥物
Facebook_LINE093,LINE093,Facebook,2026-07-20,12:00,肩頸按摩不要只靠用力,B,低,pending_legal_pharmacist_review,false,【肩頸按摩不要只靠用力】,"【肩頸按摩不要只靠用力】

長時間低頭、久坐、用電腦的上班族常會遇到這種情境：肩頸按摩不要只靠用力。

這則貼文要傳達的重點很簡單：一條根外用油膏不是神奇療法，適合放在「久坐低頭後，可搭配伸展與局部按摩舒緩緊繃不適」這個保守邊界裡溝通。使用時請先看標示，薄擦於需要保養的局部，搭配輕柔按摩即可，不需要追求厚敷或過度刺激。

安全提醒：若痠痛持續、麻木或影響活動，請諮詢醫師或藥師。

本內容為一般生活保健資訊，非醫療診斷或治療建議。

CTA：收藏提醒","【肩頸按摩不要只靠用力】

長時間低頭、久坐、用電腦的上班族常會遇到這種情境：肩頸按摩不要只靠用力。

這則貼文要傳達的重點很簡單：一條根外用油膏不是神奇療法，適合放在「久坐低頭後，可搭配伸展與局部按摩舒緩緊繃不適」這個保守邊界裡溝通。使用時請先看標示，薄擦於需要保養的局部，搭配輕柔按摩即可，不需要追求厚敷或過度刺激。

安全提醒：若痠痛持續、麻木或影響活動，請諮詢醫師或藥師。

本內容為一般生活保健資訊，非醫療診斷或治療建議。

CTA：收藏提醒",#肩頸保養 #久坐族 #日常舒緩 #依標示使用,圖1：【肩頸按摩不要只靠用力】｜圖2：久坐低頭後，可搭配伸展與局部按摩舒緩緊繃不適｜圖3：若痠痛持續、麻木或影響活動，請諮詢醫師或藥師。,本內容為一般生活保健資訊，非醫療診斷或治療建議。,若痠痛持續、麻木或影響活動，請諮詢醫師或藥師。,根治|治療疾病|消炎治本|打通經絡|一擦就好|保證有效|深層修復|替代藥物
Facebook_LINE094,LINE094,Facebook,2026-07-20,20:00,油膏劑為什麼適合局部按摩,A,中,pending_legal_pharmacist_review,false,【油膏劑為什麼適合局部按摩】,"【油膏劑為什麼適合局部按摩】

已購買或正在觀望的一條根使用者常會遇到這種情境：油膏劑為什麼適合局部按摩。

這則貼文要傳達的重點很簡單：一條根外用油膏不是神奇療法，適合放在「依標示外用，提供局部按摩與暫時舒緩體感」這個保守邊界裡溝通。使用時請先看標示，薄擦於需要保養的局部，搭配輕柔按摩即可，不需要追求厚敷或過度刺激。

安全提醒：僅供外用；避免眼周、黏膜、破皮或傷口。

本產品為外用油膏，請依核准標示使用；若症狀持續或惡化，請諮詢醫師或藥師。

CTA：私訊/了解更多","【油膏劑為什麼適合局部按摩】

已購買或正在觀望的一條根使用者常會遇到這種情境：油膏劑為什麼適合局部按摩。

這則貼文要傳達的重點很簡單：一條根外用油膏不是神奇療法，適合放在「依標示外用，提供局部按摩與暫時舒緩體感」這個保守邊界裡溝通。使用時請先看標示，薄擦於需要保養的局部，搭配輕柔按摩即可，不需要追求厚敷或過度刺激。

安全提醒：僅供外用；避免眼周、黏膜、破皮或傷口。

本產品為外用油膏，請依核准標示使用；若症狀持續或惡化，請諮詢醫師或藥師。

CTA：私訊/了解更多",#金牌一條根 #外用油膏 #成分透明 #依標示使用,圖1：【油膏劑為什麼適合局部按摩】｜圖2：依標示外用，提供局部按摩與暫時舒緩體感｜圖3：僅供外用；避免眼周、黏膜、破皮或傷口。,本產品為外用油膏，請依核准標示使用；若症狀持續或惡化，請諮詢醫師或藥師。,僅供外用；避免眼周、黏膜、破皮或傷口。,根治|治療疾病|消炎治本|打通經絡|一擦就好|保證有效|深層修復|替代藥物
Facebook_LINE095,LINE095,Facebook,2026-07-21,12:00,大暑午後少久站硬撐,F,低,pending_legal_pharmacist_review,false,【大暑午後少久站硬撐】,"【大暑午後少久站硬撐】

喜歡養生、節氣與日常保健的 LINE 讀者常會遇到這種情境：大暑午後少久站硬撐。

這則貼文要傳達的重點很簡單：一條根外用油膏不是神奇療法，適合放在「以生活保健與身體覺察為主，不做醫療療效宣稱」這個保守邊界裡溝通。使用時請先看標示，薄擦於需要保養的局部，搭配輕柔按摩即可，不需要追求厚敷或過度刺激。

安全提醒：節氣養生屬一般生活資訊，身體不適仍應諮詢專業人員。

本內容為一般生活保健資訊，非醫療診斷或治療建議。

CTA：收藏提醒","【大暑午後少久站硬撐】

喜歡養生、節氣與日常保健的 LINE 讀者常會遇到這種情境：大暑午後少久站硬撐。

這則貼文要傳達的重點很簡單：一條根外用油膏不是神奇療法，適合放在「以生活保健與身體覺察為主，不做醫療療效宣稱」這個保守邊界裡溝通。使用時請先看標示，薄擦於需要保養的局部，搭配輕柔按摩即可，不需要追求厚敷或過度刺激。

安全提醒：節氣養生屬一般生活資訊，身體不適仍應諮詢專業人員。

本內容為一般生活保健資訊，非醫療診斷或治療建議。

CTA：收藏提醒",#節氣保養 #生活保健 #日常保養 #身體覺察,圖1：【大暑午後少久站硬撐】｜圖2：以生活保健與身體覺察為主，不做醫療療效宣稱｜圖3：節氣養生屬一般生活資訊，身體不適仍應諮詢專業人員。,本內容為一般生活保健資訊，非醫療診斷或治療建議。,節氣養生屬一般生活資訊，身體不適仍應諮詢專業人員。,根治|治療疾病|消炎治本|打通經絡|一擦就好|保證有效|深層修復|替代藥物
Facebook_LINE096,LINE096,Facebook,2026-07-21,20:00,不要密封包紮或大面積厚敷,E,高,pending_legal_pharmacist_review,false,【不要密封包紮或大面積厚敷】,"【不要密封包紮或大面積厚敷】

所有使用者、照護者與家庭購買者常會遇到這種情境：不要密封包紮或大面積厚敷。

這則貼文要傳達的重點很簡單：一條根外用油膏不是神奇療法，適合放在「安全使用比用得多更重要，依標示與風險族群提醒」這個保守邊界裡溝通。使用時請先看標示，薄擦於需要保養的局部，搭配輕柔按摩即可，不需要追求厚敷或過度刺激。

安全提醒：2 歲以下、孕哺、過敏體質、抗凝血藥使用者請先詢問專業人員。

僅供外用。避免接觸眼睛、黏膜、破皮或傷口；特殊族群使用前請先諮詢專業人員。

CTA：私訊/了解更多","【不要密封包紮或大面積厚敷】

所有使用者、照護者與家庭購買者常會遇到這種情境：不要密封包紮或大面積厚敷。

這則貼文要傳達的重點很簡單：一條根外用油膏不是神奇療法，適合放在「安全使用比用得多更重要，依標示與風險族群提醒」這個保守邊界裡溝通。使用時請先看標示，薄擦於需要保養的局部，搭配輕柔按摩即可，不需要追求厚敷或過度刺激。

安全提醒：2 歲以下、孕哺、過敏體質、抗凝血藥使用者請先詢問專業人員。

僅供外用。避免接觸眼睛、黏膜、破皮或傷口；特殊族群使用前請先諮詢專業人員。

CTA：私訊/了解更多",#外用安全 #用藥安全 #使用前看標示 #諮詢醫師藥師,圖1：【不要密封包紮或大面積厚敷】｜圖2：安全使用比用得多更重要，依標示與風險族群提醒｜圖3：2 歲以下、孕哺、過敏體質、抗凝血藥使用者請先詢問專業人員。,僅供外用。避免接觸眼睛、黏膜、破皮或傷口；特殊族群使用前請先諮詢專業人員。,2 歲以下、孕哺、過敏體質、抗凝血藥使用者請先詢問專業人員。,根治|治療疾病|消炎治本|打通經絡|一擦就好|保證有效|深層修復|替代藥物
Facebook_LINE097,LINE097,Facebook,2026-07-22,12:00,什麼是乙類成藥,H,中,pending_legal_pharmacist_review,false,【什麼是乙類成藥】,"【什麼是乙類成藥】

重視藥證、成分、品質與合法性的消費者常會遇到這種情境：什麼是乙類成藥。

這則貼文要傳達的重點很簡單：一條根外用油膏不是神奇療法，適合放在「強調藥證、標示、保守宣稱與人工審核流程」這個保守邊界裡溝通。使用時請先看標示，薄擦於需要保養的局部，搭配輕柔按摩即可，不需要追求厚敷或過度刺激。

安全提醒：所有廣告文案仍須依主管機關與專業人員審核。

本產品為外用油膏，請依核准標示使用；若症狀持續或惡化，請諮詢醫師或藥師。

CTA：收藏提醒","【什麼是乙類成藥】

重視藥證、成分、品質與合法性的消費者常會遇到這種情境：什麼是乙類成藥。

這則貼文要傳達的重點很簡單：一條根外用油膏不是神奇療法，適合放在「強調藥證、標示、保守宣稱與人工審核流程」這個保守邊界裡溝通。使用時請先看標示，薄擦於需要保養的局部，搭配輕柔按摩即可，不需要追求厚敷或過度刺激。

安全提醒：所有廣告文案仍須依主管機關與專業人員審核。

本產品為外用油膏，請依核准標示使用；若症狀持續或惡化，請諮詢醫師或藥師。

CTA：收藏提醒",#藥證可查 #品牌透明 #合法宣傳 #成分透明,圖1：【什麼是乙類成藥】｜圖2：強調藥證、標示、保守宣稱與人工審核流程｜圖3：所有廣告文案仍須依主管機關與專業人員審核。,本產品為外用油膏，請依核准標示使用；若症狀持續或惡化，請諮詢醫師或藥師。,所有廣告文案仍須依主管機關與專業人員審核。,根治|治療疾病|消炎治本|打通經絡|一擦就好|保證有效|深層修復|替代藥物
Facebook_LINE098,LINE098,Facebook,2026-07-22,20:00,涼感越強越有效嗎,G,低,pending_legal_pharmacist_review,false,【涼感越強越有效嗎】,"【涼感越強越有效嗎】

LINE OA 好友、回購客與新客常會遇到這種情境：涼感越強越有效嗎。

這則貼文要傳達的重點很簡單：一條根外用油膏不是神奇療法，適合放在「用問答降低誤用，讓使用者知道何時該詢問專業人員」這個保守邊界裡溝通。使用時請先看標示，薄擦於需要保養的局部，搭配輕柔按摩即可，不需要追求厚敷或過度刺激。

安全提醒：互動回答不取代醫師或藥師建議。

本內容為一般生活保健資訊，非醫療診斷或治療建議。

CTA：留言互動","【涼感越強越有效嗎】

LINE OA 好友、回購客與新客常會遇到這種情境：涼感越強越有效嗎。

這則貼文要傳達的重點很簡單：一條根外用油膏不是神奇療法，適合放在「用問答降低誤用，讓使用者知道何時該詢問專業人員」這個保守邊界裡溝通。使用時請先看標示，薄擦於需要保養的局部，搭配輕柔按摩即可，不需要追求厚敷或過度刺激。

安全提醒：互動回答不取代醫師或藥師建議。

本內容為一般生活保健資訊，非醫療診斷或治療建議。

CTA：留言互動",#互動問答 #保養知識 #使用小提醒 #金牌一條根,圖1：【涼感越強越有效嗎】｜圖2：用問答降低誤用，讓使用者知道何時該詢問專業人員｜圖3：互動回答不取代醫師或藥師建議。,本內容為一般生活保健資訊，非醫療診斷或治療建議。,互動回答不取代醫師或藥師建議。,根治|治療疾病|消炎治本|打通經絡|一擦就好|保證有效|深層修復|替代藥物
Facebook_LINE099,LINE099,Facebook,2026-07-23,12:00,重訓後肩背局部舒緩,C,中,pending_legal_pharmacist_review,false,【重訓後肩背局部舒緩】,"【重訓後肩背局部舒緩】

運動族、搬重物、久站與勞動工作者常會遇到這種情境：重訓後肩背局部舒緩。

這則貼文要傳達的重點很簡單：一條根外用油膏不是神奇療法，適合放在「運動或勞動後的局部肌肉痠痛，可短期按摩舒緩」這個保守邊界裡溝通。使用時請先看標示，薄擦於需要保養的局部，搭配輕柔按摩即可，不需要追求厚敷或過度刺激。

安全提醒：明顯腫脹、劇痛、活動受限或疑似受傷時，請先就醫。

本產品為外用油膏，請依核准標示使用；若症狀持續或惡化，請諮詢醫師或藥師。

CTA：收藏提醒","【重訓後肩背局部舒緩】

運動族、搬重物、久站與勞動工作者常會遇到這種情境：重訓後肩背局部舒緩。

這則貼文要傳達的重點很簡單：一條根外用油膏不是神奇療法，適合放在「運動或勞動後的局部肌肉痠痛，可短期按摩舒緩」這個保守邊界裡溝通。使用時請先看標示，薄擦於需要保養的局部，搭配輕柔按摩即可，不需要追求厚敷或過度刺激。

安全提醒：明顯腫脹、劇痛、活動受限或疑似受傷時，請先就醫。

本產品為外用油膏，請依核准標示使用；若症狀持續或惡化，請諮詢醫師或藥師。

CTA：收藏提醒",#運動後保養 #局部按摩 #肌肉痠痛 #依標示使用,圖1：【重訓後肩背局部舒緩】｜圖2：運動或勞動後的局部肌肉痠痛，可短期按摩舒緩｜圖3：明顯腫脹、劇痛、活動受限或疑似受傷時，請先就醫。,本產品為外用油膏，請依核准標示使用；若症狀持續或惡化，請諮詢醫師或藥師。,明顯腫脹、劇痛、活動受限或疑似受傷時，請先就醫。,根治|治療疾病|消炎治本|打通經絡|一擦就好|保證有效|深層修復|替代藥物
Facebook_LINE100,LINE100,Facebook,2026-07-23,20:00,乙類成藥與一般保健品差異,A,中,pending_legal_pharmacist_review,false,【乙類成藥與一般保健品差異】,"【乙類成藥與一般保健品差異】

已購買或正在觀望的一條根使用者常會遇到這種情境：乙類成藥與一般保健品差異。

這則貼文要傳達的重點很簡單：一條根外用油膏不是神奇療法，適合放在「依標示外用，提供局部按摩與暫時舒緩體感」這個保守邊界裡溝通。使用時請先看標示，薄擦於需要保養的局部，搭配輕柔按摩即可，不需要追求厚敷或過度刺激。

安全提醒：僅供外用；避免眼周、黏膜、破皮或傷口。

本產品為外用油膏，請依核准標示使用；若症狀持續或惡化，請諮詢醫師或藥師。

CTA：私訊/了解更多","【乙類成藥與一般保健品差異】

已購買或正在觀望的一條根使用者常會遇到這種情境：乙類成藥與一般保健品差異。

這則貼文要傳達的重點很簡單：一條根外用油膏不是神奇療法，適合放在「依標示外用，提供局部按摩與暫時舒緩體感」這個保守邊界裡溝通。使用時請先看標示，薄擦於需要保養的局部，搭配輕柔按摩即可，不需要追求厚敷或過度刺激。

安全提醒：僅供外用；避免眼周、黏膜、破皮或傷口。

本產品為外用油膏，請依核准標示使用；若症狀持續或惡化，請諮詢醫師或藥師。

CTA：私訊/了解更多",#金牌一條根 #外用油膏 #成分透明 #依標示使用,圖1：【乙類成藥與一般保健品差異】｜圖2：依標示外用，提供局部按摩與暫時舒緩體感｜圖3：僅供外用；避免眼周、黏膜、破皮或傷口。,本產品為外用油膏，請依核准標示使用；若症狀持續或惡化，請諮詢醫師或藥師。,僅供外用；避免眼周、黏膜、破皮或傷口。,根治|治療疾病|消炎治本|打通經絡|一擦就好|保證有效|深層修復|替代藥物
Facebook_LINE101,LINE101,Facebook,2026-07-24,12:00,天氣變化時的活動舒適感,D,中,pending_legal_pharmacist_review,false,【天氣變化時的活動舒適感】,"【天氣變化時的活動舒適感】

40-70 歲注重日常活動舒適度的族群常會遇到這種情境：天氣變化時的活動舒適感。

這則貼文要傳達的重點很簡單：一條根外用油膏不是神奇療法，適合放在「輕微關節痠痛可短期舒緩，但不可宣稱治療疾病」這個保守邊界裡溝通。使用時請先看標示，薄擦於需要保養的局部，搭配輕柔按摩即可，不需要追求厚敷或過度刺激。

安全提醒：關節腫痛、紅熱、長期疼痛或行走困難，請就醫評估。

本產品為外用油膏，請依核准標示使用；若症狀持續或惡化，請諮詢醫師或藥師。

CTA：收藏提醒","【天氣變化時的活動舒適感】

40-70 歲注重日常活動舒適度的族群常會遇到這種情境：天氣變化時的活動舒適感。

這則貼文要傳達的重點很簡單：一條根外用油膏不是神奇療法，適合放在「輕微關節痠痛可短期舒緩，但不可宣稱治療疾病」這個保守邊界裡溝通。使用時請先看標示，薄擦於需要保養的局部，搭配輕柔按摩即可，不需要追求厚敷或過度刺激。

安全提醒：關節腫痛、紅熱、長期疼痛或行走困難，請就醫評估。

本產品為外用油膏，請依核准標示使用；若症狀持續或惡化，請諮詢醫師或藥師。

CTA：收藏提醒",#銀髮保養 #活動舒適 #輕微痠痛 #依標示使用,圖1：【天氣變化時的活動舒適感】｜圖2：輕微關節痠痛可短期舒緩，但不可宣稱治療疾病｜圖3：關節腫痛、紅熱、長期疼痛或行走困難，請就醫評估。,本產品為外用油膏，請依核准標示使用；若症狀持續或惡化，請諮詢醫師或藥師。,關節腫痛、紅熱、長期疼痛或行走困難，請就醫評估。,根治|治療疾病|消炎治本|打通經絡|一擦就好|保證有效|深層修復|替代藥物
Facebook_LINE102,LINE102,Facebook,2026-07-24,20:00,水楊酸或阿斯匹靈過敏者注意,E,高,pending_legal_pharmacist_review,false,【水楊酸或阿斯匹靈過敏者注意】,"【水楊酸或阿斯匹靈過敏者注意】

所有使用者、照護者與家庭購買者常會遇到這種情境：水楊酸或阿斯匹靈過敏者注意。

這則貼文要傳達的重點很簡單：一條根外用油膏不是神奇療法，適合放在「安全使用比用得多更重要，依標示與風險族群提醒」這個保守邊界裡溝通。使用時請先看標示，薄擦於需要保養的局部，搭配輕柔按摩即可，不需要追求厚敷或過度刺激。

安全提醒：2 歲以下、孕哺、過敏體質、抗凝血藥使用者請先詢問專業人員。

僅供外用。避免接觸眼睛、黏膜、破皮或傷口；特殊族群使用前請先諮詢專業人員。

CTA：私訊/了解更多","【水楊酸或阿斯匹靈過敏者注意】

所有使用者、照護者與家庭購買者常會遇到這種情境：水楊酸或阿斯匹靈過敏者注意。

這則貼文要傳達的重點很簡單：一條根外用油膏不是神奇療法，適合放在「安全使用比用得多更重要，依標示與風險族群提醒」這個保守邊界裡溝通。使用時請先看標示，薄擦於需要保養的局部，搭配輕柔按摩即可，不需要追求厚敷或過度刺激。

安全提醒：2 歲以下、孕哺、過敏體質、抗凝血藥使用者請先詢問專業人員。

僅供外用。避免接觸眼睛、黏膜、破皮或傷口；特殊族群使用前請先諮詢專業人員。

CTA：私訊/了解更多",#外用安全 #用藥安全 #使用前看標示 #諮詢醫師藥師,圖1：【水楊酸或阿斯匹靈過敏者注意】｜圖2：安全使用比用得多更重要，依標示與風險族群提醒｜圖3：2 歲以下、孕哺、過敏體質、抗凝血藥使用者請先詢問專業人員。,僅供外用。避免接觸眼睛、黏膜、破皮或傷口；特殊族群使用前請先諮詢專業人員。,2 歲以下、孕哺、過敏體質、抗凝血藥使用者請先詢問專業人員。,根治|治療疾病|消炎治本|打通經絡|一擦就好|保證有效|深層修復|替代藥物
Facebook_LINE103,LINE103,Facebook,2026-07-25,12:00,立秋後早晚溫差保養,F,低,pending_legal_pharmacist_review,false,【立秋後早晚溫差保養】,"【立秋後早晚溫差保養】

喜歡養生、節氣與日常保健的 LINE 讀者常會遇到這種情境：立秋後早晚溫差保養。

這則貼文要傳達的重點很簡單：一條根外用油膏不是神奇療法，適合放在「以生活保健與身體覺察為主，不做醫療療效宣稱」這個保守邊界裡溝通。使用時請先看標示，薄擦於需要保養的局部，搭配輕柔按摩即可，不需要追求厚敷或過度刺激。

安全提醒：節氣養生屬一般生活資訊，身體不適仍應諮詢專業人員。

本內容為一般生活保健資訊，非醫療診斷或治療建議。

CTA：收藏提醒","【立秋後早晚溫差保養】

喜歡養生、節氣與日常保健的 LINE 讀者常會遇到這種情境：立秋後早晚溫差保養。

這則貼文要傳達的重點很簡單：一條根外用油膏不是神奇療法，適合放在「以生活保健與身體覺察為主，不做醫療療效宣稱」這個保守邊界裡溝通。使用時請先看標示，薄擦於需要保養的局部，搭配輕柔按摩即可，不需要追求厚敷或過度刺激。

安全提醒：節氣養生屬一般生活資訊，身體不適仍應諮詢專業人員。

本內容為一般生活保健資訊，非醫療診斷或治療建議。

CTA：收藏提醒",#節氣保養 #生活保健 #日常保養 #身體覺察,圖1：【立秋後早晚溫差保養】｜圖2：以生活保健與身體覺察為主，不做醫療療效宣稱｜圖3：節氣養生屬一般生活資訊，身體不適仍應諮詢專業人員。,本內容為一般生活保健資訊，非醫療診斷或治療建議。,節氣養生屬一般生活資訊，身體不適仍應諮詢專業人員。,根治|治療疾病|消炎治本|打通經絡|一擦就好|保證有效|深層修復|替代藥物
Facebook_LINE104,LINE104,Facebook,2026-07-25,20:00,家事後手臂不適保養,C,中,pending_legal_pharmacist_review,false,【家事後手臂不適保養】,"【家事後手臂不適保養】

運動族、搬重物、久站與勞動工作者常會遇到這種情境：家事後手臂不適保養。

這則貼文要傳達的重點很簡單：一條根外用油膏不是神奇療法，適合放在「運動或勞動後的局部肌肉痠痛，可短期按摩舒緩」這個保守邊界裡溝通。使用時請先看標示，薄擦於需要保養的局部，搭配輕柔按摩即可，不需要追求厚敷或過度刺激。

安全提醒：明顯腫脹、劇痛、活動受限或疑似受傷時，請先就醫。

本產品為外用油膏，請依核准標示使用；若症狀持續或惡化，請諮詢醫師或藥師。

CTA：私訊/了解更多","【家事後手臂不適保養】

運動族、搬重物、久站與勞動工作者常會遇到這種情境：家事後手臂不適保養。

這則貼文要傳達的重點很簡單：一條根外用油膏不是神奇療法，適合放在「運動或勞動後的局部肌肉痠痛，可短期按摩舒緩」這個保守邊界裡溝通。使用時請先看標示，薄擦於需要保養的局部，搭配輕柔按摩即可，不需要追求厚敷或過度刺激。

安全提醒：明顯腫脹、劇痛、活動受限或疑似受傷時，請先就醫。

本產品為外用油膏，請依核准標示使用；若症狀持續或惡化，請諮詢醫師或藥師。

CTA：私訊/了解更多",#運動後保養 #局部按摩 #肌肉痠痛 #依標示使用,圖1：【家事後手臂不適保養】｜圖2：運動或勞動後的局部肌肉痠痛，可短期按摩舒緩｜圖3：明顯腫脹、劇痛、活動受限或疑似受傷時，請先就醫。,本產品為外用油膏，請依核准標示使用；若症狀持續或惡化，請諮詢醫師或藥師。,明顯腫脹、劇痛、活動受限或疑似受傷時，請先就醫。,根治|治療疾病|消炎治本|打通經絡|一擦就好|保證有效|深層修復|替代藥物
Facebook_LINE105,LINE105,Facebook,2026-07-26,12:00,你有看過外用產品標示嗎,G,低,pending_legal_pharmacist_review,false,【你有看過外用產品標示嗎】,"【你有看過外用產品標示嗎】

LINE OA 好友、回購客與新客常會遇到這種情境：你有看過外用產品標示嗎。

這則貼文要傳達的重點很簡單：一條根外用油膏不是神奇療法，適合放在「用問答降低誤用，讓使用者知道何時該詢問專業人員」這個保守邊界裡溝通。使用時請先看標示，薄擦於需要保養的局部，搭配輕柔按摩即可，不需要追求厚敷或過度刺激。

安全提醒：互動回答不取代醫師或藥師建議。

本內容為一般生活保健資訊，非醫療診斷或治療建議。

CTA：留言互動","【你有看過外用產品標示嗎】

LINE OA 好友、回購客與新客常會遇到這種情境：你有看過外用產品標示嗎。

這則貼文要傳達的重點很簡單：一條根外用油膏不是神奇療法，適合放在「用問答降低誤用，讓使用者知道何時該詢問專業人員」這個保守邊界裡溝通。使用時請先看標示，薄擦於需要保養的局部，搭配輕柔按摩即可，不需要追求厚敷或過度刺激。

安全提醒：互動回答不取代醫師或藥師建議。

本內容為一般生活保健資訊，非醫療診斷或治療建議。

CTA：留言互動",#互動問答 #保養知識 #使用小提醒 #金牌一條根,圖1：【你有看過外用產品標示嗎】｜圖2：用問答降低誤用，讓使用者知道何時該詢問專業人員｜圖3：互動回答不取代醫師或藥師建議。,本內容為一般生活保健資訊，非醫療診斷或治療建議。,互動回答不取代醫師或藥師建議。,根治|治療疾病|消炎治本|打通經絡|一擦就好|保證有效|深層修復|替代藥物
Facebook_LINE106,LINE106,Facebook,2026-07-26,20:00,長輩按摩力道不要過重,D,中,pending_legal_pharmacist_review,false,【長輩按摩力道不要過重】,"【長輩按摩力道不要過重】

40-70 歲注重日常活動舒適度的族群常會遇到這種情境：長輩按摩力道不要過重。

這則貼文要傳達的重點很簡單：一條根外用油膏不是神奇療法，適合放在「輕微關節痠痛可短期舒緩，但不可宣稱治療疾病」這個保守邊界裡溝通。使用時請先看標示，薄擦於需要保養的局部，搭配輕柔按摩即可，不需要追求厚敷或過度刺激。

安全提醒：關節腫痛、紅熱、長期疼痛或行走困難，請就醫評估。

本產品為外用油膏，請依核准標示使用；若症狀持續或惡化，請諮詢醫師或藥師。

CTA：私訊/了解更多","【長輩按摩力道不要過重】

40-70 歲注重日常活動舒適度的族群常會遇到這種情境：長輩按摩力道不要過重。

這則貼文要傳達的重點很簡單：一條根外用油膏不是神奇療法，適合放在「輕微關節痠痛可短期舒緩，但不可宣稱治療疾病」這個保守邊界裡溝通。使用時請先看標示，薄擦於需要保養的局部，搭配輕柔按摩即可，不需要追求厚敷或過度刺激。

安全提醒：關節腫痛、紅熱、長期疼痛或行走困難，請就醫評估。

本產品為外用油膏，請依核准標示使用；若症狀持續或惡化，請諮詢醫師或藥師。

CTA：私訊/了解更多",#銀髮保養 #活動舒適 #輕微痠痛 #依標示使用,圖1：【長輩按摩力道不要過重】｜圖2：輕微關節痠痛可短期舒緩，但不可宣稱治療疾病｜圖3：關節腫痛、紅熱、長期疼痛或行走困難，請就醫評估。,本產品為外用油膏，請依核准標示使用；若症狀持續或惡化，請諮詢醫師或藥師。,關節腫痛、紅熱、長期疼痛或行走困難，請就醫評估。,根治|治療疾病|消炎治本|打通經絡|一擦就好|保證有效|深層修復|替代藥物
Facebook_LINE107,LINE107,Facebook,2026-07-27,12:00,久坐族晚間舒緩儀式,B,低,pending_legal_pharmacist_review,false,【久坐族晚間舒緩儀式】,"【久坐族晚間舒緩儀式】

長時間低頭、久坐、用電腦的上班族常會遇到這種情境：久坐族晚間舒緩儀式。

這則貼文要傳達的重點很簡單：一條根外用油膏不是神奇療法，適合放在「久坐低頭後，可搭配伸展與局部按摩舒緩緊繃不適」這個保守邊界裡溝通。使用時請先看標示，薄擦於需要保養的局部，搭配輕柔按摩即可，不需要追求厚敷或過度刺激。

安全提醒：若痠痛持續、麻木或影響活動，請諮詢醫師或藥師。

本內容為一般生活保健資訊，非醫療診斷或治療建議。

CTA：收藏提醒","【久坐族晚間舒緩儀式】

長時間低頭、久坐、用電腦的上班族常會遇到這種情境：久坐族晚間舒緩儀式。

這則貼文要傳達的重點很簡單：一條根外用油膏不是神奇療法，適合放在「久坐低頭後，可搭配伸展與局部按摩舒緩緊繃不適」這個保守邊界裡溝通。使用時請先看標示，薄擦於需要保養的局部，搭配輕柔按摩即可，不需要追求厚敷或過度刺激。

安全提醒：若痠痛持續、麻木或影響活動，請諮詢醫師或藥師。

本內容為一般生活保健資訊，非醫療診斷或治療建議。

CTA：收藏提醒",#肩頸保養 #久坐族 #日常舒緩 #依標示使用,圖1：【久坐族晚間舒緩儀式】｜圖2：久坐低頭後，可搭配伸展與局部按摩舒緩緊繃不適｜圖3：若痠痛持續、麻木或影響活動，請諮詢醫師或藥師。,本內容為一般生活保健資訊，非醫療診斷或治療建議。,若痠痛持續、麻木或影響活動，請諮詢醫師或藥師。,根治|治療疾病|消炎治本|打通經絡|一擦就好|保證有效|深層修復|替代藥物
Facebook_LINE108,LINE108,Facebook,2026-07-27,20:00,一條根外用膏的日常定位,A,中,pending_legal_pharmacist_review,false,【一條根外用膏的日常定位】,"【一條根外用膏的日常定位】

已購買或正在觀望的一條根使用者常會遇到這種情境：一條根外用膏的日常定位。

這則貼文要傳達的重點很簡單：一條根外用油膏不是神奇療法，適合放在「依標示外用，提供局部按摩與暫時舒緩體感」這個保守邊界裡溝通。使用時請先看標示，薄擦於需要保養的局部，搭配輕柔按摩即可，不需要追求厚敷或過度刺激。

安全提醒：僅供外用；避免眼周、黏膜、破皮或傷口。

本產品為外用油膏，請依核准標示使用；若症狀持續或惡化，請諮詢醫師或藥師。

CTA：私訊/了解更多","【一條根外用膏的日常定位】

已購買或正在觀望的一條根使用者常會遇到這種情境：一條根外用膏的日常定位。

這則貼文要傳達的重點很簡單：一條根外用油膏不是神奇療法，適合放在「依標示外用，提供局部按摩與暫時舒緩體感」這個保守邊界裡溝通。使用時請先看標示，薄擦於需要保養的局部，搭配輕柔按摩即可，不需要追求厚敷或過度刺激。

安全提醒：僅供外用；避免眼周、黏膜、破皮或傷口。

本產品為外用油膏，請依核准標示使用；若症狀持續或惡化，請諮詢醫師或藥師。

CTA：私訊/了解更多",#金牌一條根 #外用油膏 #成分透明 #依標示使用,圖1：【一條根外用膏的日常定位】｜圖2：依標示外用，提供局部按摩與暫時舒緩體感｜圖3：僅供外用；避免眼周、黏膜、破皮或傷口。,本產品為外用油膏，請依核准標示使用；若症狀持續或惡化，請諮詢醫師或藥師。,僅供外用；避免眼周、黏膜、破皮或傷口。,根治|治療疾病|消炎治本|打通經絡|一擦就好|保證有效|深層修復|替代藥物
Facebook_LINE109,LINE109,Facebook,2026-07-28,12:00,處暑後運動暖身提醒,F,低,pending_legal_pharmacist_review,false,【處暑後運動暖身提醒】,"【處暑後運動暖身提醒】

喜歡養生、節氣與日常保健的 LINE 讀者常會遇到這種情境：處暑後運動暖身提醒。

這則貼文要傳達的重點很簡單：一條根外用油膏不是神奇療法，適合放在「以生活保健與身體覺察為主，不做醫療療效宣稱」這個保守邊界裡溝通。使用時請先看標示，薄擦於需要保養的局部，搭配輕柔按摩即可，不需要追求厚敷或過度刺激。

安全提醒：節氣養生屬一般生活資訊，身體不適仍應諮詢專業人員。

本內容為一般生活保健資訊，非醫療診斷或治療建議。

CTA：收藏提醒","【處暑後運動暖身提醒】

喜歡養生、節氣與日常保健的 LINE 讀者常會遇到這種情境：處暑後運動暖身提醒。

這則貼文要傳達的重點很簡單：一條根外用油膏不是神奇療法，適合放在「以生活保健與身體覺察為主，不做醫療療效宣稱」這個保守邊界裡溝通。使用時請先看標示，薄擦於需要保養的局部，搭配輕柔按摩即可，不需要追求厚敷或過度刺激。

安全提醒：節氣養生屬一般生活資訊，身體不適仍應諮詢專業人員。

本內容為一般生活保健資訊，非醫療診斷或治療建議。

CTA：收藏提醒",#節氣保養 #生活保健 #日常保養 #身體覺察,圖1：【處暑後運動暖身提醒】｜圖2：以生活保健與身體覺察為主，不做醫療療效宣稱｜圖3：節氣養生屬一般生活資訊，身體不適仍應諮詢專業人員。,本內容為一般生活保健資訊，非醫療診斷或治療建議。,節氣養生屬一般生活資訊，身體不適仍應諮詢專業人員。,根治|治療疾病|消炎治本|打通經絡|一擦就好|保證有效|深層修復|替代藥物
Facebook_LINE110,LINE110,Facebook,2026-07-28,20:00,兒童使用前的安全提醒,E,高,pending_legal_pharmacist_review,false,【兒童使用前的安全提醒】,"【兒童使用前的安全提醒】

所有使用者、照護者與家庭購買者常會遇到這種情境：兒童使用前的安全提醒。

這則貼文要傳達的重點很簡單：一條根外用油膏不是神奇療法，適合放在「安全使用比用得多更重要，依標示與風險族群提醒」這個保守邊界裡溝通。使用時請先看標示，薄擦於需要保養的局部，搭配輕柔按摩即可，不需要追求厚敷或過度刺激。

安全提醒：2 歲以下、孕哺、過敏體質、抗凝血藥使用者請先詢問專業人員。

僅供外用。避免接觸眼睛、黏膜、破皮或傷口；特殊族群使用前請先諮詢專業人員。

CTA：私訊/了解更多","【兒童使用前的安全提醒】

所有使用者、照護者與家庭購買者常會遇到這種情境：兒童使用前的安全提醒。

這則貼文要傳達的重點很簡單：一條根外用油膏不是神奇療法，適合放在「安全使用比用得多更重要，依標示與風險族群提醒」這個保守邊界裡溝通。使用時請先看標示，薄擦於需要保養的局部，搭配輕柔按摩即可，不需要追求厚敷或過度刺激。

安全提醒：2 歲以下、孕哺、過敏體質、抗凝血藥使用者請先詢問專業人員。

僅供外用。避免接觸眼睛、黏膜、破皮或傷口；特殊族群使用前請先諮詢專業人員。

CTA：私訊/了解更多",#外用安全 #用藥安全 #使用前看標示 #諮詢醫師藥師,圖1：【兒童使用前的安全提醒】｜圖2：安全使用比用得多更重要，依標示與風險族群提醒｜圖3：2 歲以下、孕哺、過敏體質、抗凝血藥使用者請先詢問專業人員。,僅供外用。避免接觸眼睛、黏膜、破皮或傷口；特殊族群使用前請先諮詢專業人員。,2 歲以下、孕哺、過敏體質、抗凝血藥使用者請先詢問專業人員。,根治|治療疾病|消炎治本|打通經絡|一擦就好|保證有效|深層修復|替代藥物
Facebook_LINE111,LINE111,Facebook,2026-07-29,12:00,官方適應症與社群文案的差異,H,中,pending_legal_pharmacist_review,false,【官方適應症與社群文案的差異】,"【官方適應症與社群文案的差異】

重視藥證、成分、品質與合法性的消費者常會遇到這種情境：官方適應症與社群文案的差異。

這則貼文要傳達的重點很簡單：一條根外用油膏不是神奇療法，適合放在「強調藥證、標示、保守宣稱與人工審核流程」這個保守邊界裡溝通。使用時請先看標示，薄擦於需要保養的局部，搭配輕柔按摩即可，不需要追求厚敷或過度刺激。

安全提醒：所有廣告文案仍須依主管機關與專業人員審核。

本產品為外用油膏，請依核准標示使用；若症狀持續或惡化，請諮詢醫師或藥師。

CTA：收藏提醒","【官方適應症與社群文案的差異】

重視藥證、成分、品質與合法性的消費者常會遇到這種情境：官方適應症與社群文案的差異。

這則貼文要傳達的重點很簡單：一條根外用油膏不是神奇療法，適合放在「強調藥證、標示、保守宣稱與人工審核流程」這個保守邊界裡溝通。使用時請先看標示，薄擦於需要保養的局部，搭配輕柔按摩即可，不需要追求厚敷或過度刺激。

安全提醒：所有廣告文案仍須依主管機關與專業人員審核。

本產品為外用油膏，請依核准標示使用；若症狀持續或惡化，請諮詢醫師或藥師。

CTA：收藏提醒",#藥證可查 #品牌透明 #合法宣傳 #成分透明,圖1：【官方適應症與社群文案的差異】｜圖2：強調藥證、標示、保守宣稱與人工審核流程｜圖3：所有廣告文案仍須依主管機關與專業人員審核。,本產品為外用油膏，請依核准標示使用；若症狀持續或惡化，請諮詢醫師或藥師。,所有廣告文案仍須依主管機關與專業人員審核。,根治|治療疾病|消炎治本|打通經絡|一擦就好|保證有效|深層修復|替代藥物
Facebook_LINE112,LINE112,Facebook,2026-07-29,20:00,久坐族最想舒緩哪裡,G,低,pending_legal_pharmacist_review,false,【久坐族最想舒緩哪裡】,"【久坐族最想舒緩哪裡】

LINE OA 好友、回購客與新客常會遇到這種情境：久坐族最想舒緩哪裡。

這則貼文要傳達的重點很簡單：一條根外用油膏不是神奇療法，適合放在「用問答降低誤用，讓使用者知道何時該詢問專業人員」這個保守邊界裡溝通。使用時請先看標示，薄擦於需要保養的局部，搭配輕柔按摩即可，不需要追求厚敷或過度刺激。

安全提醒：互動回答不取代醫師或藥師建議。

本內容為一般生活保健資訊，非醫療診斷或治療建議。

CTA：留言互動","【久坐族最想舒緩哪裡】

LINE OA 好友、回購客與新客常會遇到這種情境：久坐族最想舒緩哪裡。

這則貼文要傳達的重點很簡單：一條根外用油膏不是神奇療法，適合放在「用問答降低誤用，讓使用者知道何時該詢問專業人員」這個保守邊界裡溝通。使用時請先看標示，薄擦於需要保養的局部，搭配輕柔按摩即可，不需要追求厚敷或過度刺激。

安全提醒：互動回答不取代醫師或藥師建議。

本內容為一般生活保健資訊，非醫療診斷或治療建議。

CTA：留言互動",#互動問答 #保養知識 #使用小提醒 #金牌一條根,圖1：【久坐族最想舒緩哪裡】｜圖2：用問答降低誤用，讓使用者知道何時該詢問專業人員｜圖3：互動回答不取代醫師或藥師建議。,本內容為一般生活保健資訊，非醫療診斷或治療建議。,互動回答不取代醫師或藥師建議。,根治|治療疾病|消炎治本|打通經絡|一擦就好|保證有效|深層修復|替代藥物
Facebook_LINE113,LINE113,Facebook,2026-07-30,12:00,跑步後膝周不適的保守提醒,C,中,pending_legal_pharmacist_review,false,【跑步後膝周不適的保守提醒】,"【跑步後膝周不適的保守提醒】

運動族、搬重物、久站與勞動工作者常會遇到這種情境：跑步後膝周不適的保守提醒。

這則貼文要傳達的重點很簡單：一條根外用油膏不是神奇療法，適合放在「運動或勞動後的局部肌肉痠痛，可短期按摩舒緩」這個保守邊界裡溝通。使用時請先看標示，薄擦於需要保養的局部，搭配輕柔按摩即可，不需要追求厚敷或過度刺激。

安全提醒：明顯腫脹、劇痛、活動受限或疑似受傷時，請先就醫。

本產品為外用油膏，請依核准標示使用；若症狀持續或惡化，請諮詢醫師或藥師。

CTA：收藏提醒","【跑步後膝周不適的保守提醒】

運動族、搬重物、久站與勞動工作者常會遇到這種情境：跑步後膝周不適的保守提醒。

這則貼文要傳達的重點很簡單：一條根外用油膏不是神奇療法，適合放在「運動或勞動後的局部肌肉痠痛，可短期按摩舒緩」這個保守邊界裡溝通。使用時請先看標示，薄擦於需要保養的局部，搭配輕柔按摩即可，不需要追求厚敷或過度刺激。

安全提醒：明顯腫脹、劇痛、活動受限或疑似受傷時，請先就醫。

本產品為外用油膏，請依核准標示使用；若症狀持續或惡化，請諮詢醫師或藥師。

CTA：收藏提醒",#運動後保養 #局部按摩 #肌肉痠痛 #依標示使用,圖1：【跑步後膝周不適的保守提醒】｜圖2：運動或勞動後的局部肌肉痠痛，可短期按摩舒緩｜圖3：明顯腫脹、劇痛、活動受限或疑似受傷時，請先就醫。,本產品為外用油膏，請依核准標示使用；若症狀持續或惡化，請諮詢醫師或藥師。,明顯腫脹、劇痛、活動受限或疑似受傷時，請先就醫。,根治|治療疾病|消炎治本|打通經絡|一擦就好|保證有效|深層修復|替代藥物
Facebook_LINE114,LINE114,Facebook,2026-07-30,20:00,成分濃度為什麼要看標示,A,中,pending_legal_pharmacist_review,false,【成分濃度為什麼要看標示】,"【成分濃度為什麼要看標示】

已購買或正在觀望的一條根使用者常會遇到這種情境：成分濃度為什麼要看標示。

這則貼文要傳達的重點很簡單：一條根外用油膏不是神奇療法，適合放在「依標示外用，提供局部按摩與暫時舒緩體感」這個保守邊界裡溝通。使用時請先看標示，薄擦於需要保養的局部，搭配輕柔按摩即可，不需要追求厚敷或過度刺激。

安全提醒：僅供外用；避免眼周、黏膜、破皮或傷口。

本產品為外用油膏，請依核准標示使用；若症狀持續或惡化，請諮詢醫師或藥師。

CTA：私訊/了解更多","【成分濃度為什麼要看標示】

已購買或正在觀望的一條根使用者常會遇到這種情境：成分濃度為什麼要看標示。

這則貼文要傳達的重點很簡單：一條根外用油膏不是神奇療法，適合放在「依標示外用，提供局部按摩與暫時舒緩體感」這個保守邊界裡溝通。使用時請先看標示，薄擦於需要保養的局部，搭配輕柔按摩即可，不需要追求厚敷或過度刺激。

安全提醒：僅供外用；避免眼周、黏膜、破皮或傷口。

本產品為外用油膏，請依核准標示使用；若症狀持續或惡化，請諮詢醫師或藥師。

CTA：私訊/了解更多",#金牌一條根 #外用油膏 #成分透明 #依標示使用,圖1：【成分濃度為什麼要看標示】｜圖2：依標示外用，提供局部按摩與暫時舒緩體感｜圖3：僅供外用；避免眼周、黏膜、破皮或傷口。,本產品為外用油膏，請依核准標示使用；若症狀持續或惡化，請諮詢醫師或藥師。,僅供外用；避免眼周、黏膜、破皮或傷口。,根治|治療疾病|消炎治本|打通經絡|一擦就好|保證有效|深層修復|替代藥物
Facebook_LINE115,LINE115,Facebook,2026-07-31,12:00,照顧爸媽時的外用提醒,D,中,pending_legal_pharmacist_review,false,【照顧爸媽時的外用提醒】,"【照顧爸媽時的外用提醒】

40-70 歲注重日常活動舒適度的族群常會遇到這種情境：照顧爸媽時的外用提醒。

這則貼文要傳達的重點很簡單：一條根外用油膏不是神奇療法，適合放在「輕微關節痠痛可短期舒緩，但不可宣稱治療疾病」這個保守邊界裡溝通。使用時請先看標示，薄擦於需要保養的局部，搭配輕柔按摩即可，不需要追求厚敷或過度刺激。

安全提醒：關節腫痛、紅熱、長期疼痛或行走困難，請就醫評估。

本產品為外用油膏，請依核准標示使用；若症狀持續或惡化，請諮詢醫師或藥師。

CTA：收藏提醒","【照顧爸媽時的外用提醒】

40-70 歲注重日常活動舒適度的族群常會遇到這種情境：照顧爸媽時的外用提醒。

這則貼文要傳達的重點很簡單：一條根外用油膏不是神奇療法，適合放在「輕微關節痠痛可短期舒緩，但不可宣稱治療疾病」這個保守邊界裡溝通。使用時請先看標示，薄擦於需要保養的局部，搭配輕柔按摩即可，不需要追求厚敷或過度刺激。

安全提醒：關節腫痛、紅熱、長期疼痛或行走困難，請就醫評估。

本產品為外用油膏，請依核准標示使用；若症狀持續或惡化，請諮詢醫師或藥師。

CTA：收藏提醒",#銀髮保養 #活動舒適 #輕微痠痛 #依標示使用,圖1：【照顧爸媽時的外用提醒】｜圖2：輕微關節痠痛可短期舒緩，但不可宣稱治療疾病｜圖3：關節腫痛、紅熱、長期疼痛或行走困難，請就醫評估。,本產品為外用油膏，請依核准標示使用；若症狀持續或惡化，請諮詢醫師或藥師。,關節腫痛、紅熱、長期疼痛或行走困難，請就醫評估。,根治|治療疾病|消炎治本|打通經絡|一擦就好|保證有效|深層修復|替代藥物
Facebook_LINE116,LINE116,Facebook,2026-07-31,20:00,孕婦與哺乳族群先詢問專業人員,E,高,pending_legal_pharmacist_review,false,【孕婦與哺乳族群先詢問專業人員】,"【孕婦與哺乳族群先詢問專業人員】

所有使用者、照護者與家庭購買者常會遇到這種情境：孕婦與哺乳族群先詢問專業人員。

這則貼文要傳達的重點很簡單：一條根外用油膏不是神奇療法，適合放在「安全使用比用得多更重要，依標示與風險族群提醒」這個保守邊界裡溝通。使用時請先看標示，薄擦於需要保養的局部，搭配輕柔按摩即可，不需要追求厚敷或過度刺激。

安全提醒：2 歲以下、孕哺、過敏體質、抗凝血藥使用者請先詢問專業人員。

僅供外用。避免接觸眼睛、黏膜、破皮或傷口；特殊族群使用前請先諮詢專業人員。

CTA：私訊/了解更多","【孕婦與哺乳族群先詢問專業人員】

所有使用者、照護者與家庭購買者常會遇到這種情境：孕婦與哺乳族群先詢問專業人員。

這則貼文要傳達的重點很簡單：一條根外用油膏不是神奇療法，適合放在「安全使用比用得多更重要，依標示與風險族群提醒」這個保守邊界裡溝通。使用時請先看標示，薄擦於需要保養的局部，搭配輕柔按摩即可，不需要追求厚敷或過度刺激。

安全提醒：2 歲以下、孕哺、過敏體質、抗凝血藥使用者請先詢問專業人員。

僅供外用。避免接觸眼睛、黏膜、破皮或傷口；特殊族群使用前請先諮詢專業人員。

CTA：私訊/了解更多",#外用安全 #用藥安全 #使用前看標示 #諮詢醫師藥師,圖1：【孕婦與哺乳族群先詢問專業人員】｜圖2：安全使用比用得多更重要，依標示與風險族群提醒｜圖3：2 歲以下、孕哺、過敏體質、抗凝血藥使用者請先詢問專業人員。,僅供外用。避免接觸眼睛、黏膜、破皮或傷口；特殊族群使用前請先諮詢專業人員。,2 歲以下、孕哺、過敏體質、抗凝血藥使用者請先詢問專業人員。,根治|治療疾病|消炎治本|打通經絡|一擦就好|保證有效|深層修復|替代藥物
Facebook_LINE117,LINE117,Facebook,2026-08-01,12:00,白露時節關心長輩活動,F,低,pending_legal_pharmacist_review,false,【白露時節關心長輩活動】,"【白露時節關心長輩活動】

喜歡養生、節氣與日常保健的 LINE 讀者常會遇到這種情境：白露時節關心長輩活動。

這則貼文要傳達的重點很簡單：一條根外用油膏不是神奇療法，適合放在「以生活保健與身體覺察為主，不做醫療療效宣稱」這個保守邊界裡溝通。使用時請先看標示，薄擦於需要保養的局部，搭配輕柔按摩即可，不需要追求厚敷或過度刺激。

安全提醒：節氣養生屬一般生活資訊，身體不適仍應諮詢專業人員。

本內容為一般生活保健資訊，非醫療診斷或治療建議。

CTA：收藏提醒","【白露時節關心長輩活動】

喜歡養生、節氣與日常保健的 LINE 讀者常會遇到這種情境：白露時節關心長輩活動。

這則貼文要傳達的重點很簡單：一條根外用油膏不是神奇療法，適合放在「以生活保健與身體覺察為主，不做醫療療效宣稱」這個保守邊界裡溝通。使用時請先看標示，薄擦於需要保養的局部，搭配輕柔按摩即可，不需要追求厚敷或過度刺激。

安全提醒：節氣養生屬一般生活資訊，身體不適仍應諮詢專業人員。

本內容為一般生活保健資訊，非醫療診斷或治療建議。

CTA：收藏提醒",#節氣保養 #生活保健 #日常保養 #身體覺察,圖1：【白露時節關心長輩活動】｜圖2：以生活保健與身體覺察為主，不做醫療療效宣稱｜圖3：節氣養生屬一般生活資訊，身體不適仍應諮詢專業人員。,本內容為一般生活保健資訊，非醫療診斷或治療建議。,節氣養生屬一般生活資訊，身體不適仍應諮詢專業人員。,根治|治療疾病|消炎治本|打通經絡|一擦就好|保證有效|深層修復|替代藥物
Facebook_LINE118,LINE118,Facebook,2026-08-01,20:00,勞動後先休息再按摩,C,中,pending_legal_pharmacist_review,false,【勞動後先休息再按摩】,"【勞動後先休息再按摩】

運動族、搬重物、久站與勞動工作者常會遇到這種情境：勞動後先休息再按摩。

這則貼文要傳達的重點很簡單：一條根外用油膏不是神奇療法，適合放在「運動或勞動後的局部肌肉痠痛，可短期按摩舒緩」這個保守邊界裡溝通。使用時請先看標示，薄擦於需要保養的局部，搭配輕柔按摩即可，不需要追求厚敷或過度刺激。

安全提醒：明顯腫脹、劇痛、活動受限或疑似受傷時，請先就醫。

本產品為外用油膏，請依核准標示使用；若症狀持續或惡化，請諮詢醫師或藥師。

CTA：私訊/了解更多","【勞動後先休息再按摩】

運動族、搬重物、久站與勞動工作者常會遇到這種情境：勞動後先休息再按摩。

這則貼文要傳達的重點很簡單：一條根外用油膏不是神奇療法，適合放在「運動或勞動後的局部肌肉痠痛，可短期按摩舒緩」這個保守邊界裡溝通。使用時請先看標示，薄擦於需要保養的局部，搭配輕柔按摩即可，不需要追求厚敷或過度刺激。

安全提醒：明顯腫脹、劇痛、活動受限或疑似受傷時，請先就醫。

本產品為外用油膏，請依核准標示使用；若症狀持續或惡化，請諮詢醫師或藥師。

CTA：私訊/了解更多",#運動後保養 #局部按摩 #肌肉痠痛 #依標示使用,圖1：【勞動後先休息再按摩】｜圖2：運動或勞動後的局部肌肉痠痛，可短期按摩舒緩｜圖3：明顯腫脹、劇痛、活動受限或疑似受傷時，請先就醫。,本產品為外用油膏，請依核准標示使用；若症狀持續或惡化，請諮詢醫師或藥師。,明顯腫脹、劇痛、活動受限或疑似受傷時，請先就醫。,根治|治療疾病|消炎治本|打通經絡|一擦就好|保證有效|深層修復|替代藥物
Facebook_LINE119,LINE119,Facebook,2026-08-02,12:00,長輩使用外用膏你會提醒什麼,G,低,pending_legal_pharmacist_review,false,【長輩使用外用膏你會提醒什麼】,"【長輩使用外用膏你會提醒什麼】

LINE OA 好友、回購客與新客常會遇到這種情境：長輩使用外用膏你會提醒什麼。

這則貼文要傳達的重點很簡單：一條根外用油膏不是神奇療法，適合放在「用問答降低誤用，讓使用者知道何時該詢問專業人員」這個保守邊界裡溝通。使用時請先看標示，薄擦於需要保養的局部，搭配輕柔按摩即可，不需要追求厚敷或過度刺激。

安全提醒：互動回答不取代醫師或藥師建議。

本內容為一般生活保健資訊，非醫療診斷或治療建議。

CTA：留言互動","【長輩使用外用膏你會提醒什麼】

LINE OA 好友、回購客與新客常會遇到這種情境：長輩使用外用膏你會提醒什麼。

這則貼文要傳達的重點很簡單：一條根外用油膏不是神奇療法，適合放在「用問答降低誤用，讓使用者知道何時該詢問專業人員」這個保守邊界裡溝通。使用時請先看標示，薄擦於需要保養的局部，搭配輕柔按摩即可，不需要追求厚敷或過度刺激。

安全提醒：互動回答不取代醫師或藥師建議。

本內容為一般生活保健資訊，非醫療診斷或治療建議。

CTA：留言互動",#互動問答 #保養知識 #使用小提醒 #金牌一條根,圖1：【長輩使用外用膏你會提醒什麼】｜圖2：用問答降低誤用，讓使用者知道何時該詢問專業人員｜圖3：互動回答不取代醫師或藥師建議。,本內容為一般生活保健資訊，非醫療診斷或治療建議。,互動回答不取代醫師或藥師建議。,根治|治療疾病|消炎治本|打通經絡|一擦就好|保證有效|深層修復|替代藥物
Facebook_LINE120,LINE120,Facebook,2026-08-02,20:00,日常活動舒適度的三個習慣,D,中,pending_legal_pharmacist_review,false,【日常活動舒適度的三個習慣】,"【日常活動舒適度的三個習慣】

40-70 歲注重日常活動舒適度的族群常會遇到這種情境：日常活動舒適度的三個習慣。

這則貼文要傳達的重點很簡單：一條根外用油膏不是神奇療法，適合放在「輕微關節痠痛可短期舒緩，但不可宣稱治療疾病」這個保守邊界裡溝通。使用時請先看標示，薄擦於需要保養的局部，搭配輕柔按摩即可，不需要追求厚敷或過度刺激。

安全提醒：關節腫痛、紅熱、長期疼痛或行走困難，請就醫評估。

本產品為外用油膏，請依核准標示使用；若症狀持續或惡化，請諮詢醫師或藥師。

CTA：私訊/了解更多","【日常活動舒適度的三個習慣】

40-70 歲注重日常活動舒適度的族群常會遇到這種情境：日常活動舒適度的三個習慣。

這則貼文要傳達的重點很簡單：一條根外用油膏不是神奇療法，適合放在「輕微關節痠痛可短期舒緩，但不可宣稱治療疾病」這個保守邊界裡溝通。使用時請先看標示，薄擦於需要保養的局部，搭配輕柔按摩即可，不需要追求厚敷或過度刺激。

安全提醒：關節腫痛、紅熱、長期疼痛或行走困難，請就醫評估。

本產品為外用油膏，請依核准標示使用；若症狀持續或惡化，請諮詢醫師或藥師。

CTA：私訊/了解更多",#銀髮保養 #活動舒適 #輕微痠痛 #依標示使用,圖1：【日常活動舒適度的三個習慣】｜圖2：輕微關節痠痛可短期舒緩，但不可宣稱治療疾病｜圖3：關節腫痛、紅熱、長期疼痛或行走困難，請就醫評估。,本產品為外用油膏，請依核准標示使用；若症狀持續或惡化，請諮詢醫師或藥師。,關節腫痛、紅熱、長期疼痛或行走困難，請就醫評估。,根治|治療疾病|消炎治本|打通經絡|一擦就好|保證有效|深層修復|替代藥物
Facebook_LINE121,LINE121,Facebook,2026-08-03,12:00,背包太重後的肩膀保養,B,低,pending_legal_pharmacist_review,false,【背包太重後的肩膀保養】,"【背包太重後的肩膀保養】

長時間低頭、久坐、用電腦的上班族常會遇到這種情境：背包太重後的肩膀保養。

這則貼文要傳達的重點很簡單：一條根外用油膏不是神奇療法，適合放在「久坐低頭後，可搭配伸展與局部按摩舒緩緊繃不適」這個保守邊界裡溝通。使用時請先看標示，薄擦於需要保養的局部，搭配輕柔按摩即可，不需要追求厚敷或過度刺激。

安全提醒：若痠痛持續、麻木或影響活動，請諮詢醫師或藥師。

本內容為一般生活保健資訊，非醫療診斷或治療建議。

CTA：收藏提醒","【背包太重後的肩膀保養】

長時間低頭、久坐、用電腦的上班族常會遇到這種情境：背包太重後的肩膀保養。

這則貼文要傳達的重點很簡單：一條根外用油膏不是神奇療法，適合放在「久坐低頭後，可搭配伸展與局部按摩舒緩緊繃不適」這個保守邊界裡溝通。使用時請先看標示，薄擦於需要保養的局部，搭配輕柔按摩即可，不需要追求厚敷或過度刺激。

安全提醒：若痠痛持續、麻木或影響活動，請諮詢醫師或藥師。

本內容為一般生活保健資訊，非醫療診斷或治療建議。

CTA：收藏提醒",#肩頸保養 #久坐族 #日常舒緩 #依標示使用,圖1：【背包太重後的肩膀保養】｜圖2：久坐低頭後，可搭配伸展與局部按摩舒緩緊繃不適｜圖3：若痠痛持續、麻木或影響活動，請諮詢醫師或藥師。,本內容為一般生活保健資訊，非醫療診斷或治療建議。,若痠痛持續、麻木或影響活動，請諮詢醫師或藥師。,根治|治療疾病|消炎治本|打通經絡|一擦就好|保證有效|深層修復|替代藥物
Facebook_LINE122,LINE122,Facebook,2026-08-03,20:00,局部按摩和大面積厚敷的差別,A,中,pending_legal_pharmacist_review,false,【局部按摩和大面積厚敷的差別】,"【局部按摩和大面積厚敷的差別】

已購買或正在觀望的一條根使用者常會遇到這種情境：局部按摩和大面積厚敷的差別。

這則貼文要傳達的重點很簡單：一條根外用油膏不是神奇療法，適合放在「依標示外用，提供局部按摩與暫時舒緩體感」這個保守邊界裡溝通。使用時請先看標示，薄擦於需要保養的局部，搭配輕柔按摩即可，不需要追求厚敷或過度刺激。

安全提醒：僅供外用；避免眼周、黏膜、破皮或傷口。

本產品為外用油膏，請依核准標示使用；若症狀持續或惡化，請諮詢醫師或藥師。

CTA：私訊/了解更多","【局部按摩和大面積厚敷的差別】

已購買或正在觀望的一條根使用者常會遇到這種情境：局部按摩和大面積厚敷的差別。

這則貼文要傳達的重點很簡單：一條根外用油膏不是神奇療法，適合放在「依標示外用，提供局部按摩與暫時舒緩體感」這個保守邊界裡溝通。使用時請先看標示，薄擦於需要保養的局部，搭配輕柔按摩即可，不需要追求厚敷或過度刺激。

安全提醒：僅供外用；避免眼周、黏膜、破皮或傷口。

本產品為外用油膏，請依核准標示使用；若症狀持續或惡化，請諮詢醫師或藥師。

CTA：私訊/了解更多",#金牌一條根 #外用油膏 #成分透明 #依標示使用,圖1：【局部按摩和大面積厚敷的差別】｜圖2：依標示外用，提供局部按摩與暫時舒緩體感｜圖3：僅供外用；避免眼周、黏膜、破皮或傷口。,本產品為外用油膏，請依核准標示使用；若症狀持續或惡化，請諮詢醫師或藥師。,僅供外用；避免眼周、黏膜、破皮或傷口。,根治|治療疾病|消炎治本|打通經絡|一擦就好|保證有效|深層修復|替代藥物
Facebook_LINE123,LINE123,Facebook,2026-08-04,12:00,秋分後外出前暖身,F,低,pending_legal_pharmacist_review,false,【秋分後外出前暖身】,"【秋分後外出前暖身】

喜歡養生、節氣與日常保健的 LINE 讀者常會遇到這種情境：秋分後外出前暖身。

這則貼文要傳達的重點很簡單：一條根外用油膏不是神奇療法，適合放在「以生活保健與身體覺察為主，不做醫療療效宣稱」這個保守邊界裡溝通。使用時請先看標示，薄擦於需要保養的局部，搭配輕柔按摩即可，不需要追求厚敷或過度刺激。

安全提醒：節氣養生屬一般生活資訊，身體不適仍應諮詢專業人員。

本內容為一般生活保健資訊，非醫療診斷或治療建議。

CTA：收藏提醒","【秋分後外出前暖身】

喜歡養生、節氣與日常保健的 LINE 讀者常會遇到這種情境：秋分後外出前暖身。

這則貼文要傳達的重點很簡單：一條根外用油膏不是神奇療法，適合放在「以生活保健與身體覺察為主，不做醫療療效宣稱」這個保守邊界裡溝通。使用時請先看標示，薄擦於需要保養的局部，搭配輕柔按摩即可，不需要追求厚敷或過度刺激。

安全提醒：節氣養生屬一般生活資訊，身體不適仍應諮詢專業人員。

本內容為一般生活保健資訊，非醫療診斷或治療建議。

CTA：收藏提醒",#節氣保養 #生活保健 #日常保養 #身體覺察,圖1：【秋分後外出前暖身】｜圖2：以生活保健與身體覺察為主，不做醫療療效宣稱｜圖3：節氣養生屬一般生活資訊，身體不適仍應諮詢專業人員。,本內容為一般生活保健資訊，非醫療診斷或治療建議。,節氣養生屬一般生活資訊，身體不適仍應諮詢專業人員。,根治|治療疾病|消炎治本|打通經絡|一擦就好|保證有效|深層修復|替代藥物
Facebook_LINE124,LINE124,Facebook,2026-08-04,20:00,症狀超過七天要停用並諮詢,E,高,pending_legal_pharmacist_review,false,【症狀超過七天要停用並諮詢】,"【症狀超過七天要停用並諮詢】

所有使用者、照護者與家庭購買者常會遇到這種情境：症狀超過七天要停用並諮詢。

這則貼文要傳達的重點很簡單：一條根外用油膏不是神奇療法，適合放在「安全使用比用得多更重要，依標示與風險族群提醒」這個保守邊界裡溝通。使用時請先看標示，薄擦於需要保養的局部，搭配輕柔按摩即可，不需要追求厚敷或過度刺激。

安全提醒：2 歲以下、孕哺、過敏體質、抗凝血藥使用者請先詢問專業人員。

僅供外用。避免接觸眼睛、黏膜、破皮或傷口；特殊族群使用前請先諮詢專業人員。

CTA：私訊/了解更多","【症狀超過七天要停用並諮詢】

所有使用者、照護者與家庭購買者常會遇到這種情境：症狀超過七天要停用並諮詢。

這則貼文要傳達的重點很簡單：一條根外用油膏不是神奇療法，適合放在「安全使用比用得多更重要，依標示與風險族群提醒」這個保守邊界裡溝通。使用時請先看標示，薄擦於需要保養的局部，搭配輕柔按摩即可，不需要追求厚敷或過度刺激。

安全提醒：2 歲以下、孕哺、過敏體質、抗凝血藥使用者請先詢問專業人員。

僅供外用。避免接觸眼睛、黏膜、破皮或傷口；特殊族群使用前請先諮詢專業人員。

CTA：私訊/了解更多",#外用安全 #用藥安全 #使用前看標示 #諮詢醫師藥師,圖1：【症狀超過七天要停用並諮詢】｜圖2：安全使用比用得多更重要，依標示與風險族群提醒｜圖3：2 歲以下、孕哺、過敏體質、抗凝血藥使用者請先詢問專業人員。,僅供外用。避免接觸眼睛、黏膜、破皮或傷口；特殊族群使用前請先諮詢專業人員。,2 歲以下、孕哺、過敏體質、抗凝血藥使用者請先詢問專業人員。,根治|治療疾病|消炎治本|打通經絡|一擦就好|保證有效|深層修復|替代藥物
Facebook_LINE125,LINE125,Facebook,2026-08-05,12:00,為什麼不鼓勵擦傷口,H,中,pending_legal_pharmacist_review,false,【為什麼不鼓勵擦傷口】,"【為什麼不鼓勵擦傷口】

重視藥證、成分、品質與合法性的消費者常會遇到這種情境：為什麼不鼓勵擦傷口。

這則貼文要傳達的重點很簡單：一條根外用油膏不是神奇療法，適合放在「強調藥證、標示、保守宣稱與人工審核流程」這個保守邊界裡溝通。使用時請先看標示，薄擦於需要保養的局部，搭配輕柔按摩即可，不需要追求厚敷或過度刺激。

安全提醒：所有廣告文案仍須依主管機關與專業人員審核。

本產品為外用油膏，請依核准標示使用；若症狀持續或惡化，請諮詢醫師或藥師。

CTA：收藏提醒","【為什麼不鼓勵擦傷口】

重視藥證、成分、品質與合法性的消費者常會遇到這種情境：為什麼不鼓勵擦傷口。

這則貼文要傳達的重點很簡單：一條根外用油膏不是神奇療法，適合放在「強調藥證、標示、保守宣稱與人工審核流程」這個保守邊界裡溝通。使用時請先看標示，薄擦於需要保養的局部，搭配輕柔按摩即可，不需要追求厚敷或過度刺激。

安全提醒：所有廣告文案仍須依主管機關與專業人員審核。

本產品為外用油膏，請依核准標示使用；若症狀持續或惡化，請諮詢醫師或藥師。

CTA：收藏提醒",#藥證可查 #品牌透明 #合法宣傳 #成分透明,圖1：【為什麼不鼓勵擦傷口】｜圖2：強調藥證、標示、保守宣稱與人工審核流程｜圖3：所有廣告文案仍須依主管機關與專業人員審核。,本產品為外用油膏，請依核准標示使用；若症狀持續或惡化，請諮詢醫師或藥師。,所有廣告文案仍須依主管機關與專業人員審核。,根治|治療疾病|消炎治本|打通經絡|一擦就好|保證有效|深層修復|替代藥物
Facebook_LINE126,LINE126,Facebook,2026-08-05,20:00,一條根可以天天厚敷嗎,G,低,pending_legal_pharmacist_review,false,【一條根可以天天厚敷嗎】,"【一條根可以天天厚敷嗎】

LINE OA 好友、回購客與新客常會遇到這種情境：一條根可以天天厚敷嗎。

這則貼文要傳達的重點很簡單：一條根外用油膏不是神奇療法，適合放在「用問答降低誤用，讓使用者知道何時該詢問專業人員」這個保守邊界裡溝通。使用時請先看標示，薄擦於需要保養的局部，搭配輕柔按摩即可，不需要追求厚敷或過度刺激。

安全提醒：互動回答不取代醫師或藥師建議。

本內容為一般生活保健資訊，非醫療診斷或治療建議。

CTA：留言互動","【一條根可以天天厚敷嗎】

LINE OA 好友、回購客與新客常會遇到這種情境：一條根可以天天厚敷嗎。

這則貼文要傳達的重點很簡單：一條根外用油膏不是神奇療法，適合放在「用問答降低誤用，讓使用者知道何時該詢問專業人員」這個保守邊界裡溝通。使用時請先看標示，薄擦於需要保養的局部，搭配輕柔按摩即可，不需要追求厚敷或過度刺激。

安全提醒：互動回答不取代醫師或藥師建議。

本內容為一般生活保健資訊，非醫療診斷或治療建議。

CTA：留言互動",#互動問答 #保養知識 #使用小提醒 #金牌一條根,圖1：【一條根可以天天厚敷嗎】｜圖2：用問答降低誤用，讓使用者知道何時該詢問專業人員｜圖3：互動回答不取代醫師或藥師建議。,本內容為一般生活保健資訊，非醫療診斷或治療建議。,互動回答不取代醫師或藥師建議。,根治|治療疾病|消炎治本|打通經絡|一擦就好|保證有效|深層修復|替代藥物
Facebook_LINE127,LINE127,Facebook,2026-08-06,12:00,運動後不要立刻熱敷加藥膏,C,中,pending_legal_pharmacist_review,false,【運動後不要立刻熱敷加藥膏】,"【運動後不要立刻熱敷加藥膏】

運動族、搬重物、久站與勞動工作者常會遇到這種情境：運動後不要立刻熱敷加藥膏。

這則貼文要傳達的重點很簡單：一條根外用油膏不是神奇療法，適合放在「運動或勞動後的局部肌肉痠痛，可短期按摩舒緩」這個保守邊界裡溝通。使用時請先看標示，薄擦於需要保養的局部，搭配輕柔按摩即可，不需要追求厚敷或過度刺激。

安全提醒：明顯腫脹、劇痛、活動受限或疑似受傷時，請先就醫。

本產品為外用油膏，請依核准標示使用；若症狀持續或惡化，請諮詢醫師或藥師。

CTA：收藏提醒","【運動後不要立刻熱敷加藥膏】

運動族、搬重物、久站與勞動工作者常會遇到這種情境：運動後不要立刻熱敷加藥膏。

這則貼文要傳達的重點很簡單：一條根外用油膏不是神奇療法，適合放在「運動或勞動後的局部肌肉痠痛，可短期按摩舒緩」這個保守邊界裡溝通。使用時請先看標示，薄擦於需要保養的局部，搭配輕柔按摩即可，不需要追求厚敷或過度刺激。

安全提醒：明顯腫脹、劇痛、活動受限或疑似受傷時，請先就醫。

本產品為外用油膏，請依核准標示使用；若症狀持續或惡化，請諮詢醫師或藥師。

CTA：收藏提醒",#運動後保養 #局部按摩 #肌肉痠痛 #依標示使用,圖1：【運動後不要立刻熱敷加藥膏】｜圖2：運動或勞動後的局部肌肉痠痛，可短期按摩舒緩｜圖3：明顯腫脹、劇痛、活動受限或疑似受傷時，請先就醫。,本產品為外用油膏，請依核准標示使用；若症狀持續或惡化，請諮詢醫師或藥師。,明顯腫脹、劇痛、活動受限或疑似受傷時，請先就醫。,根治|治療疾病|消炎治本|打通經絡|一擦就好|保證有效|深層修復|替代藥物
Facebook_LINE128,LINE128,Facebook,2026-08-06,20:00,使用前先小範圍測試,A,中,pending_legal_pharmacist_review,false,【使用前先小範圍測試】,"【使用前先小範圍測試】

已購買或正在觀望的一條根使用者常會遇到這種情境：使用前先小範圍測試。

這則貼文要傳達的重點很簡單：一條根外用油膏不是神奇療法，適合放在「依標示外用，提供局部按摩與暫時舒緩體感」這個保守邊界裡溝通。使用時請先看標示，薄擦於需要保養的局部，搭配輕柔按摩即可，不需要追求厚敷或過度刺激。

安全提醒：僅供外用；避免眼周、黏膜、破皮或傷口。

本產品為外用油膏，請依核准標示使用；若症狀持續或惡化，請諮詢醫師或藥師。

CTA：私訊/了解更多","【使用前先小範圍測試】

已購買或正在觀望的一條根使用者常會遇到這種情境：使用前先小範圍測試。

這則貼文要傳達的重點很簡單：一條根外用油膏不是神奇療法，適合放在「依標示外用，提供局部按摩與暫時舒緩體感」這個保守邊界裡溝通。使用時請先看標示，薄擦於需要保養的局部，搭配輕柔按摩即可，不需要追求厚敷或過度刺激。

安全提醒：僅供外用；避免眼周、黏膜、破皮或傷口。

本產品為外用油膏，請依核准標示使用；若症狀持續或惡化，請諮詢醫師或藥師。

CTA：私訊/了解更多",#金牌一條根 #外用油膏 #成分透明 #依標示使用,圖1：【使用前先小範圍測試】｜圖2：依標示外用，提供局部按摩與暫時舒緩體感｜圖3：僅供外用；避免眼周、黏膜、破皮或傷口。,本產品為外用油膏，請依核准標示使用；若症狀持續或惡化，請諮詢醫師或藥師。,僅供外用；避免眼周、黏膜、破皮或傷口。,根治|治療疾病|消炎治本|打通經絡|一擦就好|保證有效|深層修復|替代藥物
Facebook_LINE129,LINE129,Facebook,2026-08-07,12:00,長輩使用前先看標示,D,中,pending_legal_pharmacist_review,false,【長輩使用前先看標示】,"【長輩使用前先看標示】

40-70 歲注重日常活動舒適度的族群常會遇到這種情境：長輩使用前先看標示。

這則貼文要傳達的重點很簡單：一條根外用油膏不是神奇療法，適合放在「輕微關節痠痛可短期舒緩，但不可宣稱治療疾病」這個保守邊界裡溝通。使用時請先看標示，薄擦於需要保養的局部，搭配輕柔按摩即可，不需要追求厚敷或過度刺激。

安全提醒：關節腫痛、紅熱、長期疼痛或行走困難，請就醫評估。

本產品為外用油膏，請依核准標示使用；若症狀持續或惡化，請諮詢醫師或藥師。

CTA：收藏提醒","【長輩使用前先看標示】

40-70 歲注重日常活動舒適度的族群常會遇到這種情境：長輩使用前先看標示。

這則貼文要傳達的重點很簡單：一條根外用油膏不是神奇療法，適合放在「輕微關節痠痛可短期舒緩，但不可宣稱治療疾病」這個保守邊界裡溝通。使用時請先看標示，薄擦於需要保養的局部，搭配輕柔按摩即可，不需要追求厚敷或過度刺激。

安全提醒：關節腫痛、紅熱、長期疼痛或行走困難，請就醫評估。

本產品為外用油膏，請依核准標示使用；若症狀持續或惡化，請諮詢醫師或藥師。

CTA：收藏提醒",#銀髮保養 #活動舒適 #輕微痠痛 #依標示使用,圖1：【長輩使用前先看標示】｜圖2：輕微關節痠痛可短期舒緩，但不可宣稱治療疾病｜圖3：關節腫痛、紅熱、長期疼痛或行走困難，請就醫評估。,本產品為外用油膏，請依核准標示使用；若症狀持續或惡化，請諮詢醫師或藥師。,關節腫痛、紅熱、長期疼痛或行走困難，請就醫評估。,根治|治療疾病|消炎治本|打通經絡|一擦就好|保證有效|深層修復|替代藥物
Facebook_LINE130,LINE130,Facebook,2026-08-07,20:00,皮膚刺激時要停止使用,E,高,pending_legal_pharmacist_review,false,【皮膚刺激時要停止使用】,"【皮膚刺激時要停止使用】

所有使用者、照護者與家庭購買者常會遇到這種情境：皮膚刺激時要停止使用。

這則貼文要傳達的重點很簡單：一條根外用油膏不是神奇療法，適合放在「安全使用比用得多更重要，依標示與風險族群提醒」這個保守邊界裡溝通。使用時請先看標示，薄擦於需要保養的局部，搭配輕柔按摩即可，不需要追求厚敷或過度刺激。

安全提醒：2 歲以下、孕哺、過敏體質、抗凝血藥使用者請先詢問專業人員。

僅供外用。避免接觸眼睛、黏膜、破皮或傷口；特殊族群使用前請先諮詢專業人員。

CTA：私訊/了解更多","【皮膚刺激時要停止使用】

所有使用者、照護者與家庭購買者常會遇到這種情境：皮膚刺激時要停止使用。

這則貼文要傳達的重點很簡單：一條根外用油膏不是神奇療法，適合放在「安全使用比用得多更重要，依標示與風險族群提醒」這個保守邊界裡溝通。使用時請先看標示，薄擦於需要保養的局部，搭配輕柔按摩即可，不需要追求厚敷或過度刺激。

安全提醒：2 歲以下、孕哺、過敏體質、抗凝血藥使用者請先詢問專業人員。

僅供外用。避免接觸眼睛、黏膜、破皮或傷口；特殊族群使用前請先諮詢專業人員。

CTA：私訊/了解更多",#外用安全 #用藥安全 #使用前看標示 #諮詢醫師藥師,圖1：【皮膚刺激時要停止使用】｜圖2：安全使用比用得多更重要，依標示與風險族群提醒｜圖3：2 歲以下、孕哺、過敏體質、抗凝血藥使用者請先詢問專業人員。,僅供外用。避免接觸眼睛、黏膜、破皮或傷口；特殊族群使用前請先諮詢專業人員。,2 歲以下、孕哺、過敏體質、抗凝血藥使用者請先詢問專業人員。,根治|治療疾病|消炎治本|打通經絡|一擦就好|保證有效|深層修復|替代藥物
Facebook_LINE131,LINE131,Facebook,2026-08-08,12:00,寒露後肩背保養,F,低,pending_legal_pharmacist_review,false,【寒露後肩背保養】,"【寒露後肩背保養】

喜歡養生、節氣與日常保健的 LINE 讀者常會遇到這種情境：寒露後肩背保養。

這則貼文要傳達的重點很簡單：一條根外用油膏不是神奇療法，適合放在「以生活保健與身體覺察為主，不做醫療療效宣稱」這個保守邊界裡溝通。使用時請先看標示，薄擦於需要保養的局部，搭配輕柔按摩即可，不需要追求厚敷或過度刺激。

安全提醒：節氣養生屬一般生活資訊，身體不適仍應諮詢專業人員。

本內容為一般生活保健資訊，非醫療診斷或治療建議。

CTA：收藏提醒","【寒露後肩背保養】

喜歡養生、節氣與日常保健的 LINE 讀者常會遇到這種情境：寒露後肩背保養。

這則貼文要傳達的重點很簡單：一條根外用油膏不是神奇療法，適合放在「以生活保健與身體覺察為主，不做醫療療效宣稱」這個保守邊界裡溝通。使用時請先看標示，薄擦於需要保養的局部，搭配輕柔按摩即可，不需要追求厚敷或過度刺激。

安全提醒：節氣養生屬一般生活資訊，身體不適仍應諮詢專業人員。

本內容為一般生活保健資訊，非醫療診斷或治療建議。

CTA：收藏提醒",#節氣保養 #生活保健 #日常保養 #身體覺察,圖1：【寒露後肩背保養】｜圖2：以生活保健與身體覺察為主，不做醫療療效宣稱｜圖3：節氣養生屬一般生活資訊，身體不適仍應諮詢專業人員。,本內容為一般生活保健資訊，非醫療診斷或治療建議。,節氣養生屬一般生活資訊，身體不適仍應諮詢專業人員。,根治|治療疾病|消炎治本|打通經絡|一擦就好|保證有效|深層修復|替代藥物
Facebook_LINE132,LINE132,Facebook,2026-08-08,20:00,輕微拉扯後的觀察重點,C,中,pending_legal_pharmacist_review,false,【輕微拉扯後的觀察重點】,"【輕微拉扯後的觀察重點】

運動族、搬重物、久站與勞動工作者常會遇到這種情境：輕微拉扯後的觀察重點。

這則貼文要傳達的重點很簡單：一條根外用油膏不是神奇療法，適合放在「運動或勞動後的局部肌肉痠痛，可短期按摩舒緩」這個保守邊界裡溝通。使用時請先看標示，薄擦於需要保養的局部，搭配輕柔按摩即可，不需要追求厚敷或過度刺激。

安全提醒：明顯腫脹、劇痛、活動受限或疑似受傷時，請先就醫。

本產品為外用油膏，請依核准標示使用；若症狀持續或惡化，請諮詢醫師或藥師。

CTA：私訊/了解更多","【輕微拉扯後的觀察重點】

運動族、搬重物、久站與勞動工作者常會遇到這種情境：輕微拉扯後的觀察重點。

這則貼文要傳達的重點很簡單：一條根外用油膏不是神奇療法，適合放在「運動或勞動後的局部肌肉痠痛，可短期按摩舒緩」這個保守邊界裡溝通。使用時請先看標示，薄擦於需要保養的局部，搭配輕柔按摩即可，不需要追求厚敷或過度刺激。

安全提醒：明顯腫脹、劇痛、活動受限或疑似受傷時，請先就醫。

本產品為外用油膏，請依核准標示使用；若症狀持續或惡化，請諮詢醫師或藥師。

CTA：私訊/了解更多",#運動後保養 #局部按摩 #肌肉痠痛 #依標示使用,圖1：【輕微拉扯後的觀察重點】｜圖2：運動或勞動後的局部肌肉痠痛，可短期按摩舒緩｜圖3：明顯腫脹、劇痛、活動受限或疑似受傷時，請先就醫。,本產品為外用油膏，請依核准標示使用；若症狀持續或惡化，請諮詢醫師或藥師。,明顯腫脹、劇痛、活動受限或疑似受傷時，請先就醫。,根治|治療疾病|消炎治本|打通經絡|一擦就好|保證有效|深層修復|替代藥物
Facebook_LINE133,LINE133,Facebook,2026-08-09,12:00,擦完可以馬上熱敷嗎,G,低,pending_legal_pharmacist_review,false,【擦完可以馬上熱敷嗎】,"【擦完可以馬上熱敷嗎】

LINE OA 好友、回購客與新客常會遇到這種情境：擦完可以馬上熱敷嗎。

這則貼文要傳達的重點很簡單：一條根外用油膏不是神奇療法，適合放在「用問答降低誤用，讓使用者知道何時該詢問專業人員」這個保守邊界裡溝通。使用時請先看標示，薄擦於需要保養的局部，搭配輕柔按摩即可，不需要追求厚敷或過度刺激。

安全提醒：互動回答不取代醫師或藥師建議。

本內容為一般生活保健資訊，非醫療診斷或治療建議。

CTA：留言互動","【擦完可以馬上熱敷嗎】

LINE OA 好友、回購客與新客常會遇到這種情境：擦完可以馬上熱敷嗎。

這則貼文要傳達的重點很簡單：一條根外用油膏不是神奇療法，適合放在「用問答降低誤用，讓使用者知道何時該詢問專業人員」這個保守邊界裡溝通。使用時請先看標示，薄擦於需要保養的局部，搭配輕柔按摩即可，不需要追求厚敷或過度刺激。

安全提醒：互動回答不取代醫師或藥師建議。

本內容為一般生活保健資訊，非醫療診斷或治療建議。

CTA：留言互動",#互動問答 #保養知識 #使用小提醒 #金牌一條根,圖1：【擦完可以馬上熱敷嗎】｜圖2：用問答降低誤用，讓使用者知道何時該詢問專業人員｜圖3：互動回答不取代醫師或藥師建議。,本內容為一般生活保健資訊，非醫療診斷或治療建議。,互動回答不取代醫師或藥師建議。,根治|治療疾病|消炎治本|打通經絡|一擦就好|保證有效|深層修復|替代藥物
Facebook_LINE134,LINE134,Facebook,2026-08-09,20:00,別把長期疼痛只當小問題,D,中,pending_legal_pharmacist_review,false,【別把長期疼痛只當小問題】,"【別把長期疼痛只當小問題】

40-70 歲注重日常活動舒適度的族群常會遇到這種情境：別把長期疼痛只當小問題。

這則貼文要傳達的重點很簡單：一條根外用油膏不是神奇療法，適合放在「輕微關節痠痛可短期舒緩，但不可宣稱治療疾病」這個保守邊界裡溝通。使用時請先看標示，薄擦於需要保養的局部，搭配輕柔按摩即可，不需要追求厚敷或過度刺激。

安全提醒：關節腫痛、紅熱、長期疼痛或行走困難，請就醫評估。

本產品為外用油膏，請依核准標示使用；若症狀持續或惡化，請諮詢醫師或藥師。

CTA：私訊/了解更多","【別把長期疼痛只當小問題】

40-70 歲注重日常活動舒適度的族群常會遇到這種情境：別把長期疼痛只當小問題。

這則貼文要傳達的重點很簡單：一條根外用油膏不是神奇療法，適合放在「輕微關節痠痛可短期舒緩，但不可宣稱治療疾病」這個保守邊界裡溝通。使用時請先看標示，薄擦於需要保養的局部，搭配輕柔按摩即可，不需要追求厚敷或過度刺激。

安全提醒：關節腫痛、紅熱、長期疼痛或行走困難，請就醫評估。

本產品為外用油膏，請依核准標示使用；若症狀持續或惡化，請諮詢醫師或藥師。

CTA：私訊/了解更多",#銀髮保養 #活動舒適 #輕微痠痛 #依標示使用,圖1：【別把長期疼痛只當小問題】｜圖2：輕微關節痠痛可短期舒緩，但不可宣稱治療疾病｜圖3：關節腫痛、紅熱、長期疼痛或行走困難，請就醫評估。,本產品為外用油膏，請依核准標示使用；若症狀持續或惡化，請諮詢醫師或藥師。,關節腫痛、紅熱、長期疼痛或行走困難，請就醫評估。,根治|治療疾病|消炎治本|打通經絡|一擦就好|保證有效|深層修復|替代藥物
Facebook_LINE135,LINE135,Facebook,2026-08-10,12:00,冷氣房肩頸緊繃保養,B,低,pending_legal_pharmacist_review,false,【冷氣房肩頸緊繃保養】,"【冷氣房肩頸緊繃保養】

長時間低頭、久坐、用電腦的上班族常會遇到這種情境：冷氣房肩頸緊繃保養。

這則貼文要傳達的重點很簡單：一條根外用油膏不是神奇療法，適合放在「久坐低頭後，可搭配伸展與局部按摩舒緩緊繃不適」這個保守邊界裡溝通。使用時請先看標示，薄擦於需要保養的局部，搭配輕柔按摩即可，不需要追求厚敷或過度刺激。

安全提醒：若痠痛持續、麻木或影響活動，請諮詢醫師或藥師。

本內容為一般生活保健資訊，非醫療診斷或治療建議。

CTA：收藏提醒","【冷氣房肩頸緊繃保養】

長時間低頭、久坐、用電腦的上班族常會遇到這種情境：冷氣房肩頸緊繃保養。

這則貼文要傳達的重點很簡單：一條根外用油膏不是神奇療法，適合放在「久坐低頭後，可搭配伸展與局部按摩舒緩緊繃不適」這個保守邊界裡溝通。使用時請先看標示，薄擦於需要保養的局部，搭配輕柔按摩即可，不需要追求厚敷或過度刺激。

安全提醒：若痠痛持續、麻木或影響活動，請諮詢醫師或藥師。

本內容為一般生活保健資訊，非醫療診斷或治療建議。

CTA：收藏提醒",#肩頸保養 #久坐族 #日常舒緩 #依標示使用,圖1：【冷氣房肩頸緊繃保養】｜圖2：久坐低頭後，可搭配伸展與局部按摩舒緩緊繃不適｜圖3：若痠痛持續、麻木或影響活動，請諮詢醫師或藥師。,本內容為一般生活保健資訊，非醫療診斷或治療建議。,若痠痛持續、麻木或影響活動，請諮詢醫師或藥師。,根治|治療疾病|消炎治本|打通經絡|一擦就好|保證有效|深層修復|替代藥物
Facebook_LINE136,LINE136,Facebook,2026-08-10,20:00,產品不是神藥，定位要講清楚,A,中,pending_legal_pharmacist_review,false,【產品不是神藥，定位要講清楚】,"【產品不是神藥，定位要講清楚】

已購買或正在觀望的一條根使用者常會遇到這種情境：產品不是神藥，定位要講清楚。

這則貼文要傳達的重點很簡單：一條根外用油膏不是神奇療法，適合放在「依標示外用，提供局部按摩與暫時舒緩體感」這個保守邊界裡溝通。使用時請先看標示，薄擦於需要保養的局部，搭配輕柔按摩即可，不需要追求厚敷或過度刺激。

安全提醒：僅供外用；避免眼周、黏膜、破皮或傷口。

本產品為外用油膏，請依核准標示使用；若症狀持續或惡化，請諮詢醫師或藥師。

CTA：私訊/了解更多","【產品不是神藥，定位要講清楚】

已購買或正在觀望的一條根使用者常會遇到這種情境：產品不是神藥，定位要講清楚。

這則貼文要傳達的重點很簡單：一條根外用油膏不是神奇療法，適合放在「依標示外用，提供局部按摩與暫時舒緩體感」這個保守邊界裡溝通。使用時請先看標示，薄擦於需要保養的局部，搭配輕柔按摩即可，不需要追求厚敷或過度刺激。

安全提醒：僅供外用；避免眼周、黏膜、破皮或傷口。

本產品為外用油膏，請依核准標示使用；若症狀持續或惡化，請諮詢醫師或藥師。

CTA：私訊/了解更多",#金牌一條根 #外用油膏 #成分透明 #依標示使用,圖1：【產品不是神藥，定位要講清楚】｜圖2：依標示外用，提供局部按摩與暫時舒緩體感｜圖3：僅供外用；避免眼周、黏膜、破皮或傷口。,本產品為外用油膏，請依核准標示使用；若症狀持續或惡化，請諮詢醫師或藥師。,僅供外用；避免眼周、黏膜、破皮或傷口。,根治|治療疾病|消炎治本|打通經絡|一擦就好|保證有效|深層修復|替代藥物
Facebook_LINE137,LINE137,Facebook,2026-08-11,12:00,立冬前後的日常舒緩儀式,F,低,pending_legal_pharmacist_review,false,【立冬前後的日常舒緩儀式】,"【立冬前後的日常舒緩儀式】

喜歡養生、節氣與日常保健的 LINE 讀者常會遇到這種情境：立冬前後的日常舒緩儀式。

這則貼文要傳達的重點很簡單：一條根外用油膏不是神奇療法，適合放在「以生活保健與身體覺察為主，不做醫療療效宣稱」這個保守邊界裡溝通。使用時請先看標示，薄擦於需要保養的局部，搭配輕柔按摩即可，不需要追求厚敷或過度刺激。

安全提醒：節氣養生屬一般生活資訊，身體不適仍應諮詢專業人員。

本內容為一般生活保健資訊，非醫療診斷或治療建議。

CTA：收藏提醒","【立冬前後的日常舒緩儀式】

喜歡養生、節氣與日常保健的 LINE 讀者常會遇到這種情境：立冬前後的日常舒緩儀式。

這則貼文要傳達的重點很簡單：一條根外用油膏不是神奇療法，適合放在「以生活保健與身體覺察為主，不做醫療療效宣稱」這個保守邊界裡溝通。使用時請先看標示，薄擦於需要保養的局部，搭配輕柔按摩即可，不需要追求厚敷或過度刺激。

安全提醒：節氣養生屬一般生活資訊，身體不適仍應諮詢專業人員。

本內容為一般生活保健資訊，非醫療診斷或治療建議。

CTA：收藏提醒",#節氣保養 #生活保健 #日常保養 #身體覺察,圖1：【立冬前後的日常舒緩儀式】｜圖2：以生活保健與身體覺察為主，不做醫療療效宣稱｜圖3：節氣養生屬一般生活資訊，身體不適仍應諮詢專業人員。,本內容為一般生活保健資訊，非醫療診斷或治療建議。,節氣養生屬一般生活資訊，身體不適仍應諮詢專業人員。,根治|治療疾病|消炎治本|打通經絡|一擦就好|保證有效|深層修復|替代藥物
Facebook_LINE138,LINE138,Facebook,2026-08-11,20:00,深層症狀不適合自行處理,E,高,pending_legal_pharmacist_review,false,【深層症狀不適合自行處理】,"【深層症狀不適合自行處理】

所有使用者、照護者與家庭購買者常會遇到這種情境：深層症狀不適合自行處理。

這則貼文要傳達的重點很簡單：一條根外用油膏不是神奇療法，適合放在「安全使用比用得多更重要，依標示與風險族群提醒」這個保守邊界裡溝通。使用時請先看標示，薄擦於需要保養的局部，搭配輕柔按摩即可，不需要追求厚敷或過度刺激。

安全提醒：2 歲以下、孕哺、過敏體質、抗凝血藥使用者請先詢問專業人員。

僅供外用。避免接觸眼睛、黏膜、破皮或傷口；特殊族群使用前請先諮詢專業人員。

CTA：私訊/了解更多","【深層症狀不適合自行處理】

所有使用者、照護者與家庭購買者常會遇到這種情境：深層症狀不適合自行處理。

這則貼文要傳達的重點很簡單：一條根外用油膏不是神奇療法，適合放在「安全使用比用得多更重要，依標示與風險族群提醒」這個保守邊界裡溝通。使用時請先看標示，薄擦於需要保養的局部，搭配輕柔按摩即可，不需要追求厚敷或過度刺激。

安全提醒：2 歲以下、孕哺、過敏體質、抗凝血藥使用者請先詢問專業人員。

僅供外用。避免接觸眼睛、黏膜、破皮或傷口；特殊族群使用前請先諮詢專業人員。

CTA：私訊/了解更多",#外用安全 #用藥安全 #使用前看標示 #諮詢醫師藥師,圖1：【深層症狀不適合自行處理】｜圖2：安全使用比用得多更重要，依標示與風險族群提醒｜圖3：2 歲以下、孕哺、過敏體質、抗凝血藥使用者請先詢問專業人員。,僅供外用。避免接觸眼睛、黏膜、破皮或傷口；特殊族群使用前請先諮詢專業人員。,2 歲以下、孕哺、過敏體質、抗凝血藥使用者請先詢問專業人員。,根治|治療疾病|消炎治本|打通經絡|一擦就好|保證有效|深層修復|替代藥物
Facebook_LINE139,LINE139,Facebook,2026-08-12,12:00,買外用膏先看三件事,H,中,pending_legal_pharmacist_review,false,【買外用膏先看三件事】,"【買外用膏先看三件事】

重視藥證、成分、品質與合法性的消費者常會遇到這種情境：買外用膏先看三件事。

這則貼文要傳達的重點很簡單：一條根外用油膏不是神奇療法，適合放在「強調藥證、標示、保守宣稱與人工審核流程」這個保守邊界裡溝通。使用時請先看標示，薄擦於需要保養的局部，搭配輕柔按摩即可，不需要追求厚敷或過度刺激。

安全提醒：所有廣告文案仍須依主管機關與專業人員審核。

本產品為外用油膏，請依核准標示使用；若症狀持續或惡化，請諮詢醫師或藥師。

CTA：收藏提醒","【買外用膏先看三件事】

重視藥證、成分、品質與合法性的消費者常會遇到這種情境：買外用膏先看三件事。

這則貼文要傳達的重點很簡單：一條根外用油膏不是神奇療法，適合放在「強調藥證、標示、保守宣稱與人工審核流程」這個保守邊界裡溝通。使用時請先看標示，薄擦於需要保養的局部，搭配輕柔按摩即可，不需要追求厚敷或過度刺激。

安全提醒：所有廣告文案仍須依主管機關與專業人員審核。

本產品為外用油膏，請依核准標示使用；若症狀持續或惡化，請諮詢醫師或藥師。

CTA：收藏提醒",#藥證可查 #品牌透明 #合法宣傳 #成分透明,圖1：【買外用膏先看三件事】｜圖2：強調藥證、標示、保守宣稱與人工審核流程｜圖3：所有廣告文案仍須依主管機關與專業人員審核。,本產品為外用油膏，請依核准標示使用；若症狀持續或惡化，請諮詢醫師或藥師。,所有廣告文案仍須依主管機關與專業人員審核。,根治|治療疾病|消炎治本|打通經絡|一擦就好|保證有效|深層修復|替代藥物
Facebook_LINE140,LINE140,Facebook,2026-08-12,20:00,哪些情況應該先就醫,G,低,pending_legal_pharmacist_review,false,【哪些情況應該先就醫】,"【哪些情況應該先就醫】

LINE OA 好友、回購客與新客常會遇到這種情境：哪些情況應該先就醫。

這則貼文要傳達的重點很簡單：一條根外用油膏不是神奇療法，適合放在「用問答降低誤用，讓使用者知道何時該詢問專業人員」這個保守邊界裡溝通。使用時請先看標示，薄擦於需要保養的局部，搭配輕柔按摩即可，不需要追求厚敷或過度刺激。

安全提醒：互動回答不取代醫師或藥師建議。

本內容為一般生活保健資訊，非醫療診斷或治療建議。

CTA：留言互動","【哪些情況應該先就醫】

LINE OA 好友、回購客與新客常會遇到這種情境：哪些情況應該先就醫。

這則貼文要傳達的重點很簡單：一條根外用油膏不是神奇療法，適合放在「用問答降低誤用，讓使用者知道何時該詢問專業人員」這個保守邊界裡溝通。使用時請先看標示，薄擦於需要保養的局部，搭配輕柔按摩即可，不需要追求厚敷或過度刺激。

安全提醒：互動回答不取代醫師或藥師建議。

本內容為一般生活保健資訊，非醫療診斷或治療建議。

CTA：留言互動",#互動問答 #保養知識 #使用小提醒 #金牌一條根,圖1：【哪些情況應該先就醫】｜圖2：用問答降低誤用，讓使用者知道何時該詢問專業人員｜圖3：互動回答不取代醫師或藥師建議。,本內容為一般生活保健資訊，非醫療診斷或治療建議。,互動回答不取代醫師或藥師建議。,根治|治療疾病|消炎治本|打通經絡|一擦就好|保證有效|深層修復|替代藥物
Facebook_LINE141,LINE141,Facebook,2026-08-13,12:00,運動後局部痠痛的保守處理,C,中,pending_legal_pharmacist_review,false,【運動後局部痠痛的保守處理】,"【運動後局部痠痛的保守處理】

運動族、搬重物、久站與勞動工作者常會遇到這種情境：運動後局部痠痛的保守處理。

這則貼文要傳達的重點很簡單：一條根外用油膏不是神奇療法，適合放在「運動或勞動後的局部肌肉痠痛，可短期按摩舒緩」這個保守邊界裡溝通。使用時請先看標示，薄擦於需要保養的局部，搭配輕柔按摩即可，不需要追求厚敷或過度刺激。

安全提醒：明顯腫脹、劇痛、活動受限或疑似受傷時，請先就醫。

本產品為外用油膏，請依核准標示使用；若症狀持續或惡化，請諮詢醫師或藥師。

CTA：收藏提醒","【運動後局部痠痛的保守處理】

運動族、搬重物、久站與勞動工作者常會遇到這種情境：運動後局部痠痛的保守處理。

這則貼文要傳達的重點很簡單：一條根外用油膏不是神奇療法，適合放在「運動或勞動後的局部肌肉痠痛，可短期按摩舒緩」這個保守邊界裡溝通。使用時請先看標示，薄擦於需要保養的局部，搭配輕柔按摩即可，不需要追求厚敷或過度刺激。

安全提醒：明顯腫脹、劇痛、活動受限或疑似受傷時，請先就醫。

本產品為外用油膏，請依核准標示使用；若症狀持續或惡化，請諮詢醫師或藥師。

CTA：收藏提醒",#運動後保養 #局部按摩 #肌肉痠痛 #依標示使用,圖1：【運動後局部痠痛的保守處理】｜圖2：運動或勞動後的局部肌肉痠痛，可短期按摩舒緩｜圖3：明顯腫脹、劇痛、活動受限或疑似受傷時，請先就醫。,本產品為外用油膏，請依核准標示使用；若症狀持續或惡化，請諮詢醫師或藥師。,明顯腫脹、劇痛、活動受限或疑似受傷時，請先就醫。,根治|治療疾病|消炎治本|打通經絡|一擦就好|保證有效|深層修復|替代藥物
Facebook_LINE142,LINE142,Facebook,2026-08-13,20:00,冬青油與清涼舒緩體感,A,中,pending_legal_pharmacist_review,false,【冬青油與清涼舒緩體感】,"【冬青油與清涼舒緩體感】

已購買或正在觀望的一條根使用者常會遇到這種情境：冬青油與清涼舒緩體感。

這則貼文要傳達的重點很簡單：一條根外用油膏不是神奇療法，適合放在「依標示外用，提供局部按摩與暫時舒緩體感」這個保守邊界裡溝通。使用時請先看標示，薄擦於需要保養的局部，搭配輕柔按摩即可，不需要追求厚敷或過度刺激。

安全提醒：僅供外用；避免眼周、黏膜、破皮或傷口。

本產品為外用油膏，請依核准標示使用；若症狀持續或惡化，請諮詢醫師或藥師。

CTA：私訊/了解更多","【冬青油與清涼舒緩體感】

已購買或正在觀望的一條根使用者常會遇到這種情境：冬青油與清涼舒緩體感。

這則貼文要傳達的重點很簡單：一條根外用油膏不是神奇療法，適合放在「依標示外用，提供局部按摩與暫時舒緩體感」這個保守邊界裡溝通。使用時請先看標示，薄擦於需要保養的局部，搭配輕柔按摩即可，不需要追求厚敷或過度刺激。

安全提醒：僅供外用；避免眼周、黏膜、破皮或傷口。

本產品為外用油膏，請依核准標示使用；若症狀持續或惡化，請諮詢醫師或藥師。

CTA：私訊/了解更多",#金牌一條根 #外用油膏 #成分透明 #依標示使用,圖1：【冬青油與清涼舒緩體感】｜圖2：依標示外用，提供局部按摩與暫時舒緩體感｜圖3：僅供外用；避免眼周、黏膜、破皮或傷口。,本產品為外用油膏，請依核准標示使用；若症狀持續或惡化，請諮詢醫師或藥師。,僅供外用；避免眼周、黏膜、破皮或傷口。,根治|治療疾病|消炎治本|打通經絡|一擦就好|保證有效|深層修復|替代藥物
Facebook_LINE143,LINE143,Facebook,2026-08-14,12:00,早晨活動前的關節暖身,D,中,pending_legal_pharmacist_review,false,【早晨活動前的關節暖身】,"【早晨活動前的關節暖身】

40-70 歲注重日常活動舒適度的族群常會遇到這種情境：早晨活動前的關節暖身。

這則貼文要傳達的重點很簡單：一條根外用油膏不是神奇療法，適合放在「輕微關節痠痛可短期舒緩，但不可宣稱治療疾病」這個保守邊界裡溝通。使用時請先看標示，薄擦於需要保養的局部，搭配輕柔按摩即可，不需要追求厚敷或過度刺激。

安全提醒：關節腫痛、紅熱、長期疼痛或行走困難，請就醫評估。

本產品為外用油膏，請依核准標示使用；若症狀持續或惡化，請諮詢醫師或藥師。

CTA：收藏提醒","【早晨活動前的關節暖身】

40-70 歲注重日常活動舒適度的族群常會遇到這種情境：早晨活動前的關節暖身。

這則貼文要傳達的重點很簡單：一條根外用油膏不是神奇療法，適合放在「輕微關節痠痛可短期舒緩，但不可宣稱治療疾病」這個保守邊界裡溝通。使用時請先看標示，薄擦於需要保養的局部，搭配輕柔按摩即可，不需要追求厚敷或過度刺激。

安全提醒：關節腫痛、紅熱、長期疼痛或行走困難，請就醫評估。

本產品為外用油膏，請依核准標示使用；若症狀持續或惡化，請諮詢醫師或藥師。

CTA：收藏提醒",#銀髮保養 #活動舒適 #輕微痠痛 #依標示使用,圖1：【早晨活動前的關節暖身】｜圖2：輕微關節痠痛可短期舒緩，但不可宣稱治療疾病｜圖3：關節腫痛、紅熱、長期疼痛或行走困難，請就醫評估。,本產品為外用油膏，請依核准標示使用；若症狀持續或惡化，請諮詢醫師或藥師。,關節腫痛、紅熱、長期疼痛或行走困難，請就醫評估。,根治|治療疾病|消炎治本|打通經絡|一擦就好|保證有效|深層修復|替代藥物
Facebook_LINE144,LINE144,Facebook,2026-08-14,20:00,不能擦在破皮或傷口,E,高,pending_legal_pharmacist_review,false,【不能擦在破皮或傷口】,"【不能擦在破皮或傷口】

所有使用者、照護者與家庭購買者常會遇到這種情境：不能擦在破皮或傷口。

這則貼文要傳達的重點很簡單：一條根外用油膏不是神奇療法，適合放在「安全使用比用得多更重要，依標示與風險族群提醒」這個保守邊界裡溝通。使用時請先看標示，薄擦於需要保養的局部，搭配輕柔按摩即可，不需要追求厚敷或過度刺激。

安全提醒：2 歲以下、孕哺、過敏體質、抗凝血藥使用者請先詢問專業人員。

僅供外用。避免接觸眼睛、黏膜、破皮或傷口；特殊族群使用前請先諮詢專業人員。

CTA：私訊/了解更多","【不能擦在破皮或傷口】

所有使用者、照護者與家庭購買者常會遇到這種情境：不能擦在破皮或傷口。

這則貼文要傳達的重點很簡單：一條根外用油膏不是神奇療法，適合放在「安全使用比用得多更重要，依標示與風險族群提醒」這個保守邊界裡溝通。使用時請先看標示，薄擦於需要保養的局部，搭配輕柔按摩即可，不需要追求厚敷或過度刺激。

安全提醒：2 歲以下、孕哺、過敏體質、抗凝血藥使用者請先詢問專業人員。

僅供外用。避免接觸眼睛、黏膜、破皮或傷口；特殊族群使用前請先諮詢專業人員。

CTA：私訊/了解更多",#外用安全 #用藥安全 #使用前看標示 #諮詢醫師藥師,圖1：【不能擦在破皮或傷口】｜圖2：安全使用比用得多更重要，依標示與風險族群提醒｜圖3：2 歲以下、孕哺、過敏體質、抗凝血藥使用者請先詢問專業人員。,僅供外用。避免接觸眼睛、黏膜、破皮或傷口；特殊族群使用前請先諮詢專業人員。,2 歲以下、孕哺、過敏體質、抗凝血藥使用者請先詢問專業人員。,根治|治療疾病|消炎治本|打通經絡|一擦就好|保證有效|深層修復|替代藥物
Facebook_LINE145,LINE145,Facebook,2026-08-15,12:00,芒種後濕熱生活保養,F,低,pending_legal_pharmacist_review,false,【芒種後濕熱生活保養】,"【芒種後濕熱生活保養】

喜歡養生、節氣與日常保健的 LINE 讀者常會遇到這種情境：芒種後濕熱生活保養。

這則貼文要傳達的重點很簡單：一條根外用油膏不是神奇療法，適合放在「以生活保健與身體覺察為主，不做醫療療效宣稱」這個保守邊界裡溝通。使用時請先看標示，薄擦於需要保養的局部，搭配輕柔按摩即可，不需要追求厚敷或過度刺激。

安全提醒：節氣養生屬一般生活資訊，身體不適仍應諮詢專業人員。

本內容為一般生活保健資訊，非醫療診斷或治療建議。

CTA：收藏提醒","【芒種後濕熱生活保養】

喜歡養生、節氣與日常保健的 LINE 讀者常會遇到這種情境：芒種後濕熱生活保養。

這則貼文要傳達的重點很簡單：一條根外用油膏不是神奇療法，適合放在「以生活保健與身體覺察為主，不做醫療療效宣稱」這個保守邊界裡溝通。使用時請先看標示，薄擦於需要保養的局部，搭配輕柔按摩即可，不需要追求厚敷或過度刺激。

安全提醒：節氣養生屬一般生活資訊，身體不適仍應諮詢專業人員。

本內容為一般生活保健資訊，非醫療診斷或治療建議。

CTA：收藏提醒",#節氣保養 #生活保健 #日常保養 #身體覺察,圖1：【芒種後濕熱生活保養】｜圖2：以生活保健與身體覺察為主，不做醫療療效宣稱｜圖3：節氣養生屬一般生活資訊，身體不適仍應諮詢專業人員。,本內容為一般生活保健資訊，非醫療診斷或治療建議。,節氣養生屬一般生活資訊，身體不適仍應諮詢專業人員。,根治|治療疾病|消炎治本|打通經絡|一擦就好|保證有效|深層修復|替代藥物
Facebook_LINE146,LINE146,Facebook,2026-08-15,20:00,久站後小腿不適舒緩,C,中,pending_legal_pharmacist_review,false,【久站後小腿不適舒緩】,"【久站後小腿不適舒緩】

運動族、搬重物、久站與勞動工作者常會遇到這種情境：久站後小腿不適舒緩。

這則貼文要傳達的重點很簡單：一條根外用油膏不是神奇療法，適合放在「運動或勞動後的局部肌肉痠痛，可短期按摩舒緩」這個保守邊界裡溝通。使用時請先看標示，薄擦於需要保養的局部，搭配輕柔按摩即可，不需要追求厚敷或過度刺激。

安全提醒：明顯腫脹、劇痛、活動受限或疑似受傷時，請先就醫。

本產品為外用油膏，請依核准標示使用；若症狀持續或惡化，請諮詢醫師或藥師。

CTA：私訊/了解更多","【久站後小腿不適舒緩】

運動族、搬重物、久站與勞動工作者常會遇到這種情境：久站後小腿不適舒緩。

這則貼文要傳達的重點很簡單：一條根外用油膏不是神奇療法，適合放在「運動或勞動後的局部肌肉痠痛，可短期按摩舒緩」這個保守邊界裡溝通。使用時請先看標示，薄擦於需要保養的局部，搭配輕柔按摩即可，不需要追求厚敷或過度刺激。

安全提醒：明顯腫脹、劇痛、活動受限或疑似受傷時，請先就醫。

本產品為外用油膏，請依核准標示使用；若症狀持續或惡化，請諮詢醫師或藥師。

CTA：私訊/了解更多",#運動後保養 #局部按摩 #肌肉痠痛 #依標示使用,圖1：【久站後小腿不適舒緩】｜圖2：運動或勞動後的局部肌肉痠痛，可短期按摩舒緩｜圖3：明顯腫脹、劇痛、活動受限或疑似受傷時，請先就醫。,本產品為外用油膏，請依核准標示使用；若症狀持續或惡化，請諮詢醫師或藥師。,明顯腫脹、劇痛、活動受限或疑似受傷時，請先就醫。,根治|治療疾病|消炎治本|打通經絡|一擦就好|保證有效|深層修復|替代藥物
Facebook_LINE147,LINE147,Facebook,2026-08-16,12:00,你最常哪個部位緊繃,G,低,pending_legal_pharmacist_review,false,【你最常哪個部位緊繃】,"【你最常哪個部位緊繃】

LINE OA 好友、回購客與新客常會遇到這種情境：你最常哪個部位緊繃。

這則貼文要傳達的重點很簡單：一條根外用油膏不是神奇療法，適合放在「用問答降低誤用，讓使用者知道何時該詢問專業人員」這個保守邊界裡溝通。使用時請先看標示，薄擦於需要保養的局部，搭配輕柔按摩即可，不需要追求厚敷或過度刺激。

安全提醒：互動回答不取代醫師或藥師建議。

本內容為一般生活保健資訊，非醫療診斷或治療建議。

CTA：留言互動","【你最常哪個部位緊繃】

LINE OA 好友、回購客與新客常會遇到這種情境：你最常哪個部位緊繃。

這則貼文要傳達的重點很簡單：一條根外用油膏不是神奇療法，適合放在「用問答降低誤用，讓使用者知道何時該詢問專業人員」這個保守邊界裡溝通。使用時請先看標示，薄擦於需要保養的局部，搭配輕柔按摩即可，不需要追求厚敷或過度刺激。

安全提醒：互動回答不取代醫師或藥師建議。

本內容為一般生活保健資訊，非醫療診斷或治療建議。

CTA：留言互動",#互動問答 #保養知識 #使用小提醒 #金牌一條根,圖1：【你最常哪個部位緊繃】｜圖2：用問答降低誤用，讓使用者知道何時該詢問專業人員｜圖3：互動回答不取代醫師或藥師建議。,本內容為一般生活保健資訊，非醫療診斷或治療建議。,互動回答不取代醫師或藥師建議。,根治|治療疾病|消炎治本|打通經絡|一擦就好|保證有效|深層修復|替代藥物
Facebook_LINE148,LINE148,Facebook,2026-08-16,20:00,長輩外用膏使用安全,D,中,pending_legal_pharmacist_review,false,【長輩外用膏使用安全】,"【長輩外用膏使用安全】

40-70 歲注重日常活動舒適度的族群常會遇到這種情境：長輩外用膏使用安全。

這則貼文要傳達的重點很簡單：一條根外用油膏不是神奇療法，適合放在「輕微關節痠痛可短期舒緩，但不可宣稱治療疾病」這個保守邊界裡溝通。使用時請先看標示，薄擦於需要保養的局部，搭配輕柔按摩即可，不需要追求厚敷或過度刺激。

安全提醒：關節腫痛、紅熱、長期疼痛或行走困難，請就醫評估。

本產品為外用油膏，請依核准標示使用；若症狀持續或惡化，請諮詢醫師或藥師。

CTA：私訊/了解更多","【長輩外用膏使用安全】

40-70 歲注重日常活動舒適度的族群常會遇到這種情境：長輩外用膏使用安全。

這則貼文要傳達的重點很簡單：一條根外用油膏不是神奇療法，適合放在「輕微關節痠痛可短期舒緩，但不可宣稱治療疾病」這個保守邊界裡溝通。使用時請先看標示，薄擦於需要保養的局部，搭配輕柔按摩即可，不需要追求厚敷或過度刺激。

安全提醒：關節腫痛、紅熱、長期疼痛或行走困難，請就醫評估。

本產品為外用油膏，請依核准標示使用；若症狀持續或惡化，請諮詢醫師或藥師。

CTA：私訊/了解更多",#銀髮保養 #活動舒適 #輕微痠痛 #依標示使用,圖1：【長輩外用膏使用安全】｜圖2：輕微關節痠痛可短期舒緩，但不可宣稱治療疾病｜圖3：關節腫痛、紅熱、長期疼痛或行走困難，請就醫評估。,本產品為外用油膏，請依核准標示使用；若症狀持續或惡化，請諮詢醫師或藥師。,關節腫痛、紅熱、長期疼痛或行走困難，請就醫評估。,根治|治療疾病|消炎治本|打通經絡|一擦就好|保證有效|深層修復|替代藥物
Facebook_LINE149,LINE149,Facebook,2026-08-17,12:00,低頭族肩頸緊繃的三個提醒,B,低,pending_legal_pharmacist_review,false,【低頭族肩頸緊繃的三個提醒】,"【低頭族肩頸緊繃的三個提醒】

長時間低頭、久坐、用電腦的上班族常會遇到這種情境：低頭族肩頸緊繃的三個提醒。

這則貼文要傳達的重點很簡單：一條根外用油膏不是神奇療法，適合放在「久坐低頭後，可搭配伸展與局部按摩舒緩緊繃不適」這個保守邊界裡溝通。使用時請先看標示，薄擦於需要保養的局部，搭配輕柔按摩即可，不需要追求厚敷或過度刺激。

安全提醒：若痠痛持續、麻木或影響活動，請諮詢醫師或藥師。

本內容為一般生活保健資訊，非醫療診斷或治療建議。

CTA：收藏提醒","【低頭族肩頸緊繃的三個提醒】

長時間低頭、久坐、用電腦的上班族常會遇到這種情境：低頭族肩頸緊繃的三個提醒。

這則貼文要傳達的重點很簡單：一條根外用油膏不是神奇療法，適合放在「久坐低頭後，可搭配伸展與局部按摩舒緩緊繃不適」這個保守邊界裡溝通。使用時請先看標示，薄擦於需要保養的局部，搭配輕柔按摩即可，不需要追求厚敷或過度刺激。

安全提醒：若痠痛持續、麻木或影響活動，請諮詢醫師或藥師。

本內容為一般生活保健資訊，非醫療診斷或治療建議。

CTA：收藏提醒",#肩頸保養 #久坐族 #日常舒緩 #依標示使用,圖1：【低頭族肩頸緊繃的三個提醒】｜圖2：久坐低頭後，可搭配伸展與局部按摩舒緩緊繃不適｜圖3：若痠痛持續、麻木或影響活動，請諮詢醫師或藥師。,本內容為一般生活保健資訊，非醫療診斷或治療建議。,若痠痛持續、麻木或影響活動，請諮詢醫師或藥師。,根治|治療疾病|消炎治本|打通經絡|一擦就好|保證有效|深層修復|替代藥物
Facebook_LINE150,LINE150,Facebook,2026-08-17,20:00,薄荷腦帶來的涼感來源,A,中,pending_legal_pharmacist_review,false,【薄荷腦帶來的涼感來源】,"【薄荷腦帶來的涼感來源】

已購買或正在觀望的一條根使用者常會遇到這種情境：薄荷腦帶來的涼感來源。

這則貼文要傳達的重點很簡單：一條根外用油膏不是神奇療法，適合放在「依標示外用，提供局部按摩與暫時舒緩體感」這個保守邊界裡溝通。使用時請先看標示，薄擦於需要保養的局部，搭配輕柔按摩即可，不需要追求厚敷或過度刺激。

安全提醒：僅供外用；避免眼周、黏膜、破皮或傷口。

本產品為外用油膏，請依核准標示使用；若症狀持續或惡化，請諮詢醫師或藥師。

CTA：私訊/了解更多","【薄荷腦帶來的涼感來源】

已購買或正在觀望的一條根使用者常會遇到這種情境：薄荷腦帶來的涼感來源。

這則貼文要傳達的重點很簡單：一條根外用油膏不是神奇療法，適合放在「依標示外用，提供局部按摩與暫時舒緩體感」這個保守邊界裡溝通。使用時請先看標示，薄擦於需要保養的局部，搭配輕柔按摩即可，不需要追求厚敷或過度刺激。

安全提醒：僅供外用；避免眼周、黏膜、破皮或傷口。

本產品為外用油膏，請依核准標示使用；若症狀持續或惡化，請諮詢醫師或藥師。

CTA：私訊/了解更多",#金牌一條根 #外用油膏 #成分透明 #依標示使用,圖1：【薄荷腦帶來的涼感來源】｜圖2：依標示外用，提供局部按摩與暫時舒緩體感｜圖3：僅供外用；避免眼周、黏膜、破皮或傷口。,本產品為外用油膏，請依核准標示使用；若症狀持續或惡化，請諮詢醫師或藥師。,僅供外用；避免眼周、黏膜、破皮或傷口。,根治|治療疾病|消炎治本|打通經絡|一擦就好|保證有效|深層修復|替代藥物
Facebook_LINE151,LINE151,Facebook,2026-08-18,12:00,夏季冷氣房的肩頸保養,F,低,pending_legal_pharmacist_review,false,【夏季冷氣房的肩頸保養】,"【夏季冷氣房的肩頸保養】

喜歡養生、節氣與日常保健的 LINE 讀者常會遇到這種情境：夏季冷氣房的肩頸保養。

這則貼文要傳達的重點很簡單：一條根外用油膏不是神奇療法，適合放在「以生活保健與身體覺察為主，不做醫療療效宣稱」這個保守邊界裡溝通。使用時請先看標示，薄擦於需要保養的局部，搭配輕柔按摩即可，不需要追求厚敷或過度刺激。

安全提醒：節氣養生屬一般生活資訊，身體不適仍應諮詢專業人員。

本內容為一般生活保健資訊，非醫療診斷或治療建議。

CTA：收藏提醒","【夏季冷氣房的肩頸保養】

喜歡養生、節氣與日常保健的 LINE 讀者常會遇到這種情境：夏季冷氣房的肩頸保養。

這則貼文要傳達的重點很簡單：一條根外用油膏不是神奇療法，適合放在「以生活保健與身體覺察為主，不做醫療療效宣稱」這個保守邊界裡溝通。使用時請先看標示，薄擦於需要保養的局部，搭配輕柔按摩即可，不需要追求厚敷或過度刺激。

安全提醒：節氣養生屬一般生活資訊，身體不適仍應諮詢專業人員。

本內容為一般生活保健資訊，非醫療診斷或治療建議。

CTA：收藏提醒",#節氣保養 #生活保健 #日常保養 #身體覺察,圖1：【夏季冷氣房的肩頸保養】｜圖2：以生活保健與身體覺察為主，不做醫療療效宣稱｜圖3：節氣養生屬一般生活資訊，身體不適仍應諮詢專業人員。,本內容為一般生活保健資訊，非醫療診斷或治療建議。,節氣養生屬一般生活資訊，身體不適仍應諮詢專業人員。,根治|治療疾病|消炎治本|打通經絡|一擦就好|保證有效|深層修復|替代藥物
Facebook_LINE152,LINE152,Facebook,2026-08-18,20:00,外用膏避免眼周與黏膜,E,高,pending_legal_pharmacist_review,false,【外用膏避免眼周與黏膜】,"【外用膏避免眼周與黏膜】

所有使用者、照護者與家庭購買者常會遇到這種情境：外用膏避免眼周與黏膜。

這則貼文要傳達的重點很簡單：一條根外用油膏不是神奇療法，適合放在「安全使用比用得多更重要，依標示與風險族群提醒」這個保守邊界裡溝通。使用時請先看標示，薄擦於需要保養的局部，搭配輕柔按摩即可，不需要追求厚敷或過度刺激。

安全提醒：2 歲以下、孕哺、過敏體質、抗凝血藥使用者請先詢問專業人員。

僅供外用。避免接觸眼睛、黏膜、破皮或傷口；特殊族群使用前請先諮詢專業人員。

CTA：私訊/了解更多","【外用膏避免眼周與黏膜】

所有使用者、照護者與家庭購買者常會遇到這種情境：外用膏避免眼周與黏膜。

這則貼文要傳達的重點很簡單：一條根外用油膏不是神奇療法，適合放在「安全使用比用得多更重要，依標示與風險族群提醒」這個保守邊界裡溝通。使用時請先看標示，薄擦於需要保養的局部，搭配輕柔按摩即可，不需要追求厚敷或過度刺激。

安全提醒：2 歲以下、孕哺、過敏體質、抗凝血藥使用者請先詢問專業人員。

僅供外用。避免接觸眼睛、黏膜、破皮或傷口；特殊族群使用前請先諮詢專業人員。

CTA：私訊/了解更多",#外用安全 #用藥安全 #使用前看標示 #諮詢醫師藥師,圖1：【外用膏避免眼周與黏膜】｜圖2：安全使用比用得多更重要，依標示與風險族群提醒｜圖3：2 歲以下、孕哺、過敏體質、抗凝血藥使用者請先詢問專業人員。,僅供外用。避免接觸眼睛、黏膜、破皮或傷口；特殊族群使用前請先諮詢專業人員。,2 歲以下、孕哺、過敏體質、抗凝血藥使用者請先詢問專業人員。,根治|治療疾病|消炎治本|打通經絡|一擦就好|保證有效|深層修復|替代藥物
Facebook_LINE153,LINE153,Facebook,2026-08-19,12:00,為什麼我們不說神效,H,中,pending_legal_pharmacist_review,false,【為什麼我們不說神效】,"【為什麼我們不說神效】

重視藥證、成分、品質與合法性的消費者常會遇到這種情境：為什麼我們不說神效。

這則貼文要傳達的重點很簡單：一條根外用油膏不是神奇療法，適合放在「強調藥證、標示、保守宣稱與人工審核流程」這個保守邊界裡溝通。使用時請先看標示，薄擦於需要保養的局部，搭配輕柔按摩即可，不需要追求厚敷或過度刺激。

安全提醒：所有廣告文案仍須依主管機關與專業人員審核。

本產品為外用油膏，請依核准標示使用；若症狀持續或惡化，請諮詢醫師或藥師。

CTA：收藏提醒","【為什麼我們不說神效】

重視藥證、成分、品質與合法性的消費者常會遇到這種情境：為什麼我們不說神效。

這則貼文要傳達的重點很簡單：一條根外用油膏不是神奇療法，適合放在「強調藥證、標示、保守宣稱與人工審核流程」這個保守邊界裡溝通。使用時請先看標示，薄擦於需要保養的局部，搭配輕柔按摩即可，不需要追求厚敷或過度刺激。

安全提醒：所有廣告文案仍須依主管機關與專業人員審核。

本產品為外用油膏，請依核准標示使用；若症狀持續或惡化，請諮詢醫師或藥師。

CTA：收藏提醒",#藥證可查 #品牌透明 #合法宣傳 #成分透明,圖1：【為什麼我們不說神效】｜圖2：強調藥證、標示、保守宣稱與人工審核流程｜圖3：所有廣告文案仍須依主管機關與專業人員審核。,本產品為外用油膏，請依核准標示使用；若症狀持續或惡化，請諮詢醫師或藥師。,所有廣告文案仍須依主管機關與專業人員審核。,根治|治療疾病|消炎治本|打通經絡|一擦就好|保證有效|深層修復|替代藥物
Facebook_LINE154,LINE154,Facebook,2026-08-19,20:00,你習慣運動前還是運動後保養,G,低,pending_legal_pharmacist_review,false,【你習慣運動前還是運動後保養】,"【你習慣運動前還是運動後保養】

LINE OA 好友、回購客與新客常會遇到這種情境：你習慣運動前還是運動後保養。

這則貼文要傳達的重點很簡單：一條根外用油膏不是神奇療法，適合放在「用問答降低誤用，讓使用者知道何時該詢問專業人員」這個保守邊界裡溝通。使用時請先看標示，薄擦於需要保養的局部，搭配輕柔按摩即可，不需要追求厚敷或過度刺激。

安全提醒：互動回答不取代醫師或藥師建議。

本內容為一般生活保健資訊，非醫療診斷或治療建議。

CTA：留言互動","【你習慣運動前還是運動後保養】

LINE OA 好友、回購客與新客常會遇到這種情境：你習慣運動前還是運動後保養。

這則貼文要傳達的重點很簡單：一條根外用油膏不是神奇療法，適合放在「用問答降低誤用，讓使用者知道何時該詢問專業人員」這個保守邊界裡溝通。使用時請先看標示，薄擦於需要保養的局部，搭配輕柔按摩即可，不需要追求厚敷或過度刺激。

安全提醒：互動回答不取代醫師或藥師建議。

本內容為一般生活保健資訊，非醫療診斷或治療建議。

CTA：留言互動",#互動問答 #保養知識 #使用小提醒 #金牌一條根,圖1：【你習慣運動前還是運動後保養】｜圖2：用問答降低誤用，讓使用者知道何時該詢問專業人員｜圖3：互動回答不取代醫師或藥師建議。,本內容為一般生活保健資訊，非醫療診斷或治療建議。,互動回答不取代醫師或藥師建議。,根治|治療疾病|消炎治本|打通經絡|一擦就好|保證有效|深層修復|替代藥物
Facebook_LINE155,LINE155,Facebook,2026-08-20,12:00,搬重物後腰背保養,C,中,pending_legal_pharmacist_review,false,【搬重物後腰背保養】,"【搬重物後腰背保養】

運動族、搬重物、久站與勞動工作者常會遇到這種情境：搬重物後腰背保養。

這則貼文要傳達的重點很簡單：一條根外用油膏不是神奇療法，適合放在「運動或勞動後的局部肌肉痠痛，可短期按摩舒緩」這個保守邊界裡溝通。使用時請先看標示，薄擦於需要保養的局部，搭配輕柔按摩即可，不需要追求厚敷或過度刺激。

安全提醒：明顯腫脹、劇痛、活動受限或疑似受傷時，請先就醫。

本產品為外用油膏，請依核准標示使用；若症狀持續或惡化，請諮詢醫師或藥師。

CTA：收藏提醒","【搬重物後腰背保養】

運動族、搬重物、久站與勞動工作者常會遇到這種情境：搬重物後腰背保養。

這則貼文要傳達的重點很簡單：一條根外用油膏不是神奇療法，適合放在「運動或勞動後的局部肌肉痠痛，可短期按摩舒緩」這個保守邊界裡溝通。使用時請先看標示，薄擦於需要保養的局部，搭配輕柔按摩即可，不需要追求厚敷或過度刺激。

安全提醒：明顯腫脹、劇痛、活動受限或疑似受傷時，請先就醫。

本產品為外用油膏，請依核准標示使用；若症狀持續或惡化，請諮詢醫師或藥師。

CTA：收藏提醒",#運動後保養 #局部按摩 #肌肉痠痛 #依標示使用,圖1：【搬重物後腰背保養】｜圖2：運動或勞動後的局部肌肉痠痛，可短期按摩舒緩｜圖3：明顯腫脹、劇痛、活動受限或疑似受傷時，請先就醫。,本產品為外用油膏，請依核准標示使用；若症狀持續或惡化，請諮詢醫師或藥師。,明顯腫脹、劇痛、活動受限或疑似受傷時，請先就醫。,根治|治療疾病|消炎治本|打通經絡|一擦就好|保證有效|深層修復|替代藥物
Facebook_LINE156,LINE156,Facebook,2026-08-20,20:00,樟腦外用時的注意界線,A,中,pending_legal_pharmacist_review,false,【樟腦外用時的注意界線】,"【樟腦外用時的注意界線】

已購買或正在觀望的一條根使用者常會遇到這種情境：樟腦外用時的注意界線。

這則貼文要傳達的重點很簡單：一條根外用油膏不是神奇療法，適合放在「依標示外用，提供局部按摩與暫時舒緩體感」這個保守邊界裡溝通。使用時請先看標示，薄擦於需要保養的局部，搭配輕柔按摩即可，不需要追求厚敷或過度刺激。

安全提醒：僅供外用；避免眼周、黏膜、破皮或傷口。

本產品為外用油膏，請依核准標示使用；若症狀持續或惡化，請諮詢醫師或藥師。

CTA：私訊/了解更多","【樟腦外用時的注意界線】

已購買或正在觀望的一條根使用者常會遇到這種情境：樟腦外用時的注意界線。

這則貼文要傳達的重點很簡單：一條根外用油膏不是神奇療法，適合放在「依標示外用，提供局部按摩與暫時舒緩體感」這個保守邊界裡溝通。使用時請先看標示，薄擦於需要保養的局部，搭配輕柔按摩即可，不需要追求厚敷或過度刺激。

安全提醒：僅供外用；避免眼周、黏膜、破皮或傷口。

本產品為外用油膏，請依核准標示使用；若症狀持續或惡化，請諮詢醫師或藥師。

CTA：私訊/了解更多",#金牌一條根 #外用油膏 #成分透明 #依標示使用,圖1：【樟腦外用時的注意界線】｜圖2：依標示外用，提供局部按摩與暫時舒緩體感｜圖3：僅供外用；避免眼周、黏膜、破皮或傷口。,本產品為外用油膏，請依核准標示使用；若症狀持續或惡化，請諮詢醫師或藥師。,僅供外用；避免眼周、黏膜、破皮或傷口。,根治|治療疾病|消炎治本|打通經絡|一擦就好|保證有效|深層修復|替代藥物
Facebook_LINE157,LINE157,Facebook,2026-08-21,12:00,輕微關節痠痛與疾病治療要分開,D,中,pending_legal_pharmacist_review,false,【輕微關節痠痛與疾病治療要分開】,"【輕微關節痠痛與疾病治療要分開】

40-70 歲注重日常活動舒適度的族群常會遇到這種情境：輕微關節痠痛與疾病治療要分開。

這則貼文要傳達的重點很簡單：一條根外用油膏不是神奇療法，適合放在「輕微關節痠痛可短期舒緩，但不可宣稱治療疾病」這個保守邊界裡溝通。使用時請先看標示，薄擦於需要保養的局部，搭配輕柔按摩即可，不需要追求厚敷或過度刺激。

安全提醒：關節腫痛、紅熱、長期疼痛或行走困難，請就醫評估。

本產品為外用油膏，請依核准標示使用；若症狀持續或惡化，請諮詢醫師或藥師。

CTA：收藏提醒","【輕微關節痠痛與疾病治療要分開】

40-70 歲注重日常活動舒適度的族群常會遇到這種情境：輕微關節痠痛與疾病治療要分開。

這則貼文要傳達的重點很簡單：一條根外用油膏不是神奇療法，適合放在「輕微關節痠痛可短期舒緩，但不可宣稱治療疾病」這個保守邊界裡溝通。使用時請先看標示，薄擦於需要保養的局部，搭配輕柔按摩即可，不需要追求厚敷或過度刺激。

安全提醒：關節腫痛、紅熱、長期疼痛或行走困難，請就醫評估。

本產品為外用油膏，請依核准標示使用；若症狀持續或惡化，請諮詢醫師或藥師。

CTA：收藏提醒",#銀髮保養 #活動舒適 #輕微痠痛 #依標示使用,圖1：【輕微關節痠痛與疾病治療要分開】｜圖2：輕微關節痠痛可短期舒緩，但不可宣稱治療疾病｜圖3：關節腫痛、紅熱、長期疼痛或行走困難，請就醫評估。,本產品為外用油膏，請依核准標示使用；若症狀持續或惡化，請諮詢醫師或藥師。,關節腫痛、紅熱、長期疼痛或行走困難，請就醫評估。,根治|治療疾病|消炎治本|打通經絡|一擦就好|保證有效|深層修復|替代藥物
Facebook_LINE158,LINE158,Facebook,2026-08-21,20:00,不要搭配熱敷墊或電毯,E,高,pending_legal_pharmacist_review,false,【不要搭配熱敷墊或電毯】,"【不要搭配熱敷墊或電毯】

所有使用者、照護者與家庭購買者常會遇到這種情境：不要搭配熱敷墊或電毯。

這則貼文要傳達的重點很簡單：一條根外用油膏不是神奇療法，適合放在「安全使用比用得多更重要，依標示與風險族群提醒」這個保守邊界裡溝通。使用時請先看標示，薄擦於需要保養的局部，搭配輕柔按摩即可，不需要追求厚敷或過度刺激。

安全提醒：2 歲以下、孕哺、過敏體質、抗凝血藥使用者請先詢問專業人員。

僅供外用。避免接觸眼睛、黏膜、破皮或傷口；特殊族群使用前請先諮詢專業人員。

CTA：私訊/了解更多","【不要搭配熱敷墊或電毯】

所有使用者、照護者與家庭購買者常會遇到這種情境：不要搭配熱敷墊或電毯。

這則貼文要傳達的重點很簡單：一條根外用油膏不是神奇療法，適合放在「安全使用比用得多更重要，依標示與風險族群提醒」這個保守邊界裡溝通。使用時請先看標示，薄擦於需要保養的局部，搭配輕柔按摩即可，不需要追求厚敷或過度刺激。

安全提醒：2 歲以下、孕哺、過敏體質、抗凝血藥使用者請先詢問專業人員。

僅供外用。避免接觸眼睛、黏膜、破皮或傷口；特殊族群使用前請先諮詢專業人員。

CTA：私訊/了解更多",#外用安全 #用藥安全 #使用前看標示 #諮詢醫師藥師,圖1：【不要搭配熱敷墊或電毯】｜圖2：安全使用比用得多更重要，依標示與風險族群提醒｜圖3：2 歲以下、孕哺、過敏體質、抗凝血藥使用者請先詢問專業人員。,僅供外用。避免接觸眼睛、黏膜、破皮或傷口；特殊族群使用前請先諮詢專業人員。,2 歲以下、孕哺、過敏體質、抗凝血藥使用者請先詢問專業人員。,根治|治療疾病|消炎治本|打通經絡|一擦就好|保證有效|深層修復|替代藥物
Facebook_LINE159,LINE159,Facebook,2026-08-22,12:00,小暑前後活動舒適提醒,F,低,pending_legal_pharmacist_review,false,【小暑前後活動舒適提醒】,"【小暑前後活動舒適提醒】

喜歡養生、節氣與日常保健的 LINE 讀者常會遇到這種情境：小暑前後活動舒適提醒。

這則貼文要傳達的重點很簡單：一條根外用油膏不是神奇療法，適合放在「以生活保健與身體覺察為主，不做醫療療效宣稱」這個保守邊界裡溝通。使用時請先看標示，薄擦於需要保養的局部，搭配輕柔按摩即可，不需要追求厚敷或過度刺激。

安全提醒：節氣養生屬一般生活資訊，身體不適仍應諮詢專業人員。

本內容為一般生活保健資訊，非醫療診斷或治療建議。

CTA：收藏提醒","【小暑前後活動舒適提醒】

喜歡養生、節氣與日常保健的 LINE 讀者常會遇到這種情境：小暑前後活動舒適提醒。

這則貼文要傳達的重點很簡單：一條根外用油膏不是神奇療法，適合放在「以生活保健與身體覺察為主，不做醫療療效宣稱」這個保守邊界裡溝通。使用時請先看標示，薄擦於需要保養的局部，搭配輕柔按摩即可，不需要追求厚敷或過度刺激。

安全提醒：節氣養生屬一般生活資訊，身體不適仍應諮詢專業人員。

本內容為一般生活保健資訊，非醫療診斷或治療建議。

CTA：收藏提醒",#節氣保養 #生活保健 #日常保養 #身體覺察,圖1：【小暑前後活動舒適提醒】｜圖2：以生活保健與身體覺察為主，不做醫療療效宣稱｜圖3：節氣養生屬一般生活資訊，身體不適仍應諮詢專業人員。,本內容為一般生活保健資訊，非醫療診斷或治療建議。,節氣養生屬一般生活資訊，身體不適仍應諮詢專業人員。,根治|治療疾病|消炎治本|打通經絡|一擦就好|保證有效|深層修復|替代藥物
Facebook_LINE160,LINE160,Facebook,2026-08-22,20:00,爬山後腿部按摩提醒,C,中,pending_legal_pharmacist_review,false,【爬山後腿部按摩提醒】,"【爬山後腿部按摩提醒】

運動族、搬重物、久站與勞動工作者常會遇到這種情境：爬山後腿部按摩提醒。

這則貼文要傳達的重點很簡單：一條根外用油膏不是神奇療法，適合放在「運動或勞動後的局部肌肉痠痛，可短期按摩舒緩」這個保守邊界裡溝通。使用時請先看標示，薄擦於需要保養的局部，搭配輕柔按摩即可，不需要追求厚敷或過度刺激。

安全提醒：明顯腫脹、劇痛、活動受限或疑似受傷時，請先就醫。

本產品為外用油膏，請依核准標示使用；若症狀持續或惡化，請諮詢醫師或藥師。

CTA：私訊/了解更多","【爬山後腿部按摩提醒】

運動族、搬重物、久站與勞動工作者常會遇到這種情境：爬山後腿部按摩提醒。

這則貼文要傳達的重點很簡單：一條根外用油膏不是神奇療法，適合放在「運動或勞動後的局部肌肉痠痛，可短期按摩舒緩」這個保守邊界裡溝通。使用時請先看標示，薄擦於需要保養的局部，搭配輕柔按摩即可，不需要追求厚敷或過度刺激。

安全提醒：明顯腫脹、劇痛、活動受限或疑似受傷時，請先就醫。

本產品為外用油膏，請依核准標示使用；若症狀持續或惡化，請諮詢醫師或藥師。

CTA：私訊/了解更多",#運動後保養 #局部按摩 #肌肉痠痛 #依標示使用,圖1：【爬山後腿部按摩提醒】｜圖2：運動或勞動後的局部肌肉痠痛，可短期按摩舒緩｜圖3：明顯腫脹、劇痛、活動受限或疑似受傷時，請先就醫。,本產品為外用油膏，請依核准標示使用；若症狀持續或惡化，請諮詢醫師或藥師。,明顯腫脹、劇痛、活動受限或疑似受傷時，請先就醫。,根治|治療疾病|消炎治本|打通經絡|一擦就好|保證有效|深層修復|替代藥物
Facebook_LINE161,LINE161,Facebook,2026-08-23,12:00,外用膏一次擦多少才剛好,G,低,pending_legal_pharmacist_review,false,【外用膏一次擦多少才剛好】,"【外用膏一次擦多少才剛好】

LINE OA 好友、回購客與新客常會遇到這種情境：外用膏一次擦多少才剛好。

這則貼文要傳達的重點很簡單：一條根外用油膏不是神奇療法，適合放在「用問答降低誤用，讓使用者知道何時該詢問專業人員」這個保守邊界裡溝通。使用時請先看標示，薄擦於需要保養的局部，搭配輕柔按摩即可，不需要追求厚敷或過度刺激。

安全提醒：互動回答不取代醫師或藥師建議。

本內容為一般生活保健資訊，非醫療診斷或治療建議。

CTA：留言互動","【外用膏一次擦多少才剛好】

LINE OA 好友、回購客與新客常會遇到這種情境：外用膏一次擦多少才剛好。

這則貼文要傳達的重點很簡單：一條根外用油膏不是神奇療法，適合放在「用問答降低誤用，讓使用者知道何時該詢問專業人員」這個保守邊界裡溝通。使用時請先看標示，薄擦於需要保養的局部，搭配輕柔按摩即可，不需要追求厚敷或過度刺激。

安全提醒：互動回答不取代醫師或藥師建議。

本內容為一般生活保健資訊，非醫療診斷或治療建議。

CTA：留言互動",#互動問答 #保養知識 #使用小提醒 #金牌一條根,圖1：【外用膏一次擦多少才剛好】｜圖2：用問答降低誤用，讓使用者知道何時該詢問專業人員｜圖3：互動回答不取代醫師或藥師建議。,本內容為一般生活保健資訊，非醫療診斷或治療建議。,互動回答不取代醫師或藥師建議。,根治|治療疾病|消炎治本|打通經絡|一擦就好|保證有效|深層修復|替代藥物
Facebook_LINE162,LINE162,Facebook,2026-08-23,20:00,散步後的膝周保養,D,中,pending_legal_pharmacist_review,false,【散步後的膝周保養】,"【散步後的膝周保養】

40-70 歲注重日常活動舒適度的族群常會遇到這種情境：散步後的膝周保養。

這則貼文要傳達的重點很簡單：一條根外用油膏不是神奇療法，適合放在「輕微關節痠痛可短期舒緩，但不可宣稱治療疾病」這個保守邊界裡溝通。使用時請先看標示，薄擦於需要保養的局部，搭配輕柔按摩即可，不需要追求厚敷或過度刺激。

安全提醒：關節腫痛、紅熱、長期疼痛或行走困難，請就醫評估。

本產品為外用油膏，請依核准標示使用；若症狀持續或惡化，請諮詢醫師或藥師。

CTA：私訊/了解更多","【散步後的膝周保養】

40-70 歲注重日常活動舒適度的族群常會遇到這種情境：散步後的膝周保養。

這則貼文要傳達的重點很簡單：一條根外用油膏不是神奇療法，適合放在「輕微關節痠痛可短期舒緩，但不可宣稱治療疾病」這個保守邊界裡溝通。使用時請先看標示，薄擦於需要保養的局部，搭配輕柔按摩即可，不需要追求厚敷或過度刺激。

安全提醒：關節腫痛、紅熱、長期疼痛或行走困難，請就醫評估。

本產品為外用油膏，請依核准標示使用；若症狀持續或惡化，請諮詢醫師或藥師。

CTA：私訊/了解更多",#銀髮保養 #活動舒適 #輕微痠痛 #依標示使用,圖1：【散步後的膝周保養】｜圖2：輕微關節痠痛可短期舒緩，但不可宣稱治療疾病｜圖3：關節腫痛、紅熱、長期疼痛或行走困難，請就醫評估。,本產品為外用油膏，請依核准標示使用；若症狀持續或惡化，請諮詢醫師或藥師。,關節腫痛、紅熱、長期疼痛或行走困難，請就醫評估。,根治|治療疾病|消炎治本|打通經絡|一擦就好|保證有效|深層修復|替代藥物
Facebook_LINE163,LINE163,Facebook,2026-08-24,12:00,午休前的肩頸放鬆流程,B,低,pending_legal_pharmacist_review,false,【午休前的肩頸放鬆流程】,"【午休前的肩頸放鬆流程】

長時間低頭、久坐、用電腦的上班族常會遇到這種情境：午休前的肩頸放鬆流程。

這則貼文要傳達的重點很簡單：一條根外用油膏不是神奇療法，適合放在「久坐低頭後，可搭配伸展與局部按摩舒緩緊繃不適」這個保守邊界裡溝通。使用時請先看標示，薄擦於需要保養的局部，搭配輕柔按摩即可，不需要追求厚敷或過度刺激。

安全提醒：若痠痛持續、麻木或影響活動，請諮詢醫師或藥師。

本內容為一般生活保健資訊，非醫療診斷或治療建議。

CTA：收藏提醒","【午休前的肩頸放鬆流程】

長時間低頭、久坐、用電腦的上班族常會遇到這種情境：午休前的肩頸放鬆流程。

這則貼文要傳達的重點很簡單：一條根外用油膏不是神奇療法，適合放在「久坐低頭後，可搭配伸展與局部按摩舒緩緊繃不適」這個保守邊界裡溝通。使用時請先看標示，薄擦於需要保養的局部，搭配輕柔按摩即可，不需要追求厚敷或過度刺激。

安全提醒：若痠痛持續、麻木或影響活動，請諮詢醫師或藥師。

本內容為一般生活保健資訊，非醫療診斷或治療建議。

CTA：收藏提醒",#肩頸保養 #久坐族 #日常舒緩 #依標示使用,圖1：【午休前的肩頸放鬆流程】｜圖2：久坐低頭後，可搭配伸展與局部按摩舒緩緊繃不適｜圖3：若痠痛持續、麻木或影響活動，請諮詢醫師或藥師。,本內容為一般生活保健資訊，非醫療診斷或治療建議。,若痠痛持續、麻木或影響活動，請諮詢醫師或藥師。,根治|治療疾病|消炎治本|打通經絡|一擦就好|保證有效|深層修復|替代藥物
Facebook_LINE164,LINE164,Facebook,2026-08-24,20:00,油膏劑為什麼適合局部按摩,A,中,pending_legal_pharmacist_review,false,【油膏劑為什麼適合局部按摩】,"【油膏劑為什麼適合局部按摩】

已購買或正在觀望的一條根使用者常會遇到這種情境：油膏劑為什麼適合局部按摩。

這則貼文要傳達的重點很簡單：一條根外用油膏不是神奇療法，適合放在「依標示外用，提供局部按摩與暫時舒緩體感」這個保守邊界裡溝通。使用時請先看標示，薄擦於需要保養的局部，搭配輕柔按摩即可，不需要追求厚敷或過度刺激。

安全提醒：僅供外用；避免眼周、黏膜、破皮或傷口。

本產品為外用油膏，請依核准標示使用；若症狀持續或惡化，請諮詢醫師或藥師。

CTA：私訊/了解更多","【油膏劑為什麼適合局部按摩】

已購買或正在觀望的一條根使用者常會遇到這種情境：油膏劑為什麼適合局部按摩。

這則貼文要傳達的重點很簡單：一條根外用油膏不是神奇療法，適合放在「依標示外用，提供局部按摩與暫時舒緩體感」這個保守邊界裡溝通。使用時請先看標示，薄擦於需要保養的局部，搭配輕柔按摩即可，不需要追求厚敷或過度刺激。

安全提醒：僅供外用；避免眼周、黏膜、破皮或傷口。

本產品為外用油膏，請依核准標示使用；若症狀持續或惡化，請諮詢醫師或藥師。

CTA：私訊/了解更多",#金牌一條根 #外用油膏 #成分透明 #依標示使用,圖1：【油膏劑為什麼適合局部按摩】｜圖2：依標示外用，提供局部按摩與暫時舒緩體感｜圖3：僅供外用；避免眼周、黏膜、破皮或傷口。,本產品為外用油膏，請依核准標示使用；若症狀持續或惡化，請諮詢醫師或藥師。,僅供外用；避免眼周、黏膜、破皮或傷口。,根治|治療疾病|消炎治本|打通經絡|一擦就好|保證有效|深層修復|替代藥物
Facebook_LINE165,LINE165,Facebook,2026-08-25,12:00,大暑午後少久站硬撐,F,低,pending_legal_pharmacist_review,false,【大暑午後少久站硬撐】,"【大暑午後少久站硬撐】

喜歡養生、節氣與日常保健的 LINE 讀者常會遇到這種情境：大暑午後少久站硬撐。

這則貼文要傳達的重點很簡單：一條根外用油膏不是神奇療法，適合放在「以生活保健與身體覺察為主，不做醫療療效宣稱」這個保守邊界裡溝通。使用時請先看標示，薄擦於需要保養的局部，搭配輕柔按摩即可，不需要追求厚敷或過度刺激。

安全提醒：節氣養生屬一般生活資訊，身體不適仍應諮詢專業人員。

本內容為一般生活保健資訊，非醫療診斷或治療建議。

CTA：收藏提醒","【大暑午後少久站硬撐】

喜歡養生、節氣與日常保健的 LINE 讀者常會遇到這種情境：大暑午後少久站硬撐。

這則貼文要傳達的重點很簡單：一條根外用油膏不是神奇療法，適合放在「以生活保健與身體覺察為主，不做醫療療效宣稱」這個保守邊界裡溝通。使用時請先看標示，薄擦於需要保養的局部，搭配輕柔按摩即可，不需要追求厚敷或過度刺激。

安全提醒：節氣養生屬一般生活資訊，身體不適仍應諮詢專業人員。

本內容為一般生活保健資訊，非醫療診斷或治療建議。

CTA：收藏提醒",#節氣保養 #生活保健 #日常保養 #身體覺察,圖1：【大暑午後少久站硬撐】｜圖2：以生活保健與身體覺察為主，不做醫療療效宣稱｜圖3：節氣養生屬一般生活資訊，身體不適仍應諮詢專業人員。,本內容為一般生活保健資訊，非醫療診斷或治療建議。,節氣養生屬一般生活資訊，身體不適仍應諮詢專業人員。,根治|治療疾病|消炎治本|打通經絡|一擦就好|保證有效|深層修復|替代藥物
Facebook_LINE166,LINE166,Facebook,2026-08-25,20:00,不要密封包紮或大面積厚敷,E,高,pending_legal_pharmacist_review,false,【不要密封包紮或大面積厚敷】,"【不要密封包紮或大面積厚敷】

所有使用者、照護者與家庭購買者常會遇到這種情境：不要密封包紮或大面積厚敷。

這則貼文要傳達的重點很簡單：一條根外用油膏不是神奇療法，適合放在「安全使用比用得多更重要，依標示與風險族群提醒」這個保守邊界裡溝通。使用時請先看標示，薄擦於需要保養的局部，搭配輕柔按摩即可，不需要追求厚敷或過度刺激。

安全提醒：2 歲以下、孕哺、過敏體質、抗凝血藥使用者請先詢問專業人員。

僅供外用。避免接觸眼睛、黏膜、破皮或傷口；特殊族群使用前請先諮詢專業人員。

CTA：私訊/了解更多","【不要密封包紮或大面積厚敷】

所有使用者、照護者與家庭購買者常會遇到這種情境：不要密封包紮或大面積厚敷。

這則貼文要傳達的重點很簡單：一條根外用油膏不是神奇療法，適合放在「安全使用比用得多更重要，依標示與風險族群提醒」這個保守邊界裡溝通。使用時請先看標示，薄擦於需要保養的局部，搭配輕柔按摩即可，不需要追求厚敷或過度刺激。

安全提醒：2 歲以下、孕哺、過敏體質、抗凝血藥使用者請先詢問專業人員。

僅供外用。避免接觸眼睛、黏膜、破皮或傷口；特殊族群使用前請先諮詢專業人員。

CTA：私訊/了解更多",#外用安全 #用藥安全 #使用前看標示 #諮詢醫師藥師,圖1：【不要密封包紮或大面積厚敷】｜圖2：安全使用比用得多更重要，依標示與風險族群提醒｜圖3：2 歲以下、孕哺、過敏體質、抗凝血藥使用者請先詢問專業人員。,僅供外用。避免接觸眼睛、黏膜、破皮或傷口；特殊族群使用前請先諮詢專業人員。,2 歲以下、孕哺、過敏體質、抗凝血藥使用者請先詢問專業人員。,根治|治療疾病|消炎治本|打通經絡|一擦就好|保證有效|深層修復|替代藥物
Facebook_LINE167,LINE167,Facebook,2026-08-26,12:00,藥證可查代表什麼,H,中,pending_legal_pharmacist_review,false,【藥證可查代表什麼】,"【藥證可查代表什麼】

重視藥證、成分、品質與合法性的消費者常會遇到這種情境：藥證可查代表什麼。

這則貼文要傳達的重點很簡單：一條根外用油膏不是神奇療法，適合放在「強調藥證、標示、保守宣稱與人工審核流程」這個保守邊界裡溝通。使用時請先看標示，薄擦於需要保養的局部，搭配輕柔按摩即可，不需要追求厚敷或過度刺激。

安全提醒：所有廣告文案仍須依主管機關與專業人員審核。

本產品為外用油膏，請依核准標示使用；若症狀持續或惡化，請諮詢醫師或藥師。

CTA：收藏提醒","【藥證可查代表什麼】

重視藥證、成分、品質與合法性的消費者常會遇到這種情境：藥證可查代表什麼。

這則貼文要傳達的重點很簡單：一條根外用油膏不是神奇療法，適合放在「強調藥證、標示、保守宣稱與人工審核流程」這個保守邊界裡溝通。使用時請先看標示，薄擦於需要保養的局部，搭配輕柔按摩即可，不需要追求厚敷或過度刺激。

安全提醒：所有廣告文案仍須依主管機關與專業人員審核。

本產品為外用油膏，請依核准標示使用；若症狀持續或惡化，請諮詢醫師或藥師。

CTA：收藏提醒",#藥證可查 #品牌透明 #合法宣傳 #成分透明,圖1：【藥證可查代表什麼】｜圖2：強調藥證、標示、保守宣稱與人工審核流程｜圖3：所有廣告文案仍須依主管機關與專業人員審核。,本產品為外用油膏，請依核准標示使用；若症狀持續或惡化，請諮詢醫師或藥師。,所有廣告文案仍須依主管機關與專業人員審核。,根治|治療疾病|消炎治本|打通經絡|一擦就好|保證有效|深層修復|替代藥物
Facebook_LINE168,LINE168,Facebook,2026-08-26,20:00,涼感越強越有效嗎,G,低,pending_legal_pharmacist_review,false,【涼感越強越有效嗎】,"【涼感越強越有效嗎】

LINE OA 好友、回購客與新客常會遇到這種情境：涼感越強越有效嗎。

這則貼文要傳達的重點很簡單：一條根外用油膏不是神奇療法，適合放在「用問答降低誤用，讓使用者知道何時該詢問專業人員」這個保守邊界裡溝通。使用時請先看標示，薄擦於需要保養的局部，搭配輕柔按摩即可，不需要追求厚敷或過度刺激。

安全提醒：互動回答不取代醫師或藥師建議。

本內容為一般生活保健資訊，非醫療診斷或治療建議。

CTA：留言互動","【涼感越強越有效嗎】

LINE OA 好友、回購客與新客常會遇到這種情境：涼感越強越有效嗎。

這則貼文要傳達的重點很簡單：一條根外用油膏不是神奇療法，適合放在「用問答降低誤用，讓使用者知道何時該詢問專業人員」這個保守邊界裡溝通。使用時請先看標示，薄擦於需要保養的局部，搭配輕柔按摩即可，不需要追求厚敷或過度刺激。

安全提醒：互動回答不取代醫師或藥師建議。

本內容為一般生活保健資訊，非醫療診斷或治療建議。

CTA：留言互動",#互動問答 #保養知識 #使用小提醒 #金牌一條根,圖1：【涼感越強越有效嗎】｜圖2：用問答降低誤用，讓使用者知道何時該詢問專業人員｜圖3：互動回答不取代醫師或藥師建議。,本內容為一般生活保健資訊，非醫療診斷或治療建議。,互動回答不取代醫師或藥師建議。,根治|治療疾病|消炎治本|打通經絡|一擦就好|保證有效|深層修復|替代藥物
Facebook_LINE169,LINE169,Facebook,2026-08-27,12:00,重訓後肩背局部舒緩,C,中,pending_legal_pharmacist_review,false,【重訓後肩背局部舒緩】,"【重訓後肩背局部舒緩】

運動族、搬重物、久站與勞動工作者常會遇到這種情境：重訓後肩背局部舒緩。

這則貼文要傳達的重點很簡單：一條根外用油膏不是神奇療法，適合放在「運動或勞動後的局部肌肉痠痛，可短期按摩舒緩」這個保守邊界裡溝通。使用時請先看標示，薄擦於需要保養的局部，搭配輕柔按摩即可，不需要追求厚敷或過度刺激。

安全提醒：明顯腫脹、劇痛、活動受限或疑似受傷時，請先就醫。

本產品為外用油膏，請依核准標示使用；若症狀持續或惡化，請諮詢醫師或藥師。

CTA：收藏提醒","【重訓後肩背局部舒緩】

運動族、搬重物、久站與勞動工作者常會遇到這種情境：重訓後肩背局部舒緩。

這則貼文要傳達的重點很簡單：一條根外用油膏不是神奇療法，適合放在「運動或勞動後的局部肌肉痠痛，可短期按摩舒緩」這個保守邊界裡溝通。使用時請先看標示，薄擦於需要保養的局部，搭配輕柔按摩即可，不需要追求厚敷或過度刺激。

安全提醒：明顯腫脹、劇痛、活動受限或疑似受傷時，請先就醫。

本產品為外用油膏，請依核准標示使用；若症狀持續或惡化，請諮詢醫師或藥師。

CTA：收藏提醒",#運動後保養 #局部按摩 #肌肉痠痛 #依標示使用,圖1：【重訓後肩背局部舒緩】｜圖2：運動或勞動後的局部肌肉痠痛，可短期按摩舒緩｜圖3：明顯腫脹、劇痛、活動受限或疑似受傷時，請先就醫。,本產品為外用油膏，請依核准標示使用；若症狀持續或惡化，請諮詢醫師或藥師。,明顯腫脹、劇痛、活動受限或疑似受傷時，請先就醫。,根治|治療疾病|消炎治本|打通經絡|一擦就好|保證有效|深層修復|替代藥物
Facebook_LINE170,LINE170,Facebook,2026-08-27,20:00,乙類成藥與一般保健品差異,A,中,pending_legal_pharmacist_review,false,【乙類成藥與一般保健品差異】,"【乙類成藥與一般保健品差異】

已購買或正在觀望的一條根使用者常會遇到這種情境：乙類成藥與一般保健品差異。

這則貼文要傳達的重點很簡單：一條根外用油膏不是神奇療法，適合放在「依標示外用，提供局部按摩與暫時舒緩體感」這個保守邊界裡溝通。使用時請先看標示，薄擦於需要保養的局部，搭配輕柔按摩即可，不需要追求厚敷或過度刺激。

安全提醒：僅供外用；避免眼周、黏膜、破皮或傷口。

本產品為外用油膏，請依核准標示使用；若症狀持續或惡化，請諮詢醫師或藥師。

CTA：私訊/了解更多","【乙類成藥與一般保健品差異】

已購買或正在觀望的一條根使用者常會遇到這種情境：乙類成藥與一般保健品差異。

這則貼文要傳達的重點很簡單：一條根外用油膏不是神奇療法，適合放在「依標示外用，提供局部按摩與暫時舒緩體感」這個保守邊界裡溝通。使用時請先看標示，薄擦於需要保養的局部，搭配輕柔按摩即可，不需要追求厚敷或過度刺激。

安全提醒：僅供外用；避免眼周、黏膜、破皮或傷口。

本產品為外用油膏，請依核准標示使用；若症狀持續或惡化，請諮詢醫師或藥師。

CTA：私訊/了解更多",#金牌一條根 #外用油膏 #成分透明 #依標示使用,圖1：【乙類成藥與一般保健品差異】｜圖2：依標示外用，提供局部按摩與暫時舒緩體感｜圖3：僅供外用；避免眼周、黏膜、破皮或傷口。,本產品為外用油膏，請依核准標示使用；若症狀持續或惡化，請諮詢醫師或藥師。,僅供外用；避免眼周、黏膜、破皮或傷口。,根治|治療疾病|消炎治本|打通經絡|一擦就好|保證有效|深層修復|替代藥物
Facebook_LINE171,LINE171,Facebook,2026-08-28,12:00,天氣變化時的活動舒適感,D,中,pending_legal_pharmacist_review,false,【天氣變化時的活動舒適感】,"【天氣變化時的活動舒適感】

40-70 歲注重日常活動舒適度的族群常會遇到這種情境：天氣變化時的活動舒適感。

這則貼文要傳達的重點很簡單：一條根外用油膏不是神奇療法，適合放在「輕微關節痠痛可短期舒緩，但不可宣稱治療疾病」這個保守邊界裡溝通。使用時請先看標示，薄擦於需要保養的局部，搭配輕柔按摩即可，不需要追求厚敷或過度刺激。

安全提醒：關節腫痛、紅熱、長期疼痛或行走困難，請就醫評估。

本產品為外用油膏，請依核准標示使用；若症狀持續或惡化，請諮詢醫師或藥師。

CTA：收藏提醒","【天氣變化時的活動舒適感】

40-70 歲注重日常活動舒適度的族群常會遇到這種情境：天氣變化時的活動舒適感。

這則貼文要傳達的重點很簡單：一條根外用油膏不是神奇療法，適合放在「輕微關節痠痛可短期舒緩，但不可宣稱治療疾病」這個保守邊界裡溝通。使用時請先看標示，薄擦於需要保養的局部，搭配輕柔按摩即可，不需要追求厚敷或過度刺激。

安全提醒：關節腫痛、紅熱、長期疼痛或行走困難，請就醫評估。

本產品為外用油膏，請依核准標示使用；若症狀持續或惡化，請諮詢醫師或藥師。

CTA：收藏提醒",#銀髮保養 #活動舒適 #輕微痠痛 #依標示使用,圖1：【天氣變化時的活動舒適感】｜圖2：輕微關節痠痛可短期舒緩，但不可宣稱治療疾病｜圖3：關節腫痛、紅熱、長期疼痛或行走困難，請就醫評估。,本產品為外用油膏，請依核准標示使用；若症狀持續或惡化，請諮詢醫師或藥師。,關節腫痛、紅熱、長期疼痛或行走困難，請就醫評估。,根治|治療疾病|消炎治本|打通經絡|一擦就好|保證有效|深層修復|替代藥物
Facebook_LINE172,LINE172,Facebook,2026-08-28,20:00,水楊酸或阿斯匹靈過敏者注意,E,高,pending_legal_pharmacist_review,false,【水楊酸或阿斯匹靈過敏者注意】,"【水楊酸或阿斯匹靈過敏者注意】

所有使用者、照護者與家庭購買者常會遇到這種情境：水楊酸或阿斯匹靈過敏者注意。

這則貼文要傳達的重點很簡單：一條根外用油膏不是神奇療法，適合放在「安全使用比用得多更重要，依標示與風險族群提醒」這個保守邊界裡溝通。使用時請先看標示，薄擦於需要保養的局部，搭配輕柔按摩即可，不需要追求厚敷或過度刺激。

安全提醒：2 歲以下、孕哺、過敏體質、抗凝血藥使用者請先詢問專業人員。

僅供外用。避免接觸眼睛、黏膜、破皮或傷口；特殊族群使用前請先諮詢專業人員。

CTA：私訊/了解更多","【水楊酸或阿斯匹靈過敏者注意】

所有使用者、照護者與家庭購買者常會遇到這種情境：水楊酸或阿斯匹靈過敏者注意。

這則貼文要傳達的重點很簡單：一條根外用油膏不是神奇療法，適合放在「安全使用比用得多更重要，依標示與風險族群提醒」這個保守邊界裡溝通。使用時請先看標示，薄擦於需要保養的局部，搭配輕柔按摩即可，不需要追求厚敷或過度刺激。

安全提醒：2 歲以下、孕哺、過敏體質、抗凝血藥使用者請先詢問專業人員。

僅供外用。避免接觸眼睛、黏膜、破皮或傷口；特殊族群使用前請先諮詢專業人員。

CTA：私訊/了解更多",#外用安全 #用藥安全 #使用前看標示 #諮詢醫師藥師,圖1：【水楊酸或阿斯匹靈過敏者注意】｜圖2：安全使用比用得多更重要，依標示與風險族群提醒｜圖3：2 歲以下、孕哺、過敏體質、抗凝血藥使用者請先詢問專業人員。,僅供外用。避免接觸眼睛、黏膜、破皮或傷口；特殊族群使用前請先諮詢專業人員。,2 歲以下、孕哺、過敏體質、抗凝血藥使用者請先詢問專業人員。,根治|治療疾病|消炎治本|打通經絡|一擦就好|保證有效|深層修復|替代藥物
Facebook_LINE173,LINE173,Facebook,2026-08-29,12:00,立秋後早晚溫差保養,F,低,pending_legal_pharmacist_review,false,【立秋後早晚溫差保養】,"【立秋後早晚溫差保養】

喜歡養生、節氣與日常保健的 LINE 讀者常會遇到這種情境：立秋後早晚溫差保養。

這則貼文要傳達的重點很簡單：一條根外用油膏不是神奇療法，適合放在「以生活保健與身體覺察為主，不做醫療療效宣稱」這個保守邊界裡溝通。使用時請先看標示，薄擦於需要保養的局部，搭配輕柔按摩即可，不需要追求厚敷或過度刺激。

安全提醒：節氣養生屬一般生活資訊，身體不適仍應諮詢專業人員。

本內容為一般生活保健資訊，非醫療診斷或治療建議。

CTA：收藏提醒","【立秋後早晚溫差保養】

喜歡養生、節氣與日常保健的 LINE 讀者常會遇到這種情境：立秋後早晚溫差保養。

這則貼文要傳達的重點很簡單：一條根外用油膏不是神奇療法，適合放在「以生活保健與身體覺察為主，不做醫療療效宣稱」這個保守邊界裡溝通。使用時請先看標示，薄擦於需要保養的局部，搭配輕柔按摩即可，不需要追求厚敷或過度刺激。

安全提醒：節氣養生屬一般生活資訊，身體不適仍應諮詢專業人員。

本內容為一般生活保健資訊，非醫療診斷或治療建議。

CTA：收藏提醒",#節氣保養 #生活保健 #日常保養 #身體覺察,圖1：【立秋後早晚溫差保養】｜圖2：以生活保健與身體覺察為主，不做醫療療效宣稱｜圖3：節氣養生屬一般生活資訊，身體不適仍應諮詢專業人員。,本內容為一般生活保健資訊，非醫療診斷或治療建議。,節氣養生屬一般生活資訊，身體不適仍應諮詢專業人員。,根治|治療疾病|消炎治本|打通經絡|一擦就好|保證有效|深層修復|替代藥物
Facebook_LINE174,LINE174,Facebook,2026-08-29,20:00,家事後手臂不適保養,C,中,pending_legal_pharmacist_review,false,【家事後手臂不適保養】,"【家事後手臂不適保養】

運動族、搬重物、久站與勞動工作者常會遇到這種情境：家事後手臂不適保養。

這則貼文要傳達的重點很簡單：一條根外用油膏不是神奇療法，適合放在「運動或勞動後的局部肌肉痠痛，可短期按摩舒緩」這個保守邊界裡溝通。使用時請先看標示，薄擦於需要保養的局部，搭配輕柔按摩即可，不需要追求厚敷或過度刺激。

安全提醒：明顯腫脹、劇痛、活動受限或疑似受傷時，請先就醫。

本產品為外用油膏，請依核准標示使用；若症狀持續或惡化，請諮詢醫師或藥師。

CTA：私訊/了解更多","【家事後手臂不適保養】

運動族、搬重物、久站與勞動工作者常會遇到這種情境：家事後手臂不適保養。

這則貼文要傳達的重點很簡單：一條根外用油膏不是神奇療法，適合放在「運動或勞動後的局部肌肉痠痛，可短期按摩舒緩」這個保守邊界裡溝通。使用時請先看標示，薄擦於需要保養的局部，搭配輕柔按摩即可，不需要追求厚敷或過度刺激。

安全提醒：明顯腫脹、劇痛、活動受限或疑似受傷時，請先就醫。

本產品為外用油膏，請依核准標示使用；若症狀持續或惡化，請諮詢醫師或藥師。

CTA：私訊/了解更多",#運動後保養 #局部按摩 #肌肉痠痛 #依標示使用,圖1：【家事後手臂不適保養】｜圖2：運動或勞動後的局部肌肉痠痛，可短期按摩舒緩｜圖3：明顯腫脹、劇痛、活動受限或疑似受傷時，請先就醫。,本產品為外用油膏，請依核准標示使用；若症狀持續或惡化，請諮詢醫師或藥師。,明顯腫脹、劇痛、活動受限或疑似受傷時，請先就醫。,根治|治療疾病|消炎治本|打通經絡|一擦就好|保證有效|深層修復|替代藥物
Facebook_LINE175,LINE175,Facebook,2026-08-30,12:00,你有看過外用產品標示嗎,G,低,pending_legal_pharmacist_review,false,【你有看過外用產品標示嗎】,"【你有看過外用產品標示嗎】

LINE OA 好友、回購客與新客常會遇到這種情境：你有看過外用產品標示嗎。

這則貼文要傳達的重點很簡單：一條根外用油膏不是神奇療法，適合放在「用問答降低誤用，讓使用者知道何時該詢問專業人員」這個保守邊界裡溝通。使用時請先看標示，薄擦於需要保養的局部，搭配輕柔按摩即可，不需要追求厚敷或過度刺激。

安全提醒：互動回答不取代醫師或藥師建議。

本內容為一般生活保健資訊，非醫療診斷或治療建議。

CTA：留言互動","【你有看過外用產品標示嗎】

LINE OA 好友、回購客與新客常會遇到這種情境：你有看過外用產品標示嗎。

這則貼文要傳達的重點很簡單：一條根外用油膏不是神奇療法，適合放在「用問答降低誤用，讓使用者知道何時該詢問專業人員」這個保守邊界裡溝通。使用時請先看標示，薄擦於需要保養的局部，搭配輕柔按摩即可，不需要追求厚敷或過度刺激。

安全提醒：互動回答不取代醫師或藥師建議。

本內容為一般生活保健資訊，非醫療診斷或治療建議。

CTA：留言互動",#互動問答 #保養知識 #使用小提醒 #金牌一條根,圖1：【你有看過外用產品標示嗎】｜圖2：用問答降低誤用，讓使用者知道何時該詢問專業人員｜圖3：互動回答不取代醫師或藥師建議。,本內容為一般生活保健資訊，非醫療診斷或治療建議。,互動回答不取代醫師或藥師建議。,根治|治療疾病|消炎治本|打通經絡|一擦就好|保證有效|深層修復|替代藥物
Facebook_LINE176,LINE176,Facebook,2026-08-30,20:00,長輩按摩力道不要過重,D,中,pending_legal_pharmacist_review,false,【長輩按摩力道不要過重】,"【長輩按摩力道不要過重】

40-70 歲注重日常活動舒適度的族群常會遇到這種情境：長輩按摩力道不要過重。

這則貼文要傳達的重點很簡單：一條根外用油膏不是神奇療法，適合放在「輕微關節痠痛可短期舒緩，但不可宣稱治療疾病」這個保守邊界裡溝通。使用時請先看標示，薄擦於需要保養的局部，搭配輕柔按摩即可，不需要追求厚敷或過度刺激。

安全提醒：關節腫痛、紅熱、長期疼痛或行走困難，請就醫評估。

本產品為外用油膏，請依核准標示使用；若症狀持續或惡化，請諮詢醫師或藥師。

CTA：私訊/了解更多","【長輩按摩力道不要過重】

40-70 歲注重日常活動舒適度的族群常會遇到這種情境：長輩按摩力道不要過重。

這則貼文要傳達的重點很簡單：一條根外用油膏不是神奇療法，適合放在「輕微關節痠痛可短期舒緩，但不可宣稱治療疾病」這個保守邊界裡溝通。使用時請先看標示，薄擦於需要保養的局部，搭配輕柔按摩即可，不需要追求厚敷或過度刺激。

安全提醒：關節腫痛、紅熱、長期疼痛或行走困難，請就醫評估。

本產品為外用油膏，請依核准標示使用；若症狀持續或惡化，請諮詢醫師或藥師。

CTA：私訊/了解更多",#銀髮保養 #活動舒適 #輕微痠痛 #依標示使用,圖1：【長輩按摩力道不要過重】｜圖2：輕微關節痠痛可短期舒緩，但不可宣稱治療疾病｜圖3：關節腫痛、紅熱、長期疼痛或行走困難，請就醫評估。,本產品為外用油膏，請依核准標示使用；若症狀持續或惡化，請諮詢醫師或藥師。,關節腫痛、紅熱、長期疼痛或行走困難，請就醫評估。,根治|治療疾病|消炎治本|打通經絡|一擦就好|保證有效|深層修復|替代藥物
Facebook_LINE177,LINE177,Facebook,2026-08-31,12:00,開會久坐後的腰背舒緩,B,低,pending_legal_pharmacist_review,false,【開會久坐後的腰背舒緩】,"【開會久坐後的腰背舒緩】

長時間低頭、久坐、用電腦的上班族常會遇到這種情境：開會久坐後的腰背舒緩。

這則貼文要傳達的重點很簡單：一條根外用油膏不是神奇療法，適合放在「久坐低頭後，可搭配伸展與局部按摩舒緩緊繃不適」這個保守邊界裡溝通。使用時請先看標示，薄擦於需要保養的局部，搭配輕柔按摩即可，不需要追求厚敷或過度刺激。

安全提醒：若痠痛持續、麻木或影響活動，請諮詢醫師或藥師。

本內容為一般生活保健資訊，非醫療診斷或治療建議。

CTA：收藏提醒","【開會久坐後的腰背舒緩】

長時間低頭、久坐、用電腦的上班族常會遇到這種情境：開會久坐後的腰背舒緩。

這則貼文要傳達的重點很簡單：一條根外用油膏不是神奇療法，適合放在「久坐低頭後，可搭配伸展與局部按摩舒緩緊繃不適」這個保守邊界裡溝通。使用時請先看標示，薄擦於需要保養的局部，搭配輕柔按摩即可，不需要追求厚敷或過度刺激。

安全提醒：若痠痛持續、麻木或影響活動，請諮詢醫師或藥師。

本內容為一般生活保健資訊，非醫療診斷或治療建議。

CTA：收藏提醒",#肩頸保養 #久坐族 #日常舒緩 #依標示使用,圖1：【開會久坐後的腰背舒緩】｜圖2：久坐低頭後，可搭配伸展與局部按摩舒緩緊繃不適｜圖3：若痠痛持續、麻木或影響活動，請諮詢醫師或藥師。,本內容為一般生活保健資訊，非醫療診斷或治療建議。,若痠痛持續、麻木或影響活動，請諮詢醫師或藥師。,根治|治療疾病|消炎治本|打通經絡|一擦就好|保證有效|深層修復|替代藥物
Facebook_LINE178,LINE178,Facebook,2026-08-31,20:00,一條根外用膏的日常定位,A,中,pending_legal_pharmacist_review,false,【一條根外用膏的日常定位】,"【一條根外用膏的日常定位】

已購買或正在觀望的一條根使用者常會遇到這種情境：一條根外用膏的日常定位。

這則貼文要傳達的重點很簡單：一條根外用油膏不是神奇療法，適合放在「依標示外用，提供局部按摩與暫時舒緩體感」這個保守邊界裡溝通。使用時請先看標示，薄擦於需要保養的局部，搭配輕柔按摩即可，不需要追求厚敷或過度刺激。

安全提醒：僅供外用；避免眼周、黏膜、破皮或傷口。

本產品為外用油膏，請依核准標示使用；若症狀持續或惡化，請諮詢醫師或藥師。

CTA：私訊/了解更多","【一條根外用膏的日常定位】

已購買或正在觀望的一條根使用者常會遇到這種情境：一條根外用膏的日常定位。

這則貼文要傳達的重點很簡單：一條根外用油膏不是神奇療法，適合放在「依標示外用，提供局部按摩與暫時舒緩體感」這個保守邊界裡溝通。使用時請先看標示，薄擦於需要保養的局部，搭配輕柔按摩即可，不需要追求厚敷或過度刺激。

安全提醒：僅供外用；避免眼周、黏膜、破皮或傷口。

本產品為外用油膏，請依核准標示使用；若症狀持續或惡化，請諮詢醫師或藥師。

CTA：私訊/了解更多",#金牌一條根 #外用油膏 #成分透明 #依標示使用,圖1：【一條根外用膏的日常定位】｜圖2：依標示外用，提供局部按摩與暫時舒緩體感｜圖3：僅供外用；避免眼周、黏膜、破皮或傷口。,本產品為外用油膏，請依核准標示使用；若症狀持續或惡化，請諮詢醫師或藥師。,僅供外用；避免眼周、黏膜、破皮或傷口。,根治|治療疾病|消炎治本|打通經絡|一擦就好|保證有效|深層修復|替代藥物
Facebook_LINE179,LINE179,Facebook,2026-09-01,12:00,處暑後運動暖身提醒,F,低,pending_legal_pharmacist_review,false,【處暑後運動暖身提醒】,"【處暑後運動暖身提醒】

喜歡養生、節氣與日常保健的 LINE 讀者常會遇到這種情境：處暑後運動暖身提醒。

這則貼文要傳達的重點很簡單：一條根外用油膏不是神奇療法，適合放在「以生活保健與身體覺察為主，不做醫療療效宣稱」這個保守邊界裡溝通。使用時請先看標示，薄擦於需要保養的局部，搭配輕柔按摩即可，不需要追求厚敷或過度刺激。

安全提醒：節氣養生屬一般生活資訊，身體不適仍應諮詢專業人員。

本內容為一般生活保健資訊，非醫療診斷或治療建議。

CTA：收藏提醒","【處暑後運動暖身提醒】

喜歡養生、節氣與日常保健的 LINE 讀者常會遇到這種情境：處暑後運動暖身提醒。

這則貼文要傳達的重點很簡單：一條根外用油膏不是神奇療法，適合放在「以生活保健與身體覺察為主，不做醫療療效宣稱」這個保守邊界裡溝通。使用時請先看標示，薄擦於需要保養的局部，搭配輕柔按摩即可，不需要追求厚敷或過度刺激。

安全提醒：節氣養生屬一般生活資訊，身體不適仍應諮詢專業人員。

本內容為一般生活保健資訊，非醫療診斷或治療建議。

CTA：收藏提醒",#節氣保養 #生活保健 #日常保養 #身體覺察,圖1：【處暑後運動暖身提醒】｜圖2：以生活保健與身體覺察為主，不做醫療療效宣稱｜圖3：節氣養生屬一般生活資訊，身體不適仍應諮詢專業人員。,本內容為一般生活保健資訊，非醫療診斷或治療建議。,節氣養生屬一般生活資訊，身體不適仍應諮詢專業人員。,根治|治療疾病|消炎治本|打通經絡|一擦就好|保證有效|深層修復|替代藥物
Facebook_LINE180,LINE180,Facebook,2026-09-01,20:00,兒童使用前的安全提醒,E,高,pending_legal_pharmacist_review,false,【兒童使用前的安全提醒】,"【兒童使用前的安全提醒】

所有使用者、照護者與家庭購買者常會遇到這種情境：兒童使用前的安全提醒。

這則貼文要傳達的重點很簡單：一條根外用油膏不是神奇療法，適合放在「安全使用比用得多更重要，依標示與風險族群提醒」這個保守邊界裡溝通。使用時請先看標示，薄擦於需要保養的局部，搭配輕柔按摩即可，不需要追求厚敷或過度刺激。

安全提醒：2 歲以下、孕哺、過敏體質、抗凝血藥使用者請先詢問專業人員。

僅供外用。避免接觸眼睛、黏膜、破皮或傷口；特殊族群使用前請先諮詢專業人員。

CTA：私訊/了解更多","【兒童使用前的安全提醒】

所有使用者、照護者與家庭購買者常會遇到這種情境：兒童使用前的安全提醒。

這則貼文要傳達的重點很簡單：一條根外用油膏不是神奇療法，適合放在「安全使用比用得多更重要，依標示與風險族群提醒」這個保守邊界裡溝通。使用時請先看標示，薄擦於需要保養的局部，搭配輕柔按摩即可，不需要追求厚敷或過度刺激。

安全提醒：2 歲以下、孕哺、過敏體質、抗凝血藥使用者請先詢問專業人員。

僅供外用。避免接觸眼睛、黏膜、破皮或傷口；特殊族群使用前請先諮詢專業人員。

CTA：私訊/了解更多",#外用安全 #用藥安全 #使用前看標示 #諮詢醫師藥師,圖1：【兒童使用前的安全提醒】｜圖2：安全使用比用得多更重要，依標示與風險族群提醒｜圖3：2 歲以下、孕哺、過敏體質、抗凝血藥使用者請先詢問專業人員。,僅供外用。避免接觸眼睛、黏膜、破皮或傷口；特殊族群使用前請先諮詢專業人員。,2 歲以下、孕哺、過敏體質、抗凝血藥使用者請先詢問專業人員。,根治|治療疾病|消炎治本|打通經絡|一擦就好|保證有效|深層修復|替代藥物
Facebook_LINE181,LINE181,Facebook,2026-09-02,12:00,外用膏廣告為什麼要保守,H,中,pending_legal_pharmacist_review,false,【外用膏廣告為什麼要保守】,"【外用膏廣告為什麼要保守】

重視藥證、成分、品質與合法性的消費者常會遇到這種情境：外用膏廣告為什麼要保守。

這則貼文要傳達的重點很簡單：一條根外用油膏不是神奇療法，適合放在「強調藥證、標示、保守宣稱與人工審核流程」這個保守邊界裡溝通。使用時請先看標示，薄擦於需要保養的局部，搭配輕柔按摩即可，不需要追求厚敷或過度刺激。

安全提醒：所有廣告文案仍須依主管機關與專業人員審核。

本產品為外用油膏，請依核准標示使用；若症狀持續或惡化，請諮詢醫師或藥師。

CTA：收藏提醒","【外用膏廣告為什麼要保守】

重視藥證、成分、品質與合法性的消費者常會遇到這種情境：外用膏廣告為什麼要保守。

這則貼文要傳達的重點很簡單：一條根外用油膏不是神奇療法，適合放在「強調藥證、標示、保守宣稱與人工審核流程」這個保守邊界裡溝通。使用時請先看標示，薄擦於需要保養的局部，搭配輕柔按摩即可，不需要追求厚敷或過度刺激。

安全提醒：所有廣告文案仍須依主管機關與專業人員審核。

本產品為外用油膏，請依核准標示使用；若症狀持續或惡化，請諮詢醫師或藥師。

CTA：收藏提醒",#藥證可查 #品牌透明 #合法宣傳 #成分透明,圖1：【外用膏廣告為什麼要保守】｜圖2：強調藥證、標示、保守宣稱與人工審核流程｜圖3：所有廣告文案仍須依主管機關與專業人員審核。,本產品為外用油膏，請依核准標示使用；若症狀持續或惡化，請諮詢醫師或藥師。,所有廣告文案仍須依主管機關與專業人員審核。,根治|治療疾病|消炎治本|打通經絡|一擦就好|保證有效|深層修復|替代藥物
Facebook_LINE182,LINE182,Facebook,2026-09-02,20:00,久坐族最想舒緩哪裡,G,低,pending_legal_pharmacist_review,false,【久坐族最想舒緩哪裡】,"【久坐族最想舒緩哪裡】

LINE OA 好友、回購客與新客常會遇到這種情境：久坐族最想舒緩哪裡。

這則貼文要傳達的重點很簡單：一條根外用油膏不是神奇療法，適合放在「用問答降低誤用，讓使用者知道何時該詢問專業人員」這個保守邊界裡溝通。使用時請先看標示，薄擦於需要保養的局部，搭配輕柔按摩即可，不需要追求厚敷或過度刺激。

安全提醒：互動回答不取代醫師或藥師建議。

本內容為一般生活保健資訊，非醫療診斷或治療建議。

CTA：留言互動","【久坐族最想舒緩哪裡】

LINE OA 好友、回購客與新客常會遇到這種情境：久坐族最想舒緩哪裡。

這則貼文要傳達的重點很簡單：一條根外用油膏不是神奇療法，適合放在「用問答降低誤用，讓使用者知道何時該詢問專業人員」這個保守邊界裡溝通。使用時請先看標示，薄擦於需要保養的局部，搭配輕柔按摩即可，不需要追求厚敷或過度刺激。

安全提醒：互動回答不取代醫師或藥師建議。

本內容為一般生活保健資訊，非醫療診斷或治療建議。

CTA：留言互動",#互動問答 #保養知識 #使用小提醒 #金牌一條根,圖1：【久坐族最想舒緩哪裡】｜圖2：用問答降低誤用，讓使用者知道何時該詢問專業人員｜圖3：互動回答不取代醫師或藥師建議。,本內容為一般生活保健資訊，非醫療診斷或治療建議。,互動回答不取代醫師或藥師建議。,根治|治療疾病|消炎治本|打通經絡|一擦就好|保證有效|深層修復|替代藥物
Facebook_LINE183,LINE183,Facebook,2026-09-03,12:00,跑步後膝周不適的保守提醒,C,中,pending_legal_pharmacist_review,false,【跑步後膝周不適的保守提醒】,"【跑步後膝周不適的保守提醒】

運動族、搬重物、久站與勞動工作者常會遇到這種情境：跑步後膝周不適的保守提醒。

這則貼文要傳達的重點很簡單：一條根外用油膏不是神奇療法，適合放在「運動或勞動後的局部肌肉痠痛，可短期按摩舒緩」這個保守邊界裡溝通。使用時請先看標示，薄擦於需要保養的局部，搭配輕柔按摩即可，不需要追求厚敷或過度刺激。

安全提醒：明顯腫脹、劇痛、活動受限或疑似受傷時，請先就醫。

本產品為外用油膏，請依核准標示使用；若症狀持續或惡化，請諮詢醫師或藥師。

CTA：收藏提醒","【跑步後膝周不適的保守提醒】

運動族、搬重物、久站與勞動工作者常會遇到這種情境：跑步後膝周不適的保守提醒。

這則貼文要傳達的重點很簡單：一條根外用油膏不是神奇療法，適合放在「運動或勞動後的局部肌肉痠痛，可短期按摩舒緩」這個保守邊界裡溝通。使用時請先看標示，薄擦於需要保養的局部，搭配輕柔按摩即可，不需要追求厚敷或過度刺激。

安全提醒：明顯腫脹、劇痛、活動受限或疑似受傷時，請先就醫。

本產品為外用油膏，請依核准標示使用；若症狀持續或惡化，請諮詢醫師或藥師。

CTA：收藏提醒",#運動後保養 #局部按摩 #肌肉痠痛 #依標示使用,圖1：【跑步後膝周不適的保守提醒】｜圖2：運動或勞動後的局部肌肉痠痛，可短期按摩舒緩｜圖3：明顯腫脹、劇痛、活動受限或疑似受傷時，請先就醫。,本產品為外用油膏，請依核准標示使用；若症狀持續或惡化，請諮詢醫師或藥師。,明顯腫脹、劇痛、活動受限或疑似受傷時，請先就醫。,根治|治療疾病|消炎治本|打通經絡|一擦就好|保證有效|深層修復|替代藥物
Facebook_LINE184,LINE184,Facebook,2026-09-03,20:00,成分濃度為什麼要看標示,A,中,pending_legal_pharmacist_review,false,【成分濃度為什麼要看標示】,"【成分濃度為什麼要看標示】

已購買或正在觀望的一條根使用者常會遇到這種情境：成分濃度為什麼要看標示。

這則貼文要傳達的重點很簡單：一條根外用油膏不是神奇療法，適合放在「依標示外用，提供局部按摩與暫時舒緩體感」這個保守邊界裡溝通。使用時請先看標示，薄擦於需要保養的局部，搭配輕柔按摩即可，不需要追求厚敷或過度刺激。

安全提醒：僅供外用；避免眼周、黏膜、破皮或傷口。

本產品為外用油膏，請依核准標示使用；若症狀持續或惡化，請諮詢醫師或藥師。

CTA：私訊/了解更多","【成分濃度為什麼要看標示】

已購買或正在觀望的一條根使用者常會遇到這種情境：成分濃度為什麼要看標示。

這則貼文要傳達的重點很簡單：一條根外用油膏不是神奇療法，適合放在「依標示外用，提供局部按摩與暫時舒緩體感」這個保守邊界裡溝通。使用時請先看標示，薄擦於需要保養的局部，搭配輕柔按摩即可，不需要追求厚敷或過度刺激。

安全提醒：僅供外用；避免眼周、黏膜、破皮或傷口。

本產品為外用油膏，請依核准標示使用；若症狀持續或惡化，請諮詢醫師或藥師。

CTA：私訊/了解更多",#金牌一條根 #外用油膏 #成分透明 #依標示使用,圖1：【成分濃度為什麼要看標示】｜圖2：依標示外用，提供局部按摩與暫時舒緩體感｜圖3：僅供外用；避免眼周、黏膜、破皮或傷口。,本產品為外用油膏，請依核准標示使用；若症狀持續或惡化，請諮詢醫師或藥師。,僅供外用；避免眼周、黏膜、破皮或傷口。,根治|治療疾病|消炎治本|打通經絡|一擦就好|保證有效|深層修復|替代藥物
Facebook_LINE185,LINE185,Facebook,2026-09-04,12:00,照顧爸媽時的外用提醒,D,中,pending_legal_pharmacist_review,false,【照顧爸媽時的外用提醒】,"【照顧爸媽時的外用提醒】

40-70 歲注重日常活動舒適度的族群常會遇到這種情境：照顧爸媽時的外用提醒。

這則貼文要傳達的重點很簡單：一條根外用油膏不是神奇療法，適合放在「輕微關節痠痛可短期舒緩，但不可宣稱治療疾病」這個保守邊界裡溝通。使用時請先看標示，薄擦於需要保養的局部，搭配輕柔按摩即可，不需要追求厚敷或過度刺激。

安全提醒：關節腫痛、紅熱、長期疼痛或行走困難，請就醫評估。

本產品為外用油膏，請依核准標示使用；若症狀持續或惡化，請諮詢醫師或藥師。

CTA：收藏提醒","【照顧爸媽時的外用提醒】

40-70 歲注重日常活動舒適度的族群常會遇到這種情境：照顧爸媽時的外用提醒。

這則貼文要傳達的重點很簡單：一條根外用油膏不是神奇療法，適合放在「輕微關節痠痛可短期舒緩，但不可宣稱治療疾病」這個保守邊界裡溝通。使用時請先看標示，薄擦於需要保養的局部，搭配輕柔按摩即可，不需要追求厚敷或過度刺激。

安全提醒：關節腫痛、紅熱、長期疼痛或行走困難，請就醫評估。

本產品為外用油膏，請依核准標示使用；若症狀持續或惡化，請諮詢醫師或藥師。

CTA：收藏提醒",#銀髮保養 #活動舒適 #輕微痠痛 #依標示使用,圖1：【照顧爸媽時的外用提醒】｜圖2：輕微關節痠痛可短期舒緩，但不可宣稱治療疾病｜圖3：關節腫痛、紅熱、長期疼痛或行走困難，請就醫評估。,本產品為外用油膏，請依核准標示使用；若症狀持續或惡化，請諮詢醫師或藥師。,關節腫痛、紅熱、長期疼痛或行走困難，請就醫評估。,根治|治療疾病|消炎治本|打通經絡|一擦就好|保證有效|深層修復|替代藥物
Facebook_LINE186,LINE186,Facebook,2026-09-04,20:00,孕婦與哺乳族群先詢問專業人員,E,高,pending_legal_pharmacist_review,false,【孕婦與哺乳族群先詢問專業人員】,"【孕婦與哺乳族群先詢問專業人員】

所有使用者、照護者與家庭購買者常會遇到這種情境：孕婦與哺乳族群先詢問專業人員。

這則貼文要傳達的重點很簡單：一條根外用油膏不是神奇療法，適合放在「安全使用比用得多更重要，依標示與風險族群提醒」這個保守邊界裡溝通。使用時請先看標示，薄擦於需要保養的局部，搭配輕柔按摩即可，不需要追求厚敷或過度刺激。

安全提醒：2 歲以下、孕哺、過敏體質、抗凝血藥使用者請先詢問專業人員。

僅供外用。避免接觸眼睛、黏膜、破皮或傷口；特殊族群使用前請先諮詢專業人員。

CTA：私訊/了解更多","【孕婦與哺乳族群先詢問專業人員】

所有使用者、照護者與家庭購買者常會遇到這種情境：孕婦與哺乳族群先詢問專業人員。

這則貼文要傳達的重點很簡單：一條根外用油膏不是神奇療法，適合放在「安全使用比用得多更重要，依標示與風險族群提醒」這個保守邊界裡溝通。使用時請先看標示，薄擦於需要保養的局部，搭配輕柔按摩即可，不需要追求厚敷或過度刺激。

安全提醒：2 歲以下、孕哺、過敏體質、抗凝血藥使用者請先詢問專業人員。

僅供外用。避免接觸眼睛、黏膜、破皮或傷口；特殊族群使用前請先諮詢專業人員。

CTA：私訊/了解更多",#外用安全 #用藥安全 #使用前看標示 #諮詢醫師藥師,圖1：【孕婦與哺乳族群先詢問專業人員】｜圖2：安全使用比用得多更重要，依標示與風險族群提醒｜圖3：2 歲以下、孕哺、過敏體質、抗凝血藥使用者請先詢問專業人員。,僅供外用。避免接觸眼睛、黏膜、破皮或傷口；特殊族群使用前請先諮詢專業人員。,2 歲以下、孕哺、過敏體質、抗凝血藥使用者請先詢問專業人員。,根治|治療疾病|消炎治本|打通經絡|一擦就好|保證有效|深層修復|替代藥物
Facebook_LINE187,LINE187,Facebook,2026-09-05,12:00,白露時節關心長輩活動,F,低,pending_legal_pharmacist_review,false,【白露時節關心長輩活動】,"【白露時節關心長輩活動】

喜歡養生、節氣與日常保健的 LINE 讀者常會遇到這種情境：白露時節關心長輩活動。

這則貼文要傳達的重點很簡單：一條根外用油膏不是神奇療法，適合放在「以生活保健與身體覺察為主，不做醫療療效宣稱」這個保守邊界裡溝通。使用時請先看標示，薄擦於需要保養的局部，搭配輕柔按摩即可，不需要追求厚敷或過度刺激。

安全提醒：節氣養生屬一般生活資訊，身體不適仍應諮詢專業人員。

本內容為一般生活保健資訊，非醫療診斷或治療建議。

CTA：收藏提醒","【白露時節關心長輩活動】

喜歡養生、節氣與日常保健的 LINE 讀者常會遇到這種情境：白露時節關心長輩活動。

這則貼文要傳達的重點很簡單：一條根外用油膏不是神奇療法，適合放在「以生活保健與身體覺察為主，不做醫療療效宣稱」這個保守邊界裡溝通。使用時請先看標示，薄擦於需要保養的局部，搭配輕柔按摩即可，不需要追求厚敷或過度刺激。

安全提醒：節氣養生屬一般生活資訊，身體不適仍應諮詢專業人員。

本內容為一般生活保健資訊，非醫療診斷或治療建議。

CTA：收藏提醒",#節氣保養 #生活保健 #日常保養 #身體覺察,圖1：【白露時節關心長輩活動】｜圖2：以生活保健與身體覺察為主，不做醫療療效宣稱｜圖3：節氣養生屬一般生活資訊，身體不適仍應諮詢專業人員。,本內容為一般生活保健資訊，非醫療診斷或治療建議。,節氣養生屬一般生活資訊，身體不適仍應諮詢專業人員。,根治|治療疾病|消炎治本|打通經絡|一擦就好|保證有效|深層修復|替代藥物
Facebook_LINE188,LINE188,Facebook,2026-09-05,20:00,勞動後先休息再按摩,C,中,pending_legal_pharmacist_review,false,【勞動後先休息再按摩】,"【勞動後先休息再按摩】

運動族、搬重物、久站與勞動工作者常會遇到這種情境：勞動後先休息再按摩。

這則貼文要傳達的重點很簡單：一條根外用油膏不是神奇療法，適合放在「運動或勞動後的局部肌肉痠痛，可短期按摩舒緩」這個保守邊界裡溝通。使用時請先看標示，薄擦於需要保養的局部，搭配輕柔按摩即可，不需要追求厚敷或過度刺激。

安全提醒：明顯腫脹、劇痛、活動受限或疑似受傷時，請先就醫。

本產品為外用油膏，請依核准標示使用；若症狀持續或惡化，請諮詢醫師或藥師。

CTA：私訊/了解更多","【勞動後先休息再按摩】

運動族、搬重物、久站與勞動工作者常會遇到這種情境：勞動後先休息再按摩。

這則貼文要傳達的重點很簡單：一條根外用油膏不是神奇療法，適合放在「運動或勞動後的局部肌肉痠痛，可短期按摩舒緩」這個保守邊界裡溝通。使用時請先看標示，薄擦於需要保養的局部，搭配輕柔按摩即可，不需要追求厚敷或過度刺激。

安全提醒：明顯腫脹、劇痛、活動受限或疑似受傷時，請先就醫。

本產品為外用油膏，請依核准標示使用；若症狀持續或惡化，請諮詢醫師或藥師。

CTA：私訊/了解更多",#運動後保養 #局部按摩 #肌肉痠痛 #依標示使用,圖1：【勞動後先休息再按摩】｜圖2：運動或勞動後的局部肌肉痠痛，可短期按摩舒緩｜圖3：明顯腫脹、劇痛、活動受限或疑似受傷時，請先就醫。,本產品為外用油膏，請依核准標示使用；若症狀持續或惡化，請諮詢醫師或藥師。,明顯腫脹、劇痛、活動受限或疑似受傷時，請先就醫。,根治|治療疾病|消炎治本|打通經絡|一擦就好|保證有效|深層修復|替代藥物
Facebook_LINE189,LINE189,Facebook,2026-09-06,12:00,長輩使用外用膏你會提醒什麼,G,低,pending_legal_pharmacist_review,false,【長輩使用外用膏你會提醒什麼】,"【長輩使用外用膏你會提醒什麼】

LINE OA 好友、回購客與新客常會遇到這種情境：長輩使用外用膏你會提醒什麼。

這則貼文要傳達的重點很簡單：一條根外用油膏不是神奇療法，適合放在「用問答降低誤用，讓使用者知道何時該詢問專業人員」這個保守邊界裡溝通。使用時請先看標示，薄擦於需要保養的局部，搭配輕柔按摩即可，不需要追求厚敷或過度刺激。

安全提醒：互動回答不取代醫師或藥師建議。

本內容為一般生活保健資訊，非醫療診斷或治療建議。

CTA：留言互動","【長輩使用外用膏你會提醒什麼】

LINE OA 好友、回購客與新客常會遇到這種情境：長輩使用外用膏你會提醒什麼。

這則貼文要傳達的重點很簡單：一條根外用油膏不是神奇療法，適合放在「用問答降低誤用，讓使用者知道何時該詢問專業人員」這個保守邊界裡溝通。使用時請先看標示，薄擦於需要保養的局部，搭配輕柔按摩即可，不需要追求厚敷或過度刺激。

安全提醒：互動回答不取代醫師或藥師建議。

本內容為一般生活保健資訊，非醫療診斷或治療建議。

CTA：留言互動",#互動問答 #保養知識 #使用小提醒 #金牌一條根,圖1：【長輩使用外用膏你會提醒什麼】｜圖2：用問答降低誤用，讓使用者知道何時該詢問專業人員｜圖3：互動回答不取代醫師或藥師建議。,本內容為一般生活保健資訊，非醫療診斷或治療建議。,互動回答不取代醫師或藥師建議。,根治|治療疾病|消炎治本|打通經絡|一擦就好|保證有效|深層修復|替代藥物
Facebook_LINE190,LINE190,Facebook,2026-09-06,20:00,日常活動舒適度的三個習慣,D,中,pending_legal_pharmacist_review,false,【日常活動舒適度的三個習慣】,"【日常活動舒適度的三個習慣】

40-70 歲注重日常活動舒適度的族群常會遇到這種情境：日常活動舒適度的三個習慣。

這則貼文要傳達的重點很簡單：一條根外用油膏不是神奇療法，適合放在「輕微關節痠痛可短期舒緩，但不可宣稱治療疾病」這個保守邊界裡溝通。使用時請先看標示，薄擦於需要保養的局部，搭配輕柔按摩即可，不需要追求厚敷或過度刺激。

安全提醒：關節腫痛、紅熱、長期疼痛或行走困難，請就醫評估。

本產品為外用油膏，請依核准標示使用；若症狀持續或惡化，請諮詢醫師或藥師。

CTA：私訊/了解更多","【日常活動舒適度的三個習慣】

40-70 歲注重日常活動舒適度的族群常會遇到這種情境：日常活動舒適度的三個習慣。

這則貼文要傳達的重點很簡單：一條根外用油膏不是神奇療法，適合放在「輕微關節痠痛可短期舒緩，但不可宣稱治療疾病」這個保守邊界裡溝通。使用時請先看標示，薄擦於需要保養的局部，搭配輕柔按摩即可，不需要追求厚敷或過度刺激。

安全提醒：關節腫痛、紅熱、長期疼痛或行走困難，請就醫評估。

本產品為外用油膏，請依核准標示使用；若症狀持續或惡化，請諮詢醫師或藥師。

CTA：私訊/了解更多",#銀髮保養 #活動舒適 #輕微痠痛 #依標示使用,圖1：【日常活動舒適度的三個習慣】｜圖2：輕微關節痠痛可短期舒緩，但不可宣稱治療疾病｜圖3：關節腫痛、紅熱、長期疼痛或行走困難，請就醫評估。,本產品為外用油膏，請依核准標示使用；若症狀持續或惡化，請諮詢醫師或藥師。,關節腫痛、紅熱、長期疼痛或行走困難，請就醫評估。,根治|治療疾病|消炎治本|打通經絡|一擦就好|保證有效|深層修復|替代藥物
Facebook_LINE191,LINE191,Facebook,2026-09-07,12:00,下班前五分鐘伸展,B,低,pending_legal_pharmacist_review,false,【下班前五分鐘伸展】,"【下班前五分鐘伸展】

長時間低頭、久坐、用電腦的上班族常會遇到這種情境：下班前五分鐘伸展。

這則貼文要傳達的重點很簡單：一條根外用油膏不是神奇療法，適合放在「久坐低頭後，可搭配伸展與局部按摩舒緩緊繃不適」這個保守邊界裡溝通。使用時請先看標示，薄擦於需要保養的局部，搭配輕柔按摩即可，不需要追求厚敷或過度刺激。

安全提醒：若痠痛持續、麻木或影響活動，請諮詢醫師或藥師。

本內容為一般生活保健資訊，非醫療診斷或治療建議。

CTA：收藏提醒","【下班前五分鐘伸展】

長時間低頭、久坐、用電腦的上班族常會遇到這種情境：下班前五分鐘伸展。

這則貼文要傳達的重點很簡單：一條根外用油膏不是神奇療法，適合放在「久坐低頭後，可搭配伸展與局部按摩舒緩緊繃不適」這個保守邊界裡溝通。使用時請先看標示，薄擦於需要保養的局部，搭配輕柔按摩即可，不需要追求厚敷或過度刺激。

安全提醒：若痠痛持續、麻木或影響活動，請諮詢醫師或藥師。

本內容為一般生活保健資訊，非醫療診斷或治療建議。

CTA：收藏提醒",#肩頸保養 #久坐族 #日常舒緩 #依標示使用,圖1：【下班前五分鐘伸展】｜圖2：久坐低頭後，可搭配伸展與局部按摩舒緩緊繃不適｜圖3：若痠痛持續、麻木或影響活動，請諮詢醫師或藥師。,本內容為一般生活保健資訊，非醫療診斷或治療建議。,若痠痛持續、麻木或影響活動，請諮詢醫師或藥師。,根治|治療疾病|消炎治本|打通經絡|一擦就好|保證有效|深層修復|替代藥物
Facebook_LINE192,LINE192,Facebook,2026-09-07,20:00,局部按摩和大面積厚敷的差別,A,中,pending_legal_pharmacist_review,false,【局部按摩和大面積厚敷的差別】,"【局部按摩和大面積厚敷的差別】

已購買或正在觀望的一條根使用者常會遇到這種情境：局部按摩和大面積厚敷的差別。

這則貼文要傳達的重點很簡單：一條根外用油膏不是神奇療法，適合放在「依標示外用，提供局部按摩與暫時舒緩體感」這個保守邊界裡溝通。使用時請先看標示，薄擦於需要保養的局部，搭配輕柔按摩即可，不需要追求厚敷或過度刺激。

安全提醒：僅供外用；避免眼周、黏膜、破皮或傷口。

本產品為外用油膏，請依核准標示使用；若症狀持續或惡化，請諮詢醫師或藥師。

CTA：私訊/了解更多","【局部按摩和大面積厚敷的差別】

已購買或正在觀望的一條根使用者常會遇到這種情境：局部按摩和大面積厚敷的差別。

這則貼文要傳達的重點很簡單：一條根外用油膏不是神奇療法，適合放在「依標示外用，提供局部按摩與暫時舒緩體感」這個保守邊界裡溝通。使用時請先看標示，薄擦於需要保養的局部，搭配輕柔按摩即可，不需要追求厚敷或過度刺激。

安全提醒：僅供外用；避免眼周、黏膜、破皮或傷口。

本產品為外用油膏，請依核准標示使用；若症狀持續或惡化，請諮詢醫師或藥師。

CTA：私訊/了解更多",#金牌一條根 #外用油膏 #成分透明 #依標示使用,圖1：【局部按摩和大面積厚敷的差別】｜圖2：依標示外用，提供局部按摩與暫時舒緩體感｜圖3：僅供外用；避免眼周、黏膜、破皮或傷口。,本產品為外用油膏，請依核准標示使用；若症狀持續或惡化，請諮詢醫師或藥師。,僅供外用；避免眼周、黏膜、破皮或傷口。,根治|治療疾病|消炎治本|打通經絡|一擦就好|保證有效|深層修復|替代藥物
Facebook_LINE193,LINE193,Facebook,2026-09-08,12:00,秋分後外出前暖身,F,低,pending_legal_pharmacist_review,false,【秋分後外出前暖身】,"【秋分後外出前暖身】

喜歡養生、節氣與日常保健的 LINE 讀者常會遇到這種情境：秋分後外出前暖身。

這則貼文要傳達的重點很簡單：一條根外用油膏不是神奇療法，適合放在「以生活保健與身體覺察為主，不做醫療療效宣稱」這個保守邊界裡溝通。使用時請先看標示，薄擦於需要保養的局部，搭配輕柔按摩即可，不需要追求厚敷或過度刺激。

安全提醒：節氣養生屬一般生活資訊，身體不適仍應諮詢專業人員。

本內容為一般生活保健資訊，非醫療診斷或治療建議。

CTA：收藏提醒","【秋分後外出前暖身】

喜歡養生、節氣與日常保健的 LINE 讀者常會遇到這種情境：秋分後外出前暖身。

這則貼文要傳達的重點很簡單：一條根外用油膏不是神奇療法，適合放在「以生活保健與身體覺察為主，不做醫療療效宣稱」這個保守邊界裡溝通。使用時請先看標示，薄擦於需要保養的局部，搭配輕柔按摩即可，不需要追求厚敷或過度刺激。

安全提醒：節氣養生屬一般生活資訊，身體不適仍應諮詢專業人員。

本內容為一般生活保健資訊，非醫療診斷或治療建議。

CTA：收藏提醒",#節氣保養 #生活保健 #日常保養 #身體覺察,圖1：【秋分後外出前暖身】｜圖2：以生活保健與身體覺察為主，不做醫療療效宣稱｜圖3：節氣養生屬一般生活資訊，身體不適仍應諮詢專業人員。,本內容為一般生活保健資訊，非醫療診斷或治療建議。,節氣養生屬一般生活資訊，身體不適仍應諮詢專業人員。,根治|治療疾病|消炎治本|打通經絡|一擦就好|保證有效|深層修復|替代藥物
Facebook_LINE194,LINE194,Facebook,2026-09-08,20:00,症狀超過七天要停用並諮詢,E,高,pending_legal_pharmacist_review,false,【症狀超過七天要停用並諮詢】,"【症狀超過七天要停用並諮詢】

所有使用者、照護者與家庭購買者常會遇到這種情境：症狀超過七天要停用並諮詢。

這則貼文要傳達的重點很簡單：一條根外用油膏不是神奇療法，適合放在「安全使用比用得多更重要，依標示與風險族群提醒」這個保守邊界裡溝通。使用時請先看標示，薄擦於需要保養的局部，搭配輕柔按摩即可，不需要追求厚敷或過度刺激。

安全提醒：2 歲以下、孕哺、過敏體質、抗凝血藥使用者請先詢問專業人員。

僅供外用。避免接觸眼睛、黏膜、破皮或傷口；特殊族群使用前請先諮詢專業人員。

CTA：私訊/了解更多","【症狀超過七天要停用並諮詢】

所有使用者、照護者與家庭購買者常會遇到這種情境：症狀超過七天要停用並諮詢。

這則貼文要傳達的重點很簡單：一條根外用油膏不是神奇療法，適合放在「安全使用比用得多更重要，依標示與風險族群提醒」這個保守邊界裡溝通。使用時請先看標示，薄擦於需要保養的局部，搭配輕柔按摩即可，不需要追求厚敷或過度刺激。

安全提醒：2 歲以下、孕哺、過敏體質、抗凝血藥使用者請先詢問專業人員。

僅供外用。避免接觸眼睛、黏膜、破皮或傷口；特殊族群使用前請先諮詢專業人員。

CTA：私訊/了解更多",#外用安全 #用藥安全 #使用前看標示 #諮詢醫師藥師,圖1：【症狀超過七天要停用並諮詢】｜圖2：安全使用比用得多更重要，依標示與風險族群提醒｜圖3：2 歲以下、孕哺、過敏體質、抗凝血藥使用者請先詢問專業人員。,僅供外用。避免接觸眼睛、黏膜、破皮或傷口；特殊族群使用前請先諮詢專業人員。,2 歲以下、孕哺、過敏體質、抗凝血藥使用者請先詢問專業人員。,根治|治療疾病|消炎治本|打通經絡|一擦就好|保證有效|深層修復|替代藥物
Facebook_LINE195,LINE195,Facebook,2026-09-09,12:00,成分透明是基本功,H,中,pending_legal_pharmacist_review,false,【成分透明是基本功】,"【成分透明是基本功】

重視藥證、成分、品質與合法性的消費者常會遇到這種情境：成分透明是基本功。

這則貼文要傳達的重點很簡單：一條根外用油膏不是神奇療法，適合放在「強調藥證、標示、保守宣稱與人工審核流程」這個保守邊界裡溝通。使用時請先看標示，薄擦於需要保養的局部，搭配輕柔按摩即可，不需要追求厚敷或過度刺激。

安全提醒：所有廣告文案仍須依主管機關與專業人員審核。

本產品為外用油膏，請依核准標示使用；若症狀持續或惡化，請諮詢醫師或藥師。

CTA：收藏提醒","【成分透明是基本功】

重視藥證、成分、品質與合法性的消費者常會遇到這種情境：成分透明是基本功。

這則貼文要傳達的重點很簡單：一條根外用油膏不是神奇療法，適合放在「強調藥證、標示、保守宣稱與人工審核流程」這個保守邊界裡溝通。使用時請先看標示，薄擦於需要保養的局部，搭配輕柔按摩即可，不需要追求厚敷或過度刺激。

安全提醒：所有廣告文案仍須依主管機關與專業人員審核。

本產品為外用油膏，請依核准標示使用；若症狀持續或惡化，請諮詢醫師或藥師。

CTA：收藏提醒",#藥證可查 #品牌透明 #合法宣傳 #成分透明,圖1：【成分透明是基本功】｜圖2：強調藥證、標示、保守宣稱與人工審核流程｜圖3：所有廣告文案仍須依主管機關與專業人員審核。,本產品為外用油膏，請依核准標示使用；若症狀持續或惡化，請諮詢醫師或藥師。,所有廣告文案仍須依主管機關與專業人員審核。,根治|治療疾病|消炎治本|打通經絡|一擦就好|保證有效|深層修復|替代藥物
Facebook_LINE196,LINE196,Facebook,2026-09-09,20:00,一條根可以天天厚敷嗎,G,低,pending_legal_pharmacist_review,false,【一條根可以天天厚敷嗎】,"【一條根可以天天厚敷嗎】

LINE OA 好友、回購客與新客常會遇到這種情境：一條根可以天天厚敷嗎。

這則貼文要傳達的重點很簡單：一條根外用油膏不是神奇療法，適合放在「用問答降低誤用，讓使用者知道何時該詢問專業人員」這個保守邊界裡溝通。使用時請先看標示，薄擦於需要保養的局部，搭配輕柔按摩即可，不需要追求厚敷或過度刺激。

安全提醒：互動回答不取代醫師或藥師建議。

本內容為一般生活保健資訊，非醫療診斷或治療建議。

CTA：留言互動","【一條根可以天天厚敷嗎】

LINE OA 好友、回購客與新客常會遇到這種情境：一條根可以天天厚敷嗎。

這則貼文要傳達的重點很簡單：一條根外用油膏不是神奇療法，適合放在「用問答降低誤用，讓使用者知道何時該詢問專業人員」這個保守邊界裡溝通。使用時請先看標示，薄擦於需要保養的局部，搭配輕柔按摩即可，不需要追求厚敷或過度刺激。

安全提醒：互動回答不取代醫師或藥師建議。

本內容為一般生活保健資訊，非醫療診斷或治療建議。

CTA：留言互動",#互動問答 #保養知識 #使用小提醒 #金牌一條根,圖1：【一條根可以天天厚敷嗎】｜圖2：用問答降低誤用，讓使用者知道何時該詢問專業人員｜圖3：互動回答不取代醫師或藥師建議。,本內容為一般生活保健資訊，非醫療診斷或治療建議。,互動回答不取代醫師或藥師建議。,根治|治療疾病|消炎治本|打通經絡|一擦就好|保證有效|深層修復|替代藥物
Facebook_LINE197,LINE197,Facebook,2026-09-10,12:00,運動後不要立刻熱敷加藥膏,C,中,pending_legal_pharmacist_review,false,【運動後不要立刻熱敷加藥膏】,"【運動後不要立刻熱敷加藥膏】

運動族、搬重物、久站與勞動工作者常會遇到這種情境：運動後不要立刻熱敷加藥膏。

這則貼文要傳達的重點很簡單：一條根外用油膏不是神奇療法，適合放在「運動或勞動後的局部肌肉痠痛，可短期按摩舒緩」這個保守邊界裡溝通。使用時請先看標示，薄擦於需要保養的局部，搭配輕柔按摩即可，不需要追求厚敷或過度刺激。

安全提醒：明顯腫脹、劇痛、活動受限或疑似受傷時，請先就醫。

本產品為外用油膏，請依核准標示使用；若症狀持續或惡化，請諮詢醫師或藥師。

CTA：收藏提醒","【運動後不要立刻熱敷加藥膏】

運動族、搬重物、久站與勞動工作者常會遇到這種情境：運動後不要立刻熱敷加藥膏。

這則貼文要傳達的重點很簡單：一條根外用油膏不是神奇療法，適合放在「運動或勞動後的局部肌肉痠痛，可短期按摩舒緩」這個保守邊界裡溝通。使用時請先看標示，薄擦於需要保養的局部，搭配輕柔按摩即可，不需要追求厚敷或過度刺激。

安全提醒：明顯腫脹、劇痛、活動受限或疑似受傷時，請先就醫。

本產品為外用油膏，請依核准標示使用；若症狀持續或惡化，請諮詢醫師或藥師。

CTA：收藏提醒",#運動後保養 #局部按摩 #肌肉痠痛 #依標示使用,圖1：【運動後不要立刻熱敷加藥膏】｜圖2：運動或勞動後的局部肌肉痠痛，可短期按摩舒緩｜圖3：明顯腫脹、劇痛、活動受限或疑似受傷時，請先就醫。,本產品為外用油膏，請依核准標示使用；若症狀持續或惡化，請諮詢醫師或藥師。,明顯腫脹、劇痛、活動受限或疑似受傷時，請先就醫。,根治|治療疾病|消炎治本|打通經絡|一擦就好|保證有效|深層修復|替代藥物
Facebook_LINE198,LINE198,Facebook,2026-09-10,20:00,使用前先小範圍測試,A,中,pending_legal_pharmacist_review,false,【使用前先小範圍測試】,"【使用前先小範圍測試】

已購買或正在觀望的一條根使用者常會遇到這種情境：使用前先小範圍測試。

這則貼文要傳達的重點很簡單：一條根外用油膏不是神奇療法，適合放在「依標示外用，提供局部按摩與暫時舒緩體感」這個保守邊界裡溝通。使用時請先看標示，薄擦於需要保養的局部，搭配輕柔按摩即可，不需要追求厚敷或過度刺激。

安全提醒：僅供外用；避免眼周、黏膜、破皮或傷口。

本產品為外用油膏，請依核准標示使用；若症狀持續或惡化，請諮詢醫師或藥師。

CTA：私訊/了解更多","【使用前先小範圍測試】

已購買或正在觀望的一條根使用者常會遇到這種情境：使用前先小範圍測試。

這則貼文要傳達的重點很簡單：一條根外用油膏不是神奇療法，適合放在「依標示外用，提供局部按摩與暫時舒緩體感」這個保守邊界裡溝通。使用時請先看標示，薄擦於需要保養的局部，搭配輕柔按摩即可，不需要追求厚敷或過度刺激。

安全提醒：僅供外用；避免眼周、黏膜、破皮或傷口。

本產品為外用油膏，請依核准標示使用；若症狀持續或惡化，請諮詢醫師或藥師。

CTA：私訊/了解更多",#金牌一條根 #外用油膏 #成分透明 #依標示使用,圖1：【使用前先小範圍測試】｜圖2：依標示外用，提供局部按摩與暫時舒緩體感｜圖3：僅供外用；避免眼周、黏膜、破皮或傷口。,本產品為外用油膏，請依核准標示使用；若症狀持續或惡化，請諮詢醫師或藥師。,僅供外用；避免眼周、黏膜、破皮或傷口。,根治|治療疾病|消炎治本|打通經絡|一擦就好|保證有效|深層修復|替代藥物
Facebook_LINE199,LINE199,Facebook,2026-09-11,12:00,長輩使用前先看標示,D,中,pending_legal_pharmacist_review,false,【長輩使用前先看標示】,"【長輩使用前先看標示】

40-70 歲注重日常活動舒適度的族群常會遇到這種情境：長輩使用前先看標示。

這則貼文要傳達的重點很簡單：一條根外用油膏不是神奇療法，適合放在「輕微關節痠痛可短期舒緩，但不可宣稱治療疾病」這個保守邊界裡溝通。使用時請先看標示，薄擦於需要保養的局部，搭配輕柔按摩即可，不需要追求厚敷或過度刺激。

安全提醒：關節腫痛、紅熱、長期疼痛或行走困難，請就醫評估。

本產品為外用油膏，請依核准標示使用；若症狀持續或惡化，請諮詢醫師或藥師。

CTA：收藏提醒","【長輩使用前先看標示】

40-70 歲注重日常活動舒適度的族群常會遇到這種情境：長輩使用前先看標示。

這則貼文要傳達的重點很簡單：一條根外用油膏不是神奇療法，適合放在「輕微關節痠痛可短期舒緩，但不可宣稱治療疾病」這個保守邊界裡溝通。使用時請先看標示，薄擦於需要保養的局部，搭配輕柔按摩即可，不需要追求厚敷或過度刺激。

安全提醒：關節腫痛、紅熱、長期疼痛或行走困難，請就醫評估。

本產品為外用油膏，請依核准標示使用；若症狀持續或惡化，請諮詢醫師或藥師。

CTA：收藏提醒",#銀髮保養 #活動舒適 #輕微痠痛 #依標示使用,圖1：【長輩使用前先看標示】｜圖2：輕微關節痠痛可短期舒緩，但不可宣稱治療疾病｜圖3：關節腫痛、紅熱、長期疼痛或行走困難，請就醫評估。,本產品為外用油膏，請依核准標示使用；若症狀持續或惡化，請諮詢醫師或藥師。,關節腫痛、紅熱、長期疼痛或行走困難，請就醫評估。,根治|治療疾病|消炎治本|打通經絡|一擦就好|保證有效|深層修復|替代藥物
Facebook_LINE200,LINE200,Facebook,2026-09-11,20:00,皮膚刺激時要停止使用,E,高,pending_legal_pharmacist_review,false,【皮膚刺激時要停止使用】,"【皮膚刺激時要停止使用】

所有使用者、照護者與家庭購買者常會遇到這種情境：皮膚刺激時要停止使用。

這則貼文要傳達的重點很簡單：一條根外用油膏不是神奇療法，適合放在「安全使用比用得多更重要，依標示與風險族群提醒」這個保守邊界裡溝通。使用時請先看標示，薄擦於需要保養的局部，搭配輕柔按摩即可，不需要追求厚敷或過度刺激。

安全提醒：2 歲以下、孕哺、過敏體質、抗凝血藥使用者請先詢問專業人員。

僅供外用。避免接觸眼睛、黏膜、破皮或傷口；特殊族群使用前請先諮詢專業人員。

CTA：私訊/了解更多","【皮膚刺激時要停止使用】

所有使用者、照護者與家庭購買者常會遇到這種情境：皮膚刺激時要停止使用。

這則貼文要傳達的重點很簡單：一條根外用油膏不是神奇療法，適合放在「安全使用比用得多更重要，依標示與風險族群提醒」這個保守邊界裡溝通。使用時請先看標示，薄擦於需要保養的局部，搭配輕柔按摩即可，不需要追求厚敷或過度刺激。

安全提醒：2 歲以下、孕哺、過敏體質、抗凝血藥使用者請先詢問專業人員。

僅供外用。避免接觸眼睛、黏膜、破皮或傷口；特殊族群使用前請先諮詢專業人員。

CTA：私訊/了解更多",#外用安全 #用藥安全 #使用前看標示 #諮詢醫師藥師,圖1：【皮膚刺激時要停止使用】｜圖2：安全使用比用得多更重要，依標示與風險族群提醒｜圖3：2 歲以下、孕哺、過敏體質、抗凝血藥使用者請先詢問專業人員。,僅供外用。避免接觸眼睛、黏膜、破皮或傷口；特殊族群使用前請先諮詢專業人員。,2 歲以下、孕哺、過敏體質、抗凝血藥使用者請先詢問專業人員。,根治|治療疾病|消炎治本|打通經絡|一擦就好|保證有效|深層修復|替代藥物
Facebook_LINE201,LINE201,Facebook,2026-09-12,12:00,寒露後肩背保養,F,低,pending_legal_pharmacist_review,false,【寒露後肩背保養】,"【寒露後肩背保養】

喜歡養生、節氣與日常保健的 LINE 讀者常會遇到這種情境：寒露後肩背保養。

這則貼文要傳達的重點很簡單：一條根外用油膏不是神奇療法，適合放在「以生活保健與身體覺察為主，不做醫療療效宣稱」這個保守邊界裡溝通。使用時請先看標示，薄擦於需要保養的局部，搭配輕柔按摩即可，不需要追求厚敷或過度刺激。

安全提醒：節氣養生屬一般生活資訊，身體不適仍應諮詢專業人員。

本內容為一般生活保健資訊，非醫療診斷或治療建議。

CTA：收藏提醒","【寒露後肩背保養】

喜歡養生、節氣與日常保健的 LINE 讀者常會遇到這種情境：寒露後肩背保養。

這則貼文要傳達的重點很簡單：一條根外用油膏不是神奇療法，適合放在「以生活保健與身體覺察為主，不做醫療療效宣稱」這個保守邊界裡溝通。使用時請先看標示，薄擦於需要保養的局部，搭配輕柔按摩即可，不需要追求厚敷或過度刺激。

安全提醒：節氣養生屬一般生活資訊，身體不適仍應諮詢專業人員。

本內容為一般生活保健資訊，非醫療診斷或治療建議。

CTA：收藏提醒",#節氣保養 #生活保健 #日常保養 #身體覺察,圖1：【寒露後肩背保養】｜圖2：以生活保健與身體覺察為主，不做醫療療效宣稱｜圖3：節氣養生屬一般生活資訊，身體不適仍應諮詢專業人員。,本內容為一般生活保健資訊，非醫療診斷或治療建議。,節氣養生屬一般生活資訊，身體不適仍應諮詢專業人員。,根治|治療疾病|消炎治本|打通經絡|一擦就好|保證有效|深層修復|替代藥物
Facebook_LINE202,LINE202,Facebook,2026-09-12,20:00,輕微拉扯後的觀察重點,C,中,pending_legal_pharmacist_review,false,【輕微拉扯後的觀察重點】,"【輕微拉扯後的觀察重點】

運動族、搬重物、久站與勞動工作者常會遇到這種情境：輕微拉扯後的觀察重點。

這則貼文要傳達的重點很簡單：一條根外用油膏不是神奇療法，適合放在「運動或勞動後的局部肌肉痠痛，可短期按摩舒緩」這個保守邊界裡溝通。使用時請先看標示，薄擦於需要保養的局部，搭配輕柔按摩即可，不需要追求厚敷或過度刺激。

安全提醒：明顯腫脹、劇痛、活動受限或疑似受傷時，請先就醫。

本產品為外用油膏，請依核准標示使用；若症狀持續或惡化，請諮詢醫師或藥師。

CTA：私訊/了解更多","【輕微拉扯後的觀察重點】

運動族、搬重物、久站與勞動工作者常會遇到這種情境：輕微拉扯後的觀察重點。

這則貼文要傳達的重點很簡單：一條根外用油膏不是神奇療法，適合放在「運動或勞動後的局部肌肉痠痛，可短期按摩舒緩」這個保守邊界裡溝通。使用時請先看標示，薄擦於需要保養的局部，搭配輕柔按摩即可，不需要追求厚敷或過度刺激。

安全提醒：明顯腫脹、劇痛、活動受限或疑似受傷時，請先就醫。

本產品為外用油膏，請依核准標示使用；若症狀持續或惡化，請諮詢醫師或藥師。

CTA：私訊/了解更多",#運動後保養 #局部按摩 #肌肉痠痛 #依標示使用,圖1：【輕微拉扯後的觀察重點】｜圖2：運動或勞動後的局部肌肉痠痛，可短期按摩舒緩｜圖3：明顯腫脹、劇痛、活動受限或疑似受傷時，請先就醫。,本產品為外用油膏，請依核准標示使用；若症狀持續或惡化，請諮詢醫師或藥師。,明顯腫脹、劇痛、活動受限或疑似受傷時，請先就醫。,根治|治療疾病|消炎治本|打通經絡|一擦就好|保證有效|深層修復|替代藥物
Facebook_LINE203,LINE203,Facebook,2026-09-13,12:00,擦完可以馬上熱敷嗎,G,低,pending_legal_pharmacist_review,false,【擦完可以馬上熱敷嗎】,"【擦完可以馬上熱敷嗎】

LINE OA 好友、回購客與新客常會遇到這種情境：擦完可以馬上熱敷嗎。

這則貼文要傳達的重點很簡單：一條根外用油膏不是神奇療法，適合放在「用問答降低誤用，讓使用者知道何時該詢問專業人員」這個保守邊界裡溝通。使用時請先看標示，薄擦於需要保養的局部，搭配輕柔按摩即可，不需要追求厚敷或過度刺激。

安全提醒：互動回答不取代醫師或藥師建議。

本內容為一般生活保健資訊，非醫療診斷或治療建議。

CTA：留言互動","【擦完可以馬上熱敷嗎】

LINE OA 好友、回購客與新客常會遇到這種情境：擦完可以馬上熱敷嗎。

這則貼文要傳達的重點很簡單：一條根外用油膏不是神奇療法，適合放在「用問答降低誤用，讓使用者知道何時該詢問專業人員」這個保守邊界裡溝通。使用時請先看標示，薄擦於需要保養的局部，搭配輕柔按摩即可，不需要追求厚敷或過度刺激。

安全提醒：互動回答不取代醫師或藥師建議。

本內容為一般生活保健資訊，非醫療診斷或治療建議。

CTA：留言互動",#互動問答 #保養知識 #使用小提醒 #金牌一條根,圖1：【擦完可以馬上熱敷嗎】｜圖2：用問答降低誤用，讓使用者知道何時該詢問專業人員｜圖3：互動回答不取代醫師或藥師建議。,本內容為一般生活保健資訊，非醫療診斷或治療建議。,互動回答不取代醫師或藥師建議。,根治|治療疾病|消炎治本|打通經絡|一擦就好|保證有效|深層修復|替代藥物
Facebook_LINE204,LINE204,Facebook,2026-09-13,20:00,別把長期疼痛只當小問題,D,中,pending_legal_pharmacist_review,false,【別把長期疼痛只當小問題】,"【別把長期疼痛只當小問題】

40-70 歲注重日常活動舒適度的族群常會遇到這種情境：別把長期疼痛只當小問題。

這則貼文要傳達的重點很簡單：一條根外用油膏不是神奇療法，適合放在「輕微關節痠痛可短期舒緩，但不可宣稱治療疾病」這個保守邊界裡溝通。使用時請先看標示，薄擦於需要保養的局部，搭配輕柔按摩即可，不需要追求厚敷或過度刺激。

安全提醒：關節腫痛、紅熱、長期疼痛或行走困難，請就醫評估。

本產品為外用油膏，請依核准標示使用；若症狀持續或惡化，請諮詢醫師或藥師。

CTA：私訊/了解更多","【別把長期疼痛只當小問題】

40-70 歲注重日常活動舒適度的族群常會遇到這種情境：別把長期疼痛只當小問題。

這則貼文要傳達的重點很簡單：一條根外用油膏不是神奇療法，適合放在「輕微關節痠痛可短期舒緩，但不可宣稱治療疾病」這個保守邊界裡溝通。使用時請先看標示，薄擦於需要保養的局部，搭配輕柔按摩即可，不需要追求厚敷或過度刺激。

安全提醒：關節腫痛、紅熱、長期疼痛或行走困難，請就醫評估。

本產品為外用油膏，請依核准標示使用；若症狀持續或惡化，請諮詢醫師或藥師。

CTA：私訊/了解更多",#銀髮保養 #活動舒適 #輕微痠痛 #依標示使用,圖1：【別把長期疼痛只當小問題】｜圖2：輕微關節痠痛可短期舒緩，但不可宣稱治療疾病｜圖3：關節腫痛、紅熱、長期疼痛或行走困難，請就醫評估。,本產品為外用油膏，請依核准標示使用；若症狀持續或惡化，請諮詢醫師或藥師。,關節腫痛、紅熱、長期疼痛或行走困難，請就醫評估。,根治|治療疾病|消炎治本|打通經絡|一擦就好|保證有效|深層修復|替代藥物
Facebook_LINE205,LINE205,Facebook,2026-09-14,12:00,滑手機後頸部保養,B,低,pending_legal_pharmacist_review,false,【滑手機後頸部保養】,"【滑手機後頸部保養】

長時間低頭、久坐、用電腦的上班族常會遇到這種情境：滑手機後頸部保養。

這則貼文要傳達的重點很簡單：一條根外用油膏不是神奇療法，適合放在「久坐低頭後，可搭配伸展與局部按摩舒緩緊繃不適」這個保守邊界裡溝通。使用時請先看標示，薄擦於需要保養的局部，搭配輕柔按摩即可，不需要追求厚敷或過度刺激。

安全提醒：若痠痛持續、麻木或影響活動，請諮詢醫師或藥師。

本內容為一般生活保健資訊，非醫療診斷或治療建議。

CTA：收藏提醒","【滑手機後頸部保養】

長時間低頭、久坐、用電腦的上班族常會遇到這種情境：滑手機後頸部保養。

這則貼文要傳達的重點很簡單：一條根外用油膏不是神奇療法，適合放在「久坐低頭後，可搭配伸展與局部按摩舒緩緊繃不適」這個保守邊界裡溝通。使用時請先看標示，薄擦於需要保養的局部，搭配輕柔按摩即可，不需要追求厚敷或過度刺激。

安全提醒：若痠痛持續、麻木或影響活動，請諮詢醫師或藥師。

本內容為一般生活保健資訊，非醫療診斷或治療建議。

CTA：收藏提醒",#肩頸保養 #久坐族 #日常舒緩 #依標示使用,圖1：【滑手機後頸部保養】｜圖2：久坐低頭後，可搭配伸展與局部按摩舒緩緊繃不適｜圖3：若痠痛持續、麻木或影響活動，請諮詢醫師或藥師。,本內容為一般生活保健資訊，非醫療診斷或治療建議。,若痠痛持續、麻木或影響活動，請諮詢醫師或藥師。,根治|治療疾病|消炎治本|打通經絡|一擦就好|保證有效|深層修復|替代藥物
Facebook_LINE206,LINE206,Facebook,2026-09-14,20:00,產品不是神藥，定位要講清楚,A,中,pending_legal_pharmacist_review,false,【產品不是神藥，定位要講清楚】,"【產品不是神藥，定位要講清楚】

已購買或正在觀望的一條根使用者常會遇到這種情境：產品不是神藥，定位要講清楚。

這則貼文要傳達的重點很簡單：一條根外用油膏不是神奇療法，適合放在「依標示外用，提供局部按摩與暫時舒緩體感」這個保守邊界裡溝通。使用時請先看標示，薄擦於需要保養的局部，搭配輕柔按摩即可，不需要追求厚敷或過度刺激。

安全提醒：僅供外用；避免眼周、黏膜、破皮或傷口。

本產品為外用油膏，請依核准標示使用；若症狀持續或惡化，請諮詢醫師或藥師。

CTA：私訊/了解更多","【產品不是神藥，定位要講清楚】

已購買或正在觀望的一條根使用者常會遇到這種情境：產品不是神藥，定位要講清楚。

這則貼文要傳達的重點很簡單：一條根外用油膏不是神奇療法，適合放在「依標示外用，提供局部按摩與暫時舒緩體感」這個保守邊界裡溝通。使用時請先看標示，薄擦於需要保養的局部，搭配輕柔按摩即可，不需要追求厚敷或過度刺激。

安全提醒：僅供外用；避免眼周、黏膜、破皮或傷口。

本產品為外用油膏，請依核准標示使用；若症狀持續或惡化，請諮詢醫師或藥師。

CTA：私訊/了解更多",#金牌一條根 #外用油膏 #成分透明 #依標示使用,圖1：【產品不是神藥，定位要講清楚】｜圖2：依標示外用，提供局部按摩與暫時舒緩體感｜圖3：僅供外用；避免眼周、黏膜、破皮或傷口。,本產品為外用油膏，請依核准標示使用；若症狀持續或惡化，請諮詢醫師或藥師。,僅供外用；避免眼周、黏膜、破皮或傷口。,根治|治療疾病|消炎治本|打通經絡|一擦就好|保證有效|深層修復|替代藥物
Facebook_LINE207,LINE207,Facebook,2026-09-15,12:00,立冬前後的日常舒緩儀式,F,低,pending_legal_pharmacist_review,false,【立冬前後的日常舒緩儀式】,"【立冬前後的日常舒緩儀式】

喜歡養生、節氣與日常保健的 LINE 讀者常會遇到這種情境：立冬前後的日常舒緩儀式。

這則貼文要傳達的重點很簡單：一條根外用油膏不是神奇療法，適合放在「以生活保健與身體覺察為主，不做醫療療效宣稱」這個保守邊界裡溝通。使用時請先看標示，薄擦於需要保養的局部，搭配輕柔按摩即可，不需要追求厚敷或過度刺激。

安全提醒：節氣養生屬一般生活資訊，身體不適仍應諮詢專業人員。

本內容為一般生活保健資訊，非醫療診斷或治療建議。

CTA：收藏提醒","【立冬前後的日常舒緩儀式】

喜歡養生、節氣與日常保健的 LINE 讀者常會遇到這種情境：立冬前後的日常舒緩儀式。

這則貼文要傳達的重點很簡單：一條根外用油膏不是神奇療法，適合放在「以生活保健與身體覺察為主，不做醫療療效宣稱」這個保守邊界裡溝通。使用時請先看標示，薄擦於需要保養的局部，搭配輕柔按摩即可，不需要追求厚敷或過度刺激。

安全提醒：節氣養生屬一般生活資訊，身體不適仍應諮詢專業人員。

本內容為一般生活保健資訊，非醫療診斷或治療建議。

CTA：收藏提醒",#節氣保養 #生活保健 #日常保養 #身體覺察,圖1：【立冬前後的日常舒緩儀式】｜圖2：以生活保健與身體覺察為主，不做醫療療效宣稱｜圖3：節氣養生屬一般生活資訊，身體不適仍應諮詢專業人員。,本內容為一般生活保健資訊，非醫療診斷或治療建議。,節氣養生屬一般生活資訊，身體不適仍應諮詢專業人員。,根治|治療疾病|消炎治本|打通經絡|一擦就好|保證有效|深層修復|替代藥物
Facebook_LINE208,LINE208,Facebook,2026-09-15,20:00,深層症狀不適合自行處理,E,高,pending_legal_pharmacist_review,false,【深層症狀不適合自行處理】,"【深層症狀不適合自行處理】

所有使用者、照護者與家庭購買者常會遇到這種情境：深層症狀不適合自行處理。

這則貼文要傳達的重點很簡單：一條根外用油膏不是神奇療法，適合放在「安全使用比用得多更重要，依標示與風險族群提醒」這個保守邊界裡溝通。使用時請先看標示，薄擦於需要保養的局部，搭配輕柔按摩即可，不需要追求厚敷或過度刺激。

安全提醒：2 歲以下、孕哺、過敏體質、抗凝血藥使用者請先詢問專業人員。

僅供外用。避免接觸眼睛、黏膜、破皮或傷口；特殊族群使用前請先諮詢專業人員。

CTA：私訊/了解更多","【深層症狀不適合自行處理】

所有使用者、照護者與家庭購買者常會遇到這種情境：深層症狀不適合自行處理。

這則貼文要傳達的重點很簡單：一條根外用油膏不是神奇療法，適合放在「安全使用比用得多更重要，依標示與風險族群提醒」這個保守邊界裡溝通。使用時請先看標示，薄擦於需要保養的局部，搭配輕柔按摩即可，不需要追求厚敷或過度刺激。

安全提醒：2 歲以下、孕哺、過敏體質、抗凝血藥使用者請先詢問專業人員。

僅供外用。避免接觸眼睛、黏膜、破皮或傷口；特殊族群使用前請先諮詢專業人員。

CTA：私訊/了解更多",#外用安全 #用藥安全 #使用前看標示 #諮詢醫師藥師,圖1：【深層症狀不適合自行處理】｜圖2：安全使用比用得多更重要，依標示與風險族群提醒｜圖3：2 歲以下、孕哺、過敏體質、抗凝血藥使用者請先詢問專業人員。,僅供外用。避免接觸眼睛、黏膜、破皮或傷口；特殊族群使用前請先諮詢專業人員。,2 歲以下、孕哺、過敏體質、抗凝血藥使用者請先詢問專業人員。,根治|治療疾病|消炎治本|打通經絡|一擦就好|保證有效|深層修復|替代藥物
Facebook_LINE209,LINE209,Facebook,2026-09-16,12:00,每篇貼文都要人工審核,H,中,pending_legal_pharmacist_review,false,【每篇貼文都要人工審核】,"【每篇貼文都要人工審核】

重視藥證、成分、品質與合法性的消費者常會遇到這種情境：每篇貼文都要人工審核。

這則貼文要傳達的重點很簡單：一條根外用油膏不是神奇療法，適合放在「強調藥證、標示、保守宣稱與人工審核流程」這個保守邊界裡溝通。使用時請先看標示，薄擦於需要保養的局部，搭配輕柔按摩即可，不需要追求厚敷或過度刺激。

安全提醒：所有廣告文案仍須依主管機關與專業人員審核。

本產品為外用油膏，請依核准標示使用；若症狀持續或惡化，請諮詢醫師或藥師。

CTA：收藏提醒","【每篇貼文都要人工審核】

重視藥證、成分、品質與合法性的消費者常會遇到這種情境：每篇貼文都要人工審核。

這則貼文要傳達的重點很簡單：一條根外用油膏不是神奇療法，適合放在「強調藥證、標示、保守宣稱與人工審核流程」這個保守邊界裡溝通。使用時請先看標示，薄擦於需要保養的局部，搭配輕柔按摩即可，不需要追求厚敷或過度刺激。

安全提醒：所有廣告文案仍須依主管機關與專業人員審核。

本產品為外用油膏，請依核准標示使用；若症狀持續或惡化，請諮詢醫師或藥師。

CTA：收藏提醒",#藥證可查 #品牌透明 #合法宣傳 #成分透明,圖1：【每篇貼文都要人工審核】｜圖2：強調藥證、標示、保守宣稱與人工審核流程｜圖3：所有廣告文案仍須依主管機關與專業人員審核。,本產品為外用油膏，請依核准標示使用；若症狀持續或惡化，請諮詢醫師或藥師。,所有廣告文案仍須依主管機關與專業人員審核。,根治|治療疾病|消炎治本|打通經絡|一擦就好|保證有效|深層修復|替代藥物
Facebook_LINE210,LINE210,Facebook,2026-09-16,20:00,哪些情況應該先就醫,G,低,pending_legal_pharmacist_review,false,【哪些情況應該先就醫】,"【哪些情況應該先就醫】

LINE OA 好友、回購客與新客常會遇到這種情境：哪些情況應該先就醫。

這則貼文要傳達的重點很簡單：一條根外用油膏不是神奇療法，適合放在「用問答降低誤用，讓使用者知道何時該詢問專業人員」這個保守邊界裡溝通。使用時請先看標示，薄擦於需要保養的局部，搭配輕柔按摩即可，不需要追求厚敷或過度刺激。

安全提醒：互動回答不取代醫師或藥師建議。

本內容為一般生活保健資訊，非醫療診斷或治療建議。

CTA：留言互動","【哪些情況應該先就醫】

LINE OA 好友、回購客與新客常會遇到這種情境：哪些情況應該先就醫。

這則貼文要傳達的重點很簡單：一條根外用油膏不是神奇療法，適合放在「用問答降低誤用，讓使用者知道何時該詢問專業人員」這個保守邊界裡溝通。使用時請先看標示，薄擦於需要保養的局部，搭配輕柔按摩即可，不需要追求厚敷或過度刺激。

安全提醒：互動回答不取代醫師或藥師建議。

本內容為一般生活保健資訊，非醫療診斷或治療建議。

CTA：留言互動",#互動問答 #保養知識 #使用小提醒 #金牌一條根,圖1：【哪些情況應該先就醫】｜圖2：用問答降低誤用，讓使用者知道何時該詢問專業人員｜圖3：互動回答不取代醫師或藥師建議。,本內容為一般生活保健資訊，非醫療診斷或治療建議。,互動回答不取代醫師或藥師建議。,根治|治療疾病|消炎治本|打通經絡|一擦就好|保證有效|深層修復|替代藥物
Facebook_LINE211,LINE211,Facebook,2026-09-17,12:00,運動後局部痠痛的保守處理,C,中,pending_legal_pharmacist_review,false,【運動後局部痠痛的保守處理】,"【運動後局部痠痛的保守處理】

運動族、搬重物、久站與勞動工作者常會遇到這種情境：運動後局部痠痛的保守處理。

這則貼文要傳達的重點很簡單：一條根外用油膏不是神奇療法，適合放在「運動或勞動後的局部肌肉痠痛，可短期按摩舒緩」這個保守邊界裡溝通。使用時請先看標示，薄擦於需要保養的局部，搭配輕柔按摩即可，不需要追求厚敷或過度刺激。

安全提醒：明顯腫脹、劇痛、活動受限或疑似受傷時，請先就醫。

本產品為外用油膏，請依核准標示使用；若症狀持續或惡化，請諮詢醫師或藥師。

CTA：收藏提醒","【運動後局部痠痛的保守處理】

運動族、搬重物、久站與勞動工作者常會遇到這種情境：運動後局部痠痛的保守處理。

這則貼文要傳達的重點很簡單：一條根外用油膏不是神奇療法，適合放在「運動或勞動後的局部肌肉痠痛，可短期按摩舒緩」這個保守邊界裡溝通。使用時請先看標示，薄擦於需要保養的局部，搭配輕柔按摩即可，不需要追求厚敷或過度刺激。

安全提醒：明顯腫脹、劇痛、活動受限或疑似受傷時，請先就醫。

本產品為外用油膏，請依核准標示使用；若症狀持續或惡化，請諮詢醫師或藥師。

CTA：收藏提醒",#運動後保養 #局部按摩 #肌肉痠痛 #依標示使用,圖1：【運動後局部痠痛的保守處理】｜圖2：運動或勞動後的局部肌肉痠痛，可短期按摩舒緩｜圖3：明顯腫脹、劇痛、活動受限或疑似受傷時，請先就醫。,本產品為外用油膏，請依核准標示使用；若症狀持續或惡化，請諮詢醫師或藥師。,明顯腫脹、劇痛、活動受限或疑似受傷時，請先就醫。,根治|治療疾病|消炎治本|打通經絡|一擦就好|保證有效|深層修復|替代藥物
Facebook_LINE212,LINE212,Facebook,2026-09-17,20:00,冬青油與清涼舒緩體感,A,中,pending_legal_pharmacist_review,false,【冬青油與清涼舒緩體感】,"【冬青油與清涼舒緩體感】

已購買或正在觀望的一條根使用者常會遇到這種情境：冬青油與清涼舒緩體感。

這則貼文要傳達的重點很簡單：一條根外用油膏不是神奇療法，適合放在「依標示外用，提供局部按摩與暫時舒緩體感」這個保守邊界裡溝通。使用時請先看標示，薄擦於需要保養的局部，搭配輕柔按摩即可，不需要追求厚敷或過度刺激。

安全提醒：僅供外用；避免眼周、黏膜、破皮或傷口。

本產品為外用油膏，請依核准標示使用；若症狀持續或惡化，請諮詢醫師或藥師。

CTA：私訊/了解更多","【冬青油與清涼舒緩體感】

已購買或正在觀望的一條根使用者常會遇到這種情境：冬青油與清涼舒緩體感。

這則貼文要傳達的重點很簡單：一條根外用油膏不是神奇療法，適合放在「依標示外用，提供局部按摩與暫時舒緩體感」這個保守邊界裡溝通。使用時請先看標示，薄擦於需要保養的局部，搭配輕柔按摩即可，不需要追求厚敷或過度刺激。

安全提醒：僅供外用；避免眼周、黏膜、破皮或傷口。

本產品為外用油膏，請依核准標示使用；若症狀持續或惡化，請諮詢醫師或藥師。

CTA：私訊/了解更多",#金牌一條根 #外用油膏 #成分透明 #依標示使用,圖1：【冬青油與清涼舒緩體感】｜圖2：依標示外用，提供局部按摩與暫時舒緩體感｜圖3：僅供外用；避免眼周、黏膜、破皮或傷口。,本產品為外用油膏，請依核准標示使用；若症狀持續或惡化，請諮詢醫師或藥師。,僅供外用；避免眼周、黏膜、破皮或傷口。,根治|治療疾病|消炎治本|打通經絡|一擦就好|保證有效|深層修復|替代藥物
Facebook_LINE213,LINE213,Facebook,2026-09-18,12:00,早晨活動前的關節暖身,D,中,pending_legal_pharmacist_review,false,【早晨活動前的關節暖身】,"【早晨活動前的關節暖身】

40-70 歲注重日常活動舒適度的族群常會遇到這種情境：早晨活動前的關節暖身。

這則貼文要傳達的重點很簡單：一條根外用油膏不是神奇療法，適合放在「輕微關節痠痛可短期舒緩，但不可宣稱治療疾病」這個保守邊界裡溝通。使用時請先看標示，薄擦於需要保養的局部，搭配輕柔按摩即可，不需要追求厚敷或過度刺激。

安全提醒：關節腫痛、紅熱、長期疼痛或行走困難，請就醫評估。

本產品為外用油膏，請依核准標示使用；若症狀持續或惡化，請諮詢醫師或藥師。

CTA：收藏提醒","【早晨活動前的關節暖身】

40-70 歲注重日常活動舒適度的族群常會遇到這種情境：早晨活動前的關節暖身。

這則貼文要傳達的重點很簡單：一條根外用油膏不是神奇療法，適合放在「輕微關節痠痛可短期舒緩，但不可宣稱治療疾病」這個保守邊界裡溝通。使用時請先看標示，薄擦於需要保養的局部，搭配輕柔按摩即可，不需要追求厚敷或過度刺激。

安全提醒：關節腫痛、紅熱、長期疼痛或行走困難，請就醫評估。

本產品為外用油膏，請依核准標示使用；若症狀持續或惡化，請諮詢醫師或藥師。

CTA：收藏提醒",#銀髮保養 #活動舒適 #輕微痠痛 #依標示使用,圖1：【早晨活動前的關節暖身】｜圖2：輕微關節痠痛可短期舒緩，但不可宣稱治療疾病｜圖3：關節腫痛、紅熱、長期疼痛或行走困難，請就醫評估。,本產品為外用油膏，請依核准標示使用；若症狀持續或惡化，請諮詢醫師或藥師。,關節腫痛、紅熱、長期疼痛或行走困難，請就醫評估。,根治|治療疾病|消炎治本|打通經絡|一擦就好|保證有效|深層修復|替代藥物
Facebook_LINE214,LINE214,Facebook,2026-09-18,20:00,不能擦在破皮或傷口,E,高,pending_legal_pharmacist_review,false,【不能擦在破皮或傷口】,"【不能擦在破皮或傷口】

所有使用者、照護者與家庭購買者常會遇到這種情境：不能擦在破皮或傷口。

這則貼文要傳達的重點很簡單：一條根外用油膏不是神奇療法，適合放在「安全使用比用得多更重要，依標示與風險族群提醒」這個保守邊界裡溝通。使用時請先看標示，薄擦於需要保養的局部，搭配輕柔按摩即可，不需要追求厚敷或過度刺激。

安全提醒：2 歲以下、孕哺、過敏體質、抗凝血藥使用者請先詢問專業人員。

僅供外用。避免接觸眼睛、黏膜、破皮或傷口；特殊族群使用前請先諮詢專業人員。

CTA：私訊/了解更多","【不能擦在破皮或傷口】

所有使用者、照護者與家庭購買者常會遇到這種情境：不能擦在破皮或傷口。

這則貼文要傳達的重點很簡單：一條根外用油膏不是神奇療法，適合放在「安全使用比用得多更重要，依標示與風險族群提醒」這個保守邊界裡溝通。使用時請先看標示，薄擦於需要保養的局部，搭配輕柔按摩即可，不需要追求厚敷或過度刺激。

安全提醒：2 歲以下、孕哺、過敏體質、抗凝血藥使用者請先詢問專業人員。

僅供外用。避免接觸眼睛、黏膜、破皮或傷口；特殊族群使用前請先諮詢專業人員。

CTA：私訊/了解更多",#外用安全 #用藥安全 #使用前看標示 #諮詢醫師藥師,圖1：【不能擦在破皮或傷口】｜圖2：安全使用比用得多更重要，依標示與風險族群提醒｜圖3：2 歲以下、孕哺、過敏體質、抗凝血藥使用者請先詢問專業人員。,僅供外用。避免接觸眼睛、黏膜、破皮或傷口；特殊族群使用前請先諮詢專業人員。,2 歲以下、孕哺、過敏體質、抗凝血藥使用者請先詢問專業人員。,根治|治療疾病|消炎治本|打通經絡|一擦就好|保證有效|深層修復|替代藥物
Facebook_LINE215,LINE215,Facebook,2026-09-19,12:00,芒種後濕熱生活保養,F,低,pending_legal_pharmacist_review,false,【芒種後濕熱生活保養】,"【芒種後濕熱生活保養】

喜歡養生、節氣與日常保健的 LINE 讀者常會遇到這種情境：芒種後濕熱生活保養。

這則貼文要傳達的重點很簡單：一條根外用油膏不是神奇療法，適合放在「以生活保健與身體覺察為主，不做醫療療效宣稱」這個保守邊界裡溝通。使用時請先看標示，薄擦於需要保養的局部，搭配輕柔按摩即可，不需要追求厚敷或過度刺激。

安全提醒：節氣養生屬一般生活資訊，身體不適仍應諮詢專業人員。

本內容為一般生活保健資訊，非醫療診斷或治療建議。

CTA：收藏提醒","【芒種後濕熱生活保養】

喜歡養生、節氣與日常保健的 LINE 讀者常會遇到這種情境：芒種後濕熱生活保養。

這則貼文要傳達的重點很簡單：一條根外用油膏不是神奇療法，適合放在「以生活保健與身體覺察為主，不做醫療療效宣稱」這個保守邊界裡溝通。使用時請先看標示，薄擦於需要保養的局部，搭配輕柔按摩即可，不需要追求厚敷或過度刺激。

安全提醒：節氣養生屬一般生活資訊，身體不適仍應諮詢專業人員。

本內容為一般生活保健資訊，非醫療診斷或治療建議。

CTA：收藏提醒",#節氣保養 #生活保健 #日常保養 #身體覺察,圖1：【芒種後濕熱生活保養】｜圖2：以生活保健與身體覺察為主，不做醫療療效宣稱｜圖3：節氣養生屬一般生活資訊，身體不適仍應諮詢專業人員。,本內容為一般生活保健資訊，非醫療診斷或治療建議。,節氣養生屬一般生活資訊，身體不適仍應諮詢專業人員。,根治|治療疾病|消炎治本|打通經絡|一擦就好|保證有效|深層修復|替代藥物
Facebook_LINE216,LINE216,Facebook,2026-09-19,20:00,久站後小腿不適舒緩,C,中,pending_legal_pharmacist_review,false,【久站後小腿不適舒緩】,"【久站後小腿不適舒緩】

運動族、搬重物、久站與勞動工作者常會遇到這種情境：久站後小腿不適舒緩。

這則貼文要傳達的重點很簡單：一條根外用油膏不是神奇療法，適合放在「運動或勞動後的局部肌肉痠痛，可短期按摩舒緩」這個保守邊界裡溝通。使用時請先看標示，薄擦於需要保養的局部，搭配輕柔按摩即可，不需要追求厚敷或過度刺激。

安全提醒：明顯腫脹、劇痛、活動受限或疑似受傷時，請先就醫。

本產品為外用油膏，請依核准標示使用；若症狀持續或惡化，請諮詢醫師或藥師。

CTA：私訊/了解更多","【久站後小腿不適舒緩】

運動族、搬重物、久站與勞動工作者常會遇到這種情境：久站後小腿不適舒緩。

這則貼文要傳達的重點很簡單：一條根外用油膏不是神奇療法，適合放在「運動或勞動後的局部肌肉痠痛，可短期按摩舒緩」這個保守邊界裡溝通。使用時請先看標示，薄擦於需要保養的局部，搭配輕柔按摩即可，不需要追求厚敷或過度刺激。

安全提醒：明顯腫脹、劇痛、活動受限或疑似受傷時，請先就醫。

本產品為外用油膏，請依核准標示使用；若症狀持續或惡化，請諮詢醫師或藥師。

CTA：私訊/了解更多",#運動後保養 #局部按摩 #肌肉痠痛 #依標示使用,圖1：【久站後小腿不適舒緩】｜圖2：運動或勞動後的局部肌肉痠痛，可短期按摩舒緩｜圖3：明顯腫脹、劇痛、活動受限或疑似受傷時，請先就醫。,本產品為外用油膏，請依核准標示使用；若症狀持續或惡化，請諮詢醫師或藥師。,明顯腫脹、劇痛、活動受限或疑似受傷時，請先就醫。,根治|治療疾病|消炎治本|打通經絡|一擦就好|保證有效|深層修復|替代藥物
Facebook_LINE217,LINE217,Facebook,2026-09-20,12:00,你最常哪個部位緊繃,G,低,pending_legal_pharmacist_review,false,【你最常哪個部位緊繃】,"【你最常哪個部位緊繃】

LINE OA 好友、回購客與新客常會遇到這種情境：你最常哪個部位緊繃。

這則貼文要傳達的重點很簡單：一條根外用油膏不是神奇療法，適合放在「用問答降低誤用，讓使用者知道何時該詢問專業人員」這個保守邊界裡溝通。使用時請先看標示，薄擦於需要保養的局部，搭配輕柔按摩即可，不需要追求厚敷或過度刺激。

安全提醒：互動回答不取代醫師或藥師建議。

本內容為一般生活保健資訊，非醫療診斷或治療建議。

CTA：留言互動","【你最常哪個部位緊繃】

LINE OA 好友、回購客與新客常會遇到這種情境：你最常哪個部位緊繃。

這則貼文要傳達的重點很簡單：一條根外用油膏不是神奇療法，適合放在「用問答降低誤用，讓使用者知道何時該詢問專業人員」這個保守邊界裡溝通。使用時請先看標示，薄擦於需要保養的局部，搭配輕柔按摩即可，不需要追求厚敷或過度刺激。

安全提醒：互動回答不取代醫師或藥師建議。

本內容為一般生活保健資訊，非醫療診斷或治療建議。

CTA：留言互動",#互動問答 #保養知識 #使用小提醒 #金牌一條根,圖1：【你最常哪個部位緊繃】｜圖2：用問答降低誤用，讓使用者知道何時該詢問專業人員｜圖3：互動回答不取代醫師或藥師建議。,本內容為一般生活保健資訊，非醫療診斷或治療建議。,互動回答不取代醫師或藥師建議。,根治|治療疾病|消炎治本|打通經絡|一擦就好|保證有效|深層修復|替代藥物
Facebook_LINE218,LINE218,Facebook,2026-09-20,20:00,長輩外用膏使用安全,D,中,pending_legal_pharmacist_review,false,【長輩外用膏使用安全】,"【長輩外用膏使用安全】

40-70 歲注重日常活動舒適度的族群常會遇到這種情境：長輩外用膏使用安全。

這則貼文要傳達的重點很簡單：一條根外用油膏不是神奇療法，適合放在「輕微關節痠痛可短期舒緩，但不可宣稱治療疾病」這個保守邊界裡溝通。使用時請先看標示，薄擦於需要保養的局部，搭配輕柔按摩即可，不需要追求厚敷或過度刺激。

安全提醒：關節腫痛、紅熱、長期疼痛或行走困難，請就醫評估。

本產品為外用油膏，請依核准標示使用；若症狀持續或惡化，請諮詢醫師或藥師。

CTA：私訊/了解更多","【長輩外用膏使用安全】

40-70 歲注重日常活動舒適度的族群常會遇到這種情境：長輩外用膏使用安全。

這則貼文要傳達的重點很簡單：一條根外用油膏不是神奇療法，適合放在「輕微關節痠痛可短期舒緩，但不可宣稱治療疾病」這個保守邊界裡溝通。使用時請先看標示，薄擦於需要保養的局部，搭配輕柔按摩即可，不需要追求厚敷或過度刺激。

安全提醒：關節腫痛、紅熱、長期疼痛或行走困難，請就醫評估。

本產品為外用油膏，請依核准標示使用；若症狀持續或惡化，請諮詢醫師或藥師。

CTA：私訊/了解更多",#銀髮保養 #活動舒適 #輕微痠痛 #依標示使用,圖1：【長輩外用膏使用安全】｜圖2：輕微關節痠痛可短期舒緩，但不可宣稱治療疾病｜圖3：關節腫痛、紅熱、長期疼痛或行走困難，請就醫評估。,本產品為外用油膏，請依核准標示使用；若症狀持續或惡化，請諮詢醫師或藥師。,關節腫痛、紅熱、長期疼痛或行走困難，請就醫評估。,根治|治療疾病|消炎治本|打通經絡|一擦就好|保證有效|深層修復|替代藥物
Facebook_LINE219,LINE219,Facebook,2026-09-21,12:00,辦公桌前的姿勢檢查,B,低,pending_legal_pharmacist_review,false,【辦公桌前的姿勢檢查】,"【辦公桌前的姿勢檢查】

長時間低頭、久坐、用電腦的上班族常會遇到這種情境：辦公桌前的姿勢檢查。

這則貼文要傳達的重點很簡單：一條根外用油膏不是神奇療法，適合放在「久坐低頭後，可搭配伸展與局部按摩舒緩緊繃不適」這個保守邊界裡溝通。使用時請先看標示，薄擦於需要保養的局部，搭配輕柔按摩即可，不需要追求厚敷或過度刺激。

安全提醒：若痠痛持續、麻木或影響活動，請諮詢醫師或藥師。

本內容為一般生活保健資訊，非醫療診斷或治療建議。

CTA：收藏提醒","【辦公桌前的姿勢檢查】

長時間低頭、久坐、用電腦的上班族常會遇到這種情境：辦公桌前的姿勢檢查。

這則貼文要傳達的重點很簡單：一條根外用油膏不是神奇療法，適合放在「久坐低頭後，可搭配伸展與局部按摩舒緩緊繃不適」這個保守邊界裡溝通。使用時請先看標示，薄擦於需要保養的局部，搭配輕柔按摩即可，不需要追求厚敷或過度刺激。

安全提醒：若痠痛持續、麻木或影響活動，請諮詢醫師或藥師。

本內容為一般生活保健資訊，非醫療診斷或治療建議。

CTA：收藏提醒",#肩頸保養 #久坐族 #日常舒緩 #依標示使用,圖1：【辦公桌前的姿勢檢查】｜圖2：久坐低頭後，可搭配伸展與局部按摩舒緩緊繃不適｜圖3：若痠痛持續、麻木或影響活動，請諮詢醫師或藥師。,本內容為一般生活保健資訊，非醫療診斷或治療建議。,若痠痛持續、麻木或影響活動，請諮詢醫師或藥師。,根治|治療疾病|消炎治本|打通經絡|一擦就好|保證有效|深層修復|替代藥物
Facebook_LINE220,LINE220,Facebook,2026-09-21,20:00,薄荷腦帶來的涼感來源,A,中,pending_legal_pharmacist_review,false,【薄荷腦帶來的涼感來源】,"【薄荷腦帶來的涼感來源】

已購買或正在觀望的一條根使用者常會遇到這種情境：薄荷腦帶來的涼感來源。

這則貼文要傳達的重點很簡單：一條根外用油膏不是神奇療法，適合放在「依標示外用，提供局部按摩與暫時舒緩體感」這個保守邊界裡溝通。使用時請先看標示，薄擦於需要保養的局部，搭配輕柔按摩即可，不需要追求厚敷或過度刺激。

安全提醒：僅供外用；避免眼周、黏膜、破皮或傷口。

本產品為外用油膏，請依核准標示使用；若症狀持續或惡化，請諮詢醫師或藥師。

CTA：私訊/了解更多","【薄荷腦帶來的涼感來源】

已購買或正在觀望的一條根使用者常會遇到這種情境：薄荷腦帶來的涼感來源。

這則貼文要傳達的重點很簡單：一條根外用油膏不是神奇療法，適合放在「依標示外用，提供局部按摩與暫時舒緩體感」這個保守邊界裡溝通。使用時請先看標示，薄擦於需要保養的局部，搭配輕柔按摩即可，不需要追求厚敷或過度刺激。

安全提醒：僅供外用；避免眼周、黏膜、破皮或傷口。

本產品為外用油膏，請依核准標示使用；若症狀持續或惡化，請諮詢醫師或藥師。

CTA：私訊/了解更多",#金牌一條根 #外用油膏 #成分透明 #依標示使用,圖1：【薄荷腦帶來的涼感來源】｜圖2：依標示外用，提供局部按摩與暫時舒緩體感｜圖3：僅供外用；避免眼周、黏膜、破皮或傷口。,本產品為外用油膏，請依核准標示使用；若症狀持續或惡化，請諮詢醫師或藥師。,僅供外用；避免眼周、黏膜、破皮或傷口。,根治|治療疾病|消炎治本|打通經絡|一擦就好|保證有效|深層修復|替代藥物
Facebook_LINE221,LINE221,Facebook,2026-09-22,12:00,夏季冷氣房的肩頸保養,F,低,pending_legal_pharmacist_review,false,【夏季冷氣房的肩頸保養】,"【夏季冷氣房的肩頸保養】

喜歡養生、節氣與日常保健的 LINE 讀者常會遇到這種情境：夏季冷氣房的肩頸保養。

這則貼文要傳達的重點很簡單：一條根外用油膏不是神奇療法，適合放在「以生活保健與身體覺察為主，不做醫療療效宣稱」這個保守邊界裡溝通。使用時請先看標示，薄擦於需要保養的局部，搭配輕柔按摩即可，不需要追求厚敷或過度刺激。

安全提醒：節氣養生屬一般生活資訊，身體不適仍應諮詢專業人員。

本內容為一般生活保健資訊，非醫療診斷或治療建議。

CTA：收藏提醒","【夏季冷氣房的肩頸保養】

喜歡養生、節氣與日常保健的 LINE 讀者常會遇到這種情境：夏季冷氣房的肩頸保養。

這則貼文要傳達的重點很簡單：一條根外用油膏不是神奇療法，適合放在「以生活保健與身體覺察為主，不做醫療療效宣稱」這個保守邊界裡溝通。使用時請先看標示，薄擦於需要保養的局部，搭配輕柔按摩即可，不需要追求厚敷或過度刺激。

安全提醒：節氣養生屬一般生活資訊，身體不適仍應諮詢專業人員。

本內容為一般生活保健資訊，非醫療診斷或治療建議。

CTA：收藏提醒",#節氣保養 #生活保健 #日常保養 #身體覺察,圖1：【夏季冷氣房的肩頸保養】｜圖2：以生活保健與身體覺察為主，不做醫療療效宣稱｜圖3：節氣養生屬一般生活資訊，身體不適仍應諮詢專業人員。,本內容為一般生活保健資訊，非醫療診斷或治療建議。,節氣養生屬一般生活資訊，身體不適仍應諮詢專業人員。,根治|治療疾病|消炎治本|打通經絡|一擦就好|保證有效|深層修復|替代藥物
Facebook_LINE222,LINE222,Facebook,2026-09-22,20:00,外用膏避免眼周與黏膜,E,高,pending_legal_pharmacist_review,false,【外用膏避免眼周與黏膜】,"【外用膏避免眼周與黏膜】

所有使用者、照護者與家庭購買者常會遇到這種情境：外用膏避免眼周與黏膜。

這則貼文要傳達的重點很簡單：一條根外用油膏不是神奇療法，適合放在「安全使用比用得多更重要，依標示與風險族群提醒」這個保守邊界裡溝通。使用時請先看標示，薄擦於需要保養的局部，搭配輕柔按摩即可，不需要追求厚敷或過度刺激。

安全提醒：2 歲以下、孕哺、過敏體質、抗凝血藥使用者請先詢問專業人員。

僅供外用。避免接觸眼睛、黏膜、破皮或傷口；特殊族群使用前請先諮詢專業人員。

CTA：私訊/了解更多","【外用膏避免眼周與黏膜】

所有使用者、照護者與家庭購買者常會遇到這種情境：外用膏避免眼周與黏膜。

這則貼文要傳達的重點很簡單：一條根外用油膏不是神奇療法，適合放在「安全使用比用得多更重要，依標示與風險族群提醒」這個保守邊界裡溝通。使用時請先看標示，薄擦於需要保養的局部，搭配輕柔按摩即可，不需要追求厚敷或過度刺激。

安全提醒：2 歲以下、孕哺、過敏體質、抗凝血藥使用者請先詢問專業人員。

僅供外用。避免接觸眼睛、黏膜、破皮或傷口；特殊族群使用前請先諮詢專業人員。

CTA：私訊/了解更多",#外用安全 #用藥安全 #使用前看標示 #諮詢醫師藥師,圖1：【外用膏避免眼周與黏膜】｜圖2：安全使用比用得多更重要，依標示與風險族群提醒｜圖3：2 歲以下、孕哺、過敏體質、抗凝血藥使用者請先詢問專業人員。,僅供外用。避免接觸眼睛、黏膜、破皮或傷口；特殊族群使用前請先諮詢專業人員。,2 歲以下、孕哺、過敏體質、抗凝血藥使用者請先詢問專業人員。,根治|治療疾病|消炎治本|打通經絡|一擦就好|保證有效|深層修復|替代藥物
Facebook_LINE223,LINE223,Facebook,2026-09-23,12:00,合法宣傳比誇大更長久,H,中,pending_legal_pharmacist_review,false,【合法宣傳比誇大更長久】,"【合法宣傳比誇大更長久】

重視藥證、成分、品質與合法性的消費者常會遇到這種情境：合法宣傳比誇大更長久。

這則貼文要傳達的重點很簡單：一條根外用油膏不是神奇療法，適合放在「強調藥證、標示、保守宣稱與人工審核流程」這個保守邊界裡溝通。使用時請先看標示，薄擦於需要保養的局部，搭配輕柔按摩即可，不需要追求厚敷或過度刺激。

安全提醒：所有廣告文案仍須依主管機關與專業人員審核。

本產品為外用油膏，請依核准標示使用；若症狀持續或惡化，請諮詢醫師或藥師。

CTA：收藏提醒","【合法宣傳比誇大更長久】

重視藥證、成分、品質與合法性的消費者常會遇到這種情境：合法宣傳比誇大更長久。

這則貼文要傳達的重點很簡單：一條根外用油膏不是神奇療法，適合放在「強調藥證、標示、保守宣稱與人工審核流程」這個保守邊界裡溝通。使用時請先看標示，薄擦於需要保養的局部，搭配輕柔按摩即可，不需要追求厚敷或過度刺激。

安全提醒：所有廣告文案仍須依主管機關與專業人員審核。

本產品為外用油膏，請依核准標示使用；若症狀持續或惡化，請諮詢醫師或藥師。

CTA：收藏提醒",#藥證可查 #品牌透明 #合法宣傳 #成分透明,圖1：【合法宣傳比誇大更長久】｜圖2：強調藥證、標示、保守宣稱與人工審核流程｜圖3：所有廣告文案仍須依主管機關與專業人員審核。,本產品為外用油膏，請依核准標示使用；若症狀持續或惡化，請諮詢醫師或藥師。,所有廣告文案仍須依主管機關與專業人員審核。,根治|治療疾病|消炎治本|打通經絡|一擦就好|保證有效|深層修復|替代藥物
Facebook_LINE224,LINE224,Facebook,2026-09-23,20:00,你習慣運動前還是運動後保養,G,低,pending_legal_pharmacist_review,false,【你習慣運動前還是運動後保養】,"【你習慣運動前還是運動後保養】

LINE OA 好友、回購客與新客常會遇到這種情境：你習慣運動前還是運動後保養。

這則貼文要傳達的重點很簡單：一條根外用油膏不是神奇療法，適合放在「用問答降低誤用，讓使用者知道何時該詢問專業人員」這個保守邊界裡溝通。使用時請先看標示，薄擦於需要保養的局部，搭配輕柔按摩即可，不需要追求厚敷或過度刺激。

安全提醒：互動回答不取代醫師或藥師建議。

本內容為一般生活保健資訊，非醫療診斷或治療建議。

CTA：留言互動","【你習慣運動前還是運動後保養】

LINE OA 好友、回購客與新客常會遇到這種情境：你習慣運動前還是運動後保養。

這則貼文要傳達的重點很簡單：一條根外用油膏不是神奇療法，適合放在「用問答降低誤用，讓使用者知道何時該詢問專業人員」這個保守邊界裡溝通。使用時請先看標示，薄擦於需要保養的局部，搭配輕柔按摩即可，不需要追求厚敷或過度刺激。

安全提醒：互動回答不取代醫師或藥師建議。

本內容為一般生活保健資訊，非醫療診斷或治療建議。

CTA：留言互動",#互動問答 #保養知識 #使用小提醒 #金牌一條根,圖1：【你習慣運動前還是運動後保養】｜圖2：用問答降低誤用，讓使用者知道何時該詢問專業人員｜圖3：互動回答不取代醫師或藥師建議。,本內容為一般生活保健資訊，非醫療診斷或治療建議。,互動回答不取代醫師或藥師建議。,根治|治療疾病|消炎治本|打通經絡|一擦就好|保證有效|深層修復|替代藥物
Facebook_LINE225,LINE225,Facebook,2026-09-24,12:00,搬重物後腰背保養,C,中,pending_legal_pharmacist_review,false,【搬重物後腰背保養】,"【搬重物後腰背保養】

運動族、搬重物、久站與勞動工作者常會遇到這種情境：搬重物後腰背保養。

這則貼文要傳達的重點很簡單：一條根外用油膏不是神奇療法，適合放在「運動或勞動後的局部肌肉痠痛，可短期按摩舒緩」這個保守邊界裡溝通。使用時請先看標示，薄擦於需要保養的局部，搭配輕柔按摩即可，不需要追求厚敷或過度刺激。

安全提醒：明顯腫脹、劇痛、活動受限或疑似受傷時，請先就醫。

本產品為外用油膏，請依核准標示使用；若症狀持續或惡化，請諮詢醫師或藥師。

CTA：收藏提醒","【搬重物後腰背保養】

運動族、搬重物、久站與勞動工作者常會遇到這種情境：搬重物後腰背保養。

這則貼文要傳達的重點很簡單：一條根外用油膏不是神奇療法，適合放在「運動或勞動後的局部肌肉痠痛，可短期按摩舒緩」這個保守邊界裡溝通。使用時請先看標示，薄擦於需要保養的局部，搭配輕柔按摩即可，不需要追求厚敷或過度刺激。

安全提醒：明顯腫脹、劇痛、活動受限或疑似受傷時，請先就醫。

本產品為外用油膏，請依核准標示使用；若症狀持續或惡化，請諮詢醫師或藥師。

CTA：收藏提醒",#運動後保養 #局部按摩 #肌肉痠痛 #依標示使用,圖1：【搬重物後腰背保養】｜圖2：運動或勞動後的局部肌肉痠痛，可短期按摩舒緩｜圖3：明顯腫脹、劇痛、活動受限或疑似受傷時，請先就醫。,本產品為外用油膏，請依核准標示使用；若症狀持續或惡化，請諮詢醫師或藥師。,明顯腫脹、劇痛、活動受限或疑似受傷時，請先就醫。,根治|治療疾病|消炎治本|打通經絡|一擦就好|保證有效|深層修復|替代藥物
Facebook_LINE226,LINE226,Facebook,2026-09-24,20:00,樟腦外用時的注意界線,A,中,pending_legal_pharmacist_review,false,【樟腦外用時的注意界線】,"【樟腦外用時的注意界線】

已購買或正在觀望的一條根使用者常會遇到這種情境：樟腦外用時的注意界線。

這則貼文要傳達的重點很簡單：一條根外用油膏不是神奇療法，適合放在「依標示外用，提供局部按摩與暫時舒緩體感」這個保守邊界裡溝通。使用時請先看標示，薄擦於需要保養的局部，搭配輕柔按摩即可，不需要追求厚敷或過度刺激。

安全提醒：僅供外用；避免眼周、黏膜、破皮或傷口。

本產品為外用油膏，請依核准標示使用；若症狀持續或惡化，請諮詢醫師或藥師。

CTA：私訊/了解更多","【樟腦外用時的注意界線】

已購買或正在觀望的一條根使用者常會遇到這種情境：樟腦外用時的注意界線。

這則貼文要傳達的重點很簡單：一條根外用油膏不是神奇療法，適合放在「依標示外用，提供局部按摩與暫時舒緩體感」這個保守邊界裡溝通。使用時請先看標示，薄擦於需要保養的局部，搭配輕柔按摩即可，不需要追求厚敷或過度刺激。

安全提醒：僅供外用；避免眼周、黏膜、破皮或傷口。

本產品為外用油膏，請依核准標示使用；若症狀持續或惡化，請諮詢醫師或藥師。

CTA：私訊/了解更多",#金牌一條根 #外用油膏 #成分透明 #依標示使用,圖1：【樟腦外用時的注意界線】｜圖2：依標示外用，提供局部按摩與暫時舒緩體感｜圖3：僅供外用；避免眼周、黏膜、破皮或傷口。,本產品為外用油膏，請依核准標示使用；若症狀持續或惡化，請諮詢醫師或藥師。,僅供外用；避免眼周、黏膜、破皮或傷口。,根治|治療疾病|消炎治本|打通經絡|一擦就好|保證有效|深層修復|替代藥物
Facebook_LINE227,LINE227,Facebook,2026-09-25,12:00,輕微關節痠痛與疾病治療要分開,D,中,pending_legal_pharmacist_review,false,【輕微關節痠痛與疾病治療要分開】,"【輕微關節痠痛與疾病治療要分開】

40-70 歲注重日常活動舒適度的族群常會遇到這種情境：輕微關節痠痛與疾病治療要分開。

這則貼文要傳達的重點很簡單：一條根外用油膏不是神奇療法，適合放在「輕微關節痠痛可短期舒緩，但不可宣稱治療疾病」這個保守邊界裡溝通。使用時請先看標示，薄擦於需要保養的局部，搭配輕柔按摩即可，不需要追求厚敷或過度刺激。

安全提醒：關節腫痛、紅熱、長期疼痛或行走困難，請就醫評估。

本產品為外用油膏，請依核准標示使用；若症狀持續或惡化，請諮詢醫師或藥師。

CTA：收藏提醒","【輕微關節痠痛與疾病治療要分開】

40-70 歲注重日常活動舒適度的族群常會遇到這種情境：輕微關節痠痛與疾病治療要分開。

這則貼文要傳達的重點很簡單：一條根外用油膏不是神奇療法，適合放在「輕微關節痠痛可短期舒緩，但不可宣稱治療疾病」這個保守邊界裡溝通。使用時請先看標示，薄擦於需要保養的局部，搭配輕柔按摩即可，不需要追求厚敷或過度刺激。

安全提醒：關節腫痛、紅熱、長期疼痛或行走困難，請就醫評估。

本產品為外用油膏，請依核准標示使用；若症狀持續或惡化，請諮詢醫師或藥師。

CTA：收藏提醒",#銀髮保養 #活動舒適 #輕微痠痛 #依標示使用,圖1：【輕微關節痠痛與疾病治療要分開】｜圖2：輕微關節痠痛可短期舒緩，但不可宣稱治療疾病｜圖3：關節腫痛、紅熱、長期疼痛或行走困難，請就醫評估。,本產品為外用油膏，請依核准標示使用；若症狀持續或惡化，請諮詢醫師或藥師。,關節腫痛、紅熱、長期疼痛或行走困難，請就醫評估。,根治|治療疾病|消炎治本|打通經絡|一擦就好|保證有效|深層修復|替代藥物
Facebook_LINE228,LINE228,Facebook,2026-09-25,20:00,不要搭配熱敷墊或電毯,E,高,pending_legal_pharmacist_review,false,【不要搭配熱敷墊或電毯】,"【不要搭配熱敷墊或電毯】

所有使用者、照護者與家庭購買者常會遇到這種情境：不要搭配熱敷墊或電毯。

這則貼文要傳達的重點很簡單：一條根外用油膏不是神奇療法，適合放在「安全使用比用得多更重要，依標示與風險族群提醒」這個保守邊界裡溝通。使用時請先看標示，薄擦於需要保養的局部，搭配輕柔按摩即可，不需要追求厚敷或過度刺激。

安全提醒：2 歲以下、孕哺、過敏體質、抗凝血藥使用者請先詢問專業人員。

僅供外用。避免接觸眼睛、黏膜、破皮或傷口；特殊族群使用前請先諮詢專業人員。

CTA：私訊/了解更多","【不要搭配熱敷墊或電毯】

所有使用者、照護者與家庭購買者常會遇到這種情境：不要搭配熱敷墊或電毯。

這則貼文要傳達的重點很簡單：一條根外用油膏不是神奇療法，適合放在「安全使用比用得多更重要，依標示與風險族群提醒」這個保守邊界裡溝通。使用時請先看標示，薄擦於需要保養的局部，搭配輕柔按摩即可，不需要追求厚敷或過度刺激。

安全提醒：2 歲以下、孕哺、過敏體質、抗凝血藥使用者請先詢問專業人員。

僅供外用。避免接觸眼睛、黏膜、破皮或傷口；特殊族群使用前請先諮詢專業人員。

CTA：私訊/了解更多",#外用安全 #用藥安全 #使用前看標示 #諮詢醫師藥師,圖1：【不要搭配熱敷墊或電毯】｜圖2：安全使用比用得多更重要，依標示與風險族群提醒｜圖3：2 歲以下、孕哺、過敏體質、抗凝血藥使用者請先詢問專業人員。,僅供外用。避免接觸眼睛、黏膜、破皮或傷口；特殊族群使用前請先諮詢專業人員。,2 歲以下、孕哺、過敏體質、抗凝血藥使用者請先詢問專業人員。,根治|治療疾病|消炎治本|打通經絡|一擦就好|保證有效|深層修復|替代藥物
Facebook_LINE229,LINE229,Facebook,2026-09-26,12:00,小暑前後活動舒適提醒,F,低,pending_legal_pharmacist_review,false,【小暑前後活動舒適提醒】,"【小暑前後活動舒適提醒】

喜歡養生、節氣與日常保健的 LINE 讀者常會遇到這種情境：小暑前後活動舒適提醒。

這則貼文要傳達的重點很簡單：一條根外用油膏不是神奇療法，適合放在「以生活保健與身體覺察為主，不做醫療療效宣稱」這個保守邊界裡溝通。使用時請先看標示，薄擦於需要保養的局部，搭配輕柔按摩即可，不需要追求厚敷或過度刺激。

安全提醒：節氣養生屬一般生活資訊，身體不適仍應諮詢專業人員。

本內容為一般生活保健資訊，非醫療診斷或治療建議。

CTA：收藏提醒","【小暑前後活動舒適提醒】

喜歡養生、節氣與日常保健的 LINE 讀者常會遇到這種情境：小暑前後活動舒適提醒。

這則貼文要傳達的重點很簡單：一條根外用油膏不是神奇療法，適合放在「以生活保健與身體覺察為主，不做醫療療效宣稱」這個保守邊界裡溝通。使用時請先看標示，薄擦於需要保養的局部，搭配輕柔按摩即可，不需要追求厚敷或過度刺激。

安全提醒：節氣養生屬一般生活資訊，身體不適仍應諮詢專業人員。

本內容為一般生活保健資訊，非醫療診斷或治療建議。

CTA：收藏提醒",#節氣保養 #生活保健 #日常保養 #身體覺察,圖1：【小暑前後活動舒適提醒】｜圖2：以生活保健與身體覺察為主，不做醫療療效宣稱｜圖3：節氣養生屬一般生活資訊，身體不適仍應諮詢專業人員。,本內容為一般生活保健資訊，非醫療診斷或治療建議。,節氣養生屬一般生活資訊，身體不適仍應諮詢專業人員。,根治|治療疾病|消炎治本|打通經絡|一擦就好|保證有效|深層修復|替代藥物
Facebook_LINE230,LINE230,Facebook,2026-09-26,20:00,爬山後腿部按摩提醒,C,中,pending_legal_pharmacist_review,false,【爬山後腿部按摩提醒】,"【爬山後腿部按摩提醒】

運動族、搬重物、久站與勞動工作者常會遇到這種情境：爬山後腿部按摩提醒。

這則貼文要傳達的重點很簡單：一條根外用油膏不是神奇療法，適合放在「運動或勞動後的局部肌肉痠痛，可短期按摩舒緩」這個保守邊界裡溝通。使用時請先看標示，薄擦於需要保養的局部，搭配輕柔按摩即可，不需要追求厚敷或過度刺激。

安全提醒：明顯腫脹、劇痛、活動受限或疑似受傷時，請先就醫。

本產品為外用油膏，請依核准標示使用；若症狀持續或惡化，請諮詢醫師或藥師。

CTA：私訊/了解更多","【爬山後腿部按摩提醒】

運動族、搬重物、久站與勞動工作者常會遇到這種情境：爬山後腿部按摩提醒。

這則貼文要傳達的重點很簡單：一條根外用油膏不是神奇療法，適合放在「運動或勞動後的局部肌肉痠痛，可短期按摩舒緩」這個保守邊界裡溝通。使用時請先看標示，薄擦於需要保養的局部，搭配輕柔按摩即可，不需要追求厚敷或過度刺激。

安全提醒：明顯腫脹、劇痛、活動受限或疑似受傷時，請先就醫。

本產品為外用油膏，請依核准標示使用；若症狀持續或惡化，請諮詢醫師或藥師。

CTA：私訊/了解更多",#運動後保養 #局部按摩 #肌肉痠痛 #依標示使用,圖1：【爬山後腿部按摩提醒】｜圖2：運動或勞動後的局部肌肉痠痛，可短期按摩舒緩｜圖3：明顯腫脹、劇痛、活動受限或疑似受傷時，請先就醫。,本產品為外用油膏，請依核准標示使用；若症狀持續或惡化，請諮詢醫師或藥師。,明顯腫脹、劇痛、活動受限或疑似受傷時，請先就醫。,根治|治療疾病|消炎治本|打通經絡|一擦就好|保證有效|深層修復|替代藥物
Facebook_LINE231,LINE231,Facebook,2026-09-27,12:00,外用膏一次擦多少才剛好,G,低,pending_legal_pharmacist_review,false,【外用膏一次擦多少才剛好】,"【外用膏一次擦多少才剛好】

LINE OA 好友、回購客與新客常會遇到這種情境：外用膏一次擦多少才剛好。

這則貼文要傳達的重點很簡單：一條根外用油膏不是神奇療法，適合放在「用問答降低誤用，讓使用者知道何時該詢問專業人員」這個保守邊界裡溝通。使用時請先看標示，薄擦於需要保養的局部，搭配輕柔按摩即可，不需要追求厚敷或過度刺激。

安全提醒：互動回答不取代醫師或藥師建議。

本內容為一般生活保健資訊，非醫療診斷或治療建議。

CTA：留言互動","【外用膏一次擦多少才剛好】

LINE OA 好友、回購客與新客常會遇到這種情境：外用膏一次擦多少才剛好。

這則貼文要傳達的重點很簡單：一條根外用油膏不是神奇療法，適合放在「用問答降低誤用，讓使用者知道何時該詢問專業人員」這個保守邊界裡溝通。使用時請先看標示，薄擦於需要保養的局部，搭配輕柔按摩即可，不需要追求厚敷或過度刺激。

安全提醒：互動回答不取代醫師或藥師建議。

本內容為一般生活保健資訊，非醫療診斷或治療建議。

CTA：留言互動",#互動問答 #保養知識 #使用小提醒 #金牌一條根,圖1：【外用膏一次擦多少才剛好】｜圖2：用問答降低誤用，讓使用者知道何時該詢問專業人員｜圖3：互動回答不取代醫師或藥師建議。,本內容為一般生活保健資訊，非醫療診斷或治療建議。,互動回答不取代醫師或藥師建議。,根治|治療疾病|消炎治本|打通經絡|一擦就好|保證有效|深層修復|替代藥物
Facebook_LINE232,LINE232,Facebook,2026-09-27,20:00,散步後的膝周保養,D,中,pending_legal_pharmacist_review,false,【散步後的膝周保養】,"【散步後的膝周保養】

40-70 歲注重日常活動舒適度的族群常會遇到這種情境：散步後的膝周保養。

這則貼文要傳達的重點很簡單：一條根外用油膏不是神奇療法，適合放在「輕微關節痠痛可短期舒緩，但不可宣稱治療疾病」這個保守邊界裡溝通。使用時請先看標示，薄擦於需要保養的局部，搭配輕柔按摩即可，不需要追求厚敷或過度刺激。

安全提醒：關節腫痛、紅熱、長期疼痛或行走困難，請就醫評估。

本產品為外用油膏，請依核准標示使用；若症狀持續或惡化，請諮詢醫師或藥師。

CTA：私訊/了解更多","【散步後的膝周保養】

40-70 歲注重日常活動舒適度的族群常會遇到這種情境：散步後的膝周保養。

這則貼文要傳達的重點很簡單：一條根外用油膏不是神奇療法，適合放在「輕微關節痠痛可短期舒緩，但不可宣稱治療疾病」這個保守邊界裡溝通。使用時請先看標示，薄擦於需要保養的局部，搭配輕柔按摩即可，不需要追求厚敷或過度刺激。

安全提醒：關節腫痛、紅熱、長期疼痛或行走困難，請就醫評估。

本產品為外用油膏，請依核准標示使用；若症狀持續或惡化，請諮詢醫師或藥師。

CTA：私訊/了解更多",#銀髮保養 #活動舒適 #輕微痠痛 #依標示使用,圖1：【散步後的膝周保養】｜圖2：輕微關節痠痛可短期舒緩，但不可宣稱治療疾病｜圖3：關節腫痛、紅熱、長期疼痛或行走困難，請就醫評估。,本產品為外用油膏，請依核准標示使用；若症狀持續或惡化，請諮詢醫師或藥師。,關節腫痛、紅熱、長期疼痛或行走困難，請就醫評估。,根治|治療疾病|消炎治本|打通經絡|一擦就好|保證有效|深層修復|替代藥物
Facebook_LINE233,LINE233,Facebook,2026-09-28,12:00,肩頸按摩不要只靠用力,B,低,pending_legal_pharmacist_review,false,【肩頸按摩不要只靠用力】,"【肩頸按摩不要只靠用力】

長時間低頭、久坐、用電腦的上班族常會遇到這種情境：肩頸按摩不要只靠用力。

這則貼文要傳達的重點很簡單：一條根外用油膏不是神奇療法，適合放在「久坐低頭後，可搭配伸展與局部按摩舒緩緊繃不適」這個保守邊界裡溝通。使用時請先看標示，薄擦於需要保養的局部，搭配輕柔按摩即可，不需要追求厚敷或過度刺激。

安全提醒：若痠痛持續、麻木或影響活動，請諮詢醫師或藥師。

本內容為一般生活保健資訊，非醫療診斷或治療建議。

CTA：收藏提醒","【肩頸按摩不要只靠用力】

長時間低頭、久坐、用電腦的上班族常會遇到這種情境：肩頸按摩不要只靠用力。

這則貼文要傳達的重點很簡單：一條根外用油膏不是神奇療法，適合放在「久坐低頭後，可搭配伸展與局部按摩舒緩緊繃不適」這個保守邊界裡溝通。使用時請先看標示，薄擦於需要保養的局部，搭配輕柔按摩即可，不需要追求厚敷或過度刺激。

安全提醒：若痠痛持續、麻木或影響活動，請諮詢醫師或藥師。

本內容為一般生活保健資訊，非醫療診斷或治療建議。

CTA：收藏提醒",#肩頸保養 #久坐族 #日常舒緩 #依標示使用,圖1：【肩頸按摩不要只靠用力】｜圖2：久坐低頭後，可搭配伸展與局部按摩舒緩緊繃不適｜圖3：若痠痛持續、麻木或影響活動，請諮詢醫師或藥師。,本內容為一般生活保健資訊，非醫療診斷或治療建議。,若痠痛持續、麻木或影響活動，請諮詢醫師或藥師。,根治|治療疾病|消炎治本|打通經絡|一擦就好|保證有效|深層修復|替代藥物
Facebook_LINE234,LINE234,Facebook,2026-09-28,20:00,油膏劑為什麼適合局部按摩,A,中,pending_legal_pharmacist_review,false,【油膏劑為什麼適合局部按摩】,"【油膏劑為什麼適合局部按摩】

已購買或正在觀望的一條根使用者常會遇到這種情境：油膏劑為什麼適合局部按摩。

這則貼文要傳達的重點很簡單：一條根外用油膏不是神奇療法，適合放在「依標示外用，提供局部按摩與暫時舒緩體感」這個保守邊界裡溝通。使用時請先看標示，薄擦於需要保養的局部，搭配輕柔按摩即可，不需要追求厚敷或過度刺激。

安全提醒：僅供外用；避免眼周、黏膜、破皮或傷口。

本產品為外用油膏，請依核准標示使用；若症狀持續或惡化，請諮詢醫師或藥師。

CTA：私訊/了解更多","【油膏劑為什麼適合局部按摩】

已購買或正在觀望的一條根使用者常會遇到這種情境：油膏劑為什麼適合局部按摩。

這則貼文要傳達的重點很簡單：一條根外用油膏不是神奇療法，適合放在「依標示外用，提供局部按摩與暫時舒緩體感」這個保守邊界裡溝通。使用時請先看標示，薄擦於需要保養的局部，搭配輕柔按摩即可，不需要追求厚敷或過度刺激。

安全提醒：僅供外用；避免眼周、黏膜、破皮或傷口。

本產品為外用油膏，請依核准標示使用；若症狀持續或惡化，請諮詢醫師或藥師。

CTA：私訊/了解更多",#金牌一條根 #外用油膏 #成分透明 #依標示使用,圖1：【油膏劑為什麼適合局部按摩】｜圖2：依標示外用，提供局部按摩與暫時舒緩體感｜圖3：僅供外用；避免眼周、黏膜、破皮或傷口。,本產品為外用油膏，請依核准標示使用；若症狀持續或惡化，請諮詢醫師或藥師。,僅供外用；避免眼周、黏膜、破皮或傷口。,根治|治療疾病|消炎治本|打通經絡|一擦就好|保證有效|深層修復|替代藥物
Facebook_LINE235,LINE235,Facebook,2026-09-29,12:00,大暑午後少久站硬撐,F,低,pending_legal_pharmacist_review,false,【大暑午後少久站硬撐】,"【大暑午後少久站硬撐】

喜歡養生、節氣與日常保健的 LINE 讀者常會遇到這種情境：大暑午後少久站硬撐。

這則貼文要傳達的重點很簡單：一條根外用油膏不是神奇療法，適合放在「以生活保健與身體覺察為主，不做醫療療效宣稱」這個保守邊界裡溝通。使用時請先看標示，薄擦於需要保養的局部，搭配輕柔按摩即可，不需要追求厚敷或過度刺激。

安全提醒：節氣養生屬一般生活資訊，身體不適仍應諮詢專業人員。

本內容為一般生活保健資訊，非醫療診斷或治療建議。

CTA：收藏提醒","【大暑午後少久站硬撐】

喜歡養生、節氣與日常保健的 LINE 讀者常會遇到這種情境：大暑午後少久站硬撐。

這則貼文要傳達的重點很簡單：一條根外用油膏不是神奇療法，適合放在「以生活保健與身體覺察為主，不做醫療療效宣稱」這個保守邊界裡溝通。使用時請先看標示，薄擦於需要保養的局部，搭配輕柔按摩即可，不需要追求厚敷或過度刺激。

安全提醒：節氣養生屬一般生活資訊，身體不適仍應諮詢專業人員。

本內容為一般生活保健資訊，非醫療診斷或治療建議。

CTA：收藏提醒",#節氣保養 #生活保健 #日常保養 #身體覺察,圖1：【大暑午後少久站硬撐】｜圖2：以生活保健與身體覺察為主，不做醫療療效宣稱｜圖3：節氣養生屬一般生活資訊，身體不適仍應諮詢專業人員。,本內容為一般生活保健資訊，非醫療診斷或治療建議。,節氣養生屬一般生活資訊，身體不適仍應諮詢專業人員。,根治|治療疾病|消炎治本|打通經絡|一擦就好|保證有效|深層修復|替代藥物
Facebook_LINE236,LINE236,Facebook,2026-09-29,20:00,不要密封包紮或大面積厚敷,E,高,pending_legal_pharmacist_review,false,【不要密封包紮或大面積厚敷】,"【不要密封包紮或大面積厚敷】

所有使用者、照護者與家庭購買者常會遇到這種情境：不要密封包紮或大面積厚敷。

這則貼文要傳達的重點很簡單：一條根外用油膏不是神奇療法，適合放在「安全使用比用得多更重要，依標示與風險族群提醒」這個保守邊界裡溝通。使用時請先看標示，薄擦於需要保養的局部，搭配輕柔按摩即可，不需要追求厚敷或過度刺激。

安全提醒：2 歲以下、孕哺、過敏體質、抗凝血藥使用者請先詢問專業人員。

僅供外用。避免接觸眼睛、黏膜、破皮或傷口；特殊族群使用前請先諮詢專業人員。

CTA：私訊/了解更多","【不要密封包紮或大面積厚敷】

所有使用者、照護者與家庭購買者常會遇到這種情境：不要密封包紮或大面積厚敷。

這則貼文要傳達的重點很簡單：一條根外用油膏不是神奇療法，適合放在「安全使用比用得多更重要，依標示與風險族群提醒」這個保守邊界裡溝通。使用時請先看標示，薄擦於需要保養的局部，搭配輕柔按摩即可，不需要追求厚敷或過度刺激。

安全提醒：2 歲以下、孕哺、過敏體質、抗凝血藥使用者請先詢問專業人員。

僅供外用。避免接觸眼睛、黏膜、破皮或傷口；特殊族群使用前請先諮詢專業人員。

CTA：私訊/了解更多",#外用安全 #用藥安全 #使用前看標示 #諮詢醫師藥師,圖1：【不要密封包紮或大面積厚敷】｜圖2：安全使用比用得多更重要，依標示與風險族群提醒｜圖3：2 歲以下、孕哺、過敏體質、抗凝血藥使用者請先詢問專業人員。,僅供外用。避免接觸眼睛、黏膜、破皮或傷口；特殊族群使用前請先諮詢專業人員。,2 歲以下、孕哺、過敏體質、抗凝血藥使用者請先詢問專業人員。,根治|治療疾病|消炎治本|打通經絡|一擦就好|保證有效|深層修復|替代藥物
Facebook_LINE237,LINE237,Facebook,2026-09-30,12:00,什麼是乙類成藥,H,中,pending_legal_pharmacist_review,false,【什麼是乙類成藥】,"【什麼是乙類成藥】

重視藥證、成分、品質與合法性的消費者常會遇到這種情境：什麼是乙類成藥。

這則貼文要傳達的重點很簡單：一條根外用油膏不是神奇療法，適合放在「強調藥證、標示、保守宣稱與人工審核流程」這個保守邊界裡溝通。使用時請先看標示，薄擦於需要保養的局部，搭配輕柔按摩即可，不需要追求厚敷或過度刺激。

安全提醒：所有廣告文案仍須依主管機關與專業人員審核。

本產品為外用油膏，請依核准標示使用；若症狀持續或惡化，請諮詢醫師或藥師。

CTA：收藏提醒","【什麼是乙類成藥】

重視藥證、成分、品質與合法性的消費者常會遇到這種情境：什麼是乙類成藥。

這則貼文要傳達的重點很簡單：一條根外用油膏不是神奇療法，適合放在「強調藥證、標示、保守宣稱與人工審核流程」這個保守邊界裡溝通。使用時請先看標示，薄擦於需要保養的局部，搭配輕柔按摩即可，不需要追求厚敷或過度刺激。

安全提醒：所有廣告文案仍須依主管機關與專業人員審核。

本產品為外用油膏，請依核准標示使用；若症狀持續或惡化，請諮詢醫師或藥師。

CTA：收藏提醒",#藥證可查 #品牌透明 #合法宣傳 #成分透明,圖1：【什麼是乙類成藥】｜圖2：強調藥證、標示、保守宣稱與人工審核流程｜圖3：所有廣告文案仍須依主管機關與專業人員審核。,本產品為外用油膏，請依核准標示使用；若症狀持續或惡化，請諮詢醫師或藥師。,所有廣告文案仍須依主管機關與專業人員審核。,根治|治療疾病|消炎治本|打通經絡|一擦就好|保證有效|深層修復|替代藥物
Facebook_LINE238,LINE238,Facebook,2026-09-30,20:00,涼感越強越有效嗎,G,低,pending_legal_pharmacist_review,false,【涼感越強越有效嗎】,"【涼感越強越有效嗎】

LINE OA 好友、回購客與新客常會遇到這種情境：涼感越強越有效嗎。

這則貼文要傳達的重點很簡單：一條根外用油膏不是神奇療法，適合放在「用問答降低誤用，讓使用者知道何時該詢問專業人員」這個保守邊界裡溝通。使用時請先看標示，薄擦於需要保養的局部，搭配輕柔按摩即可，不需要追求厚敷或過度刺激。

安全提醒：互動回答不取代醫師或藥師建議。

本內容為一般生活保健資訊，非醫療診斷或治療建議。

CTA：留言互動","【涼感越強越有效嗎】

LINE OA 好友、回購客與新客常會遇到這種情境：涼感越強越有效嗎。

這則貼文要傳達的重點很簡單：一條根外用油膏不是神奇療法，適合放在「用問答降低誤用，讓使用者知道何時該詢問專業人員」這個保守邊界裡溝通。使用時請先看標示，薄擦於需要保養的局部，搭配輕柔按摩即可，不需要追求厚敷或過度刺激。

安全提醒：互動回答不取代醫師或藥師建議。

本內容為一般生活保健資訊，非醫療診斷或治療建議。

CTA：留言互動",#互動問答 #保養知識 #使用小提醒 #金牌一條根,圖1：【涼感越強越有效嗎】｜圖2：用問答降低誤用，讓使用者知道何時該詢問專業人員｜圖3：互動回答不取代醫師或藥師建議。,本內容為一般生活保健資訊，非醫療診斷或治療建議。,互動回答不取代醫師或藥師建議。,根治|治療疾病|消炎治本|打通經絡|一擦就好|保證有效|深層修復|替代藥物
Facebook_LINE239,LINE239,Facebook,2026-10-01,12:00,重訓後肩背局部舒緩,C,中,pending_legal_pharmacist_review,false,【重訓後肩背局部舒緩】,"【重訓後肩背局部舒緩】

運動族、搬重物、久站與勞動工作者常會遇到這種情境：重訓後肩背局部舒緩。

這則貼文要傳達的重點很簡單：一條根外用油膏不是神奇療法，適合放在「運動或勞動後的局部肌肉痠痛，可短期按摩舒緩」這個保守邊界裡溝通。使用時請先看標示，薄擦於需要保養的局部，搭配輕柔按摩即可，不需要追求厚敷或過度刺激。

安全提醒：明顯腫脹、劇痛、活動受限或疑似受傷時，請先就醫。

本產品為外用油膏，請依核准標示使用；若症狀持續或惡化，請諮詢醫師或藥師。

CTA：收藏提醒","【重訓後肩背局部舒緩】

運動族、搬重物、久站與勞動工作者常會遇到這種情境：重訓後肩背局部舒緩。

這則貼文要傳達的重點很簡單：一條根外用油膏不是神奇療法，適合放在「運動或勞動後的局部肌肉痠痛，可短期按摩舒緩」這個保守邊界裡溝通。使用時請先看標示，薄擦於需要保養的局部，搭配輕柔按摩即可，不需要追求厚敷或過度刺激。

安全提醒：明顯腫脹、劇痛、活動受限或疑似受傷時，請先就醫。

本產品為外用油膏，請依核准標示使用；若症狀持續或惡化，請諮詢醫師或藥師。

CTA：收藏提醒",#運動後保養 #局部按摩 #肌肉痠痛 #依標示使用,圖1：【重訓後肩背局部舒緩】｜圖2：運動或勞動後的局部肌肉痠痛，可短期按摩舒緩｜圖3：明顯腫脹、劇痛、活動受限或疑似受傷時，請先就醫。,本產品為外用油膏，請依核准標示使用；若症狀持續或惡化，請諮詢醫師或藥師。,明顯腫脹、劇痛、活動受限或疑似受傷時，請先就醫。,根治|治療疾病|消炎治本|打通經絡|一擦就好|保證有效|深層修復|替代藥物
Facebook_LINE240,LINE240,Facebook,2026-10-01,20:00,乙類成藥與一般保健品差異,A,中,pending_legal_pharmacist_review,false,【乙類成藥與一般保健品差異】,"【乙類成藥與一般保健品差異】

已購買或正在觀望的一條根使用者常會遇到這種情境：乙類成藥與一般保健品差異。

這則貼文要傳達的重點很簡單：一條根外用油膏不是神奇療法，適合放在「依標示外用，提供局部按摩與暫時舒緩體感」這個保守邊界裡溝通。使用時請先看標示，薄擦於需要保養的局部，搭配輕柔按摩即可，不需要追求厚敷或過度刺激。

安全提醒：僅供外用；避免眼周、黏膜、破皮或傷口。

本產品為外用油膏，請依核准標示使用；若症狀持續或惡化，請諮詢醫師或藥師。

CTA：私訊/了解更多","【乙類成藥與一般保健品差異】

已購買或正在觀望的一條根使用者常會遇到這種情境：乙類成藥與一般保健品差異。

這則貼文要傳達的重點很簡單：一條根外用油膏不是神奇療法，適合放在「依標示外用，提供局部按摩與暫時舒緩體感」這個保守邊界裡溝通。使用時請先看標示，薄擦於需要保養的局部，搭配輕柔按摩即可，不需要追求厚敷或過度刺激。

安全提醒：僅供外用；避免眼周、黏膜、破皮或傷口。

本產品為外用油膏，請依核准標示使用；若症狀持續或惡化，請諮詢醫師或藥師。

CTA：私訊/了解更多",#金牌一條根 #外用油膏 #成分透明 #依標示使用,圖1：【乙類成藥與一般保健品差異】｜圖2：依標示外用，提供局部按摩與暫時舒緩體感｜圖3：僅供外用；避免眼周、黏膜、破皮或傷口。,本產品為外用油膏，請依核准標示使用；若症狀持續或惡化，請諮詢醫師或藥師。,僅供外用；避免眼周、黏膜、破皮或傷口。,根治|治療疾病|消炎治本|打通經絡|一擦就好|保證有效|深層修復|替代藥物
Facebook_LINE241,LINE241,Facebook,2026-10-02,12:00,天氣變化時的活動舒適感,D,中,pending_legal_pharmacist_review,false,【天氣變化時的活動舒適感】,"【天氣變化時的活動舒適感】

40-70 歲注重日常活動舒適度的族群常會遇到這種情境：天氣變化時的活動舒適感。

這則貼文要傳達的重點很簡單：一條根外用油膏不是神奇療法，適合放在「輕微關節痠痛可短期舒緩，但不可宣稱治療疾病」這個保守邊界裡溝通。使用時請先看標示，薄擦於需要保養的局部，搭配輕柔按摩即可，不需要追求厚敷或過度刺激。

安全提醒：關節腫痛、紅熱、長期疼痛或行走困難，請就醫評估。

本產品為外用油膏，請依核准標示使用；若症狀持續或惡化，請諮詢醫師或藥師。

CTA：收藏提醒","【天氣變化時的活動舒適感】

40-70 歲注重日常活動舒適度的族群常會遇到這種情境：天氣變化時的活動舒適感。

這則貼文要傳達的重點很簡單：一條根外用油膏不是神奇療法，適合放在「輕微關節痠痛可短期舒緩，但不可宣稱治療疾病」這個保守邊界裡溝通。使用時請先看標示，薄擦於需要保養的局部，搭配輕柔按摩即可，不需要追求厚敷或過度刺激。

安全提醒：關節腫痛、紅熱、長期疼痛或行走困難，請就醫評估。

本產品為外用油膏，請依核准標示使用；若症狀持續或惡化，請諮詢醫師或藥師。

CTA：收藏提醒",#銀髮保養 #活動舒適 #輕微痠痛 #依標示使用,圖1：【天氣變化時的活動舒適感】｜圖2：輕微關節痠痛可短期舒緩，但不可宣稱治療疾病｜圖3：關節腫痛、紅熱、長期疼痛或行走困難，請就醫評估。,本產品為外用油膏，請依核准標示使用；若症狀持續或惡化，請諮詢醫師或藥師。,關節腫痛、紅熱、長期疼痛或行走困難，請就醫評估。,根治|治療疾病|消炎治本|打通經絡|一擦就好|保證有效|深層修復|替代藥物
Facebook_LINE242,LINE242,Facebook,2026-10-02,20:00,水楊酸或阿斯匹靈過敏者注意,E,高,pending_legal_pharmacist_review,false,【水楊酸或阿斯匹靈過敏者注意】,"【水楊酸或阿斯匹靈過敏者注意】

所有使用者、照護者與家庭購買者常會遇到這種情境：水楊酸或阿斯匹靈過敏者注意。

這則貼文要傳達的重點很簡單：一條根外用油膏不是神奇療法，適合放在「安全使用比用得多更重要，依標示與風險族群提醒」這個保守邊界裡溝通。使用時請先看標示，薄擦於需要保養的局部，搭配輕柔按摩即可，不需要追求厚敷或過度刺激。

安全提醒：2 歲以下、孕哺、過敏體質、抗凝血藥使用者請先詢問專業人員。

僅供外用。避免接觸眼睛、黏膜、破皮或傷口；特殊族群使用前請先諮詢專業人員。

CTA：私訊/了解更多","【水楊酸或阿斯匹靈過敏者注意】

所有使用者、照護者與家庭購買者常會遇到這種情境：水楊酸或阿斯匹靈過敏者注意。

這則貼文要傳達的重點很簡單：一條根外用油膏不是神奇療法，適合放在「安全使用比用得多更重要，依標示與風險族群提醒」這個保守邊界裡溝通。使用時請先看標示，薄擦於需要保養的局部，搭配輕柔按摩即可，不需要追求厚敷或過度刺激。

安全提醒：2 歲以下、孕哺、過敏體質、抗凝血藥使用者請先詢問專業人員。

僅供外用。避免接觸眼睛、黏膜、破皮或傷口；特殊族群使用前請先諮詢專業人員。

CTA：私訊/了解更多",#外用安全 #用藥安全 #使用前看標示 #諮詢醫師藥師,圖1：【水楊酸或阿斯匹靈過敏者注意】｜圖2：安全使用比用得多更重要，依標示與風險族群提醒｜圖3：2 歲以下、孕哺、過敏體質、抗凝血藥使用者請先詢問專業人員。,僅供外用。避免接觸眼睛、黏膜、破皮或傷口；特殊族群使用前請先諮詢專業人員。,2 歲以下、孕哺、過敏體質、抗凝血藥使用者請先詢問專業人員。,根治|治療疾病|消炎治本|打通經絡|一擦就好|保證有效|深層修復|替代藥物
Facebook_LINE243,LINE243,Facebook,2026-10-03,12:00,立秋後早晚溫差保養,F,低,pending_legal_pharmacist_review,false,【立秋後早晚溫差保養】,"【立秋後早晚溫差保養】

喜歡養生、節氣與日常保健的 LINE 讀者常會遇到這種情境：立秋後早晚溫差保養。

這則貼文要傳達的重點很簡單：一條根外用油膏不是神奇療法，適合放在「以生活保健與身體覺察為主，不做醫療療效宣稱」這個保守邊界裡溝通。使用時請先看標示，薄擦於需要保養的局部，搭配輕柔按摩即可，不需要追求厚敷或過度刺激。

安全提醒：節氣養生屬一般生活資訊，身體不適仍應諮詢專業人員。

本內容為一般生活保健資訊，非醫療診斷或治療建議。

CTA：收藏提醒","【立秋後早晚溫差保養】

喜歡養生、節氣與日常保健的 LINE 讀者常會遇到這種情境：立秋後早晚溫差保養。

這則貼文要傳達的重點很簡單：一條根外用油膏不是神奇療法，適合放在「以生活保健與身體覺察為主，不做醫療療效宣稱」這個保守邊界裡溝通。使用時請先看標示，薄擦於需要保養的局部，搭配輕柔按摩即可，不需要追求厚敷或過度刺激。

安全提醒：節氣養生屬一般生活資訊，身體不適仍應諮詢專業人員。

本內容為一般生活保健資訊，非醫療診斷或治療建議。

CTA：收藏提醒",#節氣保養 #生活保健 #日常保養 #身體覺察,圖1：【立秋後早晚溫差保養】｜圖2：以生活保健與身體覺察為主，不做醫療療效宣稱｜圖3：節氣養生屬一般生活資訊，身體不適仍應諮詢專業人員。,本內容為一般生活保健資訊，非醫療診斷或治療建議。,節氣養生屬一般生活資訊，身體不適仍應諮詢專業人員。,根治|治療疾病|消炎治本|打通經絡|一擦就好|保證有效|深層修復|替代藥物
Facebook_LINE244,LINE244,Facebook,2026-10-03,20:00,家事後手臂不適保養,C,中,pending_legal_pharmacist_review,false,【家事後手臂不適保養】,"【家事後手臂不適保養】

運動族、搬重物、久站與勞動工作者常會遇到這種情境：家事後手臂不適保養。

這則貼文要傳達的重點很簡單：一條根外用油膏不是神奇療法，適合放在「運動或勞動後的局部肌肉痠痛，可短期按摩舒緩」這個保守邊界裡溝通。使用時請先看標示，薄擦於需要保養的局部，搭配輕柔按摩即可，不需要追求厚敷或過度刺激。

安全提醒：明顯腫脹、劇痛、活動受限或疑似受傷時，請先就醫。

本產品為外用油膏，請依核准標示使用；若症狀持續或惡化，請諮詢醫師或藥師。

CTA：私訊/了解更多","【家事後手臂不適保養】

運動族、搬重物、久站與勞動工作者常會遇到這種情境：家事後手臂不適保養。

這則貼文要傳達的重點很簡單：一條根外用油膏不是神奇療法，適合放在「運動或勞動後的局部肌肉痠痛，可短期按摩舒緩」這個保守邊界裡溝通。使用時請先看標示，薄擦於需要保養的局部，搭配輕柔按摩即可，不需要追求厚敷或過度刺激。

安全提醒：明顯腫脹、劇痛、活動受限或疑似受傷時，請先就醫。

本產品為外用油膏，請依核准標示使用；若症狀持續或惡化，請諮詢醫師或藥師。

CTA：私訊/了解更多",#運動後保養 #局部按摩 #肌肉痠痛 #依標示使用,圖1：【家事後手臂不適保養】｜圖2：運動或勞動後的局部肌肉痠痛，可短期按摩舒緩｜圖3：明顯腫脹、劇痛、活動受限或疑似受傷時，請先就醫。,本產品為外用油膏，請依核准標示使用；若症狀持續或惡化，請諮詢醫師或藥師。,明顯腫脹、劇痛、活動受限或疑似受傷時，請先就醫。,根治|治療疾病|消炎治本|打通經絡|一擦就好|保證有效|深層修復|替代藥物
Facebook_LINE245,LINE245,Facebook,2026-10-04,12:00,你有看過外用產品標示嗎,G,低,pending_legal_pharmacist_review,false,【你有看過外用產品標示嗎】,"【你有看過外用產品標示嗎】

LINE OA 好友、回購客與新客常會遇到這種情境：你有看過外用產品標示嗎。

這則貼文要傳達的重點很簡單：一條根外用油膏不是神奇療法，適合放在「用問答降低誤用，讓使用者知道何時該詢問專業人員」這個保守邊界裡溝通。使用時請先看標示，薄擦於需要保養的局部，搭配輕柔按摩即可，不需要追求厚敷或過度刺激。

安全提醒：互動回答不取代醫師或藥師建議。

本內容為一般生活保健資訊，非醫療診斷或治療建議。

CTA：留言互動","【你有看過外用產品標示嗎】

LINE OA 好友、回購客與新客常會遇到這種情境：你有看過外用產品標示嗎。

這則貼文要傳達的重點很簡單：一條根外用油膏不是神奇療法，適合放在「用問答降低誤用，讓使用者知道何時該詢問專業人員」這個保守邊界裡溝通。使用時請先看標示，薄擦於需要保養的局部，搭配輕柔按摩即可，不需要追求厚敷或過度刺激。

安全提醒：互動回答不取代醫師或藥師建議。

本內容為一般生活保健資訊，非醫療診斷或治療建議。

CTA：留言互動",#互動問答 #保養知識 #使用小提醒 #金牌一條根,圖1：【你有看過外用產品標示嗎】｜圖2：用問答降低誤用，讓使用者知道何時該詢問專業人員｜圖3：互動回答不取代醫師或藥師建議。,本內容為一般生活保健資訊，非醫療診斷或治療建議。,互動回答不取代醫師或藥師建議。,根治|治療疾病|消炎治本|打通經絡|一擦就好|保證有效|深層修復|替代藥物
Facebook_LINE246,LINE246,Facebook,2026-10-04,20:00,長輩按摩力道不要過重,D,中,pending_legal_pharmacist_review,false,【長輩按摩力道不要過重】,"【長輩按摩力道不要過重】

40-70 歲注重日常活動舒適度的族群常會遇到這種情境：長輩按摩力道不要過重。

這則貼文要傳達的重點很簡單：一條根外用油膏不是神奇療法，適合放在「輕微關節痠痛可短期舒緩，但不可宣稱治療疾病」這個保守邊界裡溝通。使用時請先看標示，薄擦於需要保養的局部，搭配輕柔按摩即可，不需要追求厚敷或過度刺激。

安全提醒：關節腫痛、紅熱、長期疼痛或行走困難，請就醫評估。

本產品為外用油膏，請依核准標示使用；若症狀持續或惡化，請諮詢醫師或藥師。

CTA：私訊/了解更多","【長輩按摩力道不要過重】

40-70 歲注重日常活動舒適度的族群常會遇到這種情境：長輩按摩力道不要過重。

這則貼文要傳達的重點很簡單：一條根外用油膏不是神奇療法，適合放在「輕微關節痠痛可短期舒緩，但不可宣稱治療疾病」這個保守邊界裡溝通。使用時請先看標示，薄擦於需要保養的局部，搭配輕柔按摩即可，不需要追求厚敷或過度刺激。

安全提醒：關節腫痛、紅熱、長期疼痛或行走困難，請就醫評估。

本產品為外用油膏，請依核准標示使用；若症狀持續或惡化，請諮詢醫師或藥師。

CTA：私訊/了解更多",#銀髮保養 #活動舒適 #輕微痠痛 #依標示使用,圖1：【長輩按摩力道不要過重】｜圖2：輕微關節痠痛可短期舒緩，但不可宣稱治療疾病｜圖3：關節腫痛、紅熱、長期疼痛或行走困難，請就醫評估。,本產品為外用油膏，請依核准標示使用；若症狀持續或惡化，請諮詢醫師或藥師。,關節腫痛、紅熱、長期疼痛或行走困難，請就醫評估。,根治|治療疾病|消炎治本|打通經絡|一擦就好|保證有效|深層修復|替代藥物
Facebook_LINE247,LINE247,Facebook,2026-10-05,12:00,久坐族晚間舒緩儀式,B,低,pending_legal_pharmacist_review,false,【久坐族晚間舒緩儀式】,"【久坐族晚間舒緩儀式】

長時間低頭、久坐、用電腦的上班族常會遇到這種情境：久坐族晚間舒緩儀式。

這則貼文要傳達的重點很簡單：一條根外用油膏不是神奇療法，適合放在「久坐低頭後，可搭配伸展與局部按摩舒緩緊繃不適」這個保守邊界裡溝通。使用時請先看標示，薄擦於需要保養的局部，搭配輕柔按摩即可，不需要追求厚敷或過度刺激。

安全提醒：若痠痛持續、麻木或影響活動，請諮詢醫師或藥師。

本內容為一般生活保健資訊，非醫療診斷或治療建議。

CTA：收藏提醒","【久坐族晚間舒緩儀式】

長時間低頭、久坐、用電腦的上班族常會遇到這種情境：久坐族晚間舒緩儀式。

這則貼文要傳達的重點很簡單：一條根外用油膏不是神奇療法，適合放在「久坐低頭後，可搭配伸展與局部按摩舒緩緊繃不適」這個保守邊界裡溝通。使用時請先看標示，薄擦於需要保養的局部，搭配輕柔按摩即可，不需要追求厚敷或過度刺激。

安全提醒：若痠痛持續、麻木或影響活動，請諮詢醫師或藥師。

本內容為一般生活保健資訊，非醫療診斷或治療建議。

CTA：收藏提醒",#肩頸保養 #久坐族 #日常舒緩 #依標示使用,圖1：【久坐族晚間舒緩儀式】｜圖2：久坐低頭後，可搭配伸展與局部按摩舒緩緊繃不適｜圖3：若痠痛持續、麻木或影響活動，請諮詢醫師或藥師。,本內容為一般生活保健資訊，非醫療診斷或治療建議。,若痠痛持續、麻木或影響活動，請諮詢醫師或藥師。,根治|治療疾病|消炎治本|打通經絡|一擦就好|保證有效|深層修復|替代藥物
Facebook_LINE248,LINE248,Facebook,2026-10-05,20:00,一條根外用膏的日常定位,A,中,pending_legal_pharmacist_review,false,【一條根外用膏的日常定位】,"【一條根外用膏的日常定位】

已購買或正在觀望的一條根使用者常會遇到這種情境：一條根外用膏的日常定位。

這則貼文要傳達的重點很簡單：一條根外用油膏不是神奇療法，適合放在「依標示外用，提供局部按摩與暫時舒緩體感」這個保守邊界裡溝通。使用時請先看標示，薄擦於需要保養的局部，搭配輕柔按摩即可，不需要追求厚敷或過度刺激。

安全提醒：僅供外用；避免眼周、黏膜、破皮或傷口。

本產品為外用油膏，請依核准標示使用；若症狀持續或惡化，請諮詢醫師或藥師。

CTA：私訊/了解更多","【一條根外用膏的日常定位】

已購買或正在觀望的一條根使用者常會遇到這種情境：一條根外用膏的日常定位。

這則貼文要傳達的重點很簡單：一條根外用油膏不是神奇療法，適合放在「依標示外用，提供局部按摩與暫時舒緩體感」這個保守邊界裡溝通。使用時請先看標示，薄擦於需要保養的局部，搭配輕柔按摩即可，不需要追求厚敷或過度刺激。

安全提醒：僅供外用；避免眼周、黏膜、破皮或傷口。

本產品為外用油膏，請依核准標示使用；若症狀持續或惡化，請諮詢醫師或藥師。

CTA：私訊/了解更多",#金牌一條根 #外用油膏 #成分透明 #依標示使用,圖1：【一條根外用膏的日常定位】｜圖2：依標示外用，提供局部按摩與暫時舒緩體感｜圖3：僅供外用；避免眼周、黏膜、破皮或傷口。,本產品為外用油膏，請依核准標示使用；若症狀持續或惡化，請諮詢醫師或藥師。,僅供外用；避免眼周、黏膜、破皮或傷口。,根治|治療疾病|消炎治本|打通經絡|一擦就好|保證有效|深層修復|替代藥物
Facebook_LINE249,LINE249,Facebook,2026-10-06,12:00,處暑後運動暖身提醒,F,低,pending_legal_pharmacist_review,false,【處暑後運動暖身提醒】,"【處暑後運動暖身提醒】

喜歡養生、節氣與日常保健的 LINE 讀者常會遇到這種情境：處暑後運動暖身提醒。

這則貼文要傳達的重點很簡單：一條根外用油膏不是神奇療法，適合放在「以生活保健與身體覺察為主，不做醫療療效宣稱」這個保守邊界裡溝通。使用時請先看標示，薄擦於需要保養的局部，搭配輕柔按摩即可，不需要追求厚敷或過度刺激。

安全提醒：節氣養生屬一般生活資訊，身體不適仍應諮詢專業人員。

本內容為一般生活保健資訊，非醫療診斷或治療建議。

CTA：收藏提醒","【處暑後運動暖身提醒】

喜歡養生、節氣與日常保健的 LINE 讀者常會遇到這種情境：處暑後運動暖身提醒。

這則貼文要傳達的重點很簡單：一條根外用油膏不是神奇療法，適合放在「以生活保健與身體覺察為主，不做醫療療效宣稱」這個保守邊界裡溝通。使用時請先看標示，薄擦於需要保養的局部，搭配輕柔按摩即可，不需要追求厚敷或過度刺激。

安全提醒：節氣養生屬一般生活資訊，身體不適仍應諮詢專業人員。

本內容為一般生活保健資訊，非醫療診斷或治療建議。

CTA：收藏提醒",#節氣保養 #生活保健 #日常保養 #身體覺察,圖1：【處暑後運動暖身提醒】｜圖2：以生活保健與身體覺察為主，不做醫療療效宣稱｜圖3：節氣養生屬一般生活資訊，身體不適仍應諮詢專業人員。,本內容為一般生活保健資訊，非醫療診斷或治療建議。,節氣養生屬一般生活資訊，身體不適仍應諮詢專業人員。,根治|治療疾病|消炎治本|打通經絡|一擦就好|保證有效|深層修復|替代藥物
Facebook_LINE250,LINE250,Facebook,2026-10-06,20:00,兒童使用前的安全提醒,E,高,pending_legal_pharmacist_review,false,【兒童使用前的安全提醒】,"【兒童使用前的安全提醒】

所有使用者、照護者與家庭購買者常會遇到這種情境：兒童使用前的安全提醒。

這則貼文要傳達的重點很簡單：一條根外用油膏不是神奇療法，適合放在「安全使用比用得多更重要，依標示與風險族群提醒」這個保守邊界裡溝通。使用時請先看標示，薄擦於需要保養的局部，搭配輕柔按摩即可，不需要追求厚敷或過度刺激。

安全提醒：2 歲以下、孕哺、過敏體質、抗凝血藥使用者請先詢問專業人員。

僅供外用。避免接觸眼睛、黏膜、破皮或傷口；特殊族群使用前請先諮詢專業人員。

CTA：私訊/了解更多","【兒童使用前的安全提醒】

所有使用者、照護者與家庭購買者常會遇到這種情境：兒童使用前的安全提醒。

這則貼文要傳達的重點很簡單：一條根外用油膏不是神奇療法，適合放在「安全使用比用得多更重要，依標示與風險族群提醒」這個保守邊界裡溝通。使用時請先看標示，薄擦於需要保養的局部，搭配輕柔按摩即可，不需要追求厚敷或過度刺激。

安全提醒：2 歲以下、孕哺、過敏體質、抗凝血藥使用者請先詢問專業人員。

僅供外用。避免接觸眼睛、黏膜、破皮或傷口；特殊族群使用前請先諮詢專業人員。

CTA：私訊/了解更多",#外用安全 #用藥安全 #使用前看標示 #諮詢醫師藥師,圖1：【兒童使用前的安全提醒】｜圖2：安全使用比用得多更重要，依標示與風險族群提醒｜圖3：2 歲以下、孕哺、過敏體質、抗凝血藥使用者請先詢問專業人員。,僅供外用。避免接觸眼睛、黏膜、破皮或傷口；特殊族群使用前請先諮詢專業人員。,2 歲以下、孕哺、過敏體質、抗凝血藥使用者請先詢問專業人員。,根治|治療疾病|消炎治本|打通經絡|一擦就好|保證有效|深層修復|替代藥物
Facebook_LINE251,LINE251,Facebook,2026-10-07,12:00,官方適應症與社群文案的差異,H,中,pending_legal_pharmacist_review,false,【官方適應症與社群文案的差異】,"【官方適應症與社群文案的差異】

重視藥證、成分、品質與合法性的消費者常會遇到這種情境：官方適應症與社群文案的差異。

這則貼文要傳達的重點很簡單：一條根外用油膏不是神奇療法，適合放在「強調藥證、標示、保守宣稱與人工審核流程」這個保守邊界裡溝通。使用時請先看標示，薄擦於需要保養的局部，搭配輕柔按摩即可，不需要追求厚敷或過度刺激。

安全提醒：所有廣告文案仍須依主管機關與專業人員審核。

本產品為外用油膏，請依核准標示使用；若症狀持續或惡化，請諮詢醫師或藥師。

CTA：收藏提醒","【官方適應症與社群文案的差異】

重視藥證、成分、品質與合法性的消費者常會遇到這種情境：官方適應症與社群文案的差異。

這則貼文要傳達的重點很簡單：一條根外用油膏不是神奇療法，適合放在「強調藥證、標示、保守宣稱與人工審核流程」這個保守邊界裡溝通。使用時請先看標示，薄擦於需要保養的局部，搭配輕柔按摩即可，不需要追求厚敷或過度刺激。

安全提醒：所有廣告文案仍須依主管機關與專業人員審核。

本產品為外用油膏，請依核准標示使用；若症狀持續或惡化，請諮詢醫師或藥師。

CTA：收藏提醒",#藥證可查 #品牌透明 #合法宣傳 #成分透明,圖1：【官方適應症與社群文案的差異】｜圖2：強調藥證、標示、保守宣稱與人工審核流程｜圖3：所有廣告文案仍須依主管機關與專業人員審核。,本產品為外用油膏，請依核准標示使用；若症狀持續或惡化，請諮詢醫師或藥師。,所有廣告文案仍須依主管機關與專業人員審核。,根治|治療疾病|消炎治本|打通經絡|一擦就好|保證有效|深層修復|替代藥物
Facebook_LINE252,LINE252,Facebook,2026-10-07,20:00,久坐族最想舒緩哪裡,G,低,pending_legal_pharmacist_review,false,【久坐族最想舒緩哪裡】,"【久坐族最想舒緩哪裡】

LINE OA 好友、回購客與新客常會遇到這種情境：久坐族最想舒緩哪裡。

這則貼文要傳達的重點很簡單：一條根外用油膏不是神奇療法，適合放在「用問答降低誤用，讓使用者知道何時該詢問專業人員」這個保守邊界裡溝通。使用時請先看標示，薄擦於需要保養的局部，搭配輕柔按摩即可，不需要追求厚敷或過度刺激。

安全提醒：互動回答不取代醫師或藥師建議。

本內容為一般生活保健資訊，非醫療診斷或治療建議。

CTA：留言互動","【久坐族最想舒緩哪裡】

LINE OA 好友、回購客與新客常會遇到這種情境：久坐族最想舒緩哪裡。

這則貼文要傳達的重點很簡單：一條根外用油膏不是神奇療法，適合放在「用問答降低誤用，讓使用者知道何時該詢問專業人員」這個保守邊界裡溝通。使用時請先看標示，薄擦於需要保養的局部，搭配輕柔按摩即可，不需要追求厚敷或過度刺激。

安全提醒：互動回答不取代醫師或藥師建議。

本內容為一般生活保健資訊，非醫療診斷或治療建議。

CTA：留言互動",#互動問答 #保養知識 #使用小提醒 #金牌一條根,圖1：【久坐族最想舒緩哪裡】｜圖2：用問答降低誤用，讓使用者知道何時該詢問專業人員｜圖3：互動回答不取代醫師或藥師建議。,本內容為一般生活保健資訊，非醫療診斷或治療建議。,互動回答不取代醫師或藥師建議。,根治|治療疾病|消炎治本|打通經絡|一擦就好|保證有效|深層修復|替代藥物
Facebook_LINE253,LINE253,Facebook,2026-10-08,12:00,跑步後膝周不適的保守提醒,C,中,pending_legal_pharmacist_review,false,【跑步後膝周不適的保守提醒】,"【跑步後膝周不適的保守提醒】

運動族、搬重物、久站與勞動工作者常會遇到這種情境：跑步後膝周不適的保守提醒。

這則貼文要傳達的重點很簡單：一條根外用油膏不是神奇療法，適合放在「運動或勞動後的局部肌肉痠痛，可短期按摩舒緩」這個保守邊界裡溝通。使用時請先看標示，薄擦於需要保養的局部，搭配輕柔按摩即可，不需要追求厚敷或過度刺激。

安全提醒：明顯腫脹、劇痛、活動受限或疑似受傷時，請先就醫。

本產品為外用油膏，請依核准標示使用；若症狀持續或惡化，請諮詢醫師或藥師。

CTA：收藏提醒","【跑步後膝周不適的保守提醒】

運動族、搬重物、久站與勞動工作者常會遇到這種情境：跑步後膝周不適的保守提醒。

這則貼文要傳達的重點很簡單：一條根外用油膏不是神奇療法，適合放在「運動或勞動後的局部肌肉痠痛，可短期按摩舒緩」這個保守邊界裡溝通。使用時請先看標示，薄擦於需要保養的局部，搭配輕柔按摩即可，不需要追求厚敷或過度刺激。

安全提醒：明顯腫脹、劇痛、活動受限或疑似受傷時，請先就醫。

本產品為外用油膏，請依核准標示使用；若症狀持續或惡化，請諮詢醫師或藥師。

CTA：收藏提醒",#運動後保養 #局部按摩 #肌肉痠痛 #依標示使用,圖1：【跑步後膝周不適的保守提醒】｜圖2：運動或勞動後的局部肌肉痠痛，可短期按摩舒緩｜圖3：明顯腫脹、劇痛、活動受限或疑似受傷時，請先就醫。,本產品為外用油膏，請依核准標示使用；若症狀持續或惡化，請諮詢醫師或藥師。,明顯腫脹、劇痛、活動受限或疑似受傷時，請先就醫。,根治|治療疾病|消炎治本|打通經絡|一擦就好|保證有效|深層修復|替代藥物
Facebook_LINE254,LINE254,Facebook,2026-10-08,20:00,成分濃度為什麼要看標示,A,中,pending_legal_pharmacist_review,false,【成分濃度為什麼要看標示】,"【成分濃度為什麼要看標示】

已購買或正在觀望的一條根使用者常會遇到這種情境：成分濃度為什麼要看標示。

這則貼文要傳達的重點很簡單：一條根外用油膏不是神奇療法，適合放在「依標示外用，提供局部按摩與暫時舒緩體感」這個保守邊界裡溝通。使用時請先看標示，薄擦於需要保養的局部，搭配輕柔按摩即可，不需要追求厚敷或過度刺激。

安全提醒：僅供外用；避免眼周、黏膜、破皮或傷口。

本產品為外用油膏，請依核准標示使用；若症狀持續或惡化，請諮詢醫師或藥師。

CTA：私訊/了解更多","【成分濃度為什麼要看標示】

已購買或正在觀望的一條根使用者常會遇到這種情境：成分濃度為什麼要看標示。

這則貼文要傳達的重點很簡單：一條根外用油膏不是神奇療法，適合放在「依標示外用，提供局部按摩與暫時舒緩體感」這個保守邊界裡溝通。使用時請先看標示，薄擦於需要保養的局部，搭配輕柔按摩即可，不需要追求厚敷或過度刺激。

安全提醒：僅供外用；避免眼周、黏膜、破皮或傷口。

本產品為外用油膏，請依核准標示使用；若症狀持續或惡化，請諮詢醫師或藥師。

CTA：私訊/了解更多",#金牌一條根 #外用油膏 #成分透明 #依標示使用,圖1：【成分濃度為什麼要看標示】｜圖2：依標示外用，提供局部按摩與暫時舒緩體感｜圖3：僅供外用；避免眼周、黏膜、破皮或傷口。,本產品為外用油膏，請依核准標示使用；若症狀持續或惡化，請諮詢醫師或藥師。,僅供外用；避免眼周、黏膜、破皮或傷口。,根治|治療疾病|消炎治本|打通經絡|一擦就好|保證有效|深層修復|替代藥物
Facebook_LINE255,LINE255,Facebook,2026-10-09,12:00,照顧爸媽時的外用提醒,D,中,pending_legal_pharmacist_review,false,【照顧爸媽時的外用提醒】,"【照顧爸媽時的外用提醒】

40-70 歲注重日常活動舒適度的族群常會遇到這種情境：照顧爸媽時的外用提醒。

這則貼文要傳達的重點很簡單：一條根外用油膏不是神奇療法，適合放在「輕微關節痠痛可短期舒緩，但不可宣稱治療疾病」這個保守邊界裡溝通。使用時請先看標示，薄擦於需要保養的局部，搭配輕柔按摩即可，不需要追求厚敷或過度刺激。

安全提醒：關節腫痛、紅熱、長期疼痛或行走困難，請就醫評估。

本產品為外用油膏，請依核准標示使用；若症狀持續或惡化，請諮詢醫師或藥師。

CTA：收藏提醒","【照顧爸媽時的外用提醒】

40-70 歲注重日常活動舒適度的族群常會遇到這種情境：照顧爸媽時的外用提醒。

這則貼文要傳達的重點很簡單：一條根外用油膏不是神奇療法，適合放在「輕微關節痠痛可短期舒緩，但不可宣稱治療疾病」這個保守邊界裡溝通。使用時請先看標示，薄擦於需要保養的局部，搭配輕柔按摩即可，不需要追求厚敷或過度刺激。

安全提醒：關節腫痛、紅熱、長期疼痛或行走困難，請就醫評估。

本產品為外用油膏，請依核准標示使用；若症狀持續或惡化，請諮詢醫師或藥師。

CTA：收藏提醒",#銀髮保養 #活動舒適 #輕微痠痛 #依標示使用,圖1：【照顧爸媽時的外用提醒】｜圖2：輕微關節痠痛可短期舒緩，但不可宣稱治療疾病｜圖3：關節腫痛、紅熱、長期疼痛或行走困難，請就醫評估。,本產品為外用油膏，請依核准標示使用；若症狀持續或惡化，請諮詢醫師或藥師。,關節腫痛、紅熱、長期疼痛或行走困難，請就醫評估。,根治|治療疾病|消炎治本|打通經絡|一擦就好|保證有效|深層修復|替代藥物
Facebook_LINE256,LINE256,Facebook,2026-10-09,20:00,孕婦與哺乳族群先詢問專業人員,E,高,pending_legal_pharmacist_review,false,【孕婦與哺乳族群先詢問專業人員】,"【孕婦與哺乳族群先詢問專業人員】

所有使用者、照護者與家庭購買者常會遇到這種情境：孕婦與哺乳族群先詢問專業人員。

這則貼文要傳達的重點很簡單：一條根外用油膏不是神奇療法，適合放在「安全使用比用得多更重要，依標示與風險族群提醒」這個保守邊界裡溝通。使用時請先看標示，薄擦於需要保養的局部，搭配輕柔按摩即可，不需要追求厚敷或過度刺激。

安全提醒：2 歲以下、孕哺、過敏體質、抗凝血藥使用者請先詢問專業人員。

僅供外用。避免接觸眼睛、黏膜、破皮或傷口；特殊族群使用前請先諮詢專業人員。

CTA：私訊/了解更多","【孕婦與哺乳族群先詢問專業人員】

所有使用者、照護者與家庭購買者常會遇到這種情境：孕婦與哺乳族群先詢問專業人員。

這則貼文要傳達的重點很簡單：一條根外用油膏不是神奇療法，適合放在「安全使用比用得多更重要，依標示與風險族群提醒」這個保守邊界裡溝通。使用時請先看標示，薄擦於需要保養的局部，搭配輕柔按摩即可，不需要追求厚敷或過度刺激。

安全提醒：2 歲以下、孕哺、過敏體質、抗凝血藥使用者請先詢問專業人員。

僅供外用。避免接觸眼睛、黏膜、破皮或傷口；特殊族群使用前請先諮詢專業人員。

CTA：私訊/了解更多",#外用安全 #用藥安全 #使用前看標示 #諮詢醫師藥師,圖1：【孕婦與哺乳族群先詢問專業人員】｜圖2：安全使用比用得多更重要，依標示與風險族群提醒｜圖3：2 歲以下、孕哺、過敏體質、抗凝血藥使用者請先詢問專業人員。,僅供外用。避免接觸眼睛、黏膜、破皮或傷口；特殊族群使用前請先諮詢專業人員。,2 歲以下、孕哺、過敏體質、抗凝血藥使用者請先詢問專業人員。,根治|治療疾病|消炎治本|打通經絡|一擦就好|保證有效|深層修復|替代藥物
Facebook_LINE257,LINE257,Facebook,2026-10-10,12:00,白露時節關心長輩活動,F,低,pending_legal_pharmacist_review,false,【白露時節關心長輩活動】,"【白露時節關心長輩活動】

喜歡養生、節氣與日常保健的 LINE 讀者常會遇到這種情境：白露時節關心長輩活動。

這則貼文要傳達的重點很簡單：一條根外用油膏不是神奇療法，適合放在「以生活保健與身體覺察為主，不做醫療療效宣稱」這個保守邊界裡溝通。使用時請先看標示，薄擦於需要保養的局部，搭配輕柔按摩即可，不需要追求厚敷或過度刺激。

安全提醒：節氣養生屬一般生活資訊，身體不適仍應諮詢專業人員。

本內容為一般生活保健資訊，非醫療診斷或治療建議。

CTA：收藏提醒","【白露時節關心長輩活動】

喜歡養生、節氣與日常保健的 LINE 讀者常會遇到這種情境：白露時節關心長輩活動。

這則貼文要傳達的重點很簡單：一條根外用油膏不是神奇療法，適合放在「以生活保健與身體覺察為主，不做醫療療效宣稱」這個保守邊界裡溝通。使用時請先看標示，薄擦於需要保養的局部，搭配輕柔按摩即可，不需要追求厚敷或過度刺激。

安全提醒：節氣養生屬一般生活資訊，身體不適仍應諮詢專業人員。

本內容為一般生活保健資訊，非醫療診斷或治療建議。

CTA：收藏提醒",#節氣保養 #生活保健 #日常保養 #身體覺察,圖1：【白露時節關心長輩活動】｜圖2：以生活保健與身體覺察為主，不做醫療療效宣稱｜圖3：節氣養生屬一般生活資訊，身體不適仍應諮詢專業人員。,本內容為一般生活保健資訊，非醫療診斷或治療建議。,節氣養生屬一般生活資訊，身體不適仍應諮詢專業人員。,根治|治療疾病|消炎治本|打通經絡|一擦就好|保證有效|深層修復|替代藥物
Facebook_LINE258,LINE258,Facebook,2026-10-10,20:00,勞動後先休息再按摩,C,中,pending_legal_pharmacist_review,false,【勞動後先休息再按摩】,"【勞動後先休息再按摩】

運動族、搬重物、久站與勞動工作者常會遇到這種情境：勞動後先休息再按摩。

這則貼文要傳達的重點很簡單：一條根外用油膏不是神奇療法，適合放在「運動或勞動後的局部肌肉痠痛，可短期按摩舒緩」這個保守邊界裡溝通。使用時請先看標示，薄擦於需要保養的局部，搭配輕柔按摩即可，不需要追求厚敷或過度刺激。

安全提醒：明顯腫脹、劇痛、活動受限或疑似受傷時，請先就醫。

本產品為外用油膏，請依核准標示使用；若症狀持續或惡化，請諮詢醫師或藥師。

CTA：私訊/了解更多","【勞動後先休息再按摩】

運動族、搬重物、久站與勞動工作者常會遇到這種情境：勞動後先休息再按摩。

這則貼文要傳達的重點很簡單：一條根外用油膏不是神奇療法，適合放在「運動或勞動後的局部肌肉痠痛，可短期按摩舒緩」這個保守邊界裡溝通。使用時請先看標示，薄擦於需要保養的局部，搭配輕柔按摩即可，不需要追求厚敷或過度刺激。

安全提醒：明顯腫脹、劇痛、活動受限或疑似受傷時，請先就醫。

本產品為外用油膏，請依核准標示使用；若症狀持續或惡化，請諮詢醫師或藥師。

CTA：私訊/了解更多",#運動後保養 #局部按摩 #肌肉痠痛 #依標示使用,圖1：【勞動後先休息再按摩】｜圖2：運動或勞動後的局部肌肉痠痛，可短期按摩舒緩｜圖3：明顯腫脹、劇痛、活動受限或疑似受傷時，請先就醫。,本產品為外用油膏，請依核准標示使用；若症狀持續或惡化，請諮詢醫師或藥師。,明顯腫脹、劇痛、活動受限或疑似受傷時，請先就醫。,根治|治療疾病|消炎治本|打通經絡|一擦就好|保證有效|深層修復|替代藥物
Facebook_LINE259,LINE259,Facebook,2026-10-11,12:00,長輩使用外用膏你會提醒什麼,G,低,pending_legal_pharmacist_review,false,【長輩使用外用膏你會提醒什麼】,"【長輩使用外用膏你會提醒什麼】

LINE OA 好友、回購客與新客常會遇到這種情境：長輩使用外用膏你會提醒什麼。

這則貼文要傳達的重點很簡單：一條根外用油膏不是神奇療法，適合放在「用問答降低誤用，讓使用者知道何時該詢問專業人員」這個保守邊界裡溝通。使用時請先看標示，薄擦於需要保養的局部，搭配輕柔按摩即可，不需要追求厚敷或過度刺激。

安全提醒：互動回答不取代醫師或藥師建議。

本內容為一般生活保健資訊，非醫療診斷或治療建議。

CTA：留言互動","【長輩使用外用膏你會提醒什麼】

LINE OA 好友、回購客與新客常會遇到這種情境：長輩使用外用膏你會提醒什麼。

這則貼文要傳達的重點很簡單：一條根外用油膏不是神奇療法，適合放在「用問答降低誤用，讓使用者知道何時該詢問專業人員」這個保守邊界裡溝通。使用時請先看標示，薄擦於需要保養的局部，搭配輕柔按摩即可，不需要追求厚敷或過度刺激。

安全提醒：互動回答不取代醫師或藥師建議。

本內容為一般生活保健資訊，非醫療診斷或治療建議。

CTA：留言互動",#互動問答 #保養知識 #使用小提醒 #金牌一條根,圖1：【長輩使用外用膏你會提醒什麼】｜圖2：用問答降低誤用，讓使用者知道何時該詢問專業人員｜圖3：互動回答不取代醫師或藥師建議。,本內容為一般生活保健資訊，非醫療診斷或治療建議。,互動回答不取代醫師或藥師建議。,根治|治療疾病|消炎治本|打通經絡|一擦就好|保證有效|深層修復|替代藥物
Facebook_LINE260,LINE260,Facebook,2026-10-11,20:00,日常活動舒適度的三個習慣,D,中,pending_legal_pharmacist_review,false,【日常活動舒適度的三個習慣】,"【日常活動舒適度的三個習慣】

40-70 歲注重日常活動舒適度的族群常會遇到這種情境：日常活動舒適度的三個習慣。

這則貼文要傳達的重點很簡單：一條根外用油膏不是神奇療法，適合放在「輕微關節痠痛可短期舒緩，但不可宣稱治療疾病」這個保守邊界裡溝通。使用時請先看標示，薄擦於需要保養的局部，搭配輕柔按摩即可，不需要追求厚敷或過度刺激。

安全提醒：關節腫痛、紅熱、長期疼痛或行走困難，請就醫評估。

本產品為外用油膏，請依核准標示使用；若症狀持續或惡化，請諮詢醫師或藥師。

CTA：私訊/了解更多","【日常活動舒適度的三個習慣】

40-70 歲注重日常活動舒適度的族群常會遇到這種情境：日常活動舒適度的三個習慣。

這則貼文要傳達的重點很簡單：一條根外用油膏不是神奇療法，適合放在「輕微關節痠痛可短期舒緩，但不可宣稱治療疾病」這個保守邊界裡溝通。使用時請先看標示，薄擦於需要保養的局部，搭配輕柔按摩即可，不需要追求厚敷或過度刺激。

安全提醒：關節腫痛、紅熱、長期疼痛或行走困難，請就醫評估。

本產品為外用油膏，請依核准標示使用；若症狀持續或惡化，請諮詢醫師或藥師。

CTA：私訊/了解更多",#銀髮保養 #活動舒適 #輕微痠痛 #依標示使用,圖1：【日常活動舒適度的三個習慣】｜圖2：輕微關節痠痛可短期舒緩，但不可宣稱治療疾病｜圖3：關節腫痛、紅熱、長期疼痛或行走困難，請就醫評估。,本產品為外用油膏，請依核准標示使用；若症狀持續或惡化，請諮詢醫師或藥師。,關節腫痛、紅熱、長期疼痛或行走困難，請就醫評估。,根治|治療疾病|消炎治本|打通經絡|一擦就好|保證有效|深層修復|替代藥物
Facebook_LINE261,LINE261,Facebook,2026-10-12,12:00,背包太重後的肩膀保養,B,低,pending_legal_pharmacist_review,false,【背包太重後的肩膀保養】,"【背包太重後的肩膀保養】

長時間低頭、久坐、用電腦的上班族常會遇到這種情境：背包太重後的肩膀保養。

這則貼文要傳達的重點很簡單：一條根外用油膏不是神奇療法，適合放在「久坐低頭後，可搭配伸展與局部按摩舒緩緊繃不適」這個保守邊界裡溝通。使用時請先看標示，薄擦於需要保養的局部，搭配輕柔按摩即可，不需要追求厚敷或過度刺激。

安全提醒：若痠痛持續、麻木或影響活動，請諮詢醫師或藥師。

本內容為一般生活保健資訊，非醫療診斷或治療建議。

CTA：收藏提醒","【背包太重後的肩膀保養】

長時間低頭、久坐、用電腦的上班族常會遇到這種情境：背包太重後的肩膀保養。

這則貼文要傳達的重點很簡單：一條根外用油膏不是神奇療法，適合放在「久坐低頭後，可搭配伸展與局部按摩舒緩緊繃不適」這個保守邊界裡溝通。使用時請先看標示，薄擦於需要保養的局部，搭配輕柔按摩即可，不需要追求厚敷或過度刺激。

安全提醒：若痠痛持續、麻木或影響活動，請諮詢醫師或藥師。

本內容為一般生活保健資訊，非醫療診斷或治療建議。

CTA：收藏提醒",#肩頸保養 #久坐族 #日常舒緩 #依標示使用,圖1：【背包太重後的肩膀保養】｜圖2：久坐低頭後，可搭配伸展與局部按摩舒緩緊繃不適｜圖3：若痠痛持續、麻木或影響活動，請諮詢醫師或藥師。,本內容為一般生活保健資訊，非醫療診斷或治療建議。,若痠痛持續、麻木或影響活動，請諮詢醫師或藥師。,根治|治療疾病|消炎治本|打通經絡|一擦就好|保證有效|深層修復|替代藥物
Facebook_LINE262,LINE262,Facebook,2026-10-12,20:00,局部按摩和大面積厚敷的差別,A,中,pending_legal_pharmacist_review,false,【局部按摩和大面積厚敷的差別】,"【局部按摩和大面積厚敷的差別】

已購買或正在觀望的一條根使用者常會遇到這種情境：局部按摩和大面積厚敷的差別。

這則貼文要傳達的重點很簡單：一條根外用油膏不是神奇療法，適合放在「依標示外用，提供局部按摩與暫時舒緩體感」這個保守邊界裡溝通。使用時請先看標示，薄擦於需要保養的局部，搭配輕柔按摩即可，不需要追求厚敷或過度刺激。

安全提醒：僅供外用；避免眼周、黏膜、破皮或傷口。

本產品為外用油膏，請依核准標示使用；若症狀持續或惡化，請諮詢醫師或藥師。

CTA：私訊/了解更多","【局部按摩和大面積厚敷的差別】

已購買或正在觀望的一條根使用者常會遇到這種情境：局部按摩和大面積厚敷的差別。

這則貼文要傳達的重點很簡單：一條根外用油膏不是神奇療法，適合放在「依標示外用，提供局部按摩與暫時舒緩體感」這個保守邊界裡溝通。使用時請先看標示，薄擦於需要保養的局部，搭配輕柔按摩即可，不需要追求厚敷或過度刺激。

安全提醒：僅供外用；避免眼周、黏膜、破皮或傷口。

本產品為外用油膏，請依核准標示使用；若症狀持續或惡化，請諮詢醫師或藥師。

CTA：私訊/了解更多",#金牌一條根 #外用油膏 #成分透明 #依標示使用,圖1：【局部按摩和大面積厚敷的差別】｜圖2：依標示外用，提供局部按摩與暫時舒緩體感｜圖3：僅供外用；避免眼周、黏膜、破皮或傷口。,本產品為外用油膏，請依核准標示使用；若症狀持續或惡化，請諮詢醫師或藥師。,僅供外用；避免眼周、黏膜、破皮或傷口。,根治|治療疾病|消炎治本|打通經絡|一擦就好|保證有效|深層修復|替代藥物
Facebook_LINE263,LINE263,Facebook,2026-10-13,12:00,秋分後外出前暖身,F,低,pending_legal_pharmacist_review,false,【秋分後外出前暖身】,"【秋分後外出前暖身】

喜歡養生、節氣與日常保健的 LINE 讀者常會遇到這種情境：秋分後外出前暖身。

這則貼文要傳達的重點很簡單：一條根外用油膏不是神奇療法，適合放在「以生活保健與身體覺察為主，不做醫療療效宣稱」這個保守邊界裡溝通。使用時請先看標示，薄擦於需要保養的局部，搭配輕柔按摩即可，不需要追求厚敷或過度刺激。

安全提醒：節氣養生屬一般生活資訊，身體不適仍應諮詢專業人員。

本內容為一般生活保健資訊，非醫療診斷或治療建議。

CTA：收藏提醒","【秋分後外出前暖身】

喜歡養生、節氣與日常保健的 LINE 讀者常會遇到這種情境：秋分後外出前暖身。

這則貼文要傳達的重點很簡單：一條根外用油膏不是神奇療法，適合放在「以生活保健與身體覺察為主，不做醫療療效宣稱」這個保守邊界裡溝通。使用時請先看標示，薄擦於需要保養的局部，搭配輕柔按摩即可，不需要追求厚敷或過度刺激。

安全提醒：節氣養生屬一般生活資訊，身體不適仍應諮詢專業人員。

本內容為一般生活保健資訊，非醫療診斷或治療建議。

CTA：收藏提醒",#節氣保養 #生活保健 #日常保養 #身體覺察,圖1：【秋分後外出前暖身】｜圖2：以生活保健與身體覺察為主，不做醫療療效宣稱｜圖3：節氣養生屬一般生活資訊，身體不適仍應諮詢專業人員。,本內容為一般生活保健資訊，非醫療診斷或治療建議。,節氣養生屬一般生活資訊，身體不適仍應諮詢專業人員。,根治|治療疾病|消炎治本|打通經絡|一擦就好|保證有效|深層修復|替代藥物
Facebook_LINE264,LINE264,Facebook,2026-10-13,20:00,症狀超過七天要停用並諮詢,E,高,pending_legal_pharmacist_review,false,【症狀超過七天要停用並諮詢】,"【症狀超過七天要停用並諮詢】

所有使用者、照護者與家庭購買者常會遇到這種情境：症狀超過七天要停用並諮詢。

這則貼文要傳達的重點很簡單：一條根外用油膏不是神奇療法，適合放在「安全使用比用得多更重要，依標示與風險族群提醒」這個保守邊界裡溝通。使用時請先看標示，薄擦於需要保養的局部，搭配輕柔按摩即可，不需要追求厚敷或過度刺激。

安全提醒：2 歲以下、孕哺、過敏體質、抗凝血藥使用者請先詢問專業人員。

僅供外用。避免接觸眼睛、黏膜、破皮或傷口；特殊族群使用前請先諮詢專業人員。

CTA：私訊/了解更多","【症狀超過七天要停用並諮詢】

所有使用者、照護者與家庭購買者常會遇到這種情境：症狀超過七天要停用並諮詢。

這則貼文要傳達的重點很簡單：一條根外用油膏不是神奇療法，適合放在「安全使用比用得多更重要，依標示與風險族群提醒」這個保守邊界裡溝通。使用時請先看標示，薄擦於需要保養的局部，搭配輕柔按摩即可，不需要追求厚敷或過度刺激。

安全提醒：2 歲以下、孕哺、過敏體質、抗凝血藥使用者請先詢問專業人員。

僅供外用。避免接觸眼睛、黏膜、破皮或傷口；特殊族群使用前請先諮詢專業人員。

CTA：私訊/了解更多",#外用安全 #用藥安全 #使用前看標示 #諮詢醫師藥師,圖1：【症狀超過七天要停用並諮詢】｜圖2：安全使用比用得多更重要，依標示與風險族群提醒｜圖3：2 歲以下、孕哺、過敏體質、抗凝血藥使用者請先詢問專業人員。,僅供外用。避免接觸眼睛、黏膜、破皮或傷口；特殊族群使用前請先諮詢專業人員。,2 歲以下、孕哺、過敏體質、抗凝血藥使用者請先詢問專業人員。,根治|治療疾病|消炎治本|打通經絡|一擦就好|保證有效|深層修復|替代藥物
Facebook_LINE265,LINE265,Facebook,2026-10-14,12:00,為什麼不鼓勵擦傷口,H,中,pending_legal_pharmacist_review,false,【為什麼不鼓勵擦傷口】,"【為什麼不鼓勵擦傷口】

重視藥證、成分、品質與合法性的消費者常會遇到這種情境：為什麼不鼓勵擦傷口。

這則貼文要傳達的重點很簡單：一條根外用油膏不是神奇療法，適合放在「強調藥證、標示、保守宣稱與人工審核流程」這個保守邊界裡溝通。使用時請先看標示，薄擦於需要保養的局部，搭配輕柔按摩即可，不需要追求厚敷或過度刺激。

安全提醒：所有廣告文案仍須依主管機關與專業人員審核。

本產品為外用油膏，請依核准標示使用；若症狀持續或惡化，請諮詢醫師或藥師。

CTA：收藏提醒","【為什麼不鼓勵擦傷口】

重視藥證、成分、品質與合法性的消費者常會遇到這種情境：為什麼不鼓勵擦傷口。

這則貼文要傳達的重點很簡單：一條根外用油膏不是神奇療法，適合放在「強調藥證、標示、保守宣稱與人工審核流程」這個保守邊界裡溝通。使用時請先看標示，薄擦於需要保養的局部，搭配輕柔按摩即可，不需要追求厚敷或過度刺激。

安全提醒：所有廣告文案仍須依主管機關與專業人員審核。

本產品為外用油膏，請依核准標示使用；若症狀持續或惡化，請諮詢醫師或藥師。

CTA：收藏提醒",#藥證可查 #品牌透明 #合法宣傳 #成分透明,圖1：【為什麼不鼓勵擦傷口】｜圖2：強調藥證、標示、保守宣稱與人工審核流程｜圖3：所有廣告文案仍須依主管機關與專業人員審核。,本產品為外用油膏，請依核准標示使用；若症狀持續或惡化，請諮詢醫師或藥師。,所有廣告文案仍須依主管機關與專業人員審核。,根治|治療疾病|消炎治本|打通經絡|一擦就好|保證有效|深層修復|替代藥物
Facebook_LINE266,LINE266,Facebook,2026-10-14,20:00,一條根可以天天厚敷嗎,G,低,pending_legal_pharmacist_review,false,【一條根可以天天厚敷嗎】,"【一條根可以天天厚敷嗎】

LINE OA 好友、回購客與新客常會遇到這種情境：一條根可以天天厚敷嗎。

這則貼文要傳達的重點很簡單：一條根外用油膏不是神奇療法，適合放在「用問答降低誤用，讓使用者知道何時該詢問專業人員」這個保守邊界裡溝通。使用時請先看標示，薄擦於需要保養的局部，搭配輕柔按摩即可，不需要追求厚敷或過度刺激。

安全提醒：互動回答不取代醫師或藥師建議。

本內容為一般生活保健資訊，非醫療診斷或治療建議。

CTA：留言互動","【一條根可以天天厚敷嗎】

LINE OA 好友、回購客與新客常會遇到這種情境：一條根可以天天厚敷嗎。

這則貼文要傳達的重點很簡單：一條根外用油膏不是神奇療法，適合放在「用問答降低誤用，讓使用者知道何時該詢問專業人員」這個保守邊界裡溝通。使用時請先看標示，薄擦於需要保養的局部，搭配輕柔按摩即可，不需要追求厚敷或過度刺激。

安全提醒：互動回答不取代醫師或藥師建議。

本內容為一般生活保健資訊，非醫療診斷或治療建議。

CTA：留言互動",#互動問答 #保養知識 #使用小提醒 #金牌一條根,圖1：【一條根可以天天厚敷嗎】｜圖2：用問答降低誤用，讓使用者知道何時該詢問專業人員｜圖3：互動回答不取代醫師或藥師建議。,本內容為一般生活保健資訊，非醫療診斷或治療建議。,互動回答不取代醫師或藥師建議。,根治|治療疾病|消炎治本|打通經絡|一擦就好|保證有效|深層修復|替代藥物
Facebook_LINE267,LINE267,Facebook,2026-10-15,12:00,運動後不要立刻熱敷加藥膏,C,中,pending_legal_pharmacist_review,false,【運動後不要立刻熱敷加藥膏】,"【運動後不要立刻熱敷加藥膏】

運動族、搬重物、久站與勞動工作者常會遇到這種情境：運動後不要立刻熱敷加藥膏。

這則貼文要傳達的重點很簡單：一條根外用油膏不是神奇療法，適合放在「運動或勞動後的局部肌肉痠痛，可短期按摩舒緩」這個保守邊界裡溝通。使用時請先看標示，薄擦於需要保養的局部，搭配輕柔按摩即可，不需要追求厚敷或過度刺激。

安全提醒：明顯腫脹、劇痛、活動受限或疑似受傷時，請先就醫。

本產品為外用油膏，請依核准標示使用；若症狀持續或惡化，請諮詢醫師或藥師。

CTA：收藏提醒","【運動後不要立刻熱敷加藥膏】

運動族、搬重物、久站與勞動工作者常會遇到這種情境：運動後不要立刻熱敷加藥膏。

這則貼文要傳達的重點很簡單：一條根外用油膏不是神奇療法，適合放在「運動或勞動後的局部肌肉痠痛，可短期按摩舒緩」這個保守邊界裡溝通。使用時請先看標示，薄擦於需要保養的局部，搭配輕柔按摩即可，不需要追求厚敷或過度刺激。

安全提醒：明顯腫脹、劇痛、活動受限或疑似受傷時，請先就醫。

本產品為外用油膏，請依核准標示使用；若症狀持續或惡化，請諮詢醫師或藥師。

CTA：收藏提醒",#運動後保養 #局部按摩 #肌肉痠痛 #依標示使用,圖1：【運動後不要立刻熱敷加藥膏】｜圖2：運動或勞動後的局部肌肉痠痛，可短期按摩舒緩｜圖3：明顯腫脹、劇痛、活動受限或疑似受傷時，請先就醫。,本產品為外用油膏，請依核准標示使用；若症狀持續或惡化，請諮詢醫師或藥師。,明顯腫脹、劇痛、活動受限或疑似受傷時，請先就醫。,根治|治療疾病|消炎治本|打通經絡|一擦就好|保證有效|深層修復|替代藥物
Facebook_LINE268,LINE268,Facebook,2026-10-15,20:00,使用前先小範圍測試,A,中,pending_legal_pharmacist_review,false,【使用前先小範圍測試】,"【使用前先小範圍測試】

已購買或正在觀望的一條根使用者常會遇到這種情境：使用前先小範圍測試。

這則貼文要傳達的重點很簡單：一條根外用油膏不是神奇療法，適合放在「依標示外用，提供局部按摩與暫時舒緩體感」這個保守邊界裡溝通。使用時請先看標示，薄擦於需要保養的局部，搭配輕柔按摩即可，不需要追求厚敷或過度刺激。

安全提醒：僅供外用；避免眼周、黏膜、破皮或傷口。

本產品為外用油膏，請依核准標示使用；若症狀持續或惡化，請諮詢醫師或藥師。

CTA：私訊/了解更多","【使用前先小範圍測試】

已購買或正在觀望的一條根使用者常會遇到這種情境：使用前先小範圍測試。

這則貼文要傳達的重點很簡單：一條根外用油膏不是神奇療法，適合放在「依標示外用，提供局部按摩與暫時舒緩體感」這個保守邊界裡溝通。使用時請先看標示，薄擦於需要保養的局部，搭配輕柔按摩即可，不需要追求厚敷或過度刺激。

安全提醒：僅供外用；避免眼周、黏膜、破皮或傷口。

本產品為外用油膏，請依核准標示使用；若症狀持續或惡化，請諮詢醫師或藥師。

CTA：私訊/了解更多",#金牌一條根 #外用油膏 #成分透明 #依標示使用,圖1：【使用前先小範圍測試】｜圖2：依標示外用，提供局部按摩與暫時舒緩體感｜圖3：僅供外用；避免眼周、黏膜、破皮或傷口。,本產品為外用油膏，請依核准標示使用；若症狀持續或惡化，請諮詢醫師或藥師。,僅供外用；避免眼周、黏膜、破皮或傷口。,根治|治療疾病|消炎治本|打通經絡|一擦就好|保證有效|深層修復|替代藥物
Facebook_LINE269,LINE269,Facebook,2026-10-16,12:00,長輩使用前先看標示,D,中,pending_legal_pharmacist_review,false,【長輩使用前先看標示】,"【長輩使用前先看標示】

40-70 歲注重日常活動舒適度的族群常會遇到這種情境：長輩使用前先看標示。

這則貼文要傳達的重點很簡單：一條根外用油膏不是神奇療法，適合放在「輕微關節痠痛可短期舒緩，但不可宣稱治療疾病」這個保守邊界裡溝通。使用時請先看標示，薄擦於需要保養的局部，搭配輕柔按摩即可，不需要追求厚敷或過度刺激。

安全提醒：關節腫痛、紅熱、長期疼痛或行走困難，請就醫評估。

本產品為外用油膏，請依核准標示使用；若症狀持續或惡化，請諮詢醫師或藥師。

CTA：收藏提醒","【長輩使用前先看標示】

40-70 歲注重日常活動舒適度的族群常會遇到這種情境：長輩使用前先看標示。

這則貼文要傳達的重點很簡單：一條根外用油膏不是神奇療法，適合放在「輕微關節痠痛可短期舒緩，但不可宣稱治療疾病」這個保守邊界裡溝通。使用時請先看標示，薄擦於需要保養的局部，搭配輕柔按摩即可，不需要追求厚敷或過度刺激。

安全提醒：關節腫痛、紅熱、長期疼痛或行走困難，請就醫評估。

本產品為外用油膏，請依核准標示使用；若症狀持續或惡化，請諮詢醫師或藥師。

CTA：收藏提醒",#銀髮保養 #活動舒適 #輕微痠痛 #依標示使用,圖1：【長輩使用前先看標示】｜圖2：輕微關節痠痛可短期舒緩，但不可宣稱治療疾病｜圖3：關節腫痛、紅熱、長期疼痛或行走困難，請就醫評估。,本產品為外用油膏，請依核准標示使用；若症狀持續或惡化，請諮詢醫師或藥師。,關節腫痛、紅熱、長期疼痛或行走困難，請就醫評估。,根治|治療疾病|消炎治本|打通經絡|一擦就好|保證有效|深層修復|替代藥物
Facebook_LINE270,LINE270,Facebook,2026-10-16,20:00,皮膚刺激時要停止使用,E,高,pending_legal_pharmacist_review,false,【皮膚刺激時要停止使用】,"【皮膚刺激時要停止使用】

所有使用者、照護者與家庭購買者常會遇到這種情境：皮膚刺激時要停止使用。

這則貼文要傳達的重點很簡單：一條根外用油膏不是神奇療法，適合放在「安全使用比用得多更重要，依標示與風險族群提醒」這個保守邊界裡溝通。使用時請先看標示，薄擦於需要保養的局部，搭配輕柔按摩即可，不需要追求厚敷或過度刺激。

安全提醒：2 歲以下、孕哺、過敏體質、抗凝血藥使用者請先詢問專業人員。

僅供外用。避免接觸眼睛、黏膜、破皮或傷口；特殊族群使用前請先諮詢專業人員。

CTA：私訊/了解更多","【皮膚刺激時要停止使用】

所有使用者、照護者與家庭購買者常會遇到這種情境：皮膚刺激時要停止使用。

這則貼文要傳達的重點很簡單：一條根外用油膏不是神奇療法，適合放在「安全使用比用得多更重要，依標示與風險族群提醒」這個保守邊界裡溝通。使用時請先看標示，薄擦於需要保養的局部，搭配輕柔按摩即可，不需要追求厚敷或過度刺激。

安全提醒：2 歲以下、孕哺、過敏體質、抗凝血藥使用者請先詢問專業人員。

僅供外用。避免接觸眼睛、黏膜、破皮或傷口；特殊族群使用前請先諮詢專業人員。

CTA：私訊/了解更多",#外用安全 #用藥安全 #使用前看標示 #諮詢醫師藥師,圖1：【皮膚刺激時要停止使用】｜圖2：安全使用比用得多更重要，依標示與風險族群提醒｜圖3：2 歲以下、孕哺、過敏體質、抗凝血藥使用者請先詢問專業人員。,僅供外用。避免接觸眼睛、黏膜、破皮或傷口；特殊族群使用前請先諮詢專業人員。,2 歲以下、孕哺、過敏體質、抗凝血藥使用者請先詢問專業人員。,根治|治療疾病|消炎治本|打通經絡|一擦就好|保證有效|深層修復|替代藥物
Facebook_LINE271,LINE271,Facebook,2026-10-17,12:00,寒露後肩背保養,F,低,pending_legal_pharmacist_review,false,【寒露後肩背保養】,"【寒露後肩背保養】

喜歡養生、節氣與日常保健的 LINE 讀者常會遇到這種情境：寒露後肩背保養。

這則貼文要傳達的重點很簡單：一條根外用油膏不是神奇療法，適合放在「以生活保健與身體覺察為主，不做醫療療效宣稱」這個保守邊界裡溝通。使用時請先看標示，薄擦於需要保養的局部，搭配輕柔按摩即可，不需要追求厚敷或過度刺激。

安全提醒：節氣養生屬一般生活資訊，身體不適仍應諮詢專業人員。

本內容為一般生活保健資訊，非醫療診斷或治療建議。

CTA：收藏提醒","【寒露後肩背保養】

喜歡養生、節氣與日常保健的 LINE 讀者常會遇到這種情境：寒露後肩背保養。

這則貼文要傳達的重點很簡單：一條根外用油膏不是神奇療法，適合放在「以生活保健與身體覺察為主，不做醫療療效宣稱」這個保守邊界裡溝通。使用時請先看標示，薄擦於需要保養的局部，搭配輕柔按摩即可，不需要追求厚敷或過度刺激。

安全提醒：節氣養生屬一般生活資訊，身體不適仍應諮詢專業人員。

本內容為一般生活保健資訊，非醫療診斷或治療建議。

CTA：收藏提醒",#節氣保養 #生活保健 #日常保養 #身體覺察,圖1：【寒露後肩背保養】｜圖2：以生活保健與身體覺察為主，不做醫療療效宣稱｜圖3：節氣養生屬一般生活資訊，身體不適仍應諮詢專業人員。,本內容為一般生活保健資訊，非醫療診斷或治療建議。,節氣養生屬一般生活資訊，身體不適仍應諮詢專業人員。,根治|治療疾病|消炎治本|打通經絡|一擦就好|保證有效|深層修復|替代藥物
Facebook_LINE272,LINE272,Facebook,2026-10-17,20:00,輕微拉扯後的觀察重點,C,中,pending_legal_pharmacist_review,false,【輕微拉扯後的觀察重點】,"【輕微拉扯後的觀察重點】

運動族、搬重物、久站與勞動工作者常會遇到這種情境：輕微拉扯後的觀察重點。

這則貼文要傳達的重點很簡單：一條根外用油膏不是神奇療法，適合放在「運動或勞動後的局部肌肉痠痛，可短期按摩舒緩」這個保守邊界裡溝通。使用時請先看標示，薄擦於需要保養的局部，搭配輕柔按摩即可，不需要追求厚敷或過度刺激。

安全提醒：明顯腫脹、劇痛、活動受限或疑似受傷時，請先就醫。

本產品為外用油膏，請依核准標示使用；若症狀持續或惡化，請諮詢醫師或藥師。

CTA：私訊/了解更多","【輕微拉扯後的觀察重點】

運動族、搬重物、久站與勞動工作者常會遇到這種情境：輕微拉扯後的觀察重點。

這則貼文要傳達的重點很簡單：一條根外用油膏不是神奇療法，適合放在「運動或勞動後的局部肌肉痠痛，可短期按摩舒緩」這個保守邊界裡溝通。使用時請先看標示，薄擦於需要保養的局部，搭配輕柔按摩即可，不需要追求厚敷或過度刺激。

安全提醒：明顯腫脹、劇痛、活動受限或疑似受傷時，請先就醫。

本產品為外用油膏，請依核准標示使用；若症狀持續或惡化，請諮詢醫師或藥師。

CTA：私訊/了解更多",#運動後保養 #局部按摩 #肌肉痠痛 #依標示使用,圖1：【輕微拉扯後的觀察重點】｜圖2：運動或勞動後的局部肌肉痠痛，可短期按摩舒緩｜圖3：明顯腫脹、劇痛、活動受限或疑似受傷時，請先就醫。,本產品為外用油膏，請依核准標示使用；若症狀持續或惡化，請諮詢醫師或藥師。,明顯腫脹、劇痛、活動受限或疑似受傷時，請先就醫。,根治|治療疾病|消炎治本|打通經絡|一擦就好|保證有效|深層修復|替代藥物
Facebook_LINE273,LINE273,Facebook,2026-10-18,12:00,擦完可以馬上熱敷嗎,G,低,pending_legal_pharmacist_review,false,【擦完可以馬上熱敷嗎】,"【擦完可以馬上熱敷嗎】

LINE OA 好友、回購客與新客常會遇到這種情境：擦完可以馬上熱敷嗎。

這則貼文要傳達的重點很簡單：一條根外用油膏不是神奇療法，適合放在「用問答降低誤用，讓使用者知道何時該詢問專業人員」這個保守邊界裡溝通。使用時請先看標示，薄擦於需要保養的局部，搭配輕柔按摩即可，不需要追求厚敷或過度刺激。

安全提醒：互動回答不取代醫師或藥師建議。

本內容為一般生活保健資訊，非醫療診斷或治療建議。

CTA：留言互動","【擦完可以馬上熱敷嗎】

LINE OA 好友、回購客與新客常會遇到這種情境：擦完可以馬上熱敷嗎。

這則貼文要傳達的重點很簡單：一條根外用油膏不是神奇療法，適合放在「用問答降低誤用，讓使用者知道何時該詢問專業人員」這個保守邊界裡溝通。使用時請先看標示，薄擦於需要保養的局部，搭配輕柔按摩即可，不需要追求厚敷或過度刺激。

安全提醒：互動回答不取代醫師或藥師建議。

本內容為一般生活保健資訊，非醫療診斷或治療建議。

CTA：留言互動",#互動問答 #保養知識 #使用小提醒 #金牌一條根,圖1：【擦完可以馬上熱敷嗎】｜圖2：用問答降低誤用，讓使用者知道何時該詢問專業人員｜圖3：互動回答不取代醫師或藥師建議。,本內容為一般生活保健資訊，非醫療診斷或治療建議。,互動回答不取代醫師或藥師建議。,根治|治療疾病|消炎治本|打通經絡|一擦就好|保證有效|深層修復|替代藥物
Facebook_LINE274,LINE274,Facebook,2026-10-18,20:00,別把長期疼痛只當小問題,D,中,pending_legal_pharmacist_review,false,【別把長期疼痛只當小問題】,"【別把長期疼痛只當小問題】

40-70 歲注重日常活動舒適度的族群常會遇到這種情境：別把長期疼痛只當小問題。

這則貼文要傳達的重點很簡單：一條根外用油膏不是神奇療法，適合放在「輕微關節痠痛可短期舒緩，但不可宣稱治療疾病」這個保守邊界裡溝通。使用時請先看標示，薄擦於需要保養的局部，搭配輕柔按摩即可，不需要追求厚敷或過度刺激。

安全提醒：關節腫痛、紅熱、長期疼痛或行走困難，請就醫評估。

本產品為外用油膏，請依核准標示使用；若症狀持續或惡化，請諮詢醫師或藥師。

CTA：私訊/了解更多","【別把長期疼痛只當小問題】

40-70 歲注重日常活動舒適度的族群常會遇到這種情境：別把長期疼痛只當小問題。

這則貼文要傳達的重點很簡單：一條根外用油膏不是神奇療法，適合放在「輕微關節痠痛可短期舒緩，但不可宣稱治療疾病」這個保守邊界裡溝通。使用時請先看標示，薄擦於需要保養的局部，搭配輕柔按摩即可，不需要追求厚敷或過度刺激。

安全提醒：關節腫痛、紅熱、長期疼痛或行走困難，請就醫評估。

本產品為外用油膏，請依核准標示使用；若症狀持續或惡化，請諮詢醫師或藥師。

CTA：私訊/了解更多",#銀髮保養 #活動舒適 #輕微痠痛 #依標示使用,圖1：【別把長期疼痛只當小問題】｜圖2：輕微關節痠痛可短期舒緩，但不可宣稱治療疾病｜圖3：關節腫痛、紅熱、長期疼痛或行走困難，請就醫評估。,本產品為外用油膏，請依核准標示使用；若症狀持續或惡化，請諮詢醫師或藥師。,關節腫痛、紅熱、長期疼痛或行走困難，請就醫評估。,根治|治療疾病|消炎治本|打通經絡|一擦就好|保證有效|深層修復|替代藥物
Facebook_LINE275,LINE275,Facebook,2026-10-19,12:00,冷氣房肩頸緊繃保養,B,低,pending_legal_pharmacist_review,false,【冷氣房肩頸緊繃保養】,"【冷氣房肩頸緊繃保養】

長時間低頭、久坐、用電腦的上班族常會遇到這種情境：冷氣房肩頸緊繃保養。

這則貼文要傳達的重點很簡單：一條根外用油膏不是神奇療法，適合放在「久坐低頭後，可搭配伸展與局部按摩舒緩緊繃不適」這個保守邊界裡溝通。使用時請先看標示，薄擦於需要保養的局部，搭配輕柔按摩即可，不需要追求厚敷或過度刺激。

安全提醒：若痠痛持續、麻木或影響活動，請諮詢醫師或藥師。

本內容為一般生活保健資訊，非醫療診斷或治療建議。

CTA：收藏提醒","【冷氣房肩頸緊繃保養】

長時間低頭、久坐、用電腦的上班族常會遇到這種情境：冷氣房肩頸緊繃保養。

這則貼文要傳達的重點很簡單：一條根外用油膏不是神奇療法，適合放在「久坐低頭後，可搭配伸展與局部按摩舒緩緊繃不適」這個保守邊界裡溝通。使用時請先看標示，薄擦於需要保養的局部，搭配輕柔按摩即可，不需要追求厚敷或過度刺激。

安全提醒：若痠痛持續、麻木或影響活動，請諮詢醫師或藥師。

本內容為一般生活保健資訊，非醫療診斷或治療建議。

CTA：收藏提醒",#肩頸保養 #久坐族 #日常舒緩 #依標示使用,圖1：【冷氣房肩頸緊繃保養】｜圖2：久坐低頭後，可搭配伸展與局部按摩舒緩緊繃不適｜圖3：若痠痛持續、麻木或影響活動，請諮詢醫師或藥師。,本內容為一般生活保健資訊，非醫療診斷或治療建議。,若痠痛持續、麻木或影響活動，請諮詢醫師或藥師。,根治|治療疾病|消炎治本|打通經絡|一擦就好|保證有效|深層修復|替代藥物
Facebook_LINE276,LINE276,Facebook,2026-10-19,20:00,產品不是神藥，定位要講清楚,A,中,pending_legal_pharmacist_review,false,【產品不是神藥，定位要講清楚】,"【產品不是神藥，定位要講清楚】

已購買或正在觀望的一條根使用者常會遇到這種情境：產品不是神藥，定位要講清楚。

這則貼文要傳達的重點很簡單：一條根外用油膏不是神奇療法，適合放在「依標示外用，提供局部按摩與暫時舒緩體感」這個保守邊界裡溝通。使用時請先看標示，薄擦於需要保養的局部，搭配輕柔按摩即可，不需要追求厚敷或過度刺激。

安全提醒：僅供外用；避免眼周、黏膜、破皮或傷口。

本產品為外用油膏，請依核准標示使用；若症狀持續或惡化，請諮詢醫師或藥師。

CTA：私訊/了解更多","【產品不是神藥，定位要講清楚】

已購買或正在觀望的一條根使用者常會遇到這種情境：產品不是神藥，定位要講清楚。

這則貼文要傳達的重點很簡單：一條根外用油膏不是神奇療法，適合放在「依標示外用，提供局部按摩與暫時舒緩體感」這個保守邊界裡溝通。使用時請先看標示，薄擦於需要保養的局部，搭配輕柔按摩即可，不需要追求厚敷或過度刺激。

安全提醒：僅供外用；避免眼周、黏膜、破皮或傷口。

本產品為外用油膏，請依核准標示使用；若症狀持續或惡化，請諮詢醫師或藥師。

CTA：私訊/了解更多",#金牌一條根 #外用油膏 #成分透明 #依標示使用,圖1：【產品不是神藥，定位要講清楚】｜圖2：依標示外用，提供局部按摩與暫時舒緩體感｜圖3：僅供外用；避免眼周、黏膜、破皮或傷口。,本產品為外用油膏，請依核准標示使用；若症狀持續或惡化，請諮詢醫師或藥師。,僅供外用；避免眼周、黏膜、破皮或傷口。,根治|治療疾病|消炎治本|打通經絡|一擦就好|保證有效|深層修復|替代藥物
Facebook_LINE277,LINE277,Facebook,2026-10-20,12:00,立冬前後的日常舒緩儀式,F,低,pending_legal_pharmacist_review,false,【立冬前後的日常舒緩儀式】,"【立冬前後的日常舒緩儀式】

喜歡養生、節氣與日常保健的 LINE 讀者常會遇到這種情境：立冬前後的日常舒緩儀式。

這則貼文要傳達的重點很簡單：一條根外用油膏不是神奇療法，適合放在「以生活保健與身體覺察為主，不做醫療療效宣稱」這個保守邊界裡溝通。使用時請先看標示，薄擦於需要保養的局部，搭配輕柔按摩即可，不需要追求厚敷或過度刺激。

安全提醒：節氣養生屬一般生活資訊，身體不適仍應諮詢專業人員。

本內容為一般生活保健資訊，非醫療診斷或治療建議。

CTA：收藏提醒","【立冬前後的日常舒緩儀式】

喜歡養生、節氣與日常保健的 LINE 讀者常會遇到這種情境：立冬前後的日常舒緩儀式。

這則貼文要傳達的重點很簡單：一條根外用油膏不是神奇療法，適合放在「以生活保健與身體覺察為主，不做醫療療效宣稱」這個保守邊界裡溝通。使用時請先看標示，薄擦於需要保養的局部，搭配輕柔按摩即可，不需要追求厚敷或過度刺激。

安全提醒：節氣養生屬一般生活資訊，身體不適仍應諮詢專業人員。

本內容為一般生活保健資訊，非醫療診斷或治療建議。

CTA：收藏提醒",#節氣保養 #生活保健 #日常保養 #身體覺察,圖1：【立冬前後的日常舒緩儀式】｜圖2：以生活保健與身體覺察為主，不做醫療療效宣稱｜圖3：節氣養生屬一般生活資訊，身體不適仍應諮詢專業人員。,本內容為一般生活保健資訊，非醫療診斷或治療建議。,節氣養生屬一般生活資訊，身體不適仍應諮詢專業人員。,根治|治療疾病|消炎治本|打通經絡|一擦就好|保證有效|深層修復|替代藥物
Facebook_LINE278,LINE278,Facebook,2026-10-20,20:00,深層症狀不適合自行處理,E,高,pending_legal_pharmacist_review,false,【深層症狀不適合自行處理】,"【深層症狀不適合自行處理】

所有使用者、照護者與家庭購買者常會遇到這種情境：深層症狀不適合自行處理。

這則貼文要傳達的重點很簡單：一條根外用油膏不是神奇療法，適合放在「安全使用比用得多更重要，依標示與風險族群提醒」這個保守邊界裡溝通。使用時請先看標示，薄擦於需要保養的局部，搭配輕柔按摩即可，不需要追求厚敷或過度刺激。

安全提醒：2 歲以下、孕哺、過敏體質、抗凝血藥使用者請先詢問專業人員。

僅供外用。避免接觸眼睛、黏膜、破皮或傷口；特殊族群使用前請先諮詢專業人員。

CTA：私訊/了解更多","【深層症狀不適合自行處理】

所有使用者、照護者與家庭購買者常會遇到這種情境：深層症狀不適合自行處理。

這則貼文要傳達的重點很簡單：一條根外用油膏不是神奇療法，適合放在「安全使用比用得多更重要，依標示與風險族群提醒」這個保守邊界裡溝通。使用時請先看標示，薄擦於需要保養的局部，搭配輕柔按摩即可，不需要追求厚敷或過度刺激。

安全提醒：2 歲以下、孕哺、過敏體質、抗凝血藥使用者請先詢問專業人員。

僅供外用。避免接觸眼睛、黏膜、破皮或傷口；特殊族群使用前請先諮詢專業人員。

CTA：私訊/了解更多",#外用安全 #用藥安全 #使用前看標示 #諮詢醫師藥師,圖1：【深層症狀不適合自行處理】｜圖2：安全使用比用得多更重要，依標示與風險族群提醒｜圖3：2 歲以下、孕哺、過敏體質、抗凝血藥使用者請先詢問專業人員。,僅供外用。避免接觸眼睛、黏膜、破皮或傷口；特殊族群使用前請先諮詢專業人員。,2 歲以下、孕哺、過敏體質、抗凝血藥使用者請先詢問專業人員。,根治|治療疾病|消炎治本|打通經絡|一擦就好|保證有效|深層修復|替代藥物
Facebook_LINE279,LINE279,Facebook,2026-10-21,12:00,買外用膏先看三件事,H,中,pending_legal_pharmacist_review,false,【買外用膏先看三件事】,"【買外用膏先看三件事】

重視藥證、成分、品質與合法性的消費者常會遇到這種情境：買外用膏先看三件事。

這則貼文要傳達的重點很簡單：一條根外用油膏不是神奇療法，適合放在「強調藥證、標示、保守宣稱與人工審核流程」這個保守邊界裡溝通。使用時請先看標示，薄擦於需要保養的局部，搭配輕柔按摩即可，不需要追求厚敷或過度刺激。

安全提醒：所有廣告文案仍須依主管機關與專業人員審核。

本產品為外用油膏，請依核准標示使用；若症狀持續或惡化，請諮詢醫師或藥師。

CTA：收藏提醒","【買外用膏先看三件事】

重視藥證、成分、品質與合法性的消費者常會遇到這種情境：買外用膏先看三件事。

這則貼文要傳達的重點很簡單：一條根外用油膏不是神奇療法，適合放在「強調藥證、標示、保守宣稱與人工審核流程」這個保守邊界裡溝通。使用時請先看標示，薄擦於需要保養的局部，搭配輕柔按摩即可，不需要追求厚敷或過度刺激。

安全提醒：所有廣告文案仍須依主管機關與專業人員審核。

本產品為外用油膏，請依核准標示使用；若症狀持續或惡化，請諮詢醫師或藥師。

CTA：收藏提醒",#藥證可查 #品牌透明 #合法宣傳 #成分透明,圖1：【買外用膏先看三件事】｜圖2：強調藥證、標示、保守宣稱與人工審核流程｜圖3：所有廣告文案仍須依主管機關與專業人員審核。,本產品為外用油膏，請依核准標示使用；若症狀持續或惡化，請諮詢醫師或藥師。,所有廣告文案仍須依主管機關與專業人員審核。,根治|治療疾病|消炎治本|打通經絡|一擦就好|保證有效|深層修復|替代藥物
Facebook_LINE280,LINE280,Facebook,2026-10-21,20:00,哪些情況應該先就醫,G,低,pending_legal_pharmacist_review,false,【哪些情況應該先就醫】,"【哪些情況應該先就醫】

LINE OA 好友、回購客與新客常會遇到這種情境：哪些情況應該先就醫。

這則貼文要傳達的重點很簡單：一條根外用油膏不是神奇療法，適合放在「用問答降低誤用，讓使用者知道何時該詢問專業人員」這個保守邊界裡溝通。使用時請先看標示，薄擦於需要保養的局部，搭配輕柔按摩即可，不需要追求厚敷或過度刺激。

安全提醒：互動回答不取代醫師或藥師建議。

本內容為一般生活保健資訊，非醫療診斷或治療建議。

CTA：留言互動","【哪些情況應該先就醫】

LINE OA 好友、回購客與新客常會遇到這種情境：哪些情況應該先就醫。

這則貼文要傳達的重點很簡單：一條根外用油膏不是神奇療法，適合放在「用問答降低誤用，讓使用者知道何時該詢問專業人員」這個保守邊界裡溝通。使用時請先看標示，薄擦於需要保養的局部，搭配輕柔按摩即可，不需要追求厚敷或過度刺激。

安全提醒：互動回答不取代醫師或藥師建議。

本內容為一般生活保健資訊，非醫療診斷或治療建議。

CTA：留言互動",#互動問答 #保養知識 #使用小提醒 #金牌一條根,圖1：【哪些情況應該先就醫】｜圖2：用問答降低誤用，讓使用者知道何時該詢問專業人員｜圖3：互動回答不取代醫師或藥師建議。,本內容為一般生活保健資訊，非醫療診斷或治療建議。,互動回答不取代醫師或藥師建議。,根治|治療疾病|消炎治本|打通經絡|一擦就好|保證有效|深層修復|替代藥物
Facebook_LINE281,LINE281,Facebook,2026-10-22,12:00,運動後局部痠痛的保守處理,C,中,pending_legal_pharmacist_review,false,【運動後局部痠痛的保守處理】,"【運動後局部痠痛的保守處理】

運動族、搬重物、久站與勞動工作者常會遇到這種情境：運動後局部痠痛的保守處理。

這則貼文要傳達的重點很簡單：一條根外用油膏不是神奇療法，適合放在「運動或勞動後的局部肌肉痠痛，可短期按摩舒緩」這個保守邊界裡溝通。使用時請先看標示，薄擦於需要保養的局部，搭配輕柔按摩即可，不需要追求厚敷或過度刺激。

安全提醒：明顯腫脹、劇痛、活動受限或疑似受傷時，請先就醫。

本產品為外用油膏，請依核准標示使用；若症狀持續或惡化，請諮詢醫師或藥師。

CTA：收藏提醒","【運動後局部痠痛的保守處理】

運動族、搬重物、久站與勞動工作者常會遇到這種情境：運動後局部痠痛的保守處理。

這則貼文要傳達的重點很簡單：一條根外用油膏不是神奇療法，適合放在「運動或勞動後的局部肌肉痠痛，可短期按摩舒緩」這個保守邊界裡溝通。使用時請先看標示，薄擦於需要保養的局部，搭配輕柔按摩即可，不需要追求厚敷或過度刺激。

安全提醒：明顯腫脹、劇痛、活動受限或疑似受傷時，請先就醫。

本產品為外用油膏，請依核准標示使用；若症狀持續或惡化，請諮詢醫師或藥師。

CTA：收藏提醒",#運動後保養 #局部按摩 #肌肉痠痛 #依標示使用,圖1：【運動後局部痠痛的保守處理】｜圖2：運動或勞動後的局部肌肉痠痛，可短期按摩舒緩｜圖3：明顯腫脹、劇痛、活動受限或疑似受傷時，請先就醫。,本產品為外用油膏，請依核准標示使用；若症狀持續或惡化，請諮詢醫師或藥師。,明顯腫脹、劇痛、活動受限或疑似受傷時，請先就醫。,根治|治療疾病|消炎治本|打通經絡|一擦就好|保證有效|深層修復|替代藥物
Facebook_LINE282,LINE282,Facebook,2026-10-22,20:00,冬青油與清涼舒緩體感,A,中,pending_legal_pharmacist_review,false,【冬青油與清涼舒緩體感】,"【冬青油與清涼舒緩體感】

已購買或正在觀望的一條根使用者常會遇到這種情境：冬青油與清涼舒緩體感。

這則貼文要傳達的重點很簡單：一條根外用油膏不是神奇療法，適合放在「依標示外用，提供局部按摩與暫時舒緩體感」這個保守邊界裡溝通。使用時請先看標示，薄擦於需要保養的局部，搭配輕柔按摩即可，不需要追求厚敷或過度刺激。

安全提醒：僅供外用；避免眼周、黏膜、破皮或傷口。

本產品為外用油膏，請依核准標示使用；若症狀持續或惡化，請諮詢醫師或藥師。

CTA：私訊/了解更多","【冬青油與清涼舒緩體感】

已購買或正在觀望的一條根使用者常會遇到這種情境：冬青油與清涼舒緩體感。

這則貼文要傳達的重點很簡單：一條根外用油膏不是神奇療法，適合放在「依標示外用，提供局部按摩與暫時舒緩體感」這個保守邊界裡溝通。使用時請先看標示，薄擦於需要保養的局部，搭配輕柔按摩即可，不需要追求厚敷或過度刺激。

安全提醒：僅供外用；避免眼周、黏膜、破皮或傷口。

本產品為外用油膏，請依核准標示使用；若症狀持續或惡化，請諮詢醫師或藥師。

CTA：私訊/了解更多",#金牌一條根 #外用油膏 #成分透明 #依標示使用,圖1：【冬青油與清涼舒緩體感】｜圖2：依標示外用，提供局部按摩與暫時舒緩體感｜圖3：僅供外用；避免眼周、黏膜、破皮或傷口。,本產品為外用油膏，請依核准標示使用；若症狀持續或惡化，請諮詢醫師或藥師。,僅供外用；避免眼周、黏膜、破皮或傷口。,根治|治療疾病|消炎治本|打通經絡|一擦就好|保證有效|深層修復|替代藥物
Facebook_LINE283,LINE283,Facebook,2026-10-23,12:00,早晨活動前的關節暖身,D,中,pending_legal_pharmacist_review,false,【早晨活動前的關節暖身】,"【早晨活動前的關節暖身】

40-70 歲注重日常活動舒適度的族群常會遇到這種情境：早晨活動前的關節暖身。

這則貼文要傳達的重點很簡單：一條根外用油膏不是神奇療法，適合放在「輕微關節痠痛可短期舒緩，但不可宣稱治療疾病」這個保守邊界裡溝通。使用時請先看標示，薄擦於需要保養的局部，搭配輕柔按摩即可，不需要追求厚敷或過度刺激。

安全提醒：關節腫痛、紅熱、長期疼痛或行走困難，請就醫評估。

本產品為外用油膏，請依核准標示使用；若症狀持續或惡化，請諮詢醫師或藥師。

CTA：收藏提醒","【早晨活動前的關節暖身】

40-70 歲注重日常活動舒適度的族群常會遇到這種情境：早晨活動前的關節暖身。

這則貼文要傳達的重點很簡單：一條根外用油膏不是神奇療法，適合放在「輕微關節痠痛可短期舒緩，但不可宣稱治療疾病」這個保守邊界裡溝通。使用時請先看標示，薄擦於需要保養的局部，搭配輕柔按摩即可，不需要追求厚敷或過度刺激。

安全提醒：關節腫痛、紅熱、長期疼痛或行走困難，請就醫評估。

本產品為外用油膏，請依核准標示使用；若症狀持續或惡化，請諮詢醫師或藥師。

CTA：收藏提醒",#銀髮保養 #活動舒適 #輕微痠痛 #依標示使用,圖1：【早晨活動前的關節暖身】｜圖2：輕微關節痠痛可短期舒緩，但不可宣稱治療疾病｜圖3：關節腫痛、紅熱、長期疼痛或行走困難，請就醫評估。,本產品為外用油膏，請依核准標示使用；若症狀持續或惡化，請諮詢醫師或藥師。,關節腫痛、紅熱、長期疼痛或行走困難，請就醫評估。,根治|治療疾病|消炎治本|打通經絡|一擦就好|保證有效|深層修復|替代藥物
Facebook_LINE284,LINE284,Facebook,2026-10-23,20:00,不能擦在破皮或傷口,E,高,pending_legal_pharmacist_review,false,【不能擦在破皮或傷口】,"【不能擦在破皮或傷口】

所有使用者、照護者與家庭購買者常會遇到這種情境：不能擦在破皮或傷口。

這則貼文要傳達的重點很簡單：一條根外用油膏不是神奇療法，適合放在「安全使用比用得多更重要，依標示與風險族群提醒」這個保守邊界裡溝通。使用時請先看標示，薄擦於需要保養的局部，搭配輕柔按摩即可，不需要追求厚敷或過度刺激。

安全提醒：2 歲以下、孕哺、過敏體質、抗凝血藥使用者請先詢問專業人員。

僅供外用。避免接觸眼睛、黏膜、破皮或傷口；特殊族群使用前請先諮詢專業人員。

CTA：私訊/了解更多","【不能擦在破皮或傷口】

所有使用者、照護者與家庭購買者常會遇到這種情境：不能擦在破皮或傷口。

這則貼文要傳達的重點很簡單：一條根外用油膏不是神奇療法，適合放在「安全使用比用得多更重要，依標示與風險族群提醒」這個保守邊界裡溝通。使用時請先看標示，薄擦於需要保養的局部，搭配輕柔按摩即可，不需要追求厚敷或過度刺激。

安全提醒：2 歲以下、孕哺、過敏體質、抗凝血藥使用者請先詢問專業人員。

僅供外用。避免接觸眼睛、黏膜、破皮或傷口；特殊族群使用前請先諮詢專業人員。

CTA：私訊/了解更多",#外用安全 #用藥安全 #使用前看標示 #諮詢醫師藥師,圖1：【不能擦在破皮或傷口】｜圖2：安全使用比用得多更重要，依標示與風險族群提醒｜圖3：2 歲以下、孕哺、過敏體質、抗凝血藥使用者請先詢問專業人員。,僅供外用。避免接觸眼睛、黏膜、破皮或傷口；特殊族群使用前請先諮詢專業人員。,2 歲以下、孕哺、過敏體質、抗凝血藥使用者請先詢問專業人員。,根治|治療疾病|消炎治本|打通經絡|一擦就好|保證有效|深層修復|替代藥物
Facebook_LINE285,LINE285,Facebook,2026-10-24,12:00,芒種後濕熱生活保養,F,低,pending_legal_pharmacist_review,false,【芒種後濕熱生活保養】,"【芒種後濕熱生活保養】

喜歡養生、節氣與日常保健的 LINE 讀者常會遇到這種情境：芒種後濕熱生活保養。

這則貼文要傳達的重點很簡單：一條根外用油膏不是神奇療法，適合放在「以生活保健與身體覺察為主，不做醫療療效宣稱」這個保守邊界裡溝通。使用時請先看標示，薄擦於需要保養的局部，搭配輕柔按摩即可，不需要追求厚敷或過度刺激。

安全提醒：節氣養生屬一般生活資訊，身體不適仍應諮詢專業人員。

本內容為一般生活保健資訊，非醫療診斷或治療建議。

CTA：收藏提醒","【芒種後濕熱生活保養】

喜歡養生、節氣與日常保健的 LINE 讀者常會遇到這種情境：芒種後濕熱生活保養。

這則貼文要傳達的重點很簡單：一條根外用油膏不是神奇療法，適合放在「以生活保健與身體覺察為主，不做醫療療效宣稱」這個保守邊界裡溝通。使用時請先看標示，薄擦於需要保養的局部，搭配輕柔按摩即可，不需要追求厚敷或過度刺激。

安全提醒：節氣養生屬一般生活資訊，身體不適仍應諮詢專業人員。

本內容為一般生活保健資訊，非醫療診斷或治療建議。

CTA：收藏提醒",#節氣保養 #生活保健 #日常保養 #身體覺察,圖1：【芒種後濕熱生活保養】｜圖2：以生活保健與身體覺察為主，不做醫療療效宣稱｜圖3：節氣養生屬一般生活資訊，身體不適仍應諮詢專業人員。,本內容為一般生活保健資訊，非醫療診斷或治療建議。,節氣養生屬一般生活資訊，身體不適仍應諮詢專業人員。,根治|治療疾病|消炎治本|打通經絡|一擦就好|保證有效|深層修復|替代藥物
Facebook_LINE286,LINE286,Facebook,2026-10-24,20:00,久站後小腿不適舒緩,C,中,pending_legal_pharmacist_review,false,【久站後小腿不適舒緩】,"【久站後小腿不適舒緩】

運動族、搬重物、久站與勞動工作者常會遇到這種情境：久站後小腿不適舒緩。

這則貼文要傳達的重點很簡單：一條根外用油膏不是神奇療法，適合放在「運動或勞動後的局部肌肉痠痛，可短期按摩舒緩」這個保守邊界裡溝通。使用時請先看標示，薄擦於需要保養的局部，搭配輕柔按摩即可，不需要追求厚敷或過度刺激。

安全提醒：明顯腫脹、劇痛、活動受限或疑似受傷時，請先就醫。

本產品為外用油膏，請依核准標示使用；若症狀持續或惡化，請諮詢醫師或藥師。

CTA：私訊/了解更多","【久站後小腿不適舒緩】

運動族、搬重物、久站與勞動工作者常會遇到這種情境：久站後小腿不適舒緩。

這則貼文要傳達的重點很簡單：一條根外用油膏不是神奇療法，適合放在「運動或勞動後的局部肌肉痠痛，可短期按摩舒緩」這個保守邊界裡溝通。使用時請先看標示，薄擦於需要保養的局部，搭配輕柔按摩即可，不需要追求厚敷或過度刺激。

安全提醒：明顯腫脹、劇痛、活動受限或疑似受傷時，請先就醫。

本產品為外用油膏，請依核准標示使用；若症狀持續或惡化，請諮詢醫師或藥師。

CTA：私訊/了解更多",#運動後保養 #局部按摩 #肌肉痠痛 #依標示使用,圖1：【久站後小腿不適舒緩】｜圖2：運動或勞動後的局部肌肉痠痛，可短期按摩舒緩｜圖3：明顯腫脹、劇痛、活動受限或疑似受傷時，請先就醫。,本產品為外用油膏，請依核准標示使用；若症狀持續或惡化，請諮詢醫師或藥師。,明顯腫脹、劇痛、活動受限或疑似受傷時，請先就醫。,根治|治療疾病|消炎治本|打通經絡|一擦就好|保證有效|深層修復|替代藥物
Facebook_LINE287,LINE287,Facebook,2026-10-25,12:00,你最常哪個部位緊繃,G,低,pending_legal_pharmacist_review,false,【你最常哪個部位緊繃】,"【你最常哪個部位緊繃】

LINE OA 好友、回購客與新客常會遇到這種情境：你最常哪個部位緊繃。

這則貼文要傳達的重點很簡單：一條根外用油膏不是神奇療法，適合放在「用問答降低誤用，讓使用者知道何時該詢問專業人員」這個保守邊界裡溝通。使用時請先看標示，薄擦於需要保養的局部，搭配輕柔按摩即可，不需要追求厚敷或過度刺激。

安全提醒：互動回答不取代醫師或藥師建議。

本內容為一般生活保健資訊，非醫療診斷或治療建議。

CTA：留言互動","【你最常哪個部位緊繃】

LINE OA 好友、回購客與新客常會遇到這種情境：你最常哪個部位緊繃。

這則貼文要傳達的重點很簡單：一條根外用油膏不是神奇療法，適合放在「用問答降低誤用，讓使用者知道何時該詢問專業人員」這個保守邊界裡溝通。使用時請先看標示，薄擦於需要保養的局部，搭配輕柔按摩即可，不需要追求厚敷或過度刺激。

安全提醒：互動回答不取代醫師或藥師建議。

本內容為一般生活保健資訊，非醫療診斷或治療建議。

CTA：留言互動",#互動問答 #保養知識 #使用小提醒 #金牌一條根,圖1：【你最常哪個部位緊繃】｜圖2：用問答降低誤用，讓使用者知道何時該詢問專業人員｜圖3：互動回答不取代醫師或藥師建議。,本內容為一般生活保健資訊，非醫療診斷或治療建議。,互動回答不取代醫師或藥師建議。,根治|治療疾病|消炎治本|打通經絡|一擦就好|保證有效|深層修復|替代藥物
Facebook_LINE288,LINE288,Facebook,2026-10-25,20:00,長輩外用膏使用安全,D,中,pending_legal_pharmacist_review,false,【長輩外用膏使用安全】,"【長輩外用膏使用安全】

40-70 歲注重日常活動舒適度的族群常會遇到這種情境：長輩外用膏使用安全。

這則貼文要傳達的重點很簡單：一條根外用油膏不是神奇療法，適合放在「輕微關節痠痛可短期舒緩，但不可宣稱治療疾病」這個保守邊界裡溝通。使用時請先看標示，薄擦於需要保養的局部，搭配輕柔按摩即可，不需要追求厚敷或過度刺激。

安全提醒：關節腫痛、紅熱、長期疼痛或行走困難，請就醫評估。

本產品為外用油膏，請依核准標示使用；若症狀持續或惡化，請諮詢醫師或藥師。

CTA：私訊/了解更多","【長輩外用膏使用安全】

40-70 歲注重日常活動舒適度的族群常會遇到這種情境：長輩外用膏使用安全。

這則貼文要傳達的重點很簡單：一條根外用油膏不是神奇療法，適合放在「輕微關節痠痛可短期舒緩，但不可宣稱治療疾病」這個保守邊界裡溝通。使用時請先看標示，薄擦於需要保養的局部，搭配輕柔按摩即可，不需要追求厚敷或過度刺激。

安全提醒：關節腫痛、紅熱、長期疼痛或行走困難，請就醫評估。

本產品為外用油膏，請依核准標示使用；若症狀持續或惡化，請諮詢醫師或藥師。

CTA：私訊/了解更多",#銀髮保養 #活動舒適 #輕微痠痛 #依標示使用,圖1：【長輩外用膏使用安全】｜圖2：輕微關節痠痛可短期舒緩，但不可宣稱治療疾病｜圖3：關節腫痛、紅熱、長期疼痛或行走困難，請就醫評估。,本產品為外用油膏，請依核准標示使用；若症狀持續或惡化，請諮詢醫師或藥師。,關節腫痛、紅熱、長期疼痛或行走困難，請就醫評估。,根治|治療疾病|消炎治本|打通經絡|一擦就好|保證有效|深層修復|替代藥物
Facebook_LINE289,LINE289,Facebook,2026-10-26,12:00,低頭族肩頸緊繃的三個提醒,B,低,pending_legal_pharmacist_review,false,【低頭族肩頸緊繃的三個提醒】,"【低頭族肩頸緊繃的三個提醒】

長時間低頭、久坐、用電腦的上班族常會遇到這種情境：低頭族肩頸緊繃的三個提醒。

這則貼文要傳達的重點很簡單：一條根外用油膏不是神奇療法，適合放在「久坐低頭後，可搭配伸展與局部按摩舒緩緊繃不適」這個保守邊界裡溝通。使用時請先看標示，薄擦於需要保養的局部，搭配輕柔按摩即可，不需要追求厚敷或過度刺激。

安全提醒：若痠痛持續、麻木或影響活動，請諮詢醫師或藥師。

本內容為一般生活保健資訊，非醫療診斷或治療建議。

CTA：收藏提醒","【低頭族肩頸緊繃的三個提醒】

長時間低頭、久坐、用電腦的上班族常會遇到這種情境：低頭族肩頸緊繃的三個提醒。

這則貼文要傳達的重點很簡單：一條根外用油膏不是神奇療法，適合放在「久坐低頭後，可搭配伸展與局部按摩舒緩緊繃不適」這個保守邊界裡溝通。使用時請先看標示，薄擦於需要保養的局部，搭配輕柔按摩即可，不需要追求厚敷或過度刺激。

安全提醒：若痠痛持續、麻木或影響活動，請諮詢醫師或藥師。

本內容為一般生活保健資訊，非醫療診斷或治療建議。

CTA：收藏提醒",#肩頸保養 #久坐族 #日常舒緩 #依標示使用,圖1：【低頭族肩頸緊繃的三個提醒】｜圖2：久坐低頭後，可搭配伸展與局部按摩舒緩緊繃不適｜圖3：若痠痛持續、麻木或影響活動，請諮詢醫師或藥師。,本內容為一般生活保健資訊，非醫療診斷或治療建議。,若痠痛持續、麻木或影響活動，請諮詢醫師或藥師。,根治|治療疾病|消炎治本|打通經絡|一擦就好|保證有效|深層修復|替代藥物
Facebook_LINE290,LINE290,Facebook,2026-10-26,20:00,薄荷腦帶來的涼感來源,A,中,pending_legal_pharmacist_review,false,【薄荷腦帶來的涼感來源】,"【薄荷腦帶來的涼感來源】

已購買或正在觀望的一條根使用者常會遇到這種情境：薄荷腦帶來的涼感來源。

這則貼文要傳達的重點很簡單：一條根外用油膏不是神奇療法，適合放在「依標示外用，提供局部按摩與暫時舒緩體感」這個保守邊界裡溝通。使用時請先看標示，薄擦於需要保養的局部，搭配輕柔按摩即可，不需要追求厚敷或過度刺激。

安全提醒：僅供外用；避免眼周、黏膜、破皮或傷口。

本產品為外用油膏，請依核准標示使用；若症狀持續或惡化，請諮詢醫師或藥師。

CTA：私訊/了解更多","【薄荷腦帶來的涼感來源】

已購買或正在觀望的一條根使用者常會遇到這種情境：薄荷腦帶來的涼感來源。

這則貼文要傳達的重點很簡單：一條根外用油膏不是神奇療法，適合放在「依標示外用，提供局部按摩與暫時舒緩體感」這個保守邊界裡溝通。使用時請先看標示，薄擦於需要保養的局部，搭配輕柔按摩即可，不需要追求厚敷或過度刺激。

安全提醒：僅供外用；避免眼周、黏膜、破皮或傷口。

本產品為外用油膏，請依核准標示使用；若症狀持續或惡化，請諮詢醫師或藥師。

CTA：私訊/了解更多",#金牌一條根 #外用油膏 #成分透明 #依標示使用,圖1：【薄荷腦帶來的涼感來源】｜圖2：依標示外用，提供局部按摩與暫時舒緩體感｜圖3：僅供外用；避免眼周、黏膜、破皮或傷口。,本產品為外用油膏，請依核准標示使用；若症狀持續或惡化，請諮詢醫師或藥師。,僅供外用；避免眼周、黏膜、破皮或傷口。,根治|治療疾病|消炎治本|打通經絡|一擦就好|保證有效|深層修復|替代藥物
Facebook_LINE291,LINE291,Facebook,2026-10-27,12:00,夏季冷氣房的肩頸保養,F,低,pending_legal_pharmacist_review,false,【夏季冷氣房的肩頸保養】,"【夏季冷氣房的肩頸保養】

喜歡養生、節氣與日常保健的 LINE 讀者常會遇到這種情境：夏季冷氣房的肩頸保養。

這則貼文要傳達的重點很簡單：一條根外用油膏不是神奇療法，適合放在「以生活保健與身體覺察為主，不做醫療療效宣稱」這個保守邊界裡溝通。使用時請先看標示，薄擦於需要保養的局部，搭配輕柔按摩即可，不需要追求厚敷或過度刺激。

安全提醒：節氣養生屬一般生活資訊，身體不適仍應諮詢專業人員。

本內容為一般生活保健資訊，非醫療診斷或治療建議。

CTA：收藏提醒","【夏季冷氣房的肩頸保養】

喜歡養生、節氣與日常保健的 LINE 讀者常會遇到這種情境：夏季冷氣房的肩頸保養。

這則貼文要傳達的重點很簡單：一條根外用油膏不是神奇療法，適合放在「以生活保健與身體覺察為主，不做醫療療效宣稱」這個保守邊界裡溝通。使用時請先看標示，薄擦於需要保養的局部，搭配輕柔按摩即可，不需要追求厚敷或過度刺激。

安全提醒：節氣養生屬一般生活資訊，身體不適仍應諮詢專業人員。

本內容為一般生活保健資訊，非醫療診斷或治療建議。

CTA：收藏提醒",#節氣保養 #生活保健 #日常保養 #身體覺察,圖1：【夏季冷氣房的肩頸保養】｜圖2：以生活保健與身體覺察為主，不做醫療療效宣稱｜圖3：節氣養生屬一般生活資訊，身體不適仍應諮詢專業人員。,本內容為一般生活保健資訊，非醫療診斷或治療建議。,節氣養生屬一般生活資訊，身體不適仍應諮詢專業人員。,根治|治療疾病|消炎治本|打通經絡|一擦就好|保證有效|深層修復|替代藥物
Facebook_LINE292,LINE292,Facebook,2026-10-27,20:00,外用膏避免眼周與黏膜,E,高,pending_legal_pharmacist_review,false,【外用膏避免眼周與黏膜】,"【外用膏避免眼周與黏膜】

所有使用者、照護者與家庭購買者常會遇到這種情境：外用膏避免眼周與黏膜。

這則貼文要傳達的重點很簡單：一條根外用油膏不是神奇療法，適合放在「安全使用比用得多更重要，依標示與風險族群提醒」這個保守邊界裡溝通。使用時請先看標示，薄擦於需要保養的局部，搭配輕柔按摩即可，不需要追求厚敷或過度刺激。

安全提醒：2 歲以下、孕哺、過敏體質、抗凝血藥使用者請先詢問專業人員。

僅供外用。避免接觸眼睛、黏膜、破皮或傷口；特殊族群使用前請先諮詢專業人員。

CTA：私訊/了解更多","【外用膏避免眼周與黏膜】

所有使用者、照護者與家庭購買者常會遇到這種情境：外用膏避免眼周與黏膜。

這則貼文要傳達的重點很簡單：一條根外用油膏不是神奇療法，適合放在「安全使用比用得多更重要，依標示與風險族群提醒」這個保守邊界裡溝通。使用時請先看標示，薄擦於需要保養的局部，搭配輕柔按摩即可，不需要追求厚敷或過度刺激。

安全提醒：2 歲以下、孕哺、過敏體質、抗凝血藥使用者請先詢問專業人員。

僅供外用。避免接觸眼睛、黏膜、破皮或傷口；特殊族群使用前請先諮詢專業人員。

CTA：私訊/了解更多",#外用安全 #用藥安全 #使用前看標示 #諮詢醫師藥師,圖1：【外用膏避免眼周與黏膜】｜圖2：安全使用比用得多更重要，依標示與風險族群提醒｜圖3：2 歲以下、孕哺、過敏體質、抗凝血藥使用者請先詢問專業人員。,僅供外用。避免接觸眼睛、黏膜、破皮或傷口；特殊族群使用前請先諮詢專業人員。,2 歲以下、孕哺、過敏體質、抗凝血藥使用者請先詢問專業人員。,根治|治療疾病|消炎治本|打通經絡|一擦就好|保證有效|深層修復|替代藥物
Facebook_LINE293,LINE293,Facebook,2026-10-28,12:00,為什麼我們不說神效,H,中,pending_legal_pharmacist_review,false,【為什麼我們不說神效】,"【為什麼我們不說神效】

重視藥證、成分、品質與合法性的消費者常會遇到這種情境：為什麼我們不說神效。

這則貼文要傳達的重點很簡單：一條根外用油膏不是神奇療法，適合放在「強調藥證、標示、保守宣稱與人工審核流程」這個保守邊界裡溝通。使用時請先看標示，薄擦於需要保養的局部，搭配輕柔按摩即可，不需要追求厚敷或過度刺激。

安全提醒：所有廣告文案仍須依主管機關與專業人員審核。

本產品為外用油膏，請依核准標示使用；若症狀持續或惡化，請諮詢醫師或藥師。

CTA：收藏提醒","【為什麼我們不說神效】

重視藥證、成分、品質與合法性的消費者常會遇到這種情境：為什麼我們不說神效。

這則貼文要傳達的重點很簡單：一條根外用油膏不是神奇療法，適合放在「強調藥證、標示、保守宣稱與人工審核流程」這個保守邊界裡溝通。使用時請先看標示，薄擦於需要保養的局部，搭配輕柔按摩即可，不需要追求厚敷或過度刺激。

安全提醒：所有廣告文案仍須依主管機關與專業人員審核。

本產品為外用油膏，請依核准標示使用；若症狀持續或惡化，請諮詢醫師或藥師。

CTA：收藏提醒",#藥證可查 #品牌透明 #合法宣傳 #成分透明,圖1：【為什麼我們不說神效】｜圖2：強調藥證、標示、保守宣稱與人工審核流程｜圖3：所有廣告文案仍須依主管機關與專業人員審核。,本產品為外用油膏，請依核准標示使用；若症狀持續或惡化，請諮詢醫師或藥師。,所有廣告文案仍須依主管機關與專業人員審核。,根治|治療疾病|消炎治本|打通經絡|一擦就好|保證有效|深層修復|替代藥物
Facebook_LINE294,LINE294,Facebook,2026-10-28,20:00,你習慣運動前還是運動後保養,G,低,pending_legal_pharmacist_review,false,【你習慣運動前還是運動後保養】,"【你習慣運動前還是運動後保養】

LINE OA 好友、回購客與新客常會遇到這種情境：你習慣運動前還是運動後保養。

這則貼文要傳達的重點很簡單：一條根外用油膏不是神奇療法，適合放在「用問答降低誤用，讓使用者知道何時該詢問專業人員」這個保守邊界裡溝通。使用時請先看標示，薄擦於需要保養的局部，搭配輕柔按摩即可，不需要追求厚敷或過度刺激。

安全提醒：互動回答不取代醫師或藥師建議。

本內容為一般生活保健資訊，非醫療診斷或治療建議。

CTA：留言互動","【你習慣運動前還是運動後保養】

LINE OA 好友、回購客與新客常會遇到這種情境：你習慣運動前還是運動後保養。

這則貼文要傳達的重點很簡單：一條根外用油膏不是神奇療法，適合放在「用問答降低誤用，讓使用者知道何時該詢問專業人員」這個保守邊界裡溝通。使用時請先看標示，薄擦於需要保養的局部，搭配輕柔按摩即可，不需要追求厚敷或過度刺激。

安全提醒：互動回答不取代醫師或藥師建議。

本內容為一般生活保健資訊，非醫療診斷或治療建議。

CTA：留言互動",#互動問答 #保養知識 #使用小提醒 #金牌一條根,圖1：【你習慣運動前還是運動後保養】｜圖2：用問答降低誤用，讓使用者知道何時該詢問專業人員｜圖3：互動回答不取代醫師或藥師建議。,本內容為一般生活保健資訊，非醫療診斷或治療建議。,互動回答不取代醫師或藥師建議。,根治|治療疾病|消炎治本|打通經絡|一擦就好|保證有效|深層修復|替代藥物
Facebook_LINE295,LINE295,Facebook,2026-10-29,12:00,搬重物後腰背保養,C,中,pending_legal_pharmacist_review,false,【搬重物後腰背保養】,"【搬重物後腰背保養】

運動族、搬重物、久站與勞動工作者常會遇到這種情境：搬重物後腰背保養。

這則貼文要傳達的重點很簡單：一條根外用油膏不是神奇療法，適合放在「運動或勞動後的局部肌肉痠痛，可短期按摩舒緩」這個保守邊界裡溝通。使用時請先看標示，薄擦於需要保養的局部，搭配輕柔按摩即可，不需要追求厚敷或過度刺激。

安全提醒：明顯腫脹、劇痛、活動受限或疑似受傷時，請先就醫。

本產品為外用油膏，請依核准標示使用；若症狀持續或惡化，請諮詢醫師或藥師。

CTA：收藏提醒","【搬重物後腰背保養】

運動族、搬重物、久站與勞動工作者常會遇到這種情境：搬重物後腰背保養。

這則貼文要傳達的重點很簡單：一條根外用油膏不是神奇療法，適合放在「運動或勞動後的局部肌肉痠痛，可短期按摩舒緩」這個保守邊界裡溝通。使用時請先看標示，薄擦於需要保養的局部，搭配輕柔按摩即可，不需要追求厚敷或過度刺激。

安全提醒：明顯腫脹、劇痛、活動受限或疑似受傷時，請先就醫。

本產品為外用油膏，請依核准標示使用；若症狀持續或惡化，請諮詢醫師或藥師。

CTA：收藏提醒",#運動後保養 #局部按摩 #肌肉痠痛 #依標示使用,圖1：【搬重物後腰背保養】｜圖2：運動或勞動後的局部肌肉痠痛，可短期按摩舒緩｜圖3：明顯腫脹、劇痛、活動受限或疑似受傷時，請先就醫。,本產品為外用油膏，請依核准標示使用；若症狀持續或惡化，請諮詢醫師或藥師。,明顯腫脹、劇痛、活動受限或疑似受傷時，請先就醫。,根治|治療疾病|消炎治本|打通經絡|一擦就好|保證有效|深層修復|替代藥物
Facebook_LINE296,LINE296,Facebook,2026-10-29,20:00,樟腦外用時的注意界線,A,中,pending_legal_pharmacist_review,false,【樟腦外用時的注意界線】,"【樟腦外用時的注意界線】

已購買或正在觀望的一條根使用者常會遇到這種情境：樟腦外用時的注意界線。

這則貼文要傳達的重點很簡單：一條根外用油膏不是神奇療法，適合放在「依標示外用，提供局部按摩與暫時舒緩體感」這個保守邊界裡溝通。使用時請先看標示，薄擦於需要保養的局部，搭配輕柔按摩即可，不需要追求厚敷或過度刺激。

安全提醒：僅供外用；避免眼周、黏膜、破皮或傷口。

本產品為外用油膏，請依核准標示使用；若症狀持續或惡化，請諮詢醫師或藥師。

CTA：私訊/了解更多","【樟腦外用時的注意界線】

已購買或正在觀望的一條根使用者常會遇到這種情境：樟腦外用時的注意界線。

這則貼文要傳達的重點很簡單：一條根外用油膏不是神奇療法，適合放在「依標示外用，提供局部按摩與暫時舒緩體感」這個保守邊界裡溝通。使用時請先看標示，薄擦於需要保養的局部，搭配輕柔按摩即可，不需要追求厚敷或過度刺激。

安全提醒：僅供外用；避免眼周、黏膜、破皮或傷口。

本產品為外用油膏，請依核准標示使用；若症狀持續或惡化，請諮詢醫師或藥師。

CTA：私訊/了解更多",#金牌一條根 #外用油膏 #成分透明 #依標示使用,圖1：【樟腦外用時的注意界線】｜圖2：依標示外用，提供局部按摩與暫時舒緩體感｜圖3：僅供外用；避免眼周、黏膜、破皮或傷口。,本產品為外用油膏，請依核准標示使用；若症狀持續或惡化，請諮詢醫師或藥師。,僅供外用；避免眼周、黏膜、破皮或傷口。,根治|治療疾病|消炎治本|打通經絡|一擦就好|保證有效|深層修復|替代藥物
Facebook_LINE297,LINE297,Facebook,2026-10-30,12:00,輕微關節痠痛與疾病治療要分開,D,中,pending_legal_pharmacist_review,false,【輕微關節痠痛與疾病治療要分開】,"【輕微關節痠痛與疾病治療要分開】

40-70 歲注重日常活動舒適度的族群常會遇到這種情境：輕微關節痠痛與疾病治療要分開。

這則貼文要傳達的重點很簡單：一條根外用油膏不是神奇療法，適合放在「輕微關節痠痛可短期舒緩，但不可宣稱治療疾病」這個保守邊界裡溝通。使用時請先看標示，薄擦於需要保養的局部，搭配輕柔按摩即可，不需要追求厚敷或過度刺激。

安全提醒：關節腫痛、紅熱、長期疼痛或行走困難，請就醫評估。

本產品為外用油膏，請依核准標示使用；若症狀持續或惡化，請諮詢醫師或藥師。

CTA：收藏提醒","【輕微關節痠痛與疾病治療要分開】

40-70 歲注重日常活動舒適度的族群常會遇到這種情境：輕微關節痠痛與疾病治療要分開。

這則貼文要傳達的重點很簡單：一條根外用油膏不是神奇療法，適合放在「輕微關節痠痛可短期舒緩，但不可宣稱治療疾病」這個保守邊界裡溝通。使用時請先看標示，薄擦於需要保養的局部，搭配輕柔按摩即可，不需要追求厚敷或過度刺激。

安全提醒：關節腫痛、紅熱、長期疼痛或行走困難，請就醫評估。

本產品為外用油膏，請依核准標示使用；若症狀持續或惡化，請諮詢醫師或藥師。

CTA：收藏提醒",#銀髮保養 #活動舒適 #輕微痠痛 #依標示使用,圖1：【輕微關節痠痛與疾病治療要分開】｜圖2：輕微關節痠痛可短期舒緩，但不可宣稱治療疾病｜圖3：關節腫痛、紅熱、長期疼痛或行走困難，請就醫評估。,本產品為外用油膏，請依核准標示使用；若症狀持續或惡化，請諮詢醫師或藥師。,關節腫痛、紅熱、長期疼痛或行走困難，請就醫評估。,根治|治療疾病|消炎治本|打通經絡|一擦就好|保證有效|深層修復|替代藥物
Facebook_LINE298,LINE298,Facebook,2026-10-30,20:00,不要搭配熱敷墊或電毯,E,高,pending_legal_pharmacist_review,false,【不要搭配熱敷墊或電毯】,"【不要搭配熱敷墊或電毯】

所有使用者、照護者與家庭購買者常會遇到這種情境：不要搭配熱敷墊或電毯。

這則貼文要傳達的重點很簡單：一條根外用油膏不是神奇療法，適合放在「安全使用比用得多更重要，依標示與風險族群提醒」這個保守邊界裡溝通。使用時請先看標示，薄擦於需要保養的局部，搭配輕柔按摩即可，不需要追求厚敷或過度刺激。

安全提醒：2 歲以下、孕哺、過敏體質、抗凝血藥使用者請先詢問專業人員。

僅供外用。避免接觸眼睛、黏膜、破皮或傷口；特殊族群使用前請先諮詢專業人員。

CTA：私訊/了解更多","【不要搭配熱敷墊或電毯】

所有使用者、照護者與家庭購買者常會遇到這種情境：不要搭配熱敷墊或電毯。

這則貼文要傳達的重點很簡單：一條根外用油膏不是神奇療法，適合放在「安全使用比用得多更重要，依標示與風險族群提醒」這個保守邊界裡溝通。使用時請先看標示，薄擦於需要保養的局部，搭配輕柔按摩即可，不需要追求厚敷或過度刺激。

安全提醒：2 歲以下、孕哺、過敏體質、抗凝血藥使用者請先詢問專業人員。

僅供外用。避免接觸眼睛、黏膜、破皮或傷口；特殊族群使用前請先諮詢專業人員。

CTA：私訊/了解更多",#外用安全 #用藥安全 #使用前看標示 #諮詢醫師藥師,圖1：【不要搭配熱敷墊或電毯】｜圖2：安全使用比用得多更重要，依標示與風險族群提醒｜圖3：2 歲以下、孕哺、過敏體質、抗凝血藥使用者請先詢問專業人員。,僅供外用。避免接觸眼睛、黏膜、破皮或傷口；特殊族群使用前請先諮詢專業人員。,2 歲以下、孕哺、過敏體質、抗凝血藥使用者請先詢問專業人員。,根治|治療疾病|消炎治本|打通經絡|一擦就好|保證有效|深層修復|替代藥物
Facebook_LINE299,LINE299,Facebook,2026-10-31,12:00,小暑前後活動舒適提醒,F,低,pending_legal_pharmacist_review,false,【小暑前後活動舒適提醒】,"【小暑前後活動舒適提醒】

喜歡養生、節氣與日常保健的 LINE 讀者常會遇到這種情境：小暑前後活動舒適提醒。

這則貼文要傳達的重點很簡單：一條根外用油膏不是神奇療法，適合放在「以生活保健與身體覺察為主，不做醫療療效宣稱」這個保守邊界裡溝通。使用時請先看標示，薄擦於需要保養的局部，搭配輕柔按摩即可，不需要追求厚敷或過度刺激。

安全提醒：節氣養生屬一般生活資訊，身體不適仍應諮詢專業人員。

本內容為一般生活保健資訊，非醫療診斷或治療建議。

CTA：收藏提醒","【小暑前後活動舒適提醒】

喜歡養生、節氣與日常保健的 LINE 讀者常會遇到這種情境：小暑前後活動舒適提醒。

這則貼文要傳達的重點很簡單：一條根外用油膏不是神奇療法，適合放在「以生活保健與身體覺察為主，不做醫療療效宣稱」這個保守邊界裡溝通。使用時請先看標示，薄擦於需要保養的局部，搭配輕柔按摩即可，不需要追求厚敷或過度刺激。

安全提醒：節氣養生屬一般生活資訊，身體不適仍應諮詢專業人員。

本內容為一般生活保健資訊，非醫療診斷或治療建議。

CTA：收藏提醒",#節氣保養 #生活保健 #日常保養 #身體覺察,圖1：【小暑前後活動舒適提醒】｜圖2：以生活保健與身體覺察為主，不做醫療療效宣稱｜圖3：節氣養生屬一般生活資訊，身體不適仍應諮詢專業人員。,本內容為一般生活保健資訊，非醫療診斷或治療建議。,節氣養生屬一般生活資訊，身體不適仍應諮詢專業人員。,根治|治療疾病|消炎治本|打通經絡|一擦就好|保證有效|深層修復|替代藥物
Facebook_LINE300,LINE300,Facebook,2026-10-31,20:00,爬山後腿部按摩提醒,C,中,pending_legal_pharmacist_review,false,【爬山後腿部按摩提醒】,"【爬山後腿部按摩提醒】

運動族、搬重物、久站與勞動工作者常會遇到這種情境：爬山後腿部按摩提醒。

這則貼文要傳達的重點很簡單：一條根外用油膏不是神奇療法，適合放在「運動或勞動後的局部肌肉痠痛，可短期按摩舒緩」這個保守邊界裡溝通。使用時請先看標示，薄擦於需要保養的局部，搭配輕柔按摩即可，不需要追求厚敷或過度刺激。

安全提醒：明顯腫脹、劇痛、活動受限或疑似受傷時，請先就醫。

本產品為外用油膏，請依核准標示使用；若症狀持續或惡化，請諮詢醫師或藥師。

CTA：私訊/了解更多","【爬山後腿部按摩提醒】

運動族、搬重物、久站與勞動工作者常會遇到這種情境：爬山後腿部按摩提醒。

這則貼文要傳達的重點很簡單：一條根外用油膏不是神奇療法，適合放在「運動或勞動後的局部肌肉痠痛，可短期按摩舒緩」這個保守邊界裡溝通。使用時請先看標示，薄擦於需要保養的局部，搭配輕柔按摩即可，不需要追求厚敷或過度刺激。

安全提醒：明顯腫脹、劇痛、活動受限或疑似受傷時，請先就醫。

本產品為外用油膏，請依核准標示使用；若症狀持續或惡化，請諮詢醫師或藥師。

CTA：私訊/了解更多",#運動後保養 #局部按摩 #肌肉痠痛 #依標示使用,圖1：【爬山後腿部按摩提醒】｜圖2：運動或勞動後的局部肌肉痠痛，可短期按摩舒緩｜圖3：明顯腫脹、劇痛、活動受限或疑似受傷時，請先就醫。,本產品為外用油膏，請依核准標示使用；若症狀持續或惡化，請諮詢醫師或藥師。,明顯腫脹、劇痛、活動受限或疑似受傷時，請先就醫。,根治|治療疾病|消炎治本|打通經絡|一擦就好|保證有效|深層修復|替代藥物
Facebook_LINE301,LINE301,Facebook,2026-11-01,12:00,外用膏一次擦多少才剛好,G,低,pending_legal_pharmacist_review,false,【外用膏一次擦多少才剛好】,"【外用膏一次擦多少才剛好】

LINE OA 好友、回購客與新客常會遇到這種情境：外用膏一次擦多少才剛好。

這則貼文要傳達的重點很簡單：一條根外用油膏不是神奇療法，適合放在「用問答降低誤用，讓使用者知道何時該詢問專業人員」這個保守邊界裡溝通。使用時請先看標示，薄擦於需要保養的局部，搭配輕柔按摩即可，不需要追求厚敷或過度刺激。

安全提醒：互動回答不取代醫師或藥師建議。

本內容為一般生活保健資訊，非醫療診斷或治療建議。

CTA：留言互動","【外用膏一次擦多少才剛好】

LINE OA 好友、回購客與新客常會遇到這種情境：外用膏一次擦多少才剛好。

這則貼文要傳達的重點很簡單：一條根外用油膏不是神奇療法，適合放在「用問答降低誤用，讓使用者知道何時該詢問專業人員」這個保守邊界裡溝通。使用時請先看標示，薄擦於需要保養的局部，搭配輕柔按摩即可，不需要追求厚敷或過度刺激。

安全提醒：互動回答不取代醫師或藥師建議。

本內容為一般生活保健資訊，非醫療診斷或治療建議。

CTA：留言互動",#互動問答 #保養知識 #使用小提醒 #金牌一條根,圖1：【外用膏一次擦多少才剛好】｜圖2：用問答降低誤用，讓使用者知道何時該詢問專業人員｜圖3：互動回答不取代醫師或藥師建議。,本內容為一般生活保健資訊，非醫療診斷或治療建議。,互動回答不取代醫師或藥師建議。,根治|治療疾病|消炎治本|打通經絡|一擦就好|保證有效|深層修復|替代藥物
Facebook_LINE302,LINE302,Facebook,2026-11-01,20:00,散步後的膝周保養,D,中,pending_legal_pharmacist_review,false,【散步後的膝周保養】,"【散步後的膝周保養】

40-70 歲注重日常活動舒適度的族群常會遇到這種情境：散步後的膝周保養。

這則貼文要傳達的重點很簡單：一條根外用油膏不是神奇療法，適合放在「輕微關節痠痛可短期舒緩，但不可宣稱治療疾病」這個保守邊界裡溝通。使用時請先看標示，薄擦於需要保養的局部，搭配輕柔按摩即可，不需要追求厚敷或過度刺激。

安全提醒：關節腫痛、紅熱、長期疼痛或行走困難，請就醫評估。

本產品為外用油膏，請依核准標示使用；若症狀持續或惡化，請諮詢醫師或藥師。

CTA：私訊/了解更多","【散步後的膝周保養】

40-70 歲注重日常活動舒適度的族群常會遇到這種情境：散步後的膝周保養。

這則貼文要傳達的重點很簡單：一條根外用油膏不是神奇療法，適合放在「輕微關節痠痛可短期舒緩，但不可宣稱治療疾病」這個保守邊界裡溝通。使用時請先看標示，薄擦於需要保養的局部，搭配輕柔按摩即可，不需要追求厚敷或過度刺激。

安全提醒：關節腫痛、紅熱、長期疼痛或行走困難，請就醫評估。

本產品為外用油膏，請依核准標示使用；若症狀持續或惡化，請諮詢醫師或藥師。

CTA：私訊/了解更多",#銀髮保養 #活動舒適 #輕微痠痛 #依標示使用,圖1：【散步後的膝周保養】｜圖2：輕微關節痠痛可短期舒緩，但不可宣稱治療疾病｜圖3：關節腫痛、紅熱、長期疼痛或行走困難，請就醫評估。,本產品為外用油膏，請依核准標示使用；若症狀持續或惡化，請諮詢醫師或藥師。,關節腫痛、紅熱、長期疼痛或行走困難，請就醫評估。,根治|治療疾病|消炎治本|打通經絡|一擦就好|保證有效|深層修復|替代藥物
Facebook_LINE303,LINE303,Facebook,2026-11-02,12:00,午休前的肩頸放鬆流程,B,低,pending_legal_pharmacist_review,false,【午休前的肩頸放鬆流程】,"【午休前的肩頸放鬆流程】

長時間低頭、久坐、用電腦的上班族常會遇到這種情境：午休前的肩頸放鬆流程。

這則貼文要傳達的重點很簡單：一條根外用油膏不是神奇療法，適合放在「久坐低頭後，可搭配伸展與局部按摩舒緩緊繃不適」這個保守邊界裡溝通。使用時請先看標示，薄擦於需要保養的局部，搭配輕柔按摩即可，不需要追求厚敷或過度刺激。

安全提醒：若痠痛持續、麻木或影響活動，請諮詢醫師或藥師。

本內容為一般生活保健資訊，非醫療診斷或治療建議。

CTA：收藏提醒","【午休前的肩頸放鬆流程】

長時間低頭、久坐、用電腦的上班族常會遇到這種情境：午休前的肩頸放鬆流程。

這則貼文要傳達的重點很簡單：一條根外用油膏不是神奇療法，適合放在「久坐低頭後，可搭配伸展與局部按摩舒緩緊繃不適」這個保守邊界裡溝通。使用時請先看標示，薄擦於需要保養的局部，搭配輕柔按摩即可，不需要追求厚敷或過度刺激。

安全提醒：若痠痛持續、麻木或影響活動，請諮詢醫師或藥師。

本內容為一般生活保健資訊，非醫療診斷或治療建議。

CTA：收藏提醒",#肩頸保養 #久坐族 #日常舒緩 #依標示使用,圖1：【午休前的肩頸放鬆流程】｜圖2：久坐低頭後，可搭配伸展與局部按摩舒緩緊繃不適｜圖3：若痠痛持續、麻木或影響活動，請諮詢醫師或藥師。,本內容為一般生活保健資訊，非醫療診斷或治療建議。,若痠痛持續、麻木或影響活動，請諮詢醫師或藥師。,根治|治療疾病|消炎治本|打通經絡|一擦就好|保證有效|深層修復|替代藥物
Facebook_LINE304,LINE304,Facebook,2026-11-02,20:00,油膏劑為什麼適合局部按摩,A,中,pending_legal_pharmacist_review,false,【油膏劑為什麼適合局部按摩】,"【油膏劑為什麼適合局部按摩】

已購買或正在觀望的一條根使用者常會遇到這種情境：油膏劑為什麼適合局部按摩。

這則貼文要傳達的重點很簡單：一條根外用油膏不是神奇療法，適合放在「依標示外用，提供局部按摩與暫時舒緩體感」這個保守邊界裡溝通。使用時請先看標示，薄擦於需要保養的局部，搭配輕柔按摩即可，不需要追求厚敷或過度刺激。

安全提醒：僅供外用；避免眼周、黏膜、破皮或傷口。

本產品為外用油膏，請依核准標示使用；若症狀持續或惡化，請諮詢醫師或藥師。

CTA：私訊/了解更多","【油膏劑為什麼適合局部按摩】

已購買或正在觀望的一條根使用者常會遇到這種情境：油膏劑為什麼適合局部按摩。

這則貼文要傳達的重點很簡單：一條根外用油膏不是神奇療法，適合放在「依標示外用，提供局部按摩與暫時舒緩體感」這個保守邊界裡溝通。使用時請先看標示，薄擦於需要保養的局部，搭配輕柔按摩即可，不需要追求厚敷或過度刺激。

安全提醒：僅供外用；避免眼周、黏膜、破皮或傷口。

本產品為外用油膏，請依核准標示使用；若症狀持續或惡化，請諮詢醫師或藥師。

CTA：私訊/了解更多",#金牌一條根 #外用油膏 #成分透明 #依標示使用,圖1：【油膏劑為什麼適合局部按摩】｜圖2：依標示外用，提供局部按摩與暫時舒緩體感｜圖3：僅供外用；避免眼周、黏膜、破皮或傷口。,本產品為外用油膏，請依核准標示使用；若症狀持續或惡化，請諮詢醫師或藥師。,僅供外用；避免眼周、黏膜、破皮或傷口。,根治|治療疾病|消炎治本|打通經絡|一擦就好|保證有效|深層修復|替代藥物
Facebook_LINE305,LINE305,Facebook,2026-11-03,12:00,大暑午後少久站硬撐,F,低,pending_legal_pharmacist_review,false,【大暑午後少久站硬撐】,"【大暑午後少久站硬撐】

喜歡養生、節氣與日常保健的 LINE 讀者常會遇到這種情境：大暑午後少久站硬撐。

這則貼文要傳達的重點很簡單：一條根外用油膏不是神奇療法，適合放在「以生活保健與身體覺察為主，不做醫療療效宣稱」這個保守邊界裡溝通。使用時請先看標示，薄擦於需要保養的局部，搭配輕柔按摩即可，不需要追求厚敷或過度刺激。

安全提醒：節氣養生屬一般生活資訊，身體不適仍應諮詢專業人員。

本內容為一般生活保健資訊，非醫療診斷或治療建議。

CTA：收藏提醒","【大暑午後少久站硬撐】

喜歡養生、節氣與日常保健的 LINE 讀者常會遇到這種情境：大暑午後少久站硬撐。

這則貼文要傳達的重點很簡單：一條根外用油膏不是神奇療法，適合放在「以生活保健與身體覺察為主，不做醫療療效宣稱」這個保守邊界裡溝通。使用時請先看標示，薄擦於需要保養的局部，搭配輕柔按摩即可，不需要追求厚敷或過度刺激。

安全提醒：節氣養生屬一般生活資訊，身體不適仍應諮詢專業人員。

本內容為一般生活保健資訊，非醫療診斷或治療建議。

CTA：收藏提醒",#節氣保養 #生活保健 #日常保養 #身體覺察,圖1：【大暑午後少久站硬撐】｜圖2：以生活保健與身體覺察為主，不做醫療療效宣稱｜圖3：節氣養生屬一般生活資訊，身體不適仍應諮詢專業人員。,本內容為一般生活保健資訊，非醫療診斷或治療建議。,節氣養生屬一般生活資訊，身體不適仍應諮詢專業人員。,根治|治療疾病|消炎治本|打通經絡|一擦就好|保證有效|深層修復|替代藥物
Facebook_LINE306,LINE306,Facebook,2026-11-03,20:00,不要密封包紮或大面積厚敷,E,高,pending_legal_pharmacist_review,false,【不要密封包紮或大面積厚敷】,"【不要密封包紮或大面積厚敷】

所有使用者、照護者與家庭購買者常會遇到這種情境：不要密封包紮或大面積厚敷。

這則貼文要傳達的重點很簡單：一條根外用油膏不是神奇療法，適合放在「安全使用比用得多更重要，依標示與風險族群提醒」這個保守邊界裡溝通。使用時請先看標示，薄擦於需要保養的局部，搭配輕柔按摩即可，不需要追求厚敷或過度刺激。

安全提醒：2 歲以下、孕哺、過敏體質、抗凝血藥使用者請先詢問專業人員。

僅供外用。避免接觸眼睛、黏膜、破皮或傷口；特殊族群使用前請先諮詢專業人員。

CTA：私訊/了解更多","【不要密封包紮或大面積厚敷】

所有使用者、照護者與家庭購買者常會遇到這種情境：不要密封包紮或大面積厚敷。

這則貼文要傳達的重點很簡單：一條根外用油膏不是神奇療法，適合放在「安全使用比用得多更重要，依標示與風險族群提醒」這個保守邊界裡溝通。使用時請先看標示，薄擦於需要保養的局部，搭配輕柔按摩即可，不需要追求厚敷或過度刺激。

安全提醒：2 歲以下、孕哺、過敏體質、抗凝血藥使用者請先詢問專業人員。

僅供外用。避免接觸眼睛、黏膜、破皮或傷口；特殊族群使用前請先諮詢專業人員。

CTA：私訊/了解更多",#外用安全 #用藥安全 #使用前看標示 #諮詢醫師藥師,圖1：【不要密封包紮或大面積厚敷】｜圖2：安全使用比用得多更重要，依標示與風險族群提醒｜圖3：2 歲以下、孕哺、過敏體質、抗凝血藥使用者請先詢問專業人員。,僅供外用。避免接觸眼睛、黏膜、破皮或傷口；特殊族群使用前請先諮詢專業人員。,2 歲以下、孕哺、過敏體質、抗凝血藥使用者請先詢問專業人員。,根治|治療疾病|消炎治本|打通經絡|一擦就好|保證有效|深層修復|替代藥物
Facebook_LINE307,LINE307,Facebook,2026-11-04,12:00,藥證可查代表什麼,H,中,pending_legal_pharmacist_review,false,【藥證可查代表什麼】,"【藥證可查代表什麼】

重視藥證、成分、品質與合法性的消費者常會遇到這種情境：藥證可查代表什麼。

這則貼文要傳達的重點很簡單：一條根外用油膏不是神奇療法，適合放在「強調藥證、標示、保守宣稱與人工審核流程」這個保守邊界裡溝通。使用時請先看標示，薄擦於需要保養的局部，搭配輕柔按摩即可，不需要追求厚敷或過度刺激。

安全提醒：所有廣告文案仍須依主管機關與專業人員審核。

本產品為外用油膏，請依核准標示使用；若症狀持續或惡化，請諮詢醫師或藥師。

CTA：收藏提醒","【藥證可查代表什麼】

重視藥證、成分、品質與合法性的消費者常會遇到這種情境：藥證可查代表什麼。

這則貼文要傳達的重點很簡單：一條根外用油膏不是神奇療法，適合放在「強調藥證、標示、保守宣稱與人工審核流程」這個保守邊界裡溝通。使用時請先看標示，薄擦於需要保養的局部，搭配輕柔按摩即可，不需要追求厚敷或過度刺激。

安全提醒：所有廣告文案仍須依主管機關與專業人員審核。

本產品為外用油膏，請依核准標示使用；若症狀持續或惡化，請諮詢醫師或藥師。

CTA：收藏提醒",#藥證可查 #品牌透明 #合法宣傳 #成分透明,圖1：【藥證可查代表什麼】｜圖2：強調藥證、標示、保守宣稱與人工審核流程｜圖3：所有廣告文案仍須依主管機關與專業人員審核。,本產品為外用油膏，請依核准標示使用；若症狀持續或惡化，請諮詢醫師或藥師。,所有廣告文案仍須依主管機關與專業人員審核。,根治|治療疾病|消炎治本|打通經絡|一擦就好|保證有效|深層修復|替代藥物
Facebook_LINE308,LINE308,Facebook,2026-11-04,20:00,涼感越強越有效嗎,G,低,pending_legal_pharmacist_review,false,【涼感越強越有效嗎】,"【涼感越強越有效嗎】

LINE OA 好友、回購客與新客常會遇到這種情境：涼感越強越有效嗎。

這則貼文要傳達的重點很簡單：一條根外用油膏不是神奇療法，適合放在「用問答降低誤用，讓使用者知道何時該詢問專業人員」這個保守邊界裡溝通。使用時請先看標示，薄擦於需要保養的局部，搭配輕柔按摩即可，不需要追求厚敷或過度刺激。

安全提醒：互動回答不取代醫師或藥師建議。

本內容為一般生活保健資訊，非醫療診斷或治療建議。

CTA：留言互動","【涼感越強越有效嗎】

LINE OA 好友、回購客與新客常會遇到這種情境：涼感越強越有效嗎。

這則貼文要傳達的重點很簡單：一條根外用油膏不是神奇療法，適合放在「用問答降低誤用，讓使用者知道何時該詢問專業人員」這個保守邊界裡溝通。使用時請先看標示，薄擦於需要保養的局部，搭配輕柔按摩即可，不需要追求厚敷或過度刺激。

安全提醒：互動回答不取代醫師或藥師建議。

本內容為一般生活保健資訊，非醫療診斷或治療建議。

CTA：留言互動",#互動問答 #保養知識 #使用小提醒 #金牌一條根,圖1：【涼感越強越有效嗎】｜圖2：用問答降低誤用，讓使用者知道何時該詢問專業人員｜圖3：互動回答不取代醫師或藥師建議。,本內容為一般生活保健資訊，非醫療診斷或治療建議。,互動回答不取代醫師或藥師建議。,根治|治療疾病|消炎治本|打通經絡|一擦就好|保證有效|深層修復|替代藥物
Facebook_LINE309,LINE309,Facebook,2026-11-05,12:00,重訓後肩背局部舒緩,C,中,pending_legal_pharmacist_review,false,【重訓後肩背局部舒緩】,"【重訓後肩背局部舒緩】

運動族、搬重物、久站與勞動工作者常會遇到這種情境：重訓後肩背局部舒緩。

這則貼文要傳達的重點很簡單：一條根外用油膏不是神奇療法，適合放在「運動或勞動後的局部肌肉痠痛，可短期按摩舒緩」這個保守邊界裡溝通。使用時請先看標示，薄擦於需要保養的局部，搭配輕柔按摩即可，不需要追求厚敷或過度刺激。

安全提醒：明顯腫脹、劇痛、活動受限或疑似受傷時，請先就醫。

本產品為外用油膏，請依核准標示使用；若症狀持續或惡化，請諮詢醫師或藥師。

CTA：收藏提醒","【重訓後肩背局部舒緩】

運動族、搬重物、久站與勞動工作者常會遇到這種情境：重訓後肩背局部舒緩。

這則貼文要傳達的重點很簡單：一條根外用油膏不是神奇療法，適合放在「運動或勞動後的局部肌肉痠痛，可短期按摩舒緩」這個保守邊界裡溝通。使用時請先看標示，薄擦於需要保養的局部，搭配輕柔按摩即可，不需要追求厚敷或過度刺激。

安全提醒：明顯腫脹、劇痛、活動受限或疑似受傷時，請先就醫。

本產品為外用油膏，請依核准標示使用；若症狀持續或惡化，請諮詢醫師或藥師。

CTA：收藏提醒",#運動後保養 #局部按摩 #肌肉痠痛 #依標示使用,圖1：【重訓後肩背局部舒緩】｜圖2：運動或勞動後的局部肌肉痠痛，可短期按摩舒緩｜圖3：明顯腫脹、劇痛、活動受限或疑似受傷時，請先就醫。,本產品為外用油膏，請依核准標示使用；若症狀持續或惡化，請諮詢醫師或藥師。,明顯腫脹、劇痛、活動受限或疑似受傷時，請先就醫。,根治|治療疾病|消炎治本|打通經絡|一擦就好|保證有效|深層修復|替代藥物
Facebook_LINE310,LINE310,Facebook,2026-11-05,20:00,乙類成藥與一般保健品差異,A,中,pending_legal_pharmacist_review,false,【乙類成藥與一般保健品差異】,"【乙類成藥與一般保健品差異】

已購買或正在觀望的一條根使用者常會遇到這種情境：乙類成藥與一般保健品差異。

這則貼文要傳達的重點很簡單：一條根外用油膏不是神奇療法，適合放在「依標示外用，提供局部按摩與暫時舒緩體感」這個保守邊界裡溝通。使用時請先看標示，薄擦於需要保養的局部，搭配輕柔按摩即可，不需要追求厚敷或過度刺激。

安全提醒：僅供外用；避免眼周、黏膜、破皮或傷口。

本產品為外用油膏，請依核准標示使用；若症狀持續或惡化，請諮詢醫師或藥師。

CTA：私訊/了解更多","【乙類成藥與一般保健品差異】

已購買或正在觀望的一條根使用者常會遇到這種情境：乙類成藥與一般保健品差異。

這則貼文要傳達的重點很簡單：一條根外用油膏不是神奇療法，適合放在「依標示外用，提供局部按摩與暫時舒緩體感」這個保守邊界裡溝通。使用時請先看標示，薄擦於需要保養的局部，搭配輕柔按摩即可，不需要追求厚敷或過度刺激。

安全提醒：僅供外用；避免眼周、黏膜、破皮或傷口。

本產品為外用油膏，請依核准標示使用；若症狀持續或惡化，請諮詢醫師或藥師。

CTA：私訊/了解更多",#金牌一條根 #外用油膏 #成分透明 #依標示使用,圖1：【乙類成藥與一般保健品差異】｜圖2：依標示外用，提供局部按摩與暫時舒緩體感｜圖3：僅供外用；避免眼周、黏膜、破皮或傷口。,本產品為外用油膏，請依核准標示使用；若症狀持續或惡化，請諮詢醫師或藥師。,僅供外用；避免眼周、黏膜、破皮或傷口。,根治|治療疾病|消炎治本|打通經絡|一擦就好|保證有效|深層修復|替代藥物
Facebook_LINE311,LINE311,Facebook,2026-11-06,12:00,天氣變化時的活動舒適感,D,中,pending_legal_pharmacist_review,false,【天氣變化時的活動舒適感】,"【天氣變化時的活動舒適感】

40-70 歲注重日常活動舒適度的族群常會遇到這種情境：天氣變化時的活動舒適感。

這則貼文要傳達的重點很簡單：一條根外用油膏不是神奇療法，適合放在「輕微關節痠痛可短期舒緩，但不可宣稱治療疾病」這個保守邊界裡溝通。使用時請先看標示，薄擦於需要保養的局部，搭配輕柔按摩即可，不需要追求厚敷或過度刺激。

安全提醒：關節腫痛、紅熱、長期疼痛或行走困難，請就醫評估。

本產品為外用油膏，請依核准標示使用；若症狀持續或惡化，請諮詢醫師或藥師。

CTA：收藏提醒","【天氣變化時的活動舒適感】

40-70 歲注重日常活動舒適度的族群常會遇到這種情境：天氣變化時的活動舒適感。

這則貼文要傳達的重點很簡單：一條根外用油膏不是神奇療法，適合放在「輕微關節痠痛可短期舒緩，但不可宣稱治療疾病」這個保守邊界裡溝通。使用時請先看標示，薄擦於需要保養的局部，搭配輕柔按摩即可，不需要追求厚敷或過度刺激。

安全提醒：關節腫痛、紅熱、長期疼痛或行走困難，請就醫評估。

本產品為外用油膏，請依核准標示使用；若症狀持續或惡化，請諮詢醫師或藥師。

CTA：收藏提醒",#銀髮保養 #活動舒適 #輕微痠痛 #依標示使用,圖1：【天氣變化時的活動舒適感】｜圖2：輕微關節痠痛可短期舒緩，但不可宣稱治療疾病｜圖3：關節腫痛、紅熱、長期疼痛或行走困難，請就醫評估。,本產品為外用油膏，請依核准標示使用；若症狀持續或惡化，請諮詢醫師或藥師。,關節腫痛、紅熱、長期疼痛或行走困難，請就醫評估。,根治|治療疾病|消炎治本|打通經絡|一擦就好|保證有效|深層修復|替代藥物
Facebook_LINE312,LINE312,Facebook,2026-11-06,20:00,水楊酸或阿斯匹靈過敏者注意,E,高,pending_legal_pharmacist_review,false,【水楊酸或阿斯匹靈過敏者注意】,"【水楊酸或阿斯匹靈過敏者注意】

所有使用者、照護者與家庭購買者常會遇到這種情境：水楊酸或阿斯匹靈過敏者注意。

這則貼文要傳達的重點很簡單：一條根外用油膏不是神奇療法，適合放在「安全使用比用得多更重要，依標示與風險族群提醒」這個保守邊界裡溝通。使用時請先看標示，薄擦於需要保養的局部，搭配輕柔按摩即可，不需要追求厚敷或過度刺激。

安全提醒：2 歲以下、孕哺、過敏體質、抗凝血藥使用者請先詢問專業人員。

僅供外用。避免接觸眼睛、黏膜、破皮或傷口；特殊族群使用前請先諮詢專業人員。

CTA：私訊/了解更多","【水楊酸或阿斯匹靈過敏者注意】

所有使用者、照護者與家庭購買者常會遇到這種情境：水楊酸或阿斯匹靈過敏者注意。

這則貼文要傳達的重點很簡單：一條根外用油膏不是神奇療法，適合放在「安全使用比用得多更重要，依標示與風險族群提醒」這個保守邊界裡溝通。使用時請先看標示，薄擦於需要保養的局部，搭配輕柔按摩即可，不需要追求厚敷或過度刺激。

安全提醒：2 歲以下、孕哺、過敏體質、抗凝血藥使用者請先詢問專業人員。

僅供外用。避免接觸眼睛、黏膜、破皮或傷口；特殊族群使用前請先諮詢專業人員。

CTA：私訊/了解更多",#外用安全 #用藥安全 #使用前看標示 #諮詢醫師藥師,圖1：【水楊酸或阿斯匹靈過敏者注意】｜圖2：安全使用比用得多更重要，依標示與風險族群提醒｜圖3：2 歲以下、孕哺、過敏體質、抗凝血藥使用者請先詢問專業人員。,僅供外用。避免接觸眼睛、黏膜、破皮或傷口；特殊族群使用前請先諮詢專業人員。,2 歲以下、孕哺、過敏體質、抗凝血藥使用者請先詢問專業人員。,根治|治療疾病|消炎治本|打通經絡|一擦就好|保證有效|深層修復|替代藥物
Facebook_LINE313,LINE313,Facebook,2026-11-07,12:00,立秋後早晚溫差保養,F,低,pending_legal_pharmacist_review,false,【立秋後早晚溫差保養】,"【立秋後早晚溫差保養】

喜歡養生、節氣與日常保健的 LINE 讀者常會遇到這種情境：立秋後早晚溫差保養。

這則貼文要傳達的重點很簡單：一條根外用油膏不是神奇療法，適合放在「以生活保健與身體覺察為主，不做醫療療效宣稱」這個保守邊界裡溝通。使用時請先看標示，薄擦於需要保養的局部，搭配輕柔按摩即可，不需要追求厚敷或過度刺激。

安全提醒：節氣養生屬一般生活資訊，身體不適仍應諮詢專業人員。

本內容為一般生活保健資訊，非醫療診斷或治療建議。

CTA：收藏提醒","【立秋後早晚溫差保養】

喜歡養生、節氣與日常保健的 LINE 讀者常會遇到這種情境：立秋後早晚溫差保養。

這則貼文要傳達的重點很簡單：一條根外用油膏不是神奇療法，適合放在「以生活保健與身體覺察為主，不做醫療療效宣稱」這個保守邊界裡溝通。使用時請先看標示，薄擦於需要保養的局部，搭配輕柔按摩即可，不需要追求厚敷或過度刺激。

安全提醒：節氣養生屬一般生活資訊，身體不適仍應諮詢專業人員。

本內容為一般生活保健資訊，非醫療診斷或治療建議。

CTA：收藏提醒",#節氣保養 #生活保健 #日常保養 #身體覺察,圖1：【立秋後早晚溫差保養】｜圖2：以生活保健與身體覺察為主，不做醫療療效宣稱｜圖3：節氣養生屬一般生活資訊，身體不適仍應諮詢專業人員。,本內容為一般生活保健資訊，非醫療診斷或治療建議。,節氣養生屬一般生活資訊，身體不適仍應諮詢專業人員。,根治|治療疾病|消炎治本|打通經絡|一擦就好|保證有效|深層修復|替代藥物
Facebook_LINE314,LINE314,Facebook,2026-11-07,20:00,家事後手臂不適保養,C,中,pending_legal_pharmacist_review,false,【家事後手臂不適保養】,"【家事後手臂不適保養】

運動族、搬重物、久站與勞動工作者常會遇到這種情境：家事後手臂不適保養。

這則貼文要傳達的重點很簡單：一條根外用油膏不是神奇療法，適合放在「運動或勞動後的局部肌肉痠痛，可短期按摩舒緩」這個保守邊界裡溝通。使用時請先看標示，薄擦於需要保養的局部，搭配輕柔按摩即可，不需要追求厚敷或過度刺激。

安全提醒：明顯腫脹、劇痛、活動受限或疑似受傷時，請先就醫。

本產品為外用油膏，請依核准標示使用；若症狀持續或惡化，請諮詢醫師或藥師。

CTA：私訊/了解更多","【家事後手臂不適保養】

運動族、搬重物、久站與勞動工作者常會遇到這種情境：家事後手臂不適保養。

這則貼文要傳達的重點很簡單：一條根外用油膏不是神奇療法，適合放在「運動或勞動後的局部肌肉痠痛，可短期按摩舒緩」這個保守邊界裡溝通。使用時請先看標示，薄擦於需要保養的局部，搭配輕柔按摩即可，不需要追求厚敷或過度刺激。

安全提醒：明顯腫脹、劇痛、活動受限或疑似受傷時，請先就醫。

本產品為外用油膏，請依核准標示使用；若症狀持續或惡化，請諮詢醫師或藥師。

CTA：私訊/了解更多",#運動後保養 #局部按摩 #肌肉痠痛 #依標示使用,圖1：【家事後手臂不適保養】｜圖2：運動或勞動後的局部肌肉痠痛，可短期按摩舒緩｜圖3：明顯腫脹、劇痛、活動受限或疑似受傷時，請先就醫。,本產品為外用油膏，請依核准標示使用；若症狀持續或惡化，請諮詢醫師或藥師。,明顯腫脹、劇痛、活動受限或疑似受傷時，請先就醫。,根治|治療疾病|消炎治本|打通經絡|一擦就好|保證有效|深層修復|替代藥物
Facebook_LINE315,LINE315,Facebook,2026-11-08,12:00,你有看過外用產品標示嗎,G,低,pending_legal_pharmacist_review,false,【你有看過外用產品標示嗎】,"【你有看過外用產品標示嗎】

LINE OA 好友、回購客與新客常會遇到這種情境：你有看過外用產品標示嗎。

這則貼文要傳達的重點很簡單：一條根外用油膏不是神奇療法，適合放在「用問答降低誤用，讓使用者知道何時該詢問專業人員」這個保守邊界裡溝通。使用時請先看標示，薄擦於需要保養的局部，搭配輕柔按摩即可，不需要追求厚敷或過度刺激。

安全提醒：互動回答不取代醫師或藥師建議。

本內容為一般生活保健資訊，非醫療診斷或治療建議。

CTA：留言互動","【你有看過外用產品標示嗎】

LINE OA 好友、回購客與新客常會遇到這種情境：你有看過外用產品標示嗎。

這則貼文要傳達的重點很簡單：一條根外用油膏不是神奇療法，適合放在「用問答降低誤用，讓使用者知道何時該詢問專業人員」這個保守邊界裡溝通。使用時請先看標示，薄擦於需要保養的局部，搭配輕柔按摩即可，不需要追求厚敷或過度刺激。

安全提醒：互動回答不取代醫師或藥師建議。

本內容為一般生活保健資訊，非醫療診斷或治療建議。

CTA：留言互動",#互動問答 #保養知識 #使用小提醒 #金牌一條根,圖1：【你有看過外用產品標示嗎】｜圖2：用問答降低誤用，讓使用者知道何時該詢問專業人員｜圖3：互動回答不取代醫師或藥師建議。,本內容為一般生活保健資訊，非醫療診斷或治療建議。,互動回答不取代醫師或藥師建議。,根治|治療疾病|消炎治本|打通經絡|一擦就好|保證有效|深層修復|替代藥物
Facebook_LINE316,LINE316,Facebook,2026-11-08,20:00,長輩按摩力道不要過重,D,中,pending_legal_pharmacist_review,false,【長輩按摩力道不要過重】,"【長輩按摩力道不要過重】

40-70 歲注重日常活動舒適度的族群常會遇到這種情境：長輩按摩力道不要過重。

這則貼文要傳達的重點很簡單：一條根外用油膏不是神奇療法，適合放在「輕微關節痠痛可短期舒緩，但不可宣稱治療疾病」這個保守邊界裡溝通。使用時請先看標示，薄擦於需要保養的局部，搭配輕柔按摩即可，不需要追求厚敷或過度刺激。

安全提醒：關節腫痛、紅熱、長期疼痛或行走困難，請就醫評估。

本產品為外用油膏，請依核准標示使用；若症狀持續或惡化，請諮詢醫師或藥師。

CTA：私訊/了解更多","【長輩按摩力道不要過重】

40-70 歲注重日常活動舒適度的族群常會遇到這種情境：長輩按摩力道不要過重。

這則貼文要傳達的重點很簡單：一條根外用油膏不是神奇療法，適合放在「輕微關節痠痛可短期舒緩，但不可宣稱治療疾病」這個保守邊界裡溝通。使用時請先看標示，薄擦於需要保養的局部，搭配輕柔按摩即可，不需要追求厚敷或過度刺激。

安全提醒：關節腫痛、紅熱、長期疼痛或行走困難，請就醫評估。

本產品為外用油膏，請依核准標示使用；若症狀持續或惡化，請諮詢醫師或藥師。

CTA：私訊/了解更多",#銀髮保養 #活動舒適 #輕微痠痛 #依標示使用,圖1：【長輩按摩力道不要過重】｜圖2：輕微關節痠痛可短期舒緩，但不可宣稱治療疾病｜圖3：關節腫痛、紅熱、長期疼痛或行走困難，請就醫評估。,本產品為外用油膏，請依核准標示使用；若症狀持續或惡化，請諮詢醫師或藥師。,關節腫痛、紅熱、長期疼痛或行走困難，請就醫評估。,根治|治療疾病|消炎治本|打通經絡|一擦就好|保證有效|深層修復|替代藥物
Facebook_LINE317,LINE317,Facebook,2026-11-09,12:00,開會久坐後的腰背舒緩,B,低,pending_legal_pharmacist_review,false,【開會久坐後的腰背舒緩】,"【開會久坐後的腰背舒緩】

長時間低頭、久坐、用電腦的上班族常會遇到這種情境：開會久坐後的腰背舒緩。

這則貼文要傳達的重點很簡單：一條根外用油膏不是神奇療法，適合放在「久坐低頭後，可搭配伸展與局部按摩舒緩緊繃不適」這個保守邊界裡溝通。使用時請先看標示，薄擦於需要保養的局部，搭配輕柔按摩即可，不需要追求厚敷或過度刺激。

安全提醒：若痠痛持續、麻木或影響活動，請諮詢醫師或藥師。

本內容為一般生活保健資訊，非醫療診斷或治療建議。

CTA：收藏提醒","【開會久坐後的腰背舒緩】

長時間低頭、久坐、用電腦的上班族常會遇到這種情境：開會久坐後的腰背舒緩。

這則貼文要傳達的重點很簡單：一條根外用油膏不是神奇療法，適合放在「久坐低頭後，可搭配伸展與局部按摩舒緩緊繃不適」這個保守邊界裡溝通。使用時請先看標示，薄擦於需要保養的局部，搭配輕柔按摩即可，不需要追求厚敷或過度刺激。

安全提醒：若痠痛持續、麻木或影響活動，請諮詢醫師或藥師。

本內容為一般生活保健資訊，非醫療診斷或治療建議。

CTA：收藏提醒",#肩頸保養 #久坐族 #日常舒緩 #依標示使用,圖1：【開會久坐後的腰背舒緩】｜圖2：久坐低頭後，可搭配伸展與局部按摩舒緩緊繃不適｜圖3：若痠痛持續、麻木或影響活動，請諮詢醫師或藥師。,本內容為一般生活保健資訊，非醫療診斷或治療建議。,若痠痛持續、麻木或影響活動，請諮詢醫師或藥師。,根治|治療疾病|消炎治本|打通經絡|一擦就好|保證有效|深層修復|替代藥物
Facebook_LINE318,LINE318,Facebook,2026-11-09,20:00,一條根外用膏的日常定位,A,中,pending_legal_pharmacist_review,false,【一條根外用膏的日常定位】,"【一條根外用膏的日常定位】

已購買或正在觀望的一條根使用者常會遇到這種情境：一條根外用膏的日常定位。

這則貼文要傳達的重點很簡單：一條根外用油膏不是神奇療法，適合放在「依標示外用，提供局部按摩與暫時舒緩體感」這個保守邊界裡溝通。使用時請先看標示，薄擦於需要保養的局部，搭配輕柔按摩即可，不需要追求厚敷或過度刺激。

安全提醒：僅供外用；避免眼周、黏膜、破皮或傷口。

本產品為外用油膏，請依核准標示使用；若症狀持續或惡化，請諮詢醫師或藥師。

CTA：私訊/了解更多","【一條根外用膏的日常定位】

已購買或正在觀望的一條根使用者常會遇到這種情境：一條根外用膏的日常定位。

這則貼文要傳達的重點很簡單：一條根外用油膏不是神奇療法，適合放在「依標示外用，提供局部按摩與暫時舒緩體感」這個保守邊界裡溝通。使用時請先看標示，薄擦於需要保養的局部，搭配輕柔按摩即可，不需要追求厚敷或過度刺激。

安全提醒：僅供外用；避免眼周、黏膜、破皮或傷口。

本產品為外用油膏，請依核准標示使用；若症狀持續或惡化，請諮詢醫師或藥師。

CTA：私訊/了解更多",#金牌一條根 #外用油膏 #成分透明 #依標示使用,圖1：【一條根外用膏的日常定位】｜圖2：依標示外用，提供局部按摩與暫時舒緩體感｜圖3：僅供外用；避免眼周、黏膜、破皮或傷口。,本產品為外用油膏，請依核准標示使用；若症狀持續或惡化，請諮詢醫師或藥師。,僅供外用；避免眼周、黏膜、破皮或傷口。,根治|治療疾病|消炎治本|打通經絡|一擦就好|保證有效|深層修復|替代藥物
Facebook_LINE319,LINE319,Facebook,2026-11-10,12:00,處暑後運動暖身提醒,F,低,pending_legal_pharmacist_review,false,【處暑後運動暖身提醒】,"【處暑後運動暖身提醒】

喜歡養生、節氣與日常保健的 LINE 讀者常會遇到這種情境：處暑後運動暖身提醒。

這則貼文要傳達的重點很簡單：一條根外用油膏不是神奇療法，適合放在「以生活保健與身體覺察為主，不做醫療療效宣稱」這個保守邊界裡溝通。使用時請先看標示，薄擦於需要保養的局部，搭配輕柔按摩即可，不需要追求厚敷或過度刺激。

安全提醒：節氣養生屬一般生活資訊，身體不適仍應諮詢專業人員。

本內容為一般生活保健資訊，非醫療診斷或治療建議。

CTA：收藏提醒","【處暑後運動暖身提醒】

喜歡養生、節氣與日常保健的 LINE 讀者常會遇到這種情境：處暑後運動暖身提醒。

這則貼文要傳達的重點很簡單：一條根外用油膏不是神奇療法，適合放在「以生活保健與身體覺察為主，不做醫療療效宣稱」這個保守邊界裡溝通。使用時請先看標示，薄擦於需要保養的局部，搭配輕柔按摩即可，不需要追求厚敷或過度刺激。

安全提醒：節氣養生屬一般生活資訊，身體不適仍應諮詢專業人員。

本內容為一般生活保健資訊，非醫療診斷或治療建議。

CTA：收藏提醒",#節氣保養 #生活保健 #日常保養 #身體覺察,圖1：【處暑後運動暖身提醒】｜圖2：以生活保健與身體覺察為主，不做醫療療效宣稱｜圖3：節氣養生屬一般生活資訊，身體不適仍應諮詢專業人員。,本內容為一般生活保健資訊，非醫療診斷或治療建議。,節氣養生屬一般生活資訊，身體不適仍應諮詢專業人員。,根治|治療疾病|消炎治本|打通經絡|一擦就好|保證有效|深層修復|替代藥物
Facebook_LINE320,LINE320,Facebook,2026-11-10,20:00,兒童使用前的安全提醒,E,高,pending_legal_pharmacist_review,false,【兒童使用前的安全提醒】,"【兒童使用前的安全提醒】

所有使用者、照護者與家庭購買者常會遇到這種情境：兒童使用前的安全提醒。

這則貼文要傳達的重點很簡單：一條根外用油膏不是神奇療法，適合放在「安全使用比用得多更重要，依標示與風險族群提醒」這個保守邊界裡溝通。使用時請先看標示，薄擦於需要保養的局部，搭配輕柔按摩即可，不需要追求厚敷或過度刺激。

安全提醒：2 歲以下、孕哺、過敏體質、抗凝血藥使用者請先詢問專業人員。

僅供外用。避免接觸眼睛、黏膜、破皮或傷口；特殊族群使用前請先諮詢專業人員。

CTA：私訊/了解更多","【兒童使用前的安全提醒】

所有使用者、照護者與家庭購買者常會遇到這種情境：兒童使用前的安全提醒。

這則貼文要傳達的重點很簡單：一條根外用油膏不是神奇療法，適合放在「安全使用比用得多更重要，依標示與風險族群提醒」這個保守邊界裡溝通。使用時請先看標示，薄擦於需要保養的局部，搭配輕柔按摩即可，不需要追求厚敷或過度刺激。

安全提醒：2 歲以下、孕哺、過敏體質、抗凝血藥使用者請先詢問專業人員。

僅供外用。避免接觸眼睛、黏膜、破皮或傷口；特殊族群使用前請先諮詢專業人員。

CTA：私訊/了解更多",#外用安全 #用藥安全 #使用前看標示 #諮詢醫師藥師,圖1：【兒童使用前的安全提醒】｜圖2：安全使用比用得多更重要，依標示與風險族群提醒｜圖3：2 歲以下、孕哺、過敏體質、抗凝血藥使用者請先詢問專業人員。,僅供外用。避免接觸眼睛、黏膜、破皮或傷口；特殊族群使用前請先諮詢專業人員。,2 歲以下、孕哺、過敏體質、抗凝血藥使用者請先詢問專業人員。,根治|治療疾病|消炎治本|打通經絡|一擦就好|保證有效|深層修復|替代藥物
Facebook_LINE321,LINE321,Facebook,2026-11-11,12:00,外用膏廣告為什麼要保守,H,中,pending_legal_pharmacist_review,false,【外用膏廣告為什麼要保守】,"【外用膏廣告為什麼要保守】

重視藥證、成分、品質與合法性的消費者常會遇到這種情境：外用膏廣告為什麼要保守。

這則貼文要傳達的重點很簡單：一條根外用油膏不是神奇療法，適合放在「強調藥證、標示、保守宣稱與人工審核流程」這個保守邊界裡溝通。使用時請先看標示，薄擦於需要保養的局部，搭配輕柔按摩即可，不需要追求厚敷或過度刺激。

安全提醒：所有廣告文案仍須依主管機關與專業人員審核。

本產品為外用油膏，請依核准標示使用；若症狀持續或惡化，請諮詢醫師或藥師。

CTA：收藏提醒","【外用膏廣告為什麼要保守】

重視藥證、成分、品質與合法性的消費者常會遇到這種情境：外用膏廣告為什麼要保守。

這則貼文要傳達的重點很簡單：一條根外用油膏不是神奇療法，適合放在「強調藥證、標示、保守宣稱與人工審核流程」這個保守邊界裡溝通。使用時請先看標示，薄擦於需要保養的局部，搭配輕柔按摩即可，不需要追求厚敷或過度刺激。

安全提醒：所有廣告文案仍須依主管機關與專業人員審核。

本產品為外用油膏，請依核准標示使用；若症狀持續或惡化，請諮詢醫師或藥師。

CTA：收藏提醒",#藥證可查 #品牌透明 #合法宣傳 #成分透明,圖1：【外用膏廣告為什麼要保守】｜圖2：強調藥證、標示、保守宣稱與人工審核流程｜圖3：所有廣告文案仍須依主管機關與專業人員審核。,本產品為外用油膏，請依核准標示使用；若症狀持續或惡化，請諮詢醫師或藥師。,所有廣告文案仍須依主管機關與專業人員審核。,根治|治療疾病|消炎治本|打通經絡|一擦就好|保證有效|深層修復|替代藥物
Facebook_LINE322,LINE322,Facebook,2026-11-11,20:00,久坐族最想舒緩哪裡,G,低,pending_legal_pharmacist_review,false,【久坐族最想舒緩哪裡】,"【久坐族最想舒緩哪裡】

LINE OA 好友、回購客與新客常會遇到這種情境：久坐族最想舒緩哪裡。

這則貼文要傳達的重點很簡單：一條根外用油膏不是神奇療法，適合放在「用問答降低誤用，讓使用者知道何時該詢問專業人員」這個保守邊界裡溝通。使用時請先看標示，薄擦於需要保養的局部，搭配輕柔按摩即可，不需要追求厚敷或過度刺激。

安全提醒：互動回答不取代醫師或藥師建議。

本內容為一般生活保健資訊，非醫療診斷或治療建議。

CTA：留言互動","【久坐族最想舒緩哪裡】

LINE OA 好友、回購客與新客常會遇到這種情境：久坐族最想舒緩哪裡。

這則貼文要傳達的重點很簡單：一條根外用油膏不是神奇療法，適合放在「用問答降低誤用，讓使用者知道何時該詢問專業人員」這個保守邊界裡溝通。使用時請先看標示，薄擦於需要保養的局部，搭配輕柔按摩即可，不需要追求厚敷或過度刺激。

安全提醒：互動回答不取代醫師或藥師建議。

本內容為一般生活保健資訊，非醫療診斷或治療建議。

CTA：留言互動",#互動問答 #保養知識 #使用小提醒 #金牌一條根,圖1：【久坐族最想舒緩哪裡】｜圖2：用問答降低誤用，讓使用者知道何時該詢問專業人員｜圖3：互動回答不取代醫師或藥師建議。,本內容為一般生活保健資訊，非醫療診斷或治療建議。,互動回答不取代醫師或藥師建議。,根治|治療疾病|消炎治本|打通經絡|一擦就好|保證有效|深層修復|替代藥物
Facebook_LINE323,LINE323,Facebook,2026-11-12,12:00,跑步後膝周不適的保守提醒,C,中,pending_legal_pharmacist_review,false,【跑步後膝周不適的保守提醒】,"【跑步後膝周不適的保守提醒】

運動族、搬重物、久站與勞動工作者常會遇到這種情境：跑步後膝周不適的保守提醒。

這則貼文要傳達的重點很簡單：一條根外用油膏不是神奇療法，適合放在「運動或勞動後的局部肌肉痠痛，可短期按摩舒緩」這個保守邊界裡溝通。使用時請先看標示，薄擦於需要保養的局部，搭配輕柔按摩即可，不需要追求厚敷或過度刺激。

安全提醒：明顯腫脹、劇痛、活動受限或疑似受傷時，請先就醫。

本產品為外用油膏，請依核准標示使用；若症狀持續或惡化，請諮詢醫師或藥師。

CTA：收藏提醒","【跑步後膝周不適的保守提醒】

運動族、搬重物、久站與勞動工作者常會遇到這種情境：跑步後膝周不適的保守提醒。

這則貼文要傳達的重點很簡單：一條根外用油膏不是神奇療法，適合放在「運動或勞動後的局部肌肉痠痛，可短期按摩舒緩」這個保守邊界裡溝通。使用時請先看標示，薄擦於需要保養的局部，搭配輕柔按摩即可，不需要追求厚敷或過度刺激。

安全提醒：明顯腫脹、劇痛、活動受限或疑似受傷時，請先就醫。

本產品為外用油膏，請依核准標示使用；若症狀持續或惡化，請諮詢醫師或藥師。

CTA：收藏提醒",#運動後保養 #局部按摩 #肌肉痠痛 #依標示使用,圖1：【跑步後膝周不適的保守提醒】｜圖2：運動或勞動後的局部肌肉痠痛，可短期按摩舒緩｜圖3：明顯腫脹、劇痛、活動受限或疑似受傷時，請先就醫。,本產品為外用油膏，請依核准標示使用；若症狀持續或惡化，請諮詢醫師或藥師。,明顯腫脹、劇痛、活動受限或疑似受傷時，請先就醫。,根治|治療疾病|消炎治本|打通經絡|一擦就好|保證有效|深層修復|替代藥物
Facebook_LINE324,LINE324,Facebook,2026-11-12,20:00,成分濃度為什麼要看標示,A,中,pending_legal_pharmacist_review,false,【成分濃度為什麼要看標示】,"【成分濃度為什麼要看標示】

已購買或正在觀望的一條根使用者常會遇到這種情境：成分濃度為什麼要看標示。

這則貼文要傳達的重點很簡單：一條根外用油膏不是神奇療法，適合放在「依標示外用，提供局部按摩與暫時舒緩體感」這個保守邊界裡溝通。使用時請先看標示，薄擦於需要保養的局部，搭配輕柔按摩即可，不需要追求厚敷或過度刺激。

安全提醒：僅供外用；避免眼周、黏膜、破皮或傷口。

本產品為外用油膏，請依核准標示使用；若症狀持續或惡化，請諮詢醫師或藥師。

CTA：私訊/了解更多","【成分濃度為什麼要看標示】

已購買或正在觀望的一條根使用者常會遇到這種情境：成分濃度為什麼要看標示。

這則貼文要傳達的重點很簡單：一條根外用油膏不是神奇療法，適合放在「依標示外用，提供局部按摩與暫時舒緩體感」這個保守邊界裡溝通。使用時請先看標示，薄擦於需要保養的局部，搭配輕柔按摩即可，不需要追求厚敷或過度刺激。

安全提醒：僅供外用；避免眼周、黏膜、破皮或傷口。

本產品為外用油膏，請依核准標示使用；若症狀持續或惡化，請諮詢醫師或藥師。

CTA：私訊/了解更多",#金牌一條根 #外用油膏 #成分透明 #依標示使用,圖1：【成分濃度為什麼要看標示】｜圖2：依標示外用，提供局部按摩與暫時舒緩體感｜圖3：僅供外用；避免眼周、黏膜、破皮或傷口。,本產品為外用油膏，請依核准標示使用；若症狀持續或惡化，請諮詢醫師或藥師。,僅供外用；避免眼周、黏膜、破皮或傷口。,根治|治療疾病|消炎治本|打通經絡|一擦就好|保證有效|深層修復|替代藥物
Facebook_LINE325,LINE325,Facebook,2026-11-13,12:00,照顧爸媽時的外用提醒,D,中,pending_legal_pharmacist_review,false,【照顧爸媽時的外用提醒】,"【照顧爸媽時的外用提醒】

40-70 歲注重日常活動舒適度的族群常會遇到這種情境：照顧爸媽時的外用提醒。

這則貼文要傳達的重點很簡單：一條根外用油膏不是神奇療法，適合放在「輕微關節痠痛可短期舒緩，但不可宣稱治療疾病」這個保守邊界裡溝通。使用時請先看標示，薄擦於需要保養的局部，搭配輕柔按摩即可，不需要追求厚敷或過度刺激。

安全提醒：關節腫痛、紅熱、長期疼痛或行走困難，請就醫評估。

本產品為外用油膏，請依核准標示使用；若症狀持續或惡化，請諮詢醫師或藥師。

CTA：收藏提醒","【照顧爸媽時的外用提醒】

40-70 歲注重日常活動舒適度的族群常會遇到這種情境：照顧爸媽時的外用提醒。

這則貼文要傳達的重點很簡單：一條根外用油膏不是神奇療法，適合放在「輕微關節痠痛可短期舒緩，但不可宣稱治療疾病」這個保守邊界裡溝通。使用時請先看標示，薄擦於需要保養的局部，搭配輕柔按摩即可，不需要追求厚敷或過度刺激。

安全提醒：關節腫痛、紅熱、長期疼痛或行走困難，請就醫評估。

本產品為外用油膏，請依核准標示使用；若症狀持續或惡化，請諮詢醫師或藥師。

CTA：收藏提醒",#銀髮保養 #活動舒適 #輕微痠痛 #依標示使用,圖1：【照顧爸媽時的外用提醒】｜圖2：輕微關節痠痛可短期舒緩，但不可宣稱治療疾病｜圖3：關節腫痛、紅熱、長期疼痛或行走困難，請就醫評估。,本產品為外用油膏，請依核准標示使用；若症狀持續或惡化，請諮詢醫師或藥師。,關節腫痛、紅熱、長期疼痛或行走困難，請就醫評估。,根治|治療疾病|消炎治本|打通經絡|一擦就好|保證有效|深層修復|替代藥物
Facebook_LINE326,LINE326,Facebook,2026-11-13,20:00,孕婦與哺乳族群先詢問專業人員,E,高,pending_legal_pharmacist_review,false,【孕婦與哺乳族群先詢問專業人員】,"【孕婦與哺乳族群先詢問專業人員】

所有使用者、照護者與家庭購買者常會遇到這種情境：孕婦與哺乳族群先詢問專業人員。

這則貼文要傳達的重點很簡單：一條根外用油膏不是神奇療法，適合放在「安全使用比用得多更重要，依標示與風險族群提醒」這個保守邊界裡溝通。使用時請先看標示，薄擦於需要保養的局部，搭配輕柔按摩即可，不需要追求厚敷或過度刺激。

安全提醒：2 歲以下、孕哺、過敏體質、抗凝血藥使用者請先詢問專業人員。

僅供外用。避免接觸眼睛、黏膜、破皮或傷口；特殊族群使用前請先諮詢專業人員。

CTA：私訊/了解更多","【孕婦與哺乳族群先詢問專業人員】

所有使用者、照護者與家庭購買者常會遇到這種情境：孕婦與哺乳族群先詢問專業人員。

這則貼文要傳達的重點很簡單：一條根外用油膏不是神奇療法，適合放在「安全使用比用得多更重要，依標示與風險族群提醒」這個保守邊界裡溝通。使用時請先看標示，薄擦於需要保養的局部，搭配輕柔按摩即可，不需要追求厚敷或過度刺激。

安全提醒：2 歲以下、孕哺、過敏體質、抗凝血藥使用者請先詢問專業人員。

僅供外用。避免接觸眼睛、黏膜、破皮或傷口；特殊族群使用前請先諮詢專業人員。

CTA：私訊/了解更多",#外用安全 #用藥安全 #使用前看標示 #諮詢醫師藥師,圖1：【孕婦與哺乳族群先詢問專業人員】｜圖2：安全使用比用得多更重要，依標示與風險族群提醒｜圖3：2 歲以下、孕哺、過敏體質、抗凝血藥使用者請先詢問專業人員。,僅供外用。避免接觸眼睛、黏膜、破皮或傷口；特殊族群使用前請先諮詢專業人員。,2 歲以下、孕哺、過敏體質、抗凝血藥使用者請先詢問專業人員。,根治|治療疾病|消炎治本|打通經絡|一擦就好|保證有效|深層修復|替代藥物
Facebook_LINE327,LINE327,Facebook,2026-11-14,12:00,白露時節關心長輩活動,F,低,pending_legal_pharmacist_review,false,【白露時節關心長輩活動】,"【白露時節關心長輩活動】

喜歡養生、節氣與日常保健的 LINE 讀者常會遇到這種情境：白露時節關心長輩活動。

這則貼文要傳達的重點很簡單：一條根外用油膏不是神奇療法，適合放在「以生活保健與身體覺察為主，不做醫療療效宣稱」這個保守邊界裡溝通。使用時請先看標示，薄擦於需要保養的局部，搭配輕柔按摩即可，不需要追求厚敷或過度刺激。

安全提醒：節氣養生屬一般生活資訊，身體不適仍應諮詢專業人員。

本內容為一般生活保健資訊，非醫療診斷或治療建議。

CTA：收藏提醒","【白露時節關心長輩活動】

喜歡養生、節氣與日常保健的 LINE 讀者常會遇到這種情境：白露時節關心長輩活動。

這則貼文要傳達的重點很簡單：一條根外用油膏不是神奇療法，適合放在「以生活保健與身體覺察為主，不做醫療療效宣稱」這個保守邊界裡溝通。使用時請先看標示，薄擦於需要保養的局部，搭配輕柔按摩即可，不需要追求厚敷或過度刺激。

安全提醒：節氣養生屬一般生活資訊，身體不適仍應諮詢專業人員。

本內容為一般生活保健資訊，非醫療診斷或治療建議。

CTA：收藏提醒",#節氣保養 #生活保健 #日常保養 #身體覺察,圖1：【白露時節關心長輩活動】｜圖2：以生活保健與身體覺察為主，不做醫療療效宣稱｜圖3：節氣養生屬一般生活資訊，身體不適仍應諮詢專業人員。,本內容為一般生活保健資訊，非醫療診斷或治療建議。,節氣養生屬一般生活資訊，身體不適仍應諮詢專業人員。,根治|治療疾病|消炎治本|打通經絡|一擦就好|保證有效|深層修復|替代藥物
Facebook_LINE328,LINE328,Facebook,2026-11-14,20:00,勞動後先休息再按摩,C,中,pending_legal_pharmacist_review,false,【勞動後先休息再按摩】,"【勞動後先休息再按摩】

運動族、搬重物、久站與勞動工作者常會遇到這種情境：勞動後先休息再按摩。

這則貼文要傳達的重點很簡單：一條根外用油膏不是神奇療法，適合放在「運動或勞動後的局部肌肉痠痛，可短期按摩舒緩」這個保守邊界裡溝通。使用時請先看標示，薄擦於需要保養的局部，搭配輕柔按摩即可，不需要追求厚敷或過度刺激。

安全提醒：明顯腫脹、劇痛、活動受限或疑似受傷時，請先就醫。

本產品為外用油膏，請依核准標示使用；若症狀持續或惡化，請諮詢醫師或藥師。

CTA：私訊/了解更多","【勞動後先休息再按摩】

運動族、搬重物、久站與勞動工作者常會遇到這種情境：勞動後先休息再按摩。

這則貼文要傳達的重點很簡單：一條根外用油膏不是神奇療法，適合放在「運動或勞動後的局部肌肉痠痛，可短期按摩舒緩」這個保守邊界裡溝通。使用時請先看標示，薄擦於需要保養的局部，搭配輕柔按摩即可，不需要追求厚敷或過度刺激。

安全提醒：明顯腫脹、劇痛、活動受限或疑似受傷時，請先就醫。

本產品為外用油膏，請依核准標示使用；若症狀持續或惡化，請諮詢醫師或藥師。

CTA：私訊/了解更多",#運動後保養 #局部按摩 #肌肉痠痛 #依標示使用,圖1：【勞動後先休息再按摩】｜圖2：運動或勞動後的局部肌肉痠痛，可短期按摩舒緩｜圖3：明顯腫脹、劇痛、活動受限或疑似受傷時，請先就醫。,本產品為外用油膏，請依核准標示使用；若症狀持續或惡化，請諮詢醫師或藥師。,明顯腫脹、劇痛、活動受限或疑似受傷時，請先就醫。,根治|治療疾病|消炎治本|打通經絡|一擦就好|保證有效|深層修復|替代藥物
Facebook_LINE329,LINE329,Facebook,2026-11-15,12:00,長輩使用外用膏你會提醒什麼,G,低,pending_legal_pharmacist_review,false,【長輩使用外用膏你會提醒什麼】,"【長輩使用外用膏你會提醒什麼】

LINE OA 好友、回購客與新客常會遇到這種情境：長輩使用外用膏你會提醒什麼。

這則貼文要傳達的重點很簡單：一條根外用油膏不是神奇療法，適合放在「用問答降低誤用，讓使用者知道何時該詢問專業人員」這個保守邊界裡溝通。使用時請先看標示，薄擦於需要保養的局部，搭配輕柔按摩即可，不需要追求厚敷或過度刺激。

安全提醒：互動回答不取代醫師或藥師建議。

本內容為一般生活保健資訊，非醫療診斷或治療建議。

CTA：留言互動","【長輩使用外用膏你會提醒什麼】

LINE OA 好友、回購客與新客常會遇到這種情境：長輩使用外用膏你會提醒什麼。

這則貼文要傳達的重點很簡單：一條根外用油膏不是神奇療法，適合放在「用問答降低誤用，讓使用者知道何時該詢問專業人員」這個保守邊界裡溝通。使用時請先看標示，薄擦於需要保養的局部，搭配輕柔按摩即可，不需要追求厚敷或過度刺激。

安全提醒：互動回答不取代醫師或藥師建議。

本內容為一般生活保健資訊，非醫療診斷或治療建議。

CTA：留言互動",#互動問答 #保養知識 #使用小提醒 #金牌一條根,圖1：【長輩使用外用膏你會提醒什麼】｜圖2：用問答降低誤用，讓使用者知道何時該詢問專業人員｜圖3：互動回答不取代醫師或藥師建議。,本內容為一般生活保健資訊，非醫療診斷或治療建議。,互動回答不取代醫師或藥師建議。,根治|治療疾病|消炎治本|打通經絡|一擦就好|保證有效|深層修復|替代藥物
Facebook_LINE330,LINE330,Facebook,2026-11-15,20:00,日常活動舒適度的三個習慣,D,中,pending_legal_pharmacist_review,false,【日常活動舒適度的三個習慣】,"【日常活動舒適度的三個習慣】

40-70 歲注重日常活動舒適度的族群常會遇到這種情境：日常活動舒適度的三個習慣。

這則貼文要傳達的重點很簡單：一條根外用油膏不是神奇療法，適合放在「輕微關節痠痛可短期舒緩，但不可宣稱治療疾病」這個保守邊界裡溝通。使用時請先看標示，薄擦於需要保養的局部，搭配輕柔按摩即可，不需要追求厚敷或過度刺激。

安全提醒：關節腫痛、紅熱、長期疼痛或行走困難，請就醫評估。

本產品為外用油膏，請依核准標示使用；若症狀持續或惡化，請諮詢醫師或藥師。

CTA：私訊/了解更多","【日常活動舒適度的三個習慣】

40-70 歲注重日常活動舒適度的族群常會遇到這種情境：日常活動舒適度的三個習慣。

這則貼文要傳達的重點很簡單：一條根外用油膏不是神奇療法，適合放在「輕微關節痠痛可短期舒緩，但不可宣稱治療疾病」這個保守邊界裡溝通。使用時請先看標示，薄擦於需要保養的局部，搭配輕柔按摩即可，不需要追求厚敷或過度刺激。

安全提醒：關節腫痛、紅熱、長期疼痛或行走困難，請就醫評估。

本產品為外用油膏，請依核准標示使用；若症狀持續或惡化，請諮詢醫師或藥師。

CTA：私訊/了解更多",#銀髮保養 #活動舒適 #輕微痠痛 #依標示使用,圖1：【日常活動舒適度的三個習慣】｜圖2：輕微關節痠痛可短期舒緩，但不可宣稱治療疾病｜圖3：關節腫痛、紅熱、長期疼痛或行走困難，請就醫評估。,本產品為外用油膏，請依核准標示使用；若症狀持續或惡化，請諮詢醫師或藥師。,關節腫痛、紅熱、長期疼痛或行走困難，請就醫評估。,根治|治療疾病|消炎治本|打通經絡|一擦就好|保證有效|深層修復|替代藥物
Facebook_LINE331,LINE331,Facebook,2026-11-16,12:00,下班前五分鐘伸展,B,低,pending_legal_pharmacist_review,false,【下班前五分鐘伸展】,"【下班前五分鐘伸展】

長時間低頭、久坐、用電腦的上班族常會遇到這種情境：下班前五分鐘伸展。

這則貼文要傳達的重點很簡單：一條根外用油膏不是神奇療法，適合放在「久坐低頭後，可搭配伸展與局部按摩舒緩緊繃不適」這個保守邊界裡溝通。使用時請先看標示，薄擦於需要保養的局部，搭配輕柔按摩即可，不需要追求厚敷或過度刺激。

安全提醒：若痠痛持續、麻木或影響活動，請諮詢醫師或藥師。

本內容為一般生活保健資訊，非醫療診斷或治療建議。

CTA：收藏提醒","【下班前五分鐘伸展】

長時間低頭、久坐、用電腦的上班族常會遇到這種情境：下班前五分鐘伸展。

這則貼文要傳達的重點很簡單：一條根外用油膏不是神奇療法，適合放在「久坐低頭後，可搭配伸展與局部按摩舒緩緊繃不適」這個保守邊界裡溝通。使用時請先看標示，薄擦於需要保養的局部，搭配輕柔按摩即可，不需要追求厚敷或過度刺激。

安全提醒：若痠痛持續、麻木或影響活動，請諮詢醫師或藥師。

本內容為一般生活保健資訊，非醫療診斷或治療建議。

CTA：收藏提醒",#肩頸保養 #久坐族 #日常舒緩 #依標示使用,圖1：【下班前五分鐘伸展】｜圖2：久坐低頭後，可搭配伸展與局部按摩舒緩緊繃不適｜圖3：若痠痛持續、麻木或影響活動，請諮詢醫師或藥師。,本內容為一般生活保健資訊，非醫療診斷或治療建議。,若痠痛持續、麻木或影響活動，請諮詢醫師或藥師。,根治|治療疾病|消炎治本|打通經絡|一擦就好|保證有效|深層修復|替代藥物
Facebook_LINE332,LINE332,Facebook,2026-11-16,20:00,局部按摩和大面積厚敷的差別,A,中,pending_legal_pharmacist_review,false,【局部按摩和大面積厚敷的差別】,"【局部按摩和大面積厚敷的差別】

已購買或正在觀望的一條根使用者常會遇到這種情境：局部按摩和大面積厚敷的差別。

這則貼文要傳達的重點很簡單：一條根外用油膏不是神奇療法，適合放在「依標示外用，提供局部按摩與暫時舒緩體感」這個保守邊界裡溝通。使用時請先看標示，薄擦於需要保養的局部，搭配輕柔按摩即可，不需要追求厚敷或過度刺激。

安全提醒：僅供外用；避免眼周、黏膜、破皮或傷口。

本產品為外用油膏，請依核准標示使用；若症狀持續或惡化，請諮詢醫師或藥師。

CTA：私訊/了解更多","【局部按摩和大面積厚敷的差別】

已購買或正在觀望的一條根使用者常會遇到這種情境：局部按摩和大面積厚敷的差別。

這則貼文要傳達的重點很簡單：一條根外用油膏不是神奇療法，適合放在「依標示外用，提供局部按摩與暫時舒緩體感」這個保守邊界裡溝通。使用時請先看標示，薄擦於需要保養的局部，搭配輕柔按摩即可，不需要追求厚敷或過度刺激。

安全提醒：僅供外用；避免眼周、黏膜、破皮或傷口。

本產品為外用油膏，請依核准標示使用；若症狀持續或惡化，請諮詢醫師或藥師。

CTA：私訊/了解更多",#金牌一條根 #外用油膏 #成分透明 #依標示使用,圖1：【局部按摩和大面積厚敷的差別】｜圖2：依標示外用，提供局部按摩與暫時舒緩體感｜圖3：僅供外用；避免眼周、黏膜、破皮或傷口。,本產品為外用油膏，請依核准標示使用；若症狀持續或惡化，請諮詢醫師或藥師。,僅供外用；避免眼周、黏膜、破皮或傷口。,根治|治療疾病|消炎治本|打通經絡|一擦就好|保證有效|深層修復|替代藥物
Facebook_LINE333,LINE333,Facebook,2026-11-17,12:00,秋分後外出前暖身,F,低,pending_legal_pharmacist_review,false,【秋分後外出前暖身】,"【秋分後外出前暖身】

喜歡養生、節氣與日常保健的 LINE 讀者常會遇到這種情境：秋分後外出前暖身。

這則貼文要傳達的重點很簡單：一條根外用油膏不是神奇療法，適合放在「以生活保健與身體覺察為主，不做醫療療效宣稱」這個保守邊界裡溝通。使用時請先看標示，薄擦於需要保養的局部，搭配輕柔按摩即可，不需要追求厚敷或過度刺激。

安全提醒：節氣養生屬一般生活資訊，身體不適仍應諮詢專業人員。

本內容為一般生活保健資訊，非醫療診斷或治療建議。

CTA：收藏提醒","【秋分後外出前暖身】

喜歡養生、節氣與日常保健的 LINE 讀者常會遇到這種情境：秋分後外出前暖身。

這則貼文要傳達的重點很簡單：一條根外用油膏不是神奇療法，適合放在「以生活保健與身體覺察為主，不做醫療療效宣稱」這個保守邊界裡溝通。使用時請先看標示，薄擦於需要保養的局部，搭配輕柔按摩即可，不需要追求厚敷或過度刺激。

安全提醒：節氣養生屬一般生活資訊，身體不適仍應諮詢專業人員。

本內容為一般生活保健資訊，非醫療診斷或治療建議。

CTA：收藏提醒",#節氣保養 #生活保健 #日常保養 #身體覺察,圖1：【秋分後外出前暖身】｜圖2：以生活保健與身體覺察為主，不做醫療療效宣稱｜圖3：節氣養生屬一般生活資訊，身體不適仍應諮詢專業人員。,本內容為一般生活保健資訊，非醫療診斷或治療建議。,節氣養生屬一般生活資訊，身體不適仍應諮詢專業人員。,根治|治療疾病|消炎治本|打通經絡|一擦就好|保證有效|深層修復|替代藥物
Facebook_LINE334,LINE334,Facebook,2026-11-17,20:00,症狀超過七天要停用並諮詢,E,高,pending_legal_pharmacist_review,false,【症狀超過七天要停用並諮詢】,"【症狀超過七天要停用並諮詢】

所有使用者、照護者與家庭購買者常會遇到這種情境：症狀超過七天要停用並諮詢。

這則貼文要傳達的重點很簡單：一條根外用油膏不是神奇療法，適合放在「安全使用比用得多更重要，依標示與風險族群提醒」這個保守邊界裡溝通。使用時請先看標示，薄擦於需要保養的局部，搭配輕柔按摩即可，不需要追求厚敷或過度刺激。

安全提醒：2 歲以下、孕哺、過敏體質、抗凝血藥使用者請先詢問專業人員。

僅供外用。避免接觸眼睛、黏膜、破皮或傷口；特殊族群使用前請先諮詢專業人員。

CTA：私訊/了解更多","【症狀超過七天要停用並諮詢】

所有使用者、照護者與家庭購買者常會遇到這種情境：症狀超過七天要停用並諮詢。

這則貼文要傳達的重點很簡單：一條根外用油膏不是神奇療法，適合放在「安全使用比用得多更重要，依標示與風險族群提醒」這個保守邊界裡溝通。使用時請先看標示，薄擦於需要保養的局部，搭配輕柔按摩即可，不需要追求厚敷或過度刺激。

安全提醒：2 歲以下、孕哺、過敏體質、抗凝血藥使用者請先詢問專業人員。

僅供外用。避免接觸眼睛、黏膜、破皮或傷口；特殊族群使用前請先諮詢專業人員。

CTA：私訊/了解更多",#外用安全 #用藥安全 #使用前看標示 #諮詢醫師藥師,圖1：【症狀超過七天要停用並諮詢】｜圖2：安全使用比用得多更重要，依標示與風險族群提醒｜圖3：2 歲以下、孕哺、過敏體質、抗凝血藥使用者請先詢問專業人員。,僅供外用。避免接觸眼睛、黏膜、破皮或傷口；特殊族群使用前請先諮詢專業人員。,2 歲以下、孕哺、過敏體質、抗凝血藥使用者請先詢問專業人員。,根治|治療疾病|消炎治本|打通經絡|一擦就好|保證有效|深層修復|替代藥物
Facebook_LINE335,LINE335,Facebook,2026-11-18,12:00,成分透明是基本功,H,中,pending_legal_pharmacist_review,false,【成分透明是基本功】,"【成分透明是基本功】

重視藥證、成分、品質與合法性的消費者常會遇到這種情境：成分透明是基本功。

這則貼文要傳達的重點很簡單：一條根外用油膏不是神奇療法，適合放在「強調藥證、標示、保守宣稱與人工審核流程」這個保守邊界裡溝通。使用時請先看標示，薄擦於需要保養的局部，搭配輕柔按摩即可，不需要追求厚敷或過度刺激。

安全提醒：所有廣告文案仍須依主管機關與專業人員審核。

本產品為外用油膏，請依核准標示使用；若症狀持續或惡化，請諮詢醫師或藥師。

CTA：收藏提醒","【成分透明是基本功】

重視藥證、成分、品質與合法性的消費者常會遇到這種情境：成分透明是基本功。

這則貼文要傳達的重點很簡單：一條根外用油膏不是神奇療法，適合放在「強調藥證、標示、保守宣稱與人工審核流程」這個保守邊界裡溝通。使用時請先看標示，薄擦於需要保養的局部，搭配輕柔按摩即可，不需要追求厚敷或過度刺激。

安全提醒：所有廣告文案仍須依主管機關與專業人員審核。

本產品為外用油膏，請依核准標示使用；若症狀持續或惡化，請諮詢醫師或藥師。

CTA：收藏提醒",#藥證可查 #品牌透明 #合法宣傳 #成分透明,圖1：【成分透明是基本功】｜圖2：強調藥證、標示、保守宣稱與人工審核流程｜圖3：所有廣告文案仍須依主管機關與專業人員審核。,本產品為外用油膏，請依核准標示使用；若症狀持續或惡化，請諮詢醫師或藥師。,所有廣告文案仍須依主管機關與專業人員審核。,根治|治療疾病|消炎治本|打通經絡|一擦就好|保證有效|深層修復|替代藥物
Facebook_LINE336,LINE336,Facebook,2026-11-18,20:00,一條根可以天天厚敷嗎,G,低,pending_legal_pharmacist_review,false,【一條根可以天天厚敷嗎】,"【一條根可以天天厚敷嗎】

LINE OA 好友、回購客與新客常會遇到這種情境：一條根可以天天厚敷嗎。

這則貼文要傳達的重點很簡單：一條根外用油膏不是神奇療法，適合放在「用問答降低誤用，讓使用者知道何時該詢問專業人員」這個保守邊界裡溝通。使用時請先看標示，薄擦於需要保養的局部，搭配輕柔按摩即可，不需要追求厚敷或過度刺激。

安全提醒：互動回答不取代醫師或藥師建議。

本內容為一般生活保健資訊，非醫療診斷或治療建議。

CTA：留言互動","【一條根可以天天厚敷嗎】

LINE OA 好友、回購客與新客常會遇到這種情境：一條根可以天天厚敷嗎。

這則貼文要傳達的重點很簡單：一條根外用油膏不是神奇療法，適合放在「用問答降低誤用，讓使用者知道何時該詢問專業人員」這個保守邊界裡溝通。使用時請先看標示，薄擦於需要保養的局部，搭配輕柔按摩即可，不需要追求厚敷或過度刺激。

安全提醒：互動回答不取代醫師或藥師建議。

本內容為一般生活保健資訊，非醫療診斷或治療建議。

CTA：留言互動",#互動問答 #保養知識 #使用小提醒 #金牌一條根,圖1：【一條根可以天天厚敷嗎】｜圖2：用問答降低誤用，讓使用者知道何時該詢問專業人員｜圖3：互動回答不取代醫師或藥師建議。,本內容為一般生活保健資訊，非醫療診斷或治療建議。,互動回答不取代醫師或藥師建議。,根治|治療疾病|消炎治本|打通經絡|一擦就好|保證有效|深層修復|替代藥物
Facebook_LINE337,LINE337,Facebook,2026-11-19,12:00,運動後不要立刻熱敷加藥膏,C,中,pending_legal_pharmacist_review,false,【運動後不要立刻熱敷加藥膏】,"【運動後不要立刻熱敷加藥膏】

運動族、搬重物、久站與勞動工作者常會遇到這種情境：運動後不要立刻熱敷加藥膏。

這則貼文要傳達的重點很簡單：一條根外用油膏不是神奇療法，適合放在「運動或勞動後的局部肌肉痠痛，可短期按摩舒緩」這個保守邊界裡溝通。使用時請先看標示，薄擦於需要保養的局部，搭配輕柔按摩即可，不需要追求厚敷或過度刺激。

安全提醒：明顯腫脹、劇痛、活動受限或疑似受傷時，請先就醫。

本產品為外用油膏，請依核准標示使用；若症狀持續或惡化，請諮詢醫師或藥師。

CTA：收藏提醒","【運動後不要立刻熱敷加藥膏】

運動族、搬重物、久站與勞動工作者常會遇到這種情境：運動後不要立刻熱敷加藥膏。

這則貼文要傳達的重點很簡單：一條根外用油膏不是神奇療法，適合放在「運動或勞動後的局部肌肉痠痛，可短期按摩舒緩」這個保守邊界裡溝通。使用時請先看標示，薄擦於需要保養的局部，搭配輕柔按摩即可，不需要追求厚敷或過度刺激。

安全提醒：明顯腫脹、劇痛、活動受限或疑似受傷時，請先就醫。

本產品為外用油膏，請依核准標示使用；若症狀持續或惡化，請諮詢醫師或藥師。

CTA：收藏提醒",#運動後保養 #局部按摩 #肌肉痠痛 #依標示使用,圖1：【運動後不要立刻熱敷加藥膏】｜圖2：運動或勞動後的局部肌肉痠痛，可短期按摩舒緩｜圖3：明顯腫脹、劇痛、活動受限或疑似受傷時，請先就醫。,本產品為外用油膏，請依核准標示使用；若症狀持續或惡化，請諮詢醫師或藥師。,明顯腫脹、劇痛、活動受限或疑似受傷時，請先就醫。,根治|治療疾病|消炎治本|打通經絡|一擦就好|保證有效|深層修復|替代藥物
Facebook_LINE338,LINE338,Facebook,2026-11-19,20:00,使用前先小範圍測試,A,中,pending_legal_pharmacist_review,false,【使用前先小範圍測試】,"【使用前先小範圍測試】

已購買或正在觀望的一條根使用者常會遇到這種情境：使用前先小範圍測試。

這則貼文要傳達的重點很簡單：一條根外用油膏不是神奇療法，適合放在「依標示外用，提供局部按摩與暫時舒緩體感」這個保守邊界裡溝通。使用時請先看標示，薄擦於需要保養的局部，搭配輕柔按摩即可，不需要追求厚敷或過度刺激。

安全提醒：僅供外用；避免眼周、黏膜、破皮或傷口。

本產品為外用油膏，請依核准標示使用；若症狀持續或惡化，請諮詢醫師或藥師。

CTA：私訊/了解更多","【使用前先小範圍測試】

已購買或正在觀望的一條根使用者常會遇到這種情境：使用前先小範圍測試。

這則貼文要傳達的重點很簡單：一條根外用油膏不是神奇療法，適合放在「依標示外用，提供局部按摩與暫時舒緩體感」這個保守邊界裡溝通。使用時請先看標示，薄擦於需要保養的局部，搭配輕柔按摩即可，不需要追求厚敷或過度刺激。

安全提醒：僅供外用；避免眼周、黏膜、破皮或傷口。

本產品為外用油膏，請依核准標示使用；若症狀持續或惡化，請諮詢醫師或藥師。

CTA：私訊/了解更多",#金牌一條根 #外用油膏 #成分透明 #依標示使用,圖1：【使用前先小範圍測試】｜圖2：依標示外用，提供局部按摩與暫時舒緩體感｜圖3：僅供外用；避免眼周、黏膜、破皮或傷口。,本產品為外用油膏，請依核准標示使用；若症狀持續或惡化，請諮詢醫師或藥師。,僅供外用；避免眼周、黏膜、破皮或傷口。,根治|治療疾病|消炎治本|打通經絡|一擦就好|保證有效|深層修復|替代藥物
Facebook_LINE339,LINE339,Facebook,2026-11-20,12:00,長輩使用前先看標示,D,中,pending_legal_pharmacist_review,false,【長輩使用前先看標示】,"【長輩使用前先看標示】

40-70 歲注重日常活動舒適度的族群常會遇到這種情境：長輩使用前先看標示。

這則貼文要傳達的重點很簡單：一條根外用油膏不是神奇療法，適合放在「輕微關節痠痛可短期舒緩，但不可宣稱治療疾病」這個保守邊界裡溝通。使用時請先看標示，薄擦於需要保養的局部，搭配輕柔按摩即可，不需要追求厚敷或過度刺激。

安全提醒：關節腫痛、紅熱、長期疼痛或行走困難，請就醫評估。

本產品為外用油膏，請依核准標示使用；若症狀持續或惡化，請諮詢醫師或藥師。

CTA：收藏提醒","【長輩使用前先看標示】

40-70 歲注重日常活動舒適度的族群常會遇到這種情境：長輩使用前先看標示。

這則貼文要傳達的重點很簡單：一條根外用油膏不是神奇療法，適合放在「輕微關節痠痛可短期舒緩，但不可宣稱治療疾病」這個保守邊界裡溝通。使用時請先看標示，薄擦於需要保養的局部，搭配輕柔按摩即可，不需要追求厚敷或過度刺激。

安全提醒：關節腫痛、紅熱、長期疼痛或行走困難，請就醫評估。

本產品為外用油膏，請依核准標示使用；若症狀持續或惡化，請諮詢醫師或藥師。

CTA：收藏提醒",#銀髮保養 #活動舒適 #輕微痠痛 #依標示使用,圖1：【長輩使用前先看標示】｜圖2：輕微關節痠痛可短期舒緩，但不可宣稱治療疾病｜圖3：關節腫痛、紅熱、長期疼痛或行走困難，請就醫評估。,本產品為外用油膏，請依核准標示使用；若症狀持續或惡化，請諮詢醫師或藥師。,關節腫痛、紅熱、長期疼痛或行走困難，請就醫評估。,根治|治療疾病|消炎治本|打通經絡|一擦就好|保證有效|深層修復|替代藥物
Facebook_LINE340,LINE340,Facebook,2026-11-20,20:00,皮膚刺激時要停止使用,E,高,pending_legal_pharmacist_review,false,【皮膚刺激時要停止使用】,"【皮膚刺激時要停止使用】

所有使用者、照護者與家庭購買者常會遇到這種情境：皮膚刺激時要停止使用。

這則貼文要傳達的重點很簡單：一條根外用油膏不是神奇療法，適合放在「安全使用比用得多更重要，依標示與風險族群提醒」這個保守邊界裡溝通。使用時請先看標示，薄擦於需要保養的局部，搭配輕柔按摩即可，不需要追求厚敷或過度刺激。

安全提醒：2 歲以下、孕哺、過敏體質、抗凝血藥使用者請先詢問專業人員。

僅供外用。避免接觸眼睛、黏膜、破皮或傷口；特殊族群使用前請先諮詢專業人員。

CTA：私訊/了解更多","【皮膚刺激時要停止使用】

所有使用者、照護者與家庭購買者常會遇到這種情境：皮膚刺激時要停止使用。

這則貼文要傳達的重點很簡單：一條根外用油膏不是神奇療法，適合放在「安全使用比用得多更重要，依標示與風險族群提醒」這個保守邊界裡溝通。使用時請先看標示，薄擦於需要保養的局部，搭配輕柔按摩即可，不需要追求厚敷或過度刺激。

安全提醒：2 歲以下、孕哺、過敏體質、抗凝血藥使用者請先詢問專業人員。

僅供外用。避免接觸眼睛、黏膜、破皮或傷口；特殊族群使用前請先諮詢專業人員。

CTA：私訊/了解更多",#外用安全 #用藥安全 #使用前看標示 #諮詢醫師藥師,圖1：【皮膚刺激時要停止使用】｜圖2：安全使用比用得多更重要，依標示與風險族群提醒｜圖3：2 歲以下、孕哺、過敏體質、抗凝血藥使用者請先詢問專業人員。,僅供外用。避免接觸眼睛、黏膜、破皮或傷口；特殊族群使用前請先諮詢專業人員。,2 歲以下、孕哺、過敏體質、抗凝血藥使用者請先詢問專業人員。,根治|治療疾病|消炎治本|打通經絡|一擦就好|保證有效|深層修復|替代藥物
Facebook_LINE341,LINE341,Facebook,2026-11-21,12:00,寒露後肩背保養,F,低,pending_legal_pharmacist_review,false,【寒露後肩背保養】,"【寒露後肩背保養】

喜歡養生、節氣與日常保健的 LINE 讀者常會遇到這種情境：寒露後肩背保養。

這則貼文要傳達的重點很簡單：一條根外用油膏不是神奇療法，適合放在「以生活保健與身體覺察為主，不做醫療療效宣稱」這個保守邊界裡溝通。使用時請先看標示，薄擦於需要保養的局部，搭配輕柔按摩即可，不需要追求厚敷或過度刺激。

安全提醒：節氣養生屬一般生活資訊，身體不適仍應諮詢專業人員。

本內容為一般生活保健資訊，非醫療診斷或治療建議。

CTA：收藏提醒","【寒露後肩背保養】

喜歡養生、節氣與日常保健的 LINE 讀者常會遇到這種情境：寒露後肩背保養。

這則貼文要傳達的重點很簡單：一條根外用油膏不是神奇療法，適合放在「以生活保健與身體覺察為主，不做醫療療效宣稱」這個保守邊界裡溝通。使用時請先看標示，薄擦於需要保養的局部，搭配輕柔按摩即可，不需要追求厚敷或過度刺激。

安全提醒：節氣養生屬一般生活資訊，身體不適仍應諮詢專業人員。

本內容為一般生活保健資訊，非醫療診斷或治療建議。

CTA：收藏提醒",#節氣保養 #生活保健 #日常保養 #身體覺察,圖1：【寒露後肩背保養】｜圖2：以生活保健與身體覺察為主，不做醫療療效宣稱｜圖3：節氣養生屬一般生活資訊，身體不適仍應諮詢專業人員。,本內容為一般生活保健資訊，非醫療診斷或治療建議。,節氣養生屬一般生活資訊，身體不適仍應諮詢專業人員。,根治|治療疾病|消炎治本|打通經絡|一擦就好|保證有效|深層修復|替代藥物
Facebook_LINE342,LINE342,Facebook,2026-11-21,20:00,輕微拉扯後的觀察重點,C,中,pending_legal_pharmacist_review,false,【輕微拉扯後的觀察重點】,"【輕微拉扯後的觀察重點】

運動族、搬重物、久站與勞動工作者常會遇到這種情境：輕微拉扯後的觀察重點。

這則貼文要傳達的重點很簡單：一條根外用油膏不是神奇療法，適合放在「運動或勞動後的局部肌肉痠痛，可短期按摩舒緩」這個保守邊界裡溝通。使用時請先看標示，薄擦於需要保養的局部，搭配輕柔按摩即可，不需要追求厚敷或過度刺激。

安全提醒：明顯腫脹、劇痛、活動受限或疑似受傷時，請先就醫。

本產品為外用油膏，請依核准標示使用；若症狀持續或惡化，請諮詢醫師或藥師。

CTA：私訊/了解更多","【輕微拉扯後的觀察重點】

運動族、搬重物、久站與勞動工作者常會遇到這種情境：輕微拉扯後的觀察重點。

這則貼文要傳達的重點很簡單：一條根外用油膏不是神奇療法，適合放在「運動或勞動後的局部肌肉痠痛，可短期按摩舒緩」這個保守邊界裡溝通。使用時請先看標示，薄擦於需要保養的局部，搭配輕柔按摩即可，不需要追求厚敷或過度刺激。

安全提醒：明顯腫脹、劇痛、活動受限或疑似受傷時，請先就醫。

本產品為外用油膏，請依核准標示使用；若症狀持續或惡化，請諮詢醫師或藥師。

CTA：私訊/了解更多",#運動後保養 #局部按摩 #肌肉痠痛 #依標示使用,圖1：【輕微拉扯後的觀察重點】｜圖2：運動或勞動後的局部肌肉痠痛，可短期按摩舒緩｜圖3：明顯腫脹、劇痛、活動受限或疑似受傷時，請先就醫。,本產品為外用油膏，請依核准標示使用；若症狀持續或惡化，請諮詢醫師或藥師。,明顯腫脹、劇痛、活動受限或疑似受傷時，請先就醫。,根治|治療疾病|消炎治本|打通經絡|一擦就好|保證有效|深層修復|替代藥物
Facebook_LINE343,LINE343,Facebook,2026-11-22,12:00,擦完可以馬上熱敷嗎,G,低,pending_legal_pharmacist_review,false,【擦完可以馬上熱敷嗎】,"【擦完可以馬上熱敷嗎】

LINE OA 好友、回購客與新客常會遇到這種情境：擦完可以馬上熱敷嗎。

這則貼文要傳達的重點很簡單：一條根外用油膏不是神奇療法，適合放在「用問答降低誤用，讓使用者知道何時該詢問專業人員」這個保守邊界裡溝通。使用時請先看標示，薄擦於需要保養的局部，搭配輕柔按摩即可，不需要追求厚敷或過度刺激。

安全提醒：互動回答不取代醫師或藥師建議。

本內容為一般生活保健資訊，非醫療診斷或治療建議。

CTA：留言互動","【擦完可以馬上熱敷嗎】

LINE OA 好友、回購客與新客常會遇到這種情境：擦完可以馬上熱敷嗎。

這則貼文要傳達的重點很簡單：一條根外用油膏不是神奇療法，適合放在「用問答降低誤用，讓使用者知道何時該詢問專業人員」這個保守邊界裡溝通。使用時請先看標示，薄擦於需要保養的局部，搭配輕柔按摩即可，不需要追求厚敷或過度刺激。

安全提醒：互動回答不取代醫師或藥師建議。

本內容為一般生活保健資訊，非醫療診斷或治療建議。

CTA：留言互動",#互動問答 #保養知識 #使用小提醒 #金牌一條根,圖1：【擦完可以馬上熱敷嗎】｜圖2：用問答降低誤用，讓使用者知道何時該詢問專業人員｜圖3：互動回答不取代醫師或藥師建議。,本內容為一般生活保健資訊，非醫療診斷或治療建議。,互動回答不取代醫師或藥師建議。,根治|治療疾病|消炎治本|打通經絡|一擦就好|保證有效|深層修復|替代藥物
Facebook_LINE344,LINE344,Facebook,2026-11-22,20:00,別把長期疼痛只當小問題,D,中,pending_legal_pharmacist_review,false,【別把長期疼痛只當小問題】,"【別把長期疼痛只當小問題】

40-70 歲注重日常活動舒適度的族群常會遇到這種情境：別把長期疼痛只當小問題。

這則貼文要傳達的重點很簡單：一條根外用油膏不是神奇療法，適合放在「輕微關節痠痛可短期舒緩，但不可宣稱治療疾病」這個保守邊界裡溝通。使用時請先看標示，薄擦於需要保養的局部，搭配輕柔按摩即可，不需要追求厚敷或過度刺激。

安全提醒：關節腫痛、紅熱、長期疼痛或行走困難，請就醫評估。

本產品為外用油膏，請依核准標示使用；若症狀持續或惡化，請諮詢醫師或藥師。

CTA：私訊/了解更多","【別把長期疼痛只當小問題】

40-70 歲注重日常活動舒適度的族群常會遇到這種情境：別把長期疼痛只當小問題。

這則貼文要傳達的重點很簡單：一條根外用油膏不是神奇療法，適合放在「輕微關節痠痛可短期舒緩，但不可宣稱治療疾病」這個保守邊界裡溝通。使用時請先看標示，薄擦於需要保養的局部，搭配輕柔按摩即可，不需要追求厚敷或過度刺激。

安全提醒：關節腫痛、紅熱、長期疼痛或行走困難，請就醫評估。

本產品為外用油膏，請依核准標示使用；若症狀持續或惡化，請諮詢醫師或藥師。

CTA：私訊/了解更多",#銀髮保養 #活動舒適 #輕微痠痛 #依標示使用,圖1：【別把長期疼痛只當小問題】｜圖2：輕微關節痠痛可短期舒緩，但不可宣稱治療疾病｜圖3：關節腫痛、紅熱、長期疼痛或行走困難，請就醫評估。,本產品為外用油膏，請依核准標示使用；若症狀持續或惡化，請諮詢醫師或藥師。,關節腫痛、紅熱、長期疼痛或行走困難，請就醫評估。,根治|治療疾病|消炎治本|打通經絡|一擦就好|保證有效|深層修復|替代藥物
Facebook_LINE345,LINE345,Facebook,2026-11-23,12:00,滑手機後頸部保養,B,低,pending_legal_pharmacist_review,false,【滑手機後頸部保養】,"【滑手機後頸部保養】

長時間低頭、久坐、用電腦的上班族常會遇到這種情境：滑手機後頸部保養。

這則貼文要傳達的重點很簡單：一條根外用油膏不是神奇療法，適合放在「久坐低頭後，可搭配伸展與局部按摩舒緩緊繃不適」這個保守邊界裡溝通。使用時請先看標示，薄擦於需要保養的局部，搭配輕柔按摩即可，不需要追求厚敷或過度刺激。

安全提醒：若痠痛持續、麻木或影響活動，請諮詢醫師或藥師。

本內容為一般生活保健資訊，非醫療診斷或治療建議。

CTA：收藏提醒","【滑手機後頸部保養】

長時間低頭、久坐、用電腦的上班族常會遇到這種情境：滑手機後頸部保養。

這則貼文要傳達的重點很簡單：一條根外用油膏不是神奇療法，適合放在「久坐低頭後，可搭配伸展與局部按摩舒緩緊繃不適」這個保守邊界裡溝通。使用時請先看標示，薄擦於需要保養的局部，搭配輕柔按摩即可，不需要追求厚敷或過度刺激。

安全提醒：若痠痛持續、麻木或影響活動，請諮詢醫師或藥師。

本內容為一般生活保健資訊，非醫療診斷或治療建議。

CTA：收藏提醒",#肩頸保養 #久坐族 #日常舒緩 #依標示使用,圖1：【滑手機後頸部保養】｜圖2：久坐低頭後，可搭配伸展與局部按摩舒緩緊繃不適｜圖3：若痠痛持續、麻木或影響活動，請諮詢醫師或藥師。,本內容為一般生活保健資訊，非醫療診斷或治療建議。,若痠痛持續、麻木或影響活動，請諮詢醫師或藥師。,根治|治療疾病|消炎治本|打通經絡|一擦就好|保證有效|深層修復|替代藥物
Facebook_LINE346,LINE346,Facebook,2026-11-23,20:00,產品不是神藥，定位要講清楚,A,中,pending_legal_pharmacist_review,false,【產品不是神藥，定位要講清楚】,"【產品不是神藥，定位要講清楚】

已購買或正在觀望的一條根使用者常會遇到這種情境：產品不是神藥，定位要講清楚。

這則貼文要傳達的重點很簡單：一條根外用油膏不是神奇療法，適合放在「依標示外用，提供局部按摩與暫時舒緩體感」這個保守邊界裡溝通。使用時請先看標示，薄擦於需要保養的局部，搭配輕柔按摩即可，不需要追求厚敷或過度刺激。

安全提醒：僅供外用；避免眼周、黏膜、破皮或傷口。

本產品為外用油膏，請依核准標示使用；若症狀持續或惡化，請諮詢醫師或藥師。

CTA：私訊/了解更多","【產品不是神藥，定位要講清楚】

已購買或正在觀望的一條根使用者常會遇到這種情境：產品不是神藥，定位要講清楚。

這則貼文要傳達的重點很簡單：一條根外用油膏不是神奇療法，適合放在「依標示外用，提供局部按摩與暫時舒緩體感」這個保守邊界裡溝通。使用時請先看標示，薄擦於需要保養的局部，搭配輕柔按摩即可，不需要追求厚敷或過度刺激。

安全提醒：僅供外用；避免眼周、黏膜、破皮或傷口。

本產品為外用油膏，請依核准標示使用；若症狀持續或惡化，請諮詢醫師或藥師。

CTA：私訊/了解更多",#金牌一條根 #外用油膏 #成分透明 #依標示使用,圖1：【產品不是神藥，定位要講清楚】｜圖2：依標示外用，提供局部按摩與暫時舒緩體感｜圖3：僅供外用；避免眼周、黏膜、破皮或傷口。,本產品為外用油膏，請依核准標示使用；若症狀持續或惡化，請諮詢醫師或藥師。,僅供外用；避免眼周、黏膜、破皮或傷口。,根治|治療疾病|消炎治本|打通經絡|一擦就好|保證有效|深層修復|替代藥物
Facebook_LINE347,LINE347,Facebook,2026-11-24,12:00,立冬前後的日常舒緩儀式,F,低,pending_legal_pharmacist_review,false,【立冬前後的日常舒緩儀式】,"【立冬前後的日常舒緩儀式】

喜歡養生、節氣與日常保健的 LINE 讀者常會遇到這種情境：立冬前後的日常舒緩儀式。

這則貼文要傳達的重點很簡單：一條根外用油膏不是神奇療法，適合放在「以生活保健與身體覺察為主，不做醫療療效宣稱」這個保守邊界裡溝通。使用時請先看標示，薄擦於需要保養的局部，搭配輕柔按摩即可，不需要追求厚敷或過度刺激。

安全提醒：節氣養生屬一般生活資訊，身體不適仍應諮詢專業人員。

本內容為一般生活保健資訊，非醫療診斷或治療建議。

CTA：收藏提醒","【立冬前後的日常舒緩儀式】

喜歡養生、節氣與日常保健的 LINE 讀者常會遇到這種情境：立冬前後的日常舒緩儀式。

這則貼文要傳達的重點很簡單：一條根外用油膏不是神奇療法，適合放在「以生活保健與身體覺察為主，不做醫療療效宣稱」這個保守邊界裡溝通。使用時請先看標示，薄擦於需要保養的局部，搭配輕柔按摩即可，不需要追求厚敷或過度刺激。

安全提醒：節氣養生屬一般生活資訊，身體不適仍應諮詢專業人員。

本內容為一般生活保健資訊，非醫療診斷或治療建議。

CTA：收藏提醒",#節氣保養 #生活保健 #日常保養 #身體覺察,圖1：【立冬前後的日常舒緩儀式】｜圖2：以生活保健與身體覺察為主，不做醫療療效宣稱｜圖3：節氣養生屬一般生活資訊，身體不適仍應諮詢專業人員。,本內容為一般生活保健資訊，非醫療診斷或治療建議。,節氣養生屬一般生活資訊，身體不適仍應諮詢專業人員。,根治|治療疾病|消炎治本|打通經絡|一擦就好|保證有效|深層修復|替代藥物
Facebook_LINE348,LINE348,Facebook,2026-11-24,20:00,深層症狀不適合自行處理,E,高,pending_legal_pharmacist_review,false,【深層症狀不適合自行處理】,"【深層症狀不適合自行處理】

所有使用者、照護者與家庭購買者常會遇到這種情境：深層症狀不適合自行處理。

這則貼文要傳達的重點很簡單：一條根外用油膏不是神奇療法，適合放在「安全使用比用得多更重要，依標示與風險族群提醒」這個保守邊界裡溝通。使用時請先看標示，薄擦於需要保養的局部，搭配輕柔按摩即可，不需要追求厚敷或過度刺激。

安全提醒：2 歲以下、孕哺、過敏體質、抗凝血藥使用者請先詢問專業人員。

僅供外用。避免接觸眼睛、黏膜、破皮或傷口；特殊族群使用前請先諮詢專業人員。

CTA：私訊/了解更多","【深層症狀不適合自行處理】

所有使用者、照護者與家庭購買者常會遇到這種情境：深層症狀不適合自行處理。

這則貼文要傳達的重點很簡單：一條根外用油膏不是神奇療法，適合放在「安全使用比用得多更重要，依標示與風險族群提醒」這個保守邊界裡溝通。使用時請先看標示，薄擦於需要保養的局部，搭配輕柔按摩即可，不需要追求厚敷或過度刺激。

安全提醒：2 歲以下、孕哺、過敏體質、抗凝血藥使用者請先詢問專業人員。

僅供外用。避免接觸眼睛、黏膜、破皮或傷口；特殊族群使用前請先諮詢專業人員。

CTA：私訊/了解更多",#外用安全 #用藥安全 #使用前看標示 #諮詢醫師藥師,圖1：【深層症狀不適合自行處理】｜圖2：安全使用比用得多更重要，依標示與風險族群提醒｜圖3：2 歲以下、孕哺、過敏體質、抗凝血藥使用者請先詢問專業人員。,僅供外用。避免接觸眼睛、黏膜、破皮或傷口；特殊族群使用前請先諮詢專業人員。,2 歲以下、孕哺、過敏體質、抗凝血藥使用者請先詢問專業人員。,根治|治療疾病|消炎治本|打通經絡|一擦就好|保證有效|深層修復|替代藥物
Facebook_LINE349,LINE349,Facebook,2026-11-25,12:00,每篇貼文都要人工審核,H,中,pending_legal_pharmacist_review,false,【每篇貼文都要人工審核】,"【每篇貼文都要人工審核】

重視藥證、成分、品質與合法性的消費者常會遇到這種情境：每篇貼文都要人工審核。

這則貼文要傳達的重點很簡單：一條根外用油膏不是神奇療法，適合放在「強調藥證、標示、保守宣稱與人工審核流程」這個保守邊界裡溝通。使用時請先看標示，薄擦於需要保養的局部，搭配輕柔按摩即可，不需要追求厚敷或過度刺激。

安全提醒：所有廣告文案仍須依主管機關與專業人員審核。

本產品為外用油膏，請依核准標示使用；若症狀持續或惡化，請諮詢醫師或藥師。

CTA：收藏提醒","【每篇貼文都要人工審核】

重視藥證、成分、品質與合法性的消費者常會遇到這種情境：每篇貼文都要人工審核。

這則貼文要傳達的重點很簡單：一條根外用油膏不是神奇療法，適合放在「強調藥證、標示、保守宣稱與人工審核流程」這個保守邊界裡溝通。使用時請先看標示，薄擦於需要保養的局部，搭配輕柔按摩即可，不需要追求厚敷或過度刺激。

安全提醒：所有廣告文案仍須依主管機關與專業人員審核。

本產品為外用油膏，請依核准標示使用；若症狀持續或惡化，請諮詢醫師或藥師。

CTA：收藏提醒",#藥證可查 #品牌透明 #合法宣傳 #成分透明,圖1：【每篇貼文都要人工審核】｜圖2：強調藥證、標示、保守宣稱與人工審核流程｜圖3：所有廣告文案仍須依主管機關與專業人員審核。,本產品為外用油膏，請依核准標示使用；若症狀持續或惡化，請諮詢醫師或藥師。,所有廣告文案仍須依主管機關與專業人員審核。,根治|治療疾病|消炎治本|打通經絡|一擦就好|保證有效|深層修復|替代藥物
Facebook_LINE350,LINE350,Facebook,2026-11-25,20:00,哪些情況應該先就醫,G,低,pending_legal_pharmacist_review,false,【哪些情況應該先就醫】,"【哪些情況應該先就醫】

LINE OA 好友、回購客與新客常會遇到這種情境：哪些情況應該先就醫。

這則貼文要傳達的重點很簡單：一條根外用油膏不是神奇療法，適合放在「用問答降低誤用，讓使用者知道何時該詢問專業人員」這個保守邊界裡溝通。使用時請先看標示，薄擦於需要保養的局部，搭配輕柔按摩即可，不需要追求厚敷或過度刺激。

安全提醒：互動回答不取代醫師或藥師建議。

本內容為一般生活保健資訊，非醫療診斷或治療建議。

CTA：留言互動","【哪些情況應該先就醫】

LINE OA 好友、回購客與新客常會遇到這種情境：哪些情況應該先就醫。

這則貼文要傳達的重點很簡單：一條根外用油膏不是神奇療法，適合放在「用問答降低誤用，讓使用者知道何時該詢問專業人員」這個保守邊界裡溝通。使用時請先看標示，薄擦於需要保養的局部，搭配輕柔按摩即可，不需要追求厚敷或過度刺激。

安全提醒：互動回答不取代醫師或藥師建議。

本內容為一般生活保健資訊，非醫療診斷或治療建議。

CTA：留言互動",#互動問答 #保養知識 #使用小提醒 #金牌一條根,圖1：【哪些情況應該先就醫】｜圖2：用問答降低誤用，讓使用者知道何時該詢問專業人員｜圖3：互動回答不取代醫師或藥師建議。,本內容為一般生活保健資訊，非醫療診斷或治療建議。,互動回答不取代醫師或藥師建議。,根治|治療疾病|消炎治本|打通經絡|一擦就好|保證有效|深層修復|替代藥物
Facebook_LINE351,LINE351,Facebook,2026-11-26,12:00,運動後局部痠痛的保守處理,C,中,pending_legal_pharmacist_review,false,【運動後局部痠痛的保守處理】,"【運動後局部痠痛的保守處理】

運動族、搬重物、久站與勞動工作者常會遇到這種情境：運動後局部痠痛的保守處理。

這則貼文要傳達的重點很簡單：一條根外用油膏不是神奇療法，適合放在「運動或勞動後的局部肌肉痠痛，可短期按摩舒緩」這個保守邊界裡溝通。使用時請先看標示，薄擦於需要保養的局部，搭配輕柔按摩即可，不需要追求厚敷或過度刺激。

安全提醒：明顯腫脹、劇痛、活動受限或疑似受傷時，請先就醫。

本產品為外用油膏，請依核准標示使用；若症狀持續或惡化，請諮詢醫師或藥師。

CTA：收藏提醒","【運動後局部痠痛的保守處理】

運動族、搬重物、久站與勞動工作者常會遇到這種情境：運動後局部痠痛的保守處理。

這則貼文要傳達的重點很簡單：一條根外用油膏不是神奇療法，適合放在「運動或勞動後的局部肌肉痠痛，可短期按摩舒緩」這個保守邊界裡溝通。使用時請先看標示，薄擦於需要保養的局部，搭配輕柔按摩即可，不需要追求厚敷或過度刺激。

安全提醒：明顯腫脹、劇痛、活動受限或疑似受傷時，請先就醫。

本產品為外用油膏，請依核准標示使用；若症狀持續或惡化，請諮詢醫師或藥師。

CTA：收藏提醒",#運動後保養 #局部按摩 #肌肉痠痛 #依標示使用,圖1：【運動後局部痠痛的保守處理】｜圖2：運動或勞動後的局部肌肉痠痛，可短期按摩舒緩｜圖3：明顯腫脹、劇痛、活動受限或疑似受傷時，請先就醫。,本產品為外用油膏，請依核准標示使用；若症狀持續或惡化，請諮詢醫師或藥師。,明顯腫脹、劇痛、活動受限或疑似受傷時，請先就醫。,根治|治療疾病|消炎治本|打通經絡|一擦就好|保證有效|深層修復|替代藥物
Facebook_LINE352,LINE352,Facebook,2026-11-26,20:00,冬青油與清涼舒緩體感,A,中,pending_legal_pharmacist_review,false,【冬青油與清涼舒緩體感】,"【冬青油與清涼舒緩體感】

已購買或正在觀望的一條根使用者常會遇到這種情境：冬青油與清涼舒緩體感。

這則貼文要傳達的重點很簡單：一條根外用油膏不是神奇療法，適合放在「依標示外用，提供局部按摩與暫時舒緩體感」這個保守邊界裡溝通。使用時請先看標示，薄擦於需要保養的局部，搭配輕柔按摩即可，不需要追求厚敷或過度刺激。

安全提醒：僅供外用；避免眼周、黏膜、破皮或傷口。

本產品為外用油膏，請依核准標示使用；若症狀持續或惡化，請諮詢醫師或藥師。

CTA：私訊/了解更多","【冬青油與清涼舒緩體感】

已購買或正在觀望的一條根使用者常會遇到這種情境：冬青油與清涼舒緩體感。

這則貼文要傳達的重點很簡單：一條根外用油膏不是神奇療法，適合放在「依標示外用，提供局部按摩與暫時舒緩體感」這個保守邊界裡溝通。使用時請先看標示，薄擦於需要保養的局部，搭配輕柔按摩即可，不需要追求厚敷或過度刺激。

安全提醒：僅供外用；避免眼周、黏膜、破皮或傷口。

本產品為外用油膏，請依核准標示使用；若症狀持續或惡化，請諮詢醫師或藥師。

CTA：私訊/了解更多",#金牌一條根 #外用油膏 #成分透明 #依標示使用,圖1：【冬青油與清涼舒緩體感】｜圖2：依標示外用，提供局部按摩與暫時舒緩體感｜圖3：僅供外用；避免眼周、黏膜、破皮或傷口。,本產品為外用油膏，請依核准標示使用；若症狀持續或惡化，請諮詢醫師或藥師。,僅供外用；避免眼周、黏膜、破皮或傷口。,根治|治療疾病|消炎治本|打通經絡|一擦就好|保證有效|深層修復|替代藥物
Facebook_LINE353,LINE353,Facebook,2026-11-27,12:00,早晨活動前的關節暖身,D,中,pending_legal_pharmacist_review,false,【早晨活動前的關節暖身】,"【早晨活動前的關節暖身】

40-70 歲注重日常活動舒適度的族群常會遇到這種情境：早晨活動前的關節暖身。

這則貼文要傳達的重點很簡單：一條根外用油膏不是神奇療法，適合放在「輕微關節痠痛可短期舒緩，但不可宣稱治療疾病」這個保守邊界裡溝通。使用時請先看標示，薄擦於需要保養的局部，搭配輕柔按摩即可，不需要追求厚敷或過度刺激。

安全提醒：關節腫痛、紅熱、長期疼痛或行走困難，請就醫評估。

本產品為外用油膏，請依核准標示使用；若症狀持續或惡化，請諮詢醫師或藥師。

CTA：收藏提醒","【早晨活動前的關節暖身】

40-70 歲注重日常活動舒適度的族群常會遇到這種情境：早晨活動前的關節暖身。

這則貼文要傳達的重點很簡單：一條根外用油膏不是神奇療法，適合放在「輕微關節痠痛可短期舒緩，但不可宣稱治療疾病」這個保守邊界裡溝通。使用時請先看標示，薄擦於需要保養的局部，搭配輕柔按摩即可，不需要追求厚敷或過度刺激。

安全提醒：關節腫痛、紅熱、長期疼痛或行走困難，請就醫評估。

本產品為外用油膏，請依核准標示使用；若症狀持續或惡化，請諮詢醫師或藥師。

CTA：收藏提醒",#銀髮保養 #活動舒適 #輕微痠痛 #依標示使用,圖1：【早晨活動前的關節暖身】｜圖2：輕微關節痠痛可短期舒緩，但不可宣稱治療疾病｜圖3：關節腫痛、紅熱、長期疼痛或行走困難，請就醫評估。,本產品為外用油膏，請依核准標示使用；若症狀持續或惡化，請諮詢醫師或藥師。,關節腫痛、紅熱、長期疼痛或行走困難，請就醫評估。,根治|治療疾病|消炎治本|打通經絡|一擦就好|保證有效|深層修復|替代藥物
Facebook_LINE354,LINE354,Facebook,2026-11-27,20:00,不能擦在破皮或傷口,E,高,pending_legal_pharmacist_review,false,【不能擦在破皮或傷口】,"【不能擦在破皮或傷口】

所有使用者、照護者與家庭購買者常會遇到這種情境：不能擦在破皮或傷口。

這則貼文要傳達的重點很簡單：一條根外用油膏不是神奇療法，適合放在「安全使用比用得多更重要，依標示與風險族群提醒」這個保守邊界裡溝通。使用時請先看標示，薄擦於需要保養的局部，搭配輕柔按摩即可，不需要追求厚敷或過度刺激。

安全提醒：2 歲以下、孕哺、過敏體質、抗凝血藥使用者請先詢問專業人員。

僅供外用。避免接觸眼睛、黏膜、破皮或傷口；特殊族群使用前請先諮詢專業人員。

CTA：私訊/了解更多","【不能擦在破皮或傷口】

所有使用者、照護者與家庭購買者常會遇到這種情境：不能擦在破皮或傷口。

這則貼文要傳達的重點很簡單：一條根外用油膏不是神奇療法，適合放在「安全使用比用得多更重要，依標示與風險族群提醒」這個保守邊界裡溝通。使用時請先看標示，薄擦於需要保養的局部，搭配輕柔按摩即可，不需要追求厚敷或過度刺激。

安全提醒：2 歲以下、孕哺、過敏體質、抗凝血藥使用者請先詢問專業人員。

僅供外用。避免接觸眼睛、黏膜、破皮或傷口；特殊族群使用前請先諮詢專業人員。

CTA：私訊/了解更多",#外用安全 #用藥安全 #使用前看標示 #諮詢醫師藥師,圖1：【不能擦在破皮或傷口】｜圖2：安全使用比用得多更重要，依標示與風險族群提醒｜圖3：2 歲以下、孕哺、過敏體質、抗凝血藥使用者請先詢問專業人員。,僅供外用。避免接觸眼睛、黏膜、破皮或傷口；特殊族群使用前請先諮詢專業人員。,2 歲以下、孕哺、過敏體質、抗凝血藥使用者請先詢問專業人員。,根治|治療疾病|消炎治本|打通經絡|一擦就好|保證有效|深層修復|替代藥物
Facebook_LINE355,LINE355,Facebook,2026-11-28,12:00,芒種後濕熱生活保養,F,低,pending_legal_pharmacist_review,false,【芒種後濕熱生活保養】,"【芒種後濕熱生活保養】

喜歡養生、節氣與日常保健的 LINE 讀者常會遇到這種情境：芒種後濕熱生活保養。

這則貼文要傳達的重點很簡單：一條根外用油膏不是神奇療法，適合放在「以生活保健與身體覺察為主，不做醫療療效宣稱」這個保守邊界裡溝通。使用時請先看標示，薄擦於需要保養的局部，搭配輕柔按摩即可，不需要追求厚敷或過度刺激。

安全提醒：節氣養生屬一般生活資訊，身體不適仍應諮詢專業人員。

本內容為一般生活保健資訊，非醫療診斷或治療建議。

CTA：收藏提醒","【芒種後濕熱生活保養】

喜歡養生、節氣與日常保健的 LINE 讀者常會遇到這種情境：芒種後濕熱生活保養。

這則貼文要傳達的重點很簡單：一條根外用油膏不是神奇療法，適合放在「以生活保健與身體覺察為主，不做醫療療效宣稱」這個保守邊界裡溝通。使用時請先看標示，薄擦於需要保養的局部，搭配輕柔按摩即可，不需要追求厚敷或過度刺激。

安全提醒：節氣養生屬一般生活資訊，身體不適仍應諮詢專業人員。

本內容為一般生活保健資訊，非醫療診斷或治療建議。

CTA：收藏提醒",#節氣保養 #生活保健 #日常保養 #身體覺察,圖1：【芒種後濕熱生活保養】｜圖2：以生活保健與身體覺察為主，不做醫療療效宣稱｜圖3：節氣養生屬一般生活資訊，身體不適仍應諮詢專業人員。,本內容為一般生活保健資訊，非醫療診斷或治療建議。,節氣養生屬一般生活資訊，身體不適仍應諮詢專業人員。,根治|治療疾病|消炎治本|打通經絡|一擦就好|保證有效|深層修復|替代藥物
Facebook_LINE356,LINE356,Facebook,2026-11-28,20:00,久站後小腿不適舒緩,C,中,pending_legal_pharmacist_review,false,【久站後小腿不適舒緩】,"【久站後小腿不適舒緩】

運動族、搬重物、久站與勞動工作者常會遇到這種情境：久站後小腿不適舒緩。

這則貼文要傳達的重點很簡單：一條根外用油膏不是神奇療法，適合放在「運動或勞動後的局部肌肉痠痛，可短期按摩舒緩」這個保守邊界裡溝通。使用時請先看標示，薄擦於需要保養的局部，搭配輕柔按摩即可，不需要追求厚敷或過度刺激。

安全提醒：明顯腫脹、劇痛、活動受限或疑似受傷時，請先就醫。

本產品為外用油膏，請依核准標示使用；若症狀持續或惡化，請諮詢醫師或藥師。

CTA：私訊/了解更多","【久站後小腿不適舒緩】

運動族、搬重物、久站與勞動工作者常會遇到這種情境：久站後小腿不適舒緩。

這則貼文要傳達的重點很簡單：一條根外用油膏不是神奇療法，適合放在「運動或勞動後的局部肌肉痠痛，可短期按摩舒緩」這個保守邊界裡溝通。使用時請先看標示，薄擦於需要保養的局部，搭配輕柔按摩即可，不需要追求厚敷或過度刺激。

安全提醒：明顯腫脹、劇痛、活動受限或疑似受傷時，請先就醫。

本產品為外用油膏，請依核准標示使用；若症狀持續或惡化，請諮詢醫師或藥師。

CTA：私訊/了解更多",#運動後保養 #局部按摩 #肌肉痠痛 #依標示使用,圖1：【久站後小腿不適舒緩】｜圖2：運動或勞動後的局部肌肉痠痛，可短期按摩舒緩｜圖3：明顯腫脹、劇痛、活動受限或疑似受傷時，請先就醫。,本產品為外用油膏，請依核准標示使用；若症狀持續或惡化，請諮詢醫師或藥師。,明顯腫脹、劇痛、活動受限或疑似受傷時，請先就醫。,根治|治療疾病|消炎治本|打通經絡|一擦就好|保證有效|深層修復|替代藥物
Facebook_LINE357,LINE357,Facebook,2026-11-29,12:00,你最常哪個部位緊繃,G,低,pending_legal_pharmacist_review,false,【你最常哪個部位緊繃】,"【你最常哪個部位緊繃】

LINE OA 好友、回購客與新客常會遇到這種情境：你最常哪個部位緊繃。

這則貼文要傳達的重點很簡單：一條根外用油膏不是神奇療法，適合放在「用問答降低誤用，讓使用者知道何時該詢問專業人員」這個保守邊界裡溝通。使用時請先看標示，薄擦於需要保養的局部，搭配輕柔按摩即可，不需要追求厚敷或過度刺激。

安全提醒：互動回答不取代醫師或藥師建議。

本內容為一般生活保健資訊，非醫療診斷或治療建議。

CTA：留言互動","【你最常哪個部位緊繃】

LINE OA 好友、回購客與新客常會遇到這種情境：你最常哪個部位緊繃。

這則貼文要傳達的重點很簡單：一條根外用油膏不是神奇療法，適合放在「用問答降低誤用，讓使用者知道何時該詢問專業人員」這個保守邊界裡溝通。使用時請先看標示，薄擦於需要保養的局部，搭配輕柔按摩即可，不需要追求厚敷或過度刺激。

安全提醒：互動回答不取代醫師或藥師建議。

本內容為一般生活保健資訊，非醫療診斷或治療建議。

CTA：留言互動",#互動問答 #保養知識 #使用小提醒 #金牌一條根,圖1：【你最常哪個部位緊繃】｜圖2：用問答降低誤用，讓使用者知道何時該詢問專業人員｜圖3：互動回答不取代醫師或藥師建議。,本內容為一般生活保健資訊，非醫療診斷或治療建議。,互動回答不取代醫師或藥師建議。,根治|治療疾病|消炎治本|打通經絡|一擦就好|保證有效|深層修復|替代藥物
Facebook_LINE358,LINE358,Facebook,2026-11-29,20:00,長輩外用膏使用安全,D,中,pending_legal_pharmacist_review,false,【長輩外用膏使用安全】,"【長輩外用膏使用安全】

40-70 歲注重日常活動舒適度的族群常會遇到這種情境：長輩外用膏使用安全。

這則貼文要傳達的重點很簡單：一條根外用油膏不是神奇療法，適合放在「輕微關節痠痛可短期舒緩，但不可宣稱治療疾病」這個保守邊界裡溝通。使用時請先看標示，薄擦於需要保養的局部，搭配輕柔按摩即可，不需要追求厚敷或過度刺激。

安全提醒：關節腫痛、紅熱、長期疼痛或行走困難，請就醫評估。

本產品為外用油膏，請依核准標示使用；若症狀持續或惡化，請諮詢醫師或藥師。

CTA：私訊/了解更多","【長輩外用膏使用安全】

40-70 歲注重日常活動舒適度的族群常會遇到這種情境：長輩外用膏使用安全。

這則貼文要傳達的重點很簡單：一條根外用油膏不是神奇療法，適合放在「輕微關節痠痛可短期舒緩，但不可宣稱治療疾病」這個保守邊界裡溝通。使用時請先看標示，薄擦於需要保養的局部，搭配輕柔按摩即可，不需要追求厚敷或過度刺激。

安全提醒：關節腫痛、紅熱、長期疼痛或行走困難，請就醫評估。

本產品為外用油膏，請依核准標示使用；若症狀持續或惡化，請諮詢醫師或藥師。

CTA：私訊/了解更多",#銀髮保養 #活動舒適 #輕微痠痛 #依標示使用,圖1：【長輩外用膏使用安全】｜圖2：輕微關節痠痛可短期舒緩，但不可宣稱治療疾病｜圖3：關節腫痛、紅熱、長期疼痛或行走困難，請就醫評估。,本產品為外用油膏，請依核准標示使用；若症狀持續或惡化，請諮詢醫師或藥師。,關節腫痛、紅熱、長期疼痛或行走困難，請就醫評估。,根治|治療疾病|消炎治本|打通經絡|一擦就好|保證有效|深層修復|替代藥物
Facebook_LINE359,LINE359,Facebook,2026-11-30,12:00,辦公桌前的姿勢檢查,B,低,pending_legal_pharmacist_review,false,【辦公桌前的姿勢檢查】,"【辦公桌前的姿勢檢查】

長時間低頭、久坐、用電腦的上班族常會遇到這種情境：辦公桌前的姿勢檢查。

這則貼文要傳達的重點很簡單：一條根外用油膏不是神奇療法，適合放在「久坐低頭後，可搭配伸展與局部按摩舒緩緊繃不適」這個保守邊界裡溝通。使用時請先看標示，薄擦於需要保養的局部，搭配輕柔按摩即可，不需要追求厚敷或過度刺激。

安全提醒：若痠痛持續、麻木或影響活動，請諮詢醫師或藥師。

本內容為一般生活保健資訊，非醫療診斷或治療建議。

CTA：收藏提醒","【辦公桌前的姿勢檢查】

長時間低頭、久坐、用電腦的上班族常會遇到這種情境：辦公桌前的姿勢檢查。

這則貼文要傳達的重點很簡單：一條根外用油膏不是神奇療法，適合放在「久坐低頭後，可搭配伸展與局部按摩舒緩緊繃不適」這個保守邊界裡溝通。使用時請先看標示，薄擦於需要保養的局部，搭配輕柔按摩即可，不需要追求厚敷或過度刺激。

安全提醒：若痠痛持續、麻木或影響活動，請諮詢醫師或藥師。

本內容為一般生活保健資訊，非醫療診斷或治療建議。

CTA：收藏提醒",#肩頸保養 #久坐族 #日常舒緩 #依標示使用,圖1：【辦公桌前的姿勢檢查】｜圖2：久坐低頭後，可搭配伸展與局部按摩舒緩緊繃不適｜圖3：若痠痛持續、麻木或影響活動，請諮詢醫師或藥師。,本內容為一般生活保健資訊，非醫療診斷或治療建議。,若痠痛持續、麻木或影響活動，請諮詢醫師或藥師。,根治|治療疾病|消炎治本|打通經絡|一擦就好|保證有效|深層修復|替代藥物
Facebook_LINE360,LINE360,Facebook,2026-11-30,20:00,薄荷腦帶來的涼感來源,A,中,pending_legal_pharmacist_review,false,【薄荷腦帶來的涼感來源】,"【薄荷腦帶來的涼感來源】

已購買或正在觀望的一條根使用者常會遇到這種情境：薄荷腦帶來的涼感來源。

這則貼文要傳達的重點很簡單：一條根外用油膏不是神奇療法，適合放在「依標示外用，提供局部按摩與暫時舒緩體感」這個保守邊界裡溝通。使用時請先看標示，薄擦於需要保養的局部，搭配輕柔按摩即可，不需要追求厚敷或過度刺激。

安全提醒：僅供外用；避免眼周、黏膜、破皮或傷口。

本產品為外用油膏，請依核准標示使用；若症狀持續或惡化，請諮詢醫師或藥師。

CTA：私訊/了解更多","【薄荷腦帶來的涼感來源】

已購買或正在觀望的一條根使用者常會遇到這種情境：薄荷腦帶來的涼感來源。

這則貼文要傳達的重點很簡單：一條根外用油膏不是神奇療法，適合放在「依標示外用，提供局部按摩與暫時舒緩體感」這個保守邊界裡溝通。使用時請先看標示，薄擦於需要保養的局部，搭配輕柔按摩即可，不需要追求厚敷或過度刺激。

安全提醒：僅供外用；避免眼周、黏膜、破皮或傷口。

本產品為外用油膏，請依核准標示使用；若症狀持續或惡化，請諮詢醫師或藥師。

CTA：私訊/了解更多",#金牌一條根 #外用油膏 #成分透明 #依標示使用,圖1：【薄荷腦帶來的涼感來源】｜圖2：依標示外用，提供局部按摩與暫時舒緩體感｜圖3：僅供外用；避免眼周、黏膜、破皮或傷口。,本產品為外用油膏，請依核准標示使用；若症狀持續或惡化，請諮詢醫師或藥師。,僅供外用；避免眼周、黏膜、破皮或傷口。,根治|治療疾病|消炎治本|打通經絡|一擦就好|保證有效|深層修復|替代藥物
