post_id,line_oa,date,weekday,time,month_theme,pillar_code,pillar_name,topic_title,content_angle,target_audience,safe_claim_boundary,required_warning,risk_level,review_status,publish_status,recommended_format,image_style,cta_type,mandatory_disclaimer,banned_terms,prompt_brief
LINE001,@111wrvef,2026-06-04,週四,12:00,夏季濕熱與冷氣房肩頸保養,C,運動後與勞動後局部不適,運動後局部痠痛的保守處理,反常識,運動族、搬重物、久站與勞動工作者,運動或勞動後的局部肌肉痠痛，可短期按摩舒緩,明顯腫脹、劇痛、活動受限或疑似受傷時，請先就醫。,中,pending_legal_pharmacist_review,not_ready,text_plus_image_card,運動後伸展、局部按摩、戶外或健身情境,收藏提醒,本產品為外用油膏，請依核准標示使用；若症狀持續或惡化，請諮詢醫師或藥師。,根治|治療疾病|消炎治本|打通經絡|一擦就好|保證有效|深層修復|替代藥物,請為 LINE OA @111wrvef 產生一則繁體中文貼文。主題：運動後局部痠痛的保守處理。支柱：C-運動後與勞動後局部不適。角度：反常識。受眾：運動族、搬重物、久站與勞動工作者。只能使用保守宣稱：運動或勞動後的局部肌肉痠痛，可短期按摩舒緩。必須提醒：明顯腫脹、劇痛、活動受限或疑似受傷時，請先就醫。。文案需手機易讀，包含標題、Hook、120-220字正文、CTA、3-5個hashtag、圖卡三行字。禁用詞：根治|治療疾病|消炎治本|打通經絡|一擦就好|保證有效|深層修復|替代藥物。輸出後標示待人工法規審核。
LINE002,@111wrvef,2026-06-04,週四,20:00,夏季濕熱與冷氣房肩頸保養,A,產品教育與成分透明,冬青油與清涼舒緩體感,藥證可查,已購買或正在觀望的一條根使用者,依標示外用，提供局部按摩與暫時舒緩體感,僅供外用；避免眼周、黏膜、破皮或傷口。,中,pending_legal_pharmacist_review,not_ready,text_plus_image_card,產品特寫、成分植物、乾淨桌面、金色暖光,私訊/了解更多,本產品為外用油膏，請依核准標示使用；若症狀持續或惡化，請諮詢醫師或藥師。,根治|治療疾病|消炎治本|打通經絡|一擦就好|保證有效|深層修復|替代藥物,請為 LINE OA @111wrvef 產生一則繁體中文貼文。主題：冬青油與清涼舒緩體感。支柱：A-產品教育與成分透明。角度：藥證可查。受眾：已購買或正在觀望的一條根使用者。只能使用保守宣稱：依標示外用，提供局部按摩與暫時舒緩體感。必須提醒：僅供外用；避免眼周、黏膜、破皮或傷口。。文案需手機易讀，包含標題、Hook、120-220字正文、CTA、3-5個hashtag、圖卡三行字。禁用詞：根治|治療疾病|消炎治本|打通經絡|一擦就好|保證有效|深層修復|替代藥物。輸出後標示待人工法規審核。
LINE003,@111wrvef,2026-06-05,週五,12:00,夏季濕熱與冷氣房肩頸保養,D,銀髮日常與輕微關節不適,早晨活動前的關節暖身,互動型,40-70 歲注重日常活動舒適度的族群,輕微關節痠痛可短期舒緩，但不可宣稱治療疾病,關節腫痛、紅熱、長期疼痛或行走困難，請就醫評估。,中,pending_legal_pharmacist_review,not_ready,text_plus_image_card,長輩日常、散步、溫暖居家光線,收藏提醒,本產品為外用油膏，請依核准標示使用；若症狀持續或惡化，請諮詢醫師或藥師。,根治|治療疾病|消炎治本|打通經絡|一擦就好|保證有效|深層修復|替代藥物,請為 LINE OA @111wrvef 產生一則繁體中文貼文。主題：早晨活動前的關節暖身。支柱：D-銀髮日常與輕微關節不適。角度：互動型。受眾：40-70 歲注重日常活動舒適度的族群。只能使用保守宣稱：輕微關節痠痛可短期舒緩，但不可宣稱治療疾病。必須提醒：關節腫痛、紅熱、長期疼痛或行走困難，請就醫評估。。文案需手機易讀，包含標題、Hook、120-220字正文、CTA、3-5個hashtag、圖卡三行字。禁用詞：根治|治療疾病|消炎治本|打通經絡|一擦就好|保證有效|深層修復|替代藥物。輸出後標示待人工法規審核。
LINE004,@111wrvef,2026-06-05,週五,20:00,夏季濕熱與冷氣房肩頸保養,E,用藥安全與禁忌提醒,不能擦在破皮或傷口,風險提醒,所有使用者、照護者與家庭購買者,安全使用比用得多更重要，依標示與風險族群提醒,2 歲以下、孕哺、過敏體質、抗凝血藥使用者請先詢問專業人員。,高,pending_legal_pharmacist_review,not_ready,text_plus_image_card,安全提醒圖卡、清楚 icon、紅黃綠分級,私訊/了解更多,僅供外用。避免接觸眼睛、黏膜、破皮或傷口；特殊族群使用前請先諮詢專業人員。,根治|治療疾病|消炎治本|打通經絡|一擦就好|保證有效|深層修復|替代藥物,請為 LINE OA @111wrvef 產生一則繁體中文貼文。主題：不能擦在破皮或傷口。支柱：E-用藥安全與禁忌提醒。角度：風險提醒。受眾：所有使用者、照護者與家庭購買者。只能使用保守宣稱：安全使用比用得多更重要，依標示與風險族群提醒。必須提醒：2 歲以下、孕哺、過敏體質、抗凝血藥使用者請先詢問專業人員。。文案需手機易讀，包含標題、Hook、120-220字正文、CTA、3-5個hashtag、圖卡三行字。禁用詞：根治|治療疾病|消炎治本|打通經絡|一擦就好|保證有效|深層修復|替代藥物。輸出後標示待人工法規審核。
LINE005,@111wrvef,2026-06-06,週六,12:00,夏季濕熱與冷氣房肩頸保養,F,季節節氣與生活保健,芒種後濕熱生活保養,節氣型,喜歡養生、節氣與日常保健的 LINE 讀者,以生活保健與身體覺察為主，不做醫療療效宣稱,節氣養生屬一般生活資訊，身體不適仍應諮詢專業人員。,低,pending_legal_pharmacist_review,not_ready,text_plus_image_card,節氣自然景、草本、季節色彩,收藏提醒,本內容為一般生活保健資訊，非醫療診斷或治療建議。,根治|治療疾病|消炎治本|打通經絡|一擦就好|保證有效|深層修復|替代藥物,請為 LINE OA @111wrvef 產生一則繁體中文貼文。主題：芒種後濕熱生活保養。支柱：F-季節節氣與生活保健。角度：節氣型。受眾：喜歡養生、節氣與日常保健的 LINE 讀者。只能使用保守宣稱：以生活保健與身體覺察為主，不做醫療療效宣稱。必須提醒：節氣養生屬一般生活資訊，身體不適仍應諮詢專業人員。。文案需手機易讀，包含標題、Hook、120-220字正文、CTA、3-5個hashtag、圖卡三行字。禁用詞：根治|治療疾病|消炎治本|打通經絡|一擦就好|保證有效|深層修復|替代藥物。輸出後標示待人工法規審核。
LINE006,@111wrvef,2026-06-06,週六,20:00,夏季濕熱與冷氣房肩頸保養,C,運動後與勞動後局部不適,久站後小腿不適舒緩,步驟型,運動族、搬重物、久站與勞動工作者,運動或勞動後的局部肌肉痠痛，可短期按摩舒緩,明顯腫脹、劇痛、活動受限或疑似受傷時，請先就醫。,中,pending_legal_pharmacist_review,not_ready,text_plus_image_card,運動後伸展、局部按摩、戶外或健身情境,私訊/了解更多,本產品為外用油膏，請依核准標示使用；若症狀持續或惡化，請諮詢醫師或藥師。,根治|治療疾病|消炎治本|打通經絡|一擦就好|保證有效|深層修復|替代藥物,請為 LINE OA @111wrvef 產生一則繁體中文貼文。主題：久站後小腿不適舒緩。支柱：C-運動後與勞動後局部不適。角度：步驟型。受眾：運動族、搬重物、久站與勞動工作者。只能使用保守宣稱：運動或勞動後的局部肌肉痠痛，可短期按摩舒緩。必須提醒：明顯腫脹、劇痛、活動受限或疑似受傷時，請先就醫。。文案需手機易讀，包含標題、Hook、120-220字正文、CTA、3-5個hashtag、圖卡三行字。禁用詞：根治|治療疾病|消炎治本|打通經絡|一擦就好|保證有效|深層修復|替代藥物。輸出後標示待人工法規審核。
LINE007,@111wrvef,2026-06-07,週日,12:00,夏季濕熱與冷氣房肩頸保養,G,互動問答與使用情境,你最常哪個部位緊繃,投票型,LINE OA 好友、回購客與新客,用問答降低誤用，讓使用者知道何時該詢問專業人員,互動回答不取代醫師或藥師建議。,低,pending_legal_pharmacist_review,not_ready,text_plus_image_card,LINE 互動投票圖卡、問句大字、簡潔背景,留言互動,本內容為一般生活保健資訊，非醫療診斷或治療建議。,根治|治療疾病|消炎治本|打通經絡|一擦就好|保證有效|深層修復|替代藥物,請為 LINE OA @111wrvef 產生一則繁體中文貼文。主題：你最常哪個部位緊繃。支柱：G-互動問答與使用情境。角度：投票型。受眾：LINE OA 好友、回購客與新客。只能使用保守宣稱：用問答降低誤用，讓使用者知道何時該詢問專業人員。必須提醒：互動回答不取代醫師或藥師建議。。文案需手機易讀，包含標題、Hook、120-220字正文、CTA、3-5個hashtag、圖卡三行字。禁用詞：根治|治療疾病|消炎治本|打通經絡|一擦就好|保證有效|深層修復|替代藥物。輸出後標示待人工法規審核。
LINE008,@111wrvef,2026-06-07,週日,20:00,夏季濕熱與冷氣房肩頸保養,D,銀髮日常與輕微關節不適,長輩外用膏使用安全,生活型,40-70 歲注重日常活動舒適度的族群,輕微關節痠痛可短期舒緩，但不可宣稱治療疾病,關節腫痛、紅熱、長期疼痛或行走困難，請就醫評估。,中,pending_legal_pharmacist_review,not_ready,text_plus_image_card,長輩日常、散步、溫暖居家光線,私訊/了解更多,本產品為外用油膏，請依核准標示使用；若症狀持續或惡化，請諮詢醫師或藥師。,根治|治療疾病|消炎治本|打通經絡|一擦就好|保證有效|深層修復|替代藥物,請為 LINE OA @111wrvef 產生一則繁體中文貼文。主題：長輩外用膏使用安全。支柱：D-銀髮日常與輕微關節不適。角度：生活型。受眾：40-70 歲注重日常活動舒適度的族群。只能使用保守宣稱：輕微關節痠痛可短期舒緩，但不可宣稱治療疾病。必須提醒：關節腫痛、紅熱、長期疼痛或行走困難，請就醫評估。。文案需手機易讀，包含標題、Hook、120-220字正文、CTA、3-5個hashtag、圖卡三行字。禁用詞：根治|治療疾病|消炎治本|打通經絡|一擦就好|保證有效|深層修復|替代藥物。輸出後標示待人工法規審核。
LINE009,@111wrvef,2026-06-08,週一,12:00,夏季濕熱與冷氣房肩頸保養,B,肩頸久坐與辦公族,低頭族肩頸緊繃的三個提醒,步驟型,長時間低頭、久坐、用電腦的上班族,久坐低頭後，可搭配伸展與局部按摩舒緩緊繃不適,若痠痛持續、麻木或影響活動，請諮詢醫師或藥師。,低,pending_legal_pharmacist_review,not_ready,text_plus_image_card,辦公室、肩頸伸展、清爽自然光,收藏提醒,本內容為一般生活保健資訊，非醫療診斷或治療建議。,根治|治療疾病|消炎治本|打通經絡|一擦就好|保證有效|深層修復|替代藥物,請為 LINE OA @111wrvef 產生一則繁體中文貼文。主題：低頭族肩頸緊繃的三個提醒。支柱：B-肩頸久坐與辦公族。角度：步驟型。受眾：長時間低頭、久坐、用電腦的上班族。只能使用保守宣稱：久坐低頭後，可搭配伸展與局部按摩舒緩緊繃不適。必須提醒：若痠痛持續、麻木或影響活動，請諮詢醫師或藥師。。文案需手機易讀，包含標題、Hook、120-220字正文、CTA、3-5個hashtag、圖卡三行字。禁用詞：根治|治療疾病|消炎治本|打通經絡|一擦就好|保證有效|深層修復|替代藥物。輸出後標示待人工法規審核。
LINE010,@111wrvef,2026-06-08,週一,20:00,夏季濕熱與冷氣房肩頸保養,A,產品教育與成分透明,薄荷腦帶來的涼感來源,正確用量,已購買或正在觀望的一條根使用者,依標示外用，提供局部按摩與暫時舒緩體感,僅供外用；避免眼周、黏膜、破皮或傷口。,中,pending_legal_pharmacist_review,not_ready,text_plus_image_card,產品特寫、成分植物、乾淨桌面、金色暖光,私訊/了解更多,本產品為外用油膏，請依核准標示使用；若症狀持續或惡化，請諮詢醫師或藥師。,根治|治療疾病|消炎治本|打通經絡|一擦就好|保證有效|深層修復|替代藥物,請為 LINE OA @111wrvef 產生一則繁體中文貼文。主題：薄荷腦帶來的涼感來源。支柱：A-產品教育與成分透明。角度：正確用量。受眾：已購買或正在觀望的一條根使用者。只能使用保守宣稱：依標示外用，提供局部按摩與暫時舒緩體感。必須提醒：僅供外用；避免眼周、黏膜、破皮或傷口。。文案需手機易讀，包含標題、Hook、120-220字正文、CTA、3-5個hashtag、圖卡三行字。禁用詞：根治|治療疾病|消炎治本|打通經絡|一擦就好|保證有效|深層修復|替代藥物。輸出後標示待人工法規審核。
LINE011,@111wrvef,2026-06-09,週二,12:00,夏季濕熱與冷氣房肩頸保養,F,季節節氣與生活保健,夏季冷氣房的肩頸保養,提醒型,喜歡養生、節氣與日常保健的 LINE 讀者,以生活保健與身體覺察為主，不做醫療療效宣稱,節氣養生屬一般生活資訊，身體不適仍應諮詢專業人員。,低,pending_legal_pharmacist_review,not_ready,text_plus_image_card,節氣自然景、草本、季節色彩,收藏提醒,本內容為一般生活保健資訊，非醫療診斷或治療建議。,根治|治療疾病|消炎治本|打通經絡|一擦就好|保證有效|深層修復|替代藥物,請為 LINE OA @111wrvef 產生一則繁體中文貼文。主題：夏季冷氣房的肩頸保養。支柱：F-季節節氣與生活保健。角度：提醒型。受眾：喜歡養生、節氣與日常保健的 LINE 讀者。只能使用保守宣稱：以生活保健與身體覺察為主，不做醫療療效宣稱。必須提醒：節氣養生屬一般生活資訊，身體不適仍應諮詢專業人員。。文案需手機易讀，包含標題、Hook、120-220字正文、CTA、3-5個hashtag、圖卡三行字。禁用詞：根治|治療疾病|消炎治本|打通經絡|一擦就好|保證有效|深層修復|替代藥物。輸出後標示待人工法規審核。
LINE012,@111wrvef,2026-06-09,週二,20:00,夏季濕熱與冷氣房肩頸保養,E,用藥安全與禁忌提醒,外用膏避免眼周與黏膜,清單型,所有使用者、照護者與家庭購買者,安全使用比用得多更重要，依標示與風險族群提醒,2 歲以下、孕哺、過敏體質、抗凝血藥使用者請先詢問專業人員。,高,pending_legal_pharmacist_review,not_ready,text_plus_image_card,安全提醒圖卡、清楚 icon、紅黃綠分級,私訊/了解更多,僅供外用。避免接觸眼睛、黏膜、破皮或傷口；特殊族群使用前請先諮詢專業人員。,根治|治療疾病|消炎治本|打通經絡|一擦就好|保證有效|深層修復|替代藥物,請為 LINE OA @111wrvef 產生一則繁體中文貼文。主題：外用膏避免眼周與黏膜。支柱：E-用藥安全與禁忌提醒。角度：清單型。受眾：所有使用者、照護者與家庭購買者。只能使用保守宣稱：安全使用比用得多更重要，依標示與風險族群提醒。必須提醒：2 歲以下、孕哺、過敏體質、抗凝血藥使用者請先詢問專業人員。。文案需手機易讀，包含標題、Hook、120-220字正文、CTA、3-5個hashtag、圖卡三行字。禁用詞：根治|治療疾病|消炎治本|打通經絡|一擦就好|保證有效|深層修復|替代藥物。輸出後標示待人工法規審核。
LINE013,@111wrvef,2026-06-10,週三,12:00,夏季濕熱與冷氣房肩頸保養,H,品牌信任與法規透明,為什麼我們不說神效,信任型,重視藥證、成分、品質與合法性的消費者,強調藥證、標示、保守宣稱與人工審核流程,所有廣告文案仍須依主管機關與專業人員審核。,中,pending_legal_pharmacist_review,not_ready,text_plus_image_card,藥證透明、標示檢查、品牌信任感,收藏提醒,本產品為外用油膏，請依核准標示使用；若症狀持續或惡化，請諮詢醫師或藥師。,根治|治療疾病|消炎治本|打通經絡|一擦就好|保證有效|深層修復|替代藥物,請為 LINE OA @111wrvef 產生一則繁體中文貼文。主題：為什麼我們不說神效。支柱：H-品牌信任與法規透明。角度：信任型。受眾：重視藥證、成分、品質與合法性的消費者。只能使用保守宣稱：強調藥證、標示、保守宣稱與人工審核流程。必須提醒：所有廣告文案仍須依主管機關與專業人員審核。。文案需手機易讀，包含標題、Hook、120-220字正文、CTA、3-5個hashtag、圖卡三行字。禁用詞：根治|治療疾病|消炎治本|打通經絡|一擦就好|保證有效|深層修復|替代藥物。輸出後標示待人工法規審核。
LINE014,@111wrvef,2026-06-10,週三,20:00,夏季濕熱與冷氣房肩頸保養,G,互動問答與使用情境,你習慣運動前還是運動後保養,情境型,LINE OA 好友、回購客與新客,用問答降低誤用，讓使用者知道何時該詢問專業人員,互動回答不取代醫師或藥師建議。,低,pending_legal_pharmacist_review,not_ready,text_plus_image_card,LINE 互動投票圖卡、問句大字、簡潔背景,留言互動,本內容為一般生活保健資訊，非醫療診斷或治療建議。,根治|治療疾病|消炎治本|打通經絡|一擦就好|保證有效|深層修復|替代藥物,請為 LINE OA @111wrvef 產生一則繁體中文貼文。主題：你習慣運動前還是運動後保養。支柱：G-互動問答與使用情境。角度：情境型。受眾：LINE OA 好友、回購客與新客。只能使用保守宣稱：用問答降低誤用，讓使用者知道何時該詢問專業人員。必須提醒：互動回答不取代醫師或藥師建議。。文案需手機易讀，包含標題、Hook、120-220字正文、CTA、3-5個hashtag、圖卡三行字。禁用詞：根治|治療疾病|消炎治本|打通經絡|一擦就好|保證有效|深層修復|替代藥物。輸出後標示待人工法規審核。
LINE015,@111wrvef,2026-06-11,週四,12:00,夏季濕熱與冷氣房肩頸保養,C,運動後與勞動後局部不適,搬重物後腰背保養,場景型,運動族、搬重物、久站與勞動工作者,運動或勞動後的局部肌肉痠痛，可短期按摩舒緩,明顯腫脹、劇痛、活動受限或疑似受傷時，請先就醫。,中,pending_legal_pharmacist_review,not_ready,text_plus_image_card,運動後伸展、局部按摩、戶外或健身情境,收藏提醒,本產品為外用油膏，請依核准標示使用；若症狀持續或惡化，請諮詢醫師或藥師。,根治|治療疾病|消炎治本|打通經絡|一擦就好|保證有效|深層修復|替代藥物,請為 LINE OA @111wrvef 產生一則繁體中文貼文。主題：搬重物後腰背保養。支柱：C-運動後與勞動後局部不適。角度：場景型。受眾：運動族、搬重物、久站與勞動工作者。只能使用保守宣稱：運動或勞動後的局部肌肉痠痛，可短期按摩舒緩。必須提醒：明顯腫脹、劇痛、活動受限或疑似受傷時，請先就醫。。文案需手機易讀，包含標題、Hook、120-220字正文、CTA、3-5個hashtag、圖卡三行字。禁用詞：根治|治療疾病|消炎治本|打通經絡|一擦就好|保證有效|深層修復|替代藥物。輸出後標示待人工法規審核。
LINE016,@111wrvef,2026-06-11,週四,20:00,夏季濕熱與冷氣房肩頸保養,A,產品教育與成分透明,樟腦外用時的注意界線,成分透明,已購買或正在觀望的一條根使用者,依標示外用，提供局部按摩與暫時舒緩體感,僅供外用；避免眼周、黏膜、破皮或傷口。,中,pending_legal_pharmacist_review,not_ready,text_plus_image_card,產品特寫、成分植物、乾淨桌面、金色暖光,私訊/了解更多,本產品為外用油膏，請依核准標示使用；若症狀持續或惡化，請諮詢醫師或藥師。,根治|治療疾病|消炎治本|打通經絡|一擦就好|保證有效|深層修復|替代藥物,請為 LINE OA @111wrvef 產生一則繁體中文貼文。主題：樟腦外用時的注意界線。支柱：A-產品教育與成分透明。角度：成分透明。受眾：已購買或正在觀望的一條根使用者。只能使用保守宣稱：依標示外用，提供局部按摩與暫時舒緩體感。必須提醒：僅供外用；避免眼周、黏膜、破皮或傷口。。文案需手機易讀，包含標題、Hook、120-220字正文、CTA、3-5個hashtag、圖卡三行字。禁用詞：根治|治療疾病|消炎治本|打通經絡|一擦就好|保證有效|深層修復|替代藥物。輸出後標示待人工法規審核。
LINE017,@111wrvef,2026-06-12,週五,12:00,夏季濕熱與冷氣房肩頸保養,D,銀髮日常與輕微關節不適,輕微關節痠痛與疾病治療要分開,保守型,40-70 歲注重日常活動舒適度的族群,輕微關節痠痛可短期舒緩，但不可宣稱治療疾病,關節腫痛、紅熱、長期疼痛或行走困難，請就醫評估。,中,pending_legal_pharmacist_review,not_ready,text_plus_image_card,長輩日常、散步、溫暖居家光線,收藏提醒,本產品為外用油膏，請依核准標示使用；若症狀持續或惡化，請諮詢醫師或藥師。,根治|治療疾病|消炎治本|打通經絡|一擦就好|保證有效|深層修復|替代藥物,請為 LINE OA @111wrvef 產生一則繁體中文貼文。主題：輕微關節痠痛與疾病治療要分開。支柱：D-銀髮日常與輕微關節不適。角度：保守型。受眾：40-70 歲注重日常活動舒適度的族群。只能使用保守宣稱：輕微關節痠痛可短期舒緩，但不可宣稱治療疾病。必須提醒：關節腫痛、紅熱、長期疼痛或行走困難，請就醫評估。。文案需手機易讀，包含標題、Hook、120-220字正文、CTA、3-5個hashtag、圖卡三行字。禁用詞：根治|治療疾病|消炎治本|打通經絡|一擦就好|保證有效|深層修復|替代藥物。輸出後標示待人工法規審核。
LINE018,@111wrvef,2026-06-12,週五,20:00,夏季濕熱與冷氣房肩頸保養,E,用藥安全與禁忌提醒,不要搭配熱敷墊或電毯,QA,所有使用者、照護者與家庭購買者,安全使用比用得多更重要，依標示與風險族群提醒,2 歲以下、孕哺、過敏體質、抗凝血藥使用者請先詢問專業人員。,高,pending_legal_pharmacist_review,not_ready,text_plus_image_card,安全提醒圖卡、清楚 icon、紅黃綠分級,私訊/了解更多,僅供外用。避免接觸眼睛、黏膜、破皮或傷口；特殊族群使用前請先諮詢專業人員。,根治|治療疾病|消炎治本|打通經絡|一擦就好|保證有效|深層修復|替代藥物,請為 LINE OA @111wrvef 產生一則繁體中文貼文。主題：不要搭配熱敷墊或電毯。支柱：E-用藥安全與禁忌提醒。角度：QA。受眾：所有使用者、照護者與家庭購買者。只能使用保守宣稱：安全使用比用得多更重要，依標示與風險族群提醒。必須提醒：2 歲以下、孕哺、過敏體質、抗凝血藥使用者請先詢問專業人員。。文案需手機易讀，包含標題、Hook、120-220字正文、CTA、3-5個hashtag、圖卡三行字。禁用詞：根治|治療疾病|消炎治本|打通經絡|一擦就好|保證有效|深層修復|替代藥物。輸出後標示待人工法規審核。
LINE019,@111wrvef,2026-06-13,週六,12:00,夏季濕熱與冷氣房肩頸保養,F,季節節氣與生活保健,小暑前後活動舒適提醒,提醒型,喜歡養生、節氣與日常保健的 LINE 讀者,以生活保健與身體覺察為主，不做醫療療效宣稱,節氣養生屬一般生活資訊，身體不適仍應諮詢專業人員。,低,pending_legal_pharmacist_review,not_ready,text_plus_image_card,節氣自然景、草本、季節色彩,收藏提醒,本內容為一般生活保健資訊，非醫療診斷或治療建議。,根治|治療疾病|消炎治本|打通經絡|一擦就好|保證有效|深層修復|替代藥物,請為 LINE OA @111wrvef 產生一則繁體中文貼文。主題：小暑前後活動舒適提醒。支柱：F-季節節氣與生活保健。角度：提醒型。受眾：喜歡養生、節氣與日常保健的 LINE 讀者。只能使用保守宣稱：以生活保健與身體覺察為主，不做醫療療效宣稱。必須提醒：節氣養生屬一般生活資訊，身體不適仍應諮詢專業人員。。文案需手機易讀，包含標題、Hook、120-220字正文、CTA、3-5個hashtag、圖卡三行字。禁用詞：根治|治療疾病|消炎治本|打通經絡|一擦就好|保證有效|深層修復|替代藥物。輸出後標示待人工法規審核。
LINE020,@111wrvef,2026-06-13,週六,20:00,夏季濕熱與冷氣房肩頸保養,C,運動後與勞動後局部不適,爬山後腿部按摩提醒,反常識,運動族、搬重物、久站與勞動工作者,運動或勞動後的局部肌肉痠痛，可短期按摩舒緩,明顯腫脹、劇痛、活動受限或疑似受傷時，請先就醫。,中,pending_legal_pharmacist_review,not_ready,text_plus_image_card,運動後伸展、局部按摩、戶外或健身情境,私訊/了解更多,本產品為外用油膏，請依核准標示使用；若症狀持續或惡化，請諮詢醫師或藥師。,根治|治療疾病|消炎治本|打通經絡|一擦就好|保證有效|深層修復|替代藥物,請為 LINE OA @111wrvef 產生一則繁體中文貼文。主題：爬山後腿部按摩提醒。支柱：C-運動後與勞動後局部不適。角度：反常識。受眾：運動族、搬重物、久站與勞動工作者。只能使用保守宣稱：運動或勞動後的局部肌肉痠痛，可短期按摩舒緩。必須提醒：明顯腫脹、劇痛、活動受限或疑似受傷時，請先就醫。。文案需手機易讀，包含標題、Hook、120-220字正文、CTA、3-5個hashtag、圖卡三行字。禁用詞：根治|治療疾病|消炎治本|打通經絡|一擦就好|保證有效|深層修復|替代藥物。輸出後標示待人工法規審核。
LINE021,@111wrvef,2026-06-14,週日,12:00,夏季濕熱與冷氣房肩頸保養,G,互動問答與使用情境,外用膏一次擦多少才剛好,情境型,LINE OA 好友、回購客與新客,用問答降低誤用，讓使用者知道何時該詢問專業人員,互動回答不取代醫師或藥師建議。,低,pending_legal_pharmacist_review,not_ready,text_plus_image_card,LINE 互動投票圖卡、問句大字、簡潔背景,留言互動,本內容為一般生活保健資訊，非醫療診斷或治療建議。,根治|治療疾病|消炎治本|打通經絡|一擦就好|保證有效|深層修復|替代藥物,請為 LINE OA @111wrvef 產生一則繁體中文貼文。主題：外用膏一次擦多少才剛好。支柱：G-互動問答與使用情境。角度：情境型。受眾：LINE OA 好友、回購客與新客。只能使用保守宣稱：用問答降低誤用，讓使用者知道何時該詢問專業人員。必須提醒：互動回答不取代醫師或藥師建議。。文案需手機易讀，包含標題、Hook、120-220字正文、CTA、3-5個hashtag、圖卡三行字。禁用詞：根治|治療疾病|消炎治本|打通經絡|一擦就好|保證有效|深層修復|替代藥物。輸出後標示待人工法規審核。
LINE022,@111wrvef,2026-06-14,週日,20:00,夏季濕熱與冷氣房肩頸保養,D,銀髮日常與輕微關節不適,散步後的膝周保養,互動型,40-70 歲注重日常活動舒適度的族群,輕微關節痠痛可短期舒緩，但不可宣稱治療疾病,關節腫痛、紅熱、長期疼痛或行走困難，請就醫評估。,中,pending_legal_pharmacist_review,not_ready,text_plus_image_card,長輩日常、散步、溫暖居家光線,私訊/了解更多,本產品為外用油膏，請依核准標示使用；若症狀持續或惡化，請諮詢醫師或藥師。,根治|治療疾病|消炎治本|打通經絡|一擦就好|保證有效|深層修復|替代藥物,請為 LINE OA @111wrvef 產生一則繁體中文貼文。主題：散步後的膝周保養。支柱：D-銀髮日常與輕微關節不適。角度：互動型。受眾：40-70 歲注重日常活動舒適度的族群。只能使用保守宣稱：輕微關節痠痛可短期舒緩，但不可宣稱治療疾病。必須提醒：關節腫痛、紅熱、長期疼痛或行走困難，請就醫評估。。文案需手機易讀，包含標題、Hook、120-220字正文、CTA、3-5個hashtag、圖卡三行字。禁用詞：根治|治療疾病|消炎治本|打通經絡|一擦就好|保證有效|深層修復|替代藥物。輸出後標示待人工法規審核。
LINE023,@111wrvef,2026-06-15,週一,12:00,夏季濕熱與冷氣房肩頸保養,B,肩頸久坐與辦公族,午休前的肩頸放鬆流程,提醒型,長時間低頭、久坐、用電腦的上班族,久坐低頭後，可搭配伸展與局部按摩舒緩緊繃不適,若痠痛持續、麻木或影響活動，請諮詢醫師或藥師。,低,pending_legal_pharmacist_review,not_ready,text_plus_image_card,辦公室、肩頸伸展、清爽自然光,收藏提醒,本內容為一般生活保健資訊，非醫療診斷或治療建議。,根治|治療疾病|消炎治本|打通經絡|一擦就好|保證有效|深層修復|替代藥物,請為 LINE OA @111wrvef 產生一則繁體中文貼文。主題：午休前的肩頸放鬆流程。支柱：B-肩頸久坐與辦公族。角度：提醒型。受眾：長時間低頭、久坐、用電腦的上班族。只能使用保守宣稱：久坐低頭後，可搭配伸展與局部按摩舒緩緊繃不適。必須提醒：若痠痛持續、麻木或影響活動，請諮詢醫師或藥師。。文案需手機易讀，包含標題、Hook、120-220字正文、CTA、3-5個hashtag、圖卡三行字。禁用詞：根治|治療疾病|消炎治本|打通經絡|一擦就好|保證有效|深層修復|替代藥物。輸出後標示待人工法規審核。
LINE024,@111wrvef,2026-06-15,週一,20:00,夏季濕熱與冷氣房肩頸保養,A,產品教育與成分透明,油膏劑為什麼適合局部按摩,藥證可查,已購買或正在觀望的一條根使用者,依標示外用，提供局部按摩與暫時舒緩體感,僅供外用；避免眼周、黏膜、破皮或傷口。,中,pending_legal_pharmacist_review,not_ready,text_plus_image_card,產品特寫、成分植物、乾淨桌面、金色暖光,私訊/了解更多,本產品為外用油膏，請依核准標示使用；若症狀持續或惡化，請諮詢醫師或藥師。,根治|治療疾病|消炎治本|打通經絡|一擦就好|保證有效|深層修復|替代藥物,請為 LINE OA @111wrvef 產生一則繁體中文貼文。主題：油膏劑為什麼適合局部按摩。支柱：A-產品教育與成分透明。角度：藥證可查。受眾：已購買或正在觀望的一條根使用者。只能使用保守宣稱：依標示外用，提供局部按摩與暫時舒緩體感。必須提醒：僅供外用；避免眼周、黏膜、破皮或傷口。。文案需手機易讀，包含標題、Hook、120-220字正文、CTA、3-5個hashtag、圖卡三行字。禁用詞：根治|治療疾病|消炎治本|打通經絡|一擦就好|保證有效|深層修復|替代藥物。輸出後標示待人工法規審核。
LINE025,@111wrvef,2026-06-16,週二,12:00,夏季濕熱與冷氣房肩頸保養,F,季節節氣與生活保健,大暑午後少久站硬撐,互動型,喜歡養生、節氣與日常保健的 LINE 讀者,以生活保健與身體覺察為主，不做醫療療效宣稱,節氣養生屬一般生活資訊，身體不適仍應諮詢專業人員。,低,pending_legal_pharmacist_review,not_ready,text_plus_image_card,節氣自然景、草本、季節色彩,收藏提醒,本內容為一般生活保健資訊，非醫療診斷或治療建議。,根治|治療疾病|消炎治本|打通經絡|一擦就好|保證有效|深層修復|替代藥物,請為 LINE OA @111wrvef 產生一則繁體中文貼文。主題：大暑午後少久站硬撐。支柱：F-季節節氣與生活保健。角度：互動型。受眾：喜歡養生、節氣與日常保健的 LINE 讀者。只能使用保守宣稱：以生活保健與身體覺察為主，不做醫療療效宣稱。必須提醒：節氣養生屬一般生活資訊，身體不適仍應諮詢專業人員。。文案需手機易讀，包含標題、Hook、120-220字正文、CTA、3-5個hashtag、圖卡三行字。禁用詞：根治|治療疾病|消炎治本|打通經絡|一擦就好|保證有效|深層修復|替代藥物。輸出後標示待人工法規審核。
LINE026,@111wrvef,2026-06-16,週二,20:00,夏季濕熱與冷氣房肩頸保養,E,用藥安全與禁忌提醒,不要密封包紮或大面積厚敷,風險提醒,所有使用者、照護者與家庭購買者,安全使用比用得多更重要，依標示與風險族群提醒,2 歲以下、孕哺、過敏體質、抗凝血藥使用者請先詢問專業人員。,高,pending_legal_pharmacist_review,not_ready,text_plus_image_card,安全提醒圖卡、清楚 icon、紅黃綠分級,私訊/了解更多,僅供外用。避免接觸眼睛、黏膜、破皮或傷口；特殊族群使用前請先諮詢專業人員。,根治|治療疾病|消炎治本|打通經絡|一擦就好|保證有效|深層修復|替代藥物,請為 LINE OA @111wrvef 產生一則繁體中文貼文。主題：不要密封包紮或大面積厚敷。支柱：E-用藥安全與禁忌提醒。角度：風險提醒。受眾：所有使用者、照護者與家庭購買者。只能使用保守宣稱：安全使用比用得多更重要，依標示與風險族群提醒。必須提醒：2 歲以下、孕哺、過敏體質、抗凝血藥使用者請先詢問專業人員。。文案需手機易讀，包含標題、Hook、120-220字正文、CTA、3-5個hashtag、圖卡三行字。禁用詞：根治|治療疾病|消炎治本|打通經絡|一擦就好|保證有效|深層修復|替代藥物。輸出後標示待人工法規審核。
LINE027,@111wrvef,2026-06-17,週三,12:00,夏季濕熱與冷氣房肩頸保養,H,品牌信任與法規透明,藥證可查代表什麼,流程型,重視藥證、成分、品質與合法性的消費者,強調藥證、標示、保守宣稱與人工審核流程,所有廣告文案仍須依主管機關與專業人員審核。,中,pending_legal_pharmacist_review,not_ready,text_plus_image_card,藥證透明、標示檢查、品牌信任感,收藏提醒,本產品為外用油膏，請依核准標示使用；若症狀持續或惡化，請諮詢醫師或藥師。,根治|治療疾病|消炎治本|打通經絡|一擦就好|保證有效|深層修復|替代藥物,請為 LINE OA @111wrvef 產生一則繁體中文貼文。主題：藥證可查代表什麼。支柱：H-品牌信任與法規透明。角度：流程型。受眾：重視藥證、成分、品質與合法性的消費者。只能使用保守宣稱：強調藥證、標示、保守宣稱與人工審核流程。必須提醒：所有廣告文案仍須依主管機關與專業人員審核。。文案需手機易讀，包含標題、Hook、120-220字正文、CTA、3-5個hashtag、圖卡三行字。禁用詞：根治|治療疾病|消炎治本|打通經絡|一擦就好|保證有效|深層修復|替代藥物。輸出後標示待人工法規審核。
LINE028,@111wrvef,2026-06-17,週三,20:00,夏季濕熱與冷氣房肩頸保養,G,互動問答與使用情境,涼感越強越有效嗎,問答型,LINE OA 好友、回購客與新客,用問答降低誤用，讓使用者知道何時該詢問專業人員,互動回答不取代醫師或藥師建議。,低,pending_legal_pharmacist_review,not_ready,text_plus_image_card,LINE 互動投票圖卡、問句大字、簡潔背景,留言互動,本內容為一般生活保健資訊，非醫療診斷或治療建議。,根治|治療疾病|消炎治本|打通經絡|一擦就好|保證有效|深層修復|替代藥物,請為 LINE OA @111wrvef 產生一則繁體中文貼文。主題：涼感越強越有效嗎。支柱：G-互動問答與使用情境。角度：問答型。受眾：LINE OA 好友、回購客與新客。只能使用保守宣稱：用問答降低誤用，讓使用者知道何時該詢問專業人員。必須提醒：互動回答不取代醫師或藥師建議。。文案需手機易讀，包含標題、Hook、120-220字正文、CTA、3-5個hashtag、圖卡三行字。禁用詞：根治|治療疾病|消炎治本|打通經絡|一擦就好|保證有效|深層修復|替代藥物。輸出後標示待人工法規審核。
LINE029,@111wrvef,2026-06-18,週四,12:00,夏季濕熱與冷氣房肩頸保養,C,運動後與勞動後局部不適,重訓後肩背局部舒緩,保守衛教,運動族、搬重物、久站與勞動工作者,運動或勞動後的局部肌肉痠痛，可短期按摩舒緩,明顯腫脹、劇痛、活動受限或疑似受傷時，請先就醫。,中,pending_legal_pharmacist_review,not_ready,text_plus_image_card,運動後伸展、局部按摩、戶外或健身情境,收藏提醒,本產品為外用油膏，請依核准標示使用；若症狀持續或惡化，請諮詢醫師或藥師。,根治|治療疾病|消炎治本|打通經絡|一擦就好|保證有效|深層修復|替代藥物,請為 LINE OA @111wrvef 產生一則繁體中文貼文。主題：重訓後肩背局部舒緩。支柱：C-運動後與勞動後局部不適。角度：保守衛教。受眾：運動族、搬重物、久站與勞動工作者。只能使用保守宣稱：運動或勞動後的局部肌肉痠痛，可短期按摩舒緩。必須提醒：明顯腫脹、劇痛、活動受限或疑似受傷時，請先就醫。。文案需手機易讀，包含標題、Hook、120-220字正文、CTA、3-5個hashtag、圖卡三行字。禁用詞：根治|治療疾病|消炎治本|打通經絡|一擦就好|保證有效|深層修復|替代藥物。輸出後標示待人工法規審核。
LINE030,@111wrvef,2026-06-18,週四,20:00,夏季濕熱與冷氣房肩頸保養,A,產品教育與成分透明,乙類成藥與一般保健品差異,使用時機,已購買或正在觀望的一條根使用者,依標示外用，提供局部按摩與暫時舒緩體感,僅供外用；避免眼周、黏膜、破皮或傷口。,中,pending_legal_pharmacist_review,not_ready,text_plus_image_card,產品特寫、成分植物、乾淨桌面、金色暖光,私訊/了解更多,本產品為外用油膏，請依核准標示使用；若症狀持續或惡化，請諮詢醫師或藥師。,根治|治療疾病|消炎治本|打通經絡|一擦就好|保證有效|深層修復|替代藥物,請為 LINE OA @111wrvef 產生一則繁體中文貼文。主題：乙類成藥與一般保健品差異。支柱：A-產品教育與成分透明。角度：使用時機。受眾：已購買或正在觀望的一條根使用者。只能使用保守宣稱：依標示外用，提供局部按摩與暫時舒緩體感。必須提醒：僅供外用；避免眼周、黏膜、破皮或傷口。。文案需手機易讀，包含標題、Hook、120-220字正文、CTA、3-5個hashtag、圖卡三行字。禁用詞：根治|治療疾病|消炎治本|打通經絡|一擦就好|保證有效|深層修復|替代藥物。輸出後標示待人工法規審核。
LINE031,@111wrvef,2026-06-19,週五,12:00,夏季濕熱與冷氣房肩頸保養,D,銀髮日常與輕微關節不適,天氣變化時的活動舒適感,提醒型,40-70 歲注重日常活動舒適度的族群,輕微關節痠痛可短期舒緩，但不可宣稱治療疾病,關節腫痛、紅熱、長期疼痛或行走困難，請就醫評估。,中,pending_legal_pharmacist_review,not_ready,text_plus_image_card,長輩日常、散步、溫暖居家光線,收藏提醒,本產品為外用油膏，請依核准標示使用；若症狀持續或惡化，請諮詢醫師或藥師。,根治|治療疾病|消炎治本|打通經絡|一擦就好|保證有效|深層修復|替代藥物,請為 LINE OA @111wrvef 產生一則繁體中文貼文。主題：天氣變化時的活動舒適感。支柱：D-銀髮日常與輕微關節不適。角度：提醒型。受眾：40-70 歲注重日常活動舒適度的族群。只能使用保守宣稱：輕微關節痠痛可短期舒緩，但不可宣稱治療疾病。必須提醒：關節腫痛、紅熱、長期疼痛或行走困難，請就醫評估。。文案需手機易讀，包含標題、Hook、120-220字正文、CTA、3-5個hashtag、圖卡三行字。禁用詞：根治|治療疾病|消炎治本|打通經絡|一擦就好|保證有效|深層修復|替代藥物。輸出後標示待人工法規審核。
LINE032,@111wrvef,2026-06-19,週五,20:00,夏季濕熱與冷氣房肩頸保養,E,用藥安全與禁忌提醒,水楊酸或阿斯匹靈過敏者注意,闢謠型,所有使用者、照護者與家庭購買者,安全使用比用得多更重要，依標示與風險族群提醒,2 歲以下、孕哺、過敏體質、抗凝血藥使用者請先詢問專業人員。,高,pending_legal_pharmacist_review,not_ready,text_plus_image_card,安全提醒圖卡、清楚 icon、紅黃綠分級,私訊/了解更多,僅供外用。避免接觸眼睛、黏膜、破皮或傷口；特殊族群使用前請先諮詢專業人員。,根治|治療疾病|消炎治本|打通經絡|一擦就好|保證有效|深層修復|替代藥物,請為 LINE OA @111wrvef 產生一則繁體中文貼文。主題：水楊酸或阿斯匹靈過敏者注意。支柱：E-用藥安全與禁忌提醒。角度：闢謠型。受眾：所有使用者、照護者與家庭購買者。只能使用保守宣稱：安全使用比用得多更重要，依標示與風險族群提醒。必須提醒：2 歲以下、孕哺、過敏體質、抗凝血藥使用者請先詢問專業人員。。文案需手機易讀，包含標題、Hook、120-220字正文、CTA、3-5個hashtag、圖卡三行字。禁用詞：根治|治療疾病|消炎治本|打通經絡|一擦就好|保證有效|深層修復|替代藥物。輸出後標示待人工法規審核。
LINE033,@111wrvef,2026-06-20,週六,12:00,夏季濕熱與冷氣房肩頸保養,F,季節節氣與生活保健,立秋後早晚溫差保養,互動型,喜歡養生、節氣與日常保健的 LINE 讀者,以生活保健與身體覺察為主，不做醫療療效宣稱,節氣養生屬一般生活資訊，身體不適仍應諮詢專業人員。,低,pending_legal_pharmacist_review,not_ready,text_plus_image_card,節氣自然景、草本、季節色彩,收藏提醒,本內容為一般生活保健資訊，非醫療診斷或治療建議。,根治|治療疾病|消炎治本|打通經絡|一擦就好|保證有效|深層修復|替代藥物,請為 LINE OA @111wrvef 產生一則繁體中文貼文。主題：立秋後早晚溫差保養。支柱：F-季節節氣與生活保健。角度：互動型。受眾：喜歡養生、節氣與日常保健的 LINE 讀者。只能使用保守宣稱：以生活保健與身體覺察為主，不做醫療療效宣稱。必須提醒：節氣養生屬一般生活資訊，身體不適仍應諮詢專業人員。。文案需手機易讀，包含標題、Hook、120-220字正文、CTA、3-5個hashtag、圖卡三行字。禁用詞：根治|治療疾病|消炎治本|打通經絡|一擦就好|保證有效|深層修復|替代藥物。輸出後標示待人工法規審核。
LINE034,@111wrvef,2026-06-20,週六,20:00,夏季濕熱與冷氣房肩頸保養,C,運動後與勞動後局部不適,家事後手臂不適保養,場景型,運動族、搬重物、久站與勞動工作者,運動或勞動後的局部肌肉痠痛，可短期按摩舒緩,明顯腫脹、劇痛、活動受限或疑似受傷時，請先就醫。,中,pending_legal_pharmacist_review,not_ready,text_plus_image_card,運動後伸展、局部按摩、戶外或健身情境,私訊/了解更多,本產品為外用油膏，請依核准標示使用；若症狀持續或惡化，請諮詢醫師或藥師。,根治|治療疾病|消炎治本|打通經絡|一擦就好|保證有效|深層修復|替代藥物,請為 LINE OA @111wrvef 產生一則繁體中文貼文。主題：家事後手臂不適保養。支柱：C-運動後與勞動後局部不適。角度：場景型。受眾：運動族、搬重物、久站與勞動工作者。只能使用保守宣稱：運動或勞動後的局部肌肉痠痛，可短期按摩舒緩。必須提醒：明顯腫脹、劇痛、活動受限或疑似受傷時，請先就醫。。文案需手機易讀，包含標題、Hook、120-220字正文、CTA、3-5個hashtag、圖卡三行字。禁用詞：根治|治療疾病|消炎治本|打通經絡|一擦就好|保證有效|深層修復|替代藥物。輸出後標示待人工法規審核。
LINE035,@111wrvef,2026-06-21,週日,12:00,夏季濕熱與冷氣房肩頸保養,G,互動問答與使用情境,你有看過外用產品標示嗎,問答型,LINE OA 好友、回購客與新客,用問答降低誤用，讓使用者知道何時該詢問專業人員,互動回答不取代醫師或藥師建議。,低,pending_legal_pharmacist_review,not_ready,text_plus_image_card,LINE 互動投票圖卡、問句大字、簡潔背景,留言互動,本內容為一般生活保健資訊，非醫療診斷或治療建議。,根治|治療疾病|消炎治本|打通經絡|一擦就好|保證有效|深層修復|替代藥物,請為 LINE OA @111wrvef 產生一則繁體中文貼文。主題：你有看過外用產品標示嗎。支柱：G-互動問答與使用情境。角度：問答型。受眾：LINE OA 好友、回購客與新客。只能使用保守宣稱：用問答降低誤用，讓使用者知道何時該詢問專業人員。必須提醒：互動回答不取代醫師或藥師建議。。文案需手機易讀，包含標題、Hook、120-220字正文、CTA、3-5個hashtag、圖卡三行字。禁用詞：根治|治療疾病|消炎治本|打通經絡|一擦就好|保證有效|深層修復|替代藥物。輸出後標示待人工法規審核。
LINE036,@111wrvef,2026-06-21,週日,20:00,夏季濕熱與冷氣房肩頸保養,D,銀髮日常與輕微關節不適,長輩按摩力道不要過重,保守型,40-70 歲注重日常活動舒適度的族群,輕微關節痠痛可短期舒緩，但不可宣稱治療疾病,關節腫痛、紅熱、長期疼痛或行走困難，請就醫評估。,中,pending_legal_pharmacist_review,not_ready,text_plus_image_card,長輩日常、散步、溫暖居家光線,私訊/了解更多,本產品為外用油膏，請依核准標示使用；若症狀持續或惡化，請諮詢醫師或藥師。,根治|治療疾病|消炎治本|打通經絡|一擦就好|保證有效|深層修復|替代藥物,請為 LINE OA @111wrvef 產生一則繁體中文貼文。主題：長輩按摩力道不要過重。支柱：D-銀髮日常與輕微關節不適。角度：保守型。受眾：40-70 歲注重日常活動舒適度的族群。只能使用保守宣稱：輕微關節痠痛可短期舒緩，但不可宣稱治療疾病。必須提醒：關節腫痛、紅熱、長期疼痛或行走困難，請就醫評估。。文案需手機易讀，包含標題、Hook、120-220字正文、CTA、3-5個hashtag、圖卡三行字。禁用詞：根治|治療疾病|消炎治本|打通經絡|一擦就好|保證有效|深層修復|替代藥物。輸出後標示待人工法規審核。
LINE037,@111wrvef,2026-06-22,週一,12:00,夏季濕熱與冷氣房肩頸保養,B,肩頸久坐與辦公族,開會久坐後的腰背舒緩,問句型,長時間低頭、久坐、用電腦的上班族,久坐低頭後，可搭配伸展與局部按摩舒緩緊繃不適,若痠痛持續、麻木或影響活動，請諮詢醫師或藥師。,低,pending_legal_pharmacist_review,not_ready,text_plus_image_card,辦公室、肩頸伸展、清爽自然光,收藏提醒,本內容為一般生活保健資訊，非醫療診斷或治療建議。,根治|治療疾病|消炎治本|打通經絡|一擦就好|保證有效|深層修復|替代藥物,請為 LINE OA @111wrvef 產生一則繁體中文貼文。主題：開會久坐後的腰背舒緩。支柱：B-肩頸久坐與辦公族。角度：問句型。受眾：長時間低頭、久坐、用電腦的上班族。只能使用保守宣稱：久坐低頭後，可搭配伸展與局部按摩舒緩緊繃不適。必須提醒：若痠痛持續、麻木或影響活動，請諮詢醫師或藥師。。文案需手機易讀，包含標題、Hook、120-220字正文、CTA、3-5個hashtag、圖卡三行字。禁用詞：根治|治療疾病|消炎治本|打通經絡|一擦就好|保證有效|深層修復|替代藥物。輸出後標示待人工法規審核。
LINE038,@111wrvef,2026-06-22,週一,20:00,夏季濕熱與冷氣房肩頸保養,A,產品教育與成分透明,一條根外用膏的日常定位,成分透明,已購買或正在觀望的一條根使用者,依標示外用，提供局部按摩與暫時舒緩體感,僅供外用；避免眼周、黏膜、破皮或傷口。,中,pending_legal_pharmacist_review,not_ready,text_plus_image_card,產品特寫、成分植物、乾淨桌面、金色暖光,私訊/了解更多,本產品為外用油膏，請依核准標示使用；若症狀持續或惡化，請諮詢醫師或藥師。,根治|治療疾病|消炎治本|打通經絡|一擦就好|保證有效|深層修復|替代藥物,請為 LINE OA @111wrvef 產生一則繁體中文貼文。主題：一條根外用膏的日常定位。支柱：A-產品教育與成分透明。角度：成分透明。受眾：已購買或正在觀望的一條根使用者。只能使用保守宣稱：依標示外用，提供局部按摩與暫時舒緩體感。必須提醒：僅供外用；避免眼周、黏膜、破皮或傷口。。文案需手機易讀，包含標題、Hook、120-220字正文、CTA、3-5個hashtag、圖卡三行字。禁用詞：根治|治療疾病|消炎治本|打通經絡|一擦就好|保證有效|深層修復|替代藥物。輸出後標示待人工法規審核。
LINE039,@111wrvef,2026-06-23,週二,12:00,夏季濕熱與冷氣房肩頸保養,F,季節節氣與生活保健,處暑後運動暖身提醒,生活型,喜歡養生、節氣與日常保健的 LINE 讀者,以生活保健與身體覺察為主，不做醫療療效宣稱,節氣養生屬一般生活資訊，身體不適仍應諮詢專業人員。,低,pending_legal_pharmacist_review,not_ready,text_plus_image_card,節氣自然景、草本、季節色彩,收藏提醒,本內容為一般生活保健資訊，非醫療診斷或治療建議。,根治|治療疾病|消炎治本|打通經絡|一擦就好|保證有效|深層修復|替代藥物,請為 LINE OA @111wrvef 產生一則繁體中文貼文。主題：處暑後運動暖身提醒。支柱：F-季節節氣與生活保健。角度：生活型。受眾：喜歡養生、節氣與日常保健的 LINE 讀者。只能使用保守宣稱：以生活保健與身體覺察為主，不做醫療療效宣稱。必須提醒：節氣養生屬一般生活資訊，身體不適仍應諮詢專業人員。。文案需手機易讀，包含標題、Hook、120-220字正文、CTA、3-5個hashtag、圖卡三行字。禁用詞：根治|治療疾病|消炎治本|打通經絡|一擦就好|保證有效|深層修復|替代藥物。輸出後標示待人工法規審核。
LINE040,@111wrvef,2026-06-23,週二,20:00,夏季濕熱與冷氣房肩頸保養,E,用藥安全與禁忌提醒,兒童使用前的安全提醒,QA,所有使用者、照護者與家庭購買者,安全使用比用得多更重要，依標示與風險族群提醒,2 歲以下、孕哺、過敏體質、抗凝血藥使用者請先詢問專業人員。,高,pending_legal_pharmacist_review,not_ready,text_plus_image_card,安全提醒圖卡、清楚 icon、紅黃綠分級,私訊/了解更多,僅供外用。避免接觸眼睛、黏膜、破皮或傷口；特殊族群使用前請先諮詢專業人員。,根治|治療疾病|消炎治本|打通經絡|一擦就好|保證有效|深層修復|替代藥物,請為 LINE OA @111wrvef 產生一則繁體中文貼文。主題：兒童使用前的安全提醒。支柱：E-用藥安全與禁忌提醒。角度：QA。受眾：所有使用者、照護者與家庭購買者。只能使用保守宣稱：安全使用比用得多更重要，依標示與風險族群提醒。必須提醒：2 歲以下、孕哺、過敏體質、抗凝血藥使用者請先詢問專業人員。。文案需手機易讀，包含標題、Hook、120-220字正文、CTA、3-5個hashtag、圖卡三行字。禁用詞：根治|治療疾病|消炎治本|打通經絡|一擦就好|保證有效|深層修復|替代藥物。輸出後標示待人工法規審核。
LINE041,@111wrvef,2026-06-24,週三,12:00,夏季濕熱與冷氣房肩頸保養,H,品牌信任與法規透明,外用膏廣告為什麼要保守,保守型,重視藥證、成分、品質與合法性的消費者,強調藥證、標示、保守宣稱與人工審核流程,所有廣告文案仍須依主管機關與專業人員審核。,中,pending_legal_pharmacist_review,not_ready,text_plus_image_card,藥證透明、標示檢查、品牌信任感,收藏提醒,本產品為外用油膏，請依核准標示使用；若症狀持續或惡化，請諮詢醫師或藥師。,根治|治療疾病|消炎治本|打通經絡|一擦就好|保證有效|深層修復|替代藥物,請為 LINE OA @111wrvef 產生一則繁體中文貼文。主題：外用膏廣告為什麼要保守。支柱：H-品牌信任與法規透明。角度：保守型。受眾：重視藥證、成分、品質與合法性的消費者。只能使用保守宣稱：強調藥證、標示、保守宣稱與人工審核流程。必須提醒：所有廣告文案仍須依主管機關與專業人員審核。。文案需手機易讀，包含標題、Hook、120-220字正文、CTA、3-5個hashtag、圖卡三行字。禁用詞：根治|治療疾病|消炎治本|打通經絡|一擦就好|保證有效|深層修復|替代藥物。輸出後標示待人工法規審核。
LINE042,@111wrvef,2026-06-24,週三,20:00,夏季濕熱與冷氣房肩頸保養,G,互動問答與使用情境,久坐族最想舒緩哪裡,留言型,LINE OA 好友、回購客與新客,用問答降低誤用，讓使用者知道何時該詢問專業人員,互動回答不取代醫師或藥師建議。,低,pending_legal_pharmacist_review,not_ready,text_plus_image_card,LINE 互動投票圖卡、問句大字、簡潔背景,留言互動,本內容為一般生活保健資訊，非醫療診斷或治療建議。,根治|治療疾病|消炎治本|打通經絡|一擦就好|保證有效|深層修復|替代藥物,請為 LINE OA @111wrvef 產生一則繁體中文貼文。主題：久坐族最想舒緩哪裡。支柱：G-互動問答與使用情境。角度：留言型。受眾：LINE OA 好友、回購客與新客。只能使用保守宣稱：用問答降低誤用，讓使用者知道何時該詢問專業人員。必須提醒：互動回答不取代醫師或藥師建議。。文案需手機易讀，包含標題、Hook、120-220字正文、CTA、3-5個hashtag、圖卡三行字。禁用詞：根治|治療疾病|消炎治本|打通經絡|一擦就好|保證有效|深層修復|替代藥物。輸出後標示待人工法規審核。
LINE043,@111wrvef,2026-06-25,週四,12:00,夏季濕熱與冷氣房肩頸保養,C,運動後與勞動後局部不適,跑步後膝周不適的保守提醒,前後對照,運動族、搬重物、久站與勞動工作者,運動或勞動後的局部肌肉痠痛，可短期按摩舒緩,明顯腫脹、劇痛、活動受限或疑似受傷時，請先就醫。,中,pending_legal_pharmacist_review,not_ready,text_plus_image_card,運動後伸展、局部按摩、戶外或健身情境,收藏提醒,本產品為外用油膏，請依核准標示使用；若症狀持續或惡化，請諮詢醫師或藥師。,根治|治療疾病|消炎治本|打通經絡|一擦就好|保證有效|深層修復|替代藥物,請為 LINE OA @111wrvef 產生一則繁體中文貼文。主題：跑步後膝周不適的保守提醒。支柱：C-運動後與勞動後局部不適。角度：前後對照。受眾：運動族、搬重物、久站與勞動工作者。只能使用保守宣稱：運動或勞動後的局部肌肉痠痛，可短期按摩舒緩。必須提醒：明顯腫脹、劇痛、活動受限或疑似受傷時，請先就醫。。文案需手機易讀，包含標題、Hook、120-220字正文、CTA、3-5個hashtag、圖卡三行字。禁用詞：根治|治療疾病|消炎治本|打通經絡|一擦就好|保證有效|深層修復|替代藥物。輸出後標示待人工法規審核。
LINE044,@111wrvef,2026-06-25,週四,20:00,夏季濕熱與冷氣房肩頸保養,A,產品教育與成分透明,成分濃度為什麼要看標示,使用迷思,已購買或正在觀望的一條根使用者,依標示外用，提供局部按摩與暫時舒緩體感,僅供外用；避免眼周、黏膜、破皮或傷口。,中,pending_legal_pharmacist_review,not_ready,text_plus_image_card,產品特寫、成分植物、乾淨桌面、金色暖光,私訊/了解更多,本產品為外用油膏，請依核准標示使用；若症狀持續或惡化，請諮詢醫師或藥師。,根治|治療疾病|消炎治本|打通經絡|一擦就好|保證有效|深層修復|替代藥物,請為 LINE OA @111wrvef 產生一則繁體中文貼文。主題：成分濃度為什麼要看標示。支柱：A-產品教育與成分透明。角度：使用迷思。受眾：已購買或正在觀望的一條根使用者。只能使用保守宣稱：依標示外用，提供局部按摩與暫時舒緩體感。必須提醒：僅供外用；避免眼周、黏膜、破皮或傷口。。文案需手機易讀，包含標題、Hook、120-220字正文、CTA、3-5個hashtag、圖卡三行字。禁用詞：根治|治療疾病|消炎治本|打通經絡|一擦就好|保證有效|深層修復|替代藥物。輸出後標示待人工法規審核。
LINE045,@111wrvef,2026-06-26,週五,12:00,夏季濕熱與冷氣房肩頸保養,D,銀髮日常與輕微關節不適,照顧爸媽時的外用提醒,陪伴型,40-70 歲注重日常活動舒適度的族群,輕微關節痠痛可短期舒緩，但不可宣稱治療疾病,關節腫痛、紅熱、長期疼痛或行走困難，請就醫評估。,中,pending_legal_pharmacist_review,not_ready,text_plus_image_card,長輩日常、散步、溫暖居家光線,收藏提醒,本產品為外用油膏，請依核准標示使用；若症狀持續或惡化，請諮詢醫師或藥師。,根治|治療疾病|消炎治本|打通經絡|一擦就好|保證有效|深層修復|替代藥物,請為 LINE OA @111wrvef 產生一則繁體中文貼文。主題：照顧爸媽時的外用提醒。支柱：D-銀髮日常與輕微關節不適。角度：陪伴型。受眾：40-70 歲注重日常活動舒適度的族群。只能使用保守宣稱：輕微關節痠痛可短期舒緩，但不可宣稱治療疾病。必須提醒：關節腫痛、紅熱、長期疼痛或行走困難，請就醫評估。。文案需手機易讀，包含標題、Hook、120-220字正文、CTA、3-5個hashtag、圖卡三行字。禁用詞：根治|治療疾病|消炎治本|打通經絡|一擦就好|保證有效|深層修復|替代藥物。輸出後標示待人工法規審核。
LINE046,@111wrvef,2026-06-26,週五,20:00,夏季濕熱與冷氣房肩頸保養,E,用藥安全與禁忌提醒,孕婦與哺乳族群先詢問專業人員,安全提醒,所有使用者、照護者與家庭購買者,安全使用比用得多更重要，依標示與風險族群提醒,2 歲以下、孕哺、過敏體質、抗凝血藥使用者請先詢問專業人員。,高,pending_legal_pharmacist_review,not_ready,text_plus_image_card,安全提醒圖卡、清楚 icon、紅黃綠分級,私訊/了解更多,僅供外用。避免接觸眼睛、黏膜、破皮或傷口；特殊族群使用前請先諮詢專業人員。,根治|治療疾病|消炎治本|打通經絡|一擦就好|保證有效|深層修復|替代藥物,請為 LINE OA @111wrvef 產生一則繁體中文貼文。主題：孕婦與哺乳族群先詢問專業人員。支柱：E-用藥安全與禁忌提醒。角度：安全提醒。受眾：所有使用者、照護者與家庭購買者。只能使用保守宣稱：安全使用比用得多更重要，依標示與風險族群提醒。必須提醒：2 歲以下、孕哺、過敏體質、抗凝血藥使用者請先詢問專業人員。。文案需手機易讀，包含標題、Hook、120-220字正文、CTA、3-5個hashtag、圖卡三行字。禁用詞：根治|治療疾病|消炎治本|打通經絡|一擦就好|保證有效|深層修復|替代藥物。輸出後標示待人工法規審核。
LINE047,@111wrvef,2026-06-27,週六,12:00,夏季濕熱與冷氣房肩頸保養,F,季節節氣與生活保健,白露時節關心長輩活動,生活型,喜歡養生、節氣與日常保健的 LINE 讀者,以生活保健與身體覺察為主，不做醫療療效宣稱,節氣養生屬一般生活資訊，身體不適仍應諮詢專業人員。,低,pending_legal_pharmacist_review,not_ready,text_plus_image_card,節氣自然景、草本、季節色彩,收藏提醒,本內容為一般生活保健資訊，非醫療診斷或治療建議。,根治|治療疾病|消炎治本|打通經絡|一擦就好|保證有效|深層修復|替代藥物,請為 LINE OA @111wrvef 產生一則繁體中文貼文。主題：白露時節關心長輩活動。支柱：F-季節節氣與生活保健。角度：生活型。受眾：喜歡養生、節氣與日常保健的 LINE 讀者。只能使用保守宣稱：以生活保健與身體覺察為主，不做醫療療效宣稱。必須提醒：節氣養生屬一般生活資訊，身體不適仍應諮詢專業人員。。文案需手機易讀，包含標題、Hook、120-220字正文、CTA、3-5個hashtag、圖卡三行字。禁用詞：根治|治療疾病|消炎治本|打通經絡|一擦就好|保證有效|深層修復|替代藥物。輸出後標示待人工法規審核。
LINE048,@111wrvef,2026-06-27,週六,20:00,夏季濕熱與冷氣房肩頸保養,C,運動後與勞動後局部不適,勞動後先休息再按摩,保守衛教,運動族、搬重物、久站與勞動工作者,運動或勞動後的局部肌肉痠痛，可短期按摩舒緩,明顯腫脹、劇痛、活動受限或疑似受傷時，請先就醫。,中,pending_legal_pharmacist_review,not_ready,text_plus_image_card,運動後伸展、局部按摩、戶外或健身情境,私訊/了解更多,本產品為外用油膏，請依核准標示使用；若症狀持續或惡化，請諮詢醫師或藥師。,根治|治療疾病|消炎治本|打通經絡|一擦就好|保證有效|深層修復|替代藥物,請為 LINE OA @111wrvef 產生一則繁體中文貼文。主題：勞動後先休息再按摩。支柱：C-運動後與勞動後局部不適。角度：保守衛教。受眾：運動族、搬重物、久站與勞動工作者。只能使用保守宣稱：運動或勞動後的局部肌肉痠痛，可短期按摩舒緩。必須提醒：明顯腫脹、劇痛、活動受限或疑似受傷時，請先就醫。。文案需手機易讀，包含標題、Hook、120-220字正文、CTA、3-5個hashtag、圖卡三行字。禁用詞：根治|治療疾病|消炎治本|打通經絡|一擦就好|保證有效|深層修復|替代藥物。輸出後標示待人工法規審核。
LINE049,@111wrvef,2026-06-28,週日,12:00,夏季濕熱與冷氣房肩頸保養,G,互動問答與使用情境,長輩使用外用膏你會提醒什麼,留言型,LINE OA 好友、回購客與新客,用問答降低誤用，讓使用者知道何時該詢問專業人員,互動回答不取代醫師或藥師建議。,低,pending_legal_pharmacist_review,not_ready,text_plus_image_card,LINE 互動投票圖卡、問句大字、簡潔背景,留言互動,本內容為一般生活保健資訊，非醫療診斷或治療建議。,根治|治療疾病|消炎治本|打通經絡|一擦就好|保證有效|深層修復|替代藥物,請為 LINE OA @111wrvef 產生一則繁體中文貼文。主題：長輩使用外用膏你會提醒什麼。支柱：G-互動問答與使用情境。角度：留言型。受眾：LINE OA 好友、回購客與新客。只能使用保守宣稱：用問答降低誤用，讓使用者知道何時該詢問專業人員。必須提醒：互動回答不取代醫師或藥師建議。。文案需手機易讀，包含標題、Hook、120-220字正文、CTA、3-5個hashtag、圖卡三行字。禁用詞：根治|治療疾病|消炎治本|打通經絡|一擦就好|保證有效|深層修復|替代藥物。輸出後標示待人工法規審核。
LINE050,@111wrvef,2026-06-28,週日,20:00,夏季濕熱與冷氣房肩頸保養,D,銀髮日常與輕微關節不適,日常活動舒適度的三個習慣,提醒型,40-70 歲注重日常活動舒適度的族群,輕微關節痠痛可短期舒緩，但不可宣稱治療疾病,關節腫痛、紅熱、長期疼痛或行走困難，請就醫評估。,中,pending_legal_pharmacist_review,not_ready,text_plus_image_card,長輩日常、散步、溫暖居家光線,私訊/了解更多,本產品為外用油膏，請依核准標示使用；若症狀持續或惡化，請諮詢醫師或藥師。,根治|治療疾病|消炎治本|打通經絡|一擦就好|保證有效|深層修復|替代藥物,請為 LINE OA @111wrvef 產生一則繁體中文貼文。主題：日常活動舒適度的三個習慣。支柱：D-銀髮日常與輕微關節不適。角度：提醒型。受眾：40-70 歲注重日常活動舒適度的族群。只能使用保守宣稱：輕微關節痠痛可短期舒緩，但不可宣稱治療疾病。必須提醒：關節腫痛、紅熱、長期疼痛或行走困難，請就醫評估。。文案需手機易讀，包含標題、Hook、120-220字正文、CTA、3-5個hashtag、圖卡三行字。禁用詞：根治|治療疾病|消炎治本|打通經絡|一擦就好|保證有效|深層修復|替代藥物。輸出後標示待人工法規審核。
LINE051,@111wrvef,2026-06-29,週一,12:00,夏季濕熱與冷氣房肩頸保養,B,肩頸久坐與辦公族,下班前五分鐘伸展,生活情境,長時間低頭、久坐、用電腦的上班族,久坐低頭後，可搭配伸展與局部按摩舒緩緊繃不適,若痠痛持續、麻木或影響活動，請諮詢醫師或藥師。,低,pending_legal_pharmacist_review,not_ready,text_plus_image_card,辦公室、肩頸伸展、清爽自然光,收藏提醒,本內容為一般生活保健資訊，非醫療診斷或治療建議。,根治|治療疾病|消炎治本|打通經絡|一擦就好|保證有效|深層修復|替代藥物,請為 LINE OA @111wrvef 產生一則繁體中文貼文。主題：下班前五分鐘伸展。支柱：B-肩頸久坐與辦公族。角度：生活情境。受眾：長時間低頭、久坐、用電腦的上班族。只能使用保守宣稱：久坐低頭後，可搭配伸展與局部按摩舒緩緊繃不適。必須提醒：若痠痛持續、麻木或影響活動，請諮詢醫師或藥師。。文案需手機易讀，包含標題、Hook、120-220字正文、CTA、3-5個hashtag、圖卡三行字。禁用詞：根治|治療疾病|消炎治本|打通經絡|一擦就好|保證有效|深層修復|替代藥物。輸出後標示待人工法規審核。
LINE052,@111wrvef,2026-06-29,週一,20:00,夏季濕熱與冷氣房肩頸保養,A,產品教育與成分透明,局部按摩和大面積厚敷的差別,使用時機,已購買或正在觀望的一條根使用者,依標示外用，提供局部按摩與暫時舒緩體感,僅供外用；避免眼周、黏膜、破皮或傷口。,中,pending_legal_pharmacist_review,not_ready,text_plus_image_card,產品特寫、成分植物、乾淨桌面、金色暖光,私訊/了解更多,本產品為外用油膏，請依核准標示使用；若症狀持續或惡化，請諮詢醫師或藥師。,根治|治療疾病|消炎治本|打通經絡|一擦就好|保證有效|深層修復|替代藥物,請為 LINE OA @111wrvef 產生一則繁體中文貼文。主題：局部按摩和大面積厚敷的差別。支柱：A-產品教育與成分透明。角度：使用時機。受眾：已購買或正在觀望的一條根使用者。只能使用保守宣稱：依標示外用，提供局部按摩與暫時舒緩體感。必須提醒：僅供外用；避免眼周、黏膜、破皮或傷口。。文案需手機易讀，包含標題、Hook、120-220字正文、CTA、3-5個hashtag、圖卡三行字。禁用詞：根治|治療疾病|消炎治本|打通經絡|一擦就好|保證有效|深層修復|替代藥物。輸出後標示待人工法規審核。
LINE053,@111wrvef,2026-06-30,週二,12:00,夏季濕熱與冷氣房肩頸保養,F,季節節氣與生活保健,秋分後外出前暖身,金句型,喜歡養生、節氣與日常保健的 LINE 讀者,以生活保健與身體覺察為主，不做醫療療效宣稱,節氣養生屬一般生活資訊，身體不適仍應諮詢專業人員。,低,pending_legal_pharmacist_review,not_ready,text_plus_image_card,節氣自然景、草本、季節色彩,收藏提醒,本內容為一般生活保健資訊，非醫療診斷或治療建議。,根治|治療疾病|消炎治本|打通經絡|一擦就好|保證有效|深層修復|替代藥物,請為 LINE OA @111wrvef 產生一則繁體中文貼文。主題：秋分後外出前暖身。支柱：F-季節節氣與生活保健。角度：金句型。受眾：喜歡養生、節氣與日常保健的 LINE 讀者。只能使用保守宣稱：以生活保健與身體覺察為主，不做醫療療效宣稱。必須提醒：節氣養生屬一般生活資訊，身體不適仍應諮詢專業人員。。文案需手機易讀，包含標題、Hook、120-220字正文、CTA、3-5個hashtag、圖卡三行字。禁用詞：根治|治療疾病|消炎治本|打通經絡|一擦就好|保證有效|深層修復|替代藥物。輸出後標示待人工法規審核。
LINE054,@111wrvef,2026-06-30,週二,20:00,夏季濕熱與冷氣房肩頸保養,E,用藥安全與禁忌提醒,症狀超過七天要停用並諮詢,闢謠型,所有使用者、照護者與家庭購買者,安全使用比用得多更重要，依標示與風險族群提醒,2 歲以下、孕哺、過敏體質、抗凝血藥使用者請先詢問專業人員。,高,pending_legal_pharmacist_review,not_ready,text_plus_image_card,安全提醒圖卡、清楚 icon、紅黃綠分級,私訊/了解更多,僅供外用。避免接觸眼睛、黏膜、破皮或傷口；特殊族群使用前請先諮詢專業人員。,根治|治療疾病|消炎治本|打通經絡|一擦就好|保證有效|深層修復|替代藥物,請為 LINE OA @111wrvef 產生一則繁體中文貼文。主題：症狀超過七天要停用並諮詢。支柱：E-用藥安全與禁忌提醒。角度：闢謠型。受眾：所有使用者、照護者與家庭購買者。只能使用保守宣稱：安全使用比用得多更重要，依標示與風險族群提醒。必須提醒：2 歲以下、孕哺、過敏體質、抗凝血藥使用者請先詢問專業人員。。文案需手機易讀，包含標題、Hook、120-220字正文、CTA、3-5個hashtag、圖卡三行字。禁用詞：根治|治療疾病|消炎治本|打通經絡|一擦就好|保證有效|深層修復|替代藥物。輸出後標示待人工法規審核。
LINE055,@111wrvef,2026-07-01,週三,12:00,暑期活動與運動後局部舒緩,H,品牌信任與法規透明,成分透明是基本功,透明型,重視藥證、成分、品質與合法性的消費者,強調藥證、標示、保守宣稱與人工審核流程,所有廣告文案仍須依主管機關與專業人員審核。,中,pending_legal_pharmacist_review,not_ready,text_plus_image_card,藥證透明、標示檢查、品牌信任感,收藏提醒,本產品為外用油膏，請依核准標示使用；若症狀持續或惡化，請諮詢醫師或藥師。,根治|治療疾病|消炎治本|打通經絡|一擦就好|保證有效|深層修復|替代藥物,請為 LINE OA @111wrvef 產生一則繁體中文貼文。主題：成分透明是基本功。支柱：H-品牌信任與法規透明。角度：透明型。受眾：重視藥證、成分、品質與合法性的消費者。只能使用保守宣稱：強調藥證、標示、保守宣稱與人工審核流程。必須提醒：所有廣告文案仍須依主管機關與專業人員審核。。文案需手機易讀，包含標題、Hook、120-220字正文、CTA、3-5個hashtag、圖卡三行字。禁用詞：根治|治療疾病|消炎治本|打通經絡|一擦就好|保證有效|深層修復|替代藥物。輸出後標示待人工法規審核。
LINE056,@111wrvef,2026-07-01,週三,20:00,暑期活動與運動後局部舒緩,G,互動問答與使用情境,一條根可以天天厚敷嗎,迷思型,LINE OA 好友、回購客與新客,用問答降低誤用，讓使用者知道何時該詢問專業人員,互動回答不取代醫師或藥師建議。,低,pending_legal_pharmacist_review,not_ready,text_plus_image_card,LINE 互動投票圖卡、問句大字、簡潔背景,留言互動,本內容為一般生活保健資訊，非醫療診斷或治療建議。,根治|治療疾病|消炎治本|打通經絡|一擦就好|保證有效|深層修復|替代藥物,請為 LINE OA @111wrvef 產生一則繁體中文貼文。主題：一條根可以天天厚敷嗎。支柱：G-互動問答與使用情境。角度：迷思型。受眾：LINE OA 好友、回購客與新客。只能使用保守宣稱：用問答降低誤用，讓使用者知道何時該詢問專業人員。必須提醒：互動回答不取代醫師或藥師建議。。文案需手機易讀，包含標題、Hook、120-220字正文、CTA、3-5個hashtag、圖卡三行字。禁用詞：根治|治療疾病|消炎治本|打通經絡|一擦就好|保證有效|深層修復|替代藥物。輸出後標示待人工法規審核。
LINE057,@111wrvef,2026-07-02,週四,12:00,暑期活動與運動後局部舒緩,C,運動後與勞動後局部不適,運動後不要立刻熱敷加藥膏,步驟型,運動族、搬重物、久站與勞動工作者,運動或勞動後的局部肌肉痠痛，可短期按摩舒緩,明顯腫脹、劇痛、活動受限或疑似受傷時，請先就醫。,中,pending_legal_pharmacist_review,not_ready,text_plus_image_card,運動後伸展、局部按摩、戶外或健身情境,收藏提醒,本產品為外用油膏，請依核准標示使用；若症狀持續或惡化，請諮詢醫師或藥師。,根治|治療疾病|消炎治本|打通經絡|一擦就好|保證有效|深層修復|替代藥物,請為 LINE OA @111wrvef 產生一則繁體中文貼文。主題：運動後不要立刻熱敷加藥膏。支柱：C-運動後與勞動後局部不適。角度：步驟型。受眾：運動族、搬重物、久站與勞動工作者。只能使用保守宣稱：運動或勞動後的局部肌肉痠痛，可短期按摩舒緩。必須提醒：明顯腫脹、劇痛、活動受限或疑似受傷時，請先就醫。。文案需手機易讀，包含標題、Hook、120-220字正文、CTA、3-5個hashtag、圖卡三行字。禁用詞：根治|治療疾病|消炎治本|打通經絡|一擦就好|保證有效|深層修復|替代藥物。輸出後標示待人工法規審核。
LINE058,@111wrvef,2026-07-02,週四,20:00,暑期活動與運動後局部舒緩,A,產品教育與成分透明,使用前先小範圍測試,正確用量,已購買或正在觀望的一條根使用者,依標示外用，提供局部按摩與暫時舒緩體感,僅供外用；避免眼周、黏膜、破皮或傷口。,中,pending_legal_pharmacist_review,not_ready,text_plus_image_card,產品特寫、成分植物、乾淨桌面、金色暖光,私訊/了解更多,本產品為外用油膏，請依核准標示使用；若症狀持續或惡化，請諮詢醫師或藥師。,根治|治療疾病|消炎治本|打通經絡|一擦就好|保證有效|深層修復|替代藥物,請為 LINE OA @111wrvef 產生一則繁體中文貼文。主題：使用前先小範圍測試。支柱：A-產品教育與成分透明。角度：正確用量。受眾：已購買或正在觀望的一條根使用者。只能使用保守宣稱：依標示外用，提供局部按摩與暫時舒緩體感。必須提醒：僅供外用；避免眼周、黏膜、破皮或傷口。。文案需手機易讀，包含標題、Hook、120-220字正文、CTA、3-5個hashtag、圖卡三行字。禁用詞：根治|治療疾病|消炎治本|打通經絡|一擦就好|保證有效|深層修復|替代藥物。輸出後標示待人工法規審核。
LINE059,@111wrvef,2026-07-03,週五,12:00,暑期活動與運動後局部舒緩,D,銀髮日常與輕微關節不適,長輩使用前先看標示,生活型,40-70 歲注重日常活動舒適度的族群,輕微關節痠痛可短期舒緩，但不可宣稱治療疾病,關節腫痛、紅熱、長期疼痛或行走困難，請就醫評估。,中,pending_legal_pharmacist_review,not_ready,text_plus_image_card,長輩日常、散步、溫暖居家光線,收藏提醒,本產品為外用油膏，請依核准標示使用；若症狀持續或惡化，請諮詢醫師或藥師。,根治|治療疾病|消炎治本|打通經絡|一擦就好|保證有效|深層修復|替代藥物,請為 LINE OA @111wrvef 產生一則繁體中文貼文。主題：長輩使用前先看標示。支柱：D-銀髮日常與輕微關節不適。角度：生活型。受眾：40-70 歲注重日常活動舒適度的族群。只能使用保守宣稱：輕微關節痠痛可短期舒緩，但不可宣稱治療疾病。必須提醒：關節腫痛、紅熱、長期疼痛或行走困難，請就醫評估。。文案需手機易讀，包含標題、Hook、120-220字正文、CTA、3-5個hashtag、圖卡三行字。禁用詞：根治|治療疾病|消炎治本|打通經絡|一擦就好|保證有效|深層修復|替代藥物。輸出後標示待人工法規審核。
LINE060,@111wrvef,2026-07-03,週五,20:00,暑期活動與運動後局部舒緩,E,用藥安全與禁忌提醒,皮膚刺激時要停止使用,清單型,所有使用者、照護者與家庭購買者,安全使用比用得多更重要，依標示與風險族群提醒,2 歲以下、孕哺、過敏體質、抗凝血藥使用者請先詢問專業人員。,高,pending_legal_pharmacist_review,not_ready,text_plus_image_card,安全提醒圖卡、清楚 icon、紅黃綠分級,私訊/了解更多,僅供外用。避免接觸眼睛、黏膜、破皮或傷口；特殊族群使用前請先諮詢專業人員。,根治|治療疾病|消炎治本|打通經絡|一擦就好|保證有效|深層修復|替代藥物,請為 LINE OA @111wrvef 產生一則繁體中文貼文。主題：皮膚刺激時要停止使用。支柱：E-用藥安全與禁忌提醒。角度：清單型。受眾：所有使用者、照護者與家庭購買者。只能使用保守宣稱：安全使用比用得多更重要，依標示與風險族群提醒。必須提醒：2 歲以下、孕哺、過敏體質、抗凝血藥使用者請先詢問專業人員。。文案需手機易讀，包含標題、Hook、120-220字正文、CTA、3-5個hashtag、圖卡三行字。禁用詞：根治|治療疾病|消炎治本|打通經絡|一擦就好|保證有效|深層修復|替代藥物。輸出後標示待人工法規審核。
LINE061,@111wrvef,2026-07-04,週六,12:00,暑期活動與運動後局部舒緩,F,季節節氣與生活保健,寒露後肩背保養,金句型,喜歡養生、節氣與日常保健的 LINE 讀者,以生活保健與身體覺察為主，不做醫療療效宣稱,節氣養生屬一般生活資訊，身體不適仍應諮詢專業人員。,低,pending_legal_pharmacist_review,not_ready,text_plus_image_card,節氣自然景、草本、季節色彩,收藏提醒,本內容為一般生活保健資訊，非醫療診斷或治療建議。,根治|治療疾病|消炎治本|打通經絡|一擦就好|保證有效|深層修復|替代藥物,請為 LINE OA @111wrvef 產生一則繁體中文貼文。主題：寒露後肩背保養。支柱：F-季節節氣與生活保健。角度：金句型。受眾：喜歡養生、節氣與日常保健的 LINE 讀者。只能使用保守宣稱：以生活保健與身體覺察為主，不做醫療療效宣稱。必須提醒：節氣養生屬一般生活資訊，身體不適仍應諮詢專業人員。。文案需手機易讀，包含標題、Hook、120-220字正文、CTA、3-5個hashtag、圖卡三行字。禁用詞：根治|治療疾病|消炎治本|打通經絡|一擦就好|保證有效|深層修復|替代藥物。輸出後標示待人工法規審核。
LINE062,@111wrvef,2026-07-04,週六,20:00,暑期活動與運動後局部舒緩,C,運動後與勞動後局部不適,輕微拉扯後的觀察重點,前後對照,運動族、搬重物、久站與勞動工作者,運動或勞動後的局部肌肉痠痛，可短期按摩舒緩,明顯腫脹、劇痛、活動受限或疑似受傷時，請先就醫。,中,pending_legal_pharmacist_review,not_ready,text_plus_image_card,運動後伸展、局部按摩、戶外或健身情境,私訊/了解更多,本產品為外用油膏，請依核准標示使用；若症狀持續或惡化，請諮詢醫師或藥師。,根治|治療疾病|消炎治本|打通經絡|一擦就好|保證有效|深層修復|替代藥物,請為 LINE OA @111wrvef 產生一則繁體中文貼文。主題：輕微拉扯後的觀察重點。支柱：C-運動後與勞動後局部不適。角度：前後對照。受眾：運動族、搬重物、久站與勞動工作者。只能使用保守宣稱：運動或勞動後的局部肌肉痠痛，可短期按摩舒緩。必須提醒：明顯腫脹、劇痛、活動受限或疑似受傷時，請先就醫。。文案需手機易讀，包含標題、Hook、120-220字正文、CTA、3-5個hashtag、圖卡三行字。禁用詞：根治|治療疾病|消炎治本|打通經絡|一擦就好|保證有效|深層修復|替代藥物。輸出後標示待人工法規審核。
LINE063,@111wrvef,2026-07-05,週日,12:00,暑期活動與運動後局部舒緩,G,互動問答與使用情境,擦完可以馬上熱敷嗎,迷思型,LINE OA 好友、回購客與新客,用問答降低誤用，讓使用者知道何時該詢問專業人員,互動回答不取代醫師或藥師建議。,低,pending_legal_pharmacist_review,not_ready,text_plus_image_card,LINE 互動投票圖卡、問句大字、簡潔背景,留言互動,本內容為一般生活保健資訊，非醫療診斷或治療建議。,根治|治療疾病|消炎治本|打通經絡|一擦就好|保證有效|深層修復|替代藥物,請為 LINE OA @111wrvef 產生一則繁體中文貼文。主題：擦完可以馬上熱敷嗎。支柱：G-互動問答與使用情境。角度：迷思型。受眾：LINE OA 好友、回購客與新客。只能使用保守宣稱：用問答降低誤用，讓使用者知道何時該詢問專業人員。必須提醒：互動回答不取代醫師或藥師建議。。文案需手機易讀，包含標題、Hook、120-220字正文、CTA、3-5個hashtag、圖卡三行字。禁用詞：根治|治療疾病|消炎治本|打通經絡|一擦就好|保證有效|深層修復|替代藥物。輸出後標示待人工法規審核。
LINE064,@111wrvef,2026-07-05,週日,20:00,暑期活動與運動後局部舒緩,D,銀髮日常與輕微關節不適,別把長期疼痛只當小問題,陪伴型,40-70 歲注重日常活動舒適度的族群,輕微關節痠痛可短期舒緩，但不可宣稱治療疾病,關節腫痛、紅熱、長期疼痛或行走困難，請就醫評估。,中,pending_legal_pharmacist_review,not_ready,text_plus_image_card,長輩日常、散步、溫暖居家光線,私訊/了解更多,本產品為外用油膏，請依核准標示使用；若症狀持續或惡化，請諮詢醫師或藥師。,根治|治療疾病|消炎治本|打通經絡|一擦就好|保證有效|深層修復|替代藥物,請為 LINE OA @111wrvef 產生一則繁體中文貼文。主題：別把長期疼痛只當小問題。支柱：D-銀髮日常與輕微關節不適。角度：陪伴型。受眾：40-70 歲注重日常活動舒適度的族群。只能使用保守宣稱：輕微關節痠痛可短期舒緩，但不可宣稱治療疾病。必須提醒：關節腫痛、紅熱、長期疼痛或行走困難，請就醫評估。。文案需手機易讀，包含標題、Hook、120-220字正文、CTA、3-5個hashtag、圖卡三行字。禁用詞：根治|治療疾病|消炎治本|打通經絡|一擦就好|保證有效|深層修復|替代藥物。輸出後標示待人工法規審核。
LINE065,@111wrvef,2026-07-06,週一,12:00,暑期活動與運動後局部舒緩,B,肩頸久坐與辦公族,滑手機後頸部保養,小習慣,長時間低頭、久坐、用電腦的上班族,久坐低頭後，可搭配伸展與局部按摩舒緩緊繃不適,若痠痛持續、麻木或影響活動，請諮詢醫師或藥師。,低,pending_legal_pharmacist_review,not_ready,text_plus_image_card,辦公室、肩頸伸展、清爽自然光,收藏提醒,本內容為一般生活保健資訊，非醫療診斷或治療建議。,根治|治療疾病|消炎治本|打通經絡|一擦就好|保證有效|深層修復|替代藥物,請為 LINE OA @111wrvef 產生一則繁體中文貼文。主題：滑手機後頸部保養。支柱：B-肩頸久坐與辦公族。角度：小習慣。受眾：長時間低頭、久坐、用電腦的上班族。只能使用保守宣稱：久坐低頭後，可搭配伸展與局部按摩舒緩緊繃不適。必須提醒：若痠痛持續、麻木或影響活動，請諮詢醫師或藥師。。文案需手機易讀，包含標題、Hook、120-220字正文、CTA、3-5個hashtag、圖卡三行字。禁用詞：根治|治療疾病|消炎治本|打通經絡|一擦就好|保證有效|深層修復|替代藥物。輸出後標示待人工法規審核。
LINE066,@111wrvef,2026-07-06,週一,20:00,暑期活動與運動後局部舒緩,A,產品教育與成分透明,產品不是神藥，定位要講清楚,使用迷思,已購買或正在觀望的一條根使用者,依標示外用，提供局部按摩與暫時舒緩體感,僅供外用；避免眼周、黏膜、破皮或傷口。,中,pending_legal_pharmacist_review,not_ready,text_plus_image_card,產品特寫、成分植物、乾淨桌面、金色暖光,私訊/了解更多,本產品為外用油膏，請依核准標示使用；若症狀持續或惡化，請諮詢醫師或藥師。,根治|治療疾病|消炎治本|打通經絡|一擦就好|保證有效|深層修復|替代藥物,請為 LINE OA @111wrvef 產生一則繁體中文貼文。主題：產品不是神藥，定位要講清楚。支柱：A-產品教育與成分透明。角度：使用迷思。受眾：已購買或正在觀望的一條根使用者。只能使用保守宣稱：依標示外用，提供局部按摩與暫時舒緩體感。必須提醒：僅供外用；避免眼周、黏膜、破皮或傷口。。文案需手機易讀，包含標題、Hook、120-220字正文、CTA、3-5個hashtag、圖卡三行字。禁用詞：根治|治療疾病|消炎治本|打通經絡|一擦就好|保證有效|深層修復|替代藥物。輸出後標示待人工法規審核。
LINE067,@111wrvef,2026-07-07,週二,12:00,暑期活動與運動後局部舒緩,F,季節節氣與生活保健,立冬前後的日常舒緩儀式,節氣型,喜歡養生、節氣與日常保健的 LINE 讀者,以生活保健與身體覺察為主，不做醫療療效宣稱,節氣養生屬一般生活資訊，身體不適仍應諮詢專業人員。,低,pending_legal_pharmacist_review,not_ready,text_plus_image_card,節氣自然景、草本、季節色彩,收藏提醒,本內容為一般生活保健資訊，非醫療診斷或治療建議。,根治|治療疾病|消炎治本|打通經絡|一擦就好|保證有效|深層修復|替代藥物,請為 LINE OA @111wrvef 產生一則繁體中文貼文。主題：立冬前後的日常舒緩儀式。支柱：F-季節節氣與生活保健。角度：節氣型。受眾：喜歡養生、節氣與日常保健的 LINE 讀者。只能使用保守宣稱：以生活保健與身體覺察為主，不做醫療療效宣稱。必須提醒：節氣養生屬一般生活資訊，身體不適仍應諮詢專業人員。。文案需手機易讀，包含標題、Hook、120-220字正文、CTA、3-5個hashtag、圖卡三行字。禁用詞：根治|治療疾病|消炎治本|打通經絡|一擦就好|保證有效|深層修復|替代藥物。輸出後標示待人工法規審核。
LINE068,@111wrvef,2026-07-07,週二,20:00,暑期活動與運動後局部舒緩,E,用藥安全與禁忌提醒,深層症狀不適合自行處理,安全提醒,所有使用者、照護者與家庭購買者,安全使用比用得多更重要，依標示與風險族群提醒,2 歲以下、孕哺、過敏體質、抗凝血藥使用者請先詢問專業人員。,高,pending_legal_pharmacist_review,not_ready,text_plus_image_card,安全提醒圖卡、清楚 icon、紅黃綠分級,私訊/了解更多,僅供外用。避免接觸眼睛、黏膜、破皮或傷口；特殊族群使用前請先諮詢專業人員。,根治|治療疾病|消炎治本|打通經絡|一擦就好|保證有效|深層修復|替代藥物,請為 LINE OA @111wrvef 產生一則繁體中文貼文。主題：深層症狀不適合自行處理。支柱：E-用藥安全與禁忌提醒。角度：安全提醒。受眾：所有使用者、照護者與家庭購買者。只能使用保守宣稱：安全使用比用得多更重要，依標示與風險族群提醒。必須提醒：2 歲以下、孕哺、過敏體質、抗凝血藥使用者請先詢問專業人員。。文案需手機易讀，包含標題、Hook、120-220字正文、CTA、3-5個hashtag、圖卡三行字。禁用詞：根治|治療疾病|消炎治本|打通經絡|一擦就好|保證有效|深層修復|替代藥物。輸出後標示待人工法規審核。
LINE069,@111wrvef,2026-07-08,週三,12:00,暑期活動與運動後局部舒緩,H,品牌信任與法規透明,每篇貼文都要人工審核,教育型,重視藥證、成分、品質與合法性的消費者,強調藥證、標示、保守宣稱與人工審核流程,所有廣告文案仍須依主管機關與專業人員審核。,中,pending_legal_pharmacist_review,not_ready,text_plus_image_card,藥證透明、標示檢查、品牌信任感,收藏提醒,本產品為外用油膏，請依核准標示使用；若症狀持續或惡化，請諮詢醫師或藥師。,根治|治療疾病|消炎治本|打通經絡|一擦就好|保證有效|深層修復|替代藥物,請為 LINE OA @111wrvef 產生一則繁體中文貼文。主題：每篇貼文都要人工審核。支柱：H-品牌信任與法規透明。角度：教育型。受眾：重視藥證、成分、品質與合法性的消費者。只能使用保守宣稱：強調藥證、標示、保守宣稱與人工審核流程。必須提醒：所有廣告文案仍須依主管機關與專業人員審核。。文案需手機易讀，包含標題、Hook、120-220字正文、CTA、3-5個hashtag、圖卡三行字。禁用詞：根治|治療疾病|消炎治本|打通經絡|一擦就好|保證有效|深層修復|替代藥物。輸出後標示待人工法規審核。
LINE070,@111wrvef,2026-07-08,週三,20:00,暑期活動與運動後局部舒緩,G,互動問答與使用情境,哪些情況應該先就醫,投票型,LINE OA 好友、回購客與新客,用問答降低誤用，讓使用者知道何時該詢問專業人員,互動回答不取代醫師或藥師建議。,低,pending_legal_pharmacist_review,not_ready,text_plus_image_card,LINE 互動投票圖卡、問句大字、簡潔背景,留言互動,本內容為一般生活保健資訊，非醫療診斷或治療建議。,根治|治療疾病|消炎治本|打通經絡|一擦就好|保證有效|深層修復|替代藥物,請為 LINE OA @111wrvef 產生一則繁體中文貼文。主題：哪些情況應該先就醫。支柱：G-互動問答與使用情境。角度：投票型。受眾：LINE OA 好友、回購客與新客。只能使用保守宣稱：用問答降低誤用，讓使用者知道何時該詢問專業人員。必須提醒：互動回答不取代醫師或藥師建議。。文案需手機易讀，包含標題、Hook、120-220字正文、CTA、3-5個hashtag、圖卡三行字。禁用詞：根治|治療疾病|消炎治本|打通經絡|一擦就好|保證有效|深層修復|替代藥物。輸出後標示待人工法規審核。
LINE071,@111wrvef,2026-07-09,週四,12:00,暑期活動與運動後局部舒緩,C,運動後與勞動後局部不適,運動後局部痠痛的保守處理,反常識,運動族、搬重物、久站與勞動工作者,運動或勞動後的局部肌肉痠痛，可短期按摩舒緩,明顯腫脹、劇痛、活動受限或疑似受傷時，請先就醫。,中,pending_legal_pharmacist_review,not_ready,text_plus_image_card,運動後伸展、局部按摩、戶外或健身情境,收藏提醒,本產品為外用油膏，請依核准標示使用；若症狀持續或惡化，請諮詢醫師或藥師。,根治|治療疾病|消炎治本|打通經絡|一擦就好|保證有效|深層修復|替代藥物,請為 LINE OA @111wrvef 產生一則繁體中文貼文。主題：運動後局部痠痛的保守處理。支柱：C-運動後與勞動後局部不適。角度：反常識。受眾：運動族、搬重物、久站與勞動工作者。只能使用保守宣稱：運動或勞動後的局部肌肉痠痛，可短期按摩舒緩。必須提醒：明顯腫脹、劇痛、活動受限或疑似受傷時，請先就醫。。文案需手機易讀，包含標題、Hook、120-220字正文、CTA、3-5個hashtag、圖卡三行字。禁用詞：根治|治療疾病|消炎治本|打通經絡|一擦就好|保證有效|深層修復|替代藥物。輸出後標示待人工法規審核。
LINE072,@111wrvef,2026-07-09,週四,20:00,暑期活動與運動後局部舒緩,A,產品教育與成分透明,冬青油與清涼舒緩體感,藥證可查,已購買或正在觀望的一條根使用者,依標示外用，提供局部按摩與暫時舒緩體感,僅供外用；避免眼周、黏膜、破皮或傷口。,中,pending_legal_pharmacist_review,not_ready,text_plus_image_card,產品特寫、成分植物、乾淨桌面、金色暖光,私訊/了解更多,本產品為外用油膏，請依核准標示使用；若症狀持續或惡化，請諮詢醫師或藥師。,根治|治療疾病|消炎治本|打通經絡|一擦就好|保證有效|深層修復|替代藥物,請為 LINE OA @111wrvef 產生一則繁體中文貼文。主題：冬青油與清涼舒緩體感。支柱：A-產品教育與成分透明。角度：藥證可查。受眾：已購買或正在觀望的一條根使用者。只能使用保守宣稱：依標示外用，提供局部按摩與暫時舒緩體感。必須提醒：僅供外用；避免眼周、黏膜、破皮或傷口。。文案需手機易讀，包含標題、Hook、120-220字正文、CTA、3-5個hashtag、圖卡三行字。禁用詞：根治|治療疾病|消炎治本|打通經絡|一擦就好|保證有效|深層修復|替代藥物。輸出後標示待人工法規審核。
LINE073,@111wrvef,2026-07-10,週五,12:00,暑期活動與運動後局部舒緩,D,銀髮日常與輕微關節不適,早晨活動前的關節暖身,互動型,40-70 歲注重日常活動舒適度的族群,輕微關節痠痛可短期舒緩，但不可宣稱治療疾病,關節腫痛、紅熱、長期疼痛或行走困難，請就醫評估。,中,pending_legal_pharmacist_review,not_ready,text_plus_image_card,長輩日常、散步、溫暖居家光線,收藏提醒,本產品為外用油膏，請依核准標示使用；若症狀持續或惡化，請諮詢醫師或藥師。,根治|治療疾病|消炎治本|打通經絡|一擦就好|保證有效|深層修復|替代藥物,請為 LINE OA @111wrvef 產生一則繁體中文貼文。主題：早晨活動前的關節暖身。支柱：D-銀髮日常與輕微關節不適。角度：互動型。受眾：40-70 歲注重日常活動舒適度的族群。只能使用保守宣稱：輕微關節痠痛可短期舒緩，但不可宣稱治療疾病。必須提醒：關節腫痛、紅熱、長期疼痛或行走困難，請就醫評估。。文案需手機易讀，包含標題、Hook、120-220字正文、CTA、3-5個hashtag、圖卡三行字。禁用詞：根治|治療疾病|消炎治本|打通經絡|一擦就好|保證有效|深層修復|替代藥物。輸出後標示待人工法規審核。
LINE074,@111wrvef,2026-07-10,週五,20:00,暑期活動與運動後局部舒緩,E,用藥安全與禁忌提醒,不能擦在破皮或傷口,風險提醒,所有使用者、照護者與家庭購買者,安全使用比用得多更重要，依標示與風險族群提醒,2 歲以下、孕哺、過敏體質、抗凝血藥使用者請先詢問專業人員。,高,pending_legal_pharmacist_review,not_ready,text_plus_image_card,安全提醒圖卡、清楚 icon、紅黃綠分級,私訊/了解更多,僅供外用。避免接觸眼睛、黏膜、破皮或傷口；特殊族群使用前請先諮詢專業人員。,根治|治療疾病|消炎治本|打通經絡|一擦就好|保證有效|深層修復|替代藥物,請為 LINE OA @111wrvef 產生一則繁體中文貼文。主題：不能擦在破皮或傷口。支柱：E-用藥安全與禁忌提醒。角度：風險提醒。受眾：所有使用者、照護者與家庭購買者。只能使用保守宣稱：安全使用比用得多更重要，依標示與風險族群提醒。必須提醒：2 歲以下、孕哺、過敏體質、抗凝血藥使用者請先詢問專業人員。。文案需手機易讀，包含標題、Hook、120-220字正文、CTA、3-5個hashtag、圖卡三行字。禁用詞：根治|治療疾病|消炎治本|打通經絡|一擦就好|保證有效|深層修復|替代藥物。輸出後標示待人工法規審核。
LINE075,@111wrvef,2026-07-11,週六,12:00,暑期活動與運動後局部舒緩,F,季節節氣與生活保健,芒種後濕熱生活保養,節氣型,喜歡養生、節氣與日常保健的 LINE 讀者,以生活保健與身體覺察為主，不做醫療療效宣稱,節氣養生屬一般生活資訊，身體不適仍應諮詢專業人員。,低,pending_legal_pharmacist_review,not_ready,text_plus_image_card,節氣自然景、草本、季節色彩,收藏提醒,本內容為一般生活保健資訊，非醫療診斷或治療建議。,根治|治療疾病|消炎治本|打通經絡|一擦就好|保證有效|深層修復|替代藥物,請為 LINE OA @111wrvef 產生一則繁體中文貼文。主題：芒種後濕熱生活保養。支柱：F-季節節氣與生活保健。角度：節氣型。受眾：喜歡養生、節氣與日常保健的 LINE 讀者。只能使用保守宣稱：以生活保健與身體覺察為主，不做醫療療效宣稱。必須提醒：節氣養生屬一般生活資訊，身體不適仍應諮詢專業人員。。文案需手機易讀，包含標題、Hook、120-220字正文、CTA、3-5個hashtag、圖卡三行字。禁用詞：根治|治療疾病|消炎治本|打通經絡|一擦就好|保證有效|深層修復|替代藥物。輸出後標示待人工法規審核。
LINE076,@111wrvef,2026-07-11,週六,20:00,暑期活動與運動後局部舒緩,C,運動後與勞動後局部不適,久站後小腿不適舒緩,步驟型,運動族、搬重物、久站與勞動工作者,運動或勞動後的局部肌肉痠痛，可短期按摩舒緩,明顯腫脹、劇痛、活動受限或疑似受傷時，請先就醫。,中,pending_legal_pharmacist_review,not_ready,text_plus_image_card,運動後伸展、局部按摩、戶外或健身情境,私訊/了解更多,本產品為外用油膏，請依核准標示使用；若症狀持續或惡化，請諮詢醫師或藥師。,根治|治療疾病|消炎治本|打通經絡|一擦就好|保證有效|深層修復|替代藥物,請為 LINE OA @111wrvef 產生一則繁體中文貼文。主題：久站後小腿不適舒緩。支柱：C-運動後與勞動後局部不適。角度：步驟型。受眾：運動族、搬重物、久站與勞動工作者。只能使用保守宣稱：運動或勞動後的局部肌肉痠痛，可短期按摩舒緩。必須提醒：明顯腫脹、劇痛、活動受限或疑似受傷時，請先就醫。。文案需手機易讀，包含標題、Hook、120-220字正文、CTA、3-5個hashtag、圖卡三行字。禁用詞：根治|治療疾病|消炎治本|打通經絡|一擦就好|保證有效|深層修復|替代藥物。輸出後標示待人工法規審核。
LINE077,@111wrvef,2026-07-12,週日,12:00,暑期活動與運動後局部舒緩,G,互動問答與使用情境,你最常哪個部位緊繃,投票型,LINE OA 好友、回購客與新客,用問答降低誤用，讓使用者知道何時該詢問專業人員,互動回答不取代醫師或藥師建議。,低,pending_legal_pharmacist_review,not_ready,text_plus_image_card,LINE 互動投票圖卡、問句大字、簡潔背景,留言互動,本內容為一般生活保健資訊，非醫療診斷或治療建議。,根治|治療疾病|消炎治本|打通經絡|一擦就好|保證有效|深層修復|替代藥物,請為 LINE OA @111wrvef 產生一則繁體中文貼文。主題：你最常哪個部位緊繃。支柱：G-互動問答與使用情境。角度：投票型。受眾：LINE OA 好友、回購客與新客。只能使用保守宣稱：用問答降低誤用，讓使用者知道何時該詢問專業人員。必須提醒：互動回答不取代醫師或藥師建議。。文案需手機易讀，包含標題、Hook、120-220字正文、CTA、3-5個hashtag、圖卡三行字。禁用詞：根治|治療疾病|消炎治本|打通經絡|一擦就好|保證有效|深層修復|替代藥物。輸出後標示待人工法規審核。
LINE078,@111wrvef,2026-07-12,週日,20:00,暑期活動與運動後局部舒緩,D,銀髮日常與輕微關節不適,長輩外用膏使用安全,生活型,40-70 歲注重日常活動舒適度的族群,輕微關節痠痛可短期舒緩，但不可宣稱治療疾病,關節腫痛、紅熱、長期疼痛或行走困難，請就醫評估。,中,pending_legal_pharmacist_review,not_ready,text_plus_image_card,長輩日常、散步、溫暖居家光線,私訊/了解更多,本產品為外用油膏，請依核准標示使用；若症狀持續或惡化，請諮詢醫師或藥師。,根治|治療疾病|消炎治本|打通經絡|一擦就好|保證有效|深層修復|替代藥物,請為 LINE OA @111wrvef 產生一則繁體中文貼文。主題：長輩外用膏使用安全。支柱：D-銀髮日常與輕微關節不適。角度：生活型。受眾：40-70 歲注重日常活動舒適度的族群。只能使用保守宣稱：輕微關節痠痛可短期舒緩，但不可宣稱治療疾病。必須提醒：關節腫痛、紅熱、長期疼痛或行走困難，請就醫評估。。文案需手機易讀，包含標題、Hook、120-220字正文、CTA、3-5個hashtag、圖卡三行字。禁用詞：根治|治療疾病|消炎治本|打通經絡|一擦就好|保證有效|深層修復|替代藥物。輸出後標示待人工法規審核。
LINE079,@111wrvef,2026-07-13,週一,12:00,暑期活動與運動後局部舒緩,B,肩頸久坐與辦公族,辦公桌前的姿勢檢查,步驟型,長時間低頭、久坐、用電腦的上班族,久坐低頭後，可搭配伸展與局部按摩舒緩緊繃不適,若痠痛持續、麻木或影響活動，請諮詢醫師或藥師。,低,pending_legal_pharmacist_review,not_ready,text_plus_image_card,辦公室、肩頸伸展、清爽自然光,收藏提醒,本內容為一般生活保健資訊，非醫療診斷或治療建議。,根治|治療疾病|消炎治本|打通經絡|一擦就好|保證有效|深層修復|替代藥物,請為 LINE OA @111wrvef 產生一則繁體中文貼文。主題：辦公桌前的姿勢檢查。支柱：B-肩頸久坐與辦公族。角度：步驟型。受眾：長時間低頭、久坐、用電腦的上班族。只能使用保守宣稱：久坐低頭後，可搭配伸展與局部按摩舒緩緊繃不適。必須提醒：若痠痛持續、麻木或影響活動，請諮詢醫師或藥師。。文案需手機易讀，包含標題、Hook、120-220字正文、CTA、3-5個hashtag、圖卡三行字。禁用詞：根治|治療疾病|消炎治本|打通經絡|一擦就好|保證有效|深層修復|替代藥物。輸出後標示待人工法規審核。
LINE080,@111wrvef,2026-07-13,週一,20:00,暑期活動與運動後局部舒緩,A,產品教育與成分透明,薄荷腦帶來的涼感來源,正確用量,已購買或正在觀望的一條根使用者,依標示外用，提供局部按摩與暫時舒緩體感,僅供外用；避免眼周、黏膜、破皮或傷口。,中,pending_legal_pharmacist_review,not_ready,text_plus_image_card,產品特寫、成分植物、乾淨桌面、金色暖光,私訊/了解更多,本產品為外用油膏，請依核准標示使用；若症狀持續或惡化，請諮詢醫師或藥師。,根治|治療疾病|消炎治本|打通經絡|一擦就好|保證有效|深層修復|替代藥物,請為 LINE OA @111wrvef 產生一則繁體中文貼文。主題：薄荷腦帶來的涼感來源。支柱：A-產品教育與成分透明。角度：正確用量。受眾：已購買或正在觀望的一條根使用者。只能使用保守宣稱：依標示外用，提供局部按摩與暫時舒緩體感。必須提醒：僅供外用；避免眼周、黏膜、破皮或傷口。。文案需手機易讀，包含標題、Hook、120-220字正文、CTA、3-5個hashtag、圖卡三行字。禁用詞：根治|治療疾病|消炎治本|打通經絡|一擦就好|保證有效|深層修復|替代藥物。輸出後標示待人工法規審核。
LINE081,@111wrvef,2026-07-14,週二,12:00,暑期活動與運動後局部舒緩,F,季節節氣與生活保健,夏季冷氣房的肩頸保養,提醒型,喜歡養生、節氣與日常保健的 LINE 讀者,以生活保健與身體覺察為主，不做醫療療效宣稱,節氣養生屬一般生活資訊，身體不適仍應諮詢專業人員。,低,pending_legal_pharmacist_review,not_ready,text_plus_image_card,節氣自然景、草本、季節色彩,收藏提醒,本內容為一般生活保健資訊，非醫療診斷或治療建議。,根治|治療疾病|消炎治本|打通經絡|一擦就好|保證有效|深層修復|替代藥物,請為 LINE OA @111wrvef 產生一則繁體中文貼文。主題：夏季冷氣房的肩頸保養。支柱：F-季節節氣與生活保健。角度：提醒型。受眾：喜歡養生、節氣與日常保健的 LINE 讀者。只能使用保守宣稱：以生活保健與身體覺察為主，不做醫療療效宣稱。必須提醒：節氣養生屬一般生活資訊，身體不適仍應諮詢專業人員。。文案需手機易讀，包含標題、Hook、120-220字正文、CTA、3-5個hashtag、圖卡三行字。禁用詞：根治|治療疾病|消炎治本|打通經絡|一擦就好|保證有效|深層修復|替代藥物。輸出後標示待人工法規審核。
LINE082,@111wrvef,2026-07-14,週二,20:00,暑期活動與運動後局部舒緩,E,用藥安全與禁忌提醒,外用膏避免眼周與黏膜,清單型,所有使用者、照護者與家庭購買者,安全使用比用得多更重要，依標示與風險族群提醒,2 歲以下、孕哺、過敏體質、抗凝血藥使用者請先詢問專業人員。,高,pending_legal_pharmacist_review,not_ready,text_plus_image_card,安全提醒圖卡、清楚 icon、紅黃綠分級,私訊/了解更多,僅供外用。避免接觸眼睛、黏膜、破皮或傷口；特殊族群使用前請先諮詢專業人員。,根治|治療疾病|消炎治本|打通經絡|一擦就好|保證有效|深層修復|替代藥物,請為 LINE OA @111wrvef 產生一則繁體中文貼文。主題：外用膏避免眼周與黏膜。支柱：E-用藥安全與禁忌提醒。角度：清單型。受眾：所有使用者、照護者與家庭購買者。只能使用保守宣稱：安全使用比用得多更重要，依標示與風險族群提醒。必須提醒：2 歲以下、孕哺、過敏體質、抗凝血藥使用者請先詢問專業人員。。文案需手機易讀，包含標題、Hook、120-220字正文、CTA、3-5個hashtag、圖卡三行字。禁用詞：根治|治療疾病|消炎治本|打通經絡|一擦就好|保證有效|深層修復|替代藥物。輸出後標示待人工法規審核。
LINE083,@111wrvef,2026-07-15,週三,12:00,暑期活動與運動後局部舒緩,H,品牌信任與法規透明,合法宣傳比誇大更長久,信任型,重視藥證、成分、品質與合法性的消費者,強調藥證、標示、保守宣稱與人工審核流程,所有廣告文案仍須依主管機關與專業人員審核。,中,pending_legal_pharmacist_review,not_ready,text_plus_image_card,藥證透明、標示檢查、品牌信任感,收藏提醒,本產品為外用油膏，請依核准標示使用；若症狀持續或惡化，請諮詢醫師或藥師。,根治|治療疾病|消炎治本|打通經絡|一擦就好|保證有效|深層修復|替代藥物,請為 LINE OA @111wrvef 產生一則繁體中文貼文。主題：合法宣傳比誇大更長久。支柱：H-品牌信任與法規透明。角度：信任型。受眾：重視藥證、成分、品質與合法性的消費者。只能使用保守宣稱：強調藥證、標示、保守宣稱與人工審核流程。必須提醒：所有廣告文案仍須依主管機關與專業人員審核。。文案需手機易讀，包含標題、Hook、120-220字正文、CTA、3-5個hashtag、圖卡三行字。禁用詞：根治|治療疾病|消炎治本|打通經絡|一擦就好|保證有效|深層修復|替代藥物。輸出後標示待人工法規審核。
LINE084,@111wrvef,2026-07-15,週三,20:00,暑期活動與運動後局部舒緩,G,互動問答與使用情境,你習慣運動前還是運動後保養,情境型,LINE OA 好友、回購客與新客,用問答降低誤用，讓使用者知道何時該詢問專業人員,互動回答不取代醫師或藥師建議。,低,pending_legal_pharmacist_review,not_ready,text_plus_image_card,LINE 互動投票圖卡、問句大字、簡潔背景,留言互動,本內容為一般生活保健資訊，非醫療診斷或治療建議。,根治|治療疾病|消炎治本|打通經絡|一擦就好|保證有效|深層修復|替代藥物,請為 LINE OA @111wrvef 產生一則繁體中文貼文。主題：你習慣運動前還是運動後保養。支柱：G-互動問答與使用情境。角度：情境型。受眾：LINE OA 好友、回購客與新客。只能使用保守宣稱：用問答降低誤用，讓使用者知道何時該詢問專業人員。必須提醒：互動回答不取代醫師或藥師建議。。文案需手機易讀，包含標題、Hook、120-220字正文、CTA、3-5個hashtag、圖卡三行字。禁用詞：根治|治療疾病|消炎治本|打通經絡|一擦就好|保證有效|深層修復|替代藥物。輸出後標示待人工法規審核。
LINE085,@111wrvef,2026-07-16,週四,12:00,暑期活動與運動後局部舒緩,C,運動後與勞動後局部不適,搬重物後腰背保養,場景型,運動族、搬重物、久站與勞動工作者,運動或勞動後的局部肌肉痠痛，可短期按摩舒緩,明顯腫脹、劇痛、活動受限或疑似受傷時，請先就醫。,中,pending_legal_pharmacist_review,not_ready,text_plus_image_card,運動後伸展、局部按摩、戶外或健身情境,收藏提醒,本產品為外用油膏，請依核准標示使用；若症狀持續或惡化，請諮詢醫師或藥師。,根治|治療疾病|消炎治本|打通經絡|一擦就好|保證有效|深層修復|替代藥物,請為 LINE OA @111wrvef 產生一則繁體中文貼文。主題：搬重物後腰背保養。支柱：C-運動後與勞動後局部不適。角度：場景型。受眾：運動族、搬重物、久站與勞動工作者。只能使用保守宣稱：運動或勞動後的局部肌肉痠痛，可短期按摩舒緩。必須提醒：明顯腫脹、劇痛、活動受限或疑似受傷時，請先就醫。。文案需手機易讀，包含標題、Hook、120-220字正文、CTA、3-5個hashtag、圖卡三行字。禁用詞：根治|治療疾病|消炎治本|打通經絡|一擦就好|保證有效|深層修復|替代藥物。輸出後標示待人工法規審核。
LINE086,@111wrvef,2026-07-16,週四,20:00,暑期活動與運動後局部舒緩,A,產品教育與成分透明,樟腦外用時的注意界線,成分透明,已購買或正在觀望的一條根使用者,依標示外用，提供局部按摩與暫時舒緩體感,僅供外用；避免眼周、黏膜、破皮或傷口。,中,pending_legal_pharmacist_review,not_ready,text_plus_image_card,產品特寫、成分植物、乾淨桌面、金色暖光,私訊/了解更多,本產品為外用油膏，請依核准標示使用；若症狀持續或惡化，請諮詢醫師或藥師。,根治|治療疾病|消炎治本|打通經絡|一擦就好|保證有效|深層修復|替代藥物,請為 LINE OA @111wrvef 產生一則繁體中文貼文。主題：樟腦外用時的注意界線。支柱：A-產品教育與成分透明。角度：成分透明。受眾：已購買或正在觀望的一條根使用者。只能使用保守宣稱：依標示外用，提供局部按摩與暫時舒緩體感。必須提醒：僅供外用；避免眼周、黏膜、破皮或傷口。。文案需手機易讀，包含標題、Hook、120-220字正文、CTA、3-5個hashtag、圖卡三行字。禁用詞：根治|治療疾病|消炎治本|打通經絡|一擦就好|保證有效|深層修復|替代藥物。輸出後標示待人工法規審核。
LINE087,@111wrvef,2026-07-17,週五,12:00,暑期活動與運動後局部舒緩,D,銀髮日常與輕微關節不適,輕微關節痠痛與疾病治療要分開,保守型,40-70 歲注重日常活動舒適度的族群,輕微關節痠痛可短期舒緩，但不可宣稱治療疾病,關節腫痛、紅熱、長期疼痛或行走困難，請就醫評估。,中,pending_legal_pharmacist_review,not_ready,text_plus_image_card,長輩日常、散步、溫暖居家光線,收藏提醒,本產品為外用油膏，請依核准標示使用；若症狀持續或惡化，請諮詢醫師或藥師。,根治|治療疾病|消炎治本|打通經絡|一擦就好|保證有效|深層修復|替代藥物,請為 LINE OA @111wrvef 產生一則繁體中文貼文。主題：輕微關節痠痛與疾病治療要分開。支柱：D-銀髮日常與輕微關節不適。角度：保守型。受眾：40-70 歲注重日常活動舒適度的族群。只能使用保守宣稱：輕微關節痠痛可短期舒緩，但不可宣稱治療疾病。必須提醒：關節腫痛、紅熱、長期疼痛或行走困難，請就醫評估。。文案需手機易讀，包含標題、Hook、120-220字正文、CTA、3-5個hashtag、圖卡三行字。禁用詞：根治|治療疾病|消炎治本|打通經絡|一擦就好|保證有效|深層修復|替代藥物。輸出後標示待人工法規審核。
LINE088,@111wrvef,2026-07-17,週五,20:00,暑期活動與運動後局部舒緩,E,用藥安全與禁忌提醒,不要搭配熱敷墊或電毯,QA,所有使用者、照護者與家庭購買者,安全使用比用得多更重要，依標示與風險族群提醒,2 歲以下、孕哺、過敏體質、抗凝血藥使用者請先詢問專業人員。,高,pending_legal_pharmacist_review,not_ready,text_plus_image_card,安全提醒圖卡、清楚 icon、紅黃綠分級,私訊/了解更多,僅供外用。避免接觸眼睛、黏膜、破皮或傷口；特殊族群使用前請先諮詢專業人員。,根治|治療疾病|消炎治本|打通經絡|一擦就好|保證有效|深層修復|替代藥物,請為 LINE OA @111wrvef 產生一則繁體中文貼文。主題：不要搭配熱敷墊或電毯。支柱：E-用藥安全與禁忌提醒。角度：QA。受眾：所有使用者、照護者與家庭購買者。只能使用保守宣稱：安全使用比用得多更重要，依標示與風險族群提醒。必須提醒：2 歲以下、孕哺、過敏體質、抗凝血藥使用者請先詢問專業人員。。文案需手機易讀，包含標題、Hook、120-220字正文、CTA、3-5個hashtag、圖卡三行字。禁用詞：根治|治療疾病|消炎治本|打通經絡|一擦就好|保證有效|深層修復|替代藥物。輸出後標示待人工法規審核。
LINE089,@111wrvef,2026-07-18,週六,12:00,暑期活動與運動後局部舒緩,F,季節節氣與生活保健,小暑前後活動舒適提醒,提醒型,喜歡養生、節氣與日常保健的 LINE 讀者,以生活保健與身體覺察為主，不做醫療療效宣稱,節氣養生屬一般生活資訊，身體不適仍應諮詢專業人員。,低,pending_legal_pharmacist_review,not_ready,text_plus_image_card,節氣自然景、草本、季節色彩,收藏提醒,本內容為一般生活保健資訊，非醫療診斷或治療建議。,根治|治療疾病|消炎治本|打通經絡|一擦就好|保證有效|深層修復|替代藥物,請為 LINE OA @111wrvef 產生一則繁體中文貼文。主題：小暑前後活動舒適提醒。支柱：F-季節節氣與生活保健。角度：提醒型。受眾：喜歡養生、節氣與日常保健的 LINE 讀者。只能使用保守宣稱：以生活保健與身體覺察為主，不做醫療療效宣稱。必須提醒：節氣養生屬一般生活資訊，身體不適仍應諮詢專業人員。。文案需手機易讀，包含標題、Hook、120-220字正文、CTA、3-5個hashtag、圖卡三行字。禁用詞：根治|治療疾病|消炎治本|打通經絡|一擦就好|保證有效|深層修復|替代藥物。輸出後標示待人工法規審核。
LINE090,@111wrvef,2026-07-18,週六,20:00,暑期活動與運動後局部舒緩,C,運動後與勞動後局部不適,爬山後腿部按摩提醒,反常識,運動族、搬重物、久站與勞動工作者,運動或勞動後的局部肌肉痠痛，可短期按摩舒緩,明顯腫脹、劇痛、活動受限或疑似受傷時，請先就醫。,中,pending_legal_pharmacist_review,not_ready,text_plus_image_card,運動後伸展、局部按摩、戶外或健身情境,私訊/了解更多,本產品為外用油膏，請依核准標示使用；若症狀持續或惡化，請諮詢醫師或藥師。,根治|治療疾病|消炎治本|打通經絡|一擦就好|保證有效|深層修復|替代藥物,請為 LINE OA @111wrvef 產生一則繁體中文貼文。主題：爬山後腿部按摩提醒。支柱：C-運動後與勞動後局部不適。角度：反常識。受眾：運動族、搬重物、久站與勞動工作者。只能使用保守宣稱：運動或勞動後的局部肌肉痠痛，可短期按摩舒緩。必須提醒：明顯腫脹、劇痛、活動受限或疑似受傷時，請先就醫。。文案需手機易讀，包含標題、Hook、120-220字正文、CTA、3-5個hashtag、圖卡三行字。禁用詞：根治|治療疾病|消炎治本|打通經絡|一擦就好|保證有效|深層修復|替代藥物。輸出後標示待人工法規審核。
LINE091,@111wrvef,2026-07-19,週日,12:00,暑期活動與運動後局部舒緩,G,互動問答與使用情境,外用膏一次擦多少才剛好,情境型,LINE OA 好友、回購客與新客,用問答降低誤用，讓使用者知道何時該詢問專業人員,互動回答不取代醫師或藥師建議。,低,pending_legal_pharmacist_review,not_ready,text_plus_image_card,LINE 互動投票圖卡、問句大字、簡潔背景,留言互動,本內容為一般生活保健資訊，非醫療診斷或治療建議。,根治|治療疾病|消炎治本|打通經絡|一擦就好|保證有效|深層修復|替代藥物,請為 LINE OA @111wrvef 產生一則繁體中文貼文。主題：外用膏一次擦多少才剛好。支柱：G-互動問答與使用情境。角度：情境型。受眾：LINE OA 好友、回購客與新客。只能使用保守宣稱：用問答降低誤用，讓使用者知道何時該詢問專業人員。必須提醒：互動回答不取代醫師或藥師建議。。文案需手機易讀，包含標題、Hook、120-220字正文、CTA、3-5個hashtag、圖卡三行字。禁用詞：根治|治療疾病|消炎治本|打通經絡|一擦就好|保證有效|深層修復|替代藥物。輸出後標示待人工法規審核。
LINE092,@111wrvef,2026-07-19,週日,20:00,暑期活動與運動後局部舒緩,D,銀髮日常與輕微關節不適,散步後的膝周保養,互動型,40-70 歲注重日常活動舒適度的族群,輕微關節痠痛可短期舒緩，但不可宣稱治療疾病,關節腫痛、紅熱、長期疼痛或行走困難，請就醫評估。,中,pending_legal_pharmacist_review,not_ready,text_plus_image_card,長輩日常、散步、溫暖居家光線,私訊/了解更多,本產品為外用油膏，請依核准標示使用；若症狀持續或惡化，請諮詢醫師或藥師。,根治|治療疾病|消炎治本|打通經絡|一擦就好|保證有效|深層修復|替代藥物,請為 LINE OA @111wrvef 產生一則繁體中文貼文。主題：散步後的膝周保養。支柱：D-銀髮日常與輕微關節不適。角度：互動型。受眾：40-70 歲注重日常活動舒適度的族群。只能使用保守宣稱：輕微關節痠痛可短期舒緩，但不可宣稱治療疾病。必須提醒：關節腫痛、紅熱、長期疼痛或行走困難，請就醫評估。。文案需手機易讀，包含標題、Hook、120-220字正文、CTA、3-5個hashtag、圖卡三行字。禁用詞：根治|治療疾病|消炎治本|打通經絡|一擦就好|保證有效|深層修復|替代藥物。輸出後標示待人工法規審核。
LINE093,@111wrvef,2026-07-20,週一,12:00,暑期活動與運動後局部舒緩,B,肩頸久坐與辦公族,肩頸按摩不要只靠用力,提醒型,長時間低頭、久坐、用電腦的上班族,久坐低頭後，可搭配伸展與局部按摩舒緩緊繃不適,若痠痛持續、麻木或影響活動，請諮詢醫師或藥師。,低,pending_legal_pharmacist_review,not_ready,text_plus_image_card,辦公室、肩頸伸展、清爽自然光,收藏提醒,本內容為一般生活保健資訊，非醫療診斷或治療建議。,根治|治療疾病|消炎治本|打通經絡|一擦就好|保證有效|深層修復|替代藥物,請為 LINE OA @111wrvef 產生一則繁體中文貼文。主題：肩頸按摩不要只靠用力。支柱：B-肩頸久坐與辦公族。角度：提醒型。受眾：長時間低頭、久坐、用電腦的上班族。只能使用保守宣稱：久坐低頭後，可搭配伸展與局部按摩舒緩緊繃不適。必須提醒：若痠痛持續、麻木或影響活動，請諮詢醫師或藥師。。文案需手機易讀，包含標題、Hook、120-220字正文、CTA、3-5個hashtag、圖卡三行字。禁用詞：根治|治療疾病|消炎治本|打通經絡|一擦就好|保證有效|深層修復|替代藥物。輸出後標示待人工法規審核。
LINE094,@111wrvef,2026-07-20,週一,20:00,暑期活動與運動後局部舒緩,A,產品教育與成分透明,油膏劑為什麼適合局部按摩,藥證可查,已購買或正在觀望的一條根使用者,依標示外用，提供局部按摩與暫時舒緩體感,僅供外用；避免眼周、黏膜、破皮或傷口。,中,pending_legal_pharmacist_review,not_ready,text_plus_image_card,產品特寫、成分植物、乾淨桌面、金色暖光,私訊/了解更多,本產品為外用油膏，請依核准標示使用；若症狀持續或惡化，請諮詢醫師或藥師。,根治|治療疾病|消炎治本|打通經絡|一擦就好|保證有效|深層修復|替代藥物,請為 LINE OA @111wrvef 產生一則繁體中文貼文。主題：油膏劑為什麼適合局部按摩。支柱：A-產品教育與成分透明。角度：藥證可查。受眾：已購買或正在觀望的一條根使用者。只能使用保守宣稱：依標示外用，提供局部按摩與暫時舒緩體感。必須提醒：僅供外用；避免眼周、黏膜、破皮或傷口。。文案需手機易讀，包含標題、Hook、120-220字正文、CTA、3-5個hashtag、圖卡三行字。禁用詞：根治|治療疾病|消炎治本|打通經絡|一擦就好|保證有效|深層修復|替代藥物。輸出後標示待人工法規審核。
LINE095,@111wrvef,2026-07-21,週二,12:00,暑期活動與運動後局部舒緩,F,季節節氣與生活保健,大暑午後少久站硬撐,互動型,喜歡養生、節氣與日常保健的 LINE 讀者,以生活保健與身體覺察為主，不做醫療療效宣稱,節氣養生屬一般生活資訊，身體不適仍應諮詢專業人員。,低,pending_legal_pharmacist_review,not_ready,text_plus_image_card,節氣自然景、草本、季節色彩,收藏提醒,本內容為一般生活保健資訊，非醫療診斷或治療建議。,根治|治療疾病|消炎治本|打通經絡|一擦就好|保證有效|深層修復|替代藥物,請為 LINE OA @111wrvef 產生一則繁體中文貼文。主題：大暑午後少久站硬撐。支柱：F-季節節氣與生活保健。角度：互動型。受眾：喜歡養生、節氣與日常保健的 LINE 讀者。只能使用保守宣稱：以生活保健與身體覺察為主，不做醫療療效宣稱。必須提醒：節氣養生屬一般生活資訊，身體不適仍應諮詢專業人員。。文案需手機易讀，包含標題、Hook、120-220字正文、CTA、3-5個hashtag、圖卡三行字。禁用詞：根治|治療疾病|消炎治本|打通經絡|一擦就好|保證有效|深層修復|替代藥物。輸出後標示待人工法規審核。
LINE096,@111wrvef,2026-07-21,週二,20:00,暑期活動與運動後局部舒緩,E,用藥安全與禁忌提醒,不要密封包紮或大面積厚敷,風險提醒,所有使用者、照護者與家庭購買者,安全使用比用得多更重要，依標示與風險族群提醒,2 歲以下、孕哺、過敏體質、抗凝血藥使用者請先詢問專業人員。,高,pending_legal_pharmacist_review,not_ready,text_plus_image_card,安全提醒圖卡、清楚 icon、紅黃綠分級,私訊/了解更多,僅供外用。避免接觸眼睛、黏膜、破皮或傷口；特殊族群使用前請先諮詢專業人員。,根治|治療疾病|消炎治本|打通經絡|一擦就好|保證有效|深層修復|替代藥物,請為 LINE OA @111wrvef 產生一則繁體中文貼文。主題：不要密封包紮或大面積厚敷。支柱：E-用藥安全與禁忌提醒。角度：風險提醒。受眾：所有使用者、照護者與家庭購買者。只能使用保守宣稱：安全使用比用得多更重要，依標示與風險族群提醒。必須提醒：2 歲以下、孕哺、過敏體質、抗凝血藥使用者請先詢問專業人員。。文案需手機易讀，包含標題、Hook、120-220字正文、CTA、3-5個hashtag、圖卡三行字。禁用詞：根治|治療疾病|消炎治本|打通經絡|一擦就好|保證有效|深層修復|替代藥物。輸出後標示待人工法規審核。
LINE097,@111wrvef,2026-07-22,週三,12:00,暑期活動與運動後局部舒緩,H,品牌信任與法規透明,什麼是乙類成藥,流程型,重視藥證、成分、品質與合法性的消費者,強調藥證、標示、保守宣稱與人工審核流程,所有廣告文案仍須依主管機關與專業人員審核。,中,pending_legal_pharmacist_review,not_ready,text_plus_image_card,藥證透明、標示檢查、品牌信任感,收藏提醒,本產品為外用油膏，請依核准標示使用；若症狀持續或惡化，請諮詢醫師或藥師。,根治|治療疾病|消炎治本|打通經絡|一擦就好|保證有效|深層修復|替代藥物,請為 LINE OA @111wrvef 產生一則繁體中文貼文。主題：什麼是乙類成藥。支柱：H-品牌信任與法規透明。角度：流程型。受眾：重視藥證、成分、品質與合法性的消費者。只能使用保守宣稱：強調藥證、標示、保守宣稱與人工審核流程。必須提醒：所有廣告文案仍須依主管機關與專業人員審核。。文案需手機易讀，包含標題、Hook、120-220字正文、CTA、3-5個hashtag、圖卡三行字。禁用詞：根治|治療疾病|消炎治本|打通經絡|一擦就好|保證有效|深層修復|替代藥物。輸出後標示待人工法規審核。
LINE098,@111wrvef,2026-07-22,週三,20:00,暑期活動與運動後局部舒緩,G,互動問答與使用情境,涼感越強越有效嗎,問答型,LINE OA 好友、回購客與新客,用問答降低誤用，讓使用者知道何時該詢問專業人員,互動回答不取代醫師或藥師建議。,低,pending_legal_pharmacist_review,not_ready,text_plus_image_card,LINE 互動投票圖卡、問句大字、簡潔背景,留言互動,本內容為一般生活保健資訊，非醫療診斷或治療建議。,根治|治療疾病|消炎治本|打通經絡|一擦就好|保證有效|深層修復|替代藥物,請為 LINE OA @111wrvef 產生一則繁體中文貼文。主題：涼感越強越有效嗎。支柱：G-互動問答與使用情境。角度：問答型。受眾：LINE OA 好友、回購客與新客。只能使用保守宣稱：用問答降低誤用，讓使用者知道何時該詢問專業人員。必須提醒：互動回答不取代醫師或藥師建議。。文案需手機易讀，包含標題、Hook、120-220字正文、CTA、3-5個hashtag、圖卡三行字。禁用詞：根治|治療疾病|消炎治本|打通經絡|一擦就好|保證有效|深層修復|替代藥物。輸出後標示待人工法規審核。
LINE099,@111wrvef,2026-07-23,週四,12:00,暑期活動與運動後局部舒緩,C,運動後與勞動後局部不適,重訓後肩背局部舒緩,保守衛教,運動族、搬重物、久站與勞動工作者,運動或勞動後的局部肌肉痠痛，可短期按摩舒緩,明顯腫脹、劇痛、活動受限或疑似受傷時，請先就醫。,中,pending_legal_pharmacist_review,not_ready,text_plus_image_card,運動後伸展、局部按摩、戶外或健身情境,收藏提醒,本產品為外用油膏，請依核准標示使用；若症狀持續或惡化，請諮詢醫師或藥師。,根治|治療疾病|消炎治本|打通經絡|一擦就好|保證有效|深層修復|替代藥物,請為 LINE OA @111wrvef 產生一則繁體中文貼文。主題：重訓後肩背局部舒緩。支柱：C-運動後與勞動後局部不適。角度：保守衛教。受眾：運動族、搬重物、久站與勞動工作者。只能使用保守宣稱：運動或勞動後的局部肌肉痠痛，可短期按摩舒緩。必須提醒：明顯腫脹、劇痛、活動受限或疑似受傷時，請先就醫。。文案需手機易讀，包含標題、Hook、120-220字正文、CTA、3-5個hashtag、圖卡三行字。禁用詞：根治|治療疾病|消炎治本|打通經絡|一擦就好|保證有效|深層修復|替代藥物。輸出後標示待人工法規審核。
LINE100,@111wrvef,2026-07-23,週四,20:00,暑期活動與運動後局部舒緩,A,產品教育與成分透明,乙類成藥與一般保健品差異,使用時機,已購買或正在觀望的一條根使用者,依標示外用，提供局部按摩與暫時舒緩體感,僅供外用；避免眼周、黏膜、破皮或傷口。,中,pending_legal_pharmacist_review,not_ready,text_plus_image_card,產品特寫、成分植物、乾淨桌面、金色暖光,私訊/了解更多,本產品為外用油膏，請依核准標示使用；若症狀持續或惡化，請諮詢醫師或藥師。,根治|治療疾病|消炎治本|打通經絡|一擦就好|保證有效|深層修復|替代藥物,請為 LINE OA @111wrvef 產生一則繁體中文貼文。主題：乙類成藥與一般保健品差異。支柱：A-產品教育與成分透明。角度：使用時機。受眾：已購買或正在觀望的一條根使用者。只能使用保守宣稱：依標示外用，提供局部按摩與暫時舒緩體感。必須提醒：僅供外用；避免眼周、黏膜、破皮或傷口。。文案需手機易讀，包含標題、Hook、120-220字正文、CTA、3-5個hashtag、圖卡三行字。禁用詞：根治|治療疾病|消炎治本|打通經絡|一擦就好|保證有效|深層修復|替代藥物。輸出後標示待人工法規審核。
LINE101,@111wrvef,2026-07-24,週五,12:00,暑期活動與運動後局部舒緩,D,銀髮日常與輕微關節不適,天氣變化時的活動舒適感,提醒型,40-70 歲注重日常活動舒適度的族群,輕微關節痠痛可短期舒緩，但不可宣稱治療疾病,關節腫痛、紅熱、長期疼痛或行走困難，請就醫評估。,中,pending_legal_pharmacist_review,not_ready,text_plus_image_card,長輩日常、散步、溫暖居家光線,收藏提醒,本產品為外用油膏，請依核准標示使用；若症狀持續或惡化，請諮詢醫師或藥師。,根治|治療疾病|消炎治本|打通經絡|一擦就好|保證有效|深層修復|替代藥物,請為 LINE OA @111wrvef 產生一則繁體中文貼文。主題：天氣變化時的活動舒適感。支柱：D-銀髮日常與輕微關節不適。角度：提醒型。受眾：40-70 歲注重日常活動舒適度的族群。只能使用保守宣稱：輕微關節痠痛可短期舒緩，但不可宣稱治療疾病。必須提醒：關節腫痛、紅熱、長期疼痛或行走困難，請就醫評估。。文案需手機易讀，包含標題、Hook、120-220字正文、CTA、3-5個hashtag、圖卡三行字。禁用詞：根治|治療疾病|消炎治本|打通經絡|一擦就好|保證有效|深層修復|替代藥物。輸出後標示待人工法規審核。
LINE102,@111wrvef,2026-07-24,週五,20:00,暑期活動與運動後局部舒緩,E,用藥安全與禁忌提醒,水楊酸或阿斯匹靈過敏者注意,闢謠型,所有使用者、照護者與家庭購買者,安全使用比用得多更重要，依標示與風險族群提醒,2 歲以下、孕哺、過敏體質、抗凝血藥使用者請先詢問專業人員。,高,pending_legal_pharmacist_review,not_ready,text_plus_image_card,安全提醒圖卡、清楚 icon、紅黃綠分級,私訊/了解更多,僅供外用。避免接觸眼睛、黏膜、破皮或傷口；特殊族群使用前請先諮詢專業人員。,根治|治療疾病|消炎治本|打通經絡|一擦就好|保證有效|深層修復|替代藥物,請為 LINE OA @111wrvef 產生一則繁體中文貼文。主題：水楊酸或阿斯匹靈過敏者注意。支柱：E-用藥安全與禁忌提醒。角度：闢謠型。受眾：所有使用者、照護者與家庭購買者。只能使用保守宣稱：安全使用比用得多更重要，依標示與風險族群提醒。必須提醒：2 歲以下、孕哺、過敏體質、抗凝血藥使用者請先詢問專業人員。。文案需手機易讀，包含標題、Hook、120-220字正文、CTA、3-5個hashtag、圖卡三行字。禁用詞：根治|治療疾病|消炎治本|打通經絡|一擦就好|保證有效|深層修復|替代藥物。輸出後標示待人工法規審核。
LINE103,@111wrvef,2026-07-25,週六,12:00,暑期活動與運動後局部舒緩,F,季節節氣與生活保健,立秋後早晚溫差保養,互動型,喜歡養生、節氣與日常保健的 LINE 讀者,以生活保健與身體覺察為主，不做醫療療效宣稱,節氣養生屬一般生活資訊，身體不適仍應諮詢專業人員。,低,pending_legal_pharmacist_review,not_ready,text_plus_image_card,節氣自然景、草本、季節色彩,收藏提醒,本內容為一般生活保健資訊，非醫療診斷或治療建議。,根治|治療疾病|消炎治本|打通經絡|一擦就好|保證有效|深層修復|替代藥物,請為 LINE OA @111wrvef 產生一則繁體中文貼文。主題：立秋後早晚溫差保養。支柱：F-季節節氣與生活保健。角度：互動型。受眾：喜歡養生、節氣與日常保健的 LINE 讀者。只能使用保守宣稱：以生活保健與身體覺察為主，不做醫療療效宣稱。必須提醒：節氣養生屬一般生活資訊，身體不適仍應諮詢專業人員。。文案需手機易讀，包含標題、Hook、120-220字正文、CTA、3-5個hashtag、圖卡三行字。禁用詞：根治|治療疾病|消炎治本|打通經絡|一擦就好|保證有效|深層修復|替代藥物。輸出後標示待人工法規審核。
LINE104,@111wrvef,2026-07-25,週六,20:00,暑期活動與運動後局部舒緩,C,運動後與勞動後局部不適,家事後手臂不適保養,場景型,運動族、搬重物、久站與勞動工作者,運動或勞動後的局部肌肉痠痛，可短期按摩舒緩,明顯腫脹、劇痛、活動受限或疑似受傷時，請先就醫。,中,pending_legal_pharmacist_review,not_ready,text_plus_image_card,運動後伸展、局部按摩、戶外或健身情境,私訊/了解更多,本產品為外用油膏，請依核准標示使用；若症狀持續或惡化，請諮詢醫師或藥師。,根治|治療疾病|消炎治本|打通經絡|一擦就好|保證有效|深層修復|替代藥物,請為 LINE OA @111wrvef 產生一則繁體中文貼文。主題：家事後手臂不適保養。支柱：C-運動後與勞動後局部不適。角度：場景型。受眾：運動族、搬重物、久站與勞動工作者。只能使用保守宣稱：運動或勞動後的局部肌肉痠痛，可短期按摩舒緩。必須提醒：明顯腫脹、劇痛、活動受限或疑似受傷時，請先就醫。。文案需手機易讀，包含標題、Hook、120-220字正文、CTA、3-5個hashtag、圖卡三行字。禁用詞：根治|治療疾病|消炎治本|打通經絡|一擦就好|保證有效|深層修復|替代藥物。輸出後標示待人工法規審核。
LINE105,@111wrvef,2026-07-26,週日,12:00,暑期活動與運動後局部舒緩,G,互動問答與使用情境,你有看過外用產品標示嗎,問答型,LINE OA 好友、回購客與新客,用問答降低誤用，讓使用者知道何時該詢問專業人員,互動回答不取代醫師或藥師建議。,低,pending_legal_pharmacist_review,not_ready,text_plus_image_card,LINE 互動投票圖卡、問句大字、簡潔背景,留言互動,本內容為一般生活保健資訊，非醫療診斷或治療建議。,根治|治療疾病|消炎治本|打通經絡|一擦就好|保證有效|深層修復|替代藥物,請為 LINE OA @111wrvef 產生一則繁體中文貼文。主題：你有看過外用產品標示嗎。支柱：G-互動問答與使用情境。角度：問答型。受眾：LINE OA 好友、回購客與新客。只能使用保守宣稱：用問答降低誤用，讓使用者知道何時該詢問專業人員。必須提醒：互動回答不取代醫師或藥師建議。。文案需手機易讀，包含標題、Hook、120-220字正文、CTA、3-5個hashtag、圖卡三行字。禁用詞：根治|治療疾病|消炎治本|打通經絡|一擦就好|保證有效|深層修復|替代藥物。輸出後標示待人工法規審核。
LINE106,@111wrvef,2026-07-26,週日,20:00,暑期活動與運動後局部舒緩,D,銀髮日常與輕微關節不適,長輩按摩力道不要過重,保守型,40-70 歲注重日常活動舒適度的族群,輕微關節痠痛可短期舒緩，但不可宣稱治療疾病,關節腫痛、紅熱、長期疼痛或行走困難，請就醫評估。,中,pending_legal_pharmacist_review,not_ready,text_plus_image_card,長輩日常、散步、溫暖居家光線,私訊/了解更多,本產品為外用油膏，請依核准標示使用；若症狀持續或惡化，請諮詢醫師或藥師。,根治|治療疾病|消炎治本|打通經絡|一擦就好|保證有效|深層修復|替代藥物,請為 LINE OA @111wrvef 產生一則繁體中文貼文。主題：長輩按摩力道不要過重。支柱：D-銀髮日常與輕微關節不適。角度：保守型。受眾：40-70 歲注重日常活動舒適度的族群。只能使用保守宣稱：輕微關節痠痛可短期舒緩，但不可宣稱治療疾病。必須提醒：關節腫痛、紅熱、長期疼痛或行走困難，請就醫評估。。文案需手機易讀，包含標題、Hook、120-220字正文、CTA、3-5個hashtag、圖卡三行字。禁用詞：根治|治療疾病|消炎治本|打通經絡|一擦就好|保證有效|深層修復|替代藥物。輸出後標示待人工法規審核。
LINE107,@111wrvef,2026-07-27,週一,12:00,暑期活動與運動後局部舒緩,B,肩頸久坐與辦公族,久坐族晚間舒緩儀式,問句型,長時間低頭、久坐、用電腦的上班族,久坐低頭後，可搭配伸展與局部按摩舒緩緊繃不適,若痠痛持續、麻木或影響活動，請諮詢醫師或藥師。,低,pending_legal_pharmacist_review,not_ready,text_plus_image_card,辦公室、肩頸伸展、清爽自然光,收藏提醒,本內容為一般生活保健資訊，非醫療診斷或治療建議。,根治|治療疾病|消炎治本|打通經絡|一擦就好|保證有效|深層修復|替代藥物,請為 LINE OA @111wrvef 產生一則繁體中文貼文。主題：久坐族晚間舒緩儀式。支柱：B-肩頸久坐與辦公族。角度：問句型。受眾：長時間低頭、久坐、用電腦的上班族。只能使用保守宣稱：久坐低頭後，可搭配伸展與局部按摩舒緩緊繃不適。必須提醒：若痠痛持續、麻木或影響活動，請諮詢醫師或藥師。。文案需手機易讀，包含標題、Hook、120-220字正文、CTA、3-5個hashtag、圖卡三行字。禁用詞：根治|治療疾病|消炎治本|打通經絡|一擦就好|保證有效|深層修復|替代藥物。輸出後標示待人工法規審核。
LINE108,@111wrvef,2026-07-27,週一,20:00,暑期活動與運動後局部舒緩,A,產品教育與成分透明,一條根外用膏的日常定位,成分透明,已購買或正在觀望的一條根使用者,依標示外用，提供局部按摩與暫時舒緩體感,僅供外用；避免眼周、黏膜、破皮或傷口。,中,pending_legal_pharmacist_review,not_ready,text_plus_image_card,產品特寫、成分植物、乾淨桌面、金色暖光,私訊/了解更多,本產品為外用油膏，請依核准標示使用；若症狀持續或惡化，請諮詢醫師或藥師。,根治|治療疾病|消炎治本|打通經絡|一擦就好|保證有效|深層修復|替代藥物,請為 LINE OA @111wrvef 產生一則繁體中文貼文。主題：一條根外用膏的日常定位。支柱：A-產品教育與成分透明。角度：成分透明。受眾：已購買或正在觀望的一條根使用者。只能使用保守宣稱：依標示外用，提供局部按摩與暫時舒緩體感。必須提醒：僅供外用；避免眼周、黏膜、破皮或傷口。。文案需手機易讀，包含標題、Hook、120-220字正文、CTA、3-5個hashtag、圖卡三行字。禁用詞：根治|治療疾病|消炎治本|打通經絡|一擦就好|保證有效|深層修復|替代藥物。輸出後標示待人工法規審核。
LINE109,@111wrvef,2026-07-28,週二,12:00,暑期活動與運動後局部舒緩,F,季節節氣與生活保健,處暑後運動暖身提醒,生活型,喜歡養生、節氣與日常保健的 LINE 讀者,以生活保健與身體覺察為主，不做醫療療效宣稱,節氣養生屬一般生活資訊，身體不適仍應諮詢專業人員。,低,pending_legal_pharmacist_review,not_ready,text_plus_image_card,節氣自然景、草本、季節色彩,收藏提醒,本內容為一般生活保健資訊，非醫療診斷或治療建議。,根治|治療疾病|消炎治本|打通經絡|一擦就好|保證有效|深層修復|替代藥物,請為 LINE OA @111wrvef 產生一則繁體中文貼文。主題：處暑後運動暖身提醒。支柱：F-季節節氣與生活保健。角度：生活型。受眾：喜歡養生、節氣與日常保健的 LINE 讀者。只能使用保守宣稱：以生活保健與身體覺察為主，不做醫療療效宣稱。必須提醒：節氣養生屬一般生活資訊，身體不適仍應諮詢專業人員。。文案需手機易讀，包含標題、Hook、120-220字正文、CTA、3-5個hashtag、圖卡三行字。禁用詞：根治|治療疾病|消炎治本|打通經絡|一擦就好|保證有效|深層修復|替代藥物。輸出後標示待人工法規審核。
LINE110,@111wrvef,2026-07-28,週二,20:00,暑期活動與運動後局部舒緩,E,用藥安全與禁忌提醒,兒童使用前的安全提醒,QA,所有使用者、照護者與家庭購買者,安全使用比用得多更重要，依標示與風險族群提醒,2 歲以下、孕哺、過敏體質、抗凝血藥使用者請先詢問專業人員。,高,pending_legal_pharmacist_review,not_ready,text_plus_image_card,安全提醒圖卡、清楚 icon、紅黃綠分級,私訊/了解更多,僅供外用。避免接觸眼睛、黏膜、破皮或傷口；特殊族群使用前請先諮詢專業人員。,根治|治療疾病|消炎治本|打通經絡|一擦就好|保證有效|深層修復|替代藥物,請為 LINE OA @111wrvef 產生一則繁體中文貼文。主題：兒童使用前的安全提醒。支柱：E-用藥安全與禁忌提醒。角度：QA。受眾：所有使用者、照護者與家庭購買者。只能使用保守宣稱：安全使用比用得多更重要，依標示與風險族群提醒。必須提醒：2 歲以下、孕哺、過敏體質、抗凝血藥使用者請先詢問專業人員。。文案需手機易讀，包含標題、Hook、120-220字正文、CTA、3-5個hashtag、圖卡三行字。禁用詞：根治|治療疾病|消炎治本|打通經絡|一擦就好|保證有效|深層修復|替代藥物。輸出後標示待人工法規審核。
LINE111,@111wrvef,2026-07-29,週三,12:00,暑期活動與運動後局部舒緩,H,品牌信任與法規透明,官方適應症與社群文案的差異,保守型,重視藥證、成分、品質與合法性的消費者,強調藥證、標示、保守宣稱與人工審核流程,所有廣告文案仍須依主管機關與專業人員審核。,中,pending_legal_pharmacist_review,not_ready,text_plus_image_card,藥證透明、標示檢查、品牌信任感,收藏提醒,本產品為外用油膏，請依核准標示使用；若症狀持續或惡化，請諮詢醫師或藥師。,根治|治療疾病|消炎治本|打通經絡|一擦就好|保證有效|深層修復|替代藥物,請為 LINE OA @111wrvef 產生一則繁體中文貼文。主題：官方適應症與社群文案的差異。支柱：H-品牌信任與法規透明。角度：保守型。受眾：重視藥證、成分、品質與合法性的消費者。只能使用保守宣稱：強調藥證、標示、保守宣稱與人工審核流程。必須提醒：所有廣告文案仍須依主管機關與專業人員審核。。文案需手機易讀，包含標題、Hook、120-220字正文、CTA、3-5個hashtag、圖卡三行字。禁用詞：根治|治療疾病|消炎治本|打通經絡|一擦就好|保證有效|深層修復|替代藥物。輸出後標示待人工法規審核。
LINE112,@111wrvef,2026-07-29,週三,20:00,暑期活動與運動後局部舒緩,G,互動問答與使用情境,久坐族最想舒緩哪裡,留言型,LINE OA 好友、回購客與新客,用問答降低誤用，讓使用者知道何時該詢問專業人員,互動回答不取代醫師或藥師建議。,低,pending_legal_pharmacist_review,not_ready,text_plus_image_card,LINE 互動投票圖卡、問句大字、簡潔背景,留言互動,本內容為一般生活保健資訊，非醫療診斷或治療建議。,根治|治療疾病|消炎治本|打通經絡|一擦就好|保證有效|深層修復|替代藥物,請為 LINE OA @111wrvef 產生一則繁體中文貼文。主題：久坐族最想舒緩哪裡。支柱：G-互動問答與使用情境。角度：留言型。受眾：LINE OA 好友、回購客與新客。只能使用保守宣稱：用問答降低誤用，讓使用者知道何時該詢問專業人員。必須提醒：互動回答不取代醫師或藥師建議。。文案需手機易讀，包含標題、Hook、120-220字正文、CTA、3-5個hashtag、圖卡三行字。禁用詞：根治|治療疾病|消炎治本|打通經絡|一擦就好|保證有效|深層修復|替代藥物。輸出後標示待人工法規審核。
LINE113,@111wrvef,2026-07-30,週四,12:00,暑期活動與運動後局部舒緩,C,運動後與勞動後局部不適,跑步後膝周不適的保守提醒,前後對照,運動族、搬重物、久站與勞動工作者,運動或勞動後的局部肌肉痠痛，可短期按摩舒緩,明顯腫脹、劇痛、活動受限或疑似受傷時，請先就醫。,中,pending_legal_pharmacist_review,not_ready,text_plus_image_card,運動後伸展、局部按摩、戶外或健身情境,收藏提醒,本產品為外用油膏，請依核准標示使用；若症狀持續或惡化，請諮詢醫師或藥師。,根治|治療疾病|消炎治本|打通經絡|一擦就好|保證有效|深層修復|替代藥物,請為 LINE OA @111wrvef 產生一則繁體中文貼文。主題：跑步後膝周不適的保守提醒。支柱：C-運動後與勞動後局部不適。角度：前後對照。受眾：運動族、搬重物、久站與勞動工作者。只能使用保守宣稱：運動或勞動後的局部肌肉痠痛，可短期按摩舒緩。必須提醒：明顯腫脹、劇痛、活動受限或疑似受傷時，請先就醫。。文案需手機易讀，包含標題、Hook、120-220字正文、CTA、3-5個hashtag、圖卡三行字。禁用詞：根治|治療疾病|消炎治本|打通經絡|一擦就好|保證有效|深層修復|替代藥物。輸出後標示待人工法規審核。
LINE114,@111wrvef,2026-07-30,週四,20:00,暑期活動與運動後局部舒緩,A,產品教育與成分透明,成分濃度為什麼要看標示,使用迷思,已購買或正在觀望的一條根使用者,依標示外用，提供局部按摩與暫時舒緩體感,僅供外用；避免眼周、黏膜、破皮或傷口。,中,pending_legal_pharmacist_review,not_ready,text_plus_image_card,產品特寫、成分植物、乾淨桌面、金色暖光,私訊/了解更多,本產品為外用油膏，請依核准標示使用；若症狀持續或惡化，請諮詢醫師或藥師。,根治|治療疾病|消炎治本|打通經絡|一擦就好|保證有效|深層修復|替代藥物,請為 LINE OA @111wrvef 產生一則繁體中文貼文。主題：成分濃度為什麼要看標示。支柱：A-產品教育與成分透明。角度：使用迷思。受眾：已購買或正在觀望的一條根使用者。只能使用保守宣稱：依標示外用，提供局部按摩與暫時舒緩體感。必須提醒：僅供外用；避免眼周、黏膜、破皮或傷口。。文案需手機易讀，包含標題、Hook、120-220字正文、CTA、3-5個hashtag、圖卡三行字。禁用詞：根治|治療疾病|消炎治本|打通經絡|一擦就好|保證有效|深層修復|替代藥物。輸出後標示待人工法規審核。
LINE115,@111wrvef,2026-07-31,週五,12:00,暑期活動與運動後局部舒緩,D,銀髮日常與輕微關節不適,照顧爸媽時的外用提醒,陪伴型,40-70 歲注重日常活動舒適度的族群,輕微關節痠痛可短期舒緩，但不可宣稱治療疾病,關節腫痛、紅熱、長期疼痛或行走困難，請就醫評估。,中,pending_legal_pharmacist_review,not_ready,text_plus_image_card,長輩日常、散步、溫暖居家光線,收藏提醒,本產品為外用油膏，請依核准標示使用；若症狀持續或惡化，請諮詢醫師或藥師。,根治|治療疾病|消炎治本|打通經絡|一擦就好|保證有效|深層修復|替代藥物,請為 LINE OA @111wrvef 產生一則繁體中文貼文。主題：照顧爸媽時的外用提醒。支柱：D-銀髮日常與輕微關節不適。角度：陪伴型。受眾：40-70 歲注重日常活動舒適度的族群。只能使用保守宣稱：輕微關節痠痛可短期舒緩，但不可宣稱治療疾病。必須提醒：關節腫痛、紅熱、長期疼痛或行走困難，請就醫評估。。文案需手機易讀，包含標題、Hook、120-220字正文、CTA、3-5個hashtag、圖卡三行字。禁用詞：根治|治療疾病|消炎治本|打通經絡|一擦就好|保證有效|深層修復|替代藥物。輸出後標示待人工法規審核。
LINE116,@111wrvef,2026-07-31,週五,20:00,暑期活動與運動後局部舒緩,E,用藥安全與禁忌提醒,孕婦與哺乳族群先詢問專業人員,安全提醒,所有使用者、照護者與家庭購買者,安全使用比用得多更重要，依標示與風險族群提醒,2 歲以下、孕哺、過敏體質、抗凝血藥使用者請先詢問專業人員。,高,pending_legal_pharmacist_review,not_ready,text_plus_image_card,安全提醒圖卡、清楚 icon、紅黃綠分級,私訊/了解更多,僅供外用。避免接觸眼睛、黏膜、破皮或傷口；特殊族群使用前請先諮詢專業人員。,根治|治療疾病|消炎治本|打通經絡|一擦就好|保證有效|深層修復|替代藥物,請為 LINE OA @111wrvef 產生一則繁體中文貼文。主題：孕婦與哺乳族群先詢問專業人員。支柱：E-用藥安全與禁忌提醒。角度：安全提醒。受眾：所有使用者、照護者與家庭購買者。只能使用保守宣稱：安全使用比用得多更重要，依標示與風險族群提醒。必須提醒：2 歲以下、孕哺、過敏體質、抗凝血藥使用者請先詢問專業人員。。文案需手機易讀，包含標題、Hook、120-220字正文、CTA、3-5個hashtag、圖卡三行字。禁用詞：根治|治療疾病|消炎治本|打通經絡|一擦就好|保證有效|深層修復|替代藥物。輸出後標示待人工法規審核。
LINE117,@111wrvef,2026-08-01,週六,12:00,久坐久站與家庭日常安全使用,F,季節節氣與生活保健,白露時節關心長輩活動,生活型,喜歡養生、節氣與日常保健的 LINE 讀者,以生活保健與身體覺察為主，不做醫療療效宣稱,節氣養生屬一般生活資訊，身體不適仍應諮詢專業人員。,低,pending_legal_pharmacist_review,not_ready,text_plus_image_card,節氣自然景、草本、季節色彩,收藏提醒,本內容為一般生活保健資訊，非醫療診斷或治療建議。,根治|治療疾病|消炎治本|打通經絡|一擦就好|保證有效|深層修復|替代藥物,請為 LINE OA @111wrvef 產生一則繁體中文貼文。主題：白露時節關心長輩活動。支柱：F-季節節氣與生活保健。角度：生活型。受眾：喜歡養生、節氣與日常保健的 LINE 讀者。只能使用保守宣稱：以生活保健與身體覺察為主，不做醫療療效宣稱。必須提醒：節氣養生屬一般生活資訊，身體不適仍應諮詢專業人員。。文案需手機易讀，包含標題、Hook、120-220字正文、CTA、3-5個hashtag、圖卡三行字。禁用詞：根治|治療疾病|消炎治本|打通經絡|一擦就好|保證有效|深層修復|替代藥物。輸出後標示待人工法規審核。
LINE118,@111wrvef,2026-08-01,週六,20:00,久坐久站與家庭日常安全使用,C,運動後與勞動後局部不適,勞動後先休息再按摩,保守衛教,運動族、搬重物、久站與勞動工作者,運動或勞動後的局部肌肉痠痛，可短期按摩舒緩,明顯腫脹、劇痛、活動受限或疑似受傷時，請先就醫。,中,pending_legal_pharmacist_review,not_ready,text_plus_image_card,運動後伸展、局部按摩、戶外或健身情境,私訊/了解更多,本產品為外用油膏，請依核准標示使用；若症狀持續或惡化，請諮詢醫師或藥師。,根治|治療疾病|消炎治本|打通經絡|一擦就好|保證有效|深層修復|替代藥物,請為 LINE OA @111wrvef 產生一則繁體中文貼文。主題：勞動後先休息再按摩。支柱：C-運動後與勞動後局部不適。角度：保守衛教。受眾：運動族、搬重物、久站與勞動工作者。只能使用保守宣稱：運動或勞動後的局部肌肉痠痛，可短期按摩舒緩。必須提醒：明顯腫脹、劇痛、活動受限或疑似受傷時，請先就醫。。文案需手機易讀，包含標題、Hook、120-220字正文、CTA、3-5個hashtag、圖卡三行字。禁用詞：根治|治療疾病|消炎治本|打通經絡|一擦就好|保證有效|深層修復|替代藥物。輸出後標示待人工法規審核。
LINE119,@111wrvef,2026-08-02,週日,12:00,久坐久站與家庭日常安全使用,G,互動問答與使用情境,長輩使用外用膏你會提醒什麼,留言型,LINE OA 好友、回購客與新客,用問答降低誤用，讓使用者知道何時該詢問專業人員,互動回答不取代醫師或藥師建議。,低,pending_legal_pharmacist_review,not_ready,text_plus_image_card,LINE 互動投票圖卡、問句大字、簡潔背景,留言互動,本內容為一般生活保健資訊，非醫療診斷或治療建議。,根治|治療疾病|消炎治本|打通經絡|一擦就好|保證有效|深層修復|替代藥物,請為 LINE OA @111wrvef 產生一則繁體中文貼文。主題：長輩使用外用膏你會提醒什麼。支柱：G-互動問答與使用情境。角度：留言型。受眾：LINE OA 好友、回購客與新客。只能使用保守宣稱：用問答降低誤用，讓使用者知道何時該詢問專業人員。必須提醒：互動回答不取代醫師或藥師建議。。文案需手機易讀，包含標題、Hook、120-220字正文、CTA、3-5個hashtag、圖卡三行字。禁用詞：根治|治療疾病|消炎治本|打通經絡|一擦就好|保證有效|深層修復|替代藥物。輸出後標示待人工法規審核。
LINE120,@111wrvef,2026-08-02,週日,20:00,久坐久站與家庭日常安全使用,D,銀髮日常與輕微關節不適,日常活動舒適度的三個習慣,提醒型,40-70 歲注重日常活動舒適度的族群,輕微關節痠痛可短期舒緩，但不可宣稱治療疾病,關節腫痛、紅熱、長期疼痛或行走困難，請就醫評估。,中,pending_legal_pharmacist_review,not_ready,text_plus_image_card,長輩日常、散步、溫暖居家光線,私訊/了解更多,本產品為外用油膏，請依核准標示使用；若症狀持續或惡化，請諮詢醫師或藥師。,根治|治療疾病|消炎治本|打通經絡|一擦就好|保證有效|深層修復|替代藥物,請為 LINE OA @111wrvef 產生一則繁體中文貼文。主題：日常活動舒適度的三個習慣。支柱：D-銀髮日常與輕微關節不適。角度：提醒型。受眾：40-70 歲注重日常活動舒適度的族群。只能使用保守宣稱：輕微關節痠痛可短期舒緩，但不可宣稱治療疾病。必須提醒：關節腫痛、紅熱、長期疼痛或行走困難，請就醫評估。。文案需手機易讀，包含標題、Hook、120-220字正文、CTA、3-5個hashtag、圖卡三行字。禁用詞：根治|治療疾病|消炎治本|打通經絡|一擦就好|保證有效|深層修復|替代藥物。輸出後標示待人工法規審核。
LINE121,@111wrvef,2026-08-03,週一,12:00,久坐久站與家庭日常安全使用,B,肩頸久坐與辦公族,背包太重後的肩膀保養,生活情境,長時間低頭、久坐、用電腦的上班族,久坐低頭後，可搭配伸展與局部按摩舒緩緊繃不適,若痠痛持續、麻木或影響活動，請諮詢醫師或藥師。,低,pending_legal_pharmacist_review,not_ready,text_plus_image_card,辦公室、肩頸伸展、清爽自然光,收藏提醒,本內容為一般生活保健資訊，非醫療診斷或治療建議。,根治|治療疾病|消炎治本|打通經絡|一擦就好|保證有效|深層修復|替代藥物,請為 LINE OA @111wrvef 產生一則繁體中文貼文。主題：背包太重後的肩膀保養。支柱：B-肩頸久坐與辦公族。角度：生活情境。受眾：長時間低頭、久坐、用電腦的上班族。只能使用保守宣稱：久坐低頭後，可搭配伸展與局部按摩舒緩緊繃不適。必須提醒：若痠痛持續、麻木或影響活動，請諮詢醫師或藥師。。文案需手機易讀，包含標題、Hook、120-220字正文、CTA、3-5個hashtag、圖卡三行字。禁用詞：根治|治療疾病|消炎治本|打通經絡|一擦就好|保證有效|深層修復|替代藥物。輸出後標示待人工法規審核。
LINE122,@111wrvef,2026-08-03,週一,20:00,久坐久站與家庭日常安全使用,A,產品教育與成分透明,局部按摩和大面積厚敷的差別,使用時機,已購買或正在觀望的一條根使用者,依標示外用，提供局部按摩與暫時舒緩體感,僅供外用；避免眼周、黏膜、破皮或傷口。,中,pending_legal_pharmacist_review,not_ready,text_plus_image_card,產品特寫、成分植物、乾淨桌面、金色暖光,私訊/了解更多,本產品為外用油膏，請依核准標示使用；若症狀持續或惡化，請諮詢醫師或藥師。,根治|治療疾病|消炎治本|打通經絡|一擦就好|保證有效|深層修復|替代藥物,請為 LINE OA @111wrvef 產生一則繁體中文貼文。主題：局部按摩和大面積厚敷的差別。支柱：A-產品教育與成分透明。角度：使用時機。受眾：已購買或正在觀望的一條根使用者。只能使用保守宣稱：依標示外用，提供局部按摩與暫時舒緩體感。必須提醒：僅供外用；避免眼周、黏膜、破皮或傷口。。文案需手機易讀，包含標題、Hook、120-220字正文、CTA、3-5個hashtag、圖卡三行字。禁用詞：根治|治療疾病|消炎治本|打通經絡|一擦就好|保證有效|深層修復|替代藥物。輸出後標示待人工法規審核。
LINE123,@111wrvef,2026-08-04,週二,12:00,久坐久站與家庭日常安全使用,F,季節節氣與生活保健,秋分後外出前暖身,金句型,喜歡養生、節氣與日常保健的 LINE 讀者,以生活保健與身體覺察為主，不做醫療療效宣稱,節氣養生屬一般生活資訊，身體不適仍應諮詢專業人員。,低,pending_legal_pharmacist_review,not_ready,text_plus_image_card,節氣自然景、草本、季節色彩,收藏提醒,本內容為一般生活保健資訊，非醫療診斷或治療建議。,根治|治療疾病|消炎治本|打通經絡|一擦就好|保證有效|深層修復|替代藥物,請為 LINE OA @111wrvef 產生一則繁體中文貼文。主題：秋分後外出前暖身。支柱：F-季節節氣與生活保健。角度：金句型。受眾：喜歡養生、節氣與日常保健的 LINE 讀者。只能使用保守宣稱：以生活保健與身體覺察為主，不做醫療療效宣稱。必須提醒：節氣養生屬一般生活資訊，身體不適仍應諮詢專業人員。。文案需手機易讀，包含標題、Hook、120-220字正文、CTA、3-5個hashtag、圖卡三行字。禁用詞：根治|治療疾病|消炎治本|打通經絡|一擦就好|保證有效|深層修復|替代藥物。輸出後標示待人工法規審核。
LINE124,@111wrvef,2026-08-04,週二,20:00,久坐久站與家庭日常安全使用,E,用藥安全與禁忌提醒,症狀超過七天要停用並諮詢,闢謠型,所有使用者、照護者與家庭購買者,安全使用比用得多更重要，依標示與風險族群提醒,2 歲以下、孕哺、過敏體質、抗凝血藥使用者請先詢問專業人員。,高,pending_legal_pharmacist_review,not_ready,text_plus_image_card,安全提醒圖卡、清楚 icon、紅黃綠分級,私訊/了解更多,僅供外用。避免接觸眼睛、黏膜、破皮或傷口；特殊族群使用前請先諮詢專業人員。,根治|治療疾病|消炎治本|打通經絡|一擦就好|保證有效|深層修復|替代藥物,請為 LINE OA @111wrvef 產生一則繁體中文貼文。主題：症狀超過七天要停用並諮詢。支柱：E-用藥安全與禁忌提醒。角度：闢謠型。受眾：所有使用者、照護者與家庭購買者。只能使用保守宣稱：安全使用比用得多更重要，依標示與風險族群提醒。必須提醒：2 歲以下、孕哺、過敏體質、抗凝血藥使用者請先詢問專業人員。。文案需手機易讀，包含標題、Hook、120-220字正文、CTA、3-5個hashtag、圖卡三行字。禁用詞：根治|治療疾病|消炎治本|打通經絡|一擦就好|保證有效|深層修復|替代藥物。輸出後標示待人工法規審核。
LINE125,@111wrvef,2026-08-05,週三,12:00,久坐久站與家庭日常安全使用,H,品牌信任與法規透明,為什麼不鼓勵擦傷口,透明型,重視藥證、成分、品質與合法性的消費者,強調藥證、標示、保守宣稱與人工審核流程,所有廣告文案仍須依主管機關與專業人員審核。,中,pending_legal_pharmacist_review,not_ready,text_plus_image_card,藥證透明、標示檢查、品牌信任感,收藏提醒,本產品為外用油膏，請依核准標示使用；若症狀持續或惡化，請諮詢醫師或藥師。,根治|治療疾病|消炎治本|打通經絡|一擦就好|保證有效|深層修復|替代藥物,請為 LINE OA @111wrvef 產生一則繁體中文貼文。主題：為什麼不鼓勵擦傷口。支柱：H-品牌信任與法規透明。角度：透明型。受眾：重視藥證、成分、品質與合法性的消費者。只能使用保守宣稱：強調藥證、標示、保守宣稱與人工審核流程。必須提醒：所有廣告文案仍須依主管機關與專業人員審核。。文案需手機易讀，包含標題、Hook、120-220字正文、CTA、3-5個hashtag、圖卡三行字。禁用詞：根治|治療疾病|消炎治本|打通經絡|一擦就好|保證有效|深層修復|替代藥物。輸出後標示待人工法規審核。
LINE126,@111wrvef,2026-08-05,週三,20:00,久坐久站與家庭日常安全使用,G,互動問答與使用情境,一條根可以天天厚敷嗎,迷思型,LINE OA 好友、回購客與新客,用問答降低誤用，讓使用者知道何時該詢問專業人員,互動回答不取代醫師或藥師建議。,低,pending_legal_pharmacist_review,not_ready,text_plus_image_card,LINE 互動投票圖卡、問句大字、簡潔背景,留言互動,本內容為一般生活保健資訊，非醫療診斷或治療建議。,根治|治療疾病|消炎治本|打通經絡|一擦就好|保證有效|深層修復|替代藥物,請為 LINE OA @111wrvef 產生一則繁體中文貼文。主題：一條根可以天天厚敷嗎。支柱：G-互動問答與使用情境。角度：迷思型。受眾：LINE OA 好友、回購客與新客。只能使用保守宣稱：用問答降低誤用，讓使用者知道何時該詢問專業人員。必須提醒：互動回答不取代醫師或藥師建議。。文案需手機易讀，包含標題、Hook、120-220字正文、CTA、3-5個hashtag、圖卡三行字。禁用詞：根治|治療疾病|消炎治本|打通經絡|一擦就好|保證有效|深層修復|替代藥物。輸出後標示待人工法規審核。
LINE127,@111wrvef,2026-08-06,週四,12:00,久坐久站與家庭日常安全使用,C,運動後與勞動後局部不適,運動後不要立刻熱敷加藥膏,步驟型,運動族、搬重物、久站與勞動工作者,運動或勞動後的局部肌肉痠痛，可短期按摩舒緩,明顯腫脹、劇痛、活動受限或疑似受傷時，請先就醫。,中,pending_legal_pharmacist_review,not_ready,text_plus_image_card,運動後伸展、局部按摩、戶外或健身情境,收藏提醒,本產品為外用油膏，請依核准標示使用；若症狀持續或惡化，請諮詢醫師或藥師。,根治|治療疾病|消炎治本|打通經絡|一擦就好|保證有效|深層修復|替代藥物,請為 LINE OA @111wrvef 產生一則繁體中文貼文。主題：運動後不要立刻熱敷加藥膏。支柱：C-運動後與勞動後局部不適。角度：步驟型。受眾：運動族、搬重物、久站與勞動工作者。只能使用保守宣稱：運動或勞動後的局部肌肉痠痛，可短期按摩舒緩。必須提醒：明顯腫脹、劇痛、活動受限或疑似受傷時，請先就醫。。文案需手機易讀，包含標題、Hook、120-220字正文、CTA、3-5個hashtag、圖卡三行字。禁用詞：根治|治療疾病|消炎治本|打通經絡|一擦就好|保證有效|深層修復|替代藥物。輸出後標示待人工法規審核。
LINE128,@111wrvef,2026-08-06,週四,20:00,久坐久站與家庭日常安全使用,A,產品教育與成分透明,使用前先小範圍測試,正確用量,已購買或正在觀望的一條根使用者,依標示外用，提供局部按摩與暫時舒緩體感,僅供外用；避免眼周、黏膜、破皮或傷口。,中,pending_legal_pharmacist_review,not_ready,text_plus_image_card,產品特寫、成分植物、乾淨桌面、金色暖光,私訊/了解更多,本產品為外用油膏，請依核准標示使用；若症狀持續或惡化，請諮詢醫師或藥師。,根治|治療疾病|消炎治本|打通經絡|一擦就好|保證有效|深層修復|替代藥物,請為 LINE OA @111wrvef 產生一則繁體中文貼文。主題：使用前先小範圍測試。支柱：A-產品教育與成分透明。角度：正確用量。受眾：已購買或正在觀望的一條根使用者。只能使用保守宣稱：依標示外用，提供局部按摩與暫時舒緩體感。必須提醒：僅供外用；避免眼周、黏膜、破皮或傷口。。文案需手機易讀，包含標題、Hook、120-220字正文、CTA、3-5個hashtag、圖卡三行字。禁用詞：根治|治療疾病|消炎治本|打通經絡|一擦就好|保證有效|深層修復|替代藥物。輸出後標示待人工法規審核。
LINE129,@111wrvef,2026-08-07,週五,12:00,久坐久站與家庭日常安全使用,D,銀髮日常與輕微關節不適,長輩使用前先看標示,生活型,40-70 歲注重日常活動舒適度的族群,輕微關節痠痛可短期舒緩，但不可宣稱治療疾病,關節腫痛、紅熱、長期疼痛或行走困難，請就醫評估。,中,pending_legal_pharmacist_review,not_ready,text_plus_image_card,長輩日常、散步、溫暖居家光線,收藏提醒,本產品為外用油膏，請依核准標示使用；若症狀持續或惡化，請諮詢醫師或藥師。,根治|治療疾病|消炎治本|打通經絡|一擦就好|保證有效|深層修復|替代藥物,請為 LINE OA @111wrvef 產生一則繁體中文貼文。主題：長輩使用前先看標示。支柱：D-銀髮日常與輕微關節不適。角度：生活型。受眾：40-70 歲注重日常活動舒適度的族群。只能使用保守宣稱：輕微關節痠痛可短期舒緩，但不可宣稱治療疾病。必須提醒：關節腫痛、紅熱、長期疼痛或行走困難，請就醫評估。。文案需手機易讀，包含標題、Hook、120-220字正文、CTA、3-5個hashtag、圖卡三行字。禁用詞：根治|治療疾病|消炎治本|打通經絡|一擦就好|保證有效|深層修復|替代藥物。輸出後標示待人工法規審核。
LINE130,@111wrvef,2026-08-07,週五,20:00,久坐久站與家庭日常安全使用,E,用藥安全與禁忌提醒,皮膚刺激時要停止使用,清單型,所有使用者、照護者與家庭購買者,安全使用比用得多更重要，依標示與風險族群提醒,2 歲以下、孕哺、過敏體質、抗凝血藥使用者請先詢問專業人員。,高,pending_legal_pharmacist_review,not_ready,text_plus_image_card,安全提醒圖卡、清楚 icon、紅黃綠分級,私訊/了解更多,僅供外用。避免接觸眼睛、黏膜、破皮或傷口；特殊族群使用前請先諮詢專業人員。,根治|治療疾病|消炎治本|打通經絡|一擦就好|保證有效|深層修復|替代藥物,請為 LINE OA @111wrvef 產生一則繁體中文貼文。主題：皮膚刺激時要停止使用。支柱：E-用藥安全與禁忌提醒。角度：清單型。受眾：所有使用者、照護者與家庭購買者。只能使用保守宣稱：安全使用比用得多更重要，依標示與風險族群提醒。必須提醒：2 歲以下、孕哺、過敏體質、抗凝血藥使用者請先詢問專業人員。。文案需手機易讀，包含標題、Hook、120-220字正文、CTA、3-5個hashtag、圖卡三行字。禁用詞：根治|治療疾病|消炎治本|打通經絡|一擦就好|保證有效|深層修復|替代藥物。輸出後標示待人工法規審核。
LINE131,@111wrvef,2026-08-08,週六,12:00,久坐久站與家庭日常安全使用,F,季節節氣與生活保健,寒露後肩背保養,金句型,喜歡養生、節氣與日常保健的 LINE 讀者,以生活保健與身體覺察為主，不做醫療療效宣稱,節氣養生屬一般生活資訊，身體不適仍應諮詢專業人員。,低,pending_legal_pharmacist_review,not_ready,text_plus_image_card,節氣自然景、草本、季節色彩,收藏提醒,本內容為一般生活保健資訊，非醫療診斷或治療建議。,根治|治療疾病|消炎治本|打通經絡|一擦就好|保證有效|深層修復|替代藥物,請為 LINE OA @111wrvef 產生一則繁體中文貼文。主題：寒露後肩背保養。支柱：F-季節節氣與生活保健。角度：金句型。受眾：喜歡養生、節氣與日常保健的 LINE 讀者。只能使用保守宣稱：以生活保健與身體覺察為主，不做醫療療效宣稱。必須提醒：節氣養生屬一般生活資訊，身體不適仍應諮詢專業人員。。文案需手機易讀，包含標題、Hook、120-220字正文、CTA、3-5個hashtag、圖卡三行字。禁用詞：根治|治療疾病|消炎治本|打通經絡|一擦就好|保證有效|深層修復|替代藥物。輸出後標示待人工法規審核。
LINE132,@111wrvef,2026-08-08,週六,20:00,久坐久站與家庭日常安全使用,C,運動後與勞動後局部不適,輕微拉扯後的觀察重點,前後對照,運動族、搬重物、久站與勞動工作者,運動或勞動後的局部肌肉痠痛，可短期按摩舒緩,明顯腫脹、劇痛、活動受限或疑似受傷時，請先就醫。,中,pending_legal_pharmacist_review,not_ready,text_plus_image_card,運動後伸展、局部按摩、戶外或健身情境,私訊/了解更多,本產品為外用油膏，請依核准標示使用；若症狀持續或惡化，請諮詢醫師或藥師。,根治|治療疾病|消炎治本|打通經絡|一擦就好|保證有效|深層修復|替代藥物,請為 LINE OA @111wrvef 產生一則繁體中文貼文。主題：輕微拉扯後的觀察重點。支柱：C-運動後與勞動後局部不適。角度：前後對照。受眾：運動族、搬重物、久站與勞動工作者。只能使用保守宣稱：運動或勞動後的局部肌肉痠痛，可短期按摩舒緩。必須提醒：明顯腫脹、劇痛、活動受限或疑似受傷時，請先就醫。。文案需手機易讀，包含標題、Hook、120-220字正文、CTA、3-5個hashtag、圖卡三行字。禁用詞：根治|治療疾病|消炎治本|打通經絡|一擦就好|保證有效|深層修復|替代藥物。輸出後標示待人工法規審核。
LINE133,@111wrvef,2026-08-09,週日,12:00,久坐久站與家庭日常安全使用,G,互動問答與使用情境,擦完可以馬上熱敷嗎,迷思型,LINE OA 好友、回購客與新客,用問答降低誤用，讓使用者知道何時該詢問專業人員,互動回答不取代醫師或藥師建議。,低,pending_legal_pharmacist_review,not_ready,text_plus_image_card,LINE 互動投票圖卡、問句大字、簡潔背景,留言互動,本內容為一般生活保健資訊，非醫療診斷或治療建議。,根治|治療疾病|消炎治本|打通經絡|一擦就好|保證有效|深層修復|替代藥物,請為 LINE OA @111wrvef 產生一則繁體中文貼文。主題：擦完可以馬上熱敷嗎。支柱：G-互動問答與使用情境。角度：迷思型。受眾：LINE OA 好友、回購客與新客。只能使用保守宣稱：用問答降低誤用，讓使用者知道何時該詢問專業人員。必須提醒：互動回答不取代醫師或藥師建議。。文案需手機易讀，包含標題、Hook、120-220字正文、CTA、3-5個hashtag、圖卡三行字。禁用詞：根治|治療疾病|消炎治本|打通經絡|一擦就好|保證有效|深層修復|替代藥物。輸出後標示待人工法規審核。
LINE134,@111wrvef,2026-08-09,週日,20:00,久坐久站與家庭日常安全使用,D,銀髮日常與輕微關節不適,別把長期疼痛只當小問題,陪伴型,40-70 歲注重日常活動舒適度的族群,輕微關節痠痛可短期舒緩，但不可宣稱治療疾病,關節腫痛、紅熱、長期疼痛或行走困難，請就醫評估。,中,pending_legal_pharmacist_review,not_ready,text_plus_image_card,長輩日常、散步、溫暖居家光線,私訊/了解更多,本產品為外用油膏，請依核准標示使用；若症狀持續或惡化，請諮詢醫師或藥師。,根治|治療疾病|消炎治本|打通經絡|一擦就好|保證有效|深層修復|替代藥物,請為 LINE OA @111wrvef 產生一則繁體中文貼文。主題：別把長期疼痛只當小問題。支柱：D-銀髮日常與輕微關節不適。角度：陪伴型。受眾：40-70 歲注重日常活動舒適度的族群。只能使用保守宣稱：輕微關節痠痛可短期舒緩，但不可宣稱治療疾病。必須提醒：關節腫痛、紅熱、長期疼痛或行走困難，請就醫評估。。文案需手機易讀，包含標題、Hook、120-220字正文、CTA、3-5個hashtag、圖卡三行字。禁用詞：根治|治療疾病|消炎治本|打通經絡|一擦就好|保證有效|深層修復|替代藥物。輸出後標示待人工法規審核。
LINE135,@111wrvef,2026-08-10,週一,12:00,久坐久站與家庭日常安全使用,B,肩頸久坐與辦公族,冷氣房肩頸緊繃保養,小習慣,長時間低頭、久坐、用電腦的上班族,久坐低頭後，可搭配伸展與局部按摩舒緩緊繃不適,若痠痛持續、麻木或影響活動，請諮詢醫師或藥師。,低,pending_legal_pharmacist_review,not_ready,text_plus_image_card,辦公室、肩頸伸展、清爽自然光,收藏提醒,本內容為一般生活保健資訊，非醫療診斷或治療建議。,根治|治療疾病|消炎治本|打通經絡|一擦就好|保證有效|深層修復|替代藥物,請為 LINE OA @111wrvef 產生一則繁體中文貼文。主題：冷氣房肩頸緊繃保養。支柱：B-肩頸久坐與辦公族。角度：小習慣。受眾：長時間低頭、久坐、用電腦的上班族。只能使用保守宣稱：久坐低頭後，可搭配伸展與局部按摩舒緩緊繃不適。必須提醒：若痠痛持續、麻木或影響活動，請諮詢醫師或藥師。。文案需手機易讀，包含標題、Hook、120-220字正文、CTA、3-5個hashtag、圖卡三行字。禁用詞：根治|治療疾病|消炎治本|打通經絡|一擦就好|保證有效|深層修復|替代藥物。輸出後標示待人工法規審核。
LINE136,@111wrvef,2026-08-10,週一,20:00,久坐久站與家庭日常安全使用,A,產品教育與成分透明,產品不是神藥，定位要講清楚,使用迷思,已購買或正在觀望的一條根使用者,依標示外用，提供局部按摩與暫時舒緩體感,僅供外用；避免眼周、黏膜、破皮或傷口。,中,pending_legal_pharmacist_review,not_ready,text_plus_image_card,產品特寫、成分植物、乾淨桌面、金色暖光,私訊/了解更多,本產品為外用油膏，請依核准標示使用；若症狀持續或惡化，請諮詢醫師或藥師。,根治|治療疾病|消炎治本|打通經絡|一擦就好|保證有效|深層修復|替代藥物,請為 LINE OA @111wrvef 產生一則繁體中文貼文。主題：產品不是神藥，定位要講清楚。支柱：A-產品教育與成分透明。角度：使用迷思。受眾：已購買或正在觀望的一條根使用者。只能使用保守宣稱：依標示外用，提供局部按摩與暫時舒緩體感。必須提醒：僅供外用；避免眼周、黏膜、破皮或傷口。。文案需手機易讀，包含標題、Hook、120-220字正文、CTA、3-5個hashtag、圖卡三行字。禁用詞：根治|治療疾病|消炎治本|打通經絡|一擦就好|保證有效|深層修復|替代藥物。輸出後標示待人工法規審核。
LINE137,@111wrvef,2026-08-11,週二,12:00,久坐久站與家庭日常安全使用,F,季節節氣與生活保健,立冬前後的日常舒緩儀式,節氣型,喜歡養生、節氣與日常保健的 LINE 讀者,以生活保健與身體覺察為主，不做醫療療效宣稱,節氣養生屬一般生活資訊，身體不適仍應諮詢專業人員。,低,pending_legal_pharmacist_review,not_ready,text_plus_image_card,節氣自然景、草本、季節色彩,收藏提醒,本內容為一般生活保健資訊，非醫療診斷或治療建議。,根治|治療疾病|消炎治本|打通經絡|一擦就好|保證有效|深層修復|替代藥物,請為 LINE OA @111wrvef 產生一則繁體中文貼文。主題：立冬前後的日常舒緩儀式。支柱：F-季節節氣與生活保健。角度：節氣型。受眾：喜歡養生、節氣與日常保健的 LINE 讀者。只能使用保守宣稱：以生活保健與身體覺察為主，不做醫療療效宣稱。必須提醒：節氣養生屬一般生活資訊，身體不適仍應諮詢專業人員。。文案需手機易讀，包含標題、Hook、120-220字正文、CTA、3-5個hashtag、圖卡三行字。禁用詞：根治|治療疾病|消炎治本|打通經絡|一擦就好|保證有效|深層修復|替代藥物。輸出後標示待人工法規審核。
LINE138,@111wrvef,2026-08-11,週二,20:00,久坐久站與家庭日常安全使用,E,用藥安全與禁忌提醒,深層症狀不適合自行處理,安全提醒,所有使用者、照護者與家庭購買者,安全使用比用得多更重要，依標示與風險族群提醒,2 歲以下、孕哺、過敏體質、抗凝血藥使用者請先詢問專業人員。,高,pending_legal_pharmacist_review,not_ready,text_plus_image_card,安全提醒圖卡、清楚 icon、紅黃綠分級,私訊/了解更多,僅供外用。避免接觸眼睛、黏膜、破皮或傷口；特殊族群使用前請先諮詢專業人員。,根治|治療疾病|消炎治本|打通經絡|一擦就好|保證有效|深層修復|替代藥物,請為 LINE OA @111wrvef 產生一則繁體中文貼文。主題：深層症狀不適合自行處理。支柱：E-用藥安全與禁忌提醒。角度：安全提醒。受眾：所有使用者、照護者與家庭購買者。只能使用保守宣稱：安全使用比用得多更重要，依標示與風險族群提醒。必須提醒：2 歲以下、孕哺、過敏體質、抗凝血藥使用者請先詢問專業人員。。文案需手機易讀，包含標題、Hook、120-220字正文、CTA、3-5個hashtag、圖卡三行字。禁用詞：根治|治療疾病|消炎治本|打通經絡|一擦就好|保證有效|深層修復|替代藥物。輸出後標示待人工法規審核。
LINE139,@111wrvef,2026-08-12,週三,12:00,久坐久站與家庭日常安全使用,H,品牌信任與法規透明,買外用膏先看三件事,教育型,重視藥證、成分、品質與合法性的消費者,強調藥證、標示、保守宣稱與人工審核流程,所有廣告文案仍須依主管機關與專業人員審核。,中,pending_legal_pharmacist_review,not_ready,text_plus_image_card,藥證透明、標示檢查、品牌信任感,收藏提醒,本產品為外用油膏，請依核准標示使用；若症狀持續或惡化，請諮詢醫師或藥師。,根治|治療疾病|消炎治本|打通經絡|一擦就好|保證有效|深層修復|替代藥物,請為 LINE OA @111wrvef 產生一則繁體中文貼文。主題：買外用膏先看三件事。支柱：H-品牌信任與法規透明。角度：教育型。受眾：重視藥證、成分、品質與合法性的消費者。只能使用保守宣稱：強調藥證、標示、保守宣稱與人工審核流程。必須提醒：所有廣告文案仍須依主管機關與專業人員審核。。文案需手機易讀，包含標題、Hook、120-220字正文、CTA、3-5個hashtag、圖卡三行字。禁用詞：根治|治療疾病|消炎治本|打通經絡|一擦就好|保證有效|深層修復|替代藥物。輸出後標示待人工法規審核。
LINE140,@111wrvef,2026-08-12,週三,20:00,久坐久站與家庭日常安全使用,G,互動問答與使用情境,哪些情況應該先就醫,投票型,LINE OA 好友、回購客與新客,用問答降低誤用，讓使用者知道何時該詢問專業人員,互動回答不取代醫師或藥師建議。,低,pending_legal_pharmacist_review,not_ready,text_plus_image_card,LINE 互動投票圖卡、問句大字、簡潔背景,留言互動,本內容為一般生活保健資訊，非醫療診斷或治療建議。,根治|治療疾病|消炎治本|打通經絡|一擦就好|保證有效|深層修復|替代藥物,請為 LINE OA @111wrvef 產生一則繁體中文貼文。主題：哪些情況應該先就醫。支柱：G-互動問答與使用情境。角度：投票型。受眾：LINE OA 好友、回購客與新客。只能使用保守宣稱：用問答降低誤用，讓使用者知道何時該詢問專業人員。必須提醒：互動回答不取代醫師或藥師建議。。文案需手機易讀，包含標題、Hook、120-220字正文、CTA、3-5個hashtag、圖卡三行字。禁用詞：根治|治療疾病|消炎治本|打通經絡|一擦就好|保證有效|深層修復|替代藥物。輸出後標示待人工法規審核。
LINE141,@111wrvef,2026-08-13,週四,12:00,久坐久站與家庭日常安全使用,C,運動後與勞動後局部不適,運動後局部痠痛的保守處理,反常識,運動族、搬重物、久站與勞動工作者,運動或勞動後的局部肌肉痠痛，可短期按摩舒緩,明顯腫脹、劇痛、活動受限或疑似受傷時，請先就醫。,中,pending_legal_pharmacist_review,not_ready,text_plus_image_card,運動後伸展、局部按摩、戶外或健身情境,收藏提醒,本產品為外用油膏，請依核准標示使用；若症狀持續或惡化，請諮詢醫師或藥師。,根治|治療疾病|消炎治本|打通經絡|一擦就好|保證有效|深層修復|替代藥物,請為 LINE OA @111wrvef 產生一則繁體中文貼文。主題：運動後局部痠痛的保守處理。支柱：C-運動後與勞動後局部不適。角度：反常識。受眾：運動族、搬重物、久站與勞動工作者。只能使用保守宣稱：運動或勞動後的局部肌肉痠痛，可短期按摩舒緩。必須提醒：明顯腫脹、劇痛、活動受限或疑似受傷時，請先就醫。。文案需手機易讀，包含標題、Hook、120-220字正文、CTA、3-5個hashtag、圖卡三行字。禁用詞：根治|治療疾病|消炎治本|打通經絡|一擦就好|保證有效|深層修復|替代藥物。輸出後標示待人工法規審核。
LINE142,@111wrvef,2026-08-13,週四,20:00,久坐久站與家庭日常安全使用,A,產品教育與成分透明,冬青油與清涼舒緩體感,藥證可查,已購買或正在觀望的一條根使用者,依標示外用，提供局部按摩與暫時舒緩體感,僅供外用；避免眼周、黏膜、破皮或傷口。,中,pending_legal_pharmacist_review,not_ready,text_plus_image_card,產品特寫、成分植物、乾淨桌面、金色暖光,私訊/了解更多,本產品為外用油膏，請依核准標示使用；若症狀持續或惡化，請諮詢醫師或藥師。,根治|治療疾病|消炎治本|打通經絡|一擦就好|保證有效|深層修復|替代藥物,請為 LINE OA @111wrvef 產生一則繁體中文貼文。主題：冬青油與清涼舒緩體感。支柱：A-產品教育與成分透明。角度：藥證可查。受眾：已購買或正在觀望的一條根使用者。只能使用保守宣稱：依標示外用，提供局部按摩與暫時舒緩體感。必須提醒：僅供外用；避免眼周、黏膜、破皮或傷口。。文案需手機易讀，包含標題、Hook、120-220字正文、CTA、3-5個hashtag、圖卡三行字。禁用詞：根治|治療疾病|消炎治本|打通經絡|一擦就好|保證有效|深層修復|替代藥物。輸出後標示待人工法規審核。
LINE143,@111wrvef,2026-08-14,週五,12:00,久坐久站與家庭日常安全使用,D,銀髮日常與輕微關節不適,早晨活動前的關節暖身,互動型,40-70 歲注重日常活動舒適度的族群,輕微關節痠痛可短期舒緩，但不可宣稱治療疾病,關節腫痛、紅熱、長期疼痛或行走困難，請就醫評估。,中,pending_legal_pharmacist_review,not_ready,text_plus_image_card,長輩日常、散步、溫暖居家光線,收藏提醒,本產品為外用油膏，請依核准標示使用；若症狀持續或惡化，請諮詢醫師或藥師。,根治|治療疾病|消炎治本|打通經絡|一擦就好|保證有效|深層修復|替代藥物,請為 LINE OA @111wrvef 產生一則繁體中文貼文。主題：早晨活動前的關節暖身。支柱：D-銀髮日常與輕微關節不適。角度：互動型。受眾：40-70 歲注重日常活動舒適度的族群。只能使用保守宣稱：輕微關節痠痛可短期舒緩，但不可宣稱治療疾病。必須提醒：關節腫痛、紅熱、長期疼痛或行走困難，請就醫評估。。文案需手機易讀，包含標題、Hook、120-220字正文、CTA、3-5個hashtag、圖卡三行字。禁用詞：根治|治療疾病|消炎治本|打通經絡|一擦就好|保證有效|深層修復|替代藥物。輸出後標示待人工法規審核。
LINE144,@111wrvef,2026-08-14,週五,20:00,久坐久站與家庭日常安全使用,E,用藥安全與禁忌提醒,不能擦在破皮或傷口,風險提醒,所有使用者、照護者與家庭購買者,安全使用比用得多更重要，依標示與風險族群提醒,2 歲以下、孕哺、過敏體質、抗凝血藥使用者請先詢問專業人員。,高,pending_legal_pharmacist_review,not_ready,text_plus_image_card,安全提醒圖卡、清楚 icon、紅黃綠分級,私訊/了解更多,僅供外用。避免接觸眼睛、黏膜、破皮或傷口；特殊族群使用前請先諮詢專業人員。,根治|治療疾病|消炎治本|打通經絡|一擦就好|保證有效|深層修復|替代藥物,請為 LINE OA @111wrvef 產生一則繁體中文貼文。主題：不能擦在破皮或傷口。支柱：E-用藥安全與禁忌提醒。角度：風險提醒。受眾：所有使用者、照護者與家庭購買者。只能使用保守宣稱：安全使用比用得多更重要，依標示與風險族群提醒。必須提醒：2 歲以下、孕哺、過敏體質、抗凝血藥使用者請先詢問專業人員。。文案需手機易讀，包含標題、Hook、120-220字正文、CTA、3-5個hashtag、圖卡三行字。禁用詞：根治|治療疾病|消炎治本|打通經絡|一擦就好|保證有效|深層修復|替代藥物。輸出後標示待人工法規審核。
LINE145,@111wrvef,2026-08-15,週六,12:00,久坐久站與家庭日常安全使用,F,季節節氣與生活保健,芒種後濕熱生活保養,節氣型,喜歡養生、節氣與日常保健的 LINE 讀者,以生活保健與身體覺察為主，不做醫療療效宣稱,節氣養生屬一般生活資訊，身體不適仍應諮詢專業人員。,低,pending_legal_pharmacist_review,not_ready,text_plus_image_card,節氣自然景、草本、季節色彩,收藏提醒,本內容為一般生活保健資訊，非醫療診斷或治療建議。,根治|治療疾病|消炎治本|打通經絡|一擦就好|保證有效|深層修復|替代藥物,請為 LINE OA @111wrvef 產生一則繁體中文貼文。主題：芒種後濕熱生活保養。支柱：F-季節節氣與生活保健。角度：節氣型。受眾：喜歡養生、節氣與日常保健的 LINE 讀者。只能使用保守宣稱：以生活保健與身體覺察為主，不做醫療療效宣稱。必須提醒：節氣養生屬一般生活資訊，身體不適仍應諮詢專業人員。。文案需手機易讀，包含標題、Hook、120-220字正文、CTA、3-5個hashtag、圖卡三行字。禁用詞：根治|治療疾病|消炎治本|打通經絡|一擦就好|保證有效|深層修復|替代藥物。輸出後標示待人工法規審核。
LINE146,@111wrvef,2026-08-15,週六,20:00,久坐久站與家庭日常安全使用,C,運動後與勞動後局部不適,久站後小腿不適舒緩,步驟型,運動族、搬重物、久站與勞動工作者,運動或勞動後的局部肌肉痠痛，可短期按摩舒緩,明顯腫脹、劇痛、活動受限或疑似受傷時，請先就醫。,中,pending_legal_pharmacist_review,not_ready,text_plus_image_card,運動後伸展、局部按摩、戶外或健身情境,私訊/了解更多,本產品為外用油膏，請依核准標示使用；若症狀持續或惡化，請諮詢醫師或藥師。,根治|治療疾病|消炎治本|打通經絡|一擦就好|保證有效|深層修復|替代藥物,請為 LINE OA @111wrvef 產生一則繁體中文貼文。主題：久站後小腿不適舒緩。支柱：C-運動後與勞動後局部不適。角度：步驟型。受眾：運動族、搬重物、久站與勞動工作者。只能使用保守宣稱：運動或勞動後的局部肌肉痠痛，可短期按摩舒緩。必須提醒：明顯腫脹、劇痛、活動受限或疑似受傷時，請先就醫。。文案需手機易讀，包含標題、Hook、120-220字正文、CTA、3-5個hashtag、圖卡三行字。禁用詞：根治|治療疾病|消炎治本|打通經絡|一擦就好|保證有效|深層修復|替代藥物。輸出後標示待人工法規審核。
LINE147,@111wrvef,2026-08-16,週日,12:00,久坐久站與家庭日常安全使用,G,互動問答與使用情境,你最常哪個部位緊繃,投票型,LINE OA 好友、回購客與新客,用問答降低誤用，讓使用者知道何時該詢問專業人員,互動回答不取代醫師或藥師建議。,低,pending_legal_pharmacist_review,not_ready,text_plus_image_card,LINE 互動投票圖卡、問句大字、簡潔背景,留言互動,本內容為一般生活保健資訊，非醫療診斷或治療建議。,根治|治療疾病|消炎治本|打通經絡|一擦就好|保證有效|深層修復|替代藥物,請為 LINE OA @111wrvef 產生一則繁體中文貼文。主題：你最常哪個部位緊繃。支柱：G-互動問答與使用情境。角度：投票型。受眾：LINE OA 好友、回購客與新客。只能使用保守宣稱：用問答降低誤用，讓使用者知道何時該詢問專業人員。必須提醒：互動回答不取代醫師或藥師建議。。文案需手機易讀，包含標題、Hook、120-220字正文、CTA、3-5個hashtag、圖卡三行字。禁用詞：根治|治療疾病|消炎治本|打通經絡|一擦就好|保證有效|深層修復|替代藥物。輸出後標示待人工法規審核。
LINE148,@111wrvef,2026-08-16,週日,20:00,久坐久站與家庭日常安全使用,D,銀髮日常與輕微關節不適,長輩外用膏使用安全,生活型,40-70 歲注重日常活動舒適度的族群,輕微關節痠痛可短期舒緩，但不可宣稱治療疾病,關節腫痛、紅熱、長期疼痛或行走困難，請就醫評估。,中,pending_legal_pharmacist_review,not_ready,text_plus_image_card,長輩日常、散步、溫暖居家光線,私訊/了解更多,本產品為外用油膏，請依核准標示使用；若症狀持續或惡化，請諮詢醫師或藥師。,根治|治療疾病|消炎治本|打通經絡|一擦就好|保證有效|深層修復|替代藥物,請為 LINE OA @111wrvef 產生一則繁體中文貼文。主題：長輩外用膏使用安全。支柱：D-銀髮日常與輕微關節不適。角度：生活型。受眾：40-70 歲注重日常活動舒適度的族群。只能使用保守宣稱：輕微關節痠痛可短期舒緩，但不可宣稱治療疾病。必須提醒：關節腫痛、紅熱、長期疼痛或行走困難，請就醫評估。。文案需手機易讀，包含標題、Hook、120-220字正文、CTA、3-5個hashtag、圖卡三行字。禁用詞：根治|治療疾病|消炎治本|打通經絡|一擦就好|保證有效|深層修復|替代藥物。輸出後標示待人工法規審核。
LINE149,@111wrvef,2026-08-17,週一,12:00,久坐久站與家庭日常安全使用,B,肩頸久坐與辦公族,低頭族肩頸緊繃的三個提醒,步驟型,長時間低頭、久坐、用電腦的上班族,久坐低頭後，可搭配伸展與局部按摩舒緩緊繃不適,若痠痛持續、麻木或影響活動，請諮詢醫師或藥師。,低,pending_legal_pharmacist_review,not_ready,text_plus_image_card,辦公室、肩頸伸展、清爽自然光,收藏提醒,本內容為一般生活保健資訊，非醫療診斷或治療建議。,根治|治療疾病|消炎治本|打通經絡|一擦就好|保證有效|深層修復|替代藥物,請為 LINE OA @111wrvef 產生一則繁體中文貼文。主題：低頭族肩頸緊繃的三個提醒。支柱：B-肩頸久坐與辦公族。角度：步驟型。受眾：長時間低頭、久坐、用電腦的上班族。只能使用保守宣稱：久坐低頭後，可搭配伸展與局部按摩舒緩緊繃不適。必須提醒：若痠痛持續、麻木或影響活動，請諮詢醫師或藥師。。文案需手機易讀，包含標題、Hook、120-220字正文、CTA、3-5個hashtag、圖卡三行字。禁用詞：根治|治療疾病|消炎治本|打通經絡|一擦就好|保證有效|深層修復|替代藥物。輸出後標示待人工法規審核。
LINE150,@111wrvef,2026-08-17,週一,20:00,久坐久站與家庭日常安全使用,A,產品教育與成分透明,薄荷腦帶來的涼感來源,正確用量,已購買或正在觀望的一條根使用者,依標示外用，提供局部按摩與暫時舒緩體感,僅供外用；避免眼周、黏膜、破皮或傷口。,中,pending_legal_pharmacist_review,not_ready,text_plus_image_card,產品特寫、成分植物、乾淨桌面、金色暖光,私訊/了解更多,本產品為外用油膏，請依核准標示使用；若症狀持續或惡化，請諮詢醫師或藥師。,根治|治療疾病|消炎治本|打通經絡|一擦就好|保證有效|深層修復|替代藥物,請為 LINE OA @111wrvef 產生一則繁體中文貼文。主題：薄荷腦帶來的涼感來源。支柱：A-產品教育與成分透明。角度：正確用量。受眾：已購買或正在觀望的一條根使用者。只能使用保守宣稱：依標示外用，提供局部按摩與暫時舒緩體感。必須提醒：僅供外用；避免眼周、黏膜、破皮或傷口。。文案需手機易讀，包含標題、Hook、120-220字正文、CTA、3-5個hashtag、圖卡三行字。禁用詞：根治|治療疾病|消炎治本|打通經絡|一擦就好|保證有效|深層修復|替代藥物。輸出後標示待人工法規審核。
LINE151,@111wrvef,2026-08-18,週二,12:00,久坐久站與家庭日常安全使用,F,季節節氣與生活保健,夏季冷氣房的肩頸保養,提醒型,喜歡養生、節氣與日常保健的 LINE 讀者,以生活保健與身體覺察為主，不做醫療療效宣稱,節氣養生屬一般生活資訊，身體不適仍應諮詢專業人員。,低,pending_legal_pharmacist_review,not_ready,text_plus_image_card,節氣自然景、草本、季節色彩,收藏提醒,本內容為一般生活保健資訊，非醫療診斷或治療建議。,根治|治療疾病|消炎治本|打通經絡|一擦就好|保證有效|深層修復|替代藥物,請為 LINE OA @111wrvef 產生一則繁體中文貼文。主題：夏季冷氣房的肩頸保養。支柱：F-季節節氣與生活保健。角度：提醒型。受眾：喜歡養生、節氣與日常保健的 LINE 讀者。只能使用保守宣稱：以生活保健與身體覺察為主，不做醫療療效宣稱。必須提醒：節氣養生屬一般生活資訊，身體不適仍應諮詢專業人員。。文案需手機易讀，包含標題、Hook、120-220字正文、CTA、3-5個hashtag、圖卡三行字。禁用詞：根治|治療疾病|消炎治本|打通經絡|一擦就好|保證有效|深層修復|替代藥物。輸出後標示待人工法規審核。
LINE152,@111wrvef,2026-08-18,週二,20:00,久坐久站與家庭日常安全使用,E,用藥安全與禁忌提醒,外用膏避免眼周與黏膜,清單型,所有使用者、照護者與家庭購買者,安全使用比用得多更重要，依標示與風險族群提醒,2 歲以下、孕哺、過敏體質、抗凝血藥使用者請先詢問專業人員。,高,pending_legal_pharmacist_review,not_ready,text_plus_image_card,安全提醒圖卡、清楚 icon、紅黃綠分級,私訊/了解更多,僅供外用。避免接觸眼睛、黏膜、破皮或傷口；特殊族群使用前請先諮詢專業人員。,根治|治療疾病|消炎治本|打通經絡|一擦就好|保證有效|深層修復|替代藥物,請為 LINE OA @111wrvef 產生一則繁體中文貼文。主題：外用膏避免眼周與黏膜。支柱：E-用藥安全與禁忌提醒。角度：清單型。受眾：所有使用者、照護者與家庭購買者。只能使用保守宣稱：安全使用比用得多更重要，依標示與風險族群提醒。必須提醒：2 歲以下、孕哺、過敏體質、抗凝血藥使用者請先詢問專業人員。。文案需手機易讀，包含標題、Hook、120-220字正文、CTA、3-5個hashtag、圖卡三行字。禁用詞：根治|治療疾病|消炎治本|打通經絡|一擦就好|保證有效|深層修復|替代藥物。輸出後標示待人工法規審核。
LINE153,@111wrvef,2026-08-19,週三,12:00,久坐久站與家庭日常安全使用,H,品牌信任與法規透明,為什麼我們不說神效,信任型,重視藥證、成分、品質與合法性的消費者,強調藥證、標示、保守宣稱與人工審核流程,所有廣告文案仍須依主管機關與專業人員審核。,中,pending_legal_pharmacist_review,not_ready,text_plus_image_card,藥證透明、標示檢查、品牌信任感,收藏提醒,本產品為外用油膏，請依核准標示使用；若症狀持續或惡化，請諮詢醫師或藥師。,根治|治療疾病|消炎治本|打通經絡|一擦就好|保證有效|深層修復|替代藥物,請為 LINE OA @111wrvef 產生一則繁體中文貼文。主題：為什麼我們不說神效。支柱：H-品牌信任與法規透明。角度：信任型。受眾：重視藥證、成分、品質與合法性的消費者。只能使用保守宣稱：強調藥證、標示、保守宣稱與人工審核流程。必須提醒：所有廣告文案仍須依主管機關與專業人員審核。。文案需手機易讀，包含標題、Hook、120-220字正文、CTA、3-5個hashtag、圖卡三行字。禁用詞：根治|治療疾病|消炎治本|打通經絡|一擦就好|保證有效|深層修復|替代藥物。輸出後標示待人工法規審核。
LINE154,@111wrvef,2026-08-19,週三,20:00,久坐久站與家庭日常安全使用,G,互動問答與使用情境,你習慣運動前還是運動後保養,情境型,LINE OA 好友、回購客與新客,用問答降低誤用，讓使用者知道何時該詢問專業人員,互動回答不取代醫師或藥師建議。,低,pending_legal_pharmacist_review,not_ready,text_plus_image_card,LINE 互動投票圖卡、問句大字、簡潔背景,留言互動,本內容為一般生活保健資訊，非醫療診斷或治療建議。,根治|治療疾病|消炎治本|打通經絡|一擦就好|保證有效|深層修復|替代藥物,請為 LINE OA @111wrvef 產生一則繁體中文貼文。主題：你習慣運動前還是運動後保養。支柱：G-互動問答與使用情境。角度：情境型。受眾：LINE OA 好友、回購客與新客。只能使用保守宣稱：用問答降低誤用，讓使用者知道何時該詢問專業人員。必須提醒：互動回答不取代醫師或藥師建議。。文案需手機易讀，包含標題、Hook、120-220字正文、CTA、3-5個hashtag、圖卡三行字。禁用詞：根治|治療疾病|消炎治本|打通經絡|一擦就好|保證有效|深層修復|替代藥物。輸出後標示待人工法規審核。
LINE155,@111wrvef,2026-08-20,週四,12:00,久坐久站與家庭日常安全使用,C,運動後與勞動後局部不適,搬重物後腰背保養,場景型,運動族、搬重物、久站與勞動工作者,運動或勞動後的局部肌肉痠痛，可短期按摩舒緩,明顯腫脹、劇痛、活動受限或疑似受傷時，請先就醫。,中,pending_legal_pharmacist_review,not_ready,text_plus_image_card,運動後伸展、局部按摩、戶外或健身情境,收藏提醒,本產品為外用油膏，請依核准標示使用；若症狀持續或惡化，請諮詢醫師或藥師。,根治|治療疾病|消炎治本|打通經絡|一擦就好|保證有效|深層修復|替代藥物,請為 LINE OA @111wrvef 產生一則繁體中文貼文。主題：搬重物後腰背保養。支柱：C-運動後與勞動後局部不適。角度：場景型。受眾：運動族、搬重物、久站與勞動工作者。只能使用保守宣稱：運動或勞動後的局部肌肉痠痛，可短期按摩舒緩。必須提醒：明顯腫脹、劇痛、活動受限或疑似受傷時，請先就醫。。文案需手機易讀，包含標題、Hook、120-220字正文、CTA、3-5個hashtag、圖卡三行字。禁用詞：根治|治療疾病|消炎治本|打通經絡|一擦就好|保證有效|深層修復|替代藥物。輸出後標示待人工法規審核。
LINE156,@111wrvef,2026-08-20,週四,20:00,久坐久站與家庭日常安全使用,A,產品教育與成分透明,樟腦外用時的注意界線,成分透明,已購買或正在觀望的一條根使用者,依標示外用，提供局部按摩與暫時舒緩體感,僅供外用；避免眼周、黏膜、破皮或傷口。,中,pending_legal_pharmacist_review,not_ready,text_plus_image_card,產品特寫、成分植物、乾淨桌面、金色暖光,私訊/了解更多,本產品為外用油膏，請依核准標示使用；若症狀持續或惡化，請諮詢醫師或藥師。,根治|治療疾病|消炎治本|打通經絡|一擦就好|保證有效|深層修復|替代藥物,請為 LINE OA @111wrvef 產生一則繁體中文貼文。主題：樟腦外用時的注意界線。支柱：A-產品教育與成分透明。角度：成分透明。受眾：已購買或正在觀望的一條根使用者。只能使用保守宣稱：依標示外用，提供局部按摩與暫時舒緩體感。必須提醒：僅供外用；避免眼周、黏膜、破皮或傷口。。文案需手機易讀，包含標題、Hook、120-220字正文、CTA、3-5個hashtag、圖卡三行字。禁用詞：根治|治療疾病|消炎治本|打通經絡|一擦就好|保證有效|深層修復|替代藥物。輸出後標示待人工法規審核。
LINE157,@111wrvef,2026-08-21,週五,12:00,久坐久站與家庭日常安全使用,D,銀髮日常與輕微關節不適,輕微關節痠痛與疾病治療要分開,保守型,40-70 歲注重日常活動舒適度的族群,輕微關節痠痛可短期舒緩，但不可宣稱治療疾病,關節腫痛、紅熱、長期疼痛或行走困難，請就醫評估。,中,pending_legal_pharmacist_review,not_ready,text_plus_image_card,長輩日常、散步、溫暖居家光線,收藏提醒,本產品為外用油膏，請依核准標示使用；若症狀持續或惡化，請諮詢醫師或藥師。,根治|治療疾病|消炎治本|打通經絡|一擦就好|保證有效|深層修復|替代藥物,請為 LINE OA @111wrvef 產生一則繁體中文貼文。主題：輕微關節痠痛與疾病治療要分開。支柱：D-銀髮日常與輕微關節不適。角度：保守型。受眾：40-70 歲注重日常活動舒適度的族群。只能使用保守宣稱：輕微關節痠痛可短期舒緩，但不可宣稱治療疾病。必須提醒：關節腫痛、紅熱、長期疼痛或行走困難，請就醫評估。。文案需手機易讀，包含標題、Hook、120-220字正文、CTA、3-5個hashtag、圖卡三行字。禁用詞：根治|治療疾病|消炎治本|打通經絡|一擦就好|保證有效|深層修復|替代藥物。輸出後標示待人工法規審核。
LINE158,@111wrvef,2026-08-21,週五,20:00,久坐久站與家庭日常安全使用,E,用藥安全與禁忌提醒,不要搭配熱敷墊或電毯,QA,所有使用者、照護者與家庭購買者,安全使用比用得多更重要，依標示與風險族群提醒,2 歲以下、孕哺、過敏體質、抗凝血藥使用者請先詢問專業人員。,高,pending_legal_pharmacist_review,not_ready,text_plus_image_card,安全提醒圖卡、清楚 icon、紅黃綠分級,私訊/了解更多,僅供外用。避免接觸眼睛、黏膜、破皮或傷口；特殊族群使用前請先諮詢專業人員。,根治|治療疾病|消炎治本|打通經絡|一擦就好|保證有效|深層修復|替代藥物,請為 LINE OA @111wrvef 產生一則繁體中文貼文。主題：不要搭配熱敷墊或電毯。支柱：E-用藥安全與禁忌提醒。角度：QA。受眾：所有使用者、照護者與家庭購買者。只能使用保守宣稱：安全使用比用得多更重要，依標示與風險族群提醒。必須提醒：2 歲以下、孕哺、過敏體質、抗凝血藥使用者請先詢問專業人員。。文案需手機易讀，包含標題、Hook、120-220字正文、CTA、3-5個hashtag、圖卡三行字。禁用詞：根治|治療疾病|消炎治本|打通經絡|一擦就好|保證有效|深層修復|替代藥物。輸出後標示待人工法規審核。
LINE159,@111wrvef,2026-08-22,週六,12:00,久坐久站與家庭日常安全使用,F,季節節氣與生活保健,小暑前後活動舒適提醒,提醒型,喜歡養生、節氣與日常保健的 LINE 讀者,以生活保健與身體覺察為主，不做醫療療效宣稱,節氣養生屬一般生活資訊，身體不適仍應諮詢專業人員。,低,pending_legal_pharmacist_review,not_ready,text_plus_image_card,節氣自然景、草本、季節色彩,收藏提醒,本內容為一般生活保健資訊，非醫療診斷或治療建議。,根治|治療疾病|消炎治本|打通經絡|一擦就好|保證有效|深層修復|替代藥物,請為 LINE OA @111wrvef 產生一則繁體中文貼文。主題：小暑前後活動舒適提醒。支柱：F-季節節氣與生活保健。角度：提醒型。受眾：喜歡養生、節氣與日常保健的 LINE 讀者。只能使用保守宣稱：以生活保健與身體覺察為主，不做醫療療效宣稱。必須提醒：節氣養生屬一般生活資訊，身體不適仍應諮詢專業人員。。文案需手機易讀，包含標題、Hook、120-220字正文、CTA、3-5個hashtag、圖卡三行字。禁用詞：根治|治療疾病|消炎治本|打通經絡|一擦就好|保證有效|深層修復|替代藥物。輸出後標示待人工法規審核。
LINE160,@111wrvef,2026-08-22,週六,20:00,久坐久站與家庭日常安全使用,C,運動後與勞動後局部不適,爬山後腿部按摩提醒,反常識,運動族、搬重物、久站與勞動工作者,運動或勞動後的局部肌肉痠痛，可短期按摩舒緩,明顯腫脹、劇痛、活動受限或疑似受傷時，請先就醫。,中,pending_legal_pharmacist_review,not_ready,text_plus_image_card,運動後伸展、局部按摩、戶外或健身情境,私訊/了解更多,本產品為外用油膏，請依核准標示使用；若症狀持續或惡化，請諮詢醫師或藥師。,根治|治療疾病|消炎治本|打通經絡|一擦就好|保證有效|深層修復|替代藥物,請為 LINE OA @111wrvef 產生一則繁體中文貼文。主題：爬山後腿部按摩提醒。支柱：C-運動後與勞動後局部不適。角度：反常識。受眾：運動族、搬重物、久站與勞動工作者。只能使用保守宣稱：運動或勞動後的局部肌肉痠痛，可短期按摩舒緩。必須提醒：明顯腫脹、劇痛、活動受限或疑似受傷時，請先就醫。。文案需手機易讀，包含標題、Hook、120-220字正文、CTA、3-5個hashtag、圖卡三行字。禁用詞：根治|治療疾病|消炎治本|打通經絡|一擦就好|保證有效|深層修復|替代藥物。輸出後標示待人工法規審核。
LINE161,@111wrvef,2026-08-23,週日,12:00,久坐久站與家庭日常安全使用,G,互動問答與使用情境,外用膏一次擦多少才剛好,情境型,LINE OA 好友、回購客與新客,用問答降低誤用，讓使用者知道何時該詢問專業人員,互動回答不取代醫師或藥師建議。,低,pending_legal_pharmacist_review,not_ready,text_plus_image_card,LINE 互動投票圖卡、問句大字、簡潔背景,留言互動,本內容為一般生活保健資訊，非醫療診斷或治療建議。,根治|治療疾病|消炎治本|打通經絡|一擦就好|保證有效|深層修復|替代藥物,請為 LINE OA @111wrvef 產生一則繁體中文貼文。主題：外用膏一次擦多少才剛好。支柱：G-互動問答與使用情境。角度：情境型。受眾：LINE OA 好友、回購客與新客。只能使用保守宣稱：用問答降低誤用，讓使用者知道何時該詢問專業人員。必須提醒：互動回答不取代醫師或藥師建議。。文案需手機易讀，包含標題、Hook、120-220字正文、CTA、3-5個hashtag、圖卡三行字。禁用詞：根治|治療疾病|消炎治本|打通經絡|一擦就好|保證有效|深層修復|替代藥物。輸出後標示待人工法規審核。
LINE162,@111wrvef,2026-08-23,週日,20:00,久坐久站與家庭日常安全使用,D,銀髮日常與輕微關節不適,散步後的膝周保養,互動型,40-70 歲注重日常活動舒適度的族群,輕微關節痠痛可短期舒緩，但不可宣稱治療疾病,關節腫痛、紅熱、長期疼痛或行走困難，請就醫評估。,中,pending_legal_pharmacist_review,not_ready,text_plus_image_card,長輩日常、散步、溫暖居家光線,私訊/了解更多,本產品為外用油膏，請依核准標示使用；若症狀持續或惡化，請諮詢醫師或藥師。,根治|治療疾病|消炎治本|打通經絡|一擦就好|保證有效|深層修復|替代藥物,請為 LINE OA @111wrvef 產生一則繁體中文貼文。主題：散步後的膝周保養。支柱：D-銀髮日常與輕微關節不適。角度：互動型。受眾：40-70 歲注重日常活動舒適度的族群。只能使用保守宣稱：輕微關節痠痛可短期舒緩，但不可宣稱治療疾病。必須提醒：關節腫痛、紅熱、長期疼痛或行走困難，請就醫評估。。文案需手機易讀，包含標題、Hook、120-220字正文、CTA、3-5個hashtag、圖卡三行字。禁用詞：根治|治療疾病|消炎治本|打通經絡|一擦就好|保證有效|深層修復|替代藥物。輸出後標示待人工法規審核。
LINE163,@111wrvef,2026-08-24,週一,12:00,久坐久站與家庭日常安全使用,B,肩頸久坐與辦公族,午休前的肩頸放鬆流程,提醒型,長時間低頭、久坐、用電腦的上班族,久坐低頭後，可搭配伸展與局部按摩舒緩緊繃不適,若痠痛持續、麻木或影響活動，請諮詢醫師或藥師。,低,pending_legal_pharmacist_review,not_ready,text_plus_image_card,辦公室、肩頸伸展、清爽自然光,收藏提醒,本內容為一般生活保健資訊，非醫療診斷或治療建議。,根治|治療疾病|消炎治本|打通經絡|一擦就好|保證有效|深層修復|替代藥物,請為 LINE OA @111wrvef 產生一則繁體中文貼文。主題：午休前的肩頸放鬆流程。支柱：B-肩頸久坐與辦公族。角度：提醒型。受眾：長時間低頭、久坐、用電腦的上班族。只能使用保守宣稱：久坐低頭後，可搭配伸展與局部按摩舒緩緊繃不適。必須提醒：若痠痛持續、麻木或影響活動，請諮詢醫師或藥師。。文案需手機易讀，包含標題、Hook、120-220字正文、CTA、3-5個hashtag、圖卡三行字。禁用詞：根治|治療疾病|消炎治本|打通經絡|一擦就好|保證有效|深層修復|替代藥物。輸出後標示待人工法規審核。
LINE164,@111wrvef,2026-08-24,週一,20:00,久坐久站與家庭日常安全使用,A,產品教育與成分透明,油膏劑為什麼適合局部按摩,藥證可查,已購買或正在觀望的一條根使用者,依標示外用，提供局部按摩與暫時舒緩體感,僅供外用；避免眼周、黏膜、破皮或傷口。,中,pending_legal_pharmacist_review,not_ready,text_plus_image_card,產品特寫、成分植物、乾淨桌面、金色暖光,私訊/了解更多,本產品為外用油膏，請依核准標示使用；若症狀持續或惡化，請諮詢醫師或藥師。,根治|治療疾病|消炎治本|打通經絡|一擦就好|保證有效|深層修復|替代藥物,請為 LINE OA @111wrvef 產生一則繁體中文貼文。主題：油膏劑為什麼適合局部按摩。支柱：A-產品教育與成分透明。角度：藥證可查。受眾：已購買或正在觀望的一條根使用者。只能使用保守宣稱：依標示外用，提供局部按摩與暫時舒緩體感。必須提醒：僅供外用；避免眼周、黏膜、破皮或傷口。。文案需手機易讀，包含標題、Hook、120-220字正文、CTA、3-5個hashtag、圖卡三行字。禁用詞：根治|治療疾病|消炎治本|打通經絡|一擦就好|保證有效|深層修復|替代藥物。輸出後標示待人工法規審核。
LINE165,@111wrvef,2026-08-25,週二,12:00,久坐久站與家庭日常安全使用,F,季節節氣與生活保健,大暑午後少久站硬撐,互動型,喜歡養生、節氣與日常保健的 LINE 讀者,以生活保健與身體覺察為主，不做醫療療效宣稱,節氣養生屬一般生活資訊，身體不適仍應諮詢專業人員。,低,pending_legal_pharmacist_review,not_ready,text_plus_image_card,節氣自然景、草本、季節色彩,收藏提醒,本內容為一般生活保健資訊，非醫療診斷或治療建議。,根治|治療疾病|消炎治本|打通經絡|一擦就好|保證有效|深層修復|替代藥物,請為 LINE OA @111wrvef 產生一則繁體中文貼文。主題：大暑午後少久站硬撐。支柱：F-季節節氣與生活保健。角度：互動型。受眾：喜歡養生、節氣與日常保健的 LINE 讀者。只能使用保守宣稱：以生活保健與身體覺察為主，不做醫療療效宣稱。必須提醒：節氣養生屬一般生活資訊，身體不適仍應諮詢專業人員。。文案需手機易讀，包含標題、Hook、120-220字正文、CTA、3-5個hashtag、圖卡三行字。禁用詞：根治|治療疾病|消炎治本|打通經絡|一擦就好|保證有效|深層修復|替代藥物。輸出後標示待人工法規審核。
LINE166,@111wrvef,2026-08-25,週二,20:00,久坐久站與家庭日常安全使用,E,用藥安全與禁忌提醒,不要密封包紮或大面積厚敷,風險提醒,所有使用者、照護者與家庭購買者,安全使用比用得多更重要，依標示與風險族群提醒,2 歲以下、孕哺、過敏體質、抗凝血藥使用者請先詢問專業人員。,高,pending_legal_pharmacist_review,not_ready,text_plus_image_card,安全提醒圖卡、清楚 icon、紅黃綠分級,私訊/了解更多,僅供外用。避免接觸眼睛、黏膜、破皮或傷口；特殊族群使用前請先諮詢專業人員。,根治|治療疾病|消炎治本|打通經絡|一擦就好|保證有效|深層修復|替代藥物,請為 LINE OA @111wrvef 產生一則繁體中文貼文。主題：不要密封包紮或大面積厚敷。支柱：E-用藥安全與禁忌提醒。角度：風險提醒。受眾：所有使用者、照護者與家庭購買者。只能使用保守宣稱：安全使用比用得多更重要，依標示與風險族群提醒。必須提醒：2 歲以下、孕哺、過敏體質、抗凝血藥使用者請先詢問專業人員。。文案需手機易讀，包含標題、Hook、120-220字正文、CTA、3-5個hashtag、圖卡三行字。禁用詞：根治|治療疾病|消炎治本|打通經絡|一擦就好|保證有效|深層修復|替代藥物。輸出後標示待人工法規審核。
LINE167,@111wrvef,2026-08-26,週三,12:00,久坐久站與家庭日常安全使用,H,品牌信任與法規透明,藥證可查代表什麼,流程型,重視藥證、成分、品質與合法性的消費者,強調藥證、標示、保守宣稱與人工審核流程,所有廣告文案仍須依主管機關與專業人員審核。,中,pending_legal_pharmacist_review,not_ready,text_plus_image_card,藥證透明、標示檢查、品牌信任感,收藏提醒,本產品為外用油膏，請依核准標示使用；若症狀持續或惡化，請諮詢醫師或藥師。,根治|治療疾病|消炎治本|打通經絡|一擦就好|保證有效|深層修復|替代藥物,請為 LINE OA @111wrvef 產生一則繁體中文貼文。主題：藥證可查代表什麼。支柱：H-品牌信任與法規透明。角度：流程型。受眾：重視藥證、成分、品質與合法性的消費者。只能使用保守宣稱：強調藥證、標示、保守宣稱與人工審核流程。必須提醒：所有廣告文案仍須依主管機關與專業人員審核。。文案需手機易讀，包含標題、Hook、120-220字正文、CTA、3-5個hashtag、圖卡三行字。禁用詞：根治|治療疾病|消炎治本|打通經絡|一擦就好|保證有效|深層修復|替代藥物。輸出後標示待人工法規審核。
LINE168,@111wrvef,2026-08-26,週三,20:00,久坐久站與家庭日常安全使用,G,互動問答與使用情境,涼感越強越有效嗎,問答型,LINE OA 好友、回購客與新客,用問答降低誤用，讓使用者知道何時該詢問專業人員,互動回答不取代醫師或藥師建議。,低,pending_legal_pharmacist_review,not_ready,text_plus_image_card,LINE 互動投票圖卡、問句大字、簡潔背景,留言互動,本內容為一般生活保健資訊，非醫療診斷或治療建議。,根治|治療疾病|消炎治本|打通經絡|一擦就好|保證有效|深層修復|替代藥物,請為 LINE OA @111wrvef 產生一則繁體中文貼文。主題：涼感越強越有效嗎。支柱：G-互動問答與使用情境。角度：問答型。受眾：LINE OA 好友、回購客與新客。只能使用保守宣稱：用問答降低誤用，讓使用者知道何時該詢問專業人員。必須提醒：互動回答不取代醫師或藥師建議。。文案需手機易讀，包含標題、Hook、120-220字正文、CTA、3-5個hashtag、圖卡三行字。禁用詞：根治|治療疾病|消炎治本|打通經絡|一擦就好|保證有效|深層修復|替代藥物。輸出後標示待人工法規審核。
LINE169,@111wrvef,2026-08-27,週四,12:00,久坐久站與家庭日常安全使用,C,運動後與勞動後局部不適,重訓後肩背局部舒緩,保守衛教,運動族、搬重物、久站與勞動工作者,運動或勞動後的局部肌肉痠痛，可短期按摩舒緩,明顯腫脹、劇痛、活動受限或疑似受傷時，請先就醫。,中,pending_legal_pharmacist_review,not_ready,text_plus_image_card,運動後伸展、局部按摩、戶外或健身情境,收藏提醒,本產品為外用油膏，請依核准標示使用；若症狀持續或惡化，請諮詢醫師或藥師。,根治|治療疾病|消炎治本|打通經絡|一擦就好|保證有效|深層修復|替代藥物,請為 LINE OA @111wrvef 產生一則繁體中文貼文。主題：重訓後肩背局部舒緩。支柱：C-運動後與勞動後局部不適。角度：保守衛教。受眾：運動族、搬重物、久站與勞動工作者。只能使用保守宣稱：運動或勞動後的局部肌肉痠痛，可短期按摩舒緩。必須提醒：明顯腫脹、劇痛、活動受限或疑似受傷時，請先就醫。。文案需手機易讀，包含標題、Hook、120-220字正文、CTA、3-5個hashtag、圖卡三行字。禁用詞：根治|治療疾病|消炎治本|打通經絡|一擦就好|保證有效|深層修復|替代藥物。輸出後標示待人工法規審核。
LINE170,@111wrvef,2026-08-27,週四,20:00,久坐久站與家庭日常安全使用,A,產品教育與成分透明,乙類成藥與一般保健品差異,使用時機,已購買或正在觀望的一條根使用者,依標示外用，提供局部按摩與暫時舒緩體感,僅供外用；避免眼周、黏膜、破皮或傷口。,中,pending_legal_pharmacist_review,not_ready,text_plus_image_card,產品特寫、成分植物、乾淨桌面、金色暖光,私訊/了解更多,本產品為外用油膏，請依核准標示使用；若症狀持續或惡化，請諮詢醫師或藥師。,根治|治療疾病|消炎治本|打通經絡|一擦就好|保證有效|深層修復|替代藥物,請為 LINE OA @111wrvef 產生一則繁體中文貼文。主題：乙類成藥與一般保健品差異。支柱：A-產品教育與成分透明。角度：使用時機。受眾：已購買或正在觀望的一條根使用者。只能使用保守宣稱：依標示外用，提供局部按摩與暫時舒緩體感。必須提醒：僅供外用；避免眼周、黏膜、破皮或傷口。。文案需手機易讀，包含標題、Hook、120-220字正文、CTA、3-5個hashtag、圖卡三行字。禁用詞：根治|治療疾病|消炎治本|打通經絡|一擦就好|保證有效|深層修復|替代藥物。輸出後標示待人工法規審核。
LINE171,@111wrvef,2026-08-28,週五,12:00,久坐久站與家庭日常安全使用,D,銀髮日常與輕微關節不適,天氣變化時的活動舒適感,提醒型,40-70 歲注重日常活動舒適度的族群,輕微關節痠痛可短期舒緩，但不可宣稱治療疾病,關節腫痛、紅熱、長期疼痛或行走困難，請就醫評估。,中,pending_legal_pharmacist_review,not_ready,text_plus_image_card,長輩日常、散步、溫暖居家光線,收藏提醒,本產品為外用油膏，請依核准標示使用；若症狀持續或惡化，請諮詢醫師或藥師。,根治|治療疾病|消炎治本|打通經絡|一擦就好|保證有效|深層修復|替代藥物,請為 LINE OA @111wrvef 產生一則繁體中文貼文。主題：天氣變化時的活動舒適感。支柱：D-銀髮日常與輕微關節不適。角度：提醒型。受眾：40-70 歲注重日常活動舒適度的族群。只能使用保守宣稱：輕微關節痠痛可短期舒緩，但不可宣稱治療疾病。必須提醒：關節腫痛、紅熱、長期疼痛或行走困難，請就醫評估。。文案需手機易讀，包含標題、Hook、120-220字正文、CTA、3-5個hashtag、圖卡三行字。禁用詞：根治|治療疾病|消炎治本|打通經絡|一擦就好|保證有效|深層修復|替代藥物。輸出後標示待人工法規審核。
LINE172,@111wrvef,2026-08-28,週五,20:00,久坐久站與家庭日常安全使用,E,用藥安全與禁忌提醒,水楊酸或阿斯匹靈過敏者注意,闢謠型,所有使用者、照護者與家庭購買者,安全使用比用得多更重要，依標示與風險族群提醒,2 歲以下、孕哺、過敏體質、抗凝血藥使用者請先詢問專業人員。,高,pending_legal_pharmacist_review,not_ready,text_plus_image_card,安全提醒圖卡、清楚 icon、紅黃綠分級,私訊/了解更多,僅供外用。避免接觸眼睛、黏膜、破皮或傷口；特殊族群使用前請先諮詢專業人員。,根治|治療疾病|消炎治本|打通經絡|一擦就好|保證有效|深層修復|替代藥物,請為 LINE OA @111wrvef 產生一則繁體中文貼文。主題：水楊酸或阿斯匹靈過敏者注意。支柱：E-用藥安全與禁忌提醒。角度：闢謠型。受眾：所有使用者、照護者與家庭購買者。只能使用保守宣稱：安全使用比用得多更重要，依標示與風險族群提醒。必須提醒：2 歲以下、孕哺、過敏體質、抗凝血藥使用者請先詢問專業人員。。文案需手機易讀，包含標題、Hook、120-220字正文、CTA、3-5個hashtag、圖卡三行字。禁用詞：根治|治療疾病|消炎治本|打通經絡|一擦就好|保證有效|深層修復|替代藥物。輸出後標示待人工法規審核。
LINE173,@111wrvef,2026-08-29,週六,12:00,久坐久站與家庭日常安全使用,F,季節節氣與生活保健,立秋後早晚溫差保養,互動型,喜歡養生、節氣與日常保健的 LINE 讀者,以生活保健與身體覺察為主，不做醫療療效宣稱,節氣養生屬一般生活資訊，身體不適仍應諮詢專業人員。,低,pending_legal_pharmacist_review,not_ready,text_plus_image_card,節氣自然景、草本、季節色彩,收藏提醒,本內容為一般生活保健資訊，非醫療診斷或治療建議。,根治|治療疾病|消炎治本|打通經絡|一擦就好|保證有效|深層修復|替代藥物,請為 LINE OA @111wrvef 產生一則繁體中文貼文。主題：立秋後早晚溫差保養。支柱：F-季節節氣與生活保健。角度：互動型。受眾：喜歡養生、節氣與日常保健的 LINE 讀者。只能使用保守宣稱：以生活保健與身體覺察為主，不做醫療療效宣稱。必須提醒：節氣養生屬一般生活資訊，身體不適仍應諮詢專業人員。。文案需手機易讀，包含標題、Hook、120-220字正文、CTA、3-5個hashtag、圖卡三行字。禁用詞：根治|治療疾病|消炎治本|打通經絡|一擦就好|保證有效|深層修復|替代藥物。輸出後標示待人工法規審核。
LINE174,@111wrvef,2026-08-29,週六,20:00,久坐久站與家庭日常安全使用,C,運動後與勞動後局部不適,家事後手臂不適保養,場景型,運動族、搬重物、久站與勞動工作者,運動或勞動後的局部肌肉痠痛，可短期按摩舒緩,明顯腫脹、劇痛、活動受限或疑似受傷時，請先就醫。,中,pending_legal_pharmacist_review,not_ready,text_plus_image_card,運動後伸展、局部按摩、戶外或健身情境,私訊/了解更多,本產品為外用油膏，請依核准標示使用；若症狀持續或惡化，請諮詢醫師或藥師。,根治|治療疾病|消炎治本|打通經絡|一擦就好|保證有效|深層修復|替代藥物,請為 LINE OA @111wrvef 產生一則繁體中文貼文。主題：家事後手臂不適保養。支柱：C-運動後與勞動後局部不適。角度：場景型。受眾：運動族、搬重物、久站與勞動工作者。只能使用保守宣稱：運動或勞動後的局部肌肉痠痛，可短期按摩舒緩。必須提醒：明顯腫脹、劇痛、活動受限或疑似受傷時，請先就醫。。文案需手機易讀，包含標題、Hook、120-220字正文、CTA、3-5個hashtag、圖卡三行字。禁用詞：根治|治療疾病|消炎治本|打通經絡|一擦就好|保證有效|深層修復|替代藥物。輸出後標示待人工法規審核。
LINE175,@111wrvef,2026-08-30,週日,12:00,久坐久站與家庭日常安全使用,G,互動問答與使用情境,你有看過外用產品標示嗎,問答型,LINE OA 好友、回購客與新客,用問答降低誤用，讓使用者知道何時該詢問專業人員,互動回答不取代醫師或藥師建議。,低,pending_legal_pharmacist_review,not_ready,text_plus_image_card,LINE 互動投票圖卡、問句大字、簡潔背景,留言互動,本內容為一般生活保健資訊，非醫療診斷或治療建議。,根治|治療疾病|消炎治本|打通經絡|一擦就好|保證有效|深層修復|替代藥物,請為 LINE OA @111wrvef 產生一則繁體中文貼文。主題：你有看過外用產品標示嗎。支柱：G-互動問答與使用情境。角度：問答型。受眾：LINE OA 好友、回購客與新客。只能使用保守宣稱：用問答降低誤用，讓使用者知道何時該詢問專業人員。必須提醒：互動回答不取代醫師或藥師建議。。文案需手機易讀，包含標題、Hook、120-220字正文、CTA、3-5個hashtag、圖卡三行字。禁用詞：根治|治療疾病|消炎治本|打通經絡|一擦就好|保證有效|深層修復|替代藥物。輸出後標示待人工法規審核。
LINE176,@111wrvef,2026-08-30,週日,20:00,久坐久站與家庭日常安全使用,D,銀髮日常與輕微關節不適,長輩按摩力道不要過重,保守型,40-70 歲注重日常活動舒適度的族群,輕微關節痠痛可短期舒緩，但不可宣稱治療疾病,關節腫痛、紅熱、長期疼痛或行走困難，請就醫評估。,中,pending_legal_pharmacist_review,not_ready,text_plus_image_card,長輩日常、散步、溫暖居家光線,私訊/了解更多,本產品為外用油膏，請依核准標示使用；若症狀持續或惡化，請諮詢醫師或藥師。,根治|治療疾病|消炎治本|打通經絡|一擦就好|保證有效|深層修復|替代藥物,請為 LINE OA @111wrvef 產生一則繁體中文貼文。主題：長輩按摩力道不要過重。支柱：D-銀髮日常與輕微關節不適。角度：保守型。受眾：40-70 歲注重日常活動舒適度的族群。只能使用保守宣稱：輕微關節痠痛可短期舒緩，但不可宣稱治療疾病。必須提醒：關節腫痛、紅熱、長期疼痛或行走困難，請就醫評估。。文案需手機易讀，包含標題、Hook、120-220字正文、CTA、3-5個hashtag、圖卡三行字。禁用詞：根治|治療疾病|消炎治本|打通經絡|一擦就好|保證有效|深層修復|替代藥物。輸出後標示待人工法規審核。
LINE177,@111wrvef,2026-08-31,週一,12:00,久坐久站與家庭日常安全使用,B,肩頸久坐與辦公族,開會久坐後的腰背舒緩,問句型,長時間低頭、久坐、用電腦的上班族,久坐低頭後，可搭配伸展與局部按摩舒緩緊繃不適,若痠痛持續、麻木或影響活動，請諮詢醫師或藥師。,低,pending_legal_pharmacist_review,not_ready,text_plus_image_card,辦公室、肩頸伸展、清爽自然光,收藏提醒,本內容為一般生活保健資訊，非醫療診斷或治療建議。,根治|治療疾病|消炎治本|打通經絡|一擦就好|保證有效|深層修復|替代藥物,請為 LINE OA @111wrvef 產生一則繁體中文貼文。主題：開會久坐後的腰背舒緩。支柱：B-肩頸久坐與辦公族。角度：問句型。受眾：長時間低頭、久坐、用電腦的上班族。只能使用保守宣稱：久坐低頭後，可搭配伸展與局部按摩舒緩緊繃不適。必須提醒：若痠痛持續、麻木或影響活動，請諮詢醫師或藥師。。文案需手機易讀，包含標題、Hook、120-220字正文、CTA、3-5個hashtag、圖卡三行字。禁用詞：根治|治療疾病|消炎治本|打通經絡|一擦就好|保證有效|深層修復|替代藥物。輸出後標示待人工法規審核。
LINE178,@111wrvef,2026-08-31,週一,20:00,久坐久站與家庭日常安全使用,A,產品教育與成分透明,一條根外用膏的日常定位,成分透明,已購買或正在觀望的一條根使用者,依標示外用，提供局部按摩與暫時舒緩體感,僅供外用；避免眼周、黏膜、破皮或傷口。,中,pending_legal_pharmacist_review,not_ready,text_plus_image_card,產品特寫、成分植物、乾淨桌面、金色暖光,私訊/了解更多,本產品為外用油膏，請依核准標示使用；若症狀持續或惡化，請諮詢醫師或藥師。,根治|治療疾病|消炎治本|打通經絡|一擦就好|保證有效|深層修復|替代藥物,請為 LINE OA @111wrvef 產生一則繁體中文貼文。主題：一條根外用膏的日常定位。支柱：A-產品教育與成分透明。角度：成分透明。受眾：已購買或正在觀望的一條根使用者。只能使用保守宣稱：依標示外用，提供局部按摩與暫時舒緩體感。必須提醒：僅供外用；避免眼周、黏膜、破皮或傷口。。文案需手機易讀，包含標題、Hook、120-220字正文、CTA、3-5個hashtag、圖卡三行字。禁用詞：根治|治療疾病|消炎治本|打通經絡|一擦就好|保證有效|深層修復|替代藥物。輸出後標示待人工法規審核。
LINE179,@111wrvef,2026-09-01,週二,12:00,入秋溫差與銀髮活動舒適,F,季節節氣與生活保健,處暑後運動暖身提醒,生活型,喜歡養生、節氣與日常保健的 LINE 讀者,以生活保健與身體覺察為主，不做醫療療效宣稱,節氣養生屬一般生活資訊，身體不適仍應諮詢專業人員。,低,pending_legal_pharmacist_review,not_ready,text_plus_image_card,節氣自然景、草本、季節色彩,收藏提醒,本內容為一般生活保健資訊，非醫療診斷或治療建議。,根治|治療疾病|消炎治本|打通經絡|一擦就好|保證有效|深層修復|替代藥物,請為 LINE OA @111wrvef 產生一則繁體中文貼文。主題：處暑後運動暖身提醒。支柱：F-季節節氣與生活保健。角度：生活型。受眾：喜歡養生、節氣與日常保健的 LINE 讀者。只能使用保守宣稱：以生活保健與身體覺察為主，不做醫療療效宣稱。必須提醒：節氣養生屬一般生活資訊，身體不適仍應諮詢專業人員。。文案需手機易讀，包含標題、Hook、120-220字正文、CTA、3-5個hashtag、圖卡三行字。禁用詞：根治|治療疾病|消炎治本|打通經絡|一擦就好|保證有效|深層修復|替代藥物。輸出後標示待人工法規審核。
LINE180,@111wrvef,2026-09-01,週二,20:00,入秋溫差與銀髮活動舒適,E,用藥安全與禁忌提醒,兒童使用前的安全提醒,QA,所有使用者、照護者與家庭購買者,安全使用比用得多更重要，依標示與風險族群提醒,2 歲以下、孕哺、過敏體質、抗凝血藥使用者請先詢問專業人員。,高,pending_legal_pharmacist_review,not_ready,text_plus_image_card,安全提醒圖卡、清楚 icon、紅黃綠分級,私訊/了解更多,僅供外用。避免接觸眼睛、黏膜、破皮或傷口；特殊族群使用前請先諮詢專業人員。,根治|治療疾病|消炎治本|打通經絡|一擦就好|保證有效|深層修復|替代藥物,請為 LINE OA @111wrvef 產生一則繁體中文貼文。主題：兒童使用前的安全提醒。支柱：E-用藥安全與禁忌提醒。角度：QA。受眾：所有使用者、照護者與家庭購買者。只能使用保守宣稱：安全使用比用得多更重要，依標示與風險族群提醒。必須提醒：2 歲以下、孕哺、過敏體質、抗凝血藥使用者請先詢問專業人員。。文案需手機易讀，包含標題、Hook、120-220字正文、CTA、3-5個hashtag、圖卡三行字。禁用詞：根治|治療疾病|消炎治本|打通經絡|一擦就好|保證有效|深層修復|替代藥物。輸出後標示待人工法規審核。
LINE181,@111wrvef,2026-09-02,週三,12:00,入秋溫差與銀髮活動舒適,H,品牌信任與法規透明,外用膏廣告為什麼要保守,保守型,重視藥證、成分、品質與合法性的消費者,強調藥證、標示、保守宣稱與人工審核流程,所有廣告文案仍須依主管機關與專業人員審核。,中,pending_legal_pharmacist_review,not_ready,text_plus_image_card,藥證透明、標示檢查、品牌信任感,收藏提醒,本產品為外用油膏，請依核准標示使用；若症狀持續或惡化，請諮詢醫師或藥師。,根治|治療疾病|消炎治本|打通經絡|一擦就好|保證有效|深層修復|替代藥物,請為 LINE OA @111wrvef 產生一則繁體中文貼文。主題：外用膏廣告為什麼要保守。支柱：H-品牌信任與法規透明。角度：保守型。受眾：重視藥證、成分、品質與合法性的消費者。只能使用保守宣稱：強調藥證、標示、保守宣稱與人工審核流程。必須提醒：所有廣告文案仍須依主管機關與專業人員審核。。文案需手機易讀，包含標題、Hook、120-220字正文、CTA、3-5個hashtag、圖卡三行字。禁用詞：根治|治療疾病|消炎治本|打通經絡|一擦就好|保證有效|深層修復|替代藥物。輸出後標示待人工法規審核。
LINE182,@111wrvef,2026-09-02,週三,20:00,入秋溫差與銀髮活動舒適,G,互動問答與使用情境,久坐族最想舒緩哪裡,留言型,LINE OA 好友、回購客與新客,用問答降低誤用，讓使用者知道何時該詢問專業人員,互動回答不取代醫師或藥師建議。,低,pending_legal_pharmacist_review,not_ready,text_plus_image_card,LINE 互動投票圖卡、問句大字、簡潔背景,留言互動,本內容為一般生活保健資訊，非醫療診斷或治療建議。,根治|治療疾病|消炎治本|打通經絡|一擦就好|保證有效|深層修復|替代藥物,請為 LINE OA @111wrvef 產生一則繁體中文貼文。主題：久坐族最想舒緩哪裡。支柱：G-互動問答與使用情境。角度：留言型。受眾：LINE OA 好友、回購客與新客。只能使用保守宣稱：用問答降低誤用，讓使用者知道何時該詢問專業人員。必須提醒：互動回答不取代醫師或藥師建議。。文案需手機易讀，包含標題、Hook、120-220字正文、CTA、3-5個hashtag、圖卡三行字。禁用詞：根治|治療疾病|消炎治本|打通經絡|一擦就好|保證有效|深層修復|替代藥物。輸出後標示待人工法規審核。
LINE183,@111wrvef,2026-09-03,週四,12:00,入秋溫差與銀髮活動舒適,C,運動後與勞動後局部不適,跑步後膝周不適的保守提醒,前後對照,運動族、搬重物、久站與勞動工作者,運動或勞動後的局部肌肉痠痛，可短期按摩舒緩,明顯腫脹、劇痛、活動受限或疑似受傷時，請先就醫。,中,pending_legal_pharmacist_review,not_ready,text_plus_image_card,運動後伸展、局部按摩、戶外或健身情境,收藏提醒,本產品為外用油膏，請依核准標示使用；若症狀持續或惡化，請諮詢醫師或藥師。,根治|治療疾病|消炎治本|打通經絡|一擦就好|保證有效|深層修復|替代藥物,請為 LINE OA @111wrvef 產生一則繁體中文貼文。主題：跑步後膝周不適的保守提醒。支柱：C-運動後與勞動後局部不適。角度：前後對照。受眾：運動族、搬重物、久站與勞動工作者。只能使用保守宣稱：運動或勞動後的局部肌肉痠痛，可短期按摩舒緩。必須提醒：明顯腫脹、劇痛、活動受限或疑似受傷時，請先就醫。。文案需手機易讀，包含標題、Hook、120-220字正文、CTA、3-5個hashtag、圖卡三行字。禁用詞：根治|治療疾病|消炎治本|打通經絡|一擦就好|保證有效|深層修復|替代藥物。輸出後標示待人工法規審核。
LINE184,@111wrvef,2026-09-03,週四,20:00,入秋溫差與銀髮活動舒適,A,產品教育與成分透明,成分濃度為什麼要看標示,使用迷思,已購買或正在觀望的一條根使用者,依標示外用，提供局部按摩與暫時舒緩體感,僅供外用；避免眼周、黏膜、破皮或傷口。,中,pending_legal_pharmacist_review,not_ready,text_plus_image_card,產品特寫、成分植物、乾淨桌面、金色暖光,私訊/了解更多,本產品為外用油膏，請依核准標示使用；若症狀持續或惡化，請諮詢醫師或藥師。,根治|治療疾病|消炎治本|打通經絡|一擦就好|保證有效|深層修復|替代藥物,請為 LINE OA @111wrvef 產生一則繁體中文貼文。主題：成分濃度為什麼要看標示。支柱：A-產品教育與成分透明。角度：使用迷思。受眾：已購買或正在觀望的一條根使用者。只能使用保守宣稱：依標示外用，提供局部按摩與暫時舒緩體感。必須提醒：僅供外用；避免眼周、黏膜、破皮或傷口。。文案需手機易讀，包含標題、Hook、120-220字正文、CTA、3-5個hashtag、圖卡三行字。禁用詞：根治|治療疾病|消炎治本|打通經絡|一擦就好|保證有效|深層修復|替代藥物。輸出後標示待人工法規審核。
LINE185,@111wrvef,2026-09-04,週五,12:00,入秋溫差與銀髮活動舒適,D,銀髮日常與輕微關節不適,照顧爸媽時的外用提醒,陪伴型,40-70 歲注重日常活動舒適度的族群,輕微關節痠痛可短期舒緩，但不可宣稱治療疾病,關節腫痛、紅熱、長期疼痛或行走困難，請就醫評估。,中,pending_legal_pharmacist_review,not_ready,text_plus_image_card,長輩日常、散步、溫暖居家光線,收藏提醒,本產品為外用油膏，請依核准標示使用；若症狀持續或惡化，請諮詢醫師或藥師。,根治|治療疾病|消炎治本|打通經絡|一擦就好|保證有效|深層修復|替代藥物,請為 LINE OA @111wrvef 產生一則繁體中文貼文。主題：照顧爸媽時的外用提醒。支柱：D-銀髮日常與輕微關節不適。角度：陪伴型。受眾：40-70 歲注重日常活動舒適度的族群。只能使用保守宣稱：輕微關節痠痛可短期舒緩，但不可宣稱治療疾病。必須提醒：關節腫痛、紅熱、長期疼痛或行走困難，請就醫評估。。文案需手機易讀，包含標題、Hook、120-220字正文、CTA、3-5個hashtag、圖卡三行字。禁用詞：根治|治療疾病|消炎治本|打通經絡|一擦就好|保證有效|深層修復|替代藥物。輸出後標示待人工法規審核。
LINE186,@111wrvef,2026-09-04,週五,20:00,入秋溫差與銀髮活動舒適,E,用藥安全與禁忌提醒,孕婦與哺乳族群先詢問專業人員,安全提醒,所有使用者、照護者與家庭購買者,安全使用比用得多更重要，依標示與風險族群提醒,2 歲以下、孕哺、過敏體質、抗凝血藥使用者請先詢問專業人員。,高,pending_legal_pharmacist_review,not_ready,text_plus_image_card,安全提醒圖卡、清楚 icon、紅黃綠分級,私訊/了解更多,僅供外用。避免接觸眼睛、黏膜、破皮或傷口；特殊族群使用前請先諮詢專業人員。,根治|治療疾病|消炎治本|打通經絡|一擦就好|保證有效|深層修復|替代藥物,請為 LINE OA @111wrvef 產生一則繁體中文貼文。主題：孕婦與哺乳族群先詢問專業人員。支柱：E-用藥安全與禁忌提醒。角度：安全提醒。受眾：所有使用者、照護者與家庭購買者。只能使用保守宣稱：安全使用比用得多更重要，依標示與風險族群提醒。必須提醒：2 歲以下、孕哺、過敏體質、抗凝血藥使用者請先詢問專業人員。。文案需手機易讀，包含標題、Hook、120-220字正文、CTA、3-5個hashtag、圖卡三行字。禁用詞：根治|治療疾病|消炎治本|打通經絡|一擦就好|保證有效|深層修復|替代藥物。輸出後標示待人工法規審核。
LINE187,@111wrvef,2026-09-05,週六,12:00,入秋溫差與銀髮活動舒適,F,季節節氣與生活保健,白露時節關心長輩活動,生活型,喜歡養生、節氣與日常保健的 LINE 讀者,以生活保健與身體覺察為主，不做醫療療效宣稱,節氣養生屬一般生活資訊，身體不適仍應諮詢專業人員。,低,pending_legal_pharmacist_review,not_ready,text_plus_image_card,節氣自然景、草本、季節色彩,收藏提醒,本內容為一般生活保健資訊，非醫療診斷或治療建議。,根治|治療疾病|消炎治本|打通經絡|一擦就好|保證有效|深層修復|替代藥物,請為 LINE OA @111wrvef 產生一則繁體中文貼文。主題：白露時節關心長輩活動。支柱：F-季節節氣與生活保健。角度：生活型。受眾：喜歡養生、節氣與日常保健的 LINE 讀者。只能使用保守宣稱：以生活保健與身體覺察為主，不做醫療療效宣稱。必須提醒：節氣養生屬一般生活資訊，身體不適仍應諮詢專業人員。。文案需手機易讀，包含標題、Hook、120-220字正文、CTA、3-5個hashtag、圖卡三行字。禁用詞：根治|治療疾病|消炎治本|打通經絡|一擦就好|保證有效|深層修復|替代藥物。輸出後標示待人工法規審核。
LINE188,@111wrvef,2026-09-05,週六,20:00,入秋溫差與銀髮活動舒適,C,運動後與勞動後局部不適,勞動後先休息再按摩,保守衛教,運動族、搬重物、久站與勞動工作者,運動或勞動後的局部肌肉痠痛，可短期按摩舒緩,明顯腫脹、劇痛、活動受限或疑似受傷時，請先就醫。,中,pending_legal_pharmacist_review,not_ready,text_plus_image_card,運動後伸展、局部按摩、戶外或健身情境,私訊/了解更多,本產品為外用油膏，請依核准標示使用；若症狀持續或惡化，請諮詢醫師或藥師。,根治|治療疾病|消炎治本|打通經絡|一擦就好|保證有效|深層修復|替代藥物,請為 LINE OA @111wrvef 產生一則繁體中文貼文。主題：勞動後先休息再按摩。支柱：C-運動後與勞動後局部不適。角度：保守衛教。受眾：運動族、搬重物、久站與勞動工作者。只能使用保守宣稱：運動或勞動後的局部肌肉痠痛，可短期按摩舒緩。必須提醒：明顯腫脹、劇痛、活動受限或疑似受傷時，請先就醫。。文案需手機易讀，包含標題、Hook、120-220字正文、CTA、3-5個hashtag、圖卡三行字。禁用詞：根治|治療疾病|消炎治本|打通經絡|一擦就好|保證有效|深層修復|替代藥物。輸出後標示待人工法規審核。
LINE189,@111wrvef,2026-09-06,週日,12:00,入秋溫差與銀髮活動舒適,G,互動問答與使用情境,長輩使用外用膏你會提醒什麼,留言型,LINE OA 好友、回購客與新客,用問答降低誤用，讓使用者知道何時該詢問專業人員,互動回答不取代醫師或藥師建議。,低,pending_legal_pharmacist_review,not_ready,text_plus_image_card,LINE 互動投票圖卡、問句大字、簡潔背景,留言互動,本內容為一般生活保健資訊，非醫療診斷或治療建議。,根治|治療疾病|消炎治本|打通經絡|一擦就好|保證有效|深層修復|替代藥物,請為 LINE OA @111wrvef 產生一則繁體中文貼文。主題：長輩使用外用膏你會提醒什麼。支柱：G-互動問答與使用情境。角度：留言型。受眾：LINE OA 好友、回購客與新客。只能使用保守宣稱：用問答降低誤用，讓使用者知道何時該詢問專業人員。必須提醒：互動回答不取代醫師或藥師建議。。文案需手機易讀，包含標題、Hook、120-220字正文、CTA、3-5個hashtag、圖卡三行字。禁用詞：根治|治療疾病|消炎治本|打通經絡|一擦就好|保證有效|深層修復|替代藥物。輸出後標示待人工法規審核。
LINE190,@111wrvef,2026-09-06,週日,20:00,入秋溫差與銀髮活動舒適,D,銀髮日常與輕微關節不適,日常活動舒適度的三個習慣,提醒型,40-70 歲注重日常活動舒適度的族群,輕微關節痠痛可短期舒緩，但不可宣稱治療疾病,關節腫痛、紅熱、長期疼痛或行走困難，請就醫評估。,中,pending_legal_pharmacist_review,not_ready,text_plus_image_card,長輩日常、散步、溫暖居家光線,私訊/了解更多,本產品為外用油膏，請依核准標示使用；若症狀持續或惡化，請諮詢醫師或藥師。,根治|治療疾病|消炎治本|打通經絡|一擦就好|保證有效|深層修復|替代藥物,請為 LINE OA @111wrvef 產生一則繁體中文貼文。主題：日常活動舒適度的三個習慣。支柱：D-銀髮日常與輕微關節不適。角度：提醒型。受眾：40-70 歲注重日常活動舒適度的族群。只能使用保守宣稱：輕微關節痠痛可短期舒緩，但不可宣稱治療疾病。必須提醒：關節腫痛、紅熱、長期疼痛或行走困難，請就醫評估。。文案需手機易讀，包含標題、Hook、120-220字正文、CTA、3-5個hashtag、圖卡三行字。禁用詞：根治|治療疾病|消炎治本|打通經絡|一擦就好|保證有效|深層修復|替代藥物。輸出後標示待人工法規審核。
LINE191,@111wrvef,2026-09-07,週一,12:00,入秋溫差與銀髮活動舒適,B,肩頸久坐與辦公族,下班前五分鐘伸展,生活情境,長時間低頭、久坐、用電腦的上班族,久坐低頭後，可搭配伸展與局部按摩舒緩緊繃不適,若痠痛持續、麻木或影響活動，請諮詢醫師或藥師。,低,pending_legal_pharmacist_review,not_ready,text_plus_image_card,辦公室、肩頸伸展、清爽自然光,收藏提醒,本內容為一般生活保健資訊，非醫療診斷或治療建議。,根治|治療疾病|消炎治本|打通經絡|一擦就好|保證有效|深層修復|替代藥物,請為 LINE OA @111wrvef 產生一則繁體中文貼文。主題：下班前五分鐘伸展。支柱：B-肩頸久坐與辦公族。角度：生活情境。受眾：長時間低頭、久坐、用電腦的上班族。只能使用保守宣稱：久坐低頭後，可搭配伸展與局部按摩舒緩緊繃不適。必須提醒：若痠痛持續、麻木或影響活動，請諮詢醫師或藥師。。文案需手機易讀，包含標題、Hook、120-220字正文、CTA、3-5個hashtag、圖卡三行字。禁用詞：根治|治療疾病|消炎治本|打通經絡|一擦就好|保證有效|深層修復|替代藥物。輸出後標示待人工法規審核。
LINE192,@111wrvef,2026-09-07,週一,20:00,入秋溫差與銀髮活動舒適,A,產品教育與成分透明,局部按摩和大面積厚敷的差別,使用時機,已購買或正在觀望的一條根使用者,依標示外用，提供局部按摩與暫時舒緩體感,僅供外用；避免眼周、黏膜、破皮或傷口。,中,pending_legal_pharmacist_review,not_ready,text_plus_image_card,產品特寫、成分植物、乾淨桌面、金色暖光,私訊/了解更多,本產品為外用油膏，請依核准標示使用；若症狀持續或惡化，請諮詢醫師或藥師。,根治|治療疾病|消炎治本|打通經絡|一擦就好|保證有效|深層修復|替代藥物,請為 LINE OA @111wrvef 產生一則繁體中文貼文。主題：局部按摩和大面積厚敷的差別。支柱：A-產品教育與成分透明。角度：使用時機。受眾：已購買或正在觀望的一條根使用者。只能使用保守宣稱：依標示外用，提供局部按摩與暫時舒緩體感。必須提醒：僅供外用；避免眼周、黏膜、破皮或傷口。。文案需手機易讀，包含標題、Hook、120-220字正文、CTA、3-5個hashtag、圖卡三行字。禁用詞：根治|治療疾病|消炎治本|打通經絡|一擦就好|保證有效|深層修復|替代藥物。輸出後標示待人工法規審核。
LINE193,@111wrvef,2026-09-08,週二,12:00,入秋溫差與銀髮活動舒適,F,季節節氣與生活保健,秋分後外出前暖身,金句型,喜歡養生、節氣與日常保健的 LINE 讀者,以生活保健與身體覺察為主，不做醫療療效宣稱,節氣養生屬一般生活資訊，身體不適仍應諮詢專業人員。,低,pending_legal_pharmacist_review,not_ready,text_plus_image_card,節氣自然景、草本、季節色彩,收藏提醒,本內容為一般生活保健資訊，非醫療診斷或治療建議。,根治|治療疾病|消炎治本|打通經絡|一擦就好|保證有效|深層修復|替代藥物,請為 LINE OA @111wrvef 產生一則繁體中文貼文。主題：秋分後外出前暖身。支柱：F-季節節氣與生活保健。角度：金句型。受眾：喜歡養生、節氣與日常保健的 LINE 讀者。只能使用保守宣稱：以生活保健與身體覺察為主，不做醫療療效宣稱。必須提醒：節氣養生屬一般生活資訊，身體不適仍應諮詢專業人員。。文案需手機易讀，包含標題、Hook、120-220字正文、CTA、3-5個hashtag、圖卡三行字。禁用詞：根治|治療疾病|消炎治本|打通經絡|一擦就好|保證有效|深層修復|替代藥物。輸出後標示待人工法規審核。
LINE194,@111wrvef,2026-09-08,週二,20:00,入秋溫差與銀髮活動舒適,E,用藥安全與禁忌提醒,症狀超過七天要停用並諮詢,闢謠型,所有使用者、照護者與家庭購買者,安全使用比用得多更重要，依標示與風險族群提醒,2 歲以下、孕哺、過敏體質、抗凝血藥使用者請先詢問專業人員。,高,pending_legal_pharmacist_review,not_ready,text_plus_image_card,安全提醒圖卡、清楚 icon、紅黃綠分級,私訊/了解更多,僅供外用。避免接觸眼睛、黏膜、破皮或傷口；特殊族群使用前請先諮詢專業人員。,根治|治療疾病|消炎治本|打通經絡|一擦就好|保證有效|深層修復|替代藥物,請為 LINE OA @111wrvef 產生一則繁體中文貼文。主題：症狀超過七天要停用並諮詢。支柱：E-用藥安全與禁忌提醒。角度：闢謠型。受眾：所有使用者、照護者與家庭購買者。只能使用保守宣稱：安全使用比用得多更重要，依標示與風險族群提醒。必須提醒：2 歲以下、孕哺、過敏體質、抗凝血藥使用者請先詢問專業人員。。文案需手機易讀，包含標題、Hook、120-220字正文、CTA、3-5個hashtag、圖卡三行字。禁用詞：根治|治療疾病|消炎治本|打通經絡|一擦就好|保證有效|深層修復|替代藥物。輸出後標示待人工法規審核。
LINE195,@111wrvef,2026-09-09,週三,12:00,入秋溫差與銀髮活動舒適,H,品牌信任與法規透明,成分透明是基本功,透明型,重視藥證、成分、品質與合法性的消費者,強調藥證、標示、保守宣稱與人工審核流程,所有廣告文案仍須依主管機關與專業人員審核。,中,pending_legal_pharmacist_review,not_ready,text_plus_image_card,藥證透明、標示檢查、品牌信任感,收藏提醒,本產品為外用油膏，請依核准標示使用；若症狀持續或惡化，請諮詢醫師或藥師。,根治|治療疾病|消炎治本|打通經絡|一擦就好|保證有效|深層修復|替代藥物,請為 LINE OA @111wrvef 產生一則繁體中文貼文。主題：成分透明是基本功。支柱：H-品牌信任與法規透明。角度：透明型。受眾：重視藥證、成分、品質與合法性的消費者。只能使用保守宣稱：強調藥證、標示、保守宣稱與人工審核流程。必須提醒：所有廣告文案仍須依主管機關與專業人員審核。。文案需手機易讀，包含標題、Hook、120-220字正文、CTA、3-5個hashtag、圖卡三行字。禁用詞：根治|治療疾病|消炎治本|打通經絡|一擦就好|保證有效|深層修復|替代藥物。輸出後標示待人工法規審核。
LINE196,@111wrvef,2026-09-09,週三,20:00,入秋溫差與銀髮活動舒適,G,互動問答與使用情境,一條根可以天天厚敷嗎,迷思型,LINE OA 好友、回購客與新客,用問答降低誤用，讓使用者知道何時該詢問專業人員,互動回答不取代醫師或藥師建議。,低,pending_legal_pharmacist_review,not_ready,text_plus_image_card,LINE 互動投票圖卡、問句大字、簡潔背景,留言互動,本內容為一般生活保健資訊，非醫療診斷或治療建議。,根治|治療疾病|消炎治本|打通經絡|一擦就好|保證有效|深層修復|替代藥物,請為 LINE OA @111wrvef 產生一則繁體中文貼文。主題：一條根可以天天厚敷嗎。支柱：G-互動問答與使用情境。角度：迷思型。受眾：LINE OA 好友、回購客與新客。只能使用保守宣稱：用問答降低誤用，讓使用者知道何時該詢問專業人員。必須提醒：互動回答不取代醫師或藥師建議。。文案需手機易讀，包含標題、Hook、120-220字正文、CTA、3-5個hashtag、圖卡三行字。禁用詞：根治|治療疾病|消炎治本|打通經絡|一擦就好|保證有效|深層修復|替代藥物。輸出後標示待人工法規審核。
LINE197,@111wrvef,2026-09-10,週四,12:00,入秋溫差與銀髮活動舒適,C,運動後與勞動後局部不適,運動後不要立刻熱敷加藥膏,步驟型,運動族、搬重物、久站與勞動工作者,運動或勞動後的局部肌肉痠痛，可短期按摩舒緩,明顯腫脹、劇痛、活動受限或疑似受傷時，請先就醫。,中,pending_legal_pharmacist_review,not_ready,text_plus_image_card,運動後伸展、局部按摩、戶外或健身情境,收藏提醒,本產品為外用油膏，請依核准標示使用；若症狀持續或惡化，請諮詢醫師或藥師。,根治|治療疾病|消炎治本|打通經絡|一擦就好|保證有效|深層修復|替代藥物,請為 LINE OA @111wrvef 產生一則繁體中文貼文。主題：運動後不要立刻熱敷加藥膏。支柱：C-運動後與勞動後局部不適。角度：步驟型。受眾：運動族、搬重物、久站與勞動工作者。只能使用保守宣稱：運動或勞動後的局部肌肉痠痛，可短期按摩舒緩。必須提醒：明顯腫脹、劇痛、活動受限或疑似受傷時，請先就醫。。文案需手機易讀，包含標題、Hook、120-220字正文、CTA、3-5個hashtag、圖卡三行字。禁用詞：根治|治療疾病|消炎治本|打通經絡|一擦就好|保證有效|深層修復|替代藥物。輸出後標示待人工法規審核。
LINE198,@111wrvef,2026-09-10,週四,20:00,入秋溫差與銀髮活動舒適,A,產品教育與成分透明,使用前先小範圍測試,正確用量,已購買或正在觀望的一條根使用者,依標示外用，提供局部按摩與暫時舒緩體感,僅供外用；避免眼周、黏膜、破皮或傷口。,中,pending_legal_pharmacist_review,not_ready,text_plus_image_card,產品特寫、成分植物、乾淨桌面、金色暖光,私訊/了解更多,本產品為外用油膏，請依核准標示使用；若症狀持續或惡化，請諮詢醫師或藥師。,根治|治療疾病|消炎治本|打通經絡|一擦就好|保證有效|深層修復|替代藥物,請為 LINE OA @111wrvef 產生一則繁體中文貼文。主題：使用前先小範圍測試。支柱：A-產品教育與成分透明。角度：正確用量。受眾：已購買或正在觀望的一條根使用者。只能使用保守宣稱：依標示外用，提供局部按摩與暫時舒緩體感。必須提醒：僅供外用；避免眼周、黏膜、破皮或傷口。。文案需手機易讀，包含標題、Hook、120-220字正文、CTA、3-5個hashtag、圖卡三行字。禁用詞：根治|治療疾病|消炎治本|打通經絡|一擦就好|保證有效|深層修復|替代藥物。輸出後標示待人工法規審核。
LINE199,@111wrvef,2026-09-11,週五,12:00,入秋溫差與銀髮活動舒適,D,銀髮日常與輕微關節不適,長輩使用前先看標示,生活型,40-70 歲注重日常活動舒適度的族群,輕微關節痠痛可短期舒緩，但不可宣稱治療疾病,關節腫痛、紅熱、長期疼痛或行走困難，請就醫評估。,中,pending_legal_pharmacist_review,not_ready,text_plus_image_card,長輩日常、散步、溫暖居家光線,收藏提醒,本產品為外用油膏，請依核准標示使用；若症狀持續或惡化，請諮詢醫師或藥師。,根治|治療疾病|消炎治本|打通經絡|一擦就好|保證有效|深層修復|替代藥物,請為 LINE OA @111wrvef 產生一則繁體中文貼文。主題：長輩使用前先看標示。支柱：D-銀髮日常與輕微關節不適。角度：生活型。受眾：40-70 歲注重日常活動舒適度的族群。只能使用保守宣稱：輕微關節痠痛可短期舒緩，但不可宣稱治療疾病。必須提醒：關節腫痛、紅熱、長期疼痛或行走困難，請就醫評估。。文案需手機易讀，包含標題、Hook、120-220字正文、CTA、3-5個hashtag、圖卡三行字。禁用詞：根治|治療疾病|消炎治本|打通經絡|一擦就好|保證有效|深層修復|替代藥物。輸出後標示待人工法規審核。
LINE200,@111wrvef,2026-09-11,週五,20:00,入秋溫差與銀髮活動舒適,E,用藥安全與禁忌提醒,皮膚刺激時要停止使用,清單型,所有使用者、照護者與家庭購買者,安全使用比用得多更重要，依標示與風險族群提醒,2 歲以下、孕哺、過敏體質、抗凝血藥使用者請先詢問專業人員。,高,pending_legal_pharmacist_review,not_ready,text_plus_image_card,安全提醒圖卡、清楚 icon、紅黃綠分級,私訊/了解更多,僅供外用。避免接觸眼睛、黏膜、破皮或傷口；特殊族群使用前請先諮詢專業人員。,根治|治療疾病|消炎治本|打通經絡|一擦就好|保證有效|深層修復|替代藥物,請為 LINE OA @111wrvef 產生一則繁體中文貼文。主題：皮膚刺激時要停止使用。支柱：E-用藥安全與禁忌提醒。角度：清單型。受眾：所有使用者、照護者與家庭購買者。只能使用保守宣稱：安全使用比用得多更重要，依標示與風險族群提醒。必須提醒：2 歲以下、孕哺、過敏體質、抗凝血藥使用者請先詢問專業人員。。文案需手機易讀，包含標題、Hook、120-220字正文、CTA、3-5個hashtag、圖卡三行字。禁用詞：根治|治療疾病|消炎治本|打通經絡|一擦就好|保證有效|深層修復|替代藥物。輸出後標示待人工法規審核。
LINE201,@111wrvef,2026-09-12,週六,12:00,入秋溫差與銀髮活動舒適,F,季節節氣與生活保健,寒露後肩背保養,金句型,喜歡養生、節氣與日常保健的 LINE 讀者,以生活保健與身體覺察為主，不做醫療療效宣稱,節氣養生屬一般生活資訊，身體不適仍應諮詢專業人員。,低,pending_legal_pharmacist_review,not_ready,text_plus_image_card,節氣自然景、草本、季節色彩,收藏提醒,本內容為一般生活保健資訊，非醫療診斷或治療建議。,根治|治療疾病|消炎治本|打通經絡|一擦就好|保證有效|深層修復|替代藥物,請為 LINE OA @111wrvef 產生一則繁體中文貼文。主題：寒露後肩背保養。支柱：F-季節節氣與生活保健。角度：金句型。受眾：喜歡養生、節氣與日常保健的 LINE 讀者。只能使用保守宣稱：以生活保健與身體覺察為主，不做醫療療效宣稱。必須提醒：節氣養生屬一般生活資訊，身體不適仍應諮詢專業人員。。文案需手機易讀，包含標題、Hook、120-220字正文、CTA、3-5個hashtag、圖卡三行字。禁用詞：根治|治療疾病|消炎治本|打通經絡|一擦就好|保證有效|深層修復|替代藥物。輸出後標示待人工法規審核。
LINE202,@111wrvef,2026-09-12,週六,20:00,入秋溫差與銀髮活動舒適,C,運動後與勞動後局部不適,輕微拉扯後的觀察重點,前後對照,運動族、搬重物、久站與勞動工作者,運動或勞動後的局部肌肉痠痛，可短期按摩舒緩,明顯腫脹、劇痛、活動受限或疑似受傷時，請先就醫。,中,pending_legal_pharmacist_review,not_ready,text_plus_image_card,運動後伸展、局部按摩、戶外或健身情境,私訊/了解更多,本產品為外用油膏，請依核准標示使用；若症狀持續或惡化，請諮詢醫師或藥師。,根治|治療疾病|消炎治本|打通經絡|一擦就好|保證有效|深層修復|替代藥物,請為 LINE OA @111wrvef 產生一則繁體中文貼文。主題：輕微拉扯後的觀察重點。支柱：C-運動後與勞動後局部不適。角度：前後對照。受眾：運動族、搬重物、久站與勞動工作者。只能使用保守宣稱：運動或勞動後的局部肌肉痠痛，可短期按摩舒緩。必須提醒：明顯腫脹、劇痛、活動受限或疑似受傷時，請先就醫。。文案需手機易讀，包含標題、Hook、120-220字正文、CTA、3-5個hashtag、圖卡三行字。禁用詞：根治|治療疾病|消炎治本|打通經絡|一擦就好|保證有效|深層修復|替代藥物。輸出後標示待人工法規審核。
LINE203,@111wrvef,2026-09-13,週日,12:00,入秋溫差與銀髮活動舒適,G,互動問答與使用情境,擦完可以馬上熱敷嗎,迷思型,LINE OA 好友、回購客與新客,用問答降低誤用，讓使用者知道何時該詢問專業人員,互動回答不取代醫師或藥師建議。,低,pending_legal_pharmacist_review,not_ready,text_plus_image_card,LINE 互動投票圖卡、問句大字、簡潔背景,留言互動,本內容為一般生活保健資訊，非醫療診斷或治療建議。,根治|治療疾病|消炎治本|打通經絡|一擦就好|保證有效|深層修復|替代藥物,請為 LINE OA @111wrvef 產生一則繁體中文貼文。主題：擦完可以馬上熱敷嗎。支柱：G-互動問答與使用情境。角度：迷思型。受眾：LINE OA 好友、回購客與新客。只能使用保守宣稱：用問答降低誤用，讓使用者知道何時該詢問專業人員。必須提醒：互動回答不取代醫師或藥師建議。。文案需手機易讀，包含標題、Hook、120-220字正文、CTA、3-5個hashtag、圖卡三行字。禁用詞：根治|治療疾病|消炎治本|打通經絡|一擦就好|保證有效|深層修復|替代藥物。輸出後標示待人工法規審核。
LINE204,@111wrvef,2026-09-13,週日,20:00,入秋溫差與銀髮活動舒適,D,銀髮日常與輕微關節不適,別把長期疼痛只當小問題,陪伴型,40-70 歲注重日常活動舒適度的族群,輕微關節痠痛可短期舒緩，但不可宣稱治療疾病,關節腫痛、紅熱、長期疼痛或行走困難，請就醫評估。,中,pending_legal_pharmacist_review,not_ready,text_plus_image_card,長輩日常、散步、溫暖居家光線,私訊/了解更多,本產品為外用油膏，請依核准標示使用；若症狀持續或惡化，請諮詢醫師或藥師。,根治|治療疾病|消炎治本|打通經絡|一擦就好|保證有效|深層修復|替代藥物,請為 LINE OA @111wrvef 產生一則繁體中文貼文。主題：別把長期疼痛只當小問題。支柱：D-銀髮日常與輕微關節不適。角度：陪伴型。受眾：40-70 歲注重日常活動舒適度的族群。只能使用保守宣稱：輕微關節痠痛可短期舒緩，但不可宣稱治療疾病。必須提醒：關節腫痛、紅熱、長期疼痛或行走困難，請就醫評估。。文案需手機易讀，包含標題、Hook、120-220字正文、CTA、3-5個hashtag、圖卡三行字。禁用詞：根治|治療疾病|消炎治本|打通經絡|一擦就好|保證有效|深層修復|替代藥物。輸出後標示待人工法規審核。
LINE205,@111wrvef,2026-09-14,週一,12:00,入秋溫差與銀髮活動舒適,B,肩頸久坐與辦公族,滑手機後頸部保養,小習慣,長時間低頭、久坐、用電腦的上班族,久坐低頭後，可搭配伸展與局部按摩舒緩緊繃不適,若痠痛持續、麻木或影響活動，請諮詢醫師或藥師。,低,pending_legal_pharmacist_review,not_ready,text_plus_image_card,辦公室、肩頸伸展、清爽自然光,收藏提醒,本內容為一般生活保健資訊，非醫療診斷或治療建議。,根治|治療疾病|消炎治本|打通經絡|一擦就好|保證有效|深層修復|替代藥物,請為 LINE OA @111wrvef 產生一則繁體中文貼文。主題：滑手機後頸部保養。支柱：B-肩頸久坐與辦公族。角度：小習慣。受眾：長時間低頭、久坐、用電腦的上班族。只能使用保守宣稱：久坐低頭後，可搭配伸展與局部按摩舒緩緊繃不適。必須提醒：若痠痛持續、麻木或影響活動，請諮詢醫師或藥師。。文案需手機易讀，包含標題、Hook、120-220字正文、CTA、3-5個hashtag、圖卡三行字。禁用詞：根治|治療疾病|消炎治本|打通經絡|一擦就好|保證有效|深層修復|替代藥物。輸出後標示待人工法規審核。
LINE206,@111wrvef,2026-09-14,週一,20:00,入秋溫差與銀髮活動舒適,A,產品教育與成分透明,產品不是神藥，定位要講清楚,使用迷思,已購買或正在觀望的一條根使用者,依標示外用，提供局部按摩與暫時舒緩體感,僅供外用；避免眼周、黏膜、破皮或傷口。,中,pending_legal_pharmacist_review,not_ready,text_plus_image_card,產品特寫、成分植物、乾淨桌面、金色暖光,私訊/了解更多,本產品為外用油膏，請依核准標示使用；若症狀持續或惡化，請諮詢醫師或藥師。,根治|治療疾病|消炎治本|打通經絡|一擦就好|保證有效|深層修復|替代藥物,請為 LINE OA @111wrvef 產生一則繁體中文貼文。主題：產品不是神藥，定位要講清楚。支柱：A-產品教育與成分透明。角度：使用迷思。受眾：已購買或正在觀望的一條根使用者。只能使用保守宣稱：依標示外用，提供局部按摩與暫時舒緩體感。必須提醒：僅供外用；避免眼周、黏膜、破皮或傷口。。文案需手機易讀，包含標題、Hook、120-220字正文、CTA、3-5個hashtag、圖卡三行字。禁用詞：根治|治療疾病|消炎治本|打通經絡|一擦就好|保證有效|深層修復|替代藥物。輸出後標示待人工法規審核。
LINE207,@111wrvef,2026-09-15,週二,12:00,入秋溫差與銀髮活動舒適,F,季節節氣與生活保健,立冬前後的日常舒緩儀式,節氣型,喜歡養生、節氣與日常保健的 LINE 讀者,以生活保健與身體覺察為主，不做醫療療效宣稱,節氣養生屬一般生活資訊，身體不適仍應諮詢專業人員。,低,pending_legal_pharmacist_review,not_ready,text_plus_image_card,節氣自然景、草本、季節色彩,收藏提醒,本內容為一般生活保健資訊，非醫療診斷或治療建議。,根治|治療疾病|消炎治本|打通經絡|一擦就好|保證有效|深層修復|替代藥物,請為 LINE OA @111wrvef 產生一則繁體中文貼文。主題：立冬前後的日常舒緩儀式。支柱：F-季節節氣與生活保健。角度：節氣型。受眾：喜歡養生、節氣與日常保健的 LINE 讀者。只能使用保守宣稱：以生活保健與身體覺察為主，不做醫療療效宣稱。必須提醒：節氣養生屬一般生活資訊，身體不適仍應諮詢專業人員。。文案需手機易讀，包含標題、Hook、120-220字正文、CTA、3-5個hashtag、圖卡三行字。禁用詞：根治|治療疾病|消炎治本|打通經絡|一擦就好|保證有效|深層修復|替代藥物。輸出後標示待人工法規審核。
LINE208,@111wrvef,2026-09-15,週二,20:00,入秋溫差與銀髮活動舒適,E,用藥安全與禁忌提醒,深層症狀不適合自行處理,安全提醒,所有使用者、照護者與家庭購買者,安全使用比用得多更重要，依標示與風險族群提醒,2 歲以下、孕哺、過敏體質、抗凝血藥使用者請先詢問專業人員。,高,pending_legal_pharmacist_review,not_ready,text_plus_image_card,安全提醒圖卡、清楚 icon、紅黃綠分級,私訊/了解更多,僅供外用。避免接觸眼睛、黏膜、破皮或傷口；特殊族群使用前請先諮詢專業人員。,根治|治療疾病|消炎治本|打通經絡|一擦就好|保證有效|深層修復|替代藥物,請為 LINE OA @111wrvef 產生一則繁體中文貼文。主題：深層症狀不適合自行處理。支柱：E-用藥安全與禁忌提醒。角度：安全提醒。受眾：所有使用者、照護者與家庭購買者。只能使用保守宣稱：安全使用比用得多更重要，依標示與風險族群提醒。必須提醒：2 歲以下、孕哺、過敏體質、抗凝血藥使用者請先詢問專業人員。。文案需手機易讀，包含標題、Hook、120-220字正文、CTA、3-5個hashtag、圖卡三行字。禁用詞：根治|治療疾病|消炎治本|打通經絡|一擦就好|保證有效|深層修復|替代藥物。輸出後標示待人工法規審核。
LINE209,@111wrvef,2026-09-16,週三,12:00,入秋溫差與銀髮活動舒適,H,品牌信任與法規透明,每篇貼文都要人工審核,教育型,重視藥證、成分、品質與合法性的消費者,強調藥證、標示、保守宣稱與人工審核流程,所有廣告文案仍須依主管機關與專業人員審核。,中,pending_legal_pharmacist_review,not_ready,text_plus_image_card,藥證透明、標示檢查、品牌信任感,收藏提醒,本產品為外用油膏，請依核准標示使用；若症狀持續或惡化，請諮詢醫師或藥師。,根治|治療疾病|消炎治本|打通經絡|一擦就好|保證有效|深層修復|替代藥物,請為 LINE OA @111wrvef 產生一則繁體中文貼文。主題：每篇貼文都要人工審核。支柱：H-品牌信任與法規透明。角度：教育型。受眾：重視藥證、成分、品質與合法性的消費者。只能使用保守宣稱：強調藥證、標示、保守宣稱與人工審核流程。必須提醒：所有廣告文案仍須依主管機關與專業人員審核。。文案需手機易讀，包含標題、Hook、120-220字正文、CTA、3-5個hashtag、圖卡三行字。禁用詞：根治|治療疾病|消炎治本|打通經絡|一擦就好|保證有效|深層修復|替代藥物。輸出後標示待人工法規審核。
LINE210,@111wrvef,2026-09-16,週三,20:00,入秋溫差與銀髮活動舒適,G,互動問答與使用情境,哪些情況應該先就醫,投票型,LINE OA 好友、回購客與新客,用問答降低誤用，讓使用者知道何時該詢問專業人員,互動回答不取代醫師或藥師建議。,低,pending_legal_pharmacist_review,not_ready,text_plus_image_card,LINE 互動投票圖卡、問句大字、簡潔背景,留言互動,本內容為一般生活保健資訊，非醫療診斷或治療建議。,根治|治療疾病|消炎治本|打通經絡|一擦就好|保證有效|深層修復|替代藥物,請為 LINE OA @111wrvef 產生一則繁體中文貼文。主題：哪些情況應該先就醫。支柱：G-互動問答與使用情境。角度：投票型。受眾：LINE OA 好友、回購客與新客。只能使用保守宣稱：用問答降低誤用，讓使用者知道何時該詢問專業人員。必須提醒：互動回答不取代醫師或藥師建議。。文案需手機易讀，包含標題、Hook、120-220字正文、CTA、3-5個hashtag、圖卡三行字。禁用詞：根治|治療疾病|消炎治本|打通經絡|一擦就好|保證有效|深層修復|替代藥物。輸出後標示待人工法規審核。
LINE211,@111wrvef,2026-09-17,週四,12:00,入秋溫差與銀髮活動舒適,C,運動後與勞動後局部不適,運動後局部痠痛的保守處理,反常識,運動族、搬重物、久站與勞動工作者,運動或勞動後的局部肌肉痠痛，可短期按摩舒緩,明顯腫脹、劇痛、活動受限或疑似受傷時，請先就醫。,中,pending_legal_pharmacist_review,not_ready,text_plus_image_card,運動後伸展、局部按摩、戶外或健身情境,收藏提醒,本產品為外用油膏，請依核准標示使用；若症狀持續或惡化，請諮詢醫師或藥師。,根治|治療疾病|消炎治本|打通經絡|一擦就好|保證有效|深層修復|替代藥物,請為 LINE OA @111wrvef 產生一則繁體中文貼文。主題：運動後局部痠痛的保守處理。支柱：C-運動後與勞動後局部不適。角度：反常識。受眾：運動族、搬重物、久站與勞動工作者。只能使用保守宣稱：運動或勞動後的局部肌肉痠痛，可短期按摩舒緩。必須提醒：明顯腫脹、劇痛、活動受限或疑似受傷時，請先就醫。。文案需手機易讀，包含標題、Hook、120-220字正文、CTA、3-5個hashtag、圖卡三行字。禁用詞：根治|治療疾病|消炎治本|打通經絡|一擦就好|保證有效|深層修復|替代藥物。輸出後標示待人工法規審核。
LINE212,@111wrvef,2026-09-17,週四,20:00,入秋溫差與銀髮活動舒適,A,產品教育與成分透明,冬青油與清涼舒緩體感,藥證可查,已購買或正在觀望的一條根使用者,依標示外用，提供局部按摩與暫時舒緩體感,僅供外用；避免眼周、黏膜、破皮或傷口。,中,pending_legal_pharmacist_review,not_ready,text_plus_image_card,產品特寫、成分植物、乾淨桌面、金色暖光,私訊/了解更多,本產品為外用油膏，請依核准標示使用；若症狀持續或惡化，請諮詢醫師或藥師。,根治|治療疾病|消炎治本|打通經絡|一擦就好|保證有效|深層修復|替代藥物,請為 LINE OA @111wrvef 產生一則繁體中文貼文。主題：冬青油與清涼舒緩體感。支柱：A-產品教育與成分透明。角度：藥證可查。受眾：已購買或正在觀望的一條根使用者。只能使用保守宣稱：依標示外用，提供局部按摩與暫時舒緩體感。必須提醒：僅供外用；避免眼周、黏膜、破皮或傷口。。文案需手機易讀，包含標題、Hook、120-220字正文、CTA、3-5個hashtag、圖卡三行字。禁用詞：根治|治療疾病|消炎治本|打通經絡|一擦就好|保證有效|深層修復|替代藥物。輸出後標示待人工法規審核。
LINE213,@111wrvef,2026-09-18,週五,12:00,入秋溫差與銀髮活動舒適,D,銀髮日常與輕微關節不適,早晨活動前的關節暖身,互動型,40-70 歲注重日常活動舒適度的族群,輕微關節痠痛可短期舒緩，但不可宣稱治療疾病,關節腫痛、紅熱、長期疼痛或行走困難，請就醫評估。,中,pending_legal_pharmacist_review,not_ready,text_plus_image_card,長輩日常、散步、溫暖居家光線,收藏提醒,本產品為外用油膏，請依核准標示使用；若症狀持續或惡化，請諮詢醫師或藥師。,根治|治療疾病|消炎治本|打通經絡|一擦就好|保證有效|深層修復|替代藥物,請為 LINE OA @111wrvef 產生一則繁體中文貼文。主題：早晨活動前的關節暖身。支柱：D-銀髮日常與輕微關節不適。角度：互動型。受眾：40-70 歲注重日常活動舒適度的族群。只能使用保守宣稱：輕微關節痠痛可短期舒緩，但不可宣稱治療疾病。必須提醒：關節腫痛、紅熱、長期疼痛或行走困難，請就醫評估。。文案需手機易讀，包含標題、Hook、120-220字正文、CTA、3-5個hashtag、圖卡三行字。禁用詞：根治|治療疾病|消炎治本|打通經絡|一擦就好|保證有效|深層修復|替代藥物。輸出後標示待人工法規審核。
LINE214,@111wrvef,2026-09-18,週五,20:00,入秋溫差與銀髮活動舒適,E,用藥安全與禁忌提醒,不能擦在破皮或傷口,風險提醒,所有使用者、照護者與家庭購買者,安全使用比用得多更重要，依標示與風險族群提醒,2 歲以下、孕哺、過敏體質、抗凝血藥使用者請先詢問專業人員。,高,pending_legal_pharmacist_review,not_ready,text_plus_image_card,安全提醒圖卡、清楚 icon、紅黃綠分級,私訊/了解更多,僅供外用。避免接觸眼睛、黏膜、破皮或傷口；特殊族群使用前請先諮詢專業人員。,根治|治療疾病|消炎治本|打通經絡|一擦就好|保證有效|深層修復|替代藥物,請為 LINE OA @111wrvef 產生一則繁體中文貼文。主題：不能擦在破皮或傷口。支柱：E-用藥安全與禁忌提醒。角度：風險提醒。受眾：所有使用者、照護者與家庭購買者。只能使用保守宣稱：安全使用比用得多更重要，依標示與風險族群提醒。必須提醒：2 歲以下、孕哺、過敏體質、抗凝血藥使用者請先詢問專業人員。。文案需手機易讀，包含標題、Hook、120-220字正文、CTA、3-5個hashtag、圖卡三行字。禁用詞：根治|治療疾病|消炎治本|打通經絡|一擦就好|保證有效|深層修復|替代藥物。輸出後標示待人工法規審核。
LINE215,@111wrvef,2026-09-19,週六,12:00,入秋溫差與銀髮活動舒適,F,季節節氣與生活保健,芒種後濕熱生活保養,節氣型,喜歡養生、節氣與日常保健的 LINE 讀者,以生活保健與身體覺察為主，不做醫療療效宣稱,節氣養生屬一般生活資訊，身體不適仍應諮詢專業人員。,低,pending_legal_pharmacist_review,not_ready,text_plus_image_card,節氣自然景、草本、季節色彩,收藏提醒,本內容為一般生活保健資訊，非醫療診斷或治療建議。,根治|治療疾病|消炎治本|打通經絡|一擦就好|保證有效|深層修復|替代藥物,請為 LINE OA @111wrvef 產生一則繁體中文貼文。主題：芒種後濕熱生活保養。支柱：F-季節節氣與生活保健。角度：節氣型。受眾：喜歡養生、節氣與日常保健的 LINE 讀者。只能使用保守宣稱：以生活保健與身體覺察為主，不做醫療療效宣稱。必須提醒：節氣養生屬一般生活資訊，身體不適仍應諮詢專業人員。。文案需手機易讀，包含標題、Hook、120-220字正文、CTA、3-5個hashtag、圖卡三行字。禁用詞：根治|治療疾病|消炎治本|打通經絡|一擦就好|保證有效|深層修復|替代藥物。輸出後標示待人工法規審核。
LINE216,@111wrvef,2026-09-19,週六,20:00,入秋溫差與銀髮活動舒適,C,運動後與勞動後局部不適,久站後小腿不適舒緩,步驟型,運動族、搬重物、久站與勞動工作者,運動或勞動後的局部肌肉痠痛，可短期按摩舒緩,明顯腫脹、劇痛、活動受限或疑似受傷時，請先就醫。,中,pending_legal_pharmacist_review,not_ready,text_plus_image_card,運動後伸展、局部按摩、戶外或健身情境,私訊/了解更多,本產品為外用油膏，請依核准標示使用；若症狀持續或惡化，請諮詢醫師或藥師。,根治|治療疾病|消炎治本|打通經絡|一擦就好|保證有效|深層修復|替代藥物,請為 LINE OA @111wrvef 產生一則繁體中文貼文。主題：久站後小腿不適舒緩。支柱：C-運動後與勞動後局部不適。角度：步驟型。受眾：運動族、搬重物、久站與勞動工作者。只能使用保守宣稱：運動或勞動後的局部肌肉痠痛，可短期按摩舒緩。必須提醒：明顯腫脹、劇痛、活動受限或疑似受傷時，請先就醫。。文案需手機易讀，包含標題、Hook、120-220字正文、CTA、3-5個hashtag、圖卡三行字。禁用詞：根治|治療疾病|消炎治本|打通經絡|一擦就好|保證有效|深層修復|替代藥物。輸出後標示待人工法規審核。
LINE217,@111wrvef,2026-09-20,週日,12:00,入秋溫差與銀髮活動舒適,G,互動問答與使用情境,你最常哪個部位緊繃,投票型,LINE OA 好友、回購客與新客,用問答降低誤用，讓使用者知道何時該詢問專業人員,互動回答不取代醫師或藥師建議。,低,pending_legal_pharmacist_review,not_ready,text_plus_image_card,LINE 互動投票圖卡、問句大字、簡潔背景,留言互動,本內容為一般生活保健資訊，非醫療診斷或治療建議。,根治|治療疾病|消炎治本|打通經絡|一擦就好|保證有效|深層修復|替代藥物,請為 LINE OA @111wrvef 產生一則繁體中文貼文。主題：你最常哪個部位緊繃。支柱：G-互動問答與使用情境。角度：投票型。受眾：LINE OA 好友、回購客與新客。只能使用保守宣稱：用問答降低誤用，讓使用者知道何時該詢問專業人員。必須提醒：互動回答不取代醫師或藥師建議。。文案需手機易讀，包含標題、Hook、120-220字正文、CTA、3-5個hashtag、圖卡三行字。禁用詞：根治|治療疾病|消炎治本|打通經絡|一擦就好|保證有效|深層修復|替代藥物。輸出後標示待人工法規審核。
LINE218,@111wrvef,2026-09-20,週日,20:00,入秋溫差與銀髮活動舒適,D,銀髮日常與輕微關節不適,長輩外用膏使用安全,生活型,40-70 歲注重日常活動舒適度的族群,輕微關節痠痛可短期舒緩，但不可宣稱治療疾病,關節腫痛、紅熱、長期疼痛或行走困難，請就醫評估。,中,pending_legal_pharmacist_review,not_ready,text_plus_image_card,長輩日常、散步、溫暖居家光線,私訊/了解更多,本產品為外用油膏，請依核准標示使用；若症狀持續或惡化，請諮詢醫師或藥師。,根治|治療疾病|消炎治本|打通經絡|一擦就好|保證有效|深層修復|替代藥物,請為 LINE OA @111wrvef 產生一則繁體中文貼文。主題：長輩外用膏使用安全。支柱：D-銀髮日常與輕微關節不適。角度：生活型。受眾：40-70 歲注重日常活動舒適度的族群。只能使用保守宣稱：輕微關節痠痛可短期舒緩，但不可宣稱治療疾病。必須提醒：關節腫痛、紅熱、長期疼痛或行走困難，請就醫評估。。文案需手機易讀，包含標題、Hook、120-220字正文、CTA、3-5個hashtag、圖卡三行字。禁用詞：根治|治療疾病|消炎治本|打通經絡|一擦就好|保證有效|深層修復|替代藥物。輸出後標示待人工法規審核。
LINE219,@111wrvef,2026-09-21,週一,12:00,入秋溫差與銀髮活動舒適,B,肩頸久坐與辦公族,辦公桌前的姿勢檢查,步驟型,長時間低頭、久坐、用電腦的上班族,久坐低頭後，可搭配伸展與局部按摩舒緩緊繃不適,若痠痛持續、麻木或影響活動，請諮詢醫師或藥師。,低,pending_legal_pharmacist_review,not_ready,text_plus_image_card,辦公室、肩頸伸展、清爽自然光,收藏提醒,本內容為一般生活保健資訊，非醫療診斷或治療建議。,根治|治療疾病|消炎治本|打通經絡|一擦就好|保證有效|深層修復|替代藥物,請為 LINE OA @111wrvef 產生一則繁體中文貼文。主題：辦公桌前的姿勢檢查。支柱：B-肩頸久坐與辦公族。角度：步驟型。受眾：長時間低頭、久坐、用電腦的上班族。只能使用保守宣稱：久坐低頭後，可搭配伸展與局部按摩舒緩緊繃不適。必須提醒：若痠痛持續、麻木或影響活動，請諮詢醫師或藥師。。文案需手機易讀，包含標題、Hook、120-220字正文、CTA、3-5個hashtag、圖卡三行字。禁用詞：根治|治療疾病|消炎治本|打通經絡|一擦就好|保證有效|深層修復|替代藥物。輸出後標示待人工法規審核。
LINE220,@111wrvef,2026-09-21,週一,20:00,入秋溫差與銀髮活動舒適,A,產品教育與成分透明,薄荷腦帶來的涼感來源,正確用量,已購買或正在觀望的一條根使用者,依標示外用，提供局部按摩與暫時舒緩體感,僅供外用；避免眼周、黏膜、破皮或傷口。,中,pending_legal_pharmacist_review,not_ready,text_plus_image_card,產品特寫、成分植物、乾淨桌面、金色暖光,私訊/了解更多,本產品為外用油膏，請依核准標示使用；若症狀持續或惡化，請諮詢醫師或藥師。,根治|治療疾病|消炎治本|打通經絡|一擦就好|保證有效|深層修復|替代藥物,請為 LINE OA @111wrvef 產生一則繁體中文貼文。主題：薄荷腦帶來的涼感來源。支柱：A-產品教育與成分透明。角度：正確用量。受眾：已購買或正在觀望的一條根使用者。只能使用保守宣稱：依標示外用，提供局部按摩與暫時舒緩體感。必須提醒：僅供外用；避免眼周、黏膜、破皮或傷口。。文案需手機易讀，包含標題、Hook、120-220字正文、CTA、3-5個hashtag、圖卡三行字。禁用詞：根治|治療疾病|消炎治本|打通經絡|一擦就好|保證有效|深層修復|替代藥物。輸出後標示待人工法規審核。
LINE221,@111wrvef,2026-09-22,週二,12:00,入秋溫差與銀髮活動舒適,F,季節節氣與生活保健,夏季冷氣房的肩頸保養,提醒型,喜歡養生、節氣與日常保健的 LINE 讀者,以生活保健與身體覺察為主，不做醫療療效宣稱,節氣養生屬一般生活資訊，身體不適仍應諮詢專業人員。,低,pending_legal_pharmacist_review,not_ready,text_plus_image_card,節氣自然景、草本、季節色彩,收藏提醒,本內容為一般生活保健資訊，非醫療診斷或治療建議。,根治|治療疾病|消炎治本|打通經絡|一擦就好|保證有效|深層修復|替代藥物,請為 LINE OA @111wrvef 產生一則繁體中文貼文。主題：夏季冷氣房的肩頸保養。支柱：F-季節節氣與生活保健。角度：提醒型。受眾：喜歡養生、節氣與日常保健的 LINE 讀者。只能使用保守宣稱：以生活保健與身體覺察為主，不做醫療療效宣稱。必須提醒：節氣養生屬一般生活資訊，身體不適仍應諮詢專業人員。。文案需手機易讀，包含標題、Hook、120-220字正文、CTA、3-5個hashtag、圖卡三行字。禁用詞：根治|治療疾病|消炎治本|打通經絡|一擦就好|保證有效|深層修復|替代藥物。輸出後標示待人工法規審核。
LINE222,@111wrvef,2026-09-22,週二,20:00,入秋溫差與銀髮活動舒適,E,用藥安全與禁忌提醒,外用膏避免眼周與黏膜,清單型,所有使用者、照護者與家庭購買者,安全使用比用得多更重要，依標示與風險族群提醒,2 歲以下、孕哺、過敏體質、抗凝血藥使用者請先詢問專業人員。,高,pending_legal_pharmacist_review,not_ready,text_plus_image_card,安全提醒圖卡、清楚 icon、紅黃綠分級,私訊/了解更多,僅供外用。避免接觸眼睛、黏膜、破皮或傷口；特殊族群使用前請先諮詢專業人員。,根治|治療疾病|消炎治本|打通經絡|一擦就好|保證有效|深層修復|替代藥物,請為 LINE OA @111wrvef 產生一則繁體中文貼文。主題：外用膏避免眼周與黏膜。支柱：E-用藥安全與禁忌提醒。角度：清單型。受眾：所有使用者、照護者與家庭購買者。只能使用保守宣稱：安全使用比用得多更重要，依標示與風險族群提醒。必須提醒：2 歲以下、孕哺、過敏體質、抗凝血藥使用者請先詢問專業人員。。文案需手機易讀，包含標題、Hook、120-220字正文、CTA、3-5個hashtag、圖卡三行字。禁用詞：根治|治療疾病|消炎治本|打通經絡|一擦就好|保證有效|深層修復|替代藥物。輸出後標示待人工法規審核。
LINE223,@111wrvef,2026-09-23,週三,12:00,入秋溫差與銀髮活動舒適,H,品牌信任與法規透明,合法宣傳比誇大更長久,信任型,重視藥證、成分、品質與合法性的消費者,強調藥證、標示、保守宣稱與人工審核流程,所有廣告文案仍須依主管機關與專業人員審核。,中,pending_legal_pharmacist_review,not_ready,text_plus_image_card,藥證透明、標示檢查、品牌信任感,收藏提醒,本產品為外用油膏，請依核准標示使用；若症狀持續或惡化，請諮詢醫師或藥師。,根治|治療疾病|消炎治本|打通經絡|一擦就好|保證有效|深層修復|替代藥物,請為 LINE OA @111wrvef 產生一則繁體中文貼文。主題：合法宣傳比誇大更長久。支柱：H-品牌信任與法規透明。角度：信任型。受眾：重視藥證、成分、品質與合法性的消費者。只能使用保守宣稱：強調藥證、標示、保守宣稱與人工審核流程。必須提醒：所有廣告文案仍須依主管機關與專業人員審核。。文案需手機易讀，包含標題、Hook、120-220字正文、CTA、3-5個hashtag、圖卡三行字。禁用詞：根治|治療疾病|消炎治本|打通經絡|一擦就好|保證有效|深層修復|替代藥物。輸出後標示待人工法規審核。
LINE224,@111wrvef,2026-09-23,週三,20:00,入秋溫差與銀髮活動舒適,G,互動問答與使用情境,你習慣運動前還是運動後保養,情境型,LINE OA 好友、回購客與新客,用問答降低誤用，讓使用者知道何時該詢問專業人員,互動回答不取代醫師或藥師建議。,低,pending_legal_pharmacist_review,not_ready,text_plus_image_card,LINE 互動投票圖卡、問句大字、簡潔背景,留言互動,本內容為一般生活保健資訊，非醫療診斷或治療建議。,根治|治療疾病|消炎治本|打通經絡|一擦就好|保證有效|深層修復|替代藥物,請為 LINE OA @111wrvef 產生一則繁體中文貼文。主題：你習慣運動前還是運動後保養。支柱：G-互動問答與使用情境。角度：情境型。受眾：LINE OA 好友、回購客與新客。只能使用保守宣稱：用問答降低誤用，讓使用者知道何時該詢問專業人員。必須提醒：互動回答不取代醫師或藥師建議。。文案需手機易讀，包含標題、Hook、120-220字正文、CTA、3-5個hashtag、圖卡三行字。禁用詞：根治|治療疾病|消炎治本|打通經絡|一擦就好|保證有效|深層修復|替代藥物。輸出後標示待人工法規審核。
LINE225,@111wrvef,2026-09-24,週四,12:00,入秋溫差與銀髮活動舒適,C,運動後與勞動後局部不適,搬重物後腰背保養,場景型,運動族、搬重物、久站與勞動工作者,運動或勞動後的局部肌肉痠痛，可短期按摩舒緩,明顯腫脹、劇痛、活動受限或疑似受傷時，請先就醫。,中,pending_legal_pharmacist_review,not_ready,text_plus_image_card,運動後伸展、局部按摩、戶外或健身情境,收藏提醒,本產品為外用油膏，請依核准標示使用；若症狀持續或惡化，請諮詢醫師或藥師。,根治|治療疾病|消炎治本|打通經絡|一擦就好|保證有效|深層修復|替代藥物,請為 LINE OA @111wrvef 產生一則繁體中文貼文。主題：搬重物後腰背保養。支柱：C-運動後與勞動後局部不適。角度：場景型。受眾：運動族、搬重物、久站與勞動工作者。只能使用保守宣稱：運動或勞動後的局部肌肉痠痛，可短期按摩舒緩。必須提醒：明顯腫脹、劇痛、活動受限或疑似受傷時，請先就醫。。文案需手機易讀，包含標題、Hook、120-220字正文、CTA、3-5個hashtag、圖卡三行字。禁用詞：根治|治療疾病|消炎治本|打通經絡|一擦就好|保證有效|深層修復|替代藥物。輸出後標示待人工法規審核。
LINE226,@111wrvef,2026-09-24,週四,20:00,入秋溫差與銀髮活動舒適,A,產品教育與成分透明,樟腦外用時的注意界線,成分透明,已購買或正在觀望的一條根使用者,依標示外用，提供局部按摩與暫時舒緩體感,僅供外用；避免眼周、黏膜、破皮或傷口。,中,pending_legal_pharmacist_review,not_ready,text_plus_image_card,產品特寫、成分植物、乾淨桌面、金色暖光,私訊/了解更多,本產品為外用油膏，請依核准標示使用；若症狀持續或惡化，請諮詢醫師或藥師。,根治|治療疾病|消炎治本|打通經絡|一擦就好|保證有效|深層修復|替代藥物,請為 LINE OA @111wrvef 產生一則繁體中文貼文。主題：樟腦外用時的注意界線。支柱：A-產品教育與成分透明。角度：成分透明。受眾：已購買或正在觀望的一條根使用者。只能使用保守宣稱：依標示外用，提供局部按摩與暫時舒緩體感。必須提醒：僅供外用；避免眼周、黏膜、破皮或傷口。。文案需手機易讀，包含標題、Hook、120-220字正文、CTA、3-5個hashtag、圖卡三行字。禁用詞：根治|治療疾病|消炎治本|打通經絡|一擦就好|保證有效|深層修復|替代藥物。輸出後標示待人工法規審核。
LINE227,@111wrvef,2026-09-25,週五,12:00,入秋溫差與銀髮活動舒適,D,銀髮日常與輕微關節不適,輕微關節痠痛與疾病治療要分開,保守型,40-70 歲注重日常活動舒適度的族群,輕微關節痠痛可短期舒緩，但不可宣稱治療疾病,關節腫痛、紅熱、長期疼痛或行走困難，請就醫評估。,中,pending_legal_pharmacist_review,not_ready,text_plus_image_card,長輩日常、散步、溫暖居家光線,收藏提醒,本產品為外用油膏，請依核准標示使用；若症狀持續或惡化，請諮詢醫師或藥師。,根治|治療疾病|消炎治本|打通經絡|一擦就好|保證有效|深層修復|替代藥物,請為 LINE OA @111wrvef 產生一則繁體中文貼文。主題：輕微關節痠痛與疾病治療要分開。支柱：D-銀髮日常與輕微關節不適。角度：保守型。受眾：40-70 歲注重日常活動舒適度的族群。只能使用保守宣稱：輕微關節痠痛可短期舒緩，但不可宣稱治療疾病。必須提醒：關節腫痛、紅熱、長期疼痛或行走困難，請就醫評估。。文案需手機易讀，包含標題、Hook、120-220字正文、CTA、3-5個hashtag、圖卡三行字。禁用詞：根治|治療疾病|消炎治本|打通經絡|一擦就好|保證有效|深層修復|替代藥物。輸出後標示待人工法規審核。
LINE228,@111wrvef,2026-09-25,週五,20:00,入秋溫差與銀髮活動舒適,E,用藥安全與禁忌提醒,不要搭配熱敷墊或電毯,QA,所有使用者、照護者與家庭購買者,安全使用比用得多更重要，依標示與風險族群提醒,2 歲以下、孕哺、過敏體質、抗凝血藥使用者請先詢問專業人員。,高,pending_legal_pharmacist_review,not_ready,text_plus_image_card,安全提醒圖卡、清楚 icon、紅黃綠分級,私訊/了解更多,僅供外用。避免接觸眼睛、黏膜、破皮或傷口；特殊族群使用前請先諮詢專業人員。,根治|治療疾病|消炎治本|打通經絡|一擦就好|保證有效|深層修復|替代藥物,請為 LINE OA @111wrvef 產生一則繁體中文貼文。主題：不要搭配熱敷墊或電毯。支柱：E-用藥安全與禁忌提醒。角度：QA。受眾：所有使用者、照護者與家庭購買者。只能使用保守宣稱：安全使用比用得多更重要，依標示與風險族群提醒。必須提醒：2 歲以下、孕哺、過敏體質、抗凝血藥使用者請先詢問專業人員。。文案需手機易讀，包含標題、Hook、120-220字正文、CTA、3-5個hashtag、圖卡三行字。禁用詞：根治|治療疾病|消炎治本|打通經絡|一擦就好|保證有效|深層修復|替代藥物。輸出後標示待人工法規審核。
LINE229,@111wrvef,2026-09-26,週六,12:00,入秋溫差與銀髮活動舒適,F,季節節氣與生活保健,小暑前後活動舒適提醒,提醒型,喜歡養生、節氣與日常保健的 LINE 讀者,以生活保健與身體覺察為主，不做醫療療效宣稱,節氣養生屬一般生活資訊，身體不適仍應諮詢專業人員。,低,pending_legal_pharmacist_review,not_ready,text_plus_image_card,節氣自然景、草本、季節色彩,收藏提醒,本內容為一般生活保健資訊，非醫療診斷或治療建議。,根治|治療疾病|消炎治本|打通經絡|一擦就好|保證有效|深層修復|替代藥物,請為 LINE OA @111wrvef 產生一則繁體中文貼文。主題：小暑前後活動舒適提醒。支柱：F-季節節氣與生活保健。角度：提醒型。受眾：喜歡養生、節氣與日常保健的 LINE 讀者。只能使用保守宣稱：以生活保健與身體覺察為主，不做醫療療效宣稱。必須提醒：節氣養生屬一般生活資訊，身體不適仍應諮詢專業人員。。文案需手機易讀，包含標題、Hook、120-220字正文、CTA、3-5個hashtag、圖卡三行字。禁用詞：根治|治療疾病|消炎治本|打通經絡|一擦就好|保證有效|深層修復|替代藥物。輸出後標示待人工法規審核。
LINE230,@111wrvef,2026-09-26,週六,20:00,入秋溫差與銀髮活動舒適,C,運動後與勞動後局部不適,爬山後腿部按摩提醒,反常識,運動族、搬重物、久站與勞動工作者,運動或勞動後的局部肌肉痠痛，可短期按摩舒緩,明顯腫脹、劇痛、活動受限或疑似受傷時，請先就醫。,中,pending_legal_pharmacist_review,not_ready,text_plus_image_card,運動後伸展、局部按摩、戶外或健身情境,私訊/了解更多,本產品為外用油膏，請依核准標示使用；若症狀持續或惡化，請諮詢醫師或藥師。,根治|治療疾病|消炎治本|打通經絡|一擦就好|保證有效|深層修復|替代藥物,請為 LINE OA @111wrvef 產生一則繁體中文貼文。主題：爬山後腿部按摩提醒。支柱：C-運動後與勞動後局部不適。角度：反常識。受眾：運動族、搬重物、久站與勞動工作者。只能使用保守宣稱：運動或勞動後的局部肌肉痠痛，可短期按摩舒緩。必須提醒：明顯腫脹、劇痛、活動受限或疑似受傷時，請先就醫。。文案需手機易讀，包含標題、Hook、120-220字正文、CTA、3-5個hashtag、圖卡三行字。禁用詞：根治|治療疾病|消炎治本|打通經絡|一擦就好|保證有效|深層修復|替代藥物。輸出後標示待人工法規審核。
LINE231,@111wrvef,2026-09-27,週日,12:00,入秋溫差與銀髮活動舒適,G,互動問答與使用情境,外用膏一次擦多少才剛好,情境型,LINE OA 好友、回購客與新客,用問答降低誤用，讓使用者知道何時該詢問專業人員,互動回答不取代醫師或藥師建議。,低,pending_legal_pharmacist_review,not_ready,text_plus_image_card,LINE 互動投票圖卡、問句大字、簡潔背景,留言互動,本內容為一般生活保健資訊，非醫療診斷或治療建議。,根治|治療疾病|消炎治本|打通經絡|一擦就好|保證有效|深層修復|替代藥物,請為 LINE OA @111wrvef 產生一則繁體中文貼文。主題：外用膏一次擦多少才剛好。支柱：G-互動問答與使用情境。角度：情境型。受眾：LINE OA 好友、回購客與新客。只能使用保守宣稱：用問答降低誤用，讓使用者知道何時該詢問專業人員。必須提醒：互動回答不取代醫師或藥師建議。。文案需手機易讀，包含標題、Hook、120-220字正文、CTA、3-5個hashtag、圖卡三行字。禁用詞：根治|治療疾病|消炎治本|打通經絡|一擦就好|保證有效|深層修復|替代藥物。輸出後標示待人工法規審核。
LINE232,@111wrvef,2026-09-27,週日,20:00,入秋溫差與銀髮活動舒適,D,銀髮日常與輕微關節不適,散步後的膝周保養,互動型,40-70 歲注重日常活動舒適度的族群,輕微關節痠痛可短期舒緩，但不可宣稱治療疾病,關節腫痛、紅熱、長期疼痛或行走困難，請就醫評估。,中,pending_legal_pharmacist_review,not_ready,text_plus_image_card,長輩日常、散步、溫暖居家光線,私訊/了解更多,本產品為外用油膏，請依核准標示使用；若症狀持續或惡化，請諮詢醫師或藥師。,根治|治療疾病|消炎治本|打通經絡|一擦就好|保證有效|深層修復|替代藥物,請為 LINE OA @111wrvef 產生一則繁體中文貼文。主題：散步後的膝周保養。支柱：D-銀髮日常與輕微關節不適。角度：互動型。受眾：40-70 歲注重日常活動舒適度的族群。只能使用保守宣稱：輕微關節痠痛可短期舒緩，但不可宣稱治療疾病。必須提醒：關節腫痛、紅熱、長期疼痛或行走困難，請就醫評估。。文案需手機易讀，包含標題、Hook、120-220字正文、CTA、3-5個hashtag、圖卡三行字。禁用詞：根治|治療疾病|消炎治本|打通經絡|一擦就好|保證有效|深層修復|替代藥物。輸出後標示待人工法規審核。
LINE233,@111wrvef,2026-09-28,週一,12:00,入秋溫差與銀髮活動舒適,B,肩頸久坐與辦公族,肩頸按摩不要只靠用力,提醒型,長時間低頭、久坐、用電腦的上班族,久坐低頭後，可搭配伸展與局部按摩舒緩緊繃不適,若痠痛持續、麻木或影響活動，請諮詢醫師或藥師。,低,pending_legal_pharmacist_review,not_ready,text_plus_image_card,辦公室、肩頸伸展、清爽自然光,收藏提醒,本內容為一般生活保健資訊，非醫療診斷或治療建議。,根治|治療疾病|消炎治本|打通經絡|一擦就好|保證有效|深層修復|替代藥物,請為 LINE OA @111wrvef 產生一則繁體中文貼文。主題：肩頸按摩不要只靠用力。支柱：B-肩頸久坐與辦公族。角度：提醒型。受眾：長時間低頭、久坐、用電腦的上班族。只能使用保守宣稱：久坐低頭後，可搭配伸展與局部按摩舒緩緊繃不適。必須提醒：若痠痛持續、麻木或影響活動，請諮詢醫師或藥師。。文案需手機易讀，包含標題、Hook、120-220字正文、CTA、3-5個hashtag、圖卡三行字。禁用詞：根治|治療疾病|消炎治本|打通經絡|一擦就好|保證有效|深層修復|替代藥物。輸出後標示待人工法規審核。
LINE234,@111wrvef,2026-09-28,週一,20:00,入秋溫差與銀髮活動舒適,A,產品教育與成分透明,油膏劑為什麼適合局部按摩,藥證可查,已購買或正在觀望的一條根使用者,依標示外用，提供局部按摩與暫時舒緩體感,僅供外用；避免眼周、黏膜、破皮或傷口。,中,pending_legal_pharmacist_review,not_ready,text_plus_image_card,產品特寫、成分植物、乾淨桌面、金色暖光,私訊/了解更多,本產品為外用油膏，請依核准標示使用；若症狀持續或惡化，請諮詢醫師或藥師。,根治|治療疾病|消炎治本|打通經絡|一擦就好|保證有效|深層修復|替代藥物,請為 LINE OA @111wrvef 產生一則繁體中文貼文。主題：油膏劑為什麼適合局部按摩。支柱：A-產品教育與成分透明。角度：藥證可查。受眾：已購買或正在觀望的一條根使用者。只能使用保守宣稱：依標示外用，提供局部按摩與暫時舒緩體感。必須提醒：僅供外用；避免眼周、黏膜、破皮或傷口。。文案需手機易讀，包含標題、Hook、120-220字正文、CTA、3-5個hashtag、圖卡三行字。禁用詞：根治|治療疾病|消炎治本|打通經絡|一擦就好|保證有效|深層修復|替代藥物。輸出後標示待人工法規審核。
LINE235,@111wrvef,2026-09-29,週二,12:00,入秋溫差與銀髮活動舒適,F,季節節氣與生活保健,大暑午後少久站硬撐,互動型,喜歡養生、節氣與日常保健的 LINE 讀者,以生活保健與身體覺察為主，不做醫療療效宣稱,節氣養生屬一般生活資訊，身體不適仍應諮詢專業人員。,低,pending_legal_pharmacist_review,not_ready,text_plus_image_card,節氣自然景、草本、季節色彩,收藏提醒,本內容為一般生活保健資訊，非醫療診斷或治療建議。,根治|治療疾病|消炎治本|打通經絡|一擦就好|保證有效|深層修復|替代藥物,請為 LINE OA @111wrvef 產生一則繁體中文貼文。主題：大暑午後少久站硬撐。支柱：F-季節節氣與生活保健。角度：互動型。受眾：喜歡養生、節氣與日常保健的 LINE 讀者。只能使用保守宣稱：以生活保健與身體覺察為主，不做醫療療效宣稱。必須提醒：節氣養生屬一般生活資訊，身體不適仍應諮詢專業人員。。文案需手機易讀，包含標題、Hook、120-220字正文、CTA、3-5個hashtag、圖卡三行字。禁用詞：根治|治療疾病|消炎治本|打通經絡|一擦就好|保證有效|深層修復|替代藥物。輸出後標示待人工法規審核。
LINE236,@111wrvef,2026-09-29,週二,20:00,入秋溫差與銀髮活動舒適,E,用藥安全與禁忌提醒,不要密封包紮或大面積厚敷,風險提醒,所有使用者、照護者與家庭購買者,安全使用比用得多更重要，依標示與風險族群提醒,2 歲以下、孕哺、過敏體質、抗凝血藥使用者請先詢問專業人員。,高,pending_legal_pharmacist_review,not_ready,text_plus_image_card,安全提醒圖卡、清楚 icon、紅黃綠分級,私訊/了解更多,僅供外用。避免接觸眼睛、黏膜、破皮或傷口；特殊族群使用前請先諮詢專業人員。,根治|治療疾病|消炎治本|打通經絡|一擦就好|保證有效|深層修復|替代藥物,請為 LINE OA @111wrvef 產生一則繁體中文貼文。主題：不要密封包紮或大面積厚敷。支柱：E-用藥安全與禁忌提醒。角度：風險提醒。受眾：所有使用者、照護者與家庭購買者。只能使用保守宣稱：安全使用比用得多更重要，依標示與風險族群提醒。必須提醒：2 歲以下、孕哺、過敏體質、抗凝血藥使用者請先詢問專業人員。。文案需手機易讀，包含標題、Hook、120-220字正文、CTA、3-5個hashtag、圖卡三行字。禁用詞：根治|治療疾病|消炎治本|打通經絡|一擦就好|保證有效|深層修復|替代藥物。輸出後標示待人工法規審核。
LINE237,@111wrvef,2026-09-30,週三,12:00,入秋溫差與銀髮活動舒適,H,品牌信任與法規透明,什麼是乙類成藥,流程型,重視藥證、成分、品質與合法性的消費者,強調藥證、標示、保守宣稱與人工審核流程,所有廣告文案仍須依主管機關與專業人員審核。,中,pending_legal_pharmacist_review,not_ready,text_plus_image_card,藥證透明、標示檢查、品牌信任感,收藏提醒,本產品為外用油膏，請依核准標示使用；若症狀持續或惡化，請諮詢醫師或藥師。,根治|治療疾病|消炎治本|打通經絡|一擦就好|保證有效|深層修復|替代藥物,請為 LINE OA @111wrvef 產生一則繁體中文貼文。主題：什麼是乙類成藥。支柱：H-品牌信任與法規透明。角度：流程型。受眾：重視藥證、成分、品質與合法性的消費者。只能使用保守宣稱：強調藥證、標示、保守宣稱與人工審核流程。必須提醒：所有廣告文案仍須依主管機關與專業人員審核。。文案需手機易讀，包含標題、Hook、120-220字正文、CTA、3-5個hashtag、圖卡三行字。禁用詞：根治|治療疾病|消炎治本|打通經絡|一擦就好|保證有效|深層修復|替代藥物。輸出後標示待人工法規審核。
LINE238,@111wrvef,2026-09-30,週三,20:00,入秋溫差與銀髮活動舒適,G,互動問答與使用情境,涼感越強越有效嗎,問答型,LINE OA 好友、回購客與新客,用問答降低誤用，讓使用者知道何時該詢問專業人員,互動回答不取代醫師或藥師建議。,低,pending_legal_pharmacist_review,not_ready,text_plus_image_card,LINE 互動投票圖卡、問句大字、簡潔背景,留言互動,本內容為一般生活保健資訊，非醫療診斷或治療建議。,根治|治療疾病|消炎治本|打通經絡|一擦就好|保證有效|深層修復|替代藥物,請為 LINE OA @111wrvef 產生一則繁體中文貼文。主題：涼感越強越有效嗎。支柱：G-互動問答與使用情境。角度：問答型。受眾：LINE OA 好友、回購客與新客。只能使用保守宣稱：用問答降低誤用，讓使用者知道何時該詢問專業人員。必須提醒：互動回答不取代醫師或藥師建議。。文案需手機易讀，包含標題、Hook、120-220字正文、CTA、3-5個hashtag、圖卡三行字。禁用詞：根治|治療疾病|消炎治本|打通經絡|一擦就好|保證有效|深層修復|替代藥物。輸出後標示待人工法規審核。
LINE239,@111wrvef,2026-10-01,週四,12:00,秋季勞動、旅遊與外用安全,C,運動後與勞動後局部不適,重訓後肩背局部舒緩,保守衛教,運動族、搬重物、久站與勞動工作者,運動或勞動後的局部肌肉痠痛，可短期按摩舒緩,明顯腫脹、劇痛、活動受限或疑似受傷時，請先就醫。,中,pending_legal_pharmacist_review,not_ready,text_plus_image_card,運動後伸展、局部按摩、戶外或健身情境,收藏提醒,本產品為外用油膏，請依核准標示使用；若症狀持續或惡化，請諮詢醫師或藥師。,根治|治療疾病|消炎治本|打通經絡|一擦就好|保證有效|深層修復|替代藥物,請為 LINE OA @111wrvef 產生一則繁體中文貼文。主題：重訓後肩背局部舒緩。支柱：C-運動後與勞動後局部不適。角度：保守衛教。受眾：運動族、搬重物、久站與勞動工作者。只能使用保守宣稱：運動或勞動後的局部肌肉痠痛，可短期按摩舒緩。必須提醒：明顯腫脹、劇痛、活動受限或疑似受傷時，請先就醫。。文案需手機易讀，包含標題、Hook、120-220字正文、CTA、3-5個hashtag、圖卡三行字。禁用詞：根治|治療疾病|消炎治本|打通經絡|一擦就好|保證有效|深層修復|替代藥物。輸出後標示待人工法規審核。
LINE240,@111wrvef,2026-10-01,週四,20:00,秋季勞動、旅遊與外用安全,A,產品教育與成分透明,乙類成藥與一般保健品差異,使用時機,已購買或正在觀望的一條根使用者,依標示外用，提供局部按摩與暫時舒緩體感,僅供外用；避免眼周、黏膜、破皮或傷口。,中,pending_legal_pharmacist_review,not_ready,text_plus_image_card,產品特寫、成分植物、乾淨桌面、金色暖光,私訊/了解更多,本產品為外用油膏，請依核准標示使用；若症狀持續或惡化，請諮詢醫師或藥師。,根治|治療疾病|消炎治本|打通經絡|一擦就好|保證有效|深層修復|替代藥物,請為 LINE OA @111wrvef 產生一則繁體中文貼文。主題：乙類成藥與一般保健品差異。支柱：A-產品教育與成分透明。角度：使用時機。受眾：已購買或正在觀望的一條根使用者。只能使用保守宣稱：依標示外用，提供局部按摩與暫時舒緩體感。必須提醒：僅供外用；避免眼周、黏膜、破皮或傷口。。文案需手機易讀，包含標題、Hook、120-220字正文、CTA、3-5個hashtag、圖卡三行字。禁用詞：根治|治療疾病|消炎治本|打通經絡|一擦就好|保證有效|深層修復|替代藥物。輸出後標示待人工法規審核。
LINE241,@111wrvef,2026-10-02,週五,12:00,秋季勞動、旅遊與外用安全,D,銀髮日常與輕微關節不適,天氣變化時的活動舒適感,提醒型,40-70 歲注重日常活動舒適度的族群,輕微關節痠痛可短期舒緩，但不可宣稱治療疾病,關節腫痛、紅熱、長期疼痛或行走困難，請就醫評估。,中,pending_legal_pharmacist_review,not_ready,text_plus_image_card,長輩日常、散步、溫暖居家光線,收藏提醒,本產品為外用油膏，請依核准標示使用；若症狀持續或惡化，請諮詢醫師或藥師。,根治|治療疾病|消炎治本|打通經絡|一擦就好|保證有效|深層修復|替代藥物,請為 LINE OA @111wrvef 產生一則繁體中文貼文。主題：天氣變化時的活動舒適感。支柱：D-銀髮日常與輕微關節不適。角度：提醒型。受眾：40-70 歲注重日常活動舒適度的族群。只能使用保守宣稱：輕微關節痠痛可短期舒緩，但不可宣稱治療疾病。必須提醒：關節腫痛、紅熱、長期疼痛或行走困難，請就醫評估。。文案需手機易讀，包含標題、Hook、120-220字正文、CTA、3-5個hashtag、圖卡三行字。禁用詞：根治|治療疾病|消炎治本|打通經絡|一擦就好|保證有效|深層修復|替代藥物。輸出後標示待人工法規審核。
LINE242,@111wrvef,2026-10-02,週五,20:00,秋季勞動、旅遊與外用安全,E,用藥安全與禁忌提醒,水楊酸或阿斯匹靈過敏者注意,闢謠型,所有使用者、照護者與家庭購買者,安全使用比用得多更重要，依標示與風險族群提醒,2 歲以下、孕哺、過敏體質、抗凝血藥使用者請先詢問專業人員。,高,pending_legal_pharmacist_review,not_ready,text_plus_image_card,安全提醒圖卡、清楚 icon、紅黃綠分級,私訊/了解更多,僅供外用。避免接觸眼睛、黏膜、破皮或傷口；特殊族群使用前請先諮詢專業人員。,根治|治療疾病|消炎治本|打通經絡|一擦就好|保證有效|深層修復|替代藥物,請為 LINE OA @111wrvef 產生一則繁體中文貼文。主題：水楊酸或阿斯匹靈過敏者注意。支柱：E-用藥安全與禁忌提醒。角度：闢謠型。受眾：所有使用者、照護者與家庭購買者。只能使用保守宣稱：安全使用比用得多更重要，依標示與風險族群提醒。必須提醒：2 歲以下、孕哺、過敏體質、抗凝血藥使用者請先詢問專業人員。。文案需手機易讀，包含標題、Hook、120-220字正文、CTA、3-5個hashtag、圖卡三行字。禁用詞：根治|治療疾病|消炎治本|打通經絡|一擦就好|保證有效|深層修復|替代藥物。輸出後標示待人工法規審核。
LINE243,@111wrvef,2026-10-03,週六,12:00,秋季勞動、旅遊與外用安全,F,季節節氣與生活保健,立秋後早晚溫差保養,互動型,喜歡養生、節氣與日常保健的 LINE 讀者,以生活保健與身體覺察為主，不做醫療療效宣稱,節氣養生屬一般生活資訊，身體不適仍應諮詢專業人員。,低,pending_legal_pharmacist_review,not_ready,text_plus_image_card,節氣自然景、草本、季節色彩,收藏提醒,本內容為一般生活保健資訊，非醫療診斷或治療建議。,根治|治療疾病|消炎治本|打通經絡|一擦就好|保證有效|深層修復|替代藥物,請為 LINE OA @111wrvef 產生一則繁體中文貼文。主題：立秋後早晚溫差保養。支柱：F-季節節氣與生活保健。角度：互動型。受眾：喜歡養生、節氣與日常保健的 LINE 讀者。只能使用保守宣稱：以生活保健與身體覺察為主，不做醫療療效宣稱。必須提醒：節氣養生屬一般生活資訊，身體不適仍應諮詢專業人員。。文案需手機易讀，包含標題、Hook、120-220字正文、CTA、3-5個hashtag、圖卡三行字。禁用詞：根治|治療疾病|消炎治本|打通經絡|一擦就好|保證有效|深層修復|替代藥物。輸出後標示待人工法規審核。
LINE244,@111wrvef,2026-10-03,週六,20:00,秋季勞動、旅遊與外用安全,C,運動後與勞動後局部不適,家事後手臂不適保養,場景型,運動族、搬重物、久站與勞動工作者,運動或勞動後的局部肌肉痠痛，可短期按摩舒緩,明顯腫脹、劇痛、活動受限或疑似受傷時，請先就醫。,中,pending_legal_pharmacist_review,not_ready,text_plus_image_card,運動後伸展、局部按摩、戶外或健身情境,私訊/了解更多,本產品為外用油膏，請依核准標示使用；若症狀持續或惡化，請諮詢醫師或藥師。,根治|治療疾病|消炎治本|打通經絡|一擦就好|保證有效|深層修復|替代藥物,請為 LINE OA @111wrvef 產生一則繁體中文貼文。主題：家事後手臂不適保養。支柱：C-運動後與勞動後局部不適。角度：場景型。受眾：運動族、搬重物、久站與勞動工作者。只能使用保守宣稱：運動或勞動後的局部肌肉痠痛，可短期按摩舒緩。必須提醒：明顯腫脹、劇痛、活動受限或疑似受傷時，請先就醫。。文案需手機易讀，包含標題、Hook、120-220字正文、CTA、3-5個hashtag、圖卡三行字。禁用詞：根治|治療疾病|消炎治本|打通經絡|一擦就好|保證有效|深層修復|替代藥物。輸出後標示待人工法規審核。
LINE245,@111wrvef,2026-10-04,週日,12:00,秋季勞動、旅遊與外用安全,G,互動問答與使用情境,你有看過外用產品標示嗎,問答型,LINE OA 好友、回購客與新客,用問答降低誤用，讓使用者知道何時該詢問專業人員,互動回答不取代醫師或藥師建議。,低,pending_legal_pharmacist_review,not_ready,text_plus_image_card,LINE 互動投票圖卡、問句大字、簡潔背景,留言互動,本內容為一般生活保健資訊，非醫療診斷或治療建議。,根治|治療疾病|消炎治本|打通經絡|一擦就好|保證有效|深層修復|替代藥物,請為 LINE OA @111wrvef 產生一則繁體中文貼文。主題：你有看過外用產品標示嗎。支柱：G-互動問答與使用情境。角度：問答型。受眾：LINE OA 好友、回購客與新客。只能使用保守宣稱：用問答降低誤用，讓使用者知道何時該詢問專業人員。必須提醒：互動回答不取代醫師或藥師建議。。文案需手機易讀，包含標題、Hook、120-220字正文、CTA、3-5個hashtag、圖卡三行字。禁用詞：根治|治療疾病|消炎治本|打通經絡|一擦就好|保證有效|深層修復|替代藥物。輸出後標示待人工法規審核。
LINE246,@111wrvef,2026-10-04,週日,20:00,秋季勞動、旅遊與外用安全,D,銀髮日常與輕微關節不適,長輩按摩力道不要過重,保守型,40-70 歲注重日常活動舒適度的族群,輕微關節痠痛可短期舒緩，但不可宣稱治療疾病,關節腫痛、紅熱、長期疼痛或行走困難，請就醫評估。,中,pending_legal_pharmacist_review,not_ready,text_plus_image_card,長輩日常、散步、溫暖居家光線,私訊/了解更多,本產品為外用油膏，請依核准標示使用；若症狀持續或惡化，請諮詢醫師或藥師。,根治|治療疾病|消炎治本|打通經絡|一擦就好|保證有效|深層修復|替代藥物,請為 LINE OA @111wrvef 產生一則繁體中文貼文。主題：長輩按摩力道不要過重。支柱：D-銀髮日常與輕微關節不適。角度：保守型。受眾：40-70 歲注重日常活動舒適度的族群。只能使用保守宣稱：輕微關節痠痛可短期舒緩，但不可宣稱治療疾病。必須提醒：關節腫痛、紅熱、長期疼痛或行走困難，請就醫評估。。文案需手機易讀，包含標題、Hook、120-220字正文、CTA、3-5個hashtag、圖卡三行字。禁用詞：根治|治療疾病|消炎治本|打通經絡|一擦就好|保證有效|深層修復|替代藥物。輸出後標示待人工法規審核。
LINE247,@111wrvef,2026-10-05,週一,12:00,秋季勞動、旅遊與外用安全,B,肩頸久坐與辦公族,久坐族晚間舒緩儀式,問句型,長時間低頭、久坐、用電腦的上班族,久坐低頭後，可搭配伸展與局部按摩舒緩緊繃不適,若痠痛持續、麻木或影響活動，請諮詢醫師或藥師。,低,pending_legal_pharmacist_review,not_ready,text_plus_image_card,辦公室、肩頸伸展、清爽自然光,收藏提醒,本內容為一般生活保健資訊，非醫療診斷或治療建議。,根治|治療疾病|消炎治本|打通經絡|一擦就好|保證有效|深層修復|替代藥物,請為 LINE OA @111wrvef 產生一則繁體中文貼文。主題：久坐族晚間舒緩儀式。支柱：B-肩頸久坐與辦公族。角度：問句型。受眾：長時間低頭、久坐、用電腦的上班族。只能使用保守宣稱：久坐低頭後，可搭配伸展與局部按摩舒緩緊繃不適。必須提醒：若痠痛持續、麻木或影響活動，請諮詢醫師或藥師。。文案需手機易讀，包含標題、Hook、120-220字正文、CTA、3-5個hashtag、圖卡三行字。禁用詞：根治|治療疾病|消炎治本|打通經絡|一擦就好|保證有效|深層修復|替代藥物。輸出後標示待人工法規審核。
LINE248,@111wrvef,2026-10-05,週一,20:00,秋季勞動、旅遊與外用安全,A,產品教育與成分透明,一條根外用膏的日常定位,成分透明,已購買或正在觀望的一條根使用者,依標示外用，提供局部按摩與暫時舒緩體感,僅供外用；避免眼周、黏膜、破皮或傷口。,中,pending_legal_pharmacist_review,not_ready,text_plus_image_card,產品特寫、成分植物、乾淨桌面、金色暖光,私訊/了解更多,本產品為外用油膏，請依核准標示使用；若症狀持續或惡化，請諮詢醫師或藥師。,根治|治療疾病|消炎治本|打通經絡|一擦就好|保證有效|深層修復|替代藥物,請為 LINE OA @111wrvef 產生一則繁體中文貼文。主題：一條根外用膏的日常定位。支柱：A-產品教育與成分透明。角度：成分透明。受眾：已購買或正在觀望的一條根使用者。只能使用保守宣稱：依標示外用，提供局部按摩與暫時舒緩體感。必須提醒：僅供外用；避免眼周、黏膜、破皮或傷口。。文案需手機易讀，包含標題、Hook、120-220字正文、CTA、3-5個hashtag、圖卡三行字。禁用詞：根治|治療疾病|消炎治本|打通經絡|一擦就好|保證有效|深層修復|替代藥物。輸出後標示待人工法規審核。
LINE249,@111wrvef,2026-10-06,週二,12:00,秋季勞動、旅遊與外用安全,F,季節節氣與生活保健,處暑後運動暖身提醒,生活型,喜歡養生、節氣與日常保健的 LINE 讀者,以生活保健與身體覺察為主，不做醫療療效宣稱,節氣養生屬一般生活資訊，身體不適仍應諮詢專業人員。,低,pending_legal_pharmacist_review,not_ready,text_plus_image_card,節氣自然景、草本、季節色彩,收藏提醒,本內容為一般生活保健資訊，非醫療診斷或治療建議。,根治|治療疾病|消炎治本|打通經絡|一擦就好|保證有效|深層修復|替代藥物,請為 LINE OA @111wrvef 產生一則繁體中文貼文。主題：處暑後運動暖身提醒。支柱：F-季節節氣與生活保健。角度：生活型。受眾：喜歡養生、節氣與日常保健的 LINE 讀者。只能使用保守宣稱：以生活保健與身體覺察為主，不做醫療療效宣稱。必須提醒：節氣養生屬一般生活資訊，身體不適仍應諮詢專業人員。。文案需手機易讀，包含標題、Hook、120-220字正文、CTA、3-5個hashtag、圖卡三行字。禁用詞：根治|治療疾病|消炎治本|打通經絡|一擦就好|保證有效|深層修復|替代藥物。輸出後標示待人工法規審核。
LINE250,@111wrvef,2026-10-06,週二,20:00,秋季勞動、旅遊與外用安全,E,用藥安全與禁忌提醒,兒童使用前的安全提醒,QA,所有使用者、照護者與家庭購買者,安全使用比用得多更重要，依標示與風險族群提醒,2 歲以下、孕哺、過敏體質、抗凝血藥使用者請先詢問專業人員。,高,pending_legal_pharmacist_review,not_ready,text_plus_image_card,安全提醒圖卡、清楚 icon、紅黃綠分級,私訊/了解更多,僅供外用。避免接觸眼睛、黏膜、破皮或傷口；特殊族群使用前請先諮詢專業人員。,根治|治療疾病|消炎治本|打通經絡|一擦就好|保證有效|深層修復|替代藥物,請為 LINE OA @111wrvef 產生一則繁體中文貼文。主題：兒童使用前的安全提醒。支柱：E-用藥安全與禁忌提醒。角度：QA。受眾：所有使用者、照護者與家庭購買者。只能使用保守宣稱：安全使用比用得多更重要，依標示與風險族群提醒。必須提醒：2 歲以下、孕哺、過敏體質、抗凝血藥使用者請先詢問專業人員。。文案需手機易讀，包含標題、Hook、120-220字正文、CTA、3-5個hashtag、圖卡三行字。禁用詞：根治|治療疾病|消炎治本|打通經絡|一擦就好|保證有效|深層修復|替代藥物。輸出後標示待人工法規審核。
LINE251,@111wrvef,2026-10-07,週三,12:00,秋季勞動、旅遊與外用安全,H,品牌信任與法規透明,官方適應症與社群文案的差異,保守型,重視藥證、成分、品質與合法性的消費者,強調藥證、標示、保守宣稱與人工審核流程,所有廣告文案仍須依主管機關與專業人員審核。,中,pending_legal_pharmacist_review,not_ready,text_plus_image_card,藥證透明、標示檢查、品牌信任感,收藏提醒,本產品為外用油膏，請依核准標示使用；若症狀持續或惡化，請諮詢醫師或藥師。,根治|治療疾病|消炎治本|打通經絡|一擦就好|保證有效|深層修復|替代藥物,請為 LINE OA @111wrvef 產生一則繁體中文貼文。主題：官方適應症與社群文案的差異。支柱：H-品牌信任與法規透明。角度：保守型。受眾：重視藥證、成分、品質與合法性的消費者。只能使用保守宣稱：強調藥證、標示、保守宣稱與人工審核流程。必須提醒：所有廣告文案仍須依主管機關與專業人員審核。。文案需手機易讀，包含標題、Hook、120-220字正文、CTA、3-5個hashtag、圖卡三行字。禁用詞：根治|治療疾病|消炎治本|打通經絡|一擦就好|保證有效|深層修復|替代藥物。輸出後標示待人工法規審核。
LINE252,@111wrvef,2026-10-07,週三,20:00,秋季勞動、旅遊與外用安全,G,互動問答與使用情境,久坐族最想舒緩哪裡,留言型,LINE OA 好友、回購客與新客,用問答降低誤用，讓使用者知道何時該詢問專業人員,互動回答不取代醫師或藥師建議。,低,pending_legal_pharmacist_review,not_ready,text_plus_image_card,LINE 互動投票圖卡、問句大字、簡潔背景,留言互動,本內容為一般生活保健資訊，非醫療診斷或治療建議。,根治|治療疾病|消炎治本|打通經絡|一擦就好|保證有效|深層修復|替代藥物,請為 LINE OA @111wrvef 產生一則繁體中文貼文。主題：久坐族最想舒緩哪裡。支柱：G-互動問答與使用情境。角度：留言型。受眾：LINE OA 好友、回購客與新客。只能使用保守宣稱：用問答降低誤用，讓使用者知道何時該詢問專業人員。必須提醒：互動回答不取代醫師或藥師建議。。文案需手機易讀，包含標題、Hook、120-220字正文、CTA、3-5個hashtag、圖卡三行字。禁用詞：根治|治療疾病|消炎治本|打通經絡|一擦就好|保證有效|深層修復|替代藥物。輸出後標示待人工法規審核。
LINE253,@111wrvef,2026-10-08,週四,12:00,秋季勞動、旅遊與外用安全,C,運動後與勞動後局部不適,跑步後膝周不適的保守提醒,前後對照,運動族、搬重物、久站與勞動工作者,運動或勞動後的局部肌肉痠痛，可短期按摩舒緩,明顯腫脹、劇痛、活動受限或疑似受傷時，請先就醫。,中,pending_legal_pharmacist_review,not_ready,text_plus_image_card,運動後伸展、局部按摩、戶外或健身情境,收藏提醒,本產品為外用油膏，請依核准標示使用；若症狀持續或惡化，請諮詢醫師或藥師。,根治|治療疾病|消炎治本|打通經絡|一擦就好|保證有效|深層修復|替代藥物,請為 LINE OA @111wrvef 產生一則繁體中文貼文。主題：跑步後膝周不適的保守提醒。支柱：C-運動後與勞動後局部不適。角度：前後對照。受眾：運動族、搬重物、久站與勞動工作者。只能使用保守宣稱：運動或勞動後的局部肌肉痠痛，可短期按摩舒緩。必須提醒：明顯腫脹、劇痛、活動受限或疑似受傷時，請先就醫。。文案需手機易讀，包含標題、Hook、120-220字正文、CTA、3-5個hashtag、圖卡三行字。禁用詞：根治|治療疾病|消炎治本|打通經絡|一擦就好|保證有效|深層修復|替代藥物。輸出後標示待人工法規審核。
LINE254,@111wrvef,2026-10-08,週四,20:00,秋季勞動、旅遊與外用安全,A,產品教育與成分透明,成分濃度為什麼要看標示,使用迷思,已購買或正在觀望的一條根使用者,依標示外用，提供局部按摩與暫時舒緩體感,僅供外用；避免眼周、黏膜、破皮或傷口。,中,pending_legal_pharmacist_review,not_ready,text_plus_image_card,產品特寫、成分植物、乾淨桌面、金色暖光,私訊/了解更多,本產品為外用油膏，請依核准標示使用；若症狀持續或惡化，請諮詢醫師或藥師。,根治|治療疾病|消炎治本|打通經絡|一擦就好|保證有效|深層修復|替代藥物,請為 LINE OA @111wrvef 產生一則繁體中文貼文。主題：成分濃度為什麼要看標示。支柱：A-產品教育與成分透明。角度：使用迷思。受眾：已購買或正在觀望的一條根使用者。只能使用保守宣稱：依標示外用，提供局部按摩與暫時舒緩體感。必須提醒：僅供外用；避免眼周、黏膜、破皮或傷口。。文案需手機易讀，包含標題、Hook、120-220字正文、CTA、3-5個hashtag、圖卡三行字。禁用詞：根治|治療疾病|消炎治本|打通經絡|一擦就好|保證有效|深層修復|替代藥物。輸出後標示待人工法規審核。
LINE255,@111wrvef,2026-10-09,週五,12:00,秋季勞動、旅遊與外用安全,D,銀髮日常與輕微關節不適,照顧爸媽時的外用提醒,陪伴型,40-70 歲注重日常活動舒適度的族群,輕微關節痠痛可短期舒緩，但不可宣稱治療疾病,關節腫痛、紅熱、長期疼痛或行走困難，請就醫評估。,中,pending_legal_pharmacist_review,not_ready,text_plus_image_card,長輩日常、散步、溫暖居家光線,收藏提醒,本產品為外用油膏，請依核准標示使用；若症狀持續或惡化，請諮詢醫師或藥師。,根治|治療疾病|消炎治本|打通經絡|一擦就好|保證有效|深層修復|替代藥物,請為 LINE OA @111wrvef 產生一則繁體中文貼文。主題：照顧爸媽時的外用提醒。支柱：D-銀髮日常與輕微關節不適。角度：陪伴型。受眾：40-70 歲注重日常活動舒適度的族群。只能使用保守宣稱：輕微關節痠痛可短期舒緩，但不可宣稱治療疾病。必須提醒：關節腫痛、紅熱、長期疼痛或行走困難，請就醫評估。。文案需手機易讀，包含標題、Hook、120-220字正文、CTA、3-5個hashtag、圖卡三行字。禁用詞：根治|治療疾病|消炎治本|打通經絡|一擦就好|保證有效|深層修復|替代藥物。輸出後標示待人工法規審核。
LINE256,@111wrvef,2026-10-09,週五,20:00,秋季勞動、旅遊與外用安全,E,用藥安全與禁忌提醒,孕婦與哺乳族群先詢問專業人員,安全提醒,所有使用者、照護者與家庭購買者,安全使用比用得多更重要，依標示與風險族群提醒,2 歲以下、孕哺、過敏體質、抗凝血藥使用者請先詢問專業人員。,高,pending_legal_pharmacist_review,not_ready,text_plus_image_card,安全提醒圖卡、清楚 icon、紅黃綠分級,私訊/了解更多,僅供外用。避免接觸眼睛、黏膜、破皮或傷口；特殊族群使用前請先諮詢專業人員。,根治|治療疾病|消炎治本|打通經絡|一擦就好|保證有效|深層修復|替代藥物,請為 LINE OA @111wrvef 產生一則繁體中文貼文。主題：孕婦與哺乳族群先詢問專業人員。支柱：E-用藥安全與禁忌提醒。角度：安全提醒。受眾：所有使用者、照護者與家庭購買者。只能使用保守宣稱：安全使用比用得多更重要，依標示與風險族群提醒。必須提醒：2 歲以下、孕哺、過敏體質、抗凝血藥使用者請先詢問專業人員。。文案需手機易讀，包含標題、Hook、120-220字正文、CTA、3-5個hashtag、圖卡三行字。禁用詞：根治|治療疾病|消炎治本|打通經絡|一擦就好|保證有效|深層修復|替代藥物。輸出後標示待人工法規審核。
LINE257,@111wrvef,2026-10-10,週六,12:00,秋季勞動、旅遊與外用安全,F,季節節氣與生活保健,白露時節關心長輩活動,生活型,喜歡養生、節氣與日常保健的 LINE 讀者,以生活保健與身體覺察為主，不做醫療療效宣稱,節氣養生屬一般生活資訊，身體不適仍應諮詢專業人員。,低,pending_legal_pharmacist_review,not_ready,text_plus_image_card,節氣自然景、草本、季節色彩,收藏提醒,本內容為一般生活保健資訊，非醫療診斷或治療建議。,根治|治療疾病|消炎治本|打通經絡|一擦就好|保證有效|深層修復|替代藥物,請為 LINE OA @111wrvef 產生一則繁體中文貼文。主題：白露時節關心長輩活動。支柱：F-季節節氣與生活保健。角度：生活型。受眾：喜歡養生、節氣與日常保健的 LINE 讀者。只能使用保守宣稱：以生活保健與身體覺察為主，不做醫療療效宣稱。必須提醒：節氣養生屬一般生活資訊，身體不適仍應諮詢專業人員。。文案需手機易讀，包含標題、Hook、120-220字正文、CTA、3-5個hashtag、圖卡三行字。禁用詞：根治|治療疾病|消炎治本|打通經絡|一擦就好|保證有效|深層修復|替代藥物。輸出後標示待人工法規審核。
LINE258,@111wrvef,2026-10-10,週六,20:00,秋季勞動、旅遊與外用安全,C,運動後與勞動後局部不適,勞動後先休息再按摩,保守衛教,運動族、搬重物、久站與勞動工作者,運動或勞動後的局部肌肉痠痛，可短期按摩舒緩,明顯腫脹、劇痛、活動受限或疑似受傷時，請先就醫。,中,pending_legal_pharmacist_review,not_ready,text_plus_image_card,運動後伸展、局部按摩、戶外或健身情境,私訊/了解更多,本產品為外用油膏，請依核准標示使用；若症狀持續或惡化，請諮詢醫師或藥師。,根治|治療疾病|消炎治本|打通經絡|一擦就好|保證有效|深層修復|替代藥物,請為 LINE OA @111wrvef 產生一則繁體中文貼文。主題：勞動後先休息再按摩。支柱：C-運動後與勞動後局部不適。角度：保守衛教。受眾：運動族、搬重物、久站與勞動工作者。只能使用保守宣稱：運動或勞動後的局部肌肉痠痛，可短期按摩舒緩。必須提醒：明顯腫脹、劇痛、活動受限或疑似受傷時，請先就醫。。文案需手機易讀，包含標題、Hook、120-220字正文、CTA、3-5個hashtag、圖卡三行字。禁用詞：根治|治療疾病|消炎治本|打通經絡|一擦就好|保證有效|深層修復|替代藥物。輸出後標示待人工法規審核。
LINE259,@111wrvef,2026-10-11,週日,12:00,秋季勞動、旅遊與外用安全,G,互動問答與使用情境,長輩使用外用膏你會提醒什麼,留言型,LINE OA 好友、回購客與新客,用問答降低誤用，讓使用者知道何時該詢問專業人員,互動回答不取代醫師或藥師建議。,低,pending_legal_pharmacist_review,not_ready,text_plus_image_card,LINE 互動投票圖卡、問句大字、簡潔背景,留言互動,本內容為一般生活保健資訊，非醫療診斷或治療建議。,根治|治療疾病|消炎治本|打通經絡|一擦就好|保證有效|深層修復|替代藥物,請為 LINE OA @111wrvef 產生一則繁體中文貼文。主題：長輩使用外用膏你會提醒什麼。支柱：G-互動問答與使用情境。角度：留言型。受眾：LINE OA 好友、回購客與新客。只能使用保守宣稱：用問答降低誤用，讓使用者知道何時該詢問專業人員。必須提醒：互動回答不取代醫師或藥師建議。。文案需手機易讀，包含標題、Hook、120-220字正文、CTA、3-5個hashtag、圖卡三行字。禁用詞：根治|治療疾病|消炎治本|打通經絡|一擦就好|保證有效|深層修復|替代藥物。輸出後標示待人工法規審核。
LINE260,@111wrvef,2026-10-11,週日,20:00,秋季勞動、旅遊與外用安全,D,銀髮日常與輕微關節不適,日常活動舒適度的三個習慣,提醒型,40-70 歲注重日常活動舒適度的族群,輕微關節痠痛可短期舒緩，但不可宣稱治療疾病,關節腫痛、紅熱、長期疼痛或行走困難，請就醫評估。,中,pending_legal_pharmacist_review,not_ready,text_plus_image_card,長輩日常、散步、溫暖居家光線,私訊/了解更多,本產品為外用油膏，請依核准標示使用；若症狀持續或惡化，請諮詢醫師或藥師。,根治|治療疾病|消炎治本|打通經絡|一擦就好|保證有效|深層修復|替代藥物,請為 LINE OA @111wrvef 產生一則繁體中文貼文。主題：日常活動舒適度的三個習慣。支柱：D-銀髮日常與輕微關節不適。角度：提醒型。受眾：40-70 歲注重日常活動舒適度的族群。只能使用保守宣稱：輕微關節痠痛可短期舒緩，但不可宣稱治療疾病。必須提醒：關節腫痛、紅熱、長期疼痛或行走困難，請就醫評估。。文案需手機易讀，包含標題、Hook、120-220字正文、CTA、3-5個hashtag、圖卡三行字。禁用詞：根治|治療疾病|消炎治本|打通經絡|一擦就好|保證有效|深層修復|替代藥物。輸出後標示待人工法規審核。
LINE261,@111wrvef,2026-10-12,週一,12:00,秋季勞動、旅遊與外用安全,B,肩頸久坐與辦公族,背包太重後的肩膀保養,生活情境,長時間低頭、久坐、用電腦的上班族,久坐低頭後，可搭配伸展與局部按摩舒緩緊繃不適,若痠痛持續、麻木或影響活動，請諮詢醫師或藥師。,低,pending_legal_pharmacist_review,not_ready,text_plus_image_card,辦公室、肩頸伸展、清爽自然光,收藏提醒,本內容為一般生活保健資訊，非醫療診斷或治療建議。,根治|治療疾病|消炎治本|打通經絡|一擦就好|保證有效|深層修復|替代藥物,請為 LINE OA @111wrvef 產生一則繁體中文貼文。主題：背包太重後的肩膀保養。支柱：B-肩頸久坐與辦公族。角度：生活情境。受眾：長時間低頭、久坐、用電腦的上班族。只能使用保守宣稱：久坐低頭後，可搭配伸展與局部按摩舒緩緊繃不適。必須提醒：若痠痛持續、麻木或影響活動，請諮詢醫師或藥師。。文案需手機易讀，包含標題、Hook、120-220字正文、CTA、3-5個hashtag、圖卡三行字。禁用詞：根治|治療疾病|消炎治本|打通經絡|一擦就好|保證有效|深層修復|替代藥物。輸出後標示待人工法規審核。
LINE262,@111wrvef,2026-10-12,週一,20:00,秋季勞動、旅遊與外用安全,A,產品教育與成分透明,局部按摩和大面積厚敷的差別,使用時機,已購買或正在觀望的一條根使用者,依標示外用，提供局部按摩與暫時舒緩體感,僅供外用；避免眼周、黏膜、破皮或傷口。,中,pending_legal_pharmacist_review,not_ready,text_plus_image_card,產品特寫、成分植物、乾淨桌面、金色暖光,私訊/了解更多,本產品為外用油膏，請依核准標示使用；若症狀持續或惡化，請諮詢醫師或藥師。,根治|治療疾病|消炎治本|打通經絡|一擦就好|保證有效|深層修復|替代藥物,請為 LINE OA @111wrvef 產生一則繁體中文貼文。主題：局部按摩和大面積厚敷的差別。支柱：A-產品教育與成分透明。角度：使用時機。受眾：已購買或正在觀望的一條根使用者。只能使用保守宣稱：依標示外用，提供局部按摩與暫時舒緩體感。必須提醒：僅供外用；避免眼周、黏膜、破皮或傷口。。文案需手機易讀，包含標題、Hook、120-220字正文、CTA、3-5個hashtag、圖卡三行字。禁用詞：根治|治療疾病|消炎治本|打通經絡|一擦就好|保證有效|深層修復|替代藥物。輸出後標示待人工法規審核。
LINE263,@111wrvef,2026-10-13,週二,12:00,秋季勞動、旅遊與外用安全,F,季節節氣與生活保健,秋分後外出前暖身,金句型,喜歡養生、節氣與日常保健的 LINE 讀者,以生活保健與身體覺察為主，不做醫療療效宣稱,節氣養生屬一般生活資訊，身體不適仍應諮詢專業人員。,低,pending_legal_pharmacist_review,not_ready,text_plus_image_card,節氣自然景、草本、季節色彩,收藏提醒,本內容為一般生活保健資訊，非醫療診斷或治療建議。,根治|治療疾病|消炎治本|打通經絡|一擦就好|保證有效|深層修復|替代藥物,請為 LINE OA @111wrvef 產生一則繁體中文貼文。主題：秋分後外出前暖身。支柱：F-季節節氣與生活保健。角度：金句型。受眾：喜歡養生、節氣與日常保健的 LINE 讀者。只能使用保守宣稱：以生活保健與身體覺察為主，不做醫療療效宣稱。必須提醒：節氣養生屬一般生活資訊，身體不適仍應諮詢專業人員。。文案需手機易讀，包含標題、Hook、120-220字正文、CTA、3-5個hashtag、圖卡三行字。禁用詞：根治|治療疾病|消炎治本|打通經絡|一擦就好|保證有效|深層修復|替代藥物。輸出後標示待人工法規審核。
LINE264,@111wrvef,2026-10-13,週二,20:00,秋季勞動、旅遊與外用安全,E,用藥安全與禁忌提醒,症狀超過七天要停用並諮詢,闢謠型,所有使用者、照護者與家庭購買者,安全使用比用得多更重要，依標示與風險族群提醒,2 歲以下、孕哺、過敏體質、抗凝血藥使用者請先詢問專業人員。,高,pending_legal_pharmacist_review,not_ready,text_plus_image_card,安全提醒圖卡、清楚 icon、紅黃綠分級,私訊/了解更多,僅供外用。避免接觸眼睛、黏膜、破皮或傷口；特殊族群使用前請先諮詢專業人員。,根治|治療疾病|消炎治本|打通經絡|一擦就好|保證有效|深層修復|替代藥物,請為 LINE OA @111wrvef 產生一則繁體中文貼文。主題：症狀超過七天要停用並諮詢。支柱：E-用藥安全與禁忌提醒。角度：闢謠型。受眾：所有使用者、照護者與家庭購買者。只能使用保守宣稱：安全使用比用得多更重要，依標示與風險族群提醒。必須提醒：2 歲以下、孕哺、過敏體質、抗凝血藥使用者請先詢問專業人員。。文案需手機易讀，包含標題、Hook、120-220字正文、CTA、3-5個hashtag、圖卡三行字。禁用詞：根治|治療疾病|消炎治本|打通經絡|一擦就好|保證有效|深層修復|替代藥物。輸出後標示待人工法規審核。
LINE265,@111wrvef,2026-10-14,週三,12:00,秋季勞動、旅遊與外用安全,H,品牌信任與法規透明,為什麼不鼓勵擦傷口,透明型,重視藥證、成分、品質與合法性的消費者,強調藥證、標示、保守宣稱與人工審核流程,所有廣告文案仍須依主管機關與專業人員審核。,中,pending_legal_pharmacist_review,not_ready,text_plus_image_card,藥證透明、標示檢查、品牌信任感,收藏提醒,本產品為外用油膏，請依核准標示使用；若症狀持續或惡化，請諮詢醫師或藥師。,根治|治療疾病|消炎治本|打通經絡|一擦就好|保證有效|深層修復|替代藥物,請為 LINE OA @111wrvef 產生一則繁體中文貼文。主題：為什麼不鼓勵擦傷口。支柱：H-品牌信任與法規透明。角度：透明型。受眾：重視藥證、成分、品質與合法性的消費者。只能使用保守宣稱：強調藥證、標示、保守宣稱與人工審核流程。必須提醒：所有廣告文案仍須依主管機關與專業人員審核。。文案需手機易讀，包含標題、Hook、120-220字正文、CTA、3-5個hashtag、圖卡三行字。禁用詞：根治|治療疾病|消炎治本|打通經絡|一擦就好|保證有效|深層修復|替代藥物。輸出後標示待人工法規審核。
LINE266,@111wrvef,2026-10-14,週三,20:00,秋季勞動、旅遊與外用安全,G,互動問答與使用情境,一條根可以天天厚敷嗎,迷思型,LINE OA 好友、回購客與新客,用問答降低誤用，讓使用者知道何時該詢問專業人員,互動回答不取代醫師或藥師建議。,低,pending_legal_pharmacist_review,not_ready,text_plus_image_card,LINE 互動投票圖卡、問句大字、簡潔背景,留言互動,本內容為一般生活保健資訊，非醫療診斷或治療建議。,根治|治療疾病|消炎治本|打通經絡|一擦就好|保證有效|深層修復|替代藥物,請為 LINE OA @111wrvef 產生一則繁體中文貼文。主題：一條根可以天天厚敷嗎。支柱：G-互動問答與使用情境。角度：迷思型。受眾：LINE OA 好友、回購客與新客。只能使用保守宣稱：用問答降低誤用，讓使用者知道何時該詢問專業人員。必須提醒：互動回答不取代醫師或藥師建議。。文案需手機易讀，包含標題、Hook、120-220字正文、CTA、3-5個hashtag、圖卡三行字。禁用詞：根治|治療疾病|消炎治本|打通經絡|一擦就好|保證有效|深層修復|替代藥物。輸出後標示待人工法規審核。
LINE267,@111wrvef,2026-10-15,週四,12:00,秋季勞動、旅遊與外用安全,C,運動後與勞動後局部不適,運動後不要立刻熱敷加藥膏,步驟型,運動族、搬重物、久站與勞動工作者,運動或勞動後的局部肌肉痠痛，可短期按摩舒緩,明顯腫脹、劇痛、活動受限或疑似受傷時，請先就醫。,中,pending_legal_pharmacist_review,not_ready,text_plus_image_card,運動後伸展、局部按摩、戶外或健身情境,收藏提醒,本產品為外用油膏，請依核准標示使用；若症狀持續或惡化，請諮詢醫師或藥師。,根治|治療疾病|消炎治本|打通經絡|一擦就好|保證有效|深層修復|替代藥物,請為 LINE OA @111wrvef 產生一則繁體中文貼文。主題：運動後不要立刻熱敷加藥膏。支柱：C-運動後與勞動後局部不適。角度：步驟型。受眾：運動族、搬重物、久站與勞動工作者。只能使用保守宣稱：運動或勞動後的局部肌肉痠痛，可短期按摩舒緩。必須提醒：明顯腫脹、劇痛、活動受限或疑似受傷時，請先就醫。。文案需手機易讀，包含標題、Hook、120-220字正文、CTA、3-5個hashtag、圖卡三行字。禁用詞：根治|治療疾病|消炎治本|打通經絡|一擦就好|保證有效|深層修復|替代藥物。輸出後標示待人工法規審核。
LINE268,@111wrvef,2026-10-15,週四,20:00,秋季勞動、旅遊與外用安全,A,產品教育與成分透明,使用前先小範圍測試,正確用量,已購買或正在觀望的一條根使用者,依標示外用，提供局部按摩與暫時舒緩體感,僅供外用；避免眼周、黏膜、破皮或傷口。,中,pending_legal_pharmacist_review,not_ready,text_plus_image_card,產品特寫、成分植物、乾淨桌面、金色暖光,私訊/了解更多,本產品為外用油膏，請依核准標示使用；若症狀持續或惡化，請諮詢醫師或藥師。,根治|治療疾病|消炎治本|打通經絡|一擦就好|保證有效|深層修復|替代藥物,請為 LINE OA @111wrvef 產生一則繁體中文貼文。主題：使用前先小範圍測試。支柱：A-產品教育與成分透明。角度：正確用量。受眾：已購買或正在觀望的一條根使用者。只能使用保守宣稱：依標示外用，提供局部按摩與暫時舒緩體感。必須提醒：僅供外用；避免眼周、黏膜、破皮或傷口。。文案需手機易讀，包含標題、Hook、120-220字正文、CTA、3-5個hashtag、圖卡三行字。禁用詞：根治|治療疾病|消炎治本|打通經絡|一擦就好|保證有效|深層修復|替代藥物。輸出後標示待人工法規審核。
LINE269,@111wrvef,2026-10-16,週五,12:00,秋季勞動、旅遊與外用安全,D,銀髮日常與輕微關節不適,長輩使用前先看標示,生活型,40-70 歲注重日常活動舒適度的族群,輕微關節痠痛可短期舒緩，但不可宣稱治療疾病,關節腫痛、紅熱、長期疼痛或行走困難，請就醫評估。,中,pending_legal_pharmacist_review,not_ready,text_plus_image_card,長輩日常、散步、溫暖居家光線,收藏提醒,本產品為外用油膏，請依核准標示使用；若症狀持續或惡化，請諮詢醫師或藥師。,根治|治療疾病|消炎治本|打通經絡|一擦就好|保證有效|深層修復|替代藥物,請為 LINE OA @111wrvef 產生一則繁體中文貼文。主題：長輩使用前先看標示。支柱：D-銀髮日常與輕微關節不適。角度：生活型。受眾：40-70 歲注重日常活動舒適度的族群。只能使用保守宣稱：輕微關節痠痛可短期舒緩，但不可宣稱治療疾病。必須提醒：關節腫痛、紅熱、長期疼痛或行走困難，請就醫評估。。文案需手機易讀，包含標題、Hook、120-220字正文、CTA、3-5個hashtag、圖卡三行字。禁用詞：根治|治療疾病|消炎治本|打通經絡|一擦就好|保證有效|深層修復|替代藥物。輸出後標示待人工法規審核。
LINE270,@111wrvef,2026-10-16,週五,20:00,秋季勞動、旅遊與外用安全,E,用藥安全與禁忌提醒,皮膚刺激時要停止使用,清單型,所有使用者、照護者與家庭購買者,安全使用比用得多更重要，依標示與風險族群提醒,2 歲以下、孕哺、過敏體質、抗凝血藥使用者請先詢問專業人員。,高,pending_legal_pharmacist_review,not_ready,text_plus_image_card,安全提醒圖卡、清楚 icon、紅黃綠分級,私訊/了解更多,僅供外用。避免接觸眼睛、黏膜、破皮或傷口；特殊族群使用前請先諮詢專業人員。,根治|治療疾病|消炎治本|打通經絡|一擦就好|保證有效|深層修復|替代藥物,請為 LINE OA @111wrvef 產生一則繁體中文貼文。主題：皮膚刺激時要停止使用。支柱：E-用藥安全與禁忌提醒。角度：清單型。受眾：所有使用者、照護者與家庭購買者。只能使用保守宣稱：安全使用比用得多更重要，依標示與風險族群提醒。必須提醒：2 歲以下、孕哺、過敏體質、抗凝血藥使用者請先詢問專業人員。。文案需手機易讀，包含標題、Hook、120-220字正文、CTA、3-5個hashtag、圖卡三行字。禁用詞：根治|治療疾病|消炎治本|打通經絡|一擦就好|保證有效|深層修復|替代藥物。輸出後標示待人工法規審核。
LINE271,@111wrvef,2026-10-17,週六,12:00,秋季勞動、旅遊與外用安全,F,季節節氣與生活保健,寒露後肩背保養,金句型,喜歡養生、節氣與日常保健的 LINE 讀者,以生活保健與身體覺察為主，不做醫療療效宣稱,節氣養生屬一般生活資訊，身體不適仍應諮詢專業人員。,低,pending_legal_pharmacist_review,not_ready,text_plus_image_card,節氣自然景、草本、季節色彩,收藏提醒,本內容為一般生活保健資訊，非醫療診斷或治療建議。,根治|治療疾病|消炎治本|打通經絡|一擦就好|保證有效|深層修復|替代藥物,請為 LINE OA @111wrvef 產生一則繁體中文貼文。主題：寒露後肩背保養。支柱：F-季節節氣與生活保健。角度：金句型。受眾：喜歡養生、節氣與日常保健的 LINE 讀者。只能使用保守宣稱：以生活保健與身體覺察為主，不做醫療療效宣稱。必須提醒：節氣養生屬一般生活資訊，身體不適仍應諮詢專業人員。。文案需手機易讀，包含標題、Hook、120-220字正文、CTA、3-5個hashtag、圖卡三行字。禁用詞：根治|治療疾病|消炎治本|打通經絡|一擦就好|保證有效|深層修復|替代藥物。輸出後標示待人工法規審核。
LINE272,@111wrvef,2026-10-17,週六,20:00,秋季勞動、旅遊與外用安全,C,運動後與勞動後局部不適,輕微拉扯後的觀察重點,前後對照,運動族、搬重物、久站與勞動工作者,運動或勞動後的局部肌肉痠痛，可短期按摩舒緩,明顯腫脹、劇痛、活動受限或疑似受傷時，請先就醫。,中,pending_legal_pharmacist_review,not_ready,text_plus_image_card,運動後伸展、局部按摩、戶外或健身情境,私訊/了解更多,本產品為外用油膏，請依核准標示使用；若症狀持續或惡化，請諮詢醫師或藥師。,根治|治療疾病|消炎治本|打通經絡|一擦就好|保證有效|深層修復|替代藥物,請為 LINE OA @111wrvef 產生一則繁體中文貼文。主題：輕微拉扯後的觀察重點。支柱：C-運動後與勞動後局部不適。角度：前後對照。受眾：運動族、搬重物、久站與勞動工作者。只能使用保守宣稱：運動或勞動後的局部肌肉痠痛，可短期按摩舒緩。必須提醒：明顯腫脹、劇痛、活動受限或疑似受傷時，請先就醫。。文案需手機易讀，包含標題、Hook、120-220字正文、CTA、3-5個hashtag、圖卡三行字。禁用詞：根治|治療疾病|消炎治本|打通經絡|一擦就好|保證有效|深層修復|替代藥物。輸出後標示待人工法規審核。
LINE273,@111wrvef,2026-10-18,週日,12:00,秋季勞動、旅遊與外用安全,G,互動問答與使用情境,擦完可以馬上熱敷嗎,迷思型,LINE OA 好友、回購客與新客,用問答降低誤用，讓使用者知道何時該詢問專業人員,互動回答不取代醫師或藥師建議。,低,pending_legal_pharmacist_review,not_ready,text_plus_image_card,LINE 互動投票圖卡、問句大字、簡潔背景,留言互動,本內容為一般生活保健資訊，非醫療診斷或治療建議。,根治|治療疾病|消炎治本|打通經絡|一擦就好|保證有效|深層修復|替代藥物,請為 LINE OA @111wrvef 產生一則繁體中文貼文。主題：擦完可以馬上熱敷嗎。支柱：G-互動問答與使用情境。角度：迷思型。受眾：LINE OA 好友、回購客與新客。只能使用保守宣稱：用問答降低誤用，讓使用者知道何時該詢問專業人員。必須提醒：互動回答不取代醫師或藥師建議。。文案需手機易讀，包含標題、Hook、120-220字正文、CTA、3-5個hashtag、圖卡三行字。禁用詞：根治|治療疾病|消炎治本|打通經絡|一擦就好|保證有效|深層修復|替代藥物。輸出後標示待人工法規審核。
LINE274,@111wrvef,2026-10-18,週日,20:00,秋季勞動、旅遊與外用安全,D,銀髮日常與輕微關節不適,別把長期疼痛只當小問題,陪伴型,40-70 歲注重日常活動舒適度的族群,輕微關節痠痛可短期舒緩，但不可宣稱治療疾病,關節腫痛、紅熱、長期疼痛或行走困難，請就醫評估。,中,pending_legal_pharmacist_review,not_ready,text_plus_image_card,長輩日常、散步、溫暖居家光線,私訊/了解更多,本產品為外用油膏，請依核准標示使用；若症狀持續或惡化，請諮詢醫師或藥師。,根治|治療疾病|消炎治本|打通經絡|一擦就好|保證有效|深層修復|替代藥物,請為 LINE OA @111wrvef 產生一則繁體中文貼文。主題：別把長期疼痛只當小問題。支柱：D-銀髮日常與輕微關節不適。角度：陪伴型。受眾：40-70 歲注重日常活動舒適度的族群。只能使用保守宣稱：輕微關節痠痛可短期舒緩，但不可宣稱治療疾病。必須提醒：關節腫痛、紅熱、長期疼痛或行走困難，請就醫評估。。文案需手機易讀，包含標題、Hook、120-220字正文、CTA、3-5個hashtag、圖卡三行字。禁用詞：根治|治療疾病|消炎治本|打通經絡|一擦就好|保證有效|深層修復|替代藥物。輸出後標示待人工法規審核。
LINE275,@111wrvef,2026-10-19,週一,12:00,秋季勞動、旅遊與外用安全,B,肩頸久坐與辦公族,冷氣房肩頸緊繃保養,小習慣,長時間低頭、久坐、用電腦的上班族,久坐低頭後，可搭配伸展與局部按摩舒緩緊繃不適,若痠痛持續、麻木或影響活動，請諮詢醫師或藥師。,低,pending_legal_pharmacist_review,not_ready,text_plus_image_card,辦公室、肩頸伸展、清爽自然光,收藏提醒,本內容為一般生活保健資訊，非醫療診斷或治療建議。,根治|治療疾病|消炎治本|打通經絡|一擦就好|保證有效|深層修復|替代藥物,請為 LINE OA @111wrvef 產生一則繁體中文貼文。主題：冷氣房肩頸緊繃保養。支柱：B-肩頸久坐與辦公族。角度：小習慣。受眾：長時間低頭、久坐、用電腦的上班族。只能使用保守宣稱：久坐低頭後，可搭配伸展與局部按摩舒緩緊繃不適。必須提醒：若痠痛持續、麻木或影響活動，請諮詢醫師或藥師。。文案需手機易讀，包含標題、Hook、120-220字正文、CTA、3-5個hashtag、圖卡三行字。禁用詞：根治|治療疾病|消炎治本|打通經絡|一擦就好|保證有效|深層修復|替代藥物。輸出後標示待人工法規審核。
LINE276,@111wrvef,2026-10-19,週一,20:00,秋季勞動、旅遊與外用安全,A,產品教育與成分透明,產品不是神藥，定位要講清楚,使用迷思,已購買或正在觀望的一條根使用者,依標示外用，提供局部按摩與暫時舒緩體感,僅供外用；避免眼周、黏膜、破皮或傷口。,中,pending_legal_pharmacist_review,not_ready,text_plus_image_card,產品特寫、成分植物、乾淨桌面、金色暖光,私訊/了解更多,本產品為外用油膏，請依核准標示使用；若症狀持續或惡化，請諮詢醫師或藥師。,根治|治療疾病|消炎治本|打通經絡|一擦就好|保證有效|深層修復|替代藥物,請為 LINE OA @111wrvef 產生一則繁體中文貼文。主題：產品不是神藥，定位要講清楚。支柱：A-產品教育與成分透明。角度：使用迷思。受眾：已購買或正在觀望的一條根使用者。只能使用保守宣稱：依標示外用，提供局部按摩與暫時舒緩體感。必須提醒：僅供外用；避免眼周、黏膜、破皮或傷口。。文案需手機易讀，包含標題、Hook、120-220字正文、CTA、3-5個hashtag、圖卡三行字。禁用詞：根治|治療疾病|消炎治本|打通經絡|一擦就好|保證有效|深層修復|替代藥物。輸出後標示待人工法規審核。
LINE277,@111wrvef,2026-10-20,週二,12:00,秋季勞動、旅遊與外用安全,F,季節節氣與生活保健,立冬前後的日常舒緩儀式,節氣型,喜歡養生、節氣與日常保健的 LINE 讀者,以生活保健與身體覺察為主，不做醫療療效宣稱,節氣養生屬一般生活資訊，身體不適仍應諮詢專業人員。,低,pending_legal_pharmacist_review,not_ready,text_plus_image_card,節氣自然景、草本、季節色彩,收藏提醒,本內容為一般生活保健資訊，非醫療診斷或治療建議。,根治|治療疾病|消炎治本|打通經絡|一擦就好|保證有效|深層修復|替代藥物,請為 LINE OA @111wrvef 產生一則繁體中文貼文。主題：立冬前後的日常舒緩儀式。支柱：F-季節節氣與生活保健。角度：節氣型。受眾：喜歡養生、節氣與日常保健的 LINE 讀者。只能使用保守宣稱：以生活保健與身體覺察為主，不做醫療療效宣稱。必須提醒：節氣養生屬一般生活資訊，身體不適仍應諮詢專業人員。。文案需手機易讀，包含標題、Hook、120-220字正文、CTA、3-5個hashtag、圖卡三行字。禁用詞：根治|治療疾病|消炎治本|打通經絡|一擦就好|保證有效|深層修復|替代藥物。輸出後標示待人工法規審核。
LINE278,@111wrvef,2026-10-20,週二,20:00,秋季勞動、旅遊與外用安全,E,用藥安全與禁忌提醒,深層症狀不適合自行處理,安全提醒,所有使用者、照護者與家庭購買者,安全使用比用得多更重要，依標示與風險族群提醒,2 歲以下、孕哺、過敏體質、抗凝血藥使用者請先詢問專業人員。,高,pending_legal_pharmacist_review,not_ready,text_plus_image_card,安全提醒圖卡、清楚 icon、紅黃綠分級,私訊/了解更多,僅供外用。避免接觸眼睛、黏膜、破皮或傷口；特殊族群使用前請先諮詢專業人員。,根治|治療疾病|消炎治本|打通經絡|一擦就好|保證有效|深層修復|替代藥物,請為 LINE OA @111wrvef 產生一則繁體中文貼文。主題：深層症狀不適合自行處理。支柱：E-用藥安全與禁忌提醒。角度：安全提醒。受眾：所有使用者、照護者與家庭購買者。只能使用保守宣稱：安全使用比用得多更重要，依標示與風險族群提醒。必須提醒：2 歲以下、孕哺、過敏體質、抗凝血藥使用者請先詢問專業人員。。文案需手機易讀，包含標題、Hook、120-220字正文、CTA、3-5個hashtag、圖卡三行字。禁用詞：根治|治療疾病|消炎治本|打通經絡|一擦就好|保證有效|深層修復|替代藥物。輸出後標示待人工法規審核。
LINE279,@111wrvef,2026-10-21,週三,12:00,秋季勞動、旅遊與外用安全,H,品牌信任與法規透明,買外用膏先看三件事,教育型,重視藥證、成分、品質與合法性的消費者,強調藥證、標示、保守宣稱與人工審核流程,所有廣告文案仍須依主管機關與專業人員審核。,中,pending_legal_pharmacist_review,not_ready,text_plus_image_card,藥證透明、標示檢查、品牌信任感,收藏提醒,本產品為外用油膏，請依核准標示使用；若症狀持續或惡化，請諮詢醫師或藥師。,根治|治療疾病|消炎治本|打通經絡|一擦就好|保證有效|深層修復|替代藥物,請為 LINE OA @111wrvef 產生一則繁體中文貼文。主題：買外用膏先看三件事。支柱：H-品牌信任與法規透明。角度：教育型。受眾：重視藥證、成分、品質與合法性的消費者。只能使用保守宣稱：強調藥證、標示、保守宣稱與人工審核流程。必須提醒：所有廣告文案仍須依主管機關與專業人員審核。。文案需手機易讀，包含標題、Hook、120-220字正文、CTA、3-5個hashtag、圖卡三行字。禁用詞：根治|治療疾病|消炎治本|打通經絡|一擦就好|保證有效|深層修復|替代藥物。輸出後標示待人工法規審核。
LINE280,@111wrvef,2026-10-21,週三,20:00,秋季勞動、旅遊與外用安全,G,互動問答與使用情境,哪些情況應該先就醫,投票型,LINE OA 好友、回購客與新客,用問答降低誤用，讓使用者知道何時該詢問專業人員,互動回答不取代醫師或藥師建議。,低,pending_legal_pharmacist_review,not_ready,text_plus_image_card,LINE 互動投票圖卡、問句大字、簡潔背景,留言互動,本內容為一般生活保健資訊，非醫療診斷或治療建議。,根治|治療疾病|消炎治本|打通經絡|一擦就好|保證有效|深層修復|替代藥物,請為 LINE OA @111wrvef 產生一則繁體中文貼文。主題：哪些情況應該先就醫。支柱：G-互動問答與使用情境。角度：投票型。受眾：LINE OA 好友、回購客與新客。只能使用保守宣稱：用問答降低誤用，讓使用者知道何時該詢問專業人員。必須提醒：互動回答不取代醫師或藥師建議。。文案需手機易讀，包含標題、Hook、120-220字正文、CTA、3-5個hashtag、圖卡三行字。禁用詞：根治|治療疾病|消炎治本|打通經絡|一擦就好|保證有效|深層修復|替代藥物。輸出後標示待人工法規審核。
LINE281,@111wrvef,2026-10-22,週四,12:00,秋季勞動、旅遊與外用安全,C,運動後與勞動後局部不適,運動後局部痠痛的保守處理,反常識,運動族、搬重物、久站與勞動工作者,運動或勞動後的局部肌肉痠痛，可短期按摩舒緩,明顯腫脹、劇痛、活動受限或疑似受傷時，請先就醫。,中,pending_legal_pharmacist_review,not_ready,text_plus_image_card,運動後伸展、局部按摩、戶外或健身情境,收藏提醒,本產品為外用油膏，請依核准標示使用；若症狀持續或惡化，請諮詢醫師或藥師。,根治|治療疾病|消炎治本|打通經絡|一擦就好|保證有效|深層修復|替代藥物,請為 LINE OA @111wrvef 產生一則繁體中文貼文。主題：運動後局部痠痛的保守處理。支柱：C-運動後與勞動後局部不適。角度：反常識。受眾：運動族、搬重物、久站與勞動工作者。只能使用保守宣稱：運動或勞動後的局部肌肉痠痛，可短期按摩舒緩。必須提醒：明顯腫脹、劇痛、活動受限或疑似受傷時，請先就醫。。文案需手機易讀，包含標題、Hook、120-220字正文、CTA、3-5個hashtag、圖卡三行字。禁用詞：根治|治療疾病|消炎治本|打通經絡|一擦就好|保證有效|深層修復|替代藥物。輸出後標示待人工法規審核。
LINE282,@111wrvef,2026-10-22,週四,20:00,秋季勞動、旅遊與外用安全,A,產品教育與成分透明,冬青油與清涼舒緩體感,藥證可查,已購買或正在觀望的一條根使用者,依標示外用，提供局部按摩與暫時舒緩體感,僅供外用；避免眼周、黏膜、破皮或傷口。,中,pending_legal_pharmacist_review,not_ready,text_plus_image_card,產品特寫、成分植物、乾淨桌面、金色暖光,私訊/了解更多,本產品為外用油膏，請依核准標示使用；若症狀持續或惡化，請諮詢醫師或藥師。,根治|治療疾病|消炎治本|打通經絡|一擦就好|保證有效|深層修復|替代藥物,請為 LINE OA @111wrvef 產生一則繁體中文貼文。主題：冬青油與清涼舒緩體感。支柱：A-產品教育與成分透明。角度：藥證可查。受眾：已購買或正在觀望的一條根使用者。只能使用保守宣稱：依標示外用，提供局部按摩與暫時舒緩體感。必須提醒：僅供外用；避免眼周、黏膜、破皮或傷口。。文案需手機易讀，包含標題、Hook、120-220字正文、CTA、3-5個hashtag、圖卡三行字。禁用詞：根治|治療疾病|消炎治本|打通經絡|一擦就好|保證有效|深層修復|替代藥物。輸出後標示待人工法規審核。
LINE283,@111wrvef,2026-10-23,週五,12:00,秋季勞動、旅遊與外用安全,D,銀髮日常與輕微關節不適,早晨活動前的關節暖身,互動型,40-70 歲注重日常活動舒適度的族群,輕微關節痠痛可短期舒緩，但不可宣稱治療疾病,關節腫痛、紅熱、長期疼痛或行走困難，請就醫評估。,中,pending_legal_pharmacist_review,not_ready,text_plus_image_card,長輩日常、散步、溫暖居家光線,收藏提醒,本產品為外用油膏，請依核准標示使用；若症狀持續或惡化，請諮詢醫師或藥師。,根治|治療疾病|消炎治本|打通經絡|一擦就好|保證有效|深層修復|替代藥物,請為 LINE OA @111wrvef 產生一則繁體中文貼文。主題：早晨活動前的關節暖身。支柱：D-銀髮日常與輕微關節不適。角度：互動型。受眾：40-70 歲注重日常活動舒適度的族群。只能使用保守宣稱：輕微關節痠痛可短期舒緩，但不可宣稱治療疾病。必須提醒：關節腫痛、紅熱、長期疼痛或行走困難，請就醫評估。。文案需手機易讀，包含標題、Hook、120-220字正文、CTA、3-5個hashtag、圖卡三行字。禁用詞：根治|治療疾病|消炎治本|打通經絡|一擦就好|保證有效|深層修復|替代藥物。輸出後標示待人工法規審核。
LINE284,@111wrvef,2026-10-23,週五,20:00,秋季勞動、旅遊與外用安全,E,用藥安全與禁忌提醒,不能擦在破皮或傷口,風險提醒,所有使用者、照護者與家庭購買者,安全使用比用得多更重要，依標示與風險族群提醒,2 歲以下、孕哺、過敏體質、抗凝血藥使用者請先詢問專業人員。,高,pending_legal_pharmacist_review,not_ready,text_plus_image_card,安全提醒圖卡、清楚 icon、紅黃綠分級,私訊/了解更多,僅供外用。避免接觸眼睛、黏膜、破皮或傷口；特殊族群使用前請先諮詢專業人員。,根治|治療疾病|消炎治本|打通經絡|一擦就好|保證有效|深層修復|替代藥物,請為 LINE OA @111wrvef 產生一則繁體中文貼文。主題：不能擦在破皮或傷口。支柱：E-用藥安全與禁忌提醒。角度：風險提醒。受眾：所有使用者、照護者與家庭購買者。只能使用保守宣稱：安全使用比用得多更重要，依標示與風險族群提醒。必須提醒：2 歲以下、孕哺、過敏體質、抗凝血藥使用者請先詢問專業人員。。文案需手機易讀，包含標題、Hook、120-220字正文、CTA、3-5個hashtag、圖卡三行字。禁用詞：根治|治療疾病|消炎治本|打通經絡|一擦就好|保證有效|深層修復|替代藥物。輸出後標示待人工法規審核。
LINE285,@111wrvef,2026-10-24,週六,12:00,秋季勞動、旅遊與外用安全,F,季節節氣與生活保健,芒種後濕熱生活保養,節氣型,喜歡養生、節氣與日常保健的 LINE 讀者,以生活保健與身體覺察為主，不做醫療療效宣稱,節氣養生屬一般生活資訊，身體不適仍應諮詢專業人員。,低,pending_legal_pharmacist_review,not_ready,text_plus_image_card,節氣自然景、草本、季節色彩,收藏提醒,本內容為一般生活保健資訊，非醫療診斷或治療建議。,根治|治療疾病|消炎治本|打通經絡|一擦就好|保證有效|深層修復|替代藥物,請為 LINE OA @111wrvef 產生一則繁體中文貼文。主題：芒種後濕熱生活保養。支柱：F-季節節氣與生活保健。角度：節氣型。受眾：喜歡養生、節氣與日常保健的 LINE 讀者。只能使用保守宣稱：以生活保健與身體覺察為主，不做醫療療效宣稱。必須提醒：節氣養生屬一般生活資訊，身體不適仍應諮詢專業人員。。文案需手機易讀，包含標題、Hook、120-220字正文、CTA、3-5個hashtag、圖卡三行字。禁用詞：根治|治療疾病|消炎治本|打通經絡|一擦就好|保證有效|深層修復|替代藥物。輸出後標示待人工法規審核。
LINE286,@111wrvef,2026-10-24,週六,20:00,秋季勞動、旅遊與外用安全,C,運動後與勞動後局部不適,久站後小腿不適舒緩,步驟型,運動族、搬重物、久站與勞動工作者,運動或勞動後的局部肌肉痠痛，可短期按摩舒緩,明顯腫脹、劇痛、活動受限或疑似受傷時，請先就醫。,中,pending_legal_pharmacist_review,not_ready,text_plus_image_card,運動後伸展、局部按摩、戶外或健身情境,私訊/了解更多,本產品為外用油膏，請依核准標示使用；若症狀持續或惡化，請諮詢醫師或藥師。,根治|治療疾病|消炎治本|打通經絡|一擦就好|保證有效|深層修復|替代藥物,請為 LINE OA @111wrvef 產生一則繁體中文貼文。主題：久站後小腿不適舒緩。支柱：C-運動後與勞動後局部不適。角度：步驟型。受眾：運動族、搬重物、久站與勞動工作者。只能使用保守宣稱：運動或勞動後的局部肌肉痠痛，可短期按摩舒緩。必須提醒：明顯腫脹、劇痛、活動受限或疑似受傷時，請先就醫。。文案需手機易讀，包含標題、Hook、120-220字正文、CTA、3-5個hashtag、圖卡三行字。禁用詞：根治|治療疾病|消炎治本|打通經絡|一擦就好|保證有效|深層修復|替代藥物。輸出後標示待人工法規審核。
LINE287,@111wrvef,2026-10-25,週日,12:00,秋季勞動、旅遊與外用安全,G,互動問答與使用情境,你最常哪個部位緊繃,投票型,LINE OA 好友、回購客與新客,用問答降低誤用，讓使用者知道何時該詢問專業人員,互動回答不取代醫師或藥師建議。,低,pending_legal_pharmacist_review,not_ready,text_plus_image_card,LINE 互動投票圖卡、問句大字、簡潔背景,留言互動,本內容為一般生活保健資訊，非醫療診斷或治療建議。,根治|治療疾病|消炎治本|打通經絡|一擦就好|保證有效|深層修復|替代藥物,請為 LINE OA @111wrvef 產生一則繁體中文貼文。主題：你最常哪個部位緊繃。支柱：G-互動問答與使用情境。角度：投票型。受眾：LINE OA 好友、回購客與新客。只能使用保守宣稱：用問答降低誤用，讓使用者知道何時該詢問專業人員。必須提醒：互動回答不取代醫師或藥師建議。。文案需手機易讀，包含標題、Hook、120-220字正文、CTA、3-5個hashtag、圖卡三行字。禁用詞：根治|治療疾病|消炎治本|打通經絡|一擦就好|保證有效|深層修復|替代藥物。輸出後標示待人工法規審核。
LINE288,@111wrvef,2026-10-25,週日,20:00,秋季勞動、旅遊與外用安全,D,銀髮日常與輕微關節不適,長輩外用膏使用安全,生活型,40-70 歲注重日常活動舒適度的族群,輕微關節痠痛可短期舒緩，但不可宣稱治療疾病,關節腫痛、紅熱、長期疼痛或行走困難，請就醫評估。,中,pending_legal_pharmacist_review,not_ready,text_plus_image_card,長輩日常、散步、溫暖居家光線,私訊/了解更多,本產品為外用油膏，請依核准標示使用；若症狀持續或惡化，請諮詢醫師或藥師。,根治|治療疾病|消炎治本|打通經絡|一擦就好|保證有效|深層修復|替代藥物,請為 LINE OA @111wrvef 產生一則繁體中文貼文。主題：長輩外用膏使用安全。支柱：D-銀髮日常與輕微關節不適。角度：生活型。受眾：40-70 歲注重日常活動舒適度的族群。只能使用保守宣稱：輕微關節痠痛可短期舒緩，但不可宣稱治療疾病。必須提醒：關節腫痛、紅熱、長期疼痛或行走困難，請就醫評估。。文案需手機易讀，包含標題、Hook、120-220字正文、CTA、3-5個hashtag、圖卡三行字。禁用詞：根治|治療疾病|消炎治本|打通經絡|一擦就好|保證有效|深層修復|替代藥物。輸出後標示待人工法規審核。
LINE289,@111wrvef,2026-10-26,週一,12:00,秋季勞動、旅遊與外用安全,B,肩頸久坐與辦公族,低頭族肩頸緊繃的三個提醒,步驟型,長時間低頭、久坐、用電腦的上班族,久坐低頭後，可搭配伸展與局部按摩舒緩緊繃不適,若痠痛持續、麻木或影響活動，請諮詢醫師或藥師。,低,pending_legal_pharmacist_review,not_ready,text_plus_image_card,辦公室、肩頸伸展、清爽自然光,收藏提醒,本內容為一般生活保健資訊，非醫療診斷或治療建議。,根治|治療疾病|消炎治本|打通經絡|一擦就好|保證有效|深層修復|替代藥物,請為 LINE OA @111wrvef 產生一則繁體中文貼文。主題：低頭族肩頸緊繃的三個提醒。支柱：B-肩頸久坐與辦公族。角度：步驟型。受眾：長時間低頭、久坐、用電腦的上班族。只能使用保守宣稱：久坐低頭後，可搭配伸展與局部按摩舒緩緊繃不適。必須提醒：若痠痛持續、麻木或影響活動，請諮詢醫師或藥師。。文案需手機易讀，包含標題、Hook、120-220字正文、CTA、3-5個hashtag、圖卡三行字。禁用詞：根治|治療疾病|消炎治本|打通經絡|一擦就好|保證有效|深層修復|替代藥物。輸出後標示待人工法規審核。
LINE290,@111wrvef,2026-10-26,週一,20:00,秋季勞動、旅遊與外用安全,A,產品教育與成分透明,薄荷腦帶來的涼感來源,正確用量,已購買或正在觀望的一條根使用者,依標示外用，提供局部按摩與暫時舒緩體感,僅供外用；避免眼周、黏膜、破皮或傷口。,中,pending_legal_pharmacist_review,not_ready,text_plus_image_card,產品特寫、成分植物、乾淨桌面、金色暖光,私訊/了解更多,本產品為外用油膏，請依核准標示使用；若症狀持續或惡化，請諮詢醫師或藥師。,根治|治療疾病|消炎治本|打通經絡|一擦就好|保證有效|深層修復|替代藥物,請為 LINE OA @111wrvef 產生一則繁體中文貼文。主題：薄荷腦帶來的涼感來源。支柱：A-產品教育與成分透明。角度：正確用量。受眾：已購買或正在觀望的一條根使用者。只能使用保守宣稱：依標示外用，提供局部按摩與暫時舒緩體感。必須提醒：僅供外用；避免眼周、黏膜、破皮或傷口。。文案需手機易讀，包含標題、Hook、120-220字正文、CTA、3-5個hashtag、圖卡三行字。禁用詞：根治|治療疾病|消炎治本|打通經絡|一擦就好|保證有效|深層修復|替代藥物。輸出後標示待人工法規審核。
LINE291,@111wrvef,2026-10-27,週二,12:00,秋季勞動、旅遊與外用安全,F,季節節氣與生活保健,夏季冷氣房的肩頸保養,提醒型,喜歡養生、節氣與日常保健的 LINE 讀者,以生活保健與身體覺察為主，不做醫療療效宣稱,節氣養生屬一般生活資訊，身體不適仍應諮詢專業人員。,低,pending_legal_pharmacist_review,not_ready,text_plus_image_card,節氣自然景、草本、季節色彩,收藏提醒,本內容為一般生活保健資訊，非醫療診斷或治療建議。,根治|治療疾病|消炎治本|打通經絡|一擦就好|保證有效|深層修復|替代藥物,請為 LINE OA @111wrvef 產生一則繁體中文貼文。主題：夏季冷氣房的肩頸保養。支柱：F-季節節氣與生活保健。角度：提醒型。受眾：喜歡養生、節氣與日常保健的 LINE 讀者。只能使用保守宣稱：以生活保健與身體覺察為主，不做醫療療效宣稱。必須提醒：節氣養生屬一般生活資訊，身體不適仍應諮詢專業人員。。文案需手機易讀，包含標題、Hook、120-220字正文、CTA、3-5個hashtag、圖卡三行字。禁用詞：根治|治療疾病|消炎治本|打通經絡|一擦就好|保證有效|深層修復|替代藥物。輸出後標示待人工法規審核。
LINE292,@111wrvef,2026-10-27,週二,20:00,秋季勞動、旅遊與外用安全,E,用藥安全與禁忌提醒,外用膏避免眼周與黏膜,清單型,所有使用者、照護者與家庭購買者,安全使用比用得多更重要，依標示與風險族群提醒,2 歲以下、孕哺、過敏體質、抗凝血藥使用者請先詢問專業人員。,高,pending_legal_pharmacist_review,not_ready,text_plus_image_card,安全提醒圖卡、清楚 icon、紅黃綠分級,私訊/了解更多,僅供外用。避免接觸眼睛、黏膜、破皮或傷口；特殊族群使用前請先諮詢專業人員。,根治|治療疾病|消炎治本|打通經絡|一擦就好|保證有效|深層修復|替代藥物,請為 LINE OA @111wrvef 產生一則繁體中文貼文。主題：外用膏避免眼周與黏膜。支柱：E-用藥安全與禁忌提醒。角度：清單型。受眾：所有使用者、照護者與家庭購買者。只能使用保守宣稱：安全使用比用得多更重要，依標示與風險族群提醒。必須提醒：2 歲以下、孕哺、過敏體質、抗凝血藥使用者請先詢問專業人員。。文案需手機易讀，包含標題、Hook、120-220字正文、CTA、3-5個hashtag、圖卡三行字。禁用詞：根治|治療疾病|消炎治本|打通經絡|一擦就好|保證有效|深層修復|替代藥物。輸出後標示待人工法規審核。
LINE293,@111wrvef,2026-10-28,週三,12:00,秋季勞動、旅遊與外用安全,H,品牌信任與法規透明,為什麼我們不說神效,信任型,重視藥證、成分、品質與合法性的消費者,強調藥證、標示、保守宣稱與人工審核流程,所有廣告文案仍須依主管機關與專業人員審核。,中,pending_legal_pharmacist_review,not_ready,text_plus_image_card,藥證透明、標示檢查、品牌信任感,收藏提醒,本產品為外用油膏，請依核准標示使用；若症狀持續或惡化，請諮詢醫師或藥師。,根治|治療疾病|消炎治本|打通經絡|一擦就好|保證有效|深層修復|替代藥物,請為 LINE OA @111wrvef 產生一則繁體中文貼文。主題：為什麼我們不說神效。支柱：H-品牌信任與法規透明。角度：信任型。受眾：重視藥證、成分、品質與合法性的消費者。只能使用保守宣稱：強調藥證、標示、保守宣稱與人工審核流程。必須提醒：所有廣告文案仍須依主管機關與專業人員審核。。文案需手機易讀，包含標題、Hook、120-220字正文、CTA、3-5個hashtag、圖卡三行字。禁用詞：根治|治療疾病|消炎治本|打通經絡|一擦就好|保證有效|深層修復|替代藥物。輸出後標示待人工法規審核。
LINE294,@111wrvef,2026-10-28,週三,20:00,秋季勞動、旅遊與外用安全,G,互動問答與使用情境,你習慣運動前還是運動後保養,情境型,LINE OA 好友、回購客與新客,用問答降低誤用，讓使用者知道何時該詢問專業人員,互動回答不取代醫師或藥師建議。,低,pending_legal_pharmacist_review,not_ready,text_plus_image_card,LINE 互動投票圖卡、問句大字、簡潔背景,留言互動,本內容為一般生活保健資訊，非醫療診斷或治療建議。,根治|治療疾病|消炎治本|打通經絡|一擦就好|保證有效|深層修復|替代藥物,請為 LINE OA @111wrvef 產生一則繁體中文貼文。主題：你習慣運動前還是運動後保養。支柱：G-互動問答與使用情境。角度：情境型。受眾：LINE OA 好友、回購客與新客。只能使用保守宣稱：用問答降低誤用，讓使用者知道何時該詢問專業人員。必須提醒：互動回答不取代醫師或藥師建議。。文案需手機易讀，包含標題、Hook、120-220字正文、CTA、3-5個hashtag、圖卡三行字。禁用詞：根治|治療疾病|消炎治本|打通經絡|一擦就好|保證有效|深層修復|替代藥物。輸出後標示待人工法規審核。
LINE295,@111wrvef,2026-10-29,週四,12:00,秋季勞動、旅遊與外用安全,C,運動後與勞動後局部不適,搬重物後腰背保養,場景型,運動族、搬重物、久站與勞動工作者,運動或勞動後的局部肌肉痠痛，可短期按摩舒緩,明顯腫脹、劇痛、活動受限或疑似受傷時，請先就醫。,中,pending_legal_pharmacist_review,not_ready,text_plus_image_card,運動後伸展、局部按摩、戶外或健身情境,收藏提醒,本產品為外用油膏，請依核准標示使用；若症狀持續或惡化，請諮詢醫師或藥師。,根治|治療疾病|消炎治本|打通經絡|一擦就好|保證有效|深層修復|替代藥物,請為 LINE OA @111wrvef 產生一則繁體中文貼文。主題：搬重物後腰背保養。支柱：C-運動後與勞動後局部不適。角度：場景型。受眾：運動族、搬重物、久站與勞動工作者。只能使用保守宣稱：運動或勞動後的局部肌肉痠痛，可短期按摩舒緩。必須提醒：明顯腫脹、劇痛、活動受限或疑似受傷時，請先就醫。。文案需手機易讀，包含標題、Hook、120-220字正文、CTA、3-5個hashtag、圖卡三行字。禁用詞：根治|治療疾病|消炎治本|打通經絡|一擦就好|保證有效|深層修復|替代藥物。輸出後標示待人工法規審核。
LINE296,@111wrvef,2026-10-29,週四,20:00,秋季勞動、旅遊與外用安全,A,產品教育與成分透明,樟腦外用時的注意界線,成分透明,已購買或正在觀望的一條根使用者,依標示外用，提供局部按摩與暫時舒緩體感,僅供外用；避免眼周、黏膜、破皮或傷口。,中,pending_legal_pharmacist_review,not_ready,text_plus_image_card,產品特寫、成分植物、乾淨桌面、金色暖光,私訊/了解更多,本產品為外用油膏，請依核准標示使用；若症狀持續或惡化，請諮詢醫師或藥師。,根治|治療疾病|消炎治本|打通經絡|一擦就好|保證有效|深層修復|替代藥物,請為 LINE OA @111wrvef 產生一則繁體中文貼文。主題：樟腦外用時的注意界線。支柱：A-產品教育與成分透明。角度：成分透明。受眾：已購買或正在觀望的一條根使用者。只能使用保守宣稱：依標示外用，提供局部按摩與暫時舒緩體感。必須提醒：僅供外用；避免眼周、黏膜、破皮或傷口。。文案需手機易讀，包含標題、Hook、120-220字正文、CTA、3-5個hashtag、圖卡三行字。禁用詞：根治|治療疾病|消炎治本|打通經絡|一擦就好|保證有效|深層修復|替代藥物。輸出後標示待人工法規審核。
LINE297,@111wrvef,2026-10-30,週五,12:00,秋季勞動、旅遊與外用安全,D,銀髮日常與輕微關節不適,輕微關節痠痛與疾病治療要分開,保守型,40-70 歲注重日常活動舒適度的族群,輕微關節痠痛可短期舒緩，但不可宣稱治療疾病,關節腫痛、紅熱、長期疼痛或行走困難，請就醫評估。,中,pending_legal_pharmacist_review,not_ready,text_plus_image_card,長輩日常、散步、溫暖居家光線,收藏提醒,本產品為外用油膏，請依核准標示使用；若症狀持續或惡化，請諮詢醫師或藥師。,根治|治療疾病|消炎治本|打通經絡|一擦就好|保證有效|深層修復|替代藥物,請為 LINE OA @111wrvef 產生一則繁體中文貼文。主題：輕微關節痠痛與疾病治療要分開。支柱：D-銀髮日常與輕微關節不適。角度：保守型。受眾：40-70 歲注重日常活動舒適度的族群。只能使用保守宣稱：輕微關節痠痛可短期舒緩，但不可宣稱治療疾病。必須提醒：關節腫痛、紅熱、長期疼痛或行走困難，請就醫評估。。文案需手機易讀，包含標題、Hook、120-220字正文、CTA、3-5個hashtag、圖卡三行字。禁用詞：根治|治療疾病|消炎治本|打通經絡|一擦就好|保證有效|深層修復|替代藥物。輸出後標示待人工法規審核。
LINE298,@111wrvef,2026-10-30,週五,20:00,秋季勞動、旅遊與外用安全,E,用藥安全與禁忌提醒,不要搭配熱敷墊或電毯,QA,所有使用者、照護者與家庭購買者,安全使用比用得多更重要，依標示與風險族群提醒,2 歲以下、孕哺、過敏體質、抗凝血藥使用者請先詢問專業人員。,高,pending_legal_pharmacist_review,not_ready,text_plus_image_card,安全提醒圖卡、清楚 icon、紅黃綠分級,私訊/了解更多,僅供外用。避免接觸眼睛、黏膜、破皮或傷口；特殊族群使用前請先諮詢專業人員。,根治|治療疾病|消炎治本|打通經絡|一擦就好|保證有效|深層修復|替代藥物,請為 LINE OA @111wrvef 產生一則繁體中文貼文。主題：不要搭配熱敷墊或電毯。支柱：E-用藥安全與禁忌提醒。角度：QA。受眾：所有使用者、照護者與家庭購買者。只能使用保守宣稱：安全使用比用得多更重要，依標示與風險族群提醒。必須提醒：2 歲以下、孕哺、過敏體質、抗凝血藥使用者請先詢問專業人員。。文案需手機易讀，包含標題、Hook、120-220字正文、CTA、3-5個hashtag、圖卡三行字。禁用詞：根治|治療疾病|消炎治本|打通經絡|一擦就好|保證有效|深層修復|替代藥物。輸出後標示待人工法規審核。
LINE299,@111wrvef,2026-10-31,週六,12:00,秋季勞動、旅遊與外用安全,F,季節節氣與生活保健,小暑前後活動舒適提醒,提醒型,喜歡養生、節氣與日常保健的 LINE 讀者,以生活保健與身體覺察為主，不做醫療療效宣稱,節氣養生屬一般生活資訊，身體不適仍應諮詢專業人員。,低,pending_legal_pharmacist_review,not_ready,text_plus_image_card,節氣自然景、草本、季節色彩,收藏提醒,本內容為一般生活保健資訊，非醫療診斷或治療建議。,根治|治療疾病|消炎治本|打通經絡|一擦就好|保證有效|深層修復|替代藥物,請為 LINE OA @111wrvef 產生一則繁體中文貼文。主題：小暑前後活動舒適提醒。支柱：F-季節節氣與生活保健。角度：提醒型。受眾：喜歡養生、節氣與日常保健的 LINE 讀者。只能使用保守宣稱：以生活保健與身體覺察為主，不做醫療療效宣稱。必須提醒：節氣養生屬一般生活資訊，身體不適仍應諮詢專業人員。。文案需手機易讀，包含標題、Hook、120-220字正文、CTA、3-5個hashtag、圖卡三行字。禁用詞：根治|治療疾病|消炎治本|打通經絡|一擦就好|保證有效|深層修復|替代藥物。輸出後標示待人工法規審核。
LINE300,@111wrvef,2026-10-31,週六,20:00,秋季勞動、旅遊與外用安全,C,運動後與勞動後局部不適,爬山後腿部按摩提醒,反常識,運動族、搬重物、久站與勞動工作者,運動或勞動後的局部肌肉痠痛，可短期按摩舒緩,明顯腫脹、劇痛、活動受限或疑似受傷時，請先就醫。,中,pending_legal_pharmacist_review,not_ready,text_plus_image_card,運動後伸展、局部按摩、戶外或健身情境,私訊/了解更多,本產品為外用油膏，請依核准標示使用；若症狀持續或惡化，請諮詢醫師或藥師。,根治|治療疾病|消炎治本|打通經絡|一擦就好|保證有效|深層修復|替代藥物,請為 LINE OA @111wrvef 產生一則繁體中文貼文。主題：爬山後腿部按摩提醒。支柱：C-運動後與勞動後局部不適。角度：反常識。受眾：運動族、搬重物、久站與勞動工作者。只能使用保守宣稱：運動或勞動後的局部肌肉痠痛，可短期按摩舒緩。必須提醒：明顯腫脹、劇痛、活動受限或疑似受傷時，請先就醫。。文案需手機易讀，包含標題、Hook、120-220字正文、CTA、3-5個hashtag、圖卡三行字。禁用詞：根治|治療疾病|消炎治本|打通經絡|一擦就好|保證有效|深層修復|替代藥物。輸出後標示待人工法規審核。
LINE301,@111wrvef,2026-11-01,週日,12:00,入冬前保養、成分透明與品牌信任,G,互動問答與使用情境,外用膏一次擦多少才剛好,情境型,LINE OA 好友、回購客與新客,用問答降低誤用，讓使用者知道何時該詢問專業人員,互動回答不取代醫師或藥師建議。,低,pending_legal_pharmacist_review,not_ready,text_plus_image_card,LINE 互動投票圖卡、問句大字、簡潔背景,留言互動,本內容為一般生活保健資訊，非醫療診斷或治療建議。,根治|治療疾病|消炎治本|打通經絡|一擦就好|保證有效|深層修復|替代藥物,請為 LINE OA @111wrvef 產生一則繁體中文貼文。主題：外用膏一次擦多少才剛好。支柱：G-互動問答與使用情境。角度：情境型。受眾：LINE OA 好友、回購客與新客。只能使用保守宣稱：用問答降低誤用，讓使用者知道何時該詢問專業人員。必須提醒：互動回答不取代醫師或藥師建議。。文案需手機易讀，包含標題、Hook、120-220字正文、CTA、3-5個hashtag、圖卡三行字。禁用詞：根治|治療疾病|消炎治本|打通經絡|一擦就好|保證有效|深層修復|替代藥物。輸出後標示待人工法規審核。
LINE302,@111wrvef,2026-11-01,週日,20:00,入冬前保養、成分透明與品牌信任,D,銀髮日常與輕微關節不適,散步後的膝周保養,互動型,40-70 歲注重日常活動舒適度的族群,輕微關節痠痛可短期舒緩，但不可宣稱治療疾病,關節腫痛、紅熱、長期疼痛或行走困難，請就醫評估。,中,pending_legal_pharmacist_review,not_ready,text_plus_image_card,長輩日常、散步、溫暖居家光線,私訊/了解更多,本產品為外用油膏，請依核准標示使用；若症狀持續或惡化，請諮詢醫師或藥師。,根治|治療疾病|消炎治本|打通經絡|一擦就好|保證有效|深層修復|替代藥物,請為 LINE OA @111wrvef 產生一則繁體中文貼文。主題：散步後的膝周保養。支柱：D-銀髮日常與輕微關節不適。角度：互動型。受眾：40-70 歲注重日常活動舒適度的族群。只能使用保守宣稱：輕微關節痠痛可短期舒緩，但不可宣稱治療疾病。必須提醒：關節腫痛、紅熱、長期疼痛或行走困難，請就醫評估。。文案需手機易讀，包含標題、Hook、120-220字正文、CTA、3-5個hashtag、圖卡三行字。禁用詞：根治|治療疾病|消炎治本|打通經絡|一擦就好|保證有效|深層修復|替代藥物。輸出後標示待人工法規審核。
LINE303,@111wrvef,2026-11-02,週一,12:00,入冬前保養、成分透明與品牌信任,B,肩頸久坐與辦公族,午休前的肩頸放鬆流程,提醒型,長時間低頭、久坐、用電腦的上班族,久坐低頭後，可搭配伸展與局部按摩舒緩緊繃不適,若痠痛持續、麻木或影響活動，請諮詢醫師或藥師。,低,pending_legal_pharmacist_review,not_ready,text_plus_image_card,辦公室、肩頸伸展、清爽自然光,收藏提醒,本內容為一般生活保健資訊，非醫療診斷或治療建議。,根治|治療疾病|消炎治本|打通經絡|一擦就好|保證有效|深層修復|替代藥物,請為 LINE OA @111wrvef 產生一則繁體中文貼文。主題：午休前的肩頸放鬆流程。支柱：B-肩頸久坐與辦公族。角度：提醒型。受眾：長時間低頭、久坐、用電腦的上班族。只能使用保守宣稱：久坐低頭後，可搭配伸展與局部按摩舒緩緊繃不適。必須提醒：若痠痛持續、麻木或影響活動，請諮詢醫師或藥師。。文案需手機易讀，包含標題、Hook、120-220字正文、CTA、3-5個hashtag、圖卡三行字。禁用詞：根治|治療疾病|消炎治本|打通經絡|一擦就好|保證有效|深層修復|替代藥物。輸出後標示待人工法規審核。
LINE304,@111wrvef,2026-11-02,週一,20:00,入冬前保養、成分透明與品牌信任,A,產品教育與成分透明,油膏劑為什麼適合局部按摩,藥證可查,已購買或正在觀望的一條根使用者,依標示外用，提供局部按摩與暫時舒緩體感,僅供外用；避免眼周、黏膜、破皮或傷口。,中,pending_legal_pharmacist_review,not_ready,text_plus_image_card,產品特寫、成分植物、乾淨桌面、金色暖光,私訊/了解更多,本產品為外用油膏，請依核准標示使用；若症狀持續或惡化，請諮詢醫師或藥師。,根治|治療疾病|消炎治本|打通經絡|一擦就好|保證有效|深層修復|替代藥物,請為 LINE OA @111wrvef 產生一則繁體中文貼文。主題：油膏劑為什麼適合局部按摩。支柱：A-產品教育與成分透明。角度：藥證可查。受眾：已購買或正在觀望的一條根使用者。只能使用保守宣稱：依標示外用，提供局部按摩與暫時舒緩體感。必須提醒：僅供外用；避免眼周、黏膜、破皮或傷口。。文案需手機易讀，包含標題、Hook、120-220字正文、CTA、3-5個hashtag、圖卡三行字。禁用詞：根治|治療疾病|消炎治本|打通經絡|一擦就好|保證有效|深層修復|替代藥物。輸出後標示待人工法規審核。
LINE305,@111wrvef,2026-11-03,週二,12:00,入冬前保養、成分透明與品牌信任,F,季節節氣與生活保健,大暑午後少久站硬撐,互動型,喜歡養生、節氣與日常保健的 LINE 讀者,以生活保健與身體覺察為主，不做醫療療效宣稱,節氣養生屬一般生活資訊，身體不適仍應諮詢專業人員。,低,pending_legal_pharmacist_review,not_ready,text_plus_image_card,節氣自然景、草本、季節色彩,收藏提醒,本內容為一般生活保健資訊，非醫療診斷或治療建議。,根治|治療疾病|消炎治本|打通經絡|一擦就好|保證有效|深層修復|替代藥物,請為 LINE OA @111wrvef 產生一則繁體中文貼文。主題：大暑午後少久站硬撐。支柱：F-季節節氣與生活保健。角度：互動型。受眾：喜歡養生、節氣與日常保健的 LINE 讀者。只能使用保守宣稱：以生活保健與身體覺察為主，不做醫療療效宣稱。必須提醒：節氣養生屬一般生活資訊，身體不適仍應諮詢專業人員。。文案需手機易讀，包含標題、Hook、120-220字正文、CTA、3-5個hashtag、圖卡三行字。禁用詞：根治|治療疾病|消炎治本|打通經絡|一擦就好|保證有效|深層修復|替代藥物。輸出後標示待人工法規審核。
LINE306,@111wrvef,2026-11-03,週二,20:00,入冬前保養、成分透明與品牌信任,E,用藥安全與禁忌提醒,不要密封包紮或大面積厚敷,風險提醒,所有使用者、照護者與家庭購買者,安全使用比用得多更重要，依標示與風險族群提醒,2 歲以下、孕哺、過敏體質、抗凝血藥使用者請先詢問專業人員。,高,pending_legal_pharmacist_review,not_ready,text_plus_image_card,安全提醒圖卡、清楚 icon、紅黃綠分級,私訊/了解更多,僅供外用。避免接觸眼睛、黏膜、破皮或傷口；特殊族群使用前請先諮詢專業人員。,根治|治療疾病|消炎治本|打通經絡|一擦就好|保證有效|深層修復|替代藥物,請為 LINE OA @111wrvef 產生一則繁體中文貼文。主題：不要密封包紮或大面積厚敷。支柱：E-用藥安全與禁忌提醒。角度：風險提醒。受眾：所有使用者、照護者與家庭購買者。只能使用保守宣稱：安全使用比用得多更重要，依標示與風險族群提醒。必須提醒：2 歲以下、孕哺、過敏體質、抗凝血藥使用者請先詢問專業人員。。文案需手機易讀，包含標題、Hook、120-220字正文、CTA、3-5個hashtag、圖卡三行字。禁用詞：根治|治療疾病|消炎治本|打通經絡|一擦就好|保證有效|深層修復|替代藥物。輸出後標示待人工法規審核。
LINE307,@111wrvef,2026-11-04,週三,12:00,入冬前保養、成分透明與品牌信任,H,品牌信任與法規透明,藥證可查代表什麼,流程型,重視藥證、成分、品質與合法性的消費者,強調藥證、標示、保守宣稱與人工審核流程,所有廣告文案仍須依主管機關與專業人員審核。,中,pending_legal_pharmacist_review,not_ready,text_plus_image_card,藥證透明、標示檢查、品牌信任感,收藏提醒,本產品為外用油膏，請依核准標示使用；若症狀持續或惡化，請諮詢醫師或藥師。,根治|治療疾病|消炎治本|打通經絡|一擦就好|保證有效|深層修復|替代藥物,請為 LINE OA @111wrvef 產生一則繁體中文貼文。主題：藥證可查代表什麼。支柱：H-品牌信任與法規透明。角度：流程型。受眾：重視藥證、成分、品質與合法性的消費者。只能使用保守宣稱：強調藥證、標示、保守宣稱與人工審核流程。必須提醒：所有廣告文案仍須依主管機關與專業人員審核。。文案需手機易讀，包含標題、Hook、120-220字正文、CTA、3-5個hashtag、圖卡三行字。禁用詞：根治|治療疾病|消炎治本|打通經絡|一擦就好|保證有效|深層修復|替代藥物。輸出後標示待人工法規審核。
LINE308,@111wrvef,2026-11-04,週三,20:00,入冬前保養、成分透明與品牌信任,G,互動問答與使用情境,涼感越強越有效嗎,問答型,LINE OA 好友、回購客與新客,用問答降低誤用，讓使用者知道何時該詢問專業人員,互動回答不取代醫師或藥師建議。,低,pending_legal_pharmacist_review,not_ready,text_plus_image_card,LINE 互動投票圖卡、問句大字、簡潔背景,留言互動,本內容為一般生活保健資訊，非醫療診斷或治療建議。,根治|治療疾病|消炎治本|打通經絡|一擦就好|保證有效|深層修復|替代藥物,請為 LINE OA @111wrvef 產生一則繁體中文貼文。主題：涼感越強越有效嗎。支柱：G-互動問答與使用情境。角度：問答型。受眾：LINE OA 好友、回購客與新客。只能使用保守宣稱：用問答降低誤用，讓使用者知道何時該詢問專業人員。必須提醒：互動回答不取代醫師或藥師建議。。文案需手機易讀，包含標題、Hook、120-220字正文、CTA、3-5個hashtag、圖卡三行字。禁用詞：根治|治療疾病|消炎治本|打通經絡|一擦就好|保證有效|深層修復|替代藥物。輸出後標示待人工法規審核。
LINE309,@111wrvef,2026-11-05,週四,12:00,入冬前保養、成分透明與品牌信任,C,運動後與勞動後局部不適,重訓後肩背局部舒緩,保守衛教,運動族、搬重物、久站與勞動工作者,運動或勞動後的局部肌肉痠痛，可短期按摩舒緩,明顯腫脹、劇痛、活動受限或疑似受傷時，請先就醫。,中,pending_legal_pharmacist_review,not_ready,text_plus_image_card,運動後伸展、局部按摩、戶外或健身情境,收藏提醒,本產品為外用油膏，請依核准標示使用；若症狀持續或惡化，請諮詢醫師或藥師。,根治|治療疾病|消炎治本|打通經絡|一擦就好|保證有效|深層修復|替代藥物,請為 LINE OA @111wrvef 產生一則繁體中文貼文。主題：重訓後肩背局部舒緩。支柱：C-運動後與勞動後局部不適。角度：保守衛教。受眾：運動族、搬重物、久站與勞動工作者。只能使用保守宣稱：運動或勞動後的局部肌肉痠痛，可短期按摩舒緩。必須提醒：明顯腫脹、劇痛、活動受限或疑似受傷時，請先就醫。。文案需手機易讀，包含標題、Hook、120-220字正文、CTA、3-5個hashtag、圖卡三行字。禁用詞：根治|治療疾病|消炎治本|打通經絡|一擦就好|保證有效|深層修復|替代藥物。輸出後標示待人工法規審核。
LINE310,@111wrvef,2026-11-05,週四,20:00,入冬前保養、成分透明與品牌信任,A,產品教育與成分透明,乙類成藥與一般保健品差異,使用時機,已購買或正在觀望的一條根使用者,依標示外用，提供局部按摩與暫時舒緩體感,僅供外用；避免眼周、黏膜、破皮或傷口。,中,pending_legal_pharmacist_review,not_ready,text_plus_image_card,產品特寫、成分植物、乾淨桌面、金色暖光,私訊/了解更多,本產品為外用油膏，請依核准標示使用；若症狀持續或惡化，請諮詢醫師或藥師。,根治|治療疾病|消炎治本|打通經絡|一擦就好|保證有效|深層修復|替代藥物,請為 LINE OA @111wrvef 產生一則繁體中文貼文。主題：乙類成藥與一般保健品差異。支柱：A-產品教育與成分透明。角度：使用時機。受眾：已購買或正在觀望的一條根使用者。只能使用保守宣稱：依標示外用，提供局部按摩與暫時舒緩體感。必須提醒：僅供外用；避免眼周、黏膜、破皮或傷口。。文案需手機易讀，包含標題、Hook、120-220字正文、CTA、3-5個hashtag、圖卡三行字。禁用詞：根治|治療疾病|消炎治本|打通經絡|一擦就好|保證有效|深層修復|替代藥物。輸出後標示待人工法規審核。
LINE311,@111wrvef,2026-11-06,週五,12:00,入冬前保養、成分透明與品牌信任,D,銀髮日常與輕微關節不適,天氣變化時的活動舒適感,提醒型,40-70 歲注重日常活動舒適度的族群,輕微關節痠痛可短期舒緩，但不可宣稱治療疾病,關節腫痛、紅熱、長期疼痛或行走困難，請就醫評估。,中,pending_legal_pharmacist_review,not_ready,text_plus_image_card,長輩日常、散步、溫暖居家光線,收藏提醒,本產品為外用油膏，請依核准標示使用；若症狀持續或惡化，請諮詢醫師或藥師。,根治|治療疾病|消炎治本|打通經絡|一擦就好|保證有效|深層修復|替代藥物,請為 LINE OA @111wrvef 產生一則繁體中文貼文。主題：天氣變化時的活動舒適感。支柱：D-銀髮日常與輕微關節不適。角度：提醒型。受眾：40-70 歲注重日常活動舒適度的族群。只能使用保守宣稱：輕微關節痠痛可短期舒緩，但不可宣稱治療疾病。必須提醒：關節腫痛、紅熱、長期疼痛或行走困難，請就醫評估。。文案需手機易讀，包含標題、Hook、120-220字正文、CTA、3-5個hashtag、圖卡三行字。禁用詞：根治|治療疾病|消炎治本|打通經絡|一擦就好|保證有效|深層修復|替代藥物。輸出後標示待人工法規審核。
LINE312,@111wrvef,2026-11-06,週五,20:00,入冬前保養、成分透明與品牌信任,E,用藥安全與禁忌提醒,水楊酸或阿斯匹靈過敏者注意,闢謠型,所有使用者、照護者與家庭購買者,安全使用比用得多更重要，依標示與風險族群提醒,2 歲以下、孕哺、過敏體質、抗凝血藥使用者請先詢問專業人員。,高,pending_legal_pharmacist_review,not_ready,text_plus_image_card,安全提醒圖卡、清楚 icon、紅黃綠分級,私訊/了解更多,僅供外用。避免接觸眼睛、黏膜、破皮或傷口；特殊族群使用前請先諮詢專業人員。,根治|治療疾病|消炎治本|打通經絡|一擦就好|保證有效|深層修復|替代藥物,請為 LINE OA @111wrvef 產生一則繁體中文貼文。主題：水楊酸或阿斯匹靈過敏者注意。支柱：E-用藥安全與禁忌提醒。角度：闢謠型。受眾：所有使用者、照護者與家庭購買者。只能使用保守宣稱：安全使用比用得多更重要，依標示與風險族群提醒。必須提醒：2 歲以下、孕哺、過敏體質、抗凝血藥使用者請先詢問專業人員。。文案需手機易讀，包含標題、Hook、120-220字正文、CTA、3-5個hashtag、圖卡三行字。禁用詞：根治|治療疾病|消炎治本|打通經絡|一擦就好|保證有效|深層修復|替代藥物。輸出後標示待人工法規審核。
LINE313,@111wrvef,2026-11-07,週六,12:00,入冬前保養、成分透明與品牌信任,F,季節節氣與生活保健,立秋後早晚溫差保養,互動型,喜歡養生、節氣與日常保健的 LINE 讀者,以生活保健與身體覺察為主，不做醫療療效宣稱,節氣養生屬一般生活資訊，身體不適仍應諮詢專業人員。,低,pending_legal_pharmacist_review,not_ready,text_plus_image_card,節氣自然景、草本、季節色彩,收藏提醒,本內容為一般生活保健資訊，非醫療診斷或治療建議。,根治|治療疾病|消炎治本|打通經絡|一擦就好|保證有效|深層修復|替代藥物,請為 LINE OA @111wrvef 產生一則繁體中文貼文。主題：立秋後早晚溫差保養。支柱：F-季節節氣與生活保健。角度：互動型。受眾：喜歡養生、節氣與日常保健的 LINE 讀者。只能使用保守宣稱：以生活保健與身體覺察為主，不做醫療療效宣稱。必須提醒：節氣養生屬一般生活資訊，身體不適仍應諮詢專業人員。。文案需手機易讀，包含標題、Hook、120-220字正文、CTA、3-5個hashtag、圖卡三行字。禁用詞：根治|治療疾病|消炎治本|打通經絡|一擦就好|保證有效|深層修復|替代藥物。輸出後標示待人工法規審核。
LINE314,@111wrvef,2026-11-07,週六,20:00,入冬前保養、成分透明與品牌信任,C,運動後與勞動後局部不適,家事後手臂不適保養,場景型,運動族、搬重物、久站與勞動工作者,運動或勞動後的局部肌肉痠痛，可短期按摩舒緩,明顯腫脹、劇痛、活動受限或疑似受傷時，請先就醫。,中,pending_legal_pharmacist_review,not_ready,text_plus_image_card,運動後伸展、局部按摩、戶外或健身情境,私訊/了解更多,本產品為外用油膏，請依核准標示使用；若症狀持續或惡化，請諮詢醫師或藥師。,根治|治療疾病|消炎治本|打通經絡|一擦就好|保證有效|深層修復|替代藥物,請為 LINE OA @111wrvef 產生一則繁體中文貼文。主題：家事後手臂不適保養。支柱：C-運動後與勞動後局部不適。角度：場景型。受眾：運動族、搬重物、久站與勞動工作者。只能使用保守宣稱：運動或勞動後的局部肌肉痠痛，可短期按摩舒緩。必須提醒：明顯腫脹、劇痛、活動受限或疑似受傷時，請先就醫。。文案需手機易讀，包含標題、Hook、120-220字正文、CTA、3-5個hashtag、圖卡三行字。禁用詞：根治|治療疾病|消炎治本|打通經絡|一擦就好|保證有效|深層修復|替代藥物。輸出後標示待人工法規審核。
LINE315,@111wrvef,2026-11-08,週日,12:00,入冬前保養、成分透明與品牌信任,G,互動問答與使用情境,你有看過外用產品標示嗎,問答型,LINE OA 好友、回購客與新客,用問答降低誤用，讓使用者知道何時該詢問專業人員,互動回答不取代醫師或藥師建議。,低,pending_legal_pharmacist_review,not_ready,text_plus_image_card,LINE 互動投票圖卡、問句大字、簡潔背景,留言互動,本內容為一般生活保健資訊，非醫療診斷或治療建議。,根治|治療疾病|消炎治本|打通經絡|一擦就好|保證有效|深層修復|替代藥物,請為 LINE OA @111wrvef 產生一則繁體中文貼文。主題：你有看過外用產品標示嗎。支柱：G-互動問答與使用情境。角度：問答型。受眾：LINE OA 好友、回購客與新客。只能使用保守宣稱：用問答降低誤用，讓使用者知道何時該詢問專業人員。必須提醒：互動回答不取代醫師或藥師建議。。文案需手機易讀，包含標題、Hook、120-220字正文、CTA、3-5個hashtag、圖卡三行字。禁用詞：根治|治療疾病|消炎治本|打通經絡|一擦就好|保證有效|深層修復|替代藥物。輸出後標示待人工法規審核。
LINE316,@111wrvef,2026-11-08,週日,20:00,入冬前保養、成分透明與品牌信任,D,銀髮日常與輕微關節不適,長輩按摩力道不要過重,保守型,40-70 歲注重日常活動舒適度的族群,輕微關節痠痛可短期舒緩，但不可宣稱治療疾病,關節腫痛、紅熱、長期疼痛或行走困難，請就醫評估。,中,pending_legal_pharmacist_review,not_ready,text_plus_image_card,長輩日常、散步、溫暖居家光線,私訊/了解更多,本產品為外用油膏，請依核准標示使用；若症狀持續或惡化，請諮詢醫師或藥師。,根治|治療疾病|消炎治本|打通經絡|一擦就好|保證有效|深層修復|替代藥物,請為 LINE OA @111wrvef 產生一則繁體中文貼文。主題：長輩按摩力道不要過重。支柱：D-銀髮日常與輕微關節不適。角度：保守型。受眾：40-70 歲注重日常活動舒適度的族群。只能使用保守宣稱：輕微關節痠痛可短期舒緩，但不可宣稱治療疾病。必須提醒：關節腫痛、紅熱、長期疼痛或行走困難，請就醫評估。。文案需手機易讀，包含標題、Hook、120-220字正文、CTA、3-5個hashtag、圖卡三行字。禁用詞：根治|治療疾病|消炎治本|打通經絡|一擦就好|保證有效|深層修復|替代藥物。輸出後標示待人工法規審核。
LINE317,@111wrvef,2026-11-09,週一,12:00,入冬前保養、成分透明與品牌信任,B,肩頸久坐與辦公族,開會久坐後的腰背舒緩,問句型,長時間低頭、久坐、用電腦的上班族,久坐低頭後，可搭配伸展與局部按摩舒緩緊繃不適,若痠痛持續、麻木或影響活動，請諮詢醫師或藥師。,低,pending_legal_pharmacist_review,not_ready,text_plus_image_card,辦公室、肩頸伸展、清爽自然光,收藏提醒,本內容為一般生活保健資訊，非醫療診斷或治療建議。,根治|治療疾病|消炎治本|打通經絡|一擦就好|保證有效|深層修復|替代藥物,請為 LINE OA @111wrvef 產生一則繁體中文貼文。主題：開會久坐後的腰背舒緩。支柱：B-肩頸久坐與辦公族。角度：問句型。受眾：長時間低頭、久坐、用電腦的上班族。只能使用保守宣稱：久坐低頭後，可搭配伸展與局部按摩舒緩緊繃不適。必須提醒：若痠痛持續、麻木或影響活動，請諮詢醫師或藥師。。文案需手機易讀，包含標題、Hook、120-220字正文、CTA、3-5個hashtag、圖卡三行字。禁用詞：根治|治療疾病|消炎治本|打通經絡|一擦就好|保證有效|深層修復|替代藥物。輸出後標示待人工法規審核。
LINE318,@111wrvef,2026-11-09,週一,20:00,入冬前保養、成分透明與品牌信任,A,產品教育與成分透明,一條根外用膏的日常定位,成分透明,已購買或正在觀望的一條根使用者,依標示外用，提供局部按摩與暫時舒緩體感,僅供外用；避免眼周、黏膜、破皮或傷口。,中,pending_legal_pharmacist_review,not_ready,text_plus_image_card,產品特寫、成分植物、乾淨桌面、金色暖光,私訊/了解更多,本產品為外用油膏，請依核准標示使用；若症狀持續或惡化，請諮詢醫師或藥師。,根治|治療疾病|消炎治本|打通經絡|一擦就好|保證有效|深層修復|替代藥物,請為 LINE OA @111wrvef 產生一則繁體中文貼文。主題：一條根外用膏的日常定位。支柱：A-產品教育與成分透明。角度：成分透明。受眾：已購買或正在觀望的一條根使用者。只能使用保守宣稱：依標示外用，提供局部按摩與暫時舒緩體感。必須提醒：僅供外用；避免眼周、黏膜、破皮或傷口。。文案需手機易讀，包含標題、Hook、120-220字正文、CTA、3-5個hashtag、圖卡三行字。禁用詞：根治|治療疾病|消炎治本|打通經絡|一擦就好|保證有效|深層修復|替代藥物。輸出後標示待人工法規審核。
LINE319,@111wrvef,2026-11-10,週二,12:00,入冬前保養、成分透明與品牌信任,F,季節節氣與生活保健,處暑後運動暖身提醒,生活型,喜歡養生、節氣與日常保健的 LINE 讀者,以生活保健與身體覺察為主，不做醫療療效宣稱,節氣養生屬一般生活資訊，身體不適仍應諮詢專業人員。,低,pending_legal_pharmacist_review,not_ready,text_plus_image_card,節氣自然景、草本、季節色彩,收藏提醒,本內容為一般生活保健資訊，非醫療診斷或治療建議。,根治|治療疾病|消炎治本|打通經絡|一擦就好|保證有效|深層修復|替代藥物,請為 LINE OA @111wrvef 產生一則繁體中文貼文。主題：處暑後運動暖身提醒。支柱：F-季節節氣與生活保健。角度：生活型。受眾：喜歡養生、節氣與日常保健的 LINE 讀者。只能使用保守宣稱：以生活保健與身體覺察為主，不做醫療療效宣稱。必須提醒：節氣養生屬一般生活資訊，身體不適仍應諮詢專業人員。。文案需手機易讀，包含標題、Hook、120-220字正文、CTA、3-5個hashtag、圖卡三行字。禁用詞：根治|治療疾病|消炎治本|打通經絡|一擦就好|保證有效|深層修復|替代藥物。輸出後標示待人工法規審核。
LINE320,@111wrvef,2026-11-10,週二,20:00,入冬前保養、成分透明與品牌信任,E,用藥安全與禁忌提醒,兒童使用前的安全提醒,QA,所有使用者、照護者與家庭購買者,安全使用比用得多更重要，依標示與風險族群提醒,2 歲以下、孕哺、過敏體質、抗凝血藥使用者請先詢問專業人員。,高,pending_legal_pharmacist_review,not_ready,text_plus_image_card,安全提醒圖卡、清楚 icon、紅黃綠分級,私訊/了解更多,僅供外用。避免接觸眼睛、黏膜、破皮或傷口；特殊族群使用前請先諮詢專業人員。,根治|治療疾病|消炎治本|打通經絡|一擦就好|保證有效|深層修復|替代藥物,請為 LINE OA @111wrvef 產生一則繁體中文貼文。主題：兒童使用前的安全提醒。支柱：E-用藥安全與禁忌提醒。角度：QA。受眾：所有使用者、照護者與家庭購買者。只能使用保守宣稱：安全使用比用得多更重要，依標示與風險族群提醒。必須提醒：2 歲以下、孕哺、過敏體質、抗凝血藥使用者請先詢問專業人員。。文案需手機易讀，包含標題、Hook、120-220字正文、CTA、3-5個hashtag、圖卡三行字。禁用詞：根治|治療疾病|消炎治本|打通經絡|一擦就好|保證有效|深層修復|替代藥物。輸出後標示待人工法規審核。
LINE321,@111wrvef,2026-11-11,週三,12:00,入冬前保養、成分透明與品牌信任,H,品牌信任與法規透明,外用膏廣告為什麼要保守,保守型,重視藥證、成分、品質與合法性的消費者,強調藥證、標示、保守宣稱與人工審核流程,所有廣告文案仍須依主管機關與專業人員審核。,中,pending_legal_pharmacist_review,not_ready,text_plus_image_card,藥證透明、標示檢查、品牌信任感,收藏提醒,本產品為外用油膏，請依核准標示使用；若症狀持續或惡化，請諮詢醫師或藥師。,根治|治療疾病|消炎治本|打通經絡|一擦就好|保證有效|深層修復|替代藥物,請為 LINE OA @111wrvef 產生一則繁體中文貼文。主題：外用膏廣告為什麼要保守。支柱：H-品牌信任與法規透明。角度：保守型。受眾：重視藥證、成分、品質與合法性的消費者。只能使用保守宣稱：強調藥證、標示、保守宣稱與人工審核流程。必須提醒：所有廣告文案仍須依主管機關與專業人員審核。。文案需手機易讀，包含標題、Hook、120-220字正文、CTA、3-5個hashtag、圖卡三行字。禁用詞：根治|治療疾病|消炎治本|打通經絡|一擦就好|保證有效|深層修復|替代藥物。輸出後標示待人工法規審核。
LINE322,@111wrvef,2026-11-11,週三,20:00,入冬前保養、成分透明與品牌信任,G,互動問答與使用情境,久坐族最想舒緩哪裡,留言型,LINE OA 好友、回購客與新客,用問答降低誤用，讓使用者知道何時該詢問專業人員,互動回答不取代醫師或藥師建議。,低,pending_legal_pharmacist_review,not_ready,text_plus_image_card,LINE 互動投票圖卡、問句大字、簡潔背景,留言互動,本內容為一般生活保健資訊，非醫療診斷或治療建議。,根治|治療疾病|消炎治本|打通經絡|一擦就好|保證有效|深層修復|替代藥物,請為 LINE OA @111wrvef 產生一則繁體中文貼文。主題：久坐族最想舒緩哪裡。支柱：G-互動問答與使用情境。角度：留言型。受眾：LINE OA 好友、回購客與新客。只能使用保守宣稱：用問答降低誤用，讓使用者知道何時該詢問專業人員。必須提醒：互動回答不取代醫師或藥師建議。。文案需手機易讀，包含標題、Hook、120-220字正文、CTA、3-5個hashtag、圖卡三行字。禁用詞：根治|治療疾病|消炎治本|打通經絡|一擦就好|保證有效|深層修復|替代藥物。輸出後標示待人工法規審核。
LINE323,@111wrvef,2026-11-12,週四,12:00,入冬前保養、成分透明與品牌信任,C,運動後與勞動後局部不適,跑步後膝周不適的保守提醒,前後對照,運動族、搬重物、久站與勞動工作者,運動或勞動後的局部肌肉痠痛，可短期按摩舒緩,明顯腫脹、劇痛、活動受限或疑似受傷時，請先就醫。,中,pending_legal_pharmacist_review,not_ready,text_plus_image_card,運動後伸展、局部按摩、戶外或健身情境,收藏提醒,本產品為外用油膏，請依核准標示使用；若症狀持續或惡化，請諮詢醫師或藥師。,根治|治療疾病|消炎治本|打通經絡|一擦就好|保證有效|深層修復|替代藥物,請為 LINE OA @111wrvef 產生一則繁體中文貼文。主題：跑步後膝周不適的保守提醒。支柱：C-運動後與勞動後局部不適。角度：前後對照。受眾：運動族、搬重物、久站與勞動工作者。只能使用保守宣稱：運動或勞動後的局部肌肉痠痛，可短期按摩舒緩。必須提醒：明顯腫脹、劇痛、活動受限或疑似受傷時，請先就醫。。文案需手機易讀，包含標題、Hook、120-220字正文、CTA、3-5個hashtag、圖卡三行字。禁用詞：根治|治療疾病|消炎治本|打通經絡|一擦就好|保證有效|深層修復|替代藥物。輸出後標示待人工法規審核。
LINE324,@111wrvef,2026-11-12,週四,20:00,入冬前保養、成分透明與品牌信任,A,產品教育與成分透明,成分濃度為什麼要看標示,使用迷思,已購買或正在觀望的一條根使用者,依標示外用，提供局部按摩與暫時舒緩體感,僅供外用；避免眼周、黏膜、破皮或傷口。,中,pending_legal_pharmacist_review,not_ready,text_plus_image_card,產品特寫、成分植物、乾淨桌面、金色暖光,私訊/了解更多,本產品為外用油膏，請依核准標示使用；若症狀持續或惡化，請諮詢醫師或藥師。,根治|治療疾病|消炎治本|打通經絡|一擦就好|保證有效|深層修復|替代藥物,請為 LINE OA @111wrvef 產生一則繁體中文貼文。主題：成分濃度為什麼要看標示。支柱：A-產品教育與成分透明。角度：使用迷思。受眾：已購買或正在觀望的一條根使用者。只能使用保守宣稱：依標示外用，提供局部按摩與暫時舒緩體感。必須提醒：僅供外用；避免眼周、黏膜、破皮或傷口。。文案需手機易讀，包含標題、Hook、120-220字正文、CTA、3-5個hashtag、圖卡三行字。禁用詞：根治|治療疾病|消炎治本|打通經絡|一擦就好|保證有效|深層修復|替代藥物。輸出後標示待人工法規審核。
LINE325,@111wrvef,2026-11-13,週五,12:00,入冬前保養、成分透明與品牌信任,D,銀髮日常與輕微關節不適,照顧爸媽時的外用提醒,陪伴型,40-70 歲注重日常活動舒適度的族群,輕微關節痠痛可短期舒緩，但不可宣稱治療疾病,關節腫痛、紅熱、長期疼痛或行走困難，請就醫評估。,中,pending_legal_pharmacist_review,not_ready,text_plus_image_card,長輩日常、散步、溫暖居家光線,收藏提醒,本產品為外用油膏，請依核准標示使用；若症狀持續或惡化，請諮詢醫師或藥師。,根治|治療疾病|消炎治本|打通經絡|一擦就好|保證有效|深層修復|替代藥物,請為 LINE OA @111wrvef 產生一則繁體中文貼文。主題：照顧爸媽時的外用提醒。支柱：D-銀髮日常與輕微關節不適。角度：陪伴型。受眾：40-70 歲注重日常活動舒適度的族群。只能使用保守宣稱：輕微關節痠痛可短期舒緩，但不可宣稱治療疾病。必須提醒：關節腫痛、紅熱、長期疼痛或行走困難，請就醫評估。。文案需手機易讀，包含標題、Hook、120-220字正文、CTA、3-5個hashtag、圖卡三行字。禁用詞：根治|治療疾病|消炎治本|打通經絡|一擦就好|保證有效|深層修復|替代藥物。輸出後標示待人工法規審核。
LINE326,@111wrvef,2026-11-13,週五,20:00,入冬前保養、成分透明與品牌信任,E,用藥安全與禁忌提醒,孕婦與哺乳族群先詢問專業人員,安全提醒,所有使用者、照護者與家庭購買者,安全使用比用得多更重要，依標示與風險族群提醒,2 歲以下、孕哺、過敏體質、抗凝血藥使用者請先詢問專業人員。,高,pending_legal_pharmacist_review,not_ready,text_plus_image_card,安全提醒圖卡、清楚 icon、紅黃綠分級,私訊/了解更多,僅供外用。避免接觸眼睛、黏膜、破皮或傷口；特殊族群使用前請先諮詢專業人員。,根治|治療疾病|消炎治本|打通經絡|一擦就好|保證有效|深層修復|替代藥物,請為 LINE OA @111wrvef 產生一則繁體中文貼文。主題：孕婦與哺乳族群先詢問專業人員。支柱：E-用藥安全與禁忌提醒。角度：安全提醒。受眾：所有使用者、照護者與家庭購買者。只能使用保守宣稱：安全使用比用得多更重要，依標示與風險族群提醒。必須提醒：2 歲以下、孕哺、過敏體質、抗凝血藥使用者請先詢問專業人員。。文案需手機易讀，包含標題、Hook、120-220字正文、CTA、3-5個hashtag、圖卡三行字。禁用詞：根治|治療疾病|消炎治本|打通經絡|一擦就好|保證有效|深層修復|替代藥物。輸出後標示待人工法規審核。
LINE327,@111wrvef,2026-11-14,週六,12:00,入冬前保養、成分透明與品牌信任,F,季節節氣與生活保健,白露時節關心長輩活動,生活型,喜歡養生、節氣與日常保健的 LINE 讀者,以生活保健與身體覺察為主，不做醫療療效宣稱,節氣養生屬一般生活資訊，身體不適仍應諮詢專業人員。,低,pending_legal_pharmacist_review,not_ready,text_plus_image_card,節氣自然景、草本、季節色彩,收藏提醒,本內容為一般生活保健資訊，非醫療診斷或治療建議。,根治|治療疾病|消炎治本|打通經絡|一擦就好|保證有效|深層修復|替代藥物,請為 LINE OA @111wrvef 產生一則繁體中文貼文。主題：白露時節關心長輩活動。支柱：F-季節節氣與生活保健。角度：生活型。受眾：喜歡養生、節氣與日常保健的 LINE 讀者。只能使用保守宣稱：以生活保健與身體覺察為主，不做醫療療效宣稱。必須提醒：節氣養生屬一般生活資訊，身體不適仍應諮詢專業人員。。文案需手機易讀，包含標題、Hook、120-220字正文、CTA、3-5個hashtag、圖卡三行字。禁用詞：根治|治療疾病|消炎治本|打通經絡|一擦就好|保證有效|深層修復|替代藥物。輸出後標示待人工法規審核。
LINE328,@111wrvef,2026-11-14,週六,20:00,入冬前保養、成分透明與品牌信任,C,運動後與勞動後局部不適,勞動後先休息再按摩,保守衛教,運動族、搬重物、久站與勞動工作者,運動或勞動後的局部肌肉痠痛，可短期按摩舒緩,明顯腫脹、劇痛、活動受限或疑似受傷時，請先就醫。,中,pending_legal_pharmacist_review,not_ready,text_plus_image_card,運動後伸展、局部按摩、戶外或健身情境,私訊/了解更多,本產品為外用油膏，請依核准標示使用；若症狀持續或惡化，請諮詢醫師或藥師。,根治|治療疾病|消炎治本|打通經絡|一擦就好|保證有效|深層修復|替代藥物,請為 LINE OA @111wrvef 產生一則繁體中文貼文。主題：勞動後先休息再按摩。支柱：C-運動後與勞動後局部不適。角度：保守衛教。受眾：運動族、搬重物、久站與勞動工作者。只能使用保守宣稱：運動或勞動後的局部肌肉痠痛，可短期按摩舒緩。必須提醒：明顯腫脹、劇痛、活動受限或疑似受傷時，請先就醫。。文案需手機易讀，包含標題、Hook、120-220字正文、CTA、3-5個hashtag、圖卡三行字。禁用詞：根治|治療疾病|消炎治本|打通經絡|一擦就好|保證有效|深層修復|替代藥物。輸出後標示待人工法規審核。
LINE329,@111wrvef,2026-11-15,週日,12:00,入冬前保養、成分透明與品牌信任,G,互動問答與使用情境,長輩使用外用膏你會提醒什麼,留言型,LINE OA 好友、回購客與新客,用問答降低誤用，讓使用者知道何時該詢問專業人員,互動回答不取代醫師或藥師建議。,低,pending_legal_pharmacist_review,not_ready,text_plus_image_card,LINE 互動投票圖卡、問句大字、簡潔背景,留言互動,本內容為一般生活保健資訊，非醫療診斷或治療建議。,根治|治療疾病|消炎治本|打通經絡|一擦就好|保證有效|深層修復|替代藥物,請為 LINE OA @111wrvef 產生一則繁體中文貼文。主題：長輩使用外用膏你會提醒什麼。支柱：G-互動問答與使用情境。角度：留言型。受眾：LINE OA 好友、回購客與新客。只能使用保守宣稱：用問答降低誤用，讓使用者知道何時該詢問專業人員。必須提醒：互動回答不取代醫師或藥師建議。。文案需手機易讀，包含標題、Hook、120-220字正文、CTA、3-5個hashtag、圖卡三行字。禁用詞：根治|治療疾病|消炎治本|打通經絡|一擦就好|保證有效|深層修復|替代藥物。輸出後標示待人工法規審核。
LINE330,@111wrvef,2026-11-15,週日,20:00,入冬前保養、成分透明與品牌信任,D,銀髮日常與輕微關節不適,日常活動舒適度的三個習慣,提醒型,40-70 歲注重日常活動舒適度的族群,輕微關節痠痛可短期舒緩，但不可宣稱治療疾病,關節腫痛、紅熱、長期疼痛或行走困難，請就醫評估。,中,pending_legal_pharmacist_review,not_ready,text_plus_image_card,長輩日常、散步、溫暖居家光線,私訊/了解更多,本產品為外用油膏，請依核准標示使用；若症狀持續或惡化，請諮詢醫師或藥師。,根治|治療疾病|消炎治本|打通經絡|一擦就好|保證有效|深層修復|替代藥物,請為 LINE OA @111wrvef 產生一則繁體中文貼文。主題：日常活動舒適度的三個習慣。支柱：D-銀髮日常與輕微關節不適。角度：提醒型。受眾：40-70 歲注重日常活動舒適度的族群。只能使用保守宣稱：輕微關節痠痛可短期舒緩，但不可宣稱治療疾病。必須提醒：關節腫痛、紅熱、長期疼痛或行走困難，請就醫評估。。文案需手機易讀，包含標題、Hook、120-220字正文、CTA、3-5個hashtag、圖卡三行字。禁用詞：根治|治療疾病|消炎治本|打通經絡|一擦就好|保證有效|深層修復|替代藥物。輸出後標示待人工法規審核。
LINE331,@111wrvef,2026-11-16,週一,12:00,入冬前保養、成分透明與品牌信任,B,肩頸久坐與辦公族,下班前五分鐘伸展,生活情境,長時間低頭、久坐、用電腦的上班族,久坐低頭後，可搭配伸展與局部按摩舒緩緊繃不適,若痠痛持續、麻木或影響活動，請諮詢醫師或藥師。,低,pending_legal_pharmacist_review,not_ready,text_plus_image_card,辦公室、肩頸伸展、清爽自然光,收藏提醒,本內容為一般生活保健資訊，非醫療診斷或治療建議。,根治|治療疾病|消炎治本|打通經絡|一擦就好|保證有效|深層修復|替代藥物,請為 LINE OA @111wrvef 產生一則繁體中文貼文。主題：下班前五分鐘伸展。支柱：B-肩頸久坐與辦公族。角度：生活情境。受眾：長時間低頭、久坐、用電腦的上班族。只能使用保守宣稱：久坐低頭後，可搭配伸展與局部按摩舒緩緊繃不適。必須提醒：若痠痛持續、麻木或影響活動，請諮詢醫師或藥師。。文案需手機易讀，包含標題、Hook、120-220字正文、CTA、3-5個hashtag、圖卡三行字。禁用詞：根治|治療疾病|消炎治本|打通經絡|一擦就好|保證有效|深層修復|替代藥物。輸出後標示待人工法規審核。
LINE332,@111wrvef,2026-11-16,週一,20:00,入冬前保養、成分透明與品牌信任,A,產品教育與成分透明,局部按摩和大面積厚敷的差別,使用時機,已購買或正在觀望的一條根使用者,依標示外用，提供局部按摩與暫時舒緩體感,僅供外用；避免眼周、黏膜、破皮或傷口。,中,pending_legal_pharmacist_review,not_ready,text_plus_image_card,產品特寫、成分植物、乾淨桌面、金色暖光,私訊/了解更多,本產品為外用油膏，請依核准標示使用；若症狀持續或惡化，請諮詢醫師或藥師。,根治|治療疾病|消炎治本|打通經絡|一擦就好|保證有效|深層修復|替代藥物,請為 LINE OA @111wrvef 產生一則繁體中文貼文。主題：局部按摩和大面積厚敷的差別。支柱：A-產品教育與成分透明。角度：使用時機。受眾：已購買或正在觀望的一條根使用者。只能使用保守宣稱：依標示外用，提供局部按摩與暫時舒緩體感。必須提醒：僅供外用；避免眼周、黏膜、破皮或傷口。。文案需手機易讀，包含標題、Hook、120-220字正文、CTA、3-5個hashtag、圖卡三行字。禁用詞：根治|治療疾病|消炎治本|打通經絡|一擦就好|保證有效|深層修復|替代藥物。輸出後標示待人工法規審核。
LINE333,@111wrvef,2026-11-17,週二,12:00,入冬前保養、成分透明與品牌信任,F,季節節氣與生活保健,秋分後外出前暖身,金句型,喜歡養生、節氣與日常保健的 LINE 讀者,以生活保健與身體覺察為主，不做醫療療效宣稱,節氣養生屬一般生活資訊，身體不適仍應諮詢專業人員。,低,pending_legal_pharmacist_review,not_ready,text_plus_image_card,節氣自然景、草本、季節色彩,收藏提醒,本內容為一般生活保健資訊，非醫療診斷或治療建議。,根治|治療疾病|消炎治本|打通經絡|一擦就好|保證有效|深層修復|替代藥物,請為 LINE OA @111wrvef 產生一則繁體中文貼文。主題：秋分後外出前暖身。支柱：F-季節節氣與生活保健。角度：金句型。受眾：喜歡養生、節氣與日常保健的 LINE 讀者。只能使用保守宣稱：以生活保健與身體覺察為主，不做醫療療效宣稱。必須提醒：節氣養生屬一般生活資訊，身體不適仍應諮詢專業人員。。文案需手機易讀，包含標題、Hook、120-220字正文、CTA、3-5個hashtag、圖卡三行字。禁用詞：根治|治療疾病|消炎治本|打通經絡|一擦就好|保證有效|深層修復|替代藥物。輸出後標示待人工法規審核。
LINE334,@111wrvef,2026-11-17,週二,20:00,入冬前保養、成分透明與品牌信任,E,用藥安全與禁忌提醒,症狀超過七天要停用並諮詢,闢謠型,所有使用者、照護者與家庭購買者,安全使用比用得多更重要，依標示與風險族群提醒,2 歲以下、孕哺、過敏體質、抗凝血藥使用者請先詢問專業人員。,高,pending_legal_pharmacist_review,not_ready,text_plus_image_card,安全提醒圖卡、清楚 icon、紅黃綠分級,私訊/了解更多,僅供外用。避免接觸眼睛、黏膜、破皮或傷口；特殊族群使用前請先諮詢專業人員。,根治|治療疾病|消炎治本|打通經絡|一擦就好|保證有效|深層修復|替代藥物,請為 LINE OA @111wrvef 產生一則繁體中文貼文。主題：症狀超過七天要停用並諮詢。支柱：E-用藥安全與禁忌提醒。角度：闢謠型。受眾：所有使用者、照護者與家庭購買者。只能使用保守宣稱：安全使用比用得多更重要，依標示與風險族群提醒。必須提醒：2 歲以下、孕哺、過敏體質、抗凝血藥使用者請先詢問專業人員。。文案需手機易讀，包含標題、Hook、120-220字正文、CTA、3-5個hashtag、圖卡三行字。禁用詞：根治|治療疾病|消炎治本|打通經絡|一擦就好|保證有效|深層修復|替代藥物。輸出後標示待人工法規審核。
LINE335,@111wrvef,2026-11-18,週三,12:00,入冬前保養、成分透明與品牌信任,H,品牌信任與法規透明,成分透明是基本功,透明型,重視藥證、成分、品質與合法性的消費者,強調藥證、標示、保守宣稱與人工審核流程,所有廣告文案仍須依主管機關與專業人員審核。,中,pending_legal_pharmacist_review,not_ready,text_plus_image_card,藥證透明、標示檢查、品牌信任感,收藏提醒,本產品為外用油膏，請依核准標示使用；若症狀持續或惡化，請諮詢醫師或藥師。,根治|治療疾病|消炎治本|打通經絡|一擦就好|保證有效|深層修復|替代藥物,請為 LINE OA @111wrvef 產生一則繁體中文貼文。主題：成分透明是基本功。支柱：H-品牌信任與法規透明。角度：透明型。受眾：重視藥證、成分、品質與合法性的消費者。只能使用保守宣稱：強調藥證、標示、保守宣稱與人工審核流程。必須提醒：所有廣告文案仍須依主管機關與專業人員審核。。文案需手機易讀，包含標題、Hook、120-220字正文、CTA、3-5個hashtag、圖卡三行字。禁用詞：根治|治療疾病|消炎治本|打通經絡|一擦就好|保證有效|深層修復|替代藥物。輸出後標示待人工法規審核。
LINE336,@111wrvef,2026-11-18,週三,20:00,入冬前保養、成分透明與品牌信任,G,互動問答與使用情境,一條根可以天天厚敷嗎,迷思型,LINE OA 好友、回購客與新客,用問答降低誤用，讓使用者知道何時該詢問專業人員,互動回答不取代醫師或藥師建議。,低,pending_legal_pharmacist_review,not_ready,text_plus_image_card,LINE 互動投票圖卡、問句大字、簡潔背景,留言互動,本內容為一般生活保健資訊，非醫療診斷或治療建議。,根治|治療疾病|消炎治本|打通經絡|一擦就好|保證有效|深層修復|替代藥物,請為 LINE OA @111wrvef 產生一則繁體中文貼文。主題：一條根可以天天厚敷嗎。支柱：G-互動問答與使用情境。角度：迷思型。受眾：LINE OA 好友、回購客與新客。只能使用保守宣稱：用問答降低誤用，讓使用者知道何時該詢問專業人員。必須提醒：互動回答不取代醫師或藥師建議。。文案需手機易讀，包含標題、Hook、120-220字正文、CTA、3-5個hashtag、圖卡三行字。禁用詞：根治|治療疾病|消炎治本|打通經絡|一擦就好|保證有效|深層修復|替代藥物。輸出後標示待人工法規審核。
LINE337,@111wrvef,2026-11-19,週四,12:00,入冬前保養、成分透明與品牌信任,C,運動後與勞動後局部不適,運動後不要立刻熱敷加藥膏,步驟型,運動族、搬重物、久站與勞動工作者,運動或勞動後的局部肌肉痠痛，可短期按摩舒緩,明顯腫脹、劇痛、活動受限或疑似受傷時，請先就醫。,中,pending_legal_pharmacist_review,not_ready,text_plus_image_card,運動後伸展、局部按摩、戶外或健身情境,收藏提醒,本產品為外用油膏，請依核准標示使用；若症狀持續或惡化，請諮詢醫師或藥師。,根治|治療疾病|消炎治本|打通經絡|一擦就好|保證有效|深層修復|替代藥物,請為 LINE OA @111wrvef 產生一則繁體中文貼文。主題：運動後不要立刻熱敷加藥膏。支柱：C-運動後與勞動後局部不適。角度：步驟型。受眾：運動族、搬重物、久站與勞動工作者。只能使用保守宣稱：運動或勞動後的局部肌肉痠痛，可短期按摩舒緩。必須提醒：明顯腫脹、劇痛、活動受限或疑似受傷時，請先就醫。。文案需手機易讀，包含標題、Hook、120-220字正文、CTA、3-5個hashtag、圖卡三行字。禁用詞：根治|治療疾病|消炎治本|打通經絡|一擦就好|保證有效|深層修復|替代藥物。輸出後標示待人工法規審核。
LINE338,@111wrvef,2026-11-19,週四,20:00,入冬前保養、成分透明與品牌信任,A,產品教育與成分透明,使用前先小範圍測試,正確用量,已購買或正在觀望的一條根使用者,依標示外用，提供局部按摩與暫時舒緩體感,僅供外用；避免眼周、黏膜、破皮或傷口。,中,pending_legal_pharmacist_review,not_ready,text_plus_image_card,產品特寫、成分植物、乾淨桌面、金色暖光,私訊/了解更多,本產品為外用油膏，請依核准標示使用；若症狀持續或惡化，請諮詢醫師或藥師。,根治|治療疾病|消炎治本|打通經絡|一擦就好|保證有效|深層修復|替代藥物,請為 LINE OA @111wrvef 產生一則繁體中文貼文。主題：使用前先小範圍測試。支柱：A-產品教育與成分透明。角度：正確用量。受眾：已購買或正在觀望的一條根使用者。只能使用保守宣稱：依標示外用，提供局部按摩與暫時舒緩體感。必須提醒：僅供外用；避免眼周、黏膜、破皮或傷口。。文案需手機易讀，包含標題、Hook、120-220字正文、CTA、3-5個hashtag、圖卡三行字。禁用詞：根治|治療疾病|消炎治本|打通經絡|一擦就好|保證有效|深層修復|替代藥物。輸出後標示待人工法規審核。
LINE339,@111wrvef,2026-11-20,週五,12:00,入冬前保養、成分透明與品牌信任,D,銀髮日常與輕微關節不適,長輩使用前先看標示,生活型,40-70 歲注重日常活動舒適度的族群,輕微關節痠痛可短期舒緩，但不可宣稱治療疾病,關節腫痛、紅熱、長期疼痛或行走困難，請就醫評估。,中,pending_legal_pharmacist_review,not_ready,text_plus_image_card,長輩日常、散步、溫暖居家光線,收藏提醒,本產品為外用油膏，請依核准標示使用；若症狀持續或惡化，請諮詢醫師或藥師。,根治|治療疾病|消炎治本|打通經絡|一擦就好|保證有效|深層修復|替代藥物,請為 LINE OA @111wrvef 產生一則繁體中文貼文。主題：長輩使用前先看標示。支柱：D-銀髮日常與輕微關節不適。角度：生活型。受眾：40-70 歲注重日常活動舒適度的族群。只能使用保守宣稱：輕微關節痠痛可短期舒緩，但不可宣稱治療疾病。必須提醒：關節腫痛、紅熱、長期疼痛或行走困難，請就醫評估。。文案需手機易讀，包含標題、Hook、120-220字正文、CTA、3-5個hashtag、圖卡三行字。禁用詞：根治|治療疾病|消炎治本|打通經絡|一擦就好|保證有效|深層修復|替代藥物。輸出後標示待人工法規審核。
LINE340,@111wrvef,2026-11-20,週五,20:00,入冬前保養、成分透明與品牌信任,E,用藥安全與禁忌提醒,皮膚刺激時要停止使用,清單型,所有使用者、照護者與家庭購買者,安全使用比用得多更重要，依標示與風險族群提醒,2 歲以下、孕哺、過敏體質、抗凝血藥使用者請先詢問專業人員。,高,pending_legal_pharmacist_review,not_ready,text_plus_image_card,安全提醒圖卡、清楚 icon、紅黃綠分級,私訊/了解更多,僅供外用。避免接觸眼睛、黏膜、破皮或傷口；特殊族群使用前請先諮詢專業人員。,根治|治療疾病|消炎治本|打通經絡|一擦就好|保證有效|深層修復|替代藥物,請為 LINE OA @111wrvef 產生一則繁體中文貼文。主題：皮膚刺激時要停止使用。支柱：E-用藥安全與禁忌提醒。角度：清單型。受眾：所有使用者、照護者與家庭購買者。只能使用保守宣稱：安全使用比用得多更重要，依標示與風險族群提醒。必須提醒：2 歲以下、孕哺、過敏體質、抗凝血藥使用者請先詢問專業人員。。文案需手機易讀，包含標題、Hook、120-220字正文、CTA、3-5個hashtag、圖卡三行字。禁用詞：根治|治療疾病|消炎治本|打通經絡|一擦就好|保證有效|深層修復|替代藥物。輸出後標示待人工法規審核。
LINE341,@111wrvef,2026-11-21,週六,12:00,入冬前保養、成分透明與品牌信任,F,季節節氣與生活保健,寒露後肩背保養,金句型,喜歡養生、節氣與日常保健的 LINE 讀者,以生活保健與身體覺察為主，不做醫療療效宣稱,節氣養生屬一般生活資訊，身體不適仍應諮詢專業人員。,低,pending_legal_pharmacist_review,not_ready,text_plus_image_card,節氣自然景、草本、季節色彩,收藏提醒,本內容為一般生活保健資訊，非醫療診斷或治療建議。,根治|治療疾病|消炎治本|打通經絡|一擦就好|保證有效|深層修復|替代藥物,請為 LINE OA @111wrvef 產生一則繁體中文貼文。主題：寒露後肩背保養。支柱：F-季節節氣與生活保健。角度：金句型。受眾：喜歡養生、節氣與日常保健的 LINE 讀者。只能使用保守宣稱：以生活保健與身體覺察為主，不做醫療療效宣稱。必須提醒：節氣養生屬一般生活資訊，身體不適仍應諮詢專業人員。。文案需手機易讀，包含標題、Hook、120-220字正文、CTA、3-5個hashtag、圖卡三行字。禁用詞：根治|治療疾病|消炎治本|打通經絡|一擦就好|保證有效|深層修復|替代藥物。輸出後標示待人工法規審核。
LINE342,@111wrvef,2026-11-21,週六,20:00,入冬前保養、成分透明與品牌信任,C,運動後與勞動後局部不適,輕微拉扯後的觀察重點,前後對照,運動族、搬重物、久站與勞動工作者,運動或勞動後的局部肌肉痠痛，可短期按摩舒緩,明顯腫脹、劇痛、活動受限或疑似受傷時，請先就醫。,中,pending_legal_pharmacist_review,not_ready,text_plus_image_card,運動後伸展、局部按摩、戶外或健身情境,私訊/了解更多,本產品為外用油膏，請依核准標示使用；若症狀持續或惡化，請諮詢醫師或藥師。,根治|治療疾病|消炎治本|打通經絡|一擦就好|保證有效|深層修復|替代藥物,請為 LINE OA @111wrvef 產生一則繁體中文貼文。主題：輕微拉扯後的觀察重點。支柱：C-運動後與勞動後局部不適。角度：前後對照。受眾：運動族、搬重物、久站與勞動工作者。只能使用保守宣稱：運動或勞動後的局部肌肉痠痛，可短期按摩舒緩。必須提醒：明顯腫脹、劇痛、活動受限或疑似受傷時，請先就醫。。文案需手機易讀，包含標題、Hook、120-220字正文、CTA、3-5個hashtag、圖卡三行字。禁用詞：根治|治療疾病|消炎治本|打通經絡|一擦就好|保證有效|深層修復|替代藥物。輸出後標示待人工法規審核。
LINE343,@111wrvef,2026-11-22,週日,12:00,入冬前保養、成分透明與品牌信任,G,互動問答與使用情境,擦完可以馬上熱敷嗎,迷思型,LINE OA 好友、回購客與新客,用問答降低誤用，讓使用者知道何時該詢問專業人員,互動回答不取代醫師或藥師建議。,低,pending_legal_pharmacist_review,not_ready,text_plus_image_card,LINE 互動投票圖卡、問句大字、簡潔背景,留言互動,本內容為一般生活保健資訊，非醫療診斷或治療建議。,根治|治療疾病|消炎治本|打通經絡|一擦就好|保證有效|深層修復|替代藥物,請為 LINE OA @111wrvef 產生一則繁體中文貼文。主題：擦完可以馬上熱敷嗎。支柱：G-互動問答與使用情境。角度：迷思型。受眾：LINE OA 好友、回購客與新客。只能使用保守宣稱：用問答降低誤用，讓使用者知道何時該詢問專業人員。必須提醒：互動回答不取代醫師或藥師建議。。文案需手機易讀，包含標題、Hook、120-220字正文、CTA、3-5個hashtag、圖卡三行字。禁用詞：根治|治療疾病|消炎治本|打通經絡|一擦就好|保證有效|深層修復|替代藥物。輸出後標示待人工法規審核。
LINE344,@111wrvef,2026-11-22,週日,20:00,入冬前保養、成分透明與品牌信任,D,銀髮日常與輕微關節不適,別把長期疼痛只當小問題,陪伴型,40-70 歲注重日常活動舒適度的族群,輕微關節痠痛可短期舒緩，但不可宣稱治療疾病,關節腫痛、紅熱、長期疼痛或行走困難，請就醫評估。,中,pending_legal_pharmacist_review,not_ready,text_plus_image_card,長輩日常、散步、溫暖居家光線,私訊/了解更多,本產品為外用油膏，請依核准標示使用；若症狀持續或惡化，請諮詢醫師或藥師。,根治|治療疾病|消炎治本|打通經絡|一擦就好|保證有效|深層修復|替代藥物,請為 LINE OA @111wrvef 產生一則繁體中文貼文。主題：別把長期疼痛只當小問題。支柱：D-銀髮日常與輕微關節不適。角度：陪伴型。受眾：40-70 歲注重日常活動舒適度的族群。只能使用保守宣稱：輕微關節痠痛可短期舒緩，但不可宣稱治療疾病。必須提醒：關節腫痛、紅熱、長期疼痛或行走困難，請就醫評估。。文案需手機易讀，包含標題、Hook、120-220字正文、CTA、3-5個hashtag、圖卡三行字。禁用詞：根治|治療疾病|消炎治本|打通經絡|一擦就好|保證有效|深層修復|替代藥物。輸出後標示待人工法規審核。
LINE345,@111wrvef,2026-11-23,週一,12:00,入冬前保養、成分透明與品牌信任,B,肩頸久坐與辦公族,滑手機後頸部保養,小習慣,長時間低頭、久坐、用電腦的上班族,久坐低頭後，可搭配伸展與局部按摩舒緩緊繃不適,若痠痛持續、麻木或影響活動，請諮詢醫師或藥師。,低,pending_legal_pharmacist_review,not_ready,text_plus_image_card,辦公室、肩頸伸展、清爽自然光,收藏提醒,本內容為一般生活保健資訊，非醫療診斷或治療建議。,根治|治療疾病|消炎治本|打通經絡|一擦就好|保證有效|深層修復|替代藥物,請為 LINE OA @111wrvef 產生一則繁體中文貼文。主題：滑手機後頸部保養。支柱：B-肩頸久坐與辦公族。角度：小習慣。受眾：長時間低頭、久坐、用電腦的上班族。只能使用保守宣稱：久坐低頭後，可搭配伸展與局部按摩舒緩緊繃不適。必須提醒：若痠痛持續、麻木或影響活動，請諮詢醫師或藥師。。文案需手機易讀，包含標題、Hook、120-220字正文、CTA、3-5個hashtag、圖卡三行字。禁用詞：根治|治療疾病|消炎治本|打通經絡|一擦就好|保證有效|深層修復|替代藥物。輸出後標示待人工法規審核。
LINE346,@111wrvef,2026-11-23,週一,20:00,入冬前保養、成分透明與品牌信任,A,產品教育與成分透明,產品不是神藥，定位要講清楚,使用迷思,已購買或正在觀望的一條根使用者,依標示外用，提供局部按摩與暫時舒緩體感,僅供外用；避免眼周、黏膜、破皮或傷口。,中,pending_legal_pharmacist_review,not_ready,text_plus_image_card,產品特寫、成分植物、乾淨桌面、金色暖光,私訊/了解更多,本產品為外用油膏，請依核准標示使用；若症狀持續或惡化，請諮詢醫師或藥師。,根治|治療疾病|消炎治本|打通經絡|一擦就好|保證有效|深層修復|替代藥物,請為 LINE OA @111wrvef 產生一則繁體中文貼文。主題：產品不是神藥，定位要講清楚。支柱：A-產品教育與成分透明。角度：使用迷思。受眾：已購買或正在觀望的一條根使用者。只能使用保守宣稱：依標示外用，提供局部按摩與暫時舒緩體感。必須提醒：僅供外用；避免眼周、黏膜、破皮或傷口。。文案需手機易讀，包含標題、Hook、120-220字正文、CTA、3-5個hashtag、圖卡三行字。禁用詞：根治|治療疾病|消炎治本|打通經絡|一擦就好|保證有效|深層修復|替代藥物。輸出後標示待人工法規審核。
LINE347,@111wrvef,2026-11-24,週二,12:00,入冬前保養、成分透明與品牌信任,F,季節節氣與生活保健,立冬前後的日常舒緩儀式,節氣型,喜歡養生、節氣與日常保健的 LINE 讀者,以生活保健與身體覺察為主，不做醫療療效宣稱,節氣養生屬一般生活資訊，身體不適仍應諮詢專業人員。,低,pending_legal_pharmacist_review,not_ready,text_plus_image_card,節氣自然景、草本、季節色彩,收藏提醒,本內容為一般生活保健資訊，非醫療診斷或治療建議。,根治|治療疾病|消炎治本|打通經絡|一擦就好|保證有效|深層修復|替代藥物,請為 LINE OA @111wrvef 產生一則繁體中文貼文。主題：立冬前後的日常舒緩儀式。支柱：F-季節節氣與生活保健。角度：節氣型。受眾：喜歡養生、節氣與日常保健的 LINE 讀者。只能使用保守宣稱：以生活保健與身體覺察為主，不做醫療療效宣稱。必須提醒：節氣養生屬一般生活資訊，身體不適仍應諮詢專業人員。。文案需手機易讀，包含標題、Hook、120-220字正文、CTA、3-5個hashtag、圖卡三行字。禁用詞：根治|治療疾病|消炎治本|打通經絡|一擦就好|保證有效|深層修復|替代藥物。輸出後標示待人工法規審核。
LINE348,@111wrvef,2026-11-24,週二,20:00,入冬前保養、成分透明與品牌信任,E,用藥安全與禁忌提醒,深層症狀不適合自行處理,安全提醒,所有使用者、照護者與家庭購買者,安全使用比用得多更重要，依標示與風險族群提醒,2 歲以下、孕哺、過敏體質、抗凝血藥使用者請先詢問專業人員。,高,pending_legal_pharmacist_review,not_ready,text_plus_image_card,安全提醒圖卡、清楚 icon、紅黃綠分級,私訊/了解更多,僅供外用。避免接觸眼睛、黏膜、破皮或傷口；特殊族群使用前請先諮詢專業人員。,根治|治療疾病|消炎治本|打通經絡|一擦就好|保證有效|深層修復|替代藥物,請為 LINE OA @111wrvef 產生一則繁體中文貼文。主題：深層症狀不適合自行處理。支柱：E-用藥安全與禁忌提醒。角度：安全提醒。受眾：所有使用者、照護者與家庭購買者。只能使用保守宣稱：安全使用比用得多更重要，依標示與風險族群提醒。必須提醒：2 歲以下、孕哺、過敏體質、抗凝血藥使用者請先詢問專業人員。。文案需手機易讀，包含標題、Hook、120-220字正文、CTA、3-5個hashtag、圖卡三行字。禁用詞：根治|治療疾病|消炎治本|打通經絡|一擦就好|保證有效|深層修復|替代藥物。輸出後標示待人工法規審核。
LINE349,@111wrvef,2026-11-25,週三,12:00,入冬前保養、成分透明與品牌信任,H,品牌信任與法規透明,每篇貼文都要人工審核,教育型,重視藥證、成分、品質與合法性的消費者,強調藥證、標示、保守宣稱與人工審核流程,所有廣告文案仍須依主管機關與專業人員審核。,中,pending_legal_pharmacist_review,not_ready,text_plus_image_card,藥證透明、標示檢查、品牌信任感,收藏提醒,本產品為外用油膏，請依核准標示使用；若症狀持續或惡化，請諮詢醫師或藥師。,根治|治療疾病|消炎治本|打通經絡|一擦就好|保證有效|深層修復|替代藥物,請為 LINE OA @111wrvef 產生一則繁體中文貼文。主題：每篇貼文都要人工審核。支柱：H-品牌信任與法規透明。角度：教育型。受眾：重視藥證、成分、品質與合法性的消費者。只能使用保守宣稱：強調藥證、標示、保守宣稱與人工審核流程。必須提醒：所有廣告文案仍須依主管機關與專業人員審核。。文案需手機易讀，包含標題、Hook、120-220字正文、CTA、3-5個hashtag、圖卡三行字。禁用詞：根治|治療疾病|消炎治本|打通經絡|一擦就好|保證有效|深層修復|替代藥物。輸出後標示待人工法規審核。
LINE350,@111wrvef,2026-11-25,週三,20:00,入冬前保養、成分透明與品牌信任,G,互動問答與使用情境,哪些情況應該先就醫,投票型,LINE OA 好友、回購客與新客,用問答降低誤用，讓使用者知道何時該詢問專業人員,互動回答不取代醫師或藥師建議。,低,pending_legal_pharmacist_review,not_ready,text_plus_image_card,LINE 互動投票圖卡、問句大字、簡潔背景,留言互動,本內容為一般生活保健資訊，非醫療診斷或治療建議。,根治|治療疾病|消炎治本|打通經絡|一擦就好|保證有效|深層修復|替代藥物,請為 LINE OA @111wrvef 產生一則繁體中文貼文。主題：哪些情況應該先就醫。支柱：G-互動問答與使用情境。角度：投票型。受眾：LINE OA 好友、回購客與新客。只能使用保守宣稱：用問答降低誤用，讓使用者知道何時該詢問專業人員。必須提醒：互動回答不取代醫師或藥師建議。。文案需手機易讀，包含標題、Hook、120-220字正文、CTA、3-5個hashtag、圖卡三行字。禁用詞：根治|治療疾病|消炎治本|打通經絡|一擦就好|保證有效|深層修復|替代藥物。輸出後標示待人工法規審核。
LINE351,@111wrvef,2026-11-26,週四,12:00,入冬前保養、成分透明與品牌信任,C,運動後與勞動後局部不適,運動後局部痠痛的保守處理,反常識,運動族、搬重物、久站與勞動工作者,運動或勞動後的局部肌肉痠痛，可短期按摩舒緩,明顯腫脹、劇痛、活動受限或疑似受傷時，請先就醫。,中,pending_legal_pharmacist_review,not_ready,text_plus_image_card,運動後伸展、局部按摩、戶外或健身情境,收藏提醒,本產品為外用油膏，請依核准標示使用；若症狀持續或惡化，請諮詢醫師或藥師。,根治|治療疾病|消炎治本|打通經絡|一擦就好|保證有效|深層修復|替代藥物,請為 LINE OA @111wrvef 產生一則繁體中文貼文。主題：運動後局部痠痛的保守處理。支柱：C-運動後與勞動後局部不適。角度：反常識。受眾：運動族、搬重物、久站與勞動工作者。只能使用保守宣稱：運動或勞動後的局部肌肉痠痛，可短期按摩舒緩。必須提醒：明顯腫脹、劇痛、活動受限或疑似受傷時，請先就醫。。文案需手機易讀，包含標題、Hook、120-220字正文、CTA、3-5個hashtag、圖卡三行字。禁用詞：根治|治療疾病|消炎治本|打通經絡|一擦就好|保證有效|深層修復|替代藥物。輸出後標示待人工法規審核。
LINE352,@111wrvef,2026-11-26,週四,20:00,入冬前保養、成分透明與品牌信任,A,產品教育與成分透明,冬青油與清涼舒緩體感,藥證可查,已購買或正在觀望的一條根使用者,依標示外用，提供局部按摩與暫時舒緩體感,僅供外用；避免眼周、黏膜、破皮或傷口。,中,pending_legal_pharmacist_review,not_ready,text_plus_image_card,產品特寫、成分植物、乾淨桌面、金色暖光,私訊/了解更多,本產品為外用油膏，請依核准標示使用；若症狀持續或惡化，請諮詢醫師或藥師。,根治|治療疾病|消炎治本|打通經絡|一擦就好|保證有效|深層修復|替代藥物,請為 LINE OA @111wrvef 產生一則繁體中文貼文。主題：冬青油與清涼舒緩體感。支柱：A-產品教育與成分透明。角度：藥證可查。受眾：已購買或正在觀望的一條根使用者。只能使用保守宣稱：依標示外用，提供局部按摩與暫時舒緩體感。必須提醒：僅供外用；避免眼周、黏膜、破皮或傷口。。文案需手機易讀，包含標題、Hook、120-220字正文、CTA、3-5個hashtag、圖卡三行字。禁用詞：根治|治療疾病|消炎治本|打通經絡|一擦就好|保證有效|深層修復|替代藥物。輸出後標示待人工法規審核。
LINE353,@111wrvef,2026-11-27,週五,12:00,入冬前保養、成分透明與品牌信任,D,銀髮日常與輕微關節不適,早晨活動前的關節暖身,互動型,40-70 歲注重日常活動舒適度的族群,輕微關節痠痛可短期舒緩，但不可宣稱治療疾病,關節腫痛、紅熱、長期疼痛或行走困難，請就醫評估。,中,pending_legal_pharmacist_review,not_ready,text_plus_image_card,長輩日常、散步、溫暖居家光線,收藏提醒,本產品為外用油膏，請依核准標示使用；若症狀持續或惡化，請諮詢醫師或藥師。,根治|治療疾病|消炎治本|打通經絡|一擦就好|保證有效|深層修復|替代藥物,請為 LINE OA @111wrvef 產生一則繁體中文貼文。主題：早晨活動前的關節暖身。支柱：D-銀髮日常與輕微關節不適。角度：互動型。受眾：40-70 歲注重日常活動舒適度的族群。只能使用保守宣稱：輕微關節痠痛可短期舒緩，但不可宣稱治療疾病。必須提醒：關節腫痛、紅熱、長期疼痛或行走困難，請就醫評估。。文案需手機易讀，包含標題、Hook、120-220字正文、CTA、3-5個hashtag、圖卡三行字。禁用詞：根治|治療疾病|消炎治本|打通經絡|一擦就好|保證有效|深層修復|替代藥物。輸出後標示待人工法規審核。
LINE354,@111wrvef,2026-11-27,週五,20:00,入冬前保養、成分透明與品牌信任,E,用藥安全與禁忌提醒,不能擦在破皮或傷口,風險提醒,所有使用者、照護者與家庭購買者,安全使用比用得多更重要，依標示與風險族群提醒,2 歲以下、孕哺、過敏體質、抗凝血藥使用者請先詢問專業人員。,高,pending_legal_pharmacist_review,not_ready,text_plus_image_card,安全提醒圖卡、清楚 icon、紅黃綠分級,私訊/了解更多,僅供外用。避免接觸眼睛、黏膜、破皮或傷口；特殊族群使用前請先諮詢專業人員。,根治|治療疾病|消炎治本|打通經絡|一擦就好|保證有效|深層修復|替代藥物,請為 LINE OA @111wrvef 產生一則繁體中文貼文。主題：不能擦在破皮或傷口。支柱：E-用藥安全與禁忌提醒。角度：風險提醒。受眾：所有使用者、照護者與家庭購買者。只能使用保守宣稱：安全使用比用得多更重要，依標示與風險族群提醒。必須提醒：2 歲以下、孕哺、過敏體質、抗凝血藥使用者請先詢問專業人員。。文案需手機易讀，包含標題、Hook、120-220字正文、CTA、3-5個hashtag、圖卡三行字。禁用詞：根治|治療疾病|消炎治本|打通經絡|一擦就好|保證有效|深層修復|替代藥物。輸出後標示待人工法規審核。
LINE355,@111wrvef,2026-11-28,週六,12:00,入冬前保養、成分透明與品牌信任,F,季節節氣與生活保健,芒種後濕熱生活保養,節氣型,喜歡養生、節氣與日常保健的 LINE 讀者,以生活保健與身體覺察為主，不做醫療療效宣稱,節氣養生屬一般生活資訊，身體不適仍應諮詢專業人員。,低,pending_legal_pharmacist_review,not_ready,text_plus_image_card,節氣自然景、草本、季節色彩,收藏提醒,本內容為一般生活保健資訊，非醫療診斷或治療建議。,根治|治療疾病|消炎治本|打通經絡|一擦就好|保證有效|深層修復|替代藥物,請為 LINE OA @111wrvef 產生一則繁體中文貼文。主題：芒種後濕熱生活保養。支柱：F-季節節氣與生活保健。角度：節氣型。受眾：喜歡養生、節氣與日常保健的 LINE 讀者。只能使用保守宣稱：以生活保健與身體覺察為主，不做醫療療效宣稱。必須提醒：節氣養生屬一般生活資訊，身體不適仍應諮詢專業人員。。文案需手機易讀，包含標題、Hook、120-220字正文、CTA、3-5個hashtag、圖卡三行字。禁用詞：根治|治療疾病|消炎治本|打通經絡|一擦就好|保證有效|深層修復|替代藥物。輸出後標示待人工法規審核。
LINE356,@111wrvef,2026-11-28,週六,20:00,入冬前保養、成分透明與品牌信任,C,運動後與勞動後局部不適,久站後小腿不適舒緩,步驟型,運動族、搬重物、久站與勞動工作者,運動或勞動後的局部肌肉痠痛，可短期按摩舒緩,明顯腫脹、劇痛、活動受限或疑似受傷時，請先就醫。,中,pending_legal_pharmacist_review,not_ready,text_plus_image_card,運動後伸展、局部按摩、戶外或健身情境,私訊/了解更多,本產品為外用油膏，請依核准標示使用；若症狀持續或惡化，請諮詢醫師或藥師。,根治|治療疾病|消炎治本|打通經絡|一擦就好|保證有效|深層修復|替代藥物,請為 LINE OA @111wrvef 產生一則繁體中文貼文。主題：久站後小腿不適舒緩。支柱：C-運動後與勞動後局部不適。角度：步驟型。受眾：運動族、搬重物、久站與勞動工作者。只能使用保守宣稱：運動或勞動後的局部肌肉痠痛，可短期按摩舒緩。必須提醒：明顯腫脹、劇痛、活動受限或疑似受傷時，請先就醫。。文案需手機易讀，包含標題、Hook、120-220字正文、CTA、3-5個hashtag、圖卡三行字。禁用詞：根治|治療疾病|消炎治本|打通經絡|一擦就好|保證有效|深層修復|替代藥物。輸出後標示待人工法規審核。
LINE357,@111wrvef,2026-11-29,週日,12:00,入冬前保養、成分透明與品牌信任,G,互動問答與使用情境,你最常哪個部位緊繃,投票型,LINE OA 好友、回購客與新客,用問答降低誤用，讓使用者知道何時該詢問專業人員,互動回答不取代醫師或藥師建議。,低,pending_legal_pharmacist_review,not_ready,text_plus_image_card,LINE 互動投票圖卡、問句大字、簡潔背景,留言互動,本內容為一般生活保健資訊，非醫療診斷或治療建議。,根治|治療疾病|消炎治本|打通經絡|一擦就好|保證有效|深層修復|替代藥物,請為 LINE OA @111wrvef 產生一則繁體中文貼文。主題：你最常哪個部位緊繃。支柱：G-互動問答與使用情境。角度：投票型。受眾：LINE OA 好友、回購客與新客。只能使用保守宣稱：用問答降低誤用，讓使用者知道何時該詢問專業人員。必須提醒：互動回答不取代醫師或藥師建議。。文案需手機易讀，包含標題、Hook、120-220字正文、CTA、3-5個hashtag、圖卡三行字。禁用詞：根治|治療疾病|消炎治本|打通經絡|一擦就好|保證有效|深層修復|替代藥物。輸出後標示待人工法規審核。
LINE358,@111wrvef,2026-11-29,週日,20:00,入冬前保養、成分透明與品牌信任,D,銀髮日常與輕微關節不適,長輩外用膏使用安全,生活型,40-70 歲注重日常活動舒適度的族群,輕微關節痠痛可短期舒緩，但不可宣稱治療疾病,關節腫痛、紅熱、長期疼痛或行走困難，請就醫評估。,中,pending_legal_pharmacist_review,not_ready,text_plus_image_card,長輩日常、散步、溫暖居家光線,私訊/了解更多,本產品為外用油膏，請依核准標示使用；若症狀持續或惡化，請諮詢醫師或藥師。,根治|治療疾病|消炎治本|打通經絡|一擦就好|保證有效|深層修復|替代藥物,請為 LINE OA @111wrvef 產生一則繁體中文貼文。主題：長輩外用膏使用安全。支柱：D-銀髮日常與輕微關節不適。角度：生活型。受眾：40-70 歲注重日常活動舒適度的族群。只能使用保守宣稱：輕微關節痠痛可短期舒緩，但不可宣稱治療疾病。必須提醒：關節腫痛、紅熱、長期疼痛或行走困難，請就醫評估。。文案需手機易讀，包含標題、Hook、120-220字正文、CTA、3-5個hashtag、圖卡三行字。禁用詞：根治|治療疾病|消炎治本|打通經絡|一擦就好|保證有效|深層修復|替代藥物。輸出後標示待人工法規審核。
LINE359,@111wrvef,2026-11-30,週一,12:00,入冬前保養、成分透明與品牌信任,B,肩頸久坐與辦公族,辦公桌前的姿勢檢查,步驟型,長時間低頭、久坐、用電腦的上班族,久坐低頭後，可搭配伸展與局部按摩舒緩緊繃不適,若痠痛持續、麻木或影響活動，請諮詢醫師或藥師。,低,pending_legal_pharmacist_review,not_ready,text_plus_image_card,辦公室、肩頸伸展、清爽自然光,收藏提醒,本內容為一般生活保健資訊，非醫療診斷或治療建議。,根治|治療疾病|消炎治本|打通經絡|一擦就好|保證有效|深層修復|替代藥物,請為 LINE OA @111wrvef 產生一則繁體中文貼文。主題：辦公桌前的姿勢檢查。支柱：B-肩頸久坐與辦公族。角度：步驟型。受眾：長時間低頭、久坐、用電腦的上班族。只能使用保守宣稱：久坐低頭後，可搭配伸展與局部按摩舒緩緊繃不適。必須提醒：若痠痛持續、麻木或影響活動，請諮詢醫師或藥師。。文案需手機易讀，包含標題、Hook、120-220字正文、CTA、3-5個hashtag、圖卡三行字。禁用詞：根治|治療疾病|消炎治本|打通經絡|一擦就好|保證有效|深層修復|替代藥物。輸出後標示待人工法規審核。
LINE360,@111wrvef,2026-11-30,週一,20:00,入冬前保養、成分透明與品牌信任,A,產品教育與成分透明,薄荷腦帶來的涼感來源,正確用量,已購買或正在觀望的一條根使用者,依標示外用，提供局部按摩與暫時舒緩體感,僅供外用；避免眼周、黏膜、破皮或傷口。,中,pending_legal_pharmacist_review,not_ready,text_plus_image_card,產品特寫、成分植物、乾淨桌面、金色暖光,私訊/了解更多,本產品為外用油膏，請依核准標示使用；若症狀持續或惡化，請諮詢醫師或藥師。,根治|治療疾病|消炎治本|打通經絡|一擦就好|保證有效|深層修復|替代藥物,請為 LINE OA @111wrvef 產生一則繁體中文貼文。主題：薄荷腦帶來的涼感來源。支柱：A-產品教育與成分透明。角度：正確用量。受眾：已購買或正在觀望的一條根使用者。只能使用保守宣稱：依標示外用，提供局部按摩與暫時舒緩體感。必須提醒：僅供外用；避免眼周、黏膜、破皮或傷口。。文案需手機易讀，包含標題、Hook、120-220字正文、CTA、3-5個hashtag、圖卡三行字。禁用詞：根治|治療疾病|消炎治本|打通經絡|一擦就好|保證有效|深層修復|替代藥物。輸出後標示待人工法規審核。
