platform_post_id,source_post_id,platform,date,time,topic_title,pillar_code,risk_level,review_status,publish_allowed,draft_title,main_text,caption_or_description,hashtags,script_or_slide_copy,mandatory_disclaimer,required_warning,forbidden_terms
TikTok_LINE001,LINE001,TikTok,2026-06-04,12:00,運動後局部痠痛的保守處理,C,中,pending_legal_pharmacist_review,false,運動後局部痠痛的保守處理,"0-3秒 Hook：運動後局部痠痛的保守處理，你也遇過嗎？
3-12秒 情境：拍攝運動族、搬重物、久站與勞動工作者的日常動作，字幕點出「運動後局部痠痛的保守處理」。
12-25秒 知識：外用油膏應放在保守邊界：運動或勞動後的局部肌肉痠痛，可短期按摩舒緩。
25-36秒 安全：明顯腫脹、劇痛、活動受限或疑似受傷時，請先就醫。
36-45秒 CTA：使用前看標示，收藏這支，下次別用錯。",運動後局部痠痛的保守處理的重點是依標示使用，不誇大、不神化。本產品為外用油膏，請依核准標示使用；若症狀持續或惡化，請諮詢醫師或藥師。,#運動後保養 #局部按摩 #肌肉痠痛 #依標示使用,"0-3秒 Hook：運動後局部痠痛的保守處理，你也遇過嗎？
3-12秒 情境：拍攝運動族、搬重物、久站與勞動工作者的日常動作，字幕點出「運動後局部痠痛的保守處理」。
12-25秒 知識：外用油膏應放在保守邊界：運動或勞動後的局部肌肉痠痛，可短期按摩舒緩。
25-36秒 安全：明顯腫脹、劇痛、活動受限或疑似受傷時，請先就醫。
36-45秒 CTA：使用前看標示，收藏這支，下次別用錯。",本產品為外用油膏，請依核准標示使用；若症狀持續或惡化，請諮詢醫師或藥師。,明顯腫脹、劇痛、活動受限或疑似受傷時，請先就醫。,根治|治療疾病|消炎治本|打通經絡|一擦就好|保證有效|深層修復|替代藥物
TikTok_LINE002,LINE002,TikTok,2026-06-04,20:00,冬青油與清涼舒緩體感,A,中,pending_legal_pharmacist_review,false,冬青油與清涼舒緩體感,"0-3秒 Hook：冬青油與清涼舒緩體感，你也遇過嗎？
3-12秒 情境：拍攝已購買或正在觀望的一條根使用者的日常動作，字幕點出「冬青油與清涼舒緩體感」。
12-25秒 知識：外用油膏應放在保守邊界：依標示外用，提供局部按摩與暫時舒緩體感。
25-36秒 安全：僅供外用；避免眼周、黏膜、破皮或傷口。
36-45秒 CTA：使用前看標示，收藏這支，下次別用錯。",冬青油與清涼舒緩體感的重點是依標示使用，不誇大、不神化。本產品為外用油膏，請依核准標示使用；若症狀持續或惡化，請諮詢醫師或藥師。,#金牌一條根 #外用油膏 #成分透明 #依標示使用,"0-3秒 Hook：冬青油與清涼舒緩體感，你也遇過嗎？
3-12秒 情境：拍攝已購買或正在觀望的一條根使用者的日常動作，字幕點出「冬青油與清涼舒緩體感」。
12-25秒 知識：外用油膏應放在保守邊界：依標示外用，提供局部按摩與暫時舒緩體感。
25-36秒 安全：僅供外用；避免眼周、黏膜、破皮或傷口。
36-45秒 CTA：使用前看標示，收藏這支，下次別用錯。",本產品為外用油膏，請依核准標示使用；若症狀持續或惡化，請諮詢醫師或藥師。,僅供外用；避免眼周、黏膜、破皮或傷口。,根治|治療疾病|消炎治本|打通經絡|一擦就好|保證有效|深層修復|替代藥物
TikTok_LINE003,LINE003,TikTok,2026-06-05,12:00,早晨活動前的關節暖身,D,中,pending_legal_pharmacist_review,false,早晨活動前的關節暖身,"0-3秒 Hook：早晨活動前的關節暖身，你也遇過嗎？
3-12秒 情境：拍攝40-70 歲注重日常活動舒適度的族群的日常動作，字幕點出「早晨活動前的關節暖身」。
12-25秒 知識：外用油膏應放在保守邊界：輕微關節痠痛可短期舒緩，但不可宣稱治療疾病。
25-36秒 安全：關節腫痛、紅熱、長期疼痛或行走困難，請就醫評估。
36-45秒 CTA：使用前看標示，收藏這支，下次別用錯。",早晨活動前的關節暖身的重點是依標示使用，不誇大、不神化。本產品為外用油膏，請依核准標示使用；若症狀持續或惡化，請諮詢醫師或藥師。,#銀髮保養 #活動舒適 #輕微痠痛 #依標示使用,"0-3秒 Hook：早晨活動前的關節暖身，你也遇過嗎？
3-12秒 情境：拍攝40-70 歲注重日常活動舒適度的族群的日常動作，字幕點出「早晨活動前的關節暖身」。
12-25秒 知識：外用油膏應放在保守邊界：輕微關節痠痛可短期舒緩，但不可宣稱治療疾病。
25-36秒 安全：關節腫痛、紅熱、長期疼痛或行走困難，請就醫評估。
36-45秒 CTA：使用前看標示，收藏這支，下次別用錯。",本產品為外用油膏，請依核准標示使用；若症狀持續或惡化，請諮詢醫師或藥師。,關節腫痛、紅熱、長期疼痛或行走困難，請就醫評估。,根治|治療疾病|消炎治本|打通經絡|一擦就好|保證有效|深層修復|替代藥物
TikTok_LINE004,LINE004,TikTok,2026-06-05,20:00,不能擦在破皮或傷口,E,高,pending_legal_pharmacist_review,false,不能擦在破皮或傷口,"0-3秒 Hook：不能擦在破皮或傷口，你也遇過嗎？
3-12秒 情境：拍攝所有使用者、照護者與家庭購買者的日常動作，字幕點出「不能擦在破皮或傷口」。
12-25秒 知識：外用油膏應放在保守邊界：安全使用比用得多更重要，依標示與風險族群提醒。
25-36秒 安全：2 歲以下、孕哺、過敏體質、抗凝血藥使用者請先詢問專業人員。
36-45秒 CTA：使用前看標示，收藏這支，下次別用錯。",不能擦在破皮或傷口的重點是依標示使用，不誇大、不神化。僅供外用。避免接觸眼睛、黏膜、破皮或傷口；特殊族群使用前請先諮詢專業人員。,#外用安全 #用藥安全 #使用前看標示 #諮詢醫師藥師,"0-3秒 Hook：不能擦在破皮或傷口，你也遇過嗎？
3-12秒 情境：拍攝所有使用者、照護者與家庭購買者的日常動作，字幕點出「不能擦在破皮或傷口」。
12-25秒 知識：外用油膏應放在保守邊界：安全使用比用得多更重要，依標示與風險族群提醒。
25-36秒 安全：2 歲以下、孕哺、過敏體質、抗凝血藥使用者請先詢問專業人員。
36-45秒 CTA：使用前看標示，收藏這支，下次別用錯。",僅供外用。避免接觸眼睛、黏膜、破皮或傷口；特殊族群使用前請先諮詢專業人員。,2 歲以下、孕哺、過敏體質、抗凝血藥使用者請先詢問專業人員。,根治|治療疾病|消炎治本|打通經絡|一擦就好|保證有效|深層修復|替代藥物
TikTok_LINE005,LINE005,TikTok,2026-06-06,12:00,芒種後濕熱生活保養,F,低,pending_legal_pharmacist_review,false,芒種後濕熱生活保養,"0-3秒 Hook：芒種後濕熱生活保養，你也遇過嗎？
3-12秒 情境：拍攝喜歡養生、節氣與日常保健的 LINE 讀者的日常動作，字幕點出「芒種後濕熱生活保養」。
12-25秒 知識：外用油膏應放在保守邊界：以生活保健與身體覺察為主，不做醫療療效宣稱。
25-36秒 安全：節氣養生屬一般生活資訊，身體不適仍應諮詢專業人員。
36-45秒 CTA：使用前看標示，收藏這支，下次別用錯。",芒種後濕熱生活保養的重點是依標示使用，不誇大、不神化。本內容為一般生活保健資訊，非醫療診斷或治療建議。,#節氣保養 #生活保健 #日常保養 #身體覺察,"0-3秒 Hook：芒種後濕熱生活保養，你也遇過嗎？
3-12秒 情境：拍攝喜歡養生、節氣與日常保健的 LINE 讀者的日常動作，字幕點出「芒種後濕熱生活保養」。
12-25秒 知識：外用油膏應放在保守邊界：以生活保健與身體覺察為主，不做醫療療效宣稱。
25-36秒 安全：節氣養生屬一般生活資訊，身體不適仍應諮詢專業人員。
36-45秒 CTA：使用前看標示，收藏這支，下次別用錯。",本內容為一般生活保健資訊，非醫療診斷或治療建議。,節氣養生屬一般生活資訊，身體不適仍應諮詢專業人員。,根治|治療疾病|消炎治本|打通經絡|一擦就好|保證有效|深層修復|替代藥物
TikTok_LINE006,LINE006,TikTok,2026-06-06,20:00,久站後小腿不適舒緩,C,中,pending_legal_pharmacist_review,false,久站後小腿不適舒緩,"0-3秒 Hook：久站後小腿不適舒緩，你也遇過嗎？
3-12秒 情境：拍攝運動族、搬重物、久站與勞動工作者的日常動作，字幕點出「久站後小腿不適舒緩」。
12-25秒 知識：外用油膏應放在保守邊界：運動或勞動後的局部肌肉痠痛，可短期按摩舒緩。
25-36秒 安全：明顯腫脹、劇痛、活動受限或疑似受傷時，請先就醫。
36-45秒 CTA：使用前看標示，收藏這支，下次別用錯。",久站後小腿不適舒緩的重點是依標示使用，不誇大、不神化。本產品為外用油膏，請依核准標示使用；若症狀持續或惡化，請諮詢醫師或藥師。,#運動後保養 #局部按摩 #肌肉痠痛 #依標示使用,"0-3秒 Hook：久站後小腿不適舒緩，你也遇過嗎？
3-12秒 情境：拍攝運動族、搬重物、久站與勞動工作者的日常動作，字幕點出「久站後小腿不適舒緩」。
12-25秒 知識：外用油膏應放在保守邊界：運動或勞動後的局部肌肉痠痛，可短期按摩舒緩。
25-36秒 安全：明顯腫脹、劇痛、活動受限或疑似受傷時，請先就醫。
36-45秒 CTA：使用前看標示，收藏這支，下次別用錯。",本產品為外用油膏，請依核准標示使用；若症狀持續或惡化，請諮詢醫師或藥師。,明顯腫脹、劇痛、活動受限或疑似受傷時，請先就醫。,根治|治療疾病|消炎治本|打通經絡|一擦就好|保證有效|深層修復|替代藥物
TikTok_LINE007,LINE007,TikTok,2026-06-07,12:00,你最常哪個部位緊繃,G,低,pending_legal_pharmacist_review,false,你最常哪個部位緊繃,"0-3秒 Hook：你最常哪個部位緊繃，你也遇過嗎？
3-12秒 情境：拍攝LINE OA 好友、回購客與新客的日常動作，字幕點出「你最常哪個部位緊繃」。
12-25秒 知識：外用油膏應放在保守邊界：用問答降低誤用，讓使用者知道何時該詢問專業人員。
25-36秒 安全：互動回答不取代醫師或藥師建議。
36-45秒 CTA：使用前看標示，收藏這支，下次別用錯。",你最常哪個部位緊繃的重點是依標示使用，不誇大、不神化。本內容為一般生活保健資訊，非醫療診斷或治療建議。,#互動問答 #保養知識 #使用小提醒 #金牌一條根,"0-3秒 Hook：你最常哪個部位緊繃，你也遇過嗎？
3-12秒 情境：拍攝LINE OA 好友、回購客與新客的日常動作，字幕點出「你最常哪個部位緊繃」。
12-25秒 知識：外用油膏應放在保守邊界：用問答降低誤用，讓使用者知道何時該詢問專業人員。
25-36秒 安全：互動回答不取代醫師或藥師建議。
36-45秒 CTA：使用前看標示，收藏這支，下次別用錯。",本內容為一般生活保健資訊，非醫療診斷或治療建議。,互動回答不取代醫師或藥師建議。,根治|治療疾病|消炎治本|打通經絡|一擦就好|保證有效|深層修復|替代藥物
TikTok_LINE008,LINE008,TikTok,2026-06-07,20:00,長輩外用膏使用安全,D,中,pending_legal_pharmacist_review,false,長輩外用膏使用安全,"0-3秒 Hook：長輩外用膏使用安全，你也遇過嗎？
3-12秒 情境：拍攝40-70 歲注重日常活動舒適度的族群的日常動作，字幕點出「長輩外用膏使用安全」。
12-25秒 知識：外用油膏應放在保守邊界：輕微關節痠痛可短期舒緩，但不可宣稱治療疾病。
25-36秒 安全：關節腫痛、紅熱、長期疼痛或行走困難，請就醫評估。
36-45秒 CTA：使用前看標示，收藏這支，下次別用錯。",長輩外用膏使用安全的重點是依標示使用，不誇大、不神化。本產品為外用油膏，請依核准標示使用；若症狀持續或惡化，請諮詢醫師或藥師。,#銀髮保養 #活動舒適 #輕微痠痛 #依標示使用,"0-3秒 Hook：長輩外用膏使用安全，你也遇過嗎？
3-12秒 情境：拍攝40-70 歲注重日常活動舒適度的族群的日常動作，字幕點出「長輩外用膏使用安全」。
12-25秒 知識：外用油膏應放在保守邊界：輕微關節痠痛可短期舒緩，但不可宣稱治療疾病。
25-36秒 安全：關節腫痛、紅熱、長期疼痛或行走困難，請就醫評估。
36-45秒 CTA：使用前看標示，收藏這支，下次別用錯。",本產品為外用油膏，請依核准標示使用；若症狀持續或惡化，請諮詢醫師或藥師。,關節腫痛、紅熱、長期疼痛或行走困難，請就醫評估。,根治|治療疾病|消炎治本|打通經絡|一擦就好|保證有效|深層修復|替代藥物
TikTok_LINE009,LINE009,TikTok,2026-06-08,12:00,低頭族肩頸緊繃的三個提醒,B,低,pending_legal_pharmacist_review,false,低頭族肩頸緊繃的三個提醒,"0-3秒 Hook：低頭族肩頸緊繃的三個提醒，你也遇過嗎？
3-12秒 情境：拍攝長時間低頭、久坐、用電腦的上班族的日常動作，字幕點出「低頭族肩頸緊繃的三個提醒」。
12-25秒 知識：外用油膏應放在保守邊界：久坐低頭後，可搭配伸展與局部按摩舒緩緊繃不適。
25-36秒 安全：若痠痛持續、麻木或影響活動，請諮詢醫師或藥師。
36-45秒 CTA：使用前看標示，收藏這支，下次別用錯。",低頭族肩頸緊繃的三個提醒的重點是依標示使用，不誇大、不神化。本內容為一般生活保健資訊，非醫療診斷或治療建議。,#肩頸保養 #久坐族 #日常舒緩 #依標示使用,"0-3秒 Hook：低頭族肩頸緊繃的三個提醒，你也遇過嗎？
3-12秒 情境：拍攝長時間低頭、久坐、用電腦的上班族的日常動作，字幕點出「低頭族肩頸緊繃的三個提醒」。
12-25秒 知識：外用油膏應放在保守邊界：久坐低頭後，可搭配伸展與局部按摩舒緩緊繃不適。
25-36秒 安全：若痠痛持續、麻木或影響活動，請諮詢醫師或藥師。
36-45秒 CTA：使用前看標示，收藏這支，下次別用錯。",本內容為一般生活保健資訊，非醫療診斷或治療建議。,若痠痛持續、麻木或影響活動，請諮詢醫師或藥師。,根治|治療疾病|消炎治本|打通經絡|一擦就好|保證有效|深層修復|替代藥物
TikTok_LINE010,LINE010,TikTok,2026-06-08,20:00,薄荷腦帶來的涼感來源,A,中,pending_legal_pharmacist_review,false,薄荷腦帶來的涼感來源,"0-3秒 Hook：薄荷腦帶來的涼感來源，你也遇過嗎？
3-12秒 情境：拍攝已購買或正在觀望的一條根使用者的日常動作，字幕點出「薄荷腦帶來的涼感來源」。
12-25秒 知識：外用油膏應放在保守邊界：依標示外用，提供局部按摩與暫時舒緩體感。
25-36秒 安全：僅供外用；避免眼周、黏膜、破皮或傷口。
36-45秒 CTA：使用前看標示，收藏這支，下次別用錯。",薄荷腦帶來的涼感來源的重點是依標示使用，不誇大、不神化。本產品為外用油膏，請依核准標示使用；若症狀持續或惡化，請諮詢醫師或藥師。,#金牌一條根 #外用油膏 #成分透明 #依標示使用,"0-3秒 Hook：薄荷腦帶來的涼感來源，你也遇過嗎？
3-12秒 情境：拍攝已購買或正在觀望的一條根使用者的日常動作，字幕點出「薄荷腦帶來的涼感來源」。
12-25秒 知識：外用油膏應放在保守邊界：依標示外用，提供局部按摩與暫時舒緩體感。
25-36秒 安全：僅供外用；避免眼周、黏膜、破皮或傷口。
36-45秒 CTA：使用前看標示，收藏這支，下次別用錯。",本產品為外用油膏，請依核准標示使用；若症狀持續或惡化，請諮詢醫師或藥師。,僅供外用；避免眼周、黏膜、破皮或傷口。,根治|治療疾病|消炎治本|打通經絡|一擦就好|保證有效|深層修復|替代藥物
TikTok_LINE011,LINE011,TikTok,2026-06-09,12:00,夏季冷氣房的肩頸保養,F,低,pending_legal_pharmacist_review,false,夏季冷氣房的肩頸保養,"0-3秒 Hook：夏季冷氣房的肩頸保養，你也遇過嗎？
3-12秒 情境：拍攝喜歡養生、節氣與日常保健的 LINE 讀者的日常動作，字幕點出「夏季冷氣房的肩頸保養」。
12-25秒 知識：外用油膏應放在保守邊界：以生活保健與身體覺察為主，不做醫療療效宣稱。
25-36秒 安全：節氣養生屬一般生活資訊，身體不適仍應諮詢專業人員。
36-45秒 CTA：使用前看標示，收藏這支，下次別用錯。",夏季冷氣房的肩頸保養的重點是依標示使用，不誇大、不神化。本內容為一般生活保健資訊，非醫療診斷或治療建議。,#節氣保養 #生活保健 #日常保養 #身體覺察,"0-3秒 Hook：夏季冷氣房的肩頸保養，你也遇過嗎？
3-12秒 情境：拍攝喜歡養生、節氣與日常保健的 LINE 讀者的日常動作，字幕點出「夏季冷氣房的肩頸保養」。
12-25秒 知識：外用油膏應放在保守邊界：以生活保健與身體覺察為主，不做醫療療效宣稱。
25-36秒 安全：節氣養生屬一般生活資訊，身體不適仍應諮詢專業人員。
36-45秒 CTA：使用前看標示，收藏這支，下次別用錯。",本內容為一般生活保健資訊，非醫療診斷或治療建議。,節氣養生屬一般生活資訊，身體不適仍應諮詢專業人員。,根治|治療疾病|消炎治本|打通經絡|一擦就好|保證有效|深層修復|替代藥物
TikTok_LINE012,LINE012,TikTok,2026-06-09,20:00,外用膏避免眼周與黏膜,E,高,pending_legal_pharmacist_review,false,外用膏避免眼周與黏膜,"0-3秒 Hook：外用膏避免眼周與黏膜，你也遇過嗎？
3-12秒 情境：拍攝所有使用者、照護者與家庭購買者的日常動作，字幕點出「外用膏避免眼周與黏膜」。
12-25秒 知識：外用油膏應放在保守邊界：安全使用比用得多更重要，依標示與風險族群提醒。
25-36秒 安全：2 歲以下、孕哺、過敏體質、抗凝血藥使用者請先詢問專業人員。
36-45秒 CTA：使用前看標示，收藏這支，下次別用錯。",外用膏避免眼周與黏膜的重點是依標示使用，不誇大、不神化。僅供外用。避免接觸眼睛、黏膜、破皮或傷口；特殊族群使用前請先諮詢專業人員。,#外用安全 #用藥安全 #使用前看標示 #諮詢醫師藥師,"0-3秒 Hook：外用膏避免眼周與黏膜，你也遇過嗎？
3-12秒 情境：拍攝所有使用者、照護者與家庭購買者的日常動作，字幕點出「外用膏避免眼周與黏膜」。
12-25秒 知識：外用油膏應放在保守邊界：安全使用比用得多更重要，依標示與風險族群提醒。
25-36秒 安全：2 歲以下、孕哺、過敏體質、抗凝血藥使用者請先詢問專業人員。
36-45秒 CTA：使用前看標示，收藏這支，下次別用錯。",僅供外用。避免接觸眼睛、黏膜、破皮或傷口；特殊族群使用前請先諮詢專業人員。,2 歲以下、孕哺、過敏體質、抗凝血藥使用者請先詢問專業人員。,根治|治療疾病|消炎治本|打通經絡|一擦就好|保證有效|深層修復|替代藥物
TikTok_LINE013,LINE013,TikTok,2026-06-10,12:00,為什麼我們不說神效,H,中,pending_legal_pharmacist_review,false,為什麼我們不說神效,"0-3秒 Hook：為什麼我們不說神效，你也遇過嗎？
3-12秒 情境：拍攝重視藥證、成分、品質與合法性的消費者的日常動作，字幕點出「為什麼我們不說神效」。
12-25秒 知識：外用油膏應放在保守邊界：強調藥證、標示、保守宣稱與人工審核流程。
25-36秒 安全：所有廣告文案仍須依主管機關與專業人員審核。
36-45秒 CTA：使用前看標示，收藏這支，下次別用錯。",為什麼我們不說神效的重點是依標示使用，不誇大、不神化。本產品為外用油膏，請依核准標示使用；若症狀持續或惡化，請諮詢醫師或藥師。,#藥證可查 #品牌透明 #合法宣傳 #成分透明,"0-3秒 Hook：為什麼我們不說神效，你也遇過嗎？
3-12秒 情境：拍攝重視藥證、成分、品質與合法性的消費者的日常動作，字幕點出「為什麼我們不說神效」。
12-25秒 知識：外用油膏應放在保守邊界：強調藥證、標示、保守宣稱與人工審核流程。
25-36秒 安全：所有廣告文案仍須依主管機關與專業人員審核。
36-45秒 CTA：使用前看標示，收藏這支，下次別用錯。",本產品為外用油膏，請依核准標示使用；若症狀持續或惡化，請諮詢醫師或藥師。,所有廣告文案仍須依主管機關與專業人員審核。,根治|治療疾病|消炎治本|打通經絡|一擦就好|保證有效|深層修復|替代藥物
TikTok_LINE014,LINE014,TikTok,2026-06-10,20:00,你習慣運動前還是運動後保養,G,低,pending_legal_pharmacist_review,false,你習慣運動前還是運動後保養,"0-3秒 Hook：你習慣運動前還是運動後保養，你也遇過嗎？
3-12秒 情境：拍攝LINE OA 好友、回購客與新客的日常動作，字幕點出「你習慣運動前還是運動後保養」。
12-25秒 知識：外用油膏應放在保守邊界：用問答降低誤用，讓使用者知道何時該詢問專業人員。
25-36秒 安全：互動回答不取代醫師或藥師建議。
36-45秒 CTA：使用前看標示，收藏這支，下次別用錯。",你習慣運動前還是運動後保養的重點是依標示使用，不誇大、不神化。本內容為一般生活保健資訊，非醫療診斷或治療建議。,#互動問答 #保養知識 #使用小提醒 #金牌一條根,"0-3秒 Hook：你習慣運動前還是運動後保養，你也遇過嗎？
3-12秒 情境：拍攝LINE OA 好友、回購客與新客的日常動作，字幕點出「你習慣運動前還是運動後保養」。
12-25秒 知識：外用油膏應放在保守邊界：用問答降低誤用，讓使用者知道何時該詢問專業人員。
25-36秒 安全：互動回答不取代醫師或藥師建議。
36-45秒 CTA：使用前看標示，收藏這支，下次別用錯。",本內容為一般生活保健資訊，非醫療診斷或治療建議。,互動回答不取代醫師或藥師建議。,根治|治療疾病|消炎治本|打通經絡|一擦就好|保證有效|深層修復|替代藥物
TikTok_LINE015,LINE015,TikTok,2026-06-11,12:00,搬重物後腰背保養,C,中,pending_legal_pharmacist_review,false,搬重物後腰背保養,"0-3秒 Hook：搬重物後腰背保養，你也遇過嗎？
3-12秒 情境：拍攝運動族、搬重物、久站與勞動工作者的日常動作，字幕點出「搬重物後腰背保養」。
12-25秒 知識：外用油膏應放在保守邊界：運動或勞動後的局部肌肉痠痛，可短期按摩舒緩。
25-36秒 安全：明顯腫脹、劇痛、活動受限或疑似受傷時，請先就醫。
36-45秒 CTA：使用前看標示，收藏這支，下次別用錯。",搬重物後腰背保養的重點是依標示使用，不誇大、不神化。本產品為外用油膏，請依核准標示使用；若症狀持續或惡化，請諮詢醫師或藥師。,#運動後保養 #局部按摩 #肌肉痠痛 #依標示使用,"0-3秒 Hook：搬重物後腰背保養，你也遇過嗎？
3-12秒 情境：拍攝運動族、搬重物、久站與勞動工作者的日常動作，字幕點出「搬重物後腰背保養」。
12-25秒 知識：外用油膏應放在保守邊界：運動或勞動後的局部肌肉痠痛，可短期按摩舒緩。
25-36秒 安全：明顯腫脹、劇痛、活動受限或疑似受傷時，請先就醫。
36-45秒 CTA：使用前看標示，收藏這支，下次別用錯。",本產品為外用油膏，請依核准標示使用；若症狀持續或惡化，請諮詢醫師或藥師。,明顯腫脹、劇痛、活動受限或疑似受傷時，請先就醫。,根治|治療疾病|消炎治本|打通經絡|一擦就好|保證有效|深層修復|替代藥物
TikTok_LINE016,LINE016,TikTok,2026-06-11,20:00,樟腦外用時的注意界線,A,中,pending_legal_pharmacist_review,false,樟腦外用時的注意界線,"0-3秒 Hook：樟腦外用時的注意界線，你也遇過嗎？
3-12秒 情境：拍攝已購買或正在觀望的一條根使用者的日常動作，字幕點出「樟腦外用時的注意界線」。
12-25秒 知識：外用油膏應放在保守邊界：依標示外用，提供局部按摩與暫時舒緩體感。
25-36秒 安全：僅供外用；避免眼周、黏膜、破皮或傷口。
36-45秒 CTA：使用前看標示，收藏這支，下次別用錯。",樟腦外用時的注意界線的重點是依標示使用，不誇大、不神化。本產品為外用油膏，請依核准標示使用；若症狀持續或惡化，請諮詢醫師或藥師。,#金牌一條根 #外用油膏 #成分透明 #依標示使用,"0-3秒 Hook：樟腦外用時的注意界線，你也遇過嗎？
3-12秒 情境：拍攝已購買或正在觀望的一條根使用者的日常動作，字幕點出「樟腦外用時的注意界線」。
12-25秒 知識：外用油膏應放在保守邊界：依標示外用，提供局部按摩與暫時舒緩體感。
25-36秒 安全：僅供外用；避免眼周、黏膜、破皮或傷口。
36-45秒 CTA：使用前看標示，收藏這支，下次別用錯。",本產品為外用油膏，請依核准標示使用；若症狀持續或惡化，請諮詢醫師或藥師。,僅供外用；避免眼周、黏膜、破皮或傷口。,根治|治療疾病|消炎治本|打通經絡|一擦就好|保證有效|深層修復|替代藥物
TikTok_LINE017,LINE017,TikTok,2026-06-12,12:00,輕微關節痠痛與疾病治療要分開,D,中,pending_legal_pharmacist_review,false,輕微關節痠痛與疾病治療要分開,"0-3秒 Hook：輕微關節痠痛與疾病治療要分開，你也遇過嗎？
3-12秒 情境：拍攝40-70 歲注重日常活動舒適度的族群的日常動作，字幕點出「輕微關節痠痛與疾病治療要分開」。
12-25秒 知識：外用油膏應放在保守邊界：輕微關節痠痛可短期舒緩，但不可宣稱治療疾病。
25-36秒 安全：關節腫痛、紅熱、長期疼痛或行走困難，請就醫評估。
36-45秒 CTA：使用前看標示，收藏這支，下次別用錯。",輕微關節痠痛與疾病治療要分開的重點是依標示使用，不誇大、不神化。本產品為外用油膏，請依核准標示使用；若症狀持續或惡化，請諮詢醫師或藥師。,#銀髮保養 #活動舒適 #輕微痠痛 #依標示使用,"0-3秒 Hook：輕微關節痠痛與疾病治療要分開，你也遇過嗎？
3-12秒 情境：拍攝40-70 歲注重日常活動舒適度的族群的日常動作，字幕點出「輕微關節痠痛與疾病治療要分開」。
12-25秒 知識：外用油膏應放在保守邊界：輕微關節痠痛可短期舒緩，但不可宣稱治療疾病。
25-36秒 安全：關節腫痛、紅熱、長期疼痛或行走困難，請就醫評估。
36-45秒 CTA：使用前看標示，收藏這支，下次別用錯。",本產品為外用油膏，請依核准標示使用；若症狀持續或惡化，請諮詢醫師或藥師。,關節腫痛、紅熱、長期疼痛或行走困難，請就醫評估。,根治|治療疾病|消炎治本|打通經絡|一擦就好|保證有效|深層修復|替代藥物
TikTok_LINE018,LINE018,TikTok,2026-06-12,20:00,不要搭配熱敷墊或電毯,E,高,pending_legal_pharmacist_review,false,不要搭配熱敷墊或電毯,"0-3秒 Hook：不要搭配熱敷墊或電毯，你也遇過嗎？
3-12秒 情境：拍攝所有使用者、照護者與家庭購買者的日常動作，字幕點出「不要搭配熱敷墊或電毯」。
12-25秒 知識：外用油膏應放在保守邊界：安全使用比用得多更重要，依標示與風險族群提醒。
25-36秒 安全：2 歲以下、孕哺、過敏體質、抗凝血藥使用者請先詢問專業人員。
36-45秒 CTA：使用前看標示，收藏這支，下次別用錯。",不要搭配熱敷墊或電毯的重點是依標示使用，不誇大、不神化。僅供外用。避免接觸眼睛、黏膜、破皮或傷口；特殊族群使用前請先諮詢專業人員。,#外用安全 #用藥安全 #使用前看標示 #諮詢醫師藥師,"0-3秒 Hook：不要搭配熱敷墊或電毯，你也遇過嗎？
3-12秒 情境：拍攝所有使用者、照護者與家庭購買者的日常動作，字幕點出「不要搭配熱敷墊或電毯」。
12-25秒 知識：外用油膏應放在保守邊界：安全使用比用得多更重要，依標示與風險族群提醒。
25-36秒 安全：2 歲以下、孕哺、過敏體質、抗凝血藥使用者請先詢問專業人員。
36-45秒 CTA：使用前看標示，收藏這支，下次別用錯。",僅供外用。避免接觸眼睛、黏膜、破皮或傷口；特殊族群使用前請先諮詢專業人員。,2 歲以下、孕哺、過敏體質、抗凝血藥使用者請先詢問專業人員。,根治|治療疾病|消炎治本|打通經絡|一擦就好|保證有效|深層修復|替代藥物
TikTok_LINE019,LINE019,TikTok,2026-06-13,12:00,小暑前後活動舒適提醒,F,低,pending_legal_pharmacist_review,false,小暑前後活動舒適提醒,"0-3秒 Hook：小暑前後活動舒適提醒，你也遇過嗎？
3-12秒 情境：拍攝喜歡養生、節氣與日常保健的 LINE 讀者的日常動作，字幕點出「小暑前後活動舒適提醒」。
12-25秒 知識：外用油膏應放在保守邊界：以生活保健與身體覺察為主，不做醫療療效宣稱。
25-36秒 安全：節氣養生屬一般生活資訊，身體不適仍應諮詢專業人員。
36-45秒 CTA：使用前看標示，收藏這支，下次別用錯。",小暑前後活動舒適提醒的重點是依標示使用，不誇大、不神化。本內容為一般生活保健資訊，非醫療診斷或治療建議。,#節氣保養 #生活保健 #日常保養 #身體覺察,"0-3秒 Hook：小暑前後活動舒適提醒，你也遇過嗎？
3-12秒 情境：拍攝喜歡養生、節氣與日常保健的 LINE 讀者的日常動作，字幕點出「小暑前後活動舒適提醒」。
12-25秒 知識：外用油膏應放在保守邊界：以生活保健與身體覺察為主，不做醫療療效宣稱。
25-36秒 安全：節氣養生屬一般生活資訊，身體不適仍應諮詢專業人員。
36-45秒 CTA：使用前看標示，收藏這支，下次別用錯。",本內容為一般生活保健資訊，非醫療診斷或治療建議。,節氣養生屬一般生活資訊，身體不適仍應諮詢專業人員。,根治|治療疾病|消炎治本|打通經絡|一擦就好|保證有效|深層修復|替代藥物
TikTok_LINE020,LINE020,TikTok,2026-06-13,20:00,爬山後腿部按摩提醒,C,中,pending_legal_pharmacist_review,false,爬山後腿部按摩提醒,"0-3秒 Hook：爬山後腿部按摩提醒，你也遇過嗎？
3-12秒 情境：拍攝運動族、搬重物、久站與勞動工作者的日常動作，字幕點出「爬山後腿部按摩提醒」。
12-25秒 知識：外用油膏應放在保守邊界：運動或勞動後的局部肌肉痠痛，可短期按摩舒緩。
25-36秒 安全：明顯腫脹、劇痛、活動受限或疑似受傷時，請先就醫。
36-45秒 CTA：使用前看標示，收藏這支，下次別用錯。",爬山後腿部按摩提醒的重點是依標示使用，不誇大、不神化。本產品為外用油膏，請依核准標示使用；若症狀持續或惡化，請諮詢醫師或藥師。,#運動後保養 #局部按摩 #肌肉痠痛 #依標示使用,"0-3秒 Hook：爬山後腿部按摩提醒，你也遇過嗎？
3-12秒 情境：拍攝運動族、搬重物、久站與勞動工作者的日常動作，字幕點出「爬山後腿部按摩提醒」。
12-25秒 知識：外用油膏應放在保守邊界：運動或勞動後的局部肌肉痠痛，可短期按摩舒緩。
25-36秒 安全：明顯腫脹、劇痛、活動受限或疑似受傷時，請先就醫。
36-45秒 CTA：使用前看標示，收藏這支，下次別用錯。",本產品為外用油膏，請依核准標示使用；若症狀持續或惡化，請諮詢醫師或藥師。,明顯腫脹、劇痛、活動受限或疑似受傷時，請先就醫。,根治|治療疾病|消炎治本|打通經絡|一擦就好|保證有效|深層修復|替代藥物
TikTok_LINE021,LINE021,TikTok,2026-06-14,12:00,外用膏一次擦多少才剛好,G,低,pending_legal_pharmacist_review,false,外用膏一次擦多少才剛好,"0-3秒 Hook：外用膏一次擦多少才剛好，你也遇過嗎？
3-12秒 情境：拍攝LINE OA 好友、回購客與新客的日常動作，字幕點出「外用膏一次擦多少才剛好」。
12-25秒 知識：外用油膏應放在保守邊界：用問答降低誤用，讓使用者知道何時該詢問專業人員。
25-36秒 安全：互動回答不取代醫師或藥師建議。
36-45秒 CTA：使用前看標示，收藏這支，下次別用錯。",外用膏一次擦多少才剛好的重點是依標示使用，不誇大、不神化。本內容為一般生活保健資訊，非醫療診斷或治療建議。,#互動問答 #保養知識 #使用小提醒 #金牌一條根,"0-3秒 Hook：外用膏一次擦多少才剛好，你也遇過嗎？
3-12秒 情境：拍攝LINE OA 好友、回購客與新客的日常動作，字幕點出「外用膏一次擦多少才剛好」。
12-25秒 知識：外用油膏應放在保守邊界：用問答降低誤用，讓使用者知道何時該詢問專業人員。
25-36秒 安全：互動回答不取代醫師或藥師建議。
36-45秒 CTA：使用前看標示，收藏這支，下次別用錯。",本內容為一般生活保健資訊，非醫療診斷或治療建議。,互動回答不取代醫師或藥師建議。,根治|治療疾病|消炎治本|打通經絡|一擦就好|保證有效|深層修復|替代藥物
TikTok_LINE022,LINE022,TikTok,2026-06-14,20:00,散步後的膝周保養,D,中,pending_legal_pharmacist_review,false,散步後的膝周保養,"0-3秒 Hook：散步後的膝周保養，你也遇過嗎？
3-12秒 情境：拍攝40-70 歲注重日常活動舒適度的族群的日常動作，字幕點出「散步後的膝周保養」。
12-25秒 知識：外用油膏應放在保守邊界：輕微關節痠痛可短期舒緩，但不可宣稱治療疾病。
25-36秒 安全：關節腫痛、紅熱、長期疼痛或行走困難，請就醫評估。
36-45秒 CTA：使用前看標示，收藏這支，下次別用錯。",散步後的膝周保養的重點是依標示使用，不誇大、不神化。本產品為外用油膏，請依核准標示使用；若症狀持續或惡化，請諮詢醫師或藥師。,#銀髮保養 #活動舒適 #輕微痠痛 #依標示使用,"0-3秒 Hook：散步後的膝周保養，你也遇過嗎？
3-12秒 情境：拍攝40-70 歲注重日常活動舒適度的族群的日常動作，字幕點出「散步後的膝周保養」。
12-25秒 知識：外用油膏應放在保守邊界：輕微關節痠痛可短期舒緩，但不可宣稱治療疾病。
25-36秒 安全：關節腫痛、紅熱、長期疼痛或行走困難，請就醫評估。
36-45秒 CTA：使用前看標示，收藏這支，下次別用錯。",本產品為外用油膏，請依核准標示使用；若症狀持續或惡化，請諮詢醫師或藥師。,關節腫痛、紅熱、長期疼痛或行走困難，請就醫評估。,根治|治療疾病|消炎治本|打通經絡|一擦就好|保證有效|深層修復|替代藥物
TikTok_LINE023,LINE023,TikTok,2026-06-15,12:00,午休前的肩頸放鬆流程,B,低,pending_legal_pharmacist_review,false,午休前的肩頸放鬆流程,"0-3秒 Hook：午休前的肩頸放鬆流程，你也遇過嗎？
3-12秒 情境：拍攝長時間低頭、久坐、用電腦的上班族的日常動作，字幕點出「午休前的肩頸放鬆流程」。
12-25秒 知識：外用油膏應放在保守邊界：久坐低頭後，可搭配伸展與局部按摩舒緩緊繃不適。
25-36秒 安全：若痠痛持續、麻木或影響活動，請諮詢醫師或藥師。
36-45秒 CTA：使用前看標示，收藏這支，下次別用錯。",午休前的肩頸放鬆流程的重點是依標示使用，不誇大、不神化。本內容為一般生活保健資訊，非醫療診斷或治療建議。,#肩頸保養 #久坐族 #日常舒緩 #依標示使用,"0-3秒 Hook：午休前的肩頸放鬆流程，你也遇過嗎？
3-12秒 情境：拍攝長時間低頭、久坐、用電腦的上班族的日常動作，字幕點出「午休前的肩頸放鬆流程」。
12-25秒 知識：外用油膏應放在保守邊界：久坐低頭後，可搭配伸展與局部按摩舒緩緊繃不適。
25-36秒 安全：若痠痛持續、麻木或影響活動，請諮詢醫師或藥師。
36-45秒 CTA：使用前看標示，收藏這支，下次別用錯。",本內容為一般生活保健資訊，非醫療診斷或治療建議。,若痠痛持續、麻木或影響活動，請諮詢醫師或藥師。,根治|治療疾病|消炎治本|打通經絡|一擦就好|保證有效|深層修復|替代藥物
TikTok_LINE024,LINE024,TikTok,2026-06-15,20:00,油膏劑為什麼適合局部按摩,A,中,pending_legal_pharmacist_review,false,油膏劑為什麼適合局部按摩,"0-3秒 Hook：油膏劑為什麼適合局部按摩，你也遇過嗎？
3-12秒 情境：拍攝已購買或正在觀望的一條根使用者的日常動作，字幕點出「油膏劑為什麼適合局部按摩」。
12-25秒 知識：外用油膏應放在保守邊界：依標示外用，提供局部按摩與暫時舒緩體感。
25-36秒 安全：僅供外用；避免眼周、黏膜、破皮或傷口。
36-45秒 CTA：使用前看標示，收藏這支，下次別用錯。",油膏劑為什麼適合局部按摩的重點是依標示使用，不誇大、不神化。本產品為外用油膏，請依核准標示使用；若症狀持續或惡化，請諮詢醫師或藥師。,#金牌一條根 #外用油膏 #成分透明 #依標示使用,"0-3秒 Hook：油膏劑為什麼適合局部按摩，你也遇過嗎？
3-12秒 情境：拍攝已購買或正在觀望的一條根使用者的日常動作，字幕點出「油膏劑為什麼適合局部按摩」。
12-25秒 知識：外用油膏應放在保守邊界：依標示外用，提供局部按摩與暫時舒緩體感。
25-36秒 安全：僅供外用；避免眼周、黏膜、破皮或傷口。
36-45秒 CTA：使用前看標示，收藏這支，下次別用錯。",本產品為外用油膏，請依核准標示使用；若症狀持續或惡化，請諮詢醫師或藥師。,僅供外用；避免眼周、黏膜、破皮或傷口。,根治|治療疾病|消炎治本|打通經絡|一擦就好|保證有效|深層修復|替代藥物
TikTok_LINE025,LINE025,TikTok,2026-06-16,12:00,大暑午後少久站硬撐,F,低,pending_legal_pharmacist_review,false,大暑午後少久站硬撐,"0-3秒 Hook：大暑午後少久站硬撐，你也遇過嗎？
3-12秒 情境：拍攝喜歡養生、節氣與日常保健的 LINE 讀者的日常動作，字幕點出「大暑午後少久站硬撐」。
12-25秒 知識：外用油膏應放在保守邊界：以生活保健與身體覺察為主，不做醫療療效宣稱。
25-36秒 安全：節氣養生屬一般生活資訊，身體不適仍應諮詢專業人員。
36-45秒 CTA：使用前看標示，收藏這支，下次別用錯。",大暑午後少久站硬撐的重點是依標示使用，不誇大、不神化。本內容為一般生活保健資訊，非醫療診斷或治療建議。,#節氣保養 #生活保健 #日常保養 #身體覺察,"0-3秒 Hook：大暑午後少久站硬撐，你也遇過嗎？
3-12秒 情境：拍攝喜歡養生、節氣與日常保健的 LINE 讀者的日常動作，字幕點出「大暑午後少久站硬撐」。
12-25秒 知識：外用油膏應放在保守邊界：以生活保健與身體覺察為主，不做醫療療效宣稱。
25-36秒 安全：節氣養生屬一般生活資訊，身體不適仍應諮詢專業人員。
36-45秒 CTA：使用前看標示，收藏這支，下次別用錯。",本內容為一般生活保健資訊，非醫療診斷或治療建議。,節氣養生屬一般生活資訊，身體不適仍應諮詢專業人員。,根治|治療疾病|消炎治本|打通經絡|一擦就好|保證有效|深層修復|替代藥物
TikTok_LINE026,LINE026,TikTok,2026-06-16,20:00,不要密封包紮或大面積厚敷,E,高,pending_legal_pharmacist_review,false,不要密封包紮或大面積厚敷,"0-3秒 Hook：不要密封包紮或大面積厚敷，你也遇過嗎？
3-12秒 情境：拍攝所有使用者、照護者與家庭購買者的日常動作，字幕點出「不要密封包紮或大面積厚敷」。
12-25秒 知識：外用油膏應放在保守邊界：安全使用比用得多更重要，依標示與風險族群提醒。
25-36秒 安全：2 歲以下、孕哺、過敏體質、抗凝血藥使用者請先詢問專業人員。
36-45秒 CTA：使用前看標示，收藏這支，下次別用錯。",不要密封包紮或大面積厚敷的重點是依標示使用，不誇大、不神化。僅供外用。避免接觸眼睛、黏膜、破皮或傷口；特殊族群使用前請先諮詢專業人員。,#外用安全 #用藥安全 #使用前看標示 #諮詢醫師藥師,"0-3秒 Hook：不要密封包紮或大面積厚敷，你也遇過嗎？
3-12秒 情境：拍攝所有使用者、照護者與家庭購買者的日常動作，字幕點出「不要密封包紮或大面積厚敷」。
12-25秒 知識：外用油膏應放在保守邊界：安全使用比用得多更重要，依標示與風險族群提醒。
25-36秒 安全：2 歲以下、孕哺、過敏體質、抗凝血藥使用者請先詢問專業人員。
36-45秒 CTA：使用前看標示，收藏這支，下次別用錯。",僅供外用。避免接觸眼睛、黏膜、破皮或傷口；特殊族群使用前請先諮詢專業人員。,2 歲以下、孕哺、過敏體質、抗凝血藥使用者請先詢問專業人員。,根治|治療疾病|消炎治本|打通經絡|一擦就好|保證有效|深層修復|替代藥物
TikTok_LINE027,LINE027,TikTok,2026-06-17,12:00,藥證可查代表什麼,H,中,pending_legal_pharmacist_review,false,藥證可查代表什麼,"0-3秒 Hook：藥證可查代表什麼，你也遇過嗎？
3-12秒 情境：拍攝重視藥證、成分、品質與合法性的消費者的日常動作，字幕點出「藥證可查代表什麼」。
12-25秒 知識：外用油膏應放在保守邊界：強調藥證、標示、保守宣稱與人工審核流程。
25-36秒 安全：所有廣告文案仍須依主管機關與專業人員審核。
36-45秒 CTA：使用前看標示，收藏這支，下次別用錯。",藥證可查代表什麼的重點是依標示使用，不誇大、不神化。本產品為外用油膏，請依核准標示使用；若症狀持續或惡化，請諮詢醫師或藥師。,#藥證可查 #品牌透明 #合法宣傳 #成分透明,"0-3秒 Hook：藥證可查代表什麼，你也遇過嗎？
3-12秒 情境：拍攝重視藥證、成分、品質與合法性的消費者的日常動作，字幕點出「藥證可查代表什麼」。
12-25秒 知識：外用油膏應放在保守邊界：強調藥證、標示、保守宣稱與人工審核流程。
25-36秒 安全：所有廣告文案仍須依主管機關與專業人員審核。
36-45秒 CTA：使用前看標示，收藏這支，下次別用錯。",本產品為外用油膏，請依核准標示使用；若症狀持續或惡化，請諮詢醫師或藥師。,所有廣告文案仍須依主管機關與專業人員審核。,根治|治療疾病|消炎治本|打通經絡|一擦就好|保證有效|深層修復|替代藥物
TikTok_LINE028,LINE028,TikTok,2026-06-17,20:00,涼感越強越有效嗎,G,低,pending_legal_pharmacist_review,false,涼感越強越有效嗎,"0-3秒 Hook：涼感越強越有效嗎，你也遇過嗎？
3-12秒 情境：拍攝LINE OA 好友、回購客與新客的日常動作，字幕點出「涼感越強越有效嗎」。
12-25秒 知識：外用油膏應放在保守邊界：用問答降低誤用，讓使用者知道何時該詢問專業人員。
25-36秒 安全：互動回答不取代醫師或藥師建議。
36-45秒 CTA：使用前看標示，收藏這支，下次別用錯。",涼感越強越有效嗎的重點是依標示使用，不誇大、不神化。本內容為一般生活保健資訊，非醫療診斷或治療建議。,#互動問答 #保養知識 #使用小提醒 #金牌一條根,"0-3秒 Hook：涼感越強越有效嗎，你也遇過嗎？
3-12秒 情境：拍攝LINE OA 好友、回購客與新客的日常動作，字幕點出「涼感越強越有效嗎」。
12-25秒 知識：外用油膏應放在保守邊界：用問答降低誤用，讓使用者知道何時該詢問專業人員。
25-36秒 安全：互動回答不取代醫師或藥師建議。
36-45秒 CTA：使用前看標示，收藏這支，下次別用錯。",本內容為一般生活保健資訊，非醫療診斷或治療建議。,互動回答不取代醫師或藥師建議。,根治|治療疾病|消炎治本|打通經絡|一擦就好|保證有效|深層修復|替代藥物
TikTok_LINE029,LINE029,TikTok,2026-06-18,12:00,重訓後肩背局部舒緩,C,中,pending_legal_pharmacist_review,false,重訓後肩背局部舒緩,"0-3秒 Hook：重訓後肩背局部舒緩，你也遇過嗎？
3-12秒 情境：拍攝運動族、搬重物、久站與勞動工作者的日常動作，字幕點出「重訓後肩背局部舒緩」。
12-25秒 知識：外用油膏應放在保守邊界：運動或勞動後的局部肌肉痠痛，可短期按摩舒緩。
25-36秒 安全：明顯腫脹、劇痛、活動受限或疑似受傷時，請先就醫。
36-45秒 CTA：使用前看標示，收藏這支，下次別用錯。",重訓後肩背局部舒緩的重點是依標示使用，不誇大、不神化。本產品為外用油膏，請依核准標示使用；若症狀持續或惡化，請諮詢醫師或藥師。,#運動後保養 #局部按摩 #肌肉痠痛 #依標示使用,"0-3秒 Hook：重訓後肩背局部舒緩，你也遇過嗎？
3-12秒 情境：拍攝運動族、搬重物、久站與勞動工作者的日常動作，字幕點出「重訓後肩背局部舒緩」。
12-25秒 知識：外用油膏應放在保守邊界：運動或勞動後的局部肌肉痠痛，可短期按摩舒緩。
25-36秒 安全：明顯腫脹、劇痛、活動受限或疑似受傷時，請先就醫。
36-45秒 CTA：使用前看標示，收藏這支，下次別用錯。",本產品為外用油膏，請依核准標示使用；若症狀持續或惡化，請諮詢醫師或藥師。,明顯腫脹、劇痛、活動受限或疑似受傷時，請先就醫。,根治|治療疾病|消炎治本|打通經絡|一擦就好|保證有效|深層修復|替代藥物
TikTok_LINE030,LINE030,TikTok,2026-06-18,20:00,乙類成藥與一般保健品差異,A,中,pending_legal_pharmacist_review,false,乙類成藥與一般保健品差異,"0-3秒 Hook：乙類成藥與一般保健品差異，你也遇過嗎？
3-12秒 情境：拍攝已購買或正在觀望的一條根使用者的日常動作，字幕點出「乙類成藥與一般保健品差異」。
12-25秒 知識：外用油膏應放在保守邊界：依標示外用，提供局部按摩與暫時舒緩體感。
25-36秒 安全：僅供外用；避免眼周、黏膜、破皮或傷口。
36-45秒 CTA：使用前看標示，收藏這支，下次別用錯。",乙類成藥與一般保健品差異的重點是依標示使用，不誇大、不神化。本產品為外用油膏，請依核准標示使用；若症狀持續或惡化，請諮詢醫師或藥師。,#金牌一條根 #外用油膏 #成分透明 #依標示使用,"0-3秒 Hook：乙類成藥與一般保健品差異，你也遇過嗎？
3-12秒 情境：拍攝已購買或正在觀望的一條根使用者的日常動作，字幕點出「乙類成藥與一般保健品差異」。
12-25秒 知識：外用油膏應放在保守邊界：依標示外用，提供局部按摩與暫時舒緩體感。
25-36秒 安全：僅供外用；避免眼周、黏膜、破皮或傷口。
36-45秒 CTA：使用前看標示，收藏這支，下次別用錯。",本產品為外用油膏，請依核准標示使用；若症狀持續或惡化，請諮詢醫師或藥師。,僅供外用；避免眼周、黏膜、破皮或傷口。,根治|治療疾病|消炎治本|打通經絡|一擦就好|保證有效|深層修復|替代藥物
TikTok_LINE031,LINE031,TikTok,2026-06-19,12:00,天氣變化時的活動舒適感,D,中,pending_legal_pharmacist_review,false,天氣變化時的活動舒適感,"0-3秒 Hook：天氣變化時的活動舒適感，你也遇過嗎？
3-12秒 情境：拍攝40-70 歲注重日常活動舒適度的族群的日常動作，字幕點出「天氣變化時的活動舒適感」。
12-25秒 知識：外用油膏應放在保守邊界：輕微關節痠痛可短期舒緩，但不可宣稱治療疾病。
25-36秒 安全：關節腫痛、紅熱、長期疼痛或行走困難，請就醫評估。
36-45秒 CTA：使用前看標示，收藏這支，下次別用錯。",天氣變化時的活動舒適感的重點是依標示使用，不誇大、不神化。本產品為外用油膏，請依核准標示使用；若症狀持續或惡化，請諮詢醫師或藥師。,#銀髮保養 #活動舒適 #輕微痠痛 #依標示使用,"0-3秒 Hook：天氣變化時的活動舒適感，你也遇過嗎？
3-12秒 情境：拍攝40-70 歲注重日常活動舒適度的族群的日常動作，字幕點出「天氣變化時的活動舒適感」。
12-25秒 知識：外用油膏應放在保守邊界：輕微關節痠痛可短期舒緩，但不可宣稱治療疾病。
25-36秒 安全：關節腫痛、紅熱、長期疼痛或行走困難，請就醫評估。
36-45秒 CTA：使用前看標示，收藏這支，下次別用錯。",本產品為外用油膏，請依核准標示使用；若症狀持續或惡化，請諮詢醫師或藥師。,關節腫痛、紅熱、長期疼痛或行走困難，請就醫評估。,根治|治療疾病|消炎治本|打通經絡|一擦就好|保證有效|深層修復|替代藥物
TikTok_LINE032,LINE032,TikTok,2026-06-19,20:00,水楊酸或阿斯匹靈過敏者注意,E,高,pending_legal_pharmacist_review,false,水楊酸或阿斯匹靈過敏者注意,"0-3秒 Hook：水楊酸或阿斯匹靈過敏者注意，你也遇過嗎？
3-12秒 情境：拍攝所有使用者、照護者與家庭購買者的日常動作，字幕點出「水楊酸或阿斯匹靈過敏者注意」。
12-25秒 知識：外用油膏應放在保守邊界：安全使用比用得多更重要，依標示與風險族群提醒。
25-36秒 安全：2 歲以下、孕哺、過敏體質、抗凝血藥使用者請先詢問專業人員。
36-45秒 CTA：使用前看標示，收藏這支，下次別用錯。",水楊酸或阿斯匹靈過敏者注意的重點是依標示使用，不誇大、不神化。僅供外用。避免接觸眼睛、黏膜、破皮或傷口；特殊族群使用前請先諮詢專業人員。,#外用安全 #用藥安全 #使用前看標示 #諮詢醫師藥師,"0-3秒 Hook：水楊酸或阿斯匹靈過敏者注意，你也遇過嗎？
3-12秒 情境：拍攝所有使用者、照護者與家庭購買者的日常動作，字幕點出「水楊酸或阿斯匹靈過敏者注意」。
12-25秒 知識：外用油膏應放在保守邊界：安全使用比用得多更重要，依標示與風險族群提醒。
25-36秒 安全：2 歲以下、孕哺、過敏體質、抗凝血藥使用者請先詢問專業人員。
36-45秒 CTA：使用前看標示，收藏這支，下次別用錯。",僅供外用。避免接觸眼睛、黏膜、破皮或傷口；特殊族群使用前請先諮詢專業人員。,2 歲以下、孕哺、過敏體質、抗凝血藥使用者請先詢問專業人員。,根治|治療疾病|消炎治本|打通經絡|一擦就好|保證有效|深層修復|替代藥物
TikTok_LINE033,LINE033,TikTok,2026-06-20,12:00,立秋後早晚溫差保養,F,低,pending_legal_pharmacist_review,false,立秋後早晚溫差保養,"0-3秒 Hook：立秋後早晚溫差保養，你也遇過嗎？
3-12秒 情境：拍攝喜歡養生、節氣與日常保健的 LINE 讀者的日常動作，字幕點出「立秋後早晚溫差保養」。
12-25秒 知識：外用油膏應放在保守邊界：以生活保健與身體覺察為主，不做醫療療效宣稱。
25-36秒 安全：節氣養生屬一般生活資訊，身體不適仍應諮詢專業人員。
36-45秒 CTA：使用前看標示，收藏這支，下次別用錯。",立秋後早晚溫差保養的重點是依標示使用，不誇大、不神化。本內容為一般生活保健資訊，非醫療診斷或治療建議。,#節氣保養 #生活保健 #日常保養 #身體覺察,"0-3秒 Hook：立秋後早晚溫差保養，你也遇過嗎？
3-12秒 情境：拍攝喜歡養生、節氣與日常保健的 LINE 讀者的日常動作，字幕點出「立秋後早晚溫差保養」。
12-25秒 知識：外用油膏應放在保守邊界：以生活保健與身體覺察為主，不做醫療療效宣稱。
25-36秒 安全：節氣養生屬一般生活資訊，身體不適仍應諮詢專業人員。
36-45秒 CTA：使用前看標示，收藏這支，下次別用錯。",本內容為一般生活保健資訊，非醫療診斷或治療建議。,節氣養生屬一般生活資訊，身體不適仍應諮詢專業人員。,根治|治療疾病|消炎治本|打通經絡|一擦就好|保證有效|深層修復|替代藥物
TikTok_LINE034,LINE034,TikTok,2026-06-20,20:00,家事後手臂不適保養,C,中,pending_legal_pharmacist_review,false,家事後手臂不適保養,"0-3秒 Hook：家事後手臂不適保養，你也遇過嗎？
3-12秒 情境：拍攝運動族、搬重物、久站與勞動工作者的日常動作，字幕點出「家事後手臂不適保養」。
12-25秒 知識：外用油膏應放在保守邊界：運動或勞動後的局部肌肉痠痛，可短期按摩舒緩。
25-36秒 安全：明顯腫脹、劇痛、活動受限或疑似受傷時，請先就醫。
36-45秒 CTA：使用前看標示，收藏這支，下次別用錯。",家事後手臂不適保養的重點是依標示使用，不誇大、不神化。本產品為外用油膏，請依核准標示使用；若症狀持續或惡化，請諮詢醫師或藥師。,#運動後保養 #局部按摩 #肌肉痠痛 #依標示使用,"0-3秒 Hook：家事後手臂不適保養，你也遇過嗎？
3-12秒 情境：拍攝運動族、搬重物、久站與勞動工作者的日常動作，字幕點出「家事後手臂不適保養」。
12-25秒 知識：外用油膏應放在保守邊界：運動或勞動後的局部肌肉痠痛，可短期按摩舒緩。
25-36秒 安全：明顯腫脹、劇痛、活動受限或疑似受傷時，請先就醫。
36-45秒 CTA：使用前看標示，收藏這支，下次別用錯。",本產品為外用油膏，請依核准標示使用；若症狀持續或惡化，請諮詢醫師或藥師。,明顯腫脹、劇痛、活動受限或疑似受傷時，請先就醫。,根治|治療疾病|消炎治本|打通經絡|一擦就好|保證有效|深層修復|替代藥物
TikTok_LINE035,LINE035,TikTok,2026-06-21,12:00,你有看過外用產品標示嗎,G,低,pending_legal_pharmacist_review,false,你有看過外用產品標示嗎,"0-3秒 Hook：你有看過外用產品標示嗎，你也遇過嗎？
3-12秒 情境：拍攝LINE OA 好友、回購客與新客的日常動作，字幕點出「你有看過外用產品標示嗎」。
12-25秒 知識：外用油膏應放在保守邊界：用問答降低誤用，讓使用者知道何時該詢問專業人員。
25-36秒 安全：互動回答不取代醫師或藥師建議。
36-45秒 CTA：使用前看標示，收藏這支，下次別用錯。",你有看過外用產品標示嗎的重點是依標示使用，不誇大、不神化。本內容為一般生活保健資訊，非醫療診斷或治療建議。,#互動問答 #保養知識 #使用小提醒 #金牌一條根,"0-3秒 Hook：你有看過外用產品標示嗎，你也遇過嗎？
3-12秒 情境：拍攝LINE OA 好友、回購客與新客的日常動作，字幕點出「你有看過外用產品標示嗎」。
12-25秒 知識：外用油膏應放在保守邊界：用問答降低誤用，讓使用者知道何時該詢問專業人員。
25-36秒 安全：互動回答不取代醫師或藥師建議。
36-45秒 CTA：使用前看標示，收藏這支，下次別用錯。",本內容為一般生活保健資訊，非醫療診斷或治療建議。,互動回答不取代醫師或藥師建議。,根治|治療疾病|消炎治本|打通經絡|一擦就好|保證有效|深層修復|替代藥物
TikTok_LINE036,LINE036,TikTok,2026-06-21,20:00,長輩按摩力道不要過重,D,中,pending_legal_pharmacist_review,false,長輩按摩力道不要過重,"0-3秒 Hook：長輩按摩力道不要過重，你也遇過嗎？
3-12秒 情境：拍攝40-70 歲注重日常活動舒適度的族群的日常動作，字幕點出「長輩按摩力道不要過重」。
12-25秒 知識：外用油膏應放在保守邊界：輕微關節痠痛可短期舒緩，但不可宣稱治療疾病。
25-36秒 安全：關節腫痛、紅熱、長期疼痛或行走困難，請就醫評估。
36-45秒 CTA：使用前看標示，收藏這支，下次別用錯。",長輩按摩力道不要過重的重點是依標示使用，不誇大、不神化。本產品為外用油膏，請依核准標示使用；若症狀持續或惡化，請諮詢醫師或藥師。,#銀髮保養 #活動舒適 #輕微痠痛 #依標示使用,"0-3秒 Hook：長輩按摩力道不要過重，你也遇過嗎？
3-12秒 情境：拍攝40-70 歲注重日常活動舒適度的族群的日常動作，字幕點出「長輩按摩力道不要過重」。
12-25秒 知識：外用油膏應放在保守邊界：輕微關節痠痛可短期舒緩，但不可宣稱治療疾病。
25-36秒 安全：關節腫痛、紅熱、長期疼痛或行走困難，請就醫評估。
36-45秒 CTA：使用前看標示，收藏這支，下次別用錯。",本產品為外用油膏，請依核准標示使用；若症狀持續或惡化，請諮詢醫師或藥師。,關節腫痛、紅熱、長期疼痛或行走困難，請就醫評估。,根治|治療疾病|消炎治本|打通經絡|一擦就好|保證有效|深層修復|替代藥物
TikTok_LINE037,LINE037,TikTok,2026-06-22,12:00,開會久坐後的腰背舒緩,B,低,pending_legal_pharmacist_review,false,開會久坐後的腰背舒緩,"0-3秒 Hook：開會久坐後的腰背舒緩，你也遇過嗎？
3-12秒 情境：拍攝長時間低頭、久坐、用電腦的上班族的日常動作，字幕點出「開會久坐後的腰背舒緩」。
12-25秒 知識：外用油膏應放在保守邊界：久坐低頭後，可搭配伸展與局部按摩舒緩緊繃不適。
25-36秒 安全：若痠痛持續、麻木或影響活動，請諮詢醫師或藥師。
36-45秒 CTA：使用前看標示，收藏這支，下次別用錯。",開會久坐後的腰背舒緩的重點是依標示使用，不誇大、不神化。本內容為一般生活保健資訊，非醫療診斷或治療建議。,#肩頸保養 #久坐族 #日常舒緩 #依標示使用,"0-3秒 Hook：開會久坐後的腰背舒緩，你也遇過嗎？
3-12秒 情境：拍攝長時間低頭、久坐、用電腦的上班族的日常動作，字幕點出「開會久坐後的腰背舒緩」。
12-25秒 知識：外用油膏應放在保守邊界：久坐低頭後，可搭配伸展與局部按摩舒緩緊繃不適。
25-36秒 安全：若痠痛持續、麻木或影響活動，請諮詢醫師或藥師。
36-45秒 CTA：使用前看標示，收藏這支，下次別用錯。",本內容為一般生活保健資訊，非醫療診斷或治療建議。,若痠痛持續、麻木或影響活動，請諮詢醫師或藥師。,根治|治療疾病|消炎治本|打通經絡|一擦就好|保證有效|深層修復|替代藥物
TikTok_LINE038,LINE038,TikTok,2026-06-22,20:00,一條根外用膏的日常定位,A,中,pending_legal_pharmacist_review,false,一條根外用膏的日常定位,"0-3秒 Hook：一條根外用膏的日常定位，你也遇過嗎？
3-12秒 情境：拍攝已購買或正在觀望的一條根使用者的日常動作，字幕點出「一條根外用膏的日常定位」。
12-25秒 知識：外用油膏應放在保守邊界：依標示外用，提供局部按摩與暫時舒緩體感。
25-36秒 安全：僅供外用；避免眼周、黏膜、破皮或傷口。
36-45秒 CTA：使用前看標示，收藏這支，下次別用錯。",一條根外用膏的日常定位的重點是依標示使用，不誇大、不神化。本產品為外用油膏，請依核准標示使用；若症狀持續或惡化，請諮詢醫師或藥師。,#金牌一條根 #外用油膏 #成分透明 #依標示使用,"0-3秒 Hook：一條根外用膏的日常定位，你也遇過嗎？
3-12秒 情境：拍攝已購買或正在觀望的一條根使用者的日常動作，字幕點出「一條根外用膏的日常定位」。
12-25秒 知識：外用油膏應放在保守邊界：依標示外用，提供局部按摩與暫時舒緩體感。
25-36秒 安全：僅供外用；避免眼周、黏膜、破皮或傷口。
36-45秒 CTA：使用前看標示，收藏這支，下次別用錯。",本產品為外用油膏，請依核准標示使用；若症狀持續或惡化，請諮詢醫師或藥師。,僅供外用；避免眼周、黏膜、破皮或傷口。,根治|治療疾病|消炎治本|打通經絡|一擦就好|保證有效|深層修復|替代藥物
TikTok_LINE039,LINE039,TikTok,2026-06-23,12:00,處暑後運動暖身提醒,F,低,pending_legal_pharmacist_review,false,處暑後運動暖身提醒,"0-3秒 Hook：處暑後運動暖身提醒，你也遇過嗎？
3-12秒 情境：拍攝喜歡養生、節氣與日常保健的 LINE 讀者的日常動作，字幕點出「處暑後運動暖身提醒」。
12-25秒 知識：外用油膏應放在保守邊界：以生活保健與身體覺察為主，不做醫療療效宣稱。
25-36秒 安全：節氣養生屬一般生活資訊，身體不適仍應諮詢專業人員。
36-45秒 CTA：使用前看標示，收藏這支，下次別用錯。",處暑後運動暖身提醒的重點是依標示使用，不誇大、不神化。本內容為一般生活保健資訊，非醫療診斷或治療建議。,#節氣保養 #生活保健 #日常保養 #身體覺察,"0-3秒 Hook：處暑後運動暖身提醒，你也遇過嗎？
3-12秒 情境：拍攝喜歡養生、節氣與日常保健的 LINE 讀者的日常動作，字幕點出「處暑後運動暖身提醒」。
12-25秒 知識：外用油膏應放在保守邊界：以生活保健與身體覺察為主，不做醫療療效宣稱。
25-36秒 安全：節氣養生屬一般生活資訊，身體不適仍應諮詢專業人員。
36-45秒 CTA：使用前看標示，收藏這支，下次別用錯。",本內容為一般生活保健資訊，非醫療診斷或治療建議。,節氣養生屬一般生活資訊，身體不適仍應諮詢專業人員。,根治|治療疾病|消炎治本|打通經絡|一擦就好|保證有效|深層修復|替代藥物
TikTok_LINE040,LINE040,TikTok,2026-06-23,20:00,兒童使用前的安全提醒,E,高,pending_legal_pharmacist_review,false,兒童使用前的安全提醒,"0-3秒 Hook：兒童使用前的安全提醒，你也遇過嗎？
3-12秒 情境：拍攝所有使用者、照護者與家庭購買者的日常動作，字幕點出「兒童使用前的安全提醒」。
12-25秒 知識：外用油膏應放在保守邊界：安全使用比用得多更重要，依標示與風險族群提醒。
25-36秒 安全：2 歲以下、孕哺、過敏體質、抗凝血藥使用者請先詢問專業人員。
36-45秒 CTA：使用前看標示，收藏這支，下次別用錯。",兒童使用前的安全提醒的重點是依標示使用，不誇大、不神化。僅供外用。避免接觸眼睛、黏膜、破皮或傷口；特殊族群使用前請先諮詢專業人員。,#外用安全 #用藥安全 #使用前看標示 #諮詢醫師藥師,"0-3秒 Hook：兒童使用前的安全提醒，你也遇過嗎？
3-12秒 情境：拍攝所有使用者、照護者與家庭購買者的日常動作，字幕點出「兒童使用前的安全提醒」。
12-25秒 知識：外用油膏應放在保守邊界：安全使用比用得多更重要，依標示與風險族群提醒。
25-36秒 安全：2 歲以下、孕哺、過敏體質、抗凝血藥使用者請先詢問專業人員。
36-45秒 CTA：使用前看標示，收藏這支，下次別用錯。",僅供外用。避免接觸眼睛、黏膜、破皮或傷口；特殊族群使用前請先諮詢專業人員。,2 歲以下、孕哺、過敏體質、抗凝血藥使用者請先詢問專業人員。,根治|治療疾病|消炎治本|打通經絡|一擦就好|保證有效|深層修復|替代藥物
TikTok_LINE041,LINE041,TikTok,2026-06-24,12:00,外用膏廣告為什麼要保守,H,中,pending_legal_pharmacist_review,false,外用膏廣告為什麼要保守,"0-3秒 Hook：外用膏廣告為什麼要保守，你也遇過嗎？
3-12秒 情境：拍攝重視藥證、成分、品質與合法性的消費者的日常動作，字幕點出「外用膏廣告為什麼要保守」。
12-25秒 知識：外用油膏應放在保守邊界：強調藥證、標示、保守宣稱與人工審核流程。
25-36秒 安全：所有廣告文案仍須依主管機關與專業人員審核。
36-45秒 CTA：使用前看標示，收藏這支，下次別用錯。",外用膏廣告為什麼要保守的重點是依標示使用，不誇大、不神化。本產品為外用油膏，請依核准標示使用；若症狀持續或惡化，請諮詢醫師或藥師。,#藥證可查 #品牌透明 #合法宣傳 #成分透明,"0-3秒 Hook：外用膏廣告為什麼要保守，你也遇過嗎？
3-12秒 情境：拍攝重視藥證、成分、品質與合法性的消費者的日常動作，字幕點出「外用膏廣告為什麼要保守」。
12-25秒 知識：外用油膏應放在保守邊界：強調藥證、標示、保守宣稱與人工審核流程。
25-36秒 安全：所有廣告文案仍須依主管機關與專業人員審核。
36-45秒 CTA：使用前看標示，收藏這支，下次別用錯。",本產品為外用油膏，請依核准標示使用；若症狀持續或惡化，請諮詢醫師或藥師。,所有廣告文案仍須依主管機關與專業人員審核。,根治|治療疾病|消炎治本|打通經絡|一擦就好|保證有效|深層修復|替代藥物
TikTok_LINE042,LINE042,TikTok,2026-06-24,20:00,久坐族最想舒緩哪裡,G,低,pending_legal_pharmacist_review,false,久坐族最想舒緩哪裡,"0-3秒 Hook：久坐族最想舒緩哪裡，你也遇過嗎？
3-12秒 情境：拍攝LINE OA 好友、回購客與新客的日常動作，字幕點出「久坐族最想舒緩哪裡」。
12-25秒 知識：外用油膏應放在保守邊界：用問答降低誤用，讓使用者知道何時該詢問專業人員。
25-36秒 安全：互動回答不取代醫師或藥師建議。
36-45秒 CTA：使用前看標示，收藏這支，下次別用錯。",久坐族最想舒緩哪裡的重點是依標示使用，不誇大、不神化。本內容為一般生活保健資訊，非醫療診斷或治療建議。,#互動問答 #保養知識 #使用小提醒 #金牌一條根,"0-3秒 Hook：久坐族最想舒緩哪裡，你也遇過嗎？
3-12秒 情境：拍攝LINE OA 好友、回購客與新客的日常動作，字幕點出「久坐族最想舒緩哪裡」。
12-25秒 知識：外用油膏應放在保守邊界：用問答降低誤用，讓使用者知道何時該詢問專業人員。
25-36秒 安全：互動回答不取代醫師或藥師建議。
36-45秒 CTA：使用前看標示，收藏這支，下次別用錯。",本內容為一般生活保健資訊，非醫療診斷或治療建議。,互動回答不取代醫師或藥師建議。,根治|治療疾病|消炎治本|打通經絡|一擦就好|保證有效|深層修復|替代藥物
TikTok_LINE043,LINE043,TikTok,2026-06-25,12:00,跑步後膝周不適的保守提醒,C,中,pending_legal_pharmacist_review,false,跑步後膝周不適的保守提醒,"0-3秒 Hook：跑步後膝周不適的保守提醒，你也遇過嗎？
3-12秒 情境：拍攝運動族、搬重物、久站與勞動工作者的日常動作，字幕點出「跑步後膝周不適的保守提醒」。
12-25秒 知識：外用油膏應放在保守邊界：運動或勞動後的局部肌肉痠痛，可短期按摩舒緩。
25-36秒 安全：明顯腫脹、劇痛、活動受限或疑似受傷時，請先就醫。
36-45秒 CTA：使用前看標示，收藏這支，下次別用錯。",跑步後膝周不適的保守提醒的重點是依標示使用，不誇大、不神化。本產品為外用油膏，請依核准標示使用；若症狀持續或惡化，請諮詢醫師或藥師。,#運動後保養 #局部按摩 #肌肉痠痛 #依標示使用,"0-3秒 Hook：跑步後膝周不適的保守提醒，你也遇過嗎？
3-12秒 情境：拍攝運動族、搬重物、久站與勞動工作者的日常動作，字幕點出「跑步後膝周不適的保守提醒」。
12-25秒 知識：外用油膏應放在保守邊界：運動或勞動後的局部肌肉痠痛，可短期按摩舒緩。
25-36秒 安全：明顯腫脹、劇痛、活動受限或疑似受傷時，請先就醫。
36-45秒 CTA：使用前看標示，收藏這支，下次別用錯。",本產品為外用油膏，請依核准標示使用；若症狀持續或惡化，請諮詢醫師或藥師。,明顯腫脹、劇痛、活動受限或疑似受傷時，請先就醫。,根治|治療疾病|消炎治本|打通經絡|一擦就好|保證有效|深層修復|替代藥物
TikTok_LINE044,LINE044,TikTok,2026-06-25,20:00,成分濃度為什麼要看標示,A,中,pending_legal_pharmacist_review,false,成分濃度為什麼要看標示,"0-3秒 Hook：成分濃度為什麼要看標示，你也遇過嗎？
3-12秒 情境：拍攝已購買或正在觀望的一條根使用者的日常動作，字幕點出「成分濃度為什麼要看標示」。
12-25秒 知識：外用油膏應放在保守邊界：依標示外用，提供局部按摩與暫時舒緩體感。
25-36秒 安全：僅供外用；避免眼周、黏膜、破皮或傷口。
36-45秒 CTA：使用前看標示，收藏這支，下次別用錯。",成分濃度為什麼要看標示的重點是依標示使用，不誇大、不神化。本產品為外用油膏，請依核准標示使用；若症狀持續或惡化，請諮詢醫師或藥師。,#金牌一條根 #外用油膏 #成分透明 #依標示使用,"0-3秒 Hook：成分濃度為什麼要看標示，你也遇過嗎？
3-12秒 情境：拍攝已購買或正在觀望的一條根使用者的日常動作，字幕點出「成分濃度為什麼要看標示」。
12-25秒 知識：外用油膏應放在保守邊界：依標示外用，提供局部按摩與暫時舒緩體感。
25-36秒 安全：僅供外用；避免眼周、黏膜、破皮或傷口。
36-45秒 CTA：使用前看標示，收藏這支，下次別用錯。",本產品為外用油膏，請依核准標示使用；若症狀持續或惡化，請諮詢醫師或藥師。,僅供外用；避免眼周、黏膜、破皮或傷口。,根治|治療疾病|消炎治本|打通經絡|一擦就好|保證有效|深層修復|替代藥物
TikTok_LINE045,LINE045,TikTok,2026-06-26,12:00,照顧爸媽時的外用提醒,D,中,pending_legal_pharmacist_review,false,照顧爸媽時的外用提醒,"0-3秒 Hook：照顧爸媽時的外用提醒，你也遇過嗎？
3-12秒 情境：拍攝40-70 歲注重日常活動舒適度的族群的日常動作，字幕點出「照顧爸媽時的外用提醒」。
12-25秒 知識：外用油膏應放在保守邊界：輕微關節痠痛可短期舒緩，但不可宣稱治療疾病。
25-36秒 安全：關節腫痛、紅熱、長期疼痛或行走困難，請就醫評估。
36-45秒 CTA：使用前看標示，收藏這支，下次別用錯。",照顧爸媽時的外用提醒的重點是依標示使用，不誇大、不神化。本產品為外用油膏，請依核准標示使用；若症狀持續或惡化，請諮詢醫師或藥師。,#銀髮保養 #活動舒適 #輕微痠痛 #依標示使用,"0-3秒 Hook：照顧爸媽時的外用提醒，你也遇過嗎？
3-12秒 情境：拍攝40-70 歲注重日常活動舒適度的族群的日常動作，字幕點出「照顧爸媽時的外用提醒」。
12-25秒 知識：外用油膏應放在保守邊界：輕微關節痠痛可短期舒緩，但不可宣稱治療疾病。
25-36秒 安全：關節腫痛、紅熱、長期疼痛或行走困難，請就醫評估。
36-45秒 CTA：使用前看標示，收藏這支，下次別用錯。",本產品為外用油膏，請依核准標示使用；若症狀持續或惡化，請諮詢醫師或藥師。,關節腫痛、紅熱、長期疼痛或行走困難，請就醫評估。,根治|治療疾病|消炎治本|打通經絡|一擦就好|保證有效|深層修復|替代藥物
TikTok_LINE046,LINE046,TikTok,2026-06-26,20:00,孕婦與哺乳族群先詢問專業人員,E,高,pending_legal_pharmacist_review,false,孕婦與哺乳族群先詢問專業人員,"0-3秒 Hook：孕婦與哺乳族群先詢問專業人員，你也遇過嗎？
3-12秒 情境：拍攝所有使用者、照護者與家庭購買者的日常動作，字幕點出「孕婦與哺乳族群先詢問專業人員」。
12-25秒 知識：外用油膏應放在保守邊界：安全使用比用得多更重要，依標示與風險族群提醒。
25-36秒 安全：2 歲以下、孕哺、過敏體質、抗凝血藥使用者請先詢問專業人員。
36-45秒 CTA：使用前看標示，收藏這支，下次別用錯。",孕婦與哺乳族群先詢問專業人員的重點是依標示使用，不誇大、不神化。僅供外用。避免接觸眼睛、黏膜、破皮或傷口；特殊族群使用前請先諮詢專業人員。,#外用安全 #用藥安全 #使用前看標示 #諮詢醫師藥師,"0-3秒 Hook：孕婦與哺乳族群先詢問專業人員，你也遇過嗎？
3-12秒 情境：拍攝所有使用者、照護者與家庭購買者的日常動作，字幕點出「孕婦與哺乳族群先詢問專業人員」。
12-25秒 知識：外用油膏應放在保守邊界：安全使用比用得多更重要，依標示與風險族群提醒。
25-36秒 安全：2 歲以下、孕哺、過敏體質、抗凝血藥使用者請先詢問專業人員。
36-45秒 CTA：使用前看標示，收藏這支，下次別用錯。",僅供外用。避免接觸眼睛、黏膜、破皮或傷口；特殊族群使用前請先諮詢專業人員。,2 歲以下、孕哺、過敏體質、抗凝血藥使用者請先詢問專業人員。,根治|治療疾病|消炎治本|打通經絡|一擦就好|保證有效|深層修復|替代藥物
TikTok_LINE047,LINE047,TikTok,2026-06-27,12:00,白露時節關心長輩活動,F,低,pending_legal_pharmacist_review,false,白露時節關心長輩活動,"0-3秒 Hook：白露時節關心長輩活動，你也遇過嗎？
3-12秒 情境：拍攝喜歡養生、節氣與日常保健的 LINE 讀者的日常動作，字幕點出「白露時節關心長輩活動」。
12-25秒 知識：外用油膏應放在保守邊界：以生活保健與身體覺察為主，不做醫療療效宣稱。
25-36秒 安全：節氣養生屬一般生活資訊，身體不適仍應諮詢專業人員。
36-45秒 CTA：使用前看標示，收藏這支，下次別用錯。",白露時節關心長輩活動的重點是依標示使用，不誇大、不神化。本內容為一般生活保健資訊，非醫療診斷或治療建議。,#節氣保養 #生活保健 #日常保養 #身體覺察,"0-3秒 Hook：白露時節關心長輩活動，你也遇過嗎？
3-12秒 情境：拍攝喜歡養生、節氣與日常保健的 LINE 讀者的日常動作，字幕點出「白露時節關心長輩活動」。
12-25秒 知識：外用油膏應放在保守邊界：以生活保健與身體覺察為主，不做醫療療效宣稱。
25-36秒 安全：節氣養生屬一般生活資訊，身體不適仍應諮詢專業人員。
36-45秒 CTA：使用前看標示，收藏這支，下次別用錯。",本內容為一般生活保健資訊，非醫療診斷或治療建議。,節氣養生屬一般生活資訊，身體不適仍應諮詢專業人員。,根治|治療疾病|消炎治本|打通經絡|一擦就好|保證有效|深層修復|替代藥物
TikTok_LINE048,LINE048,TikTok,2026-06-27,20:00,勞動後先休息再按摩,C,中,pending_legal_pharmacist_review,false,勞動後先休息再按摩,"0-3秒 Hook：勞動後先休息再按摩，你也遇過嗎？
3-12秒 情境：拍攝運動族、搬重物、久站與勞動工作者的日常動作，字幕點出「勞動後先休息再按摩」。
12-25秒 知識：外用油膏應放在保守邊界：運動或勞動後的局部肌肉痠痛，可短期按摩舒緩。
25-36秒 安全：明顯腫脹、劇痛、活動受限或疑似受傷時，請先就醫。
36-45秒 CTA：使用前看標示，收藏這支，下次別用錯。",勞動後先休息再按摩的重點是依標示使用，不誇大、不神化。本產品為外用油膏，請依核准標示使用；若症狀持續或惡化，請諮詢醫師或藥師。,#運動後保養 #局部按摩 #肌肉痠痛 #依標示使用,"0-3秒 Hook：勞動後先休息再按摩，你也遇過嗎？
3-12秒 情境：拍攝運動族、搬重物、久站與勞動工作者的日常動作，字幕點出「勞動後先休息再按摩」。
12-25秒 知識：外用油膏應放在保守邊界：運動或勞動後的局部肌肉痠痛，可短期按摩舒緩。
25-36秒 安全：明顯腫脹、劇痛、活動受限或疑似受傷時，請先就醫。
36-45秒 CTA：使用前看標示，收藏這支，下次別用錯。",本產品為外用油膏，請依核准標示使用；若症狀持續或惡化，請諮詢醫師或藥師。,明顯腫脹、劇痛、活動受限或疑似受傷時，請先就醫。,根治|治療疾病|消炎治本|打通經絡|一擦就好|保證有效|深層修復|替代藥物
TikTok_LINE049,LINE049,TikTok,2026-06-28,12:00,長輩使用外用膏你會提醒什麼,G,低,pending_legal_pharmacist_review,false,長輩使用外用膏你會提醒什麼,"0-3秒 Hook：長輩使用外用膏你會提醒什麼，你也遇過嗎？
3-12秒 情境：拍攝LINE OA 好友、回購客與新客的日常動作，字幕點出「長輩使用外用膏你會提醒什麼」。
12-25秒 知識：外用油膏應放在保守邊界：用問答降低誤用，讓使用者知道何時該詢問專業人員。
25-36秒 安全：互動回答不取代醫師或藥師建議。
36-45秒 CTA：使用前看標示，收藏這支，下次別用錯。",長輩使用外用膏你會提醒什麼的重點是依標示使用，不誇大、不神化。本內容為一般生活保健資訊，非醫療診斷或治療建議。,#互動問答 #保養知識 #使用小提醒 #金牌一條根,"0-3秒 Hook：長輩使用外用膏你會提醒什麼，你也遇過嗎？
3-12秒 情境：拍攝LINE OA 好友、回購客與新客的日常動作，字幕點出「長輩使用外用膏你會提醒什麼」。
12-25秒 知識：外用油膏應放在保守邊界：用問答降低誤用，讓使用者知道何時該詢問專業人員。
25-36秒 安全：互動回答不取代醫師或藥師建議。
36-45秒 CTA：使用前看標示，收藏這支，下次別用錯。",本內容為一般生活保健資訊，非醫療診斷或治療建議。,互動回答不取代醫師或藥師建議。,根治|治療疾病|消炎治本|打通經絡|一擦就好|保證有效|深層修復|替代藥物
TikTok_LINE050,LINE050,TikTok,2026-06-28,20:00,日常活動舒適度的三個習慣,D,中,pending_legal_pharmacist_review,false,日常活動舒適度的三個習慣,"0-3秒 Hook：日常活動舒適度的三個習慣，你也遇過嗎？
3-12秒 情境：拍攝40-70 歲注重日常活動舒適度的族群的日常動作，字幕點出「日常活動舒適度的三個習慣」。
12-25秒 知識：外用油膏應放在保守邊界：輕微關節痠痛可短期舒緩，但不可宣稱治療疾病。
25-36秒 安全：關節腫痛、紅熱、長期疼痛或行走困難，請就醫評估。
36-45秒 CTA：使用前看標示，收藏這支，下次別用錯。",日常活動舒適度的三個習慣的重點是依標示使用，不誇大、不神化。本產品為外用油膏，請依核准標示使用；若症狀持續或惡化，請諮詢醫師或藥師。,#銀髮保養 #活動舒適 #輕微痠痛 #依標示使用,"0-3秒 Hook：日常活動舒適度的三個習慣，你也遇過嗎？
3-12秒 情境：拍攝40-70 歲注重日常活動舒適度的族群的日常動作，字幕點出「日常活動舒適度的三個習慣」。
12-25秒 知識：外用油膏應放在保守邊界：輕微關節痠痛可短期舒緩，但不可宣稱治療疾病。
25-36秒 安全：關節腫痛、紅熱、長期疼痛或行走困難，請就醫評估。
36-45秒 CTA：使用前看標示，收藏這支，下次別用錯。",本產品為外用油膏，請依核准標示使用；若症狀持續或惡化，請諮詢醫師或藥師。,關節腫痛、紅熱、長期疼痛或行走困難，請就醫評估。,根治|治療疾病|消炎治本|打通經絡|一擦就好|保證有效|深層修復|替代藥物
TikTok_LINE051,LINE051,TikTok,2026-06-29,12:00,下班前五分鐘伸展,B,低,pending_legal_pharmacist_review,false,下班前五分鐘伸展,"0-3秒 Hook：下班前五分鐘伸展，你也遇過嗎？
3-12秒 情境：拍攝長時間低頭、久坐、用電腦的上班族的日常動作，字幕點出「下班前五分鐘伸展」。
12-25秒 知識：外用油膏應放在保守邊界：久坐低頭後，可搭配伸展與局部按摩舒緩緊繃不適。
25-36秒 安全：若痠痛持續、麻木或影響活動，請諮詢醫師或藥師。
36-45秒 CTA：使用前看標示，收藏這支，下次別用錯。",下班前五分鐘伸展的重點是依標示使用，不誇大、不神化。本內容為一般生活保健資訊，非醫療診斷或治療建議。,#肩頸保養 #久坐族 #日常舒緩 #依標示使用,"0-3秒 Hook：下班前五分鐘伸展，你也遇過嗎？
3-12秒 情境：拍攝長時間低頭、久坐、用電腦的上班族的日常動作，字幕點出「下班前五分鐘伸展」。
12-25秒 知識：外用油膏應放在保守邊界：久坐低頭後，可搭配伸展與局部按摩舒緩緊繃不適。
25-36秒 安全：若痠痛持續、麻木或影響活動，請諮詢醫師或藥師。
36-45秒 CTA：使用前看標示，收藏這支，下次別用錯。",本內容為一般生活保健資訊，非醫療診斷或治療建議。,若痠痛持續、麻木或影響活動，請諮詢醫師或藥師。,根治|治療疾病|消炎治本|打通經絡|一擦就好|保證有效|深層修復|替代藥物
TikTok_LINE052,LINE052,TikTok,2026-06-29,20:00,局部按摩和大面積厚敷的差別,A,中,pending_legal_pharmacist_review,false,局部按摩和大面積厚敷的差別,"0-3秒 Hook：局部按摩和大面積厚敷的差別，你也遇過嗎？
3-12秒 情境：拍攝已購買或正在觀望的一條根使用者的日常動作，字幕點出「局部按摩和大面積厚敷的差別」。
12-25秒 知識：外用油膏應放在保守邊界：依標示外用，提供局部按摩與暫時舒緩體感。
25-36秒 安全：僅供外用；避免眼周、黏膜、破皮或傷口。
36-45秒 CTA：使用前看標示，收藏這支，下次別用錯。",局部按摩和大面積厚敷的差別的重點是依標示使用，不誇大、不神化。本產品為外用油膏，請依核准標示使用；若症狀持續或惡化，請諮詢醫師或藥師。,#金牌一條根 #外用油膏 #成分透明 #依標示使用,"0-3秒 Hook：局部按摩和大面積厚敷的差別，你也遇過嗎？
3-12秒 情境：拍攝已購買或正在觀望的一條根使用者的日常動作，字幕點出「局部按摩和大面積厚敷的差別」。
12-25秒 知識：外用油膏應放在保守邊界：依標示外用，提供局部按摩與暫時舒緩體感。
25-36秒 安全：僅供外用；避免眼周、黏膜、破皮或傷口。
36-45秒 CTA：使用前看標示，收藏這支，下次別用錯。",本產品為外用油膏，請依核准標示使用；若症狀持續或惡化，請諮詢醫師或藥師。,僅供外用；避免眼周、黏膜、破皮或傷口。,根治|治療疾病|消炎治本|打通經絡|一擦就好|保證有效|深層修復|替代藥物
TikTok_LINE053,LINE053,TikTok,2026-06-30,12:00,秋分後外出前暖身,F,低,pending_legal_pharmacist_review,false,秋分後外出前暖身,"0-3秒 Hook：秋分後外出前暖身，你也遇過嗎？
3-12秒 情境：拍攝喜歡養生、節氣與日常保健的 LINE 讀者的日常動作，字幕點出「秋分後外出前暖身」。
12-25秒 知識：外用油膏應放在保守邊界：以生活保健與身體覺察為主，不做醫療療效宣稱。
25-36秒 安全：節氣養生屬一般生活資訊，身體不適仍應諮詢專業人員。
36-45秒 CTA：使用前看標示，收藏這支，下次別用錯。",秋分後外出前暖身的重點是依標示使用，不誇大、不神化。本內容為一般生活保健資訊，非醫療診斷或治療建議。,#節氣保養 #生活保健 #日常保養 #身體覺察,"0-3秒 Hook：秋分後外出前暖身，你也遇過嗎？
3-12秒 情境：拍攝喜歡養生、節氣與日常保健的 LINE 讀者的日常動作，字幕點出「秋分後外出前暖身」。
12-25秒 知識：外用油膏應放在保守邊界：以生活保健與身體覺察為主，不做醫療療效宣稱。
25-36秒 安全：節氣養生屬一般生活資訊，身體不適仍應諮詢專業人員。
36-45秒 CTA：使用前看標示，收藏這支，下次別用錯。",本內容為一般生活保健資訊，非醫療診斷或治療建議。,節氣養生屬一般生活資訊，身體不適仍應諮詢專業人員。,根治|治療疾病|消炎治本|打通經絡|一擦就好|保證有效|深層修復|替代藥物
TikTok_LINE054,LINE054,TikTok,2026-06-30,20:00,症狀超過七天要停用並諮詢,E,高,pending_legal_pharmacist_review,false,症狀超過七天要停用並諮詢,"0-3秒 Hook：症狀超過七天要停用並諮詢，你也遇過嗎？
3-12秒 情境：拍攝所有使用者、照護者與家庭購買者的日常動作，字幕點出「症狀超過七天要停用並諮詢」。
12-25秒 知識：外用油膏應放在保守邊界：安全使用比用得多更重要，依標示與風險族群提醒。
25-36秒 安全：2 歲以下、孕哺、過敏體質、抗凝血藥使用者請先詢問專業人員。
36-45秒 CTA：使用前看標示，收藏這支，下次別用錯。",症狀超過七天要停用並諮詢的重點是依標示使用，不誇大、不神化。僅供外用。避免接觸眼睛、黏膜、破皮或傷口；特殊族群使用前請先諮詢專業人員。,#外用安全 #用藥安全 #使用前看標示 #諮詢醫師藥師,"0-3秒 Hook：症狀超過七天要停用並諮詢，你也遇過嗎？
3-12秒 情境：拍攝所有使用者、照護者與家庭購買者的日常動作，字幕點出「症狀超過七天要停用並諮詢」。
12-25秒 知識：外用油膏應放在保守邊界：安全使用比用得多更重要，依標示與風險族群提醒。
25-36秒 安全：2 歲以下、孕哺、過敏體質、抗凝血藥使用者請先詢問專業人員。
36-45秒 CTA：使用前看標示，收藏這支，下次別用錯。",僅供外用。避免接觸眼睛、黏膜、破皮或傷口；特殊族群使用前請先諮詢專業人員。,2 歲以下、孕哺、過敏體質、抗凝血藥使用者請先詢問專業人員。,根治|治療疾病|消炎治本|打通經絡|一擦就好|保證有效|深層修復|替代藥物
TikTok_LINE055,LINE055,TikTok,2026-07-01,12:00,成分透明是基本功,H,中,pending_legal_pharmacist_review,false,成分透明是基本功,"0-3秒 Hook：成分透明是基本功，你也遇過嗎？
3-12秒 情境：拍攝重視藥證、成分、品質與合法性的消費者的日常動作，字幕點出「成分透明是基本功」。
12-25秒 知識：外用油膏應放在保守邊界：強調藥證、標示、保守宣稱與人工審核流程。
25-36秒 安全：所有廣告文案仍須依主管機關與專業人員審核。
36-45秒 CTA：使用前看標示，收藏這支，下次別用錯。",成分透明是基本功的重點是依標示使用，不誇大、不神化。本產品為外用油膏，請依核准標示使用；若症狀持續或惡化，請諮詢醫師或藥師。,#藥證可查 #品牌透明 #合法宣傳 #成分透明,"0-3秒 Hook：成分透明是基本功，你也遇過嗎？
3-12秒 情境：拍攝重視藥證、成分、品質與合法性的消費者的日常動作，字幕點出「成分透明是基本功」。
12-25秒 知識：外用油膏應放在保守邊界：強調藥證、標示、保守宣稱與人工審核流程。
25-36秒 安全：所有廣告文案仍須依主管機關與專業人員審核。
36-45秒 CTA：使用前看標示，收藏這支，下次別用錯。",本產品為外用油膏，請依核准標示使用；若症狀持續或惡化，請諮詢醫師或藥師。,所有廣告文案仍須依主管機關與專業人員審核。,根治|治療疾病|消炎治本|打通經絡|一擦就好|保證有效|深層修復|替代藥物
TikTok_LINE056,LINE056,TikTok,2026-07-01,20:00,一條根可以天天厚敷嗎,G,低,pending_legal_pharmacist_review,false,一條根可以天天厚敷嗎,"0-3秒 Hook：一條根可以天天厚敷嗎，你也遇過嗎？
3-12秒 情境：拍攝LINE OA 好友、回購客與新客的日常動作，字幕點出「一條根可以天天厚敷嗎」。
12-25秒 知識：外用油膏應放在保守邊界：用問答降低誤用，讓使用者知道何時該詢問專業人員。
25-36秒 安全：互動回答不取代醫師或藥師建議。
36-45秒 CTA：使用前看標示，收藏這支，下次別用錯。",一條根可以天天厚敷嗎的重點是依標示使用，不誇大、不神化。本內容為一般生活保健資訊，非醫療診斷或治療建議。,#互動問答 #保養知識 #使用小提醒 #金牌一條根,"0-3秒 Hook：一條根可以天天厚敷嗎，你也遇過嗎？
3-12秒 情境：拍攝LINE OA 好友、回購客與新客的日常動作，字幕點出「一條根可以天天厚敷嗎」。
12-25秒 知識：外用油膏應放在保守邊界：用問答降低誤用，讓使用者知道何時該詢問專業人員。
25-36秒 安全：互動回答不取代醫師或藥師建議。
36-45秒 CTA：使用前看標示，收藏這支，下次別用錯。",本內容為一般生活保健資訊，非醫療診斷或治療建議。,互動回答不取代醫師或藥師建議。,根治|治療疾病|消炎治本|打通經絡|一擦就好|保證有效|深層修復|替代藥物
TikTok_LINE057,LINE057,TikTok,2026-07-02,12:00,運動後不要立刻熱敷加藥膏,C,中,pending_legal_pharmacist_review,false,運動後不要立刻熱敷加藥膏,"0-3秒 Hook：運動後不要立刻熱敷加藥膏，你也遇過嗎？
3-12秒 情境：拍攝運動族、搬重物、久站與勞動工作者的日常動作，字幕點出「運動後不要立刻熱敷加藥膏」。
12-25秒 知識：外用油膏應放在保守邊界：運動或勞動後的局部肌肉痠痛，可短期按摩舒緩。
25-36秒 安全：明顯腫脹、劇痛、活動受限或疑似受傷時，請先就醫。
36-45秒 CTA：使用前看標示，收藏這支，下次別用錯。",運動後不要立刻熱敷加藥膏的重點是依標示使用，不誇大、不神化。本產品為外用油膏，請依核准標示使用；若症狀持續或惡化，請諮詢醫師或藥師。,#運動後保養 #局部按摩 #肌肉痠痛 #依標示使用,"0-3秒 Hook：運動後不要立刻熱敷加藥膏，你也遇過嗎？
3-12秒 情境：拍攝運動族、搬重物、久站與勞動工作者的日常動作，字幕點出「運動後不要立刻熱敷加藥膏」。
12-25秒 知識：外用油膏應放在保守邊界：運動或勞動後的局部肌肉痠痛，可短期按摩舒緩。
25-36秒 安全：明顯腫脹、劇痛、活動受限或疑似受傷時，請先就醫。
36-45秒 CTA：使用前看標示，收藏這支，下次別用錯。",本產品為外用油膏，請依核准標示使用；若症狀持續或惡化，請諮詢醫師或藥師。,明顯腫脹、劇痛、活動受限或疑似受傷時，請先就醫。,根治|治療疾病|消炎治本|打通經絡|一擦就好|保證有效|深層修復|替代藥物
TikTok_LINE058,LINE058,TikTok,2026-07-02,20:00,使用前先小範圍測試,A,中,pending_legal_pharmacist_review,false,使用前先小範圍測試,"0-3秒 Hook：使用前先小範圍測試，你也遇過嗎？
3-12秒 情境：拍攝已購買或正在觀望的一條根使用者的日常動作，字幕點出「使用前先小範圍測試」。
12-25秒 知識：外用油膏應放在保守邊界：依標示外用，提供局部按摩與暫時舒緩體感。
25-36秒 安全：僅供外用；避免眼周、黏膜、破皮或傷口。
36-45秒 CTA：使用前看標示，收藏這支，下次別用錯。",使用前先小範圍測試的重點是依標示使用，不誇大、不神化。本產品為外用油膏，請依核准標示使用；若症狀持續或惡化，請諮詢醫師或藥師。,#金牌一條根 #外用油膏 #成分透明 #依標示使用,"0-3秒 Hook：使用前先小範圍測試，你也遇過嗎？
3-12秒 情境：拍攝已購買或正在觀望的一條根使用者的日常動作，字幕點出「使用前先小範圍測試」。
12-25秒 知識：外用油膏應放在保守邊界：依標示外用，提供局部按摩與暫時舒緩體感。
25-36秒 安全：僅供外用；避免眼周、黏膜、破皮或傷口。
36-45秒 CTA：使用前看標示，收藏這支，下次別用錯。",本產品為外用油膏，請依核准標示使用；若症狀持續或惡化，請諮詢醫師或藥師。,僅供外用；避免眼周、黏膜、破皮或傷口。,根治|治療疾病|消炎治本|打通經絡|一擦就好|保證有效|深層修復|替代藥物
TikTok_LINE059,LINE059,TikTok,2026-07-03,12:00,長輩使用前先看標示,D,中,pending_legal_pharmacist_review,false,長輩使用前先看標示,"0-3秒 Hook：長輩使用前先看標示，你也遇過嗎？
3-12秒 情境：拍攝40-70 歲注重日常活動舒適度的族群的日常動作，字幕點出「長輩使用前先看標示」。
12-25秒 知識：外用油膏應放在保守邊界：輕微關節痠痛可短期舒緩，但不可宣稱治療疾病。
25-36秒 安全：關節腫痛、紅熱、長期疼痛或行走困難，請就醫評估。
36-45秒 CTA：使用前看標示，收藏這支，下次別用錯。",長輩使用前先看標示的重點是依標示使用，不誇大、不神化。本產品為外用油膏，請依核准標示使用；若症狀持續或惡化，請諮詢醫師或藥師。,#銀髮保養 #活動舒適 #輕微痠痛 #依標示使用,"0-3秒 Hook：長輩使用前先看標示，你也遇過嗎？
3-12秒 情境：拍攝40-70 歲注重日常活動舒適度的族群的日常動作，字幕點出「長輩使用前先看標示」。
12-25秒 知識：外用油膏應放在保守邊界：輕微關節痠痛可短期舒緩，但不可宣稱治療疾病。
25-36秒 安全：關節腫痛、紅熱、長期疼痛或行走困難，請就醫評估。
36-45秒 CTA：使用前看標示，收藏這支，下次別用錯。",本產品為外用油膏，請依核准標示使用；若症狀持續或惡化，請諮詢醫師或藥師。,關節腫痛、紅熱、長期疼痛或行走困難，請就醫評估。,根治|治療疾病|消炎治本|打通經絡|一擦就好|保證有效|深層修復|替代藥物
TikTok_LINE060,LINE060,TikTok,2026-07-03,20:00,皮膚刺激時要停止使用,E,高,pending_legal_pharmacist_review,false,皮膚刺激時要停止使用,"0-3秒 Hook：皮膚刺激時要停止使用，你也遇過嗎？
3-12秒 情境：拍攝所有使用者、照護者與家庭購買者的日常動作，字幕點出「皮膚刺激時要停止使用」。
12-25秒 知識：外用油膏應放在保守邊界：安全使用比用得多更重要，依標示與風險族群提醒。
25-36秒 安全：2 歲以下、孕哺、過敏體質、抗凝血藥使用者請先詢問專業人員。
36-45秒 CTA：使用前看標示，收藏這支，下次別用錯。",皮膚刺激時要停止使用的重點是依標示使用，不誇大、不神化。僅供外用。避免接觸眼睛、黏膜、破皮或傷口；特殊族群使用前請先諮詢專業人員。,#外用安全 #用藥安全 #使用前看標示 #諮詢醫師藥師,"0-3秒 Hook：皮膚刺激時要停止使用，你也遇過嗎？
3-12秒 情境：拍攝所有使用者、照護者與家庭購買者的日常動作，字幕點出「皮膚刺激時要停止使用」。
12-25秒 知識：外用油膏應放在保守邊界：安全使用比用得多更重要，依標示與風險族群提醒。
25-36秒 安全：2 歲以下、孕哺、過敏體質、抗凝血藥使用者請先詢問專業人員。
36-45秒 CTA：使用前看標示，收藏這支，下次別用錯。",僅供外用。避免接觸眼睛、黏膜、破皮或傷口；特殊族群使用前請先諮詢專業人員。,2 歲以下、孕哺、過敏體質、抗凝血藥使用者請先詢問專業人員。,根治|治療疾病|消炎治本|打通經絡|一擦就好|保證有效|深層修復|替代藥物
TikTok_LINE061,LINE061,TikTok,2026-07-04,12:00,寒露後肩背保養,F,低,pending_legal_pharmacist_review,false,寒露後肩背保養,"0-3秒 Hook：寒露後肩背保養，你也遇過嗎？
3-12秒 情境：拍攝喜歡養生、節氣與日常保健的 LINE 讀者的日常動作，字幕點出「寒露後肩背保養」。
12-25秒 知識：外用油膏應放在保守邊界：以生活保健與身體覺察為主，不做醫療療效宣稱。
25-36秒 安全：節氣養生屬一般生活資訊，身體不適仍應諮詢專業人員。
36-45秒 CTA：使用前看標示，收藏這支，下次別用錯。",寒露後肩背保養的重點是依標示使用，不誇大、不神化。本內容為一般生活保健資訊，非醫療診斷或治療建議。,#節氣保養 #生活保健 #日常保養 #身體覺察,"0-3秒 Hook：寒露後肩背保養，你也遇過嗎？
3-12秒 情境：拍攝喜歡養生、節氣與日常保健的 LINE 讀者的日常動作，字幕點出「寒露後肩背保養」。
12-25秒 知識：外用油膏應放在保守邊界：以生活保健與身體覺察為主，不做醫療療效宣稱。
25-36秒 安全：節氣養生屬一般生活資訊，身體不適仍應諮詢專業人員。
36-45秒 CTA：使用前看標示，收藏這支，下次別用錯。",本內容為一般生活保健資訊，非醫療診斷或治療建議。,節氣養生屬一般生活資訊，身體不適仍應諮詢專業人員。,根治|治療疾病|消炎治本|打通經絡|一擦就好|保證有效|深層修復|替代藥物
TikTok_LINE062,LINE062,TikTok,2026-07-04,20:00,輕微拉扯後的觀察重點,C,中,pending_legal_pharmacist_review,false,輕微拉扯後的觀察重點,"0-3秒 Hook：輕微拉扯後的觀察重點，你也遇過嗎？
3-12秒 情境：拍攝運動族、搬重物、久站與勞動工作者的日常動作，字幕點出「輕微拉扯後的觀察重點」。
12-25秒 知識：外用油膏應放在保守邊界：運動或勞動後的局部肌肉痠痛，可短期按摩舒緩。
25-36秒 安全：明顯腫脹、劇痛、活動受限或疑似受傷時，請先就醫。
36-45秒 CTA：使用前看標示，收藏這支，下次別用錯。",輕微拉扯後的觀察重點的重點是依標示使用，不誇大、不神化。本產品為外用油膏，請依核准標示使用；若症狀持續或惡化，請諮詢醫師或藥師。,#運動後保養 #局部按摩 #肌肉痠痛 #依標示使用,"0-3秒 Hook：輕微拉扯後的觀察重點，你也遇過嗎？
3-12秒 情境：拍攝運動族、搬重物、久站與勞動工作者的日常動作，字幕點出「輕微拉扯後的觀察重點」。
12-25秒 知識：外用油膏應放在保守邊界：運動或勞動後的局部肌肉痠痛，可短期按摩舒緩。
25-36秒 安全：明顯腫脹、劇痛、活動受限或疑似受傷時，請先就醫。
36-45秒 CTA：使用前看標示，收藏這支，下次別用錯。",本產品為外用油膏，請依核准標示使用；若症狀持續或惡化，請諮詢醫師或藥師。,明顯腫脹、劇痛、活動受限或疑似受傷時，請先就醫。,根治|治療疾病|消炎治本|打通經絡|一擦就好|保證有效|深層修復|替代藥物
TikTok_LINE063,LINE063,TikTok,2026-07-05,12:00,擦完可以馬上熱敷嗎,G,低,pending_legal_pharmacist_review,false,擦完可以馬上熱敷嗎,"0-3秒 Hook：擦完可以馬上熱敷嗎，你也遇過嗎？
3-12秒 情境：拍攝LINE OA 好友、回購客與新客的日常動作，字幕點出「擦完可以馬上熱敷嗎」。
12-25秒 知識：外用油膏應放在保守邊界：用問答降低誤用，讓使用者知道何時該詢問專業人員。
25-36秒 安全：互動回答不取代醫師或藥師建議。
36-45秒 CTA：使用前看標示，收藏這支，下次別用錯。",擦完可以馬上熱敷嗎的重點是依標示使用，不誇大、不神化。本內容為一般生活保健資訊，非醫療診斷或治療建議。,#互動問答 #保養知識 #使用小提醒 #金牌一條根,"0-3秒 Hook：擦完可以馬上熱敷嗎，你也遇過嗎？
3-12秒 情境：拍攝LINE OA 好友、回購客與新客的日常動作，字幕點出「擦完可以馬上熱敷嗎」。
12-25秒 知識：外用油膏應放在保守邊界：用問答降低誤用，讓使用者知道何時該詢問專業人員。
25-36秒 安全：互動回答不取代醫師或藥師建議。
36-45秒 CTA：使用前看標示，收藏這支，下次別用錯。",本內容為一般生活保健資訊，非醫療診斷或治療建議。,互動回答不取代醫師或藥師建議。,根治|治療疾病|消炎治本|打通經絡|一擦就好|保證有效|深層修復|替代藥物
TikTok_LINE064,LINE064,TikTok,2026-07-05,20:00,別把長期疼痛只當小問題,D,中,pending_legal_pharmacist_review,false,別把長期疼痛只當小問題,"0-3秒 Hook：別把長期疼痛只當小問題，你也遇過嗎？
3-12秒 情境：拍攝40-70 歲注重日常活動舒適度的族群的日常動作，字幕點出「別把長期疼痛只當小問題」。
12-25秒 知識：外用油膏應放在保守邊界：輕微關節痠痛可短期舒緩，但不可宣稱治療疾病。
25-36秒 安全：關節腫痛、紅熱、長期疼痛或行走困難，請就醫評估。
36-45秒 CTA：使用前看標示，收藏這支，下次別用錯。",別把長期疼痛只當小問題的重點是依標示使用，不誇大、不神化。本產品為外用油膏，請依核准標示使用；若症狀持續或惡化，請諮詢醫師或藥師。,#銀髮保養 #活動舒適 #輕微痠痛 #依標示使用,"0-3秒 Hook：別把長期疼痛只當小問題，你也遇過嗎？
3-12秒 情境：拍攝40-70 歲注重日常活動舒適度的族群的日常動作，字幕點出「別把長期疼痛只當小問題」。
12-25秒 知識：外用油膏應放在保守邊界：輕微關節痠痛可短期舒緩，但不可宣稱治療疾病。
25-36秒 安全：關節腫痛、紅熱、長期疼痛或行走困難，請就醫評估。
36-45秒 CTA：使用前看標示，收藏這支，下次別用錯。",本產品為外用油膏，請依核准標示使用；若症狀持續或惡化，請諮詢醫師或藥師。,關節腫痛、紅熱、長期疼痛或行走困難，請就醫評估。,根治|治療疾病|消炎治本|打通經絡|一擦就好|保證有效|深層修復|替代藥物
TikTok_LINE065,LINE065,TikTok,2026-07-06,12:00,滑手機後頸部保養,B,低,pending_legal_pharmacist_review,false,滑手機後頸部保養,"0-3秒 Hook：滑手機後頸部保養，你也遇過嗎？
3-12秒 情境：拍攝長時間低頭、久坐、用電腦的上班族的日常動作，字幕點出「滑手機後頸部保養」。
12-25秒 知識：外用油膏應放在保守邊界：久坐低頭後，可搭配伸展與局部按摩舒緩緊繃不適。
25-36秒 安全：若痠痛持續、麻木或影響活動，請諮詢醫師或藥師。
36-45秒 CTA：使用前看標示，收藏這支，下次別用錯。",滑手機後頸部保養的重點是依標示使用，不誇大、不神化。本內容為一般生活保健資訊，非醫療診斷或治療建議。,#肩頸保養 #久坐族 #日常舒緩 #依標示使用,"0-3秒 Hook：滑手機後頸部保養，你也遇過嗎？
3-12秒 情境：拍攝長時間低頭、久坐、用電腦的上班族的日常動作，字幕點出「滑手機後頸部保養」。
12-25秒 知識：外用油膏應放在保守邊界：久坐低頭後，可搭配伸展與局部按摩舒緩緊繃不適。
25-36秒 安全：若痠痛持續、麻木或影響活動，請諮詢醫師或藥師。
36-45秒 CTA：使用前看標示，收藏這支，下次別用錯。",本內容為一般生活保健資訊，非醫療診斷或治療建議。,若痠痛持續、麻木或影響活動，請諮詢醫師或藥師。,根治|治療疾病|消炎治本|打通經絡|一擦就好|保證有效|深層修復|替代藥物
TikTok_LINE066,LINE066,TikTok,2026-07-06,20:00,產品不是神藥，定位要講清楚,A,中,pending_legal_pharmacist_review,false,產品不是神藥，定位要講清楚,"0-3秒 Hook：產品不是神藥，定位要講清楚，你也遇過嗎？
3-12秒 情境：拍攝已購買或正在觀望的一條根使用者的日常動作，字幕點出「產品不是神藥，定位要講清楚」。
12-25秒 知識：外用油膏應放在保守邊界：依標示外用，提供局部按摩與暫時舒緩體感。
25-36秒 安全：僅供外用；避免眼周、黏膜、破皮或傷口。
36-45秒 CTA：使用前看標示，收藏這支，下次別用錯。",產品不是神藥，定位要講清楚的重點是依標示使用，不誇大、不神化。本產品為外用油膏，請依核准標示使用；若症狀持續或惡化，請諮詢醫師或藥師。,#金牌一條根 #外用油膏 #成分透明 #依標示使用,"0-3秒 Hook：產品不是神藥，定位要講清楚，你也遇過嗎？
3-12秒 情境：拍攝已購買或正在觀望的一條根使用者的日常動作，字幕點出「產品不是神藥，定位要講清楚」。
12-25秒 知識：外用油膏應放在保守邊界：依標示外用，提供局部按摩與暫時舒緩體感。
25-36秒 安全：僅供外用；避免眼周、黏膜、破皮或傷口。
36-45秒 CTA：使用前看標示，收藏這支，下次別用錯。",本產品為外用油膏，請依核准標示使用；若症狀持續或惡化，請諮詢醫師或藥師。,僅供外用；避免眼周、黏膜、破皮或傷口。,根治|治療疾病|消炎治本|打通經絡|一擦就好|保證有效|深層修復|替代藥物
TikTok_LINE067,LINE067,TikTok,2026-07-07,12:00,立冬前後的日常舒緩儀式,F,低,pending_legal_pharmacist_review,false,立冬前後的日常舒緩儀式,"0-3秒 Hook：立冬前後的日常舒緩儀式，你也遇過嗎？
3-12秒 情境：拍攝喜歡養生、節氣與日常保健的 LINE 讀者的日常動作，字幕點出「立冬前後的日常舒緩儀式」。
12-25秒 知識：外用油膏應放在保守邊界：以生活保健與身體覺察為主，不做醫療療效宣稱。
25-36秒 安全：節氣養生屬一般生活資訊，身體不適仍應諮詢專業人員。
36-45秒 CTA：使用前看標示，收藏這支，下次別用錯。",立冬前後的日常舒緩儀式的重點是依標示使用，不誇大、不神化。本內容為一般生活保健資訊，非醫療診斷或治療建議。,#節氣保養 #生活保健 #日常保養 #身體覺察,"0-3秒 Hook：立冬前後的日常舒緩儀式，你也遇過嗎？
3-12秒 情境：拍攝喜歡養生、節氣與日常保健的 LINE 讀者的日常動作，字幕點出「立冬前後的日常舒緩儀式」。
12-25秒 知識：外用油膏應放在保守邊界：以生活保健與身體覺察為主，不做醫療療效宣稱。
25-36秒 安全：節氣養生屬一般生活資訊，身體不適仍應諮詢專業人員。
36-45秒 CTA：使用前看標示，收藏這支，下次別用錯。",本內容為一般生活保健資訊，非醫療診斷或治療建議。,節氣養生屬一般生活資訊，身體不適仍應諮詢專業人員。,根治|治療疾病|消炎治本|打通經絡|一擦就好|保證有效|深層修復|替代藥物
TikTok_LINE068,LINE068,TikTok,2026-07-07,20:00,深層症狀不適合自行處理,E,高,pending_legal_pharmacist_review,false,深層症狀不適合自行處理,"0-3秒 Hook：深層症狀不適合自行處理，你也遇過嗎？
3-12秒 情境：拍攝所有使用者、照護者與家庭購買者的日常動作，字幕點出「深層症狀不適合自行處理」。
12-25秒 知識：外用油膏應放在保守邊界：安全使用比用得多更重要，依標示與風險族群提醒。
25-36秒 安全：2 歲以下、孕哺、過敏體質、抗凝血藥使用者請先詢問專業人員。
36-45秒 CTA：使用前看標示，收藏這支，下次別用錯。",深層症狀不適合自行處理的重點是依標示使用，不誇大、不神化。僅供外用。避免接觸眼睛、黏膜、破皮或傷口；特殊族群使用前請先諮詢專業人員。,#外用安全 #用藥安全 #使用前看標示 #諮詢醫師藥師,"0-3秒 Hook：深層症狀不適合自行處理，你也遇過嗎？
3-12秒 情境：拍攝所有使用者、照護者與家庭購買者的日常動作，字幕點出「深層症狀不適合自行處理」。
12-25秒 知識：外用油膏應放在保守邊界：安全使用比用得多更重要，依標示與風險族群提醒。
25-36秒 安全：2 歲以下、孕哺、過敏體質、抗凝血藥使用者請先詢問專業人員。
36-45秒 CTA：使用前看標示，收藏這支，下次別用錯。",僅供外用。避免接觸眼睛、黏膜、破皮或傷口；特殊族群使用前請先諮詢專業人員。,2 歲以下、孕哺、過敏體質、抗凝血藥使用者請先詢問專業人員。,根治|治療疾病|消炎治本|打通經絡|一擦就好|保證有效|深層修復|替代藥物
TikTok_LINE069,LINE069,TikTok,2026-07-08,12:00,每篇貼文都要人工審核,H,中,pending_legal_pharmacist_review,false,每篇貼文都要人工審核,"0-3秒 Hook：每篇貼文都要人工審核，你也遇過嗎？
3-12秒 情境：拍攝重視藥證、成分、品質與合法性的消費者的日常動作，字幕點出「每篇貼文都要人工審核」。
12-25秒 知識：外用油膏應放在保守邊界：強調藥證、標示、保守宣稱與人工審核流程。
25-36秒 安全：所有廣告文案仍須依主管機關與專業人員審核。
36-45秒 CTA：使用前看標示，收藏這支，下次別用錯。",每篇貼文都要人工審核的重點是依標示使用，不誇大、不神化。本產品為外用油膏，請依核准標示使用；若症狀持續或惡化，請諮詢醫師或藥師。,#藥證可查 #品牌透明 #合法宣傳 #成分透明,"0-3秒 Hook：每篇貼文都要人工審核，你也遇過嗎？
3-12秒 情境：拍攝重視藥證、成分、品質與合法性的消費者的日常動作，字幕點出「每篇貼文都要人工審核」。
12-25秒 知識：外用油膏應放在保守邊界：強調藥證、標示、保守宣稱與人工審核流程。
25-36秒 安全：所有廣告文案仍須依主管機關與專業人員審核。
36-45秒 CTA：使用前看標示，收藏這支，下次別用錯。",本產品為外用油膏，請依核准標示使用；若症狀持續或惡化，請諮詢醫師或藥師。,所有廣告文案仍須依主管機關與專業人員審核。,根治|治療疾病|消炎治本|打通經絡|一擦就好|保證有效|深層修復|替代藥物
TikTok_LINE070,LINE070,TikTok,2026-07-08,20:00,哪些情況應該先就醫,G,低,pending_legal_pharmacist_review,false,哪些情況應該先就醫,"0-3秒 Hook：哪些情況應該先就醫，你也遇過嗎？
3-12秒 情境：拍攝LINE OA 好友、回購客與新客的日常動作，字幕點出「哪些情況應該先就醫」。
12-25秒 知識：外用油膏應放在保守邊界：用問答降低誤用，讓使用者知道何時該詢問專業人員。
25-36秒 安全：互動回答不取代醫師或藥師建議。
36-45秒 CTA：使用前看標示，收藏這支，下次別用錯。",哪些情況應該先就醫的重點是依標示使用，不誇大、不神化。本內容為一般生活保健資訊，非醫療診斷或治療建議。,#互動問答 #保養知識 #使用小提醒 #金牌一條根,"0-3秒 Hook：哪些情況應該先就醫，你也遇過嗎？
3-12秒 情境：拍攝LINE OA 好友、回購客與新客的日常動作，字幕點出「哪些情況應該先就醫」。
12-25秒 知識：外用油膏應放在保守邊界：用問答降低誤用，讓使用者知道何時該詢問專業人員。
25-36秒 安全：互動回答不取代醫師或藥師建議。
36-45秒 CTA：使用前看標示，收藏這支，下次別用錯。",本內容為一般生活保健資訊，非醫療診斷或治療建議。,互動回答不取代醫師或藥師建議。,根治|治療疾病|消炎治本|打通經絡|一擦就好|保證有效|深層修復|替代藥物
TikTok_LINE071,LINE071,TikTok,2026-07-09,12:00,運動後局部痠痛的保守處理,C,中,pending_legal_pharmacist_review,false,運動後局部痠痛的保守處理,"0-3秒 Hook：運動後局部痠痛的保守處理，你也遇過嗎？
3-12秒 情境：拍攝運動族、搬重物、久站與勞動工作者的日常動作，字幕點出「運動後局部痠痛的保守處理」。
12-25秒 知識：外用油膏應放在保守邊界：運動或勞動後的局部肌肉痠痛，可短期按摩舒緩。
25-36秒 安全：明顯腫脹、劇痛、活動受限或疑似受傷時，請先就醫。
36-45秒 CTA：使用前看標示，收藏這支，下次別用錯。",運動後局部痠痛的保守處理的重點是依標示使用，不誇大、不神化。本產品為外用油膏，請依核准標示使用；若症狀持續或惡化，請諮詢醫師或藥師。,#運動後保養 #局部按摩 #肌肉痠痛 #依標示使用,"0-3秒 Hook：運動後局部痠痛的保守處理，你也遇過嗎？
3-12秒 情境：拍攝運動族、搬重物、久站與勞動工作者的日常動作，字幕點出「運動後局部痠痛的保守處理」。
12-25秒 知識：外用油膏應放在保守邊界：運動或勞動後的局部肌肉痠痛，可短期按摩舒緩。
25-36秒 安全：明顯腫脹、劇痛、活動受限或疑似受傷時，請先就醫。
36-45秒 CTA：使用前看標示，收藏這支，下次別用錯。",本產品為外用油膏，請依核准標示使用；若症狀持續或惡化，請諮詢醫師或藥師。,明顯腫脹、劇痛、活動受限或疑似受傷時，請先就醫。,根治|治療疾病|消炎治本|打通經絡|一擦就好|保證有效|深層修復|替代藥物
TikTok_LINE072,LINE072,TikTok,2026-07-09,20:00,冬青油與清涼舒緩體感,A,中,pending_legal_pharmacist_review,false,冬青油與清涼舒緩體感,"0-3秒 Hook：冬青油與清涼舒緩體感，你也遇過嗎？
3-12秒 情境：拍攝已購買或正在觀望的一條根使用者的日常動作，字幕點出「冬青油與清涼舒緩體感」。
12-25秒 知識：外用油膏應放在保守邊界：依標示外用，提供局部按摩與暫時舒緩體感。
25-36秒 安全：僅供外用；避免眼周、黏膜、破皮或傷口。
36-45秒 CTA：使用前看標示，收藏這支，下次別用錯。",冬青油與清涼舒緩體感的重點是依標示使用，不誇大、不神化。本產品為外用油膏，請依核准標示使用；若症狀持續或惡化，請諮詢醫師或藥師。,#金牌一條根 #外用油膏 #成分透明 #依標示使用,"0-3秒 Hook：冬青油與清涼舒緩體感，你也遇過嗎？
3-12秒 情境：拍攝已購買或正在觀望的一條根使用者的日常動作，字幕點出「冬青油與清涼舒緩體感」。
12-25秒 知識：外用油膏應放在保守邊界：依標示外用，提供局部按摩與暫時舒緩體感。
25-36秒 安全：僅供外用；避免眼周、黏膜、破皮或傷口。
36-45秒 CTA：使用前看標示，收藏這支，下次別用錯。",本產品為外用油膏，請依核准標示使用；若症狀持續或惡化，請諮詢醫師或藥師。,僅供外用；避免眼周、黏膜、破皮或傷口。,根治|治療疾病|消炎治本|打通經絡|一擦就好|保證有效|深層修復|替代藥物
TikTok_LINE073,LINE073,TikTok,2026-07-10,12:00,早晨活動前的關節暖身,D,中,pending_legal_pharmacist_review,false,早晨活動前的關節暖身,"0-3秒 Hook：早晨活動前的關節暖身，你也遇過嗎？
3-12秒 情境：拍攝40-70 歲注重日常活動舒適度的族群的日常動作，字幕點出「早晨活動前的關節暖身」。
12-25秒 知識：外用油膏應放在保守邊界：輕微關節痠痛可短期舒緩，但不可宣稱治療疾病。
25-36秒 安全：關節腫痛、紅熱、長期疼痛或行走困難，請就醫評估。
36-45秒 CTA：使用前看標示，收藏這支，下次別用錯。",早晨活動前的關節暖身的重點是依標示使用，不誇大、不神化。本產品為外用油膏，請依核准標示使用；若症狀持續或惡化，請諮詢醫師或藥師。,#銀髮保養 #活動舒適 #輕微痠痛 #依標示使用,"0-3秒 Hook：早晨活動前的關節暖身，你也遇過嗎？
3-12秒 情境：拍攝40-70 歲注重日常活動舒適度的族群的日常動作，字幕點出「早晨活動前的關節暖身」。
12-25秒 知識：外用油膏應放在保守邊界：輕微關節痠痛可短期舒緩，但不可宣稱治療疾病。
25-36秒 安全：關節腫痛、紅熱、長期疼痛或行走困難，請就醫評估。
36-45秒 CTA：使用前看標示，收藏這支，下次別用錯。",本產品為外用油膏，請依核准標示使用；若症狀持續或惡化，請諮詢醫師或藥師。,關節腫痛、紅熱、長期疼痛或行走困難，請就醫評估。,根治|治療疾病|消炎治本|打通經絡|一擦就好|保證有效|深層修復|替代藥物
TikTok_LINE074,LINE074,TikTok,2026-07-10,20:00,不能擦在破皮或傷口,E,高,pending_legal_pharmacist_review,false,不能擦在破皮或傷口,"0-3秒 Hook：不能擦在破皮或傷口，你也遇過嗎？
3-12秒 情境：拍攝所有使用者、照護者與家庭購買者的日常動作，字幕點出「不能擦在破皮或傷口」。
12-25秒 知識：外用油膏應放在保守邊界：安全使用比用得多更重要，依標示與風險族群提醒。
25-36秒 安全：2 歲以下、孕哺、過敏體質、抗凝血藥使用者請先詢問專業人員。
36-45秒 CTA：使用前看標示，收藏這支，下次別用錯。",不能擦在破皮或傷口的重點是依標示使用，不誇大、不神化。僅供外用。避免接觸眼睛、黏膜、破皮或傷口；特殊族群使用前請先諮詢專業人員。,#外用安全 #用藥安全 #使用前看標示 #諮詢醫師藥師,"0-3秒 Hook：不能擦在破皮或傷口，你也遇過嗎？
3-12秒 情境：拍攝所有使用者、照護者與家庭購買者的日常動作，字幕點出「不能擦在破皮或傷口」。
12-25秒 知識：外用油膏應放在保守邊界：安全使用比用得多更重要，依標示與風險族群提醒。
25-36秒 安全：2 歲以下、孕哺、過敏體質、抗凝血藥使用者請先詢問專業人員。
36-45秒 CTA：使用前看標示，收藏這支，下次別用錯。",僅供外用。避免接觸眼睛、黏膜、破皮或傷口；特殊族群使用前請先諮詢專業人員。,2 歲以下、孕哺、過敏體質、抗凝血藥使用者請先詢問專業人員。,根治|治療疾病|消炎治本|打通經絡|一擦就好|保證有效|深層修復|替代藥物
TikTok_LINE075,LINE075,TikTok,2026-07-11,12:00,芒種後濕熱生活保養,F,低,pending_legal_pharmacist_review,false,芒種後濕熱生活保養,"0-3秒 Hook：芒種後濕熱生活保養，你也遇過嗎？
3-12秒 情境：拍攝喜歡養生、節氣與日常保健的 LINE 讀者的日常動作，字幕點出「芒種後濕熱生活保養」。
12-25秒 知識：外用油膏應放在保守邊界：以生活保健與身體覺察為主，不做醫療療效宣稱。
25-36秒 安全：節氣養生屬一般生活資訊，身體不適仍應諮詢專業人員。
36-45秒 CTA：使用前看標示，收藏這支，下次別用錯。",芒種後濕熱生活保養的重點是依標示使用，不誇大、不神化。本內容為一般生活保健資訊，非醫療診斷或治療建議。,#節氣保養 #生活保健 #日常保養 #身體覺察,"0-3秒 Hook：芒種後濕熱生活保養，你也遇過嗎？
3-12秒 情境：拍攝喜歡養生、節氣與日常保健的 LINE 讀者的日常動作，字幕點出「芒種後濕熱生活保養」。
12-25秒 知識：外用油膏應放在保守邊界：以生活保健與身體覺察為主，不做醫療療效宣稱。
25-36秒 安全：節氣養生屬一般生活資訊，身體不適仍應諮詢專業人員。
36-45秒 CTA：使用前看標示，收藏這支，下次別用錯。",本內容為一般生活保健資訊，非醫療診斷或治療建議。,節氣養生屬一般生活資訊，身體不適仍應諮詢專業人員。,根治|治療疾病|消炎治本|打通經絡|一擦就好|保證有效|深層修復|替代藥物
TikTok_LINE076,LINE076,TikTok,2026-07-11,20:00,久站後小腿不適舒緩,C,中,pending_legal_pharmacist_review,false,久站後小腿不適舒緩,"0-3秒 Hook：久站後小腿不適舒緩，你也遇過嗎？
3-12秒 情境：拍攝運動族、搬重物、久站與勞動工作者的日常動作，字幕點出「久站後小腿不適舒緩」。
12-25秒 知識：外用油膏應放在保守邊界：運動或勞動後的局部肌肉痠痛，可短期按摩舒緩。
25-36秒 安全：明顯腫脹、劇痛、活動受限或疑似受傷時，請先就醫。
36-45秒 CTA：使用前看標示，收藏這支，下次別用錯。",久站後小腿不適舒緩的重點是依標示使用，不誇大、不神化。本產品為外用油膏，請依核准標示使用；若症狀持續或惡化，請諮詢醫師或藥師。,#運動後保養 #局部按摩 #肌肉痠痛 #依標示使用,"0-3秒 Hook：久站後小腿不適舒緩，你也遇過嗎？
3-12秒 情境：拍攝運動族、搬重物、久站與勞動工作者的日常動作，字幕點出「久站後小腿不適舒緩」。
12-25秒 知識：外用油膏應放在保守邊界：運動或勞動後的局部肌肉痠痛，可短期按摩舒緩。
25-36秒 安全：明顯腫脹、劇痛、活動受限或疑似受傷時，請先就醫。
36-45秒 CTA：使用前看標示，收藏這支，下次別用錯。",本產品為外用油膏，請依核准標示使用；若症狀持續或惡化，請諮詢醫師或藥師。,明顯腫脹、劇痛、活動受限或疑似受傷時，請先就醫。,根治|治療疾病|消炎治本|打通經絡|一擦就好|保證有效|深層修復|替代藥物
TikTok_LINE077,LINE077,TikTok,2026-07-12,12:00,你最常哪個部位緊繃,G,低,pending_legal_pharmacist_review,false,你最常哪個部位緊繃,"0-3秒 Hook：你最常哪個部位緊繃，你也遇過嗎？
3-12秒 情境：拍攝LINE OA 好友、回購客與新客的日常動作，字幕點出「你最常哪個部位緊繃」。
12-25秒 知識：外用油膏應放在保守邊界：用問答降低誤用，讓使用者知道何時該詢問專業人員。
25-36秒 安全：互動回答不取代醫師或藥師建議。
36-45秒 CTA：使用前看標示，收藏這支，下次別用錯。",你最常哪個部位緊繃的重點是依標示使用，不誇大、不神化。本內容為一般生活保健資訊，非醫療診斷或治療建議。,#互動問答 #保養知識 #使用小提醒 #金牌一條根,"0-3秒 Hook：你最常哪個部位緊繃，你也遇過嗎？
3-12秒 情境：拍攝LINE OA 好友、回購客與新客的日常動作，字幕點出「你最常哪個部位緊繃」。
12-25秒 知識：外用油膏應放在保守邊界：用問答降低誤用，讓使用者知道何時該詢問專業人員。
25-36秒 安全：互動回答不取代醫師或藥師建議。
36-45秒 CTA：使用前看標示，收藏這支，下次別用錯。",本內容為一般生活保健資訊，非醫療診斷或治療建議。,互動回答不取代醫師或藥師建議。,根治|治療疾病|消炎治本|打通經絡|一擦就好|保證有效|深層修復|替代藥物
TikTok_LINE078,LINE078,TikTok,2026-07-12,20:00,長輩外用膏使用安全,D,中,pending_legal_pharmacist_review,false,長輩外用膏使用安全,"0-3秒 Hook：長輩外用膏使用安全，你也遇過嗎？
3-12秒 情境：拍攝40-70 歲注重日常活動舒適度的族群的日常動作，字幕點出「長輩外用膏使用安全」。
12-25秒 知識：外用油膏應放在保守邊界：輕微關節痠痛可短期舒緩，但不可宣稱治療疾病。
25-36秒 安全：關節腫痛、紅熱、長期疼痛或行走困難，請就醫評估。
36-45秒 CTA：使用前看標示，收藏這支，下次別用錯。",長輩外用膏使用安全的重點是依標示使用，不誇大、不神化。本產品為外用油膏，請依核准標示使用；若症狀持續或惡化，請諮詢醫師或藥師。,#銀髮保養 #活動舒適 #輕微痠痛 #依標示使用,"0-3秒 Hook：長輩外用膏使用安全，你也遇過嗎？
3-12秒 情境：拍攝40-70 歲注重日常活動舒適度的族群的日常動作，字幕點出「長輩外用膏使用安全」。
12-25秒 知識：外用油膏應放在保守邊界：輕微關節痠痛可短期舒緩，但不可宣稱治療疾病。
25-36秒 安全：關節腫痛、紅熱、長期疼痛或行走困難，請就醫評估。
36-45秒 CTA：使用前看標示，收藏這支，下次別用錯。",本產品為外用油膏，請依核准標示使用；若症狀持續或惡化，請諮詢醫師或藥師。,關節腫痛、紅熱、長期疼痛或行走困難，請就醫評估。,根治|治療疾病|消炎治本|打通經絡|一擦就好|保證有效|深層修復|替代藥物
TikTok_LINE079,LINE079,TikTok,2026-07-13,12:00,辦公桌前的姿勢檢查,B,低,pending_legal_pharmacist_review,false,辦公桌前的姿勢檢查,"0-3秒 Hook：辦公桌前的姿勢檢查，你也遇過嗎？
3-12秒 情境：拍攝長時間低頭、久坐、用電腦的上班族的日常動作，字幕點出「辦公桌前的姿勢檢查」。
12-25秒 知識：外用油膏應放在保守邊界：久坐低頭後，可搭配伸展與局部按摩舒緩緊繃不適。
25-36秒 安全：若痠痛持續、麻木或影響活動，請諮詢醫師或藥師。
36-45秒 CTA：使用前看標示，收藏這支，下次別用錯。",辦公桌前的姿勢檢查的重點是依標示使用，不誇大、不神化。本內容為一般生活保健資訊，非醫療診斷或治療建議。,#肩頸保養 #久坐族 #日常舒緩 #依標示使用,"0-3秒 Hook：辦公桌前的姿勢檢查，你也遇過嗎？
3-12秒 情境：拍攝長時間低頭、久坐、用電腦的上班族的日常動作，字幕點出「辦公桌前的姿勢檢查」。
12-25秒 知識：外用油膏應放在保守邊界：久坐低頭後，可搭配伸展與局部按摩舒緩緊繃不適。
25-36秒 安全：若痠痛持續、麻木或影響活動，請諮詢醫師或藥師。
36-45秒 CTA：使用前看標示，收藏這支，下次別用錯。",本內容為一般生活保健資訊，非醫療診斷或治療建議。,若痠痛持續、麻木或影響活動，請諮詢醫師或藥師。,根治|治療疾病|消炎治本|打通經絡|一擦就好|保證有效|深層修復|替代藥物
TikTok_LINE080,LINE080,TikTok,2026-07-13,20:00,薄荷腦帶來的涼感來源,A,中,pending_legal_pharmacist_review,false,薄荷腦帶來的涼感來源,"0-3秒 Hook：薄荷腦帶來的涼感來源，你也遇過嗎？
3-12秒 情境：拍攝已購買或正在觀望的一條根使用者的日常動作，字幕點出「薄荷腦帶來的涼感來源」。
12-25秒 知識：外用油膏應放在保守邊界：依標示外用，提供局部按摩與暫時舒緩體感。
25-36秒 安全：僅供外用；避免眼周、黏膜、破皮或傷口。
36-45秒 CTA：使用前看標示，收藏這支，下次別用錯。",薄荷腦帶來的涼感來源的重點是依標示使用，不誇大、不神化。本產品為外用油膏，請依核准標示使用；若症狀持續或惡化，請諮詢醫師或藥師。,#金牌一條根 #外用油膏 #成分透明 #依標示使用,"0-3秒 Hook：薄荷腦帶來的涼感來源，你也遇過嗎？
3-12秒 情境：拍攝已購買或正在觀望的一條根使用者的日常動作，字幕點出「薄荷腦帶來的涼感來源」。
12-25秒 知識：外用油膏應放在保守邊界：依標示外用，提供局部按摩與暫時舒緩體感。
25-36秒 安全：僅供外用；避免眼周、黏膜、破皮或傷口。
36-45秒 CTA：使用前看標示，收藏這支，下次別用錯。",本產品為外用油膏，請依核准標示使用；若症狀持續或惡化，請諮詢醫師或藥師。,僅供外用；避免眼周、黏膜、破皮或傷口。,根治|治療疾病|消炎治本|打通經絡|一擦就好|保證有效|深層修復|替代藥物
TikTok_LINE081,LINE081,TikTok,2026-07-14,12:00,夏季冷氣房的肩頸保養,F,低,pending_legal_pharmacist_review,false,夏季冷氣房的肩頸保養,"0-3秒 Hook：夏季冷氣房的肩頸保養，你也遇過嗎？
3-12秒 情境：拍攝喜歡養生、節氣與日常保健的 LINE 讀者的日常動作，字幕點出「夏季冷氣房的肩頸保養」。
12-25秒 知識：外用油膏應放在保守邊界：以生活保健與身體覺察為主，不做醫療療效宣稱。
25-36秒 安全：節氣養生屬一般生活資訊，身體不適仍應諮詢專業人員。
36-45秒 CTA：使用前看標示，收藏這支，下次別用錯。",夏季冷氣房的肩頸保養的重點是依標示使用，不誇大、不神化。本內容為一般生活保健資訊，非醫療診斷或治療建議。,#節氣保養 #生活保健 #日常保養 #身體覺察,"0-3秒 Hook：夏季冷氣房的肩頸保養，你也遇過嗎？
3-12秒 情境：拍攝喜歡養生、節氣與日常保健的 LINE 讀者的日常動作，字幕點出「夏季冷氣房的肩頸保養」。
12-25秒 知識：外用油膏應放在保守邊界：以生活保健與身體覺察為主，不做醫療療效宣稱。
25-36秒 安全：節氣養生屬一般生活資訊，身體不適仍應諮詢專業人員。
36-45秒 CTA：使用前看標示，收藏這支，下次別用錯。",本內容為一般生活保健資訊，非醫療診斷或治療建議。,節氣養生屬一般生活資訊，身體不適仍應諮詢專業人員。,根治|治療疾病|消炎治本|打通經絡|一擦就好|保證有效|深層修復|替代藥物
TikTok_LINE082,LINE082,TikTok,2026-07-14,20:00,外用膏避免眼周與黏膜,E,高,pending_legal_pharmacist_review,false,外用膏避免眼周與黏膜,"0-3秒 Hook：外用膏避免眼周與黏膜，你也遇過嗎？
3-12秒 情境：拍攝所有使用者、照護者與家庭購買者的日常動作，字幕點出「外用膏避免眼周與黏膜」。
12-25秒 知識：外用油膏應放在保守邊界：安全使用比用得多更重要，依標示與風險族群提醒。
25-36秒 安全：2 歲以下、孕哺、過敏體質、抗凝血藥使用者請先詢問專業人員。
36-45秒 CTA：使用前看標示，收藏這支，下次別用錯。",外用膏避免眼周與黏膜的重點是依標示使用，不誇大、不神化。僅供外用。避免接觸眼睛、黏膜、破皮或傷口；特殊族群使用前請先諮詢專業人員。,#外用安全 #用藥安全 #使用前看標示 #諮詢醫師藥師,"0-3秒 Hook：外用膏避免眼周與黏膜，你也遇過嗎？
3-12秒 情境：拍攝所有使用者、照護者與家庭購買者的日常動作，字幕點出「外用膏避免眼周與黏膜」。
12-25秒 知識：外用油膏應放在保守邊界：安全使用比用得多更重要，依標示與風險族群提醒。
25-36秒 安全：2 歲以下、孕哺、過敏體質、抗凝血藥使用者請先詢問專業人員。
36-45秒 CTA：使用前看標示，收藏這支，下次別用錯。",僅供外用。避免接觸眼睛、黏膜、破皮或傷口；特殊族群使用前請先諮詢專業人員。,2 歲以下、孕哺、過敏體質、抗凝血藥使用者請先詢問專業人員。,根治|治療疾病|消炎治本|打通經絡|一擦就好|保證有效|深層修復|替代藥物
TikTok_LINE083,LINE083,TikTok,2026-07-15,12:00,合法宣傳比誇大更長久,H,中,pending_legal_pharmacist_review,false,合法宣傳比誇大更長久,"0-3秒 Hook：合法宣傳比誇大更長久，你也遇過嗎？
3-12秒 情境：拍攝重視藥證、成分、品質與合法性的消費者的日常動作，字幕點出「合法宣傳比誇大更長久」。
12-25秒 知識：外用油膏應放在保守邊界：強調藥證、標示、保守宣稱與人工審核流程。
25-36秒 安全：所有廣告文案仍須依主管機關與專業人員審核。
36-45秒 CTA：使用前看標示，收藏這支，下次別用錯。",合法宣傳比誇大更長久的重點是依標示使用，不誇大、不神化。本產品為外用油膏，請依核准標示使用；若症狀持續或惡化，請諮詢醫師或藥師。,#藥證可查 #品牌透明 #合法宣傳 #成分透明,"0-3秒 Hook：合法宣傳比誇大更長久，你也遇過嗎？
3-12秒 情境：拍攝重視藥證、成分、品質與合法性的消費者的日常動作，字幕點出「合法宣傳比誇大更長久」。
12-25秒 知識：外用油膏應放在保守邊界：強調藥證、標示、保守宣稱與人工審核流程。
25-36秒 安全：所有廣告文案仍須依主管機關與專業人員審核。
36-45秒 CTA：使用前看標示，收藏這支，下次別用錯。",本產品為外用油膏，請依核准標示使用；若症狀持續或惡化，請諮詢醫師或藥師。,所有廣告文案仍須依主管機關與專業人員審核。,根治|治療疾病|消炎治本|打通經絡|一擦就好|保證有效|深層修復|替代藥物
TikTok_LINE084,LINE084,TikTok,2026-07-15,20:00,你習慣運動前還是運動後保養,G,低,pending_legal_pharmacist_review,false,你習慣運動前還是運動後保養,"0-3秒 Hook：你習慣運動前還是運動後保養，你也遇過嗎？
3-12秒 情境：拍攝LINE OA 好友、回購客與新客的日常動作，字幕點出「你習慣運動前還是運動後保養」。
12-25秒 知識：外用油膏應放在保守邊界：用問答降低誤用，讓使用者知道何時該詢問專業人員。
25-36秒 安全：互動回答不取代醫師或藥師建議。
36-45秒 CTA：使用前看標示，收藏這支，下次別用錯。",你習慣運動前還是運動後保養的重點是依標示使用，不誇大、不神化。本內容為一般生活保健資訊，非醫療診斷或治療建議。,#互動問答 #保養知識 #使用小提醒 #金牌一條根,"0-3秒 Hook：你習慣運動前還是運動後保養，你也遇過嗎？
3-12秒 情境：拍攝LINE OA 好友、回購客與新客的日常動作，字幕點出「你習慣運動前還是運動後保養」。
12-25秒 知識：外用油膏應放在保守邊界：用問答降低誤用，讓使用者知道何時該詢問專業人員。
25-36秒 安全：互動回答不取代醫師或藥師建議。
36-45秒 CTA：使用前看標示，收藏這支，下次別用錯。",本內容為一般生活保健資訊，非醫療診斷或治療建議。,互動回答不取代醫師或藥師建議。,根治|治療疾病|消炎治本|打通經絡|一擦就好|保證有效|深層修復|替代藥物
TikTok_LINE085,LINE085,TikTok,2026-07-16,12:00,搬重物後腰背保養,C,中,pending_legal_pharmacist_review,false,搬重物後腰背保養,"0-3秒 Hook：搬重物後腰背保養，你也遇過嗎？
3-12秒 情境：拍攝運動族、搬重物、久站與勞動工作者的日常動作，字幕點出「搬重物後腰背保養」。
12-25秒 知識：外用油膏應放在保守邊界：運動或勞動後的局部肌肉痠痛，可短期按摩舒緩。
25-36秒 安全：明顯腫脹、劇痛、活動受限或疑似受傷時，請先就醫。
36-45秒 CTA：使用前看標示，收藏這支，下次別用錯。",搬重物後腰背保養的重點是依標示使用，不誇大、不神化。本產品為外用油膏，請依核准標示使用；若症狀持續或惡化，請諮詢醫師或藥師。,#運動後保養 #局部按摩 #肌肉痠痛 #依標示使用,"0-3秒 Hook：搬重物後腰背保養，你也遇過嗎？
3-12秒 情境：拍攝運動族、搬重物、久站與勞動工作者的日常動作，字幕點出「搬重物後腰背保養」。
12-25秒 知識：外用油膏應放在保守邊界：運動或勞動後的局部肌肉痠痛，可短期按摩舒緩。
25-36秒 安全：明顯腫脹、劇痛、活動受限或疑似受傷時，請先就醫。
36-45秒 CTA：使用前看標示，收藏這支，下次別用錯。",本產品為外用油膏，請依核准標示使用；若症狀持續或惡化，請諮詢醫師或藥師。,明顯腫脹、劇痛、活動受限或疑似受傷時，請先就醫。,根治|治療疾病|消炎治本|打通經絡|一擦就好|保證有效|深層修復|替代藥物
TikTok_LINE086,LINE086,TikTok,2026-07-16,20:00,樟腦外用時的注意界線,A,中,pending_legal_pharmacist_review,false,樟腦外用時的注意界線,"0-3秒 Hook：樟腦外用時的注意界線，你也遇過嗎？
3-12秒 情境：拍攝已購買或正在觀望的一條根使用者的日常動作，字幕點出「樟腦外用時的注意界線」。
12-25秒 知識：外用油膏應放在保守邊界：依標示外用，提供局部按摩與暫時舒緩體感。
25-36秒 安全：僅供外用；避免眼周、黏膜、破皮或傷口。
36-45秒 CTA：使用前看標示，收藏這支，下次別用錯。",樟腦外用時的注意界線的重點是依標示使用，不誇大、不神化。本產品為外用油膏，請依核准標示使用；若症狀持續或惡化，請諮詢醫師或藥師。,#金牌一條根 #外用油膏 #成分透明 #依標示使用,"0-3秒 Hook：樟腦外用時的注意界線，你也遇過嗎？
3-12秒 情境：拍攝已購買或正在觀望的一條根使用者的日常動作，字幕點出「樟腦外用時的注意界線」。
12-25秒 知識：外用油膏應放在保守邊界：依標示外用，提供局部按摩與暫時舒緩體感。
25-36秒 安全：僅供外用；避免眼周、黏膜、破皮或傷口。
36-45秒 CTA：使用前看標示，收藏這支，下次別用錯。",本產品為外用油膏，請依核准標示使用；若症狀持續或惡化，請諮詢醫師或藥師。,僅供外用；避免眼周、黏膜、破皮或傷口。,根治|治療疾病|消炎治本|打通經絡|一擦就好|保證有效|深層修復|替代藥物
TikTok_LINE087,LINE087,TikTok,2026-07-17,12:00,輕微關節痠痛與疾病治療要分開,D,中,pending_legal_pharmacist_review,false,輕微關節痠痛與疾病治療要分開,"0-3秒 Hook：輕微關節痠痛與疾病治療要分開，你也遇過嗎？
3-12秒 情境：拍攝40-70 歲注重日常活動舒適度的族群的日常動作，字幕點出「輕微關節痠痛與疾病治療要分開」。
12-25秒 知識：外用油膏應放在保守邊界：輕微關節痠痛可短期舒緩，但不可宣稱治療疾病。
25-36秒 安全：關節腫痛、紅熱、長期疼痛或行走困難，請就醫評估。
36-45秒 CTA：使用前看標示，收藏這支，下次別用錯。",輕微關節痠痛與疾病治療要分開的重點是依標示使用，不誇大、不神化。本產品為外用油膏，請依核准標示使用；若症狀持續或惡化，請諮詢醫師或藥師。,#銀髮保養 #活動舒適 #輕微痠痛 #依標示使用,"0-3秒 Hook：輕微關節痠痛與疾病治療要分開，你也遇過嗎？
3-12秒 情境：拍攝40-70 歲注重日常活動舒適度的族群的日常動作，字幕點出「輕微關節痠痛與疾病治療要分開」。
12-25秒 知識：外用油膏應放在保守邊界：輕微關節痠痛可短期舒緩，但不可宣稱治療疾病。
25-36秒 安全：關節腫痛、紅熱、長期疼痛或行走困難，請就醫評估。
36-45秒 CTA：使用前看標示，收藏這支，下次別用錯。",本產品為外用油膏，請依核准標示使用；若症狀持續或惡化，請諮詢醫師或藥師。,關節腫痛、紅熱、長期疼痛或行走困難，請就醫評估。,根治|治療疾病|消炎治本|打通經絡|一擦就好|保證有效|深層修復|替代藥物
TikTok_LINE088,LINE088,TikTok,2026-07-17,20:00,不要搭配熱敷墊或電毯,E,高,pending_legal_pharmacist_review,false,不要搭配熱敷墊或電毯,"0-3秒 Hook：不要搭配熱敷墊或電毯，你也遇過嗎？
3-12秒 情境：拍攝所有使用者、照護者與家庭購買者的日常動作，字幕點出「不要搭配熱敷墊或電毯」。
12-25秒 知識：外用油膏應放在保守邊界：安全使用比用得多更重要，依標示與風險族群提醒。
25-36秒 安全：2 歲以下、孕哺、過敏體質、抗凝血藥使用者請先詢問專業人員。
36-45秒 CTA：使用前看標示，收藏這支，下次別用錯。",不要搭配熱敷墊或電毯的重點是依標示使用，不誇大、不神化。僅供外用。避免接觸眼睛、黏膜、破皮或傷口；特殊族群使用前請先諮詢專業人員。,#外用安全 #用藥安全 #使用前看標示 #諮詢醫師藥師,"0-3秒 Hook：不要搭配熱敷墊或電毯，你也遇過嗎？
3-12秒 情境：拍攝所有使用者、照護者與家庭購買者的日常動作，字幕點出「不要搭配熱敷墊或電毯」。
12-25秒 知識：外用油膏應放在保守邊界：安全使用比用得多更重要，依標示與風險族群提醒。
25-36秒 安全：2 歲以下、孕哺、過敏體質、抗凝血藥使用者請先詢問專業人員。
36-45秒 CTA：使用前看標示，收藏這支，下次別用錯。",僅供外用。避免接觸眼睛、黏膜、破皮或傷口；特殊族群使用前請先諮詢專業人員。,2 歲以下、孕哺、過敏體質、抗凝血藥使用者請先詢問專業人員。,根治|治療疾病|消炎治本|打通經絡|一擦就好|保證有效|深層修復|替代藥物
TikTok_LINE089,LINE089,TikTok,2026-07-18,12:00,小暑前後活動舒適提醒,F,低,pending_legal_pharmacist_review,false,小暑前後活動舒適提醒,"0-3秒 Hook：小暑前後活動舒適提醒，你也遇過嗎？
3-12秒 情境：拍攝喜歡養生、節氣與日常保健的 LINE 讀者的日常動作，字幕點出「小暑前後活動舒適提醒」。
12-25秒 知識：外用油膏應放在保守邊界：以生活保健與身體覺察為主，不做醫療療效宣稱。
25-36秒 安全：節氣養生屬一般生活資訊，身體不適仍應諮詢專業人員。
36-45秒 CTA：使用前看標示，收藏這支，下次別用錯。",小暑前後活動舒適提醒的重點是依標示使用，不誇大、不神化。本內容為一般生活保健資訊，非醫療診斷或治療建議。,#節氣保養 #生活保健 #日常保養 #身體覺察,"0-3秒 Hook：小暑前後活動舒適提醒，你也遇過嗎？
3-12秒 情境：拍攝喜歡養生、節氣與日常保健的 LINE 讀者的日常動作，字幕點出「小暑前後活動舒適提醒」。
12-25秒 知識：外用油膏應放在保守邊界：以生活保健與身體覺察為主，不做醫療療效宣稱。
25-36秒 安全：節氣養生屬一般生活資訊，身體不適仍應諮詢專業人員。
36-45秒 CTA：使用前看標示，收藏這支，下次別用錯。",本內容為一般生活保健資訊，非醫療診斷或治療建議。,節氣養生屬一般生活資訊，身體不適仍應諮詢專業人員。,根治|治療疾病|消炎治本|打通經絡|一擦就好|保證有效|深層修復|替代藥物
TikTok_LINE090,LINE090,TikTok,2026-07-18,20:00,爬山後腿部按摩提醒,C,中,pending_legal_pharmacist_review,false,爬山後腿部按摩提醒,"0-3秒 Hook：爬山後腿部按摩提醒，你也遇過嗎？
3-12秒 情境：拍攝運動族、搬重物、久站與勞動工作者的日常動作，字幕點出「爬山後腿部按摩提醒」。
12-25秒 知識：外用油膏應放在保守邊界：運動或勞動後的局部肌肉痠痛，可短期按摩舒緩。
25-36秒 安全：明顯腫脹、劇痛、活動受限或疑似受傷時，請先就醫。
36-45秒 CTA：使用前看標示，收藏這支，下次別用錯。",爬山後腿部按摩提醒的重點是依標示使用，不誇大、不神化。本產品為外用油膏，請依核准標示使用；若症狀持續或惡化，請諮詢醫師或藥師。,#運動後保養 #局部按摩 #肌肉痠痛 #依標示使用,"0-3秒 Hook：爬山後腿部按摩提醒，你也遇過嗎？
3-12秒 情境：拍攝運動族、搬重物、久站與勞動工作者的日常動作，字幕點出「爬山後腿部按摩提醒」。
12-25秒 知識：外用油膏應放在保守邊界：運動或勞動後的局部肌肉痠痛，可短期按摩舒緩。
25-36秒 安全：明顯腫脹、劇痛、活動受限或疑似受傷時，請先就醫。
36-45秒 CTA：使用前看標示，收藏這支，下次別用錯。",本產品為外用油膏，請依核准標示使用；若症狀持續或惡化，請諮詢醫師或藥師。,明顯腫脹、劇痛、活動受限或疑似受傷時，請先就醫。,根治|治療疾病|消炎治本|打通經絡|一擦就好|保證有效|深層修復|替代藥物
TikTok_LINE091,LINE091,TikTok,2026-07-19,12:00,外用膏一次擦多少才剛好,G,低,pending_legal_pharmacist_review,false,外用膏一次擦多少才剛好,"0-3秒 Hook：外用膏一次擦多少才剛好，你也遇過嗎？
3-12秒 情境：拍攝LINE OA 好友、回購客與新客的日常動作，字幕點出「外用膏一次擦多少才剛好」。
12-25秒 知識：外用油膏應放在保守邊界：用問答降低誤用，讓使用者知道何時該詢問專業人員。
25-36秒 安全：互動回答不取代醫師或藥師建議。
36-45秒 CTA：使用前看標示，收藏這支，下次別用錯。",外用膏一次擦多少才剛好的重點是依標示使用，不誇大、不神化。本內容為一般生活保健資訊，非醫療診斷或治療建議。,#互動問答 #保養知識 #使用小提醒 #金牌一條根,"0-3秒 Hook：外用膏一次擦多少才剛好，你也遇過嗎？
3-12秒 情境：拍攝LINE OA 好友、回購客與新客的日常動作，字幕點出「外用膏一次擦多少才剛好」。
12-25秒 知識：外用油膏應放在保守邊界：用問答降低誤用，讓使用者知道何時該詢問專業人員。
25-36秒 安全：互動回答不取代醫師或藥師建議。
36-45秒 CTA：使用前看標示，收藏這支，下次別用錯。",本內容為一般生活保健資訊，非醫療診斷或治療建議。,互動回答不取代醫師或藥師建議。,根治|治療疾病|消炎治本|打通經絡|一擦就好|保證有效|深層修復|替代藥物
TikTok_LINE092,LINE092,TikTok,2026-07-19,20:00,散步後的膝周保養,D,中,pending_legal_pharmacist_review,false,散步後的膝周保養,"0-3秒 Hook：散步後的膝周保養，你也遇過嗎？
3-12秒 情境：拍攝40-70 歲注重日常活動舒適度的族群的日常動作，字幕點出「散步後的膝周保養」。
12-25秒 知識：外用油膏應放在保守邊界：輕微關節痠痛可短期舒緩，但不可宣稱治療疾病。
25-36秒 安全：關節腫痛、紅熱、長期疼痛或行走困難，請就醫評估。
36-45秒 CTA：使用前看標示，收藏這支，下次別用錯。",散步後的膝周保養的重點是依標示使用，不誇大、不神化。本產品為外用油膏，請依核准標示使用；若症狀持續或惡化，請諮詢醫師或藥師。,#銀髮保養 #活動舒適 #輕微痠痛 #依標示使用,"0-3秒 Hook：散步後的膝周保養，你也遇過嗎？
3-12秒 情境：拍攝40-70 歲注重日常活動舒適度的族群的日常動作，字幕點出「散步後的膝周保養」。
12-25秒 知識：外用油膏應放在保守邊界：輕微關節痠痛可短期舒緩，但不可宣稱治療疾病。
25-36秒 安全：關節腫痛、紅熱、長期疼痛或行走困難，請就醫評估。
36-45秒 CTA：使用前看標示，收藏這支，下次別用錯。",本產品為外用油膏，請依核准標示使用；若症狀持續或惡化，請諮詢醫師或藥師。,關節腫痛、紅熱、長期疼痛或行走困難，請就醫評估。,根治|治療疾病|消炎治本|打通經絡|一擦就好|保證有效|深層修復|替代藥物
TikTok_LINE093,LINE093,TikTok,2026-07-20,12:00,肩頸按摩不要只靠用力,B,低,pending_legal_pharmacist_review,false,肩頸按摩不要只靠用力,"0-3秒 Hook：肩頸按摩不要只靠用力，你也遇過嗎？
3-12秒 情境：拍攝長時間低頭、久坐、用電腦的上班族的日常動作，字幕點出「肩頸按摩不要只靠用力」。
12-25秒 知識：外用油膏應放在保守邊界：久坐低頭後，可搭配伸展與局部按摩舒緩緊繃不適。
25-36秒 安全：若痠痛持續、麻木或影響活動，請諮詢醫師或藥師。
36-45秒 CTA：使用前看標示，收藏這支，下次別用錯。",肩頸按摩不要只靠用力的重點是依標示使用，不誇大、不神化。本內容為一般生活保健資訊，非醫療診斷或治療建議。,#肩頸保養 #久坐族 #日常舒緩 #依標示使用,"0-3秒 Hook：肩頸按摩不要只靠用力，你也遇過嗎？
3-12秒 情境：拍攝長時間低頭、久坐、用電腦的上班族的日常動作，字幕點出「肩頸按摩不要只靠用力」。
12-25秒 知識：外用油膏應放在保守邊界：久坐低頭後，可搭配伸展與局部按摩舒緩緊繃不適。
25-36秒 安全：若痠痛持續、麻木或影響活動，請諮詢醫師或藥師。
36-45秒 CTA：使用前看標示，收藏這支，下次別用錯。",本內容為一般生活保健資訊，非醫療診斷或治療建議。,若痠痛持續、麻木或影響活動，請諮詢醫師或藥師。,根治|治療疾病|消炎治本|打通經絡|一擦就好|保證有效|深層修復|替代藥物
TikTok_LINE094,LINE094,TikTok,2026-07-20,20:00,油膏劑為什麼適合局部按摩,A,中,pending_legal_pharmacist_review,false,油膏劑為什麼適合局部按摩,"0-3秒 Hook：油膏劑為什麼適合局部按摩，你也遇過嗎？
3-12秒 情境：拍攝已購買或正在觀望的一條根使用者的日常動作，字幕點出「油膏劑為什麼適合局部按摩」。
12-25秒 知識：外用油膏應放在保守邊界：依標示外用，提供局部按摩與暫時舒緩體感。
25-36秒 安全：僅供外用；避免眼周、黏膜、破皮或傷口。
36-45秒 CTA：使用前看標示，收藏這支，下次別用錯。",油膏劑為什麼適合局部按摩的重點是依標示使用，不誇大、不神化。本產品為外用油膏，請依核准標示使用；若症狀持續或惡化，請諮詢醫師或藥師。,#金牌一條根 #外用油膏 #成分透明 #依標示使用,"0-3秒 Hook：油膏劑為什麼適合局部按摩，你也遇過嗎？
3-12秒 情境：拍攝已購買或正在觀望的一條根使用者的日常動作，字幕點出「油膏劑為什麼適合局部按摩」。
12-25秒 知識：外用油膏應放在保守邊界：依標示外用，提供局部按摩與暫時舒緩體感。
25-36秒 安全：僅供外用；避免眼周、黏膜、破皮或傷口。
36-45秒 CTA：使用前看標示，收藏這支，下次別用錯。",本產品為外用油膏，請依核准標示使用；若症狀持續或惡化，請諮詢醫師或藥師。,僅供外用；避免眼周、黏膜、破皮或傷口。,根治|治療疾病|消炎治本|打通經絡|一擦就好|保證有效|深層修復|替代藥物
TikTok_LINE095,LINE095,TikTok,2026-07-21,12:00,大暑午後少久站硬撐,F,低,pending_legal_pharmacist_review,false,大暑午後少久站硬撐,"0-3秒 Hook：大暑午後少久站硬撐，你也遇過嗎？
3-12秒 情境：拍攝喜歡養生、節氣與日常保健的 LINE 讀者的日常動作，字幕點出「大暑午後少久站硬撐」。
12-25秒 知識：外用油膏應放在保守邊界：以生活保健與身體覺察為主，不做醫療療效宣稱。
25-36秒 安全：節氣養生屬一般生活資訊，身體不適仍應諮詢專業人員。
36-45秒 CTA：使用前看標示，收藏這支，下次別用錯。",大暑午後少久站硬撐的重點是依標示使用，不誇大、不神化。本內容為一般生活保健資訊，非醫療診斷或治療建議。,#節氣保養 #生活保健 #日常保養 #身體覺察,"0-3秒 Hook：大暑午後少久站硬撐，你也遇過嗎？
3-12秒 情境：拍攝喜歡養生、節氣與日常保健的 LINE 讀者的日常動作，字幕點出「大暑午後少久站硬撐」。
12-25秒 知識：外用油膏應放在保守邊界：以生活保健與身體覺察為主，不做醫療療效宣稱。
25-36秒 安全：節氣養生屬一般生活資訊，身體不適仍應諮詢專業人員。
36-45秒 CTA：使用前看標示，收藏這支，下次別用錯。",本內容為一般生活保健資訊，非醫療診斷或治療建議。,節氣養生屬一般生活資訊，身體不適仍應諮詢專業人員。,根治|治療疾病|消炎治本|打通經絡|一擦就好|保證有效|深層修復|替代藥物
TikTok_LINE096,LINE096,TikTok,2026-07-21,20:00,不要密封包紮或大面積厚敷,E,高,pending_legal_pharmacist_review,false,不要密封包紮或大面積厚敷,"0-3秒 Hook：不要密封包紮或大面積厚敷，你也遇過嗎？
3-12秒 情境：拍攝所有使用者、照護者與家庭購買者的日常動作，字幕點出「不要密封包紮或大面積厚敷」。
12-25秒 知識：外用油膏應放在保守邊界：安全使用比用得多更重要，依標示與風險族群提醒。
25-36秒 安全：2 歲以下、孕哺、過敏體質、抗凝血藥使用者請先詢問專業人員。
36-45秒 CTA：使用前看標示，收藏這支，下次別用錯。",不要密封包紮或大面積厚敷的重點是依標示使用，不誇大、不神化。僅供外用。避免接觸眼睛、黏膜、破皮或傷口；特殊族群使用前請先諮詢專業人員。,#外用安全 #用藥安全 #使用前看標示 #諮詢醫師藥師,"0-3秒 Hook：不要密封包紮或大面積厚敷，你也遇過嗎？
3-12秒 情境：拍攝所有使用者、照護者與家庭購買者的日常動作，字幕點出「不要密封包紮或大面積厚敷」。
12-25秒 知識：外用油膏應放在保守邊界：安全使用比用得多更重要，依標示與風險族群提醒。
25-36秒 安全：2 歲以下、孕哺、過敏體質、抗凝血藥使用者請先詢問專業人員。
36-45秒 CTA：使用前看標示，收藏這支，下次別用錯。",僅供外用。避免接觸眼睛、黏膜、破皮或傷口；特殊族群使用前請先諮詢專業人員。,2 歲以下、孕哺、過敏體質、抗凝血藥使用者請先詢問專業人員。,根治|治療疾病|消炎治本|打通經絡|一擦就好|保證有效|深層修復|替代藥物
TikTok_LINE097,LINE097,TikTok,2026-07-22,12:00,什麼是乙類成藥,H,中,pending_legal_pharmacist_review,false,什麼是乙類成藥,"0-3秒 Hook：什麼是乙類成藥，你也遇過嗎？
3-12秒 情境：拍攝重視藥證、成分、品質與合法性的消費者的日常動作，字幕點出「什麼是乙類成藥」。
12-25秒 知識：外用油膏應放在保守邊界：強調藥證、標示、保守宣稱與人工審核流程。
25-36秒 安全：所有廣告文案仍須依主管機關與專業人員審核。
36-45秒 CTA：使用前看標示，收藏這支，下次別用錯。",什麼是乙類成藥的重點是依標示使用，不誇大、不神化。本產品為外用油膏，請依核准標示使用；若症狀持續或惡化，請諮詢醫師或藥師。,#藥證可查 #品牌透明 #合法宣傳 #成分透明,"0-3秒 Hook：什麼是乙類成藥，你也遇過嗎？
3-12秒 情境：拍攝重視藥證、成分、品質與合法性的消費者的日常動作，字幕點出「什麼是乙類成藥」。
12-25秒 知識：外用油膏應放在保守邊界：強調藥證、標示、保守宣稱與人工審核流程。
25-36秒 安全：所有廣告文案仍須依主管機關與專業人員審核。
36-45秒 CTA：使用前看標示，收藏這支，下次別用錯。",本產品為外用油膏，請依核准標示使用；若症狀持續或惡化，請諮詢醫師或藥師。,所有廣告文案仍須依主管機關與專業人員審核。,根治|治療疾病|消炎治本|打通經絡|一擦就好|保證有效|深層修復|替代藥物
TikTok_LINE098,LINE098,TikTok,2026-07-22,20:00,涼感越強越有效嗎,G,低,pending_legal_pharmacist_review,false,涼感越強越有效嗎,"0-3秒 Hook：涼感越強越有效嗎，你也遇過嗎？
3-12秒 情境：拍攝LINE OA 好友、回購客與新客的日常動作，字幕點出「涼感越強越有效嗎」。
12-25秒 知識：外用油膏應放在保守邊界：用問答降低誤用，讓使用者知道何時該詢問專業人員。
25-36秒 安全：互動回答不取代醫師或藥師建議。
36-45秒 CTA：使用前看標示，收藏這支，下次別用錯。",涼感越強越有效嗎的重點是依標示使用，不誇大、不神化。本內容為一般生活保健資訊，非醫療診斷或治療建議。,#互動問答 #保養知識 #使用小提醒 #金牌一條根,"0-3秒 Hook：涼感越強越有效嗎，你也遇過嗎？
3-12秒 情境：拍攝LINE OA 好友、回購客與新客的日常動作，字幕點出「涼感越強越有效嗎」。
12-25秒 知識：外用油膏應放在保守邊界：用問答降低誤用，讓使用者知道何時該詢問專業人員。
25-36秒 安全：互動回答不取代醫師或藥師建議。
36-45秒 CTA：使用前看標示，收藏這支，下次別用錯。",本內容為一般生活保健資訊，非醫療診斷或治療建議。,互動回答不取代醫師或藥師建議。,根治|治療疾病|消炎治本|打通經絡|一擦就好|保證有效|深層修復|替代藥物
TikTok_LINE099,LINE099,TikTok,2026-07-23,12:00,重訓後肩背局部舒緩,C,中,pending_legal_pharmacist_review,false,重訓後肩背局部舒緩,"0-3秒 Hook：重訓後肩背局部舒緩，你也遇過嗎？
3-12秒 情境：拍攝運動族、搬重物、久站與勞動工作者的日常動作，字幕點出「重訓後肩背局部舒緩」。
12-25秒 知識：外用油膏應放在保守邊界：運動或勞動後的局部肌肉痠痛，可短期按摩舒緩。
25-36秒 安全：明顯腫脹、劇痛、活動受限或疑似受傷時，請先就醫。
36-45秒 CTA：使用前看標示，收藏這支，下次別用錯。",重訓後肩背局部舒緩的重點是依標示使用，不誇大、不神化。本產品為外用油膏，請依核准標示使用；若症狀持續或惡化，請諮詢醫師或藥師。,#運動後保養 #局部按摩 #肌肉痠痛 #依標示使用,"0-3秒 Hook：重訓後肩背局部舒緩，你也遇過嗎？
3-12秒 情境：拍攝運動族、搬重物、久站與勞動工作者的日常動作，字幕點出「重訓後肩背局部舒緩」。
12-25秒 知識：外用油膏應放在保守邊界：運動或勞動後的局部肌肉痠痛，可短期按摩舒緩。
25-36秒 安全：明顯腫脹、劇痛、活動受限或疑似受傷時，請先就醫。
36-45秒 CTA：使用前看標示，收藏這支，下次別用錯。",本產品為外用油膏，請依核准標示使用；若症狀持續或惡化，請諮詢醫師或藥師。,明顯腫脹、劇痛、活動受限或疑似受傷時，請先就醫。,根治|治療疾病|消炎治本|打通經絡|一擦就好|保證有效|深層修復|替代藥物
TikTok_LINE100,LINE100,TikTok,2026-07-23,20:00,乙類成藥與一般保健品差異,A,中,pending_legal_pharmacist_review,false,乙類成藥與一般保健品差異,"0-3秒 Hook：乙類成藥與一般保健品差異，你也遇過嗎？
3-12秒 情境：拍攝已購買或正在觀望的一條根使用者的日常動作，字幕點出「乙類成藥與一般保健品差異」。
12-25秒 知識：外用油膏應放在保守邊界：依標示外用，提供局部按摩與暫時舒緩體感。
25-36秒 安全：僅供外用；避免眼周、黏膜、破皮或傷口。
36-45秒 CTA：使用前看標示，收藏這支，下次別用錯。",乙類成藥與一般保健品差異的重點是依標示使用，不誇大、不神化。本產品為外用油膏，請依核准標示使用；若症狀持續或惡化，請諮詢醫師或藥師。,#金牌一條根 #外用油膏 #成分透明 #依標示使用,"0-3秒 Hook：乙類成藥與一般保健品差異，你也遇過嗎？
3-12秒 情境：拍攝已購買或正在觀望的一條根使用者的日常動作，字幕點出「乙類成藥與一般保健品差異」。
12-25秒 知識：外用油膏應放在保守邊界：依標示外用，提供局部按摩與暫時舒緩體感。
25-36秒 安全：僅供外用；避免眼周、黏膜、破皮或傷口。
36-45秒 CTA：使用前看標示，收藏這支，下次別用錯。",本產品為外用油膏，請依核准標示使用；若症狀持續或惡化，請諮詢醫師或藥師。,僅供外用；避免眼周、黏膜、破皮或傷口。,根治|治療疾病|消炎治本|打通經絡|一擦就好|保證有效|深層修復|替代藥物
TikTok_LINE101,LINE101,TikTok,2026-07-24,12:00,天氣變化時的活動舒適感,D,中,pending_legal_pharmacist_review,false,天氣變化時的活動舒適感,"0-3秒 Hook：天氣變化時的活動舒適感，你也遇過嗎？
3-12秒 情境：拍攝40-70 歲注重日常活動舒適度的族群的日常動作，字幕點出「天氣變化時的活動舒適感」。
12-25秒 知識：外用油膏應放在保守邊界：輕微關節痠痛可短期舒緩，但不可宣稱治療疾病。
25-36秒 安全：關節腫痛、紅熱、長期疼痛或行走困難，請就醫評估。
36-45秒 CTA：使用前看標示，收藏這支，下次別用錯。",天氣變化時的活動舒適感的重點是依標示使用，不誇大、不神化。本產品為外用油膏，請依核准標示使用；若症狀持續或惡化，請諮詢醫師或藥師。,#銀髮保養 #活動舒適 #輕微痠痛 #依標示使用,"0-3秒 Hook：天氣變化時的活動舒適感，你也遇過嗎？
3-12秒 情境：拍攝40-70 歲注重日常活動舒適度的族群的日常動作，字幕點出「天氣變化時的活動舒適感」。
12-25秒 知識：外用油膏應放在保守邊界：輕微關節痠痛可短期舒緩，但不可宣稱治療疾病。
25-36秒 安全：關節腫痛、紅熱、長期疼痛或行走困難，請就醫評估。
36-45秒 CTA：使用前看標示，收藏這支，下次別用錯。",本產品為外用油膏，請依核准標示使用；若症狀持續或惡化，請諮詢醫師或藥師。,關節腫痛、紅熱、長期疼痛或行走困難，請就醫評估。,根治|治療疾病|消炎治本|打通經絡|一擦就好|保證有效|深層修復|替代藥物
TikTok_LINE102,LINE102,TikTok,2026-07-24,20:00,水楊酸或阿斯匹靈過敏者注意,E,高,pending_legal_pharmacist_review,false,水楊酸或阿斯匹靈過敏者注意,"0-3秒 Hook：水楊酸或阿斯匹靈過敏者注意，你也遇過嗎？
3-12秒 情境：拍攝所有使用者、照護者與家庭購買者的日常動作，字幕點出「水楊酸或阿斯匹靈過敏者注意」。
12-25秒 知識：外用油膏應放在保守邊界：安全使用比用得多更重要，依標示與風險族群提醒。
25-36秒 安全：2 歲以下、孕哺、過敏體質、抗凝血藥使用者請先詢問專業人員。
36-45秒 CTA：使用前看標示，收藏這支，下次別用錯。",水楊酸或阿斯匹靈過敏者注意的重點是依標示使用，不誇大、不神化。僅供外用。避免接觸眼睛、黏膜、破皮或傷口；特殊族群使用前請先諮詢專業人員。,#外用安全 #用藥安全 #使用前看標示 #諮詢醫師藥師,"0-3秒 Hook：水楊酸或阿斯匹靈過敏者注意，你也遇過嗎？
3-12秒 情境：拍攝所有使用者、照護者與家庭購買者的日常動作，字幕點出「水楊酸或阿斯匹靈過敏者注意」。
12-25秒 知識：外用油膏應放在保守邊界：安全使用比用得多更重要，依標示與風險族群提醒。
25-36秒 安全：2 歲以下、孕哺、過敏體質、抗凝血藥使用者請先詢問專業人員。
36-45秒 CTA：使用前看標示，收藏這支，下次別用錯。",僅供外用。避免接觸眼睛、黏膜、破皮或傷口；特殊族群使用前請先諮詢專業人員。,2 歲以下、孕哺、過敏體質、抗凝血藥使用者請先詢問專業人員。,根治|治療疾病|消炎治本|打通經絡|一擦就好|保證有效|深層修復|替代藥物
TikTok_LINE103,LINE103,TikTok,2026-07-25,12:00,立秋後早晚溫差保養,F,低,pending_legal_pharmacist_review,false,立秋後早晚溫差保養,"0-3秒 Hook：立秋後早晚溫差保養，你也遇過嗎？
3-12秒 情境：拍攝喜歡養生、節氣與日常保健的 LINE 讀者的日常動作，字幕點出「立秋後早晚溫差保養」。
12-25秒 知識：外用油膏應放在保守邊界：以生活保健與身體覺察為主，不做醫療療效宣稱。
25-36秒 安全：節氣養生屬一般生活資訊，身體不適仍應諮詢專業人員。
36-45秒 CTA：使用前看標示，收藏這支，下次別用錯。",立秋後早晚溫差保養的重點是依標示使用，不誇大、不神化。本內容為一般生活保健資訊，非醫療診斷或治療建議。,#節氣保養 #生活保健 #日常保養 #身體覺察,"0-3秒 Hook：立秋後早晚溫差保養，你也遇過嗎？
3-12秒 情境：拍攝喜歡養生、節氣與日常保健的 LINE 讀者的日常動作，字幕點出「立秋後早晚溫差保養」。
12-25秒 知識：外用油膏應放在保守邊界：以生活保健與身體覺察為主，不做醫療療效宣稱。
25-36秒 安全：節氣養生屬一般生活資訊，身體不適仍應諮詢專業人員。
36-45秒 CTA：使用前看標示，收藏這支，下次別用錯。",本內容為一般生活保健資訊，非醫療診斷或治療建議。,節氣養生屬一般生活資訊，身體不適仍應諮詢專業人員。,根治|治療疾病|消炎治本|打通經絡|一擦就好|保證有效|深層修復|替代藥物
TikTok_LINE104,LINE104,TikTok,2026-07-25,20:00,家事後手臂不適保養,C,中,pending_legal_pharmacist_review,false,家事後手臂不適保養,"0-3秒 Hook：家事後手臂不適保養，你也遇過嗎？
3-12秒 情境：拍攝運動族、搬重物、久站與勞動工作者的日常動作，字幕點出「家事後手臂不適保養」。
12-25秒 知識：外用油膏應放在保守邊界：運動或勞動後的局部肌肉痠痛，可短期按摩舒緩。
25-36秒 安全：明顯腫脹、劇痛、活動受限或疑似受傷時，請先就醫。
36-45秒 CTA：使用前看標示，收藏這支，下次別用錯。",家事後手臂不適保養的重點是依標示使用，不誇大、不神化。本產品為外用油膏，請依核准標示使用；若症狀持續或惡化，請諮詢醫師或藥師。,#運動後保養 #局部按摩 #肌肉痠痛 #依標示使用,"0-3秒 Hook：家事後手臂不適保養，你也遇過嗎？
3-12秒 情境：拍攝運動族、搬重物、久站與勞動工作者的日常動作，字幕點出「家事後手臂不適保養」。
12-25秒 知識：外用油膏應放在保守邊界：運動或勞動後的局部肌肉痠痛，可短期按摩舒緩。
25-36秒 安全：明顯腫脹、劇痛、活動受限或疑似受傷時，請先就醫。
36-45秒 CTA：使用前看標示，收藏這支，下次別用錯。",本產品為外用油膏，請依核准標示使用；若症狀持續或惡化，請諮詢醫師或藥師。,明顯腫脹、劇痛、活動受限或疑似受傷時，請先就醫。,根治|治療疾病|消炎治本|打通經絡|一擦就好|保證有效|深層修復|替代藥物
TikTok_LINE105,LINE105,TikTok,2026-07-26,12:00,你有看過外用產品標示嗎,G,低,pending_legal_pharmacist_review,false,你有看過外用產品標示嗎,"0-3秒 Hook：你有看過外用產品標示嗎，你也遇過嗎？
3-12秒 情境：拍攝LINE OA 好友、回購客與新客的日常動作，字幕點出「你有看過外用產品標示嗎」。
12-25秒 知識：外用油膏應放在保守邊界：用問答降低誤用，讓使用者知道何時該詢問專業人員。
25-36秒 安全：互動回答不取代醫師或藥師建議。
36-45秒 CTA：使用前看標示，收藏這支，下次別用錯。",你有看過外用產品標示嗎的重點是依標示使用，不誇大、不神化。本內容為一般生活保健資訊，非醫療診斷或治療建議。,#互動問答 #保養知識 #使用小提醒 #金牌一條根,"0-3秒 Hook：你有看過外用產品標示嗎，你也遇過嗎？
3-12秒 情境：拍攝LINE OA 好友、回購客與新客的日常動作，字幕點出「你有看過外用產品標示嗎」。
12-25秒 知識：外用油膏應放在保守邊界：用問答降低誤用，讓使用者知道何時該詢問專業人員。
25-36秒 安全：互動回答不取代醫師或藥師建議。
36-45秒 CTA：使用前看標示，收藏這支，下次別用錯。",本內容為一般生活保健資訊，非醫療診斷或治療建議。,互動回答不取代醫師或藥師建議。,根治|治療疾病|消炎治本|打通經絡|一擦就好|保證有效|深層修復|替代藥物
TikTok_LINE106,LINE106,TikTok,2026-07-26,20:00,長輩按摩力道不要過重,D,中,pending_legal_pharmacist_review,false,長輩按摩力道不要過重,"0-3秒 Hook：長輩按摩力道不要過重，你也遇過嗎？
3-12秒 情境：拍攝40-70 歲注重日常活動舒適度的族群的日常動作，字幕點出「長輩按摩力道不要過重」。
12-25秒 知識：外用油膏應放在保守邊界：輕微關節痠痛可短期舒緩，但不可宣稱治療疾病。
25-36秒 安全：關節腫痛、紅熱、長期疼痛或行走困難，請就醫評估。
36-45秒 CTA：使用前看標示，收藏這支，下次別用錯。",長輩按摩力道不要過重的重點是依標示使用，不誇大、不神化。本產品為外用油膏，請依核准標示使用；若症狀持續或惡化，請諮詢醫師或藥師。,#銀髮保養 #活動舒適 #輕微痠痛 #依標示使用,"0-3秒 Hook：長輩按摩力道不要過重，你也遇過嗎？
3-12秒 情境：拍攝40-70 歲注重日常活動舒適度的族群的日常動作，字幕點出「長輩按摩力道不要過重」。
12-25秒 知識：外用油膏應放在保守邊界：輕微關節痠痛可短期舒緩，但不可宣稱治療疾病。
25-36秒 安全：關節腫痛、紅熱、長期疼痛或行走困難，請就醫評估。
36-45秒 CTA：使用前看標示，收藏這支，下次別用錯。",本產品為外用油膏，請依核准標示使用；若症狀持續或惡化，請諮詢醫師或藥師。,關節腫痛、紅熱、長期疼痛或行走困難，請就醫評估。,根治|治療疾病|消炎治本|打通經絡|一擦就好|保證有效|深層修復|替代藥物
TikTok_LINE107,LINE107,TikTok,2026-07-27,12:00,久坐族晚間舒緩儀式,B,低,pending_legal_pharmacist_review,false,久坐族晚間舒緩儀式,"0-3秒 Hook：久坐族晚間舒緩儀式，你也遇過嗎？
3-12秒 情境：拍攝長時間低頭、久坐、用電腦的上班族的日常動作，字幕點出「久坐族晚間舒緩儀式」。
12-25秒 知識：外用油膏應放在保守邊界：久坐低頭後，可搭配伸展與局部按摩舒緩緊繃不適。
25-36秒 安全：若痠痛持續、麻木或影響活動，請諮詢醫師或藥師。
36-45秒 CTA：使用前看標示，收藏這支，下次別用錯。",久坐族晚間舒緩儀式的重點是依標示使用，不誇大、不神化。本內容為一般生活保健資訊，非醫療診斷或治療建議。,#肩頸保養 #久坐族 #日常舒緩 #依標示使用,"0-3秒 Hook：久坐族晚間舒緩儀式，你也遇過嗎？
3-12秒 情境：拍攝長時間低頭、久坐、用電腦的上班族的日常動作，字幕點出「久坐族晚間舒緩儀式」。
12-25秒 知識：外用油膏應放在保守邊界：久坐低頭後，可搭配伸展與局部按摩舒緩緊繃不適。
25-36秒 安全：若痠痛持續、麻木或影響活動，請諮詢醫師或藥師。
36-45秒 CTA：使用前看標示，收藏這支，下次別用錯。",本內容為一般生活保健資訊，非醫療診斷或治療建議。,若痠痛持續、麻木或影響活動，請諮詢醫師或藥師。,根治|治療疾病|消炎治本|打通經絡|一擦就好|保證有效|深層修復|替代藥物
TikTok_LINE108,LINE108,TikTok,2026-07-27,20:00,一條根外用膏的日常定位,A,中,pending_legal_pharmacist_review,false,一條根外用膏的日常定位,"0-3秒 Hook：一條根外用膏的日常定位，你也遇過嗎？
3-12秒 情境：拍攝已購買或正在觀望的一條根使用者的日常動作，字幕點出「一條根外用膏的日常定位」。
12-25秒 知識：外用油膏應放在保守邊界：依標示外用，提供局部按摩與暫時舒緩體感。
25-36秒 安全：僅供外用；避免眼周、黏膜、破皮或傷口。
36-45秒 CTA：使用前看標示，收藏這支，下次別用錯。",一條根外用膏的日常定位的重點是依標示使用，不誇大、不神化。本產品為外用油膏，請依核准標示使用；若症狀持續或惡化，請諮詢醫師或藥師。,#金牌一條根 #外用油膏 #成分透明 #依標示使用,"0-3秒 Hook：一條根外用膏的日常定位，你也遇過嗎？
3-12秒 情境：拍攝已購買或正在觀望的一條根使用者的日常動作，字幕點出「一條根外用膏的日常定位」。
12-25秒 知識：外用油膏應放在保守邊界：依標示外用，提供局部按摩與暫時舒緩體感。
25-36秒 安全：僅供外用；避免眼周、黏膜、破皮或傷口。
36-45秒 CTA：使用前看標示，收藏這支，下次別用錯。",本產品為外用油膏，請依核准標示使用；若症狀持續或惡化，請諮詢醫師或藥師。,僅供外用；避免眼周、黏膜、破皮或傷口。,根治|治療疾病|消炎治本|打通經絡|一擦就好|保證有效|深層修復|替代藥物
TikTok_LINE109,LINE109,TikTok,2026-07-28,12:00,處暑後運動暖身提醒,F,低,pending_legal_pharmacist_review,false,處暑後運動暖身提醒,"0-3秒 Hook：處暑後運動暖身提醒，你也遇過嗎？
3-12秒 情境：拍攝喜歡養生、節氣與日常保健的 LINE 讀者的日常動作，字幕點出「處暑後運動暖身提醒」。
12-25秒 知識：外用油膏應放在保守邊界：以生活保健與身體覺察為主，不做醫療療效宣稱。
25-36秒 安全：節氣養生屬一般生活資訊，身體不適仍應諮詢專業人員。
36-45秒 CTA：使用前看標示，收藏這支，下次別用錯。",處暑後運動暖身提醒的重點是依標示使用，不誇大、不神化。本內容為一般生活保健資訊，非醫療診斷或治療建議。,#節氣保養 #生活保健 #日常保養 #身體覺察,"0-3秒 Hook：處暑後運動暖身提醒，你也遇過嗎？
3-12秒 情境：拍攝喜歡養生、節氣與日常保健的 LINE 讀者的日常動作，字幕點出「處暑後運動暖身提醒」。
12-25秒 知識：外用油膏應放在保守邊界：以生活保健與身體覺察為主，不做醫療療效宣稱。
25-36秒 安全：節氣養生屬一般生活資訊，身體不適仍應諮詢專業人員。
36-45秒 CTA：使用前看標示，收藏這支，下次別用錯。",本內容為一般生活保健資訊，非醫療診斷或治療建議。,節氣養生屬一般生活資訊，身體不適仍應諮詢專業人員。,根治|治療疾病|消炎治本|打通經絡|一擦就好|保證有效|深層修復|替代藥物
TikTok_LINE110,LINE110,TikTok,2026-07-28,20:00,兒童使用前的安全提醒,E,高,pending_legal_pharmacist_review,false,兒童使用前的安全提醒,"0-3秒 Hook：兒童使用前的安全提醒，你也遇過嗎？
3-12秒 情境：拍攝所有使用者、照護者與家庭購買者的日常動作，字幕點出「兒童使用前的安全提醒」。
12-25秒 知識：外用油膏應放在保守邊界：安全使用比用得多更重要，依標示與風險族群提醒。
25-36秒 安全：2 歲以下、孕哺、過敏體質、抗凝血藥使用者請先詢問專業人員。
36-45秒 CTA：使用前看標示，收藏這支，下次別用錯。",兒童使用前的安全提醒的重點是依標示使用，不誇大、不神化。僅供外用。避免接觸眼睛、黏膜、破皮或傷口；特殊族群使用前請先諮詢專業人員。,#外用安全 #用藥安全 #使用前看標示 #諮詢醫師藥師,"0-3秒 Hook：兒童使用前的安全提醒，你也遇過嗎？
3-12秒 情境：拍攝所有使用者、照護者與家庭購買者的日常動作，字幕點出「兒童使用前的安全提醒」。
12-25秒 知識：外用油膏應放在保守邊界：安全使用比用得多更重要，依標示與風險族群提醒。
25-36秒 安全：2 歲以下、孕哺、過敏體質、抗凝血藥使用者請先詢問專業人員。
36-45秒 CTA：使用前看標示，收藏這支，下次別用錯。",僅供外用。避免接觸眼睛、黏膜、破皮或傷口；特殊族群使用前請先諮詢專業人員。,2 歲以下、孕哺、過敏體質、抗凝血藥使用者請先詢問專業人員。,根治|治療疾病|消炎治本|打通經絡|一擦就好|保證有效|深層修復|替代藥物
TikTok_LINE111,LINE111,TikTok,2026-07-29,12:00,官方適應症與社群文案的差異,H,中,pending_legal_pharmacist_review,false,官方適應症與社群文案的差異,"0-3秒 Hook：官方適應症與社群文案的差異，你也遇過嗎？
3-12秒 情境：拍攝重視藥證、成分、品質與合法性的消費者的日常動作，字幕點出「官方適應症與社群文案的差異」。
12-25秒 知識：外用油膏應放在保守邊界：強調藥證、標示、保守宣稱與人工審核流程。
25-36秒 安全：所有廣告文案仍須依主管機關與專業人員審核。
36-45秒 CTA：使用前看標示，收藏這支，下次別用錯。",官方適應症與社群文案的差異的重點是依標示使用，不誇大、不神化。本產品為外用油膏，請依核准標示使用；若症狀持續或惡化，請諮詢醫師或藥師。,#藥證可查 #品牌透明 #合法宣傳 #成分透明,"0-3秒 Hook：官方適應症與社群文案的差異，你也遇過嗎？
3-12秒 情境：拍攝重視藥證、成分、品質與合法性的消費者的日常動作，字幕點出「官方適應症與社群文案的差異」。
12-25秒 知識：外用油膏應放在保守邊界：強調藥證、標示、保守宣稱與人工審核流程。
25-36秒 安全：所有廣告文案仍須依主管機關與專業人員審核。
36-45秒 CTA：使用前看標示，收藏這支，下次別用錯。",本產品為外用油膏，請依核准標示使用；若症狀持續或惡化，請諮詢醫師或藥師。,所有廣告文案仍須依主管機關與專業人員審核。,根治|治療疾病|消炎治本|打通經絡|一擦就好|保證有效|深層修復|替代藥物
TikTok_LINE112,LINE112,TikTok,2026-07-29,20:00,久坐族最想舒緩哪裡,G,低,pending_legal_pharmacist_review,false,久坐族最想舒緩哪裡,"0-3秒 Hook：久坐族最想舒緩哪裡，你也遇過嗎？
3-12秒 情境：拍攝LINE OA 好友、回購客與新客的日常動作，字幕點出「久坐族最想舒緩哪裡」。
12-25秒 知識：外用油膏應放在保守邊界：用問答降低誤用，讓使用者知道何時該詢問專業人員。
25-36秒 安全：互動回答不取代醫師或藥師建議。
36-45秒 CTA：使用前看標示，收藏這支，下次別用錯。",久坐族最想舒緩哪裡的重點是依標示使用，不誇大、不神化。本內容為一般生活保健資訊，非醫療診斷或治療建議。,#互動問答 #保養知識 #使用小提醒 #金牌一條根,"0-3秒 Hook：久坐族最想舒緩哪裡，你也遇過嗎？
3-12秒 情境：拍攝LINE OA 好友、回購客與新客的日常動作，字幕點出「久坐族最想舒緩哪裡」。
12-25秒 知識：外用油膏應放在保守邊界：用問答降低誤用，讓使用者知道何時該詢問專業人員。
25-36秒 安全：互動回答不取代醫師或藥師建議。
36-45秒 CTA：使用前看標示，收藏這支，下次別用錯。",本內容為一般生活保健資訊，非醫療診斷或治療建議。,互動回答不取代醫師或藥師建議。,根治|治療疾病|消炎治本|打通經絡|一擦就好|保證有效|深層修復|替代藥物
TikTok_LINE113,LINE113,TikTok,2026-07-30,12:00,跑步後膝周不適的保守提醒,C,中,pending_legal_pharmacist_review,false,跑步後膝周不適的保守提醒,"0-3秒 Hook：跑步後膝周不適的保守提醒，你也遇過嗎？
3-12秒 情境：拍攝運動族、搬重物、久站與勞動工作者的日常動作，字幕點出「跑步後膝周不適的保守提醒」。
12-25秒 知識：外用油膏應放在保守邊界：運動或勞動後的局部肌肉痠痛，可短期按摩舒緩。
25-36秒 安全：明顯腫脹、劇痛、活動受限或疑似受傷時，請先就醫。
36-45秒 CTA：使用前看標示，收藏這支，下次別用錯。",跑步後膝周不適的保守提醒的重點是依標示使用，不誇大、不神化。本產品為外用油膏，請依核准標示使用；若症狀持續或惡化，請諮詢醫師或藥師。,#運動後保養 #局部按摩 #肌肉痠痛 #依標示使用,"0-3秒 Hook：跑步後膝周不適的保守提醒，你也遇過嗎？
3-12秒 情境：拍攝運動族、搬重物、久站與勞動工作者的日常動作，字幕點出「跑步後膝周不適的保守提醒」。
12-25秒 知識：外用油膏應放在保守邊界：運動或勞動後的局部肌肉痠痛，可短期按摩舒緩。
25-36秒 安全：明顯腫脹、劇痛、活動受限或疑似受傷時，請先就醫。
36-45秒 CTA：使用前看標示，收藏這支，下次別用錯。",本產品為外用油膏，請依核准標示使用；若症狀持續或惡化，請諮詢醫師或藥師。,明顯腫脹、劇痛、活動受限或疑似受傷時，請先就醫。,根治|治療疾病|消炎治本|打通經絡|一擦就好|保證有效|深層修復|替代藥物
TikTok_LINE114,LINE114,TikTok,2026-07-30,20:00,成分濃度為什麼要看標示,A,中,pending_legal_pharmacist_review,false,成分濃度為什麼要看標示,"0-3秒 Hook：成分濃度為什麼要看標示，你也遇過嗎？
3-12秒 情境：拍攝已購買或正在觀望的一條根使用者的日常動作，字幕點出「成分濃度為什麼要看標示」。
12-25秒 知識：外用油膏應放在保守邊界：依標示外用，提供局部按摩與暫時舒緩體感。
25-36秒 安全：僅供外用；避免眼周、黏膜、破皮或傷口。
36-45秒 CTA：使用前看標示，收藏這支，下次別用錯。",成分濃度為什麼要看標示的重點是依標示使用，不誇大、不神化。本產品為外用油膏，請依核准標示使用；若症狀持續或惡化，請諮詢醫師或藥師。,#金牌一條根 #外用油膏 #成分透明 #依標示使用,"0-3秒 Hook：成分濃度為什麼要看標示，你也遇過嗎？
3-12秒 情境：拍攝已購買或正在觀望的一條根使用者的日常動作，字幕點出「成分濃度為什麼要看標示」。
12-25秒 知識：外用油膏應放在保守邊界：依標示外用，提供局部按摩與暫時舒緩體感。
25-36秒 安全：僅供外用；避免眼周、黏膜、破皮或傷口。
36-45秒 CTA：使用前看標示，收藏這支，下次別用錯。",本產品為外用油膏，請依核准標示使用；若症狀持續或惡化，請諮詢醫師或藥師。,僅供外用；避免眼周、黏膜、破皮或傷口。,根治|治療疾病|消炎治本|打通經絡|一擦就好|保證有效|深層修復|替代藥物
TikTok_LINE115,LINE115,TikTok,2026-07-31,12:00,照顧爸媽時的外用提醒,D,中,pending_legal_pharmacist_review,false,照顧爸媽時的外用提醒,"0-3秒 Hook：照顧爸媽時的外用提醒，你也遇過嗎？
3-12秒 情境：拍攝40-70 歲注重日常活動舒適度的族群的日常動作，字幕點出「照顧爸媽時的外用提醒」。
12-25秒 知識：外用油膏應放在保守邊界：輕微關節痠痛可短期舒緩，但不可宣稱治療疾病。
25-36秒 安全：關節腫痛、紅熱、長期疼痛或行走困難，請就醫評估。
36-45秒 CTA：使用前看標示，收藏這支，下次別用錯。",照顧爸媽時的外用提醒的重點是依標示使用，不誇大、不神化。本產品為外用油膏，請依核准標示使用；若症狀持續或惡化，請諮詢醫師或藥師。,#銀髮保養 #活動舒適 #輕微痠痛 #依標示使用,"0-3秒 Hook：照顧爸媽時的外用提醒，你也遇過嗎？
3-12秒 情境：拍攝40-70 歲注重日常活動舒適度的族群的日常動作，字幕點出「照顧爸媽時的外用提醒」。
12-25秒 知識：外用油膏應放在保守邊界：輕微關節痠痛可短期舒緩，但不可宣稱治療疾病。
25-36秒 安全：關節腫痛、紅熱、長期疼痛或行走困難，請就醫評估。
36-45秒 CTA：使用前看標示，收藏這支，下次別用錯。",本產品為外用油膏，請依核准標示使用；若症狀持續或惡化，請諮詢醫師或藥師。,關節腫痛、紅熱、長期疼痛或行走困難，請就醫評估。,根治|治療疾病|消炎治本|打通經絡|一擦就好|保證有效|深層修復|替代藥物
TikTok_LINE116,LINE116,TikTok,2026-07-31,20:00,孕婦與哺乳族群先詢問專業人員,E,高,pending_legal_pharmacist_review,false,孕婦與哺乳族群先詢問專業人員,"0-3秒 Hook：孕婦與哺乳族群先詢問專業人員，你也遇過嗎？
3-12秒 情境：拍攝所有使用者、照護者與家庭購買者的日常動作，字幕點出「孕婦與哺乳族群先詢問專業人員」。
12-25秒 知識：外用油膏應放在保守邊界：安全使用比用得多更重要，依標示與風險族群提醒。
25-36秒 安全：2 歲以下、孕哺、過敏體質、抗凝血藥使用者請先詢問專業人員。
36-45秒 CTA：使用前看標示，收藏這支，下次別用錯。",孕婦與哺乳族群先詢問專業人員的重點是依標示使用，不誇大、不神化。僅供外用。避免接觸眼睛、黏膜、破皮或傷口；特殊族群使用前請先諮詢專業人員。,#外用安全 #用藥安全 #使用前看標示 #諮詢醫師藥師,"0-3秒 Hook：孕婦與哺乳族群先詢問專業人員，你也遇過嗎？
3-12秒 情境：拍攝所有使用者、照護者與家庭購買者的日常動作，字幕點出「孕婦與哺乳族群先詢問專業人員」。
12-25秒 知識：外用油膏應放在保守邊界：安全使用比用得多更重要，依標示與風險族群提醒。
25-36秒 安全：2 歲以下、孕哺、過敏體質、抗凝血藥使用者請先詢問專業人員。
36-45秒 CTA：使用前看標示，收藏這支，下次別用錯。",僅供外用。避免接觸眼睛、黏膜、破皮或傷口；特殊族群使用前請先諮詢專業人員。,2 歲以下、孕哺、過敏體質、抗凝血藥使用者請先詢問專業人員。,根治|治療疾病|消炎治本|打通經絡|一擦就好|保證有效|深層修復|替代藥物
TikTok_LINE117,LINE117,TikTok,2026-08-01,12:00,白露時節關心長輩活動,F,低,pending_legal_pharmacist_review,false,白露時節關心長輩活動,"0-3秒 Hook：白露時節關心長輩活動，你也遇過嗎？
3-12秒 情境：拍攝喜歡養生、節氣與日常保健的 LINE 讀者的日常動作，字幕點出「白露時節關心長輩活動」。
12-25秒 知識：外用油膏應放在保守邊界：以生活保健與身體覺察為主，不做醫療療效宣稱。
25-36秒 安全：節氣養生屬一般生活資訊，身體不適仍應諮詢專業人員。
36-45秒 CTA：使用前看標示，收藏這支，下次別用錯。",白露時節關心長輩活動的重點是依標示使用，不誇大、不神化。本內容為一般生活保健資訊，非醫療診斷或治療建議。,#節氣保養 #生活保健 #日常保養 #身體覺察,"0-3秒 Hook：白露時節關心長輩活動，你也遇過嗎？
3-12秒 情境：拍攝喜歡養生、節氣與日常保健的 LINE 讀者的日常動作，字幕點出「白露時節關心長輩活動」。
12-25秒 知識：外用油膏應放在保守邊界：以生活保健與身體覺察為主，不做醫療療效宣稱。
25-36秒 安全：節氣養生屬一般生活資訊，身體不適仍應諮詢專業人員。
36-45秒 CTA：使用前看標示，收藏這支，下次別用錯。",本內容為一般生活保健資訊，非醫療診斷或治療建議。,節氣養生屬一般生活資訊，身體不適仍應諮詢專業人員。,根治|治療疾病|消炎治本|打通經絡|一擦就好|保證有效|深層修復|替代藥物
TikTok_LINE118,LINE118,TikTok,2026-08-01,20:00,勞動後先休息再按摩,C,中,pending_legal_pharmacist_review,false,勞動後先休息再按摩,"0-3秒 Hook：勞動後先休息再按摩，你也遇過嗎？
3-12秒 情境：拍攝運動族、搬重物、久站與勞動工作者的日常動作，字幕點出「勞動後先休息再按摩」。
12-25秒 知識：外用油膏應放在保守邊界：運動或勞動後的局部肌肉痠痛，可短期按摩舒緩。
25-36秒 安全：明顯腫脹、劇痛、活動受限或疑似受傷時，請先就醫。
36-45秒 CTA：使用前看標示，收藏這支，下次別用錯。",勞動後先休息再按摩的重點是依標示使用，不誇大、不神化。本產品為外用油膏，請依核准標示使用；若症狀持續或惡化，請諮詢醫師或藥師。,#運動後保養 #局部按摩 #肌肉痠痛 #依標示使用,"0-3秒 Hook：勞動後先休息再按摩，你也遇過嗎？
3-12秒 情境：拍攝運動族、搬重物、久站與勞動工作者的日常動作，字幕點出「勞動後先休息再按摩」。
12-25秒 知識：外用油膏應放在保守邊界：運動或勞動後的局部肌肉痠痛，可短期按摩舒緩。
25-36秒 安全：明顯腫脹、劇痛、活動受限或疑似受傷時，請先就醫。
36-45秒 CTA：使用前看標示，收藏這支，下次別用錯。",本產品為外用油膏，請依核准標示使用；若症狀持續或惡化，請諮詢醫師或藥師。,明顯腫脹、劇痛、活動受限或疑似受傷時，請先就醫。,根治|治療疾病|消炎治本|打通經絡|一擦就好|保證有效|深層修復|替代藥物
TikTok_LINE119,LINE119,TikTok,2026-08-02,12:00,長輩使用外用膏你會提醒什麼,G,低,pending_legal_pharmacist_review,false,長輩使用外用膏你會提醒什麼,"0-3秒 Hook：長輩使用外用膏你會提醒什麼，你也遇過嗎？
3-12秒 情境：拍攝LINE OA 好友、回購客與新客的日常動作，字幕點出「長輩使用外用膏你會提醒什麼」。
12-25秒 知識：外用油膏應放在保守邊界：用問答降低誤用，讓使用者知道何時該詢問專業人員。
25-36秒 安全：互動回答不取代醫師或藥師建議。
36-45秒 CTA：使用前看標示，收藏這支，下次別用錯。",長輩使用外用膏你會提醒什麼的重點是依標示使用，不誇大、不神化。本內容為一般生活保健資訊，非醫療診斷或治療建議。,#互動問答 #保養知識 #使用小提醒 #金牌一條根,"0-3秒 Hook：長輩使用外用膏你會提醒什麼，你也遇過嗎？
3-12秒 情境：拍攝LINE OA 好友、回購客與新客的日常動作，字幕點出「長輩使用外用膏你會提醒什麼」。
12-25秒 知識：外用油膏應放在保守邊界：用問答降低誤用，讓使用者知道何時該詢問專業人員。
25-36秒 安全：互動回答不取代醫師或藥師建議。
36-45秒 CTA：使用前看標示，收藏這支，下次別用錯。",本內容為一般生活保健資訊，非醫療診斷或治療建議。,互動回答不取代醫師或藥師建議。,根治|治療疾病|消炎治本|打通經絡|一擦就好|保證有效|深層修復|替代藥物
TikTok_LINE120,LINE120,TikTok,2026-08-02,20:00,日常活動舒適度的三個習慣,D,中,pending_legal_pharmacist_review,false,日常活動舒適度的三個習慣,"0-3秒 Hook：日常活動舒適度的三個習慣，你也遇過嗎？
3-12秒 情境：拍攝40-70 歲注重日常活動舒適度的族群的日常動作，字幕點出「日常活動舒適度的三個習慣」。
12-25秒 知識：外用油膏應放在保守邊界：輕微關節痠痛可短期舒緩，但不可宣稱治療疾病。
25-36秒 安全：關節腫痛、紅熱、長期疼痛或行走困難，請就醫評估。
36-45秒 CTA：使用前看標示，收藏這支，下次別用錯。",日常活動舒適度的三個習慣的重點是依標示使用，不誇大、不神化。本產品為外用油膏，請依核准標示使用；若症狀持續或惡化，請諮詢醫師或藥師。,#銀髮保養 #活動舒適 #輕微痠痛 #依標示使用,"0-3秒 Hook：日常活動舒適度的三個習慣，你也遇過嗎？
3-12秒 情境：拍攝40-70 歲注重日常活動舒適度的族群的日常動作，字幕點出「日常活動舒適度的三個習慣」。
12-25秒 知識：外用油膏應放在保守邊界：輕微關節痠痛可短期舒緩，但不可宣稱治療疾病。
25-36秒 安全：關節腫痛、紅熱、長期疼痛或行走困難，請就醫評估。
36-45秒 CTA：使用前看標示，收藏這支，下次別用錯。",本產品為外用油膏，請依核准標示使用；若症狀持續或惡化，請諮詢醫師或藥師。,關節腫痛、紅熱、長期疼痛或行走困難，請就醫評估。,根治|治療疾病|消炎治本|打通經絡|一擦就好|保證有效|深層修復|替代藥物
TikTok_LINE121,LINE121,TikTok,2026-08-03,12:00,背包太重後的肩膀保養,B,低,pending_legal_pharmacist_review,false,背包太重後的肩膀保養,"0-3秒 Hook：背包太重後的肩膀保養，你也遇過嗎？
3-12秒 情境：拍攝長時間低頭、久坐、用電腦的上班族的日常動作，字幕點出「背包太重後的肩膀保養」。
12-25秒 知識：外用油膏應放在保守邊界：久坐低頭後，可搭配伸展與局部按摩舒緩緊繃不適。
25-36秒 安全：若痠痛持續、麻木或影響活動，請諮詢醫師或藥師。
36-45秒 CTA：使用前看標示，收藏這支，下次別用錯。",背包太重後的肩膀保養的重點是依標示使用，不誇大、不神化。本內容為一般生活保健資訊，非醫療診斷或治療建議。,#肩頸保養 #久坐族 #日常舒緩 #依標示使用,"0-3秒 Hook：背包太重後的肩膀保養，你也遇過嗎？
3-12秒 情境：拍攝長時間低頭、久坐、用電腦的上班族的日常動作，字幕點出「背包太重後的肩膀保養」。
12-25秒 知識：外用油膏應放在保守邊界：久坐低頭後，可搭配伸展與局部按摩舒緩緊繃不適。
25-36秒 安全：若痠痛持續、麻木或影響活動，請諮詢醫師或藥師。
36-45秒 CTA：使用前看標示，收藏這支，下次別用錯。",本內容為一般生活保健資訊，非醫療診斷或治療建議。,若痠痛持續、麻木或影響活動，請諮詢醫師或藥師。,根治|治療疾病|消炎治本|打通經絡|一擦就好|保證有效|深層修復|替代藥物
TikTok_LINE122,LINE122,TikTok,2026-08-03,20:00,局部按摩和大面積厚敷的差別,A,中,pending_legal_pharmacist_review,false,局部按摩和大面積厚敷的差別,"0-3秒 Hook：局部按摩和大面積厚敷的差別，你也遇過嗎？
3-12秒 情境：拍攝已購買或正在觀望的一條根使用者的日常動作，字幕點出「局部按摩和大面積厚敷的差別」。
12-25秒 知識：外用油膏應放在保守邊界：依標示外用，提供局部按摩與暫時舒緩體感。
25-36秒 安全：僅供外用；避免眼周、黏膜、破皮或傷口。
36-45秒 CTA：使用前看標示，收藏這支，下次別用錯。",局部按摩和大面積厚敷的差別的重點是依標示使用，不誇大、不神化。本產品為外用油膏，請依核准標示使用；若症狀持續或惡化，請諮詢醫師或藥師。,#金牌一條根 #外用油膏 #成分透明 #依標示使用,"0-3秒 Hook：局部按摩和大面積厚敷的差別，你也遇過嗎？
3-12秒 情境：拍攝已購買或正在觀望的一條根使用者的日常動作，字幕點出「局部按摩和大面積厚敷的差別」。
12-25秒 知識：外用油膏應放在保守邊界：依標示外用，提供局部按摩與暫時舒緩體感。
25-36秒 安全：僅供外用；避免眼周、黏膜、破皮或傷口。
36-45秒 CTA：使用前看標示，收藏這支，下次別用錯。",本產品為外用油膏，請依核准標示使用；若症狀持續或惡化，請諮詢醫師或藥師。,僅供外用；避免眼周、黏膜、破皮或傷口。,根治|治療疾病|消炎治本|打通經絡|一擦就好|保證有效|深層修復|替代藥物
TikTok_LINE123,LINE123,TikTok,2026-08-04,12:00,秋分後外出前暖身,F,低,pending_legal_pharmacist_review,false,秋分後外出前暖身,"0-3秒 Hook：秋分後外出前暖身，你也遇過嗎？
3-12秒 情境：拍攝喜歡養生、節氣與日常保健的 LINE 讀者的日常動作，字幕點出「秋分後外出前暖身」。
12-25秒 知識：外用油膏應放在保守邊界：以生活保健與身體覺察為主，不做醫療療效宣稱。
25-36秒 安全：節氣養生屬一般生活資訊，身體不適仍應諮詢專業人員。
36-45秒 CTA：使用前看標示，收藏這支，下次別用錯。",秋分後外出前暖身的重點是依標示使用，不誇大、不神化。本內容為一般生活保健資訊，非醫療診斷或治療建議。,#節氣保養 #生活保健 #日常保養 #身體覺察,"0-3秒 Hook：秋分後外出前暖身，你也遇過嗎？
3-12秒 情境：拍攝喜歡養生、節氣與日常保健的 LINE 讀者的日常動作，字幕點出「秋分後外出前暖身」。
12-25秒 知識：外用油膏應放在保守邊界：以生活保健與身體覺察為主，不做醫療療效宣稱。
25-36秒 安全：節氣養生屬一般生活資訊，身體不適仍應諮詢專業人員。
36-45秒 CTA：使用前看標示，收藏這支，下次別用錯。",本內容為一般生活保健資訊，非醫療診斷或治療建議。,節氣養生屬一般生活資訊，身體不適仍應諮詢專業人員。,根治|治療疾病|消炎治本|打通經絡|一擦就好|保證有效|深層修復|替代藥物
TikTok_LINE124,LINE124,TikTok,2026-08-04,20:00,症狀超過七天要停用並諮詢,E,高,pending_legal_pharmacist_review,false,症狀超過七天要停用並諮詢,"0-3秒 Hook：症狀超過七天要停用並諮詢，你也遇過嗎？
3-12秒 情境：拍攝所有使用者、照護者與家庭購買者的日常動作，字幕點出「症狀超過七天要停用並諮詢」。
12-25秒 知識：外用油膏應放在保守邊界：安全使用比用得多更重要，依標示與風險族群提醒。
25-36秒 安全：2 歲以下、孕哺、過敏體質、抗凝血藥使用者請先詢問專業人員。
36-45秒 CTA：使用前看標示，收藏這支，下次別用錯。",症狀超過七天要停用並諮詢的重點是依標示使用，不誇大、不神化。僅供外用。避免接觸眼睛、黏膜、破皮或傷口；特殊族群使用前請先諮詢專業人員。,#外用安全 #用藥安全 #使用前看標示 #諮詢醫師藥師,"0-3秒 Hook：症狀超過七天要停用並諮詢，你也遇過嗎？
3-12秒 情境：拍攝所有使用者、照護者與家庭購買者的日常動作，字幕點出「症狀超過七天要停用並諮詢」。
12-25秒 知識：外用油膏應放在保守邊界：安全使用比用得多更重要，依標示與風險族群提醒。
25-36秒 安全：2 歲以下、孕哺、過敏體質、抗凝血藥使用者請先詢問專業人員。
36-45秒 CTA：使用前看標示，收藏這支，下次別用錯。",僅供外用。避免接觸眼睛、黏膜、破皮或傷口；特殊族群使用前請先諮詢專業人員。,2 歲以下、孕哺、過敏體質、抗凝血藥使用者請先詢問專業人員。,根治|治療疾病|消炎治本|打通經絡|一擦就好|保證有效|深層修復|替代藥物
TikTok_LINE125,LINE125,TikTok,2026-08-05,12:00,為什麼不鼓勵擦傷口,H,中,pending_legal_pharmacist_review,false,為什麼不鼓勵擦傷口,"0-3秒 Hook：為什麼不鼓勵擦傷口，你也遇過嗎？
3-12秒 情境：拍攝重視藥證、成分、品質與合法性的消費者的日常動作，字幕點出「為什麼不鼓勵擦傷口」。
12-25秒 知識：外用油膏應放在保守邊界：強調藥證、標示、保守宣稱與人工審核流程。
25-36秒 安全：所有廣告文案仍須依主管機關與專業人員審核。
36-45秒 CTA：使用前看標示，收藏這支，下次別用錯。",為什麼不鼓勵擦傷口的重點是依標示使用，不誇大、不神化。本產品為外用油膏，請依核准標示使用；若症狀持續或惡化，請諮詢醫師或藥師。,#藥證可查 #品牌透明 #合法宣傳 #成分透明,"0-3秒 Hook：為什麼不鼓勵擦傷口，你也遇過嗎？
3-12秒 情境：拍攝重視藥證、成分、品質與合法性的消費者的日常動作，字幕點出「為什麼不鼓勵擦傷口」。
12-25秒 知識：外用油膏應放在保守邊界：強調藥證、標示、保守宣稱與人工審核流程。
25-36秒 安全：所有廣告文案仍須依主管機關與專業人員審核。
36-45秒 CTA：使用前看標示，收藏這支，下次別用錯。",本產品為外用油膏，請依核准標示使用；若症狀持續或惡化，請諮詢醫師或藥師。,所有廣告文案仍須依主管機關與專業人員審核。,根治|治療疾病|消炎治本|打通經絡|一擦就好|保證有效|深層修復|替代藥物
TikTok_LINE126,LINE126,TikTok,2026-08-05,20:00,一條根可以天天厚敷嗎,G,低,pending_legal_pharmacist_review,false,一條根可以天天厚敷嗎,"0-3秒 Hook：一條根可以天天厚敷嗎，你也遇過嗎？
3-12秒 情境：拍攝LINE OA 好友、回購客與新客的日常動作，字幕點出「一條根可以天天厚敷嗎」。
12-25秒 知識：外用油膏應放在保守邊界：用問答降低誤用，讓使用者知道何時該詢問專業人員。
25-36秒 安全：互動回答不取代醫師或藥師建議。
36-45秒 CTA：使用前看標示，收藏這支，下次別用錯。",一條根可以天天厚敷嗎的重點是依標示使用，不誇大、不神化。本內容為一般生活保健資訊，非醫療診斷或治療建議。,#互動問答 #保養知識 #使用小提醒 #金牌一條根,"0-3秒 Hook：一條根可以天天厚敷嗎，你也遇過嗎？
3-12秒 情境：拍攝LINE OA 好友、回購客與新客的日常動作，字幕點出「一條根可以天天厚敷嗎」。
12-25秒 知識：外用油膏應放在保守邊界：用問答降低誤用，讓使用者知道何時該詢問專業人員。
25-36秒 安全：互動回答不取代醫師或藥師建議。
36-45秒 CTA：使用前看標示，收藏這支，下次別用錯。",本內容為一般生活保健資訊，非醫療診斷或治療建議。,互動回答不取代醫師或藥師建議。,根治|治療疾病|消炎治本|打通經絡|一擦就好|保證有效|深層修復|替代藥物
TikTok_LINE127,LINE127,TikTok,2026-08-06,12:00,運動後不要立刻熱敷加藥膏,C,中,pending_legal_pharmacist_review,false,運動後不要立刻熱敷加藥膏,"0-3秒 Hook：運動後不要立刻熱敷加藥膏，你也遇過嗎？
3-12秒 情境：拍攝運動族、搬重物、久站與勞動工作者的日常動作，字幕點出「運動後不要立刻熱敷加藥膏」。
12-25秒 知識：外用油膏應放在保守邊界：運動或勞動後的局部肌肉痠痛，可短期按摩舒緩。
25-36秒 安全：明顯腫脹、劇痛、活動受限或疑似受傷時，請先就醫。
36-45秒 CTA：使用前看標示，收藏這支，下次別用錯。",運動後不要立刻熱敷加藥膏的重點是依標示使用，不誇大、不神化。本產品為外用油膏，請依核准標示使用；若症狀持續或惡化，請諮詢醫師或藥師。,#運動後保養 #局部按摩 #肌肉痠痛 #依標示使用,"0-3秒 Hook：運動後不要立刻熱敷加藥膏，你也遇過嗎？
3-12秒 情境：拍攝運動族、搬重物、久站與勞動工作者的日常動作，字幕點出「運動後不要立刻熱敷加藥膏」。
12-25秒 知識：外用油膏應放在保守邊界：運動或勞動後的局部肌肉痠痛，可短期按摩舒緩。
25-36秒 安全：明顯腫脹、劇痛、活動受限或疑似受傷時，請先就醫。
36-45秒 CTA：使用前看標示，收藏這支，下次別用錯。",本產品為外用油膏，請依核准標示使用；若症狀持續或惡化，請諮詢醫師或藥師。,明顯腫脹、劇痛、活動受限或疑似受傷時，請先就醫。,根治|治療疾病|消炎治本|打通經絡|一擦就好|保證有效|深層修復|替代藥物
TikTok_LINE128,LINE128,TikTok,2026-08-06,20:00,使用前先小範圍測試,A,中,pending_legal_pharmacist_review,false,使用前先小範圍測試,"0-3秒 Hook：使用前先小範圍測試，你也遇過嗎？
3-12秒 情境：拍攝已購買或正在觀望的一條根使用者的日常動作，字幕點出「使用前先小範圍測試」。
12-25秒 知識：外用油膏應放在保守邊界：依標示外用，提供局部按摩與暫時舒緩體感。
25-36秒 安全：僅供外用；避免眼周、黏膜、破皮或傷口。
36-45秒 CTA：使用前看標示，收藏這支，下次別用錯。",使用前先小範圍測試的重點是依標示使用，不誇大、不神化。本產品為外用油膏，請依核准標示使用；若症狀持續或惡化，請諮詢醫師或藥師。,#金牌一條根 #外用油膏 #成分透明 #依標示使用,"0-3秒 Hook：使用前先小範圍測試，你也遇過嗎？
3-12秒 情境：拍攝已購買或正在觀望的一條根使用者的日常動作，字幕點出「使用前先小範圍測試」。
12-25秒 知識：外用油膏應放在保守邊界：依標示外用，提供局部按摩與暫時舒緩體感。
25-36秒 安全：僅供外用；避免眼周、黏膜、破皮或傷口。
36-45秒 CTA：使用前看標示，收藏這支，下次別用錯。",本產品為外用油膏，請依核准標示使用；若症狀持續或惡化，請諮詢醫師或藥師。,僅供外用；避免眼周、黏膜、破皮或傷口。,根治|治療疾病|消炎治本|打通經絡|一擦就好|保證有效|深層修復|替代藥物
TikTok_LINE129,LINE129,TikTok,2026-08-07,12:00,長輩使用前先看標示,D,中,pending_legal_pharmacist_review,false,長輩使用前先看標示,"0-3秒 Hook：長輩使用前先看標示，你也遇過嗎？
3-12秒 情境：拍攝40-70 歲注重日常活動舒適度的族群的日常動作，字幕點出「長輩使用前先看標示」。
12-25秒 知識：外用油膏應放在保守邊界：輕微關節痠痛可短期舒緩，但不可宣稱治療疾病。
25-36秒 安全：關節腫痛、紅熱、長期疼痛或行走困難，請就醫評估。
36-45秒 CTA：使用前看標示，收藏這支，下次別用錯。",長輩使用前先看標示的重點是依標示使用，不誇大、不神化。本產品為外用油膏，請依核准標示使用；若症狀持續或惡化，請諮詢醫師或藥師。,#銀髮保養 #活動舒適 #輕微痠痛 #依標示使用,"0-3秒 Hook：長輩使用前先看標示，你也遇過嗎？
3-12秒 情境：拍攝40-70 歲注重日常活動舒適度的族群的日常動作，字幕點出「長輩使用前先看標示」。
12-25秒 知識：外用油膏應放在保守邊界：輕微關節痠痛可短期舒緩，但不可宣稱治療疾病。
25-36秒 安全：關節腫痛、紅熱、長期疼痛或行走困難，請就醫評估。
36-45秒 CTA：使用前看標示，收藏這支，下次別用錯。",本產品為外用油膏，請依核准標示使用；若症狀持續或惡化，請諮詢醫師或藥師。,關節腫痛、紅熱、長期疼痛或行走困難，請就醫評估。,根治|治療疾病|消炎治本|打通經絡|一擦就好|保證有效|深層修復|替代藥物
TikTok_LINE130,LINE130,TikTok,2026-08-07,20:00,皮膚刺激時要停止使用,E,高,pending_legal_pharmacist_review,false,皮膚刺激時要停止使用,"0-3秒 Hook：皮膚刺激時要停止使用，你也遇過嗎？
3-12秒 情境：拍攝所有使用者、照護者與家庭購買者的日常動作，字幕點出「皮膚刺激時要停止使用」。
12-25秒 知識：外用油膏應放在保守邊界：安全使用比用得多更重要，依標示與風險族群提醒。
25-36秒 安全：2 歲以下、孕哺、過敏體質、抗凝血藥使用者請先詢問專業人員。
36-45秒 CTA：使用前看標示，收藏這支，下次別用錯。",皮膚刺激時要停止使用的重點是依標示使用，不誇大、不神化。僅供外用。避免接觸眼睛、黏膜、破皮或傷口；特殊族群使用前請先諮詢專業人員。,#外用安全 #用藥安全 #使用前看標示 #諮詢醫師藥師,"0-3秒 Hook：皮膚刺激時要停止使用，你也遇過嗎？
3-12秒 情境：拍攝所有使用者、照護者與家庭購買者的日常動作，字幕點出「皮膚刺激時要停止使用」。
12-25秒 知識：外用油膏應放在保守邊界：安全使用比用得多更重要，依標示與風險族群提醒。
25-36秒 安全：2 歲以下、孕哺、過敏體質、抗凝血藥使用者請先詢問專業人員。
36-45秒 CTA：使用前看標示，收藏這支，下次別用錯。",僅供外用。避免接觸眼睛、黏膜、破皮或傷口；特殊族群使用前請先諮詢專業人員。,2 歲以下、孕哺、過敏體質、抗凝血藥使用者請先詢問專業人員。,根治|治療疾病|消炎治本|打通經絡|一擦就好|保證有效|深層修復|替代藥物
TikTok_LINE131,LINE131,TikTok,2026-08-08,12:00,寒露後肩背保養,F,低,pending_legal_pharmacist_review,false,寒露後肩背保養,"0-3秒 Hook：寒露後肩背保養，你也遇過嗎？
3-12秒 情境：拍攝喜歡養生、節氣與日常保健的 LINE 讀者的日常動作，字幕點出「寒露後肩背保養」。
12-25秒 知識：外用油膏應放在保守邊界：以生活保健與身體覺察為主，不做醫療療效宣稱。
25-36秒 安全：節氣養生屬一般生活資訊，身體不適仍應諮詢專業人員。
36-45秒 CTA：使用前看標示，收藏這支，下次別用錯。",寒露後肩背保養的重點是依標示使用，不誇大、不神化。本內容為一般生活保健資訊，非醫療診斷或治療建議。,#節氣保養 #生活保健 #日常保養 #身體覺察,"0-3秒 Hook：寒露後肩背保養，你也遇過嗎？
3-12秒 情境：拍攝喜歡養生、節氣與日常保健的 LINE 讀者的日常動作，字幕點出「寒露後肩背保養」。
12-25秒 知識：外用油膏應放在保守邊界：以生活保健與身體覺察為主，不做醫療療效宣稱。
25-36秒 安全：節氣養生屬一般生活資訊，身體不適仍應諮詢專業人員。
36-45秒 CTA：使用前看標示，收藏這支，下次別用錯。",本內容為一般生活保健資訊，非醫療診斷或治療建議。,節氣養生屬一般生活資訊，身體不適仍應諮詢專業人員。,根治|治療疾病|消炎治本|打通經絡|一擦就好|保證有效|深層修復|替代藥物
TikTok_LINE132,LINE132,TikTok,2026-08-08,20:00,輕微拉扯後的觀察重點,C,中,pending_legal_pharmacist_review,false,輕微拉扯後的觀察重點,"0-3秒 Hook：輕微拉扯後的觀察重點，你也遇過嗎？
3-12秒 情境：拍攝運動族、搬重物、久站與勞動工作者的日常動作，字幕點出「輕微拉扯後的觀察重點」。
12-25秒 知識：外用油膏應放在保守邊界：運動或勞動後的局部肌肉痠痛，可短期按摩舒緩。
25-36秒 安全：明顯腫脹、劇痛、活動受限或疑似受傷時，請先就醫。
36-45秒 CTA：使用前看標示，收藏這支，下次別用錯。",輕微拉扯後的觀察重點的重點是依標示使用，不誇大、不神化。本產品為外用油膏，請依核准標示使用；若症狀持續或惡化，請諮詢醫師或藥師。,#運動後保養 #局部按摩 #肌肉痠痛 #依標示使用,"0-3秒 Hook：輕微拉扯後的觀察重點，你也遇過嗎？
3-12秒 情境：拍攝運動族、搬重物、久站與勞動工作者的日常動作，字幕點出「輕微拉扯後的觀察重點」。
12-25秒 知識：外用油膏應放在保守邊界：運動或勞動後的局部肌肉痠痛，可短期按摩舒緩。
25-36秒 安全：明顯腫脹、劇痛、活動受限或疑似受傷時，請先就醫。
36-45秒 CTA：使用前看標示，收藏這支，下次別用錯。",本產品為外用油膏，請依核准標示使用；若症狀持續或惡化，請諮詢醫師或藥師。,明顯腫脹、劇痛、活動受限或疑似受傷時，請先就醫。,根治|治療疾病|消炎治本|打通經絡|一擦就好|保證有效|深層修復|替代藥物
TikTok_LINE133,LINE133,TikTok,2026-08-09,12:00,擦完可以馬上熱敷嗎,G,低,pending_legal_pharmacist_review,false,擦完可以馬上熱敷嗎,"0-3秒 Hook：擦完可以馬上熱敷嗎，你也遇過嗎？
3-12秒 情境：拍攝LINE OA 好友、回購客與新客的日常動作，字幕點出「擦完可以馬上熱敷嗎」。
12-25秒 知識：外用油膏應放在保守邊界：用問答降低誤用，讓使用者知道何時該詢問專業人員。
25-36秒 安全：互動回答不取代醫師或藥師建議。
36-45秒 CTA：使用前看標示，收藏這支，下次別用錯。",擦完可以馬上熱敷嗎的重點是依標示使用，不誇大、不神化。本內容為一般生活保健資訊，非醫療診斷或治療建議。,#互動問答 #保養知識 #使用小提醒 #金牌一條根,"0-3秒 Hook：擦完可以馬上熱敷嗎，你也遇過嗎？
3-12秒 情境：拍攝LINE OA 好友、回購客與新客的日常動作，字幕點出「擦完可以馬上熱敷嗎」。
12-25秒 知識：外用油膏應放在保守邊界：用問答降低誤用，讓使用者知道何時該詢問專業人員。
25-36秒 安全：互動回答不取代醫師或藥師建議。
36-45秒 CTA：使用前看標示，收藏這支，下次別用錯。",本內容為一般生活保健資訊，非醫療診斷或治療建議。,互動回答不取代醫師或藥師建議。,根治|治療疾病|消炎治本|打通經絡|一擦就好|保證有效|深層修復|替代藥物
TikTok_LINE134,LINE134,TikTok,2026-08-09,20:00,別把長期疼痛只當小問題,D,中,pending_legal_pharmacist_review,false,別把長期疼痛只當小問題,"0-3秒 Hook：別把長期疼痛只當小問題，你也遇過嗎？
3-12秒 情境：拍攝40-70 歲注重日常活動舒適度的族群的日常動作，字幕點出「別把長期疼痛只當小問題」。
12-25秒 知識：外用油膏應放在保守邊界：輕微關節痠痛可短期舒緩，但不可宣稱治療疾病。
25-36秒 安全：關節腫痛、紅熱、長期疼痛或行走困難，請就醫評估。
36-45秒 CTA：使用前看標示，收藏這支，下次別用錯。",別把長期疼痛只當小問題的重點是依標示使用，不誇大、不神化。本產品為外用油膏，請依核准標示使用；若症狀持續或惡化，請諮詢醫師或藥師。,#銀髮保養 #活動舒適 #輕微痠痛 #依標示使用,"0-3秒 Hook：別把長期疼痛只當小問題，你也遇過嗎？
3-12秒 情境：拍攝40-70 歲注重日常活動舒適度的族群的日常動作，字幕點出「別把長期疼痛只當小問題」。
12-25秒 知識：外用油膏應放在保守邊界：輕微關節痠痛可短期舒緩，但不可宣稱治療疾病。
25-36秒 安全：關節腫痛、紅熱、長期疼痛或行走困難，請就醫評估。
36-45秒 CTA：使用前看標示，收藏這支，下次別用錯。",本產品為外用油膏，請依核准標示使用；若症狀持續或惡化，請諮詢醫師或藥師。,關節腫痛、紅熱、長期疼痛或行走困難，請就醫評估。,根治|治療疾病|消炎治本|打通經絡|一擦就好|保證有效|深層修復|替代藥物
TikTok_LINE135,LINE135,TikTok,2026-08-10,12:00,冷氣房肩頸緊繃保養,B,低,pending_legal_pharmacist_review,false,冷氣房肩頸緊繃保養,"0-3秒 Hook：冷氣房肩頸緊繃保養，你也遇過嗎？
3-12秒 情境：拍攝長時間低頭、久坐、用電腦的上班族的日常動作，字幕點出「冷氣房肩頸緊繃保養」。
12-25秒 知識：外用油膏應放在保守邊界：久坐低頭後，可搭配伸展與局部按摩舒緩緊繃不適。
25-36秒 安全：若痠痛持續、麻木或影響活動，請諮詢醫師或藥師。
36-45秒 CTA：使用前看標示，收藏這支，下次別用錯。",冷氣房肩頸緊繃保養的重點是依標示使用，不誇大、不神化。本內容為一般生活保健資訊，非醫療診斷或治療建議。,#肩頸保養 #久坐族 #日常舒緩 #依標示使用,"0-3秒 Hook：冷氣房肩頸緊繃保養，你也遇過嗎？
3-12秒 情境：拍攝長時間低頭、久坐、用電腦的上班族的日常動作，字幕點出「冷氣房肩頸緊繃保養」。
12-25秒 知識：外用油膏應放在保守邊界：久坐低頭後，可搭配伸展與局部按摩舒緩緊繃不適。
25-36秒 安全：若痠痛持續、麻木或影響活動，請諮詢醫師或藥師。
36-45秒 CTA：使用前看標示，收藏這支，下次別用錯。",本內容為一般生活保健資訊，非醫療診斷或治療建議。,若痠痛持續、麻木或影響活動，請諮詢醫師或藥師。,根治|治療疾病|消炎治本|打通經絡|一擦就好|保證有效|深層修復|替代藥物
TikTok_LINE136,LINE136,TikTok,2026-08-10,20:00,產品不是神藥，定位要講清楚,A,中,pending_legal_pharmacist_review,false,產品不是神藥，定位要講清楚,"0-3秒 Hook：產品不是神藥，定位要講清楚，你也遇過嗎？
3-12秒 情境：拍攝已購買或正在觀望的一條根使用者的日常動作，字幕點出「產品不是神藥，定位要講清楚」。
12-25秒 知識：外用油膏應放在保守邊界：依標示外用，提供局部按摩與暫時舒緩體感。
25-36秒 安全：僅供外用；避免眼周、黏膜、破皮或傷口。
36-45秒 CTA：使用前看標示，收藏這支，下次別用錯。",產品不是神藥，定位要講清楚的重點是依標示使用，不誇大、不神化。本產品為外用油膏，請依核准標示使用；若症狀持續或惡化，請諮詢醫師或藥師。,#金牌一條根 #外用油膏 #成分透明 #依標示使用,"0-3秒 Hook：產品不是神藥，定位要講清楚，你也遇過嗎？
3-12秒 情境：拍攝已購買或正在觀望的一條根使用者的日常動作，字幕點出「產品不是神藥，定位要講清楚」。
12-25秒 知識：外用油膏應放在保守邊界：依標示外用，提供局部按摩與暫時舒緩體感。
25-36秒 安全：僅供外用；避免眼周、黏膜、破皮或傷口。
36-45秒 CTA：使用前看標示，收藏這支，下次別用錯。",本產品為外用油膏，請依核准標示使用；若症狀持續或惡化，請諮詢醫師或藥師。,僅供外用；避免眼周、黏膜、破皮或傷口。,根治|治療疾病|消炎治本|打通經絡|一擦就好|保證有效|深層修復|替代藥物
TikTok_LINE137,LINE137,TikTok,2026-08-11,12:00,立冬前後的日常舒緩儀式,F,低,pending_legal_pharmacist_review,false,立冬前後的日常舒緩儀式,"0-3秒 Hook：立冬前後的日常舒緩儀式，你也遇過嗎？
3-12秒 情境：拍攝喜歡養生、節氣與日常保健的 LINE 讀者的日常動作，字幕點出「立冬前後的日常舒緩儀式」。
12-25秒 知識：外用油膏應放在保守邊界：以生活保健與身體覺察為主，不做醫療療效宣稱。
25-36秒 安全：節氣養生屬一般生活資訊，身體不適仍應諮詢專業人員。
36-45秒 CTA：使用前看標示，收藏這支，下次別用錯。",立冬前後的日常舒緩儀式的重點是依標示使用，不誇大、不神化。本內容為一般生活保健資訊，非醫療診斷或治療建議。,#節氣保養 #生活保健 #日常保養 #身體覺察,"0-3秒 Hook：立冬前後的日常舒緩儀式，你也遇過嗎？
3-12秒 情境：拍攝喜歡養生、節氣與日常保健的 LINE 讀者的日常動作，字幕點出「立冬前後的日常舒緩儀式」。
12-25秒 知識：外用油膏應放在保守邊界：以生活保健與身體覺察為主，不做醫療療效宣稱。
25-36秒 安全：節氣養生屬一般生活資訊，身體不適仍應諮詢專業人員。
36-45秒 CTA：使用前看標示，收藏這支，下次別用錯。",本內容為一般生活保健資訊，非醫療診斷或治療建議。,節氣養生屬一般生活資訊，身體不適仍應諮詢專業人員。,根治|治療疾病|消炎治本|打通經絡|一擦就好|保證有效|深層修復|替代藥物
TikTok_LINE138,LINE138,TikTok,2026-08-11,20:00,深層症狀不適合自行處理,E,高,pending_legal_pharmacist_review,false,深層症狀不適合自行處理,"0-3秒 Hook：深層症狀不適合自行處理，你也遇過嗎？
3-12秒 情境：拍攝所有使用者、照護者與家庭購買者的日常動作，字幕點出「深層症狀不適合自行處理」。
12-25秒 知識：外用油膏應放在保守邊界：安全使用比用得多更重要，依標示與風險族群提醒。
25-36秒 安全：2 歲以下、孕哺、過敏體質、抗凝血藥使用者請先詢問專業人員。
36-45秒 CTA：使用前看標示，收藏這支，下次別用錯。",深層症狀不適合自行處理的重點是依標示使用，不誇大、不神化。僅供外用。避免接觸眼睛、黏膜、破皮或傷口；特殊族群使用前請先諮詢專業人員。,#外用安全 #用藥安全 #使用前看標示 #諮詢醫師藥師,"0-3秒 Hook：深層症狀不適合自行處理，你也遇過嗎？
3-12秒 情境：拍攝所有使用者、照護者與家庭購買者的日常動作，字幕點出「深層症狀不適合自行處理」。
12-25秒 知識：外用油膏應放在保守邊界：安全使用比用得多更重要，依標示與風險族群提醒。
25-36秒 安全：2 歲以下、孕哺、過敏體質、抗凝血藥使用者請先詢問專業人員。
36-45秒 CTA：使用前看標示，收藏這支，下次別用錯。",僅供外用。避免接觸眼睛、黏膜、破皮或傷口；特殊族群使用前請先諮詢專業人員。,2 歲以下、孕哺、過敏體質、抗凝血藥使用者請先詢問專業人員。,根治|治療疾病|消炎治本|打通經絡|一擦就好|保證有效|深層修復|替代藥物
TikTok_LINE139,LINE139,TikTok,2026-08-12,12:00,買外用膏先看三件事,H,中,pending_legal_pharmacist_review,false,買外用膏先看三件事,"0-3秒 Hook：買外用膏先看三件事，你也遇過嗎？
3-12秒 情境：拍攝重視藥證、成分、品質與合法性的消費者的日常動作，字幕點出「買外用膏先看三件事」。
12-25秒 知識：外用油膏應放在保守邊界：強調藥證、標示、保守宣稱與人工審核流程。
25-36秒 安全：所有廣告文案仍須依主管機關與專業人員審核。
36-45秒 CTA：使用前看標示，收藏這支，下次別用錯。",買外用膏先看三件事的重點是依標示使用，不誇大、不神化。本產品為外用油膏，請依核准標示使用；若症狀持續或惡化，請諮詢醫師或藥師。,#藥證可查 #品牌透明 #合法宣傳 #成分透明,"0-3秒 Hook：買外用膏先看三件事，你也遇過嗎？
3-12秒 情境：拍攝重視藥證、成分、品質與合法性的消費者的日常動作，字幕點出「買外用膏先看三件事」。
12-25秒 知識：外用油膏應放在保守邊界：強調藥證、標示、保守宣稱與人工審核流程。
25-36秒 安全：所有廣告文案仍須依主管機關與專業人員審核。
36-45秒 CTA：使用前看標示，收藏這支，下次別用錯。",本產品為外用油膏，請依核准標示使用；若症狀持續或惡化，請諮詢醫師或藥師。,所有廣告文案仍須依主管機關與專業人員審核。,根治|治療疾病|消炎治本|打通經絡|一擦就好|保證有效|深層修復|替代藥物
TikTok_LINE140,LINE140,TikTok,2026-08-12,20:00,哪些情況應該先就醫,G,低,pending_legal_pharmacist_review,false,哪些情況應該先就醫,"0-3秒 Hook：哪些情況應該先就醫，你也遇過嗎？
3-12秒 情境：拍攝LINE OA 好友、回購客與新客的日常動作，字幕點出「哪些情況應該先就醫」。
12-25秒 知識：外用油膏應放在保守邊界：用問答降低誤用，讓使用者知道何時該詢問專業人員。
25-36秒 安全：互動回答不取代醫師或藥師建議。
36-45秒 CTA：使用前看標示，收藏這支，下次別用錯。",哪些情況應該先就醫的重點是依標示使用，不誇大、不神化。本內容為一般生活保健資訊，非醫療診斷或治療建議。,#互動問答 #保養知識 #使用小提醒 #金牌一條根,"0-3秒 Hook：哪些情況應該先就醫，你也遇過嗎？
3-12秒 情境：拍攝LINE OA 好友、回購客與新客的日常動作，字幕點出「哪些情況應該先就醫」。
12-25秒 知識：外用油膏應放在保守邊界：用問答降低誤用，讓使用者知道何時該詢問專業人員。
25-36秒 安全：互動回答不取代醫師或藥師建議。
36-45秒 CTA：使用前看標示，收藏這支，下次別用錯。",本內容為一般生活保健資訊，非醫療診斷或治療建議。,互動回答不取代醫師或藥師建議。,根治|治療疾病|消炎治本|打通經絡|一擦就好|保證有效|深層修復|替代藥物
TikTok_LINE141,LINE141,TikTok,2026-08-13,12:00,運動後局部痠痛的保守處理,C,中,pending_legal_pharmacist_review,false,運動後局部痠痛的保守處理,"0-3秒 Hook：運動後局部痠痛的保守處理，你也遇過嗎？
3-12秒 情境：拍攝運動族、搬重物、久站與勞動工作者的日常動作，字幕點出「運動後局部痠痛的保守處理」。
12-25秒 知識：外用油膏應放在保守邊界：運動或勞動後的局部肌肉痠痛，可短期按摩舒緩。
25-36秒 安全：明顯腫脹、劇痛、活動受限或疑似受傷時，請先就醫。
36-45秒 CTA：使用前看標示，收藏這支，下次別用錯。",運動後局部痠痛的保守處理的重點是依標示使用，不誇大、不神化。本產品為外用油膏，請依核准標示使用；若症狀持續或惡化，請諮詢醫師或藥師。,#運動後保養 #局部按摩 #肌肉痠痛 #依標示使用,"0-3秒 Hook：運動後局部痠痛的保守處理，你也遇過嗎？
3-12秒 情境：拍攝運動族、搬重物、久站與勞動工作者的日常動作，字幕點出「運動後局部痠痛的保守處理」。
12-25秒 知識：外用油膏應放在保守邊界：運動或勞動後的局部肌肉痠痛，可短期按摩舒緩。
25-36秒 安全：明顯腫脹、劇痛、活動受限或疑似受傷時，請先就醫。
36-45秒 CTA：使用前看標示，收藏這支，下次別用錯。",本產品為外用油膏，請依核准標示使用；若症狀持續或惡化，請諮詢醫師或藥師。,明顯腫脹、劇痛、活動受限或疑似受傷時，請先就醫。,根治|治療疾病|消炎治本|打通經絡|一擦就好|保證有效|深層修復|替代藥物
TikTok_LINE142,LINE142,TikTok,2026-08-13,20:00,冬青油與清涼舒緩體感,A,中,pending_legal_pharmacist_review,false,冬青油與清涼舒緩體感,"0-3秒 Hook：冬青油與清涼舒緩體感，你也遇過嗎？
3-12秒 情境：拍攝已購買或正在觀望的一條根使用者的日常動作，字幕點出「冬青油與清涼舒緩體感」。
12-25秒 知識：外用油膏應放在保守邊界：依標示外用，提供局部按摩與暫時舒緩體感。
25-36秒 安全：僅供外用；避免眼周、黏膜、破皮或傷口。
36-45秒 CTA：使用前看標示，收藏這支，下次別用錯。",冬青油與清涼舒緩體感的重點是依標示使用，不誇大、不神化。本產品為外用油膏，請依核准標示使用；若症狀持續或惡化，請諮詢醫師或藥師。,#金牌一條根 #外用油膏 #成分透明 #依標示使用,"0-3秒 Hook：冬青油與清涼舒緩體感，你也遇過嗎？
3-12秒 情境：拍攝已購買或正在觀望的一條根使用者的日常動作，字幕點出「冬青油與清涼舒緩體感」。
12-25秒 知識：外用油膏應放在保守邊界：依標示外用，提供局部按摩與暫時舒緩體感。
25-36秒 安全：僅供外用；避免眼周、黏膜、破皮或傷口。
36-45秒 CTA：使用前看標示，收藏這支，下次別用錯。",本產品為外用油膏，請依核准標示使用；若症狀持續或惡化，請諮詢醫師或藥師。,僅供外用；避免眼周、黏膜、破皮或傷口。,根治|治療疾病|消炎治本|打通經絡|一擦就好|保證有效|深層修復|替代藥物
TikTok_LINE143,LINE143,TikTok,2026-08-14,12:00,早晨活動前的關節暖身,D,中,pending_legal_pharmacist_review,false,早晨活動前的關節暖身,"0-3秒 Hook：早晨活動前的關節暖身，你也遇過嗎？
3-12秒 情境：拍攝40-70 歲注重日常活動舒適度的族群的日常動作，字幕點出「早晨活動前的關節暖身」。
12-25秒 知識：外用油膏應放在保守邊界：輕微關節痠痛可短期舒緩，但不可宣稱治療疾病。
25-36秒 安全：關節腫痛、紅熱、長期疼痛或行走困難，請就醫評估。
36-45秒 CTA：使用前看標示，收藏這支，下次別用錯。",早晨活動前的關節暖身的重點是依標示使用，不誇大、不神化。本產品為外用油膏，請依核准標示使用；若症狀持續或惡化，請諮詢醫師或藥師。,#銀髮保養 #活動舒適 #輕微痠痛 #依標示使用,"0-3秒 Hook：早晨活動前的關節暖身，你也遇過嗎？
3-12秒 情境：拍攝40-70 歲注重日常活動舒適度的族群的日常動作，字幕點出「早晨活動前的關節暖身」。
12-25秒 知識：外用油膏應放在保守邊界：輕微關節痠痛可短期舒緩，但不可宣稱治療疾病。
25-36秒 安全：關節腫痛、紅熱、長期疼痛或行走困難，請就醫評估。
36-45秒 CTA：使用前看標示，收藏這支，下次別用錯。",本產品為外用油膏，請依核准標示使用；若症狀持續或惡化，請諮詢醫師或藥師。,關節腫痛、紅熱、長期疼痛或行走困難，請就醫評估。,根治|治療疾病|消炎治本|打通經絡|一擦就好|保證有效|深層修復|替代藥物
TikTok_LINE144,LINE144,TikTok,2026-08-14,20:00,不能擦在破皮或傷口,E,高,pending_legal_pharmacist_review,false,不能擦在破皮或傷口,"0-3秒 Hook：不能擦在破皮或傷口，你也遇過嗎？
3-12秒 情境：拍攝所有使用者、照護者與家庭購買者的日常動作，字幕點出「不能擦在破皮或傷口」。
12-25秒 知識：外用油膏應放在保守邊界：安全使用比用得多更重要，依標示與風險族群提醒。
25-36秒 安全：2 歲以下、孕哺、過敏體質、抗凝血藥使用者請先詢問專業人員。
36-45秒 CTA：使用前看標示，收藏這支，下次別用錯。",不能擦在破皮或傷口的重點是依標示使用，不誇大、不神化。僅供外用。避免接觸眼睛、黏膜、破皮或傷口；特殊族群使用前請先諮詢專業人員。,#外用安全 #用藥安全 #使用前看標示 #諮詢醫師藥師,"0-3秒 Hook：不能擦在破皮或傷口，你也遇過嗎？
3-12秒 情境：拍攝所有使用者、照護者與家庭購買者的日常動作，字幕點出「不能擦在破皮或傷口」。
12-25秒 知識：外用油膏應放在保守邊界：安全使用比用得多更重要，依標示與風險族群提醒。
25-36秒 安全：2 歲以下、孕哺、過敏體質、抗凝血藥使用者請先詢問專業人員。
36-45秒 CTA：使用前看標示，收藏這支，下次別用錯。",僅供外用。避免接觸眼睛、黏膜、破皮或傷口；特殊族群使用前請先諮詢專業人員。,2 歲以下、孕哺、過敏體質、抗凝血藥使用者請先詢問專業人員。,根治|治療疾病|消炎治本|打通經絡|一擦就好|保證有效|深層修復|替代藥物
TikTok_LINE145,LINE145,TikTok,2026-08-15,12:00,芒種後濕熱生活保養,F,低,pending_legal_pharmacist_review,false,芒種後濕熱生活保養,"0-3秒 Hook：芒種後濕熱生活保養，你也遇過嗎？
3-12秒 情境：拍攝喜歡養生、節氣與日常保健的 LINE 讀者的日常動作，字幕點出「芒種後濕熱生活保養」。
12-25秒 知識：外用油膏應放在保守邊界：以生活保健與身體覺察為主，不做醫療療效宣稱。
25-36秒 安全：節氣養生屬一般生活資訊，身體不適仍應諮詢專業人員。
36-45秒 CTA：使用前看標示，收藏這支，下次別用錯。",芒種後濕熱生活保養的重點是依標示使用，不誇大、不神化。本內容為一般生活保健資訊，非醫療診斷或治療建議。,#節氣保養 #生活保健 #日常保養 #身體覺察,"0-3秒 Hook：芒種後濕熱生活保養，你也遇過嗎？
3-12秒 情境：拍攝喜歡養生、節氣與日常保健的 LINE 讀者的日常動作，字幕點出「芒種後濕熱生活保養」。
12-25秒 知識：外用油膏應放在保守邊界：以生活保健與身體覺察為主，不做醫療療效宣稱。
25-36秒 安全：節氣養生屬一般生活資訊，身體不適仍應諮詢專業人員。
36-45秒 CTA：使用前看標示，收藏這支，下次別用錯。",本內容為一般生活保健資訊，非醫療診斷或治療建議。,節氣養生屬一般生活資訊，身體不適仍應諮詢專業人員。,根治|治療疾病|消炎治本|打通經絡|一擦就好|保證有效|深層修復|替代藥物
TikTok_LINE146,LINE146,TikTok,2026-08-15,20:00,久站後小腿不適舒緩,C,中,pending_legal_pharmacist_review,false,久站後小腿不適舒緩,"0-3秒 Hook：久站後小腿不適舒緩，你也遇過嗎？
3-12秒 情境：拍攝運動族、搬重物、久站與勞動工作者的日常動作，字幕點出「久站後小腿不適舒緩」。
12-25秒 知識：外用油膏應放在保守邊界：運動或勞動後的局部肌肉痠痛，可短期按摩舒緩。
25-36秒 安全：明顯腫脹、劇痛、活動受限或疑似受傷時，請先就醫。
36-45秒 CTA：使用前看標示，收藏這支，下次別用錯。",久站後小腿不適舒緩的重點是依標示使用，不誇大、不神化。本產品為外用油膏，請依核准標示使用；若症狀持續或惡化，請諮詢醫師或藥師。,#運動後保養 #局部按摩 #肌肉痠痛 #依標示使用,"0-3秒 Hook：久站後小腿不適舒緩，你也遇過嗎？
3-12秒 情境：拍攝運動族、搬重物、久站與勞動工作者的日常動作，字幕點出「久站後小腿不適舒緩」。
12-25秒 知識：外用油膏應放在保守邊界：運動或勞動後的局部肌肉痠痛，可短期按摩舒緩。
25-36秒 安全：明顯腫脹、劇痛、活動受限或疑似受傷時，請先就醫。
36-45秒 CTA：使用前看標示，收藏這支，下次別用錯。",本產品為外用油膏，請依核准標示使用；若症狀持續或惡化，請諮詢醫師或藥師。,明顯腫脹、劇痛、活動受限或疑似受傷時，請先就醫。,根治|治療疾病|消炎治本|打通經絡|一擦就好|保證有效|深層修復|替代藥物
TikTok_LINE147,LINE147,TikTok,2026-08-16,12:00,你最常哪個部位緊繃,G,低,pending_legal_pharmacist_review,false,你最常哪個部位緊繃,"0-3秒 Hook：你最常哪個部位緊繃，你也遇過嗎？
3-12秒 情境：拍攝LINE OA 好友、回購客與新客的日常動作，字幕點出「你最常哪個部位緊繃」。
12-25秒 知識：外用油膏應放在保守邊界：用問答降低誤用，讓使用者知道何時該詢問專業人員。
25-36秒 安全：互動回答不取代醫師或藥師建議。
36-45秒 CTA：使用前看標示，收藏這支，下次別用錯。",你最常哪個部位緊繃的重點是依標示使用，不誇大、不神化。本內容為一般生活保健資訊，非醫療診斷或治療建議。,#互動問答 #保養知識 #使用小提醒 #金牌一條根,"0-3秒 Hook：你最常哪個部位緊繃，你也遇過嗎？
3-12秒 情境：拍攝LINE OA 好友、回購客與新客的日常動作，字幕點出「你最常哪個部位緊繃」。
12-25秒 知識：外用油膏應放在保守邊界：用問答降低誤用，讓使用者知道何時該詢問專業人員。
25-36秒 安全：互動回答不取代醫師或藥師建議。
36-45秒 CTA：使用前看標示，收藏這支，下次別用錯。",本內容為一般生活保健資訊，非醫療診斷或治療建議。,互動回答不取代醫師或藥師建議。,根治|治療疾病|消炎治本|打通經絡|一擦就好|保證有效|深層修復|替代藥物
TikTok_LINE148,LINE148,TikTok,2026-08-16,20:00,長輩外用膏使用安全,D,中,pending_legal_pharmacist_review,false,長輩外用膏使用安全,"0-3秒 Hook：長輩外用膏使用安全，你也遇過嗎？
3-12秒 情境：拍攝40-70 歲注重日常活動舒適度的族群的日常動作，字幕點出「長輩外用膏使用安全」。
12-25秒 知識：外用油膏應放在保守邊界：輕微關節痠痛可短期舒緩，但不可宣稱治療疾病。
25-36秒 安全：關節腫痛、紅熱、長期疼痛或行走困難，請就醫評估。
36-45秒 CTA：使用前看標示，收藏這支，下次別用錯。",長輩外用膏使用安全的重點是依標示使用，不誇大、不神化。本產品為外用油膏，請依核准標示使用；若症狀持續或惡化，請諮詢醫師或藥師。,#銀髮保養 #活動舒適 #輕微痠痛 #依標示使用,"0-3秒 Hook：長輩外用膏使用安全，你也遇過嗎？
3-12秒 情境：拍攝40-70 歲注重日常活動舒適度的族群的日常動作，字幕點出「長輩外用膏使用安全」。
12-25秒 知識：外用油膏應放在保守邊界：輕微關節痠痛可短期舒緩，但不可宣稱治療疾病。
25-36秒 安全：關節腫痛、紅熱、長期疼痛或行走困難，請就醫評估。
36-45秒 CTA：使用前看標示，收藏這支，下次別用錯。",本產品為外用油膏，請依核准標示使用；若症狀持續或惡化，請諮詢醫師或藥師。,關節腫痛、紅熱、長期疼痛或行走困難，請就醫評估。,根治|治療疾病|消炎治本|打通經絡|一擦就好|保證有效|深層修復|替代藥物
TikTok_LINE149,LINE149,TikTok,2026-08-17,12:00,低頭族肩頸緊繃的三個提醒,B,低,pending_legal_pharmacist_review,false,低頭族肩頸緊繃的三個提醒,"0-3秒 Hook：低頭族肩頸緊繃的三個提醒，你也遇過嗎？
3-12秒 情境：拍攝長時間低頭、久坐、用電腦的上班族的日常動作，字幕點出「低頭族肩頸緊繃的三個提醒」。
12-25秒 知識：外用油膏應放在保守邊界：久坐低頭後，可搭配伸展與局部按摩舒緩緊繃不適。
25-36秒 安全：若痠痛持續、麻木或影響活動，請諮詢醫師或藥師。
36-45秒 CTA：使用前看標示，收藏這支，下次別用錯。",低頭族肩頸緊繃的三個提醒的重點是依標示使用，不誇大、不神化。本內容為一般生活保健資訊，非醫療診斷或治療建議。,#肩頸保養 #久坐族 #日常舒緩 #依標示使用,"0-3秒 Hook：低頭族肩頸緊繃的三個提醒，你也遇過嗎？
3-12秒 情境：拍攝長時間低頭、久坐、用電腦的上班族的日常動作，字幕點出「低頭族肩頸緊繃的三個提醒」。
12-25秒 知識：外用油膏應放在保守邊界：久坐低頭後，可搭配伸展與局部按摩舒緩緊繃不適。
25-36秒 安全：若痠痛持續、麻木或影響活動，請諮詢醫師或藥師。
36-45秒 CTA：使用前看標示，收藏這支，下次別用錯。",本內容為一般生活保健資訊，非醫療診斷或治療建議。,若痠痛持續、麻木或影響活動，請諮詢醫師或藥師。,根治|治療疾病|消炎治本|打通經絡|一擦就好|保證有效|深層修復|替代藥物
TikTok_LINE150,LINE150,TikTok,2026-08-17,20:00,薄荷腦帶來的涼感來源,A,中,pending_legal_pharmacist_review,false,薄荷腦帶來的涼感來源,"0-3秒 Hook：薄荷腦帶來的涼感來源，你也遇過嗎？
3-12秒 情境：拍攝已購買或正在觀望的一條根使用者的日常動作，字幕點出「薄荷腦帶來的涼感來源」。
12-25秒 知識：外用油膏應放在保守邊界：依標示外用，提供局部按摩與暫時舒緩體感。
25-36秒 安全：僅供外用；避免眼周、黏膜、破皮或傷口。
36-45秒 CTA：使用前看標示，收藏這支，下次別用錯。",薄荷腦帶來的涼感來源的重點是依標示使用，不誇大、不神化。本產品為外用油膏，請依核准標示使用；若症狀持續或惡化，請諮詢醫師或藥師。,#金牌一條根 #外用油膏 #成分透明 #依標示使用,"0-3秒 Hook：薄荷腦帶來的涼感來源，你也遇過嗎？
3-12秒 情境：拍攝已購買或正在觀望的一條根使用者的日常動作，字幕點出「薄荷腦帶來的涼感來源」。
12-25秒 知識：外用油膏應放在保守邊界：依標示外用，提供局部按摩與暫時舒緩體感。
25-36秒 安全：僅供外用；避免眼周、黏膜、破皮或傷口。
36-45秒 CTA：使用前看標示，收藏這支，下次別用錯。",本產品為外用油膏，請依核准標示使用；若症狀持續或惡化，請諮詢醫師或藥師。,僅供外用；避免眼周、黏膜、破皮或傷口。,根治|治療疾病|消炎治本|打通經絡|一擦就好|保證有效|深層修復|替代藥物
TikTok_LINE151,LINE151,TikTok,2026-08-18,12:00,夏季冷氣房的肩頸保養,F,低,pending_legal_pharmacist_review,false,夏季冷氣房的肩頸保養,"0-3秒 Hook：夏季冷氣房的肩頸保養，你也遇過嗎？
3-12秒 情境：拍攝喜歡養生、節氣與日常保健的 LINE 讀者的日常動作，字幕點出「夏季冷氣房的肩頸保養」。
12-25秒 知識：外用油膏應放在保守邊界：以生活保健與身體覺察為主，不做醫療療效宣稱。
25-36秒 安全：節氣養生屬一般生活資訊，身體不適仍應諮詢專業人員。
36-45秒 CTA：使用前看標示，收藏這支，下次別用錯。",夏季冷氣房的肩頸保養的重點是依標示使用，不誇大、不神化。本內容為一般生活保健資訊，非醫療診斷或治療建議。,#節氣保養 #生活保健 #日常保養 #身體覺察,"0-3秒 Hook：夏季冷氣房的肩頸保養，你也遇過嗎？
3-12秒 情境：拍攝喜歡養生、節氣與日常保健的 LINE 讀者的日常動作，字幕點出「夏季冷氣房的肩頸保養」。
12-25秒 知識：外用油膏應放在保守邊界：以生活保健與身體覺察為主，不做醫療療效宣稱。
25-36秒 安全：節氣養生屬一般生活資訊，身體不適仍應諮詢專業人員。
36-45秒 CTA：使用前看標示，收藏這支，下次別用錯。",本內容為一般生活保健資訊，非醫療診斷或治療建議。,節氣養生屬一般生活資訊，身體不適仍應諮詢專業人員。,根治|治療疾病|消炎治本|打通經絡|一擦就好|保證有效|深層修復|替代藥物
TikTok_LINE152,LINE152,TikTok,2026-08-18,20:00,外用膏避免眼周與黏膜,E,高,pending_legal_pharmacist_review,false,外用膏避免眼周與黏膜,"0-3秒 Hook：外用膏避免眼周與黏膜，你也遇過嗎？
3-12秒 情境：拍攝所有使用者、照護者與家庭購買者的日常動作，字幕點出「外用膏避免眼周與黏膜」。
12-25秒 知識：外用油膏應放在保守邊界：安全使用比用得多更重要，依標示與風險族群提醒。
25-36秒 安全：2 歲以下、孕哺、過敏體質、抗凝血藥使用者請先詢問專業人員。
36-45秒 CTA：使用前看標示，收藏這支，下次別用錯。",外用膏避免眼周與黏膜的重點是依標示使用，不誇大、不神化。僅供外用。避免接觸眼睛、黏膜、破皮或傷口；特殊族群使用前請先諮詢專業人員。,#外用安全 #用藥安全 #使用前看標示 #諮詢醫師藥師,"0-3秒 Hook：外用膏避免眼周與黏膜，你也遇過嗎？
3-12秒 情境：拍攝所有使用者、照護者與家庭購買者的日常動作，字幕點出「外用膏避免眼周與黏膜」。
12-25秒 知識：外用油膏應放在保守邊界：安全使用比用得多更重要，依標示與風險族群提醒。
25-36秒 安全：2 歲以下、孕哺、過敏體質、抗凝血藥使用者請先詢問專業人員。
36-45秒 CTA：使用前看標示，收藏這支，下次別用錯。",僅供外用。避免接觸眼睛、黏膜、破皮或傷口；特殊族群使用前請先諮詢專業人員。,2 歲以下、孕哺、過敏體質、抗凝血藥使用者請先詢問專業人員。,根治|治療疾病|消炎治本|打通經絡|一擦就好|保證有效|深層修復|替代藥物
TikTok_LINE153,LINE153,TikTok,2026-08-19,12:00,為什麼我們不說神效,H,中,pending_legal_pharmacist_review,false,為什麼我們不說神效,"0-3秒 Hook：為什麼我們不說神效，你也遇過嗎？
3-12秒 情境：拍攝重視藥證、成分、品質與合法性的消費者的日常動作，字幕點出「為什麼我們不說神效」。
12-25秒 知識：外用油膏應放在保守邊界：強調藥證、標示、保守宣稱與人工審核流程。
25-36秒 安全：所有廣告文案仍須依主管機關與專業人員審核。
36-45秒 CTA：使用前看標示，收藏這支，下次別用錯。",為什麼我們不說神效的重點是依標示使用，不誇大、不神化。本產品為外用油膏，請依核准標示使用；若症狀持續或惡化，請諮詢醫師或藥師。,#藥證可查 #品牌透明 #合法宣傳 #成分透明,"0-3秒 Hook：為什麼我們不說神效，你也遇過嗎？
3-12秒 情境：拍攝重視藥證、成分、品質與合法性的消費者的日常動作，字幕點出「為什麼我們不說神效」。
12-25秒 知識：外用油膏應放在保守邊界：強調藥證、標示、保守宣稱與人工審核流程。
25-36秒 安全：所有廣告文案仍須依主管機關與專業人員審核。
36-45秒 CTA：使用前看標示，收藏這支，下次別用錯。",本產品為外用油膏，請依核准標示使用；若症狀持續或惡化，請諮詢醫師或藥師。,所有廣告文案仍須依主管機關與專業人員審核。,根治|治療疾病|消炎治本|打通經絡|一擦就好|保證有效|深層修復|替代藥物
TikTok_LINE154,LINE154,TikTok,2026-08-19,20:00,你習慣運動前還是運動後保養,G,低,pending_legal_pharmacist_review,false,你習慣運動前還是運動後保養,"0-3秒 Hook：你習慣運動前還是運動後保養，你也遇過嗎？
3-12秒 情境：拍攝LINE OA 好友、回購客與新客的日常動作，字幕點出「你習慣運動前還是運動後保養」。
12-25秒 知識：外用油膏應放在保守邊界：用問答降低誤用，讓使用者知道何時該詢問專業人員。
25-36秒 安全：互動回答不取代醫師或藥師建議。
36-45秒 CTA：使用前看標示，收藏這支，下次別用錯。",你習慣運動前還是運動後保養的重點是依標示使用，不誇大、不神化。本內容為一般生活保健資訊，非醫療診斷或治療建議。,#互動問答 #保養知識 #使用小提醒 #金牌一條根,"0-3秒 Hook：你習慣運動前還是運動後保養，你也遇過嗎？
3-12秒 情境：拍攝LINE OA 好友、回購客與新客的日常動作，字幕點出「你習慣運動前還是運動後保養」。
12-25秒 知識：外用油膏應放在保守邊界：用問答降低誤用，讓使用者知道何時該詢問專業人員。
25-36秒 安全：互動回答不取代醫師或藥師建議。
36-45秒 CTA：使用前看標示，收藏這支，下次別用錯。",本內容為一般生活保健資訊，非醫療診斷或治療建議。,互動回答不取代醫師或藥師建議。,根治|治療疾病|消炎治本|打通經絡|一擦就好|保證有效|深層修復|替代藥物
TikTok_LINE155,LINE155,TikTok,2026-08-20,12:00,搬重物後腰背保養,C,中,pending_legal_pharmacist_review,false,搬重物後腰背保養,"0-3秒 Hook：搬重物後腰背保養，你也遇過嗎？
3-12秒 情境：拍攝運動族、搬重物、久站與勞動工作者的日常動作，字幕點出「搬重物後腰背保養」。
12-25秒 知識：外用油膏應放在保守邊界：運動或勞動後的局部肌肉痠痛，可短期按摩舒緩。
25-36秒 安全：明顯腫脹、劇痛、活動受限或疑似受傷時，請先就醫。
36-45秒 CTA：使用前看標示，收藏這支，下次別用錯。",搬重物後腰背保養的重點是依標示使用，不誇大、不神化。本產品為外用油膏，請依核准標示使用；若症狀持續或惡化，請諮詢醫師或藥師。,#運動後保養 #局部按摩 #肌肉痠痛 #依標示使用,"0-3秒 Hook：搬重物後腰背保養，你也遇過嗎？
3-12秒 情境：拍攝運動族、搬重物、久站與勞動工作者的日常動作，字幕點出「搬重物後腰背保養」。
12-25秒 知識：外用油膏應放在保守邊界：運動或勞動後的局部肌肉痠痛，可短期按摩舒緩。
25-36秒 安全：明顯腫脹、劇痛、活動受限或疑似受傷時，請先就醫。
36-45秒 CTA：使用前看標示，收藏這支，下次別用錯。",本產品為外用油膏，請依核准標示使用；若症狀持續或惡化，請諮詢醫師或藥師。,明顯腫脹、劇痛、活動受限或疑似受傷時，請先就醫。,根治|治療疾病|消炎治本|打通經絡|一擦就好|保證有效|深層修復|替代藥物
TikTok_LINE156,LINE156,TikTok,2026-08-20,20:00,樟腦外用時的注意界線,A,中,pending_legal_pharmacist_review,false,樟腦外用時的注意界線,"0-3秒 Hook：樟腦外用時的注意界線，你也遇過嗎？
3-12秒 情境：拍攝已購買或正在觀望的一條根使用者的日常動作，字幕點出「樟腦外用時的注意界線」。
12-25秒 知識：外用油膏應放在保守邊界：依標示外用，提供局部按摩與暫時舒緩體感。
25-36秒 安全：僅供外用；避免眼周、黏膜、破皮或傷口。
36-45秒 CTA：使用前看標示，收藏這支，下次別用錯。",樟腦外用時的注意界線的重點是依標示使用，不誇大、不神化。本產品為外用油膏，請依核准標示使用；若症狀持續或惡化，請諮詢醫師或藥師。,#金牌一條根 #外用油膏 #成分透明 #依標示使用,"0-3秒 Hook：樟腦外用時的注意界線，你也遇過嗎？
3-12秒 情境：拍攝已購買或正在觀望的一條根使用者的日常動作，字幕點出「樟腦外用時的注意界線」。
12-25秒 知識：外用油膏應放在保守邊界：依標示外用，提供局部按摩與暫時舒緩體感。
25-36秒 安全：僅供外用；避免眼周、黏膜、破皮或傷口。
36-45秒 CTA：使用前看標示，收藏這支，下次別用錯。",本產品為外用油膏，請依核准標示使用；若症狀持續或惡化，請諮詢醫師或藥師。,僅供外用；避免眼周、黏膜、破皮或傷口。,根治|治療疾病|消炎治本|打通經絡|一擦就好|保證有效|深層修復|替代藥物
TikTok_LINE157,LINE157,TikTok,2026-08-21,12:00,輕微關節痠痛與疾病治療要分開,D,中,pending_legal_pharmacist_review,false,輕微關節痠痛與疾病治療要分開,"0-3秒 Hook：輕微關節痠痛與疾病治療要分開，你也遇過嗎？
3-12秒 情境：拍攝40-70 歲注重日常活動舒適度的族群的日常動作，字幕點出「輕微關節痠痛與疾病治療要分開」。
12-25秒 知識：外用油膏應放在保守邊界：輕微關節痠痛可短期舒緩，但不可宣稱治療疾病。
25-36秒 安全：關節腫痛、紅熱、長期疼痛或行走困難，請就醫評估。
36-45秒 CTA：使用前看標示，收藏這支，下次別用錯。",輕微關節痠痛與疾病治療要分開的重點是依標示使用，不誇大、不神化。本產品為外用油膏，請依核准標示使用；若症狀持續或惡化，請諮詢醫師或藥師。,#銀髮保養 #活動舒適 #輕微痠痛 #依標示使用,"0-3秒 Hook：輕微關節痠痛與疾病治療要分開，你也遇過嗎？
3-12秒 情境：拍攝40-70 歲注重日常活動舒適度的族群的日常動作，字幕點出「輕微關節痠痛與疾病治療要分開」。
12-25秒 知識：外用油膏應放在保守邊界：輕微關節痠痛可短期舒緩，但不可宣稱治療疾病。
25-36秒 安全：關節腫痛、紅熱、長期疼痛或行走困難，請就醫評估。
36-45秒 CTA：使用前看標示，收藏這支，下次別用錯。",本產品為外用油膏，請依核准標示使用；若症狀持續或惡化，請諮詢醫師或藥師。,關節腫痛、紅熱、長期疼痛或行走困難，請就醫評估。,根治|治療疾病|消炎治本|打通經絡|一擦就好|保證有效|深層修復|替代藥物
TikTok_LINE158,LINE158,TikTok,2026-08-21,20:00,不要搭配熱敷墊或電毯,E,高,pending_legal_pharmacist_review,false,不要搭配熱敷墊或電毯,"0-3秒 Hook：不要搭配熱敷墊或電毯，你也遇過嗎？
3-12秒 情境：拍攝所有使用者、照護者與家庭購買者的日常動作，字幕點出「不要搭配熱敷墊或電毯」。
12-25秒 知識：外用油膏應放在保守邊界：安全使用比用得多更重要，依標示與風險族群提醒。
25-36秒 安全：2 歲以下、孕哺、過敏體質、抗凝血藥使用者請先詢問專業人員。
36-45秒 CTA：使用前看標示，收藏這支，下次別用錯。",不要搭配熱敷墊或電毯的重點是依標示使用，不誇大、不神化。僅供外用。避免接觸眼睛、黏膜、破皮或傷口；特殊族群使用前請先諮詢專業人員。,#外用安全 #用藥安全 #使用前看標示 #諮詢醫師藥師,"0-3秒 Hook：不要搭配熱敷墊或電毯，你也遇過嗎？
3-12秒 情境：拍攝所有使用者、照護者與家庭購買者的日常動作，字幕點出「不要搭配熱敷墊或電毯」。
12-25秒 知識：外用油膏應放在保守邊界：安全使用比用得多更重要，依標示與風險族群提醒。
25-36秒 安全：2 歲以下、孕哺、過敏體質、抗凝血藥使用者請先詢問專業人員。
36-45秒 CTA：使用前看標示，收藏這支，下次別用錯。",僅供外用。避免接觸眼睛、黏膜、破皮或傷口；特殊族群使用前請先諮詢專業人員。,2 歲以下、孕哺、過敏體質、抗凝血藥使用者請先詢問專業人員。,根治|治療疾病|消炎治本|打通經絡|一擦就好|保證有效|深層修復|替代藥物
TikTok_LINE159,LINE159,TikTok,2026-08-22,12:00,小暑前後活動舒適提醒,F,低,pending_legal_pharmacist_review,false,小暑前後活動舒適提醒,"0-3秒 Hook：小暑前後活動舒適提醒，你也遇過嗎？
3-12秒 情境：拍攝喜歡養生、節氣與日常保健的 LINE 讀者的日常動作，字幕點出「小暑前後活動舒適提醒」。
12-25秒 知識：外用油膏應放在保守邊界：以生活保健與身體覺察為主，不做醫療療效宣稱。
25-36秒 安全：節氣養生屬一般生活資訊，身體不適仍應諮詢專業人員。
36-45秒 CTA：使用前看標示，收藏這支，下次別用錯。",小暑前後活動舒適提醒的重點是依標示使用，不誇大、不神化。本內容為一般生活保健資訊，非醫療診斷或治療建議。,#節氣保養 #生活保健 #日常保養 #身體覺察,"0-3秒 Hook：小暑前後活動舒適提醒，你也遇過嗎？
3-12秒 情境：拍攝喜歡養生、節氣與日常保健的 LINE 讀者的日常動作，字幕點出「小暑前後活動舒適提醒」。
12-25秒 知識：外用油膏應放在保守邊界：以生活保健與身體覺察為主，不做醫療療效宣稱。
25-36秒 安全：節氣養生屬一般生活資訊，身體不適仍應諮詢專業人員。
36-45秒 CTA：使用前看標示，收藏這支，下次別用錯。",本內容為一般生活保健資訊，非醫療診斷或治療建議。,節氣養生屬一般生活資訊，身體不適仍應諮詢專業人員。,根治|治療疾病|消炎治本|打通經絡|一擦就好|保證有效|深層修復|替代藥物
TikTok_LINE160,LINE160,TikTok,2026-08-22,20:00,爬山後腿部按摩提醒,C,中,pending_legal_pharmacist_review,false,爬山後腿部按摩提醒,"0-3秒 Hook：爬山後腿部按摩提醒，你也遇過嗎？
3-12秒 情境：拍攝運動族、搬重物、久站與勞動工作者的日常動作，字幕點出「爬山後腿部按摩提醒」。
12-25秒 知識：外用油膏應放在保守邊界：運動或勞動後的局部肌肉痠痛，可短期按摩舒緩。
25-36秒 安全：明顯腫脹、劇痛、活動受限或疑似受傷時，請先就醫。
36-45秒 CTA：使用前看標示，收藏這支，下次別用錯。",爬山後腿部按摩提醒的重點是依標示使用，不誇大、不神化。本產品為外用油膏，請依核准標示使用；若症狀持續或惡化，請諮詢醫師或藥師。,#運動後保養 #局部按摩 #肌肉痠痛 #依標示使用,"0-3秒 Hook：爬山後腿部按摩提醒，你也遇過嗎？
3-12秒 情境：拍攝運動族、搬重物、久站與勞動工作者的日常動作，字幕點出「爬山後腿部按摩提醒」。
12-25秒 知識：外用油膏應放在保守邊界：運動或勞動後的局部肌肉痠痛，可短期按摩舒緩。
25-36秒 安全：明顯腫脹、劇痛、活動受限或疑似受傷時，請先就醫。
36-45秒 CTA：使用前看標示，收藏這支，下次別用錯。",本產品為外用油膏，請依核准標示使用；若症狀持續或惡化，請諮詢醫師或藥師。,明顯腫脹、劇痛、活動受限或疑似受傷時，請先就醫。,根治|治療疾病|消炎治本|打通經絡|一擦就好|保證有效|深層修復|替代藥物
TikTok_LINE161,LINE161,TikTok,2026-08-23,12:00,外用膏一次擦多少才剛好,G,低,pending_legal_pharmacist_review,false,外用膏一次擦多少才剛好,"0-3秒 Hook：外用膏一次擦多少才剛好，你也遇過嗎？
3-12秒 情境：拍攝LINE OA 好友、回購客與新客的日常動作，字幕點出「外用膏一次擦多少才剛好」。
12-25秒 知識：外用油膏應放在保守邊界：用問答降低誤用，讓使用者知道何時該詢問專業人員。
25-36秒 安全：互動回答不取代醫師或藥師建議。
36-45秒 CTA：使用前看標示，收藏這支，下次別用錯。",外用膏一次擦多少才剛好的重點是依標示使用，不誇大、不神化。本內容為一般生活保健資訊，非醫療診斷或治療建議。,#互動問答 #保養知識 #使用小提醒 #金牌一條根,"0-3秒 Hook：外用膏一次擦多少才剛好，你也遇過嗎？
3-12秒 情境：拍攝LINE OA 好友、回購客與新客的日常動作，字幕點出「外用膏一次擦多少才剛好」。
12-25秒 知識：外用油膏應放在保守邊界：用問答降低誤用，讓使用者知道何時該詢問專業人員。
25-36秒 安全：互動回答不取代醫師或藥師建議。
36-45秒 CTA：使用前看標示，收藏這支，下次別用錯。",本內容為一般生活保健資訊，非醫療診斷或治療建議。,互動回答不取代醫師或藥師建議。,根治|治療疾病|消炎治本|打通經絡|一擦就好|保證有效|深層修復|替代藥物
TikTok_LINE162,LINE162,TikTok,2026-08-23,20:00,散步後的膝周保養,D,中,pending_legal_pharmacist_review,false,散步後的膝周保養,"0-3秒 Hook：散步後的膝周保養，你也遇過嗎？
3-12秒 情境：拍攝40-70 歲注重日常活動舒適度的族群的日常動作，字幕點出「散步後的膝周保養」。
12-25秒 知識：外用油膏應放在保守邊界：輕微關節痠痛可短期舒緩，但不可宣稱治療疾病。
25-36秒 安全：關節腫痛、紅熱、長期疼痛或行走困難，請就醫評估。
36-45秒 CTA：使用前看標示，收藏這支，下次別用錯。",散步後的膝周保養的重點是依標示使用，不誇大、不神化。本產品為外用油膏，請依核准標示使用；若症狀持續或惡化，請諮詢醫師或藥師。,#銀髮保養 #活動舒適 #輕微痠痛 #依標示使用,"0-3秒 Hook：散步後的膝周保養，你也遇過嗎？
3-12秒 情境：拍攝40-70 歲注重日常活動舒適度的族群的日常動作，字幕點出「散步後的膝周保養」。
12-25秒 知識：外用油膏應放在保守邊界：輕微關節痠痛可短期舒緩，但不可宣稱治療疾病。
25-36秒 安全：關節腫痛、紅熱、長期疼痛或行走困難，請就醫評估。
36-45秒 CTA：使用前看標示，收藏這支，下次別用錯。",本產品為外用油膏，請依核准標示使用；若症狀持續或惡化，請諮詢醫師或藥師。,關節腫痛、紅熱、長期疼痛或行走困難，請就醫評估。,根治|治療疾病|消炎治本|打通經絡|一擦就好|保證有效|深層修復|替代藥物
TikTok_LINE163,LINE163,TikTok,2026-08-24,12:00,午休前的肩頸放鬆流程,B,低,pending_legal_pharmacist_review,false,午休前的肩頸放鬆流程,"0-3秒 Hook：午休前的肩頸放鬆流程，你也遇過嗎？
3-12秒 情境：拍攝長時間低頭、久坐、用電腦的上班族的日常動作，字幕點出「午休前的肩頸放鬆流程」。
12-25秒 知識：外用油膏應放在保守邊界：久坐低頭後，可搭配伸展與局部按摩舒緩緊繃不適。
25-36秒 安全：若痠痛持續、麻木或影響活動，請諮詢醫師或藥師。
36-45秒 CTA：使用前看標示，收藏這支，下次別用錯。",午休前的肩頸放鬆流程的重點是依標示使用，不誇大、不神化。本內容為一般生活保健資訊，非醫療診斷或治療建議。,#肩頸保養 #久坐族 #日常舒緩 #依標示使用,"0-3秒 Hook：午休前的肩頸放鬆流程，你也遇過嗎？
3-12秒 情境：拍攝長時間低頭、久坐、用電腦的上班族的日常動作，字幕點出「午休前的肩頸放鬆流程」。
12-25秒 知識：外用油膏應放在保守邊界：久坐低頭後，可搭配伸展與局部按摩舒緩緊繃不適。
25-36秒 安全：若痠痛持續、麻木或影響活動，請諮詢醫師或藥師。
36-45秒 CTA：使用前看標示，收藏這支，下次別用錯。",本內容為一般生活保健資訊，非醫療診斷或治療建議。,若痠痛持續、麻木或影響活動，請諮詢醫師或藥師。,根治|治療疾病|消炎治本|打通經絡|一擦就好|保證有效|深層修復|替代藥物
TikTok_LINE164,LINE164,TikTok,2026-08-24,20:00,油膏劑為什麼適合局部按摩,A,中,pending_legal_pharmacist_review,false,油膏劑為什麼適合局部按摩,"0-3秒 Hook：油膏劑為什麼適合局部按摩，你也遇過嗎？
3-12秒 情境：拍攝已購買或正在觀望的一條根使用者的日常動作，字幕點出「油膏劑為什麼適合局部按摩」。
12-25秒 知識：外用油膏應放在保守邊界：依標示外用，提供局部按摩與暫時舒緩體感。
25-36秒 安全：僅供外用；避免眼周、黏膜、破皮或傷口。
36-45秒 CTA：使用前看標示，收藏這支，下次別用錯。",油膏劑為什麼適合局部按摩的重點是依標示使用，不誇大、不神化。本產品為外用油膏，請依核准標示使用；若症狀持續或惡化，請諮詢醫師或藥師。,#金牌一條根 #外用油膏 #成分透明 #依標示使用,"0-3秒 Hook：油膏劑為什麼適合局部按摩，你也遇過嗎？
3-12秒 情境：拍攝已購買或正在觀望的一條根使用者的日常動作，字幕點出「油膏劑為什麼適合局部按摩」。
12-25秒 知識：外用油膏應放在保守邊界：依標示外用，提供局部按摩與暫時舒緩體感。
25-36秒 安全：僅供外用；避免眼周、黏膜、破皮或傷口。
36-45秒 CTA：使用前看標示，收藏這支，下次別用錯。",本產品為外用油膏，請依核准標示使用；若症狀持續或惡化，請諮詢醫師或藥師。,僅供外用；避免眼周、黏膜、破皮或傷口。,根治|治療疾病|消炎治本|打通經絡|一擦就好|保證有效|深層修復|替代藥物
TikTok_LINE165,LINE165,TikTok,2026-08-25,12:00,大暑午後少久站硬撐,F,低,pending_legal_pharmacist_review,false,大暑午後少久站硬撐,"0-3秒 Hook：大暑午後少久站硬撐，你也遇過嗎？
3-12秒 情境：拍攝喜歡養生、節氣與日常保健的 LINE 讀者的日常動作，字幕點出「大暑午後少久站硬撐」。
12-25秒 知識：外用油膏應放在保守邊界：以生活保健與身體覺察為主，不做醫療療效宣稱。
25-36秒 安全：節氣養生屬一般生活資訊，身體不適仍應諮詢專業人員。
36-45秒 CTA：使用前看標示，收藏這支，下次別用錯。",大暑午後少久站硬撐的重點是依標示使用，不誇大、不神化。本內容為一般生活保健資訊，非醫療診斷或治療建議。,#節氣保養 #生活保健 #日常保養 #身體覺察,"0-3秒 Hook：大暑午後少久站硬撐，你也遇過嗎？
3-12秒 情境：拍攝喜歡養生、節氣與日常保健的 LINE 讀者的日常動作，字幕點出「大暑午後少久站硬撐」。
12-25秒 知識：外用油膏應放在保守邊界：以生活保健與身體覺察為主，不做醫療療效宣稱。
25-36秒 安全：節氣養生屬一般生活資訊，身體不適仍應諮詢專業人員。
36-45秒 CTA：使用前看標示，收藏這支，下次別用錯。",本內容為一般生活保健資訊，非醫療診斷或治療建議。,節氣養生屬一般生活資訊，身體不適仍應諮詢專業人員。,根治|治療疾病|消炎治本|打通經絡|一擦就好|保證有效|深層修復|替代藥物
TikTok_LINE166,LINE166,TikTok,2026-08-25,20:00,不要密封包紮或大面積厚敷,E,高,pending_legal_pharmacist_review,false,不要密封包紮或大面積厚敷,"0-3秒 Hook：不要密封包紮或大面積厚敷，你也遇過嗎？
3-12秒 情境：拍攝所有使用者、照護者與家庭購買者的日常動作，字幕點出「不要密封包紮或大面積厚敷」。
12-25秒 知識：外用油膏應放在保守邊界：安全使用比用得多更重要，依標示與風險族群提醒。
25-36秒 安全：2 歲以下、孕哺、過敏體質、抗凝血藥使用者請先詢問專業人員。
36-45秒 CTA：使用前看標示，收藏這支，下次別用錯。",不要密封包紮或大面積厚敷的重點是依標示使用，不誇大、不神化。僅供外用。避免接觸眼睛、黏膜、破皮或傷口；特殊族群使用前請先諮詢專業人員。,#外用安全 #用藥安全 #使用前看標示 #諮詢醫師藥師,"0-3秒 Hook：不要密封包紮或大面積厚敷，你也遇過嗎？
3-12秒 情境：拍攝所有使用者、照護者與家庭購買者的日常動作，字幕點出「不要密封包紮或大面積厚敷」。
12-25秒 知識：外用油膏應放在保守邊界：安全使用比用得多更重要，依標示與風險族群提醒。
25-36秒 安全：2 歲以下、孕哺、過敏體質、抗凝血藥使用者請先詢問專業人員。
36-45秒 CTA：使用前看標示，收藏這支，下次別用錯。",僅供外用。避免接觸眼睛、黏膜、破皮或傷口；特殊族群使用前請先諮詢專業人員。,2 歲以下、孕哺、過敏體質、抗凝血藥使用者請先詢問專業人員。,根治|治療疾病|消炎治本|打通經絡|一擦就好|保證有效|深層修復|替代藥物
TikTok_LINE167,LINE167,TikTok,2026-08-26,12:00,藥證可查代表什麼,H,中,pending_legal_pharmacist_review,false,藥證可查代表什麼,"0-3秒 Hook：藥證可查代表什麼，你也遇過嗎？
3-12秒 情境：拍攝重視藥證、成分、品質與合法性的消費者的日常動作，字幕點出「藥證可查代表什麼」。
12-25秒 知識：外用油膏應放在保守邊界：強調藥證、標示、保守宣稱與人工審核流程。
25-36秒 安全：所有廣告文案仍須依主管機關與專業人員審核。
36-45秒 CTA：使用前看標示，收藏這支，下次別用錯。",藥證可查代表什麼的重點是依標示使用，不誇大、不神化。本產品為外用油膏，請依核准標示使用；若症狀持續或惡化，請諮詢醫師或藥師。,#藥證可查 #品牌透明 #合法宣傳 #成分透明,"0-3秒 Hook：藥證可查代表什麼，你也遇過嗎？
3-12秒 情境：拍攝重視藥證、成分、品質與合法性的消費者的日常動作，字幕點出「藥證可查代表什麼」。
12-25秒 知識：外用油膏應放在保守邊界：強調藥證、標示、保守宣稱與人工審核流程。
25-36秒 安全：所有廣告文案仍須依主管機關與專業人員審核。
36-45秒 CTA：使用前看標示，收藏這支，下次別用錯。",本產品為外用油膏，請依核准標示使用；若症狀持續或惡化，請諮詢醫師或藥師。,所有廣告文案仍須依主管機關與專業人員審核。,根治|治療疾病|消炎治本|打通經絡|一擦就好|保證有效|深層修復|替代藥物
TikTok_LINE168,LINE168,TikTok,2026-08-26,20:00,涼感越強越有效嗎,G,低,pending_legal_pharmacist_review,false,涼感越強越有效嗎,"0-3秒 Hook：涼感越強越有效嗎，你也遇過嗎？
3-12秒 情境：拍攝LINE OA 好友、回購客與新客的日常動作，字幕點出「涼感越強越有效嗎」。
12-25秒 知識：外用油膏應放在保守邊界：用問答降低誤用，讓使用者知道何時該詢問專業人員。
25-36秒 安全：互動回答不取代醫師或藥師建議。
36-45秒 CTA：使用前看標示，收藏這支，下次別用錯。",涼感越強越有效嗎的重點是依標示使用，不誇大、不神化。本內容為一般生活保健資訊，非醫療診斷或治療建議。,#互動問答 #保養知識 #使用小提醒 #金牌一條根,"0-3秒 Hook：涼感越強越有效嗎，你也遇過嗎？
3-12秒 情境：拍攝LINE OA 好友、回購客與新客的日常動作，字幕點出「涼感越強越有效嗎」。
12-25秒 知識：外用油膏應放在保守邊界：用問答降低誤用，讓使用者知道何時該詢問專業人員。
25-36秒 安全：互動回答不取代醫師或藥師建議。
36-45秒 CTA：使用前看標示，收藏這支，下次別用錯。",本內容為一般生活保健資訊，非醫療診斷或治療建議。,互動回答不取代醫師或藥師建議。,根治|治療疾病|消炎治本|打通經絡|一擦就好|保證有效|深層修復|替代藥物
TikTok_LINE169,LINE169,TikTok,2026-08-27,12:00,重訓後肩背局部舒緩,C,中,pending_legal_pharmacist_review,false,重訓後肩背局部舒緩,"0-3秒 Hook：重訓後肩背局部舒緩，你也遇過嗎？
3-12秒 情境：拍攝運動族、搬重物、久站與勞動工作者的日常動作，字幕點出「重訓後肩背局部舒緩」。
12-25秒 知識：外用油膏應放在保守邊界：運動或勞動後的局部肌肉痠痛，可短期按摩舒緩。
25-36秒 安全：明顯腫脹、劇痛、活動受限或疑似受傷時，請先就醫。
36-45秒 CTA：使用前看標示，收藏這支，下次別用錯。",重訓後肩背局部舒緩的重點是依標示使用，不誇大、不神化。本產品為外用油膏，請依核准標示使用；若症狀持續或惡化，請諮詢醫師或藥師。,#運動後保養 #局部按摩 #肌肉痠痛 #依標示使用,"0-3秒 Hook：重訓後肩背局部舒緩，你也遇過嗎？
3-12秒 情境：拍攝運動族、搬重物、久站與勞動工作者的日常動作，字幕點出「重訓後肩背局部舒緩」。
12-25秒 知識：外用油膏應放在保守邊界：運動或勞動後的局部肌肉痠痛，可短期按摩舒緩。
25-36秒 安全：明顯腫脹、劇痛、活動受限或疑似受傷時，請先就醫。
36-45秒 CTA：使用前看標示，收藏這支，下次別用錯。",本產品為外用油膏，請依核准標示使用；若症狀持續或惡化，請諮詢醫師或藥師。,明顯腫脹、劇痛、活動受限或疑似受傷時，請先就醫。,根治|治療疾病|消炎治本|打通經絡|一擦就好|保證有效|深層修復|替代藥物
TikTok_LINE170,LINE170,TikTok,2026-08-27,20:00,乙類成藥與一般保健品差異,A,中,pending_legal_pharmacist_review,false,乙類成藥與一般保健品差異,"0-3秒 Hook：乙類成藥與一般保健品差異，你也遇過嗎？
3-12秒 情境：拍攝已購買或正在觀望的一條根使用者的日常動作，字幕點出「乙類成藥與一般保健品差異」。
12-25秒 知識：外用油膏應放在保守邊界：依標示外用，提供局部按摩與暫時舒緩體感。
25-36秒 安全：僅供外用；避免眼周、黏膜、破皮或傷口。
36-45秒 CTA：使用前看標示，收藏這支，下次別用錯。",乙類成藥與一般保健品差異的重點是依標示使用，不誇大、不神化。本產品為外用油膏，請依核准標示使用；若症狀持續或惡化，請諮詢醫師或藥師。,#金牌一條根 #外用油膏 #成分透明 #依標示使用,"0-3秒 Hook：乙類成藥與一般保健品差異，你也遇過嗎？
3-12秒 情境：拍攝已購買或正在觀望的一條根使用者的日常動作，字幕點出「乙類成藥與一般保健品差異」。
12-25秒 知識：外用油膏應放在保守邊界：依標示外用，提供局部按摩與暫時舒緩體感。
25-36秒 安全：僅供外用；避免眼周、黏膜、破皮或傷口。
36-45秒 CTA：使用前看標示，收藏這支，下次別用錯。",本產品為外用油膏，請依核准標示使用；若症狀持續或惡化，請諮詢醫師或藥師。,僅供外用；避免眼周、黏膜、破皮或傷口。,根治|治療疾病|消炎治本|打通經絡|一擦就好|保證有效|深層修復|替代藥物
TikTok_LINE171,LINE171,TikTok,2026-08-28,12:00,天氣變化時的活動舒適感,D,中,pending_legal_pharmacist_review,false,天氣變化時的活動舒適感,"0-3秒 Hook：天氣變化時的活動舒適感，你也遇過嗎？
3-12秒 情境：拍攝40-70 歲注重日常活動舒適度的族群的日常動作，字幕點出「天氣變化時的活動舒適感」。
12-25秒 知識：外用油膏應放在保守邊界：輕微關節痠痛可短期舒緩，但不可宣稱治療疾病。
25-36秒 安全：關節腫痛、紅熱、長期疼痛或行走困難，請就醫評估。
36-45秒 CTA：使用前看標示，收藏這支，下次別用錯。",天氣變化時的活動舒適感的重點是依標示使用，不誇大、不神化。本產品為外用油膏，請依核准標示使用；若症狀持續或惡化，請諮詢醫師或藥師。,#銀髮保養 #活動舒適 #輕微痠痛 #依標示使用,"0-3秒 Hook：天氣變化時的活動舒適感，你也遇過嗎？
3-12秒 情境：拍攝40-70 歲注重日常活動舒適度的族群的日常動作，字幕點出「天氣變化時的活動舒適感」。
12-25秒 知識：外用油膏應放在保守邊界：輕微關節痠痛可短期舒緩，但不可宣稱治療疾病。
25-36秒 安全：關節腫痛、紅熱、長期疼痛或行走困難，請就醫評估。
36-45秒 CTA：使用前看標示，收藏這支，下次別用錯。",本產品為外用油膏，請依核准標示使用；若症狀持續或惡化，請諮詢醫師或藥師。,關節腫痛、紅熱、長期疼痛或行走困難，請就醫評估。,根治|治療疾病|消炎治本|打通經絡|一擦就好|保證有效|深層修復|替代藥物
TikTok_LINE172,LINE172,TikTok,2026-08-28,20:00,水楊酸或阿斯匹靈過敏者注意,E,高,pending_legal_pharmacist_review,false,水楊酸或阿斯匹靈過敏者注意,"0-3秒 Hook：水楊酸或阿斯匹靈過敏者注意，你也遇過嗎？
3-12秒 情境：拍攝所有使用者、照護者與家庭購買者的日常動作，字幕點出「水楊酸或阿斯匹靈過敏者注意」。
12-25秒 知識：外用油膏應放在保守邊界：安全使用比用得多更重要，依標示與風險族群提醒。
25-36秒 安全：2 歲以下、孕哺、過敏體質、抗凝血藥使用者請先詢問專業人員。
36-45秒 CTA：使用前看標示，收藏這支，下次別用錯。",水楊酸或阿斯匹靈過敏者注意的重點是依標示使用，不誇大、不神化。僅供外用。避免接觸眼睛、黏膜、破皮或傷口；特殊族群使用前請先諮詢專業人員。,#外用安全 #用藥安全 #使用前看標示 #諮詢醫師藥師,"0-3秒 Hook：水楊酸或阿斯匹靈過敏者注意，你也遇過嗎？
3-12秒 情境：拍攝所有使用者、照護者與家庭購買者的日常動作，字幕點出「水楊酸或阿斯匹靈過敏者注意」。
12-25秒 知識：外用油膏應放在保守邊界：安全使用比用得多更重要，依標示與風險族群提醒。
25-36秒 安全：2 歲以下、孕哺、過敏體質、抗凝血藥使用者請先詢問專業人員。
36-45秒 CTA：使用前看標示，收藏這支，下次別用錯。",僅供外用。避免接觸眼睛、黏膜、破皮或傷口；特殊族群使用前請先諮詢專業人員。,2 歲以下、孕哺、過敏體質、抗凝血藥使用者請先詢問專業人員。,根治|治療疾病|消炎治本|打通經絡|一擦就好|保證有效|深層修復|替代藥物
TikTok_LINE173,LINE173,TikTok,2026-08-29,12:00,立秋後早晚溫差保養,F,低,pending_legal_pharmacist_review,false,立秋後早晚溫差保養,"0-3秒 Hook：立秋後早晚溫差保養，你也遇過嗎？
3-12秒 情境：拍攝喜歡養生、節氣與日常保健的 LINE 讀者的日常動作，字幕點出「立秋後早晚溫差保養」。
12-25秒 知識：外用油膏應放在保守邊界：以生活保健與身體覺察為主，不做醫療療效宣稱。
25-36秒 安全：節氣養生屬一般生活資訊，身體不適仍應諮詢專業人員。
36-45秒 CTA：使用前看標示，收藏這支，下次別用錯。",立秋後早晚溫差保養的重點是依標示使用，不誇大、不神化。本內容為一般生活保健資訊，非醫療診斷或治療建議。,#節氣保養 #生活保健 #日常保養 #身體覺察,"0-3秒 Hook：立秋後早晚溫差保養，你也遇過嗎？
3-12秒 情境：拍攝喜歡養生、節氣與日常保健的 LINE 讀者的日常動作，字幕點出「立秋後早晚溫差保養」。
12-25秒 知識：外用油膏應放在保守邊界：以生活保健與身體覺察為主，不做醫療療效宣稱。
25-36秒 安全：節氣養生屬一般生活資訊，身體不適仍應諮詢專業人員。
36-45秒 CTA：使用前看標示，收藏這支，下次別用錯。",本內容為一般生活保健資訊，非醫療診斷或治療建議。,節氣養生屬一般生活資訊，身體不適仍應諮詢專業人員。,根治|治療疾病|消炎治本|打通經絡|一擦就好|保證有效|深層修復|替代藥物
TikTok_LINE174,LINE174,TikTok,2026-08-29,20:00,家事後手臂不適保養,C,中,pending_legal_pharmacist_review,false,家事後手臂不適保養,"0-3秒 Hook：家事後手臂不適保養，你也遇過嗎？
3-12秒 情境：拍攝運動族、搬重物、久站與勞動工作者的日常動作，字幕點出「家事後手臂不適保養」。
12-25秒 知識：外用油膏應放在保守邊界：運動或勞動後的局部肌肉痠痛，可短期按摩舒緩。
25-36秒 安全：明顯腫脹、劇痛、活動受限或疑似受傷時，請先就醫。
36-45秒 CTA：使用前看標示，收藏這支，下次別用錯。",家事後手臂不適保養的重點是依標示使用，不誇大、不神化。本產品為外用油膏，請依核准標示使用；若症狀持續或惡化，請諮詢醫師或藥師。,#運動後保養 #局部按摩 #肌肉痠痛 #依標示使用,"0-3秒 Hook：家事後手臂不適保養，你也遇過嗎？
3-12秒 情境：拍攝運動族、搬重物、久站與勞動工作者的日常動作，字幕點出「家事後手臂不適保養」。
12-25秒 知識：外用油膏應放在保守邊界：運動或勞動後的局部肌肉痠痛，可短期按摩舒緩。
25-36秒 安全：明顯腫脹、劇痛、活動受限或疑似受傷時，請先就醫。
36-45秒 CTA：使用前看標示，收藏這支，下次別用錯。",本產品為外用油膏，請依核准標示使用；若症狀持續或惡化，請諮詢醫師或藥師。,明顯腫脹、劇痛、活動受限或疑似受傷時，請先就醫。,根治|治療疾病|消炎治本|打通經絡|一擦就好|保證有效|深層修復|替代藥物
TikTok_LINE175,LINE175,TikTok,2026-08-30,12:00,你有看過外用產品標示嗎,G,低,pending_legal_pharmacist_review,false,你有看過外用產品標示嗎,"0-3秒 Hook：你有看過外用產品標示嗎，你也遇過嗎？
3-12秒 情境：拍攝LINE OA 好友、回購客與新客的日常動作，字幕點出「你有看過外用產品標示嗎」。
12-25秒 知識：外用油膏應放在保守邊界：用問答降低誤用，讓使用者知道何時該詢問專業人員。
25-36秒 安全：互動回答不取代醫師或藥師建議。
36-45秒 CTA：使用前看標示，收藏這支，下次別用錯。",你有看過外用產品標示嗎的重點是依標示使用，不誇大、不神化。本內容為一般生活保健資訊，非醫療診斷或治療建議。,#互動問答 #保養知識 #使用小提醒 #金牌一條根,"0-3秒 Hook：你有看過外用產品標示嗎，你也遇過嗎？
3-12秒 情境：拍攝LINE OA 好友、回購客與新客的日常動作，字幕點出「你有看過外用產品標示嗎」。
12-25秒 知識：外用油膏應放在保守邊界：用問答降低誤用，讓使用者知道何時該詢問專業人員。
25-36秒 安全：互動回答不取代醫師或藥師建議。
36-45秒 CTA：使用前看標示，收藏這支，下次別用錯。",本內容為一般生活保健資訊，非醫療診斷或治療建議。,互動回答不取代醫師或藥師建議。,根治|治療疾病|消炎治本|打通經絡|一擦就好|保證有效|深層修復|替代藥物
TikTok_LINE176,LINE176,TikTok,2026-08-30,20:00,長輩按摩力道不要過重,D,中,pending_legal_pharmacist_review,false,長輩按摩力道不要過重,"0-3秒 Hook：長輩按摩力道不要過重，你也遇過嗎？
3-12秒 情境：拍攝40-70 歲注重日常活動舒適度的族群的日常動作，字幕點出「長輩按摩力道不要過重」。
12-25秒 知識：外用油膏應放在保守邊界：輕微關節痠痛可短期舒緩，但不可宣稱治療疾病。
25-36秒 安全：關節腫痛、紅熱、長期疼痛或行走困難，請就醫評估。
36-45秒 CTA：使用前看標示，收藏這支，下次別用錯。",長輩按摩力道不要過重的重點是依標示使用，不誇大、不神化。本產品為外用油膏，請依核准標示使用；若症狀持續或惡化，請諮詢醫師或藥師。,#銀髮保養 #活動舒適 #輕微痠痛 #依標示使用,"0-3秒 Hook：長輩按摩力道不要過重，你也遇過嗎？
3-12秒 情境：拍攝40-70 歲注重日常活動舒適度的族群的日常動作，字幕點出「長輩按摩力道不要過重」。
12-25秒 知識：外用油膏應放在保守邊界：輕微關節痠痛可短期舒緩，但不可宣稱治療疾病。
25-36秒 安全：關節腫痛、紅熱、長期疼痛或行走困難，請就醫評估。
36-45秒 CTA：使用前看標示，收藏這支，下次別用錯。",本產品為外用油膏，請依核准標示使用；若症狀持續或惡化，請諮詢醫師或藥師。,關節腫痛、紅熱、長期疼痛或行走困難，請就醫評估。,根治|治療疾病|消炎治本|打通經絡|一擦就好|保證有效|深層修復|替代藥物
TikTok_LINE177,LINE177,TikTok,2026-08-31,12:00,開會久坐後的腰背舒緩,B,低,pending_legal_pharmacist_review,false,開會久坐後的腰背舒緩,"0-3秒 Hook：開會久坐後的腰背舒緩，你也遇過嗎？
3-12秒 情境：拍攝長時間低頭、久坐、用電腦的上班族的日常動作，字幕點出「開會久坐後的腰背舒緩」。
12-25秒 知識：外用油膏應放在保守邊界：久坐低頭後，可搭配伸展與局部按摩舒緩緊繃不適。
25-36秒 安全：若痠痛持續、麻木或影響活動，請諮詢醫師或藥師。
36-45秒 CTA：使用前看標示，收藏這支，下次別用錯。",開會久坐後的腰背舒緩的重點是依標示使用，不誇大、不神化。本內容為一般生活保健資訊，非醫療診斷或治療建議。,#肩頸保養 #久坐族 #日常舒緩 #依標示使用,"0-3秒 Hook：開會久坐後的腰背舒緩，你也遇過嗎？
3-12秒 情境：拍攝長時間低頭、久坐、用電腦的上班族的日常動作，字幕點出「開會久坐後的腰背舒緩」。
12-25秒 知識：外用油膏應放在保守邊界：久坐低頭後，可搭配伸展與局部按摩舒緩緊繃不適。
25-36秒 安全：若痠痛持續、麻木或影響活動，請諮詢醫師或藥師。
36-45秒 CTA：使用前看標示，收藏這支，下次別用錯。",本內容為一般生活保健資訊，非醫療診斷或治療建議。,若痠痛持續、麻木或影響活動，請諮詢醫師或藥師。,根治|治療疾病|消炎治本|打通經絡|一擦就好|保證有效|深層修復|替代藥物
TikTok_LINE178,LINE178,TikTok,2026-08-31,20:00,一條根外用膏的日常定位,A,中,pending_legal_pharmacist_review,false,一條根外用膏的日常定位,"0-3秒 Hook：一條根外用膏的日常定位，你也遇過嗎？
3-12秒 情境：拍攝已購買或正在觀望的一條根使用者的日常動作，字幕點出「一條根外用膏的日常定位」。
12-25秒 知識：外用油膏應放在保守邊界：依標示外用，提供局部按摩與暫時舒緩體感。
25-36秒 安全：僅供外用；避免眼周、黏膜、破皮或傷口。
36-45秒 CTA：使用前看標示，收藏這支，下次別用錯。",一條根外用膏的日常定位的重點是依標示使用，不誇大、不神化。本產品為外用油膏，請依核准標示使用；若症狀持續或惡化，請諮詢醫師或藥師。,#金牌一條根 #外用油膏 #成分透明 #依標示使用,"0-3秒 Hook：一條根外用膏的日常定位，你也遇過嗎？
3-12秒 情境：拍攝已購買或正在觀望的一條根使用者的日常動作，字幕點出「一條根外用膏的日常定位」。
12-25秒 知識：外用油膏應放在保守邊界：依標示外用，提供局部按摩與暫時舒緩體感。
25-36秒 安全：僅供外用；避免眼周、黏膜、破皮或傷口。
36-45秒 CTA：使用前看標示，收藏這支，下次別用錯。",本產品為外用油膏，請依核准標示使用；若症狀持續或惡化，請諮詢醫師或藥師。,僅供外用；避免眼周、黏膜、破皮或傷口。,根治|治療疾病|消炎治本|打通經絡|一擦就好|保證有效|深層修復|替代藥物
TikTok_LINE179,LINE179,TikTok,2026-09-01,12:00,處暑後運動暖身提醒,F,低,pending_legal_pharmacist_review,false,處暑後運動暖身提醒,"0-3秒 Hook：處暑後運動暖身提醒，你也遇過嗎？
3-12秒 情境：拍攝喜歡養生、節氣與日常保健的 LINE 讀者的日常動作，字幕點出「處暑後運動暖身提醒」。
12-25秒 知識：外用油膏應放在保守邊界：以生活保健與身體覺察為主，不做醫療療效宣稱。
25-36秒 安全：節氣養生屬一般生活資訊，身體不適仍應諮詢專業人員。
36-45秒 CTA：使用前看標示，收藏這支，下次別用錯。",處暑後運動暖身提醒的重點是依標示使用，不誇大、不神化。本內容為一般生活保健資訊，非醫療診斷或治療建議。,#節氣保養 #生活保健 #日常保養 #身體覺察,"0-3秒 Hook：處暑後運動暖身提醒，你也遇過嗎？
3-12秒 情境：拍攝喜歡養生、節氣與日常保健的 LINE 讀者的日常動作，字幕點出「處暑後運動暖身提醒」。
12-25秒 知識：外用油膏應放在保守邊界：以生活保健與身體覺察為主，不做醫療療效宣稱。
25-36秒 安全：節氣養生屬一般生活資訊，身體不適仍應諮詢專業人員。
36-45秒 CTA：使用前看標示，收藏這支，下次別用錯。",本內容為一般生活保健資訊，非醫療診斷或治療建議。,節氣養生屬一般生活資訊，身體不適仍應諮詢專業人員。,根治|治療疾病|消炎治本|打通經絡|一擦就好|保證有效|深層修復|替代藥物
TikTok_LINE180,LINE180,TikTok,2026-09-01,20:00,兒童使用前的安全提醒,E,高,pending_legal_pharmacist_review,false,兒童使用前的安全提醒,"0-3秒 Hook：兒童使用前的安全提醒，你也遇過嗎？
3-12秒 情境：拍攝所有使用者、照護者與家庭購買者的日常動作，字幕點出「兒童使用前的安全提醒」。
12-25秒 知識：外用油膏應放在保守邊界：安全使用比用得多更重要，依標示與風險族群提醒。
25-36秒 安全：2 歲以下、孕哺、過敏體質、抗凝血藥使用者請先詢問專業人員。
36-45秒 CTA：使用前看標示，收藏這支，下次別用錯。",兒童使用前的安全提醒的重點是依標示使用，不誇大、不神化。僅供外用。避免接觸眼睛、黏膜、破皮或傷口；特殊族群使用前請先諮詢專業人員。,#外用安全 #用藥安全 #使用前看標示 #諮詢醫師藥師,"0-3秒 Hook：兒童使用前的安全提醒，你也遇過嗎？
3-12秒 情境：拍攝所有使用者、照護者與家庭購買者的日常動作，字幕點出「兒童使用前的安全提醒」。
12-25秒 知識：外用油膏應放在保守邊界：安全使用比用得多更重要，依標示與風險族群提醒。
25-36秒 安全：2 歲以下、孕哺、過敏體質、抗凝血藥使用者請先詢問專業人員。
36-45秒 CTA：使用前看標示，收藏這支，下次別用錯。",僅供外用。避免接觸眼睛、黏膜、破皮或傷口；特殊族群使用前請先諮詢專業人員。,2 歲以下、孕哺、過敏體質、抗凝血藥使用者請先詢問專業人員。,根治|治療疾病|消炎治本|打通經絡|一擦就好|保證有效|深層修復|替代藥物
TikTok_LINE181,LINE181,TikTok,2026-09-02,12:00,外用膏廣告為什麼要保守,H,中,pending_legal_pharmacist_review,false,外用膏廣告為什麼要保守,"0-3秒 Hook：外用膏廣告為什麼要保守，你也遇過嗎？
3-12秒 情境：拍攝重視藥證、成分、品質與合法性的消費者的日常動作，字幕點出「外用膏廣告為什麼要保守」。
12-25秒 知識：外用油膏應放在保守邊界：強調藥證、標示、保守宣稱與人工審核流程。
25-36秒 安全：所有廣告文案仍須依主管機關與專業人員審核。
36-45秒 CTA：使用前看標示，收藏這支，下次別用錯。",外用膏廣告為什麼要保守的重點是依標示使用，不誇大、不神化。本產品為外用油膏，請依核准標示使用；若症狀持續或惡化，請諮詢醫師或藥師。,#藥證可查 #品牌透明 #合法宣傳 #成分透明,"0-3秒 Hook：外用膏廣告為什麼要保守，你也遇過嗎？
3-12秒 情境：拍攝重視藥證、成分、品質與合法性的消費者的日常動作，字幕點出「外用膏廣告為什麼要保守」。
12-25秒 知識：外用油膏應放在保守邊界：強調藥證、標示、保守宣稱與人工審核流程。
25-36秒 安全：所有廣告文案仍須依主管機關與專業人員審核。
36-45秒 CTA：使用前看標示，收藏這支，下次別用錯。",本產品為外用油膏，請依核准標示使用；若症狀持續或惡化，請諮詢醫師或藥師。,所有廣告文案仍須依主管機關與專業人員審核。,根治|治療疾病|消炎治本|打通經絡|一擦就好|保證有效|深層修復|替代藥物
TikTok_LINE182,LINE182,TikTok,2026-09-02,20:00,久坐族最想舒緩哪裡,G,低,pending_legal_pharmacist_review,false,久坐族最想舒緩哪裡,"0-3秒 Hook：久坐族最想舒緩哪裡，你也遇過嗎？
3-12秒 情境：拍攝LINE OA 好友、回購客與新客的日常動作，字幕點出「久坐族最想舒緩哪裡」。
12-25秒 知識：外用油膏應放在保守邊界：用問答降低誤用，讓使用者知道何時該詢問專業人員。
25-36秒 安全：互動回答不取代醫師或藥師建議。
36-45秒 CTA：使用前看標示，收藏這支，下次別用錯。",久坐族最想舒緩哪裡的重點是依標示使用，不誇大、不神化。本內容為一般生活保健資訊，非醫療診斷或治療建議。,#互動問答 #保養知識 #使用小提醒 #金牌一條根,"0-3秒 Hook：久坐族最想舒緩哪裡，你也遇過嗎？
3-12秒 情境：拍攝LINE OA 好友、回購客與新客的日常動作，字幕點出「久坐族最想舒緩哪裡」。
12-25秒 知識：外用油膏應放在保守邊界：用問答降低誤用，讓使用者知道何時該詢問專業人員。
25-36秒 安全：互動回答不取代醫師或藥師建議。
36-45秒 CTA：使用前看標示，收藏這支，下次別用錯。",本內容為一般生活保健資訊，非醫療診斷或治療建議。,互動回答不取代醫師或藥師建議。,根治|治療疾病|消炎治本|打通經絡|一擦就好|保證有效|深層修復|替代藥物
TikTok_LINE183,LINE183,TikTok,2026-09-03,12:00,跑步後膝周不適的保守提醒,C,中,pending_legal_pharmacist_review,false,跑步後膝周不適的保守提醒,"0-3秒 Hook：跑步後膝周不適的保守提醒，你也遇過嗎？
3-12秒 情境：拍攝運動族、搬重物、久站與勞動工作者的日常動作，字幕點出「跑步後膝周不適的保守提醒」。
12-25秒 知識：外用油膏應放在保守邊界：運動或勞動後的局部肌肉痠痛，可短期按摩舒緩。
25-36秒 安全：明顯腫脹、劇痛、活動受限或疑似受傷時，請先就醫。
36-45秒 CTA：使用前看標示，收藏這支，下次別用錯。",跑步後膝周不適的保守提醒的重點是依標示使用，不誇大、不神化。本產品為外用油膏，請依核准標示使用；若症狀持續或惡化，請諮詢醫師或藥師。,#運動後保養 #局部按摩 #肌肉痠痛 #依標示使用,"0-3秒 Hook：跑步後膝周不適的保守提醒，你也遇過嗎？
3-12秒 情境：拍攝運動族、搬重物、久站與勞動工作者的日常動作，字幕點出「跑步後膝周不適的保守提醒」。
12-25秒 知識：外用油膏應放在保守邊界：運動或勞動後的局部肌肉痠痛，可短期按摩舒緩。
25-36秒 安全：明顯腫脹、劇痛、活動受限或疑似受傷時，請先就醫。
36-45秒 CTA：使用前看標示，收藏這支，下次別用錯。",本產品為外用油膏，請依核准標示使用；若症狀持續或惡化，請諮詢醫師或藥師。,明顯腫脹、劇痛、活動受限或疑似受傷時，請先就醫。,根治|治療疾病|消炎治本|打通經絡|一擦就好|保證有效|深層修復|替代藥物
TikTok_LINE184,LINE184,TikTok,2026-09-03,20:00,成分濃度為什麼要看標示,A,中,pending_legal_pharmacist_review,false,成分濃度為什麼要看標示,"0-3秒 Hook：成分濃度為什麼要看標示，你也遇過嗎？
3-12秒 情境：拍攝已購買或正在觀望的一條根使用者的日常動作，字幕點出「成分濃度為什麼要看標示」。
12-25秒 知識：外用油膏應放在保守邊界：依標示外用，提供局部按摩與暫時舒緩體感。
25-36秒 安全：僅供外用；避免眼周、黏膜、破皮或傷口。
36-45秒 CTA：使用前看標示，收藏這支，下次別用錯。",成分濃度為什麼要看標示的重點是依標示使用，不誇大、不神化。本產品為外用油膏，請依核准標示使用；若症狀持續或惡化，請諮詢醫師或藥師。,#金牌一條根 #外用油膏 #成分透明 #依標示使用,"0-3秒 Hook：成分濃度為什麼要看標示，你也遇過嗎？
3-12秒 情境：拍攝已購買或正在觀望的一條根使用者的日常動作，字幕點出「成分濃度為什麼要看標示」。
12-25秒 知識：外用油膏應放在保守邊界：依標示外用，提供局部按摩與暫時舒緩體感。
25-36秒 安全：僅供外用；避免眼周、黏膜、破皮或傷口。
36-45秒 CTA：使用前看標示，收藏這支，下次別用錯。",本產品為外用油膏，請依核准標示使用；若症狀持續或惡化，請諮詢醫師或藥師。,僅供外用；避免眼周、黏膜、破皮或傷口。,根治|治療疾病|消炎治本|打通經絡|一擦就好|保證有效|深層修復|替代藥物
TikTok_LINE185,LINE185,TikTok,2026-09-04,12:00,照顧爸媽時的外用提醒,D,中,pending_legal_pharmacist_review,false,照顧爸媽時的外用提醒,"0-3秒 Hook：照顧爸媽時的外用提醒，你也遇過嗎？
3-12秒 情境：拍攝40-70 歲注重日常活動舒適度的族群的日常動作，字幕點出「照顧爸媽時的外用提醒」。
12-25秒 知識：外用油膏應放在保守邊界：輕微關節痠痛可短期舒緩，但不可宣稱治療疾病。
25-36秒 安全：關節腫痛、紅熱、長期疼痛或行走困難，請就醫評估。
36-45秒 CTA：使用前看標示，收藏這支，下次別用錯。",照顧爸媽時的外用提醒的重點是依標示使用，不誇大、不神化。本產品為外用油膏，請依核准標示使用；若症狀持續或惡化，請諮詢醫師或藥師。,#銀髮保養 #活動舒適 #輕微痠痛 #依標示使用,"0-3秒 Hook：照顧爸媽時的外用提醒，你也遇過嗎？
3-12秒 情境：拍攝40-70 歲注重日常活動舒適度的族群的日常動作，字幕點出「照顧爸媽時的外用提醒」。
12-25秒 知識：外用油膏應放在保守邊界：輕微關節痠痛可短期舒緩，但不可宣稱治療疾病。
25-36秒 安全：關節腫痛、紅熱、長期疼痛或行走困難，請就醫評估。
36-45秒 CTA：使用前看標示，收藏這支，下次別用錯。",本產品為外用油膏，請依核准標示使用；若症狀持續或惡化，請諮詢醫師或藥師。,關節腫痛、紅熱、長期疼痛或行走困難，請就醫評估。,根治|治療疾病|消炎治本|打通經絡|一擦就好|保證有效|深層修復|替代藥物
TikTok_LINE186,LINE186,TikTok,2026-09-04,20:00,孕婦與哺乳族群先詢問專業人員,E,高,pending_legal_pharmacist_review,false,孕婦與哺乳族群先詢問專業人員,"0-3秒 Hook：孕婦與哺乳族群先詢問專業人員，你也遇過嗎？
3-12秒 情境：拍攝所有使用者、照護者與家庭購買者的日常動作，字幕點出「孕婦與哺乳族群先詢問專業人員」。
12-25秒 知識：外用油膏應放在保守邊界：安全使用比用得多更重要，依標示與風險族群提醒。
25-36秒 安全：2 歲以下、孕哺、過敏體質、抗凝血藥使用者請先詢問專業人員。
36-45秒 CTA：使用前看標示，收藏這支，下次別用錯。",孕婦與哺乳族群先詢問專業人員的重點是依標示使用，不誇大、不神化。僅供外用。避免接觸眼睛、黏膜、破皮或傷口；特殊族群使用前請先諮詢專業人員。,#外用安全 #用藥安全 #使用前看標示 #諮詢醫師藥師,"0-3秒 Hook：孕婦與哺乳族群先詢問專業人員，你也遇過嗎？
3-12秒 情境：拍攝所有使用者、照護者與家庭購買者的日常動作，字幕點出「孕婦與哺乳族群先詢問專業人員」。
12-25秒 知識：外用油膏應放在保守邊界：安全使用比用得多更重要，依標示與風險族群提醒。
25-36秒 安全：2 歲以下、孕哺、過敏體質、抗凝血藥使用者請先詢問專業人員。
36-45秒 CTA：使用前看標示，收藏這支，下次別用錯。",僅供外用。避免接觸眼睛、黏膜、破皮或傷口；特殊族群使用前請先諮詢專業人員。,2 歲以下、孕哺、過敏體質、抗凝血藥使用者請先詢問專業人員。,根治|治療疾病|消炎治本|打通經絡|一擦就好|保證有效|深層修復|替代藥物
TikTok_LINE187,LINE187,TikTok,2026-09-05,12:00,白露時節關心長輩活動,F,低,pending_legal_pharmacist_review,false,白露時節關心長輩活動,"0-3秒 Hook：白露時節關心長輩活動，你也遇過嗎？
3-12秒 情境：拍攝喜歡養生、節氣與日常保健的 LINE 讀者的日常動作，字幕點出「白露時節關心長輩活動」。
12-25秒 知識：外用油膏應放在保守邊界：以生活保健與身體覺察為主，不做醫療療效宣稱。
25-36秒 安全：節氣養生屬一般生活資訊，身體不適仍應諮詢專業人員。
36-45秒 CTA：使用前看標示，收藏這支，下次別用錯。",白露時節關心長輩活動的重點是依標示使用，不誇大、不神化。本內容為一般生活保健資訊，非醫療診斷或治療建議。,#節氣保養 #生活保健 #日常保養 #身體覺察,"0-3秒 Hook：白露時節關心長輩活動，你也遇過嗎？
3-12秒 情境：拍攝喜歡養生、節氣與日常保健的 LINE 讀者的日常動作，字幕點出「白露時節關心長輩活動」。
12-25秒 知識：外用油膏應放在保守邊界：以生活保健與身體覺察為主，不做醫療療效宣稱。
25-36秒 安全：節氣養生屬一般生活資訊，身體不適仍應諮詢專業人員。
36-45秒 CTA：使用前看標示，收藏這支，下次別用錯。",本內容為一般生活保健資訊，非醫療診斷或治療建議。,節氣養生屬一般生活資訊，身體不適仍應諮詢專業人員。,根治|治療疾病|消炎治本|打通經絡|一擦就好|保證有效|深層修復|替代藥物
TikTok_LINE188,LINE188,TikTok,2026-09-05,20:00,勞動後先休息再按摩,C,中,pending_legal_pharmacist_review,false,勞動後先休息再按摩,"0-3秒 Hook：勞動後先休息再按摩，你也遇過嗎？
3-12秒 情境：拍攝運動族、搬重物、久站與勞動工作者的日常動作，字幕點出「勞動後先休息再按摩」。
12-25秒 知識：外用油膏應放在保守邊界：運動或勞動後的局部肌肉痠痛，可短期按摩舒緩。
25-36秒 安全：明顯腫脹、劇痛、活動受限或疑似受傷時，請先就醫。
36-45秒 CTA：使用前看標示，收藏這支，下次別用錯。",勞動後先休息再按摩的重點是依標示使用，不誇大、不神化。本產品為外用油膏，請依核准標示使用；若症狀持續或惡化，請諮詢醫師或藥師。,#運動後保養 #局部按摩 #肌肉痠痛 #依標示使用,"0-3秒 Hook：勞動後先休息再按摩，你也遇過嗎？
3-12秒 情境：拍攝運動族、搬重物、久站與勞動工作者的日常動作，字幕點出「勞動後先休息再按摩」。
12-25秒 知識：外用油膏應放在保守邊界：運動或勞動後的局部肌肉痠痛，可短期按摩舒緩。
25-36秒 安全：明顯腫脹、劇痛、活動受限或疑似受傷時，請先就醫。
36-45秒 CTA：使用前看標示，收藏這支，下次別用錯。",本產品為外用油膏，請依核准標示使用；若症狀持續或惡化，請諮詢醫師或藥師。,明顯腫脹、劇痛、活動受限或疑似受傷時，請先就醫。,根治|治療疾病|消炎治本|打通經絡|一擦就好|保證有效|深層修復|替代藥物
TikTok_LINE189,LINE189,TikTok,2026-09-06,12:00,長輩使用外用膏你會提醒什麼,G,低,pending_legal_pharmacist_review,false,長輩使用外用膏你會提醒什麼,"0-3秒 Hook：長輩使用外用膏你會提醒什麼，你也遇過嗎？
3-12秒 情境：拍攝LINE OA 好友、回購客與新客的日常動作，字幕點出「長輩使用外用膏你會提醒什麼」。
12-25秒 知識：外用油膏應放在保守邊界：用問答降低誤用，讓使用者知道何時該詢問專業人員。
25-36秒 安全：互動回答不取代醫師或藥師建議。
36-45秒 CTA：使用前看標示，收藏這支，下次別用錯。",長輩使用外用膏你會提醒什麼的重點是依標示使用，不誇大、不神化。本內容為一般生活保健資訊，非醫療診斷或治療建議。,#互動問答 #保養知識 #使用小提醒 #金牌一條根,"0-3秒 Hook：長輩使用外用膏你會提醒什麼，你也遇過嗎？
3-12秒 情境：拍攝LINE OA 好友、回購客與新客的日常動作，字幕點出「長輩使用外用膏你會提醒什麼」。
12-25秒 知識：外用油膏應放在保守邊界：用問答降低誤用，讓使用者知道何時該詢問專業人員。
25-36秒 安全：互動回答不取代醫師或藥師建議。
36-45秒 CTA：使用前看標示，收藏這支，下次別用錯。",本內容為一般生活保健資訊，非醫療診斷或治療建議。,互動回答不取代醫師或藥師建議。,根治|治療疾病|消炎治本|打通經絡|一擦就好|保證有效|深層修復|替代藥物
TikTok_LINE190,LINE190,TikTok,2026-09-06,20:00,日常活動舒適度的三個習慣,D,中,pending_legal_pharmacist_review,false,日常活動舒適度的三個習慣,"0-3秒 Hook：日常活動舒適度的三個習慣，你也遇過嗎？
3-12秒 情境：拍攝40-70 歲注重日常活動舒適度的族群的日常動作，字幕點出「日常活動舒適度的三個習慣」。
12-25秒 知識：外用油膏應放在保守邊界：輕微關節痠痛可短期舒緩，但不可宣稱治療疾病。
25-36秒 安全：關節腫痛、紅熱、長期疼痛或行走困難，請就醫評估。
36-45秒 CTA：使用前看標示，收藏這支，下次別用錯。",日常活動舒適度的三個習慣的重點是依標示使用，不誇大、不神化。本產品為外用油膏，請依核准標示使用；若症狀持續或惡化，請諮詢醫師或藥師。,#銀髮保養 #活動舒適 #輕微痠痛 #依標示使用,"0-3秒 Hook：日常活動舒適度的三個習慣，你也遇過嗎？
3-12秒 情境：拍攝40-70 歲注重日常活動舒適度的族群的日常動作，字幕點出「日常活動舒適度的三個習慣」。
12-25秒 知識：外用油膏應放在保守邊界：輕微關節痠痛可短期舒緩，但不可宣稱治療疾病。
25-36秒 安全：關節腫痛、紅熱、長期疼痛或行走困難，請就醫評估。
36-45秒 CTA：使用前看標示，收藏這支，下次別用錯。",本產品為外用油膏，請依核准標示使用；若症狀持續或惡化，請諮詢醫師或藥師。,關節腫痛、紅熱、長期疼痛或行走困難，請就醫評估。,根治|治療疾病|消炎治本|打通經絡|一擦就好|保證有效|深層修復|替代藥物
TikTok_LINE191,LINE191,TikTok,2026-09-07,12:00,下班前五分鐘伸展,B,低,pending_legal_pharmacist_review,false,下班前五分鐘伸展,"0-3秒 Hook：下班前五分鐘伸展，你也遇過嗎？
3-12秒 情境：拍攝長時間低頭、久坐、用電腦的上班族的日常動作，字幕點出「下班前五分鐘伸展」。
12-25秒 知識：外用油膏應放在保守邊界：久坐低頭後，可搭配伸展與局部按摩舒緩緊繃不適。
25-36秒 安全：若痠痛持續、麻木或影響活動，請諮詢醫師或藥師。
36-45秒 CTA：使用前看標示，收藏這支，下次別用錯。",下班前五分鐘伸展的重點是依標示使用，不誇大、不神化。本內容為一般生活保健資訊，非醫療診斷或治療建議。,#肩頸保養 #久坐族 #日常舒緩 #依標示使用,"0-3秒 Hook：下班前五分鐘伸展，你也遇過嗎？
3-12秒 情境：拍攝長時間低頭、久坐、用電腦的上班族的日常動作，字幕點出「下班前五分鐘伸展」。
12-25秒 知識：外用油膏應放在保守邊界：久坐低頭後，可搭配伸展與局部按摩舒緩緊繃不適。
25-36秒 安全：若痠痛持續、麻木或影響活動，請諮詢醫師或藥師。
36-45秒 CTA：使用前看標示，收藏這支，下次別用錯。",本內容為一般生活保健資訊，非醫療診斷或治療建議。,若痠痛持續、麻木或影響活動，請諮詢醫師或藥師。,根治|治療疾病|消炎治本|打通經絡|一擦就好|保證有效|深層修復|替代藥物
TikTok_LINE192,LINE192,TikTok,2026-09-07,20:00,局部按摩和大面積厚敷的差別,A,中,pending_legal_pharmacist_review,false,局部按摩和大面積厚敷的差別,"0-3秒 Hook：局部按摩和大面積厚敷的差別，你也遇過嗎？
3-12秒 情境：拍攝已購買或正在觀望的一條根使用者的日常動作，字幕點出「局部按摩和大面積厚敷的差別」。
12-25秒 知識：外用油膏應放在保守邊界：依標示外用，提供局部按摩與暫時舒緩體感。
25-36秒 安全：僅供外用；避免眼周、黏膜、破皮或傷口。
36-45秒 CTA：使用前看標示，收藏這支，下次別用錯。",局部按摩和大面積厚敷的差別的重點是依標示使用，不誇大、不神化。本產品為外用油膏，請依核准標示使用；若症狀持續或惡化，請諮詢醫師或藥師。,#金牌一條根 #外用油膏 #成分透明 #依標示使用,"0-3秒 Hook：局部按摩和大面積厚敷的差別，你也遇過嗎？
3-12秒 情境：拍攝已購買或正在觀望的一條根使用者的日常動作，字幕點出「局部按摩和大面積厚敷的差別」。
12-25秒 知識：外用油膏應放在保守邊界：依標示外用，提供局部按摩與暫時舒緩體感。
25-36秒 安全：僅供外用；避免眼周、黏膜、破皮或傷口。
36-45秒 CTA：使用前看標示，收藏這支，下次別用錯。",本產品為外用油膏，請依核准標示使用；若症狀持續或惡化，請諮詢醫師或藥師。,僅供外用；避免眼周、黏膜、破皮或傷口。,根治|治療疾病|消炎治本|打通經絡|一擦就好|保證有效|深層修復|替代藥物
TikTok_LINE193,LINE193,TikTok,2026-09-08,12:00,秋分後外出前暖身,F,低,pending_legal_pharmacist_review,false,秋分後外出前暖身,"0-3秒 Hook：秋分後外出前暖身，你也遇過嗎？
3-12秒 情境：拍攝喜歡養生、節氣與日常保健的 LINE 讀者的日常動作，字幕點出「秋分後外出前暖身」。
12-25秒 知識：外用油膏應放在保守邊界：以生活保健與身體覺察為主，不做醫療療效宣稱。
25-36秒 安全：節氣養生屬一般生活資訊，身體不適仍應諮詢專業人員。
36-45秒 CTA：使用前看標示，收藏這支，下次別用錯。",秋分後外出前暖身的重點是依標示使用，不誇大、不神化。本內容為一般生活保健資訊，非醫療診斷或治療建議。,#節氣保養 #生活保健 #日常保養 #身體覺察,"0-3秒 Hook：秋分後外出前暖身，你也遇過嗎？
3-12秒 情境：拍攝喜歡養生、節氣與日常保健的 LINE 讀者的日常動作，字幕點出「秋分後外出前暖身」。
12-25秒 知識：外用油膏應放在保守邊界：以生活保健與身體覺察為主，不做醫療療效宣稱。
25-36秒 安全：節氣養生屬一般生活資訊，身體不適仍應諮詢專業人員。
36-45秒 CTA：使用前看標示，收藏這支，下次別用錯。",本內容為一般生活保健資訊，非醫療診斷或治療建議。,節氣養生屬一般生活資訊，身體不適仍應諮詢專業人員。,根治|治療疾病|消炎治本|打通經絡|一擦就好|保證有效|深層修復|替代藥物
TikTok_LINE194,LINE194,TikTok,2026-09-08,20:00,症狀超過七天要停用並諮詢,E,高,pending_legal_pharmacist_review,false,症狀超過七天要停用並諮詢,"0-3秒 Hook：症狀超過七天要停用並諮詢，你也遇過嗎？
3-12秒 情境：拍攝所有使用者、照護者與家庭購買者的日常動作，字幕點出「症狀超過七天要停用並諮詢」。
12-25秒 知識：外用油膏應放在保守邊界：安全使用比用得多更重要，依標示與風險族群提醒。
25-36秒 安全：2 歲以下、孕哺、過敏體質、抗凝血藥使用者請先詢問專業人員。
36-45秒 CTA：使用前看標示，收藏這支，下次別用錯。",症狀超過七天要停用並諮詢的重點是依標示使用，不誇大、不神化。僅供外用。避免接觸眼睛、黏膜、破皮或傷口；特殊族群使用前請先諮詢專業人員。,#外用安全 #用藥安全 #使用前看標示 #諮詢醫師藥師,"0-3秒 Hook：症狀超過七天要停用並諮詢，你也遇過嗎？
3-12秒 情境：拍攝所有使用者、照護者與家庭購買者的日常動作，字幕點出「症狀超過七天要停用並諮詢」。
12-25秒 知識：外用油膏應放在保守邊界：安全使用比用得多更重要，依標示與風險族群提醒。
25-36秒 安全：2 歲以下、孕哺、過敏體質、抗凝血藥使用者請先詢問專業人員。
36-45秒 CTA：使用前看標示，收藏這支，下次別用錯。",僅供外用。避免接觸眼睛、黏膜、破皮或傷口；特殊族群使用前請先諮詢專業人員。,2 歲以下、孕哺、過敏體質、抗凝血藥使用者請先詢問專業人員。,根治|治療疾病|消炎治本|打通經絡|一擦就好|保證有效|深層修復|替代藥物
TikTok_LINE195,LINE195,TikTok,2026-09-09,12:00,成分透明是基本功,H,中,pending_legal_pharmacist_review,false,成分透明是基本功,"0-3秒 Hook：成分透明是基本功，你也遇過嗎？
3-12秒 情境：拍攝重視藥證、成分、品質與合法性的消費者的日常動作，字幕點出「成分透明是基本功」。
12-25秒 知識：外用油膏應放在保守邊界：強調藥證、標示、保守宣稱與人工審核流程。
25-36秒 安全：所有廣告文案仍須依主管機關與專業人員審核。
36-45秒 CTA：使用前看標示，收藏這支，下次別用錯。",成分透明是基本功的重點是依標示使用，不誇大、不神化。本產品為外用油膏，請依核准標示使用；若症狀持續或惡化，請諮詢醫師或藥師。,#藥證可查 #品牌透明 #合法宣傳 #成分透明,"0-3秒 Hook：成分透明是基本功，你也遇過嗎？
3-12秒 情境：拍攝重視藥證、成分、品質與合法性的消費者的日常動作，字幕點出「成分透明是基本功」。
12-25秒 知識：外用油膏應放在保守邊界：強調藥證、標示、保守宣稱與人工審核流程。
25-36秒 安全：所有廣告文案仍須依主管機關與專業人員審核。
36-45秒 CTA：使用前看標示，收藏這支，下次別用錯。",本產品為外用油膏，請依核准標示使用；若症狀持續或惡化，請諮詢醫師或藥師。,所有廣告文案仍須依主管機關與專業人員審核。,根治|治療疾病|消炎治本|打通經絡|一擦就好|保證有效|深層修復|替代藥物
TikTok_LINE196,LINE196,TikTok,2026-09-09,20:00,一條根可以天天厚敷嗎,G,低,pending_legal_pharmacist_review,false,一條根可以天天厚敷嗎,"0-3秒 Hook：一條根可以天天厚敷嗎，你也遇過嗎？
3-12秒 情境：拍攝LINE OA 好友、回購客與新客的日常動作，字幕點出「一條根可以天天厚敷嗎」。
12-25秒 知識：外用油膏應放在保守邊界：用問答降低誤用，讓使用者知道何時該詢問專業人員。
25-36秒 安全：互動回答不取代醫師或藥師建議。
36-45秒 CTA：使用前看標示，收藏這支，下次別用錯。",一條根可以天天厚敷嗎的重點是依標示使用，不誇大、不神化。本內容為一般生活保健資訊，非醫療診斷或治療建議。,#互動問答 #保養知識 #使用小提醒 #金牌一條根,"0-3秒 Hook：一條根可以天天厚敷嗎，你也遇過嗎？
3-12秒 情境：拍攝LINE OA 好友、回購客與新客的日常動作，字幕點出「一條根可以天天厚敷嗎」。
12-25秒 知識：外用油膏應放在保守邊界：用問答降低誤用，讓使用者知道何時該詢問專業人員。
25-36秒 安全：互動回答不取代醫師或藥師建議。
36-45秒 CTA：使用前看標示，收藏這支，下次別用錯。",本內容為一般生活保健資訊，非醫療診斷或治療建議。,互動回答不取代醫師或藥師建議。,根治|治療疾病|消炎治本|打通經絡|一擦就好|保證有效|深層修復|替代藥物
TikTok_LINE197,LINE197,TikTok,2026-09-10,12:00,運動後不要立刻熱敷加藥膏,C,中,pending_legal_pharmacist_review,false,運動後不要立刻熱敷加藥膏,"0-3秒 Hook：運動後不要立刻熱敷加藥膏，你也遇過嗎？
3-12秒 情境：拍攝運動族、搬重物、久站與勞動工作者的日常動作，字幕點出「運動後不要立刻熱敷加藥膏」。
12-25秒 知識：外用油膏應放在保守邊界：運動或勞動後的局部肌肉痠痛，可短期按摩舒緩。
25-36秒 安全：明顯腫脹、劇痛、活動受限或疑似受傷時，請先就醫。
36-45秒 CTA：使用前看標示，收藏這支，下次別用錯。",運動後不要立刻熱敷加藥膏的重點是依標示使用，不誇大、不神化。本產品為外用油膏，請依核准標示使用；若症狀持續或惡化，請諮詢醫師或藥師。,#運動後保養 #局部按摩 #肌肉痠痛 #依標示使用,"0-3秒 Hook：運動後不要立刻熱敷加藥膏，你也遇過嗎？
3-12秒 情境：拍攝運動族、搬重物、久站與勞動工作者的日常動作，字幕點出「運動後不要立刻熱敷加藥膏」。
12-25秒 知識：外用油膏應放在保守邊界：運動或勞動後的局部肌肉痠痛，可短期按摩舒緩。
25-36秒 安全：明顯腫脹、劇痛、活動受限或疑似受傷時，請先就醫。
36-45秒 CTA：使用前看標示，收藏這支，下次別用錯。",本產品為外用油膏，請依核准標示使用；若症狀持續或惡化，請諮詢醫師或藥師。,明顯腫脹、劇痛、活動受限或疑似受傷時，請先就醫。,根治|治療疾病|消炎治本|打通經絡|一擦就好|保證有效|深層修復|替代藥物
TikTok_LINE198,LINE198,TikTok,2026-09-10,20:00,使用前先小範圍測試,A,中,pending_legal_pharmacist_review,false,使用前先小範圍測試,"0-3秒 Hook：使用前先小範圍測試，你也遇過嗎？
3-12秒 情境：拍攝已購買或正在觀望的一條根使用者的日常動作，字幕點出「使用前先小範圍測試」。
12-25秒 知識：外用油膏應放在保守邊界：依標示外用，提供局部按摩與暫時舒緩體感。
25-36秒 安全：僅供外用；避免眼周、黏膜、破皮或傷口。
36-45秒 CTA：使用前看標示，收藏這支，下次別用錯。",使用前先小範圍測試的重點是依標示使用，不誇大、不神化。本產品為外用油膏，請依核准標示使用；若症狀持續或惡化，請諮詢醫師或藥師。,#金牌一條根 #外用油膏 #成分透明 #依標示使用,"0-3秒 Hook：使用前先小範圍測試，你也遇過嗎？
3-12秒 情境：拍攝已購買或正在觀望的一條根使用者的日常動作，字幕點出「使用前先小範圍測試」。
12-25秒 知識：外用油膏應放在保守邊界：依標示外用，提供局部按摩與暫時舒緩體感。
25-36秒 安全：僅供外用；避免眼周、黏膜、破皮或傷口。
36-45秒 CTA：使用前看標示，收藏這支，下次別用錯。",本產品為外用油膏，請依核准標示使用；若症狀持續或惡化，請諮詢醫師或藥師。,僅供外用；避免眼周、黏膜、破皮或傷口。,根治|治療疾病|消炎治本|打通經絡|一擦就好|保證有效|深層修復|替代藥物
TikTok_LINE199,LINE199,TikTok,2026-09-11,12:00,長輩使用前先看標示,D,中,pending_legal_pharmacist_review,false,長輩使用前先看標示,"0-3秒 Hook：長輩使用前先看標示，你也遇過嗎？
3-12秒 情境：拍攝40-70 歲注重日常活動舒適度的族群的日常動作，字幕點出「長輩使用前先看標示」。
12-25秒 知識：外用油膏應放在保守邊界：輕微關節痠痛可短期舒緩，但不可宣稱治療疾病。
25-36秒 安全：關節腫痛、紅熱、長期疼痛或行走困難，請就醫評估。
36-45秒 CTA：使用前看標示，收藏這支，下次別用錯。",長輩使用前先看標示的重點是依標示使用，不誇大、不神化。本產品為外用油膏，請依核准標示使用；若症狀持續或惡化，請諮詢醫師或藥師。,#銀髮保養 #活動舒適 #輕微痠痛 #依標示使用,"0-3秒 Hook：長輩使用前先看標示，你也遇過嗎？
3-12秒 情境：拍攝40-70 歲注重日常活動舒適度的族群的日常動作，字幕點出「長輩使用前先看標示」。
12-25秒 知識：外用油膏應放在保守邊界：輕微關節痠痛可短期舒緩，但不可宣稱治療疾病。
25-36秒 安全：關節腫痛、紅熱、長期疼痛或行走困難，請就醫評估。
36-45秒 CTA：使用前看標示，收藏這支，下次別用錯。",本產品為外用油膏，請依核准標示使用；若症狀持續或惡化，請諮詢醫師或藥師。,關節腫痛、紅熱、長期疼痛或行走困難，請就醫評估。,根治|治療疾病|消炎治本|打通經絡|一擦就好|保證有效|深層修復|替代藥物
TikTok_LINE200,LINE200,TikTok,2026-09-11,20:00,皮膚刺激時要停止使用,E,高,pending_legal_pharmacist_review,false,皮膚刺激時要停止使用,"0-3秒 Hook：皮膚刺激時要停止使用，你也遇過嗎？
3-12秒 情境：拍攝所有使用者、照護者與家庭購買者的日常動作，字幕點出「皮膚刺激時要停止使用」。
12-25秒 知識：外用油膏應放在保守邊界：安全使用比用得多更重要，依標示與風險族群提醒。
25-36秒 安全：2 歲以下、孕哺、過敏體質、抗凝血藥使用者請先詢問專業人員。
36-45秒 CTA：使用前看標示，收藏這支，下次別用錯。",皮膚刺激時要停止使用的重點是依標示使用，不誇大、不神化。僅供外用。避免接觸眼睛、黏膜、破皮或傷口；特殊族群使用前請先諮詢專業人員。,#外用安全 #用藥安全 #使用前看標示 #諮詢醫師藥師,"0-3秒 Hook：皮膚刺激時要停止使用，你也遇過嗎？
3-12秒 情境：拍攝所有使用者、照護者與家庭購買者的日常動作，字幕點出「皮膚刺激時要停止使用」。
12-25秒 知識：外用油膏應放在保守邊界：安全使用比用得多更重要，依標示與風險族群提醒。
25-36秒 安全：2 歲以下、孕哺、過敏體質、抗凝血藥使用者請先詢問專業人員。
36-45秒 CTA：使用前看標示，收藏這支，下次別用錯。",僅供外用。避免接觸眼睛、黏膜、破皮或傷口；特殊族群使用前請先諮詢專業人員。,2 歲以下、孕哺、過敏體質、抗凝血藥使用者請先詢問專業人員。,根治|治療疾病|消炎治本|打通經絡|一擦就好|保證有效|深層修復|替代藥物
TikTok_LINE201,LINE201,TikTok,2026-09-12,12:00,寒露後肩背保養,F,低,pending_legal_pharmacist_review,false,寒露後肩背保養,"0-3秒 Hook：寒露後肩背保養，你也遇過嗎？
3-12秒 情境：拍攝喜歡養生、節氣與日常保健的 LINE 讀者的日常動作，字幕點出「寒露後肩背保養」。
12-25秒 知識：外用油膏應放在保守邊界：以生活保健與身體覺察為主，不做醫療療效宣稱。
25-36秒 安全：節氣養生屬一般生活資訊，身體不適仍應諮詢專業人員。
36-45秒 CTA：使用前看標示，收藏這支，下次別用錯。",寒露後肩背保養的重點是依標示使用，不誇大、不神化。本內容為一般生活保健資訊，非醫療診斷或治療建議。,#節氣保養 #生活保健 #日常保養 #身體覺察,"0-3秒 Hook：寒露後肩背保養，你也遇過嗎？
3-12秒 情境：拍攝喜歡養生、節氣與日常保健的 LINE 讀者的日常動作，字幕點出「寒露後肩背保養」。
12-25秒 知識：外用油膏應放在保守邊界：以生活保健與身體覺察為主，不做醫療療效宣稱。
25-36秒 安全：節氣養生屬一般生活資訊，身體不適仍應諮詢專業人員。
36-45秒 CTA：使用前看標示，收藏這支，下次別用錯。",本內容為一般生活保健資訊，非醫療診斷或治療建議。,節氣養生屬一般生活資訊，身體不適仍應諮詢專業人員。,根治|治療疾病|消炎治本|打通經絡|一擦就好|保證有效|深層修復|替代藥物
TikTok_LINE202,LINE202,TikTok,2026-09-12,20:00,輕微拉扯後的觀察重點,C,中,pending_legal_pharmacist_review,false,輕微拉扯後的觀察重點,"0-3秒 Hook：輕微拉扯後的觀察重點，你也遇過嗎？
3-12秒 情境：拍攝運動族、搬重物、久站與勞動工作者的日常動作，字幕點出「輕微拉扯後的觀察重點」。
12-25秒 知識：外用油膏應放在保守邊界：運動或勞動後的局部肌肉痠痛，可短期按摩舒緩。
25-36秒 安全：明顯腫脹、劇痛、活動受限或疑似受傷時，請先就醫。
36-45秒 CTA：使用前看標示，收藏這支，下次別用錯。",輕微拉扯後的觀察重點的重點是依標示使用，不誇大、不神化。本產品為外用油膏，請依核准標示使用；若症狀持續或惡化，請諮詢醫師或藥師。,#運動後保養 #局部按摩 #肌肉痠痛 #依標示使用,"0-3秒 Hook：輕微拉扯後的觀察重點，你也遇過嗎？
3-12秒 情境：拍攝運動族、搬重物、久站與勞動工作者的日常動作，字幕點出「輕微拉扯後的觀察重點」。
12-25秒 知識：外用油膏應放在保守邊界：運動或勞動後的局部肌肉痠痛，可短期按摩舒緩。
25-36秒 安全：明顯腫脹、劇痛、活動受限或疑似受傷時，請先就醫。
36-45秒 CTA：使用前看標示，收藏這支，下次別用錯。",本產品為外用油膏，請依核准標示使用；若症狀持續或惡化，請諮詢醫師或藥師。,明顯腫脹、劇痛、活動受限或疑似受傷時，請先就醫。,根治|治療疾病|消炎治本|打通經絡|一擦就好|保證有效|深層修復|替代藥物
TikTok_LINE203,LINE203,TikTok,2026-09-13,12:00,擦完可以馬上熱敷嗎,G,低,pending_legal_pharmacist_review,false,擦完可以馬上熱敷嗎,"0-3秒 Hook：擦完可以馬上熱敷嗎，你也遇過嗎？
3-12秒 情境：拍攝LINE OA 好友、回購客與新客的日常動作，字幕點出「擦完可以馬上熱敷嗎」。
12-25秒 知識：外用油膏應放在保守邊界：用問答降低誤用，讓使用者知道何時該詢問專業人員。
25-36秒 安全：互動回答不取代醫師或藥師建議。
36-45秒 CTA：使用前看標示，收藏這支，下次別用錯。",擦完可以馬上熱敷嗎的重點是依標示使用，不誇大、不神化。本內容為一般生活保健資訊，非醫療診斷或治療建議。,#互動問答 #保養知識 #使用小提醒 #金牌一條根,"0-3秒 Hook：擦完可以馬上熱敷嗎，你也遇過嗎？
3-12秒 情境：拍攝LINE OA 好友、回購客與新客的日常動作，字幕點出「擦完可以馬上熱敷嗎」。
12-25秒 知識：外用油膏應放在保守邊界：用問答降低誤用，讓使用者知道何時該詢問專業人員。
25-36秒 安全：互動回答不取代醫師或藥師建議。
36-45秒 CTA：使用前看標示，收藏這支，下次別用錯。",本內容為一般生活保健資訊，非醫療診斷或治療建議。,互動回答不取代醫師或藥師建議。,根治|治療疾病|消炎治本|打通經絡|一擦就好|保證有效|深層修復|替代藥物
TikTok_LINE204,LINE204,TikTok,2026-09-13,20:00,別把長期疼痛只當小問題,D,中,pending_legal_pharmacist_review,false,別把長期疼痛只當小問題,"0-3秒 Hook：別把長期疼痛只當小問題，你也遇過嗎？
3-12秒 情境：拍攝40-70 歲注重日常活動舒適度的族群的日常動作，字幕點出「別把長期疼痛只當小問題」。
12-25秒 知識：外用油膏應放在保守邊界：輕微關節痠痛可短期舒緩，但不可宣稱治療疾病。
25-36秒 安全：關節腫痛、紅熱、長期疼痛或行走困難，請就醫評估。
36-45秒 CTA：使用前看標示，收藏這支，下次別用錯。",別把長期疼痛只當小問題的重點是依標示使用，不誇大、不神化。本產品為外用油膏，請依核准標示使用；若症狀持續或惡化，請諮詢醫師或藥師。,#銀髮保養 #活動舒適 #輕微痠痛 #依標示使用,"0-3秒 Hook：別把長期疼痛只當小問題，你也遇過嗎？
3-12秒 情境：拍攝40-70 歲注重日常活動舒適度的族群的日常動作，字幕點出「別把長期疼痛只當小問題」。
12-25秒 知識：外用油膏應放在保守邊界：輕微關節痠痛可短期舒緩，但不可宣稱治療疾病。
25-36秒 安全：關節腫痛、紅熱、長期疼痛或行走困難，請就醫評估。
36-45秒 CTA：使用前看標示，收藏這支，下次別用錯。",本產品為外用油膏，請依核准標示使用；若症狀持續或惡化，請諮詢醫師或藥師。,關節腫痛、紅熱、長期疼痛或行走困難，請就醫評估。,根治|治療疾病|消炎治本|打通經絡|一擦就好|保證有效|深層修復|替代藥物
TikTok_LINE205,LINE205,TikTok,2026-09-14,12:00,滑手機後頸部保養,B,低,pending_legal_pharmacist_review,false,滑手機後頸部保養,"0-3秒 Hook：滑手機後頸部保養，你也遇過嗎？
3-12秒 情境：拍攝長時間低頭、久坐、用電腦的上班族的日常動作，字幕點出「滑手機後頸部保養」。
12-25秒 知識：外用油膏應放在保守邊界：久坐低頭後，可搭配伸展與局部按摩舒緩緊繃不適。
25-36秒 安全：若痠痛持續、麻木或影響活動，請諮詢醫師或藥師。
36-45秒 CTA：使用前看標示，收藏這支，下次別用錯。",滑手機後頸部保養的重點是依標示使用，不誇大、不神化。本內容為一般生活保健資訊，非醫療診斷或治療建議。,#肩頸保養 #久坐族 #日常舒緩 #依標示使用,"0-3秒 Hook：滑手機後頸部保養，你也遇過嗎？
3-12秒 情境：拍攝長時間低頭、久坐、用電腦的上班族的日常動作，字幕點出「滑手機後頸部保養」。
12-25秒 知識：外用油膏應放在保守邊界：久坐低頭後，可搭配伸展與局部按摩舒緩緊繃不適。
25-36秒 安全：若痠痛持續、麻木或影響活動，請諮詢醫師或藥師。
36-45秒 CTA：使用前看標示，收藏這支，下次別用錯。",本內容為一般生活保健資訊，非醫療診斷或治療建議。,若痠痛持續、麻木或影響活動，請諮詢醫師或藥師。,根治|治療疾病|消炎治本|打通經絡|一擦就好|保證有效|深層修復|替代藥物
TikTok_LINE206,LINE206,TikTok,2026-09-14,20:00,產品不是神藥，定位要講清楚,A,中,pending_legal_pharmacist_review,false,產品不是神藥，定位要講清楚,"0-3秒 Hook：產品不是神藥，定位要講清楚，你也遇過嗎？
3-12秒 情境：拍攝已購買或正在觀望的一條根使用者的日常動作，字幕點出「產品不是神藥，定位要講清楚」。
12-25秒 知識：外用油膏應放在保守邊界：依標示外用，提供局部按摩與暫時舒緩體感。
25-36秒 安全：僅供外用；避免眼周、黏膜、破皮或傷口。
36-45秒 CTA：使用前看標示，收藏這支，下次別用錯。",產品不是神藥，定位要講清楚的重點是依標示使用，不誇大、不神化。本產品為外用油膏，請依核准標示使用；若症狀持續或惡化，請諮詢醫師或藥師。,#金牌一條根 #外用油膏 #成分透明 #依標示使用,"0-3秒 Hook：產品不是神藥，定位要講清楚，你也遇過嗎？
3-12秒 情境：拍攝已購買或正在觀望的一條根使用者的日常動作，字幕點出「產品不是神藥，定位要講清楚」。
12-25秒 知識：外用油膏應放在保守邊界：依標示外用，提供局部按摩與暫時舒緩體感。
25-36秒 安全：僅供外用；避免眼周、黏膜、破皮或傷口。
36-45秒 CTA：使用前看標示，收藏這支，下次別用錯。",本產品為外用油膏，請依核准標示使用；若症狀持續或惡化，請諮詢醫師或藥師。,僅供外用；避免眼周、黏膜、破皮或傷口。,根治|治療疾病|消炎治本|打通經絡|一擦就好|保證有效|深層修復|替代藥物
TikTok_LINE207,LINE207,TikTok,2026-09-15,12:00,立冬前後的日常舒緩儀式,F,低,pending_legal_pharmacist_review,false,立冬前後的日常舒緩儀式,"0-3秒 Hook：立冬前後的日常舒緩儀式，你也遇過嗎？
3-12秒 情境：拍攝喜歡養生、節氣與日常保健的 LINE 讀者的日常動作，字幕點出「立冬前後的日常舒緩儀式」。
12-25秒 知識：外用油膏應放在保守邊界：以生活保健與身體覺察為主，不做醫療療效宣稱。
25-36秒 安全：節氣養生屬一般生活資訊，身體不適仍應諮詢專業人員。
36-45秒 CTA：使用前看標示，收藏這支，下次別用錯。",立冬前後的日常舒緩儀式的重點是依標示使用，不誇大、不神化。本內容為一般生活保健資訊，非醫療診斷或治療建議。,#節氣保養 #生活保健 #日常保養 #身體覺察,"0-3秒 Hook：立冬前後的日常舒緩儀式，你也遇過嗎？
3-12秒 情境：拍攝喜歡養生、節氣與日常保健的 LINE 讀者的日常動作，字幕點出「立冬前後的日常舒緩儀式」。
12-25秒 知識：外用油膏應放在保守邊界：以生活保健與身體覺察為主，不做醫療療效宣稱。
25-36秒 安全：節氣養生屬一般生活資訊，身體不適仍應諮詢專業人員。
36-45秒 CTA：使用前看標示，收藏這支，下次別用錯。",本內容為一般生活保健資訊，非醫療診斷或治療建議。,節氣養生屬一般生活資訊，身體不適仍應諮詢專業人員。,根治|治療疾病|消炎治本|打通經絡|一擦就好|保證有效|深層修復|替代藥物
TikTok_LINE208,LINE208,TikTok,2026-09-15,20:00,深層症狀不適合自行處理,E,高,pending_legal_pharmacist_review,false,深層症狀不適合自行處理,"0-3秒 Hook：深層症狀不適合自行處理，你也遇過嗎？
3-12秒 情境：拍攝所有使用者、照護者與家庭購買者的日常動作，字幕點出「深層症狀不適合自行處理」。
12-25秒 知識：外用油膏應放在保守邊界：安全使用比用得多更重要，依標示與風險族群提醒。
25-36秒 安全：2 歲以下、孕哺、過敏體質、抗凝血藥使用者請先詢問專業人員。
36-45秒 CTA：使用前看標示，收藏這支，下次別用錯。",深層症狀不適合自行處理的重點是依標示使用，不誇大、不神化。僅供外用。避免接觸眼睛、黏膜、破皮或傷口；特殊族群使用前請先諮詢專業人員。,#外用安全 #用藥安全 #使用前看標示 #諮詢醫師藥師,"0-3秒 Hook：深層症狀不適合自行處理，你也遇過嗎？
3-12秒 情境：拍攝所有使用者、照護者與家庭購買者的日常動作，字幕點出「深層症狀不適合自行處理」。
12-25秒 知識：外用油膏應放在保守邊界：安全使用比用得多更重要，依標示與風險族群提醒。
25-36秒 安全：2 歲以下、孕哺、過敏體質、抗凝血藥使用者請先詢問專業人員。
36-45秒 CTA：使用前看標示，收藏這支，下次別用錯。",僅供外用。避免接觸眼睛、黏膜、破皮或傷口；特殊族群使用前請先諮詢專業人員。,2 歲以下、孕哺、過敏體質、抗凝血藥使用者請先詢問專業人員。,根治|治療疾病|消炎治本|打通經絡|一擦就好|保證有效|深層修復|替代藥物
TikTok_LINE209,LINE209,TikTok,2026-09-16,12:00,每篇貼文都要人工審核,H,中,pending_legal_pharmacist_review,false,每篇貼文都要人工審核,"0-3秒 Hook：每篇貼文都要人工審核，你也遇過嗎？
3-12秒 情境：拍攝重視藥證、成分、品質與合法性的消費者的日常動作，字幕點出「每篇貼文都要人工審核」。
12-25秒 知識：外用油膏應放在保守邊界：強調藥證、標示、保守宣稱與人工審核流程。
25-36秒 安全：所有廣告文案仍須依主管機關與專業人員審核。
36-45秒 CTA：使用前看標示，收藏這支，下次別用錯。",每篇貼文都要人工審核的重點是依標示使用，不誇大、不神化。本產品為外用油膏，請依核准標示使用；若症狀持續或惡化，請諮詢醫師或藥師。,#藥證可查 #品牌透明 #合法宣傳 #成分透明,"0-3秒 Hook：每篇貼文都要人工審核，你也遇過嗎？
3-12秒 情境：拍攝重視藥證、成分、品質與合法性的消費者的日常動作，字幕點出「每篇貼文都要人工審核」。
12-25秒 知識：外用油膏應放在保守邊界：強調藥證、標示、保守宣稱與人工審核流程。
25-36秒 安全：所有廣告文案仍須依主管機關與專業人員審核。
36-45秒 CTA：使用前看標示，收藏這支，下次別用錯。",本產品為外用油膏，請依核准標示使用；若症狀持續或惡化，請諮詢醫師或藥師。,所有廣告文案仍須依主管機關與專業人員審核。,根治|治療疾病|消炎治本|打通經絡|一擦就好|保證有效|深層修復|替代藥物
TikTok_LINE210,LINE210,TikTok,2026-09-16,20:00,哪些情況應該先就醫,G,低,pending_legal_pharmacist_review,false,哪些情況應該先就醫,"0-3秒 Hook：哪些情況應該先就醫，你也遇過嗎？
3-12秒 情境：拍攝LINE OA 好友、回購客與新客的日常動作，字幕點出「哪些情況應該先就醫」。
12-25秒 知識：外用油膏應放在保守邊界：用問答降低誤用，讓使用者知道何時該詢問專業人員。
25-36秒 安全：互動回答不取代醫師或藥師建議。
36-45秒 CTA：使用前看標示，收藏這支，下次別用錯。",哪些情況應該先就醫的重點是依標示使用，不誇大、不神化。本內容為一般生活保健資訊，非醫療診斷或治療建議。,#互動問答 #保養知識 #使用小提醒 #金牌一條根,"0-3秒 Hook：哪些情況應該先就醫，你也遇過嗎？
3-12秒 情境：拍攝LINE OA 好友、回購客與新客的日常動作，字幕點出「哪些情況應該先就醫」。
12-25秒 知識：外用油膏應放在保守邊界：用問答降低誤用，讓使用者知道何時該詢問專業人員。
25-36秒 安全：互動回答不取代醫師或藥師建議。
36-45秒 CTA：使用前看標示，收藏這支，下次別用錯。",本內容為一般生活保健資訊，非醫療診斷或治療建議。,互動回答不取代醫師或藥師建議。,根治|治療疾病|消炎治本|打通經絡|一擦就好|保證有效|深層修復|替代藥物
TikTok_LINE211,LINE211,TikTok,2026-09-17,12:00,運動後局部痠痛的保守處理,C,中,pending_legal_pharmacist_review,false,運動後局部痠痛的保守處理,"0-3秒 Hook：運動後局部痠痛的保守處理，你也遇過嗎？
3-12秒 情境：拍攝運動族、搬重物、久站與勞動工作者的日常動作，字幕點出「運動後局部痠痛的保守處理」。
12-25秒 知識：外用油膏應放在保守邊界：運動或勞動後的局部肌肉痠痛，可短期按摩舒緩。
25-36秒 安全：明顯腫脹、劇痛、活動受限或疑似受傷時，請先就醫。
36-45秒 CTA：使用前看標示，收藏這支，下次別用錯。",運動後局部痠痛的保守處理的重點是依標示使用，不誇大、不神化。本產品為外用油膏，請依核准標示使用；若症狀持續或惡化，請諮詢醫師或藥師。,#運動後保養 #局部按摩 #肌肉痠痛 #依標示使用,"0-3秒 Hook：運動後局部痠痛的保守處理，你也遇過嗎？
3-12秒 情境：拍攝運動族、搬重物、久站與勞動工作者的日常動作，字幕點出「運動後局部痠痛的保守處理」。
12-25秒 知識：外用油膏應放在保守邊界：運動或勞動後的局部肌肉痠痛，可短期按摩舒緩。
25-36秒 安全：明顯腫脹、劇痛、活動受限或疑似受傷時，請先就醫。
36-45秒 CTA：使用前看標示，收藏這支，下次別用錯。",本產品為外用油膏，請依核准標示使用；若症狀持續或惡化，請諮詢醫師或藥師。,明顯腫脹、劇痛、活動受限或疑似受傷時，請先就醫。,根治|治療疾病|消炎治本|打通經絡|一擦就好|保證有效|深層修復|替代藥物
TikTok_LINE212,LINE212,TikTok,2026-09-17,20:00,冬青油與清涼舒緩體感,A,中,pending_legal_pharmacist_review,false,冬青油與清涼舒緩體感,"0-3秒 Hook：冬青油與清涼舒緩體感，你也遇過嗎？
3-12秒 情境：拍攝已購買或正在觀望的一條根使用者的日常動作，字幕點出「冬青油與清涼舒緩體感」。
12-25秒 知識：外用油膏應放在保守邊界：依標示外用，提供局部按摩與暫時舒緩體感。
25-36秒 安全：僅供外用；避免眼周、黏膜、破皮或傷口。
36-45秒 CTA：使用前看標示，收藏這支，下次別用錯。",冬青油與清涼舒緩體感的重點是依標示使用，不誇大、不神化。本產品為外用油膏，請依核准標示使用；若症狀持續或惡化，請諮詢醫師或藥師。,#金牌一條根 #外用油膏 #成分透明 #依標示使用,"0-3秒 Hook：冬青油與清涼舒緩體感，你也遇過嗎？
3-12秒 情境：拍攝已購買或正在觀望的一條根使用者的日常動作，字幕點出「冬青油與清涼舒緩體感」。
12-25秒 知識：外用油膏應放在保守邊界：依標示外用，提供局部按摩與暫時舒緩體感。
25-36秒 安全：僅供外用；避免眼周、黏膜、破皮或傷口。
36-45秒 CTA：使用前看標示，收藏這支，下次別用錯。",本產品為外用油膏，請依核准標示使用；若症狀持續或惡化，請諮詢醫師或藥師。,僅供外用；避免眼周、黏膜、破皮或傷口。,根治|治療疾病|消炎治本|打通經絡|一擦就好|保證有效|深層修復|替代藥物
TikTok_LINE213,LINE213,TikTok,2026-09-18,12:00,早晨活動前的關節暖身,D,中,pending_legal_pharmacist_review,false,早晨活動前的關節暖身,"0-3秒 Hook：早晨活動前的關節暖身，你也遇過嗎？
3-12秒 情境：拍攝40-70 歲注重日常活動舒適度的族群的日常動作，字幕點出「早晨活動前的關節暖身」。
12-25秒 知識：外用油膏應放在保守邊界：輕微關節痠痛可短期舒緩，但不可宣稱治療疾病。
25-36秒 安全：關節腫痛、紅熱、長期疼痛或行走困難，請就醫評估。
36-45秒 CTA：使用前看標示，收藏這支，下次別用錯。",早晨活動前的關節暖身的重點是依標示使用，不誇大、不神化。本產品為外用油膏，請依核准標示使用；若症狀持續或惡化，請諮詢醫師或藥師。,#銀髮保養 #活動舒適 #輕微痠痛 #依標示使用,"0-3秒 Hook：早晨活動前的關節暖身，你也遇過嗎？
3-12秒 情境：拍攝40-70 歲注重日常活動舒適度的族群的日常動作，字幕點出「早晨活動前的關節暖身」。
12-25秒 知識：外用油膏應放在保守邊界：輕微關節痠痛可短期舒緩，但不可宣稱治療疾病。
25-36秒 安全：關節腫痛、紅熱、長期疼痛或行走困難，請就醫評估。
36-45秒 CTA：使用前看標示，收藏這支，下次別用錯。",本產品為外用油膏，請依核准標示使用；若症狀持續或惡化，請諮詢醫師或藥師。,關節腫痛、紅熱、長期疼痛或行走困難，請就醫評估。,根治|治療疾病|消炎治本|打通經絡|一擦就好|保證有效|深層修復|替代藥物
TikTok_LINE214,LINE214,TikTok,2026-09-18,20:00,不能擦在破皮或傷口,E,高,pending_legal_pharmacist_review,false,不能擦在破皮或傷口,"0-3秒 Hook：不能擦在破皮或傷口，你也遇過嗎？
3-12秒 情境：拍攝所有使用者、照護者與家庭購買者的日常動作，字幕點出「不能擦在破皮或傷口」。
12-25秒 知識：外用油膏應放在保守邊界：安全使用比用得多更重要，依標示與風險族群提醒。
25-36秒 安全：2 歲以下、孕哺、過敏體質、抗凝血藥使用者請先詢問專業人員。
36-45秒 CTA：使用前看標示，收藏這支，下次別用錯。",不能擦在破皮或傷口的重點是依標示使用，不誇大、不神化。僅供外用。避免接觸眼睛、黏膜、破皮或傷口；特殊族群使用前請先諮詢專業人員。,#外用安全 #用藥安全 #使用前看標示 #諮詢醫師藥師,"0-3秒 Hook：不能擦在破皮或傷口，你也遇過嗎？
3-12秒 情境：拍攝所有使用者、照護者與家庭購買者的日常動作，字幕點出「不能擦在破皮或傷口」。
12-25秒 知識：外用油膏應放在保守邊界：安全使用比用得多更重要，依標示與風險族群提醒。
25-36秒 安全：2 歲以下、孕哺、過敏體質、抗凝血藥使用者請先詢問專業人員。
36-45秒 CTA：使用前看標示，收藏這支，下次別用錯。",僅供外用。避免接觸眼睛、黏膜、破皮或傷口；特殊族群使用前請先諮詢專業人員。,2 歲以下、孕哺、過敏體質、抗凝血藥使用者請先詢問專業人員。,根治|治療疾病|消炎治本|打通經絡|一擦就好|保證有效|深層修復|替代藥物
TikTok_LINE215,LINE215,TikTok,2026-09-19,12:00,芒種後濕熱生活保養,F,低,pending_legal_pharmacist_review,false,芒種後濕熱生活保養,"0-3秒 Hook：芒種後濕熱生活保養，你也遇過嗎？
3-12秒 情境：拍攝喜歡養生、節氣與日常保健的 LINE 讀者的日常動作，字幕點出「芒種後濕熱生活保養」。
12-25秒 知識：外用油膏應放在保守邊界：以生活保健與身體覺察為主，不做醫療療效宣稱。
25-36秒 安全：節氣養生屬一般生活資訊，身體不適仍應諮詢專業人員。
36-45秒 CTA：使用前看標示，收藏這支，下次別用錯。",芒種後濕熱生活保養的重點是依標示使用，不誇大、不神化。本內容為一般生活保健資訊，非醫療診斷或治療建議。,#節氣保養 #生活保健 #日常保養 #身體覺察,"0-3秒 Hook：芒種後濕熱生活保養，你也遇過嗎？
3-12秒 情境：拍攝喜歡養生、節氣與日常保健的 LINE 讀者的日常動作，字幕點出「芒種後濕熱生活保養」。
12-25秒 知識：外用油膏應放在保守邊界：以生活保健與身體覺察為主，不做醫療療效宣稱。
25-36秒 安全：節氣養生屬一般生活資訊，身體不適仍應諮詢專業人員。
36-45秒 CTA：使用前看標示，收藏這支，下次別用錯。",本內容為一般生活保健資訊，非醫療診斷或治療建議。,節氣養生屬一般生活資訊，身體不適仍應諮詢專業人員。,根治|治療疾病|消炎治本|打通經絡|一擦就好|保證有效|深層修復|替代藥物
TikTok_LINE216,LINE216,TikTok,2026-09-19,20:00,久站後小腿不適舒緩,C,中,pending_legal_pharmacist_review,false,久站後小腿不適舒緩,"0-3秒 Hook：久站後小腿不適舒緩，你也遇過嗎？
3-12秒 情境：拍攝運動族、搬重物、久站與勞動工作者的日常動作，字幕點出「久站後小腿不適舒緩」。
12-25秒 知識：外用油膏應放在保守邊界：運動或勞動後的局部肌肉痠痛，可短期按摩舒緩。
25-36秒 安全：明顯腫脹、劇痛、活動受限或疑似受傷時，請先就醫。
36-45秒 CTA：使用前看標示，收藏這支，下次別用錯。",久站後小腿不適舒緩的重點是依標示使用，不誇大、不神化。本產品為外用油膏，請依核准標示使用；若症狀持續或惡化，請諮詢醫師或藥師。,#運動後保養 #局部按摩 #肌肉痠痛 #依標示使用,"0-3秒 Hook：久站後小腿不適舒緩，你也遇過嗎？
3-12秒 情境：拍攝運動族、搬重物、久站與勞動工作者的日常動作，字幕點出「久站後小腿不適舒緩」。
12-25秒 知識：外用油膏應放在保守邊界：運動或勞動後的局部肌肉痠痛，可短期按摩舒緩。
25-36秒 安全：明顯腫脹、劇痛、活動受限或疑似受傷時，請先就醫。
36-45秒 CTA：使用前看標示，收藏這支，下次別用錯。",本產品為外用油膏，請依核准標示使用；若症狀持續或惡化，請諮詢醫師或藥師。,明顯腫脹、劇痛、活動受限或疑似受傷時，請先就醫。,根治|治療疾病|消炎治本|打通經絡|一擦就好|保證有效|深層修復|替代藥物
TikTok_LINE217,LINE217,TikTok,2026-09-20,12:00,你最常哪個部位緊繃,G,低,pending_legal_pharmacist_review,false,你最常哪個部位緊繃,"0-3秒 Hook：你最常哪個部位緊繃，你也遇過嗎？
3-12秒 情境：拍攝LINE OA 好友、回購客與新客的日常動作，字幕點出「你最常哪個部位緊繃」。
12-25秒 知識：外用油膏應放在保守邊界：用問答降低誤用，讓使用者知道何時該詢問專業人員。
25-36秒 安全：互動回答不取代醫師或藥師建議。
36-45秒 CTA：使用前看標示，收藏這支，下次別用錯。",你最常哪個部位緊繃的重點是依標示使用，不誇大、不神化。本內容為一般生活保健資訊，非醫療診斷或治療建議。,#互動問答 #保養知識 #使用小提醒 #金牌一條根,"0-3秒 Hook：你最常哪個部位緊繃，你也遇過嗎？
3-12秒 情境：拍攝LINE OA 好友、回購客與新客的日常動作，字幕點出「你最常哪個部位緊繃」。
12-25秒 知識：外用油膏應放在保守邊界：用問答降低誤用，讓使用者知道何時該詢問專業人員。
25-36秒 安全：互動回答不取代醫師或藥師建議。
36-45秒 CTA：使用前看標示，收藏這支，下次別用錯。",本內容為一般生活保健資訊，非醫療診斷或治療建議。,互動回答不取代醫師或藥師建議。,根治|治療疾病|消炎治本|打通經絡|一擦就好|保證有效|深層修復|替代藥物
TikTok_LINE218,LINE218,TikTok,2026-09-20,20:00,長輩外用膏使用安全,D,中,pending_legal_pharmacist_review,false,長輩外用膏使用安全,"0-3秒 Hook：長輩外用膏使用安全，你也遇過嗎？
3-12秒 情境：拍攝40-70 歲注重日常活動舒適度的族群的日常動作，字幕點出「長輩外用膏使用安全」。
12-25秒 知識：外用油膏應放在保守邊界：輕微關節痠痛可短期舒緩，但不可宣稱治療疾病。
25-36秒 安全：關節腫痛、紅熱、長期疼痛或行走困難，請就醫評估。
36-45秒 CTA：使用前看標示，收藏這支，下次別用錯。",長輩外用膏使用安全的重點是依標示使用，不誇大、不神化。本產品為外用油膏，請依核准標示使用；若症狀持續或惡化，請諮詢醫師或藥師。,#銀髮保養 #活動舒適 #輕微痠痛 #依標示使用,"0-3秒 Hook：長輩外用膏使用安全，你也遇過嗎？
3-12秒 情境：拍攝40-70 歲注重日常活動舒適度的族群的日常動作，字幕點出「長輩外用膏使用安全」。
12-25秒 知識：外用油膏應放在保守邊界：輕微關節痠痛可短期舒緩，但不可宣稱治療疾病。
25-36秒 安全：關節腫痛、紅熱、長期疼痛或行走困難，請就醫評估。
36-45秒 CTA：使用前看標示，收藏這支，下次別用錯。",本產品為外用油膏，請依核准標示使用；若症狀持續或惡化，請諮詢醫師或藥師。,關節腫痛、紅熱、長期疼痛或行走困難，請就醫評估。,根治|治療疾病|消炎治本|打通經絡|一擦就好|保證有效|深層修復|替代藥物
TikTok_LINE219,LINE219,TikTok,2026-09-21,12:00,辦公桌前的姿勢檢查,B,低,pending_legal_pharmacist_review,false,辦公桌前的姿勢檢查,"0-3秒 Hook：辦公桌前的姿勢檢查，你也遇過嗎？
3-12秒 情境：拍攝長時間低頭、久坐、用電腦的上班族的日常動作，字幕點出「辦公桌前的姿勢檢查」。
12-25秒 知識：外用油膏應放在保守邊界：久坐低頭後，可搭配伸展與局部按摩舒緩緊繃不適。
25-36秒 安全：若痠痛持續、麻木或影響活動，請諮詢醫師或藥師。
36-45秒 CTA：使用前看標示，收藏這支，下次別用錯。",辦公桌前的姿勢檢查的重點是依標示使用，不誇大、不神化。本內容為一般生活保健資訊，非醫療診斷或治療建議。,#肩頸保養 #久坐族 #日常舒緩 #依標示使用,"0-3秒 Hook：辦公桌前的姿勢檢查，你也遇過嗎？
3-12秒 情境：拍攝長時間低頭、久坐、用電腦的上班族的日常動作，字幕點出「辦公桌前的姿勢檢查」。
12-25秒 知識：外用油膏應放在保守邊界：久坐低頭後，可搭配伸展與局部按摩舒緩緊繃不適。
25-36秒 安全：若痠痛持續、麻木或影響活動，請諮詢醫師或藥師。
36-45秒 CTA：使用前看標示，收藏這支，下次別用錯。",本內容為一般生活保健資訊，非醫療診斷或治療建議。,若痠痛持續、麻木或影響活動，請諮詢醫師或藥師。,根治|治療疾病|消炎治本|打通經絡|一擦就好|保證有效|深層修復|替代藥物
TikTok_LINE220,LINE220,TikTok,2026-09-21,20:00,薄荷腦帶來的涼感來源,A,中,pending_legal_pharmacist_review,false,薄荷腦帶來的涼感來源,"0-3秒 Hook：薄荷腦帶來的涼感來源，你也遇過嗎？
3-12秒 情境：拍攝已購買或正在觀望的一條根使用者的日常動作，字幕點出「薄荷腦帶來的涼感來源」。
12-25秒 知識：外用油膏應放在保守邊界：依標示外用，提供局部按摩與暫時舒緩體感。
25-36秒 安全：僅供外用；避免眼周、黏膜、破皮或傷口。
36-45秒 CTA：使用前看標示，收藏這支，下次別用錯。",薄荷腦帶來的涼感來源的重點是依標示使用，不誇大、不神化。本產品為外用油膏，請依核准標示使用；若症狀持續或惡化，請諮詢醫師或藥師。,#金牌一條根 #外用油膏 #成分透明 #依標示使用,"0-3秒 Hook：薄荷腦帶來的涼感來源，你也遇過嗎？
3-12秒 情境：拍攝已購買或正在觀望的一條根使用者的日常動作，字幕點出「薄荷腦帶來的涼感來源」。
12-25秒 知識：外用油膏應放在保守邊界：依標示外用，提供局部按摩與暫時舒緩體感。
25-36秒 安全：僅供外用；避免眼周、黏膜、破皮或傷口。
36-45秒 CTA：使用前看標示，收藏這支，下次別用錯。",本產品為外用油膏，請依核准標示使用；若症狀持續或惡化，請諮詢醫師或藥師。,僅供外用；避免眼周、黏膜、破皮或傷口。,根治|治療疾病|消炎治本|打通經絡|一擦就好|保證有效|深層修復|替代藥物
TikTok_LINE221,LINE221,TikTok,2026-09-22,12:00,夏季冷氣房的肩頸保養,F,低,pending_legal_pharmacist_review,false,夏季冷氣房的肩頸保養,"0-3秒 Hook：夏季冷氣房的肩頸保養，你也遇過嗎？
3-12秒 情境：拍攝喜歡養生、節氣與日常保健的 LINE 讀者的日常動作，字幕點出「夏季冷氣房的肩頸保養」。
12-25秒 知識：外用油膏應放在保守邊界：以生活保健與身體覺察為主，不做醫療療效宣稱。
25-36秒 安全：節氣養生屬一般生活資訊，身體不適仍應諮詢專業人員。
36-45秒 CTA：使用前看標示，收藏這支，下次別用錯。",夏季冷氣房的肩頸保養的重點是依標示使用，不誇大、不神化。本內容為一般生活保健資訊，非醫療診斷或治療建議。,#節氣保養 #生活保健 #日常保養 #身體覺察,"0-3秒 Hook：夏季冷氣房的肩頸保養，你也遇過嗎？
3-12秒 情境：拍攝喜歡養生、節氣與日常保健的 LINE 讀者的日常動作，字幕點出「夏季冷氣房的肩頸保養」。
12-25秒 知識：外用油膏應放在保守邊界：以生活保健與身體覺察為主，不做醫療療效宣稱。
25-36秒 安全：節氣養生屬一般生活資訊，身體不適仍應諮詢專業人員。
36-45秒 CTA：使用前看標示，收藏這支，下次別用錯。",本內容為一般生活保健資訊，非醫療診斷或治療建議。,節氣養生屬一般生活資訊，身體不適仍應諮詢專業人員。,根治|治療疾病|消炎治本|打通經絡|一擦就好|保證有效|深層修復|替代藥物
TikTok_LINE222,LINE222,TikTok,2026-09-22,20:00,外用膏避免眼周與黏膜,E,高,pending_legal_pharmacist_review,false,外用膏避免眼周與黏膜,"0-3秒 Hook：外用膏避免眼周與黏膜，你也遇過嗎？
3-12秒 情境：拍攝所有使用者、照護者與家庭購買者的日常動作，字幕點出「外用膏避免眼周與黏膜」。
12-25秒 知識：外用油膏應放在保守邊界：安全使用比用得多更重要，依標示與風險族群提醒。
25-36秒 安全：2 歲以下、孕哺、過敏體質、抗凝血藥使用者請先詢問專業人員。
36-45秒 CTA：使用前看標示，收藏這支，下次別用錯。",外用膏避免眼周與黏膜的重點是依標示使用，不誇大、不神化。僅供外用。避免接觸眼睛、黏膜、破皮或傷口；特殊族群使用前請先諮詢專業人員。,#外用安全 #用藥安全 #使用前看標示 #諮詢醫師藥師,"0-3秒 Hook：外用膏避免眼周與黏膜，你也遇過嗎？
3-12秒 情境：拍攝所有使用者、照護者與家庭購買者的日常動作，字幕點出「外用膏避免眼周與黏膜」。
12-25秒 知識：外用油膏應放在保守邊界：安全使用比用得多更重要，依標示與風險族群提醒。
25-36秒 安全：2 歲以下、孕哺、過敏體質、抗凝血藥使用者請先詢問專業人員。
36-45秒 CTA：使用前看標示，收藏這支，下次別用錯。",僅供外用。避免接觸眼睛、黏膜、破皮或傷口；特殊族群使用前請先諮詢專業人員。,2 歲以下、孕哺、過敏體質、抗凝血藥使用者請先詢問專業人員。,根治|治療疾病|消炎治本|打通經絡|一擦就好|保證有效|深層修復|替代藥物
TikTok_LINE223,LINE223,TikTok,2026-09-23,12:00,合法宣傳比誇大更長久,H,中,pending_legal_pharmacist_review,false,合法宣傳比誇大更長久,"0-3秒 Hook：合法宣傳比誇大更長久，你也遇過嗎？
3-12秒 情境：拍攝重視藥證、成分、品質與合法性的消費者的日常動作，字幕點出「合法宣傳比誇大更長久」。
12-25秒 知識：外用油膏應放在保守邊界：強調藥證、標示、保守宣稱與人工審核流程。
25-36秒 安全：所有廣告文案仍須依主管機關與專業人員審核。
36-45秒 CTA：使用前看標示，收藏這支，下次別用錯。",合法宣傳比誇大更長久的重點是依標示使用，不誇大、不神化。本產品為外用油膏，請依核准標示使用；若症狀持續或惡化，請諮詢醫師或藥師。,#藥證可查 #品牌透明 #合法宣傳 #成分透明,"0-3秒 Hook：合法宣傳比誇大更長久，你也遇過嗎？
3-12秒 情境：拍攝重視藥證、成分、品質與合法性的消費者的日常動作，字幕點出「合法宣傳比誇大更長久」。
12-25秒 知識：外用油膏應放在保守邊界：強調藥證、標示、保守宣稱與人工審核流程。
25-36秒 安全：所有廣告文案仍須依主管機關與專業人員審核。
36-45秒 CTA：使用前看標示，收藏這支，下次別用錯。",本產品為外用油膏，請依核准標示使用；若症狀持續或惡化，請諮詢醫師或藥師。,所有廣告文案仍須依主管機關與專業人員審核。,根治|治療疾病|消炎治本|打通經絡|一擦就好|保證有效|深層修復|替代藥物
TikTok_LINE224,LINE224,TikTok,2026-09-23,20:00,你習慣運動前還是運動後保養,G,低,pending_legal_pharmacist_review,false,你習慣運動前還是運動後保養,"0-3秒 Hook：你習慣運動前還是運動後保養，你也遇過嗎？
3-12秒 情境：拍攝LINE OA 好友、回購客與新客的日常動作，字幕點出「你習慣運動前還是運動後保養」。
12-25秒 知識：外用油膏應放在保守邊界：用問答降低誤用，讓使用者知道何時該詢問專業人員。
25-36秒 安全：互動回答不取代醫師或藥師建議。
36-45秒 CTA：使用前看標示，收藏這支，下次別用錯。",你習慣運動前還是運動後保養的重點是依標示使用，不誇大、不神化。本內容為一般生活保健資訊，非醫療診斷或治療建議。,#互動問答 #保養知識 #使用小提醒 #金牌一條根,"0-3秒 Hook：你習慣運動前還是運動後保養，你也遇過嗎？
3-12秒 情境：拍攝LINE OA 好友、回購客與新客的日常動作，字幕點出「你習慣運動前還是運動後保養」。
12-25秒 知識：外用油膏應放在保守邊界：用問答降低誤用，讓使用者知道何時該詢問專業人員。
25-36秒 安全：互動回答不取代醫師或藥師建議。
36-45秒 CTA：使用前看標示，收藏這支，下次別用錯。",本內容為一般生活保健資訊，非醫療診斷或治療建議。,互動回答不取代醫師或藥師建議。,根治|治療疾病|消炎治本|打通經絡|一擦就好|保證有效|深層修復|替代藥物
TikTok_LINE225,LINE225,TikTok,2026-09-24,12:00,搬重物後腰背保養,C,中,pending_legal_pharmacist_review,false,搬重物後腰背保養,"0-3秒 Hook：搬重物後腰背保養，你也遇過嗎？
3-12秒 情境：拍攝運動族、搬重物、久站與勞動工作者的日常動作，字幕點出「搬重物後腰背保養」。
12-25秒 知識：外用油膏應放在保守邊界：運動或勞動後的局部肌肉痠痛，可短期按摩舒緩。
25-36秒 安全：明顯腫脹、劇痛、活動受限或疑似受傷時，請先就醫。
36-45秒 CTA：使用前看標示，收藏這支，下次別用錯。",搬重物後腰背保養的重點是依標示使用，不誇大、不神化。本產品為外用油膏，請依核准標示使用；若症狀持續或惡化，請諮詢醫師或藥師。,#運動後保養 #局部按摩 #肌肉痠痛 #依標示使用,"0-3秒 Hook：搬重物後腰背保養，你也遇過嗎？
3-12秒 情境：拍攝運動族、搬重物、久站與勞動工作者的日常動作，字幕點出「搬重物後腰背保養」。
12-25秒 知識：外用油膏應放在保守邊界：運動或勞動後的局部肌肉痠痛，可短期按摩舒緩。
25-36秒 安全：明顯腫脹、劇痛、活動受限或疑似受傷時，請先就醫。
36-45秒 CTA：使用前看標示，收藏這支，下次別用錯。",本產品為外用油膏，請依核准標示使用；若症狀持續或惡化，請諮詢醫師或藥師。,明顯腫脹、劇痛、活動受限或疑似受傷時，請先就醫。,根治|治療疾病|消炎治本|打通經絡|一擦就好|保證有效|深層修復|替代藥物
TikTok_LINE226,LINE226,TikTok,2026-09-24,20:00,樟腦外用時的注意界線,A,中,pending_legal_pharmacist_review,false,樟腦外用時的注意界線,"0-3秒 Hook：樟腦外用時的注意界線，你也遇過嗎？
3-12秒 情境：拍攝已購買或正在觀望的一條根使用者的日常動作，字幕點出「樟腦外用時的注意界線」。
12-25秒 知識：外用油膏應放在保守邊界：依標示外用，提供局部按摩與暫時舒緩體感。
25-36秒 安全：僅供外用；避免眼周、黏膜、破皮或傷口。
36-45秒 CTA：使用前看標示，收藏這支，下次別用錯。",樟腦外用時的注意界線的重點是依標示使用，不誇大、不神化。本產品為外用油膏，請依核准標示使用；若症狀持續或惡化，請諮詢醫師或藥師。,#金牌一條根 #外用油膏 #成分透明 #依標示使用,"0-3秒 Hook：樟腦外用時的注意界線，你也遇過嗎？
3-12秒 情境：拍攝已購買或正在觀望的一條根使用者的日常動作，字幕點出「樟腦外用時的注意界線」。
12-25秒 知識：外用油膏應放在保守邊界：依標示外用，提供局部按摩與暫時舒緩體感。
25-36秒 安全：僅供外用；避免眼周、黏膜、破皮或傷口。
36-45秒 CTA：使用前看標示，收藏這支，下次別用錯。",本產品為外用油膏，請依核准標示使用；若症狀持續或惡化，請諮詢醫師或藥師。,僅供外用；避免眼周、黏膜、破皮或傷口。,根治|治療疾病|消炎治本|打通經絡|一擦就好|保證有效|深層修復|替代藥物
TikTok_LINE227,LINE227,TikTok,2026-09-25,12:00,輕微關節痠痛與疾病治療要分開,D,中,pending_legal_pharmacist_review,false,輕微關節痠痛與疾病治療要分開,"0-3秒 Hook：輕微關節痠痛與疾病治療要分開，你也遇過嗎？
3-12秒 情境：拍攝40-70 歲注重日常活動舒適度的族群的日常動作，字幕點出「輕微關節痠痛與疾病治療要分開」。
12-25秒 知識：外用油膏應放在保守邊界：輕微關節痠痛可短期舒緩，但不可宣稱治療疾病。
25-36秒 安全：關節腫痛、紅熱、長期疼痛或行走困難，請就醫評估。
36-45秒 CTA：使用前看標示，收藏這支，下次別用錯。",輕微關節痠痛與疾病治療要分開的重點是依標示使用，不誇大、不神化。本產品為外用油膏，請依核准標示使用；若症狀持續或惡化，請諮詢醫師或藥師。,#銀髮保養 #活動舒適 #輕微痠痛 #依標示使用,"0-3秒 Hook：輕微關節痠痛與疾病治療要分開，你也遇過嗎？
3-12秒 情境：拍攝40-70 歲注重日常活動舒適度的族群的日常動作，字幕點出「輕微關節痠痛與疾病治療要分開」。
12-25秒 知識：外用油膏應放在保守邊界：輕微關節痠痛可短期舒緩，但不可宣稱治療疾病。
25-36秒 安全：關節腫痛、紅熱、長期疼痛或行走困難，請就醫評估。
36-45秒 CTA：使用前看標示，收藏這支，下次別用錯。",本產品為外用油膏，請依核准標示使用；若症狀持續或惡化，請諮詢醫師或藥師。,關節腫痛、紅熱、長期疼痛或行走困難，請就醫評估。,根治|治療疾病|消炎治本|打通經絡|一擦就好|保證有效|深層修復|替代藥物
TikTok_LINE228,LINE228,TikTok,2026-09-25,20:00,不要搭配熱敷墊或電毯,E,高,pending_legal_pharmacist_review,false,不要搭配熱敷墊或電毯,"0-3秒 Hook：不要搭配熱敷墊或電毯，你也遇過嗎？
3-12秒 情境：拍攝所有使用者、照護者與家庭購買者的日常動作，字幕點出「不要搭配熱敷墊或電毯」。
12-25秒 知識：外用油膏應放在保守邊界：安全使用比用得多更重要，依標示與風險族群提醒。
25-36秒 安全：2 歲以下、孕哺、過敏體質、抗凝血藥使用者請先詢問專業人員。
36-45秒 CTA：使用前看標示，收藏這支，下次別用錯。",不要搭配熱敷墊或電毯的重點是依標示使用，不誇大、不神化。僅供外用。避免接觸眼睛、黏膜、破皮或傷口；特殊族群使用前請先諮詢專業人員。,#外用安全 #用藥安全 #使用前看標示 #諮詢醫師藥師,"0-3秒 Hook：不要搭配熱敷墊或電毯，你也遇過嗎？
3-12秒 情境：拍攝所有使用者、照護者與家庭購買者的日常動作，字幕點出「不要搭配熱敷墊或電毯」。
12-25秒 知識：外用油膏應放在保守邊界：安全使用比用得多更重要，依標示與風險族群提醒。
25-36秒 安全：2 歲以下、孕哺、過敏體質、抗凝血藥使用者請先詢問專業人員。
36-45秒 CTA：使用前看標示，收藏這支，下次別用錯。",僅供外用。避免接觸眼睛、黏膜、破皮或傷口；特殊族群使用前請先諮詢專業人員。,2 歲以下、孕哺、過敏體質、抗凝血藥使用者請先詢問專業人員。,根治|治療疾病|消炎治本|打通經絡|一擦就好|保證有效|深層修復|替代藥物
TikTok_LINE229,LINE229,TikTok,2026-09-26,12:00,小暑前後活動舒適提醒,F,低,pending_legal_pharmacist_review,false,小暑前後活動舒適提醒,"0-3秒 Hook：小暑前後活動舒適提醒，你也遇過嗎？
3-12秒 情境：拍攝喜歡養生、節氣與日常保健的 LINE 讀者的日常動作，字幕點出「小暑前後活動舒適提醒」。
12-25秒 知識：外用油膏應放在保守邊界：以生活保健與身體覺察為主，不做醫療療效宣稱。
25-36秒 安全：節氣養生屬一般生活資訊，身體不適仍應諮詢專業人員。
36-45秒 CTA：使用前看標示，收藏這支，下次別用錯。",小暑前後活動舒適提醒的重點是依標示使用，不誇大、不神化。本內容為一般生活保健資訊，非醫療診斷或治療建議。,#節氣保養 #生活保健 #日常保養 #身體覺察,"0-3秒 Hook：小暑前後活動舒適提醒，你也遇過嗎？
3-12秒 情境：拍攝喜歡養生、節氣與日常保健的 LINE 讀者的日常動作，字幕點出「小暑前後活動舒適提醒」。
12-25秒 知識：外用油膏應放在保守邊界：以生活保健與身體覺察為主，不做醫療療效宣稱。
25-36秒 安全：節氣養生屬一般生活資訊，身體不適仍應諮詢專業人員。
36-45秒 CTA：使用前看標示，收藏這支，下次別用錯。",本內容為一般生活保健資訊，非醫療診斷或治療建議。,節氣養生屬一般生活資訊，身體不適仍應諮詢專業人員。,根治|治療疾病|消炎治本|打通經絡|一擦就好|保證有效|深層修復|替代藥物
TikTok_LINE230,LINE230,TikTok,2026-09-26,20:00,爬山後腿部按摩提醒,C,中,pending_legal_pharmacist_review,false,爬山後腿部按摩提醒,"0-3秒 Hook：爬山後腿部按摩提醒，你也遇過嗎？
3-12秒 情境：拍攝運動族、搬重物、久站與勞動工作者的日常動作，字幕點出「爬山後腿部按摩提醒」。
12-25秒 知識：外用油膏應放在保守邊界：運動或勞動後的局部肌肉痠痛，可短期按摩舒緩。
25-36秒 安全：明顯腫脹、劇痛、活動受限或疑似受傷時，請先就醫。
36-45秒 CTA：使用前看標示，收藏這支，下次別用錯。",爬山後腿部按摩提醒的重點是依標示使用，不誇大、不神化。本產品為外用油膏，請依核准標示使用；若症狀持續或惡化，請諮詢醫師或藥師。,#運動後保養 #局部按摩 #肌肉痠痛 #依標示使用,"0-3秒 Hook：爬山後腿部按摩提醒，你也遇過嗎？
3-12秒 情境：拍攝運動族、搬重物、久站與勞動工作者的日常動作，字幕點出「爬山後腿部按摩提醒」。
12-25秒 知識：外用油膏應放在保守邊界：運動或勞動後的局部肌肉痠痛，可短期按摩舒緩。
25-36秒 安全：明顯腫脹、劇痛、活動受限或疑似受傷時，請先就醫。
36-45秒 CTA：使用前看標示，收藏這支，下次別用錯。",本產品為外用油膏，請依核准標示使用；若症狀持續或惡化，請諮詢醫師或藥師。,明顯腫脹、劇痛、活動受限或疑似受傷時，請先就醫。,根治|治療疾病|消炎治本|打通經絡|一擦就好|保證有效|深層修復|替代藥物
TikTok_LINE231,LINE231,TikTok,2026-09-27,12:00,外用膏一次擦多少才剛好,G,低,pending_legal_pharmacist_review,false,外用膏一次擦多少才剛好,"0-3秒 Hook：外用膏一次擦多少才剛好，你也遇過嗎？
3-12秒 情境：拍攝LINE OA 好友、回購客與新客的日常動作，字幕點出「外用膏一次擦多少才剛好」。
12-25秒 知識：外用油膏應放在保守邊界：用問答降低誤用，讓使用者知道何時該詢問專業人員。
25-36秒 安全：互動回答不取代醫師或藥師建議。
36-45秒 CTA：使用前看標示，收藏這支，下次別用錯。",外用膏一次擦多少才剛好的重點是依標示使用，不誇大、不神化。本內容為一般生活保健資訊，非醫療診斷或治療建議。,#互動問答 #保養知識 #使用小提醒 #金牌一條根,"0-3秒 Hook：外用膏一次擦多少才剛好，你也遇過嗎？
3-12秒 情境：拍攝LINE OA 好友、回購客與新客的日常動作，字幕點出「外用膏一次擦多少才剛好」。
12-25秒 知識：外用油膏應放在保守邊界：用問答降低誤用，讓使用者知道何時該詢問專業人員。
25-36秒 安全：互動回答不取代醫師或藥師建議。
36-45秒 CTA：使用前看標示，收藏這支，下次別用錯。",本內容為一般生活保健資訊，非醫療診斷或治療建議。,互動回答不取代醫師或藥師建議。,根治|治療疾病|消炎治本|打通經絡|一擦就好|保證有效|深層修復|替代藥物
TikTok_LINE232,LINE232,TikTok,2026-09-27,20:00,散步後的膝周保養,D,中,pending_legal_pharmacist_review,false,散步後的膝周保養,"0-3秒 Hook：散步後的膝周保養，你也遇過嗎？
3-12秒 情境：拍攝40-70 歲注重日常活動舒適度的族群的日常動作，字幕點出「散步後的膝周保養」。
12-25秒 知識：外用油膏應放在保守邊界：輕微關節痠痛可短期舒緩，但不可宣稱治療疾病。
25-36秒 安全：關節腫痛、紅熱、長期疼痛或行走困難，請就醫評估。
36-45秒 CTA：使用前看標示，收藏這支，下次別用錯。",散步後的膝周保養的重點是依標示使用，不誇大、不神化。本產品為外用油膏，請依核准標示使用；若症狀持續或惡化，請諮詢醫師或藥師。,#銀髮保養 #活動舒適 #輕微痠痛 #依標示使用,"0-3秒 Hook：散步後的膝周保養，你也遇過嗎？
3-12秒 情境：拍攝40-70 歲注重日常活動舒適度的族群的日常動作，字幕點出「散步後的膝周保養」。
12-25秒 知識：外用油膏應放在保守邊界：輕微關節痠痛可短期舒緩，但不可宣稱治療疾病。
25-36秒 安全：關節腫痛、紅熱、長期疼痛或行走困難，請就醫評估。
36-45秒 CTA：使用前看標示，收藏這支，下次別用錯。",本產品為外用油膏，請依核准標示使用；若症狀持續或惡化，請諮詢醫師或藥師。,關節腫痛、紅熱、長期疼痛或行走困難，請就醫評估。,根治|治療疾病|消炎治本|打通經絡|一擦就好|保證有效|深層修復|替代藥物
TikTok_LINE233,LINE233,TikTok,2026-09-28,12:00,肩頸按摩不要只靠用力,B,低,pending_legal_pharmacist_review,false,肩頸按摩不要只靠用力,"0-3秒 Hook：肩頸按摩不要只靠用力，你也遇過嗎？
3-12秒 情境：拍攝長時間低頭、久坐、用電腦的上班族的日常動作，字幕點出「肩頸按摩不要只靠用力」。
12-25秒 知識：外用油膏應放在保守邊界：久坐低頭後，可搭配伸展與局部按摩舒緩緊繃不適。
25-36秒 安全：若痠痛持續、麻木或影響活動，請諮詢醫師或藥師。
36-45秒 CTA：使用前看標示，收藏這支，下次別用錯。",肩頸按摩不要只靠用力的重點是依標示使用，不誇大、不神化。本內容為一般生活保健資訊，非醫療診斷或治療建議。,#肩頸保養 #久坐族 #日常舒緩 #依標示使用,"0-3秒 Hook：肩頸按摩不要只靠用力，你也遇過嗎？
3-12秒 情境：拍攝長時間低頭、久坐、用電腦的上班族的日常動作，字幕點出「肩頸按摩不要只靠用力」。
12-25秒 知識：外用油膏應放在保守邊界：久坐低頭後，可搭配伸展與局部按摩舒緩緊繃不適。
25-36秒 安全：若痠痛持續、麻木或影響活動，請諮詢醫師或藥師。
36-45秒 CTA：使用前看標示，收藏這支，下次別用錯。",本內容為一般生活保健資訊，非醫療診斷或治療建議。,若痠痛持續、麻木或影響活動，請諮詢醫師或藥師。,根治|治療疾病|消炎治本|打通經絡|一擦就好|保證有效|深層修復|替代藥物
TikTok_LINE234,LINE234,TikTok,2026-09-28,20:00,油膏劑為什麼適合局部按摩,A,中,pending_legal_pharmacist_review,false,油膏劑為什麼適合局部按摩,"0-3秒 Hook：油膏劑為什麼適合局部按摩，你也遇過嗎？
3-12秒 情境：拍攝已購買或正在觀望的一條根使用者的日常動作，字幕點出「油膏劑為什麼適合局部按摩」。
12-25秒 知識：外用油膏應放在保守邊界：依標示外用，提供局部按摩與暫時舒緩體感。
25-36秒 安全：僅供外用；避免眼周、黏膜、破皮或傷口。
36-45秒 CTA：使用前看標示，收藏這支，下次別用錯。",油膏劑為什麼適合局部按摩的重點是依標示使用，不誇大、不神化。本產品為外用油膏，請依核准標示使用；若症狀持續或惡化，請諮詢醫師或藥師。,#金牌一條根 #外用油膏 #成分透明 #依標示使用,"0-3秒 Hook：油膏劑為什麼適合局部按摩，你也遇過嗎？
3-12秒 情境：拍攝已購買或正在觀望的一條根使用者的日常動作，字幕點出「油膏劑為什麼適合局部按摩」。
12-25秒 知識：外用油膏應放在保守邊界：依標示外用，提供局部按摩與暫時舒緩體感。
25-36秒 安全：僅供外用；避免眼周、黏膜、破皮或傷口。
36-45秒 CTA：使用前看標示，收藏這支，下次別用錯。",本產品為外用油膏，請依核准標示使用；若症狀持續或惡化，請諮詢醫師或藥師。,僅供外用；避免眼周、黏膜、破皮或傷口。,根治|治療疾病|消炎治本|打通經絡|一擦就好|保證有效|深層修復|替代藥物
TikTok_LINE235,LINE235,TikTok,2026-09-29,12:00,大暑午後少久站硬撐,F,低,pending_legal_pharmacist_review,false,大暑午後少久站硬撐,"0-3秒 Hook：大暑午後少久站硬撐，你也遇過嗎？
3-12秒 情境：拍攝喜歡養生、節氣與日常保健的 LINE 讀者的日常動作，字幕點出「大暑午後少久站硬撐」。
12-25秒 知識：外用油膏應放在保守邊界：以生活保健與身體覺察為主，不做醫療療效宣稱。
25-36秒 安全：節氣養生屬一般生活資訊，身體不適仍應諮詢專業人員。
36-45秒 CTA：使用前看標示，收藏這支，下次別用錯。",大暑午後少久站硬撐的重點是依標示使用，不誇大、不神化。本內容為一般生活保健資訊，非醫療診斷或治療建議。,#節氣保養 #生活保健 #日常保養 #身體覺察,"0-3秒 Hook：大暑午後少久站硬撐，你也遇過嗎？
3-12秒 情境：拍攝喜歡養生、節氣與日常保健的 LINE 讀者的日常動作，字幕點出「大暑午後少久站硬撐」。
12-25秒 知識：外用油膏應放在保守邊界：以生活保健與身體覺察為主，不做醫療療效宣稱。
25-36秒 安全：節氣養生屬一般生活資訊，身體不適仍應諮詢專業人員。
36-45秒 CTA：使用前看標示，收藏這支，下次別用錯。",本內容為一般生活保健資訊，非醫療診斷或治療建議。,節氣養生屬一般生活資訊，身體不適仍應諮詢專業人員。,根治|治療疾病|消炎治本|打通經絡|一擦就好|保證有效|深層修復|替代藥物
TikTok_LINE236,LINE236,TikTok,2026-09-29,20:00,不要密封包紮或大面積厚敷,E,高,pending_legal_pharmacist_review,false,不要密封包紮或大面積厚敷,"0-3秒 Hook：不要密封包紮或大面積厚敷，你也遇過嗎？
3-12秒 情境：拍攝所有使用者、照護者與家庭購買者的日常動作，字幕點出「不要密封包紮或大面積厚敷」。
12-25秒 知識：外用油膏應放在保守邊界：安全使用比用得多更重要，依標示與風險族群提醒。
25-36秒 安全：2 歲以下、孕哺、過敏體質、抗凝血藥使用者請先詢問專業人員。
36-45秒 CTA：使用前看標示，收藏這支，下次別用錯。",不要密封包紮或大面積厚敷的重點是依標示使用，不誇大、不神化。僅供外用。避免接觸眼睛、黏膜、破皮或傷口；特殊族群使用前請先諮詢專業人員。,#外用安全 #用藥安全 #使用前看標示 #諮詢醫師藥師,"0-3秒 Hook：不要密封包紮或大面積厚敷，你也遇過嗎？
3-12秒 情境：拍攝所有使用者、照護者與家庭購買者的日常動作，字幕點出「不要密封包紮或大面積厚敷」。
12-25秒 知識：外用油膏應放在保守邊界：安全使用比用得多更重要，依標示與風險族群提醒。
25-36秒 安全：2 歲以下、孕哺、過敏體質、抗凝血藥使用者請先詢問專業人員。
36-45秒 CTA：使用前看標示，收藏這支，下次別用錯。",僅供外用。避免接觸眼睛、黏膜、破皮或傷口；特殊族群使用前請先諮詢專業人員。,2 歲以下、孕哺、過敏體質、抗凝血藥使用者請先詢問專業人員。,根治|治療疾病|消炎治本|打通經絡|一擦就好|保證有效|深層修復|替代藥物
TikTok_LINE237,LINE237,TikTok,2026-09-30,12:00,什麼是乙類成藥,H,中,pending_legal_pharmacist_review,false,什麼是乙類成藥,"0-3秒 Hook：什麼是乙類成藥，你也遇過嗎？
3-12秒 情境：拍攝重視藥證、成分、品質與合法性的消費者的日常動作，字幕點出「什麼是乙類成藥」。
12-25秒 知識：外用油膏應放在保守邊界：強調藥證、標示、保守宣稱與人工審核流程。
25-36秒 安全：所有廣告文案仍須依主管機關與專業人員審核。
36-45秒 CTA：使用前看標示，收藏這支，下次別用錯。",什麼是乙類成藥的重點是依標示使用，不誇大、不神化。本產品為外用油膏，請依核准標示使用；若症狀持續或惡化，請諮詢醫師或藥師。,#藥證可查 #品牌透明 #合法宣傳 #成分透明,"0-3秒 Hook：什麼是乙類成藥，你也遇過嗎？
3-12秒 情境：拍攝重視藥證、成分、品質與合法性的消費者的日常動作，字幕點出「什麼是乙類成藥」。
12-25秒 知識：外用油膏應放在保守邊界：強調藥證、標示、保守宣稱與人工審核流程。
25-36秒 安全：所有廣告文案仍須依主管機關與專業人員審核。
36-45秒 CTA：使用前看標示，收藏這支，下次別用錯。",本產品為外用油膏，請依核准標示使用；若症狀持續或惡化，請諮詢醫師或藥師。,所有廣告文案仍須依主管機關與專業人員審核。,根治|治療疾病|消炎治本|打通經絡|一擦就好|保證有效|深層修復|替代藥物
TikTok_LINE238,LINE238,TikTok,2026-09-30,20:00,涼感越強越有效嗎,G,低,pending_legal_pharmacist_review,false,涼感越強越有效嗎,"0-3秒 Hook：涼感越強越有效嗎，你也遇過嗎？
3-12秒 情境：拍攝LINE OA 好友、回購客與新客的日常動作，字幕點出「涼感越強越有效嗎」。
12-25秒 知識：外用油膏應放在保守邊界：用問答降低誤用，讓使用者知道何時該詢問專業人員。
25-36秒 安全：互動回答不取代醫師或藥師建議。
36-45秒 CTA：使用前看標示，收藏這支，下次別用錯。",涼感越強越有效嗎的重點是依標示使用，不誇大、不神化。本內容為一般生活保健資訊，非醫療診斷或治療建議。,#互動問答 #保養知識 #使用小提醒 #金牌一條根,"0-3秒 Hook：涼感越強越有效嗎，你也遇過嗎？
3-12秒 情境：拍攝LINE OA 好友、回購客與新客的日常動作，字幕點出「涼感越強越有效嗎」。
12-25秒 知識：外用油膏應放在保守邊界：用問答降低誤用，讓使用者知道何時該詢問專業人員。
25-36秒 安全：互動回答不取代醫師或藥師建議。
36-45秒 CTA：使用前看標示，收藏這支，下次別用錯。",本內容為一般生活保健資訊，非醫療診斷或治療建議。,互動回答不取代醫師或藥師建議。,根治|治療疾病|消炎治本|打通經絡|一擦就好|保證有效|深層修復|替代藥物
TikTok_LINE239,LINE239,TikTok,2026-10-01,12:00,重訓後肩背局部舒緩,C,中,pending_legal_pharmacist_review,false,重訓後肩背局部舒緩,"0-3秒 Hook：重訓後肩背局部舒緩，你也遇過嗎？
3-12秒 情境：拍攝運動族、搬重物、久站與勞動工作者的日常動作，字幕點出「重訓後肩背局部舒緩」。
12-25秒 知識：外用油膏應放在保守邊界：運動或勞動後的局部肌肉痠痛，可短期按摩舒緩。
25-36秒 安全：明顯腫脹、劇痛、活動受限或疑似受傷時，請先就醫。
36-45秒 CTA：使用前看標示，收藏這支，下次別用錯。",重訓後肩背局部舒緩的重點是依標示使用，不誇大、不神化。本產品為外用油膏，請依核准標示使用；若症狀持續或惡化，請諮詢醫師或藥師。,#運動後保養 #局部按摩 #肌肉痠痛 #依標示使用,"0-3秒 Hook：重訓後肩背局部舒緩，你也遇過嗎？
3-12秒 情境：拍攝運動族、搬重物、久站與勞動工作者的日常動作，字幕點出「重訓後肩背局部舒緩」。
12-25秒 知識：外用油膏應放在保守邊界：運動或勞動後的局部肌肉痠痛，可短期按摩舒緩。
25-36秒 安全：明顯腫脹、劇痛、活動受限或疑似受傷時，請先就醫。
36-45秒 CTA：使用前看標示，收藏這支，下次別用錯。",本產品為外用油膏，請依核准標示使用；若症狀持續或惡化，請諮詢醫師或藥師。,明顯腫脹、劇痛、活動受限或疑似受傷時，請先就醫。,根治|治療疾病|消炎治本|打通經絡|一擦就好|保證有效|深層修復|替代藥物
TikTok_LINE240,LINE240,TikTok,2026-10-01,20:00,乙類成藥與一般保健品差異,A,中,pending_legal_pharmacist_review,false,乙類成藥與一般保健品差異,"0-3秒 Hook：乙類成藥與一般保健品差異，你也遇過嗎？
3-12秒 情境：拍攝已購買或正在觀望的一條根使用者的日常動作，字幕點出「乙類成藥與一般保健品差異」。
12-25秒 知識：外用油膏應放在保守邊界：依標示外用，提供局部按摩與暫時舒緩體感。
25-36秒 安全：僅供外用；避免眼周、黏膜、破皮或傷口。
36-45秒 CTA：使用前看標示，收藏這支，下次別用錯。",乙類成藥與一般保健品差異的重點是依標示使用，不誇大、不神化。本產品為外用油膏，請依核准標示使用；若症狀持續或惡化，請諮詢醫師或藥師。,#金牌一條根 #外用油膏 #成分透明 #依標示使用,"0-3秒 Hook：乙類成藥與一般保健品差異，你也遇過嗎？
3-12秒 情境：拍攝已購買或正在觀望的一條根使用者的日常動作，字幕點出「乙類成藥與一般保健品差異」。
12-25秒 知識：外用油膏應放在保守邊界：依標示外用，提供局部按摩與暫時舒緩體感。
25-36秒 安全：僅供外用；避免眼周、黏膜、破皮或傷口。
36-45秒 CTA：使用前看標示，收藏這支，下次別用錯。",本產品為外用油膏，請依核准標示使用；若症狀持續或惡化，請諮詢醫師或藥師。,僅供外用；避免眼周、黏膜、破皮或傷口。,根治|治療疾病|消炎治本|打通經絡|一擦就好|保證有效|深層修復|替代藥物
TikTok_LINE241,LINE241,TikTok,2026-10-02,12:00,天氣變化時的活動舒適感,D,中,pending_legal_pharmacist_review,false,天氣變化時的活動舒適感,"0-3秒 Hook：天氣變化時的活動舒適感，你也遇過嗎？
3-12秒 情境：拍攝40-70 歲注重日常活動舒適度的族群的日常動作，字幕點出「天氣變化時的活動舒適感」。
12-25秒 知識：外用油膏應放在保守邊界：輕微關節痠痛可短期舒緩，但不可宣稱治療疾病。
25-36秒 安全：關節腫痛、紅熱、長期疼痛或行走困難，請就醫評估。
36-45秒 CTA：使用前看標示，收藏這支，下次別用錯。",天氣變化時的活動舒適感的重點是依標示使用，不誇大、不神化。本產品為外用油膏，請依核准標示使用；若症狀持續或惡化，請諮詢醫師或藥師。,#銀髮保養 #活動舒適 #輕微痠痛 #依標示使用,"0-3秒 Hook：天氣變化時的活動舒適感，你也遇過嗎？
3-12秒 情境：拍攝40-70 歲注重日常活動舒適度的族群的日常動作，字幕點出「天氣變化時的活動舒適感」。
12-25秒 知識：外用油膏應放在保守邊界：輕微關節痠痛可短期舒緩，但不可宣稱治療疾病。
25-36秒 安全：關節腫痛、紅熱、長期疼痛或行走困難，請就醫評估。
36-45秒 CTA：使用前看標示，收藏這支，下次別用錯。",本產品為外用油膏，請依核准標示使用；若症狀持續或惡化，請諮詢醫師或藥師。,關節腫痛、紅熱、長期疼痛或行走困難，請就醫評估。,根治|治療疾病|消炎治本|打通經絡|一擦就好|保證有效|深層修復|替代藥物
TikTok_LINE242,LINE242,TikTok,2026-10-02,20:00,水楊酸或阿斯匹靈過敏者注意,E,高,pending_legal_pharmacist_review,false,水楊酸或阿斯匹靈過敏者注意,"0-3秒 Hook：水楊酸或阿斯匹靈過敏者注意，你也遇過嗎？
3-12秒 情境：拍攝所有使用者、照護者與家庭購買者的日常動作，字幕點出「水楊酸或阿斯匹靈過敏者注意」。
12-25秒 知識：外用油膏應放在保守邊界：安全使用比用得多更重要，依標示與風險族群提醒。
25-36秒 安全：2 歲以下、孕哺、過敏體質、抗凝血藥使用者請先詢問專業人員。
36-45秒 CTA：使用前看標示，收藏這支，下次別用錯。",水楊酸或阿斯匹靈過敏者注意的重點是依標示使用，不誇大、不神化。僅供外用。避免接觸眼睛、黏膜、破皮或傷口；特殊族群使用前請先諮詢專業人員。,#外用安全 #用藥安全 #使用前看標示 #諮詢醫師藥師,"0-3秒 Hook：水楊酸或阿斯匹靈過敏者注意，你也遇過嗎？
3-12秒 情境：拍攝所有使用者、照護者與家庭購買者的日常動作，字幕點出「水楊酸或阿斯匹靈過敏者注意」。
12-25秒 知識：外用油膏應放在保守邊界：安全使用比用得多更重要，依標示與風險族群提醒。
25-36秒 安全：2 歲以下、孕哺、過敏體質、抗凝血藥使用者請先詢問專業人員。
36-45秒 CTA：使用前看標示，收藏這支，下次別用錯。",僅供外用。避免接觸眼睛、黏膜、破皮或傷口；特殊族群使用前請先諮詢專業人員。,2 歲以下、孕哺、過敏體質、抗凝血藥使用者請先詢問專業人員。,根治|治療疾病|消炎治本|打通經絡|一擦就好|保證有效|深層修復|替代藥物
TikTok_LINE243,LINE243,TikTok,2026-10-03,12:00,立秋後早晚溫差保養,F,低,pending_legal_pharmacist_review,false,立秋後早晚溫差保養,"0-3秒 Hook：立秋後早晚溫差保養，你也遇過嗎？
3-12秒 情境：拍攝喜歡養生、節氣與日常保健的 LINE 讀者的日常動作，字幕點出「立秋後早晚溫差保養」。
12-25秒 知識：外用油膏應放在保守邊界：以生活保健與身體覺察為主，不做醫療療效宣稱。
25-36秒 安全：節氣養生屬一般生活資訊，身體不適仍應諮詢專業人員。
36-45秒 CTA：使用前看標示，收藏這支，下次別用錯。",立秋後早晚溫差保養的重點是依標示使用，不誇大、不神化。本內容為一般生活保健資訊，非醫療診斷或治療建議。,#節氣保養 #生活保健 #日常保養 #身體覺察,"0-3秒 Hook：立秋後早晚溫差保養，你也遇過嗎？
3-12秒 情境：拍攝喜歡養生、節氣與日常保健的 LINE 讀者的日常動作，字幕點出「立秋後早晚溫差保養」。
12-25秒 知識：外用油膏應放在保守邊界：以生活保健與身體覺察為主，不做醫療療效宣稱。
25-36秒 安全：節氣養生屬一般生活資訊，身體不適仍應諮詢專業人員。
36-45秒 CTA：使用前看標示，收藏這支，下次別用錯。",本內容為一般生活保健資訊，非醫療診斷或治療建議。,節氣養生屬一般生活資訊，身體不適仍應諮詢專業人員。,根治|治療疾病|消炎治本|打通經絡|一擦就好|保證有效|深層修復|替代藥物
TikTok_LINE244,LINE244,TikTok,2026-10-03,20:00,家事後手臂不適保養,C,中,pending_legal_pharmacist_review,false,家事後手臂不適保養,"0-3秒 Hook：家事後手臂不適保養，你也遇過嗎？
3-12秒 情境：拍攝運動族、搬重物、久站與勞動工作者的日常動作，字幕點出「家事後手臂不適保養」。
12-25秒 知識：外用油膏應放在保守邊界：運動或勞動後的局部肌肉痠痛，可短期按摩舒緩。
25-36秒 安全：明顯腫脹、劇痛、活動受限或疑似受傷時，請先就醫。
36-45秒 CTA：使用前看標示，收藏這支，下次別用錯。",家事後手臂不適保養的重點是依標示使用，不誇大、不神化。本產品為外用油膏，請依核准標示使用；若症狀持續或惡化，請諮詢醫師或藥師。,#運動後保養 #局部按摩 #肌肉痠痛 #依標示使用,"0-3秒 Hook：家事後手臂不適保養，你也遇過嗎？
3-12秒 情境：拍攝運動族、搬重物、久站與勞動工作者的日常動作，字幕點出「家事後手臂不適保養」。
12-25秒 知識：外用油膏應放在保守邊界：運動或勞動後的局部肌肉痠痛，可短期按摩舒緩。
25-36秒 安全：明顯腫脹、劇痛、活動受限或疑似受傷時，請先就醫。
36-45秒 CTA：使用前看標示，收藏這支，下次別用錯。",本產品為外用油膏，請依核准標示使用；若症狀持續或惡化，請諮詢醫師或藥師。,明顯腫脹、劇痛、活動受限或疑似受傷時，請先就醫。,根治|治療疾病|消炎治本|打通經絡|一擦就好|保證有效|深層修復|替代藥物
TikTok_LINE245,LINE245,TikTok,2026-10-04,12:00,你有看過外用產品標示嗎,G,低,pending_legal_pharmacist_review,false,你有看過外用產品標示嗎,"0-3秒 Hook：你有看過外用產品標示嗎，你也遇過嗎？
3-12秒 情境：拍攝LINE OA 好友、回購客與新客的日常動作，字幕點出「你有看過外用產品標示嗎」。
12-25秒 知識：外用油膏應放在保守邊界：用問答降低誤用，讓使用者知道何時該詢問專業人員。
25-36秒 安全：互動回答不取代醫師或藥師建議。
36-45秒 CTA：使用前看標示，收藏這支，下次別用錯。",你有看過外用產品標示嗎的重點是依標示使用，不誇大、不神化。本內容為一般生活保健資訊，非醫療診斷或治療建議。,#互動問答 #保養知識 #使用小提醒 #金牌一條根,"0-3秒 Hook：你有看過外用產品標示嗎，你也遇過嗎？
3-12秒 情境：拍攝LINE OA 好友、回購客與新客的日常動作，字幕點出「你有看過外用產品標示嗎」。
12-25秒 知識：外用油膏應放在保守邊界：用問答降低誤用，讓使用者知道何時該詢問專業人員。
25-36秒 安全：互動回答不取代醫師或藥師建議。
36-45秒 CTA：使用前看標示，收藏這支，下次別用錯。",本內容為一般生活保健資訊，非醫療診斷或治療建議。,互動回答不取代醫師或藥師建議。,根治|治療疾病|消炎治本|打通經絡|一擦就好|保證有效|深層修復|替代藥物
TikTok_LINE246,LINE246,TikTok,2026-10-04,20:00,長輩按摩力道不要過重,D,中,pending_legal_pharmacist_review,false,長輩按摩力道不要過重,"0-3秒 Hook：長輩按摩力道不要過重，你也遇過嗎？
3-12秒 情境：拍攝40-70 歲注重日常活動舒適度的族群的日常動作，字幕點出「長輩按摩力道不要過重」。
12-25秒 知識：外用油膏應放在保守邊界：輕微關節痠痛可短期舒緩，但不可宣稱治療疾病。
25-36秒 安全：關節腫痛、紅熱、長期疼痛或行走困難，請就醫評估。
36-45秒 CTA：使用前看標示，收藏這支，下次別用錯。",長輩按摩力道不要過重的重點是依標示使用，不誇大、不神化。本產品為外用油膏，請依核准標示使用；若症狀持續或惡化，請諮詢醫師或藥師。,#銀髮保養 #活動舒適 #輕微痠痛 #依標示使用,"0-3秒 Hook：長輩按摩力道不要過重，你也遇過嗎？
3-12秒 情境：拍攝40-70 歲注重日常活動舒適度的族群的日常動作，字幕點出「長輩按摩力道不要過重」。
12-25秒 知識：外用油膏應放在保守邊界：輕微關節痠痛可短期舒緩，但不可宣稱治療疾病。
25-36秒 安全：關節腫痛、紅熱、長期疼痛或行走困難，請就醫評估。
36-45秒 CTA：使用前看標示，收藏這支，下次別用錯。",本產品為外用油膏，請依核准標示使用；若症狀持續或惡化，請諮詢醫師或藥師。,關節腫痛、紅熱、長期疼痛或行走困難，請就醫評估。,根治|治療疾病|消炎治本|打通經絡|一擦就好|保證有效|深層修復|替代藥物
TikTok_LINE247,LINE247,TikTok,2026-10-05,12:00,久坐族晚間舒緩儀式,B,低,pending_legal_pharmacist_review,false,久坐族晚間舒緩儀式,"0-3秒 Hook：久坐族晚間舒緩儀式，你也遇過嗎？
3-12秒 情境：拍攝長時間低頭、久坐、用電腦的上班族的日常動作，字幕點出「久坐族晚間舒緩儀式」。
12-25秒 知識：外用油膏應放在保守邊界：久坐低頭後，可搭配伸展與局部按摩舒緩緊繃不適。
25-36秒 安全：若痠痛持續、麻木或影響活動，請諮詢醫師或藥師。
36-45秒 CTA：使用前看標示，收藏這支，下次別用錯。",久坐族晚間舒緩儀式的重點是依標示使用，不誇大、不神化。本內容為一般生活保健資訊，非醫療診斷或治療建議。,#肩頸保養 #久坐族 #日常舒緩 #依標示使用,"0-3秒 Hook：久坐族晚間舒緩儀式，你也遇過嗎？
3-12秒 情境：拍攝長時間低頭、久坐、用電腦的上班族的日常動作，字幕點出「久坐族晚間舒緩儀式」。
12-25秒 知識：外用油膏應放在保守邊界：久坐低頭後，可搭配伸展與局部按摩舒緩緊繃不適。
25-36秒 安全：若痠痛持續、麻木或影響活動，請諮詢醫師或藥師。
36-45秒 CTA：使用前看標示，收藏這支，下次別用錯。",本內容為一般生活保健資訊，非醫療診斷或治療建議。,若痠痛持續、麻木或影響活動，請諮詢醫師或藥師。,根治|治療疾病|消炎治本|打通經絡|一擦就好|保證有效|深層修復|替代藥物
TikTok_LINE248,LINE248,TikTok,2026-10-05,20:00,一條根外用膏的日常定位,A,中,pending_legal_pharmacist_review,false,一條根外用膏的日常定位,"0-3秒 Hook：一條根外用膏的日常定位，你也遇過嗎？
3-12秒 情境：拍攝已購買或正在觀望的一條根使用者的日常動作，字幕點出「一條根外用膏的日常定位」。
12-25秒 知識：外用油膏應放在保守邊界：依標示外用，提供局部按摩與暫時舒緩體感。
25-36秒 安全：僅供外用；避免眼周、黏膜、破皮或傷口。
36-45秒 CTA：使用前看標示，收藏這支，下次別用錯。",一條根外用膏的日常定位的重點是依標示使用，不誇大、不神化。本產品為外用油膏，請依核准標示使用；若症狀持續或惡化，請諮詢醫師或藥師。,#金牌一條根 #外用油膏 #成分透明 #依標示使用,"0-3秒 Hook：一條根外用膏的日常定位，你也遇過嗎？
3-12秒 情境：拍攝已購買或正在觀望的一條根使用者的日常動作，字幕點出「一條根外用膏的日常定位」。
12-25秒 知識：外用油膏應放在保守邊界：依標示外用，提供局部按摩與暫時舒緩體感。
25-36秒 安全：僅供外用；避免眼周、黏膜、破皮或傷口。
36-45秒 CTA：使用前看標示，收藏這支，下次別用錯。",本產品為外用油膏，請依核准標示使用；若症狀持續或惡化，請諮詢醫師或藥師。,僅供外用；避免眼周、黏膜、破皮或傷口。,根治|治療疾病|消炎治本|打通經絡|一擦就好|保證有效|深層修復|替代藥物
TikTok_LINE249,LINE249,TikTok,2026-10-06,12:00,處暑後運動暖身提醒,F,低,pending_legal_pharmacist_review,false,處暑後運動暖身提醒,"0-3秒 Hook：處暑後運動暖身提醒，你也遇過嗎？
3-12秒 情境：拍攝喜歡養生、節氣與日常保健的 LINE 讀者的日常動作，字幕點出「處暑後運動暖身提醒」。
12-25秒 知識：外用油膏應放在保守邊界：以生活保健與身體覺察為主，不做醫療療效宣稱。
25-36秒 安全：節氣養生屬一般生活資訊，身體不適仍應諮詢專業人員。
36-45秒 CTA：使用前看標示，收藏這支，下次別用錯。",處暑後運動暖身提醒的重點是依標示使用，不誇大、不神化。本內容為一般生活保健資訊，非醫療診斷或治療建議。,#節氣保養 #生活保健 #日常保養 #身體覺察,"0-3秒 Hook：處暑後運動暖身提醒，你也遇過嗎？
3-12秒 情境：拍攝喜歡養生、節氣與日常保健的 LINE 讀者的日常動作，字幕點出「處暑後運動暖身提醒」。
12-25秒 知識：外用油膏應放在保守邊界：以生活保健與身體覺察為主，不做醫療療效宣稱。
25-36秒 安全：節氣養生屬一般生活資訊，身體不適仍應諮詢專業人員。
36-45秒 CTA：使用前看標示，收藏這支，下次別用錯。",本內容為一般生活保健資訊，非醫療診斷或治療建議。,節氣養生屬一般生活資訊，身體不適仍應諮詢專業人員。,根治|治療疾病|消炎治本|打通經絡|一擦就好|保證有效|深層修復|替代藥物
TikTok_LINE250,LINE250,TikTok,2026-10-06,20:00,兒童使用前的安全提醒,E,高,pending_legal_pharmacist_review,false,兒童使用前的安全提醒,"0-3秒 Hook：兒童使用前的安全提醒，你也遇過嗎？
3-12秒 情境：拍攝所有使用者、照護者與家庭購買者的日常動作，字幕點出「兒童使用前的安全提醒」。
12-25秒 知識：外用油膏應放在保守邊界：安全使用比用得多更重要，依標示與風險族群提醒。
25-36秒 安全：2 歲以下、孕哺、過敏體質、抗凝血藥使用者請先詢問專業人員。
36-45秒 CTA：使用前看標示，收藏這支，下次別用錯。",兒童使用前的安全提醒的重點是依標示使用，不誇大、不神化。僅供外用。避免接觸眼睛、黏膜、破皮或傷口；特殊族群使用前請先諮詢專業人員。,#外用安全 #用藥安全 #使用前看標示 #諮詢醫師藥師,"0-3秒 Hook：兒童使用前的安全提醒，你也遇過嗎？
3-12秒 情境：拍攝所有使用者、照護者與家庭購買者的日常動作，字幕點出「兒童使用前的安全提醒」。
12-25秒 知識：外用油膏應放在保守邊界：安全使用比用得多更重要，依標示與風險族群提醒。
25-36秒 安全：2 歲以下、孕哺、過敏體質、抗凝血藥使用者請先詢問專業人員。
36-45秒 CTA：使用前看標示，收藏這支，下次別用錯。",僅供外用。避免接觸眼睛、黏膜、破皮或傷口；特殊族群使用前請先諮詢專業人員。,2 歲以下、孕哺、過敏體質、抗凝血藥使用者請先詢問專業人員。,根治|治療疾病|消炎治本|打通經絡|一擦就好|保證有效|深層修復|替代藥物
TikTok_LINE251,LINE251,TikTok,2026-10-07,12:00,官方適應症與社群文案的差異,H,中,pending_legal_pharmacist_review,false,官方適應症與社群文案的差異,"0-3秒 Hook：官方適應症與社群文案的差異，你也遇過嗎？
3-12秒 情境：拍攝重視藥證、成分、品質與合法性的消費者的日常動作，字幕點出「官方適應症與社群文案的差異」。
12-25秒 知識：外用油膏應放在保守邊界：強調藥證、標示、保守宣稱與人工審核流程。
25-36秒 安全：所有廣告文案仍須依主管機關與專業人員審核。
36-45秒 CTA：使用前看標示，收藏這支，下次別用錯。",官方適應症與社群文案的差異的重點是依標示使用，不誇大、不神化。本產品為外用油膏，請依核准標示使用；若症狀持續或惡化，請諮詢醫師或藥師。,#藥證可查 #品牌透明 #合法宣傳 #成分透明,"0-3秒 Hook：官方適應症與社群文案的差異，你也遇過嗎？
3-12秒 情境：拍攝重視藥證、成分、品質與合法性的消費者的日常動作，字幕點出「官方適應症與社群文案的差異」。
12-25秒 知識：外用油膏應放在保守邊界：強調藥證、標示、保守宣稱與人工審核流程。
25-36秒 安全：所有廣告文案仍須依主管機關與專業人員審核。
36-45秒 CTA：使用前看標示，收藏這支，下次別用錯。",本產品為外用油膏，請依核准標示使用；若症狀持續或惡化，請諮詢醫師或藥師。,所有廣告文案仍須依主管機關與專業人員審核。,根治|治療疾病|消炎治本|打通經絡|一擦就好|保證有效|深層修復|替代藥物
TikTok_LINE252,LINE252,TikTok,2026-10-07,20:00,久坐族最想舒緩哪裡,G,低,pending_legal_pharmacist_review,false,久坐族最想舒緩哪裡,"0-3秒 Hook：久坐族最想舒緩哪裡，你也遇過嗎？
3-12秒 情境：拍攝LINE OA 好友、回購客與新客的日常動作，字幕點出「久坐族最想舒緩哪裡」。
12-25秒 知識：外用油膏應放在保守邊界：用問答降低誤用，讓使用者知道何時該詢問專業人員。
25-36秒 安全：互動回答不取代醫師或藥師建議。
36-45秒 CTA：使用前看標示，收藏這支，下次別用錯。",久坐族最想舒緩哪裡的重點是依標示使用，不誇大、不神化。本內容為一般生活保健資訊，非醫療診斷或治療建議。,#互動問答 #保養知識 #使用小提醒 #金牌一條根,"0-3秒 Hook：久坐族最想舒緩哪裡，你也遇過嗎？
3-12秒 情境：拍攝LINE OA 好友、回購客與新客的日常動作，字幕點出「久坐族最想舒緩哪裡」。
12-25秒 知識：外用油膏應放在保守邊界：用問答降低誤用，讓使用者知道何時該詢問專業人員。
25-36秒 安全：互動回答不取代醫師或藥師建議。
36-45秒 CTA：使用前看標示，收藏這支，下次別用錯。",本內容為一般生活保健資訊，非醫療診斷或治療建議。,互動回答不取代醫師或藥師建議。,根治|治療疾病|消炎治本|打通經絡|一擦就好|保證有效|深層修復|替代藥物
TikTok_LINE253,LINE253,TikTok,2026-10-08,12:00,跑步後膝周不適的保守提醒,C,中,pending_legal_pharmacist_review,false,跑步後膝周不適的保守提醒,"0-3秒 Hook：跑步後膝周不適的保守提醒，你也遇過嗎？
3-12秒 情境：拍攝運動族、搬重物、久站與勞動工作者的日常動作，字幕點出「跑步後膝周不適的保守提醒」。
12-25秒 知識：外用油膏應放在保守邊界：運動或勞動後的局部肌肉痠痛，可短期按摩舒緩。
25-36秒 安全：明顯腫脹、劇痛、活動受限或疑似受傷時，請先就醫。
36-45秒 CTA：使用前看標示，收藏這支，下次別用錯。",跑步後膝周不適的保守提醒的重點是依標示使用，不誇大、不神化。本產品為外用油膏，請依核准標示使用；若症狀持續或惡化，請諮詢醫師或藥師。,#運動後保養 #局部按摩 #肌肉痠痛 #依標示使用,"0-3秒 Hook：跑步後膝周不適的保守提醒，你也遇過嗎？
3-12秒 情境：拍攝運動族、搬重物、久站與勞動工作者的日常動作，字幕點出「跑步後膝周不適的保守提醒」。
12-25秒 知識：外用油膏應放在保守邊界：運動或勞動後的局部肌肉痠痛，可短期按摩舒緩。
25-36秒 安全：明顯腫脹、劇痛、活動受限或疑似受傷時，請先就醫。
36-45秒 CTA：使用前看標示，收藏這支，下次別用錯。",本產品為外用油膏，請依核准標示使用；若症狀持續或惡化，請諮詢醫師或藥師。,明顯腫脹、劇痛、活動受限或疑似受傷時，請先就醫。,根治|治療疾病|消炎治本|打通經絡|一擦就好|保證有效|深層修復|替代藥物
TikTok_LINE254,LINE254,TikTok,2026-10-08,20:00,成分濃度為什麼要看標示,A,中,pending_legal_pharmacist_review,false,成分濃度為什麼要看標示,"0-3秒 Hook：成分濃度為什麼要看標示，你也遇過嗎？
3-12秒 情境：拍攝已購買或正在觀望的一條根使用者的日常動作，字幕點出「成分濃度為什麼要看標示」。
12-25秒 知識：外用油膏應放在保守邊界：依標示外用，提供局部按摩與暫時舒緩體感。
25-36秒 安全：僅供外用；避免眼周、黏膜、破皮或傷口。
36-45秒 CTA：使用前看標示，收藏這支，下次別用錯。",成分濃度為什麼要看標示的重點是依標示使用，不誇大、不神化。本產品為外用油膏，請依核准標示使用；若症狀持續或惡化，請諮詢醫師或藥師。,#金牌一條根 #外用油膏 #成分透明 #依標示使用,"0-3秒 Hook：成分濃度為什麼要看標示，你也遇過嗎？
3-12秒 情境：拍攝已購買或正在觀望的一條根使用者的日常動作，字幕點出「成分濃度為什麼要看標示」。
12-25秒 知識：外用油膏應放在保守邊界：依標示外用，提供局部按摩與暫時舒緩體感。
25-36秒 安全：僅供外用；避免眼周、黏膜、破皮或傷口。
36-45秒 CTA：使用前看標示，收藏這支，下次別用錯。",本產品為外用油膏，請依核准標示使用；若症狀持續或惡化，請諮詢醫師或藥師。,僅供外用；避免眼周、黏膜、破皮或傷口。,根治|治療疾病|消炎治本|打通經絡|一擦就好|保證有效|深層修復|替代藥物
TikTok_LINE255,LINE255,TikTok,2026-10-09,12:00,照顧爸媽時的外用提醒,D,中,pending_legal_pharmacist_review,false,照顧爸媽時的外用提醒,"0-3秒 Hook：照顧爸媽時的外用提醒，你也遇過嗎？
3-12秒 情境：拍攝40-70 歲注重日常活動舒適度的族群的日常動作，字幕點出「照顧爸媽時的外用提醒」。
12-25秒 知識：外用油膏應放在保守邊界：輕微關節痠痛可短期舒緩，但不可宣稱治療疾病。
25-36秒 安全：關節腫痛、紅熱、長期疼痛或行走困難，請就醫評估。
36-45秒 CTA：使用前看標示，收藏這支，下次別用錯。",照顧爸媽時的外用提醒的重點是依標示使用，不誇大、不神化。本產品為外用油膏，請依核准標示使用；若症狀持續或惡化，請諮詢醫師或藥師。,#銀髮保養 #活動舒適 #輕微痠痛 #依標示使用,"0-3秒 Hook：照顧爸媽時的外用提醒，你也遇過嗎？
3-12秒 情境：拍攝40-70 歲注重日常活動舒適度的族群的日常動作，字幕點出「照顧爸媽時的外用提醒」。
12-25秒 知識：外用油膏應放在保守邊界：輕微關節痠痛可短期舒緩，但不可宣稱治療疾病。
25-36秒 安全：關節腫痛、紅熱、長期疼痛或行走困難，請就醫評估。
36-45秒 CTA：使用前看標示，收藏這支，下次別用錯。",本產品為外用油膏，請依核准標示使用；若症狀持續或惡化，請諮詢醫師或藥師。,關節腫痛、紅熱、長期疼痛或行走困難，請就醫評估。,根治|治療疾病|消炎治本|打通經絡|一擦就好|保證有效|深層修復|替代藥物
TikTok_LINE256,LINE256,TikTok,2026-10-09,20:00,孕婦與哺乳族群先詢問專業人員,E,高,pending_legal_pharmacist_review,false,孕婦與哺乳族群先詢問專業人員,"0-3秒 Hook：孕婦與哺乳族群先詢問專業人員，你也遇過嗎？
3-12秒 情境：拍攝所有使用者、照護者與家庭購買者的日常動作，字幕點出「孕婦與哺乳族群先詢問專業人員」。
12-25秒 知識：外用油膏應放在保守邊界：安全使用比用得多更重要，依標示與風險族群提醒。
25-36秒 安全：2 歲以下、孕哺、過敏體質、抗凝血藥使用者請先詢問專業人員。
36-45秒 CTA：使用前看標示，收藏這支，下次別用錯。",孕婦與哺乳族群先詢問專業人員的重點是依標示使用，不誇大、不神化。僅供外用。避免接觸眼睛、黏膜、破皮或傷口；特殊族群使用前請先諮詢專業人員。,#外用安全 #用藥安全 #使用前看標示 #諮詢醫師藥師,"0-3秒 Hook：孕婦與哺乳族群先詢問專業人員，你也遇過嗎？
3-12秒 情境：拍攝所有使用者、照護者與家庭購買者的日常動作，字幕點出「孕婦與哺乳族群先詢問專業人員」。
12-25秒 知識：外用油膏應放在保守邊界：安全使用比用得多更重要，依標示與風險族群提醒。
25-36秒 安全：2 歲以下、孕哺、過敏體質、抗凝血藥使用者請先詢問專業人員。
36-45秒 CTA：使用前看標示，收藏這支，下次別用錯。",僅供外用。避免接觸眼睛、黏膜、破皮或傷口；特殊族群使用前請先諮詢專業人員。,2 歲以下、孕哺、過敏體質、抗凝血藥使用者請先詢問專業人員。,根治|治療疾病|消炎治本|打通經絡|一擦就好|保證有效|深層修復|替代藥物
TikTok_LINE257,LINE257,TikTok,2026-10-10,12:00,白露時節關心長輩活動,F,低,pending_legal_pharmacist_review,false,白露時節關心長輩活動,"0-3秒 Hook：白露時節關心長輩活動，你也遇過嗎？
3-12秒 情境：拍攝喜歡養生、節氣與日常保健的 LINE 讀者的日常動作，字幕點出「白露時節關心長輩活動」。
12-25秒 知識：外用油膏應放在保守邊界：以生活保健與身體覺察為主，不做醫療療效宣稱。
25-36秒 安全：節氣養生屬一般生活資訊，身體不適仍應諮詢專業人員。
36-45秒 CTA：使用前看標示，收藏這支，下次別用錯。",白露時節關心長輩活動的重點是依標示使用，不誇大、不神化。本內容為一般生活保健資訊，非醫療診斷或治療建議。,#節氣保養 #生活保健 #日常保養 #身體覺察,"0-3秒 Hook：白露時節關心長輩活動，你也遇過嗎？
3-12秒 情境：拍攝喜歡養生、節氣與日常保健的 LINE 讀者的日常動作，字幕點出「白露時節關心長輩活動」。
12-25秒 知識：外用油膏應放在保守邊界：以生活保健與身體覺察為主，不做醫療療效宣稱。
25-36秒 安全：節氣養生屬一般生活資訊，身體不適仍應諮詢專業人員。
36-45秒 CTA：使用前看標示，收藏這支，下次別用錯。",本內容為一般生活保健資訊，非醫療診斷或治療建議。,節氣養生屬一般生活資訊，身體不適仍應諮詢專業人員。,根治|治療疾病|消炎治本|打通經絡|一擦就好|保證有效|深層修復|替代藥物
TikTok_LINE258,LINE258,TikTok,2026-10-10,20:00,勞動後先休息再按摩,C,中,pending_legal_pharmacist_review,false,勞動後先休息再按摩,"0-3秒 Hook：勞動後先休息再按摩，你也遇過嗎？
3-12秒 情境：拍攝運動族、搬重物、久站與勞動工作者的日常動作，字幕點出「勞動後先休息再按摩」。
12-25秒 知識：外用油膏應放在保守邊界：運動或勞動後的局部肌肉痠痛，可短期按摩舒緩。
25-36秒 安全：明顯腫脹、劇痛、活動受限或疑似受傷時，請先就醫。
36-45秒 CTA：使用前看標示，收藏這支，下次別用錯。",勞動後先休息再按摩的重點是依標示使用，不誇大、不神化。本產品為外用油膏，請依核准標示使用；若症狀持續或惡化，請諮詢醫師或藥師。,#運動後保養 #局部按摩 #肌肉痠痛 #依標示使用,"0-3秒 Hook：勞動後先休息再按摩，你也遇過嗎？
3-12秒 情境：拍攝運動族、搬重物、久站與勞動工作者的日常動作，字幕點出「勞動後先休息再按摩」。
12-25秒 知識：外用油膏應放在保守邊界：運動或勞動後的局部肌肉痠痛，可短期按摩舒緩。
25-36秒 安全：明顯腫脹、劇痛、活動受限或疑似受傷時，請先就醫。
36-45秒 CTA：使用前看標示，收藏這支，下次別用錯。",本產品為外用油膏，請依核准標示使用；若症狀持續或惡化，請諮詢醫師或藥師。,明顯腫脹、劇痛、活動受限或疑似受傷時，請先就醫。,根治|治療疾病|消炎治本|打通經絡|一擦就好|保證有效|深層修復|替代藥物
TikTok_LINE259,LINE259,TikTok,2026-10-11,12:00,長輩使用外用膏你會提醒什麼,G,低,pending_legal_pharmacist_review,false,長輩使用外用膏你會提醒什麼,"0-3秒 Hook：長輩使用外用膏你會提醒什麼，你也遇過嗎？
3-12秒 情境：拍攝LINE OA 好友、回購客與新客的日常動作，字幕點出「長輩使用外用膏你會提醒什麼」。
12-25秒 知識：外用油膏應放在保守邊界：用問答降低誤用，讓使用者知道何時該詢問專業人員。
25-36秒 安全：互動回答不取代醫師或藥師建議。
36-45秒 CTA：使用前看標示，收藏這支，下次別用錯。",長輩使用外用膏你會提醒什麼的重點是依標示使用，不誇大、不神化。本內容為一般生活保健資訊，非醫療診斷或治療建議。,#互動問答 #保養知識 #使用小提醒 #金牌一條根,"0-3秒 Hook：長輩使用外用膏你會提醒什麼，你也遇過嗎？
3-12秒 情境：拍攝LINE OA 好友、回購客與新客的日常動作，字幕點出「長輩使用外用膏你會提醒什麼」。
12-25秒 知識：外用油膏應放在保守邊界：用問答降低誤用，讓使用者知道何時該詢問專業人員。
25-36秒 安全：互動回答不取代醫師或藥師建議。
36-45秒 CTA：使用前看標示，收藏這支，下次別用錯。",本內容為一般生活保健資訊，非醫療診斷或治療建議。,互動回答不取代醫師或藥師建議。,根治|治療疾病|消炎治本|打通經絡|一擦就好|保證有效|深層修復|替代藥物
TikTok_LINE260,LINE260,TikTok,2026-10-11,20:00,日常活動舒適度的三個習慣,D,中,pending_legal_pharmacist_review,false,日常活動舒適度的三個習慣,"0-3秒 Hook：日常活動舒適度的三個習慣，你也遇過嗎？
3-12秒 情境：拍攝40-70 歲注重日常活動舒適度的族群的日常動作，字幕點出「日常活動舒適度的三個習慣」。
12-25秒 知識：外用油膏應放在保守邊界：輕微關節痠痛可短期舒緩，但不可宣稱治療疾病。
25-36秒 安全：關節腫痛、紅熱、長期疼痛或行走困難，請就醫評估。
36-45秒 CTA：使用前看標示，收藏這支，下次別用錯。",日常活動舒適度的三個習慣的重點是依標示使用，不誇大、不神化。本產品為外用油膏，請依核准標示使用；若症狀持續或惡化，請諮詢醫師或藥師。,#銀髮保養 #活動舒適 #輕微痠痛 #依標示使用,"0-3秒 Hook：日常活動舒適度的三個習慣，你也遇過嗎？
3-12秒 情境：拍攝40-70 歲注重日常活動舒適度的族群的日常動作，字幕點出「日常活動舒適度的三個習慣」。
12-25秒 知識：外用油膏應放在保守邊界：輕微關節痠痛可短期舒緩，但不可宣稱治療疾病。
25-36秒 安全：關節腫痛、紅熱、長期疼痛或行走困難，請就醫評估。
36-45秒 CTA：使用前看標示，收藏這支，下次別用錯。",本產品為外用油膏，請依核准標示使用；若症狀持續或惡化，請諮詢醫師或藥師。,關節腫痛、紅熱、長期疼痛或行走困難，請就醫評估。,根治|治療疾病|消炎治本|打通經絡|一擦就好|保證有效|深層修復|替代藥物
TikTok_LINE261,LINE261,TikTok,2026-10-12,12:00,背包太重後的肩膀保養,B,低,pending_legal_pharmacist_review,false,背包太重後的肩膀保養,"0-3秒 Hook：背包太重後的肩膀保養，你也遇過嗎？
3-12秒 情境：拍攝長時間低頭、久坐、用電腦的上班族的日常動作，字幕點出「背包太重後的肩膀保養」。
12-25秒 知識：外用油膏應放在保守邊界：久坐低頭後，可搭配伸展與局部按摩舒緩緊繃不適。
25-36秒 安全：若痠痛持續、麻木或影響活動，請諮詢醫師或藥師。
36-45秒 CTA：使用前看標示，收藏這支，下次別用錯。",背包太重後的肩膀保養的重點是依標示使用，不誇大、不神化。本內容為一般生活保健資訊，非醫療診斷或治療建議。,#肩頸保養 #久坐族 #日常舒緩 #依標示使用,"0-3秒 Hook：背包太重後的肩膀保養，你也遇過嗎？
3-12秒 情境：拍攝長時間低頭、久坐、用電腦的上班族的日常動作，字幕點出「背包太重後的肩膀保養」。
12-25秒 知識：外用油膏應放在保守邊界：久坐低頭後，可搭配伸展與局部按摩舒緩緊繃不適。
25-36秒 安全：若痠痛持續、麻木或影響活動，請諮詢醫師或藥師。
36-45秒 CTA：使用前看標示，收藏這支，下次別用錯。",本內容為一般生活保健資訊，非醫療診斷或治療建議。,若痠痛持續、麻木或影響活動，請諮詢醫師或藥師。,根治|治療疾病|消炎治本|打通經絡|一擦就好|保證有效|深層修復|替代藥物
TikTok_LINE262,LINE262,TikTok,2026-10-12,20:00,局部按摩和大面積厚敷的差別,A,中,pending_legal_pharmacist_review,false,局部按摩和大面積厚敷的差別,"0-3秒 Hook：局部按摩和大面積厚敷的差別，你也遇過嗎？
3-12秒 情境：拍攝已購買或正在觀望的一條根使用者的日常動作，字幕點出「局部按摩和大面積厚敷的差別」。
12-25秒 知識：外用油膏應放在保守邊界：依標示外用，提供局部按摩與暫時舒緩體感。
25-36秒 安全：僅供外用；避免眼周、黏膜、破皮或傷口。
36-45秒 CTA：使用前看標示，收藏這支，下次別用錯。",局部按摩和大面積厚敷的差別的重點是依標示使用，不誇大、不神化。本產品為外用油膏，請依核准標示使用；若症狀持續或惡化，請諮詢醫師或藥師。,#金牌一條根 #外用油膏 #成分透明 #依標示使用,"0-3秒 Hook：局部按摩和大面積厚敷的差別，你也遇過嗎？
3-12秒 情境：拍攝已購買或正在觀望的一條根使用者的日常動作，字幕點出「局部按摩和大面積厚敷的差別」。
12-25秒 知識：外用油膏應放在保守邊界：依標示外用，提供局部按摩與暫時舒緩體感。
25-36秒 安全：僅供外用；避免眼周、黏膜、破皮或傷口。
36-45秒 CTA：使用前看標示，收藏這支，下次別用錯。",本產品為外用油膏，請依核准標示使用；若症狀持續或惡化，請諮詢醫師或藥師。,僅供外用；避免眼周、黏膜、破皮或傷口。,根治|治療疾病|消炎治本|打通經絡|一擦就好|保證有效|深層修復|替代藥物
TikTok_LINE263,LINE263,TikTok,2026-10-13,12:00,秋分後外出前暖身,F,低,pending_legal_pharmacist_review,false,秋分後外出前暖身,"0-3秒 Hook：秋分後外出前暖身，你也遇過嗎？
3-12秒 情境：拍攝喜歡養生、節氣與日常保健的 LINE 讀者的日常動作，字幕點出「秋分後外出前暖身」。
12-25秒 知識：外用油膏應放在保守邊界：以生活保健與身體覺察為主，不做醫療療效宣稱。
25-36秒 安全：節氣養生屬一般生活資訊，身體不適仍應諮詢專業人員。
36-45秒 CTA：使用前看標示，收藏這支，下次別用錯。",秋分後外出前暖身的重點是依標示使用，不誇大、不神化。本內容為一般生活保健資訊，非醫療診斷或治療建議。,#節氣保養 #生活保健 #日常保養 #身體覺察,"0-3秒 Hook：秋分後外出前暖身，你也遇過嗎？
3-12秒 情境：拍攝喜歡養生、節氣與日常保健的 LINE 讀者的日常動作，字幕點出「秋分後外出前暖身」。
12-25秒 知識：外用油膏應放在保守邊界：以生活保健與身體覺察為主，不做醫療療效宣稱。
25-36秒 安全：節氣養生屬一般生活資訊，身體不適仍應諮詢專業人員。
36-45秒 CTA：使用前看標示，收藏這支，下次別用錯。",本內容為一般生活保健資訊，非醫療診斷或治療建議。,節氣養生屬一般生活資訊，身體不適仍應諮詢專業人員。,根治|治療疾病|消炎治本|打通經絡|一擦就好|保證有效|深層修復|替代藥物
TikTok_LINE264,LINE264,TikTok,2026-10-13,20:00,症狀超過七天要停用並諮詢,E,高,pending_legal_pharmacist_review,false,症狀超過七天要停用並諮詢,"0-3秒 Hook：症狀超過七天要停用並諮詢，你也遇過嗎？
3-12秒 情境：拍攝所有使用者、照護者與家庭購買者的日常動作，字幕點出「症狀超過七天要停用並諮詢」。
12-25秒 知識：外用油膏應放在保守邊界：安全使用比用得多更重要，依標示與風險族群提醒。
25-36秒 安全：2 歲以下、孕哺、過敏體質、抗凝血藥使用者請先詢問專業人員。
36-45秒 CTA：使用前看標示，收藏這支，下次別用錯。",症狀超過七天要停用並諮詢的重點是依標示使用，不誇大、不神化。僅供外用。避免接觸眼睛、黏膜、破皮或傷口；特殊族群使用前請先諮詢專業人員。,#外用安全 #用藥安全 #使用前看標示 #諮詢醫師藥師,"0-3秒 Hook：症狀超過七天要停用並諮詢，你也遇過嗎？
3-12秒 情境：拍攝所有使用者、照護者與家庭購買者的日常動作，字幕點出「症狀超過七天要停用並諮詢」。
12-25秒 知識：外用油膏應放在保守邊界：安全使用比用得多更重要，依標示與風險族群提醒。
25-36秒 安全：2 歲以下、孕哺、過敏體質、抗凝血藥使用者請先詢問專業人員。
36-45秒 CTA：使用前看標示，收藏這支，下次別用錯。",僅供外用。避免接觸眼睛、黏膜、破皮或傷口；特殊族群使用前請先諮詢專業人員。,2 歲以下、孕哺、過敏體質、抗凝血藥使用者請先詢問專業人員。,根治|治療疾病|消炎治本|打通經絡|一擦就好|保證有效|深層修復|替代藥物
TikTok_LINE265,LINE265,TikTok,2026-10-14,12:00,為什麼不鼓勵擦傷口,H,中,pending_legal_pharmacist_review,false,為什麼不鼓勵擦傷口,"0-3秒 Hook：為什麼不鼓勵擦傷口，你也遇過嗎？
3-12秒 情境：拍攝重視藥證、成分、品質與合法性的消費者的日常動作，字幕點出「為什麼不鼓勵擦傷口」。
12-25秒 知識：外用油膏應放在保守邊界：強調藥證、標示、保守宣稱與人工審核流程。
25-36秒 安全：所有廣告文案仍須依主管機關與專業人員審核。
36-45秒 CTA：使用前看標示，收藏這支，下次別用錯。",為什麼不鼓勵擦傷口的重點是依標示使用，不誇大、不神化。本產品為外用油膏，請依核准標示使用；若症狀持續或惡化，請諮詢醫師或藥師。,#藥證可查 #品牌透明 #合法宣傳 #成分透明,"0-3秒 Hook：為什麼不鼓勵擦傷口，你也遇過嗎？
3-12秒 情境：拍攝重視藥證、成分、品質與合法性的消費者的日常動作，字幕點出「為什麼不鼓勵擦傷口」。
12-25秒 知識：外用油膏應放在保守邊界：強調藥證、標示、保守宣稱與人工審核流程。
25-36秒 安全：所有廣告文案仍須依主管機關與專業人員審核。
36-45秒 CTA：使用前看標示，收藏這支，下次別用錯。",本產品為外用油膏，請依核准標示使用；若症狀持續或惡化，請諮詢醫師或藥師。,所有廣告文案仍須依主管機關與專業人員審核。,根治|治療疾病|消炎治本|打通經絡|一擦就好|保證有效|深層修復|替代藥物
TikTok_LINE266,LINE266,TikTok,2026-10-14,20:00,一條根可以天天厚敷嗎,G,低,pending_legal_pharmacist_review,false,一條根可以天天厚敷嗎,"0-3秒 Hook：一條根可以天天厚敷嗎，你也遇過嗎？
3-12秒 情境：拍攝LINE OA 好友、回購客與新客的日常動作，字幕點出「一條根可以天天厚敷嗎」。
12-25秒 知識：外用油膏應放在保守邊界：用問答降低誤用，讓使用者知道何時該詢問專業人員。
25-36秒 安全：互動回答不取代醫師或藥師建議。
36-45秒 CTA：使用前看標示，收藏這支，下次別用錯。",一條根可以天天厚敷嗎的重點是依標示使用，不誇大、不神化。本內容為一般生活保健資訊，非醫療診斷或治療建議。,#互動問答 #保養知識 #使用小提醒 #金牌一條根,"0-3秒 Hook：一條根可以天天厚敷嗎，你也遇過嗎？
3-12秒 情境：拍攝LINE OA 好友、回購客與新客的日常動作，字幕點出「一條根可以天天厚敷嗎」。
12-25秒 知識：外用油膏應放在保守邊界：用問答降低誤用，讓使用者知道何時該詢問專業人員。
25-36秒 安全：互動回答不取代醫師或藥師建議。
36-45秒 CTA：使用前看標示，收藏這支，下次別用錯。",本內容為一般生活保健資訊，非醫療診斷或治療建議。,互動回答不取代醫師或藥師建議。,根治|治療疾病|消炎治本|打通經絡|一擦就好|保證有效|深層修復|替代藥物
TikTok_LINE267,LINE267,TikTok,2026-10-15,12:00,運動後不要立刻熱敷加藥膏,C,中,pending_legal_pharmacist_review,false,運動後不要立刻熱敷加藥膏,"0-3秒 Hook：運動後不要立刻熱敷加藥膏，你也遇過嗎？
3-12秒 情境：拍攝運動族、搬重物、久站與勞動工作者的日常動作，字幕點出「運動後不要立刻熱敷加藥膏」。
12-25秒 知識：外用油膏應放在保守邊界：運動或勞動後的局部肌肉痠痛，可短期按摩舒緩。
25-36秒 安全：明顯腫脹、劇痛、活動受限或疑似受傷時，請先就醫。
36-45秒 CTA：使用前看標示，收藏這支，下次別用錯。",運動後不要立刻熱敷加藥膏的重點是依標示使用，不誇大、不神化。本產品為外用油膏，請依核准標示使用；若症狀持續或惡化，請諮詢醫師或藥師。,#運動後保養 #局部按摩 #肌肉痠痛 #依標示使用,"0-3秒 Hook：運動後不要立刻熱敷加藥膏，你也遇過嗎？
3-12秒 情境：拍攝運動族、搬重物、久站與勞動工作者的日常動作，字幕點出「運動後不要立刻熱敷加藥膏」。
12-25秒 知識：外用油膏應放在保守邊界：運動或勞動後的局部肌肉痠痛，可短期按摩舒緩。
25-36秒 安全：明顯腫脹、劇痛、活動受限或疑似受傷時，請先就醫。
36-45秒 CTA：使用前看標示，收藏這支，下次別用錯。",本產品為外用油膏，請依核准標示使用；若症狀持續或惡化，請諮詢醫師或藥師。,明顯腫脹、劇痛、活動受限或疑似受傷時，請先就醫。,根治|治療疾病|消炎治本|打通經絡|一擦就好|保證有效|深層修復|替代藥物
TikTok_LINE268,LINE268,TikTok,2026-10-15,20:00,使用前先小範圍測試,A,中,pending_legal_pharmacist_review,false,使用前先小範圍測試,"0-3秒 Hook：使用前先小範圍測試，你也遇過嗎？
3-12秒 情境：拍攝已購買或正在觀望的一條根使用者的日常動作，字幕點出「使用前先小範圍測試」。
12-25秒 知識：外用油膏應放在保守邊界：依標示外用，提供局部按摩與暫時舒緩體感。
25-36秒 安全：僅供外用；避免眼周、黏膜、破皮或傷口。
36-45秒 CTA：使用前看標示，收藏這支，下次別用錯。",使用前先小範圍測試的重點是依標示使用，不誇大、不神化。本產品為外用油膏，請依核准標示使用；若症狀持續或惡化，請諮詢醫師或藥師。,#金牌一條根 #外用油膏 #成分透明 #依標示使用,"0-3秒 Hook：使用前先小範圍測試，你也遇過嗎？
3-12秒 情境：拍攝已購買或正在觀望的一條根使用者的日常動作，字幕點出「使用前先小範圍測試」。
12-25秒 知識：外用油膏應放在保守邊界：依標示外用，提供局部按摩與暫時舒緩體感。
25-36秒 安全：僅供外用；避免眼周、黏膜、破皮或傷口。
36-45秒 CTA：使用前看標示，收藏這支，下次別用錯。",本產品為外用油膏，請依核准標示使用；若症狀持續或惡化，請諮詢醫師或藥師。,僅供外用；避免眼周、黏膜、破皮或傷口。,根治|治療疾病|消炎治本|打通經絡|一擦就好|保證有效|深層修復|替代藥物
TikTok_LINE269,LINE269,TikTok,2026-10-16,12:00,長輩使用前先看標示,D,中,pending_legal_pharmacist_review,false,長輩使用前先看標示,"0-3秒 Hook：長輩使用前先看標示，你也遇過嗎？
3-12秒 情境：拍攝40-70 歲注重日常活動舒適度的族群的日常動作，字幕點出「長輩使用前先看標示」。
12-25秒 知識：外用油膏應放在保守邊界：輕微關節痠痛可短期舒緩，但不可宣稱治療疾病。
25-36秒 安全：關節腫痛、紅熱、長期疼痛或行走困難，請就醫評估。
36-45秒 CTA：使用前看標示，收藏這支，下次別用錯。",長輩使用前先看標示的重點是依標示使用，不誇大、不神化。本產品為外用油膏，請依核准標示使用；若症狀持續或惡化，請諮詢醫師或藥師。,#銀髮保養 #活動舒適 #輕微痠痛 #依標示使用,"0-3秒 Hook：長輩使用前先看標示，你也遇過嗎？
3-12秒 情境：拍攝40-70 歲注重日常活動舒適度的族群的日常動作，字幕點出「長輩使用前先看標示」。
12-25秒 知識：外用油膏應放在保守邊界：輕微關節痠痛可短期舒緩，但不可宣稱治療疾病。
25-36秒 安全：關節腫痛、紅熱、長期疼痛或行走困難，請就醫評估。
36-45秒 CTA：使用前看標示，收藏這支，下次別用錯。",本產品為外用油膏，請依核准標示使用；若症狀持續或惡化，請諮詢醫師或藥師。,關節腫痛、紅熱、長期疼痛或行走困難，請就醫評估。,根治|治療疾病|消炎治本|打通經絡|一擦就好|保證有效|深層修復|替代藥物
TikTok_LINE270,LINE270,TikTok,2026-10-16,20:00,皮膚刺激時要停止使用,E,高,pending_legal_pharmacist_review,false,皮膚刺激時要停止使用,"0-3秒 Hook：皮膚刺激時要停止使用，你也遇過嗎？
3-12秒 情境：拍攝所有使用者、照護者與家庭購買者的日常動作，字幕點出「皮膚刺激時要停止使用」。
12-25秒 知識：外用油膏應放在保守邊界：安全使用比用得多更重要，依標示與風險族群提醒。
25-36秒 安全：2 歲以下、孕哺、過敏體質、抗凝血藥使用者請先詢問專業人員。
36-45秒 CTA：使用前看標示，收藏這支，下次別用錯。",皮膚刺激時要停止使用的重點是依標示使用，不誇大、不神化。僅供外用。避免接觸眼睛、黏膜、破皮或傷口；特殊族群使用前請先諮詢專業人員。,#外用安全 #用藥安全 #使用前看標示 #諮詢醫師藥師,"0-3秒 Hook：皮膚刺激時要停止使用，你也遇過嗎？
3-12秒 情境：拍攝所有使用者、照護者與家庭購買者的日常動作，字幕點出「皮膚刺激時要停止使用」。
12-25秒 知識：外用油膏應放在保守邊界：安全使用比用得多更重要，依標示與風險族群提醒。
25-36秒 安全：2 歲以下、孕哺、過敏體質、抗凝血藥使用者請先詢問專業人員。
36-45秒 CTA：使用前看標示，收藏這支，下次別用錯。",僅供外用。避免接觸眼睛、黏膜、破皮或傷口；特殊族群使用前請先諮詢專業人員。,2 歲以下、孕哺、過敏體質、抗凝血藥使用者請先詢問專業人員。,根治|治療疾病|消炎治本|打通經絡|一擦就好|保證有效|深層修復|替代藥物
TikTok_LINE271,LINE271,TikTok,2026-10-17,12:00,寒露後肩背保養,F,低,pending_legal_pharmacist_review,false,寒露後肩背保養,"0-3秒 Hook：寒露後肩背保養，你也遇過嗎？
3-12秒 情境：拍攝喜歡養生、節氣與日常保健的 LINE 讀者的日常動作，字幕點出「寒露後肩背保養」。
12-25秒 知識：外用油膏應放在保守邊界：以生活保健與身體覺察為主，不做醫療療效宣稱。
25-36秒 安全：節氣養生屬一般生活資訊，身體不適仍應諮詢專業人員。
36-45秒 CTA：使用前看標示，收藏這支，下次別用錯。",寒露後肩背保養的重點是依標示使用，不誇大、不神化。本內容為一般生活保健資訊，非醫療診斷或治療建議。,#節氣保養 #生活保健 #日常保養 #身體覺察,"0-3秒 Hook：寒露後肩背保養，你也遇過嗎？
3-12秒 情境：拍攝喜歡養生、節氣與日常保健的 LINE 讀者的日常動作，字幕點出「寒露後肩背保養」。
12-25秒 知識：外用油膏應放在保守邊界：以生活保健與身體覺察為主，不做醫療療效宣稱。
25-36秒 安全：節氣養生屬一般生活資訊，身體不適仍應諮詢專業人員。
36-45秒 CTA：使用前看標示，收藏這支，下次別用錯。",本內容為一般生活保健資訊，非醫療診斷或治療建議。,節氣養生屬一般生活資訊，身體不適仍應諮詢專業人員。,根治|治療疾病|消炎治本|打通經絡|一擦就好|保證有效|深層修復|替代藥物
TikTok_LINE272,LINE272,TikTok,2026-10-17,20:00,輕微拉扯後的觀察重點,C,中,pending_legal_pharmacist_review,false,輕微拉扯後的觀察重點,"0-3秒 Hook：輕微拉扯後的觀察重點，你也遇過嗎？
3-12秒 情境：拍攝運動族、搬重物、久站與勞動工作者的日常動作，字幕點出「輕微拉扯後的觀察重點」。
12-25秒 知識：外用油膏應放在保守邊界：運動或勞動後的局部肌肉痠痛，可短期按摩舒緩。
25-36秒 安全：明顯腫脹、劇痛、活動受限或疑似受傷時，請先就醫。
36-45秒 CTA：使用前看標示，收藏這支，下次別用錯。",輕微拉扯後的觀察重點的重點是依標示使用，不誇大、不神化。本產品為外用油膏，請依核准標示使用；若症狀持續或惡化，請諮詢醫師或藥師。,#運動後保養 #局部按摩 #肌肉痠痛 #依標示使用,"0-3秒 Hook：輕微拉扯後的觀察重點，你也遇過嗎？
3-12秒 情境：拍攝運動族、搬重物、久站與勞動工作者的日常動作，字幕點出「輕微拉扯後的觀察重點」。
12-25秒 知識：外用油膏應放在保守邊界：運動或勞動後的局部肌肉痠痛，可短期按摩舒緩。
25-36秒 安全：明顯腫脹、劇痛、活動受限或疑似受傷時，請先就醫。
36-45秒 CTA：使用前看標示，收藏這支，下次別用錯。",本產品為外用油膏，請依核准標示使用；若症狀持續或惡化，請諮詢醫師或藥師。,明顯腫脹、劇痛、活動受限或疑似受傷時，請先就醫。,根治|治療疾病|消炎治本|打通經絡|一擦就好|保證有效|深層修復|替代藥物
TikTok_LINE273,LINE273,TikTok,2026-10-18,12:00,擦完可以馬上熱敷嗎,G,低,pending_legal_pharmacist_review,false,擦完可以馬上熱敷嗎,"0-3秒 Hook：擦完可以馬上熱敷嗎，你也遇過嗎？
3-12秒 情境：拍攝LINE OA 好友、回購客與新客的日常動作，字幕點出「擦完可以馬上熱敷嗎」。
12-25秒 知識：外用油膏應放在保守邊界：用問答降低誤用，讓使用者知道何時該詢問專業人員。
25-36秒 安全：互動回答不取代醫師或藥師建議。
36-45秒 CTA：使用前看標示，收藏這支，下次別用錯。",擦完可以馬上熱敷嗎的重點是依標示使用，不誇大、不神化。本內容為一般生活保健資訊，非醫療診斷或治療建議。,#互動問答 #保養知識 #使用小提醒 #金牌一條根,"0-3秒 Hook：擦完可以馬上熱敷嗎，你也遇過嗎？
3-12秒 情境：拍攝LINE OA 好友、回購客與新客的日常動作，字幕點出「擦完可以馬上熱敷嗎」。
12-25秒 知識：外用油膏應放在保守邊界：用問答降低誤用，讓使用者知道何時該詢問專業人員。
25-36秒 安全：互動回答不取代醫師或藥師建議。
36-45秒 CTA：使用前看標示，收藏這支，下次別用錯。",本內容為一般生活保健資訊，非醫療診斷或治療建議。,互動回答不取代醫師或藥師建議。,根治|治療疾病|消炎治本|打通經絡|一擦就好|保證有效|深層修復|替代藥物
TikTok_LINE274,LINE274,TikTok,2026-10-18,20:00,別把長期疼痛只當小問題,D,中,pending_legal_pharmacist_review,false,別把長期疼痛只當小問題,"0-3秒 Hook：別把長期疼痛只當小問題，你也遇過嗎？
3-12秒 情境：拍攝40-70 歲注重日常活動舒適度的族群的日常動作，字幕點出「別把長期疼痛只當小問題」。
12-25秒 知識：外用油膏應放在保守邊界：輕微關節痠痛可短期舒緩，但不可宣稱治療疾病。
25-36秒 安全：關節腫痛、紅熱、長期疼痛或行走困難，請就醫評估。
36-45秒 CTA：使用前看標示，收藏這支，下次別用錯。",別把長期疼痛只當小問題的重點是依標示使用，不誇大、不神化。本產品為外用油膏，請依核准標示使用；若症狀持續或惡化，請諮詢醫師或藥師。,#銀髮保養 #活動舒適 #輕微痠痛 #依標示使用,"0-3秒 Hook：別把長期疼痛只當小問題，你也遇過嗎？
3-12秒 情境：拍攝40-70 歲注重日常活動舒適度的族群的日常動作，字幕點出「別把長期疼痛只當小問題」。
12-25秒 知識：外用油膏應放在保守邊界：輕微關節痠痛可短期舒緩，但不可宣稱治療疾病。
25-36秒 安全：關節腫痛、紅熱、長期疼痛或行走困難，請就醫評估。
36-45秒 CTA：使用前看標示，收藏這支，下次別用錯。",本產品為外用油膏，請依核准標示使用；若症狀持續或惡化，請諮詢醫師或藥師。,關節腫痛、紅熱、長期疼痛或行走困難，請就醫評估。,根治|治療疾病|消炎治本|打通經絡|一擦就好|保證有效|深層修復|替代藥物
TikTok_LINE275,LINE275,TikTok,2026-10-19,12:00,冷氣房肩頸緊繃保養,B,低,pending_legal_pharmacist_review,false,冷氣房肩頸緊繃保養,"0-3秒 Hook：冷氣房肩頸緊繃保養，你也遇過嗎？
3-12秒 情境：拍攝長時間低頭、久坐、用電腦的上班族的日常動作，字幕點出「冷氣房肩頸緊繃保養」。
12-25秒 知識：外用油膏應放在保守邊界：久坐低頭後，可搭配伸展與局部按摩舒緩緊繃不適。
25-36秒 安全：若痠痛持續、麻木或影響活動，請諮詢醫師或藥師。
36-45秒 CTA：使用前看標示，收藏這支，下次別用錯。",冷氣房肩頸緊繃保養的重點是依標示使用，不誇大、不神化。本內容為一般生活保健資訊，非醫療診斷或治療建議。,#肩頸保養 #久坐族 #日常舒緩 #依標示使用,"0-3秒 Hook：冷氣房肩頸緊繃保養，你也遇過嗎？
3-12秒 情境：拍攝長時間低頭、久坐、用電腦的上班族的日常動作，字幕點出「冷氣房肩頸緊繃保養」。
12-25秒 知識：外用油膏應放在保守邊界：久坐低頭後，可搭配伸展與局部按摩舒緩緊繃不適。
25-36秒 安全：若痠痛持續、麻木或影響活動，請諮詢醫師或藥師。
36-45秒 CTA：使用前看標示，收藏這支，下次別用錯。",本內容為一般生活保健資訊，非醫療診斷或治療建議。,若痠痛持續、麻木或影響活動，請諮詢醫師或藥師。,根治|治療疾病|消炎治本|打通經絡|一擦就好|保證有效|深層修復|替代藥物
TikTok_LINE276,LINE276,TikTok,2026-10-19,20:00,產品不是神藥，定位要講清楚,A,中,pending_legal_pharmacist_review,false,產品不是神藥，定位要講清楚,"0-3秒 Hook：產品不是神藥，定位要講清楚，你也遇過嗎？
3-12秒 情境：拍攝已購買或正在觀望的一條根使用者的日常動作，字幕點出「產品不是神藥，定位要講清楚」。
12-25秒 知識：外用油膏應放在保守邊界：依標示外用，提供局部按摩與暫時舒緩體感。
25-36秒 安全：僅供外用；避免眼周、黏膜、破皮或傷口。
36-45秒 CTA：使用前看標示，收藏這支，下次別用錯。",產品不是神藥，定位要講清楚的重點是依標示使用，不誇大、不神化。本產品為外用油膏，請依核准標示使用；若症狀持續或惡化，請諮詢醫師或藥師。,#金牌一條根 #外用油膏 #成分透明 #依標示使用,"0-3秒 Hook：產品不是神藥，定位要講清楚，你也遇過嗎？
3-12秒 情境：拍攝已購買或正在觀望的一條根使用者的日常動作，字幕點出「產品不是神藥，定位要講清楚」。
12-25秒 知識：外用油膏應放在保守邊界：依標示外用，提供局部按摩與暫時舒緩體感。
25-36秒 安全：僅供外用；避免眼周、黏膜、破皮或傷口。
36-45秒 CTA：使用前看標示，收藏這支，下次別用錯。",本產品為外用油膏，請依核准標示使用；若症狀持續或惡化，請諮詢醫師或藥師。,僅供外用；避免眼周、黏膜、破皮或傷口。,根治|治療疾病|消炎治本|打通經絡|一擦就好|保證有效|深層修復|替代藥物
TikTok_LINE277,LINE277,TikTok,2026-10-20,12:00,立冬前後的日常舒緩儀式,F,低,pending_legal_pharmacist_review,false,立冬前後的日常舒緩儀式,"0-3秒 Hook：立冬前後的日常舒緩儀式，你也遇過嗎？
3-12秒 情境：拍攝喜歡養生、節氣與日常保健的 LINE 讀者的日常動作，字幕點出「立冬前後的日常舒緩儀式」。
12-25秒 知識：外用油膏應放在保守邊界：以生活保健與身體覺察為主，不做醫療療效宣稱。
25-36秒 安全：節氣養生屬一般生活資訊，身體不適仍應諮詢專業人員。
36-45秒 CTA：使用前看標示，收藏這支，下次別用錯。",立冬前後的日常舒緩儀式的重點是依標示使用，不誇大、不神化。本內容為一般生活保健資訊，非醫療診斷或治療建議。,#節氣保養 #生活保健 #日常保養 #身體覺察,"0-3秒 Hook：立冬前後的日常舒緩儀式，你也遇過嗎？
3-12秒 情境：拍攝喜歡養生、節氣與日常保健的 LINE 讀者的日常動作，字幕點出「立冬前後的日常舒緩儀式」。
12-25秒 知識：外用油膏應放在保守邊界：以生活保健與身體覺察為主，不做醫療療效宣稱。
25-36秒 安全：節氣養生屬一般生活資訊，身體不適仍應諮詢專業人員。
36-45秒 CTA：使用前看標示，收藏這支，下次別用錯。",本內容為一般生活保健資訊，非醫療診斷或治療建議。,節氣養生屬一般生活資訊，身體不適仍應諮詢專業人員。,根治|治療疾病|消炎治本|打通經絡|一擦就好|保證有效|深層修復|替代藥物
TikTok_LINE278,LINE278,TikTok,2026-10-20,20:00,深層症狀不適合自行處理,E,高,pending_legal_pharmacist_review,false,深層症狀不適合自行處理,"0-3秒 Hook：深層症狀不適合自行處理，你也遇過嗎？
3-12秒 情境：拍攝所有使用者、照護者與家庭購買者的日常動作，字幕點出「深層症狀不適合自行處理」。
12-25秒 知識：外用油膏應放在保守邊界：安全使用比用得多更重要，依標示與風險族群提醒。
25-36秒 安全：2 歲以下、孕哺、過敏體質、抗凝血藥使用者請先詢問專業人員。
36-45秒 CTA：使用前看標示，收藏這支，下次別用錯。",深層症狀不適合自行處理的重點是依標示使用，不誇大、不神化。僅供外用。避免接觸眼睛、黏膜、破皮或傷口；特殊族群使用前請先諮詢專業人員。,#外用安全 #用藥安全 #使用前看標示 #諮詢醫師藥師,"0-3秒 Hook：深層症狀不適合自行處理，你也遇過嗎？
3-12秒 情境：拍攝所有使用者、照護者與家庭購買者的日常動作，字幕點出「深層症狀不適合自行處理」。
12-25秒 知識：外用油膏應放在保守邊界：安全使用比用得多更重要，依標示與風險族群提醒。
25-36秒 安全：2 歲以下、孕哺、過敏體質、抗凝血藥使用者請先詢問專業人員。
36-45秒 CTA：使用前看標示，收藏這支，下次別用錯。",僅供外用。避免接觸眼睛、黏膜、破皮或傷口；特殊族群使用前請先諮詢專業人員。,2 歲以下、孕哺、過敏體質、抗凝血藥使用者請先詢問專業人員。,根治|治療疾病|消炎治本|打通經絡|一擦就好|保證有效|深層修復|替代藥物
TikTok_LINE279,LINE279,TikTok,2026-10-21,12:00,買外用膏先看三件事,H,中,pending_legal_pharmacist_review,false,買外用膏先看三件事,"0-3秒 Hook：買外用膏先看三件事，你也遇過嗎？
3-12秒 情境：拍攝重視藥證、成分、品質與合法性的消費者的日常動作，字幕點出「買外用膏先看三件事」。
12-25秒 知識：外用油膏應放在保守邊界：強調藥證、標示、保守宣稱與人工審核流程。
25-36秒 安全：所有廣告文案仍須依主管機關與專業人員審核。
36-45秒 CTA：使用前看標示，收藏這支，下次別用錯。",買外用膏先看三件事的重點是依標示使用，不誇大、不神化。本產品為外用油膏，請依核准標示使用；若症狀持續或惡化，請諮詢醫師或藥師。,#藥證可查 #品牌透明 #合法宣傳 #成分透明,"0-3秒 Hook：買外用膏先看三件事，你也遇過嗎？
3-12秒 情境：拍攝重視藥證、成分、品質與合法性的消費者的日常動作，字幕點出「買外用膏先看三件事」。
12-25秒 知識：外用油膏應放在保守邊界：強調藥證、標示、保守宣稱與人工審核流程。
25-36秒 安全：所有廣告文案仍須依主管機關與專業人員審核。
36-45秒 CTA：使用前看標示，收藏這支，下次別用錯。",本產品為外用油膏，請依核准標示使用；若症狀持續或惡化，請諮詢醫師或藥師。,所有廣告文案仍須依主管機關與專業人員審核。,根治|治療疾病|消炎治本|打通經絡|一擦就好|保證有效|深層修復|替代藥物
TikTok_LINE280,LINE280,TikTok,2026-10-21,20:00,哪些情況應該先就醫,G,低,pending_legal_pharmacist_review,false,哪些情況應該先就醫,"0-3秒 Hook：哪些情況應該先就醫，你也遇過嗎？
3-12秒 情境：拍攝LINE OA 好友、回購客與新客的日常動作，字幕點出「哪些情況應該先就醫」。
12-25秒 知識：外用油膏應放在保守邊界：用問答降低誤用，讓使用者知道何時該詢問專業人員。
25-36秒 安全：互動回答不取代醫師或藥師建議。
36-45秒 CTA：使用前看標示，收藏這支，下次別用錯。",哪些情況應該先就醫的重點是依標示使用，不誇大、不神化。本內容為一般生活保健資訊，非醫療診斷或治療建議。,#互動問答 #保養知識 #使用小提醒 #金牌一條根,"0-3秒 Hook：哪些情況應該先就醫，你也遇過嗎？
3-12秒 情境：拍攝LINE OA 好友、回購客與新客的日常動作，字幕點出「哪些情況應該先就醫」。
12-25秒 知識：外用油膏應放在保守邊界：用問答降低誤用，讓使用者知道何時該詢問專業人員。
25-36秒 安全：互動回答不取代醫師或藥師建議。
36-45秒 CTA：使用前看標示，收藏這支，下次別用錯。",本內容為一般生活保健資訊，非醫療診斷或治療建議。,互動回答不取代醫師或藥師建議。,根治|治療疾病|消炎治本|打通經絡|一擦就好|保證有效|深層修復|替代藥物
TikTok_LINE281,LINE281,TikTok,2026-10-22,12:00,運動後局部痠痛的保守處理,C,中,pending_legal_pharmacist_review,false,運動後局部痠痛的保守處理,"0-3秒 Hook：運動後局部痠痛的保守處理，你也遇過嗎？
3-12秒 情境：拍攝運動族、搬重物、久站與勞動工作者的日常動作，字幕點出「運動後局部痠痛的保守處理」。
12-25秒 知識：外用油膏應放在保守邊界：運動或勞動後的局部肌肉痠痛，可短期按摩舒緩。
25-36秒 安全：明顯腫脹、劇痛、活動受限或疑似受傷時，請先就醫。
36-45秒 CTA：使用前看標示，收藏這支，下次別用錯。",運動後局部痠痛的保守處理的重點是依標示使用，不誇大、不神化。本產品為外用油膏，請依核准標示使用；若症狀持續或惡化，請諮詢醫師或藥師。,#運動後保養 #局部按摩 #肌肉痠痛 #依標示使用,"0-3秒 Hook：運動後局部痠痛的保守處理，你也遇過嗎？
3-12秒 情境：拍攝運動族、搬重物、久站與勞動工作者的日常動作，字幕點出「運動後局部痠痛的保守處理」。
12-25秒 知識：外用油膏應放在保守邊界：運動或勞動後的局部肌肉痠痛，可短期按摩舒緩。
25-36秒 安全：明顯腫脹、劇痛、活動受限或疑似受傷時，請先就醫。
36-45秒 CTA：使用前看標示，收藏這支，下次別用錯。",本產品為外用油膏，請依核准標示使用；若症狀持續或惡化，請諮詢醫師或藥師。,明顯腫脹、劇痛、活動受限或疑似受傷時，請先就醫。,根治|治療疾病|消炎治本|打通經絡|一擦就好|保證有效|深層修復|替代藥物
TikTok_LINE282,LINE282,TikTok,2026-10-22,20:00,冬青油與清涼舒緩體感,A,中,pending_legal_pharmacist_review,false,冬青油與清涼舒緩體感,"0-3秒 Hook：冬青油與清涼舒緩體感，你也遇過嗎？
3-12秒 情境：拍攝已購買或正在觀望的一條根使用者的日常動作，字幕點出「冬青油與清涼舒緩體感」。
12-25秒 知識：外用油膏應放在保守邊界：依標示外用，提供局部按摩與暫時舒緩體感。
25-36秒 安全：僅供外用；避免眼周、黏膜、破皮或傷口。
36-45秒 CTA：使用前看標示，收藏這支，下次別用錯。",冬青油與清涼舒緩體感的重點是依標示使用，不誇大、不神化。本產品為外用油膏，請依核准標示使用；若症狀持續或惡化，請諮詢醫師或藥師。,#金牌一條根 #外用油膏 #成分透明 #依標示使用,"0-3秒 Hook：冬青油與清涼舒緩體感，你也遇過嗎？
3-12秒 情境：拍攝已購買或正在觀望的一條根使用者的日常動作，字幕點出「冬青油與清涼舒緩體感」。
12-25秒 知識：外用油膏應放在保守邊界：依標示外用，提供局部按摩與暫時舒緩體感。
25-36秒 安全：僅供外用；避免眼周、黏膜、破皮或傷口。
36-45秒 CTA：使用前看標示，收藏這支，下次別用錯。",本產品為外用油膏，請依核准標示使用；若症狀持續或惡化，請諮詢醫師或藥師。,僅供外用；避免眼周、黏膜、破皮或傷口。,根治|治療疾病|消炎治本|打通經絡|一擦就好|保證有效|深層修復|替代藥物
TikTok_LINE283,LINE283,TikTok,2026-10-23,12:00,早晨活動前的關節暖身,D,中,pending_legal_pharmacist_review,false,早晨活動前的關節暖身,"0-3秒 Hook：早晨活動前的關節暖身，你也遇過嗎？
3-12秒 情境：拍攝40-70 歲注重日常活動舒適度的族群的日常動作，字幕點出「早晨活動前的關節暖身」。
12-25秒 知識：外用油膏應放在保守邊界：輕微關節痠痛可短期舒緩，但不可宣稱治療疾病。
25-36秒 安全：關節腫痛、紅熱、長期疼痛或行走困難，請就醫評估。
36-45秒 CTA：使用前看標示，收藏這支，下次別用錯。",早晨活動前的關節暖身的重點是依標示使用，不誇大、不神化。本產品為外用油膏，請依核准標示使用；若症狀持續或惡化，請諮詢醫師或藥師。,#銀髮保養 #活動舒適 #輕微痠痛 #依標示使用,"0-3秒 Hook：早晨活動前的關節暖身，你也遇過嗎？
3-12秒 情境：拍攝40-70 歲注重日常活動舒適度的族群的日常動作，字幕點出「早晨活動前的關節暖身」。
12-25秒 知識：外用油膏應放在保守邊界：輕微關節痠痛可短期舒緩，但不可宣稱治療疾病。
25-36秒 安全：關節腫痛、紅熱、長期疼痛或行走困難，請就醫評估。
36-45秒 CTA：使用前看標示，收藏這支，下次別用錯。",本產品為外用油膏，請依核准標示使用；若症狀持續或惡化，請諮詢醫師或藥師。,關節腫痛、紅熱、長期疼痛或行走困難，請就醫評估。,根治|治療疾病|消炎治本|打通經絡|一擦就好|保證有效|深層修復|替代藥物
TikTok_LINE284,LINE284,TikTok,2026-10-23,20:00,不能擦在破皮或傷口,E,高,pending_legal_pharmacist_review,false,不能擦在破皮或傷口,"0-3秒 Hook：不能擦在破皮或傷口，你也遇過嗎？
3-12秒 情境：拍攝所有使用者、照護者與家庭購買者的日常動作，字幕點出「不能擦在破皮或傷口」。
12-25秒 知識：外用油膏應放在保守邊界：安全使用比用得多更重要，依標示與風險族群提醒。
25-36秒 安全：2 歲以下、孕哺、過敏體質、抗凝血藥使用者請先詢問專業人員。
36-45秒 CTA：使用前看標示，收藏這支，下次別用錯。",不能擦在破皮或傷口的重點是依標示使用，不誇大、不神化。僅供外用。避免接觸眼睛、黏膜、破皮或傷口；特殊族群使用前請先諮詢專業人員。,#外用安全 #用藥安全 #使用前看標示 #諮詢醫師藥師,"0-3秒 Hook：不能擦在破皮或傷口，你也遇過嗎？
3-12秒 情境：拍攝所有使用者、照護者與家庭購買者的日常動作，字幕點出「不能擦在破皮或傷口」。
12-25秒 知識：外用油膏應放在保守邊界：安全使用比用得多更重要，依標示與風險族群提醒。
25-36秒 安全：2 歲以下、孕哺、過敏體質、抗凝血藥使用者請先詢問專業人員。
36-45秒 CTA：使用前看標示，收藏這支，下次別用錯。",僅供外用。避免接觸眼睛、黏膜、破皮或傷口；特殊族群使用前請先諮詢專業人員。,2 歲以下、孕哺、過敏體質、抗凝血藥使用者請先詢問專業人員。,根治|治療疾病|消炎治本|打通經絡|一擦就好|保證有效|深層修復|替代藥物
TikTok_LINE285,LINE285,TikTok,2026-10-24,12:00,芒種後濕熱生活保養,F,低,pending_legal_pharmacist_review,false,芒種後濕熱生活保養,"0-3秒 Hook：芒種後濕熱生活保養，你也遇過嗎？
3-12秒 情境：拍攝喜歡養生、節氣與日常保健的 LINE 讀者的日常動作，字幕點出「芒種後濕熱生活保養」。
12-25秒 知識：外用油膏應放在保守邊界：以生活保健與身體覺察為主，不做醫療療效宣稱。
25-36秒 安全：節氣養生屬一般生活資訊，身體不適仍應諮詢專業人員。
36-45秒 CTA：使用前看標示，收藏這支，下次別用錯。",芒種後濕熱生活保養的重點是依標示使用，不誇大、不神化。本內容為一般生活保健資訊，非醫療診斷或治療建議。,#節氣保養 #生活保健 #日常保養 #身體覺察,"0-3秒 Hook：芒種後濕熱生活保養，你也遇過嗎？
3-12秒 情境：拍攝喜歡養生、節氣與日常保健的 LINE 讀者的日常動作，字幕點出「芒種後濕熱生活保養」。
12-25秒 知識：外用油膏應放在保守邊界：以生活保健與身體覺察為主，不做醫療療效宣稱。
25-36秒 安全：節氣養生屬一般生活資訊，身體不適仍應諮詢專業人員。
36-45秒 CTA：使用前看標示，收藏這支，下次別用錯。",本內容為一般生活保健資訊，非醫療診斷或治療建議。,節氣養生屬一般生活資訊，身體不適仍應諮詢專業人員。,根治|治療疾病|消炎治本|打通經絡|一擦就好|保證有效|深層修復|替代藥物
TikTok_LINE286,LINE286,TikTok,2026-10-24,20:00,久站後小腿不適舒緩,C,中,pending_legal_pharmacist_review,false,久站後小腿不適舒緩,"0-3秒 Hook：久站後小腿不適舒緩，你也遇過嗎？
3-12秒 情境：拍攝運動族、搬重物、久站與勞動工作者的日常動作，字幕點出「久站後小腿不適舒緩」。
12-25秒 知識：外用油膏應放在保守邊界：運動或勞動後的局部肌肉痠痛，可短期按摩舒緩。
25-36秒 安全：明顯腫脹、劇痛、活動受限或疑似受傷時，請先就醫。
36-45秒 CTA：使用前看標示，收藏這支，下次別用錯。",久站後小腿不適舒緩的重點是依標示使用，不誇大、不神化。本產品為外用油膏，請依核准標示使用；若症狀持續或惡化，請諮詢醫師或藥師。,#運動後保養 #局部按摩 #肌肉痠痛 #依標示使用,"0-3秒 Hook：久站後小腿不適舒緩，你也遇過嗎？
3-12秒 情境：拍攝運動族、搬重物、久站與勞動工作者的日常動作，字幕點出「久站後小腿不適舒緩」。
12-25秒 知識：外用油膏應放在保守邊界：運動或勞動後的局部肌肉痠痛，可短期按摩舒緩。
25-36秒 安全：明顯腫脹、劇痛、活動受限或疑似受傷時，請先就醫。
36-45秒 CTA：使用前看標示，收藏這支，下次別用錯。",本產品為外用油膏，請依核准標示使用；若症狀持續或惡化，請諮詢醫師或藥師。,明顯腫脹、劇痛、活動受限或疑似受傷時，請先就醫。,根治|治療疾病|消炎治本|打通經絡|一擦就好|保證有效|深層修復|替代藥物
TikTok_LINE287,LINE287,TikTok,2026-10-25,12:00,你最常哪個部位緊繃,G,低,pending_legal_pharmacist_review,false,你最常哪個部位緊繃,"0-3秒 Hook：你最常哪個部位緊繃，你也遇過嗎？
3-12秒 情境：拍攝LINE OA 好友、回購客與新客的日常動作，字幕點出「你最常哪個部位緊繃」。
12-25秒 知識：外用油膏應放在保守邊界：用問答降低誤用，讓使用者知道何時該詢問專業人員。
25-36秒 安全：互動回答不取代醫師或藥師建議。
36-45秒 CTA：使用前看標示，收藏這支，下次別用錯。",你最常哪個部位緊繃的重點是依標示使用，不誇大、不神化。本內容為一般生活保健資訊，非醫療診斷或治療建議。,#互動問答 #保養知識 #使用小提醒 #金牌一條根,"0-3秒 Hook：你最常哪個部位緊繃，你也遇過嗎？
3-12秒 情境：拍攝LINE OA 好友、回購客與新客的日常動作，字幕點出「你最常哪個部位緊繃」。
12-25秒 知識：外用油膏應放在保守邊界：用問答降低誤用，讓使用者知道何時該詢問專業人員。
25-36秒 安全：互動回答不取代醫師或藥師建議。
36-45秒 CTA：使用前看標示，收藏這支，下次別用錯。",本內容為一般生活保健資訊，非醫療診斷或治療建議。,互動回答不取代醫師或藥師建議。,根治|治療疾病|消炎治本|打通經絡|一擦就好|保證有效|深層修復|替代藥物
TikTok_LINE288,LINE288,TikTok,2026-10-25,20:00,長輩外用膏使用安全,D,中,pending_legal_pharmacist_review,false,長輩外用膏使用安全,"0-3秒 Hook：長輩外用膏使用安全，你也遇過嗎？
3-12秒 情境：拍攝40-70 歲注重日常活動舒適度的族群的日常動作，字幕點出「長輩外用膏使用安全」。
12-25秒 知識：外用油膏應放在保守邊界：輕微關節痠痛可短期舒緩，但不可宣稱治療疾病。
25-36秒 安全：關節腫痛、紅熱、長期疼痛或行走困難，請就醫評估。
36-45秒 CTA：使用前看標示，收藏這支，下次別用錯。",長輩外用膏使用安全的重點是依標示使用，不誇大、不神化。本產品為外用油膏，請依核准標示使用；若症狀持續或惡化，請諮詢醫師或藥師。,#銀髮保養 #活動舒適 #輕微痠痛 #依標示使用,"0-3秒 Hook：長輩外用膏使用安全，你也遇過嗎？
3-12秒 情境：拍攝40-70 歲注重日常活動舒適度的族群的日常動作，字幕點出「長輩外用膏使用安全」。
12-25秒 知識：外用油膏應放在保守邊界：輕微關節痠痛可短期舒緩，但不可宣稱治療疾病。
25-36秒 安全：關節腫痛、紅熱、長期疼痛或行走困難，請就醫評估。
36-45秒 CTA：使用前看標示，收藏這支，下次別用錯。",本產品為外用油膏，請依核准標示使用；若症狀持續或惡化，請諮詢醫師或藥師。,關節腫痛、紅熱、長期疼痛或行走困難，請就醫評估。,根治|治療疾病|消炎治本|打通經絡|一擦就好|保證有效|深層修復|替代藥物
TikTok_LINE289,LINE289,TikTok,2026-10-26,12:00,低頭族肩頸緊繃的三個提醒,B,低,pending_legal_pharmacist_review,false,低頭族肩頸緊繃的三個提醒,"0-3秒 Hook：低頭族肩頸緊繃的三個提醒，你也遇過嗎？
3-12秒 情境：拍攝長時間低頭、久坐、用電腦的上班族的日常動作，字幕點出「低頭族肩頸緊繃的三個提醒」。
12-25秒 知識：外用油膏應放在保守邊界：久坐低頭後，可搭配伸展與局部按摩舒緩緊繃不適。
25-36秒 安全：若痠痛持續、麻木或影響活動，請諮詢醫師或藥師。
36-45秒 CTA：使用前看標示，收藏這支，下次別用錯。",低頭族肩頸緊繃的三個提醒的重點是依標示使用，不誇大、不神化。本內容為一般生活保健資訊，非醫療診斷或治療建議。,#肩頸保養 #久坐族 #日常舒緩 #依標示使用,"0-3秒 Hook：低頭族肩頸緊繃的三個提醒，你也遇過嗎？
3-12秒 情境：拍攝長時間低頭、久坐、用電腦的上班族的日常動作，字幕點出「低頭族肩頸緊繃的三個提醒」。
12-25秒 知識：外用油膏應放在保守邊界：久坐低頭後，可搭配伸展與局部按摩舒緩緊繃不適。
25-36秒 安全：若痠痛持續、麻木或影響活動，請諮詢醫師或藥師。
36-45秒 CTA：使用前看標示，收藏這支，下次別用錯。",本內容為一般生活保健資訊，非醫療診斷或治療建議。,若痠痛持續、麻木或影響活動，請諮詢醫師或藥師。,根治|治療疾病|消炎治本|打通經絡|一擦就好|保證有效|深層修復|替代藥物
TikTok_LINE290,LINE290,TikTok,2026-10-26,20:00,薄荷腦帶來的涼感來源,A,中,pending_legal_pharmacist_review,false,薄荷腦帶來的涼感來源,"0-3秒 Hook：薄荷腦帶來的涼感來源，你也遇過嗎？
3-12秒 情境：拍攝已購買或正在觀望的一條根使用者的日常動作，字幕點出「薄荷腦帶來的涼感來源」。
12-25秒 知識：外用油膏應放在保守邊界：依標示外用，提供局部按摩與暫時舒緩體感。
25-36秒 安全：僅供外用；避免眼周、黏膜、破皮或傷口。
36-45秒 CTA：使用前看標示，收藏這支，下次別用錯。",薄荷腦帶來的涼感來源的重點是依標示使用，不誇大、不神化。本產品為外用油膏，請依核准標示使用；若症狀持續或惡化，請諮詢醫師或藥師。,#金牌一條根 #外用油膏 #成分透明 #依標示使用,"0-3秒 Hook：薄荷腦帶來的涼感來源，你也遇過嗎？
3-12秒 情境：拍攝已購買或正在觀望的一條根使用者的日常動作，字幕點出「薄荷腦帶來的涼感來源」。
12-25秒 知識：外用油膏應放在保守邊界：依標示外用，提供局部按摩與暫時舒緩體感。
25-36秒 安全：僅供外用；避免眼周、黏膜、破皮或傷口。
36-45秒 CTA：使用前看標示，收藏這支，下次別用錯。",本產品為外用油膏，請依核准標示使用；若症狀持續或惡化，請諮詢醫師或藥師。,僅供外用；避免眼周、黏膜、破皮或傷口。,根治|治療疾病|消炎治本|打通經絡|一擦就好|保證有效|深層修復|替代藥物
TikTok_LINE291,LINE291,TikTok,2026-10-27,12:00,夏季冷氣房的肩頸保養,F,低,pending_legal_pharmacist_review,false,夏季冷氣房的肩頸保養,"0-3秒 Hook：夏季冷氣房的肩頸保養，你也遇過嗎？
3-12秒 情境：拍攝喜歡養生、節氣與日常保健的 LINE 讀者的日常動作，字幕點出「夏季冷氣房的肩頸保養」。
12-25秒 知識：外用油膏應放在保守邊界：以生活保健與身體覺察為主，不做醫療療效宣稱。
25-36秒 安全：節氣養生屬一般生活資訊，身體不適仍應諮詢專業人員。
36-45秒 CTA：使用前看標示，收藏這支，下次別用錯。",夏季冷氣房的肩頸保養的重點是依標示使用，不誇大、不神化。本內容為一般生活保健資訊，非醫療診斷或治療建議。,#節氣保養 #生活保健 #日常保養 #身體覺察,"0-3秒 Hook：夏季冷氣房的肩頸保養，你也遇過嗎？
3-12秒 情境：拍攝喜歡養生、節氣與日常保健的 LINE 讀者的日常動作，字幕點出「夏季冷氣房的肩頸保養」。
12-25秒 知識：外用油膏應放在保守邊界：以生活保健與身體覺察為主，不做醫療療效宣稱。
25-36秒 安全：節氣養生屬一般生活資訊，身體不適仍應諮詢專業人員。
36-45秒 CTA：使用前看標示，收藏這支，下次別用錯。",本內容為一般生活保健資訊，非醫療診斷或治療建議。,節氣養生屬一般生活資訊，身體不適仍應諮詢專業人員。,根治|治療疾病|消炎治本|打通經絡|一擦就好|保證有效|深層修復|替代藥物
TikTok_LINE292,LINE292,TikTok,2026-10-27,20:00,外用膏避免眼周與黏膜,E,高,pending_legal_pharmacist_review,false,外用膏避免眼周與黏膜,"0-3秒 Hook：外用膏避免眼周與黏膜，你也遇過嗎？
3-12秒 情境：拍攝所有使用者、照護者與家庭購買者的日常動作，字幕點出「外用膏避免眼周與黏膜」。
12-25秒 知識：外用油膏應放在保守邊界：安全使用比用得多更重要，依標示與風險族群提醒。
25-36秒 安全：2 歲以下、孕哺、過敏體質、抗凝血藥使用者請先詢問專業人員。
36-45秒 CTA：使用前看標示，收藏這支，下次別用錯。",外用膏避免眼周與黏膜的重點是依標示使用，不誇大、不神化。僅供外用。避免接觸眼睛、黏膜、破皮或傷口；特殊族群使用前請先諮詢專業人員。,#外用安全 #用藥安全 #使用前看標示 #諮詢醫師藥師,"0-3秒 Hook：外用膏避免眼周與黏膜，你也遇過嗎？
3-12秒 情境：拍攝所有使用者、照護者與家庭購買者的日常動作，字幕點出「外用膏避免眼周與黏膜」。
12-25秒 知識：外用油膏應放在保守邊界：安全使用比用得多更重要，依標示與風險族群提醒。
25-36秒 安全：2 歲以下、孕哺、過敏體質、抗凝血藥使用者請先詢問專業人員。
36-45秒 CTA：使用前看標示，收藏這支，下次別用錯。",僅供外用。避免接觸眼睛、黏膜、破皮或傷口；特殊族群使用前請先諮詢專業人員。,2 歲以下、孕哺、過敏體質、抗凝血藥使用者請先詢問專業人員。,根治|治療疾病|消炎治本|打通經絡|一擦就好|保證有效|深層修復|替代藥物
TikTok_LINE293,LINE293,TikTok,2026-10-28,12:00,為什麼我們不說神效,H,中,pending_legal_pharmacist_review,false,為什麼我們不說神效,"0-3秒 Hook：為什麼我們不說神效，你也遇過嗎？
3-12秒 情境：拍攝重視藥證、成分、品質與合法性的消費者的日常動作，字幕點出「為什麼我們不說神效」。
12-25秒 知識：外用油膏應放在保守邊界：強調藥證、標示、保守宣稱與人工審核流程。
25-36秒 安全：所有廣告文案仍須依主管機關與專業人員審核。
36-45秒 CTA：使用前看標示，收藏這支，下次別用錯。",為什麼我們不說神效的重點是依標示使用，不誇大、不神化。本產品為外用油膏，請依核准標示使用；若症狀持續或惡化，請諮詢醫師或藥師。,#藥證可查 #品牌透明 #合法宣傳 #成分透明,"0-3秒 Hook：為什麼我們不說神效，你也遇過嗎？
3-12秒 情境：拍攝重視藥證、成分、品質與合法性的消費者的日常動作，字幕點出「為什麼我們不說神效」。
12-25秒 知識：外用油膏應放在保守邊界：強調藥證、標示、保守宣稱與人工審核流程。
25-36秒 安全：所有廣告文案仍須依主管機關與專業人員審核。
36-45秒 CTA：使用前看標示，收藏這支，下次別用錯。",本產品為外用油膏，請依核准標示使用；若症狀持續或惡化，請諮詢醫師或藥師。,所有廣告文案仍須依主管機關與專業人員審核。,根治|治療疾病|消炎治本|打通經絡|一擦就好|保證有效|深層修復|替代藥物
TikTok_LINE294,LINE294,TikTok,2026-10-28,20:00,你習慣運動前還是運動後保養,G,低,pending_legal_pharmacist_review,false,你習慣運動前還是運動後保養,"0-3秒 Hook：你習慣運動前還是運動後保養，你也遇過嗎？
3-12秒 情境：拍攝LINE OA 好友、回購客與新客的日常動作，字幕點出「你習慣運動前還是運動後保養」。
12-25秒 知識：外用油膏應放在保守邊界：用問答降低誤用，讓使用者知道何時該詢問專業人員。
25-36秒 安全：互動回答不取代醫師或藥師建議。
36-45秒 CTA：使用前看標示，收藏這支，下次別用錯。",你習慣運動前還是運動後保養的重點是依標示使用，不誇大、不神化。本內容為一般生活保健資訊，非醫療診斷或治療建議。,#互動問答 #保養知識 #使用小提醒 #金牌一條根,"0-3秒 Hook：你習慣運動前還是運動後保養，你也遇過嗎？
3-12秒 情境：拍攝LINE OA 好友、回購客與新客的日常動作，字幕點出「你習慣運動前還是運動後保養」。
12-25秒 知識：外用油膏應放在保守邊界：用問答降低誤用，讓使用者知道何時該詢問專業人員。
25-36秒 安全：互動回答不取代醫師或藥師建議。
36-45秒 CTA：使用前看標示，收藏這支，下次別用錯。",本內容為一般生活保健資訊，非醫療診斷或治療建議。,互動回答不取代醫師或藥師建議。,根治|治療疾病|消炎治本|打通經絡|一擦就好|保證有效|深層修復|替代藥物
TikTok_LINE295,LINE295,TikTok,2026-10-29,12:00,搬重物後腰背保養,C,中,pending_legal_pharmacist_review,false,搬重物後腰背保養,"0-3秒 Hook：搬重物後腰背保養，你也遇過嗎？
3-12秒 情境：拍攝運動族、搬重物、久站與勞動工作者的日常動作，字幕點出「搬重物後腰背保養」。
12-25秒 知識：外用油膏應放在保守邊界：運動或勞動後的局部肌肉痠痛，可短期按摩舒緩。
25-36秒 安全：明顯腫脹、劇痛、活動受限或疑似受傷時，請先就醫。
36-45秒 CTA：使用前看標示，收藏這支，下次別用錯。",搬重物後腰背保養的重點是依標示使用，不誇大、不神化。本產品為外用油膏，請依核准標示使用；若症狀持續或惡化，請諮詢醫師或藥師。,#運動後保養 #局部按摩 #肌肉痠痛 #依標示使用,"0-3秒 Hook：搬重物後腰背保養，你也遇過嗎？
3-12秒 情境：拍攝運動族、搬重物、久站與勞動工作者的日常動作，字幕點出「搬重物後腰背保養」。
12-25秒 知識：外用油膏應放在保守邊界：運動或勞動後的局部肌肉痠痛，可短期按摩舒緩。
25-36秒 安全：明顯腫脹、劇痛、活動受限或疑似受傷時，請先就醫。
36-45秒 CTA：使用前看標示，收藏這支，下次別用錯。",本產品為外用油膏，請依核准標示使用；若症狀持續或惡化，請諮詢醫師或藥師。,明顯腫脹、劇痛、活動受限或疑似受傷時，請先就醫。,根治|治療疾病|消炎治本|打通經絡|一擦就好|保證有效|深層修復|替代藥物
TikTok_LINE296,LINE296,TikTok,2026-10-29,20:00,樟腦外用時的注意界線,A,中,pending_legal_pharmacist_review,false,樟腦外用時的注意界線,"0-3秒 Hook：樟腦外用時的注意界線，你也遇過嗎？
3-12秒 情境：拍攝已購買或正在觀望的一條根使用者的日常動作，字幕點出「樟腦外用時的注意界線」。
12-25秒 知識：外用油膏應放在保守邊界：依標示外用，提供局部按摩與暫時舒緩體感。
25-36秒 安全：僅供外用；避免眼周、黏膜、破皮或傷口。
36-45秒 CTA：使用前看標示，收藏這支，下次別用錯。",樟腦外用時的注意界線的重點是依標示使用，不誇大、不神化。本產品為外用油膏，請依核准標示使用；若症狀持續或惡化，請諮詢醫師或藥師。,#金牌一條根 #外用油膏 #成分透明 #依標示使用,"0-3秒 Hook：樟腦外用時的注意界線，你也遇過嗎？
3-12秒 情境：拍攝已購買或正在觀望的一條根使用者的日常動作，字幕點出「樟腦外用時的注意界線」。
12-25秒 知識：外用油膏應放在保守邊界：依標示外用，提供局部按摩與暫時舒緩體感。
25-36秒 安全：僅供外用；避免眼周、黏膜、破皮或傷口。
36-45秒 CTA：使用前看標示，收藏這支，下次別用錯。",本產品為外用油膏，請依核准標示使用；若症狀持續或惡化，請諮詢醫師或藥師。,僅供外用；避免眼周、黏膜、破皮或傷口。,根治|治療疾病|消炎治本|打通經絡|一擦就好|保證有效|深層修復|替代藥物
TikTok_LINE297,LINE297,TikTok,2026-10-30,12:00,輕微關節痠痛與疾病治療要分開,D,中,pending_legal_pharmacist_review,false,輕微關節痠痛與疾病治療要分開,"0-3秒 Hook：輕微關節痠痛與疾病治療要分開，你也遇過嗎？
3-12秒 情境：拍攝40-70 歲注重日常活動舒適度的族群的日常動作，字幕點出「輕微關節痠痛與疾病治療要分開」。
12-25秒 知識：外用油膏應放在保守邊界：輕微關節痠痛可短期舒緩，但不可宣稱治療疾病。
25-36秒 安全：關節腫痛、紅熱、長期疼痛或行走困難，請就醫評估。
36-45秒 CTA：使用前看標示，收藏這支，下次別用錯。",輕微關節痠痛與疾病治療要分開的重點是依標示使用，不誇大、不神化。本產品為外用油膏，請依核准標示使用；若症狀持續或惡化，請諮詢醫師或藥師。,#銀髮保養 #活動舒適 #輕微痠痛 #依標示使用,"0-3秒 Hook：輕微關節痠痛與疾病治療要分開，你也遇過嗎？
3-12秒 情境：拍攝40-70 歲注重日常活動舒適度的族群的日常動作，字幕點出「輕微關節痠痛與疾病治療要分開」。
12-25秒 知識：外用油膏應放在保守邊界：輕微關節痠痛可短期舒緩，但不可宣稱治療疾病。
25-36秒 安全：關節腫痛、紅熱、長期疼痛或行走困難，請就醫評估。
36-45秒 CTA：使用前看標示，收藏這支，下次別用錯。",本產品為外用油膏，請依核准標示使用；若症狀持續或惡化，請諮詢醫師或藥師。,關節腫痛、紅熱、長期疼痛或行走困難，請就醫評估。,根治|治療疾病|消炎治本|打通經絡|一擦就好|保證有效|深層修復|替代藥物
TikTok_LINE298,LINE298,TikTok,2026-10-30,20:00,不要搭配熱敷墊或電毯,E,高,pending_legal_pharmacist_review,false,不要搭配熱敷墊或電毯,"0-3秒 Hook：不要搭配熱敷墊或電毯，你也遇過嗎？
3-12秒 情境：拍攝所有使用者、照護者與家庭購買者的日常動作，字幕點出「不要搭配熱敷墊或電毯」。
12-25秒 知識：外用油膏應放在保守邊界：安全使用比用得多更重要，依標示與風險族群提醒。
25-36秒 安全：2 歲以下、孕哺、過敏體質、抗凝血藥使用者請先詢問專業人員。
36-45秒 CTA：使用前看標示，收藏這支，下次別用錯。",不要搭配熱敷墊或電毯的重點是依標示使用，不誇大、不神化。僅供外用。避免接觸眼睛、黏膜、破皮或傷口；特殊族群使用前請先諮詢專業人員。,#外用安全 #用藥安全 #使用前看標示 #諮詢醫師藥師,"0-3秒 Hook：不要搭配熱敷墊或電毯，你也遇過嗎？
3-12秒 情境：拍攝所有使用者、照護者與家庭購買者的日常動作，字幕點出「不要搭配熱敷墊或電毯」。
12-25秒 知識：外用油膏應放在保守邊界：安全使用比用得多更重要，依標示與風險族群提醒。
25-36秒 安全：2 歲以下、孕哺、過敏體質、抗凝血藥使用者請先詢問專業人員。
36-45秒 CTA：使用前看標示，收藏這支，下次別用錯。",僅供外用。避免接觸眼睛、黏膜、破皮或傷口；特殊族群使用前請先諮詢專業人員。,2 歲以下、孕哺、過敏體質、抗凝血藥使用者請先詢問專業人員。,根治|治療疾病|消炎治本|打通經絡|一擦就好|保證有效|深層修復|替代藥物
TikTok_LINE299,LINE299,TikTok,2026-10-31,12:00,小暑前後活動舒適提醒,F,低,pending_legal_pharmacist_review,false,小暑前後活動舒適提醒,"0-3秒 Hook：小暑前後活動舒適提醒，你也遇過嗎？
3-12秒 情境：拍攝喜歡養生、節氣與日常保健的 LINE 讀者的日常動作，字幕點出「小暑前後活動舒適提醒」。
12-25秒 知識：外用油膏應放在保守邊界：以生活保健與身體覺察為主，不做醫療療效宣稱。
25-36秒 安全：節氣養生屬一般生活資訊，身體不適仍應諮詢專業人員。
36-45秒 CTA：使用前看標示，收藏這支，下次別用錯。",小暑前後活動舒適提醒的重點是依標示使用，不誇大、不神化。本內容為一般生活保健資訊，非醫療診斷或治療建議。,#節氣保養 #生活保健 #日常保養 #身體覺察,"0-3秒 Hook：小暑前後活動舒適提醒，你也遇過嗎？
3-12秒 情境：拍攝喜歡養生、節氣與日常保健的 LINE 讀者的日常動作，字幕點出「小暑前後活動舒適提醒」。
12-25秒 知識：外用油膏應放在保守邊界：以生活保健與身體覺察為主，不做醫療療效宣稱。
25-36秒 安全：節氣養生屬一般生活資訊，身體不適仍應諮詢專業人員。
36-45秒 CTA：使用前看標示，收藏這支，下次別用錯。",本內容為一般生活保健資訊，非醫療診斷或治療建議。,節氣養生屬一般生活資訊，身體不適仍應諮詢專業人員。,根治|治療疾病|消炎治本|打通經絡|一擦就好|保證有效|深層修復|替代藥物
TikTok_LINE300,LINE300,TikTok,2026-10-31,20:00,爬山後腿部按摩提醒,C,中,pending_legal_pharmacist_review,false,爬山後腿部按摩提醒,"0-3秒 Hook：爬山後腿部按摩提醒，你也遇過嗎？
3-12秒 情境：拍攝運動族、搬重物、久站與勞動工作者的日常動作，字幕點出「爬山後腿部按摩提醒」。
12-25秒 知識：外用油膏應放在保守邊界：運動或勞動後的局部肌肉痠痛，可短期按摩舒緩。
25-36秒 安全：明顯腫脹、劇痛、活動受限或疑似受傷時，請先就醫。
36-45秒 CTA：使用前看標示，收藏這支，下次別用錯。",爬山後腿部按摩提醒的重點是依標示使用，不誇大、不神化。本產品為外用油膏，請依核准標示使用；若症狀持續或惡化，請諮詢醫師或藥師。,#運動後保養 #局部按摩 #肌肉痠痛 #依標示使用,"0-3秒 Hook：爬山後腿部按摩提醒，你也遇過嗎？
3-12秒 情境：拍攝運動族、搬重物、久站與勞動工作者的日常動作，字幕點出「爬山後腿部按摩提醒」。
12-25秒 知識：外用油膏應放在保守邊界：運動或勞動後的局部肌肉痠痛，可短期按摩舒緩。
25-36秒 安全：明顯腫脹、劇痛、活動受限或疑似受傷時，請先就醫。
36-45秒 CTA：使用前看標示，收藏這支，下次別用錯。",本產品為外用油膏，請依核准標示使用；若症狀持續或惡化，請諮詢醫師或藥師。,明顯腫脹、劇痛、活動受限或疑似受傷時，請先就醫。,根治|治療疾病|消炎治本|打通經絡|一擦就好|保證有效|深層修復|替代藥物
TikTok_LINE301,LINE301,TikTok,2026-11-01,12:00,外用膏一次擦多少才剛好,G,低,pending_legal_pharmacist_review,false,外用膏一次擦多少才剛好,"0-3秒 Hook：外用膏一次擦多少才剛好，你也遇過嗎？
3-12秒 情境：拍攝LINE OA 好友、回購客與新客的日常動作，字幕點出「外用膏一次擦多少才剛好」。
12-25秒 知識：外用油膏應放在保守邊界：用問答降低誤用，讓使用者知道何時該詢問專業人員。
25-36秒 安全：互動回答不取代醫師或藥師建議。
36-45秒 CTA：使用前看標示，收藏這支，下次別用錯。",外用膏一次擦多少才剛好的重點是依標示使用，不誇大、不神化。本內容為一般生活保健資訊，非醫療診斷或治療建議。,#互動問答 #保養知識 #使用小提醒 #金牌一條根,"0-3秒 Hook：外用膏一次擦多少才剛好，你也遇過嗎？
3-12秒 情境：拍攝LINE OA 好友、回購客與新客的日常動作，字幕點出「外用膏一次擦多少才剛好」。
12-25秒 知識：外用油膏應放在保守邊界：用問答降低誤用，讓使用者知道何時該詢問專業人員。
25-36秒 安全：互動回答不取代醫師或藥師建議。
36-45秒 CTA：使用前看標示，收藏這支，下次別用錯。",本內容為一般生活保健資訊，非醫療診斷或治療建議。,互動回答不取代醫師或藥師建議。,根治|治療疾病|消炎治本|打通經絡|一擦就好|保證有效|深層修復|替代藥物
TikTok_LINE302,LINE302,TikTok,2026-11-01,20:00,散步後的膝周保養,D,中,pending_legal_pharmacist_review,false,散步後的膝周保養,"0-3秒 Hook：散步後的膝周保養，你也遇過嗎？
3-12秒 情境：拍攝40-70 歲注重日常活動舒適度的族群的日常動作，字幕點出「散步後的膝周保養」。
12-25秒 知識：外用油膏應放在保守邊界：輕微關節痠痛可短期舒緩，但不可宣稱治療疾病。
25-36秒 安全：關節腫痛、紅熱、長期疼痛或行走困難，請就醫評估。
36-45秒 CTA：使用前看標示，收藏這支，下次別用錯。",散步後的膝周保養的重點是依標示使用，不誇大、不神化。本產品為外用油膏，請依核准標示使用；若症狀持續或惡化，請諮詢醫師或藥師。,#銀髮保養 #活動舒適 #輕微痠痛 #依標示使用,"0-3秒 Hook：散步後的膝周保養，你也遇過嗎？
3-12秒 情境：拍攝40-70 歲注重日常活動舒適度的族群的日常動作，字幕點出「散步後的膝周保養」。
12-25秒 知識：外用油膏應放在保守邊界：輕微關節痠痛可短期舒緩，但不可宣稱治療疾病。
25-36秒 安全：關節腫痛、紅熱、長期疼痛或行走困難，請就醫評估。
36-45秒 CTA：使用前看標示，收藏這支，下次別用錯。",本產品為外用油膏，請依核准標示使用；若症狀持續或惡化，請諮詢醫師或藥師。,關節腫痛、紅熱、長期疼痛或行走困難，請就醫評估。,根治|治療疾病|消炎治本|打通經絡|一擦就好|保證有效|深層修復|替代藥物
TikTok_LINE303,LINE303,TikTok,2026-11-02,12:00,午休前的肩頸放鬆流程,B,低,pending_legal_pharmacist_review,false,午休前的肩頸放鬆流程,"0-3秒 Hook：午休前的肩頸放鬆流程，你也遇過嗎？
3-12秒 情境：拍攝長時間低頭、久坐、用電腦的上班族的日常動作，字幕點出「午休前的肩頸放鬆流程」。
12-25秒 知識：外用油膏應放在保守邊界：久坐低頭後，可搭配伸展與局部按摩舒緩緊繃不適。
25-36秒 安全：若痠痛持續、麻木或影響活動，請諮詢醫師或藥師。
36-45秒 CTA：使用前看標示，收藏這支，下次別用錯。",午休前的肩頸放鬆流程的重點是依標示使用，不誇大、不神化。本內容為一般生活保健資訊，非醫療診斷或治療建議。,#肩頸保養 #久坐族 #日常舒緩 #依標示使用,"0-3秒 Hook：午休前的肩頸放鬆流程，你也遇過嗎？
3-12秒 情境：拍攝長時間低頭、久坐、用電腦的上班族的日常動作，字幕點出「午休前的肩頸放鬆流程」。
12-25秒 知識：外用油膏應放在保守邊界：久坐低頭後，可搭配伸展與局部按摩舒緩緊繃不適。
25-36秒 安全：若痠痛持續、麻木或影響活動，請諮詢醫師或藥師。
36-45秒 CTA：使用前看標示，收藏這支，下次別用錯。",本內容為一般生活保健資訊，非醫療診斷或治療建議。,若痠痛持續、麻木或影響活動，請諮詢醫師或藥師。,根治|治療疾病|消炎治本|打通經絡|一擦就好|保證有效|深層修復|替代藥物
TikTok_LINE304,LINE304,TikTok,2026-11-02,20:00,油膏劑為什麼適合局部按摩,A,中,pending_legal_pharmacist_review,false,油膏劑為什麼適合局部按摩,"0-3秒 Hook：油膏劑為什麼適合局部按摩，你也遇過嗎？
3-12秒 情境：拍攝已購買或正在觀望的一條根使用者的日常動作，字幕點出「油膏劑為什麼適合局部按摩」。
12-25秒 知識：外用油膏應放在保守邊界：依標示外用，提供局部按摩與暫時舒緩體感。
25-36秒 安全：僅供外用；避免眼周、黏膜、破皮或傷口。
36-45秒 CTA：使用前看標示，收藏這支，下次別用錯。",油膏劑為什麼適合局部按摩的重點是依標示使用，不誇大、不神化。本產品為外用油膏，請依核准標示使用；若症狀持續或惡化，請諮詢醫師或藥師。,#金牌一條根 #外用油膏 #成分透明 #依標示使用,"0-3秒 Hook：油膏劑為什麼適合局部按摩，你也遇過嗎？
3-12秒 情境：拍攝已購買或正在觀望的一條根使用者的日常動作，字幕點出「油膏劑為什麼適合局部按摩」。
12-25秒 知識：外用油膏應放在保守邊界：依標示外用，提供局部按摩與暫時舒緩體感。
25-36秒 安全：僅供外用；避免眼周、黏膜、破皮或傷口。
36-45秒 CTA：使用前看標示，收藏這支，下次別用錯。",本產品為外用油膏，請依核准標示使用；若症狀持續或惡化，請諮詢醫師或藥師。,僅供外用；避免眼周、黏膜、破皮或傷口。,根治|治療疾病|消炎治本|打通經絡|一擦就好|保證有效|深層修復|替代藥物
TikTok_LINE305,LINE305,TikTok,2026-11-03,12:00,大暑午後少久站硬撐,F,低,pending_legal_pharmacist_review,false,大暑午後少久站硬撐,"0-3秒 Hook：大暑午後少久站硬撐，你也遇過嗎？
3-12秒 情境：拍攝喜歡養生、節氣與日常保健的 LINE 讀者的日常動作，字幕點出「大暑午後少久站硬撐」。
12-25秒 知識：外用油膏應放在保守邊界：以生活保健與身體覺察為主，不做醫療療效宣稱。
25-36秒 安全：節氣養生屬一般生活資訊，身體不適仍應諮詢專業人員。
36-45秒 CTA：使用前看標示，收藏這支，下次別用錯。",大暑午後少久站硬撐的重點是依標示使用，不誇大、不神化。本內容為一般生活保健資訊，非醫療診斷或治療建議。,#節氣保養 #生活保健 #日常保養 #身體覺察,"0-3秒 Hook：大暑午後少久站硬撐，你也遇過嗎？
3-12秒 情境：拍攝喜歡養生、節氣與日常保健的 LINE 讀者的日常動作，字幕點出「大暑午後少久站硬撐」。
12-25秒 知識：外用油膏應放在保守邊界：以生活保健與身體覺察為主，不做醫療療效宣稱。
25-36秒 安全：節氣養生屬一般生活資訊，身體不適仍應諮詢專業人員。
36-45秒 CTA：使用前看標示，收藏這支，下次別用錯。",本內容為一般生活保健資訊，非醫療診斷或治療建議。,節氣養生屬一般生活資訊，身體不適仍應諮詢專業人員。,根治|治療疾病|消炎治本|打通經絡|一擦就好|保證有效|深層修復|替代藥物
TikTok_LINE306,LINE306,TikTok,2026-11-03,20:00,不要密封包紮或大面積厚敷,E,高,pending_legal_pharmacist_review,false,不要密封包紮或大面積厚敷,"0-3秒 Hook：不要密封包紮或大面積厚敷，你也遇過嗎？
3-12秒 情境：拍攝所有使用者、照護者與家庭購買者的日常動作，字幕點出「不要密封包紮或大面積厚敷」。
12-25秒 知識：外用油膏應放在保守邊界：安全使用比用得多更重要，依標示與風險族群提醒。
25-36秒 安全：2 歲以下、孕哺、過敏體質、抗凝血藥使用者請先詢問專業人員。
36-45秒 CTA：使用前看標示，收藏這支，下次別用錯。",不要密封包紮或大面積厚敷的重點是依標示使用，不誇大、不神化。僅供外用。避免接觸眼睛、黏膜、破皮或傷口；特殊族群使用前請先諮詢專業人員。,#外用安全 #用藥安全 #使用前看標示 #諮詢醫師藥師,"0-3秒 Hook：不要密封包紮或大面積厚敷，你也遇過嗎？
3-12秒 情境：拍攝所有使用者、照護者與家庭購買者的日常動作，字幕點出「不要密封包紮或大面積厚敷」。
12-25秒 知識：外用油膏應放在保守邊界：安全使用比用得多更重要，依標示與風險族群提醒。
25-36秒 安全：2 歲以下、孕哺、過敏體質、抗凝血藥使用者請先詢問專業人員。
36-45秒 CTA：使用前看標示，收藏這支，下次別用錯。",僅供外用。避免接觸眼睛、黏膜、破皮或傷口；特殊族群使用前請先諮詢專業人員。,2 歲以下、孕哺、過敏體質、抗凝血藥使用者請先詢問專業人員。,根治|治療疾病|消炎治本|打通經絡|一擦就好|保證有效|深層修復|替代藥物
TikTok_LINE307,LINE307,TikTok,2026-11-04,12:00,藥證可查代表什麼,H,中,pending_legal_pharmacist_review,false,藥證可查代表什麼,"0-3秒 Hook：藥證可查代表什麼，你也遇過嗎？
3-12秒 情境：拍攝重視藥證、成分、品質與合法性的消費者的日常動作，字幕點出「藥證可查代表什麼」。
12-25秒 知識：外用油膏應放在保守邊界：強調藥證、標示、保守宣稱與人工審核流程。
25-36秒 安全：所有廣告文案仍須依主管機關與專業人員審核。
36-45秒 CTA：使用前看標示，收藏這支，下次別用錯。",藥證可查代表什麼的重點是依標示使用，不誇大、不神化。本產品為外用油膏，請依核准標示使用；若症狀持續或惡化，請諮詢醫師或藥師。,#藥證可查 #品牌透明 #合法宣傳 #成分透明,"0-3秒 Hook：藥證可查代表什麼，你也遇過嗎？
3-12秒 情境：拍攝重視藥證、成分、品質與合法性的消費者的日常動作，字幕點出「藥證可查代表什麼」。
12-25秒 知識：外用油膏應放在保守邊界：強調藥證、標示、保守宣稱與人工審核流程。
25-36秒 安全：所有廣告文案仍須依主管機關與專業人員審核。
36-45秒 CTA：使用前看標示，收藏這支，下次別用錯。",本產品為外用油膏，請依核准標示使用；若症狀持續或惡化，請諮詢醫師或藥師。,所有廣告文案仍須依主管機關與專業人員審核。,根治|治療疾病|消炎治本|打通經絡|一擦就好|保證有效|深層修復|替代藥物
TikTok_LINE308,LINE308,TikTok,2026-11-04,20:00,涼感越強越有效嗎,G,低,pending_legal_pharmacist_review,false,涼感越強越有效嗎,"0-3秒 Hook：涼感越強越有效嗎，你也遇過嗎？
3-12秒 情境：拍攝LINE OA 好友、回購客與新客的日常動作，字幕點出「涼感越強越有效嗎」。
12-25秒 知識：外用油膏應放在保守邊界：用問答降低誤用，讓使用者知道何時該詢問專業人員。
25-36秒 安全：互動回答不取代醫師或藥師建議。
36-45秒 CTA：使用前看標示，收藏這支，下次別用錯。",涼感越強越有效嗎的重點是依標示使用，不誇大、不神化。本內容為一般生活保健資訊，非醫療診斷或治療建議。,#互動問答 #保養知識 #使用小提醒 #金牌一條根,"0-3秒 Hook：涼感越強越有效嗎，你也遇過嗎？
3-12秒 情境：拍攝LINE OA 好友、回購客與新客的日常動作，字幕點出「涼感越強越有效嗎」。
12-25秒 知識：外用油膏應放在保守邊界：用問答降低誤用，讓使用者知道何時該詢問專業人員。
25-36秒 安全：互動回答不取代醫師或藥師建議。
36-45秒 CTA：使用前看標示，收藏這支，下次別用錯。",本內容為一般生活保健資訊，非醫療診斷或治療建議。,互動回答不取代醫師或藥師建議。,根治|治療疾病|消炎治本|打通經絡|一擦就好|保證有效|深層修復|替代藥物
TikTok_LINE309,LINE309,TikTok,2026-11-05,12:00,重訓後肩背局部舒緩,C,中,pending_legal_pharmacist_review,false,重訓後肩背局部舒緩,"0-3秒 Hook：重訓後肩背局部舒緩，你也遇過嗎？
3-12秒 情境：拍攝運動族、搬重物、久站與勞動工作者的日常動作，字幕點出「重訓後肩背局部舒緩」。
12-25秒 知識：外用油膏應放在保守邊界：運動或勞動後的局部肌肉痠痛，可短期按摩舒緩。
25-36秒 安全：明顯腫脹、劇痛、活動受限或疑似受傷時，請先就醫。
36-45秒 CTA：使用前看標示，收藏這支，下次別用錯。",重訓後肩背局部舒緩的重點是依標示使用，不誇大、不神化。本產品為外用油膏，請依核准標示使用；若症狀持續或惡化，請諮詢醫師或藥師。,#運動後保養 #局部按摩 #肌肉痠痛 #依標示使用,"0-3秒 Hook：重訓後肩背局部舒緩，你也遇過嗎？
3-12秒 情境：拍攝運動族、搬重物、久站與勞動工作者的日常動作，字幕點出「重訓後肩背局部舒緩」。
12-25秒 知識：外用油膏應放在保守邊界：運動或勞動後的局部肌肉痠痛，可短期按摩舒緩。
25-36秒 安全：明顯腫脹、劇痛、活動受限或疑似受傷時，請先就醫。
36-45秒 CTA：使用前看標示，收藏這支，下次別用錯。",本產品為外用油膏，請依核准標示使用；若症狀持續或惡化，請諮詢醫師或藥師。,明顯腫脹、劇痛、活動受限或疑似受傷時，請先就醫。,根治|治療疾病|消炎治本|打通經絡|一擦就好|保證有效|深層修復|替代藥物
TikTok_LINE310,LINE310,TikTok,2026-11-05,20:00,乙類成藥與一般保健品差異,A,中,pending_legal_pharmacist_review,false,乙類成藥與一般保健品差異,"0-3秒 Hook：乙類成藥與一般保健品差異，你也遇過嗎？
3-12秒 情境：拍攝已購買或正在觀望的一條根使用者的日常動作，字幕點出「乙類成藥與一般保健品差異」。
12-25秒 知識：外用油膏應放在保守邊界：依標示外用，提供局部按摩與暫時舒緩體感。
25-36秒 安全：僅供外用；避免眼周、黏膜、破皮或傷口。
36-45秒 CTA：使用前看標示，收藏這支，下次別用錯。",乙類成藥與一般保健品差異的重點是依標示使用，不誇大、不神化。本產品為外用油膏，請依核准標示使用；若症狀持續或惡化，請諮詢醫師或藥師。,#金牌一條根 #外用油膏 #成分透明 #依標示使用,"0-3秒 Hook：乙類成藥與一般保健品差異，你也遇過嗎？
3-12秒 情境：拍攝已購買或正在觀望的一條根使用者的日常動作，字幕點出「乙類成藥與一般保健品差異」。
12-25秒 知識：外用油膏應放在保守邊界：依標示外用，提供局部按摩與暫時舒緩體感。
25-36秒 安全：僅供外用；避免眼周、黏膜、破皮或傷口。
36-45秒 CTA：使用前看標示，收藏這支，下次別用錯。",本產品為外用油膏，請依核准標示使用；若症狀持續或惡化，請諮詢醫師或藥師。,僅供外用；避免眼周、黏膜、破皮或傷口。,根治|治療疾病|消炎治本|打通經絡|一擦就好|保證有效|深層修復|替代藥物
TikTok_LINE311,LINE311,TikTok,2026-11-06,12:00,天氣變化時的活動舒適感,D,中,pending_legal_pharmacist_review,false,天氣變化時的活動舒適感,"0-3秒 Hook：天氣變化時的活動舒適感，你也遇過嗎？
3-12秒 情境：拍攝40-70 歲注重日常活動舒適度的族群的日常動作，字幕點出「天氣變化時的活動舒適感」。
12-25秒 知識：外用油膏應放在保守邊界：輕微關節痠痛可短期舒緩，但不可宣稱治療疾病。
25-36秒 安全：關節腫痛、紅熱、長期疼痛或行走困難，請就醫評估。
36-45秒 CTA：使用前看標示，收藏這支，下次別用錯。",天氣變化時的活動舒適感的重點是依標示使用，不誇大、不神化。本產品為外用油膏，請依核准標示使用；若症狀持續或惡化，請諮詢醫師或藥師。,#銀髮保養 #活動舒適 #輕微痠痛 #依標示使用,"0-3秒 Hook：天氣變化時的活動舒適感，你也遇過嗎？
3-12秒 情境：拍攝40-70 歲注重日常活動舒適度的族群的日常動作，字幕點出「天氣變化時的活動舒適感」。
12-25秒 知識：外用油膏應放在保守邊界：輕微關節痠痛可短期舒緩，但不可宣稱治療疾病。
25-36秒 安全：關節腫痛、紅熱、長期疼痛或行走困難，請就醫評估。
36-45秒 CTA：使用前看標示，收藏這支，下次別用錯。",本產品為外用油膏，請依核准標示使用；若症狀持續或惡化，請諮詢醫師或藥師。,關節腫痛、紅熱、長期疼痛或行走困難，請就醫評估。,根治|治療疾病|消炎治本|打通經絡|一擦就好|保證有效|深層修復|替代藥物
TikTok_LINE312,LINE312,TikTok,2026-11-06,20:00,水楊酸或阿斯匹靈過敏者注意,E,高,pending_legal_pharmacist_review,false,水楊酸或阿斯匹靈過敏者注意,"0-3秒 Hook：水楊酸或阿斯匹靈過敏者注意，你也遇過嗎？
3-12秒 情境：拍攝所有使用者、照護者與家庭購買者的日常動作，字幕點出「水楊酸或阿斯匹靈過敏者注意」。
12-25秒 知識：外用油膏應放在保守邊界：安全使用比用得多更重要，依標示與風險族群提醒。
25-36秒 安全：2 歲以下、孕哺、過敏體質、抗凝血藥使用者請先詢問專業人員。
36-45秒 CTA：使用前看標示，收藏這支，下次別用錯。",水楊酸或阿斯匹靈過敏者注意的重點是依標示使用，不誇大、不神化。僅供外用。避免接觸眼睛、黏膜、破皮或傷口；特殊族群使用前請先諮詢專業人員。,#外用安全 #用藥安全 #使用前看標示 #諮詢醫師藥師,"0-3秒 Hook：水楊酸或阿斯匹靈過敏者注意，你也遇過嗎？
3-12秒 情境：拍攝所有使用者、照護者與家庭購買者的日常動作，字幕點出「水楊酸或阿斯匹靈過敏者注意」。
12-25秒 知識：外用油膏應放在保守邊界：安全使用比用得多更重要，依標示與風險族群提醒。
25-36秒 安全：2 歲以下、孕哺、過敏體質、抗凝血藥使用者請先詢問專業人員。
36-45秒 CTA：使用前看標示，收藏這支，下次別用錯。",僅供外用。避免接觸眼睛、黏膜、破皮或傷口；特殊族群使用前請先諮詢專業人員。,2 歲以下、孕哺、過敏體質、抗凝血藥使用者請先詢問專業人員。,根治|治療疾病|消炎治本|打通經絡|一擦就好|保證有效|深層修復|替代藥物
TikTok_LINE313,LINE313,TikTok,2026-11-07,12:00,立秋後早晚溫差保養,F,低,pending_legal_pharmacist_review,false,立秋後早晚溫差保養,"0-3秒 Hook：立秋後早晚溫差保養，你也遇過嗎？
3-12秒 情境：拍攝喜歡養生、節氣與日常保健的 LINE 讀者的日常動作，字幕點出「立秋後早晚溫差保養」。
12-25秒 知識：外用油膏應放在保守邊界：以生活保健與身體覺察為主，不做醫療療效宣稱。
25-36秒 安全：節氣養生屬一般生活資訊，身體不適仍應諮詢專業人員。
36-45秒 CTA：使用前看標示，收藏這支，下次別用錯。",立秋後早晚溫差保養的重點是依標示使用，不誇大、不神化。本內容為一般生活保健資訊，非醫療診斷或治療建議。,#節氣保養 #生活保健 #日常保養 #身體覺察,"0-3秒 Hook：立秋後早晚溫差保養，你也遇過嗎？
3-12秒 情境：拍攝喜歡養生、節氣與日常保健的 LINE 讀者的日常動作，字幕點出「立秋後早晚溫差保養」。
12-25秒 知識：外用油膏應放在保守邊界：以生活保健與身體覺察為主，不做醫療療效宣稱。
25-36秒 安全：節氣養生屬一般生活資訊，身體不適仍應諮詢專業人員。
36-45秒 CTA：使用前看標示，收藏這支，下次別用錯。",本內容為一般生活保健資訊，非醫療診斷或治療建議。,節氣養生屬一般生活資訊，身體不適仍應諮詢專業人員。,根治|治療疾病|消炎治本|打通經絡|一擦就好|保證有效|深層修復|替代藥物
TikTok_LINE314,LINE314,TikTok,2026-11-07,20:00,家事後手臂不適保養,C,中,pending_legal_pharmacist_review,false,家事後手臂不適保養,"0-3秒 Hook：家事後手臂不適保養，你也遇過嗎？
3-12秒 情境：拍攝運動族、搬重物、久站與勞動工作者的日常動作，字幕點出「家事後手臂不適保養」。
12-25秒 知識：外用油膏應放在保守邊界：運動或勞動後的局部肌肉痠痛，可短期按摩舒緩。
25-36秒 安全：明顯腫脹、劇痛、活動受限或疑似受傷時，請先就醫。
36-45秒 CTA：使用前看標示，收藏這支，下次別用錯。",家事後手臂不適保養的重點是依標示使用，不誇大、不神化。本產品為外用油膏，請依核准標示使用；若症狀持續或惡化，請諮詢醫師或藥師。,#運動後保養 #局部按摩 #肌肉痠痛 #依標示使用,"0-3秒 Hook：家事後手臂不適保養，你也遇過嗎？
3-12秒 情境：拍攝運動族、搬重物、久站與勞動工作者的日常動作，字幕點出「家事後手臂不適保養」。
12-25秒 知識：外用油膏應放在保守邊界：運動或勞動後的局部肌肉痠痛，可短期按摩舒緩。
25-36秒 安全：明顯腫脹、劇痛、活動受限或疑似受傷時，請先就醫。
36-45秒 CTA：使用前看標示，收藏這支，下次別用錯。",本產品為外用油膏，請依核准標示使用；若症狀持續或惡化，請諮詢醫師或藥師。,明顯腫脹、劇痛、活動受限或疑似受傷時，請先就醫。,根治|治療疾病|消炎治本|打通經絡|一擦就好|保證有效|深層修復|替代藥物
TikTok_LINE315,LINE315,TikTok,2026-11-08,12:00,你有看過外用產品標示嗎,G,低,pending_legal_pharmacist_review,false,你有看過外用產品標示嗎,"0-3秒 Hook：你有看過外用產品標示嗎，你也遇過嗎？
3-12秒 情境：拍攝LINE OA 好友、回購客與新客的日常動作，字幕點出「你有看過外用產品標示嗎」。
12-25秒 知識：外用油膏應放在保守邊界：用問答降低誤用，讓使用者知道何時該詢問專業人員。
25-36秒 安全：互動回答不取代醫師或藥師建議。
36-45秒 CTA：使用前看標示，收藏這支，下次別用錯。",你有看過外用產品標示嗎的重點是依標示使用，不誇大、不神化。本內容為一般生活保健資訊，非醫療診斷或治療建議。,#互動問答 #保養知識 #使用小提醒 #金牌一條根,"0-3秒 Hook：你有看過外用產品標示嗎，你也遇過嗎？
3-12秒 情境：拍攝LINE OA 好友、回購客與新客的日常動作，字幕點出「你有看過外用產品標示嗎」。
12-25秒 知識：外用油膏應放在保守邊界：用問答降低誤用，讓使用者知道何時該詢問專業人員。
25-36秒 安全：互動回答不取代醫師或藥師建議。
36-45秒 CTA：使用前看標示，收藏這支，下次別用錯。",本內容為一般生活保健資訊，非醫療診斷或治療建議。,互動回答不取代醫師或藥師建議。,根治|治療疾病|消炎治本|打通經絡|一擦就好|保證有效|深層修復|替代藥物
TikTok_LINE316,LINE316,TikTok,2026-11-08,20:00,長輩按摩力道不要過重,D,中,pending_legal_pharmacist_review,false,長輩按摩力道不要過重,"0-3秒 Hook：長輩按摩力道不要過重，你也遇過嗎？
3-12秒 情境：拍攝40-70 歲注重日常活動舒適度的族群的日常動作，字幕點出「長輩按摩力道不要過重」。
12-25秒 知識：外用油膏應放在保守邊界：輕微關節痠痛可短期舒緩，但不可宣稱治療疾病。
25-36秒 安全：關節腫痛、紅熱、長期疼痛或行走困難，請就醫評估。
36-45秒 CTA：使用前看標示，收藏這支，下次別用錯。",長輩按摩力道不要過重的重點是依標示使用，不誇大、不神化。本產品為外用油膏，請依核准標示使用；若症狀持續或惡化，請諮詢醫師或藥師。,#銀髮保養 #活動舒適 #輕微痠痛 #依標示使用,"0-3秒 Hook：長輩按摩力道不要過重，你也遇過嗎？
3-12秒 情境：拍攝40-70 歲注重日常活動舒適度的族群的日常動作，字幕點出「長輩按摩力道不要過重」。
12-25秒 知識：外用油膏應放在保守邊界：輕微關節痠痛可短期舒緩，但不可宣稱治療疾病。
25-36秒 安全：關節腫痛、紅熱、長期疼痛或行走困難，請就醫評估。
36-45秒 CTA：使用前看標示，收藏這支，下次別用錯。",本產品為外用油膏，請依核准標示使用；若症狀持續或惡化，請諮詢醫師或藥師。,關節腫痛、紅熱、長期疼痛或行走困難，請就醫評估。,根治|治療疾病|消炎治本|打通經絡|一擦就好|保證有效|深層修復|替代藥物
TikTok_LINE317,LINE317,TikTok,2026-11-09,12:00,開會久坐後的腰背舒緩,B,低,pending_legal_pharmacist_review,false,開會久坐後的腰背舒緩,"0-3秒 Hook：開會久坐後的腰背舒緩，你也遇過嗎？
3-12秒 情境：拍攝長時間低頭、久坐、用電腦的上班族的日常動作，字幕點出「開會久坐後的腰背舒緩」。
12-25秒 知識：外用油膏應放在保守邊界：久坐低頭後，可搭配伸展與局部按摩舒緩緊繃不適。
25-36秒 安全：若痠痛持續、麻木或影響活動，請諮詢醫師或藥師。
36-45秒 CTA：使用前看標示，收藏這支，下次別用錯。",開會久坐後的腰背舒緩的重點是依標示使用，不誇大、不神化。本內容為一般生活保健資訊，非醫療診斷或治療建議。,#肩頸保養 #久坐族 #日常舒緩 #依標示使用,"0-3秒 Hook：開會久坐後的腰背舒緩，你也遇過嗎？
3-12秒 情境：拍攝長時間低頭、久坐、用電腦的上班族的日常動作，字幕點出「開會久坐後的腰背舒緩」。
12-25秒 知識：外用油膏應放在保守邊界：久坐低頭後，可搭配伸展與局部按摩舒緩緊繃不適。
25-36秒 安全：若痠痛持續、麻木或影響活動，請諮詢醫師或藥師。
36-45秒 CTA：使用前看標示，收藏這支，下次別用錯。",本內容為一般生活保健資訊，非醫療診斷或治療建議。,若痠痛持續、麻木或影響活動，請諮詢醫師或藥師。,根治|治療疾病|消炎治本|打通經絡|一擦就好|保證有效|深層修復|替代藥物
TikTok_LINE318,LINE318,TikTok,2026-11-09,20:00,一條根外用膏的日常定位,A,中,pending_legal_pharmacist_review,false,一條根外用膏的日常定位,"0-3秒 Hook：一條根外用膏的日常定位，你也遇過嗎？
3-12秒 情境：拍攝已購買或正在觀望的一條根使用者的日常動作，字幕點出「一條根外用膏的日常定位」。
12-25秒 知識：外用油膏應放在保守邊界：依標示外用，提供局部按摩與暫時舒緩體感。
25-36秒 安全：僅供外用；避免眼周、黏膜、破皮或傷口。
36-45秒 CTA：使用前看標示，收藏這支，下次別用錯。",一條根外用膏的日常定位的重點是依標示使用，不誇大、不神化。本產品為外用油膏，請依核准標示使用；若症狀持續或惡化，請諮詢醫師或藥師。,#金牌一條根 #外用油膏 #成分透明 #依標示使用,"0-3秒 Hook：一條根外用膏的日常定位，你也遇過嗎？
3-12秒 情境：拍攝已購買或正在觀望的一條根使用者的日常動作，字幕點出「一條根外用膏的日常定位」。
12-25秒 知識：外用油膏應放在保守邊界：依標示外用，提供局部按摩與暫時舒緩體感。
25-36秒 安全：僅供外用；避免眼周、黏膜、破皮或傷口。
36-45秒 CTA：使用前看標示，收藏這支，下次別用錯。",本產品為外用油膏，請依核准標示使用；若症狀持續或惡化，請諮詢醫師或藥師。,僅供外用；避免眼周、黏膜、破皮或傷口。,根治|治療疾病|消炎治本|打通經絡|一擦就好|保證有效|深層修復|替代藥物
TikTok_LINE319,LINE319,TikTok,2026-11-10,12:00,處暑後運動暖身提醒,F,低,pending_legal_pharmacist_review,false,處暑後運動暖身提醒,"0-3秒 Hook：處暑後運動暖身提醒，你也遇過嗎？
3-12秒 情境：拍攝喜歡養生、節氣與日常保健的 LINE 讀者的日常動作，字幕點出「處暑後運動暖身提醒」。
12-25秒 知識：外用油膏應放在保守邊界：以生活保健與身體覺察為主，不做醫療療效宣稱。
25-36秒 安全：節氣養生屬一般生活資訊，身體不適仍應諮詢專業人員。
36-45秒 CTA：使用前看標示，收藏這支，下次別用錯。",處暑後運動暖身提醒的重點是依標示使用，不誇大、不神化。本內容為一般生活保健資訊，非醫療診斷或治療建議。,#節氣保養 #生活保健 #日常保養 #身體覺察,"0-3秒 Hook：處暑後運動暖身提醒，你也遇過嗎？
3-12秒 情境：拍攝喜歡養生、節氣與日常保健的 LINE 讀者的日常動作，字幕點出「處暑後運動暖身提醒」。
12-25秒 知識：外用油膏應放在保守邊界：以生活保健與身體覺察為主，不做醫療療效宣稱。
25-36秒 安全：節氣養生屬一般生活資訊，身體不適仍應諮詢專業人員。
36-45秒 CTA：使用前看標示，收藏這支，下次別用錯。",本內容為一般生活保健資訊，非醫療診斷或治療建議。,節氣養生屬一般生活資訊，身體不適仍應諮詢專業人員。,根治|治療疾病|消炎治本|打通經絡|一擦就好|保證有效|深層修復|替代藥物
TikTok_LINE320,LINE320,TikTok,2026-11-10,20:00,兒童使用前的安全提醒,E,高,pending_legal_pharmacist_review,false,兒童使用前的安全提醒,"0-3秒 Hook：兒童使用前的安全提醒，你也遇過嗎？
3-12秒 情境：拍攝所有使用者、照護者與家庭購買者的日常動作，字幕點出「兒童使用前的安全提醒」。
12-25秒 知識：外用油膏應放在保守邊界：安全使用比用得多更重要，依標示與風險族群提醒。
25-36秒 安全：2 歲以下、孕哺、過敏體質、抗凝血藥使用者請先詢問專業人員。
36-45秒 CTA：使用前看標示，收藏這支，下次別用錯。",兒童使用前的安全提醒的重點是依標示使用，不誇大、不神化。僅供外用。避免接觸眼睛、黏膜、破皮或傷口；特殊族群使用前請先諮詢專業人員。,#外用安全 #用藥安全 #使用前看標示 #諮詢醫師藥師,"0-3秒 Hook：兒童使用前的安全提醒，你也遇過嗎？
3-12秒 情境：拍攝所有使用者、照護者與家庭購買者的日常動作，字幕點出「兒童使用前的安全提醒」。
12-25秒 知識：外用油膏應放在保守邊界：安全使用比用得多更重要，依標示與風險族群提醒。
25-36秒 安全：2 歲以下、孕哺、過敏體質、抗凝血藥使用者請先詢問專業人員。
36-45秒 CTA：使用前看標示，收藏這支，下次別用錯。",僅供外用。避免接觸眼睛、黏膜、破皮或傷口；特殊族群使用前請先諮詢專業人員。,2 歲以下、孕哺、過敏體質、抗凝血藥使用者請先詢問專業人員。,根治|治療疾病|消炎治本|打通經絡|一擦就好|保證有效|深層修復|替代藥物
TikTok_LINE321,LINE321,TikTok,2026-11-11,12:00,外用膏廣告為什麼要保守,H,中,pending_legal_pharmacist_review,false,外用膏廣告為什麼要保守,"0-3秒 Hook：外用膏廣告為什麼要保守，你也遇過嗎？
3-12秒 情境：拍攝重視藥證、成分、品質與合法性的消費者的日常動作，字幕點出「外用膏廣告為什麼要保守」。
12-25秒 知識：外用油膏應放在保守邊界：強調藥證、標示、保守宣稱與人工審核流程。
25-36秒 安全：所有廣告文案仍須依主管機關與專業人員審核。
36-45秒 CTA：使用前看標示，收藏這支，下次別用錯。",外用膏廣告為什麼要保守的重點是依標示使用，不誇大、不神化。本產品為外用油膏，請依核准標示使用；若症狀持續或惡化，請諮詢醫師或藥師。,#藥證可查 #品牌透明 #合法宣傳 #成分透明,"0-3秒 Hook：外用膏廣告為什麼要保守，你也遇過嗎？
3-12秒 情境：拍攝重視藥證、成分、品質與合法性的消費者的日常動作，字幕點出「外用膏廣告為什麼要保守」。
12-25秒 知識：外用油膏應放在保守邊界：強調藥證、標示、保守宣稱與人工審核流程。
25-36秒 安全：所有廣告文案仍須依主管機關與專業人員審核。
36-45秒 CTA：使用前看標示，收藏這支，下次別用錯。",本產品為外用油膏，請依核准標示使用；若症狀持續或惡化，請諮詢醫師或藥師。,所有廣告文案仍須依主管機關與專業人員審核。,根治|治療疾病|消炎治本|打通經絡|一擦就好|保證有效|深層修復|替代藥物
TikTok_LINE322,LINE322,TikTok,2026-11-11,20:00,久坐族最想舒緩哪裡,G,低,pending_legal_pharmacist_review,false,久坐族最想舒緩哪裡,"0-3秒 Hook：久坐族最想舒緩哪裡，你也遇過嗎？
3-12秒 情境：拍攝LINE OA 好友、回購客與新客的日常動作，字幕點出「久坐族最想舒緩哪裡」。
12-25秒 知識：外用油膏應放在保守邊界：用問答降低誤用，讓使用者知道何時該詢問專業人員。
25-36秒 安全：互動回答不取代醫師或藥師建議。
36-45秒 CTA：使用前看標示，收藏這支，下次別用錯。",久坐族最想舒緩哪裡的重點是依標示使用，不誇大、不神化。本內容為一般生活保健資訊，非醫療診斷或治療建議。,#互動問答 #保養知識 #使用小提醒 #金牌一條根,"0-3秒 Hook：久坐族最想舒緩哪裡，你也遇過嗎？
3-12秒 情境：拍攝LINE OA 好友、回購客與新客的日常動作，字幕點出「久坐族最想舒緩哪裡」。
12-25秒 知識：外用油膏應放在保守邊界：用問答降低誤用，讓使用者知道何時該詢問專業人員。
25-36秒 安全：互動回答不取代醫師或藥師建議。
36-45秒 CTA：使用前看標示，收藏這支，下次別用錯。",本內容為一般生活保健資訊，非醫療診斷或治療建議。,互動回答不取代醫師或藥師建議。,根治|治療疾病|消炎治本|打通經絡|一擦就好|保證有效|深層修復|替代藥物
TikTok_LINE323,LINE323,TikTok,2026-11-12,12:00,跑步後膝周不適的保守提醒,C,中,pending_legal_pharmacist_review,false,跑步後膝周不適的保守提醒,"0-3秒 Hook：跑步後膝周不適的保守提醒，你也遇過嗎？
3-12秒 情境：拍攝運動族、搬重物、久站與勞動工作者的日常動作，字幕點出「跑步後膝周不適的保守提醒」。
12-25秒 知識：外用油膏應放在保守邊界：運動或勞動後的局部肌肉痠痛，可短期按摩舒緩。
25-36秒 安全：明顯腫脹、劇痛、活動受限或疑似受傷時，請先就醫。
36-45秒 CTA：使用前看標示，收藏這支，下次別用錯。",跑步後膝周不適的保守提醒的重點是依標示使用，不誇大、不神化。本產品為外用油膏，請依核准標示使用；若症狀持續或惡化，請諮詢醫師或藥師。,#運動後保養 #局部按摩 #肌肉痠痛 #依標示使用,"0-3秒 Hook：跑步後膝周不適的保守提醒，你也遇過嗎？
3-12秒 情境：拍攝運動族、搬重物、久站與勞動工作者的日常動作，字幕點出「跑步後膝周不適的保守提醒」。
12-25秒 知識：外用油膏應放在保守邊界：運動或勞動後的局部肌肉痠痛，可短期按摩舒緩。
25-36秒 安全：明顯腫脹、劇痛、活動受限或疑似受傷時，請先就醫。
36-45秒 CTA：使用前看標示，收藏這支，下次別用錯。",本產品為外用油膏，請依核准標示使用；若症狀持續或惡化，請諮詢醫師或藥師。,明顯腫脹、劇痛、活動受限或疑似受傷時，請先就醫。,根治|治療疾病|消炎治本|打通經絡|一擦就好|保證有效|深層修復|替代藥物
TikTok_LINE324,LINE324,TikTok,2026-11-12,20:00,成分濃度為什麼要看標示,A,中,pending_legal_pharmacist_review,false,成分濃度為什麼要看標示,"0-3秒 Hook：成分濃度為什麼要看標示，你也遇過嗎？
3-12秒 情境：拍攝已購買或正在觀望的一條根使用者的日常動作，字幕點出「成分濃度為什麼要看標示」。
12-25秒 知識：外用油膏應放在保守邊界：依標示外用，提供局部按摩與暫時舒緩體感。
25-36秒 安全：僅供外用；避免眼周、黏膜、破皮或傷口。
36-45秒 CTA：使用前看標示，收藏這支，下次別用錯。",成分濃度為什麼要看標示的重點是依標示使用，不誇大、不神化。本產品為外用油膏，請依核准標示使用；若症狀持續或惡化，請諮詢醫師或藥師。,#金牌一條根 #外用油膏 #成分透明 #依標示使用,"0-3秒 Hook：成分濃度為什麼要看標示，你也遇過嗎？
3-12秒 情境：拍攝已購買或正在觀望的一條根使用者的日常動作，字幕點出「成分濃度為什麼要看標示」。
12-25秒 知識：外用油膏應放在保守邊界：依標示外用，提供局部按摩與暫時舒緩體感。
25-36秒 安全：僅供外用；避免眼周、黏膜、破皮或傷口。
36-45秒 CTA：使用前看標示，收藏這支，下次別用錯。",本產品為外用油膏，請依核准標示使用；若症狀持續或惡化，請諮詢醫師或藥師。,僅供外用；避免眼周、黏膜、破皮或傷口。,根治|治療疾病|消炎治本|打通經絡|一擦就好|保證有效|深層修復|替代藥物
TikTok_LINE325,LINE325,TikTok,2026-11-13,12:00,照顧爸媽時的外用提醒,D,中,pending_legal_pharmacist_review,false,照顧爸媽時的外用提醒,"0-3秒 Hook：照顧爸媽時的外用提醒，你也遇過嗎？
3-12秒 情境：拍攝40-70 歲注重日常活動舒適度的族群的日常動作，字幕點出「照顧爸媽時的外用提醒」。
12-25秒 知識：外用油膏應放在保守邊界：輕微關節痠痛可短期舒緩，但不可宣稱治療疾病。
25-36秒 安全：關節腫痛、紅熱、長期疼痛或行走困難，請就醫評估。
36-45秒 CTA：使用前看標示，收藏這支，下次別用錯。",照顧爸媽時的外用提醒的重點是依標示使用，不誇大、不神化。本產品為外用油膏，請依核准標示使用；若症狀持續或惡化，請諮詢醫師或藥師。,#銀髮保養 #活動舒適 #輕微痠痛 #依標示使用,"0-3秒 Hook：照顧爸媽時的外用提醒，你也遇過嗎？
3-12秒 情境：拍攝40-70 歲注重日常活動舒適度的族群的日常動作，字幕點出「照顧爸媽時的外用提醒」。
12-25秒 知識：外用油膏應放在保守邊界：輕微關節痠痛可短期舒緩，但不可宣稱治療疾病。
25-36秒 安全：關節腫痛、紅熱、長期疼痛或行走困難，請就醫評估。
36-45秒 CTA：使用前看標示，收藏這支，下次別用錯。",本產品為外用油膏，請依核准標示使用；若症狀持續或惡化，請諮詢醫師或藥師。,關節腫痛、紅熱、長期疼痛或行走困難，請就醫評估。,根治|治療疾病|消炎治本|打通經絡|一擦就好|保證有效|深層修復|替代藥物
TikTok_LINE326,LINE326,TikTok,2026-11-13,20:00,孕婦與哺乳族群先詢問專業人員,E,高,pending_legal_pharmacist_review,false,孕婦與哺乳族群先詢問專業人員,"0-3秒 Hook：孕婦與哺乳族群先詢問專業人員，你也遇過嗎？
3-12秒 情境：拍攝所有使用者、照護者與家庭購買者的日常動作，字幕點出「孕婦與哺乳族群先詢問專業人員」。
12-25秒 知識：外用油膏應放在保守邊界：安全使用比用得多更重要，依標示與風險族群提醒。
25-36秒 安全：2 歲以下、孕哺、過敏體質、抗凝血藥使用者請先詢問專業人員。
36-45秒 CTA：使用前看標示，收藏這支，下次別用錯。",孕婦與哺乳族群先詢問專業人員的重點是依標示使用，不誇大、不神化。僅供外用。避免接觸眼睛、黏膜、破皮或傷口；特殊族群使用前請先諮詢專業人員。,#外用安全 #用藥安全 #使用前看標示 #諮詢醫師藥師,"0-3秒 Hook：孕婦與哺乳族群先詢問專業人員，你也遇過嗎？
3-12秒 情境：拍攝所有使用者、照護者與家庭購買者的日常動作，字幕點出「孕婦與哺乳族群先詢問專業人員」。
12-25秒 知識：外用油膏應放在保守邊界：安全使用比用得多更重要，依標示與風險族群提醒。
25-36秒 安全：2 歲以下、孕哺、過敏體質、抗凝血藥使用者請先詢問專業人員。
36-45秒 CTA：使用前看標示，收藏這支，下次別用錯。",僅供外用。避免接觸眼睛、黏膜、破皮或傷口；特殊族群使用前請先諮詢專業人員。,2 歲以下、孕哺、過敏體質、抗凝血藥使用者請先詢問專業人員。,根治|治療疾病|消炎治本|打通經絡|一擦就好|保證有效|深層修復|替代藥物
TikTok_LINE327,LINE327,TikTok,2026-11-14,12:00,白露時節關心長輩活動,F,低,pending_legal_pharmacist_review,false,白露時節關心長輩活動,"0-3秒 Hook：白露時節關心長輩活動，你也遇過嗎？
3-12秒 情境：拍攝喜歡養生、節氣與日常保健的 LINE 讀者的日常動作，字幕點出「白露時節關心長輩活動」。
12-25秒 知識：外用油膏應放在保守邊界：以生活保健與身體覺察為主，不做醫療療效宣稱。
25-36秒 安全：節氣養生屬一般生活資訊，身體不適仍應諮詢專業人員。
36-45秒 CTA：使用前看標示，收藏這支，下次別用錯。",白露時節關心長輩活動的重點是依標示使用，不誇大、不神化。本內容為一般生活保健資訊，非醫療診斷或治療建議。,#節氣保養 #生活保健 #日常保養 #身體覺察,"0-3秒 Hook：白露時節關心長輩活動，你也遇過嗎？
3-12秒 情境：拍攝喜歡養生、節氣與日常保健的 LINE 讀者的日常動作，字幕點出「白露時節關心長輩活動」。
12-25秒 知識：外用油膏應放在保守邊界：以生活保健與身體覺察為主，不做醫療療效宣稱。
25-36秒 安全：節氣養生屬一般生活資訊，身體不適仍應諮詢專業人員。
36-45秒 CTA：使用前看標示，收藏這支，下次別用錯。",本內容為一般生活保健資訊，非醫療診斷或治療建議。,節氣養生屬一般生活資訊，身體不適仍應諮詢專業人員。,根治|治療疾病|消炎治本|打通經絡|一擦就好|保證有效|深層修復|替代藥物
TikTok_LINE328,LINE328,TikTok,2026-11-14,20:00,勞動後先休息再按摩,C,中,pending_legal_pharmacist_review,false,勞動後先休息再按摩,"0-3秒 Hook：勞動後先休息再按摩，你也遇過嗎？
3-12秒 情境：拍攝運動族、搬重物、久站與勞動工作者的日常動作，字幕點出「勞動後先休息再按摩」。
12-25秒 知識：外用油膏應放在保守邊界：運動或勞動後的局部肌肉痠痛，可短期按摩舒緩。
25-36秒 安全：明顯腫脹、劇痛、活動受限或疑似受傷時，請先就醫。
36-45秒 CTA：使用前看標示，收藏這支，下次別用錯。",勞動後先休息再按摩的重點是依標示使用，不誇大、不神化。本產品為外用油膏，請依核准標示使用；若症狀持續或惡化，請諮詢醫師或藥師。,#運動後保養 #局部按摩 #肌肉痠痛 #依標示使用,"0-3秒 Hook：勞動後先休息再按摩，你也遇過嗎？
3-12秒 情境：拍攝運動族、搬重物、久站與勞動工作者的日常動作，字幕點出「勞動後先休息再按摩」。
12-25秒 知識：外用油膏應放在保守邊界：運動或勞動後的局部肌肉痠痛，可短期按摩舒緩。
25-36秒 安全：明顯腫脹、劇痛、活動受限或疑似受傷時，請先就醫。
36-45秒 CTA：使用前看標示，收藏這支，下次別用錯。",本產品為外用油膏，請依核准標示使用；若症狀持續或惡化，請諮詢醫師或藥師。,明顯腫脹、劇痛、活動受限或疑似受傷時，請先就醫。,根治|治療疾病|消炎治本|打通經絡|一擦就好|保證有效|深層修復|替代藥物
TikTok_LINE329,LINE329,TikTok,2026-11-15,12:00,長輩使用外用膏你會提醒什麼,G,低,pending_legal_pharmacist_review,false,長輩使用外用膏你會提醒什麼,"0-3秒 Hook：長輩使用外用膏你會提醒什麼，你也遇過嗎？
3-12秒 情境：拍攝LINE OA 好友、回購客與新客的日常動作，字幕點出「長輩使用外用膏你會提醒什麼」。
12-25秒 知識：外用油膏應放在保守邊界：用問答降低誤用，讓使用者知道何時該詢問專業人員。
25-36秒 安全：互動回答不取代醫師或藥師建議。
36-45秒 CTA：使用前看標示，收藏這支，下次別用錯。",長輩使用外用膏你會提醒什麼的重點是依標示使用，不誇大、不神化。本內容為一般生活保健資訊，非醫療診斷或治療建議。,#互動問答 #保養知識 #使用小提醒 #金牌一條根,"0-3秒 Hook：長輩使用外用膏你會提醒什麼，你也遇過嗎？
3-12秒 情境：拍攝LINE OA 好友、回購客與新客的日常動作，字幕點出「長輩使用外用膏你會提醒什麼」。
12-25秒 知識：外用油膏應放在保守邊界：用問答降低誤用，讓使用者知道何時該詢問專業人員。
25-36秒 安全：互動回答不取代醫師或藥師建議。
36-45秒 CTA：使用前看標示，收藏這支，下次別用錯。",本內容為一般生活保健資訊，非醫療診斷或治療建議。,互動回答不取代醫師或藥師建議。,根治|治療疾病|消炎治本|打通經絡|一擦就好|保證有效|深層修復|替代藥物
TikTok_LINE330,LINE330,TikTok,2026-11-15,20:00,日常活動舒適度的三個習慣,D,中,pending_legal_pharmacist_review,false,日常活動舒適度的三個習慣,"0-3秒 Hook：日常活動舒適度的三個習慣，你也遇過嗎？
3-12秒 情境：拍攝40-70 歲注重日常活動舒適度的族群的日常動作，字幕點出「日常活動舒適度的三個習慣」。
12-25秒 知識：外用油膏應放在保守邊界：輕微關節痠痛可短期舒緩，但不可宣稱治療疾病。
25-36秒 安全：關節腫痛、紅熱、長期疼痛或行走困難，請就醫評估。
36-45秒 CTA：使用前看標示，收藏這支，下次別用錯。",日常活動舒適度的三個習慣的重點是依標示使用，不誇大、不神化。本產品為外用油膏，請依核准標示使用；若症狀持續或惡化，請諮詢醫師或藥師。,#銀髮保養 #活動舒適 #輕微痠痛 #依標示使用,"0-3秒 Hook：日常活動舒適度的三個習慣，你也遇過嗎？
3-12秒 情境：拍攝40-70 歲注重日常活動舒適度的族群的日常動作，字幕點出「日常活動舒適度的三個習慣」。
12-25秒 知識：外用油膏應放在保守邊界：輕微關節痠痛可短期舒緩，但不可宣稱治療疾病。
25-36秒 安全：關節腫痛、紅熱、長期疼痛或行走困難，請就醫評估。
36-45秒 CTA：使用前看標示，收藏這支，下次別用錯。",本產品為外用油膏，請依核准標示使用；若症狀持續或惡化，請諮詢醫師或藥師。,關節腫痛、紅熱、長期疼痛或行走困難，請就醫評估。,根治|治療疾病|消炎治本|打通經絡|一擦就好|保證有效|深層修復|替代藥物
TikTok_LINE331,LINE331,TikTok,2026-11-16,12:00,下班前五分鐘伸展,B,低,pending_legal_pharmacist_review,false,下班前五分鐘伸展,"0-3秒 Hook：下班前五分鐘伸展，你也遇過嗎？
3-12秒 情境：拍攝長時間低頭、久坐、用電腦的上班族的日常動作，字幕點出「下班前五分鐘伸展」。
12-25秒 知識：外用油膏應放在保守邊界：久坐低頭後，可搭配伸展與局部按摩舒緩緊繃不適。
25-36秒 安全：若痠痛持續、麻木或影響活動，請諮詢醫師或藥師。
36-45秒 CTA：使用前看標示，收藏這支，下次別用錯。",下班前五分鐘伸展的重點是依標示使用，不誇大、不神化。本內容為一般生活保健資訊，非醫療診斷或治療建議。,#肩頸保養 #久坐族 #日常舒緩 #依標示使用,"0-3秒 Hook：下班前五分鐘伸展，你也遇過嗎？
3-12秒 情境：拍攝長時間低頭、久坐、用電腦的上班族的日常動作，字幕點出「下班前五分鐘伸展」。
12-25秒 知識：外用油膏應放在保守邊界：久坐低頭後，可搭配伸展與局部按摩舒緩緊繃不適。
25-36秒 安全：若痠痛持續、麻木或影響活動，請諮詢醫師或藥師。
36-45秒 CTA：使用前看標示，收藏這支，下次別用錯。",本內容為一般生活保健資訊，非醫療診斷或治療建議。,若痠痛持續、麻木或影響活動，請諮詢醫師或藥師。,根治|治療疾病|消炎治本|打通經絡|一擦就好|保證有效|深層修復|替代藥物
TikTok_LINE332,LINE332,TikTok,2026-11-16,20:00,局部按摩和大面積厚敷的差別,A,中,pending_legal_pharmacist_review,false,局部按摩和大面積厚敷的差別,"0-3秒 Hook：局部按摩和大面積厚敷的差別，你也遇過嗎？
3-12秒 情境：拍攝已購買或正在觀望的一條根使用者的日常動作，字幕點出「局部按摩和大面積厚敷的差別」。
12-25秒 知識：外用油膏應放在保守邊界：依標示外用，提供局部按摩與暫時舒緩體感。
25-36秒 安全：僅供外用；避免眼周、黏膜、破皮或傷口。
36-45秒 CTA：使用前看標示，收藏這支，下次別用錯。",局部按摩和大面積厚敷的差別的重點是依標示使用，不誇大、不神化。本產品為外用油膏，請依核准標示使用；若症狀持續或惡化，請諮詢醫師或藥師。,#金牌一條根 #外用油膏 #成分透明 #依標示使用,"0-3秒 Hook：局部按摩和大面積厚敷的差別，你也遇過嗎？
3-12秒 情境：拍攝已購買或正在觀望的一條根使用者的日常動作，字幕點出「局部按摩和大面積厚敷的差別」。
12-25秒 知識：外用油膏應放在保守邊界：依標示外用，提供局部按摩與暫時舒緩體感。
25-36秒 安全：僅供外用；避免眼周、黏膜、破皮或傷口。
36-45秒 CTA：使用前看標示，收藏這支，下次別用錯。",本產品為外用油膏，請依核准標示使用；若症狀持續或惡化，請諮詢醫師或藥師。,僅供外用；避免眼周、黏膜、破皮或傷口。,根治|治療疾病|消炎治本|打通經絡|一擦就好|保證有效|深層修復|替代藥物
TikTok_LINE333,LINE333,TikTok,2026-11-17,12:00,秋分後外出前暖身,F,低,pending_legal_pharmacist_review,false,秋分後外出前暖身,"0-3秒 Hook：秋分後外出前暖身，你也遇過嗎？
3-12秒 情境：拍攝喜歡養生、節氣與日常保健的 LINE 讀者的日常動作，字幕點出「秋分後外出前暖身」。
12-25秒 知識：外用油膏應放在保守邊界：以生活保健與身體覺察為主，不做醫療療效宣稱。
25-36秒 安全：節氣養生屬一般生活資訊，身體不適仍應諮詢專業人員。
36-45秒 CTA：使用前看標示，收藏這支，下次別用錯。",秋分後外出前暖身的重點是依標示使用，不誇大、不神化。本內容為一般生活保健資訊，非醫療診斷或治療建議。,#節氣保養 #生活保健 #日常保養 #身體覺察,"0-3秒 Hook：秋分後外出前暖身，你也遇過嗎？
3-12秒 情境：拍攝喜歡養生、節氣與日常保健的 LINE 讀者的日常動作，字幕點出「秋分後外出前暖身」。
12-25秒 知識：外用油膏應放在保守邊界：以生活保健與身體覺察為主，不做醫療療效宣稱。
25-36秒 安全：節氣養生屬一般生活資訊，身體不適仍應諮詢專業人員。
36-45秒 CTA：使用前看標示，收藏這支，下次別用錯。",本內容為一般生活保健資訊，非醫療診斷或治療建議。,節氣養生屬一般生活資訊，身體不適仍應諮詢專業人員。,根治|治療疾病|消炎治本|打通經絡|一擦就好|保證有效|深層修復|替代藥物
TikTok_LINE334,LINE334,TikTok,2026-11-17,20:00,症狀超過七天要停用並諮詢,E,高,pending_legal_pharmacist_review,false,症狀超過七天要停用並諮詢,"0-3秒 Hook：症狀超過七天要停用並諮詢，你也遇過嗎？
3-12秒 情境：拍攝所有使用者、照護者與家庭購買者的日常動作，字幕點出「症狀超過七天要停用並諮詢」。
12-25秒 知識：外用油膏應放在保守邊界：安全使用比用得多更重要，依標示與風險族群提醒。
25-36秒 安全：2 歲以下、孕哺、過敏體質、抗凝血藥使用者請先詢問專業人員。
36-45秒 CTA：使用前看標示，收藏這支，下次別用錯。",症狀超過七天要停用並諮詢的重點是依標示使用，不誇大、不神化。僅供外用。避免接觸眼睛、黏膜、破皮或傷口；特殊族群使用前請先諮詢專業人員。,#外用安全 #用藥安全 #使用前看標示 #諮詢醫師藥師,"0-3秒 Hook：症狀超過七天要停用並諮詢，你也遇過嗎？
3-12秒 情境：拍攝所有使用者、照護者與家庭購買者的日常動作，字幕點出「症狀超過七天要停用並諮詢」。
12-25秒 知識：外用油膏應放在保守邊界：安全使用比用得多更重要，依標示與風險族群提醒。
25-36秒 安全：2 歲以下、孕哺、過敏體質、抗凝血藥使用者請先詢問專業人員。
36-45秒 CTA：使用前看標示，收藏這支，下次別用錯。",僅供外用。避免接觸眼睛、黏膜、破皮或傷口；特殊族群使用前請先諮詢專業人員。,2 歲以下、孕哺、過敏體質、抗凝血藥使用者請先詢問專業人員。,根治|治療疾病|消炎治本|打通經絡|一擦就好|保證有效|深層修復|替代藥物
TikTok_LINE335,LINE335,TikTok,2026-11-18,12:00,成分透明是基本功,H,中,pending_legal_pharmacist_review,false,成分透明是基本功,"0-3秒 Hook：成分透明是基本功，你也遇過嗎？
3-12秒 情境：拍攝重視藥證、成分、品質與合法性的消費者的日常動作，字幕點出「成分透明是基本功」。
12-25秒 知識：外用油膏應放在保守邊界：強調藥證、標示、保守宣稱與人工審核流程。
25-36秒 安全：所有廣告文案仍須依主管機關與專業人員審核。
36-45秒 CTA：使用前看標示，收藏這支，下次別用錯。",成分透明是基本功的重點是依標示使用，不誇大、不神化。本產品為外用油膏，請依核准標示使用；若症狀持續或惡化，請諮詢醫師或藥師。,#藥證可查 #品牌透明 #合法宣傳 #成分透明,"0-3秒 Hook：成分透明是基本功，你也遇過嗎？
3-12秒 情境：拍攝重視藥證、成分、品質與合法性的消費者的日常動作，字幕點出「成分透明是基本功」。
12-25秒 知識：外用油膏應放在保守邊界：強調藥證、標示、保守宣稱與人工審核流程。
25-36秒 安全：所有廣告文案仍須依主管機關與專業人員審核。
36-45秒 CTA：使用前看標示，收藏這支，下次別用錯。",本產品為外用油膏，請依核准標示使用；若症狀持續或惡化，請諮詢醫師或藥師。,所有廣告文案仍須依主管機關與專業人員審核。,根治|治療疾病|消炎治本|打通經絡|一擦就好|保證有效|深層修復|替代藥物
TikTok_LINE336,LINE336,TikTok,2026-11-18,20:00,一條根可以天天厚敷嗎,G,低,pending_legal_pharmacist_review,false,一條根可以天天厚敷嗎,"0-3秒 Hook：一條根可以天天厚敷嗎，你也遇過嗎？
3-12秒 情境：拍攝LINE OA 好友、回購客與新客的日常動作，字幕點出「一條根可以天天厚敷嗎」。
12-25秒 知識：外用油膏應放在保守邊界：用問答降低誤用，讓使用者知道何時該詢問專業人員。
25-36秒 安全：互動回答不取代醫師或藥師建議。
36-45秒 CTA：使用前看標示，收藏這支，下次別用錯。",一條根可以天天厚敷嗎的重點是依標示使用，不誇大、不神化。本內容為一般生活保健資訊，非醫療診斷或治療建議。,#互動問答 #保養知識 #使用小提醒 #金牌一條根,"0-3秒 Hook：一條根可以天天厚敷嗎，你也遇過嗎？
3-12秒 情境：拍攝LINE OA 好友、回購客與新客的日常動作，字幕點出「一條根可以天天厚敷嗎」。
12-25秒 知識：外用油膏應放在保守邊界：用問答降低誤用，讓使用者知道何時該詢問專業人員。
25-36秒 安全：互動回答不取代醫師或藥師建議。
36-45秒 CTA：使用前看標示，收藏這支，下次別用錯。",本內容為一般生活保健資訊，非醫療診斷或治療建議。,互動回答不取代醫師或藥師建議。,根治|治療疾病|消炎治本|打通經絡|一擦就好|保證有效|深層修復|替代藥物
TikTok_LINE337,LINE337,TikTok,2026-11-19,12:00,運動後不要立刻熱敷加藥膏,C,中,pending_legal_pharmacist_review,false,運動後不要立刻熱敷加藥膏,"0-3秒 Hook：運動後不要立刻熱敷加藥膏，你也遇過嗎？
3-12秒 情境：拍攝運動族、搬重物、久站與勞動工作者的日常動作，字幕點出「運動後不要立刻熱敷加藥膏」。
12-25秒 知識：外用油膏應放在保守邊界：運動或勞動後的局部肌肉痠痛，可短期按摩舒緩。
25-36秒 安全：明顯腫脹、劇痛、活動受限或疑似受傷時，請先就醫。
36-45秒 CTA：使用前看標示，收藏這支，下次別用錯。",運動後不要立刻熱敷加藥膏的重點是依標示使用，不誇大、不神化。本產品為外用油膏，請依核准標示使用；若症狀持續或惡化，請諮詢醫師或藥師。,#運動後保養 #局部按摩 #肌肉痠痛 #依標示使用,"0-3秒 Hook：運動後不要立刻熱敷加藥膏，你也遇過嗎？
3-12秒 情境：拍攝運動族、搬重物、久站與勞動工作者的日常動作，字幕點出「運動後不要立刻熱敷加藥膏」。
12-25秒 知識：外用油膏應放在保守邊界：運動或勞動後的局部肌肉痠痛，可短期按摩舒緩。
25-36秒 安全：明顯腫脹、劇痛、活動受限或疑似受傷時，請先就醫。
36-45秒 CTA：使用前看標示，收藏這支，下次別用錯。",本產品為外用油膏，請依核准標示使用；若症狀持續或惡化，請諮詢醫師或藥師。,明顯腫脹、劇痛、活動受限或疑似受傷時，請先就醫。,根治|治療疾病|消炎治本|打通經絡|一擦就好|保證有效|深層修復|替代藥物
TikTok_LINE338,LINE338,TikTok,2026-11-19,20:00,使用前先小範圍測試,A,中,pending_legal_pharmacist_review,false,使用前先小範圍測試,"0-3秒 Hook：使用前先小範圍測試，你也遇過嗎？
3-12秒 情境：拍攝已購買或正在觀望的一條根使用者的日常動作，字幕點出「使用前先小範圍測試」。
12-25秒 知識：外用油膏應放在保守邊界：依標示外用，提供局部按摩與暫時舒緩體感。
25-36秒 安全：僅供外用；避免眼周、黏膜、破皮或傷口。
36-45秒 CTA：使用前看標示，收藏這支，下次別用錯。",使用前先小範圍測試的重點是依標示使用，不誇大、不神化。本產品為外用油膏，請依核准標示使用；若症狀持續或惡化，請諮詢醫師或藥師。,#金牌一條根 #外用油膏 #成分透明 #依標示使用,"0-3秒 Hook：使用前先小範圍測試，你也遇過嗎？
3-12秒 情境：拍攝已購買或正在觀望的一條根使用者的日常動作，字幕點出「使用前先小範圍測試」。
12-25秒 知識：外用油膏應放在保守邊界：依標示外用，提供局部按摩與暫時舒緩體感。
25-36秒 安全：僅供外用；避免眼周、黏膜、破皮或傷口。
36-45秒 CTA：使用前看標示，收藏這支，下次別用錯。",本產品為外用油膏，請依核准標示使用；若症狀持續或惡化，請諮詢醫師或藥師。,僅供外用；避免眼周、黏膜、破皮或傷口。,根治|治療疾病|消炎治本|打通經絡|一擦就好|保證有效|深層修復|替代藥物
TikTok_LINE339,LINE339,TikTok,2026-11-20,12:00,長輩使用前先看標示,D,中,pending_legal_pharmacist_review,false,長輩使用前先看標示,"0-3秒 Hook：長輩使用前先看標示，你也遇過嗎？
3-12秒 情境：拍攝40-70 歲注重日常活動舒適度的族群的日常動作，字幕點出「長輩使用前先看標示」。
12-25秒 知識：外用油膏應放在保守邊界：輕微關節痠痛可短期舒緩，但不可宣稱治療疾病。
25-36秒 安全：關節腫痛、紅熱、長期疼痛或行走困難，請就醫評估。
36-45秒 CTA：使用前看標示，收藏這支，下次別用錯。",長輩使用前先看標示的重點是依標示使用，不誇大、不神化。本產品為外用油膏，請依核准標示使用；若症狀持續或惡化，請諮詢醫師或藥師。,#銀髮保養 #活動舒適 #輕微痠痛 #依標示使用,"0-3秒 Hook：長輩使用前先看標示，你也遇過嗎？
3-12秒 情境：拍攝40-70 歲注重日常活動舒適度的族群的日常動作，字幕點出「長輩使用前先看標示」。
12-25秒 知識：外用油膏應放在保守邊界：輕微關節痠痛可短期舒緩，但不可宣稱治療疾病。
25-36秒 安全：關節腫痛、紅熱、長期疼痛或行走困難，請就醫評估。
36-45秒 CTA：使用前看標示，收藏這支，下次別用錯。",本產品為外用油膏，請依核准標示使用；若症狀持續或惡化，請諮詢醫師或藥師。,關節腫痛、紅熱、長期疼痛或行走困難，請就醫評估。,根治|治療疾病|消炎治本|打通經絡|一擦就好|保證有效|深層修復|替代藥物
TikTok_LINE340,LINE340,TikTok,2026-11-20,20:00,皮膚刺激時要停止使用,E,高,pending_legal_pharmacist_review,false,皮膚刺激時要停止使用,"0-3秒 Hook：皮膚刺激時要停止使用，你也遇過嗎？
3-12秒 情境：拍攝所有使用者、照護者與家庭購買者的日常動作，字幕點出「皮膚刺激時要停止使用」。
12-25秒 知識：外用油膏應放在保守邊界：安全使用比用得多更重要，依標示與風險族群提醒。
25-36秒 安全：2 歲以下、孕哺、過敏體質、抗凝血藥使用者請先詢問專業人員。
36-45秒 CTA：使用前看標示，收藏這支，下次別用錯。",皮膚刺激時要停止使用的重點是依標示使用，不誇大、不神化。僅供外用。避免接觸眼睛、黏膜、破皮或傷口；特殊族群使用前請先諮詢專業人員。,#外用安全 #用藥安全 #使用前看標示 #諮詢醫師藥師,"0-3秒 Hook：皮膚刺激時要停止使用，你也遇過嗎？
3-12秒 情境：拍攝所有使用者、照護者與家庭購買者的日常動作，字幕點出「皮膚刺激時要停止使用」。
12-25秒 知識：外用油膏應放在保守邊界：安全使用比用得多更重要，依標示與風險族群提醒。
25-36秒 安全：2 歲以下、孕哺、過敏體質、抗凝血藥使用者請先詢問專業人員。
36-45秒 CTA：使用前看標示，收藏這支，下次別用錯。",僅供外用。避免接觸眼睛、黏膜、破皮或傷口；特殊族群使用前請先諮詢專業人員。,2 歲以下、孕哺、過敏體質、抗凝血藥使用者請先詢問專業人員。,根治|治療疾病|消炎治本|打通經絡|一擦就好|保證有效|深層修復|替代藥物
TikTok_LINE341,LINE341,TikTok,2026-11-21,12:00,寒露後肩背保養,F,低,pending_legal_pharmacist_review,false,寒露後肩背保養,"0-3秒 Hook：寒露後肩背保養，你也遇過嗎？
3-12秒 情境：拍攝喜歡養生、節氣與日常保健的 LINE 讀者的日常動作，字幕點出「寒露後肩背保養」。
12-25秒 知識：外用油膏應放在保守邊界：以生活保健與身體覺察為主，不做醫療療效宣稱。
25-36秒 安全：節氣養生屬一般生活資訊，身體不適仍應諮詢專業人員。
36-45秒 CTA：使用前看標示，收藏這支，下次別用錯。",寒露後肩背保養的重點是依標示使用，不誇大、不神化。本內容為一般生活保健資訊，非醫療診斷或治療建議。,#節氣保養 #生活保健 #日常保養 #身體覺察,"0-3秒 Hook：寒露後肩背保養，你也遇過嗎？
3-12秒 情境：拍攝喜歡養生、節氣與日常保健的 LINE 讀者的日常動作，字幕點出「寒露後肩背保養」。
12-25秒 知識：外用油膏應放在保守邊界：以生活保健與身體覺察為主，不做醫療療效宣稱。
25-36秒 安全：節氣養生屬一般生活資訊，身體不適仍應諮詢專業人員。
36-45秒 CTA：使用前看標示，收藏這支，下次別用錯。",本內容為一般生活保健資訊，非醫療診斷或治療建議。,節氣養生屬一般生活資訊，身體不適仍應諮詢專業人員。,根治|治療疾病|消炎治本|打通經絡|一擦就好|保證有效|深層修復|替代藥物
TikTok_LINE342,LINE342,TikTok,2026-11-21,20:00,輕微拉扯後的觀察重點,C,中,pending_legal_pharmacist_review,false,輕微拉扯後的觀察重點,"0-3秒 Hook：輕微拉扯後的觀察重點，你也遇過嗎？
3-12秒 情境：拍攝運動族、搬重物、久站與勞動工作者的日常動作，字幕點出「輕微拉扯後的觀察重點」。
12-25秒 知識：外用油膏應放在保守邊界：運動或勞動後的局部肌肉痠痛，可短期按摩舒緩。
25-36秒 安全：明顯腫脹、劇痛、活動受限或疑似受傷時，請先就醫。
36-45秒 CTA：使用前看標示，收藏這支，下次別用錯。",輕微拉扯後的觀察重點的重點是依標示使用，不誇大、不神化。本產品為外用油膏，請依核准標示使用；若症狀持續或惡化，請諮詢醫師或藥師。,#運動後保養 #局部按摩 #肌肉痠痛 #依標示使用,"0-3秒 Hook：輕微拉扯後的觀察重點，你也遇過嗎？
3-12秒 情境：拍攝運動族、搬重物、久站與勞動工作者的日常動作，字幕點出「輕微拉扯後的觀察重點」。
12-25秒 知識：外用油膏應放在保守邊界：運動或勞動後的局部肌肉痠痛，可短期按摩舒緩。
25-36秒 安全：明顯腫脹、劇痛、活動受限或疑似受傷時，請先就醫。
36-45秒 CTA：使用前看標示，收藏這支，下次別用錯。",本產品為外用油膏，請依核准標示使用；若症狀持續或惡化，請諮詢醫師或藥師。,明顯腫脹、劇痛、活動受限或疑似受傷時，請先就醫。,根治|治療疾病|消炎治本|打通經絡|一擦就好|保證有效|深層修復|替代藥物
TikTok_LINE343,LINE343,TikTok,2026-11-22,12:00,擦完可以馬上熱敷嗎,G,低,pending_legal_pharmacist_review,false,擦完可以馬上熱敷嗎,"0-3秒 Hook：擦完可以馬上熱敷嗎，你也遇過嗎？
3-12秒 情境：拍攝LINE OA 好友、回購客與新客的日常動作，字幕點出「擦完可以馬上熱敷嗎」。
12-25秒 知識：外用油膏應放在保守邊界：用問答降低誤用，讓使用者知道何時該詢問專業人員。
25-36秒 安全：互動回答不取代醫師或藥師建議。
36-45秒 CTA：使用前看標示，收藏這支，下次別用錯。",擦完可以馬上熱敷嗎的重點是依標示使用，不誇大、不神化。本內容為一般生活保健資訊，非醫療診斷或治療建議。,#互動問答 #保養知識 #使用小提醒 #金牌一條根,"0-3秒 Hook：擦完可以馬上熱敷嗎，你也遇過嗎？
3-12秒 情境：拍攝LINE OA 好友、回購客與新客的日常動作，字幕點出「擦完可以馬上熱敷嗎」。
12-25秒 知識：外用油膏應放在保守邊界：用問答降低誤用，讓使用者知道何時該詢問專業人員。
25-36秒 安全：互動回答不取代醫師或藥師建議。
36-45秒 CTA：使用前看標示，收藏這支，下次別用錯。",本內容為一般生活保健資訊，非醫療診斷或治療建議。,互動回答不取代醫師或藥師建議。,根治|治療疾病|消炎治本|打通經絡|一擦就好|保證有效|深層修復|替代藥物
TikTok_LINE344,LINE344,TikTok,2026-11-22,20:00,別把長期疼痛只當小問題,D,中,pending_legal_pharmacist_review,false,別把長期疼痛只當小問題,"0-3秒 Hook：別把長期疼痛只當小問題，你也遇過嗎？
3-12秒 情境：拍攝40-70 歲注重日常活動舒適度的族群的日常動作，字幕點出「別把長期疼痛只當小問題」。
12-25秒 知識：外用油膏應放在保守邊界：輕微關節痠痛可短期舒緩，但不可宣稱治療疾病。
25-36秒 安全：關節腫痛、紅熱、長期疼痛或行走困難，請就醫評估。
36-45秒 CTA：使用前看標示，收藏這支，下次別用錯。",別把長期疼痛只當小問題的重點是依標示使用，不誇大、不神化。本產品為外用油膏，請依核准標示使用；若症狀持續或惡化，請諮詢醫師或藥師。,#銀髮保養 #活動舒適 #輕微痠痛 #依標示使用,"0-3秒 Hook：別把長期疼痛只當小問題，你也遇過嗎？
3-12秒 情境：拍攝40-70 歲注重日常活動舒適度的族群的日常動作，字幕點出「別把長期疼痛只當小問題」。
12-25秒 知識：外用油膏應放在保守邊界：輕微關節痠痛可短期舒緩，但不可宣稱治療疾病。
25-36秒 安全：關節腫痛、紅熱、長期疼痛或行走困難，請就醫評估。
36-45秒 CTA：使用前看標示，收藏這支，下次別用錯。",本產品為外用油膏，請依核准標示使用；若症狀持續或惡化，請諮詢醫師或藥師。,關節腫痛、紅熱、長期疼痛或行走困難，請就醫評估。,根治|治療疾病|消炎治本|打通經絡|一擦就好|保證有效|深層修復|替代藥物
TikTok_LINE345,LINE345,TikTok,2026-11-23,12:00,滑手機後頸部保養,B,低,pending_legal_pharmacist_review,false,滑手機後頸部保養,"0-3秒 Hook：滑手機後頸部保養，你也遇過嗎？
3-12秒 情境：拍攝長時間低頭、久坐、用電腦的上班族的日常動作，字幕點出「滑手機後頸部保養」。
12-25秒 知識：外用油膏應放在保守邊界：久坐低頭後，可搭配伸展與局部按摩舒緩緊繃不適。
25-36秒 安全：若痠痛持續、麻木或影響活動，請諮詢醫師或藥師。
36-45秒 CTA：使用前看標示，收藏這支，下次別用錯。",滑手機後頸部保養的重點是依標示使用，不誇大、不神化。本內容為一般生活保健資訊，非醫療診斷或治療建議。,#肩頸保養 #久坐族 #日常舒緩 #依標示使用,"0-3秒 Hook：滑手機後頸部保養，你也遇過嗎？
3-12秒 情境：拍攝長時間低頭、久坐、用電腦的上班族的日常動作，字幕點出「滑手機後頸部保養」。
12-25秒 知識：外用油膏應放在保守邊界：久坐低頭後，可搭配伸展與局部按摩舒緩緊繃不適。
25-36秒 安全：若痠痛持續、麻木或影響活動，請諮詢醫師或藥師。
36-45秒 CTA：使用前看標示，收藏這支，下次別用錯。",本內容為一般生活保健資訊，非醫療診斷或治療建議。,若痠痛持續、麻木或影響活動，請諮詢醫師或藥師。,根治|治療疾病|消炎治本|打通經絡|一擦就好|保證有效|深層修復|替代藥物
TikTok_LINE346,LINE346,TikTok,2026-11-23,20:00,產品不是神藥，定位要講清楚,A,中,pending_legal_pharmacist_review,false,產品不是神藥，定位要講清楚,"0-3秒 Hook：產品不是神藥，定位要講清楚，你也遇過嗎？
3-12秒 情境：拍攝已購買或正在觀望的一條根使用者的日常動作，字幕點出「產品不是神藥，定位要講清楚」。
12-25秒 知識：外用油膏應放在保守邊界：依標示外用，提供局部按摩與暫時舒緩體感。
25-36秒 安全：僅供外用；避免眼周、黏膜、破皮或傷口。
36-45秒 CTA：使用前看標示，收藏這支，下次別用錯。",產品不是神藥，定位要講清楚的重點是依標示使用，不誇大、不神化。本產品為外用油膏，請依核准標示使用；若症狀持續或惡化，請諮詢醫師或藥師。,#金牌一條根 #外用油膏 #成分透明 #依標示使用,"0-3秒 Hook：產品不是神藥，定位要講清楚，你也遇過嗎？
3-12秒 情境：拍攝已購買或正在觀望的一條根使用者的日常動作，字幕點出「產品不是神藥，定位要講清楚」。
12-25秒 知識：外用油膏應放在保守邊界：依標示外用，提供局部按摩與暫時舒緩體感。
25-36秒 安全：僅供外用；避免眼周、黏膜、破皮或傷口。
36-45秒 CTA：使用前看標示，收藏這支，下次別用錯。",本產品為外用油膏，請依核准標示使用；若症狀持續或惡化，請諮詢醫師或藥師。,僅供外用；避免眼周、黏膜、破皮或傷口。,根治|治療疾病|消炎治本|打通經絡|一擦就好|保證有效|深層修復|替代藥物
TikTok_LINE347,LINE347,TikTok,2026-11-24,12:00,立冬前後的日常舒緩儀式,F,低,pending_legal_pharmacist_review,false,立冬前後的日常舒緩儀式,"0-3秒 Hook：立冬前後的日常舒緩儀式，你也遇過嗎？
3-12秒 情境：拍攝喜歡養生、節氣與日常保健的 LINE 讀者的日常動作，字幕點出「立冬前後的日常舒緩儀式」。
12-25秒 知識：外用油膏應放在保守邊界：以生活保健與身體覺察為主，不做醫療療效宣稱。
25-36秒 安全：節氣養生屬一般生活資訊，身體不適仍應諮詢專業人員。
36-45秒 CTA：使用前看標示，收藏這支，下次別用錯。",立冬前後的日常舒緩儀式的重點是依標示使用，不誇大、不神化。本內容為一般生活保健資訊，非醫療診斷或治療建議。,#節氣保養 #生活保健 #日常保養 #身體覺察,"0-3秒 Hook：立冬前後的日常舒緩儀式，你也遇過嗎？
3-12秒 情境：拍攝喜歡養生、節氣與日常保健的 LINE 讀者的日常動作，字幕點出「立冬前後的日常舒緩儀式」。
12-25秒 知識：外用油膏應放在保守邊界：以生活保健與身體覺察為主，不做醫療療效宣稱。
25-36秒 安全：節氣養生屬一般生活資訊，身體不適仍應諮詢專業人員。
36-45秒 CTA：使用前看標示，收藏這支，下次別用錯。",本內容為一般生活保健資訊，非醫療診斷或治療建議。,節氣養生屬一般生活資訊，身體不適仍應諮詢專業人員。,根治|治療疾病|消炎治本|打通經絡|一擦就好|保證有效|深層修復|替代藥物
TikTok_LINE348,LINE348,TikTok,2026-11-24,20:00,深層症狀不適合自行處理,E,高,pending_legal_pharmacist_review,false,深層症狀不適合自行處理,"0-3秒 Hook：深層症狀不適合自行處理，你也遇過嗎？
3-12秒 情境：拍攝所有使用者、照護者與家庭購買者的日常動作，字幕點出「深層症狀不適合自行處理」。
12-25秒 知識：外用油膏應放在保守邊界：安全使用比用得多更重要，依標示與風險族群提醒。
25-36秒 安全：2 歲以下、孕哺、過敏體質、抗凝血藥使用者請先詢問專業人員。
36-45秒 CTA：使用前看標示，收藏這支，下次別用錯。",深層症狀不適合自行處理的重點是依標示使用，不誇大、不神化。僅供外用。避免接觸眼睛、黏膜、破皮或傷口；特殊族群使用前請先諮詢專業人員。,#外用安全 #用藥安全 #使用前看標示 #諮詢醫師藥師,"0-3秒 Hook：深層症狀不適合自行處理，你也遇過嗎？
3-12秒 情境：拍攝所有使用者、照護者與家庭購買者的日常動作，字幕點出「深層症狀不適合自行處理」。
12-25秒 知識：外用油膏應放在保守邊界：安全使用比用得多更重要，依標示與風險族群提醒。
25-36秒 安全：2 歲以下、孕哺、過敏體質、抗凝血藥使用者請先詢問專業人員。
36-45秒 CTA：使用前看標示，收藏這支，下次別用錯。",僅供外用。避免接觸眼睛、黏膜、破皮或傷口；特殊族群使用前請先諮詢專業人員。,2 歲以下、孕哺、過敏體質、抗凝血藥使用者請先詢問專業人員。,根治|治療疾病|消炎治本|打通經絡|一擦就好|保證有效|深層修復|替代藥物
TikTok_LINE349,LINE349,TikTok,2026-11-25,12:00,每篇貼文都要人工審核,H,中,pending_legal_pharmacist_review,false,每篇貼文都要人工審核,"0-3秒 Hook：每篇貼文都要人工審核，你也遇過嗎？
3-12秒 情境：拍攝重視藥證、成分、品質與合法性的消費者的日常動作，字幕點出「每篇貼文都要人工審核」。
12-25秒 知識：外用油膏應放在保守邊界：強調藥證、標示、保守宣稱與人工審核流程。
25-36秒 安全：所有廣告文案仍須依主管機關與專業人員審核。
36-45秒 CTA：使用前看標示，收藏這支，下次別用錯。",每篇貼文都要人工審核的重點是依標示使用，不誇大、不神化。本產品為外用油膏，請依核准標示使用；若症狀持續或惡化，請諮詢醫師或藥師。,#藥證可查 #品牌透明 #合法宣傳 #成分透明,"0-3秒 Hook：每篇貼文都要人工審核，你也遇過嗎？
3-12秒 情境：拍攝重視藥證、成分、品質與合法性的消費者的日常動作，字幕點出「每篇貼文都要人工審核」。
12-25秒 知識：外用油膏應放在保守邊界：強調藥證、標示、保守宣稱與人工審核流程。
25-36秒 安全：所有廣告文案仍須依主管機關與專業人員審核。
36-45秒 CTA：使用前看標示，收藏這支，下次別用錯。",本產品為外用油膏，請依核准標示使用；若症狀持續或惡化，請諮詢醫師或藥師。,所有廣告文案仍須依主管機關與專業人員審核。,根治|治療疾病|消炎治本|打通經絡|一擦就好|保證有效|深層修復|替代藥物
TikTok_LINE350,LINE350,TikTok,2026-11-25,20:00,哪些情況應該先就醫,G,低,pending_legal_pharmacist_review,false,哪些情況應該先就醫,"0-3秒 Hook：哪些情況應該先就醫，你也遇過嗎？
3-12秒 情境：拍攝LINE OA 好友、回購客與新客的日常動作，字幕點出「哪些情況應該先就醫」。
12-25秒 知識：外用油膏應放在保守邊界：用問答降低誤用，讓使用者知道何時該詢問專業人員。
25-36秒 安全：互動回答不取代醫師或藥師建議。
36-45秒 CTA：使用前看標示，收藏這支，下次別用錯。",哪些情況應該先就醫的重點是依標示使用，不誇大、不神化。本內容為一般生活保健資訊，非醫療診斷或治療建議。,#互動問答 #保養知識 #使用小提醒 #金牌一條根,"0-3秒 Hook：哪些情況應該先就醫，你也遇過嗎？
3-12秒 情境：拍攝LINE OA 好友、回購客與新客的日常動作，字幕點出「哪些情況應該先就醫」。
12-25秒 知識：外用油膏應放在保守邊界：用問答降低誤用，讓使用者知道何時該詢問專業人員。
25-36秒 安全：互動回答不取代醫師或藥師建議。
36-45秒 CTA：使用前看標示，收藏這支，下次別用錯。",本內容為一般生活保健資訊，非醫療診斷或治療建議。,互動回答不取代醫師或藥師建議。,根治|治療疾病|消炎治本|打通經絡|一擦就好|保證有效|深層修復|替代藥物
TikTok_LINE351,LINE351,TikTok,2026-11-26,12:00,運動後局部痠痛的保守處理,C,中,pending_legal_pharmacist_review,false,運動後局部痠痛的保守處理,"0-3秒 Hook：運動後局部痠痛的保守處理，你也遇過嗎？
3-12秒 情境：拍攝運動族、搬重物、久站與勞動工作者的日常動作，字幕點出「運動後局部痠痛的保守處理」。
12-25秒 知識：外用油膏應放在保守邊界：運動或勞動後的局部肌肉痠痛，可短期按摩舒緩。
25-36秒 安全：明顯腫脹、劇痛、活動受限或疑似受傷時，請先就醫。
36-45秒 CTA：使用前看標示，收藏這支，下次別用錯。",運動後局部痠痛的保守處理的重點是依標示使用，不誇大、不神化。本產品為外用油膏，請依核准標示使用；若症狀持續或惡化，請諮詢醫師或藥師。,#運動後保養 #局部按摩 #肌肉痠痛 #依標示使用,"0-3秒 Hook：運動後局部痠痛的保守處理，你也遇過嗎？
3-12秒 情境：拍攝運動族、搬重物、久站與勞動工作者的日常動作，字幕點出「運動後局部痠痛的保守處理」。
12-25秒 知識：外用油膏應放在保守邊界：運動或勞動後的局部肌肉痠痛，可短期按摩舒緩。
25-36秒 安全：明顯腫脹、劇痛、活動受限或疑似受傷時，請先就醫。
36-45秒 CTA：使用前看標示，收藏這支，下次別用錯。",本產品為外用油膏，請依核准標示使用；若症狀持續或惡化，請諮詢醫師或藥師。,明顯腫脹、劇痛、活動受限或疑似受傷時，請先就醫。,根治|治療疾病|消炎治本|打通經絡|一擦就好|保證有效|深層修復|替代藥物
TikTok_LINE352,LINE352,TikTok,2026-11-26,20:00,冬青油與清涼舒緩體感,A,中,pending_legal_pharmacist_review,false,冬青油與清涼舒緩體感,"0-3秒 Hook：冬青油與清涼舒緩體感，你也遇過嗎？
3-12秒 情境：拍攝已購買或正在觀望的一條根使用者的日常動作，字幕點出「冬青油與清涼舒緩體感」。
12-25秒 知識：外用油膏應放在保守邊界：依標示外用，提供局部按摩與暫時舒緩體感。
25-36秒 安全：僅供外用；避免眼周、黏膜、破皮或傷口。
36-45秒 CTA：使用前看標示，收藏這支，下次別用錯。",冬青油與清涼舒緩體感的重點是依標示使用，不誇大、不神化。本產品為外用油膏，請依核准標示使用；若症狀持續或惡化，請諮詢醫師或藥師。,#金牌一條根 #外用油膏 #成分透明 #依標示使用,"0-3秒 Hook：冬青油與清涼舒緩體感，你也遇過嗎？
3-12秒 情境：拍攝已購買或正在觀望的一條根使用者的日常動作，字幕點出「冬青油與清涼舒緩體感」。
12-25秒 知識：外用油膏應放在保守邊界：依標示外用，提供局部按摩與暫時舒緩體感。
25-36秒 安全：僅供外用；避免眼周、黏膜、破皮或傷口。
36-45秒 CTA：使用前看標示，收藏這支，下次別用錯。",本產品為外用油膏，請依核准標示使用；若症狀持續或惡化，請諮詢醫師或藥師。,僅供外用；避免眼周、黏膜、破皮或傷口。,根治|治療疾病|消炎治本|打通經絡|一擦就好|保證有效|深層修復|替代藥物
TikTok_LINE353,LINE353,TikTok,2026-11-27,12:00,早晨活動前的關節暖身,D,中,pending_legal_pharmacist_review,false,早晨活動前的關節暖身,"0-3秒 Hook：早晨活動前的關節暖身，你也遇過嗎？
3-12秒 情境：拍攝40-70 歲注重日常活動舒適度的族群的日常動作，字幕點出「早晨活動前的關節暖身」。
12-25秒 知識：外用油膏應放在保守邊界：輕微關節痠痛可短期舒緩，但不可宣稱治療疾病。
25-36秒 安全：關節腫痛、紅熱、長期疼痛或行走困難，請就醫評估。
36-45秒 CTA：使用前看標示，收藏這支，下次別用錯。",早晨活動前的關節暖身的重點是依標示使用，不誇大、不神化。本產品為外用油膏，請依核准標示使用；若症狀持續或惡化，請諮詢醫師或藥師。,#銀髮保養 #活動舒適 #輕微痠痛 #依標示使用,"0-3秒 Hook：早晨活動前的關節暖身，你也遇過嗎？
3-12秒 情境：拍攝40-70 歲注重日常活動舒適度的族群的日常動作，字幕點出「早晨活動前的關節暖身」。
12-25秒 知識：外用油膏應放在保守邊界：輕微關節痠痛可短期舒緩，但不可宣稱治療疾病。
25-36秒 安全：關節腫痛、紅熱、長期疼痛或行走困難，請就醫評估。
36-45秒 CTA：使用前看標示，收藏這支，下次別用錯。",本產品為外用油膏，請依核准標示使用；若症狀持續或惡化，請諮詢醫師或藥師。,關節腫痛、紅熱、長期疼痛或行走困難，請就醫評估。,根治|治療疾病|消炎治本|打通經絡|一擦就好|保證有效|深層修復|替代藥物
TikTok_LINE354,LINE354,TikTok,2026-11-27,20:00,不能擦在破皮或傷口,E,高,pending_legal_pharmacist_review,false,不能擦在破皮或傷口,"0-3秒 Hook：不能擦在破皮或傷口，你也遇過嗎？
3-12秒 情境：拍攝所有使用者、照護者與家庭購買者的日常動作，字幕點出「不能擦在破皮或傷口」。
12-25秒 知識：外用油膏應放在保守邊界：安全使用比用得多更重要，依標示與風險族群提醒。
25-36秒 安全：2 歲以下、孕哺、過敏體質、抗凝血藥使用者請先詢問專業人員。
36-45秒 CTA：使用前看標示，收藏這支，下次別用錯。",不能擦在破皮或傷口的重點是依標示使用，不誇大、不神化。僅供外用。避免接觸眼睛、黏膜、破皮或傷口；特殊族群使用前請先諮詢專業人員。,#外用安全 #用藥安全 #使用前看標示 #諮詢醫師藥師,"0-3秒 Hook：不能擦在破皮或傷口，你也遇過嗎？
3-12秒 情境：拍攝所有使用者、照護者與家庭購買者的日常動作，字幕點出「不能擦在破皮或傷口」。
12-25秒 知識：外用油膏應放在保守邊界：安全使用比用得多更重要，依標示與風險族群提醒。
25-36秒 安全：2 歲以下、孕哺、過敏體質、抗凝血藥使用者請先詢問專業人員。
36-45秒 CTA：使用前看標示，收藏這支，下次別用錯。",僅供外用。避免接觸眼睛、黏膜、破皮或傷口；特殊族群使用前請先諮詢專業人員。,2 歲以下、孕哺、過敏體質、抗凝血藥使用者請先詢問專業人員。,根治|治療疾病|消炎治本|打通經絡|一擦就好|保證有效|深層修復|替代藥物
TikTok_LINE355,LINE355,TikTok,2026-11-28,12:00,芒種後濕熱生活保養,F,低,pending_legal_pharmacist_review,false,芒種後濕熱生活保養,"0-3秒 Hook：芒種後濕熱生活保養，你也遇過嗎？
3-12秒 情境：拍攝喜歡養生、節氣與日常保健的 LINE 讀者的日常動作，字幕點出「芒種後濕熱生活保養」。
12-25秒 知識：外用油膏應放在保守邊界：以生活保健與身體覺察為主，不做醫療療效宣稱。
25-36秒 安全：節氣養生屬一般生活資訊，身體不適仍應諮詢專業人員。
36-45秒 CTA：使用前看標示，收藏這支，下次別用錯。",芒種後濕熱生活保養的重點是依標示使用，不誇大、不神化。本內容為一般生活保健資訊，非醫療診斷或治療建議。,#節氣保養 #生活保健 #日常保養 #身體覺察,"0-3秒 Hook：芒種後濕熱生活保養，你也遇過嗎？
3-12秒 情境：拍攝喜歡養生、節氣與日常保健的 LINE 讀者的日常動作，字幕點出「芒種後濕熱生活保養」。
12-25秒 知識：外用油膏應放在保守邊界：以生活保健與身體覺察為主，不做醫療療效宣稱。
25-36秒 安全：節氣養生屬一般生活資訊，身體不適仍應諮詢專業人員。
36-45秒 CTA：使用前看標示，收藏這支，下次別用錯。",本內容為一般生活保健資訊，非醫療診斷或治療建議。,節氣養生屬一般生活資訊，身體不適仍應諮詢專業人員。,根治|治療疾病|消炎治本|打通經絡|一擦就好|保證有效|深層修復|替代藥物
TikTok_LINE356,LINE356,TikTok,2026-11-28,20:00,久站後小腿不適舒緩,C,中,pending_legal_pharmacist_review,false,久站後小腿不適舒緩,"0-3秒 Hook：久站後小腿不適舒緩，你也遇過嗎？
3-12秒 情境：拍攝運動族、搬重物、久站與勞動工作者的日常動作，字幕點出「久站後小腿不適舒緩」。
12-25秒 知識：外用油膏應放在保守邊界：運動或勞動後的局部肌肉痠痛，可短期按摩舒緩。
25-36秒 安全：明顯腫脹、劇痛、活動受限或疑似受傷時，請先就醫。
36-45秒 CTA：使用前看標示，收藏這支，下次別用錯。",久站後小腿不適舒緩的重點是依標示使用，不誇大、不神化。本產品為外用油膏，請依核准標示使用；若症狀持續或惡化，請諮詢醫師或藥師。,#運動後保養 #局部按摩 #肌肉痠痛 #依標示使用,"0-3秒 Hook：久站後小腿不適舒緩，你也遇過嗎？
3-12秒 情境：拍攝運動族、搬重物、久站與勞動工作者的日常動作，字幕點出「久站後小腿不適舒緩」。
12-25秒 知識：外用油膏應放在保守邊界：運動或勞動後的局部肌肉痠痛，可短期按摩舒緩。
25-36秒 安全：明顯腫脹、劇痛、活動受限或疑似受傷時，請先就醫。
36-45秒 CTA：使用前看標示，收藏這支，下次別用錯。",本產品為外用油膏，請依核准標示使用；若症狀持續或惡化，請諮詢醫師或藥師。,明顯腫脹、劇痛、活動受限或疑似受傷時，請先就醫。,根治|治療疾病|消炎治本|打通經絡|一擦就好|保證有效|深層修復|替代藥物
TikTok_LINE357,LINE357,TikTok,2026-11-29,12:00,你最常哪個部位緊繃,G,低,pending_legal_pharmacist_review,false,你最常哪個部位緊繃,"0-3秒 Hook：你最常哪個部位緊繃，你也遇過嗎？
3-12秒 情境：拍攝LINE OA 好友、回購客與新客的日常動作，字幕點出「你最常哪個部位緊繃」。
12-25秒 知識：外用油膏應放在保守邊界：用問答降低誤用，讓使用者知道何時該詢問專業人員。
25-36秒 安全：互動回答不取代醫師或藥師建議。
36-45秒 CTA：使用前看標示，收藏這支，下次別用錯。",你最常哪個部位緊繃的重點是依標示使用，不誇大、不神化。本內容為一般生活保健資訊，非醫療診斷或治療建議。,#互動問答 #保養知識 #使用小提醒 #金牌一條根,"0-3秒 Hook：你最常哪個部位緊繃，你也遇過嗎？
3-12秒 情境：拍攝LINE OA 好友、回購客與新客的日常動作，字幕點出「你最常哪個部位緊繃」。
12-25秒 知識：外用油膏應放在保守邊界：用問答降低誤用，讓使用者知道何時該詢問專業人員。
25-36秒 安全：互動回答不取代醫師或藥師建議。
36-45秒 CTA：使用前看標示，收藏這支，下次別用錯。",本內容為一般生活保健資訊，非醫療診斷或治療建議。,互動回答不取代醫師或藥師建議。,根治|治療疾病|消炎治本|打通經絡|一擦就好|保證有效|深層修復|替代藥物
TikTok_LINE358,LINE358,TikTok,2026-11-29,20:00,長輩外用膏使用安全,D,中,pending_legal_pharmacist_review,false,長輩外用膏使用安全,"0-3秒 Hook：長輩外用膏使用安全，你也遇過嗎？
3-12秒 情境：拍攝40-70 歲注重日常活動舒適度的族群的日常動作，字幕點出「長輩外用膏使用安全」。
12-25秒 知識：外用油膏應放在保守邊界：輕微關節痠痛可短期舒緩，但不可宣稱治療疾病。
25-36秒 安全：關節腫痛、紅熱、長期疼痛或行走困難，請就醫評估。
36-45秒 CTA：使用前看標示，收藏這支，下次別用錯。",長輩外用膏使用安全的重點是依標示使用，不誇大、不神化。本產品為外用油膏，請依核准標示使用；若症狀持續或惡化，請諮詢醫師或藥師。,#銀髮保養 #活動舒適 #輕微痠痛 #依標示使用,"0-3秒 Hook：長輩外用膏使用安全，你也遇過嗎？
3-12秒 情境：拍攝40-70 歲注重日常活動舒適度的族群的日常動作，字幕點出「長輩外用膏使用安全」。
12-25秒 知識：外用油膏應放在保守邊界：輕微關節痠痛可短期舒緩，但不可宣稱治療疾病。
25-36秒 安全：關節腫痛、紅熱、長期疼痛或行走困難，請就醫評估。
36-45秒 CTA：使用前看標示，收藏這支，下次別用錯。",本產品為外用油膏，請依核准標示使用；若症狀持續或惡化，請諮詢醫師或藥師。,關節腫痛、紅熱、長期疼痛或行走困難，請就醫評估。,根治|治療疾病|消炎治本|打通經絡|一擦就好|保證有效|深層修復|替代藥物
TikTok_LINE359,LINE359,TikTok,2026-11-30,12:00,辦公桌前的姿勢檢查,B,低,pending_legal_pharmacist_review,false,辦公桌前的姿勢檢查,"0-3秒 Hook：辦公桌前的姿勢檢查，你也遇過嗎？
3-12秒 情境：拍攝長時間低頭、久坐、用電腦的上班族的日常動作，字幕點出「辦公桌前的姿勢檢查」。
12-25秒 知識：外用油膏應放在保守邊界：久坐低頭後，可搭配伸展與局部按摩舒緩緊繃不適。
25-36秒 安全：若痠痛持續、麻木或影響活動，請諮詢醫師或藥師。
36-45秒 CTA：使用前看標示，收藏這支，下次別用錯。",辦公桌前的姿勢檢查的重點是依標示使用，不誇大、不神化。本內容為一般生活保健資訊，非醫療診斷或治療建議。,#肩頸保養 #久坐族 #日常舒緩 #依標示使用,"0-3秒 Hook：辦公桌前的姿勢檢查，你也遇過嗎？
3-12秒 情境：拍攝長時間低頭、久坐、用電腦的上班族的日常動作，字幕點出「辦公桌前的姿勢檢查」。
12-25秒 知識：外用油膏應放在保守邊界：久坐低頭後，可搭配伸展與局部按摩舒緩緊繃不適。
25-36秒 安全：若痠痛持續、麻木或影響活動，請諮詢醫師或藥師。
36-45秒 CTA：使用前看標示，收藏這支，下次別用錯。",本內容為一般生活保健資訊，非醫療診斷或治療建議。,若痠痛持續、麻木或影響活動，請諮詢醫師或藥師。,根治|治療疾病|消炎治本|打通經絡|一擦就好|保證有效|深層修復|替代藥物
TikTok_LINE360,LINE360,TikTok,2026-11-30,20:00,薄荷腦帶來的涼感來源,A,中,pending_legal_pharmacist_review,false,薄荷腦帶來的涼感來源,"0-3秒 Hook：薄荷腦帶來的涼感來源，你也遇過嗎？
3-12秒 情境：拍攝已購買或正在觀望的一條根使用者的日常動作，字幕點出「薄荷腦帶來的涼感來源」。
12-25秒 知識：外用油膏應放在保守邊界：依標示外用，提供局部按摩與暫時舒緩體感。
25-36秒 安全：僅供外用；避免眼周、黏膜、破皮或傷口。
36-45秒 CTA：使用前看標示，收藏這支，下次別用錯。",薄荷腦帶來的涼感來源的重點是依標示使用，不誇大、不神化。本產品為外用油膏，請依核准標示使用；若症狀持續或惡化，請諮詢醫師或藥師。,#金牌一條根 #外用油膏 #成分透明 #依標示使用,"0-3秒 Hook：薄荷腦帶來的涼感來源，你也遇過嗎？
3-12秒 情境：拍攝已購買或正在觀望的一條根使用者的日常動作，字幕點出「薄荷腦帶來的涼感來源」。
12-25秒 知識：外用油膏應放在保守邊界：依標示外用，提供局部按摩與暫時舒緩體感。
25-36秒 安全：僅供外用；避免眼周、黏膜、破皮或傷口。
36-45秒 CTA：使用前看標示，收藏這支，下次別用錯。",本產品為外用油膏，請依核准標示使用；若症狀持續或惡化，請諮詢醫師或藥師。,僅供外用；避免眼周、黏膜、破皮或傷口。,根治|治療疾病|消炎治本|打通經絡|一擦就好|保證有效|深層修復|替代藥物
