"schedule_date","schedule_time","line_message_type","line_title","line_body","cta_text","image_asset_needed","asset_status","compliance_status","owner_approval_status","manual_schedule_status","publish_allowed","source_review_id","source_post_id","truth_basis","pre_publish_checklist","internal_note"
"2026-06-17","12:00","文字訊息","運動後局部痠痛的保守處理","運動後局部痠痛的保守處理

運動、搬重物、久站後，身體局部不適時，先休息、觀察，再做保守保養。

這款定位是外用油膏，重點是局部按摩、依標示使用。衛署成製015614，乙類成藥，資料可至衛福部中藥許可證系統查詢。

外用產品請依標示使用；身體不適、症狀持續或惡化時，請諮詢醫師或藥師。
下單前可先私訊索取藥證查詢方式與外盒標示照片。","私訊索取藥證查詢方式與外盒標示照片","圖卡：運動後局部痠痛的保守處理 / 藥證可查 / 依標示使用","NEEDS_HUMAN_UPLOAD_OR_SELECTION","NEEDS_HUMAN_REVIEW_SAFE_TERM_CHECK","APPROVED_FOR_MANUAL_SCHEDULE_ONLY","READY_FOR_MANUAL_LINE_OA_INPUT","MANUAL_ONLY_NOT_API","LINE_DRYRUN_001","LINE001","衛福部中藥許可證：衛署成製015614；類別：乙類成藥；劑型：油膏劑。","退換貨、付款、客服、出貨、價格、通路與任何見證內容，發布前須由人工確認。","人工複製到 LINE OA 後台排程；不得用 API 自動發布。"
"2026-06-17","20:00","文字訊息","冬青油與清涼舒緩體感","冬青油與清涼舒緩體感

下單前，先看得懂標示與成分，比聽誇張話術更安心。

這款定位是外用油膏，重點是局部按摩、依標示使用。衛署成製015614，乙類成藥，資料可至衛福部中藥許可證系統查詢。

外用產品請依標示使用；身體不適、症狀持續或惡化時，請諮詢醫師或藥師。
下單前可先私訊索取藥證查詢方式與外盒標示照片。","私訊索取藥證查詢方式與外盒標示照片","圖卡：冬青油與清涼舒緩體感 / 藥證可查 / 依標示使用","NEEDS_HUMAN_UPLOAD_OR_SELECTION","NEEDS_HUMAN_REVIEW_SAFE_TERM_CHECK","APPROVED_FOR_MANUAL_SCHEDULE_ONLY","READY_FOR_MANUAL_LINE_OA_INPUT","MANUAL_ONLY_NOT_API","LINE_DRYRUN_002","LINE002","衛福部中藥許可證：衛署成製015614；類別：乙類成藥；劑型：油膏劑。","退換貨、付款、客服、出貨、價格、通路與任何見證內容，發布前須由人工確認。","人工複製到 LINE OA 後台排程；不得用 API 自動發布。"
"2026-06-18","12:00","文字訊息","早晨活動前的關節暖身","早晨活動前的關節暖身

幫長輩準備外用產品時，最重要的是安全、清楚、不要亂用。

這款定位是外用油膏，重點是局部按摩、依標示使用。衛署成製015614，乙類成藥，資料可至衛福部中藥許可證系統查詢。

外用產品請依標示使用；身體不適、症狀持續或惡化時，請諮詢醫師或藥師。
下單前可先私訊索取藥證查詢方式與外盒標示照片。","私訊索取藥證查詢方式與外盒標示照片","圖卡：早晨活動前的關節暖身 / 藥證可查 / 依標示使用","NEEDS_HUMAN_UPLOAD_OR_SELECTION","NEEDS_HUMAN_REVIEW_SAFE_TERM_CHECK","APPROVED_FOR_MANUAL_SCHEDULE_ONLY","READY_FOR_MANUAL_LINE_OA_INPUT","MANUAL_ONLY_NOT_API","LINE_DRYRUN_003","LINE003","衛福部中藥許可證：衛署成製015614；類別：乙類成藥；劑型：油膏劑。","退換貨、付款、客服、出貨、價格、通路與任何見證內容，發布前須由人工確認。","人工複製到 LINE OA 後台排程；不得用 API 自動發布。"
"2026-06-18","20:00","文字訊息","不能擦在破皮或傷口","不能擦在破皮或傷口

外用產品不是擦越多越好，用對位置、避開風險才安心。

這款定位是外用油膏，重點是局部按摩、依標示使用。衛署成製015614，乙類成藥，資料可至衛福部中藥許可證系統查詢。

外用產品請依標示使用；身體不適、症狀持續或惡化時，請諮詢醫師或藥師。
下單前可先私訊索取藥證查詢方式與外盒標示照片。","私訊索取藥證查詢方式與外盒標示照片","圖卡：不能擦在破皮或傷口 / 藥證可查 / 依標示使用","NEEDS_HUMAN_UPLOAD_OR_SELECTION","NEEDS_HUMAN_REVIEW_SAFE_TERM_CHECK","APPROVED_FOR_MANUAL_SCHEDULE_ONLY","READY_FOR_MANUAL_LINE_OA_INPUT","MANUAL_ONLY_NOT_API","LINE_DRYRUN_004","LINE004","衛福部中藥許可證：衛署成製015614；類別：乙類成藥；劑型：油膏劑。","退換貨、付款、客服、出貨、價格、通路與任何見證內容，發布前須由人工確認。","人工複製到 LINE OA 後台排程；不得用 API 自動發布。"
"2026-06-19","12:00","文字訊息","芒種後濕熱生活保養","芒種後濕熱生活保養

換季時，身體保養不需要複雜，穩定的小習慣比較長久。

這款定位是外用油膏，重點是局部按摩、依標示使用。衛署成製015614，乙類成藥，資料可至衛福部中藥許可證系統查詢。

外用產品請依標示使用；身體不適、症狀持續或惡化時，請諮詢醫師或藥師。
下單前可先私訊索取藥證查詢方式與外盒標示照片。","私訊索取藥證查詢方式與外盒標示照片","圖卡：芒種後濕熱生活保養 / 藥證可查 / 依標示使用","NEEDS_HUMAN_UPLOAD_OR_SELECTION","NEEDS_HUMAN_REVIEW_SAFE_TERM_CHECK","APPROVED_FOR_MANUAL_SCHEDULE_ONLY","READY_FOR_MANUAL_LINE_OA_INPUT","MANUAL_ONLY_NOT_API","LINE_DRYRUN_005","LINE005","衛福部中藥許可證：衛署成製015614；類別：乙類成藥；劑型：油膏劑。","退換貨、付款、客服、出貨、價格、通路與任何見證內容，發布前須由人工確認。","人工複製到 LINE OA 後台排程；不得用 API 自動發布。"
"2026-06-19","20:00","文字訊息","久站後小腿不適舒緩","久站後小腿不適舒緩

運動、搬重物、久站後，身體局部不適時，先休息、觀察，再做保守保養。

這款定位是外用油膏，重點是局部按摩、依標示使用。衛署成製015614，乙類成藥，資料可至衛福部中藥許可證系統查詢。

外用產品請依標示使用；身體不適、症狀持續或惡化時，請諮詢醫師或藥師。
下單前可先私訊索取藥證查詢方式與外盒標示照片。","私訊索取藥證查詢方式與外盒標示照片","圖卡：久站後小腿不適舒緩 / 藥證可查 / 依標示使用","NEEDS_HUMAN_UPLOAD_OR_SELECTION","NEEDS_HUMAN_REVIEW_SAFE_TERM_CHECK","APPROVED_FOR_MANUAL_SCHEDULE_ONLY","READY_FOR_MANUAL_LINE_OA_INPUT","MANUAL_ONLY_NOT_API","LINE_DRYRUN_006","LINE006","衛福部中藥許可證：衛署成製015614；類別：乙類成藥；劑型：油膏劑。","退換貨、付款、客服、出貨、價格、通路與任何見證內容，發布前須由人工確認。","人工複製到 LINE OA 後台排程；不得用 API 自動發布。"
"2026-06-20","12:00","文字訊息","你最常哪個部位緊繃","你最常哪個部位緊繃

很多人不是不想保養，是不知道什麼情況該先問清楚。

這款定位是外用油膏，重點是局部按摩、依標示使用。衛署成製015614，乙類成藥，資料可至衛福部中藥許可證系統查詢。

外用產品請依標示使用；身體不適、症狀持續或惡化時，請諮詢醫師或藥師。
下單前可先私訊索取藥證查詢方式與外盒標示照片。","私訊索取藥證查詢方式與外盒標示照片","圖卡：你最常哪個部位緊繃 / 藥證可查 / 依標示使用","NEEDS_HUMAN_UPLOAD_OR_SELECTION","NEEDS_HUMAN_REVIEW_SAFE_TERM_CHECK","APPROVED_FOR_MANUAL_SCHEDULE_ONLY","READY_FOR_MANUAL_LINE_OA_INPUT","MANUAL_ONLY_NOT_API","LINE_DRYRUN_007","LINE007","衛福部中藥許可證：衛署成製015614；類別：乙類成藥；劑型：油膏劑。","退換貨、付款、客服、出貨、價格、通路與任何見證內容，發布前須由人工確認。","人工複製到 LINE OA 後台排程；不得用 API 自動發布。"
"2026-06-20","20:00","文字訊息","長輩外用膏使用安全","長輩外用膏使用安全

幫長輩準備外用產品時，最重要的是安全、清楚、不要亂用。

這款定位是外用油膏，重點是局部按摩、依標示使用。衛署成製015614，乙類成藥，資料可至衛福部中藥許可證系統查詢。

外用產品請依標示使用；身體不適、症狀持續或惡化時，請諮詢醫師或藥師。
下單前可先私訊索取藥證查詢方式與外盒標示照片。","私訊索取藥證查詢方式與外盒標示照片","圖卡：長輩外用膏使用安全 / 藥證可查 / 依標示使用","NEEDS_HUMAN_UPLOAD_OR_SELECTION","NEEDS_HUMAN_REVIEW_SAFE_TERM_CHECK","APPROVED_FOR_MANUAL_SCHEDULE_ONLY","READY_FOR_MANUAL_LINE_OA_INPUT","MANUAL_ONLY_NOT_API","LINE_DRYRUN_008","LINE008","衛福部中藥許可證：衛署成製015614；類別：乙類成藥；劑型：油膏劑。","退換貨、付款、客服、出貨、價格、通路與任何見證內容，發布前須由人工確認。","人工複製到 LINE OA 後台排程；不得用 API 自動發布。"
"2026-06-21","12:00","文字訊息","低頭族肩頸緊繃的三個提醒","低頭族肩頸緊繃的三個提醒

久坐、低頭、開會一整天後，肩頸常會提醒你該放鬆一下。

這款定位是外用油膏，重點是局部按摩、依標示使用。衛署成製015614，乙類成藥，資料可至衛福部中藥許可證系統查詢。

外用產品請依標示使用；身體不適、症狀持續或惡化時，請諮詢醫師或藥師。
下單前可先私訊索取藥證查詢方式與外盒標示照片。","私訊索取藥證查詢方式與外盒標示照片","圖卡：低頭族肩頸緊繃的三個提醒 / 藥證可查 / 依標示使用","NEEDS_HUMAN_UPLOAD_OR_SELECTION","PASS_DRY_RUN_PENDING_HUMAN_REVIEW","APPROVED_FOR_MANUAL_SCHEDULE_ONLY","READY_FOR_MANUAL_LINE_OA_INPUT","MANUAL_ONLY_NOT_API","LINE_DRYRUN_009","LINE009","衛福部中藥許可證：衛署成製015614；類別：乙類成藥；劑型：油膏劑。","退換貨、付款、客服、出貨、價格、通路與任何見證內容，發布前須由人工確認。","人工複製到 LINE OA 後台排程；不得用 API 自動發布。"
"2026-06-21","20:00","文字訊息","薄荷腦帶來的涼感來源","薄荷腦帶來的涼感來源

下單前，先看得懂標示與成分，比聽誇張話術更安心。

這款定位是外用油膏，重點是局部按摩、依標示使用。衛署成製015614，乙類成藥，資料可至衛福部中藥許可證系統查詢。

外用產品請依標示使用；身體不適、症狀持續或惡化時，請諮詢醫師或藥師。
下單前可先私訊索取藥證查詢方式與外盒標示照片。","私訊索取藥證查詢方式與外盒標示照片","圖卡：薄荷腦帶來的涼感來源 / 藥證可查 / 依標示使用","NEEDS_HUMAN_UPLOAD_OR_SELECTION","NEEDS_HUMAN_REVIEW_SAFE_TERM_CHECK","APPROVED_FOR_MANUAL_SCHEDULE_ONLY","READY_FOR_MANUAL_LINE_OA_INPUT","MANUAL_ONLY_NOT_API","LINE_DRYRUN_010","LINE010","衛福部中藥許可證：衛署成製015614；類別：乙類成藥；劑型：油膏劑。","退換貨、付款、客服、出貨、價格、通路與任何見證內容，發布前須由人工確認。","人工複製到 LINE OA 後台排程；不得用 API 自動發布。"
"2026-06-22","12:00","文字訊息","夏季冷氣房的肩頸保養","夏季冷氣房的肩頸保養

換季時，身體保養不需要複雜，穩定的小習慣比較長久。

這款定位是外用油膏，重點是局部按摩、依標示使用。衛署成製015614，乙類成藥，資料可至衛福部中藥許可證系統查詢。

外用產品請依標示使用；身體不適、症狀持續或惡化時，請諮詢醫師或藥師。
下單前可先私訊索取藥證查詢方式與外盒標示照片。","私訊索取藥證查詢方式與外盒標示照片","圖卡：夏季冷氣房的肩頸保養 / 藥證可查 / 依標示使用","NEEDS_HUMAN_UPLOAD_OR_SELECTION","NEEDS_HUMAN_REVIEW_SAFE_TERM_CHECK","APPROVED_FOR_MANUAL_SCHEDULE_ONLY","READY_FOR_MANUAL_LINE_OA_INPUT","MANUAL_ONLY_NOT_API","LINE_DRYRUN_011","LINE011","衛福部中藥許可證：衛署成製015614；類別：乙類成藥；劑型：油膏劑。","退換貨、付款、客服、出貨、價格、通路與任何見證內容，發布前須由人工確認。","人工複製到 LINE OA 後台排程；不得用 API 自動發布。"
"2026-06-22","20:00","文字訊息","外用膏避免眼周與黏膜","外用膏避免眼周與黏膜

外用產品不是擦越多越好，用對位置、避開風險才安心。

這款定位是外用油膏，重點是局部按摩、依標示使用。衛署成製015614，乙類成藥，資料可至衛福部中藥許可證系統查詢。

外用產品請依標示使用；身體不適、症狀持續或惡化時，請諮詢醫師或藥師。
下單前可先私訊索取藥證查詢方式與外盒標示照片。","私訊索取藥證查詢方式與外盒標示照片","圖卡：外用膏避免眼周與黏膜 / 藥證可查 / 依標示使用","NEEDS_HUMAN_UPLOAD_OR_SELECTION","NEEDS_HUMAN_REVIEW_SAFE_TERM_CHECK","APPROVED_FOR_MANUAL_SCHEDULE_ONLY","READY_FOR_MANUAL_LINE_OA_INPUT","MANUAL_ONLY_NOT_API","LINE_DRYRUN_012","LINE012","衛福部中藥許可證：衛署成製015614；類別：乙類成藥；劑型：油膏劑。","退換貨、付款、客服、出貨、價格、通路與任何見證內容，發布前須由人工確認。","人工複製到 LINE OA 後台排程；不得用 API 自動發布。"
"2026-06-23","12:00","文字訊息","為什麼我們重視藥證與標示","為什麼我們重視藥證與標示

我們寧願把資料講清楚，也不想用誇大的話讓你衝動購買。

這款定位是外用油膏，重點是局部按摩、依標示使用。衛署成製015614，乙類成藥，資料可至衛福部中藥許可證系統查詢。

外用產品請依標示使用；身體不適、症狀持續或惡化時，請諮詢醫師或藥師。
下單前可先私訊索取藥證查詢方式與外盒標示照片。","私訊索取藥證查詢方式與外盒標示照片","圖卡：為什麼我們重視藥證與標示 / 藥證可查 / 依標示使用","NEEDS_HUMAN_UPLOAD_OR_SELECTION","NEEDS_HUMAN_REVIEW_SAFE_TERM_CHECK","APPROVED_FOR_MANUAL_SCHEDULE_ONLY","READY_FOR_MANUAL_LINE_OA_INPUT","MANUAL_ONLY_NOT_API","LINE_DRYRUN_013","LINE013","衛福部中藥許可證：衛署成製015614；類別：乙類成藥；劑型：油膏劑。","退換貨、付款、客服、出貨、價格、通路與任何見證內容，發布前須由人工確認。","人工複製到 LINE OA 後台排程；不得用 API 自動發布。"
"2026-06-23","20:00","文字訊息","你習慣運動前還是運動後保養","你習慣運動前還是運動後保養

很多人不是不想保養，是不知道什麼情況該先問清楚。

這款定位是外用油膏，重點是局部按摩、依標示使用。衛署成製015614，乙類成藥，資料可至衛福部中藥許可證系統查詢。

外用產品請依標示使用；身體不適、症狀持續或惡化時，請諮詢醫師或藥師。
下單前可先私訊索取藥證查詢方式與外盒標示照片。","私訊索取藥證查詢方式與外盒標示照片","圖卡：你習慣運動前還是運動後保養 / 藥證可查 / 依標示使用","NEEDS_HUMAN_UPLOAD_OR_SELECTION","NEEDS_HUMAN_REVIEW_SAFE_TERM_CHECK","APPROVED_FOR_MANUAL_SCHEDULE_ONLY","READY_FOR_MANUAL_LINE_OA_INPUT","MANUAL_ONLY_NOT_API","LINE_DRYRUN_014","LINE014","衛福部中藥許可證：衛署成製015614；類別：乙類成藥；劑型：油膏劑。","退換貨、付款、客服、出貨、價格、通路與任何見證內容，發布前須由人工確認。","人工複製到 LINE OA 後台排程；不得用 API 自動發布。"
"2026-06-24","12:00","文字訊息","搬重物後腰背保養","搬重物後腰背保養

運動、搬重物、久站後，身體局部不適時，先休息、觀察，再做保守保養。

這款定位是外用油膏，重點是局部按摩、依標示使用。衛署成製015614，乙類成藥，資料可至衛福部中藥許可證系統查詢。

外用產品請依標示使用；身體不適、症狀持續或惡化時，請諮詢醫師或藥師。
下單前可先私訊索取藥證查詢方式與外盒標示照片。","私訊索取藥證查詢方式與外盒標示照片","圖卡：搬重物後腰背保養 / 藥證可查 / 依標示使用","NEEDS_HUMAN_UPLOAD_OR_SELECTION","NEEDS_HUMAN_REVIEW_SAFE_TERM_CHECK","APPROVED_FOR_MANUAL_SCHEDULE_ONLY","READY_FOR_MANUAL_LINE_OA_INPUT","MANUAL_ONLY_NOT_API","LINE_DRYRUN_015","LINE015","衛福部中藥許可證：衛署成製015614；類別：乙類成藥；劑型：油膏劑。","退換貨、付款、客服、出貨、價格、通路與任何見證內容，發布前須由人工確認。","人工複製到 LINE OA 後台排程；不得用 API 自動發布。"
"2026-06-24","20:00","文字訊息","樟腦外用時的注意界線","樟腦外用時的注意界線

下單前，先看得懂標示與成分，比聽誇張話術更安心。

這款定位是外用油膏，重點是局部按摩、依標示使用。衛署成製015614，乙類成藥，資料可至衛福部中藥許可證系統查詢。

外用產品請依標示使用；身體不適、症狀持續或惡化時，請諮詢醫師或藥師。
下單前可先私訊索取藥證查詢方式與外盒標示照片。","私訊索取藥證查詢方式與外盒標示照片","圖卡：樟腦外用時的注意界線 / 藥證可查 / 依標示使用","NEEDS_HUMAN_UPLOAD_OR_SELECTION","NEEDS_HUMAN_REVIEW_SAFE_TERM_CHECK","APPROVED_FOR_MANUAL_SCHEDULE_ONLY","READY_FOR_MANUAL_LINE_OA_INPUT","MANUAL_ONLY_NOT_API","LINE_DRYRUN_016","LINE016","衛福部中藥許可證：衛署成製015614；類別：乙類成藥；劑型：油膏劑。","退換貨、付款、客服、出貨、價格、通路與任何見證內容，發布前須由人工確認。","人工複製到 LINE OA 後台排程；不得用 API 自動發布。"
"2026-06-25","12:00","文字訊息","輕微關節不適，日常保養要分清楚","輕微關節不適，日常保養要分清楚

幫長輩準備外用產品時，重點是安全、清楚、依標示使用，不把日常保養說成醫療效果。

這款定位是外用油膏，適合局部按摩放鬆與暫時舒緩日常不適。衛署成製015614，乙類成藥，資料可至衛福部中藥許可證系統查詢。

外用產品請依標示使用；身體不適、狀況持續或變嚴重時，請諮詢醫師或藥師。
下單前可先私訊索取藥證查詢方式與外盒標示照片。","私訊索取藥證查詢方式與外盒標示照片","圖卡：輕微關節不適與日常保養要分清楚 / 藥證可查 / 依標示使用 / 局部按摩放鬆","NEEDS_HUMAN_UPLOAD_OR_SELECTION","PASS_REWRITTEN_PENDING_HUMAN_REVIEW","APPROVED_FOR_MANUAL_SCHEDULE_ONLY","READY_FOR_MANUAL_LINE_OA_INPUT","MANUAL_ONLY_NOT_API","LINE_DRYRUN_017","LINE017","衛福部中藥許可證：衛署成製015614；類別：乙類成藥；劑型：油膏劑。","退換貨、付款、客服、出貨、價格、通路與任何見證內容，發布前須由人工確認。","人工複製到 LINE OA 後台排程；不得用 API 自動發布。"
"2026-06-25","20:00","文字訊息","不要搭配熱敷墊或電毯","不要搭配熱敷墊或電毯

外用產品不是擦越多越好，用對位置、避開風險才安心。

這款定位是外用油膏，重點是局部按摩、依標示使用。衛署成製015614，乙類成藥，資料可至衛福部中藥許可證系統查詢。

外用產品請依標示使用；身體不適、症狀持續或惡化時，請諮詢醫師或藥師。
下單前可先私訊索取藥證查詢方式與外盒標示照片。","私訊索取藥證查詢方式與外盒標示照片","圖卡：不要搭配熱敷墊或電毯 / 藥證可查 / 依標示使用","NEEDS_HUMAN_UPLOAD_OR_SELECTION","NEEDS_HUMAN_REVIEW_SAFE_TERM_CHECK","APPROVED_FOR_MANUAL_SCHEDULE_ONLY","READY_FOR_MANUAL_LINE_OA_INPUT","MANUAL_ONLY_NOT_API","LINE_DRYRUN_018","LINE018","衛福部中藥許可證：衛署成製015614；類別：乙類成藥；劑型：油膏劑。","退換貨、付款、客服、出貨、價格、通路與任何見證內容，發布前須由人工確認。","人工複製到 LINE OA 後台排程；不得用 API 自動發布。"
"2026-06-26","12:00","文字訊息","小暑前後活動舒適提醒","小暑前後活動舒適提醒

換季時，身體保養不需要複雜，穩定的小習慣比較長久。

這款定位是外用油膏，重點是局部按摩、依標示使用。衛署成製015614，乙類成藥，資料可至衛福部中藥許可證系統查詢。

外用產品請依標示使用；身體不適、症狀持續或惡化時，請諮詢醫師或藥師。
下單前可先私訊索取藥證查詢方式與外盒標示照片。","私訊索取藥證查詢方式與外盒標示照片","圖卡：小暑前後活動舒適提醒 / 藥證可查 / 依標示使用","NEEDS_HUMAN_UPLOAD_OR_SELECTION","NEEDS_HUMAN_REVIEW_SAFE_TERM_CHECK","APPROVED_FOR_MANUAL_SCHEDULE_ONLY","READY_FOR_MANUAL_LINE_OA_INPUT","MANUAL_ONLY_NOT_API","LINE_DRYRUN_019","LINE019","衛福部中藥許可證：衛署成製015614；類別：乙類成藥；劑型：油膏劑。","退換貨、付款、客服、出貨、價格、通路與任何見證內容，發布前須由人工確認。","人工複製到 LINE OA 後台排程；不得用 API 自動發布。"
"2026-06-26","20:00","文字訊息","爬山後腿部按摩提醒","爬山後腿部按摩提醒

運動、搬重物、久站後，身體局部不適時，先休息、觀察，再做保守保養。

這款定位是外用油膏，重點是局部按摩、依標示使用。衛署成製015614，乙類成藥，資料可至衛福部中藥許可證系統查詢。

外用產品請依標示使用；身體不適、症狀持續或惡化時，請諮詢醫師或藥師。
下單前可先私訊索取藥證查詢方式與外盒標示照片。","私訊索取藥證查詢方式與外盒標示照片","圖卡：爬山後腿部按摩提醒 / 藥證可查 / 依標示使用","NEEDS_HUMAN_UPLOAD_OR_SELECTION","NEEDS_HUMAN_REVIEW_SAFE_TERM_CHECK","APPROVED_FOR_MANUAL_SCHEDULE_ONLY","READY_FOR_MANUAL_LINE_OA_INPUT","MANUAL_ONLY_NOT_API","LINE_DRYRUN_020","LINE020","衛福部中藥許可證：衛署成製015614；類別：乙類成藥；劑型：油膏劑。","退換貨、付款、客服、出貨、價格、通路與任何見證內容，發布前須由人工確認。","人工複製到 LINE OA 後台排程；不得用 API 自動發布。"
"2026-06-27","12:00","文字訊息","外用膏一次擦多少才剛好","外用膏一次擦多少才剛好

很多人不是不想保養，是不知道什麼情況該先問清楚。

這款定位是外用油膏，重點是局部按摩、依標示使用。衛署成製015614，乙類成藥，資料可至衛福部中藥許可證系統查詢。

外用產品請依標示使用；身體不適、症狀持續或惡化時，請諮詢醫師或藥師。
下單前可先私訊索取藥證查詢方式與外盒標示照片。","私訊索取藥證查詢方式與外盒標示照片","圖卡：外用膏一次擦多少才剛好 / 藥證可查 / 依標示使用","NEEDS_HUMAN_UPLOAD_OR_SELECTION","NEEDS_HUMAN_REVIEW_SAFE_TERM_CHECK","APPROVED_FOR_MANUAL_SCHEDULE_ONLY","READY_FOR_MANUAL_LINE_OA_INPUT","MANUAL_ONLY_NOT_API","LINE_DRYRUN_021","LINE021","衛福部中藥許可證：衛署成製015614；類別：乙類成藥；劑型：油膏劑。","退換貨、付款、客服、出貨、價格、通路與任何見證內容，發布前須由人工確認。","人工複製到 LINE OA 後台排程；不得用 API 自動發布。"
"2026-06-27","20:00","文字訊息","散步後的膝周保養","散步後的膝周保養

幫長輩準備外用產品時，最重要的是安全、清楚、不要亂用。

這款定位是外用油膏，重點是局部按摩、依標示使用。衛署成製015614，乙類成藥，資料可至衛福部中藥許可證系統查詢。

外用產品請依標示使用；身體不適、症狀持續或惡化時，請諮詢醫師或藥師。
下單前可先私訊索取藥證查詢方式與外盒標示照片。","私訊索取藥證查詢方式與外盒標示照片","圖卡：散步後的膝周保養 / 藥證可查 / 依標示使用","NEEDS_HUMAN_UPLOAD_OR_SELECTION","NEEDS_HUMAN_REVIEW_SAFE_TERM_CHECK","APPROVED_FOR_MANUAL_SCHEDULE_ONLY","READY_FOR_MANUAL_LINE_OA_INPUT","MANUAL_ONLY_NOT_API","LINE_DRYRUN_022","LINE022","衛福部中藥許可證：衛署成製015614；類別：乙類成藥；劑型：油膏劑。","退換貨、付款、客服、出貨、價格、通路與任何見證內容，發布前須由人工確認。","人工複製到 LINE OA 後台排程；不得用 API 自動發布。"
"2026-06-28","12:00","文字訊息","午休前的肩頸放鬆流程","午休前的肩頸放鬆流程

久坐、低頭、開會一整天後，肩頸常會提醒你該放鬆一下。

這款定位是外用油膏，重點是局部按摩、依標示使用。衛署成製015614，乙類成藥，資料可至衛福部中藥許可證系統查詢。

外用產品請依標示使用；身體不適、症狀持續或惡化時，請諮詢醫師或藥師。
下單前可先私訊索取藥證查詢方式與外盒標示照片。","私訊索取藥證查詢方式與外盒標示照片","圖卡：午休前的肩頸放鬆流程 / 藥證可查 / 依標示使用","NEEDS_HUMAN_UPLOAD_OR_SELECTION","NEEDS_HUMAN_REVIEW_SAFE_TERM_CHECK","APPROVED_FOR_MANUAL_SCHEDULE_ONLY","READY_FOR_MANUAL_LINE_OA_INPUT","MANUAL_ONLY_NOT_API","LINE_DRYRUN_023","LINE023","衛福部中藥許可證：衛署成製015614；類別：乙類成藥；劑型：油膏劑。","退換貨、付款、客服、出貨、價格、通路與任何見證內容，發布前須由人工確認。","人工複製到 LINE OA 後台排程；不得用 API 自動發布。"
"2026-06-28","20:00","文字訊息","油膏劑為什麼適合局部按摩","油膏劑為什麼適合局部按摩

下單前，先看得懂標示與成分，比聽誇張話術更安心。

這款定位是外用油膏，重點是局部按摩、依標示使用。衛署成製015614，乙類成藥，資料可至衛福部中藥許可證系統查詢。

外用產品請依標示使用；身體不適、症狀持續或惡化時，請諮詢醫師或藥師。
下單前可先私訊索取藥證查詢方式與外盒標示照片。","私訊索取藥證查詢方式與外盒標示照片","圖卡：油膏劑為什麼適合局部按摩 / 藥證可查 / 依標示使用","NEEDS_HUMAN_UPLOAD_OR_SELECTION","NEEDS_HUMAN_REVIEW_SAFE_TERM_CHECK","APPROVED_FOR_MANUAL_SCHEDULE_ONLY","READY_FOR_MANUAL_LINE_OA_INPUT","MANUAL_ONLY_NOT_API","LINE_DRYRUN_024","LINE024","衛福部中藥許可證：衛署成製015614；類別：乙類成藥；劑型：油膏劑。","退換貨、付款、客服、出貨、價格、通路與任何見證內容，發布前須由人工確認。","人工複製到 LINE OA 後台排程；不得用 API 自動發布。"
"2026-06-29","12:00","文字訊息","大暑午後少久站硬撐","大暑午後少久站硬撐

換季時，身體保養不需要複雜，穩定的小習慣比較長久。

這款定位是外用油膏，重點是局部按摩、依標示使用。衛署成製015614，乙類成藥，資料可至衛福部中藥許可證系統查詢。

外用產品請依標示使用；身體不適、症狀持續或惡化時，請諮詢醫師或藥師。
下單前可先私訊索取藥證查詢方式與外盒標示照片。","私訊索取藥證查詢方式與外盒標示照片","圖卡：大暑午後少久站硬撐 / 藥證可查 / 依標示使用","NEEDS_HUMAN_UPLOAD_OR_SELECTION","NEEDS_HUMAN_REVIEW_SAFE_TERM_CHECK","APPROVED_FOR_MANUAL_SCHEDULE_ONLY","READY_FOR_MANUAL_LINE_OA_INPUT","MANUAL_ONLY_NOT_API","LINE_DRYRUN_025","LINE025","衛福部中藥許可證：衛署成製015614；類別：乙類成藥；劑型：油膏劑。","退換貨、付款、客服、出貨、價格、通路與任何見證內容，發布前須由人工確認。","人工複製到 LINE OA 後台排程；不得用 API 自動發布。"
"2026-06-29","20:00","文字訊息","不要密封包紮或大面積厚敷","不要密封包紮或大面積厚敷

外用產品不是擦越多越好，用對位置、避開風險才安心。

這款定位是外用油膏，重點是局部按摩、依標示使用。衛署成製015614，乙類成藥，資料可至衛福部中藥許可證系統查詢。

外用產品請依標示使用；身體不適、症狀持續或惡化時，請諮詢醫師或藥師。
下單前可先私訊索取藥證查詢方式與外盒標示照片。","私訊索取藥證查詢方式與外盒標示照片","圖卡：不要密封包紮或大面積厚敷 / 藥證可查 / 依標示使用","NEEDS_HUMAN_UPLOAD_OR_SELECTION","NEEDS_HUMAN_REVIEW_SAFE_TERM_CHECK","APPROVED_FOR_MANUAL_SCHEDULE_ONLY","READY_FOR_MANUAL_LINE_OA_INPUT","MANUAL_ONLY_NOT_API","LINE_DRYRUN_026","LINE026","衛福部中藥許可證：衛署成製015614；類別：乙類成藥；劑型：油膏劑。","退換貨、付款、客服、出貨、價格、通路與任何見證內容，發布前須由人工確認。","人工複製到 LINE OA 後台排程；不得用 API 自動發布。"
"2026-06-30","12:00","文字訊息","藥證可查代表什麼","藥證可查代表什麼

我們寧願把資料講清楚，也不想用誇大的話讓你衝動購買。

這款定位是外用油膏，重點是局部按摩、依標示使用。衛署成製015614，乙類成藥，資料可至衛福部中藥許可證系統查詢。

外用產品請依標示使用；身體不適、症狀持續或惡化時，請諮詢醫師或藥師。
下單前可先私訊索取藥證查詢方式與外盒標示照片。","私訊索取藥證查詢方式與外盒標示照片","圖卡：藥證可查代表什麼 / 藥證可查 / 依標示使用","NEEDS_HUMAN_UPLOAD_OR_SELECTION","NEEDS_HUMAN_REVIEW_SAFE_TERM_CHECK","APPROVED_FOR_MANUAL_SCHEDULE_ONLY","READY_FOR_MANUAL_LINE_OA_INPUT","MANUAL_ONLY_NOT_API","LINE_DRYRUN_027","LINE027","衛福部中藥許可證：衛署成製015614；類別：乙類成藥；劑型：油膏劑。","退換貨、付款、客服、出貨、價格、通路與任何見證內容，發布前須由人工確認。","人工複製到 LINE OA 後台排程；不得用 API 自動發布。"
"2026-06-30","20:00","文字訊息","涼感越強越有效嗎","涼感越強越有效嗎

很多人不是不想保養，是不知道什麼情況該先問清楚。

這款定位是外用油膏，重點是局部按摩、依標示使用。衛署成製015614，乙類成藥，資料可至衛福部中藥許可證系統查詢。

外用產品請依標示使用；身體不適、症狀持續或惡化時，請諮詢醫師或藥師。
下單前可先私訊索取藥證查詢方式與外盒標示照片。","私訊索取藥證查詢方式與外盒標示照片","圖卡：涼感越強越有效嗎 / 藥證可查 / 依標示使用","NEEDS_HUMAN_UPLOAD_OR_SELECTION","NEEDS_HUMAN_REVIEW_SAFE_TERM_CHECK","APPROVED_FOR_MANUAL_SCHEDULE_ONLY","READY_FOR_MANUAL_LINE_OA_INPUT","MANUAL_ONLY_NOT_API","LINE_DRYRUN_028","LINE028","衛福部中藥許可證：衛署成製015614；類別：乙類成藥；劑型：油膏劑。","退換貨、付款、客服、出貨、價格、通路與任何見證內容，發布前須由人工確認。","人工複製到 LINE OA 後台排程；不得用 API 自動發布。"
"2026-07-01","12:00","文字訊息","重訓後肩背局部舒緩","重訓後肩背局部舒緩

運動、搬重物、久站後，身體局部不適時，先休息、觀察，再做保守保養。

這款定位是外用油膏，重點是局部按摩、依標示使用。衛署成製015614，乙類成藥，資料可至衛福部中藥許可證系統查詢。

外用產品請依標示使用；身體不適、症狀持續或惡化時，請諮詢醫師或藥師。
下單前可先私訊索取藥證查詢方式與外盒標示照片。","私訊索取藥證查詢方式與外盒標示照片","圖卡：重訓後肩背局部舒緩 / 藥證可查 / 依標示使用","NEEDS_HUMAN_UPLOAD_OR_SELECTION","PASS_DRY_RUN_PENDING_HUMAN_REVIEW","APPROVED_FOR_MANUAL_SCHEDULE_ONLY","READY_FOR_MANUAL_LINE_OA_INPUT","MANUAL_ONLY_NOT_API","LINE_DRYRUN_029","LINE029","衛福部中藥許可證：衛署成製015614；類別：乙類成藥；劑型：油膏劑。","退換貨、付款、客服、出貨、價格、通路與任何見證內容，發布前須由人工確認。","人工複製到 LINE OA 後台排程；不得用 API 自動發布。"
"2026-07-01","20:00","文字訊息","乙類成藥與一般保健品差異","乙類成藥與一般保健品差異

下單前，先看得懂標示與成分，比聽誇張話術更安心。

這款定位是外用油膏，重點是局部按摩、依標示使用。衛署成製015614，乙類成藥，資料可至衛福部中藥許可證系統查詢。

外用產品請依標示使用；身體不適、症狀持續或惡化時，請諮詢醫師或藥師。
下單前可先私訊索取藥證查詢方式與外盒標示照片。","私訊索取藥證查詢方式與外盒標示照片","圖卡：乙類成藥與一般保健品差異 / 藥證可查 / 依標示使用","NEEDS_HUMAN_UPLOAD_OR_SELECTION","NEEDS_HUMAN_REVIEW_SAFE_TERM_CHECK","APPROVED_FOR_MANUAL_SCHEDULE_ONLY","READY_FOR_MANUAL_LINE_OA_INPUT","MANUAL_ONLY_NOT_API","LINE_DRYRUN_030","LINE030","衛福部中藥許可證：衛署成製015614；類別：乙類成藥；劑型：油膏劑。","退換貨、付款、客服、出貨、價格、通路與任何見證內容，發布前須由人工確認。","人工複製到 LINE OA 後台排程；不得用 API 自動發布。"
"2026-07-02","12:00","文字訊息","天氣變化時的活動舒適感","天氣變化時的活動舒適感

幫長輩準備外用產品時，最重要的是安全、清楚、不要亂用。

這款定位是外用油膏，重點是局部按摩、依標示使用。衛署成製015614，乙類成藥，資料可至衛福部中藥許可證系統查詢。

外用產品請依標示使用；身體不適、症狀持續或惡化時，請諮詢醫師或藥師。
下單前可先私訊索取藥證查詢方式與外盒標示照片。","私訊索取藥證查詢方式與外盒標示照片","圖卡：天氣變化時的活動舒適感 / 藥證可查 / 依標示使用","NEEDS_HUMAN_UPLOAD_OR_SELECTION","NEEDS_HUMAN_REVIEW_SAFE_TERM_CHECK","APPROVED_FOR_MANUAL_SCHEDULE_ONLY","READY_FOR_MANUAL_LINE_OA_INPUT","MANUAL_ONLY_NOT_API","LINE_DRYRUN_031","LINE031","衛福部中藥許可證：衛署成製015614；類別：乙類成藥；劑型：油膏劑。","退換貨、付款、客服、出貨、價格、通路與任何見證內容，發布前須由人工確認。","人工複製到 LINE OA 後台排程；不得用 API 自動發布。"
"2026-07-02","20:00","文字訊息","水楊酸或阿斯匹靈過敏者注意","水楊酸或阿斯匹靈過敏者注意

外用產品不是擦越多越好，用對位置、避開風險才安心。

這款定位是外用油膏，重點是局部按摩、依標示使用。衛署成製015614，乙類成藥，資料可至衛福部中藥許可證系統查詢。

外用產品請依標示使用；身體不適、症狀持續或惡化時，請諮詢醫師或藥師。
下單前可先私訊索取藥證查詢方式與外盒標示照片。","私訊索取藥證查詢方式與外盒標示照片","圖卡：水楊酸或阿斯匹靈過敏者注意 / 藥證可查 / 依標示使用","NEEDS_HUMAN_UPLOAD_OR_SELECTION","NEEDS_HUMAN_REVIEW_SAFE_TERM_CHECK","APPROVED_FOR_MANUAL_SCHEDULE_ONLY","READY_FOR_MANUAL_LINE_OA_INPUT","MANUAL_ONLY_NOT_API","LINE_DRYRUN_032","LINE032","衛福部中藥許可證：衛署成製015614；類別：乙類成藥；劑型：油膏劑。","退換貨、付款、客服、出貨、價格、通路與任何見證內容，發布前須由人工確認。","人工複製到 LINE OA 後台排程；不得用 API 自動發布。"
"2026-07-03","12:00","文字訊息","立秋後早晚溫差保養","立秋後早晚溫差保養

換季時，身體保養不需要複雜，穩定的小習慣比較長久。

這款定位是外用油膏，重點是局部按摩、依標示使用。衛署成製015614，乙類成藥，資料可至衛福部中藥許可證系統查詢。

外用產品請依標示使用；身體不適、症狀持續或惡化時，請諮詢醫師或藥師。
下單前可先私訊索取藥證查詢方式與外盒標示照片。","私訊索取藥證查詢方式與外盒標示照片","圖卡：立秋後早晚溫差保養 / 藥證可查 / 依標示使用","NEEDS_HUMAN_UPLOAD_OR_SELECTION","NEEDS_HUMAN_REVIEW_SAFE_TERM_CHECK","APPROVED_FOR_MANUAL_SCHEDULE_ONLY","READY_FOR_MANUAL_LINE_OA_INPUT","MANUAL_ONLY_NOT_API","LINE_DRYRUN_033","LINE033","衛福部中藥許可證：衛署成製015614；類別：乙類成藥；劑型：油膏劑。","退換貨、付款、客服、出貨、價格、通路與任何見證內容，發布前須由人工確認。","人工複製到 LINE OA 後台排程；不得用 API 自動發布。"
"2026-07-03","20:00","文字訊息","家事後手臂不適保養","家事後手臂不適保養

運動、搬重物、久站後，身體局部不適時，先休息、觀察，再做保守保養。

這款定位是外用油膏，重點是局部按摩、依標示使用。衛署成製015614，乙類成藥，資料可至衛福部中藥許可證系統查詢。

外用產品請依標示使用；身體不適、症狀持續或惡化時，請諮詢醫師或藥師。
下單前可先私訊索取藥證查詢方式與外盒標示照片。","私訊索取藥證查詢方式與外盒標示照片","圖卡：家事後手臂不適保養 / 藥證可查 / 依標示使用","NEEDS_HUMAN_UPLOAD_OR_SELECTION","NEEDS_HUMAN_REVIEW_SAFE_TERM_CHECK","APPROVED_FOR_MANUAL_SCHEDULE_ONLY","READY_FOR_MANUAL_LINE_OA_INPUT","MANUAL_ONLY_NOT_API","LINE_DRYRUN_034","LINE034","衛福部中藥許可證：衛署成製015614；類別：乙類成藥；劑型：油膏劑。","退換貨、付款、客服、出貨、價格、通路與任何見證內容，發布前須由人工確認。","人工複製到 LINE OA 後台排程；不得用 API 自動發布。"
"2026-07-04","12:00","文字訊息","你有看過外用產品標示嗎","你有看過外用產品標示嗎

很多人不是不想保養，是不知道什麼情況該先問清楚。

這款定位是外用油膏，重點是局部按摩、依標示使用。衛署成製015614，乙類成藥，資料可至衛福部中藥許可證系統查詢。

外用產品請依標示使用；身體不適、症狀持續或惡化時，請諮詢醫師或藥師。
下單前可先私訊索取藥證查詢方式與外盒標示照片。","私訊索取藥證查詢方式與外盒標示照片","圖卡：你有看過外用產品標示嗎 / 藥證可查 / 依標示使用","NEEDS_HUMAN_UPLOAD_OR_SELECTION","NEEDS_HUMAN_REVIEW_SAFE_TERM_CHECK","APPROVED_FOR_MANUAL_SCHEDULE_ONLY","READY_FOR_MANUAL_LINE_OA_INPUT","MANUAL_ONLY_NOT_API","LINE_DRYRUN_035","LINE035","衛福部中藥許可證：衛署成製015614；類別：乙類成藥；劑型：油膏劑。","退換貨、付款、客服、出貨、價格、通路與任何見證內容，發布前須由人工確認。","人工複製到 LINE OA 後台排程；不得用 API 自動發布。"
"2026-07-04","20:00","文字訊息","長輩按摩力道不要過重","長輩按摩力道不要過重

幫長輩準備外用產品時，最重要的是安全、清楚、不要亂用。

這款定位是外用油膏，重點是局部按摩、依標示使用。衛署成製015614，乙類成藥，資料可至衛福部中藥許可證系統查詢。

外用產品請依標示使用；身體不適、症狀持續或惡化時，請諮詢醫師或藥師。
下單前可先私訊索取藥證查詢方式與外盒標示照片。","私訊索取藥證查詢方式與外盒標示照片","圖卡：長輩按摩力道不要過重 / 藥證可查 / 依標示使用","NEEDS_HUMAN_UPLOAD_OR_SELECTION","NEEDS_HUMAN_REVIEW_SAFE_TERM_CHECK","APPROVED_FOR_MANUAL_SCHEDULE_ONLY","READY_FOR_MANUAL_LINE_OA_INPUT","MANUAL_ONLY_NOT_API","LINE_DRYRUN_036","LINE036","衛福部中藥許可證：衛署成製015614；類別：乙類成藥；劑型：油膏劑。","退換貨、付款、客服、出貨、價格、通路與任何見證內容，發布前須由人工確認。","人工複製到 LINE OA 後台排程；不得用 API 自動發布。"
"2026-07-05","12:00","文字訊息","開會久坐後的腰背舒緩","開會久坐後的腰背舒緩

久坐、低頭、開會一整天後，肩頸常會提醒你該放鬆一下。

這款定位是外用油膏，重點是局部按摩、依標示使用。衛署成製015614，乙類成藥，資料可至衛福部中藥許可證系統查詢。

外用產品請依標示使用；身體不適、症狀持續或惡化時，請諮詢醫師或藥師。
下單前可先私訊索取藥證查詢方式與外盒標示照片。","私訊索取藥證查詢方式與外盒標示照片","圖卡：開會久坐後的腰背舒緩 / 藥證可查 / 依標示使用","NEEDS_HUMAN_UPLOAD_OR_SELECTION","NEEDS_HUMAN_REVIEW_SAFE_TERM_CHECK","APPROVED_FOR_MANUAL_SCHEDULE_ONLY","READY_FOR_MANUAL_LINE_OA_INPUT","MANUAL_ONLY_NOT_API","LINE_DRYRUN_037","LINE037","衛福部中藥許可證：衛署成製015614；類別：乙類成藥；劑型：油膏劑。","退換貨、付款、客服、出貨、價格、通路與任何見證內容，發布前須由人工確認。","人工複製到 LINE OA 後台排程；不得用 API 自動發布。"
"2026-07-05","20:00","文字訊息","一條根外用膏的日常定位","一條根外用膏的日常定位

下單前，先看得懂標示與成分，比聽誇張話術更安心。

這款定位是外用油膏，重點是局部按摩、依標示使用。衛署成製015614，乙類成藥，資料可至衛福部中藥許可證系統查詢。

外用產品請依標示使用；身體不適、症狀持續或惡化時，請諮詢醫師或藥師。
下單前可先私訊索取藥證查詢方式與外盒標示照片。","私訊索取藥證查詢方式與外盒標示照片","圖卡：一條根外用膏的日常定位 / 藥證可查 / 依標示使用","NEEDS_HUMAN_UPLOAD_OR_SELECTION","NEEDS_HUMAN_REVIEW_SAFE_TERM_CHECK","APPROVED_FOR_MANUAL_SCHEDULE_ONLY","READY_FOR_MANUAL_LINE_OA_INPUT","MANUAL_ONLY_NOT_API","LINE_DRYRUN_038","LINE038","衛福部中藥許可證：衛署成製015614；類別：乙類成藥；劑型：油膏劑。","退換貨、付款、客服、出貨、價格、通路與任何見證內容，發布前須由人工確認。","人工複製到 LINE OA 後台排程；不得用 API 自動發布。"
"2026-07-06","12:00","文字訊息","處暑後運動暖身提醒","處暑後運動暖身提醒

換季時，身體保養不需要複雜，穩定的小習慣比較長久。

這款定位是外用油膏，重點是局部按摩、依標示使用。衛署成製015614，乙類成藥，資料可至衛福部中藥許可證系統查詢。

外用產品請依標示使用；身體不適、症狀持續或惡化時，請諮詢醫師或藥師。
下單前可先私訊索取藥證查詢方式與外盒標示照片。","私訊索取藥證查詢方式與外盒標示照片","圖卡：處暑後運動暖身提醒 / 藥證可查 / 依標示使用","NEEDS_HUMAN_UPLOAD_OR_SELECTION","NEEDS_HUMAN_REVIEW_SAFE_TERM_CHECK","APPROVED_FOR_MANUAL_SCHEDULE_ONLY","READY_FOR_MANUAL_LINE_OA_INPUT","MANUAL_ONLY_NOT_API","LINE_DRYRUN_039","LINE039","衛福部中藥許可證：衛署成製015614；類別：乙類成藥；劑型：油膏劑。","退換貨、付款、客服、出貨、價格、通路與任何見證內容，發布前須由人工確認。","人工複製到 LINE OA 後台排程；不得用 API 自動發布。"
"2026-07-06","20:00","文字訊息","兒童使用前的安全提醒","兒童使用前的安全提醒

外用產品不是擦越多越好，用對位置、避開風險才安心。

這款定位是外用油膏，重點是局部按摩、依標示使用。衛署成製015614，乙類成藥，資料可至衛福部中藥許可證系統查詢。

外用產品請依標示使用；身體不適、症狀持續或惡化時，請諮詢醫師或藥師。
下單前可先私訊索取藥證查詢方式與外盒標示照片。","私訊索取藥證查詢方式與外盒標示照片","圖卡：兒童使用前的安全提醒 / 藥證可查 / 依標示使用","NEEDS_HUMAN_UPLOAD_OR_SELECTION","NEEDS_HUMAN_REVIEW_SAFE_TERM_CHECK","APPROVED_FOR_MANUAL_SCHEDULE_ONLY","READY_FOR_MANUAL_LINE_OA_INPUT","MANUAL_ONLY_NOT_API","LINE_DRYRUN_040","LINE040","衛福部中藥許可證：衛署成製015614；類別：乙類成藥；劑型：油膏劑。","退換貨、付款、客服、出貨、價格、通路與任何見證內容，發布前須由人工確認。","人工複製到 LINE OA 後台排程；不得用 API 自動發布。"
"2026-07-07","12:00","文字訊息","外用膏廣告為什麼要保守","外用膏廣告為什麼要保守

我們寧願把資料講清楚，也不想用誇大的話讓你衝動購買。

這款定位是外用油膏，重點是局部按摩、依標示使用。衛署成製015614，乙類成藥，資料可至衛福部中藥許可證系統查詢。

外用產品請依標示使用；身體不適、症狀持續或惡化時，請諮詢醫師或藥師。
下單前可先私訊索取藥證查詢方式與外盒標示照片。","私訊索取藥證查詢方式與外盒標示照片","圖卡：外用膏廣告為什麼要保守 / 藥證可查 / 依標示使用","NEEDS_HUMAN_UPLOAD_OR_SELECTION","NEEDS_HUMAN_REVIEW_SAFE_TERM_CHECK","APPROVED_FOR_MANUAL_SCHEDULE_ONLY","READY_FOR_MANUAL_LINE_OA_INPUT","MANUAL_ONLY_NOT_API","LINE_DRYRUN_041","LINE041","衛福部中藥許可證：衛署成製015614；類別：乙類成藥；劑型：油膏劑。","退換貨、付款、客服、出貨、價格、通路與任何見證內容，發布前須由人工確認。","人工複製到 LINE OA 後台排程；不得用 API 自動發布。"
"2026-07-07","20:00","文字訊息","久坐族最想舒緩哪裡","久坐族最想舒緩哪裡

很多人不是不想保養，是不知道什麼情況該先問清楚。

這款定位是外用油膏，重點是局部按摩、依標示使用。衛署成製015614，乙類成藥，資料可至衛福部中藥許可證系統查詢。

外用產品請依標示使用；身體不適、症狀持續或惡化時，請諮詢醫師或藥師。
下單前可先私訊索取藥證查詢方式與外盒標示照片。","私訊索取藥證查詢方式與外盒標示照片","圖卡：久坐族最想舒緩哪裡 / 藥證可查 / 依標示使用","NEEDS_HUMAN_UPLOAD_OR_SELECTION","NEEDS_HUMAN_REVIEW_SAFE_TERM_CHECK","APPROVED_FOR_MANUAL_SCHEDULE_ONLY","READY_FOR_MANUAL_LINE_OA_INPUT","MANUAL_ONLY_NOT_API","LINE_DRYRUN_042","LINE042","衛福部中藥許可證：衛署成製015614；類別：乙類成藥；劑型：油膏劑。","退換貨、付款、客服、出貨、價格、通路與任何見證內容，發布前須由人工確認。","人工複製到 LINE OA 後台排程；不得用 API 自動發布。"
"2026-07-08","12:00","文字訊息","跑步後膝周不適的保守提醒","跑步後膝周不適的保守提醒

運動、搬重物、久站後，身體局部不適時，先休息、觀察，再做保守保養。

這款定位是外用油膏，重點是局部按摩、依標示使用。衛署成製015614，乙類成藥，資料可至衛福部中藥許可證系統查詢。

外用產品請依標示使用；身體不適、症狀持續或惡化時，請諮詢醫師或藥師。
下單前可先私訊索取藥證查詢方式與外盒標示照片。","私訊索取藥證查詢方式與外盒標示照片","圖卡：跑步後膝周不適的保守提醒 / 藥證可查 / 依標示使用","NEEDS_HUMAN_UPLOAD_OR_SELECTION","NEEDS_HUMAN_REVIEW_SAFE_TERM_CHECK","APPROVED_FOR_MANUAL_SCHEDULE_ONLY","READY_FOR_MANUAL_LINE_OA_INPUT","MANUAL_ONLY_NOT_API","LINE_DRYRUN_043","LINE043","衛福部中藥許可證：衛署成製015614；類別：乙類成藥；劑型：油膏劑。","退換貨、付款、客服、出貨、價格、通路與任何見證內容，發布前須由人工確認。","人工複製到 LINE OA 後台排程；不得用 API 自動發布。"
"2026-07-08","20:00","文字訊息","成分濃度為什麼要看標示","成分濃度為什麼要看標示

下單前，先看得懂標示與成分，比聽誇張話術更安心。

這款定位是外用油膏，重點是局部按摩、依標示使用。衛署成製015614，乙類成藥，資料可至衛福部中藥許可證系統查詢。

外用產品請依標示使用；身體不適、症狀持續或惡化時，請諮詢醫師或藥師。
下單前可先私訊索取藥證查詢方式與外盒標示照片。","私訊索取藥證查詢方式與外盒標示照片","圖卡：成分濃度為什麼要看標示 / 藥證可查 / 依標示使用","NEEDS_HUMAN_UPLOAD_OR_SELECTION","NEEDS_HUMAN_REVIEW_SAFE_TERM_CHECK","APPROVED_FOR_MANUAL_SCHEDULE_ONLY","READY_FOR_MANUAL_LINE_OA_INPUT","MANUAL_ONLY_NOT_API","LINE_DRYRUN_044","LINE044","衛福部中藥許可證：衛署成製015614；類別：乙類成藥；劑型：油膏劑。","退換貨、付款、客服、出貨、價格、通路與任何見證內容，發布前須由人工確認。","人工複製到 LINE OA 後台排程；不得用 API 自動發布。"
"2026-07-09","12:00","文字訊息","照顧爸媽時的外用提醒","照顧爸媽時的外用提醒

幫長輩準備外用產品時，最重要的是安全、清楚、不要亂用。

這款定位是外用油膏，重點是局部按摩、依標示使用。衛署成製015614，乙類成藥，資料可至衛福部中藥許可證系統查詢。

外用產品請依標示使用；身體不適、症狀持續或惡化時，請諮詢醫師或藥師。
下單前可先私訊索取藥證查詢方式與外盒標示照片。","私訊索取藥證查詢方式與外盒標示照片","圖卡：照顧爸媽時的外用提醒 / 藥證可查 / 依標示使用","NEEDS_HUMAN_UPLOAD_OR_SELECTION","NEEDS_HUMAN_REVIEW_SAFE_TERM_CHECK","APPROVED_FOR_MANUAL_SCHEDULE_ONLY","READY_FOR_MANUAL_LINE_OA_INPUT","MANUAL_ONLY_NOT_API","LINE_DRYRUN_045","LINE045","衛福部中藥許可證：衛署成製015614；類別：乙類成藥；劑型：油膏劑。","退換貨、付款、客服、出貨、價格、通路與任何見證內容，發布前須由人工確認。","人工複製到 LINE OA 後台排程；不得用 API 自動發布。"
"2026-07-09","20:00","文字訊息","孕婦與哺乳族群先詢問專業人員","孕婦與哺乳族群先詢問專業人員

外用產品不是擦越多越好，用對位置、避開風險才安心。

這款定位是外用油膏，重點是局部按摩、依標示使用。衛署成製015614，乙類成藥，資料可至衛福部中藥許可證系統查詢。

外用產品請依標示使用；身體不適、症狀持續或惡化時，請諮詢醫師或藥師。
下單前可先私訊索取藥證查詢方式與外盒標示照片。","私訊索取藥證查詢方式與外盒標示照片","圖卡：孕婦與哺乳族群先詢問專業人員 / 藥證可查 / 依標示使用","NEEDS_HUMAN_UPLOAD_OR_SELECTION","NEEDS_HUMAN_REVIEW_SAFE_TERM_CHECK","APPROVED_FOR_MANUAL_SCHEDULE_ONLY","READY_FOR_MANUAL_LINE_OA_INPUT","MANUAL_ONLY_NOT_API","LINE_DRYRUN_046","LINE046","衛福部中藥許可證：衛署成製015614；類別：乙類成藥；劑型：油膏劑。","退換貨、付款、客服、出貨、價格、通路與任何見證內容，發布前須由人工確認。","人工複製到 LINE OA 後台排程；不得用 API 自動發布。"
"2026-07-10","12:00","文字訊息","白露時節關心長輩活動","白露時節關心長輩活動

換季時，身體保養不需要複雜，穩定的小習慣比較長久。

這款定位是外用油膏，重點是局部按摩、依標示使用。衛署成製015614，乙類成藥，資料可至衛福部中藥許可證系統查詢。

外用產品請依標示使用；身體不適、症狀持續或惡化時，請諮詢醫師或藥師。
下單前可先私訊索取藥證查詢方式與外盒標示照片。","私訊索取藥證查詢方式與外盒標示照片","圖卡：白露時節關心長輩活動 / 藥證可查 / 依標示使用","NEEDS_HUMAN_UPLOAD_OR_SELECTION","NEEDS_HUMAN_REVIEW_SAFE_TERM_CHECK","APPROVED_FOR_MANUAL_SCHEDULE_ONLY","READY_FOR_MANUAL_LINE_OA_INPUT","MANUAL_ONLY_NOT_API","LINE_DRYRUN_047","LINE047","衛福部中藥許可證：衛署成製015614；類別：乙類成藥；劑型：油膏劑。","退換貨、付款、客服、出貨、價格、通路與任何見證內容，發布前須由人工確認。","人工複製到 LINE OA 後台排程；不得用 API 自動發布。"
"2026-07-10","20:00","文字訊息","勞動後先休息再按摩","勞動後先休息再按摩

運動、搬重物、久站後，身體局部不適時，先休息、觀察，再做保守保養。

這款定位是外用油膏，重點是局部按摩、依標示使用。衛署成製015614，乙類成藥，資料可至衛福部中藥許可證系統查詢。

外用產品請依標示使用；身體不適、症狀持續或惡化時，請諮詢醫師或藥師。
下單前可先私訊索取藥證查詢方式與外盒標示照片。","私訊索取藥證查詢方式與外盒標示照片","圖卡：勞動後先休息再按摩 / 藥證可查 / 依標示使用","NEEDS_HUMAN_UPLOAD_OR_SELECTION","NEEDS_HUMAN_REVIEW_SAFE_TERM_CHECK","APPROVED_FOR_MANUAL_SCHEDULE_ONLY","READY_FOR_MANUAL_LINE_OA_INPUT","MANUAL_ONLY_NOT_API","LINE_DRYRUN_048","LINE048","衛福部中藥許可證：衛署成製015614；類別：乙類成藥；劑型：油膏劑。","退換貨、付款、客服、出貨、價格、通路與任何見證內容，發布前須由人工確認。","人工複製到 LINE OA 後台排程；不得用 API 自動發布。"
"2026-07-11","12:00","文字訊息","長輩使用外用膏你會提醒什麼","長輩使用外用膏你會提醒什麼

很多人不是不想保養，是不知道什麼情況該先問清楚。

這款定位是外用油膏，重點是局部按摩、依標示使用。衛署成製015614，乙類成藥，資料可至衛福部中藥許可證系統查詢。

外用產品請依標示使用；身體不適、症狀持續或惡化時，請諮詢醫師或藥師。
下單前可先私訊索取藥證查詢方式與外盒標示照片。","私訊索取藥證查詢方式與外盒標示照片","圖卡：長輩使用外用膏你會提醒什麼 / 藥證可查 / 依標示使用","NEEDS_HUMAN_UPLOAD_OR_SELECTION","NEEDS_HUMAN_REVIEW_SAFE_TERM_CHECK","APPROVED_FOR_MANUAL_SCHEDULE_ONLY","READY_FOR_MANUAL_LINE_OA_INPUT","MANUAL_ONLY_NOT_API","LINE_DRYRUN_049","LINE049","衛福部中藥許可證：衛署成製015614；類別：乙類成藥；劑型：油膏劑。","退換貨、付款、客服、出貨、價格、通路與任何見證內容，發布前須由人工確認。","人工複製到 LINE OA 後台排程；不得用 API 自動發布。"
"2026-07-11","20:00","文字訊息","日常活動舒適度的三個習慣","日常活動舒適度的三個習慣

幫長輩準備外用產品時，最重要的是安全、清楚、不要亂用。

這款定位是外用油膏，重點是局部按摩、依標示使用。衛署成製015614，乙類成藥，資料可至衛福部中藥許可證系統查詢。

外用產品請依標示使用；身體不適、症狀持續或惡化時，請諮詢醫師或藥師。
下單前可先私訊索取藥證查詢方式與外盒標示照片。","私訊索取藥證查詢方式與外盒標示照片","圖卡：日常活動舒適度的三個習慣 / 藥證可查 / 依標示使用","NEEDS_HUMAN_UPLOAD_OR_SELECTION","NEEDS_HUMAN_REVIEW_SAFE_TERM_CHECK","APPROVED_FOR_MANUAL_SCHEDULE_ONLY","READY_FOR_MANUAL_LINE_OA_INPUT","MANUAL_ONLY_NOT_API","LINE_DRYRUN_050","LINE050","衛福部中藥許可證：衛署成製015614；類別：乙類成藥；劑型：油膏劑。","退換貨、付款、客服、出貨、價格、通路與任何見證內容，發布前須由人工確認。","人工複製到 LINE OA 後台排程；不得用 API 自動發布。"
"2026-07-12","12:00","文字訊息","下班前五分鐘伸展","下班前五分鐘伸展

久坐、低頭、開會一整天後，肩頸常會提醒你該放鬆一下。

這款定位是外用油膏，重點是局部按摩、依標示使用。衛署成製015614，乙類成藥，資料可至衛福部中藥許可證系統查詢。

外用產品請依標示使用；身體不適、症狀持續或惡化時，請諮詢醫師或藥師。
下單前可先私訊索取藥證查詢方式與外盒標示照片。","私訊索取藥證查詢方式與外盒標示照片","圖卡：下班前五分鐘伸展 / 藥證可查 / 依標示使用","NEEDS_HUMAN_UPLOAD_OR_SELECTION","NEEDS_HUMAN_REVIEW_SAFE_TERM_CHECK","APPROVED_FOR_MANUAL_SCHEDULE_ONLY","READY_FOR_MANUAL_LINE_OA_INPUT","MANUAL_ONLY_NOT_API","LINE_DRYRUN_051","LINE051","衛福部中藥許可證：衛署成製015614；類別：乙類成藥；劑型：油膏劑。","退換貨、付款、客服、出貨、價格、通路與任何見證內容，發布前須由人工確認。","人工複製到 LINE OA 後台排程；不得用 API 自動發布。"
"2026-07-12","20:00","文字訊息","局部按摩和大面積厚敷的差別","局部按摩和大面積厚敷的差別

下單前，先看得懂標示與成分，比聽誇張話術更安心。

這款定位是外用油膏，重點是局部按摩、依標示使用。衛署成製015614，乙類成藥，資料可至衛福部中藥許可證系統查詢。

外用產品請依標示使用；身體不適、症狀持續或惡化時，請諮詢醫師或藥師。
下單前可先私訊索取藥證查詢方式與外盒標示照片。","私訊索取藥證查詢方式與外盒標示照片","圖卡：局部按摩和大面積厚敷的差別 / 藥證可查 / 依標示使用","NEEDS_HUMAN_UPLOAD_OR_SELECTION","NEEDS_HUMAN_REVIEW_SAFE_TERM_CHECK","APPROVED_FOR_MANUAL_SCHEDULE_ONLY","READY_FOR_MANUAL_LINE_OA_INPUT","MANUAL_ONLY_NOT_API","LINE_DRYRUN_052","LINE052","衛福部中藥許可證：衛署成製015614；類別：乙類成藥；劑型：油膏劑。","退換貨、付款、客服、出貨、價格、通路與任何見證內容，發布前須由人工確認。","人工複製到 LINE OA 後台排程；不得用 API 自動發布。"
"2026-07-13","12:00","文字訊息","秋分後外出前暖身","秋分後外出前暖身

換季時，身體保養不需要複雜，穩定的小習慣比較長久。

這款定位是外用油膏，重點是局部按摩、依標示使用。衛署成製015614，乙類成藥，資料可至衛福部中藥許可證系統查詢。

外用產品請依標示使用；身體不適、症狀持續或惡化時，請諮詢醫師或藥師。
下單前可先私訊索取藥證查詢方式與外盒標示照片。","私訊索取藥證查詢方式與外盒標示照片","圖卡：秋分後外出前暖身 / 藥證可查 / 依標示使用","NEEDS_HUMAN_UPLOAD_OR_SELECTION","NEEDS_HUMAN_REVIEW_SAFE_TERM_CHECK","APPROVED_FOR_MANUAL_SCHEDULE_ONLY","READY_FOR_MANUAL_LINE_OA_INPUT","MANUAL_ONLY_NOT_API","LINE_DRYRUN_053","LINE053","衛福部中藥許可證：衛署成製015614；類別：乙類成藥；劑型：油膏劑。","退換貨、付款、客服、出貨、價格、通路與任何見證內容，發布前須由人工確認。","人工複製到 LINE OA 後台排程；不得用 API 自動發布。"
"2026-07-13","20:00","文字訊息","症狀超過七天要停用並諮詢","症狀超過七天要停用並諮詢

外用產品不是擦越多越好，用對位置、避開風險才安心。

這款定位是外用油膏，重點是局部按摩、依標示使用。衛署成製015614，乙類成藥，資料可至衛福部中藥許可證系統查詢。

外用產品請依標示使用；身體不適、症狀持續或惡化時，請諮詢醫師或藥師。
下單前可先私訊索取藥證查詢方式與外盒標示照片。","私訊索取藥證查詢方式與外盒標示照片","圖卡：症狀超過七天要停用並諮詢 / 藥證可查 / 依標示使用","NEEDS_HUMAN_UPLOAD_OR_SELECTION","NEEDS_HUMAN_REVIEW_SAFE_TERM_CHECK","APPROVED_FOR_MANUAL_SCHEDULE_ONLY","READY_FOR_MANUAL_LINE_OA_INPUT","MANUAL_ONLY_NOT_API","LINE_DRYRUN_054","LINE054","衛福部中藥許可證：衛署成製015614；類別：乙類成藥；劑型：油膏劑。","退換貨、付款、客服、出貨、價格、通路與任何見證內容，發布前須由人工確認。","人工複製到 LINE OA 後台排程；不得用 API 自動發布。"
"2026-07-14","12:00","文字訊息","成分透明是基本功","成分透明是基本功

我們寧願把資料講清楚，也不想用誇大的話讓你衝動購買。

這款定位是外用油膏，重點是局部按摩、依標示使用。衛署成製015614，乙類成藥，資料可至衛福部中藥許可證系統查詢。

外用產品請依標示使用；身體不適、症狀持續或惡化時，請諮詢醫師或藥師。
下單前可先私訊索取藥證查詢方式與外盒標示照片。","私訊索取藥證查詢方式與外盒標示照片","圖卡：成分透明是基本功 / 藥證可查 / 依標示使用","NEEDS_HUMAN_UPLOAD_OR_SELECTION","NEEDS_HUMAN_REVIEW_SAFE_TERM_CHECK","APPROVED_FOR_MANUAL_SCHEDULE_ONLY","READY_FOR_MANUAL_LINE_OA_INPUT","MANUAL_ONLY_NOT_API","LINE_DRYRUN_055","LINE055","衛福部中藥許可證：衛署成製015614；類別：乙類成藥；劑型：油膏劑。","退換貨、付款、客服、出貨、價格、通路與任何見證內容，發布前須由人工確認。","人工複製到 LINE OA 後台排程；不得用 API 自動發布。"
"2026-07-14","20:00","文字訊息","一條根可以天天厚敷嗎","一條根可以天天厚敷嗎

很多人不是不想保養，是不知道什麼情況該先問清楚。

這款定位是外用油膏，重點是局部按摩、依標示使用。衛署成製015614，乙類成藥，資料可至衛福部中藥許可證系統查詢。

外用產品請依標示使用；身體不適、症狀持續或惡化時，請諮詢醫師或藥師。
下單前可先私訊索取藥證查詢方式與外盒標示照片。","私訊索取藥證查詢方式與外盒標示照片","圖卡：一條根可以天天厚敷嗎 / 藥證可查 / 依標示使用","NEEDS_HUMAN_UPLOAD_OR_SELECTION","NEEDS_HUMAN_REVIEW_SAFE_TERM_CHECK","APPROVED_FOR_MANUAL_SCHEDULE_ONLY","READY_FOR_MANUAL_LINE_OA_INPUT","MANUAL_ONLY_NOT_API","LINE_DRYRUN_056","LINE056","衛福部中藥許可證：衛署成製015614；類別：乙類成藥；劑型：油膏劑。","退換貨、付款、客服、出貨、價格、通路與任何見證內容，發布前須由人工確認。","人工複製到 LINE OA 後台排程；不得用 API 自動發布。"
"2026-07-15","12:00","文字訊息","運動後不要立刻熱敷加藥膏","運動後不要立刻熱敷加藥膏

運動、搬重物、久站後，身體局部不適時，先休息、觀察，再做保守保養。

這款定位是外用油膏，重點是局部按摩、依標示使用。衛署成製015614，乙類成藥，資料可至衛福部中藥許可證系統查詢。

外用產品請依標示使用；身體不適、症狀持續或惡化時，請諮詢醫師或藥師。
下單前可先私訊索取藥證查詢方式與外盒標示照片。","私訊索取藥證查詢方式與外盒標示照片","圖卡：運動後不要立刻熱敷加藥膏 / 藥證可查 / 依標示使用","NEEDS_HUMAN_UPLOAD_OR_SELECTION","NEEDS_HUMAN_REVIEW_SAFE_TERM_CHECK","APPROVED_FOR_MANUAL_SCHEDULE_ONLY","READY_FOR_MANUAL_LINE_OA_INPUT","MANUAL_ONLY_NOT_API","LINE_DRYRUN_057","LINE057","衛福部中藥許可證：衛署成製015614；類別：乙類成藥；劑型：油膏劑。","退換貨、付款、客服、出貨、價格、通路與任何見證內容，發布前須由人工確認。","人工複製到 LINE OA 後台排程；不得用 API 自動發布。"
"2026-07-15","20:00","文字訊息","使用前先小範圍測試","使用前先小範圍測試

下單前，先看得懂標示與成分，比聽誇張話術更安心。

這款定位是外用油膏，重點是局部按摩、依標示使用。衛署成製015614，乙類成藥，資料可至衛福部中藥許可證系統查詢。

外用產品請依標示使用；身體不適、症狀持續或惡化時，請諮詢醫師或藥師。
下單前可先私訊索取藥證查詢方式與外盒標示照片。","私訊索取藥證查詢方式與外盒標示照片","圖卡：使用前先小範圍測試 / 藥證可查 / 依標示使用","NEEDS_HUMAN_UPLOAD_OR_SELECTION","NEEDS_HUMAN_REVIEW_SAFE_TERM_CHECK","APPROVED_FOR_MANUAL_SCHEDULE_ONLY","READY_FOR_MANUAL_LINE_OA_INPUT","MANUAL_ONLY_NOT_API","LINE_DRYRUN_058","LINE058","衛福部中藥許可證：衛署成製015614；類別：乙類成藥；劑型：油膏劑。","退換貨、付款、客服、出貨、價格、通路與任何見證內容，發布前須由人工確認。","人工複製到 LINE OA 後台排程；不得用 API 自動發布。"
"2026-07-16","12:00","文字訊息","長輩使用前先看標示","長輩使用前先看標示

幫長輩準備外用產品時，最重要的是安全、清楚、不要亂用。

這款定位是外用油膏，重點是局部按摩、依標示使用。衛署成製015614，乙類成藥，資料可至衛福部中藥許可證系統查詢。

外用產品請依標示使用；身體不適、症狀持續或惡化時，請諮詢醫師或藥師。
下單前可先私訊索取藥證查詢方式與外盒標示照片。","私訊索取藥證查詢方式與外盒標示照片","圖卡：長輩使用前先看標示 / 藥證可查 / 依標示使用","NEEDS_HUMAN_UPLOAD_OR_SELECTION","NEEDS_HUMAN_REVIEW_SAFE_TERM_CHECK","APPROVED_FOR_MANUAL_SCHEDULE_ONLY","READY_FOR_MANUAL_LINE_OA_INPUT","MANUAL_ONLY_NOT_API","LINE_DRYRUN_059","LINE059","衛福部中藥許可證：衛署成製015614；類別：乙類成藥；劑型：油膏劑。","退換貨、付款、客服、出貨、價格、通路與任何見證內容，發布前須由人工確認。","人工複製到 LINE OA 後台排程；不得用 API 自動發布。"
"2026-07-16","20:00","文字訊息","皮膚刺激時要停止使用","皮膚刺激時要停止使用

外用產品不是擦越多越好，用對位置、避開風險才安心。

這款定位是外用油膏，重點是局部按摩、依標示使用。衛署成製015614，乙類成藥，資料可至衛福部中藥許可證系統查詢。

外用產品請依標示使用；身體不適、症狀持續或惡化時，請諮詢醫師或藥師。
下單前可先私訊索取藥證查詢方式與外盒標示照片。","私訊索取藥證查詢方式與外盒標示照片","圖卡：皮膚刺激時要停止使用 / 藥證可查 / 依標示使用","NEEDS_HUMAN_UPLOAD_OR_SELECTION","NEEDS_HUMAN_REVIEW_SAFE_TERM_CHECK","APPROVED_FOR_MANUAL_SCHEDULE_ONLY","READY_FOR_MANUAL_LINE_OA_INPUT","MANUAL_ONLY_NOT_API","LINE_DRYRUN_060","LINE060","衛福部中藥許可證：衛署成製015614；類別：乙類成藥；劑型：油膏劑。","退換貨、付款、客服、出貨、價格、通路與任何見證內容，發布前須由人工確認。","人工複製到 LINE OA 後台排程；不得用 API 自動發布。"
"2026-07-17","12:00","文字訊息","寒露後肩背保養","寒露後肩背保養

換季時，身體保養不需要複雜，穩定的小習慣比較長久。

這款定位是外用油膏，重點是局部按摩、依標示使用。衛署成製015614，乙類成藥，資料可至衛福部中藥許可證系統查詢。

外用產品請依標示使用；身體不適、症狀持續或惡化時，請諮詢醫師或藥師。
下單前可先私訊索取藥證查詢方式與外盒標示照片。","私訊索取藥證查詢方式與外盒標示照片","圖卡：寒露後肩背保養 / 藥證可查 / 依標示使用","NEEDS_HUMAN_UPLOAD_OR_SELECTION","NEEDS_HUMAN_REVIEW_SAFE_TERM_CHECK","APPROVED_FOR_MANUAL_SCHEDULE_ONLY","READY_FOR_MANUAL_LINE_OA_INPUT","MANUAL_ONLY_NOT_API","LINE_DRYRUN_061","LINE061","衛福部中藥許可證：衛署成製015614；類別：乙類成藥；劑型：油膏劑。","退換貨、付款、客服、出貨、價格、通路與任何見證內容，發布前須由人工確認。","人工複製到 LINE OA 後台排程；不得用 API 自動發布。"
"2026-07-17","20:00","文字訊息","輕微拉扯後的觀察重點","輕微拉扯後的觀察重點

運動、搬重物、久站後，身體局部不適時，先休息、觀察，再做保守保養。

這款定位是外用油膏，重點是局部按摩、依標示使用。衛署成製015614，乙類成藥，資料可至衛福部中藥許可證系統查詢。

外用產品請依標示使用；身體不適、症狀持續或惡化時，請諮詢醫師或藥師。
下單前可先私訊索取藥證查詢方式與外盒標示照片。","私訊索取藥證查詢方式與外盒標示照片","圖卡：輕微拉扯後的觀察重點 / 藥證可查 / 依標示使用","NEEDS_HUMAN_UPLOAD_OR_SELECTION","NEEDS_HUMAN_REVIEW_SAFE_TERM_CHECK","APPROVED_FOR_MANUAL_SCHEDULE_ONLY","READY_FOR_MANUAL_LINE_OA_INPUT","MANUAL_ONLY_NOT_API","LINE_DRYRUN_062","LINE062","衛福部中藥許可證：衛署成製015614；類別：乙類成藥；劑型：油膏劑。","退換貨、付款、客服、出貨、價格、通路與任何見證內容，發布前須由人工確認。","人工複製到 LINE OA 後台排程；不得用 API 自動發布。"
"2026-07-18","12:00","文字訊息","擦完可以馬上熱敷嗎","擦完可以馬上熱敷嗎

很多人不是不想保養，是不知道什麼情況該先問清楚。

這款定位是外用油膏，重點是局部按摩、依標示使用。衛署成製015614，乙類成藥，資料可至衛福部中藥許可證系統查詢。

外用產品請依標示使用；身體不適、症狀持續或惡化時，請諮詢醫師或藥師。
下單前可先私訊索取藥證查詢方式與外盒標示照片。","私訊索取藥證查詢方式與外盒標示照片","圖卡：擦完可以馬上熱敷嗎 / 藥證可查 / 依標示使用","NEEDS_HUMAN_UPLOAD_OR_SELECTION","NEEDS_HUMAN_REVIEW_SAFE_TERM_CHECK","APPROVED_FOR_MANUAL_SCHEDULE_ONLY","READY_FOR_MANUAL_LINE_OA_INPUT","MANUAL_ONLY_NOT_API","LINE_DRYRUN_063","LINE063","衛福部中藥許可證：衛署成製015614；類別：乙類成藥；劑型：油膏劑。","退換貨、付款、客服、出貨、價格、通路與任何見證內容，發布前須由人工確認。","人工複製到 LINE OA 後台排程；不得用 API 自動發布。"
"2026-07-18","20:00","文字訊息","別把長期疼痛只當小問題","別把長期疼痛只當小問題

幫長輩準備外用產品時，最重要的是安全、清楚、不要亂用。

這款定位是外用油膏，重點是局部按摩、依標示使用。衛署成製015614，乙類成藥，資料可至衛福部中藥許可證系統查詢。

外用產品請依標示使用；身體不適、症狀持續或惡化時，請諮詢醫師或藥師。
下單前可先私訊索取藥證查詢方式與外盒標示照片。","私訊索取藥證查詢方式與外盒標示照片","圖卡：別把長期疼痛只當小問題 / 藥證可查 / 依標示使用","NEEDS_HUMAN_UPLOAD_OR_SELECTION","NEEDS_HUMAN_REVIEW_SAFE_TERM_CHECK","APPROVED_FOR_MANUAL_SCHEDULE_ONLY","READY_FOR_MANUAL_LINE_OA_INPUT","MANUAL_ONLY_NOT_API","LINE_DRYRUN_064","LINE064","衛福部中藥許可證：衛署成製015614；類別：乙類成藥；劑型：油膏劑。","退換貨、付款、客服、出貨、價格、通路與任何見證內容，發布前須由人工確認。","人工複製到 LINE OA 後台排程；不得用 API 自動發布。"
"2026-07-19","12:00","文字訊息","滑手機後頸部保養","滑手機後頸部保養

久坐、低頭、開會一整天後，肩頸常會提醒你該放鬆一下。

這款定位是外用油膏，重點是局部按摩、依標示使用。衛署成製015614，乙類成藥，資料可至衛福部中藥許可證系統查詢。

外用產品請依標示使用；身體不適、症狀持續或惡化時，請諮詢醫師或藥師。
下單前可先私訊索取藥證查詢方式與外盒標示照片。","私訊索取藥證查詢方式與外盒標示照片","圖卡：滑手機後頸部保養 / 藥證可查 / 依標示使用","NEEDS_HUMAN_UPLOAD_OR_SELECTION","NEEDS_HUMAN_REVIEW_SAFE_TERM_CHECK","APPROVED_FOR_MANUAL_SCHEDULE_ONLY","READY_FOR_MANUAL_LINE_OA_INPUT","MANUAL_ONLY_NOT_API","LINE_DRYRUN_065","LINE065","衛福部中藥許可證：衛署成製015614；類別：乙類成藥；劑型：油膏劑。","退換貨、付款、客服、出貨、價格、通路與任何見證內容，發布前須由人工確認。","人工複製到 LINE OA 後台排程；不得用 API 自動發布。"
"2026-07-19","20:00","文字訊息","產品不是神藥，定位要講清楚","產品不是神藥，定位要講清楚

下單前，先看得懂標示與成分，比聽誇張話術更安心。

這款定位是外用油膏，重點是局部按摩、依標示使用。衛署成製015614，乙類成藥，資料可至衛福部中藥許可證系統查詢。

外用產品請依標示使用；身體不適、症狀持續或惡化時，請諮詢醫師或藥師。
下單前可先私訊索取藥證查詢方式與外盒標示照片。","私訊索取藥證查詢方式與外盒標示照片","圖卡：產品不是神藥，定位要講清楚 / 藥證可查 / 依標示使用","NEEDS_HUMAN_UPLOAD_OR_SELECTION","NEEDS_HUMAN_REVIEW_SAFE_TERM_CHECK","APPROVED_FOR_MANUAL_SCHEDULE_ONLY","READY_FOR_MANUAL_LINE_OA_INPUT","MANUAL_ONLY_NOT_API","LINE_DRYRUN_066","LINE066","衛福部中藥許可證：衛署成製015614；類別：乙類成藥；劑型：油膏劑。","退換貨、付款、客服、出貨、價格、通路與任何見證內容，發布前須由人工確認。","人工複製到 LINE OA 後台排程；不得用 API 自動發布。"
"2026-07-20","12:00","文字訊息","立冬前後的日常舒緩儀式","立冬前後的日常舒緩儀式

換季時，身體保養不需要複雜，穩定的小習慣比較長久。

這款定位是外用油膏，重點是局部按摩、依標示使用。衛署成製015614，乙類成藥，資料可至衛福部中藥許可證系統查詢。

外用產品請依標示使用；身體不適、症狀持續或惡化時，請諮詢醫師或藥師。
下單前可先私訊索取藥證查詢方式與外盒標示照片。","私訊索取藥證查詢方式與外盒標示照片","圖卡：立冬前後的日常舒緩儀式 / 藥證可查 / 依標示使用","NEEDS_HUMAN_UPLOAD_OR_SELECTION","NEEDS_HUMAN_REVIEW_SAFE_TERM_CHECK","APPROVED_FOR_MANUAL_SCHEDULE_ONLY","READY_FOR_MANUAL_LINE_OA_INPUT","MANUAL_ONLY_NOT_API","LINE_DRYRUN_067","LINE067","衛福部中藥許可證：衛署成製015614；類別：乙類成藥；劑型：油膏劑。","退換貨、付款、客服、出貨、價格、通路與任何見證內容，發布前須由人工確認。","人工複製到 LINE OA 後台排程；不得用 API 自動發布。"
"2026-07-20","20:00","文字訊息","深層症狀不適合自行處理","深層症狀不適合自行處理

外用產品不是擦越多越好，用對位置、避開風險才安心。

這款定位是外用油膏，重點是局部按摩、依標示使用。衛署成製015614，乙類成藥，資料可至衛福部中藥許可證系統查詢。

外用產品請依標示使用；身體不適、症狀持續或惡化時，請諮詢醫師或藥師。
下單前可先私訊索取藥證查詢方式與外盒標示照片。","私訊索取藥證查詢方式與外盒標示照片","圖卡：深層症狀不適合自行處理 / 藥證可查 / 依標示使用","NEEDS_HUMAN_UPLOAD_OR_SELECTION","NEEDS_HUMAN_REVIEW_SAFE_TERM_CHECK","APPROVED_FOR_MANUAL_SCHEDULE_ONLY","READY_FOR_MANUAL_LINE_OA_INPUT","MANUAL_ONLY_NOT_API","LINE_DRYRUN_068","LINE068","衛福部中藥許可證：衛署成製015614；類別：乙類成藥；劑型：油膏劑。","退換貨、付款、客服、出貨、價格、通路與任何見證內容，發布前須由人工確認。","人工複製到 LINE OA 後台排程；不得用 API 自動發布。"
"2026-07-21","12:00","文字訊息","每篇貼文都要人工審核","每篇貼文都要人工審核

我們寧願把資料講清楚，也不想用誇大的話讓你衝動購買。

這款定位是外用油膏，重點是局部按摩、依標示使用。衛署成製015614，乙類成藥，資料可至衛福部中藥許可證系統查詢。

外用產品請依標示使用；身體不適、症狀持續或惡化時，請諮詢醫師或藥師。
下單前可先私訊索取藥證查詢方式與外盒標示照片。","私訊索取藥證查詢方式與外盒標示照片","圖卡：每篇貼文都要人工審核 / 藥證可查 / 依標示使用","NEEDS_HUMAN_UPLOAD_OR_SELECTION","NEEDS_HUMAN_REVIEW_SAFE_TERM_CHECK","APPROVED_FOR_MANUAL_SCHEDULE_ONLY","READY_FOR_MANUAL_LINE_OA_INPUT","MANUAL_ONLY_NOT_API","LINE_DRYRUN_069","LINE069","衛福部中藥許可證：衛署成製015614；類別：乙類成藥；劑型：油膏劑。","退換貨、付款、客服、出貨、價格、通路與任何見證內容，發布前須由人工確認。","人工複製到 LINE OA 後台排程；不得用 API 自動發布。"
"2026-07-21","20:00","文字訊息","哪些情況應該先就醫","哪些情況應該先就醫

很多人不是不想保養，是不知道什麼情況該先問清楚。

這款定位是外用油膏，重點是局部按摩、依標示使用。衛署成製015614，乙類成藥，資料可至衛福部中藥許可證系統查詢。

外用產品請依標示使用；身體不適、症狀持續或惡化時，請諮詢醫師或藥師。
下單前可先私訊索取藥證查詢方式與外盒標示照片。","私訊索取藥證查詢方式與外盒標示照片","圖卡：哪些情況應該先就醫 / 藥證可查 / 依標示使用","NEEDS_HUMAN_UPLOAD_OR_SELECTION","NEEDS_HUMAN_REVIEW_SAFE_TERM_CHECK","APPROVED_FOR_MANUAL_SCHEDULE_ONLY","READY_FOR_MANUAL_LINE_OA_INPUT","MANUAL_ONLY_NOT_API","LINE_DRYRUN_070","LINE070","衛福部中藥許可證：衛署成製015614；類別：乙類成藥；劑型：油膏劑。","退換貨、付款、客服、出貨、價格、通路與任何見證內容，發布前須由人工確認。","人工複製到 LINE OA 後台排程；不得用 API 自動發布。"
"2026-07-22","12:00","文字訊息","運動後局部痠痛的保守處理","運動後局部痠痛的保守處理

運動、搬重物、久站後，身體局部不適時，先休息、觀察，再做保守保養。

這款定位是外用油膏，重點是局部按摩、依標示使用。衛署成製015614，乙類成藥，資料可至衛福部中藥許可證系統查詢。

外用產品請依標示使用；身體不適、症狀持續或惡化時，請諮詢醫師或藥師。
下單前可先私訊索取藥證查詢方式與外盒標示照片。","私訊索取藥證查詢方式與外盒標示照片","圖卡：運動後局部痠痛的保守處理 / 藥證可查 / 依標示使用","NEEDS_HUMAN_UPLOAD_OR_SELECTION","NEEDS_HUMAN_REVIEW_SAFE_TERM_CHECK","APPROVED_FOR_MANUAL_SCHEDULE_ONLY","READY_FOR_MANUAL_LINE_OA_INPUT","MANUAL_ONLY_NOT_API","LINE_DRYRUN_071","LINE071","衛福部中藥許可證：衛署成製015614；類別：乙類成藥；劑型：油膏劑。","退換貨、付款、客服、出貨、價格、通路與任何見證內容，發布前須由人工確認。","人工複製到 LINE OA 後台排程；不得用 API 自動發布。"
"2026-07-22","20:00","文字訊息","冬青油與清涼舒緩體感","冬青油與清涼舒緩體感

下單前，先看得懂標示與成分，比聽誇張話術更安心。

這款定位是外用油膏，重點是局部按摩、依標示使用。衛署成製015614，乙類成藥，資料可至衛福部中藥許可證系統查詢。

外用產品請依標示使用；身體不適、症狀持續或惡化時，請諮詢醫師或藥師。
下單前可先私訊索取藥證查詢方式與外盒標示照片。","私訊索取藥證查詢方式與外盒標示照片","圖卡：冬青油與清涼舒緩體感 / 藥證可查 / 依標示使用","NEEDS_HUMAN_UPLOAD_OR_SELECTION","NEEDS_HUMAN_REVIEW_SAFE_TERM_CHECK","APPROVED_FOR_MANUAL_SCHEDULE_ONLY","READY_FOR_MANUAL_LINE_OA_INPUT","MANUAL_ONLY_NOT_API","LINE_DRYRUN_072","LINE072","衛福部中藥許可證：衛署成製015614；類別：乙類成藥；劑型：油膏劑。","退換貨、付款、客服、出貨、價格、通路與任何見證內容，發布前須由人工確認。","人工複製到 LINE OA 後台排程；不得用 API 自動發布。"
"2026-07-23","12:00","文字訊息","早晨活動前的關節暖身","早晨活動前的關節暖身

幫長輩準備外用產品時，最重要的是安全、清楚、不要亂用。

這款定位是外用油膏，重點是局部按摩、依標示使用。衛署成製015614，乙類成藥，資料可至衛福部中藥許可證系統查詢。

外用產品請依標示使用；身體不適、症狀持續或惡化時，請諮詢醫師或藥師。
下單前可先私訊索取藥證查詢方式與外盒標示照片。","私訊索取藥證查詢方式與外盒標示照片","圖卡：早晨活動前的關節暖身 / 藥證可查 / 依標示使用","NEEDS_HUMAN_UPLOAD_OR_SELECTION","NEEDS_HUMAN_REVIEW_SAFE_TERM_CHECK","APPROVED_FOR_MANUAL_SCHEDULE_ONLY","READY_FOR_MANUAL_LINE_OA_INPUT","MANUAL_ONLY_NOT_API","LINE_DRYRUN_073","LINE073","衛福部中藥許可證：衛署成製015614；類別：乙類成藥；劑型：油膏劑。","退換貨、付款、客服、出貨、價格、通路與任何見證內容，發布前須由人工確認。","人工複製到 LINE OA 後台排程；不得用 API 自動發布。"
"2026-07-23","20:00","文字訊息","不能擦在破皮或傷口","不能擦在破皮或傷口

外用產品不是擦越多越好，用對位置、避開風險才安心。

這款定位是外用油膏，重點是局部按摩、依標示使用。衛署成製015614，乙類成藥，資料可至衛福部中藥許可證系統查詢。

外用產品請依標示使用；身體不適、症狀持續或惡化時，請諮詢醫師或藥師。
下單前可先私訊索取藥證查詢方式與外盒標示照片。","私訊索取藥證查詢方式與外盒標示照片","圖卡：不能擦在破皮或傷口 / 藥證可查 / 依標示使用","NEEDS_HUMAN_UPLOAD_OR_SELECTION","NEEDS_HUMAN_REVIEW_SAFE_TERM_CHECK","APPROVED_FOR_MANUAL_SCHEDULE_ONLY","READY_FOR_MANUAL_LINE_OA_INPUT","MANUAL_ONLY_NOT_API","LINE_DRYRUN_074","LINE074","衛福部中藥許可證：衛署成製015614；類別：乙類成藥；劑型：油膏劑。","退換貨、付款、客服、出貨、價格、通路與任何見證內容，發布前須由人工確認。","人工複製到 LINE OA 後台排程；不得用 API 自動發布。"
"2026-07-24","12:00","文字訊息","芒種後濕熱生活保養","芒種後濕熱生活保養

換季時，身體保養不需要複雜，穩定的小習慣比較長久。

這款定位是外用油膏，重點是局部按摩、依標示使用。衛署成製015614，乙類成藥，資料可至衛福部中藥許可證系統查詢。

外用產品請依標示使用；身體不適、症狀持續或惡化時，請諮詢醫師或藥師。
下單前可先私訊索取藥證查詢方式與外盒標示照片。","私訊索取藥證查詢方式與外盒標示照片","圖卡：芒種後濕熱生活保養 / 藥證可查 / 依標示使用","NEEDS_HUMAN_UPLOAD_OR_SELECTION","NEEDS_HUMAN_REVIEW_SAFE_TERM_CHECK","APPROVED_FOR_MANUAL_SCHEDULE_ONLY","READY_FOR_MANUAL_LINE_OA_INPUT","MANUAL_ONLY_NOT_API","LINE_DRYRUN_075","LINE075","衛福部中藥許可證：衛署成製015614；類別：乙類成藥；劑型：油膏劑。","退換貨、付款、客服、出貨、價格、通路與任何見證內容，發布前須由人工確認。","人工複製到 LINE OA 後台排程；不得用 API 自動發布。"
"2026-07-24","20:00","文字訊息","久站後小腿不適舒緩","久站後小腿不適舒緩

運動、搬重物、久站後，身體局部不適時，先休息、觀察，再做保守保養。

這款定位是外用油膏，重點是局部按摩、依標示使用。衛署成製015614，乙類成藥，資料可至衛福部中藥許可證系統查詢。

外用產品請依標示使用；身體不適、症狀持續或惡化時，請諮詢醫師或藥師。
下單前可先私訊索取藥證查詢方式與外盒標示照片。","私訊索取藥證查詢方式與外盒標示照片","圖卡：久站後小腿不適舒緩 / 藥證可查 / 依標示使用","NEEDS_HUMAN_UPLOAD_OR_SELECTION","NEEDS_HUMAN_REVIEW_SAFE_TERM_CHECK","APPROVED_FOR_MANUAL_SCHEDULE_ONLY","READY_FOR_MANUAL_LINE_OA_INPUT","MANUAL_ONLY_NOT_API","LINE_DRYRUN_076","LINE076","衛福部中藥許可證：衛署成製015614；類別：乙類成藥；劑型：油膏劑。","退換貨、付款、客服、出貨、價格、通路與任何見證內容，發布前須由人工確認。","人工複製到 LINE OA 後台排程；不得用 API 自動發布。"
"2026-07-25","12:00","文字訊息","你最常哪個部位緊繃","你最常哪個部位緊繃

很多人不是不想保養，是不知道什麼情況該先問清楚。

這款定位是外用油膏，重點是局部按摩、依標示使用。衛署成製015614，乙類成藥，資料可至衛福部中藥許可證系統查詢。

外用產品請依標示使用；身體不適、症狀持續或惡化時，請諮詢醫師或藥師。
下單前可先私訊索取藥證查詢方式與外盒標示照片。","私訊索取藥證查詢方式與外盒標示照片","圖卡：你最常哪個部位緊繃 / 藥證可查 / 依標示使用","NEEDS_HUMAN_UPLOAD_OR_SELECTION","NEEDS_HUMAN_REVIEW_SAFE_TERM_CHECK","APPROVED_FOR_MANUAL_SCHEDULE_ONLY","READY_FOR_MANUAL_LINE_OA_INPUT","MANUAL_ONLY_NOT_API","LINE_DRYRUN_077","LINE077","衛福部中藥許可證：衛署成製015614；類別：乙類成藥；劑型：油膏劑。","退換貨、付款、客服、出貨、價格、通路與任何見證內容，發布前須由人工確認。","人工複製到 LINE OA 後台排程；不得用 API 自動發布。"
"2026-07-25","20:00","文字訊息","長輩外用膏使用安全","長輩外用膏使用安全

幫長輩準備外用產品時，最重要的是安全、清楚、不要亂用。

這款定位是外用油膏，重點是局部按摩、依標示使用。衛署成製015614，乙類成藥，資料可至衛福部中藥許可證系統查詢。

外用產品請依標示使用；身體不適、症狀持續或惡化時，請諮詢醫師或藥師。
下單前可先私訊索取藥證查詢方式與外盒標示照片。","私訊索取藥證查詢方式與外盒標示照片","圖卡：長輩外用膏使用安全 / 藥證可查 / 依標示使用","NEEDS_HUMAN_UPLOAD_OR_SELECTION","NEEDS_HUMAN_REVIEW_SAFE_TERM_CHECK","APPROVED_FOR_MANUAL_SCHEDULE_ONLY","READY_FOR_MANUAL_LINE_OA_INPUT","MANUAL_ONLY_NOT_API","LINE_DRYRUN_078","LINE078","衛福部中藥許可證：衛署成製015614；類別：乙類成藥；劑型：油膏劑。","退換貨、付款、客服、出貨、價格、通路與任何見證內容，發布前須由人工確認。","人工複製到 LINE OA 後台排程；不得用 API 自動發布。"
"2026-07-26","12:00","文字訊息","辦公桌前的姿勢檢查","辦公桌前的姿勢檢查

久坐、低頭、開會一整天後，肩頸常會提醒你該放鬆一下。

這款定位是外用油膏，重點是局部按摩、依標示使用。衛署成製015614，乙類成藥，資料可至衛福部中藥許可證系統查詢。

外用產品請依標示使用；身體不適、症狀持續或惡化時，請諮詢醫師或藥師。
下單前可先私訊索取藥證查詢方式與外盒標示照片。","私訊索取藥證查詢方式與外盒標示照片","圖卡：辦公桌前的姿勢檢查 / 藥證可查 / 依標示使用","NEEDS_HUMAN_UPLOAD_OR_SELECTION","NEEDS_HUMAN_REVIEW_SAFE_TERM_CHECK","APPROVED_FOR_MANUAL_SCHEDULE_ONLY","READY_FOR_MANUAL_LINE_OA_INPUT","MANUAL_ONLY_NOT_API","LINE_DRYRUN_079","LINE079","衛福部中藥許可證：衛署成製015614；類別：乙類成藥；劑型：油膏劑。","退換貨、付款、客服、出貨、價格、通路與任何見證內容，發布前須由人工確認。","人工複製到 LINE OA 後台排程；不得用 API 自動發布。"
"2026-07-26","20:00","文字訊息","薄荷腦帶來的涼感來源","薄荷腦帶來的涼感來源

下單前，先看得懂標示與成分，比聽誇張話術更安心。

這款定位是外用油膏，重點是局部按摩、依標示使用。衛署成製015614，乙類成藥，資料可至衛福部中藥許可證系統查詢。

外用產品請依標示使用；身體不適、症狀持續或惡化時，請諮詢醫師或藥師。
下單前可先私訊索取藥證查詢方式與外盒標示照片。","私訊索取藥證查詢方式與外盒標示照片","圖卡：薄荷腦帶來的涼感來源 / 藥證可查 / 依標示使用","NEEDS_HUMAN_UPLOAD_OR_SELECTION","NEEDS_HUMAN_REVIEW_SAFE_TERM_CHECK","APPROVED_FOR_MANUAL_SCHEDULE_ONLY","READY_FOR_MANUAL_LINE_OA_INPUT","MANUAL_ONLY_NOT_API","LINE_DRYRUN_080","LINE080","衛福部中藥許可證：衛署成製015614；類別：乙類成藥；劑型：油膏劑。","退換貨、付款、客服、出貨、價格、通路與任何見證內容，發布前須由人工確認。","人工複製到 LINE OA 後台排程；不得用 API 自動發布。"
"2026-07-27","12:00","文字訊息","夏季冷氣房的肩頸保養","夏季冷氣房的肩頸保養

換季時，身體保養不需要複雜，穩定的小習慣比較長久。

這款定位是外用油膏，重點是局部按摩、依標示使用。衛署成製015614，乙類成藥，資料可至衛福部中藥許可證系統查詢。

外用產品請依標示使用；身體不適、症狀持續或惡化時，請諮詢醫師或藥師。
下單前可先私訊索取藥證查詢方式與外盒標示照片。","私訊索取藥證查詢方式與外盒標示照片","圖卡：夏季冷氣房的肩頸保養 / 藥證可查 / 依標示使用","NEEDS_HUMAN_UPLOAD_OR_SELECTION","NEEDS_HUMAN_REVIEW_SAFE_TERM_CHECK","APPROVED_FOR_MANUAL_SCHEDULE_ONLY","READY_FOR_MANUAL_LINE_OA_INPUT","MANUAL_ONLY_NOT_API","LINE_DRYRUN_081","LINE081","衛福部中藥許可證：衛署成製015614；類別：乙類成藥；劑型：油膏劑。","退換貨、付款、客服、出貨、價格、通路與任何見證內容，發布前須由人工確認。","人工複製到 LINE OA 後台排程；不得用 API 自動發布。"
"2026-07-27","20:00","文字訊息","外用膏避免眼周與黏膜","外用膏避免眼周與黏膜

外用產品不是擦越多越好，用對位置、避開風險才安心。

這款定位是外用油膏，重點是局部按摩、依標示使用。衛署成製015614，乙類成藥，資料可至衛福部中藥許可證系統查詢。

外用產品請依標示使用；身體不適、症狀持續或惡化時，請諮詢醫師或藥師。
下單前可先私訊索取藥證查詢方式與外盒標示照片。","私訊索取藥證查詢方式與外盒標示照片","圖卡：外用膏避免眼周與黏膜 / 藥證可查 / 依標示使用","NEEDS_HUMAN_UPLOAD_OR_SELECTION","NEEDS_HUMAN_REVIEW_SAFE_TERM_CHECK","APPROVED_FOR_MANUAL_SCHEDULE_ONLY","READY_FOR_MANUAL_LINE_OA_INPUT","MANUAL_ONLY_NOT_API","LINE_DRYRUN_082","LINE082","衛福部中藥許可證：衛署成製015614；類別：乙類成藥；劑型：油膏劑。","退換貨、付款、客服、出貨、價格、通路與任何見證內容，發布前須由人工確認。","人工複製到 LINE OA 後台排程；不得用 API 自動發布。"
"2026-07-28","12:00","文字訊息","合法宣傳比誇大更長久","合法宣傳比誇大更長久

我們寧願把資料講清楚，也不想用誇大的話讓你衝動購買。

這款定位是外用油膏，重點是局部按摩、依標示使用。衛署成製015614，乙類成藥，資料可至衛福部中藥許可證系統查詢。

外用產品請依標示使用；身體不適、症狀持續或惡化時，請諮詢醫師或藥師。
下單前可先私訊索取藥證查詢方式與外盒標示照片。","私訊索取藥證查詢方式與外盒標示照片","圖卡：合法宣傳比誇大更長久 / 藥證可查 / 依標示使用","NEEDS_HUMAN_UPLOAD_OR_SELECTION","NEEDS_HUMAN_REVIEW_SAFE_TERM_CHECK","APPROVED_FOR_MANUAL_SCHEDULE_ONLY","READY_FOR_MANUAL_LINE_OA_INPUT","MANUAL_ONLY_NOT_API","LINE_DRYRUN_083","LINE083","衛福部中藥許可證：衛署成製015614；類別：乙類成藥；劑型：油膏劑。","退換貨、付款、客服、出貨、價格、通路與任何見證內容，發布前須由人工確認。","人工複製到 LINE OA 後台排程；不得用 API 自動發布。"
"2026-07-28","20:00","文字訊息","你習慣運動前還是運動後保養","你習慣運動前還是運動後保養

很多人不是不想保養，是不知道什麼情況該先問清楚。

這款定位是外用油膏，重點是局部按摩、依標示使用。衛署成製015614，乙類成藥，資料可至衛福部中藥許可證系統查詢。

外用產品請依標示使用；身體不適、症狀持續或惡化時，請諮詢醫師或藥師。
下單前可先私訊索取藥證查詢方式與外盒標示照片。","私訊索取藥證查詢方式與外盒標示照片","圖卡：你習慣運動前還是運動後保養 / 藥證可查 / 依標示使用","NEEDS_HUMAN_UPLOAD_OR_SELECTION","NEEDS_HUMAN_REVIEW_SAFE_TERM_CHECK","APPROVED_FOR_MANUAL_SCHEDULE_ONLY","READY_FOR_MANUAL_LINE_OA_INPUT","MANUAL_ONLY_NOT_API","LINE_DRYRUN_084","LINE084","衛福部中藥許可證：衛署成製015614；類別：乙類成藥；劑型：油膏劑。","退換貨、付款、客服、出貨、價格、通路與任何見證內容，發布前須由人工確認。","人工複製到 LINE OA 後台排程；不得用 API 自動發布。"
"2026-07-29","12:00","文字訊息","搬重物後腰背保養","搬重物後腰背保養

運動、搬重物、久站後，身體局部不適時，先休息、觀察，再做保守保養。

這款定位是外用油膏，重點是局部按摩、依標示使用。衛署成製015614，乙類成藥，資料可至衛福部中藥許可證系統查詢。

外用產品請依標示使用；身體不適、症狀持續或惡化時，請諮詢醫師或藥師。
下單前可先私訊索取藥證查詢方式與外盒標示照片。","私訊索取藥證查詢方式與外盒標示照片","圖卡：搬重物後腰背保養 / 藥證可查 / 依標示使用","NEEDS_HUMAN_UPLOAD_OR_SELECTION","NEEDS_HUMAN_REVIEW_SAFE_TERM_CHECK","APPROVED_FOR_MANUAL_SCHEDULE_ONLY","READY_FOR_MANUAL_LINE_OA_INPUT","MANUAL_ONLY_NOT_API","LINE_DRYRUN_085","LINE085","衛福部中藥許可證：衛署成製015614；類別：乙類成藥；劑型：油膏劑。","退換貨、付款、客服、出貨、價格、通路與任何見證內容，發布前須由人工確認。","人工複製到 LINE OA 後台排程；不得用 API 自動發布。"
"2026-07-29","20:00","文字訊息","樟腦外用時的注意界線","樟腦外用時的注意界線

下單前，先看得懂標示與成分，比聽誇張話術更安心。

這款定位是外用油膏，重點是局部按摩、依標示使用。衛署成製015614，乙類成藥，資料可至衛福部中藥許可證系統查詢。

外用產品請依標示使用；身體不適、症狀持續或惡化時，請諮詢醫師或藥師。
下單前可先私訊索取藥證查詢方式與外盒標示照片。","私訊索取藥證查詢方式與外盒標示照片","圖卡：樟腦外用時的注意界線 / 藥證可查 / 依標示使用","NEEDS_HUMAN_UPLOAD_OR_SELECTION","NEEDS_HUMAN_REVIEW_SAFE_TERM_CHECK","APPROVED_FOR_MANUAL_SCHEDULE_ONLY","READY_FOR_MANUAL_LINE_OA_INPUT","MANUAL_ONLY_NOT_API","LINE_DRYRUN_086","LINE086","衛福部中藥許可證：衛署成製015614；類別：乙類成藥；劑型：油膏劑。","退換貨、付款、客服、出貨、價格、通路與任何見證內容，發布前須由人工確認。","人工複製到 LINE OA 後台排程；不得用 API 自動發布。"
"2026-07-30","12:00","文字訊息","輕微關節不適，日常保養要分清楚","輕微關節不適，日常保養要分清楚

幫長輩準備外用產品時，重點是安全、清楚、依標示使用，不把日常保養說成醫療效果。

這款定位是外用油膏，適合局部按摩放鬆與暫時舒緩日常不適。衛署成製015614，乙類成藥，資料可至衛福部中藥許可證系統查詢。

外用產品請依標示使用；身體不適、狀況持續或變嚴重時，請諮詢醫師或藥師。
下單前可先私訊索取藥證查詢方式與外盒標示照片。","私訊索取藥證查詢方式與外盒標示照片","圖卡：輕微關節不適與日常保養要分清楚 / 藥證可查 / 依標示使用 / 局部按摩放鬆","NEEDS_HUMAN_UPLOAD_OR_SELECTION","PASS_REWRITTEN_PENDING_HUMAN_REVIEW","APPROVED_FOR_MANUAL_SCHEDULE_ONLY","READY_FOR_MANUAL_LINE_OA_INPUT","MANUAL_ONLY_NOT_API","LINE_DRYRUN_087","LINE087","衛福部中藥許可證：衛署成製015614；類別：乙類成藥；劑型：油膏劑。","退換貨、付款、客服、出貨、價格、通路與任何見證內容，發布前須由人工確認。","人工複製到 LINE OA 後台排程；不得用 API 自動發布。"
"2026-07-30","20:00","文字訊息","不要搭配熱敷墊或電毯","不要搭配熱敷墊或電毯

外用產品不是擦越多越好，用對位置、避開風險才安心。

這款定位是外用油膏，重點是局部按摩、依標示使用。衛署成製015614，乙類成藥，資料可至衛福部中藥許可證系統查詢。

外用產品請依標示使用；身體不適、症狀持續或惡化時，請諮詢醫師或藥師。
下單前可先私訊索取藥證查詢方式與外盒標示照片。","私訊索取藥證查詢方式與外盒標示照片","圖卡：不要搭配熱敷墊或電毯 / 藥證可查 / 依標示使用","NEEDS_HUMAN_UPLOAD_OR_SELECTION","NEEDS_HUMAN_REVIEW_SAFE_TERM_CHECK","APPROVED_FOR_MANUAL_SCHEDULE_ONLY","READY_FOR_MANUAL_LINE_OA_INPUT","MANUAL_ONLY_NOT_API","LINE_DRYRUN_088","LINE088","衛福部中藥許可證：衛署成製015614；類別：乙類成藥；劑型：油膏劑。","退換貨、付款、客服、出貨、價格、通路與任何見證內容，發布前須由人工確認。","人工複製到 LINE OA 後台排程；不得用 API 自動發布。"
"2026-07-31","12:00","文字訊息","小暑前後活動舒適提醒","小暑前後活動舒適提醒

換季時，身體保養不需要複雜，穩定的小習慣比較長久。

這款定位是外用油膏，重點是局部按摩、依標示使用。衛署成製015614，乙類成藥，資料可至衛福部中藥許可證系統查詢。

外用產品請依標示使用；身體不適、症狀持續或惡化時，請諮詢醫師或藥師。
下單前可先私訊索取藥證查詢方式與外盒標示照片。","私訊索取藥證查詢方式與外盒標示照片","圖卡：小暑前後活動舒適提醒 / 藥證可查 / 依標示使用","NEEDS_HUMAN_UPLOAD_OR_SELECTION","NEEDS_HUMAN_REVIEW_SAFE_TERM_CHECK","APPROVED_FOR_MANUAL_SCHEDULE_ONLY","READY_FOR_MANUAL_LINE_OA_INPUT","MANUAL_ONLY_NOT_API","LINE_DRYRUN_089","LINE089","衛福部中藥許可證：衛署成製015614；類別：乙類成藥；劑型：油膏劑。","退換貨、付款、客服、出貨、價格、通路與任何見證內容，發布前須由人工確認。","人工複製到 LINE OA 後台排程；不得用 API 自動發布。"
"2026-07-31","20:00","文字訊息","爬山後腿部按摩提醒","爬山後腿部按摩提醒

運動、搬重物、久站後，身體局部不適時，先休息、觀察，再做保守保養。

這款定位是外用油膏，重點是局部按摩、依標示使用。衛署成製015614，乙類成藥，資料可至衛福部中藥許可證系統查詢。

外用產品請依標示使用；身體不適、症狀持續或惡化時，請諮詢醫師或藥師。
下單前可先私訊索取藥證查詢方式與外盒標示照片。","私訊索取藥證查詢方式與外盒標示照片","圖卡：爬山後腿部按摩提醒 / 藥證可查 / 依標示使用","NEEDS_HUMAN_UPLOAD_OR_SELECTION","NEEDS_HUMAN_REVIEW_SAFE_TERM_CHECK","APPROVED_FOR_MANUAL_SCHEDULE_ONLY","READY_FOR_MANUAL_LINE_OA_INPUT","MANUAL_ONLY_NOT_API","LINE_DRYRUN_090","LINE090","衛福部中藥許可證：衛署成製015614；類別：乙類成藥；劑型：油膏劑。","退換貨、付款、客服、出貨、價格、通路與任何見證內容，發布前須由人工確認。","人工複製到 LINE OA 後台排程；不得用 API 自動發布。"
"2026-08-01","12:00","文字訊息","外用膏一次擦多少才剛好","外用膏一次擦多少才剛好

很多人不是不想保養，是不知道什麼情況該先問清楚。

這款定位是外用油膏，重點是局部按摩、依標示使用。衛署成製015614，乙類成藥，資料可至衛福部中藥許可證系統查詢。

外用產品請依標示使用；身體不適、症狀持續或惡化時，請諮詢醫師或藥師。
下單前可先私訊索取藥證查詢方式與外盒標示照片。","私訊索取藥證查詢方式與外盒標示照片","圖卡：外用膏一次擦多少才剛好 / 藥證可查 / 依標示使用","NEEDS_HUMAN_UPLOAD_OR_SELECTION","NEEDS_HUMAN_REVIEW_SAFE_TERM_CHECK","APPROVED_FOR_MANUAL_SCHEDULE_ONLY","READY_FOR_MANUAL_LINE_OA_INPUT","MANUAL_ONLY_NOT_API","LINE_DRYRUN_091","LINE091","衛福部中藥許可證：衛署成製015614；類別：乙類成藥；劑型：油膏劑。","退換貨、付款、客服、出貨、價格、通路與任何見證內容，發布前須由人工確認。","人工複製到 LINE OA 後台排程；不得用 API 自動發布。"
"2026-08-01","20:00","文字訊息","散步後的膝周保養","散步後的膝周保養

幫長輩準備外用產品時，最重要的是安全、清楚、不要亂用。

這款定位是外用油膏，重點是局部按摩、依標示使用。衛署成製015614，乙類成藥，資料可至衛福部中藥許可證系統查詢。

外用產品請依標示使用；身體不適、症狀持續或惡化時，請諮詢醫師或藥師。
下單前可先私訊索取藥證查詢方式與外盒標示照片。","私訊索取藥證查詢方式與外盒標示照片","圖卡：散步後的膝周保養 / 藥證可查 / 依標示使用","NEEDS_HUMAN_UPLOAD_OR_SELECTION","NEEDS_HUMAN_REVIEW_SAFE_TERM_CHECK","APPROVED_FOR_MANUAL_SCHEDULE_ONLY","READY_FOR_MANUAL_LINE_OA_INPUT","MANUAL_ONLY_NOT_API","LINE_DRYRUN_092","LINE092","衛福部中藥許可證：衛署成製015614；類別：乙類成藥；劑型：油膏劑。","退換貨、付款、客服、出貨、價格、通路與任何見證內容，發布前須由人工確認。","人工複製到 LINE OA 後台排程；不得用 API 自動發布。"
"2026-08-02","12:00","文字訊息","肩頸按摩不要只靠用力","肩頸按摩不要只靠用力

久坐、低頭、開會一整天後，肩頸常會提醒你該放鬆一下。

這款定位是外用油膏，重點是局部按摩、依標示使用。衛署成製015614，乙類成藥，資料可至衛福部中藥許可證系統查詢。

外用產品請依標示使用；身體不適、症狀持續或惡化時，請諮詢醫師或藥師。
下單前可先私訊索取藥證查詢方式與外盒標示照片。","私訊索取藥證查詢方式與外盒標示照片","圖卡：肩頸按摩不要只靠用力 / 藥證可查 / 依標示使用","NEEDS_HUMAN_UPLOAD_OR_SELECTION","NEEDS_HUMAN_REVIEW_SAFE_TERM_CHECK","APPROVED_FOR_MANUAL_SCHEDULE_ONLY","READY_FOR_MANUAL_LINE_OA_INPUT","MANUAL_ONLY_NOT_API","LINE_DRYRUN_093","LINE093","衛福部中藥許可證：衛署成製015614；類別：乙類成藥；劑型：油膏劑。","退換貨、付款、客服、出貨、價格、通路與任何見證內容，發布前須由人工確認。","人工複製到 LINE OA 後台排程；不得用 API 自動發布。"
"2026-08-02","20:00","文字訊息","油膏劑為什麼適合局部按摩","油膏劑為什麼適合局部按摩

下單前，先看得懂標示與成分，比聽誇張話術更安心。

這款定位是外用油膏，重點是局部按摩、依標示使用。衛署成製015614，乙類成藥，資料可至衛福部中藥許可證系統查詢。

外用產品請依標示使用；身體不適、症狀持續或惡化時，請諮詢醫師或藥師。
下單前可先私訊索取藥證查詢方式與外盒標示照片。","私訊索取藥證查詢方式與外盒標示照片","圖卡：油膏劑為什麼適合局部按摩 / 藥證可查 / 依標示使用","NEEDS_HUMAN_UPLOAD_OR_SELECTION","NEEDS_HUMAN_REVIEW_SAFE_TERM_CHECK","APPROVED_FOR_MANUAL_SCHEDULE_ONLY","READY_FOR_MANUAL_LINE_OA_INPUT","MANUAL_ONLY_NOT_API","LINE_DRYRUN_094","LINE094","衛福部中藥許可證：衛署成製015614；類別：乙類成藥；劑型：油膏劑。","退換貨、付款、客服、出貨、價格、通路與任何見證內容，發布前須由人工確認。","人工複製到 LINE OA 後台排程；不得用 API 自動發布。"
"2026-08-03","12:00","文字訊息","大暑午後少久站硬撐","大暑午後少久站硬撐

換季時，身體保養不需要複雜，穩定的小習慣比較長久。

這款定位是外用油膏，重點是局部按摩、依標示使用。衛署成製015614，乙類成藥，資料可至衛福部中藥許可證系統查詢。

外用產品請依標示使用；身體不適、症狀持續或惡化時，請諮詢醫師或藥師。
下單前可先私訊索取藥證查詢方式與外盒標示照片。","私訊索取藥證查詢方式與外盒標示照片","圖卡：大暑午後少久站硬撐 / 藥證可查 / 依標示使用","NEEDS_HUMAN_UPLOAD_OR_SELECTION","NEEDS_HUMAN_REVIEW_SAFE_TERM_CHECK","APPROVED_FOR_MANUAL_SCHEDULE_ONLY","READY_FOR_MANUAL_LINE_OA_INPUT","MANUAL_ONLY_NOT_API","LINE_DRYRUN_095","LINE095","衛福部中藥許可證：衛署成製015614；類別：乙類成藥；劑型：油膏劑。","退換貨、付款、客服、出貨、價格、通路與任何見證內容，發布前須由人工確認。","人工複製到 LINE OA 後台排程；不得用 API 自動發布。"
"2026-08-03","20:00","文字訊息","不要密封包紮或大面積厚敷","不要密封包紮或大面積厚敷

外用產品不是擦越多越好，用對位置、避開風險才安心。

這款定位是外用油膏，重點是局部按摩、依標示使用。衛署成製015614，乙類成藥，資料可至衛福部中藥許可證系統查詢。

外用產品請依標示使用；身體不適、症狀持續或惡化時，請諮詢醫師或藥師。
下單前可先私訊索取藥證查詢方式與外盒標示照片。","私訊索取藥證查詢方式與外盒標示照片","圖卡：不要密封包紮或大面積厚敷 / 藥證可查 / 依標示使用","NEEDS_HUMAN_UPLOAD_OR_SELECTION","NEEDS_HUMAN_REVIEW_SAFE_TERM_CHECK","APPROVED_FOR_MANUAL_SCHEDULE_ONLY","READY_FOR_MANUAL_LINE_OA_INPUT","MANUAL_ONLY_NOT_API","LINE_DRYRUN_096","LINE096","衛福部中藥許可證：衛署成製015614；類別：乙類成藥；劑型：油膏劑。","退換貨、付款、客服、出貨、價格、通路與任何見證內容，發布前須由人工確認。","人工複製到 LINE OA 後台排程；不得用 API 自動發布。"
"2026-08-04","12:00","文字訊息","什麼是乙類成藥","什麼是乙類成藥

我們寧願把資料講清楚，也不想用誇大的話讓你衝動購買。

這款定位是外用油膏，重點是局部按摩、依標示使用。衛署成製015614，乙類成藥，資料可至衛福部中藥許可證系統查詢。

外用產品請依標示使用；身體不適、症狀持續或惡化時，請諮詢醫師或藥師。
下單前可先私訊索取藥證查詢方式與外盒標示照片。","私訊索取藥證查詢方式與外盒標示照片","圖卡：什麼是乙類成藥 / 藥證可查 / 依標示使用","NEEDS_HUMAN_UPLOAD_OR_SELECTION","NEEDS_HUMAN_REVIEW_SAFE_TERM_CHECK","APPROVED_FOR_MANUAL_SCHEDULE_ONLY","READY_FOR_MANUAL_LINE_OA_INPUT","MANUAL_ONLY_NOT_API","LINE_DRYRUN_097","LINE097","衛福部中藥許可證：衛署成製015614；類別：乙類成藥；劑型：油膏劑。","退換貨、付款、客服、出貨、價格、通路與任何見證內容，發布前須由人工確認。","人工複製到 LINE OA 後台排程；不得用 API 自動發布。"
"2026-08-04","20:00","文字訊息","涼感越強越有效嗎","涼感越強越有效嗎

很多人不是不想保養，是不知道什麼情況該先問清楚。

這款定位是外用油膏，重點是局部按摩、依標示使用。衛署成製015614，乙類成藥，資料可至衛福部中藥許可證系統查詢。

外用產品請依標示使用；身體不適、症狀持續或惡化時，請諮詢醫師或藥師。
下單前可先私訊索取藥證查詢方式與外盒標示照片。","私訊索取藥證查詢方式與外盒標示照片","圖卡：涼感越強越有效嗎 / 藥證可查 / 依標示使用","NEEDS_HUMAN_UPLOAD_OR_SELECTION","NEEDS_HUMAN_REVIEW_SAFE_TERM_CHECK","APPROVED_FOR_MANUAL_SCHEDULE_ONLY","READY_FOR_MANUAL_LINE_OA_INPUT","MANUAL_ONLY_NOT_API","LINE_DRYRUN_098","LINE098","衛福部中藥許可證：衛署成製015614；類別：乙類成藥；劑型：油膏劑。","退換貨、付款、客服、出貨、價格、通路與任何見證內容，發布前須由人工確認。","人工複製到 LINE OA 後台排程；不得用 API 自動發布。"
"2026-08-05","12:00","文字訊息","重訓後肩背局部舒緩","重訓後肩背局部舒緩

運動、搬重物、久站後，身體局部不適時，先休息、觀察，再做保守保養。

這款定位是外用油膏，重點是局部按摩、依標示使用。衛署成製015614，乙類成藥，資料可至衛福部中藥許可證系統查詢。

外用產品請依標示使用；身體不適、症狀持續或惡化時，請諮詢醫師或藥師。
下單前可先私訊索取藥證查詢方式與外盒標示照片。","私訊索取藥證查詢方式與外盒標示照片","圖卡：重訓後肩背局部舒緩 / 藥證可查 / 依標示使用","NEEDS_HUMAN_UPLOAD_OR_SELECTION","PASS_DRY_RUN_PENDING_HUMAN_REVIEW","APPROVED_FOR_MANUAL_SCHEDULE_ONLY","READY_FOR_MANUAL_LINE_OA_INPUT","MANUAL_ONLY_NOT_API","LINE_DRYRUN_099","LINE099","衛福部中藥許可證：衛署成製015614；類別：乙類成藥；劑型：油膏劑。","退換貨、付款、客服、出貨、價格、通路與任何見證內容，發布前須由人工確認。","人工複製到 LINE OA 後台排程；不得用 API 自動發布。"
"2026-08-05","20:00","文字訊息","乙類成藥與一般保健品差異","乙類成藥與一般保健品差異

下單前，先看得懂標示與成分，比聽誇張話術更安心。

這款定位是外用油膏，重點是局部按摩、依標示使用。衛署成製015614，乙類成藥，資料可至衛福部中藥許可證系統查詢。

外用產品請依標示使用；身體不適、症狀持續或惡化時，請諮詢醫師或藥師。
下單前可先私訊索取藥證查詢方式與外盒標示照片。","私訊索取藥證查詢方式與外盒標示照片","圖卡：乙類成藥與一般保健品差異 / 藥證可查 / 依標示使用","NEEDS_HUMAN_UPLOAD_OR_SELECTION","NEEDS_HUMAN_REVIEW_SAFE_TERM_CHECK","APPROVED_FOR_MANUAL_SCHEDULE_ONLY","READY_FOR_MANUAL_LINE_OA_INPUT","MANUAL_ONLY_NOT_API","LINE_DRYRUN_100","LINE100","衛福部中藥許可證：衛署成製015614；類別：乙類成藥；劑型：油膏劑。","退換貨、付款、客服、出貨、價格、通路與任何見證內容，發布前須由人工確認。","人工複製到 LINE OA 後台排程；不得用 API 自動發布。"
"2026-08-06","12:00","文字訊息","天氣變化時的活動舒適感","天氣變化時的活動舒適感

幫長輩準備外用產品時，最重要的是安全、清楚、不要亂用。

這款定位是外用油膏，重點是局部按摩、依標示使用。衛署成製015614，乙類成藥，資料可至衛福部中藥許可證系統查詢。

外用產品請依標示使用；身體不適、症狀持續或惡化時，請諮詢醫師或藥師。
下單前可先私訊索取藥證查詢方式與外盒標示照片。","私訊索取藥證查詢方式與外盒標示照片","圖卡：天氣變化時的活動舒適感 / 藥證可查 / 依標示使用","NEEDS_HUMAN_UPLOAD_OR_SELECTION","NEEDS_HUMAN_REVIEW_SAFE_TERM_CHECK","APPROVED_FOR_MANUAL_SCHEDULE_ONLY","READY_FOR_MANUAL_LINE_OA_INPUT","MANUAL_ONLY_NOT_API","LINE_DRYRUN_101","LINE101","衛福部中藥許可證：衛署成製015614；類別：乙類成藥；劑型：油膏劑。","退換貨、付款、客服、出貨、價格、通路與任何見證內容，發布前須由人工確認。","人工複製到 LINE OA 後台排程；不得用 API 自動發布。"
"2026-08-06","20:00","文字訊息","水楊酸或阿斯匹靈過敏者注意","水楊酸或阿斯匹靈過敏者注意

外用產品不是擦越多越好，用對位置、避開風險才安心。

這款定位是外用油膏，重點是局部按摩、依標示使用。衛署成製015614，乙類成藥，資料可至衛福部中藥許可證系統查詢。

外用產品請依標示使用；身體不適、症狀持續或惡化時，請諮詢醫師或藥師。
下單前可先私訊索取藥證查詢方式與外盒標示照片。","私訊索取藥證查詢方式與外盒標示照片","圖卡：水楊酸或阿斯匹靈過敏者注意 / 藥證可查 / 依標示使用","NEEDS_HUMAN_UPLOAD_OR_SELECTION","NEEDS_HUMAN_REVIEW_SAFE_TERM_CHECK","APPROVED_FOR_MANUAL_SCHEDULE_ONLY","READY_FOR_MANUAL_LINE_OA_INPUT","MANUAL_ONLY_NOT_API","LINE_DRYRUN_102","LINE102","衛福部中藥許可證：衛署成製015614；類別：乙類成藥；劑型：油膏劑。","退換貨、付款、客服、出貨、價格、通路與任何見證內容，發布前須由人工確認。","人工複製到 LINE OA 後台排程；不得用 API 自動發布。"
"2026-08-07","12:00","文字訊息","立秋後早晚溫差保養","立秋後早晚溫差保養

換季時，身體保養不需要複雜，穩定的小習慣比較長久。

這款定位是外用油膏，重點是局部按摩、依標示使用。衛署成製015614，乙類成藥，資料可至衛福部中藥許可證系統查詢。

外用產品請依標示使用；身體不適、症狀持續或惡化時，請諮詢醫師或藥師。
下單前可先私訊索取藥證查詢方式與外盒標示照片。","私訊索取藥證查詢方式與外盒標示照片","圖卡：立秋後早晚溫差保養 / 藥證可查 / 依標示使用","NEEDS_HUMAN_UPLOAD_OR_SELECTION","NEEDS_HUMAN_REVIEW_SAFE_TERM_CHECK","APPROVED_FOR_MANUAL_SCHEDULE_ONLY","READY_FOR_MANUAL_LINE_OA_INPUT","MANUAL_ONLY_NOT_API","LINE_DRYRUN_103","LINE103","衛福部中藥許可證：衛署成製015614；類別：乙類成藥；劑型：油膏劑。","退換貨、付款、客服、出貨、價格、通路與任何見證內容，發布前須由人工確認。","人工複製到 LINE OA 後台排程；不得用 API 自動發布。"
"2026-08-07","20:00","文字訊息","家事後手臂不適保養","家事後手臂不適保養

運動、搬重物、久站後，身體局部不適時，先休息、觀察，再做保守保養。

這款定位是外用油膏，重點是局部按摩、依標示使用。衛署成製015614，乙類成藥，資料可至衛福部中藥許可證系統查詢。

外用產品請依標示使用；身體不適、症狀持續或惡化時，請諮詢醫師或藥師。
下單前可先私訊索取藥證查詢方式與外盒標示照片。","私訊索取藥證查詢方式與外盒標示照片","圖卡：家事後手臂不適保養 / 藥證可查 / 依標示使用","NEEDS_HUMAN_UPLOAD_OR_SELECTION","NEEDS_HUMAN_REVIEW_SAFE_TERM_CHECK","APPROVED_FOR_MANUAL_SCHEDULE_ONLY","READY_FOR_MANUAL_LINE_OA_INPUT","MANUAL_ONLY_NOT_API","LINE_DRYRUN_104","LINE104","衛福部中藥許可證：衛署成製015614；類別：乙類成藥；劑型：油膏劑。","退換貨、付款、客服、出貨、價格、通路與任何見證內容，發布前須由人工確認。","人工複製到 LINE OA 後台排程；不得用 API 自動發布。"
"2026-08-08","12:00","文字訊息","你有看過外用產品標示嗎","你有看過外用產品標示嗎

很多人不是不想保養，是不知道什麼情況該先問清楚。

這款定位是外用油膏，重點是局部按摩、依標示使用。衛署成製015614，乙類成藥，資料可至衛福部中藥許可證系統查詢。

外用產品請依標示使用；身體不適、症狀持續或惡化時，請諮詢醫師或藥師。
下單前可先私訊索取藥證查詢方式與外盒標示照片。","私訊索取藥證查詢方式與外盒標示照片","圖卡：你有看過外用產品標示嗎 / 藥證可查 / 依標示使用","NEEDS_HUMAN_UPLOAD_OR_SELECTION","NEEDS_HUMAN_REVIEW_SAFE_TERM_CHECK","APPROVED_FOR_MANUAL_SCHEDULE_ONLY","READY_FOR_MANUAL_LINE_OA_INPUT","MANUAL_ONLY_NOT_API","LINE_DRYRUN_105","LINE105","衛福部中藥許可證：衛署成製015614；類別：乙類成藥；劑型：油膏劑。","退換貨、付款、客服、出貨、價格、通路與任何見證內容，發布前須由人工確認。","人工複製到 LINE OA 後台排程；不得用 API 自動發布。"
"2026-08-08","20:00","文字訊息","長輩按摩力道不要過重","長輩按摩力道不要過重

幫長輩準備外用產品時，最重要的是安全、清楚、不要亂用。

這款定位是外用油膏，重點是局部按摩、依標示使用。衛署成製015614，乙類成藥，資料可至衛福部中藥許可證系統查詢。

外用產品請依標示使用；身體不適、症狀持續或惡化時，請諮詢醫師或藥師。
下單前可先私訊索取藥證查詢方式與外盒標示照片。","私訊索取藥證查詢方式與外盒標示照片","圖卡：長輩按摩力道不要過重 / 藥證可查 / 依標示使用","NEEDS_HUMAN_UPLOAD_OR_SELECTION","NEEDS_HUMAN_REVIEW_SAFE_TERM_CHECK","APPROVED_FOR_MANUAL_SCHEDULE_ONLY","READY_FOR_MANUAL_LINE_OA_INPUT","MANUAL_ONLY_NOT_API","LINE_DRYRUN_106","LINE106","衛福部中藥許可證：衛署成製015614；類別：乙類成藥；劑型：油膏劑。","退換貨、付款、客服、出貨、價格、通路與任何見證內容，發布前須由人工確認。","人工複製到 LINE OA 後台排程；不得用 API 自動發布。"
"2026-08-09","12:00","文字訊息","久坐族晚間舒緩儀式","久坐族晚間舒緩儀式

久坐、低頭、開會一整天後，肩頸常會提醒你該放鬆一下。

這款定位是外用油膏，重點是局部按摩、依標示使用。衛署成製015614，乙類成藥，資料可至衛福部中藥許可證系統查詢。

外用產品請依標示使用；身體不適、症狀持續或惡化時，請諮詢醫師或藥師。
下單前可先私訊索取藥證查詢方式與外盒標示照片。","私訊索取藥證查詢方式與外盒標示照片","圖卡：久坐族晚間舒緩儀式 / 藥證可查 / 依標示使用","NEEDS_HUMAN_UPLOAD_OR_SELECTION","NEEDS_HUMAN_REVIEW_SAFE_TERM_CHECK","APPROVED_FOR_MANUAL_SCHEDULE_ONLY","READY_FOR_MANUAL_LINE_OA_INPUT","MANUAL_ONLY_NOT_API","LINE_DRYRUN_107","LINE107","衛福部中藥許可證：衛署成製015614；類別：乙類成藥；劑型：油膏劑。","退換貨、付款、客服、出貨、價格、通路與任何見證內容，發布前須由人工確認。","人工複製到 LINE OA 後台排程；不得用 API 自動發布。"
"2026-08-09","20:00","文字訊息","一條根外用膏的日常定位","一條根外用膏的日常定位

下單前，先看得懂標示與成分，比聽誇張話術更安心。

這款定位是外用油膏，重點是局部按摩、依標示使用。衛署成製015614，乙類成藥，資料可至衛福部中藥許可證系統查詢。

外用產品請依標示使用；身體不適、症狀持續或惡化時，請諮詢醫師或藥師。
下單前可先私訊索取藥證查詢方式與外盒標示照片。","私訊索取藥證查詢方式與外盒標示照片","圖卡：一條根外用膏的日常定位 / 藥證可查 / 依標示使用","NEEDS_HUMAN_UPLOAD_OR_SELECTION","NEEDS_HUMAN_REVIEW_SAFE_TERM_CHECK","APPROVED_FOR_MANUAL_SCHEDULE_ONLY","READY_FOR_MANUAL_LINE_OA_INPUT","MANUAL_ONLY_NOT_API","LINE_DRYRUN_108","LINE108","衛福部中藥許可證：衛署成製015614；類別：乙類成藥；劑型：油膏劑。","退換貨、付款、客服、出貨、價格、通路與任何見證內容，發布前須由人工確認。","人工複製到 LINE OA 後台排程；不得用 API 自動發布。"
"2026-08-10","12:00","文字訊息","處暑後運動暖身提醒","處暑後運動暖身提醒

換季時，身體保養不需要複雜，穩定的小習慣比較長久。

這款定位是外用油膏，重點是局部按摩、依標示使用。衛署成製015614，乙類成藥，資料可至衛福部中藥許可證系統查詢。

外用產品請依標示使用；身體不適、症狀持續或惡化時，請諮詢醫師或藥師。
下單前可先私訊索取藥證查詢方式與外盒標示照片。","私訊索取藥證查詢方式與外盒標示照片","圖卡：處暑後運動暖身提醒 / 藥證可查 / 依標示使用","NEEDS_HUMAN_UPLOAD_OR_SELECTION","NEEDS_HUMAN_REVIEW_SAFE_TERM_CHECK","APPROVED_FOR_MANUAL_SCHEDULE_ONLY","READY_FOR_MANUAL_LINE_OA_INPUT","MANUAL_ONLY_NOT_API","LINE_DRYRUN_109","LINE109","衛福部中藥許可證：衛署成製015614；類別：乙類成藥；劑型：油膏劑。","退換貨、付款、客服、出貨、價格、通路與任何見證內容，發布前須由人工確認。","人工複製到 LINE OA 後台排程；不得用 API 自動發布。"
"2026-08-10","20:00","文字訊息","兒童使用前的安全提醒","兒童使用前的安全提醒

外用產品不是擦越多越好，用對位置、避開風險才安心。

這款定位是外用油膏，重點是局部按摩、依標示使用。衛署成製015614，乙類成藥，資料可至衛福部中藥許可證系統查詢。

外用產品請依標示使用；身體不適、症狀持續或惡化時，請諮詢醫師或藥師。
下單前可先私訊索取藥證查詢方式與外盒標示照片。","私訊索取藥證查詢方式與外盒標示照片","圖卡：兒童使用前的安全提醒 / 藥證可查 / 依標示使用","NEEDS_HUMAN_UPLOAD_OR_SELECTION","NEEDS_HUMAN_REVIEW_SAFE_TERM_CHECK","APPROVED_FOR_MANUAL_SCHEDULE_ONLY","READY_FOR_MANUAL_LINE_OA_INPUT","MANUAL_ONLY_NOT_API","LINE_DRYRUN_110","LINE110","衛福部中藥許可證：衛署成製015614；類別：乙類成藥；劑型：油膏劑。","退換貨、付款、客服、出貨、價格、通路與任何見證內容，發布前須由人工確認。","人工複製到 LINE OA 後台排程；不得用 API 自動發布。"
"2026-08-11","12:00","文字訊息","官方適應症與社群文案的差異","官方適應症與社群文案的差異

我們寧願把資料講清楚，也不想用誇大的話讓你衝動購買。

這款定位是外用油膏，重點是局部按摩、依標示使用。衛署成製015614，乙類成藥，資料可至衛福部中藥許可證系統查詢。

外用產品請依標示使用；身體不適、症狀持續或惡化時，請諮詢醫師或藥師。
下單前可先私訊索取藥證查詢方式與外盒標示照片。","私訊索取藥證查詢方式與外盒標示照片","圖卡：官方適應症與社群文案的差異 / 藥證可查 / 依標示使用","NEEDS_HUMAN_UPLOAD_OR_SELECTION","NEEDS_HUMAN_REVIEW_SAFE_TERM_CHECK","APPROVED_FOR_MANUAL_SCHEDULE_ONLY","READY_FOR_MANUAL_LINE_OA_INPUT","MANUAL_ONLY_NOT_API","LINE_DRYRUN_111","LINE111","衛福部中藥許可證：衛署成製015614；類別：乙類成藥；劑型：油膏劑。","退換貨、付款、客服、出貨、價格、通路與任何見證內容，發布前須由人工確認。","人工複製到 LINE OA 後台排程；不得用 API 自動發布。"
"2026-08-11","20:00","文字訊息","久坐族最想舒緩哪裡","久坐族最想舒緩哪裡

很多人不是不想保養，是不知道什麼情況該先問清楚。

這款定位是外用油膏，重點是局部按摩、依標示使用。衛署成製015614，乙類成藥，資料可至衛福部中藥許可證系統查詢。

外用產品請依標示使用；身體不適、症狀持續或惡化時，請諮詢醫師或藥師。
下單前可先私訊索取藥證查詢方式與外盒標示照片。","私訊索取藥證查詢方式與外盒標示照片","圖卡：久坐族最想舒緩哪裡 / 藥證可查 / 依標示使用","NEEDS_HUMAN_UPLOAD_OR_SELECTION","NEEDS_HUMAN_REVIEW_SAFE_TERM_CHECK","APPROVED_FOR_MANUAL_SCHEDULE_ONLY","READY_FOR_MANUAL_LINE_OA_INPUT","MANUAL_ONLY_NOT_API","LINE_DRYRUN_112","LINE112","衛福部中藥許可證：衛署成製015614；類別：乙類成藥；劑型：油膏劑。","退換貨、付款、客服、出貨、價格、通路與任何見證內容，發布前須由人工確認。","人工複製到 LINE OA 後台排程；不得用 API 自動發布。"
"2026-08-12","12:00","文字訊息","跑步後膝周不適的保守提醒","跑步後膝周不適的保守提醒

運動、搬重物、久站後，身體局部不適時，先休息、觀察，再做保守保養。

這款定位是外用油膏，重點是局部按摩、依標示使用。衛署成製015614，乙類成藥，資料可至衛福部中藥許可證系統查詢。

外用產品請依標示使用；身體不適、症狀持續或惡化時，請諮詢醫師或藥師。
下單前可先私訊索取藥證查詢方式與外盒標示照片。","私訊索取藥證查詢方式與外盒標示照片","圖卡：跑步後膝周不適的保守提醒 / 藥證可查 / 依標示使用","NEEDS_HUMAN_UPLOAD_OR_SELECTION","NEEDS_HUMAN_REVIEW_SAFE_TERM_CHECK","APPROVED_FOR_MANUAL_SCHEDULE_ONLY","READY_FOR_MANUAL_LINE_OA_INPUT","MANUAL_ONLY_NOT_API","LINE_DRYRUN_113","LINE113","衛福部中藥許可證：衛署成製015614；類別：乙類成藥；劑型：油膏劑。","退換貨、付款、客服、出貨、價格、通路與任何見證內容，發布前須由人工確認。","人工複製到 LINE OA 後台排程；不得用 API 自動發布。"
"2026-08-12","20:00","文字訊息","成分濃度為什麼要看標示","成分濃度為什麼要看標示

下單前，先看得懂標示與成分，比聽誇張話術更安心。

這款定位是外用油膏，重點是局部按摩、依標示使用。衛署成製015614，乙類成藥，資料可至衛福部中藥許可證系統查詢。

外用產品請依標示使用；身體不適、症狀持續或惡化時，請諮詢醫師或藥師。
下單前可先私訊索取藥證查詢方式與外盒標示照片。","私訊索取藥證查詢方式與外盒標示照片","圖卡：成分濃度為什麼要看標示 / 藥證可查 / 依標示使用","NEEDS_HUMAN_UPLOAD_OR_SELECTION","NEEDS_HUMAN_REVIEW_SAFE_TERM_CHECK","APPROVED_FOR_MANUAL_SCHEDULE_ONLY","READY_FOR_MANUAL_LINE_OA_INPUT","MANUAL_ONLY_NOT_API","LINE_DRYRUN_114","LINE114","衛福部中藥許可證：衛署成製015614；類別：乙類成藥；劑型：油膏劑。","退換貨、付款、客服、出貨、價格、通路與任何見證內容，發布前須由人工確認。","人工複製到 LINE OA 後台排程；不得用 API 自動發布。"
"2026-08-13","12:00","文字訊息","照顧爸媽時的外用提醒","照顧爸媽時的外用提醒

幫長輩準備外用產品時，最重要的是安全、清楚、不要亂用。

這款定位是外用油膏，重點是局部按摩、依標示使用。衛署成製015614，乙類成藥，資料可至衛福部中藥許可證系統查詢。

外用產品請依標示使用；身體不適、症狀持續或惡化時，請諮詢醫師或藥師。
下單前可先私訊索取藥證查詢方式與外盒標示照片。","私訊索取藥證查詢方式與外盒標示照片","圖卡：照顧爸媽時的外用提醒 / 藥證可查 / 依標示使用","NEEDS_HUMAN_UPLOAD_OR_SELECTION","NEEDS_HUMAN_REVIEW_SAFE_TERM_CHECK","APPROVED_FOR_MANUAL_SCHEDULE_ONLY","READY_FOR_MANUAL_LINE_OA_INPUT","MANUAL_ONLY_NOT_API","LINE_DRYRUN_115","LINE115","衛福部中藥許可證：衛署成製015614；類別：乙類成藥；劑型：油膏劑。","退換貨、付款、客服、出貨、價格、通路與任何見證內容，發布前須由人工確認。","人工複製到 LINE OA 後台排程；不得用 API 自動發布。"
"2026-08-13","20:00","文字訊息","孕婦與哺乳族群先詢問專業人員","孕婦與哺乳族群先詢問專業人員

外用產品不是擦越多越好，用對位置、避開風險才安心。

這款定位是外用油膏，重點是局部按摩、依標示使用。衛署成製015614，乙類成藥，資料可至衛福部中藥許可證系統查詢。

外用產品請依標示使用；身體不適、症狀持續或惡化時，請諮詢醫師或藥師。
下單前可先私訊索取藥證查詢方式與外盒標示照片。","私訊索取藥證查詢方式與外盒標示照片","圖卡：孕婦與哺乳族群先詢問專業人員 / 藥證可查 / 依標示使用","NEEDS_HUMAN_UPLOAD_OR_SELECTION","NEEDS_HUMAN_REVIEW_SAFE_TERM_CHECK","APPROVED_FOR_MANUAL_SCHEDULE_ONLY","READY_FOR_MANUAL_LINE_OA_INPUT","MANUAL_ONLY_NOT_API","LINE_DRYRUN_116","LINE116","衛福部中藥許可證：衛署成製015614；類別：乙類成藥；劑型：油膏劑。","退換貨、付款、客服、出貨、價格、通路與任何見證內容，發布前須由人工確認。","人工複製到 LINE OA 後台排程；不得用 API 自動發布。"
"2026-08-14","12:00","文字訊息","白露時節關心長輩活動","白露時節關心長輩活動

換季時，身體保養不需要複雜，穩定的小習慣比較長久。

這款定位是外用油膏，重點是局部按摩、依標示使用。衛署成製015614，乙類成藥，資料可至衛福部中藥許可證系統查詢。

外用產品請依標示使用；身體不適、症狀持續或惡化時，請諮詢醫師或藥師。
下單前可先私訊索取藥證查詢方式與外盒標示照片。","私訊索取藥證查詢方式與外盒標示照片","圖卡：白露時節關心長輩活動 / 藥證可查 / 依標示使用","NEEDS_HUMAN_UPLOAD_OR_SELECTION","NEEDS_HUMAN_REVIEW_SAFE_TERM_CHECK","APPROVED_FOR_MANUAL_SCHEDULE_ONLY","READY_FOR_MANUAL_LINE_OA_INPUT","MANUAL_ONLY_NOT_API","LINE_DRYRUN_117","LINE117","衛福部中藥許可證：衛署成製015614；類別：乙類成藥；劑型：油膏劑。","退換貨、付款、客服、出貨、價格、通路與任何見證內容，發布前須由人工確認。","人工複製到 LINE OA 後台排程；不得用 API 自動發布。"
"2026-08-14","20:00","文字訊息","勞動後先休息再按摩","勞動後先休息再按摩

運動、搬重物、久站後，身體局部不適時，先休息、觀察，再做保守保養。

這款定位是外用油膏，重點是局部按摩、依標示使用。衛署成製015614，乙類成藥，資料可至衛福部中藥許可證系統查詢。

外用產品請依標示使用；身體不適、症狀持續或惡化時，請諮詢醫師或藥師。
下單前可先私訊索取藥證查詢方式與外盒標示照片。","私訊索取藥證查詢方式與外盒標示照片","圖卡：勞動後先休息再按摩 / 藥證可查 / 依標示使用","NEEDS_HUMAN_UPLOAD_OR_SELECTION","NEEDS_HUMAN_REVIEW_SAFE_TERM_CHECK","APPROVED_FOR_MANUAL_SCHEDULE_ONLY","READY_FOR_MANUAL_LINE_OA_INPUT","MANUAL_ONLY_NOT_API","LINE_DRYRUN_118","LINE118","衛福部中藥許可證：衛署成製015614；類別：乙類成藥；劑型：油膏劑。","退換貨、付款、客服、出貨、價格、通路與任何見證內容，發布前須由人工確認。","人工複製到 LINE OA 後台排程；不得用 API 自動發布。"
"2026-08-15","12:00","文字訊息","長輩使用外用膏你會提醒什麼","長輩使用外用膏你會提醒什麼

很多人不是不想保養，是不知道什麼情況該先問清楚。

這款定位是外用油膏，重點是局部按摩、依標示使用。衛署成製015614，乙類成藥，資料可至衛福部中藥許可證系統查詢。

外用產品請依標示使用；身體不適、症狀持續或惡化時，請諮詢醫師或藥師。
下單前可先私訊索取藥證查詢方式與外盒標示照片。","私訊索取藥證查詢方式與外盒標示照片","圖卡：長輩使用外用膏你會提醒什麼 / 藥證可查 / 依標示使用","NEEDS_HUMAN_UPLOAD_OR_SELECTION","NEEDS_HUMAN_REVIEW_SAFE_TERM_CHECK","APPROVED_FOR_MANUAL_SCHEDULE_ONLY","READY_FOR_MANUAL_LINE_OA_INPUT","MANUAL_ONLY_NOT_API","LINE_DRYRUN_119","LINE119","衛福部中藥許可證：衛署成製015614；類別：乙類成藥；劑型：油膏劑。","退換貨、付款、客服、出貨、價格、通路與任何見證內容，發布前須由人工確認。","人工複製到 LINE OA 後台排程；不得用 API 自動發布。"
"2026-08-15","20:00","文字訊息","日常活動舒適度的三個習慣","日常活動舒適度的三個習慣

幫長輩準備外用產品時，最重要的是安全、清楚、不要亂用。

這款定位是外用油膏，重點是局部按摩、依標示使用。衛署成製015614，乙類成藥，資料可至衛福部中藥許可證系統查詢。

外用產品請依標示使用；身體不適、症狀持續或惡化時，請諮詢醫師或藥師。
下單前可先私訊索取藥證查詢方式與外盒標示照片。","私訊索取藥證查詢方式與外盒標示照片","圖卡：日常活動舒適度的三個習慣 / 藥證可查 / 依標示使用","NEEDS_HUMAN_UPLOAD_OR_SELECTION","NEEDS_HUMAN_REVIEW_SAFE_TERM_CHECK","APPROVED_FOR_MANUAL_SCHEDULE_ONLY","READY_FOR_MANUAL_LINE_OA_INPUT","MANUAL_ONLY_NOT_API","LINE_DRYRUN_120","LINE120","衛福部中藥許可證：衛署成製015614；類別：乙類成藥；劑型：油膏劑。","退換貨、付款、客服、出貨、價格、通路與任何見證內容，發布前須由人工確認。","人工複製到 LINE OA 後台排程；不得用 API 自動發布。"
"2026-08-16","12:00","文字訊息","背包太重後的肩膀保養","背包太重後的肩膀保養

久坐、低頭、開會一整天後，肩頸常會提醒你該放鬆一下。

這款定位是外用油膏，重點是局部按摩、依標示使用。衛署成製015614，乙類成藥，資料可至衛福部中藥許可證系統查詢。

外用產品請依標示使用；身體不適、症狀持續或惡化時，請諮詢醫師或藥師。
下單前可先私訊索取藥證查詢方式與外盒標示照片。","私訊索取藥證查詢方式與外盒標示照片","圖卡：背包太重後的肩膀保養 / 藥證可查 / 依標示使用","NEEDS_HUMAN_UPLOAD_OR_SELECTION","NEEDS_HUMAN_REVIEW_SAFE_TERM_CHECK","APPROVED_FOR_MANUAL_SCHEDULE_ONLY","READY_FOR_MANUAL_LINE_OA_INPUT","MANUAL_ONLY_NOT_API","LINE_DRYRUN_121","LINE121","衛福部中藥許可證：衛署成製015614；類別：乙類成藥；劑型：油膏劑。","退換貨、付款、客服、出貨、價格、通路與任何見證內容，發布前須由人工確認。","人工複製到 LINE OA 後台排程；不得用 API 自動發布。"
"2026-08-16","20:00","文字訊息","局部按摩和大面積厚敷的差別","局部按摩和大面積厚敷的差別

下單前，先看得懂標示與成分，比聽誇張話術更安心。

這款定位是外用油膏，重點是局部按摩、依標示使用。衛署成製015614，乙類成藥，資料可至衛福部中藥許可證系統查詢。

外用產品請依標示使用；身體不適、症狀持續或惡化時，請諮詢醫師或藥師。
下單前可先私訊索取藥證查詢方式與外盒標示照片。","私訊索取藥證查詢方式與外盒標示照片","圖卡：局部按摩和大面積厚敷的差別 / 藥證可查 / 依標示使用","NEEDS_HUMAN_UPLOAD_OR_SELECTION","NEEDS_HUMAN_REVIEW_SAFE_TERM_CHECK","APPROVED_FOR_MANUAL_SCHEDULE_ONLY","READY_FOR_MANUAL_LINE_OA_INPUT","MANUAL_ONLY_NOT_API","LINE_DRYRUN_122","LINE122","衛福部中藥許可證：衛署成製015614；類別：乙類成藥；劑型：油膏劑。","退換貨、付款、客服、出貨、價格、通路與任何見證內容，發布前須由人工確認。","人工複製到 LINE OA 後台排程；不得用 API 自動發布。"
"2026-08-17","12:00","文字訊息","秋分後外出前暖身","秋分後外出前暖身

換季時，身體保養不需要複雜，穩定的小習慣比較長久。

這款定位是外用油膏，重點是局部按摩、依標示使用。衛署成製015614，乙類成藥，資料可至衛福部中藥許可證系統查詢。

外用產品請依標示使用；身體不適、症狀持續或惡化時，請諮詢醫師或藥師。
下單前可先私訊索取藥證查詢方式與外盒標示照片。","私訊索取藥證查詢方式與外盒標示照片","圖卡：秋分後外出前暖身 / 藥證可查 / 依標示使用","NEEDS_HUMAN_UPLOAD_OR_SELECTION","NEEDS_HUMAN_REVIEW_SAFE_TERM_CHECK","APPROVED_FOR_MANUAL_SCHEDULE_ONLY","READY_FOR_MANUAL_LINE_OA_INPUT","MANUAL_ONLY_NOT_API","LINE_DRYRUN_123","LINE123","衛福部中藥許可證：衛署成製015614；類別：乙類成藥；劑型：油膏劑。","退換貨、付款、客服、出貨、價格、通路與任何見證內容，發布前須由人工確認。","人工複製到 LINE OA 後台排程；不得用 API 自動發布。"
"2026-08-17","20:00","文字訊息","症狀超過七天要停用並諮詢","症狀超過七天要停用並諮詢

外用產品不是擦越多越好，用對位置、避開風險才安心。

這款定位是外用油膏，重點是局部按摩、依標示使用。衛署成製015614，乙類成藥，資料可至衛福部中藥許可證系統查詢。

外用產品請依標示使用；身體不適、症狀持續或惡化時，請諮詢醫師或藥師。
下單前可先私訊索取藥證查詢方式與外盒標示照片。","私訊索取藥證查詢方式與外盒標示照片","圖卡：症狀超過七天要停用並諮詢 / 藥證可查 / 依標示使用","NEEDS_HUMAN_UPLOAD_OR_SELECTION","NEEDS_HUMAN_REVIEW_SAFE_TERM_CHECK","APPROVED_FOR_MANUAL_SCHEDULE_ONLY","READY_FOR_MANUAL_LINE_OA_INPUT","MANUAL_ONLY_NOT_API","LINE_DRYRUN_124","LINE124","衛福部中藥許可證：衛署成製015614；類別：乙類成藥；劑型：油膏劑。","退換貨、付款、客服、出貨、價格、通路與任何見證內容，發布前須由人工確認。","人工複製到 LINE OA 後台排程；不得用 API 自動發布。"
"2026-08-18","12:00","文字訊息","為什麼不鼓勵擦傷口","為什麼不鼓勵擦傷口

我們寧願把資料講清楚，也不想用誇大的話讓你衝動購買。

這款定位是外用油膏，重點是局部按摩、依標示使用。衛署成製015614，乙類成藥，資料可至衛福部中藥許可證系統查詢。

外用產品請依標示使用；身體不適、症狀持續或惡化時，請諮詢醫師或藥師。
下單前可先私訊索取藥證查詢方式與外盒標示照片。","私訊索取藥證查詢方式與外盒標示照片","圖卡：為什麼不鼓勵擦傷口 / 藥證可查 / 依標示使用","NEEDS_HUMAN_UPLOAD_OR_SELECTION","NEEDS_HUMAN_REVIEW_SAFE_TERM_CHECK","APPROVED_FOR_MANUAL_SCHEDULE_ONLY","READY_FOR_MANUAL_LINE_OA_INPUT","MANUAL_ONLY_NOT_API","LINE_DRYRUN_125","LINE125","衛福部中藥許可證：衛署成製015614；類別：乙類成藥；劑型：油膏劑。","退換貨、付款、客服、出貨、價格、通路與任何見證內容，發布前須由人工確認。","人工複製到 LINE OA 後台排程；不得用 API 自動發布。"
"2026-08-18","20:00","文字訊息","一條根可以天天厚敷嗎","一條根可以天天厚敷嗎

很多人不是不想保養，是不知道什麼情況該先問清楚。

這款定位是外用油膏，重點是局部按摩、依標示使用。衛署成製015614，乙類成藥，資料可至衛福部中藥許可證系統查詢。

外用產品請依標示使用；身體不適、症狀持續或惡化時，請諮詢醫師或藥師。
下單前可先私訊索取藥證查詢方式與外盒標示照片。","私訊索取藥證查詢方式與外盒標示照片","圖卡：一條根可以天天厚敷嗎 / 藥證可查 / 依標示使用","NEEDS_HUMAN_UPLOAD_OR_SELECTION","NEEDS_HUMAN_REVIEW_SAFE_TERM_CHECK","APPROVED_FOR_MANUAL_SCHEDULE_ONLY","READY_FOR_MANUAL_LINE_OA_INPUT","MANUAL_ONLY_NOT_API","LINE_DRYRUN_126","LINE126","衛福部中藥許可證：衛署成製015614；類別：乙類成藥；劑型：油膏劑。","退換貨、付款、客服、出貨、價格、通路與任何見證內容，發布前須由人工確認。","人工複製到 LINE OA 後台排程；不得用 API 自動發布。"
"2026-08-19","12:00","文字訊息","運動後不要立刻熱敷加藥膏","運動後不要立刻熱敷加藥膏

運動、搬重物、久站後，身體局部不適時，先休息、觀察，再做保守保養。

這款定位是外用油膏，重點是局部按摩、依標示使用。衛署成製015614，乙類成藥，資料可至衛福部中藥許可證系統查詢。

外用產品請依標示使用；身體不適、症狀持續或惡化時，請諮詢醫師或藥師。
下單前可先私訊索取藥證查詢方式與外盒標示照片。","私訊索取藥證查詢方式與外盒標示照片","圖卡：運動後不要立刻熱敷加藥膏 / 藥證可查 / 依標示使用","NEEDS_HUMAN_UPLOAD_OR_SELECTION","NEEDS_HUMAN_REVIEW_SAFE_TERM_CHECK","APPROVED_FOR_MANUAL_SCHEDULE_ONLY","READY_FOR_MANUAL_LINE_OA_INPUT","MANUAL_ONLY_NOT_API","LINE_DRYRUN_127","LINE127","衛福部中藥許可證：衛署成製015614；類別：乙類成藥；劑型：油膏劑。","退換貨、付款、客服、出貨、價格、通路與任何見證內容，發布前須由人工確認。","人工複製到 LINE OA 後台排程；不得用 API 自動發布。"
"2026-08-19","20:00","文字訊息","使用前先小範圍測試","使用前先小範圍測試

下單前，先看得懂標示與成分，比聽誇張話術更安心。

這款定位是外用油膏，重點是局部按摩、依標示使用。衛署成製015614，乙類成藥，資料可至衛福部中藥許可證系統查詢。

外用產品請依標示使用；身體不適、症狀持續或惡化時，請諮詢醫師或藥師。
下單前可先私訊索取藥證查詢方式與外盒標示照片。","私訊索取藥證查詢方式與外盒標示照片","圖卡：使用前先小範圍測試 / 藥證可查 / 依標示使用","NEEDS_HUMAN_UPLOAD_OR_SELECTION","NEEDS_HUMAN_REVIEW_SAFE_TERM_CHECK","APPROVED_FOR_MANUAL_SCHEDULE_ONLY","READY_FOR_MANUAL_LINE_OA_INPUT","MANUAL_ONLY_NOT_API","LINE_DRYRUN_128","LINE128","衛福部中藥許可證：衛署成製015614；類別：乙類成藥；劑型：油膏劑。","退換貨、付款、客服、出貨、價格、通路與任何見證內容，發布前須由人工確認。","人工複製到 LINE OA 後台排程；不得用 API 自動發布。"
"2026-08-20","12:00","文字訊息","長輩使用前先看標示","長輩使用前先看標示

幫長輩準備外用產品時，最重要的是安全、清楚、不要亂用。

這款定位是外用油膏，重點是局部按摩、依標示使用。衛署成製015614，乙類成藥，資料可至衛福部中藥許可證系統查詢。

外用產品請依標示使用；身體不適、症狀持續或惡化時，請諮詢醫師或藥師。
下單前可先私訊索取藥證查詢方式與外盒標示照片。","私訊索取藥證查詢方式與外盒標示照片","圖卡：長輩使用前先看標示 / 藥證可查 / 依標示使用","NEEDS_HUMAN_UPLOAD_OR_SELECTION","NEEDS_HUMAN_REVIEW_SAFE_TERM_CHECK","APPROVED_FOR_MANUAL_SCHEDULE_ONLY","READY_FOR_MANUAL_LINE_OA_INPUT","MANUAL_ONLY_NOT_API","LINE_DRYRUN_129","LINE129","衛福部中藥許可證：衛署成製015614；類別：乙類成藥；劑型：油膏劑。","退換貨、付款、客服、出貨、價格、通路與任何見證內容，發布前須由人工確認。","人工複製到 LINE OA 後台排程；不得用 API 自動發布。"
"2026-08-20","20:00","文字訊息","皮膚刺激時要停止使用","皮膚刺激時要停止使用

外用產品不是擦越多越好，用對位置、避開風險才安心。

這款定位是外用油膏，重點是局部按摩、依標示使用。衛署成製015614，乙類成藥，資料可至衛福部中藥許可證系統查詢。

外用產品請依標示使用；身體不適、症狀持續或惡化時，請諮詢醫師或藥師。
下單前可先私訊索取藥證查詢方式與外盒標示照片。","私訊索取藥證查詢方式與外盒標示照片","圖卡：皮膚刺激時要停止使用 / 藥證可查 / 依標示使用","NEEDS_HUMAN_UPLOAD_OR_SELECTION","NEEDS_HUMAN_REVIEW_SAFE_TERM_CHECK","APPROVED_FOR_MANUAL_SCHEDULE_ONLY","READY_FOR_MANUAL_LINE_OA_INPUT","MANUAL_ONLY_NOT_API","LINE_DRYRUN_130","LINE130","衛福部中藥許可證：衛署成製015614；類別：乙類成藥；劑型：油膏劑。","退換貨、付款、客服、出貨、價格、通路與任何見證內容，發布前須由人工確認。","人工複製到 LINE OA 後台排程；不得用 API 自動發布。"
"2026-08-21","12:00","文字訊息","寒露後肩背保養","寒露後肩背保養

換季時，身體保養不需要複雜，穩定的小習慣比較長久。

這款定位是外用油膏，重點是局部按摩、依標示使用。衛署成製015614，乙類成藥，資料可至衛福部中藥許可證系統查詢。

外用產品請依標示使用；身體不適、症狀持續或惡化時，請諮詢醫師或藥師。
下單前可先私訊索取藥證查詢方式與外盒標示照片。","私訊索取藥證查詢方式與外盒標示照片","圖卡：寒露後肩背保養 / 藥證可查 / 依標示使用","NEEDS_HUMAN_UPLOAD_OR_SELECTION","NEEDS_HUMAN_REVIEW_SAFE_TERM_CHECK","APPROVED_FOR_MANUAL_SCHEDULE_ONLY","READY_FOR_MANUAL_LINE_OA_INPUT","MANUAL_ONLY_NOT_API","LINE_DRYRUN_131","LINE131","衛福部中藥許可證：衛署成製015614；類別：乙類成藥；劑型：油膏劑。","退換貨、付款、客服、出貨、價格、通路與任何見證內容，發布前須由人工確認。","人工複製到 LINE OA 後台排程；不得用 API 自動發布。"
"2026-08-21","20:00","文字訊息","輕微拉扯後的觀察重點","輕微拉扯後的觀察重點

運動、搬重物、久站後，身體局部不適時，先休息、觀察，再做保守保養。

這款定位是外用油膏，重點是局部按摩、依標示使用。衛署成製015614，乙類成藥，資料可至衛福部中藥許可證系統查詢。

外用產品請依標示使用；身體不適、症狀持續或惡化時，請諮詢醫師或藥師。
下單前可先私訊索取藥證查詢方式與外盒標示照片。","私訊索取藥證查詢方式與外盒標示照片","圖卡：輕微拉扯後的觀察重點 / 藥證可查 / 依標示使用","NEEDS_HUMAN_UPLOAD_OR_SELECTION","NEEDS_HUMAN_REVIEW_SAFE_TERM_CHECK","APPROVED_FOR_MANUAL_SCHEDULE_ONLY","READY_FOR_MANUAL_LINE_OA_INPUT","MANUAL_ONLY_NOT_API","LINE_DRYRUN_132","LINE132","衛福部中藥許可證：衛署成製015614；類別：乙類成藥；劑型：油膏劑。","退換貨、付款、客服、出貨、價格、通路與任何見證內容，發布前須由人工確認。","人工複製到 LINE OA 後台排程；不得用 API 自動發布。"
"2026-08-22","12:00","文字訊息","擦完可以馬上熱敷嗎","擦完可以馬上熱敷嗎

很多人不是不想保養，是不知道什麼情況該先問清楚。

這款定位是外用油膏，重點是局部按摩、依標示使用。衛署成製015614，乙類成藥，資料可至衛福部中藥許可證系統查詢。

外用產品請依標示使用；身體不適、症狀持續或惡化時，請諮詢醫師或藥師。
下單前可先私訊索取藥證查詢方式與外盒標示照片。","私訊索取藥證查詢方式與外盒標示照片","圖卡：擦完可以馬上熱敷嗎 / 藥證可查 / 依標示使用","NEEDS_HUMAN_UPLOAD_OR_SELECTION","NEEDS_HUMAN_REVIEW_SAFE_TERM_CHECK","APPROVED_FOR_MANUAL_SCHEDULE_ONLY","READY_FOR_MANUAL_LINE_OA_INPUT","MANUAL_ONLY_NOT_API","LINE_DRYRUN_133","LINE133","衛福部中藥許可證：衛署成製015614；類別：乙類成藥；劑型：油膏劑。","退換貨、付款、客服、出貨、價格、通路與任何見證內容，發布前須由人工確認。","人工複製到 LINE OA 後台排程；不得用 API 自動發布。"
"2026-08-22","20:00","文字訊息","別把長期疼痛只當小問題","別把長期疼痛只當小問題

幫長輩準備外用產品時，最重要的是安全、清楚、不要亂用。

這款定位是外用油膏，重點是局部按摩、依標示使用。衛署成製015614，乙類成藥，資料可至衛福部中藥許可證系統查詢。

外用產品請依標示使用；身體不適、症狀持續或惡化時，請諮詢醫師或藥師。
下單前可先私訊索取藥證查詢方式與外盒標示照片。","私訊索取藥證查詢方式與外盒標示照片","圖卡：別把長期疼痛只當小問題 / 藥證可查 / 依標示使用","NEEDS_HUMAN_UPLOAD_OR_SELECTION","NEEDS_HUMAN_REVIEW_SAFE_TERM_CHECK","APPROVED_FOR_MANUAL_SCHEDULE_ONLY","READY_FOR_MANUAL_LINE_OA_INPUT","MANUAL_ONLY_NOT_API","LINE_DRYRUN_134","LINE134","衛福部中藥許可證：衛署成製015614；類別：乙類成藥；劑型：油膏劑。","退換貨、付款、客服、出貨、價格、通路與任何見證內容，發布前須由人工確認。","人工複製到 LINE OA 後台排程；不得用 API 自動發布。"
"2026-08-23","12:00","文字訊息","冷氣房肩頸緊繃保養","冷氣房肩頸緊繃保養

久坐、低頭、開會一整天後，肩頸常會提醒你該放鬆一下。

這款定位是外用油膏，重點是局部按摩、依標示使用。衛署成製015614，乙類成藥，資料可至衛福部中藥許可證系統查詢。

外用產品請依標示使用；身體不適、症狀持續或惡化時，請諮詢醫師或藥師。
下單前可先私訊索取藥證查詢方式與外盒標示照片。","私訊索取藥證查詢方式與外盒標示照片","圖卡：冷氣房肩頸緊繃保養 / 藥證可查 / 依標示使用","NEEDS_HUMAN_UPLOAD_OR_SELECTION","PASS_DRY_RUN_PENDING_HUMAN_REVIEW","APPROVED_FOR_MANUAL_SCHEDULE_ONLY","READY_FOR_MANUAL_LINE_OA_INPUT","MANUAL_ONLY_NOT_API","LINE_DRYRUN_135","LINE135","衛福部中藥許可證：衛署成製015614；類別：乙類成藥；劑型：油膏劑。","退換貨、付款、客服、出貨、價格、通路與任何見證內容，發布前須由人工確認。","人工複製到 LINE OA 後台排程；不得用 API 自動發布。"
"2026-08-23","20:00","文字訊息","產品不是神藥，定位要講清楚","產品不是神藥，定位要講清楚

下單前，先看得懂標示與成分，比聽誇張話術更安心。

這款定位是外用油膏，重點是局部按摩、依標示使用。衛署成製015614，乙類成藥，資料可至衛福部中藥許可證系統查詢。

外用產品請依標示使用；身體不適、症狀持續或惡化時，請諮詢醫師或藥師。
下單前可先私訊索取藥證查詢方式與外盒標示照片。","私訊索取藥證查詢方式與外盒標示照片","圖卡：產品不是神藥，定位要講清楚 / 藥證可查 / 依標示使用","NEEDS_HUMAN_UPLOAD_OR_SELECTION","NEEDS_HUMAN_REVIEW_SAFE_TERM_CHECK","APPROVED_FOR_MANUAL_SCHEDULE_ONLY","READY_FOR_MANUAL_LINE_OA_INPUT","MANUAL_ONLY_NOT_API","LINE_DRYRUN_136","LINE136","衛福部中藥許可證：衛署成製015614；類別：乙類成藥；劑型：油膏劑。","退換貨、付款、客服、出貨、價格、通路與任何見證內容，發布前須由人工確認。","人工複製到 LINE OA 後台排程；不得用 API 自動發布。"
"2026-08-24","12:00","文字訊息","立冬前後的日常舒緩儀式","立冬前後的日常舒緩儀式

換季時，身體保養不需要複雜，穩定的小習慣比較長久。

這款定位是外用油膏，重點是局部按摩、依標示使用。衛署成製015614，乙類成藥，資料可至衛福部中藥許可證系統查詢。

外用產品請依標示使用；身體不適、症狀持續或惡化時，請諮詢醫師或藥師。
下單前可先私訊索取藥證查詢方式與外盒標示照片。","私訊索取藥證查詢方式與外盒標示照片","圖卡：立冬前後的日常舒緩儀式 / 藥證可查 / 依標示使用","NEEDS_HUMAN_UPLOAD_OR_SELECTION","NEEDS_HUMAN_REVIEW_SAFE_TERM_CHECK","APPROVED_FOR_MANUAL_SCHEDULE_ONLY","READY_FOR_MANUAL_LINE_OA_INPUT","MANUAL_ONLY_NOT_API","LINE_DRYRUN_137","LINE137","衛福部中藥許可證：衛署成製015614；類別：乙類成藥；劑型：油膏劑。","退換貨、付款、客服、出貨、價格、通路與任何見證內容，發布前須由人工確認。","人工複製到 LINE OA 後台排程；不得用 API 自動發布。"
"2026-08-24","20:00","文字訊息","深層症狀不適合自行處理","深層症狀不適合自行處理

外用產品不是擦越多越好，用對位置、避開風險才安心。

這款定位是外用油膏，重點是局部按摩、依標示使用。衛署成製015614，乙類成藥，資料可至衛福部中藥許可證系統查詢。

外用產品請依標示使用；身體不適、症狀持續或惡化時，請諮詢醫師或藥師。
下單前可先私訊索取藥證查詢方式與外盒標示照片。","私訊索取藥證查詢方式與外盒標示照片","圖卡：深層症狀不適合自行處理 / 藥證可查 / 依標示使用","NEEDS_HUMAN_UPLOAD_OR_SELECTION","NEEDS_HUMAN_REVIEW_SAFE_TERM_CHECK","APPROVED_FOR_MANUAL_SCHEDULE_ONLY","READY_FOR_MANUAL_LINE_OA_INPUT","MANUAL_ONLY_NOT_API","LINE_DRYRUN_138","LINE138","衛福部中藥許可證：衛署成製015614；類別：乙類成藥；劑型：油膏劑。","退換貨、付款、客服、出貨、價格、通路與任何見證內容，發布前須由人工確認。","人工複製到 LINE OA 後台排程；不得用 API 自動發布。"
"2026-08-25","12:00","文字訊息","買外用膏先看三件事","買外用膏先看三件事

我們寧願把資料講清楚，也不想用誇大的話讓你衝動購買。

這款定位是外用油膏，重點是局部按摩、依標示使用。衛署成製015614，乙類成藥，資料可至衛福部中藥許可證系統查詢。

外用產品請依標示使用；身體不適、症狀持續或惡化時，請諮詢醫師或藥師。
下單前可先私訊索取藥證查詢方式與外盒標示照片。","私訊索取藥證查詢方式與外盒標示照片","圖卡：買外用膏先看三件事 / 藥證可查 / 依標示使用","NEEDS_HUMAN_UPLOAD_OR_SELECTION","NEEDS_HUMAN_REVIEW_SAFE_TERM_CHECK","APPROVED_FOR_MANUAL_SCHEDULE_ONLY","READY_FOR_MANUAL_LINE_OA_INPUT","MANUAL_ONLY_NOT_API","LINE_DRYRUN_139","LINE139","衛福部中藥許可證：衛署成製015614；類別：乙類成藥；劑型：油膏劑。","退換貨、付款、客服、出貨、價格、通路與任何見證內容，發布前須由人工確認。","人工複製到 LINE OA 後台排程；不得用 API 自動發布。"
"2026-08-25","20:00","文字訊息","哪些情況應該先就醫","哪些情況應該先就醫

很多人不是不想保養，是不知道什麼情況該先問清楚。

這款定位是外用油膏，重點是局部按摩、依標示使用。衛署成製015614，乙類成藥，資料可至衛福部中藥許可證系統查詢。

外用產品請依標示使用；身體不適、症狀持續或惡化時，請諮詢醫師或藥師。
下單前可先私訊索取藥證查詢方式與外盒標示照片。","私訊索取藥證查詢方式與外盒標示照片","圖卡：哪些情況應該先就醫 / 藥證可查 / 依標示使用","NEEDS_HUMAN_UPLOAD_OR_SELECTION","NEEDS_HUMAN_REVIEW_SAFE_TERM_CHECK","APPROVED_FOR_MANUAL_SCHEDULE_ONLY","READY_FOR_MANUAL_LINE_OA_INPUT","MANUAL_ONLY_NOT_API","LINE_DRYRUN_140","LINE140","衛福部中藥許可證：衛署成製015614；類別：乙類成藥；劑型：油膏劑。","退換貨、付款、客服、出貨、價格、通路與任何見證內容，發布前須由人工確認。","人工複製到 LINE OA 後台排程；不得用 API 自動發布。"
"2026-08-26","12:00","文字訊息","運動後局部痠痛的保守處理","運動後局部痠痛的保守處理

運動、搬重物、久站後，身體局部不適時，先休息、觀察，再做保守保養。

這款定位是外用油膏，重點是局部按摩、依標示使用。衛署成製015614，乙類成藥，資料可至衛福部中藥許可證系統查詢。

外用產品請依標示使用；身體不適、症狀持續或惡化時，請諮詢醫師或藥師。
下單前可先私訊索取藥證查詢方式與外盒標示照片。","私訊索取藥證查詢方式與外盒標示照片","圖卡：運動後局部痠痛的保守處理 / 藥證可查 / 依標示使用","NEEDS_HUMAN_UPLOAD_OR_SELECTION","NEEDS_HUMAN_REVIEW_SAFE_TERM_CHECK","APPROVED_FOR_MANUAL_SCHEDULE_ONLY","READY_FOR_MANUAL_LINE_OA_INPUT","MANUAL_ONLY_NOT_API","LINE_DRYRUN_141","LINE141","衛福部中藥許可證：衛署成製015614；類別：乙類成藥；劑型：油膏劑。","退換貨、付款、客服、出貨、價格、通路與任何見證內容，發布前須由人工確認。","人工複製到 LINE OA 後台排程；不得用 API 自動發布。"
"2026-08-26","20:00","文字訊息","冬青油與清涼舒緩體感","冬青油與清涼舒緩體感

下單前，先看得懂標示與成分，比聽誇張話術更安心。

這款定位是外用油膏，重點是局部按摩、依標示使用。衛署成製015614，乙類成藥，資料可至衛福部中藥許可證系統查詢。

外用產品請依標示使用；身體不適、症狀持續或惡化時，請諮詢醫師或藥師。
下單前可先私訊索取藥證查詢方式與外盒標示照片。","私訊索取藥證查詢方式與外盒標示照片","圖卡：冬青油與清涼舒緩體感 / 藥證可查 / 依標示使用","NEEDS_HUMAN_UPLOAD_OR_SELECTION","NEEDS_HUMAN_REVIEW_SAFE_TERM_CHECK","APPROVED_FOR_MANUAL_SCHEDULE_ONLY","READY_FOR_MANUAL_LINE_OA_INPUT","MANUAL_ONLY_NOT_API","LINE_DRYRUN_142","LINE142","衛福部中藥許可證：衛署成製015614；類別：乙類成藥；劑型：油膏劑。","退換貨、付款、客服、出貨、價格、通路與任何見證內容，發布前須由人工確認。","人工複製到 LINE OA 後台排程；不得用 API 自動發布。"
"2026-08-27","12:00","文字訊息","早晨活動前的關節暖身","早晨活動前的關節暖身

幫長輩準備外用產品時，最重要的是安全、清楚、不要亂用。

這款定位是外用油膏，重點是局部按摩、依標示使用。衛署成製015614，乙類成藥，資料可至衛福部中藥許可證系統查詢。

外用產品請依標示使用；身體不適、症狀持續或惡化時，請諮詢醫師或藥師。
下單前可先私訊索取藥證查詢方式與外盒標示照片。","私訊索取藥證查詢方式與外盒標示照片","圖卡：早晨活動前的關節暖身 / 藥證可查 / 依標示使用","NEEDS_HUMAN_UPLOAD_OR_SELECTION","NEEDS_HUMAN_REVIEW_SAFE_TERM_CHECK","APPROVED_FOR_MANUAL_SCHEDULE_ONLY","READY_FOR_MANUAL_LINE_OA_INPUT","MANUAL_ONLY_NOT_API","LINE_DRYRUN_143","LINE143","衛福部中藥許可證：衛署成製015614；類別：乙類成藥；劑型：油膏劑。","退換貨、付款、客服、出貨、價格、通路與任何見證內容，發布前須由人工確認。","人工複製到 LINE OA 後台排程；不得用 API 自動發布。"
"2026-08-27","20:00","文字訊息","不能擦在破皮或傷口","不能擦在破皮或傷口

外用產品不是擦越多越好，用對位置、避開風險才安心。

這款定位是外用油膏，重點是局部按摩、依標示使用。衛署成製015614，乙類成藥，資料可至衛福部中藥許可證系統查詢。

外用產品請依標示使用；身體不適、症狀持續或惡化時，請諮詢醫師或藥師。
下單前可先私訊索取藥證查詢方式與外盒標示照片。","私訊索取藥證查詢方式與外盒標示照片","圖卡：不能擦在破皮或傷口 / 藥證可查 / 依標示使用","NEEDS_HUMAN_UPLOAD_OR_SELECTION","NEEDS_HUMAN_REVIEW_SAFE_TERM_CHECK","APPROVED_FOR_MANUAL_SCHEDULE_ONLY","READY_FOR_MANUAL_LINE_OA_INPUT","MANUAL_ONLY_NOT_API","LINE_DRYRUN_144","LINE144","衛福部中藥許可證：衛署成製015614；類別：乙類成藥；劑型：油膏劑。","退換貨、付款、客服、出貨、價格、通路與任何見證內容，發布前須由人工確認。","人工複製到 LINE OA 後台排程；不得用 API 自動發布。"
"2026-08-28","12:00","文字訊息","芒種後濕熱生活保養","芒種後濕熱生活保養

換季時，身體保養不需要複雜，穩定的小習慣比較長久。

這款定位是外用油膏，重點是局部按摩、依標示使用。衛署成製015614，乙類成藥，資料可至衛福部中藥許可證系統查詢。

外用產品請依標示使用；身體不適、症狀持續或惡化時，請諮詢醫師或藥師。
下單前可先私訊索取藥證查詢方式與外盒標示照片。","私訊索取藥證查詢方式與外盒標示照片","圖卡：芒種後濕熱生活保養 / 藥證可查 / 依標示使用","NEEDS_HUMAN_UPLOAD_OR_SELECTION","NEEDS_HUMAN_REVIEW_SAFE_TERM_CHECK","APPROVED_FOR_MANUAL_SCHEDULE_ONLY","READY_FOR_MANUAL_LINE_OA_INPUT","MANUAL_ONLY_NOT_API","LINE_DRYRUN_145","LINE145","衛福部中藥許可證：衛署成製015614；類別：乙類成藥；劑型：油膏劑。","退換貨、付款、客服、出貨、價格、通路與任何見證內容，發布前須由人工確認。","人工複製到 LINE OA 後台排程；不得用 API 自動發布。"
"2026-08-28","20:00","文字訊息","久站後小腿不適舒緩","久站後小腿不適舒緩

運動、搬重物、久站後，身體局部不適時，先休息、觀察，再做保守保養。

這款定位是外用油膏，重點是局部按摩、依標示使用。衛署成製015614，乙類成藥，資料可至衛福部中藥許可證系統查詢。

外用產品請依標示使用；身體不適、症狀持續或惡化時，請諮詢醫師或藥師。
下單前可先私訊索取藥證查詢方式與外盒標示照片。","私訊索取藥證查詢方式與外盒標示照片","圖卡：久站後小腿不適舒緩 / 藥證可查 / 依標示使用","NEEDS_HUMAN_UPLOAD_OR_SELECTION","NEEDS_HUMAN_REVIEW_SAFE_TERM_CHECK","APPROVED_FOR_MANUAL_SCHEDULE_ONLY","READY_FOR_MANUAL_LINE_OA_INPUT","MANUAL_ONLY_NOT_API","LINE_DRYRUN_146","LINE146","衛福部中藥許可證：衛署成製015614；類別：乙類成藥；劑型：油膏劑。","退換貨、付款、客服、出貨、價格、通路與任何見證內容，發布前須由人工確認。","人工複製到 LINE OA 後台排程；不得用 API 自動發布。"
"2026-08-29","12:00","文字訊息","你最常哪個部位緊繃","你最常哪個部位緊繃

很多人不是不想保養，是不知道什麼情況該先問清楚。

這款定位是外用油膏，重點是局部按摩、依標示使用。衛署成製015614，乙類成藥，資料可至衛福部中藥許可證系統查詢。

外用產品請依標示使用；身體不適、症狀持續或惡化時，請諮詢醫師或藥師。
下單前可先私訊索取藥證查詢方式與外盒標示照片。","私訊索取藥證查詢方式與外盒標示照片","圖卡：你最常哪個部位緊繃 / 藥證可查 / 依標示使用","NEEDS_HUMAN_UPLOAD_OR_SELECTION","NEEDS_HUMAN_REVIEW_SAFE_TERM_CHECK","APPROVED_FOR_MANUAL_SCHEDULE_ONLY","READY_FOR_MANUAL_LINE_OA_INPUT","MANUAL_ONLY_NOT_API","LINE_DRYRUN_147","LINE147","衛福部中藥許可證：衛署成製015614；類別：乙類成藥；劑型：油膏劑。","退換貨、付款、客服、出貨、價格、通路與任何見證內容，發布前須由人工確認。","人工複製到 LINE OA 後台排程；不得用 API 自動發布。"
"2026-08-29","20:00","文字訊息","長輩外用膏使用安全","長輩外用膏使用安全

幫長輩準備外用產品時，最重要的是安全、清楚、不要亂用。

這款定位是外用油膏，重點是局部按摩、依標示使用。衛署成製015614，乙類成藥，資料可至衛福部中藥許可證系統查詢。

外用產品請依標示使用；身體不適、症狀持續或惡化時，請諮詢醫師或藥師。
下單前可先私訊索取藥證查詢方式與外盒標示照片。","私訊索取藥證查詢方式與外盒標示照片","圖卡：長輩外用膏使用安全 / 藥證可查 / 依標示使用","NEEDS_HUMAN_UPLOAD_OR_SELECTION","NEEDS_HUMAN_REVIEW_SAFE_TERM_CHECK","APPROVED_FOR_MANUAL_SCHEDULE_ONLY","READY_FOR_MANUAL_LINE_OA_INPUT","MANUAL_ONLY_NOT_API","LINE_DRYRUN_148","LINE148","衛福部中藥許可證：衛署成製015614；類別：乙類成藥；劑型：油膏劑。","退換貨、付款、客服、出貨、價格、通路與任何見證內容，發布前須由人工確認。","人工複製到 LINE OA 後台排程；不得用 API 自動發布。"
"2026-08-30","12:00","文字訊息","低頭族肩頸緊繃的三個提醒","低頭族肩頸緊繃的三個提醒

久坐、低頭、開會一整天後，肩頸常會提醒你該放鬆一下。

這款定位是外用油膏，重點是局部按摩、依標示使用。衛署成製015614，乙類成藥，資料可至衛福部中藥許可證系統查詢。

外用產品請依標示使用；身體不適、症狀持續或惡化時，請諮詢醫師或藥師。
下單前可先私訊索取藥證查詢方式與外盒標示照片。","私訊索取藥證查詢方式與外盒標示照片","圖卡：低頭族肩頸緊繃的三個提醒 / 藥證可查 / 依標示使用","NEEDS_HUMAN_UPLOAD_OR_SELECTION","PASS_DRY_RUN_PENDING_HUMAN_REVIEW","APPROVED_FOR_MANUAL_SCHEDULE_ONLY","READY_FOR_MANUAL_LINE_OA_INPUT","MANUAL_ONLY_NOT_API","LINE_DRYRUN_149","LINE149","衛福部中藥許可證：衛署成製015614；類別：乙類成藥；劑型：油膏劑。","退換貨、付款、客服、出貨、價格、通路與任何見證內容，發布前須由人工確認。","人工複製到 LINE OA 後台排程；不得用 API 自動發布。"
"2026-08-30","20:00","文字訊息","薄荷腦帶來的涼感來源","薄荷腦帶來的涼感來源

下單前，先看得懂標示與成分，比聽誇張話術更安心。

這款定位是外用油膏，重點是局部按摩、依標示使用。衛署成製015614，乙類成藥，資料可至衛福部中藥許可證系統查詢。

外用產品請依標示使用；身體不適、症狀持續或惡化時，請諮詢醫師或藥師。
下單前可先私訊索取藥證查詢方式與外盒標示照片。","私訊索取藥證查詢方式與外盒標示照片","圖卡：薄荷腦帶來的涼感來源 / 藥證可查 / 依標示使用","NEEDS_HUMAN_UPLOAD_OR_SELECTION","NEEDS_HUMAN_REVIEW_SAFE_TERM_CHECK","APPROVED_FOR_MANUAL_SCHEDULE_ONLY","READY_FOR_MANUAL_LINE_OA_INPUT","MANUAL_ONLY_NOT_API","LINE_DRYRUN_150","LINE150","衛福部中藥許可證：衛署成製015614；類別：乙類成藥；劑型：油膏劑。","退換貨、付款、客服、出貨、價格、通路與任何見證內容，發布前須由人工確認。","人工複製到 LINE OA 後台排程；不得用 API 自動發布。"
"2026-08-31","12:00","文字訊息","夏季冷氣房的肩頸保養","夏季冷氣房的肩頸保養

換季時，身體保養不需要複雜，穩定的小習慣比較長久。

這款定位是外用油膏，重點是局部按摩、依標示使用。衛署成製015614，乙類成藥，資料可至衛福部中藥許可證系統查詢。

外用產品請依標示使用；身體不適、症狀持續或惡化時，請諮詢醫師或藥師。
下單前可先私訊索取藥證查詢方式與外盒標示照片。","私訊索取藥證查詢方式與外盒標示照片","圖卡：夏季冷氣房的肩頸保養 / 藥證可查 / 依標示使用","NEEDS_HUMAN_UPLOAD_OR_SELECTION","NEEDS_HUMAN_REVIEW_SAFE_TERM_CHECK","APPROVED_FOR_MANUAL_SCHEDULE_ONLY","READY_FOR_MANUAL_LINE_OA_INPUT","MANUAL_ONLY_NOT_API","LINE_DRYRUN_151","LINE151","衛福部中藥許可證：衛署成製015614；類別：乙類成藥；劑型：油膏劑。","退換貨、付款、客服、出貨、價格、通路與任何見證內容，發布前須由人工確認。","人工複製到 LINE OA 後台排程；不得用 API 自動發布。"
"2026-08-31","20:00","文字訊息","外用膏避免眼周與黏膜","外用膏避免眼周與黏膜

外用產品不是擦越多越好，用對位置、避開風險才安心。

這款定位是外用油膏，重點是局部按摩、依標示使用。衛署成製015614，乙類成藥，資料可至衛福部中藥許可證系統查詢。

外用產品請依標示使用；身體不適、症狀持續或惡化時，請諮詢醫師或藥師。
下單前可先私訊索取藥證查詢方式與外盒標示照片。","私訊索取藥證查詢方式與外盒標示照片","圖卡：外用膏避免眼周與黏膜 / 藥證可查 / 依標示使用","NEEDS_HUMAN_UPLOAD_OR_SELECTION","NEEDS_HUMAN_REVIEW_SAFE_TERM_CHECK","APPROVED_FOR_MANUAL_SCHEDULE_ONLY","READY_FOR_MANUAL_LINE_OA_INPUT","MANUAL_ONLY_NOT_API","LINE_DRYRUN_152","LINE152","衛福部中藥許可證：衛署成製015614；類別：乙類成藥；劑型：油膏劑。","退換貨、付款、客服、出貨、價格、通路與任何見證內容，發布前須由人工確認。","人工複製到 LINE OA 後台排程；不得用 API 自動發布。"
"2026-09-01","12:00","文字訊息","為什麼我們重視藥證與標示","為什麼我們重視藥證與標示

我們寧願把資料講清楚，也不想用誇大的話讓你衝動購買。

這款定位是外用油膏，重點是局部按摩、依標示使用。衛署成製015614，乙類成藥，資料可至衛福部中藥許可證系統查詢。

外用產品請依標示使用；身體不適、症狀持續或惡化時，請諮詢醫師或藥師。
下單前可先私訊索取藥證查詢方式與外盒標示照片。","私訊索取藥證查詢方式與外盒標示照片","圖卡：為什麼我們重視藥證與標示 / 藥證可查 / 依標示使用","NEEDS_HUMAN_UPLOAD_OR_SELECTION","NEEDS_HUMAN_REVIEW_SAFE_TERM_CHECK","APPROVED_FOR_MANUAL_SCHEDULE_ONLY","READY_FOR_MANUAL_LINE_OA_INPUT","MANUAL_ONLY_NOT_API","LINE_DRYRUN_153","LINE153","衛福部中藥許可證：衛署成製015614；類別：乙類成藥；劑型：油膏劑。","退換貨、付款、客服、出貨、價格、通路與任何見證內容，發布前須由人工確認。","人工複製到 LINE OA 後台排程；不得用 API 自動發布。"
"2026-09-01","20:00","文字訊息","你習慣運動前還是運動後保養","你習慣運動前還是運動後保養

很多人不是不想保養，是不知道什麼情況該先問清楚。

這款定位是外用油膏，重點是局部按摩、依標示使用。衛署成製015614，乙類成藥，資料可至衛福部中藥許可證系統查詢。

外用產品請依標示使用；身體不適、症狀持續或惡化時，請諮詢醫師或藥師。
下單前可先私訊索取藥證查詢方式與外盒標示照片。","私訊索取藥證查詢方式與外盒標示照片","圖卡：你習慣運動前還是運動後保養 / 藥證可查 / 依標示使用","NEEDS_HUMAN_UPLOAD_OR_SELECTION","NEEDS_HUMAN_REVIEW_SAFE_TERM_CHECK","APPROVED_FOR_MANUAL_SCHEDULE_ONLY","READY_FOR_MANUAL_LINE_OA_INPUT","MANUAL_ONLY_NOT_API","LINE_DRYRUN_154","LINE154","衛福部中藥許可證：衛署成製015614；類別：乙類成藥；劑型：油膏劑。","退換貨、付款、客服、出貨、價格、通路與任何見證內容，發布前須由人工確認。","人工複製到 LINE OA 後台排程；不得用 API 自動發布。"
"2026-09-02","12:00","文字訊息","搬重物後腰背保養","搬重物後腰背保養

運動、搬重物、久站後，身體局部不適時，先休息、觀察，再做保守保養。

這款定位是外用油膏，重點是局部按摩、依標示使用。衛署成製015614，乙類成藥，資料可至衛福部中藥許可證系統查詢。

外用產品請依標示使用；身體不適、症狀持續或惡化時，請諮詢醫師或藥師。
下單前可先私訊索取藥證查詢方式與外盒標示照片。","私訊索取藥證查詢方式與外盒標示照片","圖卡：搬重物後腰背保養 / 藥證可查 / 依標示使用","NEEDS_HUMAN_UPLOAD_OR_SELECTION","NEEDS_HUMAN_REVIEW_SAFE_TERM_CHECK","APPROVED_FOR_MANUAL_SCHEDULE_ONLY","READY_FOR_MANUAL_LINE_OA_INPUT","MANUAL_ONLY_NOT_API","LINE_DRYRUN_155","LINE155","衛福部中藥許可證：衛署成製015614；類別：乙類成藥；劑型：油膏劑。","退換貨、付款、客服、出貨、價格、通路與任何見證內容，發布前須由人工確認。","人工複製到 LINE OA 後台排程；不得用 API 自動發布。"
"2026-09-02","20:00","文字訊息","樟腦外用時的注意界線","樟腦外用時的注意界線

下單前，先看得懂標示與成分，比聽誇張話術更安心。

這款定位是外用油膏，重點是局部按摩、依標示使用。衛署成製015614，乙類成藥，資料可至衛福部中藥許可證系統查詢。

外用產品請依標示使用；身體不適、症狀持續或惡化時，請諮詢醫師或藥師。
下單前可先私訊索取藥證查詢方式與外盒標示照片。","私訊索取藥證查詢方式與外盒標示照片","圖卡：樟腦外用時的注意界線 / 藥證可查 / 依標示使用","NEEDS_HUMAN_UPLOAD_OR_SELECTION","NEEDS_HUMAN_REVIEW_SAFE_TERM_CHECK","APPROVED_FOR_MANUAL_SCHEDULE_ONLY","READY_FOR_MANUAL_LINE_OA_INPUT","MANUAL_ONLY_NOT_API","LINE_DRYRUN_156","LINE156","衛福部中藥許可證：衛署成製015614；類別：乙類成藥；劑型：油膏劑。","退換貨、付款、客服、出貨、價格、通路與任何見證內容，發布前須由人工確認。","人工複製到 LINE OA 後台排程；不得用 API 自動發布。"
"2026-09-03","12:00","文字訊息","輕微關節不適，日常保養要分清楚","輕微關節不適，日常保養要分清楚

幫長輩準備外用產品時，重點是安全、清楚、依標示使用，不把日常保養說成醫療效果。

這款定位是外用油膏，適合局部按摩放鬆與暫時舒緩日常不適。衛署成製015614，乙類成藥，資料可至衛福部中藥許可證系統查詢。

外用產品請依標示使用；身體不適、狀況持續或變嚴重時，請諮詢醫師或藥師。
下單前可先私訊索取藥證查詢方式與外盒標示照片。","私訊索取藥證查詢方式與外盒標示照片","圖卡：輕微關節不適與日常保養要分清楚 / 藥證可查 / 依標示使用 / 局部按摩放鬆","NEEDS_HUMAN_UPLOAD_OR_SELECTION","PASS_REWRITTEN_PENDING_HUMAN_REVIEW","APPROVED_FOR_MANUAL_SCHEDULE_ONLY","READY_FOR_MANUAL_LINE_OA_INPUT","MANUAL_ONLY_NOT_API","LINE_DRYRUN_157","LINE157","衛福部中藥許可證：衛署成製015614；類別：乙類成藥；劑型：油膏劑。","退換貨、付款、客服、出貨、價格、通路與任何見證內容，發布前須由人工確認。","人工複製到 LINE OA 後台排程；不得用 API 自動發布。"
"2026-09-03","20:00","文字訊息","不要搭配熱敷墊或電毯","不要搭配熱敷墊或電毯

外用產品不是擦越多越好，用對位置、避開風險才安心。

這款定位是外用油膏，重點是局部按摩、依標示使用。衛署成製015614，乙類成藥，資料可至衛福部中藥許可證系統查詢。

外用產品請依標示使用；身體不適、症狀持續或惡化時，請諮詢醫師或藥師。
下單前可先私訊索取藥證查詢方式與外盒標示照片。","私訊索取藥證查詢方式與外盒標示照片","圖卡：不要搭配熱敷墊或電毯 / 藥證可查 / 依標示使用","NEEDS_HUMAN_UPLOAD_OR_SELECTION","NEEDS_HUMAN_REVIEW_SAFE_TERM_CHECK","APPROVED_FOR_MANUAL_SCHEDULE_ONLY","READY_FOR_MANUAL_LINE_OA_INPUT","MANUAL_ONLY_NOT_API","LINE_DRYRUN_158","LINE158","衛福部中藥許可證：衛署成製015614；類別：乙類成藥；劑型：油膏劑。","退換貨、付款、客服、出貨、價格、通路與任何見證內容，發布前須由人工確認。","人工複製到 LINE OA 後台排程；不得用 API 自動發布。"
"2026-09-04","12:00","文字訊息","小暑前後活動舒適提醒","小暑前後活動舒適提醒

換季時，身體保養不需要複雜，穩定的小習慣比較長久。

這款定位是外用油膏，重點是局部按摩、依標示使用。衛署成製015614，乙類成藥，資料可至衛福部中藥許可證系統查詢。

外用產品請依標示使用；身體不適、症狀持續或惡化時，請諮詢醫師或藥師。
下單前可先私訊索取藥證查詢方式與外盒標示照片。","私訊索取藥證查詢方式與外盒標示照片","圖卡：小暑前後活動舒適提醒 / 藥證可查 / 依標示使用","NEEDS_HUMAN_UPLOAD_OR_SELECTION","NEEDS_HUMAN_REVIEW_SAFE_TERM_CHECK","APPROVED_FOR_MANUAL_SCHEDULE_ONLY","READY_FOR_MANUAL_LINE_OA_INPUT","MANUAL_ONLY_NOT_API","LINE_DRYRUN_159","LINE159","衛福部中藥許可證：衛署成製015614；類別：乙類成藥；劑型：油膏劑。","退換貨、付款、客服、出貨、價格、通路與任何見證內容，發布前須由人工確認。","人工複製到 LINE OA 後台排程；不得用 API 自動發布。"
"2026-09-04","20:00","文字訊息","爬山後腿部按摩提醒","爬山後腿部按摩提醒

運動、搬重物、久站後，身體局部不適時，先休息、觀察，再做保守保養。

這款定位是外用油膏，重點是局部按摩、依標示使用。衛署成製015614，乙類成藥，資料可至衛福部中藥許可證系統查詢。

外用產品請依標示使用；身體不適、症狀持續或惡化時，請諮詢醫師或藥師。
下單前可先私訊索取藥證查詢方式與外盒標示照片。","私訊索取藥證查詢方式與外盒標示照片","圖卡：爬山後腿部按摩提醒 / 藥證可查 / 依標示使用","NEEDS_HUMAN_UPLOAD_OR_SELECTION","NEEDS_HUMAN_REVIEW_SAFE_TERM_CHECK","APPROVED_FOR_MANUAL_SCHEDULE_ONLY","READY_FOR_MANUAL_LINE_OA_INPUT","MANUAL_ONLY_NOT_API","LINE_DRYRUN_160","LINE160","衛福部中藥許可證：衛署成製015614；類別：乙類成藥；劑型：油膏劑。","退換貨、付款、客服、出貨、價格、通路與任何見證內容，發布前須由人工確認。","人工複製到 LINE OA 後台排程；不得用 API 自動發布。"
"2026-09-05","12:00","文字訊息","外用膏一次擦多少才剛好","外用膏一次擦多少才剛好

很多人不是不想保養，是不知道什麼情況該先問清楚。

這款定位是外用油膏，重點是局部按摩、依標示使用。衛署成製015614，乙類成藥，資料可至衛福部中藥許可證系統查詢。

外用產品請依標示使用；身體不適、症狀持續或惡化時，請諮詢醫師或藥師。
下單前可先私訊索取藥證查詢方式與外盒標示照片。","私訊索取藥證查詢方式與外盒標示照片","圖卡：外用膏一次擦多少才剛好 / 藥證可查 / 依標示使用","NEEDS_HUMAN_UPLOAD_OR_SELECTION","NEEDS_HUMAN_REVIEW_SAFE_TERM_CHECK","APPROVED_FOR_MANUAL_SCHEDULE_ONLY","READY_FOR_MANUAL_LINE_OA_INPUT","MANUAL_ONLY_NOT_API","LINE_DRYRUN_161","LINE161","衛福部中藥許可證：衛署成製015614；類別：乙類成藥；劑型：油膏劑。","退換貨、付款、客服、出貨、價格、通路與任何見證內容，發布前須由人工確認。","人工複製到 LINE OA 後台排程；不得用 API 自動發布。"
"2026-09-05","20:00","文字訊息","散步後的膝周保養","散步後的膝周保養

幫長輩準備外用產品時，最重要的是安全、清楚、不要亂用。

這款定位是外用油膏，重點是局部按摩、依標示使用。衛署成製015614，乙類成藥，資料可至衛福部中藥許可證系統查詢。

外用產品請依標示使用；身體不適、症狀持續或惡化時，請諮詢醫師或藥師。
下單前可先私訊索取藥證查詢方式與外盒標示照片。","私訊索取藥證查詢方式與外盒標示照片","圖卡：散步後的膝周保養 / 藥證可查 / 依標示使用","NEEDS_HUMAN_UPLOAD_OR_SELECTION","NEEDS_HUMAN_REVIEW_SAFE_TERM_CHECK","APPROVED_FOR_MANUAL_SCHEDULE_ONLY","READY_FOR_MANUAL_LINE_OA_INPUT","MANUAL_ONLY_NOT_API","LINE_DRYRUN_162","LINE162","衛福部中藥許可證：衛署成製015614；類別：乙類成藥；劑型：油膏劑。","退換貨、付款、客服、出貨、價格、通路與任何見證內容，發布前須由人工確認。","人工複製到 LINE OA 後台排程；不得用 API 自動發布。"
"2026-09-06","12:00","文字訊息","午休前的肩頸放鬆流程","午休前的肩頸放鬆流程

久坐、低頭、開會一整天後，肩頸常會提醒你該放鬆一下。

這款定位是外用油膏，重點是局部按摩、依標示使用。衛署成製015614，乙類成藥，資料可至衛福部中藥許可證系統查詢。

外用產品請依標示使用；身體不適、症狀持續或惡化時，請諮詢醫師或藥師。
下單前可先私訊索取藥證查詢方式與外盒標示照片。","私訊索取藥證查詢方式與外盒標示照片","圖卡：午休前的肩頸放鬆流程 / 藥證可查 / 依標示使用","NEEDS_HUMAN_UPLOAD_OR_SELECTION","NEEDS_HUMAN_REVIEW_SAFE_TERM_CHECK","APPROVED_FOR_MANUAL_SCHEDULE_ONLY","READY_FOR_MANUAL_LINE_OA_INPUT","MANUAL_ONLY_NOT_API","LINE_DRYRUN_163","LINE163","衛福部中藥許可證：衛署成製015614；類別：乙類成藥；劑型：油膏劑。","退換貨、付款、客服、出貨、價格、通路與任何見證內容，發布前須由人工確認。","人工複製到 LINE OA 後台排程；不得用 API 自動發布。"
"2026-09-06","20:00","文字訊息","油膏劑為什麼適合局部按摩","油膏劑為什麼適合局部按摩

下單前，先看得懂標示與成分，比聽誇張話術更安心。

這款定位是外用油膏，重點是局部按摩、依標示使用。衛署成製015614，乙類成藥，資料可至衛福部中藥許可證系統查詢。

外用產品請依標示使用；身體不適、症狀持續或惡化時，請諮詢醫師或藥師。
下單前可先私訊索取藥證查詢方式與外盒標示照片。","私訊索取藥證查詢方式與外盒標示照片","圖卡：油膏劑為什麼適合局部按摩 / 藥證可查 / 依標示使用","NEEDS_HUMAN_UPLOAD_OR_SELECTION","NEEDS_HUMAN_REVIEW_SAFE_TERM_CHECK","APPROVED_FOR_MANUAL_SCHEDULE_ONLY","READY_FOR_MANUAL_LINE_OA_INPUT","MANUAL_ONLY_NOT_API","LINE_DRYRUN_164","LINE164","衛福部中藥許可證：衛署成製015614；類別：乙類成藥；劑型：油膏劑。","退換貨、付款、客服、出貨、價格、通路與任何見證內容，發布前須由人工確認。","人工複製到 LINE OA 後台排程；不得用 API 自動發布。"
"2026-09-07","12:00","文字訊息","大暑午後少久站硬撐","大暑午後少久站硬撐

換季時，身體保養不需要複雜，穩定的小習慣比較長久。

這款定位是外用油膏，重點是局部按摩、依標示使用。衛署成製015614，乙類成藥，資料可至衛福部中藥許可證系統查詢。

外用產品請依標示使用；身體不適、症狀持續或惡化時，請諮詢醫師或藥師。
下單前可先私訊索取藥證查詢方式與外盒標示照片。","私訊索取藥證查詢方式與外盒標示照片","圖卡：大暑午後少久站硬撐 / 藥證可查 / 依標示使用","NEEDS_HUMAN_UPLOAD_OR_SELECTION","NEEDS_HUMAN_REVIEW_SAFE_TERM_CHECK","APPROVED_FOR_MANUAL_SCHEDULE_ONLY","READY_FOR_MANUAL_LINE_OA_INPUT","MANUAL_ONLY_NOT_API","LINE_DRYRUN_165","LINE165","衛福部中藥許可證：衛署成製015614；類別：乙類成藥；劑型：油膏劑。","退換貨、付款、客服、出貨、價格、通路與任何見證內容，發布前須由人工確認。","人工複製到 LINE OA 後台排程；不得用 API 自動發布。"
"2026-09-07","20:00","文字訊息","不要密封包紮或大面積厚敷","不要密封包紮或大面積厚敷

外用產品不是擦越多越好，用對位置、避開風險才安心。

這款定位是外用油膏，重點是局部按摩、依標示使用。衛署成製015614，乙類成藥，資料可至衛福部中藥許可證系統查詢。

外用產品請依標示使用；身體不適、症狀持續或惡化時，請諮詢醫師或藥師。
下單前可先私訊索取藥證查詢方式與外盒標示照片。","私訊索取藥證查詢方式與外盒標示照片","圖卡：不要密封包紮或大面積厚敷 / 藥證可查 / 依標示使用","NEEDS_HUMAN_UPLOAD_OR_SELECTION","NEEDS_HUMAN_REVIEW_SAFE_TERM_CHECK","APPROVED_FOR_MANUAL_SCHEDULE_ONLY","READY_FOR_MANUAL_LINE_OA_INPUT","MANUAL_ONLY_NOT_API","LINE_DRYRUN_166","LINE166","衛福部中藥許可證：衛署成製015614；類別：乙類成藥；劑型：油膏劑。","退換貨、付款、客服、出貨、價格、通路與任何見證內容，發布前須由人工確認。","人工複製到 LINE OA 後台排程；不得用 API 自動發布。"
"2026-09-08","12:00","文字訊息","藥證可查代表什麼","藥證可查代表什麼

我們寧願把資料講清楚，也不想用誇大的話讓你衝動購買。

這款定位是外用油膏，重點是局部按摩、依標示使用。衛署成製015614，乙類成藥，資料可至衛福部中藥許可證系統查詢。

外用產品請依標示使用；身體不適、症狀持續或惡化時，請諮詢醫師或藥師。
下單前可先私訊索取藥證查詢方式與外盒標示照片。","私訊索取藥證查詢方式與外盒標示照片","圖卡：藥證可查代表什麼 / 藥證可查 / 依標示使用","NEEDS_HUMAN_UPLOAD_OR_SELECTION","NEEDS_HUMAN_REVIEW_SAFE_TERM_CHECK","APPROVED_FOR_MANUAL_SCHEDULE_ONLY","READY_FOR_MANUAL_LINE_OA_INPUT","MANUAL_ONLY_NOT_API","LINE_DRYRUN_167","LINE167","衛福部中藥許可證：衛署成製015614；類別：乙類成藥；劑型：油膏劑。","退換貨、付款、客服、出貨、價格、通路與任何見證內容，發布前須由人工確認。","人工複製到 LINE OA 後台排程；不得用 API 自動發布。"
"2026-09-08","20:00","文字訊息","涼感越強越有效嗎","涼感越強越有效嗎

很多人不是不想保養，是不知道什麼情況該先問清楚。

這款定位是外用油膏，重點是局部按摩、依標示使用。衛署成製015614，乙類成藥，資料可至衛福部中藥許可證系統查詢。

外用產品請依標示使用；身體不適、症狀持續或惡化時，請諮詢醫師或藥師。
下單前可先私訊索取藥證查詢方式與外盒標示照片。","私訊索取藥證查詢方式與外盒標示照片","圖卡：涼感越強越有效嗎 / 藥證可查 / 依標示使用","NEEDS_HUMAN_UPLOAD_OR_SELECTION","NEEDS_HUMAN_REVIEW_SAFE_TERM_CHECK","APPROVED_FOR_MANUAL_SCHEDULE_ONLY","READY_FOR_MANUAL_LINE_OA_INPUT","MANUAL_ONLY_NOT_API","LINE_DRYRUN_168","LINE168","衛福部中藥許可證：衛署成製015614；類別：乙類成藥；劑型：油膏劑。","退換貨、付款、客服、出貨、價格、通路與任何見證內容，發布前須由人工確認。","人工複製到 LINE OA 後台排程；不得用 API 自動發布。"
"2026-09-09","12:00","文字訊息","重訓後肩背局部舒緩","重訓後肩背局部舒緩

運動、搬重物、久站後，身體局部不適時，先休息、觀察，再做保守保養。

這款定位是外用油膏，重點是局部按摩、依標示使用。衛署成製015614，乙類成藥，資料可至衛福部中藥許可證系統查詢。

外用產品請依標示使用；身體不適、症狀持續或惡化時，請諮詢醫師或藥師。
下單前可先私訊索取藥證查詢方式與外盒標示照片。","私訊索取藥證查詢方式與外盒標示照片","圖卡：重訓後肩背局部舒緩 / 藥證可查 / 依標示使用","NEEDS_HUMAN_UPLOAD_OR_SELECTION","PASS_DRY_RUN_PENDING_HUMAN_REVIEW","APPROVED_FOR_MANUAL_SCHEDULE_ONLY","READY_FOR_MANUAL_LINE_OA_INPUT","MANUAL_ONLY_NOT_API","LINE_DRYRUN_169","LINE169","衛福部中藥許可證：衛署成製015614；類別：乙類成藥；劑型：油膏劑。","退換貨、付款、客服、出貨、價格、通路與任何見證內容，發布前須由人工確認。","人工複製到 LINE OA 後台排程；不得用 API 自動發布。"
"2026-09-09","20:00","文字訊息","乙類成藥與一般保健品差異","乙類成藥與一般保健品差異

下單前，先看得懂標示與成分，比聽誇張話術更安心。

這款定位是外用油膏，重點是局部按摩、依標示使用。衛署成製015614，乙類成藥，資料可至衛福部中藥許可證系統查詢。

外用產品請依標示使用；身體不適、症狀持續或惡化時，請諮詢醫師或藥師。
下單前可先私訊索取藥證查詢方式與外盒標示照片。","私訊索取藥證查詢方式與外盒標示照片","圖卡：乙類成藥與一般保健品差異 / 藥證可查 / 依標示使用","NEEDS_HUMAN_UPLOAD_OR_SELECTION","NEEDS_HUMAN_REVIEW_SAFE_TERM_CHECK","APPROVED_FOR_MANUAL_SCHEDULE_ONLY","READY_FOR_MANUAL_LINE_OA_INPUT","MANUAL_ONLY_NOT_API","LINE_DRYRUN_170","LINE170","衛福部中藥許可證：衛署成製015614；類別：乙類成藥；劑型：油膏劑。","退換貨、付款、客服、出貨、價格、通路與任何見證內容，發布前須由人工確認。","人工複製到 LINE OA 後台排程；不得用 API 自動發布。"
"2026-09-10","12:00","文字訊息","天氣變化時的活動舒適感","天氣變化時的活動舒適感

幫長輩準備外用產品時，最重要的是安全、清楚、不要亂用。

這款定位是外用油膏，重點是局部按摩、依標示使用。衛署成製015614，乙類成藥，資料可至衛福部中藥許可證系統查詢。

外用產品請依標示使用；身體不適、症狀持續或惡化時，請諮詢醫師或藥師。
下單前可先私訊索取藥證查詢方式與外盒標示照片。","私訊索取藥證查詢方式與外盒標示照片","圖卡：天氣變化時的活動舒適感 / 藥證可查 / 依標示使用","NEEDS_HUMAN_UPLOAD_OR_SELECTION","NEEDS_HUMAN_REVIEW_SAFE_TERM_CHECK","APPROVED_FOR_MANUAL_SCHEDULE_ONLY","READY_FOR_MANUAL_LINE_OA_INPUT","MANUAL_ONLY_NOT_API","LINE_DRYRUN_171","LINE171","衛福部中藥許可證：衛署成製015614；類別：乙類成藥；劑型：油膏劑。","退換貨、付款、客服、出貨、價格、通路與任何見證內容，發布前須由人工確認。","人工複製到 LINE OA 後台排程；不得用 API 自動發布。"
"2026-09-10","20:00","文字訊息","水楊酸或阿斯匹靈過敏者注意","水楊酸或阿斯匹靈過敏者注意

外用產品不是擦越多越好，用對位置、避開風險才安心。

這款定位是外用油膏，重點是局部按摩、依標示使用。衛署成製015614，乙類成藥，資料可至衛福部中藥許可證系統查詢。

外用產品請依標示使用；身體不適、症狀持續或惡化時，請諮詢醫師或藥師。
下單前可先私訊索取藥證查詢方式與外盒標示照片。","私訊索取藥證查詢方式與外盒標示照片","圖卡：水楊酸或阿斯匹靈過敏者注意 / 藥證可查 / 依標示使用","NEEDS_HUMAN_UPLOAD_OR_SELECTION","NEEDS_HUMAN_REVIEW_SAFE_TERM_CHECK","APPROVED_FOR_MANUAL_SCHEDULE_ONLY","READY_FOR_MANUAL_LINE_OA_INPUT","MANUAL_ONLY_NOT_API","LINE_DRYRUN_172","LINE172","衛福部中藥許可證：衛署成製015614；類別：乙類成藥；劑型：油膏劑。","退換貨、付款、客服、出貨、價格、通路與任何見證內容，發布前須由人工確認。","人工複製到 LINE OA 後台排程；不得用 API 自動發布。"
"2026-09-11","12:00","文字訊息","立秋後早晚溫差保養","立秋後早晚溫差保養

換季時，身體保養不需要複雜，穩定的小習慣比較長久。

這款定位是外用油膏，重點是局部按摩、依標示使用。衛署成製015614，乙類成藥，資料可至衛福部中藥許可證系統查詢。

外用產品請依標示使用；身體不適、症狀持續或惡化時，請諮詢醫師或藥師。
下單前可先私訊索取藥證查詢方式與外盒標示照片。","私訊索取藥證查詢方式與外盒標示照片","圖卡：立秋後早晚溫差保養 / 藥證可查 / 依標示使用","NEEDS_HUMAN_UPLOAD_OR_SELECTION","NEEDS_HUMAN_REVIEW_SAFE_TERM_CHECK","APPROVED_FOR_MANUAL_SCHEDULE_ONLY","READY_FOR_MANUAL_LINE_OA_INPUT","MANUAL_ONLY_NOT_API","LINE_DRYRUN_173","LINE173","衛福部中藥許可證：衛署成製015614；類別：乙類成藥；劑型：油膏劑。","退換貨、付款、客服、出貨、價格、通路與任何見證內容，發布前須由人工確認。","人工複製到 LINE OA 後台排程；不得用 API 自動發布。"
"2026-09-11","20:00","文字訊息","家事後手臂不適保養","家事後手臂不適保養

運動、搬重物、久站後，身體局部不適時，先休息、觀察，再做保守保養。

這款定位是外用油膏，重點是局部按摩、依標示使用。衛署成製015614，乙類成藥，資料可至衛福部中藥許可證系統查詢。

外用產品請依標示使用；身體不適、症狀持續或惡化時，請諮詢醫師或藥師。
下單前可先私訊索取藥證查詢方式與外盒標示照片。","私訊索取藥證查詢方式與外盒標示照片","圖卡：家事後手臂不適保養 / 藥證可查 / 依標示使用","NEEDS_HUMAN_UPLOAD_OR_SELECTION","NEEDS_HUMAN_REVIEW_SAFE_TERM_CHECK","APPROVED_FOR_MANUAL_SCHEDULE_ONLY","READY_FOR_MANUAL_LINE_OA_INPUT","MANUAL_ONLY_NOT_API","LINE_DRYRUN_174","LINE174","衛福部中藥許可證：衛署成製015614；類別：乙類成藥；劑型：油膏劑。","退換貨、付款、客服、出貨、價格、通路與任何見證內容，發布前須由人工確認。","人工複製到 LINE OA 後台排程；不得用 API 自動發布。"
"2026-09-12","12:00","文字訊息","你有看過外用產品標示嗎","你有看過外用產品標示嗎

很多人不是不想保養，是不知道什麼情況該先問清楚。

這款定位是外用油膏，重點是局部按摩、依標示使用。衛署成製015614，乙類成藥，資料可至衛福部中藥許可證系統查詢。

外用產品請依標示使用；身體不適、症狀持續或惡化時，請諮詢醫師或藥師。
下單前可先私訊索取藥證查詢方式與外盒標示照片。","私訊索取藥證查詢方式與外盒標示照片","圖卡：你有看過外用產品標示嗎 / 藥證可查 / 依標示使用","NEEDS_HUMAN_UPLOAD_OR_SELECTION","NEEDS_HUMAN_REVIEW_SAFE_TERM_CHECK","APPROVED_FOR_MANUAL_SCHEDULE_ONLY","READY_FOR_MANUAL_LINE_OA_INPUT","MANUAL_ONLY_NOT_API","LINE_DRYRUN_175","LINE175","衛福部中藥許可證：衛署成製015614；類別：乙類成藥；劑型：油膏劑。","退換貨、付款、客服、出貨、價格、通路與任何見證內容，發布前須由人工確認。","人工複製到 LINE OA 後台排程；不得用 API 自動發布。"
"2026-09-12","20:00","文字訊息","長輩按摩力道不要過重","長輩按摩力道不要過重

幫長輩準備外用產品時，最重要的是安全、清楚、不要亂用。

這款定位是外用油膏，重點是局部按摩、依標示使用。衛署成製015614，乙類成藥，資料可至衛福部中藥許可證系統查詢。

外用產品請依標示使用；身體不適、症狀持續或惡化時，請諮詢醫師或藥師。
下單前可先私訊索取藥證查詢方式與外盒標示照片。","私訊索取藥證查詢方式與外盒標示照片","圖卡：長輩按摩力道不要過重 / 藥證可查 / 依標示使用","NEEDS_HUMAN_UPLOAD_OR_SELECTION","NEEDS_HUMAN_REVIEW_SAFE_TERM_CHECK","APPROVED_FOR_MANUAL_SCHEDULE_ONLY","READY_FOR_MANUAL_LINE_OA_INPUT","MANUAL_ONLY_NOT_API","LINE_DRYRUN_176","LINE176","衛福部中藥許可證：衛署成製015614；類別：乙類成藥；劑型：油膏劑。","退換貨、付款、客服、出貨、價格、通路與任何見證內容，發布前須由人工確認。","人工複製到 LINE OA 後台排程；不得用 API 自動發布。"
"2026-09-13","12:00","文字訊息","開會久坐後的腰背舒緩","開會久坐後的腰背舒緩

久坐、低頭、開會一整天後，肩頸常會提醒你該放鬆一下。

這款定位是外用油膏，重點是局部按摩、依標示使用。衛署成製015614，乙類成藥，資料可至衛福部中藥許可證系統查詢。

外用產品請依標示使用；身體不適、症狀持續或惡化時，請諮詢醫師或藥師。
下單前可先私訊索取藥證查詢方式與外盒標示照片。","私訊索取藥證查詢方式與外盒標示照片","圖卡：開會久坐後的腰背舒緩 / 藥證可查 / 依標示使用","NEEDS_HUMAN_UPLOAD_OR_SELECTION","NEEDS_HUMAN_REVIEW_SAFE_TERM_CHECK","APPROVED_FOR_MANUAL_SCHEDULE_ONLY","READY_FOR_MANUAL_LINE_OA_INPUT","MANUAL_ONLY_NOT_API","LINE_DRYRUN_177","LINE177","衛福部中藥許可證：衛署成製015614；類別：乙類成藥；劑型：油膏劑。","退換貨、付款、客服、出貨、價格、通路與任何見證內容，發布前須由人工確認。","人工複製到 LINE OA 後台排程；不得用 API 自動發布。"
"2026-09-13","20:00","文字訊息","一條根外用膏的日常定位","一條根外用膏的日常定位

下單前，先看得懂標示與成分，比聽誇張話術更安心。

這款定位是外用油膏，重點是局部按摩、依標示使用。衛署成製015614，乙類成藥，資料可至衛福部中藥許可證系統查詢。

外用產品請依標示使用；身體不適、症狀持續或惡化時，請諮詢醫師或藥師。
下單前可先私訊索取藥證查詢方式與外盒標示照片。","私訊索取藥證查詢方式與外盒標示照片","圖卡：一條根外用膏的日常定位 / 藥證可查 / 依標示使用","NEEDS_HUMAN_UPLOAD_OR_SELECTION","NEEDS_HUMAN_REVIEW_SAFE_TERM_CHECK","APPROVED_FOR_MANUAL_SCHEDULE_ONLY","READY_FOR_MANUAL_LINE_OA_INPUT","MANUAL_ONLY_NOT_API","LINE_DRYRUN_178","LINE178","衛福部中藥許可證：衛署成製015614；類別：乙類成藥；劑型：油膏劑。","退換貨、付款、客服、出貨、價格、通路與任何見證內容，發布前須由人工確認。","人工複製到 LINE OA 後台排程；不得用 API 自動發布。"
"2026-09-14","12:00","文字訊息","處暑後運動暖身提醒","處暑後運動暖身提醒

換季時，身體保養不需要複雜，穩定的小習慣比較長久。

這款定位是外用油膏，重點是局部按摩、依標示使用。衛署成製015614，乙類成藥，資料可至衛福部中藥許可證系統查詢。

外用產品請依標示使用；身體不適、症狀持續或惡化時，請諮詢醫師或藥師。
下單前可先私訊索取藥證查詢方式與外盒標示照片。","私訊索取藥證查詢方式與外盒標示照片","圖卡：處暑後運動暖身提醒 / 藥證可查 / 依標示使用","NEEDS_HUMAN_UPLOAD_OR_SELECTION","NEEDS_HUMAN_REVIEW_SAFE_TERM_CHECK","APPROVED_FOR_MANUAL_SCHEDULE_ONLY","READY_FOR_MANUAL_LINE_OA_INPUT","MANUAL_ONLY_NOT_API","LINE_DRYRUN_179","LINE179","衛福部中藥許可證：衛署成製015614；類別：乙類成藥；劑型：油膏劑。","退換貨、付款、客服、出貨、價格、通路與任何見證內容，發布前須由人工確認。","人工複製到 LINE OA 後台排程；不得用 API 自動發布。"
"2026-09-14","20:00","文字訊息","兒童使用前的安全提醒","兒童使用前的安全提醒

外用產品不是擦越多越好，用對位置、避開風險才安心。

這款定位是外用油膏，重點是局部按摩、依標示使用。衛署成製015614，乙類成藥，資料可至衛福部中藥許可證系統查詢。

外用產品請依標示使用；身體不適、症狀持續或惡化時，請諮詢醫師或藥師。
下單前可先私訊索取藥證查詢方式與外盒標示照片。","私訊索取藥證查詢方式與外盒標示照片","圖卡：兒童使用前的安全提醒 / 藥證可查 / 依標示使用","NEEDS_HUMAN_UPLOAD_OR_SELECTION","NEEDS_HUMAN_REVIEW_SAFE_TERM_CHECK","APPROVED_FOR_MANUAL_SCHEDULE_ONLY","READY_FOR_MANUAL_LINE_OA_INPUT","MANUAL_ONLY_NOT_API","LINE_DRYRUN_180","LINE180","衛福部中藥許可證：衛署成製015614；類別：乙類成藥；劑型：油膏劑。","退換貨、付款、客服、出貨、價格、通路與任何見證內容，發布前須由人工確認。","人工複製到 LINE OA 後台排程；不得用 API 自動發布。"
"2026-09-15","12:00","文字訊息","外用膏廣告為什麼要保守","外用膏廣告為什麼要保守

我們寧願把資料講清楚，也不想用誇大的話讓你衝動購買。

這款定位是外用油膏，重點是局部按摩、依標示使用。衛署成製015614，乙類成藥，資料可至衛福部中藥許可證系統查詢。

外用產品請依標示使用；身體不適、症狀持續或惡化時，請諮詢醫師或藥師。
下單前可先私訊索取藥證查詢方式與外盒標示照片。","私訊索取藥證查詢方式與外盒標示照片","圖卡：外用膏廣告為什麼要保守 / 藥證可查 / 依標示使用","NEEDS_HUMAN_UPLOAD_OR_SELECTION","NEEDS_HUMAN_REVIEW_SAFE_TERM_CHECK","APPROVED_FOR_MANUAL_SCHEDULE_ONLY","READY_FOR_MANUAL_LINE_OA_INPUT","MANUAL_ONLY_NOT_API","LINE_DRYRUN_181","LINE181","衛福部中藥許可證：衛署成製015614；類別：乙類成藥；劑型：油膏劑。","退換貨、付款、客服、出貨、價格、通路與任何見證內容，發布前須由人工確認。","人工複製到 LINE OA 後台排程；不得用 API 自動發布。"
"2026-09-15","20:00","文字訊息","久坐族最想舒緩哪裡","久坐族最想舒緩哪裡

很多人不是不想保養，是不知道什麼情況該先問清楚。

這款定位是外用油膏，重點是局部按摩、依標示使用。衛署成製015614，乙類成藥，資料可至衛福部中藥許可證系統查詢。

外用產品請依標示使用；身體不適、症狀持續或惡化時，請諮詢醫師或藥師。
下單前可先私訊索取藥證查詢方式與外盒標示照片。","私訊索取藥證查詢方式與外盒標示照片","圖卡：久坐族最想舒緩哪裡 / 藥證可查 / 依標示使用","NEEDS_HUMAN_UPLOAD_OR_SELECTION","NEEDS_HUMAN_REVIEW_SAFE_TERM_CHECK","APPROVED_FOR_MANUAL_SCHEDULE_ONLY","READY_FOR_MANUAL_LINE_OA_INPUT","MANUAL_ONLY_NOT_API","LINE_DRYRUN_182","LINE182","衛福部中藥許可證：衛署成製015614；類別：乙類成藥；劑型：油膏劑。","退換貨、付款、客服、出貨、價格、通路與任何見證內容，發布前須由人工確認。","人工複製到 LINE OA 後台排程；不得用 API 自動發布。"
"2026-09-16","12:00","文字訊息","跑步後膝周不適的保守提醒","跑步後膝周不適的保守提醒

運動、搬重物、久站後，身體局部不適時，先休息、觀察，再做保守保養。

這款定位是外用油膏，重點是局部按摩、依標示使用。衛署成製015614，乙類成藥，資料可至衛福部中藥許可證系統查詢。

外用產品請依標示使用；身體不適、症狀持續或惡化時，請諮詢醫師或藥師。
下單前可先私訊索取藥證查詢方式與外盒標示照片。","私訊索取藥證查詢方式與外盒標示照片","圖卡：跑步後膝周不適的保守提醒 / 藥證可查 / 依標示使用","NEEDS_HUMAN_UPLOAD_OR_SELECTION","NEEDS_HUMAN_REVIEW_SAFE_TERM_CHECK","APPROVED_FOR_MANUAL_SCHEDULE_ONLY","READY_FOR_MANUAL_LINE_OA_INPUT","MANUAL_ONLY_NOT_API","LINE_DRYRUN_183","LINE183","衛福部中藥許可證：衛署成製015614；類別：乙類成藥；劑型：油膏劑。","退換貨、付款、客服、出貨、價格、通路與任何見證內容，發布前須由人工確認。","人工複製到 LINE OA 後台排程；不得用 API 自動發布。"
"2026-09-16","20:00","文字訊息","成分濃度為什麼要看標示","成分濃度為什麼要看標示

下單前，先看得懂標示與成分，比聽誇張話術更安心。

這款定位是外用油膏，重點是局部按摩、依標示使用。衛署成製015614，乙類成藥，資料可至衛福部中藥許可證系統查詢。

外用產品請依標示使用；身體不適、症狀持續或惡化時，請諮詢醫師或藥師。
下單前可先私訊索取藥證查詢方式與外盒標示照片。","私訊索取藥證查詢方式與外盒標示照片","圖卡：成分濃度為什麼要看標示 / 藥證可查 / 依標示使用","NEEDS_HUMAN_UPLOAD_OR_SELECTION","NEEDS_HUMAN_REVIEW_SAFE_TERM_CHECK","APPROVED_FOR_MANUAL_SCHEDULE_ONLY","READY_FOR_MANUAL_LINE_OA_INPUT","MANUAL_ONLY_NOT_API","LINE_DRYRUN_184","LINE184","衛福部中藥許可證：衛署成製015614；類別：乙類成藥；劑型：油膏劑。","退換貨、付款、客服、出貨、價格、通路與任何見證內容，發布前須由人工確認。","人工複製到 LINE OA 後台排程；不得用 API 自動發布。"
"2026-09-17","12:00","文字訊息","照顧爸媽時的外用提醒","照顧爸媽時的外用提醒

幫長輩準備外用產品時，最重要的是安全、清楚、不要亂用。

這款定位是外用油膏，重點是局部按摩、依標示使用。衛署成製015614，乙類成藥，資料可至衛福部中藥許可證系統查詢。

外用產品請依標示使用；身體不適、症狀持續或惡化時，請諮詢醫師或藥師。
下單前可先私訊索取藥證查詢方式與外盒標示照片。","私訊索取藥證查詢方式與外盒標示照片","圖卡：照顧爸媽時的外用提醒 / 藥證可查 / 依標示使用","NEEDS_HUMAN_UPLOAD_OR_SELECTION","NEEDS_HUMAN_REVIEW_SAFE_TERM_CHECK","APPROVED_FOR_MANUAL_SCHEDULE_ONLY","READY_FOR_MANUAL_LINE_OA_INPUT","MANUAL_ONLY_NOT_API","LINE_DRYRUN_185","LINE185","衛福部中藥許可證：衛署成製015614；類別：乙類成藥；劑型：油膏劑。","退換貨、付款、客服、出貨、價格、通路與任何見證內容，發布前須由人工確認。","人工複製到 LINE OA 後台排程；不得用 API 自動發布。"
"2026-09-17","20:00","文字訊息","孕婦與哺乳族群先詢問專業人員","孕婦與哺乳族群先詢問專業人員

外用產品不是擦越多越好，用對位置、避開風險才安心。

這款定位是外用油膏，重點是局部按摩、依標示使用。衛署成製015614，乙類成藥，資料可至衛福部中藥許可證系統查詢。

外用產品請依標示使用；身體不適、症狀持續或惡化時，請諮詢醫師或藥師。
下單前可先私訊索取藥證查詢方式與外盒標示照片。","私訊索取藥證查詢方式與外盒標示照片","圖卡：孕婦與哺乳族群先詢問專業人員 / 藥證可查 / 依標示使用","NEEDS_HUMAN_UPLOAD_OR_SELECTION","NEEDS_HUMAN_REVIEW_SAFE_TERM_CHECK","APPROVED_FOR_MANUAL_SCHEDULE_ONLY","READY_FOR_MANUAL_LINE_OA_INPUT","MANUAL_ONLY_NOT_API","LINE_DRYRUN_186","LINE186","衛福部中藥許可證：衛署成製015614；類別：乙類成藥；劑型：油膏劑。","退換貨、付款、客服、出貨、價格、通路與任何見證內容，發布前須由人工確認。","人工複製到 LINE OA 後台排程；不得用 API 自動發布。"
"2026-09-18","12:00","文字訊息","白露時節關心長輩活動","白露時節關心長輩活動

換季時，身體保養不需要複雜，穩定的小習慣比較長久。

這款定位是外用油膏，重點是局部按摩、依標示使用。衛署成製015614，乙類成藥，資料可至衛福部中藥許可證系統查詢。

外用產品請依標示使用；身體不適、症狀持續或惡化時，請諮詢醫師或藥師。
下單前可先私訊索取藥證查詢方式與外盒標示照片。","私訊索取藥證查詢方式與外盒標示照片","圖卡：白露時節關心長輩活動 / 藥證可查 / 依標示使用","NEEDS_HUMAN_UPLOAD_OR_SELECTION","NEEDS_HUMAN_REVIEW_SAFE_TERM_CHECK","APPROVED_FOR_MANUAL_SCHEDULE_ONLY","READY_FOR_MANUAL_LINE_OA_INPUT","MANUAL_ONLY_NOT_API","LINE_DRYRUN_187","LINE187","衛福部中藥許可證：衛署成製015614；類別：乙類成藥；劑型：油膏劑。","退換貨、付款、客服、出貨、價格、通路與任何見證內容，發布前須由人工確認。","人工複製到 LINE OA 後台排程；不得用 API 自動發布。"
"2026-09-18","20:00","文字訊息","勞動後先休息再按摩","勞動後先休息再按摩

運動、搬重物、久站後，身體局部不適時，先休息、觀察，再做保守保養。

這款定位是外用油膏，重點是局部按摩、依標示使用。衛署成製015614，乙類成藥，資料可至衛福部中藥許可證系統查詢。

外用產品請依標示使用；身體不適、症狀持續或惡化時，請諮詢醫師或藥師。
下單前可先私訊索取藥證查詢方式與外盒標示照片。","私訊索取藥證查詢方式與外盒標示照片","圖卡：勞動後先休息再按摩 / 藥證可查 / 依標示使用","NEEDS_HUMAN_UPLOAD_OR_SELECTION","NEEDS_HUMAN_REVIEW_SAFE_TERM_CHECK","APPROVED_FOR_MANUAL_SCHEDULE_ONLY","READY_FOR_MANUAL_LINE_OA_INPUT","MANUAL_ONLY_NOT_API","LINE_DRYRUN_188","LINE188","衛福部中藥許可證：衛署成製015614；類別：乙類成藥；劑型：油膏劑。","退換貨、付款、客服、出貨、價格、通路與任何見證內容，發布前須由人工確認。","人工複製到 LINE OA 後台排程；不得用 API 自動發布。"
"2026-09-19","12:00","文字訊息","長輩使用外用膏你會提醒什麼","長輩使用外用膏你會提醒什麼

很多人不是不想保養，是不知道什麼情況該先問清楚。

這款定位是外用油膏，重點是局部按摩、依標示使用。衛署成製015614，乙類成藥，資料可至衛福部中藥許可證系統查詢。

外用產品請依標示使用；身體不適、症狀持續或惡化時，請諮詢醫師或藥師。
下單前可先私訊索取藥證查詢方式與外盒標示照片。","私訊索取藥證查詢方式與外盒標示照片","圖卡：長輩使用外用膏你會提醒什麼 / 藥證可查 / 依標示使用","NEEDS_HUMAN_UPLOAD_OR_SELECTION","NEEDS_HUMAN_REVIEW_SAFE_TERM_CHECK","APPROVED_FOR_MANUAL_SCHEDULE_ONLY","READY_FOR_MANUAL_LINE_OA_INPUT","MANUAL_ONLY_NOT_API","LINE_DRYRUN_189","LINE189","衛福部中藥許可證：衛署成製015614；類別：乙類成藥；劑型：油膏劑。","退換貨、付款、客服、出貨、價格、通路與任何見證內容，發布前須由人工確認。","人工複製到 LINE OA 後台排程；不得用 API 自動發布。"
"2026-09-19","20:00","文字訊息","日常活動舒適度的三個習慣","日常活動舒適度的三個習慣

幫長輩準備外用產品時，最重要的是安全、清楚、不要亂用。

這款定位是外用油膏，重點是局部按摩、依標示使用。衛署成製015614，乙類成藥，資料可至衛福部中藥許可證系統查詢。

外用產品請依標示使用；身體不適、症狀持續或惡化時，請諮詢醫師或藥師。
下單前可先私訊索取藥證查詢方式與外盒標示照片。","私訊索取藥證查詢方式與外盒標示照片","圖卡：日常活動舒適度的三個習慣 / 藥證可查 / 依標示使用","NEEDS_HUMAN_UPLOAD_OR_SELECTION","NEEDS_HUMAN_REVIEW_SAFE_TERM_CHECK","APPROVED_FOR_MANUAL_SCHEDULE_ONLY","READY_FOR_MANUAL_LINE_OA_INPUT","MANUAL_ONLY_NOT_API","LINE_DRYRUN_190","LINE190","衛福部中藥許可證：衛署成製015614；類別：乙類成藥；劑型：油膏劑。","退換貨、付款、客服、出貨、價格、通路與任何見證內容，發布前須由人工確認。","人工複製到 LINE OA 後台排程；不得用 API 自動發布。"
"2026-09-20","12:00","文字訊息","下班前五分鐘伸展","下班前五分鐘伸展

久坐、低頭、開會一整天後，肩頸常會提醒你該放鬆一下。

這款定位是外用油膏，重點是局部按摩、依標示使用。衛署成製015614，乙類成藥，資料可至衛福部中藥許可證系統查詢。

外用產品請依標示使用；身體不適、症狀持續或惡化時，請諮詢醫師或藥師。
下單前可先私訊索取藥證查詢方式與外盒標示照片。","私訊索取藥證查詢方式與外盒標示照片","圖卡：下班前五分鐘伸展 / 藥證可查 / 依標示使用","NEEDS_HUMAN_UPLOAD_OR_SELECTION","NEEDS_HUMAN_REVIEW_SAFE_TERM_CHECK","APPROVED_FOR_MANUAL_SCHEDULE_ONLY","READY_FOR_MANUAL_LINE_OA_INPUT","MANUAL_ONLY_NOT_API","LINE_DRYRUN_191","LINE191","衛福部中藥許可證：衛署成製015614；類別：乙類成藥；劑型：油膏劑。","退換貨、付款、客服、出貨、價格、通路與任何見證內容，發布前須由人工確認。","人工複製到 LINE OA 後台排程；不得用 API 自動發布。"
"2026-09-20","20:00","文字訊息","局部按摩和大面積厚敷的差別","局部按摩和大面積厚敷的差別

下單前，先看得懂標示與成分，比聽誇張話術更安心。

這款定位是外用油膏，重點是局部按摩、依標示使用。衛署成製015614，乙類成藥，資料可至衛福部中藥許可證系統查詢。

外用產品請依標示使用；身體不適、症狀持續或惡化時，請諮詢醫師或藥師。
下單前可先私訊索取藥證查詢方式與外盒標示照片。","私訊索取藥證查詢方式與外盒標示照片","圖卡：局部按摩和大面積厚敷的差別 / 藥證可查 / 依標示使用","NEEDS_HUMAN_UPLOAD_OR_SELECTION","NEEDS_HUMAN_REVIEW_SAFE_TERM_CHECK","APPROVED_FOR_MANUAL_SCHEDULE_ONLY","READY_FOR_MANUAL_LINE_OA_INPUT","MANUAL_ONLY_NOT_API","LINE_DRYRUN_192","LINE192","衛福部中藥許可證：衛署成製015614；類別：乙類成藥；劑型：油膏劑。","退換貨、付款、客服、出貨、價格、通路與任何見證內容，發布前須由人工確認。","人工複製到 LINE OA 後台排程；不得用 API 自動發布。"
"2026-09-21","12:00","文字訊息","秋分後外出前暖身","秋分後外出前暖身

換季時，身體保養不需要複雜，穩定的小習慣比較長久。

這款定位是外用油膏，重點是局部按摩、依標示使用。衛署成製015614，乙類成藥，資料可至衛福部中藥許可證系統查詢。

外用產品請依標示使用；身體不適、症狀持續或惡化時，請諮詢醫師或藥師。
下單前可先私訊索取藥證查詢方式與外盒標示照片。","私訊索取藥證查詢方式與外盒標示照片","圖卡：秋分後外出前暖身 / 藥證可查 / 依標示使用","NEEDS_HUMAN_UPLOAD_OR_SELECTION","NEEDS_HUMAN_REVIEW_SAFE_TERM_CHECK","APPROVED_FOR_MANUAL_SCHEDULE_ONLY","READY_FOR_MANUAL_LINE_OA_INPUT","MANUAL_ONLY_NOT_API","LINE_DRYRUN_193","LINE193","衛福部中藥許可證：衛署成製015614；類別：乙類成藥；劑型：油膏劑。","退換貨、付款、客服、出貨、價格、通路與任何見證內容，發布前須由人工確認。","人工複製到 LINE OA 後台排程；不得用 API 自動發布。"
"2026-09-21","20:00","文字訊息","症狀超過七天要停用並諮詢","症狀超過七天要停用並諮詢

外用產品不是擦越多越好，用對位置、避開風險才安心。

這款定位是外用油膏，重點是局部按摩、依標示使用。衛署成製015614，乙類成藥，資料可至衛福部中藥許可證系統查詢。

外用產品請依標示使用；身體不適、症狀持續或惡化時，請諮詢醫師或藥師。
下單前可先私訊索取藥證查詢方式與外盒標示照片。","私訊索取藥證查詢方式與外盒標示照片","圖卡：症狀超過七天要停用並諮詢 / 藥證可查 / 依標示使用","NEEDS_HUMAN_UPLOAD_OR_SELECTION","NEEDS_HUMAN_REVIEW_SAFE_TERM_CHECK","APPROVED_FOR_MANUAL_SCHEDULE_ONLY","READY_FOR_MANUAL_LINE_OA_INPUT","MANUAL_ONLY_NOT_API","LINE_DRYRUN_194","LINE194","衛福部中藥許可證：衛署成製015614；類別：乙類成藥；劑型：油膏劑。","退換貨、付款、客服、出貨、價格、通路與任何見證內容，發布前須由人工確認。","人工複製到 LINE OA 後台排程；不得用 API 自動發布。"
"2026-09-22","12:00","文字訊息","成分透明是基本功","成分透明是基本功

我們寧願把資料講清楚，也不想用誇大的話讓你衝動購買。

這款定位是外用油膏，重點是局部按摩、依標示使用。衛署成製015614，乙類成藥，資料可至衛福部中藥許可證系統查詢。

外用產品請依標示使用；身體不適、症狀持續或惡化時，請諮詢醫師或藥師。
下單前可先私訊索取藥證查詢方式與外盒標示照片。","私訊索取藥證查詢方式與外盒標示照片","圖卡：成分透明是基本功 / 藥證可查 / 依標示使用","NEEDS_HUMAN_UPLOAD_OR_SELECTION","NEEDS_HUMAN_REVIEW_SAFE_TERM_CHECK","APPROVED_FOR_MANUAL_SCHEDULE_ONLY","READY_FOR_MANUAL_LINE_OA_INPUT","MANUAL_ONLY_NOT_API","LINE_DRYRUN_195","LINE195","衛福部中藥許可證：衛署成製015614；類別：乙類成藥；劑型：油膏劑。","退換貨、付款、客服、出貨、價格、通路與任何見證內容，發布前須由人工確認。","人工複製到 LINE OA 後台排程；不得用 API 自動發布。"
"2026-09-22","20:00","文字訊息","一條根可以天天厚敷嗎","一條根可以天天厚敷嗎

很多人不是不想保養，是不知道什麼情況該先問清楚。

這款定位是外用油膏，重點是局部按摩、依標示使用。衛署成製015614，乙類成藥，資料可至衛福部中藥許可證系統查詢。

外用產品請依標示使用；身體不適、症狀持續或惡化時，請諮詢醫師或藥師。
下單前可先私訊索取藥證查詢方式與外盒標示照片。","私訊索取藥證查詢方式與外盒標示照片","圖卡：一條根可以天天厚敷嗎 / 藥證可查 / 依標示使用","NEEDS_HUMAN_UPLOAD_OR_SELECTION","NEEDS_HUMAN_REVIEW_SAFE_TERM_CHECK","APPROVED_FOR_MANUAL_SCHEDULE_ONLY","READY_FOR_MANUAL_LINE_OA_INPUT","MANUAL_ONLY_NOT_API","LINE_DRYRUN_196","LINE196","衛福部中藥許可證：衛署成製015614；類別：乙類成藥；劑型：油膏劑。","退換貨、付款、客服、出貨、價格、通路與任何見證內容，發布前須由人工確認。","人工複製到 LINE OA 後台排程；不得用 API 自動發布。"
"2026-09-23","12:00","文字訊息","運動後不要立刻熱敷加藥膏","運動後不要立刻熱敷加藥膏

運動、搬重物、久站後，身體局部不適時，先休息、觀察，再做保守保養。

這款定位是外用油膏，重點是局部按摩、依標示使用。衛署成製015614，乙類成藥，資料可至衛福部中藥許可證系統查詢。

外用產品請依標示使用；身體不適、症狀持續或惡化時，請諮詢醫師或藥師。
下單前可先私訊索取藥證查詢方式與外盒標示照片。","私訊索取藥證查詢方式與外盒標示照片","圖卡：運動後不要立刻熱敷加藥膏 / 藥證可查 / 依標示使用","NEEDS_HUMAN_UPLOAD_OR_SELECTION","NEEDS_HUMAN_REVIEW_SAFE_TERM_CHECK","APPROVED_FOR_MANUAL_SCHEDULE_ONLY","READY_FOR_MANUAL_LINE_OA_INPUT","MANUAL_ONLY_NOT_API","LINE_DRYRUN_197","LINE197","衛福部中藥許可證：衛署成製015614；類別：乙類成藥；劑型：油膏劑。","退換貨、付款、客服、出貨、價格、通路與任何見證內容，發布前須由人工確認。","人工複製到 LINE OA 後台排程；不得用 API 自動發布。"
"2026-09-23","20:00","文字訊息","使用前先小範圍測試","使用前先小範圍測試

下單前，先看得懂標示與成分，比聽誇張話術更安心。

這款定位是外用油膏，重點是局部按摩、依標示使用。衛署成製015614，乙類成藥，資料可至衛福部中藥許可證系統查詢。

外用產品請依標示使用；身體不適、症狀持續或惡化時，請諮詢醫師或藥師。
下單前可先私訊索取藥證查詢方式與外盒標示照片。","私訊索取藥證查詢方式與外盒標示照片","圖卡：使用前先小範圍測試 / 藥證可查 / 依標示使用","NEEDS_HUMAN_UPLOAD_OR_SELECTION","NEEDS_HUMAN_REVIEW_SAFE_TERM_CHECK","APPROVED_FOR_MANUAL_SCHEDULE_ONLY","READY_FOR_MANUAL_LINE_OA_INPUT","MANUAL_ONLY_NOT_API","LINE_DRYRUN_198","LINE198","衛福部中藥許可證：衛署成製015614；類別：乙類成藥；劑型：油膏劑。","退換貨、付款、客服、出貨、價格、通路與任何見證內容，發布前須由人工確認。","人工複製到 LINE OA 後台排程；不得用 API 自動發布。"
"2026-09-24","12:00","文字訊息","長輩使用前先看標示","長輩使用前先看標示

幫長輩準備外用產品時，最重要的是安全、清楚、不要亂用。

這款定位是外用油膏，重點是局部按摩、依標示使用。衛署成製015614，乙類成藥，資料可至衛福部中藥許可證系統查詢。

外用產品請依標示使用；身體不適、症狀持續或惡化時，請諮詢醫師或藥師。
下單前可先私訊索取藥證查詢方式與外盒標示照片。","私訊索取藥證查詢方式與外盒標示照片","圖卡：長輩使用前先看標示 / 藥證可查 / 依標示使用","NEEDS_HUMAN_UPLOAD_OR_SELECTION","NEEDS_HUMAN_REVIEW_SAFE_TERM_CHECK","APPROVED_FOR_MANUAL_SCHEDULE_ONLY","READY_FOR_MANUAL_LINE_OA_INPUT","MANUAL_ONLY_NOT_API","LINE_DRYRUN_199","LINE199","衛福部中藥許可證：衛署成製015614；類別：乙類成藥；劑型：油膏劑。","退換貨、付款、客服、出貨、價格、通路與任何見證內容，發布前須由人工確認。","人工複製到 LINE OA 後台排程；不得用 API 自動發布。"
"2026-09-24","20:00","文字訊息","皮膚刺激時要停止使用","皮膚刺激時要停止使用

外用產品不是擦越多越好，用對位置、避開風險才安心。

這款定位是外用油膏，重點是局部按摩、依標示使用。衛署成製015614，乙類成藥，資料可至衛福部中藥許可證系統查詢。

外用產品請依標示使用；身體不適、症狀持續或惡化時，請諮詢醫師或藥師。
下單前可先私訊索取藥證查詢方式與外盒標示照片。","私訊索取藥證查詢方式與外盒標示照片","圖卡：皮膚刺激時要停止使用 / 藥證可查 / 依標示使用","NEEDS_HUMAN_UPLOAD_OR_SELECTION","NEEDS_HUMAN_REVIEW_SAFE_TERM_CHECK","APPROVED_FOR_MANUAL_SCHEDULE_ONLY","READY_FOR_MANUAL_LINE_OA_INPUT","MANUAL_ONLY_NOT_API","LINE_DRYRUN_200","LINE200","衛福部中藥許可證：衛署成製015614；類別：乙類成藥；劑型：油膏劑。","退換貨、付款、客服、出貨、價格、通路與任何見證內容，發布前須由人工確認。","人工複製到 LINE OA 後台排程；不得用 API 自動發布。"
"2026-09-25","12:00","文字訊息","寒露後肩背保養","寒露後肩背保養

換季時，身體保養不需要複雜，穩定的小習慣比較長久。

這款定位是外用油膏，重點是局部按摩、依標示使用。衛署成製015614，乙類成藥，資料可至衛福部中藥許可證系統查詢。

外用產品請依標示使用；身體不適、症狀持續或惡化時，請諮詢醫師或藥師。
下單前可先私訊索取藥證查詢方式與外盒標示照片。","私訊索取藥證查詢方式與外盒標示照片","圖卡：寒露後肩背保養 / 藥證可查 / 依標示使用","NEEDS_HUMAN_UPLOAD_OR_SELECTION","NEEDS_HUMAN_REVIEW_SAFE_TERM_CHECK","APPROVED_FOR_MANUAL_SCHEDULE_ONLY","READY_FOR_MANUAL_LINE_OA_INPUT","MANUAL_ONLY_NOT_API","LINE_DRYRUN_201","LINE201","衛福部中藥許可證：衛署成製015614；類別：乙類成藥；劑型：油膏劑。","退換貨、付款、客服、出貨、價格、通路與任何見證內容，發布前須由人工確認。","人工複製到 LINE OA 後台排程；不得用 API 自動發布。"
"2026-09-25","20:00","文字訊息","輕微拉扯後的觀察重點","輕微拉扯後的觀察重點

運動、搬重物、久站後，身體局部不適時，先休息、觀察，再做保守保養。

這款定位是外用油膏，重點是局部按摩、依標示使用。衛署成製015614，乙類成藥，資料可至衛福部中藥許可證系統查詢。

外用產品請依標示使用；身體不適、症狀持續或惡化時，請諮詢醫師或藥師。
下單前可先私訊索取藥證查詢方式與外盒標示照片。","私訊索取藥證查詢方式與外盒標示照片","圖卡：輕微拉扯後的觀察重點 / 藥證可查 / 依標示使用","NEEDS_HUMAN_UPLOAD_OR_SELECTION","NEEDS_HUMAN_REVIEW_SAFE_TERM_CHECK","APPROVED_FOR_MANUAL_SCHEDULE_ONLY","READY_FOR_MANUAL_LINE_OA_INPUT","MANUAL_ONLY_NOT_API","LINE_DRYRUN_202","LINE202","衛福部中藥許可證：衛署成製015614；類別：乙類成藥；劑型：油膏劑。","退換貨、付款、客服、出貨、價格、通路與任何見證內容，發布前須由人工確認。","人工複製到 LINE OA 後台排程；不得用 API 自動發布。"
"2026-09-26","12:00","文字訊息","擦完可以馬上熱敷嗎","擦完可以馬上熱敷嗎

很多人不是不想保養，是不知道什麼情況該先問清楚。

這款定位是外用油膏，重點是局部按摩、依標示使用。衛署成製015614，乙類成藥，資料可至衛福部中藥許可證系統查詢。

外用產品請依標示使用；身體不適、症狀持續或惡化時，請諮詢醫師或藥師。
下單前可先私訊索取藥證查詢方式與外盒標示照片。","私訊索取藥證查詢方式與外盒標示照片","圖卡：擦完可以馬上熱敷嗎 / 藥證可查 / 依標示使用","NEEDS_HUMAN_UPLOAD_OR_SELECTION","NEEDS_HUMAN_REVIEW_SAFE_TERM_CHECK","APPROVED_FOR_MANUAL_SCHEDULE_ONLY","READY_FOR_MANUAL_LINE_OA_INPUT","MANUAL_ONLY_NOT_API","LINE_DRYRUN_203","LINE203","衛福部中藥許可證：衛署成製015614；類別：乙類成藥；劑型：油膏劑。","退換貨、付款、客服、出貨、價格、通路與任何見證內容，發布前須由人工確認。","人工複製到 LINE OA 後台排程；不得用 API 自動發布。"
"2026-09-26","20:00","文字訊息","別把長期疼痛只當小問題","別把長期疼痛只當小問題

幫長輩準備外用產品時，最重要的是安全、清楚、不要亂用。

這款定位是外用油膏，重點是局部按摩、依標示使用。衛署成製015614，乙類成藥，資料可至衛福部中藥許可證系統查詢。

外用產品請依標示使用；身體不適、症狀持續或惡化時，請諮詢醫師或藥師。
下單前可先私訊索取藥證查詢方式與外盒標示照片。","私訊索取藥證查詢方式與外盒標示照片","圖卡：別把長期疼痛只當小問題 / 藥證可查 / 依標示使用","NEEDS_HUMAN_UPLOAD_OR_SELECTION","NEEDS_HUMAN_REVIEW_SAFE_TERM_CHECK","APPROVED_FOR_MANUAL_SCHEDULE_ONLY","READY_FOR_MANUAL_LINE_OA_INPUT","MANUAL_ONLY_NOT_API","LINE_DRYRUN_204","LINE204","衛福部中藥許可證：衛署成製015614；類別：乙類成藥；劑型：油膏劑。","退換貨、付款、客服、出貨、價格、通路與任何見證內容，發布前須由人工確認。","人工複製到 LINE OA 後台排程；不得用 API 自動發布。"
"2026-09-27","12:00","文字訊息","滑手機後頸部保養","滑手機後頸部保養

久坐、低頭、開會一整天後，肩頸常會提醒你該放鬆一下。

這款定位是外用油膏，重點是局部按摩、依標示使用。衛署成製015614，乙類成藥，資料可至衛福部中藥許可證系統查詢。

外用產品請依標示使用；身體不適、症狀持續或惡化時，請諮詢醫師或藥師。
下單前可先私訊索取藥證查詢方式與外盒標示照片。","私訊索取藥證查詢方式與外盒標示照片","圖卡：滑手機後頸部保養 / 藥證可查 / 依標示使用","NEEDS_HUMAN_UPLOAD_OR_SELECTION","NEEDS_HUMAN_REVIEW_SAFE_TERM_CHECK","APPROVED_FOR_MANUAL_SCHEDULE_ONLY","READY_FOR_MANUAL_LINE_OA_INPUT","MANUAL_ONLY_NOT_API","LINE_DRYRUN_205","LINE205","衛福部中藥許可證：衛署成製015614；類別：乙類成藥；劑型：油膏劑。","退換貨、付款、客服、出貨、價格、通路與任何見證內容，發布前須由人工確認。","人工複製到 LINE OA 後台排程；不得用 API 自動發布。"
"2026-09-27","20:00","文字訊息","產品不是神藥，定位要講清楚","產品不是神藥，定位要講清楚

下單前，先看得懂標示與成分，比聽誇張話術更安心。

這款定位是外用油膏，重點是局部按摩、依標示使用。衛署成製015614，乙類成藥，資料可至衛福部中藥許可證系統查詢。

外用產品請依標示使用；身體不適、症狀持續或惡化時，請諮詢醫師或藥師。
下單前可先私訊索取藥證查詢方式與外盒標示照片。","私訊索取藥證查詢方式與外盒標示照片","圖卡：產品不是神藥，定位要講清楚 / 藥證可查 / 依標示使用","NEEDS_HUMAN_UPLOAD_OR_SELECTION","NEEDS_HUMAN_REVIEW_SAFE_TERM_CHECK","APPROVED_FOR_MANUAL_SCHEDULE_ONLY","READY_FOR_MANUAL_LINE_OA_INPUT","MANUAL_ONLY_NOT_API","LINE_DRYRUN_206","LINE206","衛福部中藥許可證：衛署成製015614；類別：乙類成藥；劑型：油膏劑。","退換貨、付款、客服、出貨、價格、通路與任何見證內容，發布前須由人工確認。","人工複製到 LINE OA 後台排程；不得用 API 自動發布。"
"2026-09-28","12:00","文字訊息","立冬前後的日常舒緩儀式","立冬前後的日常舒緩儀式

換季時，身體保養不需要複雜，穩定的小習慣比較長久。

這款定位是外用油膏，重點是局部按摩、依標示使用。衛署成製015614，乙類成藥，資料可至衛福部中藥許可證系統查詢。

外用產品請依標示使用；身體不適、症狀持續或惡化時，請諮詢醫師或藥師。
下單前可先私訊索取藥證查詢方式與外盒標示照片。","私訊索取藥證查詢方式與外盒標示照片","圖卡：立冬前後的日常舒緩儀式 / 藥證可查 / 依標示使用","NEEDS_HUMAN_UPLOAD_OR_SELECTION","NEEDS_HUMAN_REVIEW_SAFE_TERM_CHECK","APPROVED_FOR_MANUAL_SCHEDULE_ONLY","READY_FOR_MANUAL_LINE_OA_INPUT","MANUAL_ONLY_NOT_API","LINE_DRYRUN_207","LINE207","衛福部中藥許可證：衛署成製015614；類別：乙類成藥；劑型：油膏劑。","退換貨、付款、客服、出貨、價格、通路與任何見證內容，發布前須由人工確認。","人工複製到 LINE OA 後台排程；不得用 API 自動發布。"
"2026-09-28","20:00","文字訊息","深層症狀不適合自行處理","深層症狀不適合自行處理

外用產品不是擦越多越好，用對位置、避開風險才安心。

這款定位是外用油膏，重點是局部按摩、依標示使用。衛署成製015614，乙類成藥，資料可至衛福部中藥許可證系統查詢。

外用產品請依標示使用；身體不適、症狀持續或惡化時，請諮詢醫師或藥師。
下單前可先私訊索取藥證查詢方式與外盒標示照片。","私訊索取藥證查詢方式與外盒標示照片","圖卡：深層症狀不適合自行處理 / 藥證可查 / 依標示使用","NEEDS_HUMAN_UPLOAD_OR_SELECTION","NEEDS_HUMAN_REVIEW_SAFE_TERM_CHECK","APPROVED_FOR_MANUAL_SCHEDULE_ONLY","READY_FOR_MANUAL_LINE_OA_INPUT","MANUAL_ONLY_NOT_API","LINE_DRYRUN_208","LINE208","衛福部中藥許可證：衛署成製015614；類別：乙類成藥；劑型：油膏劑。","退換貨、付款、客服、出貨、價格、通路與任何見證內容，發布前須由人工確認。","人工複製到 LINE OA 後台排程；不得用 API 自動發布。"
"2026-09-29","12:00","文字訊息","每篇貼文都要人工審核","每篇貼文都要人工審核

我們寧願把資料講清楚，也不想用誇大的話讓你衝動購買。

這款定位是外用油膏，重點是局部按摩、依標示使用。衛署成製015614，乙類成藥，資料可至衛福部中藥許可證系統查詢。

外用產品請依標示使用；身體不適、症狀持續或惡化時，請諮詢醫師或藥師。
下單前可先私訊索取藥證查詢方式與外盒標示照片。","私訊索取藥證查詢方式與外盒標示照片","圖卡：每篇貼文都要人工審核 / 藥證可查 / 依標示使用","NEEDS_HUMAN_UPLOAD_OR_SELECTION","NEEDS_HUMAN_REVIEW_SAFE_TERM_CHECK","APPROVED_FOR_MANUAL_SCHEDULE_ONLY","READY_FOR_MANUAL_LINE_OA_INPUT","MANUAL_ONLY_NOT_API","LINE_DRYRUN_209","LINE209","衛福部中藥許可證：衛署成製015614；類別：乙類成藥；劑型：油膏劑。","退換貨、付款、客服、出貨、價格、通路與任何見證內容，發布前須由人工確認。","人工複製到 LINE OA 後台排程；不得用 API 自動發布。"
"2026-09-29","20:00","文字訊息","哪些情況應該先就醫","哪些情況應該先就醫

很多人不是不想保養，是不知道什麼情況該先問清楚。

這款定位是外用油膏，重點是局部按摩、依標示使用。衛署成製015614，乙類成藥，資料可至衛福部中藥許可證系統查詢。

外用產品請依標示使用；身體不適、症狀持續或惡化時，請諮詢醫師或藥師。
下單前可先私訊索取藥證查詢方式與外盒標示照片。","私訊索取藥證查詢方式與外盒標示照片","圖卡：哪些情況應該先就醫 / 藥證可查 / 依標示使用","NEEDS_HUMAN_UPLOAD_OR_SELECTION","NEEDS_HUMAN_REVIEW_SAFE_TERM_CHECK","APPROVED_FOR_MANUAL_SCHEDULE_ONLY","READY_FOR_MANUAL_LINE_OA_INPUT","MANUAL_ONLY_NOT_API","LINE_DRYRUN_210","LINE210","衛福部中藥許可證：衛署成製015614；類別：乙類成藥；劑型：油膏劑。","退換貨、付款、客服、出貨、價格、通路與任何見證內容，發布前須由人工確認。","人工複製到 LINE OA 後台排程；不得用 API 自動發布。"
"2026-09-30","12:00","文字訊息","運動後局部痠痛的保守處理","運動後局部痠痛的保守處理

運動、搬重物、久站後，身體局部不適時，先休息、觀察，再做保守保養。

這款定位是外用油膏，重點是局部按摩、依標示使用。衛署成製015614，乙類成藥，資料可至衛福部中藥許可證系統查詢。

外用產品請依標示使用；身體不適、症狀持續或惡化時，請諮詢醫師或藥師。
下單前可先私訊索取藥證查詢方式與外盒標示照片。","私訊索取藥證查詢方式與外盒標示照片","圖卡：運動後局部痠痛的保守處理 / 藥證可查 / 依標示使用","NEEDS_HUMAN_UPLOAD_OR_SELECTION","NEEDS_HUMAN_REVIEW_SAFE_TERM_CHECK","APPROVED_FOR_MANUAL_SCHEDULE_ONLY","READY_FOR_MANUAL_LINE_OA_INPUT","MANUAL_ONLY_NOT_API","LINE_DRYRUN_211","LINE211","衛福部中藥許可證：衛署成製015614；類別：乙類成藥；劑型：油膏劑。","退換貨、付款、客服、出貨、價格、通路與任何見證內容，發布前須由人工確認。","人工複製到 LINE OA 後台排程；不得用 API 自動發布。"
"2026-09-30","20:00","文字訊息","冬青油與清涼舒緩體感","冬青油與清涼舒緩體感

下單前，先看得懂標示與成分，比聽誇張話術更安心。

這款定位是外用油膏，重點是局部按摩、依標示使用。衛署成製015614，乙類成藥，資料可至衛福部中藥許可證系統查詢。

外用產品請依標示使用；身體不適、症狀持續或惡化時，請諮詢醫師或藥師。
下單前可先私訊索取藥證查詢方式與外盒標示照片。","私訊索取藥證查詢方式與外盒標示照片","圖卡：冬青油與清涼舒緩體感 / 藥證可查 / 依標示使用","NEEDS_HUMAN_UPLOAD_OR_SELECTION","NEEDS_HUMAN_REVIEW_SAFE_TERM_CHECK","APPROVED_FOR_MANUAL_SCHEDULE_ONLY","READY_FOR_MANUAL_LINE_OA_INPUT","MANUAL_ONLY_NOT_API","LINE_DRYRUN_212","LINE212","衛福部中藥許可證：衛署成製015614；類別：乙類成藥；劑型：油膏劑。","退換貨、付款、客服、出貨、價格、通路與任何見證內容，發布前須由人工確認。","人工複製到 LINE OA 後台排程；不得用 API 自動發布。"
"2026-10-01","12:00","文字訊息","早晨活動前的關節暖身","早晨活動前的關節暖身

幫長輩準備外用產品時，最重要的是安全、清楚、不要亂用。

這款定位是外用油膏，重點是局部按摩、依標示使用。衛署成製015614，乙類成藥，資料可至衛福部中藥許可證系統查詢。

外用產品請依標示使用；身體不適、症狀持續或惡化時，請諮詢醫師或藥師。
下單前可先私訊索取藥證查詢方式與外盒標示照片。","私訊索取藥證查詢方式與外盒標示照片","圖卡：早晨活動前的關節暖身 / 藥證可查 / 依標示使用","NEEDS_HUMAN_UPLOAD_OR_SELECTION","NEEDS_HUMAN_REVIEW_SAFE_TERM_CHECK","APPROVED_FOR_MANUAL_SCHEDULE_ONLY","READY_FOR_MANUAL_LINE_OA_INPUT","MANUAL_ONLY_NOT_API","LINE_DRYRUN_213","LINE213","衛福部中藥許可證：衛署成製015614；類別：乙類成藥；劑型：油膏劑。","退換貨、付款、客服、出貨、價格、通路與任何見證內容，發布前須由人工確認。","人工複製到 LINE OA 後台排程；不得用 API 自動發布。"
"2026-10-01","20:00","文字訊息","不能擦在破皮或傷口","不能擦在破皮或傷口

外用產品不是擦越多越好，用對位置、避開風險才安心。

這款定位是外用油膏，重點是局部按摩、依標示使用。衛署成製015614，乙類成藥，資料可至衛福部中藥許可證系統查詢。

外用產品請依標示使用；身體不適、症狀持續或惡化時，請諮詢醫師或藥師。
下單前可先私訊索取藥證查詢方式與外盒標示照片。","私訊索取藥證查詢方式與外盒標示照片","圖卡：不能擦在破皮或傷口 / 藥證可查 / 依標示使用","NEEDS_HUMAN_UPLOAD_OR_SELECTION","NEEDS_HUMAN_REVIEW_SAFE_TERM_CHECK","APPROVED_FOR_MANUAL_SCHEDULE_ONLY","READY_FOR_MANUAL_LINE_OA_INPUT","MANUAL_ONLY_NOT_API","LINE_DRYRUN_214","LINE214","衛福部中藥許可證：衛署成製015614；類別：乙類成藥；劑型：油膏劑。","退換貨、付款、客服、出貨、價格、通路與任何見證內容，發布前須由人工確認。","人工複製到 LINE OA 後台排程；不得用 API 自動發布。"
"2026-10-02","12:00","文字訊息","芒種後濕熱生活保養","芒種後濕熱生活保養

換季時，身體保養不需要複雜，穩定的小習慣比較長久。

這款定位是外用油膏，重點是局部按摩、依標示使用。衛署成製015614，乙類成藥，資料可至衛福部中藥許可證系統查詢。

外用產品請依標示使用；身體不適、症狀持續或惡化時，請諮詢醫師或藥師。
下單前可先私訊索取藥證查詢方式與外盒標示照片。","私訊索取藥證查詢方式與外盒標示照片","圖卡：芒種後濕熱生活保養 / 藥證可查 / 依標示使用","NEEDS_HUMAN_UPLOAD_OR_SELECTION","NEEDS_HUMAN_REVIEW_SAFE_TERM_CHECK","APPROVED_FOR_MANUAL_SCHEDULE_ONLY","READY_FOR_MANUAL_LINE_OA_INPUT","MANUAL_ONLY_NOT_API","LINE_DRYRUN_215","LINE215","衛福部中藥許可證：衛署成製015614；類別：乙類成藥；劑型：油膏劑。","退換貨、付款、客服、出貨、價格、通路與任何見證內容，發布前須由人工確認。","人工複製到 LINE OA 後台排程；不得用 API 自動發布。"
"2026-10-02","20:00","文字訊息","久站後小腿不適舒緩","久站後小腿不適舒緩

運動、搬重物、久站後，身體局部不適時，先休息、觀察，再做保守保養。

這款定位是外用油膏，重點是局部按摩、依標示使用。衛署成製015614，乙類成藥，資料可至衛福部中藥許可證系統查詢。

外用產品請依標示使用；身體不適、症狀持續或惡化時，請諮詢醫師或藥師。
下單前可先私訊索取藥證查詢方式與外盒標示照片。","私訊索取藥證查詢方式與外盒標示照片","圖卡：久站後小腿不適舒緩 / 藥證可查 / 依標示使用","NEEDS_HUMAN_UPLOAD_OR_SELECTION","NEEDS_HUMAN_REVIEW_SAFE_TERM_CHECK","APPROVED_FOR_MANUAL_SCHEDULE_ONLY","READY_FOR_MANUAL_LINE_OA_INPUT","MANUAL_ONLY_NOT_API","LINE_DRYRUN_216","LINE216","衛福部中藥許可證：衛署成製015614；類別：乙類成藥；劑型：油膏劑。","退換貨、付款、客服、出貨、價格、通路與任何見證內容，發布前須由人工確認。","人工複製到 LINE OA 後台排程；不得用 API 自動發布。"
"2026-10-03","12:00","文字訊息","你最常哪個部位緊繃","你最常哪個部位緊繃

很多人不是不想保養，是不知道什麼情況該先問清楚。

這款定位是外用油膏，重點是局部按摩、依標示使用。衛署成製015614，乙類成藥，資料可至衛福部中藥許可證系統查詢。

外用產品請依標示使用；身體不適、症狀持續或惡化時，請諮詢醫師或藥師。
下單前可先私訊索取藥證查詢方式與外盒標示照片。","私訊索取藥證查詢方式與外盒標示照片","圖卡：你最常哪個部位緊繃 / 藥證可查 / 依標示使用","NEEDS_HUMAN_UPLOAD_OR_SELECTION","NEEDS_HUMAN_REVIEW_SAFE_TERM_CHECK","APPROVED_FOR_MANUAL_SCHEDULE_ONLY","READY_FOR_MANUAL_LINE_OA_INPUT","MANUAL_ONLY_NOT_API","LINE_DRYRUN_217","LINE217","衛福部中藥許可證：衛署成製015614；類別：乙類成藥；劑型：油膏劑。","退換貨、付款、客服、出貨、價格、通路與任何見證內容，發布前須由人工確認。","人工複製到 LINE OA 後台排程；不得用 API 自動發布。"
"2026-10-03","20:00","文字訊息","長輩外用膏使用安全","長輩外用膏使用安全

幫長輩準備外用產品時，最重要的是安全、清楚、不要亂用。

這款定位是外用油膏，重點是局部按摩、依標示使用。衛署成製015614，乙類成藥，資料可至衛福部中藥許可證系統查詢。

外用產品請依標示使用；身體不適、症狀持續或惡化時，請諮詢醫師或藥師。
下單前可先私訊索取藥證查詢方式與外盒標示照片。","私訊索取藥證查詢方式與外盒標示照片","圖卡：長輩外用膏使用安全 / 藥證可查 / 依標示使用","NEEDS_HUMAN_UPLOAD_OR_SELECTION","NEEDS_HUMAN_REVIEW_SAFE_TERM_CHECK","APPROVED_FOR_MANUAL_SCHEDULE_ONLY","READY_FOR_MANUAL_LINE_OA_INPUT","MANUAL_ONLY_NOT_API","LINE_DRYRUN_218","LINE218","衛福部中藥許可證：衛署成製015614；類別：乙類成藥；劑型：油膏劑。","退換貨、付款、客服、出貨、價格、通路與任何見證內容，發布前須由人工確認。","人工複製到 LINE OA 後台排程；不得用 API 自動發布。"
"2026-10-04","12:00","文字訊息","辦公桌前的姿勢檢查","辦公桌前的姿勢檢查

久坐、低頭、開會一整天後，肩頸常會提醒你該放鬆一下。

這款定位是外用油膏，重點是局部按摩、依標示使用。衛署成製015614，乙類成藥，資料可至衛福部中藥許可證系統查詢。

外用產品請依標示使用；身體不適、症狀持續或惡化時，請諮詢醫師或藥師。
下單前可先私訊索取藥證查詢方式與外盒標示照片。","私訊索取藥證查詢方式與外盒標示照片","圖卡：辦公桌前的姿勢檢查 / 藥證可查 / 依標示使用","NEEDS_HUMAN_UPLOAD_OR_SELECTION","NEEDS_HUMAN_REVIEW_SAFE_TERM_CHECK","APPROVED_FOR_MANUAL_SCHEDULE_ONLY","READY_FOR_MANUAL_LINE_OA_INPUT","MANUAL_ONLY_NOT_API","LINE_DRYRUN_219","LINE219","衛福部中藥許可證：衛署成製015614；類別：乙類成藥；劑型：油膏劑。","退換貨、付款、客服、出貨、價格、通路與任何見證內容，發布前須由人工確認。","人工複製到 LINE OA 後台排程；不得用 API 自動發布。"
"2026-10-04","20:00","文字訊息","薄荷腦帶來的涼感來源","薄荷腦帶來的涼感來源

下單前，先看得懂標示與成分，比聽誇張話術更安心。

這款定位是外用油膏，重點是局部按摩、依標示使用。衛署成製015614，乙類成藥，資料可至衛福部中藥許可證系統查詢。

外用產品請依標示使用；身體不適、症狀持續或惡化時，請諮詢醫師或藥師。
下單前可先私訊索取藥證查詢方式與外盒標示照片。","私訊索取藥證查詢方式與外盒標示照片","圖卡：薄荷腦帶來的涼感來源 / 藥證可查 / 依標示使用","NEEDS_HUMAN_UPLOAD_OR_SELECTION","NEEDS_HUMAN_REVIEW_SAFE_TERM_CHECK","APPROVED_FOR_MANUAL_SCHEDULE_ONLY","READY_FOR_MANUAL_LINE_OA_INPUT","MANUAL_ONLY_NOT_API","LINE_DRYRUN_220","LINE220","衛福部中藥許可證：衛署成製015614；類別：乙類成藥；劑型：油膏劑。","退換貨、付款、客服、出貨、價格、通路與任何見證內容，發布前須由人工確認。","人工複製到 LINE OA 後台排程；不得用 API 自動發布。"
"2026-10-05","12:00","文字訊息","夏季冷氣房的肩頸保養","夏季冷氣房的肩頸保養

換季時，身體保養不需要複雜，穩定的小習慣比較長久。

這款定位是外用油膏，重點是局部按摩、依標示使用。衛署成製015614，乙類成藥，資料可至衛福部中藥許可證系統查詢。

外用產品請依標示使用；身體不適、症狀持續或惡化時，請諮詢醫師或藥師。
下單前可先私訊索取藥證查詢方式與外盒標示照片。","私訊索取藥證查詢方式與外盒標示照片","圖卡：夏季冷氣房的肩頸保養 / 藥證可查 / 依標示使用","NEEDS_HUMAN_UPLOAD_OR_SELECTION","NEEDS_HUMAN_REVIEW_SAFE_TERM_CHECK","APPROVED_FOR_MANUAL_SCHEDULE_ONLY","READY_FOR_MANUAL_LINE_OA_INPUT","MANUAL_ONLY_NOT_API","LINE_DRYRUN_221","LINE221","衛福部中藥許可證：衛署成製015614；類別：乙類成藥；劑型：油膏劑。","退換貨、付款、客服、出貨、價格、通路與任何見證內容，發布前須由人工確認。","人工複製到 LINE OA 後台排程；不得用 API 自動發布。"
"2026-10-05","20:00","文字訊息","外用膏避免眼周與黏膜","外用膏避免眼周與黏膜

外用產品不是擦越多越好，用對位置、避開風險才安心。

這款定位是外用油膏，重點是局部按摩、依標示使用。衛署成製015614，乙類成藥，資料可至衛福部中藥許可證系統查詢。

外用產品請依標示使用；身體不適、症狀持續或惡化時，請諮詢醫師或藥師。
下單前可先私訊索取藥證查詢方式與外盒標示照片。","私訊索取藥證查詢方式與外盒標示照片","圖卡：外用膏避免眼周與黏膜 / 藥證可查 / 依標示使用","NEEDS_HUMAN_UPLOAD_OR_SELECTION","NEEDS_HUMAN_REVIEW_SAFE_TERM_CHECK","APPROVED_FOR_MANUAL_SCHEDULE_ONLY","READY_FOR_MANUAL_LINE_OA_INPUT","MANUAL_ONLY_NOT_API","LINE_DRYRUN_222","LINE222","衛福部中藥許可證：衛署成製015614；類別：乙類成藥；劑型：油膏劑。","退換貨、付款、客服、出貨、價格、通路與任何見證內容，發布前須由人工確認。","人工複製到 LINE OA 後台排程；不得用 API 自動發布。"
"2026-10-06","12:00","文字訊息","合法宣傳比誇大更長久","合法宣傳比誇大更長久

我們寧願把資料講清楚，也不想用誇大的話讓你衝動購買。

這款定位是外用油膏，重點是局部按摩、依標示使用。衛署成製015614，乙類成藥，資料可至衛福部中藥許可證系統查詢。

外用產品請依標示使用；身體不適、症狀持續或惡化時，請諮詢醫師或藥師。
下單前可先私訊索取藥證查詢方式與外盒標示照片。","私訊索取藥證查詢方式與外盒標示照片","圖卡：合法宣傳比誇大更長久 / 藥證可查 / 依標示使用","NEEDS_HUMAN_UPLOAD_OR_SELECTION","NEEDS_HUMAN_REVIEW_SAFE_TERM_CHECK","APPROVED_FOR_MANUAL_SCHEDULE_ONLY","READY_FOR_MANUAL_LINE_OA_INPUT","MANUAL_ONLY_NOT_API","LINE_DRYRUN_223","LINE223","衛福部中藥許可證：衛署成製015614；類別：乙類成藥；劑型：油膏劑。","退換貨、付款、客服、出貨、價格、通路與任何見證內容，發布前須由人工確認。","人工複製到 LINE OA 後台排程；不得用 API 自動發布。"
"2026-10-06","20:00","文字訊息","你習慣運動前還是運動後保養","你習慣運動前還是運動後保養

很多人不是不想保養，是不知道什麼情況該先問清楚。

這款定位是外用油膏，重點是局部按摩、依標示使用。衛署成製015614，乙類成藥，資料可至衛福部中藥許可證系統查詢。

外用產品請依標示使用；身體不適、症狀持續或惡化時，請諮詢醫師或藥師。
下單前可先私訊索取藥證查詢方式與外盒標示照片。","私訊索取藥證查詢方式與外盒標示照片","圖卡：你習慣運動前還是運動後保養 / 藥證可查 / 依標示使用","NEEDS_HUMAN_UPLOAD_OR_SELECTION","NEEDS_HUMAN_REVIEW_SAFE_TERM_CHECK","APPROVED_FOR_MANUAL_SCHEDULE_ONLY","READY_FOR_MANUAL_LINE_OA_INPUT","MANUAL_ONLY_NOT_API","LINE_DRYRUN_224","LINE224","衛福部中藥許可證：衛署成製015614；類別：乙類成藥；劑型：油膏劑。","退換貨、付款、客服、出貨、價格、通路與任何見證內容，發布前須由人工確認。","人工複製到 LINE OA 後台排程；不得用 API 自動發布。"
"2026-10-07","12:00","文字訊息","搬重物後腰背保養","搬重物後腰背保養

運動、搬重物、久站後，身體局部不適時，先休息、觀察，再做保守保養。

這款定位是外用油膏，重點是局部按摩、依標示使用。衛署成製015614，乙類成藥，資料可至衛福部中藥許可證系統查詢。

外用產品請依標示使用；身體不適、症狀持續或惡化時，請諮詢醫師或藥師。
下單前可先私訊索取藥證查詢方式與外盒標示照片。","私訊索取藥證查詢方式與外盒標示照片","圖卡：搬重物後腰背保養 / 藥證可查 / 依標示使用","NEEDS_HUMAN_UPLOAD_OR_SELECTION","NEEDS_HUMAN_REVIEW_SAFE_TERM_CHECK","APPROVED_FOR_MANUAL_SCHEDULE_ONLY","READY_FOR_MANUAL_LINE_OA_INPUT","MANUAL_ONLY_NOT_API","LINE_DRYRUN_225","LINE225","衛福部中藥許可證：衛署成製015614；類別：乙類成藥；劑型：油膏劑。","退換貨、付款、客服、出貨、價格、通路與任何見證內容，發布前須由人工確認。","人工複製到 LINE OA 後台排程；不得用 API 自動發布。"
"2026-10-07","20:00","文字訊息","樟腦外用時的注意界線","樟腦外用時的注意界線

下單前，先看得懂標示與成分，比聽誇張話術更安心。

這款定位是外用油膏，重點是局部按摩、依標示使用。衛署成製015614，乙類成藥，資料可至衛福部中藥許可證系統查詢。

外用產品請依標示使用；身體不適、症狀持續或惡化時，請諮詢醫師或藥師。
下單前可先私訊索取藥證查詢方式與外盒標示照片。","私訊索取藥證查詢方式與外盒標示照片","圖卡：樟腦外用時的注意界線 / 藥證可查 / 依標示使用","NEEDS_HUMAN_UPLOAD_OR_SELECTION","NEEDS_HUMAN_REVIEW_SAFE_TERM_CHECK","APPROVED_FOR_MANUAL_SCHEDULE_ONLY","READY_FOR_MANUAL_LINE_OA_INPUT","MANUAL_ONLY_NOT_API","LINE_DRYRUN_226","LINE226","衛福部中藥許可證：衛署成製015614；類別：乙類成藥；劑型：油膏劑。","退換貨、付款、客服、出貨、價格、通路與任何見證內容，發布前須由人工確認。","人工複製到 LINE OA 後台排程；不得用 API 自動發布。"
"2026-10-08","12:00","文字訊息","輕微關節不適，日常保養要分清楚","輕微關節不適，日常保養要分清楚

幫長輩準備外用產品時，重點是安全、清楚、依標示使用，不把日常保養說成醫療效果。

這款定位是外用油膏，適合局部按摩放鬆與暫時舒緩日常不適。衛署成製015614，乙類成藥，資料可至衛福部中藥許可證系統查詢。

外用產品請依標示使用；身體不適、狀況持續或變嚴重時，請諮詢醫師或藥師。
下單前可先私訊索取藥證查詢方式與外盒標示照片。","私訊索取藥證查詢方式與外盒標示照片","圖卡：輕微關節不適與日常保養要分清楚 / 藥證可查 / 依標示使用 / 局部按摩放鬆","NEEDS_HUMAN_UPLOAD_OR_SELECTION","PASS_REWRITTEN_PENDING_HUMAN_REVIEW","APPROVED_FOR_MANUAL_SCHEDULE_ONLY","READY_FOR_MANUAL_LINE_OA_INPUT","MANUAL_ONLY_NOT_API","LINE_DRYRUN_227","LINE227","衛福部中藥許可證：衛署成製015614；類別：乙類成藥；劑型：油膏劑。","退換貨、付款、客服、出貨、價格、通路與任何見證內容，發布前須由人工確認。","人工複製到 LINE OA 後台排程；不得用 API 自動發布。"
"2026-10-08","20:00","文字訊息","不要搭配熱敷墊或電毯","不要搭配熱敷墊或電毯

外用產品不是擦越多越好，用對位置、避開風險才安心。

這款定位是外用油膏，重點是局部按摩、依標示使用。衛署成製015614，乙類成藥，資料可至衛福部中藥許可證系統查詢。

外用產品請依標示使用；身體不適、症狀持續或惡化時，請諮詢醫師或藥師。
下單前可先私訊索取藥證查詢方式與外盒標示照片。","私訊索取藥證查詢方式與外盒標示照片","圖卡：不要搭配熱敷墊或電毯 / 藥證可查 / 依標示使用","NEEDS_HUMAN_UPLOAD_OR_SELECTION","NEEDS_HUMAN_REVIEW_SAFE_TERM_CHECK","APPROVED_FOR_MANUAL_SCHEDULE_ONLY","READY_FOR_MANUAL_LINE_OA_INPUT","MANUAL_ONLY_NOT_API","LINE_DRYRUN_228","LINE228","衛福部中藥許可證：衛署成製015614；類別：乙類成藥；劑型：油膏劑。","退換貨、付款、客服、出貨、價格、通路與任何見證內容，發布前須由人工確認。","人工複製到 LINE OA 後台排程；不得用 API 自動發布。"
"2026-10-09","12:00","文字訊息","小暑前後活動舒適提醒","小暑前後活動舒適提醒

換季時，身體保養不需要複雜，穩定的小習慣比較長久。

這款定位是外用油膏，重點是局部按摩、依標示使用。衛署成製015614，乙類成藥，資料可至衛福部中藥許可證系統查詢。

外用產品請依標示使用；身體不適、症狀持續或惡化時，請諮詢醫師或藥師。
下單前可先私訊索取藥證查詢方式與外盒標示照片。","私訊索取藥證查詢方式與外盒標示照片","圖卡：小暑前後活動舒適提醒 / 藥證可查 / 依標示使用","NEEDS_HUMAN_UPLOAD_OR_SELECTION","NEEDS_HUMAN_REVIEW_SAFE_TERM_CHECK","APPROVED_FOR_MANUAL_SCHEDULE_ONLY","READY_FOR_MANUAL_LINE_OA_INPUT","MANUAL_ONLY_NOT_API","LINE_DRYRUN_229","LINE229","衛福部中藥許可證：衛署成製015614；類別：乙類成藥；劑型：油膏劑。","退換貨、付款、客服、出貨、價格、通路與任何見證內容，發布前須由人工確認。","人工複製到 LINE OA 後台排程；不得用 API 自動發布。"
"2026-10-09","20:00","文字訊息","爬山後腿部按摩提醒","爬山後腿部按摩提醒

運動、搬重物、久站後，身體局部不適時，先休息、觀察，再做保守保養。

這款定位是外用油膏，重點是局部按摩、依標示使用。衛署成製015614，乙類成藥，資料可至衛福部中藥許可證系統查詢。

外用產品請依標示使用；身體不適、症狀持續或惡化時，請諮詢醫師或藥師。
下單前可先私訊索取藥證查詢方式與外盒標示照片。","私訊索取藥證查詢方式與外盒標示照片","圖卡：爬山後腿部按摩提醒 / 藥證可查 / 依標示使用","NEEDS_HUMAN_UPLOAD_OR_SELECTION","NEEDS_HUMAN_REVIEW_SAFE_TERM_CHECK","APPROVED_FOR_MANUAL_SCHEDULE_ONLY","READY_FOR_MANUAL_LINE_OA_INPUT","MANUAL_ONLY_NOT_API","LINE_DRYRUN_230","LINE230","衛福部中藥許可證：衛署成製015614；類別：乙類成藥；劑型：油膏劑。","退換貨、付款、客服、出貨、價格、通路與任何見證內容，發布前須由人工確認。","人工複製到 LINE OA 後台排程；不得用 API 自動發布。"
"2026-10-10","12:00","文字訊息","外用膏一次擦多少才剛好","外用膏一次擦多少才剛好

很多人不是不想保養，是不知道什麼情況該先問清楚。

這款定位是外用油膏，重點是局部按摩、依標示使用。衛署成製015614，乙類成藥，資料可至衛福部中藥許可證系統查詢。

外用產品請依標示使用；身體不適、症狀持續或惡化時，請諮詢醫師或藥師。
下單前可先私訊索取藥證查詢方式與外盒標示照片。","私訊索取藥證查詢方式與外盒標示照片","圖卡：外用膏一次擦多少才剛好 / 藥證可查 / 依標示使用","NEEDS_HUMAN_UPLOAD_OR_SELECTION","NEEDS_HUMAN_REVIEW_SAFE_TERM_CHECK","APPROVED_FOR_MANUAL_SCHEDULE_ONLY","READY_FOR_MANUAL_LINE_OA_INPUT","MANUAL_ONLY_NOT_API","LINE_DRYRUN_231","LINE231","衛福部中藥許可證：衛署成製015614；類別：乙類成藥；劑型：油膏劑。","退換貨、付款、客服、出貨、價格、通路與任何見證內容，發布前須由人工確認。","人工複製到 LINE OA 後台排程；不得用 API 自動發布。"
"2026-10-10","20:00","文字訊息","散步後的膝周保養","散步後的膝周保養

幫長輩準備外用產品時，最重要的是安全、清楚、不要亂用。

這款定位是外用油膏，重點是局部按摩、依標示使用。衛署成製015614，乙類成藥，資料可至衛福部中藥許可證系統查詢。

外用產品請依標示使用；身體不適、症狀持續或惡化時，請諮詢醫師或藥師。
下單前可先私訊索取藥證查詢方式與外盒標示照片。","私訊索取藥證查詢方式與外盒標示照片","圖卡：散步後的膝周保養 / 藥證可查 / 依標示使用","NEEDS_HUMAN_UPLOAD_OR_SELECTION","NEEDS_HUMAN_REVIEW_SAFE_TERM_CHECK","APPROVED_FOR_MANUAL_SCHEDULE_ONLY","READY_FOR_MANUAL_LINE_OA_INPUT","MANUAL_ONLY_NOT_API","LINE_DRYRUN_232","LINE232","衛福部中藥許可證：衛署成製015614；類別：乙類成藥；劑型：油膏劑。","退換貨、付款、客服、出貨、價格、通路與任何見證內容，發布前須由人工確認。","人工複製到 LINE OA 後台排程；不得用 API 自動發布。"
"2026-10-11","12:00","文字訊息","肩頸按摩不要只靠用力","肩頸按摩不要只靠用力

久坐、低頭、開會一整天後，肩頸常會提醒你該放鬆一下。

這款定位是外用油膏，重點是局部按摩、依標示使用。衛署成製015614，乙類成藥，資料可至衛福部中藥許可證系統查詢。

外用產品請依標示使用；身體不適、症狀持續或惡化時，請諮詢醫師或藥師。
下單前可先私訊索取藥證查詢方式與外盒標示照片。","私訊索取藥證查詢方式與外盒標示照片","圖卡：肩頸按摩不要只靠用力 / 藥證可查 / 依標示使用","NEEDS_HUMAN_UPLOAD_OR_SELECTION","NEEDS_HUMAN_REVIEW_SAFE_TERM_CHECK","APPROVED_FOR_MANUAL_SCHEDULE_ONLY","READY_FOR_MANUAL_LINE_OA_INPUT","MANUAL_ONLY_NOT_API","LINE_DRYRUN_233","LINE233","衛福部中藥許可證：衛署成製015614；類別：乙類成藥；劑型：油膏劑。","退換貨、付款、客服、出貨、價格、通路與任何見證內容，發布前須由人工確認。","人工複製到 LINE OA 後台排程；不得用 API 自動發布。"
"2026-10-11","20:00","文字訊息","油膏劑為什麼適合局部按摩","油膏劑為什麼適合局部按摩

下單前，先看得懂標示與成分，比聽誇張話術更安心。

這款定位是外用油膏，重點是局部按摩、依標示使用。衛署成製015614，乙類成藥，資料可至衛福部中藥許可證系統查詢。

外用產品請依標示使用；身體不適、症狀持續或惡化時，請諮詢醫師或藥師。
下單前可先私訊索取藥證查詢方式與外盒標示照片。","私訊索取藥證查詢方式與外盒標示照片","圖卡：油膏劑為什麼適合局部按摩 / 藥證可查 / 依標示使用","NEEDS_HUMAN_UPLOAD_OR_SELECTION","NEEDS_HUMAN_REVIEW_SAFE_TERM_CHECK","APPROVED_FOR_MANUAL_SCHEDULE_ONLY","READY_FOR_MANUAL_LINE_OA_INPUT","MANUAL_ONLY_NOT_API","LINE_DRYRUN_234","LINE234","衛福部中藥許可證：衛署成製015614；類別：乙類成藥；劑型：油膏劑。","退換貨、付款、客服、出貨、價格、通路與任何見證內容，發布前須由人工確認。","人工複製到 LINE OA 後台排程；不得用 API 自動發布。"
"2026-10-12","12:00","文字訊息","大暑午後少久站硬撐","大暑午後少久站硬撐

換季時，身體保養不需要複雜，穩定的小習慣比較長久。

這款定位是外用油膏，重點是局部按摩、依標示使用。衛署成製015614，乙類成藥，資料可至衛福部中藥許可證系統查詢。

外用產品請依標示使用；身體不適、症狀持續或惡化時，請諮詢醫師或藥師。
下單前可先私訊索取藥證查詢方式與外盒標示照片。","私訊索取藥證查詢方式與外盒標示照片","圖卡：大暑午後少久站硬撐 / 藥證可查 / 依標示使用","NEEDS_HUMAN_UPLOAD_OR_SELECTION","NEEDS_HUMAN_REVIEW_SAFE_TERM_CHECK","APPROVED_FOR_MANUAL_SCHEDULE_ONLY","READY_FOR_MANUAL_LINE_OA_INPUT","MANUAL_ONLY_NOT_API","LINE_DRYRUN_235","LINE235","衛福部中藥許可證：衛署成製015614；類別：乙類成藥；劑型：油膏劑。","退換貨、付款、客服、出貨、價格、通路與任何見證內容，發布前須由人工確認。","人工複製到 LINE OA 後台排程；不得用 API 自動發布。"
"2026-10-12","20:00","文字訊息","不要密封包紮或大面積厚敷","不要密封包紮或大面積厚敷

外用產品不是擦越多越好，用對位置、避開風險才安心。

這款定位是外用油膏，重點是局部按摩、依標示使用。衛署成製015614，乙類成藥，資料可至衛福部中藥許可證系統查詢。

外用產品請依標示使用；身體不適、症狀持續或惡化時，請諮詢醫師或藥師。
下單前可先私訊索取藥證查詢方式與外盒標示照片。","私訊索取藥證查詢方式與外盒標示照片","圖卡：不要密封包紮或大面積厚敷 / 藥證可查 / 依標示使用","NEEDS_HUMAN_UPLOAD_OR_SELECTION","NEEDS_HUMAN_REVIEW_SAFE_TERM_CHECK","APPROVED_FOR_MANUAL_SCHEDULE_ONLY","READY_FOR_MANUAL_LINE_OA_INPUT","MANUAL_ONLY_NOT_API","LINE_DRYRUN_236","LINE236","衛福部中藥許可證：衛署成製015614；類別：乙類成藥；劑型：油膏劑。","退換貨、付款、客服、出貨、價格、通路與任何見證內容，發布前須由人工確認。","人工複製到 LINE OA 後台排程；不得用 API 自動發布。"
"2026-10-13","12:00","文字訊息","什麼是乙類成藥","什麼是乙類成藥

我們寧願把資料講清楚，也不想用誇大的話讓你衝動購買。

這款定位是外用油膏，重點是局部按摩、依標示使用。衛署成製015614，乙類成藥，資料可至衛福部中藥許可證系統查詢。

外用產品請依標示使用；身體不適、症狀持續或惡化時，請諮詢醫師或藥師。
下單前可先私訊索取藥證查詢方式與外盒標示照片。","私訊索取藥證查詢方式與外盒標示照片","圖卡：什麼是乙類成藥 / 藥證可查 / 依標示使用","NEEDS_HUMAN_UPLOAD_OR_SELECTION","NEEDS_HUMAN_REVIEW_SAFE_TERM_CHECK","APPROVED_FOR_MANUAL_SCHEDULE_ONLY","READY_FOR_MANUAL_LINE_OA_INPUT","MANUAL_ONLY_NOT_API","LINE_DRYRUN_237","LINE237","衛福部中藥許可證：衛署成製015614；類別：乙類成藥；劑型：油膏劑。","退換貨、付款、客服、出貨、價格、通路與任何見證內容，發布前須由人工確認。","人工複製到 LINE OA 後台排程；不得用 API 自動發布。"
"2026-10-13","20:00","文字訊息","涼感越強越有效嗎","涼感越強越有效嗎

很多人不是不想保養，是不知道什麼情況該先問清楚。

這款定位是外用油膏，重點是局部按摩、依標示使用。衛署成製015614，乙類成藥，資料可至衛福部中藥許可證系統查詢。

外用產品請依標示使用；身體不適、症狀持續或惡化時，請諮詢醫師或藥師。
下單前可先私訊索取藥證查詢方式與外盒標示照片。","私訊索取藥證查詢方式與外盒標示照片","圖卡：涼感越強越有效嗎 / 藥證可查 / 依標示使用","NEEDS_HUMAN_UPLOAD_OR_SELECTION","NEEDS_HUMAN_REVIEW_SAFE_TERM_CHECK","APPROVED_FOR_MANUAL_SCHEDULE_ONLY","READY_FOR_MANUAL_LINE_OA_INPUT","MANUAL_ONLY_NOT_API","LINE_DRYRUN_238","LINE238","衛福部中藥許可證：衛署成製015614；類別：乙類成藥；劑型：油膏劑。","退換貨、付款、客服、出貨、價格、通路與任何見證內容，發布前須由人工確認。","人工複製到 LINE OA 後台排程；不得用 API 自動發布。"
"2026-10-14","12:00","文字訊息","重訓後肩背局部舒緩","重訓後肩背局部舒緩

運動、搬重物、久站後，身體局部不適時，先休息、觀察，再做保守保養。

這款定位是外用油膏，重點是局部按摩、依標示使用。衛署成製015614，乙類成藥，資料可至衛福部中藥許可證系統查詢。

外用產品請依標示使用；身體不適、症狀持續或惡化時，請諮詢醫師或藥師。
下單前可先私訊索取藥證查詢方式與外盒標示照片。","私訊索取藥證查詢方式與外盒標示照片","圖卡：重訓後肩背局部舒緩 / 藥證可查 / 依標示使用","NEEDS_HUMAN_UPLOAD_OR_SELECTION","PASS_DRY_RUN_PENDING_HUMAN_REVIEW","APPROVED_FOR_MANUAL_SCHEDULE_ONLY","READY_FOR_MANUAL_LINE_OA_INPUT","MANUAL_ONLY_NOT_API","LINE_DRYRUN_239","LINE239","衛福部中藥許可證：衛署成製015614；類別：乙類成藥；劑型：油膏劑。","退換貨、付款、客服、出貨、價格、通路與任何見證內容，發布前須由人工確認。","人工複製到 LINE OA 後台排程；不得用 API 自動發布。"
"2026-10-14","20:00","文字訊息","乙類成藥與一般保健品差異","乙類成藥與一般保健品差異

下單前，先看得懂標示與成分，比聽誇張話術更安心。

這款定位是外用油膏，重點是局部按摩、依標示使用。衛署成製015614，乙類成藥，資料可至衛福部中藥許可證系統查詢。

外用產品請依標示使用；身體不適、症狀持續或惡化時，請諮詢醫師或藥師。
下單前可先私訊索取藥證查詢方式與外盒標示照片。","私訊索取藥證查詢方式與外盒標示照片","圖卡：乙類成藥與一般保健品差異 / 藥證可查 / 依標示使用","NEEDS_HUMAN_UPLOAD_OR_SELECTION","NEEDS_HUMAN_REVIEW_SAFE_TERM_CHECK","APPROVED_FOR_MANUAL_SCHEDULE_ONLY","READY_FOR_MANUAL_LINE_OA_INPUT","MANUAL_ONLY_NOT_API","LINE_DRYRUN_240","LINE240","衛福部中藥許可證：衛署成製015614；類別：乙類成藥；劑型：油膏劑。","退換貨、付款、客服、出貨、價格、通路與任何見證內容，發布前須由人工確認。","人工複製到 LINE OA 後台排程；不得用 API 自動發布。"
"2026-10-15","12:00","文字訊息","天氣變化時的活動舒適感","天氣變化時的活動舒適感

幫長輩準備外用產品時，最重要的是安全、清楚、不要亂用。

這款定位是外用油膏，重點是局部按摩、依標示使用。衛署成製015614，乙類成藥，資料可至衛福部中藥許可證系統查詢。

外用產品請依標示使用；身體不適、症狀持續或惡化時，請諮詢醫師或藥師。
下單前可先私訊索取藥證查詢方式與外盒標示照片。","私訊索取藥證查詢方式與外盒標示照片","圖卡：天氣變化時的活動舒適感 / 藥證可查 / 依標示使用","NEEDS_HUMAN_UPLOAD_OR_SELECTION","NEEDS_HUMAN_REVIEW_SAFE_TERM_CHECK","APPROVED_FOR_MANUAL_SCHEDULE_ONLY","READY_FOR_MANUAL_LINE_OA_INPUT","MANUAL_ONLY_NOT_API","LINE_DRYRUN_241","LINE241","衛福部中藥許可證：衛署成製015614；類別：乙類成藥；劑型：油膏劑。","退換貨、付款、客服、出貨、價格、通路與任何見證內容，發布前須由人工確認。","人工複製到 LINE OA 後台排程；不得用 API 自動發布。"
"2026-10-15","20:00","文字訊息","水楊酸或阿斯匹靈過敏者注意","水楊酸或阿斯匹靈過敏者注意

外用產品不是擦越多越好，用對位置、避開風險才安心。

這款定位是外用油膏，重點是局部按摩、依標示使用。衛署成製015614，乙類成藥，資料可至衛福部中藥許可證系統查詢。

外用產品請依標示使用；身體不適、症狀持續或惡化時，請諮詢醫師或藥師。
下單前可先私訊索取藥證查詢方式與外盒標示照片。","私訊索取藥證查詢方式與外盒標示照片","圖卡：水楊酸或阿斯匹靈過敏者注意 / 藥證可查 / 依標示使用","NEEDS_HUMAN_UPLOAD_OR_SELECTION","NEEDS_HUMAN_REVIEW_SAFE_TERM_CHECK","APPROVED_FOR_MANUAL_SCHEDULE_ONLY","READY_FOR_MANUAL_LINE_OA_INPUT","MANUAL_ONLY_NOT_API","LINE_DRYRUN_242","LINE242","衛福部中藥許可證：衛署成製015614；類別：乙類成藥；劑型：油膏劑。","退換貨、付款、客服、出貨、價格、通路與任何見證內容，發布前須由人工確認。","人工複製到 LINE OA 後台排程；不得用 API 自動發布。"
"2026-10-16","12:00","文字訊息","立秋後早晚溫差保養","立秋後早晚溫差保養

換季時，身體保養不需要複雜，穩定的小習慣比較長久。

這款定位是外用油膏，重點是局部按摩、依標示使用。衛署成製015614，乙類成藥，資料可至衛福部中藥許可證系統查詢。

外用產品請依標示使用；身體不適、症狀持續或惡化時，請諮詢醫師或藥師。
下單前可先私訊索取藥證查詢方式與外盒標示照片。","私訊索取藥證查詢方式與外盒標示照片","圖卡：立秋後早晚溫差保養 / 藥證可查 / 依標示使用","NEEDS_HUMAN_UPLOAD_OR_SELECTION","NEEDS_HUMAN_REVIEW_SAFE_TERM_CHECK","APPROVED_FOR_MANUAL_SCHEDULE_ONLY","READY_FOR_MANUAL_LINE_OA_INPUT","MANUAL_ONLY_NOT_API","LINE_DRYRUN_243","LINE243","衛福部中藥許可證：衛署成製015614；類別：乙類成藥；劑型：油膏劑。","退換貨、付款、客服、出貨、價格、通路與任何見證內容，發布前須由人工確認。","人工複製到 LINE OA 後台排程；不得用 API 自動發布。"
"2026-10-16","20:00","文字訊息","家事後手臂不適保養","家事後手臂不適保養

運動、搬重物、久站後，身體局部不適時，先休息、觀察，再做保守保養。

這款定位是外用油膏，重點是局部按摩、依標示使用。衛署成製015614，乙類成藥，資料可至衛福部中藥許可證系統查詢。

外用產品請依標示使用；身體不適、症狀持續或惡化時，請諮詢醫師或藥師。
下單前可先私訊索取藥證查詢方式與外盒標示照片。","私訊索取藥證查詢方式與外盒標示照片","圖卡：家事後手臂不適保養 / 藥證可查 / 依標示使用","NEEDS_HUMAN_UPLOAD_OR_SELECTION","NEEDS_HUMAN_REVIEW_SAFE_TERM_CHECK","APPROVED_FOR_MANUAL_SCHEDULE_ONLY","READY_FOR_MANUAL_LINE_OA_INPUT","MANUAL_ONLY_NOT_API","LINE_DRYRUN_244","LINE244","衛福部中藥許可證：衛署成製015614；類別：乙類成藥；劑型：油膏劑。","退換貨、付款、客服、出貨、價格、通路與任何見證內容，發布前須由人工確認。","人工複製到 LINE OA 後台排程；不得用 API 自動發布。"
"2026-10-17","12:00","文字訊息","你有看過外用產品標示嗎","你有看過外用產品標示嗎

很多人不是不想保養，是不知道什麼情況該先問清楚。

這款定位是外用油膏，重點是局部按摩、依標示使用。衛署成製015614，乙類成藥，資料可至衛福部中藥許可證系統查詢。

外用產品請依標示使用；身體不適、症狀持續或惡化時，請諮詢醫師或藥師。
下單前可先私訊索取藥證查詢方式與外盒標示照片。","私訊索取藥證查詢方式與外盒標示照片","圖卡：你有看過外用產品標示嗎 / 藥證可查 / 依標示使用","NEEDS_HUMAN_UPLOAD_OR_SELECTION","NEEDS_HUMAN_REVIEW_SAFE_TERM_CHECK","APPROVED_FOR_MANUAL_SCHEDULE_ONLY","READY_FOR_MANUAL_LINE_OA_INPUT","MANUAL_ONLY_NOT_API","LINE_DRYRUN_245","LINE245","衛福部中藥許可證：衛署成製015614；類別：乙類成藥；劑型：油膏劑。","退換貨、付款、客服、出貨、價格、通路與任何見證內容，發布前須由人工確認。","人工複製到 LINE OA 後台排程；不得用 API 自動發布。"
"2026-10-17","20:00","文字訊息","長輩按摩力道不要過重","長輩按摩力道不要過重

幫長輩準備外用產品時，最重要的是安全、清楚、不要亂用。

這款定位是外用油膏，重點是局部按摩、依標示使用。衛署成製015614，乙類成藥，資料可至衛福部中藥許可證系統查詢。

外用產品請依標示使用；身體不適、症狀持續或惡化時，請諮詢醫師或藥師。
下單前可先私訊索取藥證查詢方式與外盒標示照片。","私訊索取藥證查詢方式與外盒標示照片","圖卡：長輩按摩力道不要過重 / 藥證可查 / 依標示使用","NEEDS_HUMAN_UPLOAD_OR_SELECTION","NEEDS_HUMAN_REVIEW_SAFE_TERM_CHECK","APPROVED_FOR_MANUAL_SCHEDULE_ONLY","READY_FOR_MANUAL_LINE_OA_INPUT","MANUAL_ONLY_NOT_API","LINE_DRYRUN_246","LINE246","衛福部中藥許可證：衛署成製015614；類別：乙類成藥；劑型：油膏劑。","退換貨、付款、客服、出貨、價格、通路與任何見證內容，發布前須由人工確認。","人工複製到 LINE OA 後台排程；不得用 API 自動發布。"
"2026-10-18","12:00","文字訊息","久坐族晚間舒緩儀式","久坐族晚間舒緩儀式

久坐、低頭、開會一整天後，肩頸常會提醒你該放鬆一下。

這款定位是外用油膏，重點是局部按摩、依標示使用。衛署成製015614，乙類成藥，資料可至衛福部中藥許可證系統查詢。

外用產品請依標示使用；身體不適、症狀持續或惡化時，請諮詢醫師或藥師。
下單前可先私訊索取藥證查詢方式與外盒標示照片。","私訊索取藥證查詢方式與外盒標示照片","圖卡：久坐族晚間舒緩儀式 / 藥證可查 / 依標示使用","NEEDS_HUMAN_UPLOAD_OR_SELECTION","NEEDS_HUMAN_REVIEW_SAFE_TERM_CHECK","APPROVED_FOR_MANUAL_SCHEDULE_ONLY","READY_FOR_MANUAL_LINE_OA_INPUT","MANUAL_ONLY_NOT_API","LINE_DRYRUN_247","LINE247","衛福部中藥許可證：衛署成製015614；類別：乙類成藥；劑型：油膏劑。","退換貨、付款、客服、出貨、價格、通路與任何見證內容，發布前須由人工確認。","人工複製到 LINE OA 後台排程；不得用 API 自動發布。"
"2026-10-18","20:00","文字訊息","一條根外用膏的日常定位","一條根外用膏的日常定位

下單前，先看得懂標示與成分，比聽誇張話術更安心。

這款定位是外用油膏，重點是局部按摩、依標示使用。衛署成製015614，乙類成藥，資料可至衛福部中藥許可證系統查詢。

外用產品請依標示使用；身體不適、症狀持續或惡化時，請諮詢醫師或藥師。
下單前可先私訊索取藥證查詢方式與外盒標示照片。","私訊索取藥證查詢方式與外盒標示照片","圖卡：一條根外用膏的日常定位 / 藥證可查 / 依標示使用","NEEDS_HUMAN_UPLOAD_OR_SELECTION","NEEDS_HUMAN_REVIEW_SAFE_TERM_CHECK","APPROVED_FOR_MANUAL_SCHEDULE_ONLY","READY_FOR_MANUAL_LINE_OA_INPUT","MANUAL_ONLY_NOT_API","LINE_DRYRUN_248","LINE248","衛福部中藥許可證：衛署成製015614；類別：乙類成藥；劑型：油膏劑。","退換貨、付款、客服、出貨、價格、通路與任何見證內容，發布前須由人工確認。","人工複製到 LINE OA 後台排程；不得用 API 自動發布。"
"2026-10-19","12:00","文字訊息","處暑後運動暖身提醒","處暑後運動暖身提醒

換季時，身體保養不需要複雜，穩定的小習慣比較長久。

這款定位是外用油膏，重點是局部按摩、依標示使用。衛署成製015614，乙類成藥，資料可至衛福部中藥許可證系統查詢。

外用產品請依標示使用；身體不適、症狀持續或惡化時，請諮詢醫師或藥師。
下單前可先私訊索取藥證查詢方式與外盒標示照片。","私訊索取藥證查詢方式與外盒標示照片","圖卡：處暑後運動暖身提醒 / 藥證可查 / 依標示使用","NEEDS_HUMAN_UPLOAD_OR_SELECTION","NEEDS_HUMAN_REVIEW_SAFE_TERM_CHECK","APPROVED_FOR_MANUAL_SCHEDULE_ONLY","READY_FOR_MANUAL_LINE_OA_INPUT","MANUAL_ONLY_NOT_API","LINE_DRYRUN_249","LINE249","衛福部中藥許可證：衛署成製015614；類別：乙類成藥；劑型：油膏劑。","退換貨、付款、客服、出貨、價格、通路與任何見證內容，發布前須由人工確認。","人工複製到 LINE OA 後台排程；不得用 API 自動發布。"
"2026-10-19","20:00","文字訊息","兒童使用前的安全提醒","兒童使用前的安全提醒

外用產品不是擦越多越好，用對位置、避開風險才安心。

這款定位是外用油膏，重點是局部按摩、依標示使用。衛署成製015614，乙類成藥，資料可至衛福部中藥許可證系統查詢。

外用產品請依標示使用；身體不適、症狀持續或惡化時，請諮詢醫師或藥師。
下單前可先私訊索取藥證查詢方式與外盒標示照片。","私訊索取藥證查詢方式與外盒標示照片","圖卡：兒童使用前的安全提醒 / 藥證可查 / 依標示使用","NEEDS_HUMAN_UPLOAD_OR_SELECTION","NEEDS_HUMAN_REVIEW_SAFE_TERM_CHECK","APPROVED_FOR_MANUAL_SCHEDULE_ONLY","READY_FOR_MANUAL_LINE_OA_INPUT","MANUAL_ONLY_NOT_API","LINE_DRYRUN_250","LINE250","衛福部中藥許可證：衛署成製015614；類別：乙類成藥；劑型：油膏劑。","退換貨、付款、客服、出貨、價格、通路與任何見證內容，發布前須由人工確認。","人工複製到 LINE OA 後台排程；不得用 API 自動發布。"
"2026-10-20","12:00","文字訊息","官方適應症與社群文案的差異","官方適應症與社群文案的差異

我們寧願把資料講清楚，也不想用誇大的話讓你衝動購買。

這款定位是外用油膏，重點是局部按摩、依標示使用。衛署成製015614，乙類成藥，資料可至衛福部中藥許可證系統查詢。

外用產品請依標示使用；身體不適、症狀持續或惡化時，請諮詢醫師或藥師。
下單前可先私訊索取藥證查詢方式與外盒標示照片。","私訊索取藥證查詢方式與外盒標示照片","圖卡：官方適應症與社群文案的差異 / 藥證可查 / 依標示使用","NEEDS_HUMAN_UPLOAD_OR_SELECTION","NEEDS_HUMAN_REVIEW_SAFE_TERM_CHECK","APPROVED_FOR_MANUAL_SCHEDULE_ONLY","READY_FOR_MANUAL_LINE_OA_INPUT","MANUAL_ONLY_NOT_API","LINE_DRYRUN_251","LINE251","衛福部中藥許可證：衛署成製015614；類別：乙類成藥；劑型：油膏劑。","退換貨、付款、客服、出貨、價格、通路與任何見證內容，發布前須由人工確認。","人工複製到 LINE OA 後台排程；不得用 API 自動發布。"
"2026-10-20","20:00","文字訊息","久坐族最想舒緩哪裡","久坐族最想舒緩哪裡

很多人不是不想保養，是不知道什麼情況該先問清楚。

這款定位是外用油膏，重點是局部按摩、依標示使用。衛署成製015614，乙類成藥，資料可至衛福部中藥許可證系統查詢。

外用產品請依標示使用；身體不適、症狀持續或惡化時，請諮詢醫師或藥師。
下單前可先私訊索取藥證查詢方式與外盒標示照片。","私訊索取藥證查詢方式與外盒標示照片","圖卡：久坐族最想舒緩哪裡 / 藥證可查 / 依標示使用","NEEDS_HUMAN_UPLOAD_OR_SELECTION","NEEDS_HUMAN_REVIEW_SAFE_TERM_CHECK","APPROVED_FOR_MANUAL_SCHEDULE_ONLY","READY_FOR_MANUAL_LINE_OA_INPUT","MANUAL_ONLY_NOT_API","LINE_DRYRUN_252","LINE252","衛福部中藥許可證：衛署成製015614；類別：乙類成藥；劑型：油膏劑。","退換貨、付款、客服、出貨、價格、通路與任何見證內容，發布前須由人工確認。","人工複製到 LINE OA 後台排程；不得用 API 自動發布。"
"2026-10-21","12:00","文字訊息","跑步後膝周不適的保守提醒","跑步後膝周不適的保守提醒

運動、搬重物、久站後，身體局部不適時，先休息、觀察，再做保守保養。

這款定位是外用油膏，重點是局部按摩、依標示使用。衛署成製015614，乙類成藥，資料可至衛福部中藥許可證系統查詢。

外用產品請依標示使用；身體不適、症狀持續或惡化時，請諮詢醫師或藥師。
下單前可先私訊索取藥證查詢方式與外盒標示照片。","私訊索取藥證查詢方式與外盒標示照片","圖卡：跑步後膝周不適的保守提醒 / 藥證可查 / 依標示使用","NEEDS_HUMAN_UPLOAD_OR_SELECTION","NEEDS_HUMAN_REVIEW_SAFE_TERM_CHECK","APPROVED_FOR_MANUAL_SCHEDULE_ONLY","READY_FOR_MANUAL_LINE_OA_INPUT","MANUAL_ONLY_NOT_API","LINE_DRYRUN_253","LINE253","衛福部中藥許可證：衛署成製015614；類別：乙類成藥；劑型：油膏劑。","退換貨、付款、客服、出貨、價格、通路與任何見證內容，發布前須由人工確認。","人工複製到 LINE OA 後台排程；不得用 API 自動發布。"
"2026-10-21","20:00","文字訊息","成分濃度為什麼要看標示","成分濃度為什麼要看標示

下單前，先看得懂標示與成分，比聽誇張話術更安心。

這款定位是外用油膏，重點是局部按摩、依標示使用。衛署成製015614，乙類成藥，資料可至衛福部中藥許可證系統查詢。

外用產品請依標示使用；身體不適、症狀持續或惡化時，請諮詢醫師或藥師。
下單前可先私訊索取藥證查詢方式與外盒標示照片。","私訊索取藥證查詢方式與外盒標示照片","圖卡：成分濃度為什麼要看標示 / 藥證可查 / 依標示使用","NEEDS_HUMAN_UPLOAD_OR_SELECTION","NEEDS_HUMAN_REVIEW_SAFE_TERM_CHECK","APPROVED_FOR_MANUAL_SCHEDULE_ONLY","READY_FOR_MANUAL_LINE_OA_INPUT","MANUAL_ONLY_NOT_API","LINE_DRYRUN_254","LINE254","衛福部中藥許可證：衛署成製015614；類別：乙類成藥；劑型：油膏劑。","退換貨、付款、客服、出貨、價格、通路與任何見證內容，發布前須由人工確認。","人工複製到 LINE OA 後台排程；不得用 API 自動發布。"
"2026-10-22","12:00","文字訊息","照顧爸媽時的外用提醒","照顧爸媽時的外用提醒

幫長輩準備外用產品時，最重要的是安全、清楚、不要亂用。

這款定位是外用油膏，重點是局部按摩、依標示使用。衛署成製015614，乙類成藥，資料可至衛福部中藥許可證系統查詢。

外用產品請依標示使用；身體不適、症狀持續或惡化時，請諮詢醫師或藥師。
下單前可先私訊索取藥證查詢方式與外盒標示照片。","私訊索取藥證查詢方式與外盒標示照片","圖卡：照顧爸媽時的外用提醒 / 藥證可查 / 依標示使用","NEEDS_HUMAN_UPLOAD_OR_SELECTION","NEEDS_HUMAN_REVIEW_SAFE_TERM_CHECK","APPROVED_FOR_MANUAL_SCHEDULE_ONLY","READY_FOR_MANUAL_LINE_OA_INPUT","MANUAL_ONLY_NOT_API","LINE_DRYRUN_255","LINE255","衛福部中藥許可證：衛署成製015614；類別：乙類成藥；劑型：油膏劑。","退換貨、付款、客服、出貨、價格、通路與任何見證內容，發布前須由人工確認。","人工複製到 LINE OA 後台排程；不得用 API 自動發布。"
"2026-10-22","20:00","文字訊息","孕婦與哺乳族群先詢問專業人員","孕婦與哺乳族群先詢問專業人員

外用產品不是擦越多越好，用對位置、避開風險才安心。

這款定位是外用油膏，重點是局部按摩、依標示使用。衛署成製015614，乙類成藥，資料可至衛福部中藥許可證系統查詢。

外用產品請依標示使用；身體不適、症狀持續或惡化時，請諮詢醫師或藥師。
下單前可先私訊索取藥證查詢方式與外盒標示照片。","私訊索取藥證查詢方式與外盒標示照片","圖卡：孕婦與哺乳族群先詢問專業人員 / 藥證可查 / 依標示使用","NEEDS_HUMAN_UPLOAD_OR_SELECTION","NEEDS_HUMAN_REVIEW_SAFE_TERM_CHECK","APPROVED_FOR_MANUAL_SCHEDULE_ONLY","READY_FOR_MANUAL_LINE_OA_INPUT","MANUAL_ONLY_NOT_API","LINE_DRYRUN_256","LINE256","衛福部中藥許可證：衛署成製015614；類別：乙類成藥；劑型：油膏劑。","退換貨、付款、客服、出貨、價格、通路與任何見證內容，發布前須由人工確認。","人工複製到 LINE OA 後台排程；不得用 API 自動發布。"
"2026-10-23","12:00","文字訊息","白露時節關心長輩活動","白露時節關心長輩活動

換季時，身體保養不需要複雜，穩定的小習慣比較長久。

這款定位是外用油膏，重點是局部按摩、依標示使用。衛署成製015614，乙類成藥，資料可至衛福部中藥許可證系統查詢。

外用產品請依標示使用；身體不適、症狀持續或惡化時，請諮詢醫師或藥師。
下單前可先私訊索取藥證查詢方式與外盒標示照片。","私訊索取藥證查詢方式與外盒標示照片","圖卡：白露時節關心長輩活動 / 藥證可查 / 依標示使用","NEEDS_HUMAN_UPLOAD_OR_SELECTION","NEEDS_HUMAN_REVIEW_SAFE_TERM_CHECK","APPROVED_FOR_MANUAL_SCHEDULE_ONLY","READY_FOR_MANUAL_LINE_OA_INPUT","MANUAL_ONLY_NOT_API","LINE_DRYRUN_257","LINE257","衛福部中藥許可證：衛署成製015614；類別：乙類成藥；劑型：油膏劑。","退換貨、付款、客服、出貨、價格、通路與任何見證內容，發布前須由人工確認。","人工複製到 LINE OA 後台排程；不得用 API 自動發布。"
"2026-10-23","20:00","文字訊息","勞動後先休息再按摩","勞動後先休息再按摩

運動、搬重物、久站後，身體局部不適時，先休息、觀察，再做保守保養。

這款定位是外用油膏，重點是局部按摩、依標示使用。衛署成製015614，乙類成藥，資料可至衛福部中藥許可證系統查詢。

外用產品請依標示使用；身體不適、症狀持續或惡化時，請諮詢醫師或藥師。
下單前可先私訊索取藥證查詢方式與外盒標示照片。","私訊索取藥證查詢方式與外盒標示照片","圖卡：勞動後先休息再按摩 / 藥證可查 / 依標示使用","NEEDS_HUMAN_UPLOAD_OR_SELECTION","NEEDS_HUMAN_REVIEW_SAFE_TERM_CHECK","APPROVED_FOR_MANUAL_SCHEDULE_ONLY","READY_FOR_MANUAL_LINE_OA_INPUT","MANUAL_ONLY_NOT_API","LINE_DRYRUN_258","LINE258","衛福部中藥許可證：衛署成製015614；類別：乙類成藥；劑型：油膏劑。","退換貨、付款、客服、出貨、價格、通路與任何見證內容，發布前須由人工確認。","人工複製到 LINE OA 後台排程；不得用 API 自動發布。"
"2026-10-24","12:00","文字訊息","長輩使用外用膏你會提醒什麼","長輩使用外用膏你會提醒什麼

很多人不是不想保養，是不知道什麼情況該先問清楚。

這款定位是外用油膏，重點是局部按摩、依標示使用。衛署成製015614，乙類成藥，資料可至衛福部中藥許可證系統查詢。

外用產品請依標示使用；身體不適、症狀持續或惡化時，請諮詢醫師或藥師。
下單前可先私訊索取藥證查詢方式與外盒標示照片。","私訊索取藥證查詢方式與外盒標示照片","圖卡：長輩使用外用膏你會提醒什麼 / 藥證可查 / 依標示使用","NEEDS_HUMAN_UPLOAD_OR_SELECTION","NEEDS_HUMAN_REVIEW_SAFE_TERM_CHECK","APPROVED_FOR_MANUAL_SCHEDULE_ONLY","READY_FOR_MANUAL_LINE_OA_INPUT","MANUAL_ONLY_NOT_API","LINE_DRYRUN_259","LINE259","衛福部中藥許可證：衛署成製015614；類別：乙類成藥；劑型：油膏劑。","退換貨、付款、客服、出貨、價格、通路與任何見證內容，發布前須由人工確認。","人工複製到 LINE OA 後台排程；不得用 API 自動發布。"
"2026-10-24","20:00","文字訊息","日常活動舒適度的三個習慣","日常活動舒適度的三個習慣

幫長輩準備外用產品時，最重要的是安全、清楚、不要亂用。

這款定位是外用油膏，重點是局部按摩、依標示使用。衛署成製015614，乙類成藥，資料可至衛福部中藥許可證系統查詢。

外用產品請依標示使用；身體不適、症狀持續或惡化時，請諮詢醫師或藥師。
下單前可先私訊索取藥證查詢方式與外盒標示照片。","私訊索取藥證查詢方式與外盒標示照片","圖卡：日常活動舒適度的三個習慣 / 藥證可查 / 依標示使用","NEEDS_HUMAN_UPLOAD_OR_SELECTION","NEEDS_HUMAN_REVIEW_SAFE_TERM_CHECK","APPROVED_FOR_MANUAL_SCHEDULE_ONLY","READY_FOR_MANUAL_LINE_OA_INPUT","MANUAL_ONLY_NOT_API","LINE_DRYRUN_260","LINE260","衛福部中藥許可證：衛署成製015614；類別：乙類成藥；劑型：油膏劑。","退換貨、付款、客服、出貨、價格、通路與任何見證內容，發布前須由人工確認。","人工複製到 LINE OA 後台排程；不得用 API 自動發布。"
"2026-10-25","12:00","文字訊息","背包太重後的肩膀保養","背包太重後的肩膀保養

久坐、低頭、開會一整天後，肩頸常會提醒你該放鬆一下。

這款定位是外用油膏，重點是局部按摩、依標示使用。衛署成製015614，乙類成藥，資料可至衛福部中藥許可證系統查詢。

外用產品請依標示使用；身體不適、症狀持續或惡化時，請諮詢醫師或藥師。
下單前可先私訊索取藥證查詢方式與外盒標示照片。","私訊索取藥證查詢方式與外盒標示照片","圖卡：背包太重後的肩膀保養 / 藥證可查 / 依標示使用","NEEDS_HUMAN_UPLOAD_OR_SELECTION","NEEDS_HUMAN_REVIEW_SAFE_TERM_CHECK","APPROVED_FOR_MANUAL_SCHEDULE_ONLY","READY_FOR_MANUAL_LINE_OA_INPUT","MANUAL_ONLY_NOT_API","LINE_DRYRUN_261","LINE261","衛福部中藥許可證：衛署成製015614；類別：乙類成藥；劑型：油膏劑。","退換貨、付款、客服、出貨、價格、通路與任何見證內容，發布前須由人工確認。","人工複製到 LINE OA 後台排程；不得用 API 自動發布。"
"2026-10-25","20:00","文字訊息","局部按摩和大面積厚敷的差別","局部按摩和大面積厚敷的差別

下單前，先看得懂標示與成分，比聽誇張話術更安心。

這款定位是外用油膏，重點是局部按摩、依標示使用。衛署成製015614，乙類成藥，資料可至衛福部中藥許可證系統查詢。

外用產品請依標示使用；身體不適、症狀持續或惡化時，請諮詢醫師或藥師。
下單前可先私訊索取藥證查詢方式與外盒標示照片。","私訊索取藥證查詢方式與外盒標示照片","圖卡：局部按摩和大面積厚敷的差別 / 藥證可查 / 依標示使用","NEEDS_HUMAN_UPLOAD_OR_SELECTION","NEEDS_HUMAN_REVIEW_SAFE_TERM_CHECK","APPROVED_FOR_MANUAL_SCHEDULE_ONLY","READY_FOR_MANUAL_LINE_OA_INPUT","MANUAL_ONLY_NOT_API","LINE_DRYRUN_262","LINE262","衛福部中藥許可證：衛署成製015614；類別：乙類成藥；劑型：油膏劑。","退換貨、付款、客服、出貨、價格、通路與任何見證內容，發布前須由人工確認。","人工複製到 LINE OA 後台排程；不得用 API 自動發布。"
"2026-10-26","12:00","文字訊息","秋分後外出前暖身","秋分後外出前暖身

換季時，身體保養不需要複雜，穩定的小習慣比較長久。

這款定位是外用油膏，重點是局部按摩、依標示使用。衛署成製015614，乙類成藥，資料可至衛福部中藥許可證系統查詢。

外用產品請依標示使用；身體不適、症狀持續或惡化時，請諮詢醫師或藥師。
下單前可先私訊索取藥證查詢方式與外盒標示照片。","私訊索取藥證查詢方式與外盒標示照片","圖卡：秋分後外出前暖身 / 藥證可查 / 依標示使用","NEEDS_HUMAN_UPLOAD_OR_SELECTION","NEEDS_HUMAN_REVIEW_SAFE_TERM_CHECK","APPROVED_FOR_MANUAL_SCHEDULE_ONLY","READY_FOR_MANUAL_LINE_OA_INPUT","MANUAL_ONLY_NOT_API","LINE_DRYRUN_263","LINE263","衛福部中藥許可證：衛署成製015614；類別：乙類成藥；劑型：油膏劑。","退換貨、付款、客服、出貨、價格、通路與任何見證內容，發布前須由人工確認。","人工複製到 LINE OA 後台排程；不得用 API 自動發布。"
"2026-10-26","20:00","文字訊息","症狀超過七天要停用並諮詢","症狀超過七天要停用並諮詢

外用產品不是擦越多越好，用對位置、避開風險才安心。

這款定位是外用油膏，重點是局部按摩、依標示使用。衛署成製015614，乙類成藥，資料可至衛福部中藥許可證系統查詢。

外用產品請依標示使用；身體不適、症狀持續或惡化時，請諮詢醫師或藥師。
下單前可先私訊索取藥證查詢方式與外盒標示照片。","私訊索取藥證查詢方式與外盒標示照片","圖卡：症狀超過七天要停用並諮詢 / 藥證可查 / 依標示使用","NEEDS_HUMAN_UPLOAD_OR_SELECTION","NEEDS_HUMAN_REVIEW_SAFE_TERM_CHECK","APPROVED_FOR_MANUAL_SCHEDULE_ONLY","READY_FOR_MANUAL_LINE_OA_INPUT","MANUAL_ONLY_NOT_API","LINE_DRYRUN_264","LINE264","衛福部中藥許可證：衛署成製015614；類別：乙類成藥；劑型：油膏劑。","退換貨、付款、客服、出貨、價格、通路與任何見證內容，發布前須由人工確認。","人工複製到 LINE OA 後台排程；不得用 API 自動發布。"
"2026-10-27","12:00","文字訊息","為什麼不鼓勵擦傷口","為什麼不鼓勵擦傷口

我們寧願把資料講清楚，也不想用誇大的話讓你衝動購買。

這款定位是外用油膏，重點是局部按摩、依標示使用。衛署成製015614，乙類成藥，資料可至衛福部中藥許可證系統查詢。

外用產品請依標示使用；身體不適、症狀持續或惡化時，請諮詢醫師或藥師。
下單前可先私訊索取藥證查詢方式與外盒標示照片。","私訊索取藥證查詢方式與外盒標示照片","圖卡：為什麼不鼓勵擦傷口 / 藥證可查 / 依標示使用","NEEDS_HUMAN_UPLOAD_OR_SELECTION","NEEDS_HUMAN_REVIEW_SAFE_TERM_CHECK","APPROVED_FOR_MANUAL_SCHEDULE_ONLY","READY_FOR_MANUAL_LINE_OA_INPUT","MANUAL_ONLY_NOT_API","LINE_DRYRUN_265","LINE265","衛福部中藥許可證：衛署成製015614；類別：乙類成藥；劑型：油膏劑。","退換貨、付款、客服、出貨、價格、通路與任何見證內容，發布前須由人工確認。","人工複製到 LINE OA 後台排程；不得用 API 自動發布。"
"2026-10-27","20:00","文字訊息","一條根可以天天厚敷嗎","一條根可以天天厚敷嗎

很多人不是不想保養，是不知道什麼情況該先問清楚。

這款定位是外用油膏，重點是局部按摩、依標示使用。衛署成製015614，乙類成藥，資料可至衛福部中藥許可證系統查詢。

外用產品請依標示使用；身體不適、症狀持續或惡化時，請諮詢醫師或藥師。
下單前可先私訊索取藥證查詢方式與外盒標示照片。","私訊索取藥證查詢方式與外盒標示照片","圖卡：一條根可以天天厚敷嗎 / 藥證可查 / 依標示使用","NEEDS_HUMAN_UPLOAD_OR_SELECTION","NEEDS_HUMAN_REVIEW_SAFE_TERM_CHECK","APPROVED_FOR_MANUAL_SCHEDULE_ONLY","READY_FOR_MANUAL_LINE_OA_INPUT","MANUAL_ONLY_NOT_API","LINE_DRYRUN_266","LINE266","衛福部中藥許可證：衛署成製015614；類別：乙類成藥；劑型：油膏劑。","退換貨、付款、客服、出貨、價格、通路與任何見證內容，發布前須由人工確認。","人工複製到 LINE OA 後台排程；不得用 API 自動發布。"
"2026-10-28","12:00","文字訊息","運動後不要立刻熱敷加藥膏","運動後不要立刻熱敷加藥膏

運動、搬重物、久站後，身體局部不適時，先休息、觀察，再做保守保養。

這款定位是外用油膏，重點是局部按摩、依標示使用。衛署成製015614，乙類成藥，資料可至衛福部中藥許可證系統查詢。

外用產品請依標示使用；身體不適、症狀持續或惡化時，請諮詢醫師或藥師。
下單前可先私訊索取藥證查詢方式與外盒標示照片。","私訊索取藥證查詢方式與外盒標示照片","圖卡：運動後不要立刻熱敷加藥膏 / 藥證可查 / 依標示使用","NEEDS_HUMAN_UPLOAD_OR_SELECTION","NEEDS_HUMAN_REVIEW_SAFE_TERM_CHECK","APPROVED_FOR_MANUAL_SCHEDULE_ONLY","READY_FOR_MANUAL_LINE_OA_INPUT","MANUAL_ONLY_NOT_API","LINE_DRYRUN_267","LINE267","衛福部中藥許可證：衛署成製015614；類別：乙類成藥；劑型：油膏劑。","退換貨、付款、客服、出貨、價格、通路與任何見證內容，發布前須由人工確認。","人工複製到 LINE OA 後台排程；不得用 API 自動發布。"
"2026-10-28","20:00","文字訊息","使用前先小範圍測試","使用前先小範圍測試

下單前，先看得懂標示與成分，比聽誇張話術更安心。

這款定位是外用油膏，重點是局部按摩、依標示使用。衛署成製015614，乙類成藥，資料可至衛福部中藥許可證系統查詢。

外用產品請依標示使用；身體不適、症狀持續或惡化時，請諮詢醫師或藥師。
下單前可先私訊索取藥證查詢方式與外盒標示照片。","私訊索取藥證查詢方式與外盒標示照片","圖卡：使用前先小範圍測試 / 藥證可查 / 依標示使用","NEEDS_HUMAN_UPLOAD_OR_SELECTION","NEEDS_HUMAN_REVIEW_SAFE_TERM_CHECK","APPROVED_FOR_MANUAL_SCHEDULE_ONLY","READY_FOR_MANUAL_LINE_OA_INPUT","MANUAL_ONLY_NOT_API","LINE_DRYRUN_268","LINE268","衛福部中藥許可證：衛署成製015614；類別：乙類成藥；劑型：油膏劑。","退換貨、付款、客服、出貨、價格、通路與任何見證內容，發布前須由人工確認。","人工複製到 LINE OA 後台排程；不得用 API 自動發布。"
"2026-10-29","12:00","文字訊息","長輩使用前先看標示","長輩使用前先看標示

幫長輩準備外用產品時，最重要的是安全、清楚、不要亂用。

這款定位是外用油膏，重點是局部按摩、依標示使用。衛署成製015614，乙類成藥，資料可至衛福部中藥許可證系統查詢。

外用產品請依標示使用；身體不適、症狀持續或惡化時，請諮詢醫師或藥師。
下單前可先私訊索取藥證查詢方式與外盒標示照片。","私訊索取藥證查詢方式與外盒標示照片","圖卡：長輩使用前先看標示 / 藥證可查 / 依標示使用","NEEDS_HUMAN_UPLOAD_OR_SELECTION","NEEDS_HUMAN_REVIEW_SAFE_TERM_CHECK","APPROVED_FOR_MANUAL_SCHEDULE_ONLY","READY_FOR_MANUAL_LINE_OA_INPUT","MANUAL_ONLY_NOT_API","LINE_DRYRUN_269","LINE269","衛福部中藥許可證：衛署成製015614；類別：乙類成藥；劑型：油膏劑。","退換貨、付款、客服、出貨、價格、通路與任何見證內容，發布前須由人工確認。","人工複製到 LINE OA 後台排程；不得用 API 自動發布。"
"2026-10-29","20:00","文字訊息","皮膚刺激時要停止使用","皮膚刺激時要停止使用

外用產品不是擦越多越好，用對位置、避開風險才安心。

這款定位是外用油膏，重點是局部按摩、依標示使用。衛署成製015614，乙類成藥，資料可至衛福部中藥許可證系統查詢。

外用產品請依標示使用；身體不適、症狀持續或惡化時，請諮詢醫師或藥師。
下單前可先私訊索取藥證查詢方式與外盒標示照片。","私訊索取藥證查詢方式與外盒標示照片","圖卡：皮膚刺激時要停止使用 / 藥證可查 / 依標示使用","NEEDS_HUMAN_UPLOAD_OR_SELECTION","NEEDS_HUMAN_REVIEW_SAFE_TERM_CHECK","APPROVED_FOR_MANUAL_SCHEDULE_ONLY","READY_FOR_MANUAL_LINE_OA_INPUT","MANUAL_ONLY_NOT_API","LINE_DRYRUN_270","LINE270","衛福部中藥許可證：衛署成製015614；類別：乙類成藥；劑型：油膏劑。","退換貨、付款、客服、出貨、價格、通路與任何見證內容，發布前須由人工確認。","人工複製到 LINE OA 後台排程；不得用 API 自動發布。"
"2026-10-30","12:00","文字訊息","寒露後肩背保養","寒露後肩背保養

換季時，身體保養不需要複雜，穩定的小習慣比較長久。

這款定位是外用油膏，重點是局部按摩、依標示使用。衛署成製015614，乙類成藥，資料可至衛福部中藥許可證系統查詢。

外用產品請依標示使用；身體不適、症狀持續或惡化時，請諮詢醫師或藥師。
下單前可先私訊索取藥證查詢方式與外盒標示照片。","私訊索取藥證查詢方式與外盒標示照片","圖卡：寒露後肩背保養 / 藥證可查 / 依標示使用","NEEDS_HUMAN_UPLOAD_OR_SELECTION","NEEDS_HUMAN_REVIEW_SAFE_TERM_CHECK","APPROVED_FOR_MANUAL_SCHEDULE_ONLY","READY_FOR_MANUAL_LINE_OA_INPUT","MANUAL_ONLY_NOT_API","LINE_DRYRUN_271","LINE271","衛福部中藥許可證：衛署成製015614；類別：乙類成藥；劑型：油膏劑。","退換貨、付款、客服、出貨、價格、通路與任何見證內容，發布前須由人工確認。","人工複製到 LINE OA 後台排程；不得用 API 自動發布。"
"2026-10-30","20:00","文字訊息","輕微拉扯後的觀察重點","輕微拉扯後的觀察重點

運動、搬重物、久站後，身體局部不適時，先休息、觀察，再做保守保養。

這款定位是外用油膏，重點是局部按摩、依標示使用。衛署成製015614，乙類成藥，資料可至衛福部中藥許可證系統查詢。

外用產品請依標示使用；身體不適、症狀持續或惡化時，請諮詢醫師或藥師。
下單前可先私訊索取藥證查詢方式與外盒標示照片。","私訊索取藥證查詢方式與外盒標示照片","圖卡：輕微拉扯後的觀察重點 / 藥證可查 / 依標示使用","NEEDS_HUMAN_UPLOAD_OR_SELECTION","NEEDS_HUMAN_REVIEW_SAFE_TERM_CHECK","APPROVED_FOR_MANUAL_SCHEDULE_ONLY","READY_FOR_MANUAL_LINE_OA_INPUT","MANUAL_ONLY_NOT_API","LINE_DRYRUN_272","LINE272","衛福部中藥許可證：衛署成製015614；類別：乙類成藥；劑型：油膏劑。","退換貨、付款、客服、出貨、價格、通路與任何見證內容，發布前須由人工確認。","人工複製到 LINE OA 後台排程；不得用 API 自動發布。"
"2026-10-31","12:00","文字訊息","擦完可以馬上熱敷嗎","擦完可以馬上熱敷嗎

很多人不是不想保養，是不知道什麼情況該先問清楚。

這款定位是外用油膏，重點是局部按摩、依標示使用。衛署成製015614，乙類成藥，資料可至衛福部中藥許可證系統查詢。

外用產品請依標示使用；身體不適、症狀持續或惡化時，請諮詢醫師或藥師。
下單前可先私訊索取藥證查詢方式與外盒標示照片。","私訊索取藥證查詢方式與外盒標示照片","圖卡：擦完可以馬上熱敷嗎 / 藥證可查 / 依標示使用","NEEDS_HUMAN_UPLOAD_OR_SELECTION","NEEDS_HUMAN_REVIEW_SAFE_TERM_CHECK","APPROVED_FOR_MANUAL_SCHEDULE_ONLY","READY_FOR_MANUAL_LINE_OA_INPUT","MANUAL_ONLY_NOT_API","LINE_DRYRUN_273","LINE273","衛福部中藥許可證：衛署成製015614；類別：乙類成藥；劑型：油膏劑。","退換貨、付款、客服、出貨、價格、通路與任何見證內容，發布前須由人工確認。","人工複製到 LINE OA 後台排程；不得用 API 自動發布。"
"2026-10-31","20:00","文字訊息","別把長期疼痛只當小問題","別把長期疼痛只當小問題

幫長輩準備外用產品時，最重要的是安全、清楚、不要亂用。

這款定位是外用油膏，重點是局部按摩、依標示使用。衛署成製015614，乙類成藥，資料可至衛福部中藥許可證系統查詢。

外用產品請依標示使用；身體不適、症狀持續或惡化時，請諮詢醫師或藥師。
下單前可先私訊索取藥證查詢方式與外盒標示照片。","私訊索取藥證查詢方式與外盒標示照片","圖卡：別把長期疼痛只當小問題 / 藥證可查 / 依標示使用","NEEDS_HUMAN_UPLOAD_OR_SELECTION","NEEDS_HUMAN_REVIEW_SAFE_TERM_CHECK","APPROVED_FOR_MANUAL_SCHEDULE_ONLY","READY_FOR_MANUAL_LINE_OA_INPUT","MANUAL_ONLY_NOT_API","LINE_DRYRUN_274","LINE274","衛福部中藥許可證：衛署成製015614；類別：乙類成藥；劑型：油膏劑。","退換貨、付款、客服、出貨、價格、通路與任何見證內容，發布前須由人工確認。","人工複製到 LINE OA 後台排程；不得用 API 自動發布。"
"2026-11-01","12:00","文字訊息","冷氣房肩頸緊繃保養","冷氣房肩頸緊繃保養

久坐、低頭、開會一整天後，肩頸常會提醒你該放鬆一下。

這款定位是外用油膏，重點是局部按摩、依標示使用。衛署成製015614，乙類成藥，資料可至衛福部中藥許可證系統查詢。

外用產品請依標示使用；身體不適、症狀持續或惡化時，請諮詢醫師或藥師。
下單前可先私訊索取藥證查詢方式與外盒標示照片。","私訊索取藥證查詢方式與外盒標示照片","圖卡：冷氣房肩頸緊繃保養 / 藥證可查 / 依標示使用","NEEDS_HUMAN_UPLOAD_OR_SELECTION","PASS_DRY_RUN_PENDING_HUMAN_REVIEW","APPROVED_FOR_MANUAL_SCHEDULE_ONLY","READY_FOR_MANUAL_LINE_OA_INPUT","MANUAL_ONLY_NOT_API","LINE_DRYRUN_275","LINE275","衛福部中藥許可證：衛署成製015614；類別：乙類成藥；劑型：油膏劑。","退換貨、付款、客服、出貨、價格、通路與任何見證內容，發布前須由人工確認。","人工複製到 LINE OA 後台排程；不得用 API 自動發布。"
"2026-11-01","20:00","文字訊息","產品不是神藥，定位要講清楚","產品不是神藥，定位要講清楚

下單前，先看得懂標示與成分，比聽誇張話術更安心。

這款定位是外用油膏，重點是局部按摩、依標示使用。衛署成製015614，乙類成藥，資料可至衛福部中藥許可證系統查詢。

外用產品請依標示使用；身體不適、症狀持續或惡化時，請諮詢醫師或藥師。
下單前可先私訊索取藥證查詢方式與外盒標示照片。","私訊索取藥證查詢方式與外盒標示照片","圖卡：產品不是神藥，定位要講清楚 / 藥證可查 / 依標示使用","NEEDS_HUMAN_UPLOAD_OR_SELECTION","NEEDS_HUMAN_REVIEW_SAFE_TERM_CHECK","APPROVED_FOR_MANUAL_SCHEDULE_ONLY","READY_FOR_MANUAL_LINE_OA_INPUT","MANUAL_ONLY_NOT_API","LINE_DRYRUN_276","LINE276","衛福部中藥許可證：衛署成製015614；類別：乙類成藥；劑型：油膏劑。","退換貨、付款、客服、出貨、價格、通路與任何見證內容，發布前須由人工確認。","人工複製到 LINE OA 後台排程；不得用 API 自動發布。"
"2026-11-02","12:00","文字訊息","立冬前後的日常舒緩儀式","立冬前後的日常舒緩儀式

換季時，身體保養不需要複雜，穩定的小習慣比較長久。

這款定位是外用油膏，重點是局部按摩、依標示使用。衛署成製015614，乙類成藥，資料可至衛福部中藥許可證系統查詢。

外用產品請依標示使用；身體不適、症狀持續或惡化時，請諮詢醫師或藥師。
下單前可先私訊索取藥證查詢方式與外盒標示照片。","私訊索取藥證查詢方式與外盒標示照片","圖卡：立冬前後的日常舒緩儀式 / 藥證可查 / 依標示使用","NEEDS_HUMAN_UPLOAD_OR_SELECTION","NEEDS_HUMAN_REVIEW_SAFE_TERM_CHECK","APPROVED_FOR_MANUAL_SCHEDULE_ONLY","READY_FOR_MANUAL_LINE_OA_INPUT","MANUAL_ONLY_NOT_API","LINE_DRYRUN_277","LINE277","衛福部中藥許可證：衛署成製015614；類別：乙類成藥；劑型：油膏劑。","退換貨、付款、客服、出貨、價格、通路與任何見證內容，發布前須由人工確認。","人工複製到 LINE OA 後台排程；不得用 API 自動發布。"
"2026-11-02","20:00","文字訊息","深層症狀不適合自行處理","深層症狀不適合自行處理

外用產品不是擦越多越好，用對位置、避開風險才安心。

這款定位是外用油膏，重點是局部按摩、依標示使用。衛署成製015614，乙類成藥，資料可至衛福部中藥許可證系統查詢。

外用產品請依標示使用；身體不適、症狀持續或惡化時，請諮詢醫師或藥師。
下單前可先私訊索取藥證查詢方式與外盒標示照片。","私訊索取藥證查詢方式與外盒標示照片","圖卡：深層症狀不適合自行處理 / 藥證可查 / 依標示使用","NEEDS_HUMAN_UPLOAD_OR_SELECTION","NEEDS_HUMAN_REVIEW_SAFE_TERM_CHECK","APPROVED_FOR_MANUAL_SCHEDULE_ONLY","READY_FOR_MANUAL_LINE_OA_INPUT","MANUAL_ONLY_NOT_API","LINE_DRYRUN_278","LINE278","衛福部中藥許可證：衛署成製015614；類別：乙類成藥；劑型：油膏劑。","退換貨、付款、客服、出貨、價格、通路與任何見證內容，發布前須由人工確認。","人工複製到 LINE OA 後台排程；不得用 API 自動發布。"
"2026-11-03","12:00","文字訊息","買外用膏先看三件事","買外用膏先看三件事

我們寧願把資料講清楚，也不想用誇大的話讓你衝動購買。

這款定位是外用油膏，重點是局部按摩、依標示使用。衛署成製015614，乙類成藥，資料可至衛福部中藥許可證系統查詢。

外用產品請依標示使用；身體不適、症狀持續或惡化時，請諮詢醫師或藥師。
下單前可先私訊索取藥證查詢方式與外盒標示照片。","私訊索取藥證查詢方式與外盒標示照片","圖卡：買外用膏先看三件事 / 藥證可查 / 依標示使用","NEEDS_HUMAN_UPLOAD_OR_SELECTION","NEEDS_HUMAN_REVIEW_SAFE_TERM_CHECK","APPROVED_FOR_MANUAL_SCHEDULE_ONLY","READY_FOR_MANUAL_LINE_OA_INPUT","MANUAL_ONLY_NOT_API","LINE_DRYRUN_279","LINE279","衛福部中藥許可證：衛署成製015614；類別：乙類成藥；劑型：油膏劑。","退換貨、付款、客服、出貨、價格、通路與任何見證內容，發布前須由人工確認。","人工複製到 LINE OA 後台排程；不得用 API 自動發布。"
"2026-11-03","20:00","文字訊息","哪些情況應該先就醫","哪些情況應該先就醫

很多人不是不想保養，是不知道什麼情況該先問清楚。

這款定位是外用油膏，重點是局部按摩、依標示使用。衛署成製015614，乙類成藥，資料可至衛福部中藥許可證系統查詢。

外用產品請依標示使用；身體不適、症狀持續或惡化時，請諮詢醫師或藥師。
下單前可先私訊索取藥證查詢方式與外盒標示照片。","私訊索取藥證查詢方式與外盒標示照片","圖卡：哪些情況應該先就醫 / 藥證可查 / 依標示使用","NEEDS_HUMAN_UPLOAD_OR_SELECTION","NEEDS_HUMAN_REVIEW_SAFE_TERM_CHECK","APPROVED_FOR_MANUAL_SCHEDULE_ONLY","READY_FOR_MANUAL_LINE_OA_INPUT","MANUAL_ONLY_NOT_API","LINE_DRYRUN_280","LINE280","衛福部中藥許可證：衛署成製015614；類別：乙類成藥；劑型：油膏劑。","退換貨、付款、客服、出貨、價格、通路與任何見證內容，發布前須由人工確認。","人工複製到 LINE OA 後台排程；不得用 API 自動發布。"
"2026-11-04","12:00","文字訊息","運動後局部痠痛的保守處理","運動後局部痠痛的保守處理

運動、搬重物、久站後，身體局部不適時，先休息、觀察，再做保守保養。

這款定位是外用油膏，重點是局部按摩、依標示使用。衛署成製015614，乙類成藥，資料可至衛福部中藥許可證系統查詢。

外用產品請依標示使用；身體不適、症狀持續或惡化時，請諮詢醫師或藥師。
下單前可先私訊索取藥證查詢方式與外盒標示照片。","私訊索取藥證查詢方式與外盒標示照片","圖卡：運動後局部痠痛的保守處理 / 藥證可查 / 依標示使用","NEEDS_HUMAN_UPLOAD_OR_SELECTION","NEEDS_HUMAN_REVIEW_SAFE_TERM_CHECK","APPROVED_FOR_MANUAL_SCHEDULE_ONLY","READY_FOR_MANUAL_LINE_OA_INPUT","MANUAL_ONLY_NOT_API","LINE_DRYRUN_281","LINE281","衛福部中藥許可證：衛署成製015614；類別：乙類成藥；劑型：油膏劑。","退換貨、付款、客服、出貨、價格、通路與任何見證內容，發布前須由人工確認。","人工複製到 LINE OA 後台排程；不得用 API 自動發布。"
"2026-11-04","20:00","文字訊息","冬青油與清涼舒緩體感","冬青油與清涼舒緩體感

下單前，先看得懂標示與成分，比聽誇張話術更安心。

這款定位是外用油膏，重點是局部按摩、依標示使用。衛署成製015614，乙類成藥，資料可至衛福部中藥許可證系統查詢。

外用產品請依標示使用；身體不適、症狀持續或惡化時，請諮詢醫師或藥師。
下單前可先私訊索取藥證查詢方式與外盒標示照片。","私訊索取藥證查詢方式與外盒標示照片","圖卡：冬青油與清涼舒緩體感 / 藥證可查 / 依標示使用","NEEDS_HUMAN_UPLOAD_OR_SELECTION","NEEDS_HUMAN_REVIEW_SAFE_TERM_CHECK","APPROVED_FOR_MANUAL_SCHEDULE_ONLY","READY_FOR_MANUAL_LINE_OA_INPUT","MANUAL_ONLY_NOT_API","LINE_DRYRUN_282","LINE282","衛福部中藥許可證：衛署成製015614；類別：乙類成藥；劑型：油膏劑。","退換貨、付款、客服、出貨、價格、通路與任何見證內容，發布前須由人工確認。","人工複製到 LINE OA 後台排程；不得用 API 自動發布。"
"2026-11-05","12:00","文字訊息","早晨活動前的關節暖身","早晨活動前的關節暖身

幫長輩準備外用產品時，最重要的是安全、清楚、不要亂用。

這款定位是外用油膏，重點是局部按摩、依標示使用。衛署成製015614，乙類成藥，資料可至衛福部中藥許可證系統查詢。

外用產品請依標示使用；身體不適、症狀持續或惡化時，請諮詢醫師或藥師。
下單前可先私訊索取藥證查詢方式與外盒標示照片。","私訊索取藥證查詢方式與外盒標示照片","圖卡：早晨活動前的關節暖身 / 藥證可查 / 依標示使用","NEEDS_HUMAN_UPLOAD_OR_SELECTION","NEEDS_HUMAN_REVIEW_SAFE_TERM_CHECK","APPROVED_FOR_MANUAL_SCHEDULE_ONLY","READY_FOR_MANUAL_LINE_OA_INPUT","MANUAL_ONLY_NOT_API","LINE_DRYRUN_283","LINE283","衛福部中藥許可證：衛署成製015614；類別：乙類成藥；劑型：油膏劑。","退換貨、付款、客服、出貨、價格、通路與任何見證內容，發布前須由人工確認。","人工複製到 LINE OA 後台排程；不得用 API 自動發布。"
"2026-11-05","20:00","文字訊息","不能擦在破皮或傷口","不能擦在破皮或傷口

外用產品不是擦越多越好，用對位置、避開風險才安心。

這款定位是外用油膏，重點是局部按摩、依標示使用。衛署成製015614，乙類成藥，資料可至衛福部中藥許可證系統查詢。

外用產品請依標示使用；身體不適、症狀持續或惡化時，請諮詢醫師或藥師。
下單前可先私訊索取藥證查詢方式與外盒標示照片。","私訊索取藥證查詢方式與外盒標示照片","圖卡：不能擦在破皮或傷口 / 藥證可查 / 依標示使用","NEEDS_HUMAN_UPLOAD_OR_SELECTION","NEEDS_HUMAN_REVIEW_SAFE_TERM_CHECK","APPROVED_FOR_MANUAL_SCHEDULE_ONLY","READY_FOR_MANUAL_LINE_OA_INPUT","MANUAL_ONLY_NOT_API","LINE_DRYRUN_284","LINE284","衛福部中藥許可證：衛署成製015614；類別：乙類成藥；劑型：油膏劑。","退換貨、付款、客服、出貨、價格、通路與任何見證內容，發布前須由人工確認。","人工複製到 LINE OA 後台排程；不得用 API 自動發布。"
"2026-11-06","12:00","文字訊息","芒種後濕熱生活保養","芒種後濕熱生活保養

換季時，身體保養不需要複雜，穩定的小習慣比較長久。

這款定位是外用油膏，重點是局部按摩、依標示使用。衛署成製015614，乙類成藥，資料可至衛福部中藥許可證系統查詢。

外用產品請依標示使用；身體不適、症狀持續或惡化時，請諮詢醫師或藥師。
下單前可先私訊索取藥證查詢方式與外盒標示照片。","私訊索取藥證查詢方式與外盒標示照片","圖卡：芒種後濕熱生活保養 / 藥證可查 / 依標示使用","NEEDS_HUMAN_UPLOAD_OR_SELECTION","NEEDS_HUMAN_REVIEW_SAFE_TERM_CHECK","APPROVED_FOR_MANUAL_SCHEDULE_ONLY","READY_FOR_MANUAL_LINE_OA_INPUT","MANUAL_ONLY_NOT_API","LINE_DRYRUN_285","LINE285","衛福部中藥許可證：衛署成製015614；類別：乙類成藥；劑型：油膏劑。","退換貨、付款、客服、出貨、價格、通路與任何見證內容，發布前須由人工確認。","人工複製到 LINE OA 後台排程；不得用 API 自動發布。"
"2026-11-06","20:00","文字訊息","久站後小腿不適舒緩","久站後小腿不適舒緩

運動、搬重物、久站後，身體局部不適時，先休息、觀察，再做保守保養。

這款定位是外用油膏，重點是局部按摩、依標示使用。衛署成製015614，乙類成藥，資料可至衛福部中藥許可證系統查詢。

外用產品請依標示使用；身體不適、症狀持續或惡化時，請諮詢醫師或藥師。
下單前可先私訊索取藥證查詢方式與外盒標示照片。","私訊索取藥證查詢方式與外盒標示照片","圖卡：久站後小腿不適舒緩 / 藥證可查 / 依標示使用","NEEDS_HUMAN_UPLOAD_OR_SELECTION","NEEDS_HUMAN_REVIEW_SAFE_TERM_CHECK","APPROVED_FOR_MANUAL_SCHEDULE_ONLY","READY_FOR_MANUAL_LINE_OA_INPUT","MANUAL_ONLY_NOT_API","LINE_DRYRUN_286","LINE286","衛福部中藥許可證：衛署成製015614；類別：乙類成藥；劑型：油膏劑。","退換貨、付款、客服、出貨、價格、通路與任何見證內容，發布前須由人工確認。","人工複製到 LINE OA 後台排程；不得用 API 自動發布。"
"2026-11-07","12:00","文字訊息","你最常哪個部位緊繃","你最常哪個部位緊繃

很多人不是不想保養，是不知道什麼情況該先問清楚。

這款定位是外用油膏，重點是局部按摩、依標示使用。衛署成製015614，乙類成藥，資料可至衛福部中藥許可證系統查詢。

外用產品請依標示使用；身體不適、症狀持續或惡化時，請諮詢醫師或藥師。
下單前可先私訊索取藥證查詢方式與外盒標示照片。","私訊索取藥證查詢方式與外盒標示照片","圖卡：你最常哪個部位緊繃 / 藥證可查 / 依標示使用","NEEDS_HUMAN_UPLOAD_OR_SELECTION","NEEDS_HUMAN_REVIEW_SAFE_TERM_CHECK","APPROVED_FOR_MANUAL_SCHEDULE_ONLY","READY_FOR_MANUAL_LINE_OA_INPUT","MANUAL_ONLY_NOT_API","LINE_DRYRUN_287","LINE287","衛福部中藥許可證：衛署成製015614；類別：乙類成藥；劑型：油膏劑。","退換貨、付款、客服、出貨、價格、通路與任何見證內容，發布前須由人工確認。","人工複製到 LINE OA 後台排程；不得用 API 自動發布。"
"2026-11-07","20:00","文字訊息","長輩外用膏使用安全","長輩外用膏使用安全

幫長輩準備外用產品時，最重要的是安全、清楚、不要亂用。

這款定位是外用油膏，重點是局部按摩、依標示使用。衛署成製015614，乙類成藥，資料可至衛福部中藥許可證系統查詢。

外用產品請依標示使用；身體不適、症狀持續或惡化時，請諮詢醫師或藥師。
下單前可先私訊索取藥證查詢方式與外盒標示照片。","私訊索取藥證查詢方式與外盒標示照片","圖卡：長輩外用膏使用安全 / 藥證可查 / 依標示使用","NEEDS_HUMAN_UPLOAD_OR_SELECTION","NEEDS_HUMAN_REVIEW_SAFE_TERM_CHECK","APPROVED_FOR_MANUAL_SCHEDULE_ONLY","READY_FOR_MANUAL_LINE_OA_INPUT","MANUAL_ONLY_NOT_API","LINE_DRYRUN_288","LINE288","衛福部中藥許可證：衛署成製015614；類別：乙類成藥；劑型：油膏劑。","退換貨、付款、客服、出貨、價格、通路與任何見證內容，發布前須由人工確認。","人工複製到 LINE OA 後台排程；不得用 API 自動發布。"
"2026-11-08","12:00","文字訊息","低頭族肩頸緊繃的三個提醒","低頭族肩頸緊繃的三個提醒

久坐、低頭、開會一整天後，肩頸常會提醒你該放鬆一下。

這款定位是外用油膏，重點是局部按摩、依標示使用。衛署成製015614，乙類成藥，資料可至衛福部中藥許可證系統查詢。

外用產品請依標示使用；身體不適、症狀持續或惡化時，請諮詢醫師或藥師。
下單前可先私訊索取藥證查詢方式與外盒標示照片。","私訊索取藥證查詢方式與外盒標示照片","圖卡：低頭族肩頸緊繃的三個提醒 / 藥證可查 / 依標示使用","NEEDS_HUMAN_UPLOAD_OR_SELECTION","PASS_DRY_RUN_PENDING_HUMAN_REVIEW","APPROVED_FOR_MANUAL_SCHEDULE_ONLY","READY_FOR_MANUAL_LINE_OA_INPUT","MANUAL_ONLY_NOT_API","LINE_DRYRUN_289","LINE289","衛福部中藥許可證：衛署成製015614；類別：乙類成藥；劑型：油膏劑。","退換貨、付款、客服、出貨、價格、通路與任何見證內容，發布前須由人工確認。","人工複製到 LINE OA 後台排程；不得用 API 自動發布。"
"2026-11-08","20:00","文字訊息","薄荷腦帶來的涼感來源","薄荷腦帶來的涼感來源

下單前，先看得懂標示與成分，比聽誇張話術更安心。

這款定位是外用油膏，重點是局部按摩、依標示使用。衛署成製015614，乙類成藥，資料可至衛福部中藥許可證系統查詢。

外用產品請依標示使用；身體不適、症狀持續或惡化時，請諮詢醫師或藥師。
下單前可先私訊索取藥證查詢方式與外盒標示照片。","私訊索取藥證查詢方式與外盒標示照片","圖卡：薄荷腦帶來的涼感來源 / 藥證可查 / 依標示使用","NEEDS_HUMAN_UPLOAD_OR_SELECTION","NEEDS_HUMAN_REVIEW_SAFE_TERM_CHECK","APPROVED_FOR_MANUAL_SCHEDULE_ONLY","READY_FOR_MANUAL_LINE_OA_INPUT","MANUAL_ONLY_NOT_API","LINE_DRYRUN_290","LINE290","衛福部中藥許可證：衛署成製015614；類別：乙類成藥；劑型：油膏劑。","退換貨、付款、客服、出貨、價格、通路與任何見證內容，發布前須由人工確認。","人工複製到 LINE OA 後台排程；不得用 API 自動發布。"
"2026-11-09","12:00","文字訊息","夏季冷氣房的肩頸保養","夏季冷氣房的肩頸保養

換季時，身體保養不需要複雜，穩定的小習慣比較長久。

這款定位是外用油膏，重點是局部按摩、依標示使用。衛署成製015614，乙類成藥，資料可至衛福部中藥許可證系統查詢。

外用產品請依標示使用；身體不適、症狀持續或惡化時，請諮詢醫師或藥師。
下單前可先私訊索取藥證查詢方式與外盒標示照片。","私訊索取藥證查詢方式與外盒標示照片","圖卡：夏季冷氣房的肩頸保養 / 藥證可查 / 依標示使用","NEEDS_HUMAN_UPLOAD_OR_SELECTION","NEEDS_HUMAN_REVIEW_SAFE_TERM_CHECK","APPROVED_FOR_MANUAL_SCHEDULE_ONLY","READY_FOR_MANUAL_LINE_OA_INPUT","MANUAL_ONLY_NOT_API","LINE_DRYRUN_291","LINE291","衛福部中藥許可證：衛署成製015614；類別：乙類成藥；劑型：油膏劑。","退換貨、付款、客服、出貨、價格、通路與任何見證內容，發布前須由人工確認。","人工複製到 LINE OA 後台排程；不得用 API 自動發布。"
"2026-11-09","20:00","文字訊息","外用膏避免眼周與黏膜","外用膏避免眼周與黏膜

外用產品不是擦越多越好，用對位置、避開風險才安心。

這款定位是外用油膏，重點是局部按摩、依標示使用。衛署成製015614，乙類成藥，資料可至衛福部中藥許可證系統查詢。

外用產品請依標示使用；身體不適、症狀持續或惡化時，請諮詢醫師或藥師。
下單前可先私訊索取藥證查詢方式與外盒標示照片。","私訊索取藥證查詢方式與外盒標示照片","圖卡：外用膏避免眼周與黏膜 / 藥證可查 / 依標示使用","NEEDS_HUMAN_UPLOAD_OR_SELECTION","NEEDS_HUMAN_REVIEW_SAFE_TERM_CHECK","APPROVED_FOR_MANUAL_SCHEDULE_ONLY","READY_FOR_MANUAL_LINE_OA_INPUT","MANUAL_ONLY_NOT_API","LINE_DRYRUN_292","LINE292","衛福部中藥許可證：衛署成製015614；類別：乙類成藥；劑型：油膏劑。","退換貨、付款、客服、出貨、價格、通路與任何見證內容，發布前須由人工確認。","人工複製到 LINE OA 後台排程；不得用 API 自動發布。"
"2026-11-10","12:00","文字訊息","為什麼我們重視藥證與標示","為什麼我們重視藥證與標示

我們寧願把資料講清楚，也不想用誇大的話讓你衝動購買。

這款定位是外用油膏，重點是局部按摩、依標示使用。衛署成製015614，乙類成藥，資料可至衛福部中藥許可證系統查詢。

外用產品請依標示使用；身體不適、症狀持續或惡化時，請諮詢醫師或藥師。
下單前可先私訊索取藥證查詢方式與外盒標示照片。","私訊索取藥證查詢方式與外盒標示照片","圖卡：為什麼我們重視藥證與標示 / 藥證可查 / 依標示使用","NEEDS_HUMAN_UPLOAD_OR_SELECTION","NEEDS_HUMAN_REVIEW_SAFE_TERM_CHECK","APPROVED_FOR_MANUAL_SCHEDULE_ONLY","READY_FOR_MANUAL_LINE_OA_INPUT","MANUAL_ONLY_NOT_API","LINE_DRYRUN_293","LINE293","衛福部中藥許可證：衛署成製015614；類別：乙類成藥；劑型：油膏劑。","退換貨、付款、客服、出貨、價格、通路與任何見證內容，發布前須由人工確認。","人工複製到 LINE OA 後台排程；不得用 API 自動發布。"
"2026-11-10","20:00","文字訊息","你習慣運動前還是運動後保養","你習慣運動前還是運動後保養

很多人不是不想保養，是不知道什麼情況該先問清楚。

這款定位是外用油膏，重點是局部按摩、依標示使用。衛署成製015614，乙類成藥，資料可至衛福部中藥許可證系統查詢。

外用產品請依標示使用；身體不適、症狀持續或惡化時，請諮詢醫師或藥師。
下單前可先私訊索取藥證查詢方式與外盒標示照片。","私訊索取藥證查詢方式與外盒標示照片","圖卡：你習慣運動前還是運動後保養 / 藥證可查 / 依標示使用","NEEDS_HUMAN_UPLOAD_OR_SELECTION","NEEDS_HUMAN_REVIEW_SAFE_TERM_CHECK","APPROVED_FOR_MANUAL_SCHEDULE_ONLY","READY_FOR_MANUAL_LINE_OA_INPUT","MANUAL_ONLY_NOT_API","LINE_DRYRUN_294","LINE294","衛福部中藥許可證：衛署成製015614；類別：乙類成藥；劑型：油膏劑。","退換貨、付款、客服、出貨、價格、通路與任何見證內容，發布前須由人工確認。","人工複製到 LINE OA 後台排程；不得用 API 自動發布。"
"2026-11-11","12:00","文字訊息","搬重物後腰背保養","搬重物後腰背保養

運動、搬重物、久站後，身體局部不適時，先休息、觀察，再做保守保養。

這款定位是外用油膏，重點是局部按摩、依標示使用。衛署成製015614，乙類成藥，資料可至衛福部中藥許可證系統查詢。

外用產品請依標示使用；身體不適、症狀持續或惡化時，請諮詢醫師或藥師。
下單前可先私訊索取藥證查詢方式與外盒標示照片。","私訊索取藥證查詢方式與外盒標示照片","圖卡：搬重物後腰背保養 / 藥證可查 / 依標示使用","NEEDS_HUMAN_UPLOAD_OR_SELECTION","NEEDS_HUMAN_REVIEW_SAFE_TERM_CHECK","APPROVED_FOR_MANUAL_SCHEDULE_ONLY","READY_FOR_MANUAL_LINE_OA_INPUT","MANUAL_ONLY_NOT_API","LINE_DRYRUN_295","LINE295","衛福部中藥許可證：衛署成製015614；類別：乙類成藥；劑型：油膏劑。","退換貨、付款、客服、出貨、價格、通路與任何見證內容，發布前須由人工確認。","人工複製到 LINE OA 後台排程；不得用 API 自動發布。"
"2026-11-11","20:00","文字訊息","樟腦外用時的注意界線","樟腦外用時的注意界線

下單前，先看得懂標示與成分，比聽誇張話術更安心。

這款定位是外用油膏，重點是局部按摩、依標示使用。衛署成製015614，乙類成藥，資料可至衛福部中藥許可證系統查詢。

外用產品請依標示使用；身體不適、症狀持續或惡化時，請諮詢醫師或藥師。
下單前可先私訊索取藥證查詢方式與外盒標示照片。","私訊索取藥證查詢方式與外盒標示照片","圖卡：樟腦外用時的注意界線 / 藥證可查 / 依標示使用","NEEDS_HUMAN_UPLOAD_OR_SELECTION","NEEDS_HUMAN_REVIEW_SAFE_TERM_CHECK","APPROVED_FOR_MANUAL_SCHEDULE_ONLY","READY_FOR_MANUAL_LINE_OA_INPUT","MANUAL_ONLY_NOT_API","LINE_DRYRUN_296","LINE296","衛福部中藥許可證：衛署成製015614；類別：乙類成藥；劑型：油膏劑。","退換貨、付款、客服、出貨、價格、通路與任何見證內容，發布前須由人工確認。","人工複製到 LINE OA 後台排程；不得用 API 自動發布。"
"2026-11-12","12:00","文字訊息","輕微關節不適，日常保養要分清楚","輕微關節不適，日常保養要分清楚

幫長輩準備外用產品時，重點是安全、清楚、依標示使用，不把日常保養說成醫療效果。

這款定位是外用油膏，適合局部按摩放鬆與暫時舒緩日常不適。衛署成製015614，乙類成藥，資料可至衛福部中藥許可證系統查詢。

外用產品請依標示使用；身體不適、狀況持續或變嚴重時，請諮詢醫師或藥師。
下單前可先私訊索取藥證查詢方式與外盒標示照片。","私訊索取藥證查詢方式與外盒標示照片","圖卡：輕微關節不適與日常保養要分清楚 / 藥證可查 / 依標示使用 / 局部按摩放鬆","NEEDS_HUMAN_UPLOAD_OR_SELECTION","PASS_REWRITTEN_PENDING_HUMAN_REVIEW","APPROVED_FOR_MANUAL_SCHEDULE_ONLY","READY_FOR_MANUAL_LINE_OA_INPUT","MANUAL_ONLY_NOT_API","LINE_DRYRUN_297","LINE297","衛福部中藥許可證：衛署成製015614；類別：乙類成藥；劑型：油膏劑。","退換貨、付款、客服、出貨、價格、通路與任何見證內容，發布前須由人工確認。","人工複製到 LINE OA 後台排程；不得用 API 自動發布。"
"2026-11-12","20:00","文字訊息","不要搭配熱敷墊或電毯","不要搭配熱敷墊或電毯

外用產品不是擦越多越好，用對位置、避開風險才安心。

這款定位是外用油膏，重點是局部按摩、依標示使用。衛署成製015614，乙類成藥，資料可至衛福部中藥許可證系統查詢。

外用產品請依標示使用；身體不適、症狀持續或惡化時，請諮詢醫師或藥師。
下單前可先私訊索取藥證查詢方式與外盒標示照片。","私訊索取藥證查詢方式與外盒標示照片","圖卡：不要搭配熱敷墊或電毯 / 藥證可查 / 依標示使用","NEEDS_HUMAN_UPLOAD_OR_SELECTION","NEEDS_HUMAN_REVIEW_SAFE_TERM_CHECK","APPROVED_FOR_MANUAL_SCHEDULE_ONLY","READY_FOR_MANUAL_LINE_OA_INPUT","MANUAL_ONLY_NOT_API","LINE_DRYRUN_298","LINE298","衛福部中藥許可證：衛署成製015614；類別：乙類成藥；劑型：油膏劑。","退換貨、付款、客服、出貨、價格、通路與任何見證內容，發布前須由人工確認。","人工複製到 LINE OA 後台排程；不得用 API 自動發布。"
"2026-11-13","12:00","文字訊息","小暑前後活動舒適提醒","小暑前後活動舒適提醒

換季時，身體保養不需要複雜，穩定的小習慣比較長久。

這款定位是外用油膏，重點是局部按摩、依標示使用。衛署成製015614，乙類成藥，資料可至衛福部中藥許可證系統查詢。

外用產品請依標示使用；身體不適、症狀持續或惡化時，請諮詢醫師或藥師。
下單前可先私訊索取藥證查詢方式與外盒標示照片。","私訊索取藥證查詢方式與外盒標示照片","圖卡：小暑前後活動舒適提醒 / 藥證可查 / 依標示使用","NEEDS_HUMAN_UPLOAD_OR_SELECTION","NEEDS_HUMAN_REVIEW_SAFE_TERM_CHECK","APPROVED_FOR_MANUAL_SCHEDULE_ONLY","READY_FOR_MANUAL_LINE_OA_INPUT","MANUAL_ONLY_NOT_API","LINE_DRYRUN_299","LINE299","衛福部中藥許可證：衛署成製015614；類別：乙類成藥；劑型：油膏劑。","退換貨、付款、客服、出貨、價格、通路與任何見證內容，發布前須由人工確認。","人工複製到 LINE OA 後台排程；不得用 API 自動發布。"
"2026-11-13","20:00","文字訊息","爬山後腿部按摩提醒","爬山後腿部按摩提醒

運動、搬重物、久站後，身體局部不適時，先休息、觀察，再做保守保養。

這款定位是外用油膏，重點是局部按摩、依標示使用。衛署成製015614，乙類成藥，資料可至衛福部中藥許可證系統查詢。

外用產品請依標示使用；身體不適、症狀持續或惡化時，請諮詢醫師或藥師。
下單前可先私訊索取藥證查詢方式與外盒標示照片。","私訊索取藥證查詢方式與外盒標示照片","圖卡：爬山後腿部按摩提醒 / 藥證可查 / 依標示使用","NEEDS_HUMAN_UPLOAD_OR_SELECTION","NEEDS_HUMAN_REVIEW_SAFE_TERM_CHECK","APPROVED_FOR_MANUAL_SCHEDULE_ONLY","READY_FOR_MANUAL_LINE_OA_INPUT","MANUAL_ONLY_NOT_API","LINE_DRYRUN_300","LINE300","衛福部中藥許可證：衛署成製015614；類別：乙類成藥；劑型：油膏劑。","退換貨、付款、客服、出貨、價格、通路與任何見證內容，發布前須由人工確認。","人工複製到 LINE OA 後台排程；不得用 API 自動發布。"
"2026-11-14","12:00","文字訊息","外用膏一次擦多少才剛好","外用膏一次擦多少才剛好

很多人不是不想保養，是不知道什麼情況該先問清楚。

這款定位是外用油膏，重點是局部按摩、依標示使用。衛署成製015614，乙類成藥，資料可至衛福部中藥許可證系統查詢。

外用產品請依標示使用；身體不適、症狀持續或惡化時，請諮詢醫師或藥師。
下單前可先私訊索取藥證查詢方式與外盒標示照片。","私訊索取藥證查詢方式與外盒標示照片","圖卡：外用膏一次擦多少才剛好 / 藥證可查 / 依標示使用","NEEDS_HUMAN_UPLOAD_OR_SELECTION","NEEDS_HUMAN_REVIEW_SAFE_TERM_CHECK","APPROVED_FOR_MANUAL_SCHEDULE_ONLY","READY_FOR_MANUAL_LINE_OA_INPUT","MANUAL_ONLY_NOT_API","LINE_DRYRUN_301","LINE301","衛福部中藥許可證：衛署成製015614；類別：乙類成藥；劑型：油膏劑。","退換貨、付款、客服、出貨、價格、通路與任何見證內容，發布前須由人工確認。","人工複製到 LINE OA 後台排程；不得用 API 自動發布。"
"2026-11-14","20:00","文字訊息","散步後的膝周保養","散步後的膝周保養

幫長輩準備外用產品時，最重要的是安全、清楚、不要亂用。

這款定位是外用油膏，重點是局部按摩、依標示使用。衛署成製015614，乙類成藥，資料可至衛福部中藥許可證系統查詢。

外用產品請依標示使用；身體不適、症狀持續或惡化時，請諮詢醫師或藥師。
下單前可先私訊索取藥證查詢方式與外盒標示照片。","私訊索取藥證查詢方式與外盒標示照片","圖卡：散步後的膝周保養 / 藥證可查 / 依標示使用","NEEDS_HUMAN_UPLOAD_OR_SELECTION","NEEDS_HUMAN_REVIEW_SAFE_TERM_CHECK","APPROVED_FOR_MANUAL_SCHEDULE_ONLY","READY_FOR_MANUAL_LINE_OA_INPUT","MANUAL_ONLY_NOT_API","LINE_DRYRUN_302","LINE302","衛福部中藥許可證：衛署成製015614；類別：乙類成藥；劑型：油膏劑。","退換貨、付款、客服、出貨、價格、通路與任何見證內容，發布前須由人工確認。","人工複製到 LINE OA 後台排程；不得用 API 自動發布。"
"2026-11-15","12:00","文字訊息","午休前的肩頸放鬆流程","午休前的肩頸放鬆流程

久坐、低頭、開會一整天後，肩頸常會提醒你該放鬆一下。

這款定位是外用油膏，重點是局部按摩、依標示使用。衛署成製015614，乙類成藥，資料可至衛福部中藥許可證系統查詢。

外用產品請依標示使用；身體不適、症狀持續或惡化時，請諮詢醫師或藥師。
下單前可先私訊索取藥證查詢方式與外盒標示照片。","私訊索取藥證查詢方式與外盒標示照片","圖卡：午休前的肩頸放鬆流程 / 藥證可查 / 依標示使用","NEEDS_HUMAN_UPLOAD_OR_SELECTION","NEEDS_HUMAN_REVIEW_SAFE_TERM_CHECK","APPROVED_FOR_MANUAL_SCHEDULE_ONLY","READY_FOR_MANUAL_LINE_OA_INPUT","MANUAL_ONLY_NOT_API","LINE_DRYRUN_303","LINE303","衛福部中藥許可證：衛署成製015614；類別：乙類成藥；劑型：油膏劑。","退換貨、付款、客服、出貨、價格、通路與任何見證內容，發布前須由人工確認。","人工複製到 LINE OA 後台排程；不得用 API 自動發布。"
"2026-11-15","20:00","文字訊息","油膏劑為什麼適合局部按摩","油膏劑為什麼適合局部按摩

下單前，先看得懂標示與成分，比聽誇張話術更安心。

這款定位是外用油膏，重點是局部按摩、依標示使用。衛署成製015614，乙類成藥，資料可至衛福部中藥許可證系統查詢。

外用產品請依標示使用；身體不適、症狀持續或惡化時，請諮詢醫師或藥師。
下單前可先私訊索取藥證查詢方式與外盒標示照片。","私訊索取藥證查詢方式與外盒標示照片","圖卡：油膏劑為什麼適合局部按摩 / 藥證可查 / 依標示使用","NEEDS_HUMAN_UPLOAD_OR_SELECTION","NEEDS_HUMAN_REVIEW_SAFE_TERM_CHECK","APPROVED_FOR_MANUAL_SCHEDULE_ONLY","READY_FOR_MANUAL_LINE_OA_INPUT","MANUAL_ONLY_NOT_API","LINE_DRYRUN_304","LINE304","衛福部中藥許可證：衛署成製015614；類別：乙類成藥；劑型：油膏劑。","退換貨、付款、客服、出貨、價格、通路與任何見證內容，發布前須由人工確認。","人工複製到 LINE OA 後台排程；不得用 API 自動發布。"
"2026-11-16","12:00","文字訊息","大暑午後少久站硬撐","大暑午後少久站硬撐

換季時，身體保養不需要複雜，穩定的小習慣比較長久。

這款定位是外用油膏，重點是局部按摩、依標示使用。衛署成製015614，乙類成藥，資料可至衛福部中藥許可證系統查詢。

外用產品請依標示使用；身體不適、症狀持續或惡化時，請諮詢醫師或藥師。
下單前可先私訊索取藥證查詢方式與外盒標示照片。","私訊索取藥證查詢方式與外盒標示照片","圖卡：大暑午後少久站硬撐 / 藥證可查 / 依標示使用","NEEDS_HUMAN_UPLOAD_OR_SELECTION","NEEDS_HUMAN_REVIEW_SAFE_TERM_CHECK","APPROVED_FOR_MANUAL_SCHEDULE_ONLY","READY_FOR_MANUAL_LINE_OA_INPUT","MANUAL_ONLY_NOT_API","LINE_DRYRUN_305","LINE305","衛福部中藥許可證：衛署成製015614；類別：乙類成藥；劑型：油膏劑。","退換貨、付款、客服、出貨、價格、通路與任何見證內容，發布前須由人工確認。","人工複製到 LINE OA 後台排程；不得用 API 自動發布。"
"2026-11-16","20:00","文字訊息","不要密封包紮或大面積厚敷","不要密封包紮或大面積厚敷

外用產品不是擦越多越好，用對位置、避開風險才安心。

這款定位是外用油膏，重點是局部按摩、依標示使用。衛署成製015614，乙類成藥，資料可至衛福部中藥許可證系統查詢。

外用產品請依標示使用；身體不適、症狀持續或惡化時，請諮詢醫師或藥師。
下單前可先私訊索取藥證查詢方式與外盒標示照片。","私訊索取藥證查詢方式與外盒標示照片","圖卡：不要密封包紮或大面積厚敷 / 藥證可查 / 依標示使用","NEEDS_HUMAN_UPLOAD_OR_SELECTION","NEEDS_HUMAN_REVIEW_SAFE_TERM_CHECK","APPROVED_FOR_MANUAL_SCHEDULE_ONLY","READY_FOR_MANUAL_LINE_OA_INPUT","MANUAL_ONLY_NOT_API","LINE_DRYRUN_306","LINE306","衛福部中藥許可證：衛署成製015614；類別：乙類成藥；劑型：油膏劑。","退換貨、付款、客服、出貨、價格、通路與任何見證內容，發布前須由人工確認。","人工複製到 LINE OA 後台排程；不得用 API 自動發布。"
"2026-11-17","12:00","文字訊息","藥證可查代表什麼","藥證可查代表什麼

我們寧願把資料講清楚，也不想用誇大的話讓你衝動購買。

這款定位是外用油膏，重點是局部按摩、依標示使用。衛署成製015614，乙類成藥，資料可至衛福部中藥許可證系統查詢。

外用產品請依標示使用；身體不適、症狀持續或惡化時，請諮詢醫師或藥師。
下單前可先私訊索取藥證查詢方式與外盒標示照片。","私訊索取藥證查詢方式與外盒標示照片","圖卡：藥證可查代表什麼 / 藥證可查 / 依標示使用","NEEDS_HUMAN_UPLOAD_OR_SELECTION","NEEDS_HUMAN_REVIEW_SAFE_TERM_CHECK","APPROVED_FOR_MANUAL_SCHEDULE_ONLY","READY_FOR_MANUAL_LINE_OA_INPUT","MANUAL_ONLY_NOT_API","LINE_DRYRUN_307","LINE307","衛福部中藥許可證：衛署成製015614；類別：乙類成藥；劑型：油膏劑。","退換貨、付款、客服、出貨、價格、通路與任何見證內容，發布前須由人工確認。","人工複製到 LINE OA 後台排程；不得用 API 自動發布。"
"2026-11-17","20:00","文字訊息","涼感越強越有效嗎","涼感越強越有效嗎

很多人不是不想保養，是不知道什麼情況該先問清楚。

這款定位是外用油膏，重點是局部按摩、依標示使用。衛署成製015614，乙類成藥，資料可至衛福部中藥許可證系統查詢。

外用產品請依標示使用；身體不適、症狀持續或惡化時，請諮詢醫師或藥師。
下單前可先私訊索取藥證查詢方式與外盒標示照片。","私訊索取藥證查詢方式與外盒標示照片","圖卡：涼感越強越有效嗎 / 藥證可查 / 依標示使用","NEEDS_HUMAN_UPLOAD_OR_SELECTION","NEEDS_HUMAN_REVIEW_SAFE_TERM_CHECK","APPROVED_FOR_MANUAL_SCHEDULE_ONLY","READY_FOR_MANUAL_LINE_OA_INPUT","MANUAL_ONLY_NOT_API","LINE_DRYRUN_308","LINE308","衛福部中藥許可證：衛署成製015614；類別：乙類成藥；劑型：油膏劑。","退換貨、付款、客服、出貨、價格、通路與任何見證內容，發布前須由人工確認。","人工複製到 LINE OA 後台排程；不得用 API 自動發布。"
"2026-11-18","12:00","文字訊息","重訓後肩背局部舒緩","重訓後肩背局部舒緩

運動、搬重物、久站後，身體局部不適時，先休息、觀察，再做保守保養。

這款定位是外用油膏，重點是局部按摩、依標示使用。衛署成製015614，乙類成藥，資料可至衛福部中藥許可證系統查詢。

外用產品請依標示使用；身體不適、症狀持續或惡化時，請諮詢醫師或藥師。
下單前可先私訊索取藥證查詢方式與外盒標示照片。","私訊索取藥證查詢方式與外盒標示照片","圖卡：重訓後肩背局部舒緩 / 藥證可查 / 依標示使用","NEEDS_HUMAN_UPLOAD_OR_SELECTION","PASS_DRY_RUN_PENDING_HUMAN_REVIEW","APPROVED_FOR_MANUAL_SCHEDULE_ONLY","READY_FOR_MANUAL_LINE_OA_INPUT","MANUAL_ONLY_NOT_API","LINE_DRYRUN_309","LINE309","衛福部中藥許可證：衛署成製015614；類別：乙類成藥；劑型：油膏劑。","退換貨、付款、客服、出貨、價格、通路與任何見證內容，發布前須由人工確認。","人工複製到 LINE OA 後台排程；不得用 API 自動發布。"
"2026-11-18","20:00","文字訊息","乙類成藥與一般保健品差異","乙類成藥與一般保健品差異

下單前，先看得懂標示與成分，比聽誇張話術更安心。

這款定位是外用油膏，重點是局部按摩、依標示使用。衛署成製015614，乙類成藥，資料可至衛福部中藥許可證系統查詢。

外用產品請依標示使用；身體不適、症狀持續或惡化時，請諮詢醫師或藥師。
下單前可先私訊索取藥證查詢方式與外盒標示照片。","私訊索取藥證查詢方式與外盒標示照片","圖卡：乙類成藥與一般保健品差異 / 藥證可查 / 依標示使用","NEEDS_HUMAN_UPLOAD_OR_SELECTION","NEEDS_HUMAN_REVIEW_SAFE_TERM_CHECK","APPROVED_FOR_MANUAL_SCHEDULE_ONLY","READY_FOR_MANUAL_LINE_OA_INPUT","MANUAL_ONLY_NOT_API","LINE_DRYRUN_310","LINE310","衛福部中藥許可證：衛署成製015614；類別：乙類成藥；劑型：油膏劑。","退換貨、付款、客服、出貨、價格、通路與任何見證內容，發布前須由人工確認。","人工複製到 LINE OA 後台排程；不得用 API 自動發布。"
"2026-11-19","12:00","文字訊息","天氣變化時的活動舒適感","天氣變化時的活動舒適感

幫長輩準備外用產品時，最重要的是安全、清楚、不要亂用。

這款定位是外用油膏，重點是局部按摩、依標示使用。衛署成製015614，乙類成藥，資料可至衛福部中藥許可證系統查詢。

外用產品請依標示使用；身體不適、症狀持續或惡化時，請諮詢醫師或藥師。
下單前可先私訊索取藥證查詢方式與外盒標示照片。","私訊索取藥證查詢方式與外盒標示照片","圖卡：天氣變化時的活動舒適感 / 藥證可查 / 依標示使用","NEEDS_HUMAN_UPLOAD_OR_SELECTION","NEEDS_HUMAN_REVIEW_SAFE_TERM_CHECK","APPROVED_FOR_MANUAL_SCHEDULE_ONLY","READY_FOR_MANUAL_LINE_OA_INPUT","MANUAL_ONLY_NOT_API","LINE_DRYRUN_311","LINE311","衛福部中藥許可證：衛署成製015614；類別：乙類成藥；劑型：油膏劑。","退換貨、付款、客服、出貨、價格、通路與任何見證內容，發布前須由人工確認。","人工複製到 LINE OA 後台排程；不得用 API 自動發布。"
"2026-11-19","20:00","文字訊息","水楊酸或阿斯匹靈過敏者注意","水楊酸或阿斯匹靈過敏者注意

外用產品不是擦越多越好，用對位置、避開風險才安心。

這款定位是外用油膏，重點是局部按摩、依標示使用。衛署成製015614，乙類成藥，資料可至衛福部中藥許可證系統查詢。

外用產品請依標示使用；身體不適、症狀持續或惡化時，請諮詢醫師或藥師。
下單前可先私訊索取藥證查詢方式與外盒標示照片。","私訊索取藥證查詢方式與外盒標示照片","圖卡：水楊酸或阿斯匹靈過敏者注意 / 藥證可查 / 依標示使用","NEEDS_HUMAN_UPLOAD_OR_SELECTION","NEEDS_HUMAN_REVIEW_SAFE_TERM_CHECK","APPROVED_FOR_MANUAL_SCHEDULE_ONLY","READY_FOR_MANUAL_LINE_OA_INPUT","MANUAL_ONLY_NOT_API","LINE_DRYRUN_312","LINE312","衛福部中藥許可證：衛署成製015614；類別：乙類成藥；劑型：油膏劑。","退換貨、付款、客服、出貨、價格、通路與任何見證內容，發布前須由人工確認。","人工複製到 LINE OA 後台排程；不得用 API 自動發布。"
"2026-11-20","12:00","文字訊息","立秋後早晚溫差保養","立秋後早晚溫差保養

換季時，身體保養不需要複雜，穩定的小習慣比較長久。

這款定位是外用油膏，重點是局部按摩、依標示使用。衛署成製015614，乙類成藥，資料可至衛福部中藥許可證系統查詢。

外用產品請依標示使用；身體不適、症狀持續或惡化時，請諮詢醫師或藥師。
下單前可先私訊索取藥證查詢方式與外盒標示照片。","私訊索取藥證查詢方式與外盒標示照片","圖卡：立秋後早晚溫差保養 / 藥證可查 / 依標示使用","NEEDS_HUMAN_UPLOAD_OR_SELECTION","NEEDS_HUMAN_REVIEW_SAFE_TERM_CHECK","APPROVED_FOR_MANUAL_SCHEDULE_ONLY","READY_FOR_MANUAL_LINE_OA_INPUT","MANUAL_ONLY_NOT_API","LINE_DRYRUN_313","LINE313","衛福部中藥許可證：衛署成製015614；類別：乙類成藥；劑型：油膏劑。","退換貨、付款、客服、出貨、價格、通路與任何見證內容，發布前須由人工確認。","人工複製到 LINE OA 後台排程；不得用 API 自動發布。"
"2026-11-20","20:00","文字訊息","家事後手臂不適保養","家事後手臂不適保養

運動、搬重物、久站後，身體局部不適時，先休息、觀察，再做保守保養。

這款定位是外用油膏，重點是局部按摩、依標示使用。衛署成製015614，乙類成藥，資料可至衛福部中藥許可證系統查詢。

外用產品請依標示使用；身體不適、症狀持續或惡化時，請諮詢醫師或藥師。
下單前可先私訊索取藥證查詢方式與外盒標示照片。","私訊索取藥證查詢方式與外盒標示照片","圖卡：家事後手臂不適保養 / 藥證可查 / 依標示使用","NEEDS_HUMAN_UPLOAD_OR_SELECTION","NEEDS_HUMAN_REVIEW_SAFE_TERM_CHECK","APPROVED_FOR_MANUAL_SCHEDULE_ONLY","READY_FOR_MANUAL_LINE_OA_INPUT","MANUAL_ONLY_NOT_API","LINE_DRYRUN_314","LINE314","衛福部中藥許可證：衛署成製015614；類別：乙類成藥；劑型：油膏劑。","退換貨、付款、客服、出貨、價格、通路與任何見證內容，發布前須由人工確認。","人工複製到 LINE OA 後台排程；不得用 API 自動發布。"
"2026-11-21","12:00","文字訊息","你有看過外用產品標示嗎","你有看過外用產品標示嗎

很多人不是不想保養，是不知道什麼情況該先問清楚。

這款定位是外用油膏，重點是局部按摩、依標示使用。衛署成製015614，乙類成藥，資料可至衛福部中藥許可證系統查詢。

外用產品請依標示使用；身體不適、症狀持續或惡化時，請諮詢醫師或藥師。
下單前可先私訊索取藥證查詢方式與外盒標示照片。","私訊索取藥證查詢方式與外盒標示照片","圖卡：你有看過外用產品標示嗎 / 藥證可查 / 依標示使用","NEEDS_HUMAN_UPLOAD_OR_SELECTION","NEEDS_HUMAN_REVIEW_SAFE_TERM_CHECK","APPROVED_FOR_MANUAL_SCHEDULE_ONLY","READY_FOR_MANUAL_LINE_OA_INPUT","MANUAL_ONLY_NOT_API","LINE_DRYRUN_315","LINE315","衛福部中藥許可證：衛署成製015614；類別：乙類成藥；劑型：油膏劑。","退換貨、付款、客服、出貨、價格、通路與任何見證內容，發布前須由人工確認。","人工複製到 LINE OA 後台排程；不得用 API 自動發布。"
"2026-11-21","20:00","文字訊息","長輩按摩力道不要過重","長輩按摩力道不要過重

幫長輩準備外用產品時，最重要的是安全、清楚、不要亂用。

這款定位是外用油膏，重點是局部按摩、依標示使用。衛署成製015614，乙類成藥，資料可至衛福部中藥許可證系統查詢。

外用產品請依標示使用；身體不適、症狀持續或惡化時，請諮詢醫師或藥師。
下單前可先私訊索取藥證查詢方式與外盒標示照片。","私訊索取藥證查詢方式與外盒標示照片","圖卡：長輩按摩力道不要過重 / 藥證可查 / 依標示使用","NEEDS_HUMAN_UPLOAD_OR_SELECTION","NEEDS_HUMAN_REVIEW_SAFE_TERM_CHECK","APPROVED_FOR_MANUAL_SCHEDULE_ONLY","READY_FOR_MANUAL_LINE_OA_INPUT","MANUAL_ONLY_NOT_API","LINE_DRYRUN_316","LINE316","衛福部中藥許可證：衛署成製015614；類別：乙類成藥；劑型：油膏劑。","退換貨、付款、客服、出貨、價格、通路與任何見證內容，發布前須由人工確認。","人工複製到 LINE OA 後台排程；不得用 API 自動發布。"
"2026-11-22","12:00","文字訊息","開會久坐後的腰背舒緩","開會久坐後的腰背舒緩

久坐、低頭、開會一整天後，肩頸常會提醒你該放鬆一下。

這款定位是外用油膏，重點是局部按摩、依標示使用。衛署成製015614，乙類成藥，資料可至衛福部中藥許可證系統查詢。

外用產品請依標示使用；身體不適、症狀持續或惡化時，請諮詢醫師或藥師。
下單前可先私訊索取藥證查詢方式與外盒標示照片。","私訊索取藥證查詢方式與外盒標示照片","圖卡：開會久坐後的腰背舒緩 / 藥證可查 / 依標示使用","NEEDS_HUMAN_UPLOAD_OR_SELECTION","NEEDS_HUMAN_REVIEW_SAFE_TERM_CHECK","APPROVED_FOR_MANUAL_SCHEDULE_ONLY","READY_FOR_MANUAL_LINE_OA_INPUT","MANUAL_ONLY_NOT_API","LINE_DRYRUN_317","LINE317","衛福部中藥許可證：衛署成製015614；類別：乙類成藥；劑型：油膏劑。","退換貨、付款、客服、出貨、價格、通路與任何見證內容，發布前須由人工確認。","人工複製到 LINE OA 後台排程；不得用 API 自動發布。"
"2026-11-22","20:00","文字訊息","一條根外用膏的日常定位","一條根外用膏的日常定位

下單前，先看得懂標示與成分，比聽誇張話術更安心。

這款定位是外用油膏，重點是局部按摩、依標示使用。衛署成製015614，乙類成藥，資料可至衛福部中藥許可證系統查詢。

外用產品請依標示使用；身體不適、症狀持續或惡化時，請諮詢醫師或藥師。
下單前可先私訊索取藥證查詢方式與外盒標示照片。","私訊索取藥證查詢方式與外盒標示照片","圖卡：一條根外用膏的日常定位 / 藥證可查 / 依標示使用","NEEDS_HUMAN_UPLOAD_OR_SELECTION","NEEDS_HUMAN_REVIEW_SAFE_TERM_CHECK","APPROVED_FOR_MANUAL_SCHEDULE_ONLY","READY_FOR_MANUAL_LINE_OA_INPUT","MANUAL_ONLY_NOT_API","LINE_DRYRUN_318","LINE318","衛福部中藥許可證：衛署成製015614；類別：乙類成藥；劑型：油膏劑。","退換貨、付款、客服、出貨、價格、通路與任何見證內容，發布前須由人工確認。","人工複製到 LINE OA 後台排程；不得用 API 自動發布。"
"2026-11-23","12:00","文字訊息","處暑後運動暖身提醒","處暑後運動暖身提醒

換季時，身體保養不需要複雜，穩定的小習慣比較長久。

這款定位是外用油膏，重點是局部按摩、依標示使用。衛署成製015614，乙類成藥，資料可至衛福部中藥許可證系統查詢。

外用產品請依標示使用；身體不適、症狀持續或惡化時，請諮詢醫師或藥師。
下單前可先私訊索取藥證查詢方式與外盒標示照片。","私訊索取藥證查詢方式與外盒標示照片","圖卡：處暑後運動暖身提醒 / 藥證可查 / 依標示使用","NEEDS_HUMAN_UPLOAD_OR_SELECTION","NEEDS_HUMAN_REVIEW_SAFE_TERM_CHECK","APPROVED_FOR_MANUAL_SCHEDULE_ONLY","READY_FOR_MANUAL_LINE_OA_INPUT","MANUAL_ONLY_NOT_API","LINE_DRYRUN_319","LINE319","衛福部中藥許可證：衛署成製015614；類別：乙類成藥；劑型：油膏劑。","退換貨、付款、客服、出貨、價格、通路與任何見證內容，發布前須由人工確認。","人工複製到 LINE OA 後台排程；不得用 API 自動發布。"
"2026-11-23","20:00","文字訊息","兒童使用前的安全提醒","兒童使用前的安全提醒

外用產品不是擦越多越好，用對位置、避開風險才安心。

這款定位是外用油膏，重點是局部按摩、依標示使用。衛署成製015614，乙類成藥，資料可至衛福部中藥許可證系統查詢。

外用產品請依標示使用；身體不適、症狀持續或惡化時，請諮詢醫師或藥師。
下單前可先私訊索取藥證查詢方式與外盒標示照片。","私訊索取藥證查詢方式與外盒標示照片","圖卡：兒童使用前的安全提醒 / 藥證可查 / 依標示使用","NEEDS_HUMAN_UPLOAD_OR_SELECTION","NEEDS_HUMAN_REVIEW_SAFE_TERM_CHECK","APPROVED_FOR_MANUAL_SCHEDULE_ONLY","READY_FOR_MANUAL_LINE_OA_INPUT","MANUAL_ONLY_NOT_API","LINE_DRYRUN_320","LINE320","衛福部中藥許可證：衛署成製015614；類別：乙類成藥；劑型：油膏劑。","退換貨、付款、客服、出貨、價格、通路與任何見證內容，發布前須由人工確認。","人工複製到 LINE OA 後台排程；不得用 API 自動發布。"
"2026-11-24","12:00","文字訊息","外用膏廣告為什麼要保守","外用膏廣告為什麼要保守

我們寧願把資料講清楚，也不想用誇大的話讓你衝動購買。

這款定位是外用油膏，重點是局部按摩、依標示使用。衛署成製015614，乙類成藥，資料可至衛福部中藥許可證系統查詢。

外用產品請依標示使用；身體不適、症狀持續或惡化時，請諮詢醫師或藥師。
下單前可先私訊索取藥證查詢方式與外盒標示照片。","私訊索取藥證查詢方式與外盒標示照片","圖卡：外用膏廣告為什麼要保守 / 藥證可查 / 依標示使用","NEEDS_HUMAN_UPLOAD_OR_SELECTION","NEEDS_HUMAN_REVIEW_SAFE_TERM_CHECK","APPROVED_FOR_MANUAL_SCHEDULE_ONLY","READY_FOR_MANUAL_LINE_OA_INPUT","MANUAL_ONLY_NOT_API","LINE_DRYRUN_321","LINE321","衛福部中藥許可證：衛署成製015614；類別：乙類成藥；劑型：油膏劑。","退換貨、付款、客服、出貨、價格、通路與任何見證內容，發布前須由人工確認。","人工複製到 LINE OA 後台排程；不得用 API 自動發布。"
"2026-11-24","20:00","文字訊息","久坐族最想舒緩哪裡","久坐族最想舒緩哪裡

很多人不是不想保養，是不知道什麼情況該先問清楚。

這款定位是外用油膏，重點是局部按摩、依標示使用。衛署成製015614，乙類成藥，資料可至衛福部中藥許可證系統查詢。

外用產品請依標示使用；身體不適、症狀持續或惡化時，請諮詢醫師或藥師。
下單前可先私訊索取藥證查詢方式與外盒標示照片。","私訊索取藥證查詢方式與外盒標示照片","圖卡：久坐族最想舒緩哪裡 / 藥證可查 / 依標示使用","NEEDS_HUMAN_UPLOAD_OR_SELECTION","NEEDS_HUMAN_REVIEW_SAFE_TERM_CHECK","APPROVED_FOR_MANUAL_SCHEDULE_ONLY","READY_FOR_MANUAL_LINE_OA_INPUT","MANUAL_ONLY_NOT_API","LINE_DRYRUN_322","LINE322","衛福部中藥許可證：衛署成製015614；類別：乙類成藥；劑型：油膏劑。","退換貨、付款、客服、出貨、價格、通路與任何見證內容，發布前須由人工確認。","人工複製到 LINE OA 後台排程；不得用 API 自動發布。"
"2026-11-25","12:00","文字訊息","跑步後膝周不適的保守提醒","跑步後膝周不適的保守提醒

運動、搬重物、久站後，身體局部不適時，先休息、觀察，再做保守保養。

這款定位是外用油膏，重點是局部按摩、依標示使用。衛署成製015614，乙類成藥，資料可至衛福部中藥許可證系統查詢。

外用產品請依標示使用；身體不適、症狀持續或惡化時，請諮詢醫師或藥師。
下單前可先私訊索取藥證查詢方式與外盒標示照片。","私訊索取藥證查詢方式與外盒標示照片","圖卡：跑步後膝周不適的保守提醒 / 藥證可查 / 依標示使用","NEEDS_HUMAN_UPLOAD_OR_SELECTION","NEEDS_HUMAN_REVIEW_SAFE_TERM_CHECK","APPROVED_FOR_MANUAL_SCHEDULE_ONLY","READY_FOR_MANUAL_LINE_OA_INPUT","MANUAL_ONLY_NOT_API","LINE_DRYRUN_323","LINE323","衛福部中藥許可證：衛署成製015614；類別：乙類成藥；劑型：油膏劑。","退換貨、付款、客服、出貨、價格、通路與任何見證內容，發布前須由人工確認。","人工複製到 LINE OA 後台排程；不得用 API 自動發布。"
"2026-11-25","20:00","文字訊息","成分濃度為什麼要看標示","成分濃度為什麼要看標示

下單前，先看得懂標示與成分，比聽誇張話術更安心。

這款定位是外用油膏，重點是局部按摩、依標示使用。衛署成製015614，乙類成藥，資料可至衛福部中藥許可證系統查詢。

外用產品請依標示使用；身體不適、症狀持續或惡化時，請諮詢醫師或藥師。
下單前可先私訊索取藥證查詢方式與外盒標示照片。","私訊索取藥證查詢方式與外盒標示照片","圖卡：成分濃度為什麼要看標示 / 藥證可查 / 依標示使用","NEEDS_HUMAN_UPLOAD_OR_SELECTION","NEEDS_HUMAN_REVIEW_SAFE_TERM_CHECK","APPROVED_FOR_MANUAL_SCHEDULE_ONLY","READY_FOR_MANUAL_LINE_OA_INPUT","MANUAL_ONLY_NOT_API","LINE_DRYRUN_324","LINE324","衛福部中藥許可證：衛署成製015614；類別：乙類成藥；劑型：油膏劑。","退換貨、付款、客服、出貨、價格、通路與任何見證內容，發布前須由人工確認。","人工複製到 LINE OA 後台排程；不得用 API 自動發布。"
"2026-11-26","12:00","文字訊息","照顧爸媽時的外用提醒","照顧爸媽時的外用提醒

幫長輩準備外用產品時，最重要的是安全、清楚、不要亂用。

這款定位是外用油膏，重點是局部按摩、依標示使用。衛署成製015614，乙類成藥，資料可至衛福部中藥許可證系統查詢。

外用產品請依標示使用；身體不適、症狀持續或惡化時，請諮詢醫師或藥師。
下單前可先私訊索取藥證查詢方式與外盒標示照片。","私訊索取藥證查詢方式與外盒標示照片","圖卡：照顧爸媽時的外用提醒 / 藥證可查 / 依標示使用","NEEDS_HUMAN_UPLOAD_OR_SELECTION","NEEDS_HUMAN_REVIEW_SAFE_TERM_CHECK","APPROVED_FOR_MANUAL_SCHEDULE_ONLY","READY_FOR_MANUAL_LINE_OA_INPUT","MANUAL_ONLY_NOT_API","LINE_DRYRUN_325","LINE325","衛福部中藥許可證：衛署成製015614；類別：乙類成藥；劑型：油膏劑。","退換貨、付款、客服、出貨、價格、通路與任何見證內容，發布前須由人工確認。","人工複製到 LINE OA 後台排程；不得用 API 自動發布。"
"2026-11-26","20:00","文字訊息","孕婦與哺乳族群先詢問專業人員","孕婦與哺乳族群先詢問專業人員

外用產品不是擦越多越好，用對位置、避開風險才安心。

這款定位是外用油膏，重點是局部按摩、依標示使用。衛署成製015614，乙類成藥，資料可至衛福部中藥許可證系統查詢。

外用產品請依標示使用；身體不適、症狀持續或惡化時，請諮詢醫師或藥師。
下單前可先私訊索取藥證查詢方式與外盒標示照片。","私訊索取藥證查詢方式與外盒標示照片","圖卡：孕婦與哺乳族群先詢問專業人員 / 藥證可查 / 依標示使用","NEEDS_HUMAN_UPLOAD_OR_SELECTION","NEEDS_HUMAN_REVIEW_SAFE_TERM_CHECK","APPROVED_FOR_MANUAL_SCHEDULE_ONLY","READY_FOR_MANUAL_LINE_OA_INPUT","MANUAL_ONLY_NOT_API","LINE_DRYRUN_326","LINE326","衛福部中藥許可證：衛署成製015614；類別：乙類成藥；劑型：油膏劑。","退換貨、付款、客服、出貨、價格、通路與任何見證內容，發布前須由人工確認。","人工複製到 LINE OA 後台排程；不得用 API 自動發布。"
"2026-11-27","12:00","文字訊息","白露時節關心長輩活動","白露時節關心長輩活動

換季時，身體保養不需要複雜，穩定的小習慣比較長久。

這款定位是外用油膏，重點是局部按摩、依標示使用。衛署成製015614，乙類成藥，資料可至衛福部中藥許可證系統查詢。

外用產品請依標示使用；身體不適、症狀持續或惡化時，請諮詢醫師或藥師。
下單前可先私訊索取藥證查詢方式與外盒標示照片。","私訊索取藥證查詢方式與外盒標示照片","圖卡：白露時節關心長輩活動 / 藥證可查 / 依標示使用","NEEDS_HUMAN_UPLOAD_OR_SELECTION","NEEDS_HUMAN_REVIEW_SAFE_TERM_CHECK","APPROVED_FOR_MANUAL_SCHEDULE_ONLY","READY_FOR_MANUAL_LINE_OA_INPUT","MANUAL_ONLY_NOT_API","LINE_DRYRUN_327","LINE327","衛福部中藥許可證：衛署成製015614；類別：乙類成藥；劑型：油膏劑。","退換貨、付款、客服、出貨、價格、通路與任何見證內容，發布前須由人工確認。","人工複製到 LINE OA 後台排程；不得用 API 自動發布。"
"2026-11-27","20:00","文字訊息","勞動後先休息再按摩","勞動後先休息再按摩

運動、搬重物、久站後，身體局部不適時，先休息、觀察，再做保守保養。

這款定位是外用油膏，重點是局部按摩、依標示使用。衛署成製015614，乙類成藥，資料可至衛福部中藥許可證系統查詢。

外用產品請依標示使用；身體不適、症狀持續或惡化時，請諮詢醫師或藥師。
下單前可先私訊索取藥證查詢方式與外盒標示照片。","私訊索取藥證查詢方式與外盒標示照片","圖卡：勞動後先休息再按摩 / 藥證可查 / 依標示使用","NEEDS_HUMAN_UPLOAD_OR_SELECTION","NEEDS_HUMAN_REVIEW_SAFE_TERM_CHECK","APPROVED_FOR_MANUAL_SCHEDULE_ONLY","READY_FOR_MANUAL_LINE_OA_INPUT","MANUAL_ONLY_NOT_API","LINE_DRYRUN_328","LINE328","衛福部中藥許可證：衛署成製015614；類別：乙類成藥；劑型：油膏劑。","退換貨、付款、客服、出貨、價格、通路與任何見證內容，發布前須由人工確認。","人工複製到 LINE OA 後台排程；不得用 API 自動發布。"
"2026-11-28","12:00","文字訊息","長輩使用外用膏你會提醒什麼","長輩使用外用膏你會提醒什麼

很多人不是不想保養，是不知道什麼情況該先問清楚。

這款定位是外用油膏，重點是局部按摩、依標示使用。衛署成製015614，乙類成藥，資料可至衛福部中藥許可證系統查詢。

外用產品請依標示使用；身體不適、症狀持續或惡化時，請諮詢醫師或藥師。
下單前可先私訊索取藥證查詢方式與外盒標示照片。","私訊索取藥證查詢方式與外盒標示照片","圖卡：長輩使用外用膏你會提醒什麼 / 藥證可查 / 依標示使用","NEEDS_HUMAN_UPLOAD_OR_SELECTION","NEEDS_HUMAN_REVIEW_SAFE_TERM_CHECK","APPROVED_FOR_MANUAL_SCHEDULE_ONLY","READY_FOR_MANUAL_LINE_OA_INPUT","MANUAL_ONLY_NOT_API","LINE_DRYRUN_329","LINE329","衛福部中藥許可證：衛署成製015614；類別：乙類成藥；劑型：油膏劑。","退換貨、付款、客服、出貨、價格、通路與任何見證內容，發布前須由人工確認。","人工複製到 LINE OA 後台排程；不得用 API 自動發布。"
"2026-11-28","20:00","文字訊息","日常活動舒適度的三個習慣","日常活動舒適度的三個習慣

幫長輩準備外用產品時，最重要的是安全、清楚、不要亂用。

這款定位是外用油膏，重點是局部按摩、依標示使用。衛署成製015614，乙類成藥，資料可至衛福部中藥許可證系統查詢。

外用產品請依標示使用；身體不適、症狀持續或惡化時，請諮詢醫師或藥師。
下單前可先私訊索取藥證查詢方式與外盒標示照片。","私訊索取藥證查詢方式與外盒標示照片","圖卡：日常活動舒適度的三個習慣 / 藥證可查 / 依標示使用","NEEDS_HUMAN_UPLOAD_OR_SELECTION","NEEDS_HUMAN_REVIEW_SAFE_TERM_CHECK","APPROVED_FOR_MANUAL_SCHEDULE_ONLY","READY_FOR_MANUAL_LINE_OA_INPUT","MANUAL_ONLY_NOT_API","LINE_DRYRUN_330","LINE330","衛福部中藥許可證：衛署成製015614；類別：乙類成藥；劑型：油膏劑。","退換貨、付款、客服、出貨、價格、通路與任何見證內容，發布前須由人工確認。","人工複製到 LINE OA 後台排程；不得用 API 自動發布。"
"2026-11-29","12:00","文字訊息","下班前五分鐘伸展","下班前五分鐘伸展

久坐、低頭、開會一整天後，肩頸常會提醒你該放鬆一下。

這款定位是外用油膏，重點是局部按摩、依標示使用。衛署成製015614，乙類成藥，資料可至衛福部中藥許可證系統查詢。

外用產品請依標示使用；身體不適、症狀持續或惡化時，請諮詢醫師或藥師。
下單前可先私訊索取藥證查詢方式與外盒標示照片。","私訊索取藥證查詢方式與外盒標示照片","圖卡：下班前五分鐘伸展 / 藥證可查 / 依標示使用","NEEDS_HUMAN_UPLOAD_OR_SELECTION","NEEDS_HUMAN_REVIEW_SAFE_TERM_CHECK","APPROVED_FOR_MANUAL_SCHEDULE_ONLY","READY_FOR_MANUAL_LINE_OA_INPUT","MANUAL_ONLY_NOT_API","LINE_DRYRUN_331","LINE331","衛福部中藥許可證：衛署成製015614；類別：乙類成藥；劑型：油膏劑。","退換貨、付款、客服、出貨、價格、通路與任何見證內容，發布前須由人工確認。","人工複製到 LINE OA 後台排程；不得用 API 自動發布。"
"2026-11-29","20:00","文字訊息","局部按摩和大面積厚敷的差別","局部按摩和大面積厚敷的差別

下單前，先看得懂標示與成分，比聽誇張話術更安心。

這款定位是外用油膏，重點是局部按摩、依標示使用。衛署成製015614，乙類成藥，資料可至衛福部中藥許可證系統查詢。

外用產品請依標示使用；身體不適、症狀持續或惡化時，請諮詢醫師或藥師。
下單前可先私訊索取藥證查詢方式與外盒標示照片。","私訊索取藥證查詢方式與外盒標示照片","圖卡：局部按摩和大面積厚敷的差別 / 藥證可查 / 依標示使用","NEEDS_HUMAN_UPLOAD_OR_SELECTION","NEEDS_HUMAN_REVIEW_SAFE_TERM_CHECK","APPROVED_FOR_MANUAL_SCHEDULE_ONLY","READY_FOR_MANUAL_LINE_OA_INPUT","MANUAL_ONLY_NOT_API","LINE_DRYRUN_332","LINE332","衛福部中藥許可證：衛署成製015614；類別：乙類成藥；劑型：油膏劑。","退換貨、付款、客服、出貨、價格、通路與任何見證內容，發布前須由人工確認。","人工複製到 LINE OA 後台排程；不得用 API 自動發布。"
"2026-11-30","12:00","文字訊息","秋分後外出前暖身","秋分後外出前暖身

換季時，身體保養不需要複雜，穩定的小習慣比較長久。

這款定位是外用油膏，重點是局部按摩、依標示使用。衛署成製015614，乙類成藥，資料可至衛福部中藥許可證系統查詢。

外用產品請依標示使用；身體不適、症狀持續或惡化時，請諮詢醫師或藥師。
下單前可先私訊索取藥證查詢方式與外盒標示照片。","私訊索取藥證查詢方式與外盒標示照片","圖卡：秋分後外出前暖身 / 藥證可查 / 依標示使用","NEEDS_HUMAN_UPLOAD_OR_SELECTION","NEEDS_HUMAN_REVIEW_SAFE_TERM_CHECK","APPROVED_FOR_MANUAL_SCHEDULE_ONLY","READY_FOR_MANUAL_LINE_OA_INPUT","MANUAL_ONLY_NOT_API","LINE_DRYRUN_333","LINE333","衛福部中藥許可證：衛署成製015614；類別：乙類成藥；劑型：油膏劑。","退換貨、付款、客服、出貨、價格、通路與任何見證內容，發布前須由人工確認。","人工複製到 LINE OA 後台排程；不得用 API 自動發布。"
"2026-11-30","20:00","文字訊息","症狀超過七天要停用並諮詢","症狀超過七天要停用並諮詢

外用產品不是擦越多越好，用對位置、避開風險才安心。

這款定位是外用油膏，重點是局部按摩、依標示使用。衛署成製015614，乙類成藥，資料可至衛福部中藥許可證系統查詢。

外用產品請依標示使用；身體不適、症狀持續或惡化時，請諮詢醫師或藥師。
下單前可先私訊索取藥證查詢方式與外盒標示照片。","私訊索取藥證查詢方式與外盒標示照片","圖卡：症狀超過七天要停用並諮詢 / 藥證可查 / 依標示使用","NEEDS_HUMAN_UPLOAD_OR_SELECTION","NEEDS_HUMAN_REVIEW_SAFE_TERM_CHECK","APPROVED_FOR_MANUAL_SCHEDULE_ONLY","READY_FOR_MANUAL_LINE_OA_INPUT","MANUAL_ONLY_NOT_API","LINE_DRYRUN_334","LINE334","衛福部中藥許可證：衛署成製015614；類別：乙類成藥；劑型：油膏劑。","退換貨、付款、客服、出貨、價格、通路與任何見證內容，發布前須由人工確認。","人工複製到 LINE OA 後台排程；不得用 API 自動發布。"
"2026-12-01","12:00","文字訊息","成分透明是基本功","成分透明是基本功

我們寧願把資料講清楚，也不想用誇大的話讓你衝動購買。

這款定位是外用油膏，重點是局部按摩、依標示使用。衛署成製015614，乙類成藥，資料可至衛福部中藥許可證系統查詢。

外用產品請依標示使用；身體不適、症狀持續或惡化時，請諮詢醫師或藥師。
下單前可先私訊索取藥證查詢方式與外盒標示照片。","私訊索取藥證查詢方式與外盒標示照片","圖卡：成分透明是基本功 / 藥證可查 / 依標示使用","NEEDS_HUMAN_UPLOAD_OR_SELECTION","NEEDS_HUMAN_REVIEW_SAFE_TERM_CHECK","APPROVED_FOR_MANUAL_SCHEDULE_ONLY","READY_FOR_MANUAL_LINE_OA_INPUT","MANUAL_ONLY_NOT_API","LINE_DRYRUN_335","LINE335","衛福部中藥許可證：衛署成製015614；類別：乙類成藥；劑型：油膏劑。","退換貨、付款、客服、出貨、價格、通路與任何見證內容，發布前須由人工確認。","人工複製到 LINE OA 後台排程；不得用 API 自動發布。"
"2026-12-01","20:00","文字訊息","一條根可以天天厚敷嗎","一條根可以天天厚敷嗎

很多人不是不想保養，是不知道什麼情況該先問清楚。

這款定位是外用油膏，重點是局部按摩、依標示使用。衛署成製015614，乙類成藥，資料可至衛福部中藥許可證系統查詢。

外用產品請依標示使用；身體不適、症狀持續或惡化時，請諮詢醫師或藥師。
下單前可先私訊索取藥證查詢方式與外盒標示照片。","私訊索取藥證查詢方式與外盒標示照片","圖卡：一條根可以天天厚敷嗎 / 藥證可查 / 依標示使用","NEEDS_HUMAN_UPLOAD_OR_SELECTION","NEEDS_HUMAN_REVIEW_SAFE_TERM_CHECK","APPROVED_FOR_MANUAL_SCHEDULE_ONLY","READY_FOR_MANUAL_LINE_OA_INPUT","MANUAL_ONLY_NOT_API","LINE_DRYRUN_336","LINE336","衛福部中藥許可證：衛署成製015614；類別：乙類成藥；劑型：油膏劑。","退換貨、付款、客服、出貨、價格、通路與任何見證內容，發布前須由人工確認。","人工複製到 LINE OA 後台排程；不得用 API 自動發布。"
"2026-12-02","12:00","文字訊息","運動後不要立刻熱敷加藥膏","運動後不要立刻熱敷加藥膏

運動、搬重物、久站後，身體局部不適時，先休息、觀察，再做保守保養。

這款定位是外用油膏，重點是局部按摩、依標示使用。衛署成製015614，乙類成藥，資料可至衛福部中藥許可證系統查詢。

外用產品請依標示使用；身體不適、症狀持續或惡化時，請諮詢醫師或藥師。
下單前可先私訊索取藥證查詢方式與外盒標示照片。","私訊索取藥證查詢方式與外盒標示照片","圖卡：運動後不要立刻熱敷加藥膏 / 藥證可查 / 依標示使用","NEEDS_HUMAN_UPLOAD_OR_SELECTION","NEEDS_HUMAN_REVIEW_SAFE_TERM_CHECK","APPROVED_FOR_MANUAL_SCHEDULE_ONLY","READY_FOR_MANUAL_LINE_OA_INPUT","MANUAL_ONLY_NOT_API","LINE_DRYRUN_337","LINE337","衛福部中藥許可證：衛署成製015614；類別：乙類成藥；劑型：油膏劑。","退換貨、付款、客服、出貨、價格、通路與任何見證內容，發布前須由人工確認。","人工複製到 LINE OA 後台排程；不得用 API 自動發布。"
"2026-12-02","20:00","文字訊息","使用前先小範圍測試","使用前先小範圍測試

下單前，先看得懂標示與成分，比聽誇張話術更安心。

這款定位是外用油膏，重點是局部按摩、依標示使用。衛署成製015614，乙類成藥，資料可至衛福部中藥許可證系統查詢。

外用產品請依標示使用；身體不適、症狀持續或惡化時，請諮詢醫師或藥師。
下單前可先私訊索取藥證查詢方式與外盒標示照片。","私訊索取藥證查詢方式與外盒標示照片","圖卡：使用前先小範圍測試 / 藥證可查 / 依標示使用","NEEDS_HUMAN_UPLOAD_OR_SELECTION","NEEDS_HUMAN_REVIEW_SAFE_TERM_CHECK","APPROVED_FOR_MANUAL_SCHEDULE_ONLY","READY_FOR_MANUAL_LINE_OA_INPUT","MANUAL_ONLY_NOT_API","LINE_DRYRUN_338","LINE338","衛福部中藥許可證：衛署成製015614；類別：乙類成藥；劑型：油膏劑。","退換貨、付款、客服、出貨、價格、通路與任何見證內容，發布前須由人工確認。","人工複製到 LINE OA 後台排程；不得用 API 自動發布。"
"2026-12-03","12:00","文字訊息","長輩使用前先看標示","長輩使用前先看標示

幫長輩準備外用產品時，最重要的是安全、清楚、不要亂用。

這款定位是外用油膏，重點是局部按摩、依標示使用。衛署成製015614，乙類成藥，資料可至衛福部中藥許可證系統查詢。

外用產品請依標示使用；身體不適、症狀持續或惡化時，請諮詢醫師或藥師。
下單前可先私訊索取藥證查詢方式與外盒標示照片。","私訊索取藥證查詢方式與外盒標示照片","圖卡：長輩使用前先看標示 / 藥證可查 / 依標示使用","NEEDS_HUMAN_UPLOAD_OR_SELECTION","NEEDS_HUMAN_REVIEW_SAFE_TERM_CHECK","APPROVED_FOR_MANUAL_SCHEDULE_ONLY","READY_FOR_MANUAL_LINE_OA_INPUT","MANUAL_ONLY_NOT_API","LINE_DRYRUN_339","LINE339","衛福部中藥許可證：衛署成製015614；類別：乙類成藥；劑型：油膏劑。","退換貨、付款、客服、出貨、價格、通路與任何見證內容，發布前須由人工確認。","人工複製到 LINE OA 後台排程；不得用 API 自動發布。"
"2026-12-03","20:00","文字訊息","皮膚刺激時要停止使用","皮膚刺激時要停止使用

外用產品不是擦越多越好，用對位置、避開風險才安心。

這款定位是外用油膏，重點是局部按摩、依標示使用。衛署成製015614，乙類成藥，資料可至衛福部中藥許可證系統查詢。

外用產品請依標示使用；身體不適、症狀持續或惡化時，請諮詢醫師或藥師。
下單前可先私訊索取藥證查詢方式與外盒標示照片。","私訊索取藥證查詢方式與外盒標示照片","圖卡：皮膚刺激時要停止使用 / 藥證可查 / 依標示使用","NEEDS_HUMAN_UPLOAD_OR_SELECTION","NEEDS_HUMAN_REVIEW_SAFE_TERM_CHECK","APPROVED_FOR_MANUAL_SCHEDULE_ONLY","READY_FOR_MANUAL_LINE_OA_INPUT","MANUAL_ONLY_NOT_API","LINE_DRYRUN_340","LINE340","衛福部中藥許可證：衛署成製015614；類別：乙類成藥；劑型：油膏劑。","退換貨、付款、客服、出貨、價格、通路與任何見證內容，發布前須由人工確認。","人工複製到 LINE OA 後台排程；不得用 API 自動發布。"
"2026-12-04","12:00","文字訊息","寒露後肩背保養","寒露後肩背保養

換季時，身體保養不需要複雜，穩定的小習慣比較長久。

這款定位是外用油膏，重點是局部按摩、依標示使用。衛署成製015614，乙類成藥，資料可至衛福部中藥許可證系統查詢。

外用產品請依標示使用；身體不適、症狀持續或惡化時，請諮詢醫師或藥師。
下單前可先私訊索取藥證查詢方式與外盒標示照片。","私訊索取藥證查詢方式與外盒標示照片","圖卡：寒露後肩背保養 / 藥證可查 / 依標示使用","NEEDS_HUMAN_UPLOAD_OR_SELECTION","NEEDS_HUMAN_REVIEW_SAFE_TERM_CHECK","APPROVED_FOR_MANUAL_SCHEDULE_ONLY","READY_FOR_MANUAL_LINE_OA_INPUT","MANUAL_ONLY_NOT_API","LINE_DRYRUN_341","LINE341","衛福部中藥許可證：衛署成製015614；類別：乙類成藥；劑型：油膏劑。","退換貨、付款、客服、出貨、價格、通路與任何見證內容，發布前須由人工確認。","人工複製到 LINE OA 後台排程；不得用 API 自動發布。"
"2026-12-04","20:00","文字訊息","輕微拉扯後的觀察重點","輕微拉扯後的觀察重點

運動、搬重物、久站後，身體局部不適時，先休息、觀察，再做保守保養。

這款定位是外用油膏，重點是局部按摩、依標示使用。衛署成製015614，乙類成藥，資料可至衛福部中藥許可證系統查詢。

外用產品請依標示使用；身體不適、症狀持續或惡化時，請諮詢醫師或藥師。
下單前可先私訊索取藥證查詢方式與外盒標示照片。","私訊索取藥證查詢方式與外盒標示照片","圖卡：輕微拉扯後的觀察重點 / 藥證可查 / 依標示使用","NEEDS_HUMAN_UPLOAD_OR_SELECTION","NEEDS_HUMAN_REVIEW_SAFE_TERM_CHECK","APPROVED_FOR_MANUAL_SCHEDULE_ONLY","READY_FOR_MANUAL_LINE_OA_INPUT","MANUAL_ONLY_NOT_API","LINE_DRYRUN_342","LINE342","衛福部中藥許可證：衛署成製015614；類別：乙類成藥；劑型：油膏劑。","退換貨、付款、客服、出貨、價格、通路與任何見證內容，發布前須由人工確認。","人工複製到 LINE OA 後台排程；不得用 API 自動發布。"
"2026-12-05","12:00","文字訊息","擦完可以馬上熱敷嗎","擦完可以馬上熱敷嗎

很多人不是不想保養，是不知道什麼情況該先問清楚。

這款定位是外用油膏，重點是局部按摩、依標示使用。衛署成製015614，乙類成藥，資料可至衛福部中藥許可證系統查詢。

外用產品請依標示使用；身體不適、症狀持續或惡化時，請諮詢醫師或藥師。
下單前可先私訊索取藥證查詢方式與外盒標示照片。","私訊索取藥證查詢方式與外盒標示照片","圖卡：擦完可以馬上熱敷嗎 / 藥證可查 / 依標示使用","NEEDS_HUMAN_UPLOAD_OR_SELECTION","NEEDS_HUMAN_REVIEW_SAFE_TERM_CHECK","APPROVED_FOR_MANUAL_SCHEDULE_ONLY","READY_FOR_MANUAL_LINE_OA_INPUT","MANUAL_ONLY_NOT_API","LINE_DRYRUN_343","LINE343","衛福部中藥許可證：衛署成製015614；類別：乙類成藥；劑型：油膏劑。","退換貨、付款、客服、出貨、價格、通路與任何見證內容，發布前須由人工確認。","人工複製到 LINE OA 後台排程；不得用 API 自動發布。"
"2026-12-05","20:00","文字訊息","別把長期疼痛只當小問題","別把長期疼痛只當小問題

幫長輩準備外用產品時，最重要的是安全、清楚、不要亂用。

這款定位是外用油膏，重點是局部按摩、依標示使用。衛署成製015614，乙類成藥，資料可至衛福部中藥許可證系統查詢。

外用產品請依標示使用；身體不適、症狀持續或惡化時，請諮詢醫師或藥師。
下單前可先私訊索取藥證查詢方式與外盒標示照片。","私訊索取藥證查詢方式與外盒標示照片","圖卡：別把長期疼痛只當小問題 / 藥證可查 / 依標示使用","NEEDS_HUMAN_UPLOAD_OR_SELECTION","NEEDS_HUMAN_REVIEW_SAFE_TERM_CHECK","APPROVED_FOR_MANUAL_SCHEDULE_ONLY","READY_FOR_MANUAL_LINE_OA_INPUT","MANUAL_ONLY_NOT_API","LINE_DRYRUN_344","LINE344","衛福部中藥許可證：衛署成製015614；類別：乙類成藥；劑型：油膏劑。","退換貨、付款、客服、出貨、價格、通路與任何見證內容，發布前須由人工確認。","人工複製到 LINE OA 後台排程；不得用 API 自動發布。"
"2026-12-06","12:00","文字訊息","滑手機後頸部保養","滑手機後頸部保養

久坐、低頭、開會一整天後，肩頸常會提醒你該放鬆一下。

這款定位是外用油膏，重點是局部按摩、依標示使用。衛署成製015614，乙類成藥，資料可至衛福部中藥許可證系統查詢。

外用產品請依標示使用；身體不適、症狀持續或惡化時，請諮詢醫師或藥師。
下單前可先私訊索取藥證查詢方式與外盒標示照片。","私訊索取藥證查詢方式與外盒標示照片","圖卡：滑手機後頸部保養 / 藥證可查 / 依標示使用","NEEDS_HUMAN_UPLOAD_OR_SELECTION","NEEDS_HUMAN_REVIEW_SAFE_TERM_CHECK","APPROVED_FOR_MANUAL_SCHEDULE_ONLY","READY_FOR_MANUAL_LINE_OA_INPUT","MANUAL_ONLY_NOT_API","LINE_DRYRUN_345","LINE345","衛福部中藥許可證：衛署成製015614；類別：乙類成藥；劑型：油膏劑。","退換貨、付款、客服、出貨、價格、通路與任何見證內容，發布前須由人工確認。","人工複製到 LINE OA 後台排程；不得用 API 自動發布。"
"2026-12-06","20:00","文字訊息","產品不是神藥，定位要講清楚","產品不是神藥，定位要講清楚

下單前，先看得懂標示與成分，比聽誇張話術更安心。

這款定位是外用油膏，重點是局部按摩、依標示使用。衛署成製015614，乙類成藥，資料可至衛福部中藥許可證系統查詢。

外用產品請依標示使用；身體不適、症狀持續或惡化時，請諮詢醫師或藥師。
下單前可先私訊索取藥證查詢方式與外盒標示照片。","私訊索取藥證查詢方式與外盒標示照片","圖卡：產品不是神藥，定位要講清楚 / 藥證可查 / 依標示使用","NEEDS_HUMAN_UPLOAD_OR_SELECTION","NEEDS_HUMAN_REVIEW_SAFE_TERM_CHECK","APPROVED_FOR_MANUAL_SCHEDULE_ONLY","READY_FOR_MANUAL_LINE_OA_INPUT","MANUAL_ONLY_NOT_API","LINE_DRYRUN_346","LINE346","衛福部中藥許可證：衛署成製015614；類別：乙類成藥；劑型：油膏劑。","退換貨、付款、客服、出貨、價格、通路與任何見證內容，發布前須由人工確認。","人工複製到 LINE OA 後台排程；不得用 API 自動發布。"
"2026-12-07","12:00","文字訊息","立冬前後的日常舒緩儀式","立冬前後的日常舒緩儀式

換季時，身體保養不需要複雜，穩定的小習慣比較長久。

這款定位是外用油膏，重點是局部按摩、依標示使用。衛署成製015614，乙類成藥，資料可至衛福部中藥許可證系統查詢。

外用產品請依標示使用；身體不適、症狀持續或惡化時，請諮詢醫師或藥師。
下單前可先私訊索取藥證查詢方式與外盒標示照片。","私訊索取藥證查詢方式與外盒標示照片","圖卡：立冬前後的日常舒緩儀式 / 藥證可查 / 依標示使用","NEEDS_HUMAN_UPLOAD_OR_SELECTION","NEEDS_HUMAN_REVIEW_SAFE_TERM_CHECK","APPROVED_FOR_MANUAL_SCHEDULE_ONLY","READY_FOR_MANUAL_LINE_OA_INPUT","MANUAL_ONLY_NOT_API","LINE_DRYRUN_347","LINE347","衛福部中藥許可證：衛署成製015614；類別：乙類成藥；劑型：油膏劑。","退換貨、付款、客服、出貨、價格、通路與任何見證內容，發布前須由人工確認。","人工複製到 LINE OA 後台排程；不得用 API 自動發布。"
"2026-12-07","20:00","文字訊息","深層症狀不適合自行處理","深層症狀不適合自行處理

外用產品不是擦越多越好，用對位置、避開風險才安心。

這款定位是外用油膏，重點是局部按摩、依標示使用。衛署成製015614，乙類成藥，資料可至衛福部中藥許可證系統查詢。

外用產品請依標示使用；身體不適、症狀持續或惡化時，請諮詢醫師或藥師。
下單前可先私訊索取藥證查詢方式與外盒標示照片。","私訊索取藥證查詢方式與外盒標示照片","圖卡：深層症狀不適合自行處理 / 藥證可查 / 依標示使用","NEEDS_HUMAN_UPLOAD_OR_SELECTION","NEEDS_HUMAN_REVIEW_SAFE_TERM_CHECK","APPROVED_FOR_MANUAL_SCHEDULE_ONLY","READY_FOR_MANUAL_LINE_OA_INPUT","MANUAL_ONLY_NOT_API","LINE_DRYRUN_348","LINE348","衛福部中藥許可證：衛署成製015614；類別：乙類成藥；劑型：油膏劑。","退換貨、付款、客服、出貨、價格、通路與任何見證內容，發布前須由人工確認。","人工複製到 LINE OA 後台排程；不得用 API 自動發布。"
"2026-12-08","12:00","文字訊息","每篇貼文都要人工審核","每篇貼文都要人工審核

我們寧願把資料講清楚，也不想用誇大的話讓你衝動購買。

這款定位是外用油膏，重點是局部按摩、依標示使用。衛署成製015614，乙類成藥，資料可至衛福部中藥許可證系統查詢。

外用產品請依標示使用；身體不適、症狀持續或惡化時，請諮詢醫師或藥師。
下單前可先私訊索取藥證查詢方式與外盒標示照片。","私訊索取藥證查詢方式與外盒標示照片","圖卡：每篇貼文都要人工審核 / 藥證可查 / 依標示使用","NEEDS_HUMAN_UPLOAD_OR_SELECTION","NEEDS_HUMAN_REVIEW_SAFE_TERM_CHECK","APPROVED_FOR_MANUAL_SCHEDULE_ONLY","READY_FOR_MANUAL_LINE_OA_INPUT","MANUAL_ONLY_NOT_API","LINE_DRYRUN_349","LINE349","衛福部中藥許可證：衛署成製015614；類別：乙類成藥；劑型：油膏劑。","退換貨、付款、客服、出貨、價格、通路與任何見證內容，發布前須由人工確認。","人工複製到 LINE OA 後台排程；不得用 API 自動發布。"
"2026-12-08","20:00","文字訊息","哪些情況應該先就醫","哪些情況應該先就醫

很多人不是不想保養，是不知道什麼情況該先問清楚。

這款定位是外用油膏，重點是局部按摩、依標示使用。衛署成製015614，乙類成藥，資料可至衛福部中藥許可證系統查詢。

外用產品請依標示使用；身體不適、症狀持續或惡化時，請諮詢醫師或藥師。
下單前可先私訊索取藥證查詢方式與外盒標示照片。","私訊索取藥證查詢方式與外盒標示照片","圖卡：哪些情況應該先就醫 / 藥證可查 / 依標示使用","NEEDS_HUMAN_UPLOAD_OR_SELECTION","NEEDS_HUMAN_REVIEW_SAFE_TERM_CHECK","APPROVED_FOR_MANUAL_SCHEDULE_ONLY","READY_FOR_MANUAL_LINE_OA_INPUT","MANUAL_ONLY_NOT_API","LINE_DRYRUN_350","LINE350","衛福部中藥許可證：衛署成製015614；類別：乙類成藥；劑型：油膏劑。","退換貨、付款、客服、出貨、價格、通路與任何見證內容，發布前須由人工確認。","人工複製到 LINE OA 後台排程；不得用 API 自動發布。"
"2026-12-09","12:00","文字訊息","運動後局部痠痛的保守處理","運動後局部痠痛的保守處理

運動、搬重物、久站後，身體局部不適時，先休息、觀察，再做保守保養。

這款定位是外用油膏，重點是局部按摩、依標示使用。衛署成製015614，乙類成藥，資料可至衛福部中藥許可證系統查詢。

外用產品請依標示使用；身體不適、症狀持續或惡化時，請諮詢醫師或藥師。
下單前可先私訊索取藥證查詢方式與外盒標示照片。","私訊索取藥證查詢方式與外盒標示照片","圖卡：運動後局部痠痛的保守處理 / 藥證可查 / 依標示使用","NEEDS_HUMAN_UPLOAD_OR_SELECTION","NEEDS_HUMAN_REVIEW_SAFE_TERM_CHECK","APPROVED_FOR_MANUAL_SCHEDULE_ONLY","READY_FOR_MANUAL_LINE_OA_INPUT","MANUAL_ONLY_NOT_API","LINE_DRYRUN_351","LINE351","衛福部中藥許可證：衛署成製015614；類別：乙類成藥；劑型：油膏劑。","退換貨、付款、客服、出貨、價格、通路與任何見證內容，發布前須由人工確認。","人工複製到 LINE OA 後台排程；不得用 API 自動發布。"
"2026-12-09","20:00","文字訊息","冬青油與清涼舒緩體感","冬青油與清涼舒緩體感

下單前，先看得懂標示與成分，比聽誇張話術更安心。

這款定位是外用油膏，重點是局部按摩、依標示使用。衛署成製015614，乙類成藥，資料可至衛福部中藥許可證系統查詢。

外用產品請依標示使用；身體不適、症狀持續或惡化時，請諮詢醫師或藥師。
下單前可先私訊索取藥證查詢方式與外盒標示照片。","私訊索取藥證查詢方式與外盒標示照片","圖卡：冬青油與清涼舒緩體感 / 藥證可查 / 依標示使用","NEEDS_HUMAN_UPLOAD_OR_SELECTION","NEEDS_HUMAN_REVIEW_SAFE_TERM_CHECK","APPROVED_FOR_MANUAL_SCHEDULE_ONLY","READY_FOR_MANUAL_LINE_OA_INPUT","MANUAL_ONLY_NOT_API","LINE_DRYRUN_352","LINE352","衛福部中藥許可證：衛署成製015614；類別：乙類成藥；劑型：油膏劑。","退換貨、付款、客服、出貨、價格、通路與任何見證內容，發布前須由人工確認。","人工複製到 LINE OA 後台排程；不得用 API 自動發布。"
"2026-12-10","12:00","文字訊息","早晨活動前的關節暖身","早晨活動前的關節暖身

幫長輩準備外用產品時，最重要的是安全、清楚、不要亂用。

這款定位是外用油膏，重點是局部按摩、依標示使用。衛署成製015614，乙類成藥，資料可至衛福部中藥許可證系統查詢。

外用產品請依標示使用；身體不適、症狀持續或惡化時，請諮詢醫師或藥師。
下單前可先私訊索取藥證查詢方式與外盒標示照片。","私訊索取藥證查詢方式與外盒標示照片","圖卡：早晨活動前的關節暖身 / 藥證可查 / 依標示使用","NEEDS_HUMAN_UPLOAD_OR_SELECTION","NEEDS_HUMAN_REVIEW_SAFE_TERM_CHECK","APPROVED_FOR_MANUAL_SCHEDULE_ONLY","READY_FOR_MANUAL_LINE_OA_INPUT","MANUAL_ONLY_NOT_API","LINE_DRYRUN_353","LINE353","衛福部中藥許可證：衛署成製015614；類別：乙類成藥；劑型：油膏劑。","退換貨、付款、客服、出貨、價格、通路與任何見證內容，發布前須由人工確認。","人工複製到 LINE OA 後台排程；不得用 API 自動發布。"
"2026-12-10","20:00","文字訊息","不能擦在破皮或傷口","不能擦在破皮或傷口

外用產品不是擦越多越好，用對位置、避開風險才安心。

這款定位是外用油膏，重點是局部按摩、依標示使用。衛署成製015614，乙類成藥，資料可至衛福部中藥許可證系統查詢。

外用產品請依標示使用；身體不適、症狀持續或惡化時，請諮詢醫師或藥師。
下單前可先私訊索取藥證查詢方式與外盒標示照片。","私訊索取藥證查詢方式與外盒標示照片","圖卡：不能擦在破皮或傷口 / 藥證可查 / 依標示使用","NEEDS_HUMAN_UPLOAD_OR_SELECTION","NEEDS_HUMAN_REVIEW_SAFE_TERM_CHECK","APPROVED_FOR_MANUAL_SCHEDULE_ONLY","READY_FOR_MANUAL_LINE_OA_INPUT","MANUAL_ONLY_NOT_API","LINE_DRYRUN_354","LINE354","衛福部中藥許可證：衛署成製015614；類別：乙類成藥；劑型：油膏劑。","退換貨、付款、客服、出貨、價格、通路與任何見證內容，發布前須由人工確認。","人工複製到 LINE OA 後台排程；不得用 API 自動發布。"
"2026-12-11","12:00","文字訊息","芒種後濕熱生活保養","芒種後濕熱生活保養

換季時，身體保養不需要複雜，穩定的小習慣比較長久。

這款定位是外用油膏，重點是局部按摩、依標示使用。衛署成製015614，乙類成藥，資料可至衛福部中藥許可證系統查詢。

外用產品請依標示使用；身體不適、症狀持續或惡化時，請諮詢醫師或藥師。
下單前可先私訊索取藥證查詢方式與外盒標示照片。","私訊索取藥證查詢方式與外盒標示照片","圖卡：芒種後濕熱生活保養 / 藥證可查 / 依標示使用","NEEDS_HUMAN_UPLOAD_OR_SELECTION","NEEDS_HUMAN_REVIEW_SAFE_TERM_CHECK","APPROVED_FOR_MANUAL_SCHEDULE_ONLY","READY_FOR_MANUAL_LINE_OA_INPUT","MANUAL_ONLY_NOT_API","LINE_DRYRUN_355","LINE355","衛福部中藥許可證：衛署成製015614；類別：乙類成藥；劑型：油膏劑。","退換貨、付款、客服、出貨、價格、通路與任何見證內容，發布前須由人工確認。","人工複製到 LINE OA 後台排程；不得用 API 自動發布。"
"2026-12-11","20:00","文字訊息","久站後小腿不適舒緩","久站後小腿不適舒緩

運動、搬重物、久站後，身體局部不適時，先休息、觀察，再做保守保養。

這款定位是外用油膏，重點是局部按摩、依標示使用。衛署成製015614，乙類成藥，資料可至衛福部中藥許可證系統查詢。

外用產品請依標示使用；身體不適、症狀持續或惡化時，請諮詢醫師或藥師。
下單前可先私訊索取藥證查詢方式與外盒標示照片。","私訊索取藥證查詢方式與外盒標示照片","圖卡：久站後小腿不適舒緩 / 藥證可查 / 依標示使用","NEEDS_HUMAN_UPLOAD_OR_SELECTION","NEEDS_HUMAN_REVIEW_SAFE_TERM_CHECK","APPROVED_FOR_MANUAL_SCHEDULE_ONLY","READY_FOR_MANUAL_LINE_OA_INPUT","MANUAL_ONLY_NOT_API","LINE_DRYRUN_356","LINE356","衛福部中藥許可證：衛署成製015614；類別：乙類成藥；劑型：油膏劑。","退換貨、付款、客服、出貨、價格、通路與任何見證內容，發布前須由人工確認。","人工複製到 LINE OA 後台排程；不得用 API 自動發布。"
"2026-12-12","12:00","文字訊息","你最常哪個部位緊繃","你最常哪個部位緊繃

很多人不是不想保養，是不知道什麼情況該先問清楚。

這款定位是外用油膏，重點是局部按摩、依標示使用。衛署成製015614，乙類成藥，資料可至衛福部中藥許可證系統查詢。

外用產品請依標示使用；身體不適、症狀持續或惡化時，請諮詢醫師或藥師。
下單前可先私訊索取藥證查詢方式與外盒標示照片。","私訊索取藥證查詢方式與外盒標示照片","圖卡：你最常哪個部位緊繃 / 藥證可查 / 依標示使用","NEEDS_HUMAN_UPLOAD_OR_SELECTION","NEEDS_HUMAN_REVIEW_SAFE_TERM_CHECK","APPROVED_FOR_MANUAL_SCHEDULE_ONLY","READY_FOR_MANUAL_LINE_OA_INPUT","MANUAL_ONLY_NOT_API","LINE_DRYRUN_357","LINE357","衛福部中藥許可證：衛署成製015614；類別：乙類成藥；劑型：油膏劑。","退換貨、付款、客服、出貨、價格、通路與任何見證內容，發布前須由人工確認。","人工複製到 LINE OA 後台排程；不得用 API 自動發布。"
"2026-12-12","20:00","文字訊息","長輩外用膏使用安全","長輩外用膏使用安全

幫長輩準備外用產品時，最重要的是安全、清楚、不要亂用。

這款定位是外用油膏，重點是局部按摩、依標示使用。衛署成製015614，乙類成藥，資料可至衛福部中藥許可證系統查詢。

外用產品請依標示使用；身體不適、症狀持續或惡化時，請諮詢醫師或藥師。
下單前可先私訊索取藥證查詢方式與外盒標示照片。","私訊索取藥證查詢方式與外盒標示照片","圖卡：長輩外用膏使用安全 / 藥證可查 / 依標示使用","NEEDS_HUMAN_UPLOAD_OR_SELECTION","NEEDS_HUMAN_REVIEW_SAFE_TERM_CHECK","APPROVED_FOR_MANUAL_SCHEDULE_ONLY","READY_FOR_MANUAL_LINE_OA_INPUT","MANUAL_ONLY_NOT_API","LINE_DRYRUN_358","LINE358","衛福部中藥許可證：衛署成製015614；類別：乙類成藥；劑型：油膏劑。","退換貨、付款、客服、出貨、價格、通路與任何見證內容，發布前須由人工確認。","人工複製到 LINE OA 後台排程；不得用 API 自動發布。"
"2026-12-13","12:00","文字訊息","辦公桌前的姿勢檢查","辦公桌前的姿勢檢查

久坐、低頭、開會一整天後，肩頸常會提醒你該放鬆一下。

這款定位是外用油膏，重點是局部按摩、依標示使用。衛署成製015614，乙類成藥，資料可至衛福部中藥許可證系統查詢。

外用產品請依標示使用；身體不適、症狀持續或惡化時，請諮詢醫師或藥師。
下單前可先私訊索取藥證查詢方式與外盒標示照片。","私訊索取藥證查詢方式與外盒標示照片","圖卡：辦公桌前的姿勢檢查 / 藥證可查 / 依標示使用","NEEDS_HUMAN_UPLOAD_OR_SELECTION","NEEDS_HUMAN_REVIEW_SAFE_TERM_CHECK","APPROVED_FOR_MANUAL_SCHEDULE_ONLY","READY_FOR_MANUAL_LINE_OA_INPUT","MANUAL_ONLY_NOT_API","LINE_DRYRUN_359","LINE359","衛福部中藥許可證：衛署成製015614；類別：乙類成藥；劑型：油膏劑。","退換貨、付款、客服、出貨、價格、通路與任何見證內容，發布前須由人工確認。","人工複製到 LINE OA 後台排程；不得用 API 自動發布。"
"2026-12-13","20:00","文字訊息","薄荷腦帶來的涼感來源","薄荷腦帶來的涼感來源

下單前，先看得懂標示與成分，比聽誇張話術更安心。

這款定位是外用油膏，重點是局部按摩、依標示使用。衛署成製015614，乙類成藥，資料可至衛福部中藥許可證系統查詢。

外用產品請依標示使用；身體不適、症狀持續或惡化時，請諮詢醫師或藥師。
下單前可先私訊索取藥證查詢方式與外盒標示照片。","私訊索取藥證查詢方式與外盒標示照片","圖卡：薄荷腦帶來的涼感來源 / 藥證可查 / 依標示使用","NEEDS_HUMAN_UPLOAD_OR_SELECTION","NEEDS_HUMAN_REVIEW_SAFE_TERM_CHECK","APPROVED_FOR_MANUAL_SCHEDULE_ONLY","READY_FOR_MANUAL_LINE_OA_INPUT","MANUAL_ONLY_NOT_API","LINE_DRYRUN_360","LINE360","衛福部中藥許可證：衛署成製015614；類別：乙類成藥；劑型：油膏劑。","退換貨、付款、客服、出貨、價格、通路與任何見證內容，發布前須由人工確認。","人工複製到 LINE OA 後台排程；不得用 API 自動發布。"
