platform_post_id,source_post_id,date,time,platform,topic_title,pillar_code,risk_level,review_status,publish_allowed,draft_title,main_text,caption_or_description,asset_brief,trust_assets_required,truth_basis,must_verify_before_publish
TikTok_LINE001_V2,LINE001,2026-06-04,12:00,TikTok,運動後局部痠痛的保守處理,C,中,pending_legal_pharmacist_review,false,運動後局部痠痛的保守處理,"0-3秒：買一條根，先別急著下單，先看這三個地方。
3-10秒：鏡頭拍外盒標示與衛署成製015614。
10-20秒：拍產品質地，旁白：這是外用油膏，依標示使用。
20-32秒：切入主題「運動後局部痠痛的保守處理」，說明適合日常局部按摩保養情境。
32-40秒：安全提醒：明顯腫脹、劇痛、活動受限或疑似受傷時，請先就醫。
40-45秒：想看藥證查詢方式，請看置頂或私訊。",衛署成製015614，乙類成藥，資料可至衛福部中藥許可證系統查詢。外用產品請依標示使用；身體不適、症狀持續或惡化時，請諮詢醫師或藥師。想看藥證查詢與外盒標示，請看置頂或私訊索取。,9:16實拍短影音：外盒標示、藥證查詢、質地近拍、客服入口,建議搭配：外盒標示實拍、藥證查詢截圖、產品質地短影片、客服回覆截圖（遮個資）。,衛福部中藥許可證：衛署成製015614；類別：乙類成藥；劑型：油膏劑。,退換貨、付款、客服、出貨、價格、通路與任何見證內容，發布前須由人工確認。
TikTok_LINE002_V2,LINE002,2026-06-04,20:00,TikTok,冬青油與清涼舒緩體感,A,中,pending_legal_pharmacist_review,false,冬青油與清涼舒緩體感,"0-3秒：買一條根，先別急著下單，先看這三個地方。
3-10秒：鏡頭拍外盒標示與衛署成製015614。
10-20秒：拍產品質地，旁白：這是外用油膏，依標示使用。
20-32秒：切入主題「冬青油與清涼舒緩體感」，說明適合日常局部按摩保養情境。
32-40秒：安全提醒：僅供外用；避免眼周、黏膜、破皮或傷口。
40-45秒：想看藥證查詢方式，請看置頂或私訊。",衛署成製015614，乙類成藥，資料可至衛福部中藥許可證系統查詢。外用產品請依標示使用；身體不適、症狀持續或惡化時，請諮詢醫師或藥師。想看藥證查詢與外盒標示，請看置頂或私訊索取。,9:16實拍短影音：外盒標示、藥證查詢、質地近拍、客服入口,建議搭配：外盒標示實拍、藥證查詢截圖、產品質地短影片、客服回覆截圖（遮個資）。,衛福部中藥許可證：衛署成製015614；類別：乙類成藥；劑型：油膏劑。,退換貨、付款、客服、出貨、價格、通路與任何見證內容，發布前須由人工確認。
TikTok_LINE003_V2,LINE003,2026-06-05,12:00,TikTok,早晨活動前的關節暖身,D,中,pending_legal_pharmacist_review,false,早晨活動前的關節暖身,"0-3秒：買一條根，先別急著下單，先看這三個地方。
3-10秒：鏡頭拍外盒標示與衛署成製015614。
10-20秒：拍產品質地，旁白：這是外用油膏，依標示使用。
20-32秒：切入主題「早晨活動前的關節暖身」，說明適合日常局部按摩保養情境。
32-40秒：安全提醒：關節腫痛、紅熱、長期疼痛或行走困難，請就醫評估。
40-45秒：想看藥證查詢方式，請看置頂或私訊。",衛署成製015614，乙類成藥，資料可至衛福部中藥許可證系統查詢。外用產品請依標示使用；身體不適、症狀持續或惡化時，請諮詢醫師或藥師。想看藥證查詢與外盒標示，請看置頂或私訊索取。,9:16實拍短影音：外盒標示、藥證查詢、質地近拍、客服入口,建議搭配：外盒標示實拍、藥證查詢截圖、產品質地短影片、客服回覆截圖（遮個資）。,衛福部中藥許可證：衛署成製015614；類別：乙類成藥；劑型：油膏劑。,退換貨、付款、客服、出貨、價格、通路與任何見證內容，發布前須由人工確認。
TikTok_LINE004_V2,LINE004,2026-06-05,20:00,TikTok,不能擦在破皮或傷口,E,高,pending_legal_pharmacist_review,false,不能擦在破皮或傷口,"0-3秒：買一條根，先別急著下單，先看這三個地方。
3-10秒：鏡頭拍外盒標示與衛署成製015614。
10-20秒：拍產品質地，旁白：這是外用油膏，依標示使用。
20-32秒：切入主題「不能擦在破皮或傷口」，說明適合日常局部按摩保養情境。
32-40秒：安全提醒：2 歲以下、孕哺、過敏體質、抗凝血藥使用者請先詢問專業人員。
40-45秒：想看藥證查詢方式，請看置頂或私訊。",衛署成製015614，乙類成藥，資料可至衛福部中藥許可證系統查詢。外用產品請依標示使用；身體不適、症狀持續或惡化時，請諮詢醫師或藥師。想看藥證查詢與外盒標示，請看置頂或私訊索取。,9:16實拍短影音：外盒標示、藥證查詢、質地近拍、客服入口,建議搭配：外盒標示實拍、藥證查詢截圖、產品質地短影片、客服回覆截圖（遮個資）。,衛福部中藥許可證：衛署成製015614；類別：乙類成藥；劑型：油膏劑。,退換貨、付款、客服、出貨、價格、通路與任何見證內容，發布前須由人工確認。
TikTok_LINE005_V2,LINE005,2026-06-06,12:00,TikTok,芒種後濕熱生活保養,F,低,pending_legal_pharmacist_review,false,芒種後濕熱生活保養,"0-3秒：買一條根，先別急著下單，先看這三個地方。
3-10秒：鏡頭拍外盒標示與衛署成製015614。
10-20秒：拍產品質地，旁白：這是外用油膏，依標示使用。
20-32秒：切入主題「芒種後濕熱生活保養」，說明適合日常局部按摩保養情境。
32-40秒：安全提醒：節氣養生屬一般生活資訊，身體不適仍應諮詢專業人員。
40-45秒：想看藥證查詢方式，請看置頂或私訊。",衛署成製015614，乙類成藥，資料可至衛福部中藥許可證系統查詢。外用產品請依標示使用；身體不適、症狀持續或惡化時，請諮詢醫師或藥師。想看藥證查詢與外盒標示，請看置頂或私訊索取。,9:16實拍短影音：外盒標示、藥證查詢、質地近拍、客服入口,建議搭配：外盒標示實拍、藥證查詢截圖、產品質地短影片、客服回覆截圖（遮個資）。,衛福部中藥許可證：衛署成製015614；類別：乙類成藥；劑型：油膏劑。,退換貨、付款、客服、出貨、價格、通路與任何見證內容，發布前須由人工確認。
TikTok_LINE006_V2,LINE006,2026-06-06,20:00,TikTok,久站後小腿不適舒緩,C,中,pending_legal_pharmacist_review,false,久站後小腿不適舒緩,"0-3秒：買一條根，先別急著下單，先看這三個地方。
3-10秒：鏡頭拍外盒標示與衛署成製015614。
10-20秒：拍產品質地，旁白：這是外用油膏，依標示使用。
20-32秒：切入主題「久站後小腿不適舒緩」，說明適合日常局部按摩保養情境。
32-40秒：安全提醒：明顯腫脹、劇痛、活動受限或疑似受傷時，請先就醫。
40-45秒：想看藥證查詢方式，請看置頂或私訊。",衛署成製015614，乙類成藥，資料可至衛福部中藥許可證系統查詢。外用產品請依標示使用；身體不適、症狀持續或惡化時，請諮詢醫師或藥師。想看藥證查詢與外盒標示，請看置頂或私訊索取。,9:16實拍短影音：外盒標示、藥證查詢、質地近拍、客服入口,建議搭配：外盒標示實拍、藥證查詢截圖、產品質地短影片、客服回覆截圖（遮個資）。,衛福部中藥許可證：衛署成製015614；類別：乙類成藥；劑型：油膏劑。,退換貨、付款、客服、出貨、價格、通路與任何見證內容，發布前須由人工確認。
TikTok_LINE007_V2,LINE007,2026-06-07,12:00,TikTok,你最常哪個部位緊繃,G,低,pending_legal_pharmacist_review,false,你最常哪個部位緊繃,"0-3秒：買一條根，先別急著下單，先看這三個地方。
3-10秒：鏡頭拍外盒標示與衛署成製015614。
10-20秒：拍產品質地，旁白：這是外用油膏，依標示使用。
20-32秒：切入主題「你最常哪個部位緊繃」，說明適合日常局部按摩保養情境。
32-40秒：安全提醒：互動回答不取代醫師或藥師建議。
40-45秒：想看藥證查詢方式，請看置頂或私訊。",衛署成製015614，乙類成藥，資料可至衛福部中藥許可證系統查詢。外用產品請依標示使用；身體不適、症狀持續或惡化時，請諮詢醫師或藥師。想看藥證查詢與外盒標示，請看置頂或私訊索取。,9:16實拍短影音：外盒標示、藥證查詢、質地近拍、客服入口,建議搭配：外盒標示實拍、藥證查詢截圖、產品質地短影片、客服回覆截圖（遮個資）。,衛福部中藥許可證：衛署成製015614；類別：乙類成藥；劑型：油膏劑。,退換貨、付款、客服、出貨、價格、通路與任何見證內容，發布前須由人工確認。
TikTok_LINE008_V2,LINE008,2026-06-07,20:00,TikTok,長輩外用膏使用安全,D,中,pending_legal_pharmacist_review,false,長輩外用膏使用安全,"0-3秒：買一條根，先別急著下單，先看這三個地方。
3-10秒：鏡頭拍外盒標示與衛署成製015614。
10-20秒：拍產品質地，旁白：這是外用油膏，依標示使用。
20-32秒：切入主題「長輩外用膏使用安全」，說明適合日常局部按摩保養情境。
32-40秒：安全提醒：關節腫痛、紅熱、長期疼痛或行走困難，請就醫評估。
40-45秒：想看藥證查詢方式，請看置頂或私訊。",衛署成製015614，乙類成藥，資料可至衛福部中藥許可證系統查詢。外用產品請依標示使用；身體不適、症狀持續或惡化時，請諮詢醫師或藥師。想看藥證查詢與外盒標示，請看置頂或私訊索取。,9:16實拍短影音：外盒標示、藥證查詢、質地近拍、客服入口,建議搭配：外盒標示實拍、藥證查詢截圖、產品質地短影片、客服回覆截圖（遮個資）。,衛福部中藥許可證：衛署成製015614；類別：乙類成藥；劑型：油膏劑。,退換貨、付款、客服、出貨、價格、通路與任何見證內容，發布前須由人工確認。
TikTok_LINE009_V2,LINE009,2026-06-08,12:00,TikTok,低頭族肩頸緊繃的三個提醒,B,低,pending_legal_pharmacist_review,false,低頭族肩頸緊繃的三個提醒,"0-3秒：買一條根，先別急著下單，先看這三個地方。
3-10秒：鏡頭拍外盒標示與衛署成製015614。
10-20秒：拍產品質地，旁白：這是外用油膏，依標示使用。
20-32秒：切入主題「低頭族肩頸緊繃的三個提醒」，說明適合日常局部按摩保養情境。
32-40秒：安全提醒：若痠痛持續、麻木或影響活動，請諮詢醫師或藥師。
40-45秒：想看藥證查詢方式，請看置頂或私訊。",衛署成製015614，乙類成藥，資料可至衛福部中藥許可證系統查詢。外用產品請依標示使用；身體不適、症狀持續或惡化時，請諮詢醫師或藥師。想看藥證查詢與外盒標示，請看置頂或私訊索取。,9:16實拍短影音：外盒標示、藥證查詢、質地近拍、客服入口,建議搭配：外盒標示實拍、藥證查詢截圖、產品質地短影片、客服回覆截圖（遮個資）。,衛福部中藥許可證：衛署成製015614；類別：乙類成藥；劑型：油膏劑。,退換貨、付款、客服、出貨、價格、通路與任何見證內容，發布前須由人工確認。
TikTok_LINE010_V2,LINE010,2026-06-08,20:00,TikTok,薄荷腦帶來的涼感來源,A,中,pending_legal_pharmacist_review,false,薄荷腦帶來的涼感來源,"0-3秒：買一條根，先別急著下單，先看這三個地方。
3-10秒：鏡頭拍外盒標示與衛署成製015614。
10-20秒：拍產品質地，旁白：這是外用油膏，依標示使用。
20-32秒：切入主題「薄荷腦帶來的涼感來源」，說明適合日常局部按摩保養情境。
32-40秒：安全提醒：僅供外用；避免眼周、黏膜、破皮或傷口。
40-45秒：想看藥證查詢方式，請看置頂或私訊。",衛署成製015614，乙類成藥，資料可至衛福部中藥許可證系統查詢。外用產品請依標示使用；身體不適、症狀持續或惡化時，請諮詢醫師或藥師。想看藥證查詢與外盒標示，請看置頂或私訊索取。,9:16實拍短影音：外盒標示、藥證查詢、質地近拍、客服入口,建議搭配：外盒標示實拍、藥證查詢截圖、產品質地短影片、客服回覆截圖（遮個資）。,衛福部中藥許可證：衛署成製015614；類別：乙類成藥；劑型：油膏劑。,退換貨、付款、客服、出貨、價格、通路與任何見證內容，發布前須由人工確認。
TikTok_LINE011_V2,LINE011,2026-06-09,12:00,TikTok,夏季冷氣房的肩頸保養,F,低,pending_legal_pharmacist_review,false,夏季冷氣房的肩頸保養,"0-3秒：買一條根，先別急著下單，先看這三個地方。
3-10秒：鏡頭拍外盒標示與衛署成製015614。
10-20秒：拍產品質地，旁白：這是外用油膏，依標示使用。
20-32秒：切入主題「夏季冷氣房的肩頸保養」，說明適合日常局部按摩保養情境。
32-40秒：安全提醒：節氣養生屬一般生活資訊，身體不適仍應諮詢專業人員。
40-45秒：想看藥證查詢方式，請看置頂或私訊。",衛署成製015614，乙類成藥，資料可至衛福部中藥許可證系統查詢。外用產品請依標示使用；身體不適、症狀持續或惡化時，請諮詢醫師或藥師。想看藥證查詢與外盒標示，請看置頂或私訊索取。,9:16實拍短影音：外盒標示、藥證查詢、質地近拍、客服入口,建議搭配：外盒標示實拍、藥證查詢截圖、產品質地短影片、客服回覆截圖（遮個資）。,衛福部中藥許可證：衛署成製015614；類別：乙類成藥；劑型：油膏劑。,退換貨、付款、客服、出貨、價格、通路與任何見證內容，發布前須由人工確認。
TikTok_LINE012_V2,LINE012,2026-06-09,20:00,TikTok,外用膏避免眼周與黏膜,E,高,pending_legal_pharmacist_review,false,外用膏避免眼周與黏膜,"0-3秒：買一條根，先別急著下單，先看這三個地方。
3-10秒：鏡頭拍外盒標示與衛署成製015614。
10-20秒：拍產品質地，旁白：這是外用油膏，依標示使用。
20-32秒：切入主題「外用膏避免眼周與黏膜」，說明適合日常局部按摩保養情境。
32-40秒：安全提醒：2 歲以下、孕哺、過敏體質、抗凝血藥使用者請先詢問專業人員。
40-45秒：想看藥證查詢方式，請看置頂或私訊。",衛署成製015614，乙類成藥，資料可至衛福部中藥許可證系統查詢。外用產品請依標示使用；身體不適、症狀持續或惡化時，請諮詢醫師或藥師。想看藥證查詢與外盒標示，請看置頂或私訊索取。,9:16實拍短影音：外盒標示、藥證查詢、質地近拍、客服入口,建議搭配：外盒標示實拍、藥證查詢截圖、產品質地短影片、客服回覆截圖（遮個資）。,衛福部中藥許可證：衛署成製015614；類別：乙類成藥；劑型：油膏劑。,退換貨、付款、客服、出貨、價格、通路與任何見證內容，發布前須由人工確認。
TikTok_LINE013_V2,LINE013,2026-06-10,12:00,TikTok,為什麼我們重視藥證與標示,H,中,pending_legal_pharmacist_review,false,為什麼我們重視藥證與標示,"0-3秒：買一條根，先別急著下單，先看這三個地方。
3-10秒：鏡頭拍外盒標示與衛署成製015614。
10-20秒：拍產品質地，旁白：這是外用油膏，依標示使用。
20-32秒：切入主題「為什麼我們重視藥證與標示」，說明適合日常局部按摩保養情境。
32-40秒：安全提醒：所有廣告文案仍須依主管機關與專業人員審核。
40-45秒：想看藥證查詢方式，請看置頂或私訊。",衛署成製015614，乙類成藥，資料可至衛福部中藥許可證系統查詢。外用產品請依標示使用；身體不適、症狀持續或惡化時，請諮詢醫師或藥師。想看藥證查詢與外盒標示，請看置頂或私訊索取。,9:16實拍短影音：外盒標示、藥證查詢、質地近拍、客服入口,建議搭配：外盒標示實拍、藥證查詢截圖、產品質地短影片、客服回覆截圖（遮個資）。,衛福部中藥許可證：衛署成製015614；類別：乙類成藥；劑型：油膏劑。,退換貨、付款、客服、出貨、價格、通路與任何見證內容，發布前須由人工確認。
TikTok_LINE014_V2,LINE014,2026-06-10,20:00,TikTok,你習慣運動前還是運動後保養,G,低,pending_legal_pharmacist_review,false,你習慣運動前還是運動後保養,"0-3秒：買一條根，先別急著下單，先看這三個地方。
3-10秒：鏡頭拍外盒標示與衛署成製015614。
10-20秒：拍產品質地，旁白：這是外用油膏，依標示使用。
20-32秒：切入主題「你習慣運動前還是運動後保養」，說明適合日常局部按摩保養情境。
32-40秒：安全提醒：互動回答不取代醫師或藥師建議。
40-45秒：想看藥證查詢方式，請看置頂或私訊。",衛署成製015614，乙類成藥，資料可至衛福部中藥許可證系統查詢。外用產品請依標示使用；身體不適、症狀持續或惡化時，請諮詢醫師或藥師。想看藥證查詢與外盒標示，請看置頂或私訊索取。,9:16實拍短影音：外盒標示、藥證查詢、質地近拍、客服入口,建議搭配：外盒標示實拍、藥證查詢截圖、產品質地短影片、客服回覆截圖（遮個資）。,衛福部中藥許可證：衛署成製015614；類別：乙類成藥；劑型：油膏劑。,退換貨、付款、客服、出貨、價格、通路與任何見證內容，發布前須由人工確認。
TikTok_LINE015_V2,LINE015,2026-06-11,12:00,TikTok,搬重物後腰背保養,C,中,pending_legal_pharmacist_review,false,搬重物後腰背保養,"0-3秒：買一條根，先別急著下單，先看這三個地方。
3-10秒：鏡頭拍外盒標示與衛署成製015614。
10-20秒：拍產品質地，旁白：這是外用油膏，依標示使用。
20-32秒：切入主題「搬重物後腰背保養」，說明適合日常局部按摩保養情境。
32-40秒：安全提醒：明顯腫脹、劇痛、活動受限或疑似受傷時，請先就醫。
40-45秒：想看藥證查詢方式，請看置頂或私訊。",衛署成製015614，乙類成藥，資料可至衛福部中藥許可證系統查詢。外用產品請依標示使用；身體不適、症狀持續或惡化時，請諮詢醫師或藥師。想看藥證查詢與外盒標示，請看置頂或私訊索取。,9:16實拍短影音：外盒標示、藥證查詢、質地近拍、客服入口,建議搭配：外盒標示實拍、藥證查詢截圖、產品質地短影片、客服回覆截圖（遮個資）。,衛福部中藥許可證：衛署成製015614；類別：乙類成藥；劑型：油膏劑。,退換貨、付款、客服、出貨、價格、通路與任何見證內容，發布前須由人工確認。
TikTok_LINE016_V2,LINE016,2026-06-11,20:00,TikTok,樟腦外用時的注意界線,A,中,pending_legal_pharmacist_review,false,樟腦外用時的注意界線,"0-3秒：買一條根，先別急著下單，先看這三個地方。
3-10秒：鏡頭拍外盒標示與衛署成製015614。
10-20秒：拍產品質地，旁白：這是外用油膏，依標示使用。
20-32秒：切入主題「樟腦外用時的注意界線」，說明適合日常局部按摩保養情境。
32-40秒：安全提醒：僅供外用；避免眼周、黏膜、破皮或傷口。
40-45秒：想看藥證查詢方式，請看置頂或私訊。",衛署成製015614，乙類成藥，資料可至衛福部中藥許可證系統查詢。外用產品請依標示使用；身體不適、症狀持續或惡化時，請諮詢醫師或藥師。想看藥證查詢與外盒標示，請看置頂或私訊索取。,9:16實拍短影音：外盒標示、藥證查詢、質地近拍、客服入口,建議搭配：外盒標示實拍、藥證查詢截圖、產品質地短影片、客服回覆截圖（遮個資）。,衛福部中藥許可證：衛署成製015614；類別：乙類成藥；劑型：油膏劑。,退換貨、付款、客服、出貨、價格、通路與任何見證內容，發布前須由人工確認。
TikTok_LINE017_V2,LINE017,2026-06-12,12:00,TikTok,輕微關節痠痛與疾病治療要分開,D,中,pending_legal_pharmacist_review,false,輕微關節痠痛與疾病治療要分開,"0-3秒：買一條根，先別急著下單，先看這三個地方。
3-10秒：鏡頭拍外盒標示與衛署成製015614。
10-20秒：拍產品質地，旁白：這是外用油膏，依標示使用。
20-32秒：切入主題「輕微關節痠痛與疾病治療要分開」，說明適合日常局部按摩保養情境。
32-40秒：安全提醒：關節腫痛、紅熱、長期疼痛或行走困難，請就醫評估。
40-45秒：想看藥證查詢方式，請看置頂或私訊。",衛署成製015614，乙類成藥，資料可至衛福部中藥許可證系統查詢。外用產品請依標示使用；身體不適、症狀持續或惡化時，請諮詢醫師或藥師。想看藥證查詢與外盒標示，請看置頂或私訊索取。,9:16實拍短影音：外盒標示、藥證查詢、質地近拍、客服入口,建議搭配：外盒標示實拍、藥證查詢截圖、產品質地短影片、客服回覆截圖（遮個資）。,衛福部中藥許可證：衛署成製015614；類別：乙類成藥；劑型：油膏劑。,退換貨、付款、客服、出貨、價格、通路與任何見證內容，發布前須由人工確認。
TikTok_LINE018_V2,LINE018,2026-06-12,20:00,TikTok,不要搭配熱敷墊或電毯,E,高,pending_legal_pharmacist_review,false,不要搭配熱敷墊或電毯,"0-3秒：買一條根，先別急著下單，先看這三個地方。
3-10秒：鏡頭拍外盒標示與衛署成製015614。
10-20秒：拍產品質地，旁白：這是外用油膏，依標示使用。
20-32秒：切入主題「不要搭配熱敷墊或電毯」，說明適合日常局部按摩保養情境。
32-40秒：安全提醒：2 歲以下、孕哺、過敏體質、抗凝血藥使用者請先詢問專業人員。
40-45秒：想看藥證查詢方式，請看置頂或私訊。",衛署成製015614，乙類成藥，資料可至衛福部中藥許可證系統查詢。外用產品請依標示使用；身體不適、症狀持續或惡化時，請諮詢醫師或藥師。想看藥證查詢與外盒標示，請看置頂或私訊索取。,9:16實拍短影音：外盒標示、藥證查詢、質地近拍、客服入口,建議搭配：外盒標示實拍、藥證查詢截圖、產品質地短影片、客服回覆截圖（遮個資）。,衛福部中藥許可證：衛署成製015614；類別：乙類成藥；劑型：油膏劑。,退換貨、付款、客服、出貨、價格、通路與任何見證內容，發布前須由人工確認。
TikTok_LINE019_V2,LINE019,2026-06-13,12:00,TikTok,小暑前後活動舒適提醒,F,低,pending_legal_pharmacist_review,false,小暑前後活動舒適提醒,"0-3秒：買一條根，先別急著下單，先看這三個地方。
3-10秒：鏡頭拍外盒標示與衛署成製015614。
10-20秒：拍產品質地，旁白：這是外用油膏，依標示使用。
20-32秒：切入主題「小暑前後活動舒適提醒」，說明適合日常局部按摩保養情境。
32-40秒：安全提醒：節氣養生屬一般生活資訊，身體不適仍應諮詢專業人員。
40-45秒：想看藥證查詢方式，請看置頂或私訊。",衛署成製015614，乙類成藥，資料可至衛福部中藥許可證系統查詢。外用產品請依標示使用；身體不適、症狀持續或惡化時，請諮詢醫師或藥師。想看藥證查詢與外盒標示，請看置頂或私訊索取。,9:16實拍短影音：外盒標示、藥證查詢、質地近拍、客服入口,建議搭配：外盒標示實拍、藥證查詢截圖、產品質地短影片、客服回覆截圖（遮個資）。,衛福部中藥許可證：衛署成製015614；類別：乙類成藥；劑型：油膏劑。,退換貨、付款、客服、出貨、價格、通路與任何見證內容，發布前須由人工確認。
TikTok_LINE020_V2,LINE020,2026-06-13,20:00,TikTok,爬山後腿部按摩提醒,C,中,pending_legal_pharmacist_review,false,爬山後腿部按摩提醒,"0-3秒：買一條根，先別急著下單，先看這三個地方。
3-10秒：鏡頭拍外盒標示與衛署成製015614。
10-20秒：拍產品質地，旁白：這是外用油膏，依標示使用。
20-32秒：切入主題「爬山後腿部按摩提醒」，說明適合日常局部按摩保養情境。
32-40秒：安全提醒：明顯腫脹、劇痛、活動受限或疑似受傷時，請先就醫。
40-45秒：想看藥證查詢方式，請看置頂或私訊。",衛署成製015614，乙類成藥，資料可至衛福部中藥許可證系統查詢。外用產品請依標示使用；身體不適、症狀持續或惡化時，請諮詢醫師或藥師。想看藥證查詢與外盒標示，請看置頂或私訊索取。,9:16實拍短影音：外盒標示、藥證查詢、質地近拍、客服入口,建議搭配：外盒標示實拍、藥證查詢截圖、產品質地短影片、客服回覆截圖（遮個資）。,衛福部中藥許可證：衛署成製015614；類別：乙類成藥；劑型：油膏劑。,退換貨、付款、客服、出貨、價格、通路與任何見證內容，發布前須由人工確認。
TikTok_LINE021_V2,LINE021,2026-06-14,12:00,TikTok,外用膏一次擦多少才剛好,G,低,pending_legal_pharmacist_review,false,外用膏一次擦多少才剛好,"0-3秒：買一條根，先別急著下單，先看這三個地方。
3-10秒：鏡頭拍外盒標示與衛署成製015614。
10-20秒：拍產品質地，旁白：這是外用油膏，依標示使用。
20-32秒：切入主題「外用膏一次擦多少才剛好」，說明適合日常局部按摩保養情境。
32-40秒：安全提醒：互動回答不取代醫師或藥師建議。
40-45秒：想看藥證查詢方式，請看置頂或私訊。",衛署成製015614，乙類成藥，資料可至衛福部中藥許可證系統查詢。外用產品請依標示使用；身體不適、症狀持續或惡化時，請諮詢醫師或藥師。想看藥證查詢與外盒標示，請看置頂或私訊索取。,9:16實拍短影音：外盒標示、藥證查詢、質地近拍、客服入口,建議搭配：外盒標示實拍、藥證查詢截圖、產品質地短影片、客服回覆截圖（遮個資）。,衛福部中藥許可證：衛署成製015614；類別：乙類成藥；劑型：油膏劑。,退換貨、付款、客服、出貨、價格、通路與任何見證內容，發布前須由人工確認。
TikTok_LINE022_V2,LINE022,2026-06-14,20:00,TikTok,散步後的膝周保養,D,中,pending_legal_pharmacist_review,false,散步後的膝周保養,"0-3秒：買一條根，先別急著下單，先看這三個地方。
3-10秒：鏡頭拍外盒標示與衛署成製015614。
10-20秒：拍產品質地，旁白：這是外用油膏，依標示使用。
20-32秒：切入主題「散步後的膝周保養」，說明適合日常局部按摩保養情境。
32-40秒：安全提醒：關節腫痛、紅熱、長期疼痛或行走困難，請就醫評估。
40-45秒：想看藥證查詢方式，請看置頂或私訊。",衛署成製015614，乙類成藥，資料可至衛福部中藥許可證系統查詢。外用產品請依標示使用；身體不適、症狀持續或惡化時，請諮詢醫師或藥師。想看藥證查詢與外盒標示，請看置頂或私訊索取。,9:16實拍短影音：外盒標示、藥證查詢、質地近拍、客服入口,建議搭配：外盒標示實拍、藥證查詢截圖、產品質地短影片、客服回覆截圖（遮個資）。,衛福部中藥許可證：衛署成製015614；類別：乙類成藥；劑型：油膏劑。,退換貨、付款、客服、出貨、價格、通路與任何見證內容，發布前須由人工確認。
TikTok_LINE023_V2,LINE023,2026-06-15,12:00,TikTok,午休前的肩頸放鬆流程,B,低,pending_legal_pharmacist_review,false,午休前的肩頸放鬆流程,"0-3秒：買一條根，先別急著下單，先看這三個地方。
3-10秒：鏡頭拍外盒標示與衛署成製015614。
10-20秒：拍產品質地，旁白：這是外用油膏，依標示使用。
20-32秒：切入主題「午休前的肩頸放鬆流程」，說明適合日常局部按摩保養情境。
32-40秒：安全提醒：若痠痛持續、麻木或影響活動，請諮詢醫師或藥師。
40-45秒：想看藥證查詢方式，請看置頂或私訊。",衛署成製015614，乙類成藥，資料可至衛福部中藥許可證系統查詢。外用產品請依標示使用；身體不適、症狀持續或惡化時，請諮詢醫師或藥師。想看藥證查詢與外盒標示，請看置頂或私訊索取。,9:16實拍短影音：外盒標示、藥證查詢、質地近拍、客服入口,建議搭配：外盒標示實拍、藥證查詢截圖、產品質地短影片、客服回覆截圖（遮個資）。,衛福部中藥許可證：衛署成製015614；類別：乙類成藥；劑型：油膏劑。,退換貨、付款、客服、出貨、價格、通路與任何見證內容，發布前須由人工確認。
TikTok_LINE024_V2,LINE024,2026-06-15,20:00,TikTok,油膏劑為什麼適合局部按摩,A,中,pending_legal_pharmacist_review,false,油膏劑為什麼適合局部按摩,"0-3秒：買一條根，先別急著下單，先看這三個地方。
3-10秒：鏡頭拍外盒標示與衛署成製015614。
10-20秒：拍產品質地，旁白：這是外用油膏，依標示使用。
20-32秒：切入主題「油膏劑為什麼適合局部按摩」，說明適合日常局部按摩保養情境。
32-40秒：安全提醒：僅供外用；避免眼周、黏膜、破皮或傷口。
40-45秒：想看藥證查詢方式，請看置頂或私訊。",衛署成製015614，乙類成藥，資料可至衛福部中藥許可證系統查詢。外用產品請依標示使用；身體不適、症狀持續或惡化時，請諮詢醫師或藥師。想看藥證查詢與外盒標示，請看置頂或私訊索取。,9:16實拍短影音：外盒標示、藥證查詢、質地近拍、客服入口,建議搭配：外盒標示實拍、藥證查詢截圖、產品質地短影片、客服回覆截圖（遮個資）。,衛福部中藥許可證：衛署成製015614；類別：乙類成藥；劑型：油膏劑。,退換貨、付款、客服、出貨、價格、通路與任何見證內容，發布前須由人工確認。
TikTok_LINE025_V2,LINE025,2026-06-16,12:00,TikTok,大暑午後少久站硬撐,F,低,pending_legal_pharmacist_review,false,大暑午後少久站硬撐,"0-3秒：買一條根，先別急著下單，先看這三個地方。
3-10秒：鏡頭拍外盒標示與衛署成製015614。
10-20秒：拍產品質地，旁白：這是外用油膏，依標示使用。
20-32秒：切入主題「大暑午後少久站硬撐」，說明適合日常局部按摩保養情境。
32-40秒：安全提醒：節氣養生屬一般生活資訊，身體不適仍應諮詢專業人員。
40-45秒：想看藥證查詢方式，請看置頂或私訊。",衛署成製015614，乙類成藥，資料可至衛福部中藥許可證系統查詢。外用產品請依標示使用；身體不適、症狀持續或惡化時，請諮詢醫師或藥師。想看藥證查詢與外盒標示，請看置頂或私訊索取。,9:16實拍短影音：外盒標示、藥證查詢、質地近拍、客服入口,建議搭配：外盒標示實拍、藥證查詢截圖、產品質地短影片、客服回覆截圖（遮個資）。,衛福部中藥許可證：衛署成製015614；類別：乙類成藥；劑型：油膏劑。,退換貨、付款、客服、出貨、價格、通路與任何見證內容，發布前須由人工確認。
TikTok_LINE026_V2,LINE026,2026-06-16,20:00,TikTok,不要密封包紮或大面積厚敷,E,高,pending_legal_pharmacist_review,false,不要密封包紮或大面積厚敷,"0-3秒：買一條根，先別急著下單，先看這三個地方。
3-10秒：鏡頭拍外盒標示與衛署成製015614。
10-20秒：拍產品質地，旁白：這是外用油膏，依標示使用。
20-32秒：切入主題「不要密封包紮或大面積厚敷」，說明適合日常局部按摩保養情境。
32-40秒：安全提醒：2 歲以下、孕哺、過敏體質、抗凝血藥使用者請先詢問專業人員。
40-45秒：想看藥證查詢方式，請看置頂或私訊。",衛署成製015614，乙類成藥，資料可至衛福部中藥許可證系統查詢。外用產品請依標示使用；身體不適、症狀持續或惡化時，請諮詢醫師或藥師。想看藥證查詢與外盒標示，請看置頂或私訊索取。,9:16實拍短影音：外盒標示、藥證查詢、質地近拍、客服入口,建議搭配：外盒標示實拍、藥證查詢截圖、產品質地短影片、客服回覆截圖（遮個資）。,衛福部中藥許可證：衛署成製015614；類別：乙類成藥；劑型：油膏劑。,退換貨、付款、客服、出貨、價格、通路與任何見證內容，發布前須由人工確認。
TikTok_LINE027_V2,LINE027,2026-06-17,12:00,TikTok,藥證可查代表什麼,H,中,pending_legal_pharmacist_review,false,藥證可查代表什麼,"0-3秒：買一條根，先別急著下單，先看這三個地方。
3-10秒：鏡頭拍外盒標示與衛署成製015614。
10-20秒：拍產品質地，旁白：這是外用油膏，依標示使用。
20-32秒：切入主題「藥證可查代表什麼」，說明適合日常局部按摩保養情境。
32-40秒：安全提醒：所有廣告文案仍須依主管機關與專業人員審核。
40-45秒：想看藥證查詢方式，請看置頂或私訊。",衛署成製015614，乙類成藥，資料可至衛福部中藥許可證系統查詢。外用產品請依標示使用；身體不適、症狀持續或惡化時，請諮詢醫師或藥師。想看藥證查詢與外盒標示，請看置頂或私訊索取。,9:16實拍短影音：外盒標示、藥證查詢、質地近拍、客服入口,建議搭配：外盒標示實拍、藥證查詢截圖、產品質地短影片、客服回覆截圖（遮個資）。,衛福部中藥許可證：衛署成製015614；類別：乙類成藥；劑型：油膏劑。,退換貨、付款、客服、出貨、價格、通路與任何見證內容，發布前須由人工確認。
TikTok_LINE028_V2,LINE028,2026-06-17,20:00,TikTok,涼感越強越有效嗎,G,低,pending_legal_pharmacist_review,false,涼感越強越有效嗎,"0-3秒：買一條根，先別急著下單，先看這三個地方。
3-10秒：鏡頭拍外盒標示與衛署成製015614。
10-20秒：拍產品質地，旁白：這是外用油膏，依標示使用。
20-32秒：切入主題「涼感越強越有效嗎」，說明適合日常局部按摩保養情境。
32-40秒：安全提醒：互動回答不取代醫師或藥師建議。
40-45秒：想看藥證查詢方式，請看置頂或私訊。",衛署成製015614，乙類成藥，資料可至衛福部中藥許可證系統查詢。外用產品請依標示使用；身體不適、症狀持續或惡化時，請諮詢醫師或藥師。想看藥證查詢與外盒標示，請看置頂或私訊索取。,9:16實拍短影音：外盒標示、藥證查詢、質地近拍、客服入口,建議搭配：外盒標示實拍、藥證查詢截圖、產品質地短影片、客服回覆截圖（遮個資）。,衛福部中藥許可證：衛署成製015614；類別：乙類成藥；劑型：油膏劑。,退換貨、付款、客服、出貨、價格、通路與任何見證內容，發布前須由人工確認。
TikTok_LINE029_V2,LINE029,2026-06-18,12:00,TikTok,重訓後肩背局部舒緩,C,中,pending_legal_pharmacist_review,false,重訓後肩背局部舒緩,"0-3秒：買一條根，先別急著下單，先看這三個地方。
3-10秒：鏡頭拍外盒標示與衛署成製015614。
10-20秒：拍產品質地，旁白：這是外用油膏，依標示使用。
20-32秒：切入主題「重訓後肩背局部舒緩」，說明適合日常局部按摩保養情境。
32-40秒：安全提醒：明顯腫脹、劇痛、活動受限或疑似受傷時，請先就醫。
40-45秒：想看藥證查詢方式，請看置頂或私訊。",衛署成製015614，乙類成藥，資料可至衛福部中藥許可證系統查詢。外用產品請依標示使用；身體不適、症狀持續或惡化時，請諮詢醫師或藥師。想看藥證查詢與外盒標示，請看置頂或私訊索取。,9:16實拍短影音：外盒標示、藥證查詢、質地近拍、客服入口,建議搭配：外盒標示實拍、藥證查詢截圖、產品質地短影片、客服回覆截圖（遮個資）。,衛福部中藥許可證：衛署成製015614；類別：乙類成藥；劑型：油膏劑。,退換貨、付款、客服、出貨、價格、通路與任何見證內容，發布前須由人工確認。
TikTok_LINE030_V2,LINE030,2026-06-18,20:00,TikTok,乙類成藥與一般保健品差異,A,中,pending_legal_pharmacist_review,false,乙類成藥與一般保健品差異,"0-3秒：買一條根，先別急著下單，先看這三個地方。
3-10秒：鏡頭拍外盒標示與衛署成製015614。
10-20秒：拍產品質地，旁白：這是外用油膏，依標示使用。
20-32秒：切入主題「乙類成藥與一般保健品差異」，說明適合日常局部按摩保養情境。
32-40秒：安全提醒：僅供外用；避免眼周、黏膜、破皮或傷口。
40-45秒：想看藥證查詢方式，請看置頂或私訊。",衛署成製015614，乙類成藥，資料可至衛福部中藥許可證系統查詢。外用產品請依標示使用；身體不適、症狀持續或惡化時，請諮詢醫師或藥師。想看藥證查詢與外盒標示，請看置頂或私訊索取。,9:16實拍短影音：外盒標示、藥證查詢、質地近拍、客服入口,建議搭配：外盒標示實拍、藥證查詢截圖、產品質地短影片、客服回覆截圖（遮個資）。,衛福部中藥許可證：衛署成製015614；類別：乙類成藥；劑型：油膏劑。,退換貨、付款、客服、出貨、價格、通路與任何見證內容，發布前須由人工確認。
TikTok_LINE031_V2,LINE031,2026-06-19,12:00,TikTok,天氣變化時的活動舒適感,D,中,pending_legal_pharmacist_review,false,天氣變化時的活動舒適感,"0-3秒：買一條根，先別急著下單，先看這三個地方。
3-10秒：鏡頭拍外盒標示與衛署成製015614。
10-20秒：拍產品質地，旁白：這是外用油膏，依標示使用。
20-32秒：切入主題「天氣變化時的活動舒適感」，說明適合日常局部按摩保養情境。
32-40秒：安全提醒：關節腫痛、紅熱、長期疼痛或行走困難，請就醫評估。
40-45秒：想看藥證查詢方式，請看置頂或私訊。",衛署成製015614，乙類成藥，資料可至衛福部中藥許可證系統查詢。外用產品請依標示使用；身體不適、症狀持續或惡化時，請諮詢醫師或藥師。想看藥證查詢與外盒標示，請看置頂或私訊索取。,9:16實拍短影音：外盒標示、藥證查詢、質地近拍、客服入口,建議搭配：外盒標示實拍、藥證查詢截圖、產品質地短影片、客服回覆截圖（遮個資）。,衛福部中藥許可證：衛署成製015614；類別：乙類成藥；劑型：油膏劑。,退換貨、付款、客服、出貨、價格、通路與任何見證內容，發布前須由人工確認。
TikTok_LINE032_V2,LINE032,2026-06-19,20:00,TikTok,水楊酸或阿斯匹靈過敏者注意,E,高,pending_legal_pharmacist_review,false,水楊酸或阿斯匹靈過敏者注意,"0-3秒：買一條根，先別急著下單，先看這三個地方。
3-10秒：鏡頭拍外盒標示與衛署成製015614。
10-20秒：拍產品質地，旁白：這是外用油膏，依標示使用。
20-32秒：切入主題「水楊酸或阿斯匹靈過敏者注意」，說明適合日常局部按摩保養情境。
32-40秒：安全提醒：2 歲以下、孕哺、過敏體質、抗凝血藥使用者請先詢問專業人員。
40-45秒：想看藥證查詢方式，請看置頂或私訊。",衛署成製015614，乙類成藥，資料可至衛福部中藥許可證系統查詢。外用產品請依標示使用；身體不適、症狀持續或惡化時，請諮詢醫師或藥師。想看藥證查詢與外盒標示，請看置頂或私訊索取。,9:16實拍短影音：外盒標示、藥證查詢、質地近拍、客服入口,建議搭配：外盒標示實拍、藥證查詢截圖、產品質地短影片、客服回覆截圖（遮個資）。,衛福部中藥許可證：衛署成製015614；類別：乙類成藥；劑型：油膏劑。,退換貨、付款、客服、出貨、價格、通路與任何見證內容，發布前須由人工確認。
TikTok_LINE033_V2,LINE033,2026-06-20,12:00,TikTok,立秋後早晚溫差保養,F,低,pending_legal_pharmacist_review,false,立秋後早晚溫差保養,"0-3秒：買一條根，先別急著下單，先看這三個地方。
3-10秒：鏡頭拍外盒標示與衛署成製015614。
10-20秒：拍產品質地，旁白：這是外用油膏，依標示使用。
20-32秒：切入主題「立秋後早晚溫差保養」，說明適合日常局部按摩保養情境。
32-40秒：安全提醒：節氣養生屬一般生活資訊，身體不適仍應諮詢專業人員。
40-45秒：想看藥證查詢方式，請看置頂或私訊。",衛署成製015614，乙類成藥，資料可至衛福部中藥許可證系統查詢。外用產品請依標示使用；身體不適、症狀持續或惡化時，請諮詢醫師或藥師。想看藥證查詢與外盒標示，請看置頂或私訊索取。,9:16實拍短影音：外盒標示、藥證查詢、質地近拍、客服入口,建議搭配：外盒標示實拍、藥證查詢截圖、產品質地短影片、客服回覆截圖（遮個資）。,衛福部中藥許可證：衛署成製015614；類別：乙類成藥；劑型：油膏劑。,退換貨、付款、客服、出貨、價格、通路與任何見證內容，發布前須由人工確認。
TikTok_LINE034_V2,LINE034,2026-06-20,20:00,TikTok,家事後手臂不適保養,C,中,pending_legal_pharmacist_review,false,家事後手臂不適保養,"0-3秒：買一條根，先別急著下單，先看這三個地方。
3-10秒：鏡頭拍外盒標示與衛署成製015614。
10-20秒：拍產品質地，旁白：這是外用油膏，依標示使用。
20-32秒：切入主題「家事後手臂不適保養」，說明適合日常局部按摩保養情境。
32-40秒：安全提醒：明顯腫脹、劇痛、活動受限或疑似受傷時，請先就醫。
40-45秒：想看藥證查詢方式，請看置頂或私訊。",衛署成製015614，乙類成藥，資料可至衛福部中藥許可證系統查詢。外用產品請依標示使用；身體不適、症狀持續或惡化時，請諮詢醫師或藥師。想看藥證查詢與外盒標示，請看置頂或私訊索取。,9:16實拍短影音：外盒標示、藥證查詢、質地近拍、客服入口,建議搭配：外盒標示實拍、藥證查詢截圖、產品質地短影片、客服回覆截圖（遮個資）。,衛福部中藥許可證：衛署成製015614；類別：乙類成藥；劑型：油膏劑。,退換貨、付款、客服、出貨、價格、通路與任何見證內容，發布前須由人工確認。
TikTok_LINE035_V2,LINE035,2026-06-21,12:00,TikTok,你有看過外用產品標示嗎,G,低,pending_legal_pharmacist_review,false,你有看過外用產品標示嗎,"0-3秒：買一條根，先別急著下單，先看這三個地方。
3-10秒：鏡頭拍外盒標示與衛署成製015614。
10-20秒：拍產品質地，旁白：這是外用油膏，依標示使用。
20-32秒：切入主題「你有看過外用產品標示嗎」，說明適合日常局部按摩保養情境。
32-40秒：安全提醒：互動回答不取代醫師或藥師建議。
40-45秒：想看藥證查詢方式，請看置頂或私訊。",衛署成製015614，乙類成藥，資料可至衛福部中藥許可證系統查詢。外用產品請依標示使用；身體不適、症狀持續或惡化時，請諮詢醫師或藥師。想看藥證查詢與外盒標示，請看置頂或私訊索取。,9:16實拍短影音：外盒標示、藥證查詢、質地近拍、客服入口,建議搭配：外盒標示實拍、藥證查詢截圖、產品質地短影片、客服回覆截圖（遮個資）。,衛福部中藥許可證：衛署成製015614；類別：乙類成藥；劑型：油膏劑。,退換貨、付款、客服、出貨、價格、通路與任何見證內容，發布前須由人工確認。
TikTok_LINE036_V2,LINE036,2026-06-21,20:00,TikTok,長輩按摩力道不要過重,D,中,pending_legal_pharmacist_review,false,長輩按摩力道不要過重,"0-3秒：買一條根，先別急著下單，先看這三個地方。
3-10秒：鏡頭拍外盒標示與衛署成製015614。
10-20秒：拍產品質地，旁白：這是外用油膏，依標示使用。
20-32秒：切入主題「長輩按摩力道不要過重」，說明適合日常局部按摩保養情境。
32-40秒：安全提醒：關節腫痛、紅熱、長期疼痛或行走困難，請就醫評估。
40-45秒：想看藥證查詢方式，請看置頂或私訊。",衛署成製015614，乙類成藥，資料可至衛福部中藥許可證系統查詢。外用產品請依標示使用；身體不適、症狀持續或惡化時，請諮詢醫師或藥師。想看藥證查詢與外盒標示，請看置頂或私訊索取。,9:16實拍短影音：外盒標示、藥證查詢、質地近拍、客服入口,建議搭配：外盒標示實拍、藥證查詢截圖、產品質地短影片、客服回覆截圖（遮個資）。,衛福部中藥許可證：衛署成製015614；類別：乙類成藥；劑型：油膏劑。,退換貨、付款、客服、出貨、價格、通路與任何見證內容，發布前須由人工確認。
TikTok_LINE037_V2,LINE037,2026-06-22,12:00,TikTok,開會久坐後的腰背舒緩,B,低,pending_legal_pharmacist_review,false,開會久坐後的腰背舒緩,"0-3秒：買一條根，先別急著下單，先看這三個地方。
3-10秒：鏡頭拍外盒標示與衛署成製015614。
10-20秒：拍產品質地，旁白：這是外用油膏，依標示使用。
20-32秒：切入主題「開會久坐後的腰背舒緩」，說明適合日常局部按摩保養情境。
32-40秒：安全提醒：若痠痛持續、麻木或影響活動，請諮詢醫師或藥師。
40-45秒：想看藥證查詢方式，請看置頂或私訊。",衛署成製015614，乙類成藥，資料可至衛福部中藥許可證系統查詢。外用產品請依標示使用；身體不適、症狀持續或惡化時，請諮詢醫師或藥師。想看藥證查詢與外盒標示，請看置頂或私訊索取。,9:16實拍短影音：外盒標示、藥證查詢、質地近拍、客服入口,建議搭配：外盒標示實拍、藥證查詢截圖、產品質地短影片、客服回覆截圖（遮個資）。,衛福部中藥許可證：衛署成製015614；類別：乙類成藥；劑型：油膏劑。,退換貨、付款、客服、出貨、價格、通路與任何見證內容，發布前須由人工確認。
TikTok_LINE038_V2,LINE038,2026-06-22,20:00,TikTok,一條根外用膏的日常定位,A,中,pending_legal_pharmacist_review,false,一條根外用膏的日常定位,"0-3秒：買一條根，先別急著下單，先看這三個地方。
3-10秒：鏡頭拍外盒標示與衛署成製015614。
10-20秒：拍產品質地，旁白：這是外用油膏，依標示使用。
20-32秒：切入主題「一條根外用膏的日常定位」，說明適合日常局部按摩保養情境。
32-40秒：安全提醒：僅供外用；避免眼周、黏膜、破皮或傷口。
40-45秒：想看藥證查詢方式，請看置頂或私訊。",衛署成製015614，乙類成藥，資料可至衛福部中藥許可證系統查詢。外用產品請依標示使用；身體不適、症狀持續或惡化時，請諮詢醫師或藥師。想看藥證查詢與外盒標示，請看置頂或私訊索取。,9:16實拍短影音：外盒標示、藥證查詢、質地近拍、客服入口,建議搭配：外盒標示實拍、藥證查詢截圖、產品質地短影片、客服回覆截圖（遮個資）。,衛福部中藥許可證：衛署成製015614；類別：乙類成藥；劑型：油膏劑。,退換貨、付款、客服、出貨、價格、通路與任何見證內容，發布前須由人工確認。
TikTok_LINE039_V2,LINE039,2026-06-23,12:00,TikTok,處暑後運動暖身提醒,F,低,pending_legal_pharmacist_review,false,處暑後運動暖身提醒,"0-3秒：買一條根，先別急著下單，先看這三個地方。
3-10秒：鏡頭拍外盒標示與衛署成製015614。
10-20秒：拍產品質地，旁白：這是外用油膏，依標示使用。
20-32秒：切入主題「處暑後運動暖身提醒」，說明適合日常局部按摩保養情境。
32-40秒：安全提醒：節氣養生屬一般生活資訊，身體不適仍應諮詢專業人員。
40-45秒：想看藥證查詢方式，請看置頂或私訊。",衛署成製015614，乙類成藥，資料可至衛福部中藥許可證系統查詢。外用產品請依標示使用；身體不適、症狀持續或惡化時，請諮詢醫師或藥師。想看藥證查詢與外盒標示，請看置頂或私訊索取。,9:16實拍短影音：外盒標示、藥證查詢、質地近拍、客服入口,建議搭配：外盒標示實拍、藥證查詢截圖、產品質地短影片、客服回覆截圖（遮個資）。,衛福部中藥許可證：衛署成製015614；類別：乙類成藥；劑型：油膏劑。,退換貨、付款、客服、出貨、價格、通路與任何見證內容，發布前須由人工確認。
TikTok_LINE040_V2,LINE040,2026-06-23,20:00,TikTok,兒童使用前的安全提醒,E,高,pending_legal_pharmacist_review,false,兒童使用前的安全提醒,"0-3秒：買一條根，先別急著下單，先看這三個地方。
3-10秒：鏡頭拍外盒標示與衛署成製015614。
10-20秒：拍產品質地，旁白：這是外用油膏，依標示使用。
20-32秒：切入主題「兒童使用前的安全提醒」，說明適合日常局部按摩保養情境。
32-40秒：安全提醒：2 歲以下、孕哺、過敏體質、抗凝血藥使用者請先詢問專業人員。
40-45秒：想看藥證查詢方式，請看置頂或私訊。",衛署成製015614，乙類成藥，資料可至衛福部中藥許可證系統查詢。外用產品請依標示使用；身體不適、症狀持續或惡化時，請諮詢醫師或藥師。想看藥證查詢與外盒標示，請看置頂或私訊索取。,9:16實拍短影音：外盒標示、藥證查詢、質地近拍、客服入口,建議搭配：外盒標示實拍、藥證查詢截圖、產品質地短影片、客服回覆截圖（遮個資）。,衛福部中藥許可證：衛署成製015614；類別：乙類成藥；劑型：油膏劑。,退換貨、付款、客服、出貨、價格、通路與任何見證內容，發布前須由人工確認。
TikTok_LINE041_V2,LINE041,2026-06-24,12:00,TikTok,外用膏廣告為什麼要保守,H,中,pending_legal_pharmacist_review,false,外用膏廣告為什麼要保守,"0-3秒：買一條根，先別急著下單，先看這三個地方。
3-10秒：鏡頭拍外盒標示與衛署成製015614。
10-20秒：拍產品質地，旁白：這是外用油膏，依標示使用。
20-32秒：切入主題「外用膏廣告為什麼要保守」，說明適合日常局部按摩保養情境。
32-40秒：安全提醒：所有廣告文案仍須依主管機關與專業人員審核。
40-45秒：想看藥證查詢方式，請看置頂或私訊。",衛署成製015614，乙類成藥，資料可至衛福部中藥許可證系統查詢。外用產品請依標示使用；身體不適、症狀持續或惡化時，請諮詢醫師或藥師。想看藥證查詢與外盒標示，請看置頂或私訊索取。,9:16實拍短影音：外盒標示、藥證查詢、質地近拍、客服入口,建議搭配：外盒標示實拍、藥證查詢截圖、產品質地短影片、客服回覆截圖（遮個資）。,衛福部中藥許可證：衛署成製015614；類別：乙類成藥；劑型：油膏劑。,退換貨、付款、客服、出貨、價格、通路與任何見證內容，發布前須由人工確認。
TikTok_LINE042_V2,LINE042,2026-06-24,20:00,TikTok,久坐族最想舒緩哪裡,G,低,pending_legal_pharmacist_review,false,久坐族最想舒緩哪裡,"0-3秒：買一條根，先別急著下單，先看這三個地方。
3-10秒：鏡頭拍外盒標示與衛署成製015614。
10-20秒：拍產品質地，旁白：這是外用油膏，依標示使用。
20-32秒：切入主題「久坐族最想舒緩哪裡」，說明適合日常局部按摩保養情境。
32-40秒：安全提醒：互動回答不取代醫師或藥師建議。
40-45秒：想看藥證查詢方式，請看置頂或私訊。",衛署成製015614，乙類成藥，資料可至衛福部中藥許可證系統查詢。外用產品請依標示使用；身體不適、症狀持續或惡化時，請諮詢醫師或藥師。想看藥證查詢與外盒標示，請看置頂或私訊索取。,9:16實拍短影音：外盒標示、藥證查詢、質地近拍、客服入口,建議搭配：外盒標示實拍、藥證查詢截圖、產品質地短影片、客服回覆截圖（遮個資）。,衛福部中藥許可證：衛署成製015614；類別：乙類成藥；劑型：油膏劑。,退換貨、付款、客服、出貨、價格、通路與任何見證內容，發布前須由人工確認。
TikTok_LINE043_V2,LINE043,2026-06-25,12:00,TikTok,跑步後膝周不適的保守提醒,C,中,pending_legal_pharmacist_review,false,跑步後膝周不適的保守提醒,"0-3秒：買一條根，先別急著下單，先看這三個地方。
3-10秒：鏡頭拍外盒標示與衛署成製015614。
10-20秒：拍產品質地，旁白：這是外用油膏，依標示使用。
20-32秒：切入主題「跑步後膝周不適的保守提醒」，說明適合日常局部按摩保養情境。
32-40秒：安全提醒：明顯腫脹、劇痛、活動受限或疑似受傷時，請先就醫。
40-45秒：想看藥證查詢方式，請看置頂或私訊。",衛署成製015614，乙類成藥，資料可至衛福部中藥許可證系統查詢。外用產品請依標示使用；身體不適、症狀持續或惡化時，請諮詢醫師或藥師。想看藥證查詢與外盒標示，請看置頂或私訊索取。,9:16實拍短影音：外盒標示、藥證查詢、質地近拍、客服入口,建議搭配：外盒標示實拍、藥證查詢截圖、產品質地短影片、客服回覆截圖（遮個資）。,衛福部中藥許可證：衛署成製015614；類別：乙類成藥；劑型：油膏劑。,退換貨、付款、客服、出貨、價格、通路與任何見證內容，發布前須由人工確認。
TikTok_LINE044_V2,LINE044,2026-06-25,20:00,TikTok,成分濃度為什麼要看標示,A,中,pending_legal_pharmacist_review,false,成分濃度為什麼要看標示,"0-3秒：買一條根，先別急著下單，先看這三個地方。
3-10秒：鏡頭拍外盒標示與衛署成製015614。
10-20秒：拍產品質地，旁白：這是外用油膏，依標示使用。
20-32秒：切入主題「成分濃度為什麼要看標示」，說明適合日常局部按摩保養情境。
32-40秒：安全提醒：僅供外用；避免眼周、黏膜、破皮或傷口。
40-45秒：想看藥證查詢方式，請看置頂或私訊。",衛署成製015614，乙類成藥，資料可至衛福部中藥許可證系統查詢。外用產品請依標示使用；身體不適、症狀持續或惡化時，請諮詢醫師或藥師。想看藥證查詢與外盒標示，請看置頂或私訊索取。,9:16實拍短影音：外盒標示、藥證查詢、質地近拍、客服入口,建議搭配：外盒標示實拍、藥證查詢截圖、產品質地短影片、客服回覆截圖（遮個資）。,衛福部中藥許可證：衛署成製015614；類別：乙類成藥；劑型：油膏劑。,退換貨、付款、客服、出貨、價格、通路與任何見證內容，發布前須由人工確認。
TikTok_LINE045_V2,LINE045,2026-06-26,12:00,TikTok,照顧爸媽時的外用提醒,D,中,pending_legal_pharmacist_review,false,照顧爸媽時的外用提醒,"0-3秒：買一條根，先別急著下單，先看這三個地方。
3-10秒：鏡頭拍外盒標示與衛署成製015614。
10-20秒：拍產品質地，旁白：這是外用油膏，依標示使用。
20-32秒：切入主題「照顧爸媽時的外用提醒」，說明適合日常局部按摩保養情境。
32-40秒：安全提醒：關節腫痛、紅熱、長期疼痛或行走困難，請就醫評估。
40-45秒：想看藥證查詢方式，請看置頂或私訊。",衛署成製015614，乙類成藥，資料可至衛福部中藥許可證系統查詢。外用產品請依標示使用；身體不適、症狀持續或惡化時，請諮詢醫師或藥師。想看藥證查詢與外盒標示，請看置頂或私訊索取。,9:16實拍短影音：外盒標示、藥證查詢、質地近拍、客服入口,建議搭配：外盒標示實拍、藥證查詢截圖、產品質地短影片、客服回覆截圖（遮個資）。,衛福部中藥許可證：衛署成製015614；類別：乙類成藥；劑型：油膏劑。,退換貨、付款、客服、出貨、價格、通路與任何見證內容，發布前須由人工確認。
TikTok_LINE046_V2,LINE046,2026-06-26,20:00,TikTok,孕婦與哺乳族群先詢問專業人員,E,高,pending_legal_pharmacist_review,false,孕婦與哺乳族群先詢問專業人員,"0-3秒：買一條根，先別急著下單，先看這三個地方。
3-10秒：鏡頭拍外盒標示與衛署成製015614。
10-20秒：拍產品質地，旁白：這是外用油膏，依標示使用。
20-32秒：切入主題「孕婦與哺乳族群先詢問專業人員」，說明適合日常局部按摩保養情境。
32-40秒：安全提醒：2 歲以下、孕哺、過敏體質、抗凝血藥使用者請先詢問專業人員。
40-45秒：想看藥證查詢方式，請看置頂或私訊。",衛署成製015614，乙類成藥，資料可至衛福部中藥許可證系統查詢。外用產品請依標示使用；身體不適、症狀持續或惡化時，請諮詢醫師或藥師。想看藥證查詢與外盒標示，請看置頂或私訊索取。,9:16實拍短影音：外盒標示、藥證查詢、質地近拍、客服入口,建議搭配：外盒標示實拍、藥證查詢截圖、產品質地短影片、客服回覆截圖（遮個資）。,衛福部中藥許可證：衛署成製015614；類別：乙類成藥；劑型：油膏劑。,退換貨、付款、客服、出貨、價格、通路與任何見證內容，發布前須由人工確認。
TikTok_LINE047_V2,LINE047,2026-06-27,12:00,TikTok,白露時節關心長輩活動,F,低,pending_legal_pharmacist_review,false,白露時節關心長輩活動,"0-3秒：買一條根，先別急著下單，先看這三個地方。
3-10秒：鏡頭拍外盒標示與衛署成製015614。
10-20秒：拍產品質地，旁白：這是外用油膏，依標示使用。
20-32秒：切入主題「白露時節關心長輩活動」，說明適合日常局部按摩保養情境。
32-40秒：安全提醒：節氣養生屬一般生活資訊，身體不適仍應諮詢專業人員。
40-45秒：想看藥證查詢方式，請看置頂或私訊。",衛署成製015614，乙類成藥，資料可至衛福部中藥許可證系統查詢。外用產品請依標示使用；身體不適、症狀持續或惡化時，請諮詢醫師或藥師。想看藥證查詢與外盒標示，請看置頂或私訊索取。,9:16實拍短影音：外盒標示、藥證查詢、質地近拍、客服入口,建議搭配：外盒標示實拍、藥證查詢截圖、產品質地短影片、客服回覆截圖（遮個資）。,衛福部中藥許可證：衛署成製015614；類別：乙類成藥；劑型：油膏劑。,退換貨、付款、客服、出貨、價格、通路與任何見證內容，發布前須由人工確認。
TikTok_LINE048_V2,LINE048,2026-06-27,20:00,TikTok,勞動後先休息再按摩,C,中,pending_legal_pharmacist_review,false,勞動後先休息再按摩,"0-3秒：買一條根，先別急著下單，先看這三個地方。
3-10秒：鏡頭拍外盒標示與衛署成製015614。
10-20秒：拍產品質地，旁白：這是外用油膏，依標示使用。
20-32秒：切入主題「勞動後先休息再按摩」，說明適合日常局部按摩保養情境。
32-40秒：安全提醒：明顯腫脹、劇痛、活動受限或疑似受傷時，請先就醫。
40-45秒：想看藥證查詢方式，請看置頂或私訊。",衛署成製015614，乙類成藥，資料可至衛福部中藥許可證系統查詢。外用產品請依標示使用；身體不適、症狀持續或惡化時，請諮詢醫師或藥師。想看藥證查詢與外盒標示，請看置頂或私訊索取。,9:16實拍短影音：外盒標示、藥證查詢、質地近拍、客服入口,建議搭配：外盒標示實拍、藥證查詢截圖、產品質地短影片、客服回覆截圖（遮個資）。,衛福部中藥許可證：衛署成製015614；類別：乙類成藥；劑型：油膏劑。,退換貨、付款、客服、出貨、價格、通路與任何見證內容，發布前須由人工確認。
TikTok_LINE049_V2,LINE049,2026-06-28,12:00,TikTok,長輩使用外用膏你會提醒什麼,G,低,pending_legal_pharmacist_review,false,長輩使用外用膏你會提醒什麼,"0-3秒：買一條根，先別急著下單，先看這三個地方。
3-10秒：鏡頭拍外盒標示與衛署成製015614。
10-20秒：拍產品質地，旁白：這是外用油膏，依標示使用。
20-32秒：切入主題「長輩使用外用膏你會提醒什麼」，說明適合日常局部按摩保養情境。
32-40秒：安全提醒：互動回答不取代醫師或藥師建議。
40-45秒：想看藥證查詢方式，請看置頂或私訊。",衛署成製015614，乙類成藥，資料可至衛福部中藥許可證系統查詢。外用產品請依標示使用；身體不適、症狀持續或惡化時，請諮詢醫師或藥師。想看藥證查詢與外盒標示，請看置頂或私訊索取。,9:16實拍短影音：外盒標示、藥證查詢、質地近拍、客服入口,建議搭配：外盒標示實拍、藥證查詢截圖、產品質地短影片、客服回覆截圖（遮個資）。,衛福部中藥許可證：衛署成製015614；類別：乙類成藥；劑型：油膏劑。,退換貨、付款、客服、出貨、價格、通路與任何見證內容，發布前須由人工確認。
TikTok_LINE050_V2,LINE050,2026-06-28,20:00,TikTok,日常活動舒適度的三個習慣,D,中,pending_legal_pharmacist_review,false,日常活動舒適度的三個習慣,"0-3秒：買一條根，先別急著下單，先看這三個地方。
3-10秒：鏡頭拍外盒標示與衛署成製015614。
10-20秒：拍產品質地，旁白：這是外用油膏，依標示使用。
20-32秒：切入主題「日常活動舒適度的三個習慣」，說明適合日常局部按摩保養情境。
32-40秒：安全提醒：關節腫痛、紅熱、長期疼痛或行走困難，請就醫評估。
40-45秒：想看藥證查詢方式，請看置頂或私訊。",衛署成製015614，乙類成藥，資料可至衛福部中藥許可證系統查詢。外用產品請依標示使用；身體不適、症狀持續或惡化時，請諮詢醫師或藥師。想看藥證查詢與外盒標示，請看置頂或私訊索取。,9:16實拍短影音：外盒標示、藥證查詢、質地近拍、客服入口,建議搭配：外盒標示實拍、藥證查詢截圖、產品質地短影片、客服回覆截圖（遮個資）。,衛福部中藥許可證：衛署成製015614；類別：乙類成藥；劑型：油膏劑。,退換貨、付款、客服、出貨、價格、通路與任何見證內容，發布前須由人工確認。
TikTok_LINE051_V2,LINE051,2026-06-29,12:00,TikTok,下班前五分鐘伸展,B,低,pending_legal_pharmacist_review,false,下班前五分鐘伸展,"0-3秒：買一條根，先別急著下單，先看這三個地方。
3-10秒：鏡頭拍外盒標示與衛署成製015614。
10-20秒：拍產品質地，旁白：這是外用油膏，依標示使用。
20-32秒：切入主題「下班前五分鐘伸展」，說明適合日常局部按摩保養情境。
32-40秒：安全提醒：若痠痛持續、麻木或影響活動，請諮詢醫師或藥師。
40-45秒：想看藥證查詢方式，請看置頂或私訊。",衛署成製015614，乙類成藥，資料可至衛福部中藥許可證系統查詢。外用產品請依標示使用；身體不適、症狀持續或惡化時，請諮詢醫師或藥師。想看藥證查詢與外盒標示，請看置頂或私訊索取。,9:16實拍短影音：外盒標示、藥證查詢、質地近拍、客服入口,建議搭配：外盒標示實拍、藥證查詢截圖、產品質地短影片、客服回覆截圖（遮個資）。,衛福部中藥許可證：衛署成製015614；類別：乙類成藥；劑型：油膏劑。,退換貨、付款、客服、出貨、價格、通路與任何見證內容，發布前須由人工確認。
TikTok_LINE052_V2,LINE052,2026-06-29,20:00,TikTok,局部按摩和大面積厚敷的差別,A,中,pending_legal_pharmacist_review,false,局部按摩和大面積厚敷的差別,"0-3秒：買一條根，先別急著下單，先看這三個地方。
3-10秒：鏡頭拍外盒標示與衛署成製015614。
10-20秒：拍產品質地，旁白：這是外用油膏，依標示使用。
20-32秒：切入主題「局部按摩和大面積厚敷的差別」，說明適合日常局部按摩保養情境。
32-40秒：安全提醒：僅供外用；避免眼周、黏膜、破皮或傷口。
40-45秒：想看藥證查詢方式，請看置頂或私訊。",衛署成製015614，乙類成藥，資料可至衛福部中藥許可證系統查詢。外用產品請依標示使用；身體不適、症狀持續或惡化時，請諮詢醫師或藥師。想看藥證查詢與外盒標示，請看置頂或私訊索取。,9:16實拍短影音：外盒標示、藥證查詢、質地近拍、客服入口,建議搭配：外盒標示實拍、藥證查詢截圖、產品質地短影片、客服回覆截圖（遮個資）。,衛福部中藥許可證：衛署成製015614；類別：乙類成藥；劑型：油膏劑。,退換貨、付款、客服、出貨、價格、通路與任何見證內容，發布前須由人工確認。
TikTok_LINE053_V2,LINE053,2026-06-30,12:00,TikTok,秋分後外出前暖身,F,低,pending_legal_pharmacist_review,false,秋分後外出前暖身,"0-3秒：買一條根，先別急著下單，先看這三個地方。
3-10秒：鏡頭拍外盒標示與衛署成製015614。
10-20秒：拍產品質地，旁白：這是外用油膏，依標示使用。
20-32秒：切入主題「秋分後外出前暖身」，說明適合日常局部按摩保養情境。
32-40秒：安全提醒：節氣養生屬一般生活資訊，身體不適仍應諮詢專業人員。
40-45秒：想看藥證查詢方式，請看置頂或私訊。",衛署成製015614，乙類成藥，資料可至衛福部中藥許可證系統查詢。外用產品請依標示使用；身體不適、症狀持續或惡化時，請諮詢醫師或藥師。想看藥證查詢與外盒標示，請看置頂或私訊索取。,9:16實拍短影音：外盒標示、藥證查詢、質地近拍、客服入口,建議搭配：外盒標示實拍、藥證查詢截圖、產品質地短影片、客服回覆截圖（遮個資）。,衛福部中藥許可證：衛署成製015614；類別：乙類成藥；劑型：油膏劑。,退換貨、付款、客服、出貨、價格、通路與任何見證內容，發布前須由人工確認。
TikTok_LINE054_V2,LINE054,2026-06-30,20:00,TikTok,症狀超過七天要停用並諮詢,E,高,pending_legal_pharmacist_review,false,症狀超過七天要停用並諮詢,"0-3秒：買一條根，先別急著下單，先看這三個地方。
3-10秒：鏡頭拍外盒標示與衛署成製015614。
10-20秒：拍產品質地，旁白：這是外用油膏，依標示使用。
20-32秒：切入主題「症狀超過七天要停用並諮詢」，說明適合日常局部按摩保養情境。
32-40秒：安全提醒：2 歲以下、孕哺、過敏體質、抗凝血藥使用者請先詢問專業人員。
40-45秒：想看藥證查詢方式，請看置頂或私訊。",衛署成製015614，乙類成藥，資料可至衛福部中藥許可證系統查詢。外用產品請依標示使用；身體不適、症狀持續或惡化時，請諮詢醫師或藥師。想看藥證查詢與外盒標示，請看置頂或私訊索取。,9:16實拍短影音：外盒標示、藥證查詢、質地近拍、客服入口,建議搭配：外盒標示實拍、藥證查詢截圖、產品質地短影片、客服回覆截圖（遮個資）。,衛福部中藥許可證：衛署成製015614；類別：乙類成藥；劑型：油膏劑。,退換貨、付款、客服、出貨、價格、通路與任何見證內容，發布前須由人工確認。
TikTok_LINE055_V2,LINE055,2026-07-01,12:00,TikTok,成分透明是基本功,H,中,pending_legal_pharmacist_review,false,成分透明是基本功,"0-3秒：買一條根，先別急著下單，先看這三個地方。
3-10秒：鏡頭拍外盒標示與衛署成製015614。
10-20秒：拍產品質地，旁白：這是外用油膏，依標示使用。
20-32秒：切入主題「成分透明是基本功」，說明適合日常局部按摩保養情境。
32-40秒：安全提醒：所有廣告文案仍須依主管機關與專業人員審核。
40-45秒：想看藥證查詢方式，請看置頂或私訊。",衛署成製015614，乙類成藥，資料可至衛福部中藥許可證系統查詢。外用產品請依標示使用；身體不適、症狀持續或惡化時，請諮詢醫師或藥師。想看藥證查詢與外盒標示，請看置頂或私訊索取。,9:16實拍短影音：外盒標示、藥證查詢、質地近拍、客服入口,建議搭配：外盒標示實拍、藥證查詢截圖、產品質地短影片、客服回覆截圖（遮個資）。,衛福部中藥許可證：衛署成製015614；類別：乙類成藥；劑型：油膏劑。,退換貨、付款、客服、出貨、價格、通路與任何見證內容，發布前須由人工確認。
TikTok_LINE056_V2,LINE056,2026-07-01,20:00,TikTok,一條根可以天天厚敷嗎,G,低,pending_legal_pharmacist_review,false,一條根可以天天厚敷嗎,"0-3秒：買一條根，先別急著下單，先看這三個地方。
3-10秒：鏡頭拍外盒標示與衛署成製015614。
10-20秒：拍產品質地，旁白：這是外用油膏，依標示使用。
20-32秒：切入主題「一條根可以天天厚敷嗎」，說明適合日常局部按摩保養情境。
32-40秒：安全提醒：互動回答不取代醫師或藥師建議。
40-45秒：想看藥證查詢方式，請看置頂或私訊。",衛署成製015614，乙類成藥，資料可至衛福部中藥許可證系統查詢。外用產品請依標示使用；身體不適、症狀持續或惡化時，請諮詢醫師或藥師。想看藥證查詢與外盒標示，請看置頂或私訊索取。,9:16實拍短影音：外盒標示、藥證查詢、質地近拍、客服入口,建議搭配：外盒標示實拍、藥證查詢截圖、產品質地短影片、客服回覆截圖（遮個資）。,衛福部中藥許可證：衛署成製015614；類別：乙類成藥；劑型：油膏劑。,退換貨、付款、客服、出貨、價格、通路與任何見證內容，發布前須由人工確認。
TikTok_LINE057_V2,LINE057,2026-07-02,12:00,TikTok,運動後不要立刻熱敷加藥膏,C,中,pending_legal_pharmacist_review,false,運動後不要立刻熱敷加藥膏,"0-3秒：買一條根，先別急著下單，先看這三個地方。
3-10秒：鏡頭拍外盒標示與衛署成製015614。
10-20秒：拍產品質地，旁白：這是外用油膏，依標示使用。
20-32秒：切入主題「運動後不要立刻熱敷加藥膏」，說明適合日常局部按摩保養情境。
32-40秒：安全提醒：明顯腫脹、劇痛、活動受限或疑似受傷時，請先就醫。
40-45秒：想看藥證查詢方式，請看置頂或私訊。",衛署成製015614，乙類成藥，資料可至衛福部中藥許可證系統查詢。外用產品請依標示使用；身體不適、症狀持續或惡化時，請諮詢醫師或藥師。想看藥證查詢與外盒標示，請看置頂或私訊索取。,9:16實拍短影音：外盒標示、藥證查詢、質地近拍、客服入口,建議搭配：外盒標示實拍、藥證查詢截圖、產品質地短影片、客服回覆截圖（遮個資）。,衛福部中藥許可證：衛署成製015614；類別：乙類成藥；劑型：油膏劑。,退換貨、付款、客服、出貨、價格、通路與任何見證內容，發布前須由人工確認。
TikTok_LINE058_V2,LINE058,2026-07-02,20:00,TikTok,使用前先小範圍測試,A,中,pending_legal_pharmacist_review,false,使用前先小範圍測試,"0-3秒：買一條根，先別急著下單，先看這三個地方。
3-10秒：鏡頭拍外盒標示與衛署成製015614。
10-20秒：拍產品質地，旁白：這是外用油膏，依標示使用。
20-32秒：切入主題「使用前先小範圍測試」，說明適合日常局部按摩保養情境。
32-40秒：安全提醒：僅供外用；避免眼周、黏膜、破皮或傷口。
40-45秒：想看藥證查詢方式，請看置頂或私訊。",衛署成製015614，乙類成藥，資料可至衛福部中藥許可證系統查詢。外用產品請依標示使用；身體不適、症狀持續或惡化時，請諮詢醫師或藥師。想看藥證查詢與外盒標示，請看置頂或私訊索取。,9:16實拍短影音：外盒標示、藥證查詢、質地近拍、客服入口,建議搭配：外盒標示實拍、藥證查詢截圖、產品質地短影片、客服回覆截圖（遮個資）。,衛福部中藥許可證：衛署成製015614；類別：乙類成藥；劑型：油膏劑。,退換貨、付款、客服、出貨、價格、通路與任何見證內容，發布前須由人工確認。
TikTok_LINE059_V2,LINE059,2026-07-03,12:00,TikTok,長輩使用前先看標示,D,中,pending_legal_pharmacist_review,false,長輩使用前先看標示,"0-3秒：買一條根，先別急著下單，先看這三個地方。
3-10秒：鏡頭拍外盒標示與衛署成製015614。
10-20秒：拍產品質地，旁白：這是外用油膏，依標示使用。
20-32秒：切入主題「長輩使用前先看標示」，說明適合日常局部按摩保養情境。
32-40秒：安全提醒：關節腫痛、紅熱、長期疼痛或行走困難，請就醫評估。
40-45秒：想看藥證查詢方式，請看置頂或私訊。",衛署成製015614，乙類成藥，資料可至衛福部中藥許可證系統查詢。外用產品請依標示使用；身體不適、症狀持續或惡化時，請諮詢醫師或藥師。想看藥證查詢與外盒標示，請看置頂或私訊索取。,9:16實拍短影音：外盒標示、藥證查詢、質地近拍、客服入口,建議搭配：外盒標示實拍、藥證查詢截圖、產品質地短影片、客服回覆截圖（遮個資）。,衛福部中藥許可證：衛署成製015614；類別：乙類成藥；劑型：油膏劑。,退換貨、付款、客服、出貨、價格、通路與任何見證內容，發布前須由人工確認。
TikTok_LINE060_V2,LINE060,2026-07-03,20:00,TikTok,皮膚刺激時要停止使用,E,高,pending_legal_pharmacist_review,false,皮膚刺激時要停止使用,"0-3秒：買一條根，先別急著下單，先看這三個地方。
3-10秒：鏡頭拍外盒標示與衛署成製015614。
10-20秒：拍產品質地，旁白：這是外用油膏，依標示使用。
20-32秒：切入主題「皮膚刺激時要停止使用」，說明適合日常局部按摩保養情境。
32-40秒：安全提醒：2 歲以下、孕哺、過敏體質、抗凝血藥使用者請先詢問專業人員。
40-45秒：想看藥證查詢方式，請看置頂或私訊。",衛署成製015614，乙類成藥，資料可至衛福部中藥許可證系統查詢。外用產品請依標示使用；身體不適、症狀持續或惡化時，請諮詢醫師或藥師。想看藥證查詢與外盒標示，請看置頂或私訊索取。,9:16實拍短影音：外盒標示、藥證查詢、質地近拍、客服入口,建議搭配：外盒標示實拍、藥證查詢截圖、產品質地短影片、客服回覆截圖（遮個資）。,衛福部中藥許可證：衛署成製015614；類別：乙類成藥；劑型：油膏劑。,退換貨、付款、客服、出貨、價格、通路與任何見證內容，發布前須由人工確認。
TikTok_LINE061_V2,LINE061,2026-07-04,12:00,TikTok,寒露後肩背保養,F,低,pending_legal_pharmacist_review,false,寒露後肩背保養,"0-3秒：買一條根，先別急著下單，先看這三個地方。
3-10秒：鏡頭拍外盒標示與衛署成製015614。
10-20秒：拍產品質地，旁白：這是外用油膏，依標示使用。
20-32秒：切入主題「寒露後肩背保養」，說明適合日常局部按摩保養情境。
32-40秒：安全提醒：節氣養生屬一般生活資訊，身體不適仍應諮詢專業人員。
40-45秒：想看藥證查詢方式，請看置頂或私訊。",衛署成製015614，乙類成藥，資料可至衛福部中藥許可證系統查詢。外用產品請依標示使用；身體不適、症狀持續或惡化時，請諮詢醫師或藥師。想看藥證查詢與外盒標示，請看置頂或私訊索取。,9:16實拍短影音：外盒標示、藥證查詢、質地近拍、客服入口,建議搭配：外盒標示實拍、藥證查詢截圖、產品質地短影片、客服回覆截圖（遮個資）。,衛福部中藥許可證：衛署成製015614；類別：乙類成藥；劑型：油膏劑。,退換貨、付款、客服、出貨、價格、通路與任何見證內容，發布前須由人工確認。
TikTok_LINE062_V2,LINE062,2026-07-04,20:00,TikTok,輕微拉扯後的觀察重點,C,中,pending_legal_pharmacist_review,false,輕微拉扯後的觀察重點,"0-3秒：買一條根，先別急著下單，先看這三個地方。
3-10秒：鏡頭拍外盒標示與衛署成製015614。
10-20秒：拍產品質地，旁白：這是外用油膏，依標示使用。
20-32秒：切入主題「輕微拉扯後的觀察重點」，說明適合日常局部按摩保養情境。
32-40秒：安全提醒：明顯腫脹、劇痛、活動受限或疑似受傷時，請先就醫。
40-45秒：想看藥證查詢方式，請看置頂或私訊。",衛署成製015614，乙類成藥，資料可至衛福部中藥許可證系統查詢。外用產品請依標示使用；身體不適、症狀持續或惡化時，請諮詢醫師或藥師。想看藥證查詢與外盒標示，請看置頂或私訊索取。,9:16實拍短影音：外盒標示、藥證查詢、質地近拍、客服入口,建議搭配：外盒標示實拍、藥證查詢截圖、產品質地短影片、客服回覆截圖（遮個資）。,衛福部中藥許可證：衛署成製015614；類別：乙類成藥；劑型：油膏劑。,退換貨、付款、客服、出貨、價格、通路與任何見證內容，發布前須由人工確認。
TikTok_LINE063_V2,LINE063,2026-07-05,12:00,TikTok,擦完可以馬上熱敷嗎,G,低,pending_legal_pharmacist_review,false,擦完可以馬上熱敷嗎,"0-3秒：買一條根，先別急著下單，先看這三個地方。
3-10秒：鏡頭拍外盒標示與衛署成製015614。
10-20秒：拍產品質地，旁白：這是外用油膏，依標示使用。
20-32秒：切入主題「擦完可以馬上熱敷嗎」，說明適合日常局部按摩保養情境。
32-40秒：安全提醒：互動回答不取代醫師或藥師建議。
40-45秒：想看藥證查詢方式，請看置頂或私訊。",衛署成製015614，乙類成藥，資料可至衛福部中藥許可證系統查詢。外用產品請依標示使用；身體不適、症狀持續或惡化時，請諮詢醫師或藥師。想看藥證查詢與外盒標示，請看置頂或私訊索取。,9:16實拍短影音：外盒標示、藥證查詢、質地近拍、客服入口,建議搭配：外盒標示實拍、藥證查詢截圖、產品質地短影片、客服回覆截圖（遮個資）。,衛福部中藥許可證：衛署成製015614；類別：乙類成藥；劑型：油膏劑。,退換貨、付款、客服、出貨、價格、通路與任何見證內容，發布前須由人工確認。
TikTok_LINE064_V2,LINE064,2026-07-05,20:00,TikTok,別把長期疼痛只當小問題,D,中,pending_legal_pharmacist_review,false,別把長期疼痛只當小問題,"0-3秒：買一條根，先別急著下單，先看這三個地方。
3-10秒：鏡頭拍外盒標示與衛署成製015614。
10-20秒：拍產品質地，旁白：這是外用油膏，依標示使用。
20-32秒：切入主題「別把長期疼痛只當小問題」，說明適合日常局部按摩保養情境。
32-40秒：安全提醒：關節腫痛、紅熱、長期疼痛或行走困難，請就醫評估。
40-45秒：想看藥證查詢方式，請看置頂或私訊。",衛署成製015614，乙類成藥，資料可至衛福部中藥許可證系統查詢。外用產品請依標示使用；身體不適、症狀持續或惡化時，請諮詢醫師或藥師。想看藥證查詢與外盒標示，請看置頂或私訊索取。,9:16實拍短影音：外盒標示、藥證查詢、質地近拍、客服入口,建議搭配：外盒標示實拍、藥證查詢截圖、產品質地短影片、客服回覆截圖（遮個資）。,衛福部中藥許可證：衛署成製015614；類別：乙類成藥；劑型：油膏劑。,退換貨、付款、客服、出貨、價格、通路與任何見證內容，發布前須由人工確認。
TikTok_LINE065_V2,LINE065,2026-07-06,12:00,TikTok,滑手機後頸部保養,B,低,pending_legal_pharmacist_review,false,滑手機後頸部保養,"0-3秒：買一條根，先別急著下單，先看這三個地方。
3-10秒：鏡頭拍外盒標示與衛署成製015614。
10-20秒：拍產品質地，旁白：這是外用油膏，依標示使用。
20-32秒：切入主題「滑手機後頸部保養」，說明適合日常局部按摩保養情境。
32-40秒：安全提醒：若痠痛持續、麻木或影響活動，請諮詢醫師或藥師。
40-45秒：想看藥證查詢方式，請看置頂或私訊。",衛署成製015614，乙類成藥，資料可至衛福部中藥許可證系統查詢。外用產品請依標示使用；身體不適、症狀持續或惡化時，請諮詢醫師或藥師。想看藥證查詢與外盒標示，請看置頂或私訊索取。,9:16實拍短影音：外盒標示、藥證查詢、質地近拍、客服入口,建議搭配：外盒標示實拍、藥證查詢截圖、產品質地短影片、客服回覆截圖（遮個資）。,衛福部中藥許可證：衛署成製015614；類別：乙類成藥；劑型：油膏劑。,退換貨、付款、客服、出貨、價格、通路與任何見證內容，發布前須由人工確認。
TikTok_LINE066_V2,LINE066,2026-07-06,20:00,TikTok,產品不是神藥，定位要講清楚,A,中,pending_legal_pharmacist_review,false,產品不是神藥，定位要講清楚,"0-3秒：買一條根，先別急著下單，先看這三個地方。
3-10秒：鏡頭拍外盒標示與衛署成製015614。
10-20秒：拍產品質地，旁白：這是外用油膏，依標示使用。
20-32秒：切入主題「產品不是神藥，定位要講清楚」，說明適合日常局部按摩保養情境。
32-40秒：安全提醒：僅供外用；避免眼周、黏膜、破皮或傷口。
40-45秒：想看藥證查詢方式，請看置頂或私訊。",衛署成製015614，乙類成藥，資料可至衛福部中藥許可證系統查詢。外用產品請依標示使用；身體不適、症狀持續或惡化時，請諮詢醫師或藥師。想看藥證查詢與外盒標示，請看置頂或私訊索取。,9:16實拍短影音：外盒標示、藥證查詢、質地近拍、客服入口,建議搭配：外盒標示實拍、藥證查詢截圖、產品質地短影片、客服回覆截圖（遮個資）。,衛福部中藥許可證：衛署成製015614；類別：乙類成藥；劑型：油膏劑。,退換貨、付款、客服、出貨、價格、通路與任何見證內容，發布前須由人工確認。
TikTok_LINE067_V2,LINE067,2026-07-07,12:00,TikTok,立冬前後的日常舒緩儀式,F,低,pending_legal_pharmacist_review,false,立冬前後的日常舒緩儀式,"0-3秒：買一條根，先別急著下單，先看這三個地方。
3-10秒：鏡頭拍外盒標示與衛署成製015614。
10-20秒：拍產品質地，旁白：這是外用油膏，依標示使用。
20-32秒：切入主題「立冬前後的日常舒緩儀式」，說明適合日常局部按摩保養情境。
32-40秒：安全提醒：節氣養生屬一般生活資訊，身體不適仍應諮詢專業人員。
40-45秒：想看藥證查詢方式，請看置頂或私訊。",衛署成製015614，乙類成藥，資料可至衛福部中藥許可證系統查詢。外用產品請依標示使用；身體不適、症狀持續或惡化時，請諮詢醫師或藥師。想看藥證查詢與外盒標示，請看置頂或私訊索取。,9:16實拍短影音：外盒標示、藥證查詢、質地近拍、客服入口,建議搭配：外盒標示實拍、藥證查詢截圖、產品質地短影片、客服回覆截圖（遮個資）。,衛福部中藥許可證：衛署成製015614；類別：乙類成藥；劑型：油膏劑。,退換貨、付款、客服、出貨、價格、通路與任何見證內容，發布前須由人工確認。
TikTok_LINE068_V2,LINE068,2026-07-07,20:00,TikTok,深層症狀不適合自行處理,E,高,pending_legal_pharmacist_review,false,深層症狀不適合自行處理,"0-3秒：買一條根，先別急著下單，先看這三個地方。
3-10秒：鏡頭拍外盒標示與衛署成製015614。
10-20秒：拍產品質地，旁白：這是外用油膏，依標示使用。
20-32秒：切入主題「深層症狀不適合自行處理」，說明適合日常局部按摩保養情境。
32-40秒：安全提醒：2 歲以下、孕哺、過敏體質、抗凝血藥使用者請先詢問專業人員。
40-45秒：想看藥證查詢方式，請看置頂或私訊。",衛署成製015614，乙類成藥，資料可至衛福部中藥許可證系統查詢。外用產品請依標示使用；身體不適、症狀持續或惡化時，請諮詢醫師或藥師。想看藥證查詢與外盒標示，請看置頂或私訊索取。,9:16實拍短影音：外盒標示、藥證查詢、質地近拍、客服入口,建議搭配：外盒標示實拍、藥證查詢截圖、產品質地短影片、客服回覆截圖（遮個資）。,衛福部中藥許可證：衛署成製015614；類別：乙類成藥；劑型：油膏劑。,退換貨、付款、客服、出貨、價格、通路與任何見證內容，發布前須由人工確認。
TikTok_LINE069_V2,LINE069,2026-07-08,12:00,TikTok,每篇貼文都要人工審核,H,中,pending_legal_pharmacist_review,false,每篇貼文都要人工審核,"0-3秒：買一條根，先別急著下單，先看這三個地方。
3-10秒：鏡頭拍外盒標示與衛署成製015614。
10-20秒：拍產品質地，旁白：這是外用油膏，依標示使用。
20-32秒：切入主題「每篇貼文都要人工審核」，說明適合日常局部按摩保養情境。
32-40秒：安全提醒：所有廣告文案仍須依主管機關與專業人員審核。
40-45秒：想看藥證查詢方式，請看置頂或私訊。",衛署成製015614，乙類成藥，資料可至衛福部中藥許可證系統查詢。外用產品請依標示使用；身體不適、症狀持續或惡化時，請諮詢醫師或藥師。想看藥證查詢與外盒標示，請看置頂或私訊索取。,9:16實拍短影音：外盒標示、藥證查詢、質地近拍、客服入口,建議搭配：外盒標示實拍、藥證查詢截圖、產品質地短影片、客服回覆截圖（遮個資）。,衛福部中藥許可證：衛署成製015614；類別：乙類成藥；劑型：油膏劑。,退換貨、付款、客服、出貨、價格、通路與任何見證內容，發布前須由人工確認。
TikTok_LINE070_V2,LINE070,2026-07-08,20:00,TikTok,哪些情況應該先就醫,G,低,pending_legal_pharmacist_review,false,哪些情況應該先就醫,"0-3秒：買一條根，先別急著下單，先看這三個地方。
3-10秒：鏡頭拍外盒標示與衛署成製015614。
10-20秒：拍產品質地，旁白：這是外用油膏，依標示使用。
20-32秒：切入主題「哪些情況應該先就醫」，說明適合日常局部按摩保養情境。
32-40秒：安全提醒：互動回答不取代醫師或藥師建議。
40-45秒：想看藥證查詢方式，請看置頂或私訊。",衛署成製015614，乙類成藥，資料可至衛福部中藥許可證系統查詢。外用產品請依標示使用；身體不適、症狀持續或惡化時，請諮詢醫師或藥師。想看藥證查詢與外盒標示，請看置頂或私訊索取。,9:16實拍短影音：外盒標示、藥證查詢、質地近拍、客服入口,建議搭配：外盒標示實拍、藥證查詢截圖、產品質地短影片、客服回覆截圖（遮個資）。,衛福部中藥許可證：衛署成製015614；類別：乙類成藥；劑型：油膏劑。,退換貨、付款、客服、出貨、價格、通路與任何見證內容，發布前須由人工確認。
TikTok_LINE071_V2,LINE071,2026-07-09,12:00,TikTok,運動後局部痠痛的保守處理,C,中,pending_legal_pharmacist_review,false,運動後局部痠痛的保守處理,"0-3秒：買一條根，先別急著下單，先看這三個地方。
3-10秒：鏡頭拍外盒標示與衛署成製015614。
10-20秒：拍產品質地，旁白：這是外用油膏，依標示使用。
20-32秒：切入主題「運動後局部痠痛的保守處理」，說明適合日常局部按摩保養情境。
32-40秒：安全提醒：明顯腫脹、劇痛、活動受限或疑似受傷時，請先就醫。
40-45秒：想看藥證查詢方式，請看置頂或私訊。",衛署成製015614，乙類成藥，資料可至衛福部中藥許可證系統查詢。外用產品請依標示使用；身體不適、症狀持續或惡化時，請諮詢醫師或藥師。想看藥證查詢與外盒標示，請看置頂或私訊索取。,9:16實拍短影音：外盒標示、藥證查詢、質地近拍、客服入口,建議搭配：外盒標示實拍、藥證查詢截圖、產品質地短影片、客服回覆截圖（遮個資）。,衛福部中藥許可證：衛署成製015614；類別：乙類成藥；劑型：油膏劑。,退換貨、付款、客服、出貨、價格、通路與任何見證內容，發布前須由人工確認。
TikTok_LINE072_V2,LINE072,2026-07-09,20:00,TikTok,冬青油與清涼舒緩體感,A,中,pending_legal_pharmacist_review,false,冬青油與清涼舒緩體感,"0-3秒：買一條根，先別急著下單，先看這三個地方。
3-10秒：鏡頭拍外盒標示與衛署成製015614。
10-20秒：拍產品質地，旁白：這是外用油膏，依標示使用。
20-32秒：切入主題「冬青油與清涼舒緩體感」，說明適合日常局部按摩保養情境。
32-40秒：安全提醒：僅供外用；避免眼周、黏膜、破皮或傷口。
40-45秒：想看藥證查詢方式，請看置頂或私訊。",衛署成製015614，乙類成藥，資料可至衛福部中藥許可證系統查詢。外用產品請依標示使用；身體不適、症狀持續或惡化時，請諮詢醫師或藥師。想看藥證查詢與外盒標示，請看置頂或私訊索取。,9:16實拍短影音：外盒標示、藥證查詢、質地近拍、客服入口,建議搭配：外盒標示實拍、藥證查詢截圖、產品質地短影片、客服回覆截圖（遮個資）。,衛福部中藥許可證：衛署成製015614；類別：乙類成藥；劑型：油膏劑。,退換貨、付款、客服、出貨、價格、通路與任何見證內容，發布前須由人工確認。
TikTok_LINE073_V2,LINE073,2026-07-10,12:00,TikTok,早晨活動前的關節暖身,D,中,pending_legal_pharmacist_review,false,早晨活動前的關節暖身,"0-3秒：買一條根，先別急著下單，先看這三個地方。
3-10秒：鏡頭拍外盒標示與衛署成製015614。
10-20秒：拍產品質地，旁白：這是外用油膏，依標示使用。
20-32秒：切入主題「早晨活動前的關節暖身」，說明適合日常局部按摩保養情境。
32-40秒：安全提醒：關節腫痛、紅熱、長期疼痛或行走困難，請就醫評估。
40-45秒：想看藥證查詢方式，請看置頂或私訊。",衛署成製015614，乙類成藥，資料可至衛福部中藥許可證系統查詢。外用產品請依標示使用；身體不適、症狀持續或惡化時，請諮詢醫師或藥師。想看藥證查詢與外盒標示，請看置頂或私訊索取。,9:16實拍短影音：外盒標示、藥證查詢、質地近拍、客服入口,建議搭配：外盒標示實拍、藥證查詢截圖、產品質地短影片、客服回覆截圖（遮個資）。,衛福部中藥許可證：衛署成製015614；類別：乙類成藥；劑型：油膏劑。,退換貨、付款、客服、出貨、價格、通路與任何見證內容，發布前須由人工確認。
TikTok_LINE074_V2,LINE074,2026-07-10,20:00,TikTok,不能擦在破皮或傷口,E,高,pending_legal_pharmacist_review,false,不能擦在破皮或傷口,"0-3秒：買一條根，先別急著下單，先看這三個地方。
3-10秒：鏡頭拍外盒標示與衛署成製015614。
10-20秒：拍產品質地，旁白：這是外用油膏，依標示使用。
20-32秒：切入主題「不能擦在破皮或傷口」，說明適合日常局部按摩保養情境。
32-40秒：安全提醒：2 歲以下、孕哺、過敏體質、抗凝血藥使用者請先詢問專業人員。
40-45秒：想看藥證查詢方式，請看置頂或私訊。",衛署成製015614，乙類成藥，資料可至衛福部中藥許可證系統查詢。外用產品請依標示使用；身體不適、症狀持續或惡化時，請諮詢醫師或藥師。想看藥證查詢與外盒標示，請看置頂或私訊索取。,9:16實拍短影音：外盒標示、藥證查詢、質地近拍、客服入口,建議搭配：外盒標示實拍、藥證查詢截圖、產品質地短影片、客服回覆截圖（遮個資）。,衛福部中藥許可證：衛署成製015614；類別：乙類成藥；劑型：油膏劑。,退換貨、付款、客服、出貨、價格、通路與任何見證內容，發布前須由人工確認。
TikTok_LINE075_V2,LINE075,2026-07-11,12:00,TikTok,芒種後濕熱生活保養,F,低,pending_legal_pharmacist_review,false,芒種後濕熱生活保養,"0-3秒：買一條根，先別急著下單，先看這三個地方。
3-10秒：鏡頭拍外盒標示與衛署成製015614。
10-20秒：拍產品質地，旁白：這是外用油膏，依標示使用。
20-32秒：切入主題「芒種後濕熱生活保養」，說明適合日常局部按摩保養情境。
32-40秒：安全提醒：節氣養生屬一般生活資訊，身體不適仍應諮詢專業人員。
40-45秒：想看藥證查詢方式，請看置頂或私訊。",衛署成製015614，乙類成藥，資料可至衛福部中藥許可證系統查詢。外用產品請依標示使用；身體不適、症狀持續或惡化時，請諮詢醫師或藥師。想看藥證查詢與外盒標示，請看置頂或私訊索取。,9:16實拍短影音：外盒標示、藥證查詢、質地近拍、客服入口,建議搭配：外盒標示實拍、藥證查詢截圖、產品質地短影片、客服回覆截圖（遮個資）。,衛福部中藥許可證：衛署成製015614；類別：乙類成藥；劑型：油膏劑。,退換貨、付款、客服、出貨、價格、通路與任何見證內容，發布前須由人工確認。
TikTok_LINE076_V2,LINE076,2026-07-11,20:00,TikTok,久站後小腿不適舒緩,C,中,pending_legal_pharmacist_review,false,久站後小腿不適舒緩,"0-3秒：買一條根，先別急著下單，先看這三個地方。
3-10秒：鏡頭拍外盒標示與衛署成製015614。
10-20秒：拍產品質地，旁白：這是外用油膏，依標示使用。
20-32秒：切入主題「久站後小腿不適舒緩」，說明適合日常局部按摩保養情境。
32-40秒：安全提醒：明顯腫脹、劇痛、活動受限或疑似受傷時，請先就醫。
40-45秒：想看藥證查詢方式，請看置頂或私訊。",衛署成製015614，乙類成藥，資料可至衛福部中藥許可證系統查詢。外用產品請依標示使用；身體不適、症狀持續或惡化時，請諮詢醫師或藥師。想看藥證查詢與外盒標示，請看置頂或私訊索取。,9:16實拍短影音：外盒標示、藥證查詢、質地近拍、客服入口,建議搭配：外盒標示實拍、藥證查詢截圖、產品質地短影片、客服回覆截圖（遮個資）。,衛福部中藥許可證：衛署成製015614；類別：乙類成藥；劑型：油膏劑。,退換貨、付款、客服、出貨、價格、通路與任何見證內容，發布前須由人工確認。
TikTok_LINE077_V2,LINE077,2026-07-12,12:00,TikTok,你最常哪個部位緊繃,G,低,pending_legal_pharmacist_review,false,你最常哪個部位緊繃,"0-3秒：買一條根，先別急著下單，先看這三個地方。
3-10秒：鏡頭拍外盒標示與衛署成製015614。
10-20秒：拍產品質地，旁白：這是外用油膏，依標示使用。
20-32秒：切入主題「你最常哪個部位緊繃」，說明適合日常局部按摩保養情境。
32-40秒：安全提醒：互動回答不取代醫師或藥師建議。
40-45秒：想看藥證查詢方式，請看置頂或私訊。",衛署成製015614，乙類成藥，資料可至衛福部中藥許可證系統查詢。外用產品請依標示使用；身體不適、症狀持續或惡化時，請諮詢醫師或藥師。想看藥證查詢與外盒標示，請看置頂或私訊索取。,9:16實拍短影音：外盒標示、藥證查詢、質地近拍、客服入口,建議搭配：外盒標示實拍、藥證查詢截圖、產品質地短影片、客服回覆截圖（遮個資）。,衛福部中藥許可證：衛署成製015614；類別：乙類成藥；劑型：油膏劑。,退換貨、付款、客服、出貨、價格、通路與任何見證內容，發布前須由人工確認。
TikTok_LINE078_V2,LINE078,2026-07-12,20:00,TikTok,長輩外用膏使用安全,D,中,pending_legal_pharmacist_review,false,長輩外用膏使用安全,"0-3秒：買一條根，先別急著下單，先看這三個地方。
3-10秒：鏡頭拍外盒標示與衛署成製015614。
10-20秒：拍產品質地，旁白：這是外用油膏，依標示使用。
20-32秒：切入主題「長輩外用膏使用安全」，說明適合日常局部按摩保養情境。
32-40秒：安全提醒：關節腫痛、紅熱、長期疼痛或行走困難，請就醫評估。
40-45秒：想看藥證查詢方式，請看置頂或私訊。",衛署成製015614，乙類成藥，資料可至衛福部中藥許可證系統查詢。外用產品請依標示使用；身體不適、症狀持續或惡化時，請諮詢醫師或藥師。想看藥證查詢與外盒標示，請看置頂或私訊索取。,9:16實拍短影音：外盒標示、藥證查詢、質地近拍、客服入口,建議搭配：外盒標示實拍、藥證查詢截圖、產品質地短影片、客服回覆截圖（遮個資）。,衛福部中藥許可證：衛署成製015614；類別：乙類成藥；劑型：油膏劑。,退換貨、付款、客服、出貨、價格、通路與任何見證內容，發布前須由人工確認。
TikTok_LINE079_V2,LINE079,2026-07-13,12:00,TikTok,辦公桌前的姿勢檢查,B,低,pending_legal_pharmacist_review,false,辦公桌前的姿勢檢查,"0-3秒：買一條根，先別急著下單，先看這三個地方。
3-10秒：鏡頭拍外盒標示與衛署成製015614。
10-20秒：拍產品質地，旁白：這是外用油膏，依標示使用。
20-32秒：切入主題「辦公桌前的姿勢檢查」，說明適合日常局部按摩保養情境。
32-40秒：安全提醒：若痠痛持續、麻木或影響活動，請諮詢醫師或藥師。
40-45秒：想看藥證查詢方式，請看置頂或私訊。",衛署成製015614，乙類成藥，資料可至衛福部中藥許可證系統查詢。外用產品請依標示使用；身體不適、症狀持續或惡化時，請諮詢醫師或藥師。想看藥證查詢與外盒標示，請看置頂或私訊索取。,9:16實拍短影音：外盒標示、藥證查詢、質地近拍、客服入口,建議搭配：外盒標示實拍、藥證查詢截圖、產品質地短影片、客服回覆截圖（遮個資）。,衛福部中藥許可證：衛署成製015614；類別：乙類成藥；劑型：油膏劑。,退換貨、付款、客服、出貨、價格、通路與任何見證內容，發布前須由人工確認。
TikTok_LINE080_V2,LINE080,2026-07-13,20:00,TikTok,薄荷腦帶來的涼感來源,A,中,pending_legal_pharmacist_review,false,薄荷腦帶來的涼感來源,"0-3秒：買一條根，先別急著下單，先看這三個地方。
3-10秒：鏡頭拍外盒標示與衛署成製015614。
10-20秒：拍產品質地，旁白：這是外用油膏，依標示使用。
20-32秒：切入主題「薄荷腦帶來的涼感來源」，說明適合日常局部按摩保養情境。
32-40秒：安全提醒：僅供外用；避免眼周、黏膜、破皮或傷口。
40-45秒：想看藥證查詢方式，請看置頂或私訊。",衛署成製015614，乙類成藥，資料可至衛福部中藥許可證系統查詢。外用產品請依標示使用；身體不適、症狀持續或惡化時，請諮詢醫師或藥師。想看藥證查詢與外盒標示，請看置頂或私訊索取。,9:16實拍短影音：外盒標示、藥證查詢、質地近拍、客服入口,建議搭配：外盒標示實拍、藥證查詢截圖、產品質地短影片、客服回覆截圖（遮個資）。,衛福部中藥許可證：衛署成製015614；類別：乙類成藥；劑型：油膏劑。,退換貨、付款、客服、出貨、價格、通路與任何見證內容，發布前須由人工確認。
TikTok_LINE081_V2,LINE081,2026-07-14,12:00,TikTok,夏季冷氣房的肩頸保養,F,低,pending_legal_pharmacist_review,false,夏季冷氣房的肩頸保養,"0-3秒：買一條根，先別急著下單，先看這三個地方。
3-10秒：鏡頭拍外盒標示與衛署成製015614。
10-20秒：拍產品質地，旁白：這是外用油膏，依標示使用。
20-32秒：切入主題「夏季冷氣房的肩頸保養」，說明適合日常局部按摩保養情境。
32-40秒：安全提醒：節氣養生屬一般生活資訊，身體不適仍應諮詢專業人員。
40-45秒：想看藥證查詢方式，請看置頂或私訊。",衛署成製015614，乙類成藥，資料可至衛福部中藥許可證系統查詢。外用產品請依標示使用；身體不適、症狀持續或惡化時，請諮詢醫師或藥師。想看藥證查詢與外盒標示，請看置頂或私訊索取。,9:16實拍短影音：外盒標示、藥證查詢、質地近拍、客服入口,建議搭配：外盒標示實拍、藥證查詢截圖、產品質地短影片、客服回覆截圖（遮個資）。,衛福部中藥許可證：衛署成製015614；類別：乙類成藥；劑型：油膏劑。,退換貨、付款、客服、出貨、價格、通路與任何見證內容，發布前須由人工確認。
TikTok_LINE082_V2,LINE082,2026-07-14,20:00,TikTok,外用膏避免眼周與黏膜,E,高,pending_legal_pharmacist_review,false,外用膏避免眼周與黏膜,"0-3秒：買一條根，先別急著下單，先看這三個地方。
3-10秒：鏡頭拍外盒標示與衛署成製015614。
10-20秒：拍產品質地，旁白：這是外用油膏，依標示使用。
20-32秒：切入主題「外用膏避免眼周與黏膜」，說明適合日常局部按摩保養情境。
32-40秒：安全提醒：2 歲以下、孕哺、過敏體質、抗凝血藥使用者請先詢問專業人員。
40-45秒：想看藥證查詢方式，請看置頂或私訊。",衛署成製015614，乙類成藥，資料可至衛福部中藥許可證系統查詢。外用產品請依標示使用；身體不適、症狀持續或惡化時，請諮詢醫師或藥師。想看藥證查詢與外盒標示，請看置頂或私訊索取。,9:16實拍短影音：外盒標示、藥證查詢、質地近拍、客服入口,建議搭配：外盒標示實拍、藥證查詢截圖、產品質地短影片、客服回覆截圖（遮個資）。,衛福部中藥許可證：衛署成製015614；類別：乙類成藥；劑型：油膏劑。,退換貨、付款、客服、出貨、價格、通路與任何見證內容，發布前須由人工確認。
TikTok_LINE083_V2,LINE083,2026-07-15,12:00,TikTok,合法宣傳比誇大更長久,H,中,pending_legal_pharmacist_review,false,合法宣傳比誇大更長久,"0-3秒：買一條根，先別急著下單，先看這三個地方。
3-10秒：鏡頭拍外盒標示與衛署成製015614。
10-20秒：拍產品質地，旁白：這是外用油膏，依標示使用。
20-32秒：切入主題「合法宣傳比誇大更長久」，說明適合日常局部按摩保養情境。
32-40秒：安全提醒：所有廣告文案仍須依主管機關與專業人員審核。
40-45秒：想看藥證查詢方式，請看置頂或私訊。",衛署成製015614，乙類成藥，資料可至衛福部中藥許可證系統查詢。外用產品請依標示使用；身體不適、症狀持續或惡化時，請諮詢醫師或藥師。想看藥證查詢與外盒標示，請看置頂或私訊索取。,9:16實拍短影音：外盒標示、藥證查詢、質地近拍、客服入口,建議搭配：外盒標示實拍、藥證查詢截圖、產品質地短影片、客服回覆截圖（遮個資）。,衛福部中藥許可證：衛署成製015614；類別：乙類成藥；劑型：油膏劑。,退換貨、付款、客服、出貨、價格、通路與任何見證內容，發布前須由人工確認。
TikTok_LINE084_V2,LINE084,2026-07-15,20:00,TikTok,你習慣運動前還是運動後保養,G,低,pending_legal_pharmacist_review,false,你習慣運動前還是運動後保養,"0-3秒：買一條根，先別急著下單，先看這三個地方。
3-10秒：鏡頭拍外盒標示與衛署成製015614。
10-20秒：拍產品質地，旁白：這是外用油膏，依標示使用。
20-32秒：切入主題「你習慣運動前還是運動後保養」，說明適合日常局部按摩保養情境。
32-40秒：安全提醒：互動回答不取代醫師或藥師建議。
40-45秒：想看藥證查詢方式，請看置頂或私訊。",衛署成製015614，乙類成藥，資料可至衛福部中藥許可證系統查詢。外用產品請依標示使用；身體不適、症狀持續或惡化時，請諮詢醫師或藥師。想看藥證查詢與外盒標示，請看置頂或私訊索取。,9:16實拍短影音：外盒標示、藥證查詢、質地近拍、客服入口,建議搭配：外盒標示實拍、藥證查詢截圖、產品質地短影片、客服回覆截圖（遮個資）。,衛福部中藥許可證：衛署成製015614；類別：乙類成藥；劑型：油膏劑。,退換貨、付款、客服、出貨、價格、通路與任何見證內容，發布前須由人工確認。
TikTok_LINE085_V2,LINE085,2026-07-16,12:00,TikTok,搬重物後腰背保養,C,中,pending_legal_pharmacist_review,false,搬重物後腰背保養,"0-3秒：買一條根，先別急著下單，先看這三個地方。
3-10秒：鏡頭拍外盒標示與衛署成製015614。
10-20秒：拍產品質地，旁白：這是外用油膏，依標示使用。
20-32秒：切入主題「搬重物後腰背保養」，說明適合日常局部按摩保養情境。
32-40秒：安全提醒：明顯腫脹、劇痛、活動受限或疑似受傷時，請先就醫。
40-45秒：想看藥證查詢方式，請看置頂或私訊。",衛署成製015614，乙類成藥，資料可至衛福部中藥許可證系統查詢。外用產品請依標示使用；身體不適、症狀持續或惡化時，請諮詢醫師或藥師。想看藥證查詢與外盒標示，請看置頂或私訊索取。,9:16實拍短影音：外盒標示、藥證查詢、質地近拍、客服入口,建議搭配：外盒標示實拍、藥證查詢截圖、產品質地短影片、客服回覆截圖（遮個資）。,衛福部中藥許可證：衛署成製015614；類別：乙類成藥；劑型：油膏劑。,退換貨、付款、客服、出貨、價格、通路與任何見證內容，發布前須由人工確認。
TikTok_LINE086_V2,LINE086,2026-07-16,20:00,TikTok,樟腦外用時的注意界線,A,中,pending_legal_pharmacist_review,false,樟腦外用時的注意界線,"0-3秒：買一條根，先別急著下單，先看這三個地方。
3-10秒：鏡頭拍外盒標示與衛署成製015614。
10-20秒：拍產品質地，旁白：這是外用油膏，依標示使用。
20-32秒：切入主題「樟腦外用時的注意界線」，說明適合日常局部按摩保養情境。
32-40秒：安全提醒：僅供外用；避免眼周、黏膜、破皮或傷口。
40-45秒：想看藥證查詢方式，請看置頂或私訊。",衛署成製015614，乙類成藥，資料可至衛福部中藥許可證系統查詢。外用產品請依標示使用；身體不適、症狀持續或惡化時，請諮詢醫師或藥師。想看藥證查詢與外盒標示，請看置頂或私訊索取。,9:16實拍短影音：外盒標示、藥證查詢、質地近拍、客服入口,建議搭配：外盒標示實拍、藥證查詢截圖、產品質地短影片、客服回覆截圖（遮個資）。,衛福部中藥許可證：衛署成製015614；類別：乙類成藥；劑型：油膏劑。,退換貨、付款、客服、出貨、價格、通路與任何見證內容，發布前須由人工確認。
TikTok_LINE087_V2,LINE087,2026-07-17,12:00,TikTok,輕微關節痠痛與疾病治療要分開,D,中,pending_legal_pharmacist_review,false,輕微關節痠痛與疾病治療要分開,"0-3秒：買一條根，先別急著下單，先看這三個地方。
3-10秒：鏡頭拍外盒標示與衛署成製015614。
10-20秒：拍產品質地，旁白：這是外用油膏，依標示使用。
20-32秒：切入主題「輕微關節痠痛與疾病治療要分開」，說明適合日常局部按摩保養情境。
32-40秒：安全提醒：關節腫痛、紅熱、長期疼痛或行走困難，請就醫評估。
40-45秒：想看藥證查詢方式，請看置頂或私訊。",衛署成製015614，乙類成藥，資料可至衛福部中藥許可證系統查詢。外用產品請依標示使用；身體不適、症狀持續或惡化時，請諮詢醫師或藥師。想看藥證查詢與外盒標示，請看置頂或私訊索取。,9:16實拍短影音：外盒標示、藥證查詢、質地近拍、客服入口,建議搭配：外盒標示實拍、藥證查詢截圖、產品質地短影片、客服回覆截圖（遮個資）。,衛福部中藥許可證：衛署成製015614；類別：乙類成藥；劑型：油膏劑。,退換貨、付款、客服、出貨、價格、通路與任何見證內容，發布前須由人工確認。
TikTok_LINE088_V2,LINE088,2026-07-17,20:00,TikTok,不要搭配熱敷墊或電毯,E,高,pending_legal_pharmacist_review,false,不要搭配熱敷墊或電毯,"0-3秒：買一條根，先別急著下單，先看這三個地方。
3-10秒：鏡頭拍外盒標示與衛署成製015614。
10-20秒：拍產品質地，旁白：這是外用油膏，依標示使用。
20-32秒：切入主題「不要搭配熱敷墊或電毯」，說明適合日常局部按摩保養情境。
32-40秒：安全提醒：2 歲以下、孕哺、過敏體質、抗凝血藥使用者請先詢問專業人員。
40-45秒：想看藥證查詢方式，請看置頂或私訊。",衛署成製015614，乙類成藥，資料可至衛福部中藥許可證系統查詢。外用產品請依標示使用；身體不適、症狀持續或惡化時，請諮詢醫師或藥師。想看藥證查詢與外盒標示，請看置頂或私訊索取。,9:16實拍短影音：外盒標示、藥證查詢、質地近拍、客服入口,建議搭配：外盒標示實拍、藥證查詢截圖、產品質地短影片、客服回覆截圖（遮個資）。,衛福部中藥許可證：衛署成製015614；類別：乙類成藥；劑型：油膏劑。,退換貨、付款、客服、出貨、價格、通路與任何見證內容，發布前須由人工確認。
TikTok_LINE089_V2,LINE089,2026-07-18,12:00,TikTok,小暑前後活動舒適提醒,F,低,pending_legal_pharmacist_review,false,小暑前後活動舒適提醒,"0-3秒：買一條根，先別急著下單，先看這三個地方。
3-10秒：鏡頭拍外盒標示與衛署成製015614。
10-20秒：拍產品質地，旁白：這是外用油膏，依標示使用。
20-32秒：切入主題「小暑前後活動舒適提醒」，說明適合日常局部按摩保養情境。
32-40秒：安全提醒：節氣養生屬一般生活資訊，身體不適仍應諮詢專業人員。
40-45秒：想看藥證查詢方式，請看置頂或私訊。",衛署成製015614，乙類成藥，資料可至衛福部中藥許可證系統查詢。外用產品請依標示使用；身體不適、症狀持續或惡化時，請諮詢醫師或藥師。想看藥證查詢與外盒標示，請看置頂或私訊索取。,9:16實拍短影音：外盒標示、藥證查詢、質地近拍、客服入口,建議搭配：外盒標示實拍、藥證查詢截圖、產品質地短影片、客服回覆截圖（遮個資）。,衛福部中藥許可證：衛署成製015614；類別：乙類成藥；劑型：油膏劑。,退換貨、付款、客服、出貨、價格、通路與任何見證內容，發布前須由人工確認。
TikTok_LINE090_V2,LINE090,2026-07-18,20:00,TikTok,爬山後腿部按摩提醒,C,中,pending_legal_pharmacist_review,false,爬山後腿部按摩提醒,"0-3秒：買一條根，先別急著下單，先看這三個地方。
3-10秒：鏡頭拍外盒標示與衛署成製015614。
10-20秒：拍產品質地，旁白：這是外用油膏，依標示使用。
20-32秒：切入主題「爬山後腿部按摩提醒」，說明適合日常局部按摩保養情境。
32-40秒：安全提醒：明顯腫脹、劇痛、活動受限或疑似受傷時，請先就醫。
40-45秒：想看藥證查詢方式，請看置頂或私訊。",衛署成製015614，乙類成藥，資料可至衛福部中藥許可證系統查詢。外用產品請依標示使用；身體不適、症狀持續或惡化時，請諮詢醫師或藥師。想看藥證查詢與外盒標示，請看置頂或私訊索取。,9:16實拍短影音：外盒標示、藥證查詢、質地近拍、客服入口,建議搭配：外盒標示實拍、藥證查詢截圖、產品質地短影片、客服回覆截圖（遮個資）。,衛福部中藥許可證：衛署成製015614；類別：乙類成藥；劑型：油膏劑。,退換貨、付款、客服、出貨、價格、通路與任何見證內容，發布前須由人工確認。
TikTok_LINE091_V2,LINE091,2026-07-19,12:00,TikTok,外用膏一次擦多少才剛好,G,低,pending_legal_pharmacist_review,false,外用膏一次擦多少才剛好,"0-3秒：買一條根，先別急著下單，先看這三個地方。
3-10秒：鏡頭拍外盒標示與衛署成製015614。
10-20秒：拍產品質地，旁白：這是外用油膏，依標示使用。
20-32秒：切入主題「外用膏一次擦多少才剛好」，說明適合日常局部按摩保養情境。
32-40秒：安全提醒：互動回答不取代醫師或藥師建議。
40-45秒：想看藥證查詢方式，請看置頂或私訊。",衛署成製015614，乙類成藥，資料可至衛福部中藥許可證系統查詢。外用產品請依標示使用；身體不適、症狀持續或惡化時，請諮詢醫師或藥師。想看藥證查詢與外盒標示，請看置頂或私訊索取。,9:16實拍短影音：外盒標示、藥證查詢、質地近拍、客服入口,建議搭配：外盒標示實拍、藥證查詢截圖、產品質地短影片、客服回覆截圖（遮個資）。,衛福部中藥許可證：衛署成製015614；類別：乙類成藥；劑型：油膏劑。,退換貨、付款、客服、出貨、價格、通路與任何見證內容，發布前須由人工確認。
TikTok_LINE092_V2,LINE092,2026-07-19,20:00,TikTok,散步後的膝周保養,D,中,pending_legal_pharmacist_review,false,散步後的膝周保養,"0-3秒：買一條根，先別急著下單，先看這三個地方。
3-10秒：鏡頭拍外盒標示與衛署成製015614。
10-20秒：拍產品質地，旁白：這是外用油膏，依標示使用。
20-32秒：切入主題「散步後的膝周保養」，說明適合日常局部按摩保養情境。
32-40秒：安全提醒：關節腫痛、紅熱、長期疼痛或行走困難，請就醫評估。
40-45秒：想看藥證查詢方式，請看置頂或私訊。",衛署成製015614，乙類成藥，資料可至衛福部中藥許可證系統查詢。外用產品請依標示使用；身體不適、症狀持續或惡化時，請諮詢醫師或藥師。想看藥證查詢與外盒標示，請看置頂或私訊索取。,9:16實拍短影音：外盒標示、藥證查詢、質地近拍、客服入口,建議搭配：外盒標示實拍、藥證查詢截圖、產品質地短影片、客服回覆截圖（遮個資）。,衛福部中藥許可證：衛署成製015614；類別：乙類成藥；劑型：油膏劑。,退換貨、付款、客服、出貨、價格、通路與任何見證內容，發布前須由人工確認。
TikTok_LINE093_V2,LINE093,2026-07-20,12:00,TikTok,肩頸按摩不要只靠用力,B,低,pending_legal_pharmacist_review,false,肩頸按摩不要只靠用力,"0-3秒：買一條根，先別急著下單，先看這三個地方。
3-10秒：鏡頭拍外盒標示與衛署成製015614。
10-20秒：拍產品質地，旁白：這是外用油膏，依標示使用。
20-32秒：切入主題「肩頸按摩不要只靠用力」，說明適合日常局部按摩保養情境。
32-40秒：安全提醒：若痠痛持續、麻木或影響活動，請諮詢醫師或藥師。
40-45秒：想看藥證查詢方式，請看置頂或私訊。",衛署成製015614，乙類成藥，資料可至衛福部中藥許可證系統查詢。外用產品請依標示使用；身體不適、症狀持續或惡化時，請諮詢醫師或藥師。想看藥證查詢與外盒標示，請看置頂或私訊索取。,9:16實拍短影音：外盒標示、藥證查詢、質地近拍、客服入口,建議搭配：外盒標示實拍、藥證查詢截圖、產品質地短影片、客服回覆截圖（遮個資）。,衛福部中藥許可證：衛署成製015614；類別：乙類成藥；劑型：油膏劑。,退換貨、付款、客服、出貨、價格、通路與任何見證內容，發布前須由人工確認。
TikTok_LINE094_V2,LINE094,2026-07-20,20:00,TikTok,油膏劑為什麼適合局部按摩,A,中,pending_legal_pharmacist_review,false,油膏劑為什麼適合局部按摩,"0-3秒：買一條根，先別急著下單，先看這三個地方。
3-10秒：鏡頭拍外盒標示與衛署成製015614。
10-20秒：拍產品質地，旁白：這是外用油膏，依標示使用。
20-32秒：切入主題「油膏劑為什麼適合局部按摩」，說明適合日常局部按摩保養情境。
32-40秒：安全提醒：僅供外用；避免眼周、黏膜、破皮或傷口。
40-45秒：想看藥證查詢方式，請看置頂或私訊。",衛署成製015614，乙類成藥，資料可至衛福部中藥許可證系統查詢。外用產品請依標示使用；身體不適、症狀持續或惡化時，請諮詢醫師或藥師。想看藥證查詢與外盒標示，請看置頂或私訊索取。,9:16實拍短影音：外盒標示、藥證查詢、質地近拍、客服入口,建議搭配：外盒標示實拍、藥證查詢截圖、產品質地短影片、客服回覆截圖（遮個資）。,衛福部中藥許可證：衛署成製015614；類別：乙類成藥；劑型：油膏劑。,退換貨、付款、客服、出貨、價格、通路與任何見證內容，發布前須由人工確認。
TikTok_LINE095_V2,LINE095,2026-07-21,12:00,TikTok,大暑午後少久站硬撐,F,低,pending_legal_pharmacist_review,false,大暑午後少久站硬撐,"0-3秒：買一條根，先別急著下單，先看這三個地方。
3-10秒：鏡頭拍外盒標示與衛署成製015614。
10-20秒：拍產品質地，旁白：這是外用油膏，依標示使用。
20-32秒：切入主題「大暑午後少久站硬撐」，說明適合日常局部按摩保養情境。
32-40秒：安全提醒：節氣養生屬一般生活資訊，身體不適仍應諮詢專業人員。
40-45秒：想看藥證查詢方式，請看置頂或私訊。",衛署成製015614，乙類成藥，資料可至衛福部中藥許可證系統查詢。外用產品請依標示使用；身體不適、症狀持續或惡化時，請諮詢醫師或藥師。想看藥證查詢與外盒標示，請看置頂或私訊索取。,9:16實拍短影音：外盒標示、藥證查詢、質地近拍、客服入口,建議搭配：外盒標示實拍、藥證查詢截圖、產品質地短影片、客服回覆截圖（遮個資）。,衛福部中藥許可證：衛署成製015614；類別：乙類成藥；劑型：油膏劑。,退換貨、付款、客服、出貨、價格、通路與任何見證內容，發布前須由人工確認。
TikTok_LINE096_V2,LINE096,2026-07-21,20:00,TikTok,不要密封包紮或大面積厚敷,E,高,pending_legal_pharmacist_review,false,不要密封包紮或大面積厚敷,"0-3秒：買一條根，先別急著下單，先看這三個地方。
3-10秒：鏡頭拍外盒標示與衛署成製015614。
10-20秒：拍產品質地，旁白：這是外用油膏，依標示使用。
20-32秒：切入主題「不要密封包紮或大面積厚敷」，說明適合日常局部按摩保養情境。
32-40秒：安全提醒：2 歲以下、孕哺、過敏體質、抗凝血藥使用者請先詢問專業人員。
40-45秒：想看藥證查詢方式，請看置頂或私訊。",衛署成製015614，乙類成藥，資料可至衛福部中藥許可證系統查詢。外用產品請依標示使用；身體不適、症狀持續或惡化時，請諮詢醫師或藥師。想看藥證查詢與外盒標示，請看置頂或私訊索取。,9:16實拍短影音：外盒標示、藥證查詢、質地近拍、客服入口,建議搭配：外盒標示實拍、藥證查詢截圖、產品質地短影片、客服回覆截圖（遮個資）。,衛福部中藥許可證：衛署成製015614；類別：乙類成藥；劑型：油膏劑。,退換貨、付款、客服、出貨、價格、通路與任何見證內容，發布前須由人工確認。
TikTok_LINE097_V2,LINE097,2026-07-22,12:00,TikTok,什麼是乙類成藥,H,中,pending_legal_pharmacist_review,false,什麼是乙類成藥,"0-3秒：買一條根，先別急著下單，先看這三個地方。
3-10秒：鏡頭拍外盒標示與衛署成製015614。
10-20秒：拍產品質地，旁白：這是外用油膏，依標示使用。
20-32秒：切入主題「什麼是乙類成藥」，說明適合日常局部按摩保養情境。
32-40秒：安全提醒：所有廣告文案仍須依主管機關與專業人員審核。
40-45秒：想看藥證查詢方式，請看置頂或私訊。",衛署成製015614，乙類成藥，資料可至衛福部中藥許可證系統查詢。外用產品請依標示使用；身體不適、症狀持續或惡化時，請諮詢醫師或藥師。想看藥證查詢與外盒標示，請看置頂或私訊索取。,9:16實拍短影音：外盒標示、藥證查詢、質地近拍、客服入口,建議搭配：外盒標示實拍、藥證查詢截圖、產品質地短影片、客服回覆截圖（遮個資）。,衛福部中藥許可證：衛署成製015614；類別：乙類成藥；劑型：油膏劑。,退換貨、付款、客服、出貨、價格、通路與任何見證內容，發布前須由人工確認。
TikTok_LINE098_V2,LINE098,2026-07-22,20:00,TikTok,涼感越強越有效嗎,G,低,pending_legal_pharmacist_review,false,涼感越強越有效嗎,"0-3秒：買一條根，先別急著下單，先看這三個地方。
3-10秒：鏡頭拍外盒標示與衛署成製015614。
10-20秒：拍產品質地，旁白：這是外用油膏，依標示使用。
20-32秒：切入主題「涼感越強越有效嗎」，說明適合日常局部按摩保養情境。
32-40秒：安全提醒：互動回答不取代醫師或藥師建議。
40-45秒：想看藥證查詢方式，請看置頂或私訊。",衛署成製015614，乙類成藥，資料可至衛福部中藥許可證系統查詢。外用產品請依標示使用；身體不適、症狀持續或惡化時，請諮詢醫師或藥師。想看藥證查詢與外盒標示，請看置頂或私訊索取。,9:16實拍短影音：外盒標示、藥證查詢、質地近拍、客服入口,建議搭配：外盒標示實拍、藥證查詢截圖、產品質地短影片、客服回覆截圖（遮個資）。,衛福部中藥許可證：衛署成製015614；類別：乙類成藥；劑型：油膏劑。,退換貨、付款、客服、出貨、價格、通路與任何見證內容，發布前須由人工確認。
TikTok_LINE099_V2,LINE099,2026-07-23,12:00,TikTok,重訓後肩背局部舒緩,C,中,pending_legal_pharmacist_review,false,重訓後肩背局部舒緩,"0-3秒：買一條根，先別急著下單，先看這三個地方。
3-10秒：鏡頭拍外盒標示與衛署成製015614。
10-20秒：拍產品質地，旁白：這是外用油膏，依標示使用。
20-32秒：切入主題「重訓後肩背局部舒緩」，說明適合日常局部按摩保養情境。
32-40秒：安全提醒：明顯腫脹、劇痛、活動受限或疑似受傷時，請先就醫。
40-45秒：想看藥證查詢方式，請看置頂或私訊。",衛署成製015614，乙類成藥，資料可至衛福部中藥許可證系統查詢。外用產品請依標示使用；身體不適、症狀持續或惡化時，請諮詢醫師或藥師。想看藥證查詢與外盒標示，請看置頂或私訊索取。,9:16實拍短影音：外盒標示、藥證查詢、質地近拍、客服入口,建議搭配：外盒標示實拍、藥證查詢截圖、產品質地短影片、客服回覆截圖（遮個資）。,衛福部中藥許可證：衛署成製015614；類別：乙類成藥；劑型：油膏劑。,退換貨、付款、客服、出貨、價格、通路與任何見證內容，發布前須由人工確認。
TikTok_LINE100_V2,LINE100,2026-07-23,20:00,TikTok,乙類成藥與一般保健品差異,A,中,pending_legal_pharmacist_review,false,乙類成藥與一般保健品差異,"0-3秒：買一條根，先別急著下單，先看這三個地方。
3-10秒：鏡頭拍外盒標示與衛署成製015614。
10-20秒：拍產品質地，旁白：這是外用油膏，依標示使用。
20-32秒：切入主題「乙類成藥與一般保健品差異」，說明適合日常局部按摩保養情境。
32-40秒：安全提醒：僅供外用；避免眼周、黏膜、破皮或傷口。
40-45秒：想看藥證查詢方式，請看置頂或私訊。",衛署成製015614，乙類成藥，資料可至衛福部中藥許可證系統查詢。外用產品請依標示使用；身體不適、症狀持續或惡化時，請諮詢醫師或藥師。想看藥證查詢與外盒標示，請看置頂或私訊索取。,9:16實拍短影音：外盒標示、藥證查詢、質地近拍、客服入口,建議搭配：外盒標示實拍、藥證查詢截圖、產品質地短影片、客服回覆截圖（遮個資）。,衛福部中藥許可證：衛署成製015614；類別：乙類成藥；劑型：油膏劑。,退換貨、付款、客服、出貨、價格、通路與任何見證內容，發布前須由人工確認。
TikTok_LINE101_V2,LINE101,2026-07-24,12:00,TikTok,天氣變化時的活動舒適感,D,中,pending_legal_pharmacist_review,false,天氣變化時的活動舒適感,"0-3秒：買一條根，先別急著下單，先看這三個地方。
3-10秒：鏡頭拍外盒標示與衛署成製015614。
10-20秒：拍產品質地，旁白：這是外用油膏，依標示使用。
20-32秒：切入主題「天氣變化時的活動舒適感」，說明適合日常局部按摩保養情境。
32-40秒：安全提醒：關節腫痛、紅熱、長期疼痛或行走困難，請就醫評估。
40-45秒：想看藥證查詢方式，請看置頂或私訊。",衛署成製015614，乙類成藥，資料可至衛福部中藥許可證系統查詢。外用產品請依標示使用；身體不適、症狀持續或惡化時，請諮詢醫師或藥師。想看藥證查詢與外盒標示，請看置頂或私訊索取。,9:16實拍短影音：外盒標示、藥證查詢、質地近拍、客服入口,建議搭配：外盒標示實拍、藥證查詢截圖、產品質地短影片、客服回覆截圖（遮個資）。,衛福部中藥許可證：衛署成製015614；類別：乙類成藥；劑型：油膏劑。,退換貨、付款、客服、出貨、價格、通路與任何見證內容，發布前須由人工確認。
TikTok_LINE102_V2,LINE102,2026-07-24,20:00,TikTok,水楊酸或阿斯匹靈過敏者注意,E,高,pending_legal_pharmacist_review,false,水楊酸或阿斯匹靈過敏者注意,"0-3秒：買一條根，先別急著下單，先看這三個地方。
3-10秒：鏡頭拍外盒標示與衛署成製015614。
10-20秒：拍產品質地，旁白：這是外用油膏，依標示使用。
20-32秒：切入主題「水楊酸或阿斯匹靈過敏者注意」，說明適合日常局部按摩保養情境。
32-40秒：安全提醒：2 歲以下、孕哺、過敏體質、抗凝血藥使用者請先詢問專業人員。
40-45秒：想看藥證查詢方式，請看置頂或私訊。",衛署成製015614，乙類成藥，資料可至衛福部中藥許可證系統查詢。外用產品請依標示使用；身體不適、症狀持續或惡化時，請諮詢醫師或藥師。想看藥證查詢與外盒標示，請看置頂或私訊索取。,9:16實拍短影音：外盒標示、藥證查詢、質地近拍、客服入口,建議搭配：外盒標示實拍、藥證查詢截圖、產品質地短影片、客服回覆截圖（遮個資）。,衛福部中藥許可證：衛署成製015614；類別：乙類成藥；劑型：油膏劑。,退換貨、付款、客服、出貨、價格、通路與任何見證內容，發布前須由人工確認。
TikTok_LINE103_V2,LINE103,2026-07-25,12:00,TikTok,立秋後早晚溫差保養,F,低,pending_legal_pharmacist_review,false,立秋後早晚溫差保養,"0-3秒：買一條根，先別急著下單，先看這三個地方。
3-10秒：鏡頭拍外盒標示與衛署成製015614。
10-20秒：拍產品質地，旁白：這是外用油膏，依標示使用。
20-32秒：切入主題「立秋後早晚溫差保養」，說明適合日常局部按摩保養情境。
32-40秒：安全提醒：節氣養生屬一般生活資訊，身體不適仍應諮詢專業人員。
40-45秒：想看藥證查詢方式，請看置頂或私訊。",衛署成製015614，乙類成藥，資料可至衛福部中藥許可證系統查詢。外用產品請依標示使用；身體不適、症狀持續或惡化時，請諮詢醫師或藥師。想看藥證查詢與外盒標示，請看置頂或私訊索取。,9:16實拍短影音：外盒標示、藥證查詢、質地近拍、客服入口,建議搭配：外盒標示實拍、藥證查詢截圖、產品質地短影片、客服回覆截圖（遮個資）。,衛福部中藥許可證：衛署成製015614；類別：乙類成藥；劑型：油膏劑。,退換貨、付款、客服、出貨、價格、通路與任何見證內容，發布前須由人工確認。
TikTok_LINE104_V2,LINE104,2026-07-25,20:00,TikTok,家事後手臂不適保養,C,中,pending_legal_pharmacist_review,false,家事後手臂不適保養,"0-3秒：買一條根，先別急著下單，先看這三個地方。
3-10秒：鏡頭拍外盒標示與衛署成製015614。
10-20秒：拍產品質地，旁白：這是外用油膏，依標示使用。
20-32秒：切入主題「家事後手臂不適保養」，說明適合日常局部按摩保養情境。
32-40秒：安全提醒：明顯腫脹、劇痛、活動受限或疑似受傷時，請先就醫。
40-45秒：想看藥證查詢方式，請看置頂或私訊。",衛署成製015614，乙類成藥，資料可至衛福部中藥許可證系統查詢。外用產品請依標示使用；身體不適、症狀持續或惡化時，請諮詢醫師或藥師。想看藥證查詢與外盒標示，請看置頂或私訊索取。,9:16實拍短影音：外盒標示、藥證查詢、質地近拍、客服入口,建議搭配：外盒標示實拍、藥證查詢截圖、產品質地短影片、客服回覆截圖（遮個資）。,衛福部中藥許可證：衛署成製015614；類別：乙類成藥；劑型：油膏劑。,退換貨、付款、客服、出貨、價格、通路與任何見證內容，發布前須由人工確認。
TikTok_LINE105_V2,LINE105,2026-07-26,12:00,TikTok,你有看過外用產品標示嗎,G,低,pending_legal_pharmacist_review,false,你有看過外用產品標示嗎,"0-3秒：買一條根，先別急著下單，先看這三個地方。
3-10秒：鏡頭拍外盒標示與衛署成製015614。
10-20秒：拍產品質地，旁白：這是外用油膏，依標示使用。
20-32秒：切入主題「你有看過外用產品標示嗎」，說明適合日常局部按摩保養情境。
32-40秒：安全提醒：互動回答不取代醫師或藥師建議。
40-45秒：想看藥證查詢方式，請看置頂或私訊。",衛署成製015614，乙類成藥，資料可至衛福部中藥許可證系統查詢。外用產品請依標示使用；身體不適、症狀持續或惡化時，請諮詢醫師或藥師。想看藥證查詢與外盒標示，請看置頂或私訊索取。,9:16實拍短影音：外盒標示、藥證查詢、質地近拍、客服入口,建議搭配：外盒標示實拍、藥證查詢截圖、產品質地短影片、客服回覆截圖（遮個資）。,衛福部中藥許可證：衛署成製015614；類別：乙類成藥；劑型：油膏劑。,退換貨、付款、客服、出貨、價格、通路與任何見證內容，發布前須由人工確認。
TikTok_LINE106_V2,LINE106,2026-07-26,20:00,TikTok,長輩按摩力道不要過重,D,中,pending_legal_pharmacist_review,false,長輩按摩力道不要過重,"0-3秒：買一條根，先別急著下單，先看這三個地方。
3-10秒：鏡頭拍外盒標示與衛署成製015614。
10-20秒：拍產品質地，旁白：這是外用油膏，依標示使用。
20-32秒：切入主題「長輩按摩力道不要過重」，說明適合日常局部按摩保養情境。
32-40秒：安全提醒：關節腫痛、紅熱、長期疼痛或行走困難，請就醫評估。
40-45秒：想看藥證查詢方式，請看置頂或私訊。",衛署成製015614，乙類成藥，資料可至衛福部中藥許可證系統查詢。外用產品請依標示使用；身體不適、症狀持續或惡化時，請諮詢醫師或藥師。想看藥證查詢與外盒標示，請看置頂或私訊索取。,9:16實拍短影音：外盒標示、藥證查詢、質地近拍、客服入口,建議搭配：外盒標示實拍、藥證查詢截圖、產品質地短影片、客服回覆截圖（遮個資）。,衛福部中藥許可證：衛署成製015614；類別：乙類成藥；劑型：油膏劑。,退換貨、付款、客服、出貨、價格、通路與任何見證內容，發布前須由人工確認。
TikTok_LINE107_V2,LINE107,2026-07-27,12:00,TikTok,久坐族晚間舒緩儀式,B,低,pending_legal_pharmacist_review,false,久坐族晚間舒緩儀式,"0-3秒：買一條根，先別急著下單，先看這三個地方。
3-10秒：鏡頭拍外盒標示與衛署成製015614。
10-20秒：拍產品質地，旁白：這是外用油膏，依標示使用。
20-32秒：切入主題「久坐族晚間舒緩儀式」，說明適合日常局部按摩保養情境。
32-40秒：安全提醒：若痠痛持續、麻木或影響活動，請諮詢醫師或藥師。
40-45秒：想看藥證查詢方式，請看置頂或私訊。",衛署成製015614，乙類成藥，資料可至衛福部中藥許可證系統查詢。外用產品請依標示使用；身體不適、症狀持續或惡化時，請諮詢醫師或藥師。想看藥證查詢與外盒標示，請看置頂或私訊索取。,9:16實拍短影音：外盒標示、藥證查詢、質地近拍、客服入口,建議搭配：外盒標示實拍、藥證查詢截圖、產品質地短影片、客服回覆截圖（遮個資）。,衛福部中藥許可證：衛署成製015614；類別：乙類成藥；劑型：油膏劑。,退換貨、付款、客服、出貨、價格、通路與任何見證內容，發布前須由人工確認。
TikTok_LINE108_V2,LINE108,2026-07-27,20:00,TikTok,一條根外用膏的日常定位,A,中,pending_legal_pharmacist_review,false,一條根外用膏的日常定位,"0-3秒：買一條根，先別急著下單，先看這三個地方。
3-10秒：鏡頭拍外盒標示與衛署成製015614。
10-20秒：拍產品質地，旁白：這是外用油膏，依標示使用。
20-32秒：切入主題「一條根外用膏的日常定位」，說明適合日常局部按摩保養情境。
32-40秒：安全提醒：僅供外用；避免眼周、黏膜、破皮或傷口。
40-45秒：想看藥證查詢方式，請看置頂或私訊。",衛署成製015614，乙類成藥，資料可至衛福部中藥許可證系統查詢。外用產品請依標示使用；身體不適、症狀持續或惡化時，請諮詢醫師或藥師。想看藥證查詢與外盒標示，請看置頂或私訊索取。,9:16實拍短影音：外盒標示、藥證查詢、質地近拍、客服入口,建議搭配：外盒標示實拍、藥證查詢截圖、產品質地短影片、客服回覆截圖（遮個資）。,衛福部中藥許可證：衛署成製015614；類別：乙類成藥；劑型：油膏劑。,退換貨、付款、客服、出貨、價格、通路與任何見證內容，發布前須由人工確認。
TikTok_LINE109_V2,LINE109,2026-07-28,12:00,TikTok,處暑後運動暖身提醒,F,低,pending_legal_pharmacist_review,false,處暑後運動暖身提醒,"0-3秒：買一條根，先別急著下單，先看這三個地方。
3-10秒：鏡頭拍外盒標示與衛署成製015614。
10-20秒：拍產品質地，旁白：這是外用油膏，依標示使用。
20-32秒：切入主題「處暑後運動暖身提醒」，說明適合日常局部按摩保養情境。
32-40秒：安全提醒：節氣養生屬一般生活資訊，身體不適仍應諮詢專業人員。
40-45秒：想看藥證查詢方式，請看置頂或私訊。",衛署成製015614，乙類成藥，資料可至衛福部中藥許可證系統查詢。外用產品請依標示使用；身體不適、症狀持續或惡化時，請諮詢醫師或藥師。想看藥證查詢與外盒標示，請看置頂或私訊索取。,9:16實拍短影音：外盒標示、藥證查詢、質地近拍、客服入口,建議搭配：外盒標示實拍、藥證查詢截圖、產品質地短影片、客服回覆截圖（遮個資）。,衛福部中藥許可證：衛署成製015614；類別：乙類成藥；劑型：油膏劑。,退換貨、付款、客服、出貨、價格、通路與任何見證內容，發布前須由人工確認。
TikTok_LINE110_V2,LINE110,2026-07-28,20:00,TikTok,兒童使用前的安全提醒,E,高,pending_legal_pharmacist_review,false,兒童使用前的安全提醒,"0-3秒：買一條根，先別急著下單，先看這三個地方。
3-10秒：鏡頭拍外盒標示與衛署成製015614。
10-20秒：拍產品質地，旁白：這是外用油膏，依標示使用。
20-32秒：切入主題「兒童使用前的安全提醒」，說明適合日常局部按摩保養情境。
32-40秒：安全提醒：2 歲以下、孕哺、過敏體質、抗凝血藥使用者請先詢問專業人員。
40-45秒：想看藥證查詢方式，請看置頂或私訊。",衛署成製015614，乙類成藥，資料可至衛福部中藥許可證系統查詢。外用產品請依標示使用；身體不適、症狀持續或惡化時，請諮詢醫師或藥師。想看藥證查詢與外盒標示，請看置頂或私訊索取。,9:16實拍短影音：外盒標示、藥證查詢、質地近拍、客服入口,建議搭配：外盒標示實拍、藥證查詢截圖、產品質地短影片、客服回覆截圖（遮個資）。,衛福部中藥許可證：衛署成製015614；類別：乙類成藥；劑型：油膏劑。,退換貨、付款、客服、出貨、價格、通路與任何見證內容，發布前須由人工確認。
TikTok_LINE111_V2,LINE111,2026-07-29,12:00,TikTok,官方適應症與社群文案的差異,H,中,pending_legal_pharmacist_review,false,官方適應症與社群文案的差異,"0-3秒：買一條根，先別急著下單，先看這三個地方。
3-10秒：鏡頭拍外盒標示與衛署成製015614。
10-20秒：拍產品質地，旁白：這是外用油膏，依標示使用。
20-32秒：切入主題「官方適應症與社群文案的差異」，說明適合日常局部按摩保養情境。
32-40秒：安全提醒：所有廣告文案仍須依主管機關與專業人員審核。
40-45秒：想看藥證查詢方式，請看置頂或私訊。",衛署成製015614，乙類成藥，資料可至衛福部中藥許可證系統查詢。外用產品請依標示使用；身體不適、症狀持續或惡化時，請諮詢醫師或藥師。想看藥證查詢與外盒標示，請看置頂或私訊索取。,9:16實拍短影音：外盒標示、藥證查詢、質地近拍、客服入口,建議搭配：外盒標示實拍、藥證查詢截圖、產品質地短影片、客服回覆截圖（遮個資）。,衛福部中藥許可證：衛署成製015614；類別：乙類成藥；劑型：油膏劑。,退換貨、付款、客服、出貨、價格、通路與任何見證內容，發布前須由人工確認。
TikTok_LINE112_V2,LINE112,2026-07-29,20:00,TikTok,久坐族最想舒緩哪裡,G,低,pending_legal_pharmacist_review,false,久坐族最想舒緩哪裡,"0-3秒：買一條根，先別急著下單，先看這三個地方。
3-10秒：鏡頭拍外盒標示與衛署成製015614。
10-20秒：拍產品質地，旁白：這是外用油膏，依標示使用。
20-32秒：切入主題「久坐族最想舒緩哪裡」，說明適合日常局部按摩保養情境。
32-40秒：安全提醒：互動回答不取代醫師或藥師建議。
40-45秒：想看藥證查詢方式，請看置頂或私訊。",衛署成製015614，乙類成藥，資料可至衛福部中藥許可證系統查詢。外用產品請依標示使用；身體不適、症狀持續或惡化時，請諮詢醫師或藥師。想看藥證查詢與外盒標示，請看置頂或私訊索取。,9:16實拍短影音：外盒標示、藥證查詢、質地近拍、客服入口,建議搭配：外盒標示實拍、藥證查詢截圖、產品質地短影片、客服回覆截圖（遮個資）。,衛福部中藥許可證：衛署成製015614；類別：乙類成藥；劑型：油膏劑。,退換貨、付款、客服、出貨、價格、通路與任何見證內容，發布前須由人工確認。
TikTok_LINE113_V2,LINE113,2026-07-30,12:00,TikTok,跑步後膝周不適的保守提醒,C,中,pending_legal_pharmacist_review,false,跑步後膝周不適的保守提醒,"0-3秒：買一條根，先別急著下單，先看這三個地方。
3-10秒：鏡頭拍外盒標示與衛署成製015614。
10-20秒：拍產品質地，旁白：這是外用油膏，依標示使用。
20-32秒：切入主題「跑步後膝周不適的保守提醒」，說明適合日常局部按摩保養情境。
32-40秒：安全提醒：明顯腫脹、劇痛、活動受限或疑似受傷時，請先就醫。
40-45秒：想看藥證查詢方式，請看置頂或私訊。",衛署成製015614，乙類成藥，資料可至衛福部中藥許可證系統查詢。外用產品請依標示使用；身體不適、症狀持續或惡化時，請諮詢醫師或藥師。想看藥證查詢與外盒標示，請看置頂或私訊索取。,9:16實拍短影音：外盒標示、藥證查詢、質地近拍、客服入口,建議搭配：外盒標示實拍、藥證查詢截圖、產品質地短影片、客服回覆截圖（遮個資）。,衛福部中藥許可證：衛署成製015614；類別：乙類成藥；劑型：油膏劑。,退換貨、付款、客服、出貨、價格、通路與任何見證內容，發布前須由人工確認。
TikTok_LINE114_V2,LINE114,2026-07-30,20:00,TikTok,成分濃度為什麼要看標示,A,中,pending_legal_pharmacist_review,false,成分濃度為什麼要看標示,"0-3秒：買一條根，先別急著下單，先看這三個地方。
3-10秒：鏡頭拍外盒標示與衛署成製015614。
10-20秒：拍產品質地，旁白：這是外用油膏，依標示使用。
20-32秒：切入主題「成分濃度為什麼要看標示」，說明適合日常局部按摩保養情境。
32-40秒：安全提醒：僅供外用；避免眼周、黏膜、破皮或傷口。
40-45秒：想看藥證查詢方式，請看置頂或私訊。",衛署成製015614，乙類成藥，資料可至衛福部中藥許可證系統查詢。外用產品請依標示使用；身體不適、症狀持續或惡化時，請諮詢醫師或藥師。想看藥證查詢與外盒標示，請看置頂或私訊索取。,9:16實拍短影音：外盒標示、藥證查詢、質地近拍、客服入口,建議搭配：外盒標示實拍、藥證查詢截圖、產品質地短影片、客服回覆截圖（遮個資）。,衛福部中藥許可證：衛署成製015614；類別：乙類成藥；劑型：油膏劑。,退換貨、付款、客服、出貨、價格、通路與任何見證內容，發布前須由人工確認。
TikTok_LINE115_V2,LINE115,2026-07-31,12:00,TikTok,照顧爸媽時的外用提醒,D,中,pending_legal_pharmacist_review,false,照顧爸媽時的外用提醒,"0-3秒：買一條根，先別急著下單，先看這三個地方。
3-10秒：鏡頭拍外盒標示與衛署成製015614。
10-20秒：拍產品質地，旁白：這是外用油膏，依標示使用。
20-32秒：切入主題「照顧爸媽時的外用提醒」，說明適合日常局部按摩保養情境。
32-40秒：安全提醒：關節腫痛、紅熱、長期疼痛或行走困難，請就醫評估。
40-45秒：想看藥證查詢方式，請看置頂或私訊。",衛署成製015614，乙類成藥，資料可至衛福部中藥許可證系統查詢。外用產品請依標示使用；身體不適、症狀持續或惡化時，請諮詢醫師或藥師。想看藥證查詢與外盒標示，請看置頂或私訊索取。,9:16實拍短影音：外盒標示、藥證查詢、質地近拍、客服入口,建議搭配：外盒標示實拍、藥證查詢截圖、產品質地短影片、客服回覆截圖（遮個資）。,衛福部中藥許可證：衛署成製015614；類別：乙類成藥；劑型：油膏劑。,退換貨、付款、客服、出貨、價格、通路與任何見證內容，發布前須由人工確認。
TikTok_LINE116_V2,LINE116,2026-07-31,20:00,TikTok,孕婦與哺乳族群先詢問專業人員,E,高,pending_legal_pharmacist_review,false,孕婦與哺乳族群先詢問專業人員,"0-3秒：買一條根，先別急著下單，先看這三個地方。
3-10秒：鏡頭拍外盒標示與衛署成製015614。
10-20秒：拍產品質地，旁白：這是外用油膏，依標示使用。
20-32秒：切入主題「孕婦與哺乳族群先詢問專業人員」，說明適合日常局部按摩保養情境。
32-40秒：安全提醒：2 歲以下、孕哺、過敏體質、抗凝血藥使用者請先詢問專業人員。
40-45秒：想看藥證查詢方式，請看置頂或私訊。",衛署成製015614，乙類成藥，資料可至衛福部中藥許可證系統查詢。外用產品請依標示使用；身體不適、症狀持續或惡化時，請諮詢醫師或藥師。想看藥證查詢與外盒標示，請看置頂或私訊索取。,9:16實拍短影音：外盒標示、藥證查詢、質地近拍、客服入口,建議搭配：外盒標示實拍、藥證查詢截圖、產品質地短影片、客服回覆截圖（遮個資）。,衛福部中藥許可證：衛署成製015614；類別：乙類成藥；劑型：油膏劑。,退換貨、付款、客服、出貨、價格、通路與任何見證內容，發布前須由人工確認。
TikTok_LINE117_V2,LINE117,2026-08-01,12:00,TikTok,白露時節關心長輩活動,F,低,pending_legal_pharmacist_review,false,白露時節關心長輩活動,"0-3秒：買一條根，先別急著下單，先看這三個地方。
3-10秒：鏡頭拍外盒標示與衛署成製015614。
10-20秒：拍產品質地，旁白：這是外用油膏，依標示使用。
20-32秒：切入主題「白露時節關心長輩活動」，說明適合日常局部按摩保養情境。
32-40秒：安全提醒：節氣養生屬一般生活資訊，身體不適仍應諮詢專業人員。
40-45秒：想看藥證查詢方式，請看置頂或私訊。",衛署成製015614，乙類成藥，資料可至衛福部中藥許可證系統查詢。外用產品請依標示使用；身體不適、症狀持續或惡化時，請諮詢醫師或藥師。想看藥證查詢與外盒標示，請看置頂或私訊索取。,9:16實拍短影音：外盒標示、藥證查詢、質地近拍、客服入口,建議搭配：外盒標示實拍、藥證查詢截圖、產品質地短影片、客服回覆截圖（遮個資）。,衛福部中藥許可證：衛署成製015614；類別：乙類成藥；劑型：油膏劑。,退換貨、付款、客服、出貨、價格、通路與任何見證內容，發布前須由人工確認。
TikTok_LINE118_V2,LINE118,2026-08-01,20:00,TikTok,勞動後先休息再按摩,C,中,pending_legal_pharmacist_review,false,勞動後先休息再按摩,"0-3秒：買一條根，先別急著下單，先看這三個地方。
3-10秒：鏡頭拍外盒標示與衛署成製015614。
10-20秒：拍產品質地，旁白：這是外用油膏，依標示使用。
20-32秒：切入主題「勞動後先休息再按摩」，說明適合日常局部按摩保養情境。
32-40秒：安全提醒：明顯腫脹、劇痛、活動受限或疑似受傷時，請先就醫。
40-45秒：想看藥證查詢方式，請看置頂或私訊。",衛署成製015614，乙類成藥，資料可至衛福部中藥許可證系統查詢。外用產品請依標示使用；身體不適、症狀持續或惡化時，請諮詢醫師或藥師。想看藥證查詢與外盒標示，請看置頂或私訊索取。,9:16實拍短影音：外盒標示、藥證查詢、質地近拍、客服入口,建議搭配：外盒標示實拍、藥證查詢截圖、產品質地短影片、客服回覆截圖（遮個資）。,衛福部中藥許可證：衛署成製015614；類別：乙類成藥；劑型：油膏劑。,退換貨、付款、客服、出貨、價格、通路與任何見證內容，發布前須由人工確認。
TikTok_LINE119_V2,LINE119,2026-08-02,12:00,TikTok,長輩使用外用膏你會提醒什麼,G,低,pending_legal_pharmacist_review,false,長輩使用外用膏你會提醒什麼,"0-3秒：買一條根，先別急著下單，先看這三個地方。
3-10秒：鏡頭拍外盒標示與衛署成製015614。
10-20秒：拍產品質地，旁白：這是外用油膏，依標示使用。
20-32秒：切入主題「長輩使用外用膏你會提醒什麼」，說明適合日常局部按摩保養情境。
32-40秒：安全提醒：互動回答不取代醫師或藥師建議。
40-45秒：想看藥證查詢方式，請看置頂或私訊。",衛署成製015614，乙類成藥，資料可至衛福部中藥許可證系統查詢。外用產品請依標示使用；身體不適、症狀持續或惡化時，請諮詢醫師或藥師。想看藥證查詢與外盒標示，請看置頂或私訊索取。,9:16實拍短影音：外盒標示、藥證查詢、質地近拍、客服入口,建議搭配：外盒標示實拍、藥證查詢截圖、產品質地短影片、客服回覆截圖（遮個資）。,衛福部中藥許可證：衛署成製015614；類別：乙類成藥；劑型：油膏劑。,退換貨、付款、客服、出貨、價格、通路與任何見證內容，發布前須由人工確認。
TikTok_LINE120_V2,LINE120,2026-08-02,20:00,TikTok,日常活動舒適度的三個習慣,D,中,pending_legal_pharmacist_review,false,日常活動舒適度的三個習慣,"0-3秒：買一條根，先別急著下單，先看這三個地方。
3-10秒：鏡頭拍外盒標示與衛署成製015614。
10-20秒：拍產品質地，旁白：這是外用油膏，依標示使用。
20-32秒：切入主題「日常活動舒適度的三個習慣」，說明適合日常局部按摩保養情境。
32-40秒：安全提醒：關節腫痛、紅熱、長期疼痛或行走困難，請就醫評估。
40-45秒：想看藥證查詢方式，請看置頂或私訊。",衛署成製015614，乙類成藥，資料可至衛福部中藥許可證系統查詢。外用產品請依標示使用；身體不適、症狀持續或惡化時，請諮詢醫師或藥師。想看藥證查詢與外盒標示，請看置頂或私訊索取。,9:16實拍短影音：外盒標示、藥證查詢、質地近拍、客服入口,建議搭配：外盒標示實拍、藥證查詢截圖、產品質地短影片、客服回覆截圖（遮個資）。,衛福部中藥許可證：衛署成製015614；類別：乙類成藥；劑型：油膏劑。,退換貨、付款、客服、出貨、價格、通路與任何見證內容，發布前須由人工確認。
TikTok_LINE121_V2,LINE121,2026-08-03,12:00,TikTok,背包太重後的肩膀保養,B,低,pending_legal_pharmacist_review,false,背包太重後的肩膀保養,"0-3秒：買一條根，先別急著下單，先看這三個地方。
3-10秒：鏡頭拍外盒標示與衛署成製015614。
10-20秒：拍產品質地，旁白：這是外用油膏，依標示使用。
20-32秒：切入主題「背包太重後的肩膀保養」，說明適合日常局部按摩保養情境。
32-40秒：安全提醒：若痠痛持續、麻木或影響活動，請諮詢醫師或藥師。
40-45秒：想看藥證查詢方式，請看置頂或私訊。",衛署成製015614，乙類成藥，資料可至衛福部中藥許可證系統查詢。外用產品請依標示使用；身體不適、症狀持續或惡化時，請諮詢醫師或藥師。想看藥證查詢與外盒標示，請看置頂或私訊索取。,9:16實拍短影音：外盒標示、藥證查詢、質地近拍、客服入口,建議搭配：外盒標示實拍、藥證查詢截圖、產品質地短影片、客服回覆截圖（遮個資）。,衛福部中藥許可證：衛署成製015614；類別：乙類成藥；劑型：油膏劑。,退換貨、付款、客服、出貨、價格、通路與任何見證內容，發布前須由人工確認。
TikTok_LINE122_V2,LINE122,2026-08-03,20:00,TikTok,局部按摩和大面積厚敷的差別,A,中,pending_legal_pharmacist_review,false,局部按摩和大面積厚敷的差別,"0-3秒：買一條根，先別急著下單，先看這三個地方。
3-10秒：鏡頭拍外盒標示與衛署成製015614。
10-20秒：拍產品質地，旁白：這是外用油膏，依標示使用。
20-32秒：切入主題「局部按摩和大面積厚敷的差別」，說明適合日常局部按摩保養情境。
32-40秒：安全提醒：僅供外用；避免眼周、黏膜、破皮或傷口。
40-45秒：想看藥證查詢方式，請看置頂或私訊。",衛署成製015614，乙類成藥，資料可至衛福部中藥許可證系統查詢。外用產品請依標示使用；身體不適、症狀持續或惡化時，請諮詢醫師或藥師。想看藥證查詢與外盒標示，請看置頂或私訊索取。,9:16實拍短影音：外盒標示、藥證查詢、質地近拍、客服入口,建議搭配：外盒標示實拍、藥證查詢截圖、產品質地短影片、客服回覆截圖（遮個資）。,衛福部中藥許可證：衛署成製015614；類別：乙類成藥；劑型：油膏劑。,退換貨、付款、客服、出貨、價格、通路與任何見證內容，發布前須由人工確認。
TikTok_LINE123_V2,LINE123,2026-08-04,12:00,TikTok,秋分後外出前暖身,F,低,pending_legal_pharmacist_review,false,秋分後外出前暖身,"0-3秒：買一條根，先別急著下單，先看這三個地方。
3-10秒：鏡頭拍外盒標示與衛署成製015614。
10-20秒：拍產品質地，旁白：這是外用油膏，依標示使用。
20-32秒：切入主題「秋分後外出前暖身」，說明適合日常局部按摩保養情境。
32-40秒：安全提醒：節氣養生屬一般生活資訊，身體不適仍應諮詢專業人員。
40-45秒：想看藥證查詢方式，請看置頂或私訊。",衛署成製015614，乙類成藥，資料可至衛福部中藥許可證系統查詢。外用產品請依標示使用；身體不適、症狀持續或惡化時，請諮詢醫師或藥師。想看藥證查詢與外盒標示，請看置頂或私訊索取。,9:16實拍短影音：外盒標示、藥證查詢、質地近拍、客服入口,建議搭配：外盒標示實拍、藥證查詢截圖、產品質地短影片、客服回覆截圖（遮個資）。,衛福部中藥許可證：衛署成製015614；類別：乙類成藥；劑型：油膏劑。,退換貨、付款、客服、出貨、價格、通路與任何見證內容，發布前須由人工確認。
TikTok_LINE124_V2,LINE124,2026-08-04,20:00,TikTok,症狀超過七天要停用並諮詢,E,高,pending_legal_pharmacist_review,false,症狀超過七天要停用並諮詢,"0-3秒：買一條根，先別急著下單，先看這三個地方。
3-10秒：鏡頭拍外盒標示與衛署成製015614。
10-20秒：拍產品質地，旁白：這是外用油膏，依標示使用。
20-32秒：切入主題「症狀超過七天要停用並諮詢」，說明適合日常局部按摩保養情境。
32-40秒：安全提醒：2 歲以下、孕哺、過敏體質、抗凝血藥使用者請先詢問專業人員。
40-45秒：想看藥證查詢方式，請看置頂或私訊。",衛署成製015614，乙類成藥，資料可至衛福部中藥許可證系統查詢。外用產品請依標示使用；身體不適、症狀持續或惡化時，請諮詢醫師或藥師。想看藥證查詢與外盒標示，請看置頂或私訊索取。,9:16實拍短影音：外盒標示、藥證查詢、質地近拍、客服入口,建議搭配：外盒標示實拍、藥證查詢截圖、產品質地短影片、客服回覆截圖（遮個資）。,衛福部中藥許可證：衛署成製015614；類別：乙類成藥；劑型：油膏劑。,退換貨、付款、客服、出貨、價格、通路與任何見證內容，發布前須由人工確認。
TikTok_LINE125_V2,LINE125,2026-08-05,12:00,TikTok,為什麼不鼓勵擦傷口,H,中,pending_legal_pharmacist_review,false,為什麼不鼓勵擦傷口,"0-3秒：買一條根，先別急著下單，先看這三個地方。
3-10秒：鏡頭拍外盒標示與衛署成製015614。
10-20秒：拍產品質地，旁白：這是外用油膏，依標示使用。
20-32秒：切入主題「為什麼不鼓勵擦傷口」，說明適合日常局部按摩保養情境。
32-40秒：安全提醒：所有廣告文案仍須依主管機關與專業人員審核。
40-45秒：想看藥證查詢方式，請看置頂或私訊。",衛署成製015614，乙類成藥，資料可至衛福部中藥許可證系統查詢。外用產品請依標示使用；身體不適、症狀持續或惡化時，請諮詢醫師或藥師。想看藥證查詢與外盒標示，請看置頂或私訊索取。,9:16實拍短影音：外盒標示、藥證查詢、質地近拍、客服入口,建議搭配：外盒標示實拍、藥證查詢截圖、產品質地短影片、客服回覆截圖（遮個資）。,衛福部中藥許可證：衛署成製015614；類別：乙類成藥；劑型：油膏劑。,退換貨、付款、客服、出貨、價格、通路與任何見證內容，發布前須由人工確認。
TikTok_LINE126_V2,LINE126,2026-08-05,20:00,TikTok,一條根可以天天厚敷嗎,G,低,pending_legal_pharmacist_review,false,一條根可以天天厚敷嗎,"0-3秒：買一條根，先別急著下單，先看這三個地方。
3-10秒：鏡頭拍外盒標示與衛署成製015614。
10-20秒：拍產品質地，旁白：這是外用油膏，依標示使用。
20-32秒：切入主題「一條根可以天天厚敷嗎」，說明適合日常局部按摩保養情境。
32-40秒：安全提醒：互動回答不取代醫師或藥師建議。
40-45秒：想看藥證查詢方式，請看置頂或私訊。",衛署成製015614，乙類成藥，資料可至衛福部中藥許可證系統查詢。外用產品請依標示使用；身體不適、症狀持續或惡化時，請諮詢醫師或藥師。想看藥證查詢與外盒標示，請看置頂或私訊索取。,9:16實拍短影音：外盒標示、藥證查詢、質地近拍、客服入口,建議搭配：外盒標示實拍、藥證查詢截圖、產品質地短影片、客服回覆截圖（遮個資）。,衛福部中藥許可證：衛署成製015614；類別：乙類成藥；劑型：油膏劑。,退換貨、付款、客服、出貨、價格、通路與任何見證內容，發布前須由人工確認。
TikTok_LINE127_V2,LINE127,2026-08-06,12:00,TikTok,運動後不要立刻熱敷加藥膏,C,中,pending_legal_pharmacist_review,false,運動後不要立刻熱敷加藥膏,"0-3秒：買一條根，先別急著下單，先看這三個地方。
3-10秒：鏡頭拍外盒標示與衛署成製015614。
10-20秒：拍產品質地，旁白：這是外用油膏，依標示使用。
20-32秒：切入主題「運動後不要立刻熱敷加藥膏」，說明適合日常局部按摩保養情境。
32-40秒：安全提醒：明顯腫脹、劇痛、活動受限或疑似受傷時，請先就醫。
40-45秒：想看藥證查詢方式，請看置頂或私訊。",衛署成製015614，乙類成藥，資料可至衛福部中藥許可證系統查詢。外用產品請依標示使用；身體不適、症狀持續或惡化時，請諮詢醫師或藥師。想看藥證查詢與外盒標示，請看置頂或私訊索取。,9:16實拍短影音：外盒標示、藥證查詢、質地近拍、客服入口,建議搭配：外盒標示實拍、藥證查詢截圖、產品質地短影片、客服回覆截圖（遮個資）。,衛福部中藥許可證：衛署成製015614；類別：乙類成藥；劑型：油膏劑。,退換貨、付款、客服、出貨、價格、通路與任何見證內容，發布前須由人工確認。
TikTok_LINE128_V2,LINE128,2026-08-06,20:00,TikTok,使用前先小範圍測試,A,中,pending_legal_pharmacist_review,false,使用前先小範圍測試,"0-3秒：買一條根，先別急著下單，先看這三個地方。
3-10秒：鏡頭拍外盒標示與衛署成製015614。
10-20秒：拍產品質地，旁白：這是外用油膏，依標示使用。
20-32秒：切入主題「使用前先小範圍測試」，說明適合日常局部按摩保養情境。
32-40秒：安全提醒：僅供外用；避免眼周、黏膜、破皮或傷口。
40-45秒：想看藥證查詢方式，請看置頂或私訊。",衛署成製015614，乙類成藥，資料可至衛福部中藥許可證系統查詢。外用產品請依標示使用；身體不適、症狀持續或惡化時，請諮詢醫師或藥師。想看藥證查詢與外盒標示，請看置頂或私訊索取。,9:16實拍短影音：外盒標示、藥證查詢、質地近拍、客服入口,建議搭配：外盒標示實拍、藥證查詢截圖、產品質地短影片、客服回覆截圖（遮個資）。,衛福部中藥許可證：衛署成製015614；類別：乙類成藥；劑型：油膏劑。,退換貨、付款、客服、出貨、價格、通路與任何見證內容，發布前須由人工確認。
TikTok_LINE129_V2,LINE129,2026-08-07,12:00,TikTok,長輩使用前先看標示,D,中,pending_legal_pharmacist_review,false,長輩使用前先看標示,"0-3秒：買一條根，先別急著下單，先看這三個地方。
3-10秒：鏡頭拍外盒標示與衛署成製015614。
10-20秒：拍產品質地，旁白：這是外用油膏，依標示使用。
20-32秒：切入主題「長輩使用前先看標示」，說明適合日常局部按摩保養情境。
32-40秒：安全提醒：關節腫痛、紅熱、長期疼痛或行走困難，請就醫評估。
40-45秒：想看藥證查詢方式，請看置頂或私訊。",衛署成製015614，乙類成藥，資料可至衛福部中藥許可證系統查詢。外用產品請依標示使用；身體不適、症狀持續或惡化時，請諮詢醫師或藥師。想看藥證查詢與外盒標示，請看置頂或私訊索取。,9:16實拍短影音：外盒標示、藥證查詢、質地近拍、客服入口,建議搭配：外盒標示實拍、藥證查詢截圖、產品質地短影片、客服回覆截圖（遮個資）。,衛福部中藥許可證：衛署成製015614；類別：乙類成藥；劑型：油膏劑。,退換貨、付款、客服、出貨、價格、通路與任何見證內容，發布前須由人工確認。
TikTok_LINE130_V2,LINE130,2026-08-07,20:00,TikTok,皮膚刺激時要停止使用,E,高,pending_legal_pharmacist_review,false,皮膚刺激時要停止使用,"0-3秒：買一條根，先別急著下單，先看這三個地方。
3-10秒：鏡頭拍外盒標示與衛署成製015614。
10-20秒：拍產品質地，旁白：這是外用油膏，依標示使用。
20-32秒：切入主題「皮膚刺激時要停止使用」，說明適合日常局部按摩保養情境。
32-40秒：安全提醒：2 歲以下、孕哺、過敏體質、抗凝血藥使用者請先詢問專業人員。
40-45秒：想看藥證查詢方式，請看置頂或私訊。",衛署成製015614，乙類成藥，資料可至衛福部中藥許可證系統查詢。外用產品請依標示使用；身體不適、症狀持續或惡化時，請諮詢醫師或藥師。想看藥證查詢與外盒標示，請看置頂或私訊索取。,9:16實拍短影音：外盒標示、藥證查詢、質地近拍、客服入口,建議搭配：外盒標示實拍、藥證查詢截圖、產品質地短影片、客服回覆截圖（遮個資）。,衛福部中藥許可證：衛署成製015614；類別：乙類成藥；劑型：油膏劑。,退換貨、付款、客服、出貨、價格、通路與任何見證內容，發布前須由人工確認。
TikTok_LINE131_V2,LINE131,2026-08-08,12:00,TikTok,寒露後肩背保養,F,低,pending_legal_pharmacist_review,false,寒露後肩背保養,"0-3秒：買一條根，先別急著下單，先看這三個地方。
3-10秒：鏡頭拍外盒標示與衛署成製015614。
10-20秒：拍產品質地，旁白：這是外用油膏，依標示使用。
20-32秒：切入主題「寒露後肩背保養」，說明適合日常局部按摩保養情境。
32-40秒：安全提醒：節氣養生屬一般生活資訊，身體不適仍應諮詢專業人員。
40-45秒：想看藥證查詢方式，請看置頂或私訊。",衛署成製015614，乙類成藥，資料可至衛福部中藥許可證系統查詢。外用產品請依標示使用；身體不適、症狀持續或惡化時，請諮詢醫師或藥師。想看藥證查詢與外盒標示，請看置頂或私訊索取。,9:16實拍短影音：外盒標示、藥證查詢、質地近拍、客服入口,建議搭配：外盒標示實拍、藥證查詢截圖、產品質地短影片、客服回覆截圖（遮個資）。,衛福部中藥許可證：衛署成製015614；類別：乙類成藥；劑型：油膏劑。,退換貨、付款、客服、出貨、價格、通路與任何見證內容，發布前須由人工確認。
TikTok_LINE132_V2,LINE132,2026-08-08,20:00,TikTok,輕微拉扯後的觀察重點,C,中,pending_legal_pharmacist_review,false,輕微拉扯後的觀察重點,"0-3秒：買一條根，先別急著下單，先看這三個地方。
3-10秒：鏡頭拍外盒標示與衛署成製015614。
10-20秒：拍產品質地，旁白：這是外用油膏，依標示使用。
20-32秒：切入主題「輕微拉扯後的觀察重點」，說明適合日常局部按摩保養情境。
32-40秒：安全提醒：明顯腫脹、劇痛、活動受限或疑似受傷時，請先就醫。
40-45秒：想看藥證查詢方式，請看置頂或私訊。",衛署成製015614，乙類成藥，資料可至衛福部中藥許可證系統查詢。外用產品請依標示使用；身體不適、症狀持續或惡化時，請諮詢醫師或藥師。想看藥證查詢與外盒標示，請看置頂或私訊索取。,9:16實拍短影音：外盒標示、藥證查詢、質地近拍、客服入口,建議搭配：外盒標示實拍、藥證查詢截圖、產品質地短影片、客服回覆截圖（遮個資）。,衛福部中藥許可證：衛署成製015614；類別：乙類成藥；劑型：油膏劑。,退換貨、付款、客服、出貨、價格、通路與任何見證內容，發布前須由人工確認。
TikTok_LINE133_V2,LINE133,2026-08-09,12:00,TikTok,擦完可以馬上熱敷嗎,G,低,pending_legal_pharmacist_review,false,擦完可以馬上熱敷嗎,"0-3秒：買一條根，先別急著下單，先看這三個地方。
3-10秒：鏡頭拍外盒標示與衛署成製015614。
10-20秒：拍產品質地，旁白：這是外用油膏，依標示使用。
20-32秒：切入主題「擦完可以馬上熱敷嗎」，說明適合日常局部按摩保養情境。
32-40秒：安全提醒：互動回答不取代醫師或藥師建議。
40-45秒：想看藥證查詢方式，請看置頂或私訊。",衛署成製015614，乙類成藥，資料可至衛福部中藥許可證系統查詢。外用產品請依標示使用；身體不適、症狀持續或惡化時，請諮詢醫師或藥師。想看藥證查詢與外盒標示，請看置頂或私訊索取。,9:16實拍短影音：外盒標示、藥證查詢、質地近拍、客服入口,建議搭配：外盒標示實拍、藥證查詢截圖、產品質地短影片、客服回覆截圖（遮個資）。,衛福部中藥許可證：衛署成製015614；類別：乙類成藥；劑型：油膏劑。,退換貨、付款、客服、出貨、價格、通路與任何見證內容，發布前須由人工確認。
TikTok_LINE134_V2,LINE134,2026-08-09,20:00,TikTok,別把長期疼痛只當小問題,D,中,pending_legal_pharmacist_review,false,別把長期疼痛只當小問題,"0-3秒：買一條根，先別急著下單，先看這三個地方。
3-10秒：鏡頭拍外盒標示與衛署成製015614。
10-20秒：拍產品質地，旁白：這是外用油膏，依標示使用。
20-32秒：切入主題「別把長期疼痛只當小問題」，說明適合日常局部按摩保養情境。
32-40秒：安全提醒：關節腫痛、紅熱、長期疼痛或行走困難，請就醫評估。
40-45秒：想看藥證查詢方式，請看置頂或私訊。",衛署成製015614，乙類成藥，資料可至衛福部中藥許可證系統查詢。外用產品請依標示使用；身體不適、症狀持續或惡化時，請諮詢醫師或藥師。想看藥證查詢與外盒標示，請看置頂或私訊索取。,9:16實拍短影音：外盒標示、藥證查詢、質地近拍、客服入口,建議搭配：外盒標示實拍、藥證查詢截圖、產品質地短影片、客服回覆截圖（遮個資）。,衛福部中藥許可證：衛署成製015614；類別：乙類成藥；劑型：油膏劑。,退換貨、付款、客服、出貨、價格、通路與任何見證內容，發布前須由人工確認。
TikTok_LINE135_V2,LINE135,2026-08-10,12:00,TikTok,冷氣房肩頸緊繃保養,B,低,pending_legal_pharmacist_review,false,冷氣房肩頸緊繃保養,"0-3秒：買一條根，先別急著下單，先看這三個地方。
3-10秒：鏡頭拍外盒標示與衛署成製015614。
10-20秒：拍產品質地，旁白：這是外用油膏，依標示使用。
20-32秒：切入主題「冷氣房肩頸緊繃保養」，說明適合日常局部按摩保養情境。
32-40秒：安全提醒：若痠痛持續、麻木或影響活動，請諮詢醫師或藥師。
40-45秒：想看藥證查詢方式，請看置頂或私訊。",衛署成製015614，乙類成藥，資料可至衛福部中藥許可證系統查詢。外用產品請依標示使用；身體不適、症狀持續或惡化時，請諮詢醫師或藥師。想看藥證查詢與外盒標示，請看置頂或私訊索取。,9:16實拍短影音：外盒標示、藥證查詢、質地近拍、客服入口,建議搭配：外盒標示實拍、藥證查詢截圖、產品質地短影片、客服回覆截圖（遮個資）。,衛福部中藥許可證：衛署成製015614；類別：乙類成藥；劑型：油膏劑。,退換貨、付款、客服、出貨、價格、通路與任何見證內容，發布前須由人工確認。
TikTok_LINE136_V2,LINE136,2026-08-10,20:00,TikTok,產品不是神藥，定位要講清楚,A,中,pending_legal_pharmacist_review,false,產品不是神藥，定位要講清楚,"0-3秒：買一條根，先別急著下單，先看這三個地方。
3-10秒：鏡頭拍外盒標示與衛署成製015614。
10-20秒：拍產品質地，旁白：這是外用油膏，依標示使用。
20-32秒：切入主題「產品不是神藥，定位要講清楚」，說明適合日常局部按摩保養情境。
32-40秒：安全提醒：僅供外用；避免眼周、黏膜、破皮或傷口。
40-45秒：想看藥證查詢方式，請看置頂或私訊。",衛署成製015614，乙類成藥，資料可至衛福部中藥許可證系統查詢。外用產品請依標示使用；身體不適、症狀持續或惡化時，請諮詢醫師或藥師。想看藥證查詢與外盒標示，請看置頂或私訊索取。,9:16實拍短影音：外盒標示、藥證查詢、質地近拍、客服入口,建議搭配：外盒標示實拍、藥證查詢截圖、產品質地短影片、客服回覆截圖（遮個資）。,衛福部中藥許可證：衛署成製015614；類別：乙類成藥；劑型：油膏劑。,退換貨、付款、客服、出貨、價格、通路與任何見證內容，發布前須由人工確認。
TikTok_LINE137_V2,LINE137,2026-08-11,12:00,TikTok,立冬前後的日常舒緩儀式,F,低,pending_legal_pharmacist_review,false,立冬前後的日常舒緩儀式,"0-3秒：買一條根，先別急著下單，先看這三個地方。
3-10秒：鏡頭拍外盒標示與衛署成製015614。
10-20秒：拍產品質地，旁白：這是外用油膏，依標示使用。
20-32秒：切入主題「立冬前後的日常舒緩儀式」，說明適合日常局部按摩保養情境。
32-40秒：安全提醒：節氣養生屬一般生活資訊，身體不適仍應諮詢專業人員。
40-45秒：想看藥證查詢方式，請看置頂或私訊。",衛署成製015614，乙類成藥，資料可至衛福部中藥許可證系統查詢。外用產品請依標示使用；身體不適、症狀持續或惡化時，請諮詢醫師或藥師。想看藥證查詢與外盒標示，請看置頂或私訊索取。,9:16實拍短影音：外盒標示、藥證查詢、質地近拍、客服入口,建議搭配：外盒標示實拍、藥證查詢截圖、產品質地短影片、客服回覆截圖（遮個資）。,衛福部中藥許可證：衛署成製015614；類別：乙類成藥；劑型：油膏劑。,退換貨、付款、客服、出貨、價格、通路與任何見證內容，發布前須由人工確認。
TikTok_LINE138_V2,LINE138,2026-08-11,20:00,TikTok,深層症狀不適合自行處理,E,高,pending_legal_pharmacist_review,false,深層症狀不適合自行處理,"0-3秒：買一條根，先別急著下單，先看這三個地方。
3-10秒：鏡頭拍外盒標示與衛署成製015614。
10-20秒：拍產品質地，旁白：這是外用油膏，依標示使用。
20-32秒：切入主題「深層症狀不適合自行處理」，說明適合日常局部按摩保養情境。
32-40秒：安全提醒：2 歲以下、孕哺、過敏體質、抗凝血藥使用者請先詢問專業人員。
40-45秒：想看藥證查詢方式，請看置頂或私訊。",衛署成製015614，乙類成藥，資料可至衛福部中藥許可證系統查詢。外用產品請依標示使用；身體不適、症狀持續或惡化時，請諮詢醫師或藥師。想看藥證查詢與外盒標示，請看置頂或私訊索取。,9:16實拍短影音：外盒標示、藥證查詢、質地近拍、客服入口,建議搭配：外盒標示實拍、藥證查詢截圖、產品質地短影片、客服回覆截圖（遮個資）。,衛福部中藥許可證：衛署成製015614；類別：乙類成藥；劑型：油膏劑。,退換貨、付款、客服、出貨、價格、通路與任何見證內容，發布前須由人工確認。
TikTok_LINE139_V2,LINE139,2026-08-12,12:00,TikTok,買外用膏先看三件事,H,中,pending_legal_pharmacist_review,false,買外用膏先看三件事,"0-3秒：買一條根，先別急著下單，先看這三個地方。
3-10秒：鏡頭拍外盒標示與衛署成製015614。
10-20秒：拍產品質地，旁白：這是外用油膏，依標示使用。
20-32秒：切入主題「買外用膏先看三件事」，說明適合日常局部按摩保養情境。
32-40秒：安全提醒：所有廣告文案仍須依主管機關與專業人員審核。
40-45秒：想看藥證查詢方式，請看置頂或私訊。",衛署成製015614，乙類成藥，資料可至衛福部中藥許可證系統查詢。外用產品請依標示使用；身體不適、症狀持續或惡化時，請諮詢醫師或藥師。想看藥證查詢與外盒標示，請看置頂或私訊索取。,9:16實拍短影音：外盒標示、藥證查詢、質地近拍、客服入口,建議搭配：外盒標示實拍、藥證查詢截圖、產品質地短影片、客服回覆截圖（遮個資）。,衛福部中藥許可證：衛署成製015614；類別：乙類成藥；劑型：油膏劑。,退換貨、付款、客服、出貨、價格、通路與任何見證內容，發布前須由人工確認。
TikTok_LINE140_V2,LINE140,2026-08-12,20:00,TikTok,哪些情況應該先就醫,G,低,pending_legal_pharmacist_review,false,哪些情況應該先就醫,"0-3秒：買一條根，先別急著下單，先看這三個地方。
3-10秒：鏡頭拍外盒標示與衛署成製015614。
10-20秒：拍產品質地，旁白：這是外用油膏，依標示使用。
20-32秒：切入主題「哪些情況應該先就醫」，說明適合日常局部按摩保養情境。
32-40秒：安全提醒：互動回答不取代醫師或藥師建議。
40-45秒：想看藥證查詢方式，請看置頂或私訊。",衛署成製015614，乙類成藥，資料可至衛福部中藥許可證系統查詢。外用產品請依標示使用；身體不適、症狀持續或惡化時，請諮詢醫師或藥師。想看藥證查詢與外盒標示，請看置頂或私訊索取。,9:16實拍短影音：外盒標示、藥證查詢、質地近拍、客服入口,建議搭配：外盒標示實拍、藥證查詢截圖、產品質地短影片、客服回覆截圖（遮個資）。,衛福部中藥許可證：衛署成製015614；類別：乙類成藥；劑型：油膏劑。,退換貨、付款、客服、出貨、價格、通路與任何見證內容，發布前須由人工確認。
TikTok_LINE141_V2,LINE141,2026-08-13,12:00,TikTok,運動後局部痠痛的保守處理,C,中,pending_legal_pharmacist_review,false,運動後局部痠痛的保守處理,"0-3秒：買一條根，先別急著下單，先看這三個地方。
3-10秒：鏡頭拍外盒標示與衛署成製015614。
10-20秒：拍產品質地，旁白：這是外用油膏，依標示使用。
20-32秒：切入主題「運動後局部痠痛的保守處理」，說明適合日常局部按摩保養情境。
32-40秒：安全提醒：明顯腫脹、劇痛、活動受限或疑似受傷時，請先就醫。
40-45秒：想看藥證查詢方式，請看置頂或私訊。",衛署成製015614，乙類成藥，資料可至衛福部中藥許可證系統查詢。外用產品請依標示使用；身體不適、症狀持續或惡化時，請諮詢醫師或藥師。想看藥證查詢與外盒標示，請看置頂或私訊索取。,9:16實拍短影音：外盒標示、藥證查詢、質地近拍、客服入口,建議搭配：外盒標示實拍、藥證查詢截圖、產品質地短影片、客服回覆截圖（遮個資）。,衛福部中藥許可證：衛署成製015614；類別：乙類成藥；劑型：油膏劑。,退換貨、付款、客服、出貨、價格、通路與任何見證內容，發布前須由人工確認。
TikTok_LINE142_V2,LINE142,2026-08-13,20:00,TikTok,冬青油與清涼舒緩體感,A,中,pending_legal_pharmacist_review,false,冬青油與清涼舒緩體感,"0-3秒：買一條根，先別急著下單，先看這三個地方。
3-10秒：鏡頭拍外盒標示與衛署成製015614。
10-20秒：拍產品質地，旁白：這是外用油膏，依標示使用。
20-32秒：切入主題「冬青油與清涼舒緩體感」，說明適合日常局部按摩保養情境。
32-40秒：安全提醒：僅供外用；避免眼周、黏膜、破皮或傷口。
40-45秒：想看藥證查詢方式，請看置頂或私訊。",衛署成製015614，乙類成藥，資料可至衛福部中藥許可證系統查詢。外用產品請依標示使用；身體不適、症狀持續或惡化時，請諮詢醫師或藥師。想看藥證查詢與外盒標示，請看置頂或私訊索取。,9:16實拍短影音：外盒標示、藥證查詢、質地近拍、客服入口,建議搭配：外盒標示實拍、藥證查詢截圖、產品質地短影片、客服回覆截圖（遮個資）。,衛福部中藥許可證：衛署成製015614；類別：乙類成藥；劑型：油膏劑。,退換貨、付款、客服、出貨、價格、通路與任何見證內容，發布前須由人工確認。
TikTok_LINE143_V2,LINE143,2026-08-14,12:00,TikTok,早晨活動前的關節暖身,D,中,pending_legal_pharmacist_review,false,早晨活動前的關節暖身,"0-3秒：買一條根，先別急著下單，先看這三個地方。
3-10秒：鏡頭拍外盒標示與衛署成製015614。
10-20秒：拍產品質地，旁白：這是外用油膏，依標示使用。
20-32秒：切入主題「早晨活動前的關節暖身」，說明適合日常局部按摩保養情境。
32-40秒：安全提醒：關節腫痛、紅熱、長期疼痛或行走困難，請就醫評估。
40-45秒：想看藥證查詢方式，請看置頂或私訊。",衛署成製015614，乙類成藥，資料可至衛福部中藥許可證系統查詢。外用產品請依標示使用；身體不適、症狀持續或惡化時，請諮詢醫師或藥師。想看藥證查詢與外盒標示，請看置頂或私訊索取。,9:16實拍短影音：外盒標示、藥證查詢、質地近拍、客服入口,建議搭配：外盒標示實拍、藥證查詢截圖、產品質地短影片、客服回覆截圖（遮個資）。,衛福部中藥許可證：衛署成製015614；類別：乙類成藥；劑型：油膏劑。,退換貨、付款、客服、出貨、價格、通路與任何見證內容，發布前須由人工確認。
TikTok_LINE144_V2,LINE144,2026-08-14,20:00,TikTok,不能擦在破皮或傷口,E,高,pending_legal_pharmacist_review,false,不能擦在破皮或傷口,"0-3秒：買一條根，先別急著下單，先看這三個地方。
3-10秒：鏡頭拍外盒標示與衛署成製015614。
10-20秒：拍產品質地，旁白：這是外用油膏，依標示使用。
20-32秒：切入主題「不能擦在破皮或傷口」，說明適合日常局部按摩保養情境。
32-40秒：安全提醒：2 歲以下、孕哺、過敏體質、抗凝血藥使用者請先詢問專業人員。
40-45秒：想看藥證查詢方式，請看置頂或私訊。",衛署成製015614，乙類成藥，資料可至衛福部中藥許可證系統查詢。外用產品請依標示使用；身體不適、症狀持續或惡化時，請諮詢醫師或藥師。想看藥證查詢與外盒標示，請看置頂或私訊索取。,9:16實拍短影音：外盒標示、藥證查詢、質地近拍、客服入口,建議搭配：外盒標示實拍、藥證查詢截圖、產品質地短影片、客服回覆截圖（遮個資）。,衛福部中藥許可證：衛署成製015614；類別：乙類成藥；劑型：油膏劑。,退換貨、付款、客服、出貨、價格、通路與任何見證內容，發布前須由人工確認。
TikTok_LINE145_V2,LINE145,2026-08-15,12:00,TikTok,芒種後濕熱生活保養,F,低,pending_legal_pharmacist_review,false,芒種後濕熱生活保養,"0-3秒：買一條根，先別急著下單，先看這三個地方。
3-10秒：鏡頭拍外盒標示與衛署成製015614。
10-20秒：拍產品質地，旁白：這是外用油膏，依標示使用。
20-32秒：切入主題「芒種後濕熱生活保養」，說明適合日常局部按摩保養情境。
32-40秒：安全提醒：節氣養生屬一般生活資訊，身體不適仍應諮詢專業人員。
40-45秒：想看藥證查詢方式，請看置頂或私訊。",衛署成製015614，乙類成藥，資料可至衛福部中藥許可證系統查詢。外用產品請依標示使用；身體不適、症狀持續或惡化時，請諮詢醫師或藥師。想看藥證查詢與外盒標示，請看置頂或私訊索取。,9:16實拍短影音：外盒標示、藥證查詢、質地近拍、客服入口,建議搭配：外盒標示實拍、藥證查詢截圖、產品質地短影片、客服回覆截圖（遮個資）。,衛福部中藥許可證：衛署成製015614；類別：乙類成藥；劑型：油膏劑。,退換貨、付款、客服、出貨、價格、通路與任何見證內容，發布前須由人工確認。
TikTok_LINE146_V2,LINE146,2026-08-15,20:00,TikTok,久站後小腿不適舒緩,C,中,pending_legal_pharmacist_review,false,久站後小腿不適舒緩,"0-3秒：買一條根，先別急著下單，先看這三個地方。
3-10秒：鏡頭拍外盒標示與衛署成製015614。
10-20秒：拍產品質地，旁白：這是外用油膏，依標示使用。
20-32秒：切入主題「久站後小腿不適舒緩」，說明適合日常局部按摩保養情境。
32-40秒：安全提醒：明顯腫脹、劇痛、活動受限或疑似受傷時，請先就醫。
40-45秒：想看藥證查詢方式，請看置頂或私訊。",衛署成製015614，乙類成藥，資料可至衛福部中藥許可證系統查詢。外用產品請依標示使用；身體不適、症狀持續或惡化時，請諮詢醫師或藥師。想看藥證查詢與外盒標示，請看置頂或私訊索取。,9:16實拍短影音：外盒標示、藥證查詢、質地近拍、客服入口,建議搭配：外盒標示實拍、藥證查詢截圖、產品質地短影片、客服回覆截圖（遮個資）。,衛福部中藥許可證：衛署成製015614；類別：乙類成藥；劑型：油膏劑。,退換貨、付款、客服、出貨、價格、通路與任何見證內容，發布前須由人工確認。
TikTok_LINE147_V2,LINE147,2026-08-16,12:00,TikTok,你最常哪個部位緊繃,G,低,pending_legal_pharmacist_review,false,你最常哪個部位緊繃,"0-3秒：買一條根，先別急著下單，先看這三個地方。
3-10秒：鏡頭拍外盒標示與衛署成製015614。
10-20秒：拍產品質地，旁白：這是外用油膏，依標示使用。
20-32秒：切入主題「你最常哪個部位緊繃」，說明適合日常局部按摩保養情境。
32-40秒：安全提醒：互動回答不取代醫師或藥師建議。
40-45秒：想看藥證查詢方式，請看置頂或私訊。",衛署成製015614，乙類成藥，資料可至衛福部中藥許可證系統查詢。外用產品請依標示使用；身體不適、症狀持續或惡化時，請諮詢醫師或藥師。想看藥證查詢與外盒標示，請看置頂或私訊索取。,9:16實拍短影音：外盒標示、藥證查詢、質地近拍、客服入口,建議搭配：外盒標示實拍、藥證查詢截圖、產品質地短影片、客服回覆截圖（遮個資）。,衛福部中藥許可證：衛署成製015614；類別：乙類成藥；劑型：油膏劑。,退換貨、付款、客服、出貨、價格、通路與任何見證內容，發布前須由人工確認。
TikTok_LINE148_V2,LINE148,2026-08-16,20:00,TikTok,長輩外用膏使用安全,D,中,pending_legal_pharmacist_review,false,長輩外用膏使用安全,"0-3秒：買一條根，先別急著下單，先看這三個地方。
3-10秒：鏡頭拍外盒標示與衛署成製015614。
10-20秒：拍產品質地，旁白：這是外用油膏，依標示使用。
20-32秒：切入主題「長輩外用膏使用安全」，說明適合日常局部按摩保養情境。
32-40秒：安全提醒：關節腫痛、紅熱、長期疼痛或行走困難，請就醫評估。
40-45秒：想看藥證查詢方式，請看置頂或私訊。",衛署成製015614，乙類成藥，資料可至衛福部中藥許可證系統查詢。外用產品請依標示使用；身體不適、症狀持續或惡化時，請諮詢醫師或藥師。想看藥證查詢與外盒標示，請看置頂或私訊索取。,9:16實拍短影音：外盒標示、藥證查詢、質地近拍、客服入口,建議搭配：外盒標示實拍、藥證查詢截圖、產品質地短影片、客服回覆截圖（遮個資）。,衛福部中藥許可證：衛署成製015614；類別：乙類成藥；劑型：油膏劑。,退換貨、付款、客服、出貨、價格、通路與任何見證內容，發布前須由人工確認。
TikTok_LINE149_V2,LINE149,2026-08-17,12:00,TikTok,低頭族肩頸緊繃的三個提醒,B,低,pending_legal_pharmacist_review,false,低頭族肩頸緊繃的三個提醒,"0-3秒：買一條根，先別急著下單，先看這三個地方。
3-10秒：鏡頭拍外盒標示與衛署成製015614。
10-20秒：拍產品質地，旁白：這是外用油膏，依標示使用。
20-32秒：切入主題「低頭族肩頸緊繃的三個提醒」，說明適合日常局部按摩保養情境。
32-40秒：安全提醒：若痠痛持續、麻木或影響活動，請諮詢醫師或藥師。
40-45秒：想看藥證查詢方式，請看置頂或私訊。",衛署成製015614，乙類成藥，資料可至衛福部中藥許可證系統查詢。外用產品請依標示使用；身體不適、症狀持續或惡化時，請諮詢醫師或藥師。想看藥證查詢與外盒標示，請看置頂或私訊索取。,9:16實拍短影音：外盒標示、藥證查詢、質地近拍、客服入口,建議搭配：外盒標示實拍、藥證查詢截圖、產品質地短影片、客服回覆截圖（遮個資）。,衛福部中藥許可證：衛署成製015614；類別：乙類成藥；劑型：油膏劑。,退換貨、付款、客服、出貨、價格、通路與任何見證內容，發布前須由人工確認。
TikTok_LINE150_V2,LINE150,2026-08-17,20:00,TikTok,薄荷腦帶來的涼感來源,A,中,pending_legal_pharmacist_review,false,薄荷腦帶來的涼感來源,"0-3秒：買一條根，先別急著下單，先看這三個地方。
3-10秒：鏡頭拍外盒標示與衛署成製015614。
10-20秒：拍產品質地，旁白：這是外用油膏，依標示使用。
20-32秒：切入主題「薄荷腦帶來的涼感來源」，說明適合日常局部按摩保養情境。
32-40秒：安全提醒：僅供外用；避免眼周、黏膜、破皮或傷口。
40-45秒：想看藥證查詢方式，請看置頂或私訊。",衛署成製015614，乙類成藥，資料可至衛福部中藥許可證系統查詢。外用產品請依標示使用；身體不適、症狀持續或惡化時，請諮詢醫師或藥師。想看藥證查詢與外盒標示，請看置頂或私訊索取。,9:16實拍短影音：外盒標示、藥證查詢、質地近拍、客服入口,建議搭配：外盒標示實拍、藥證查詢截圖、產品質地短影片、客服回覆截圖（遮個資）。,衛福部中藥許可證：衛署成製015614；類別：乙類成藥；劑型：油膏劑。,退換貨、付款、客服、出貨、價格、通路與任何見證內容，發布前須由人工確認。
TikTok_LINE151_V2,LINE151,2026-08-18,12:00,TikTok,夏季冷氣房的肩頸保養,F,低,pending_legal_pharmacist_review,false,夏季冷氣房的肩頸保養,"0-3秒：買一條根，先別急著下單，先看這三個地方。
3-10秒：鏡頭拍外盒標示與衛署成製015614。
10-20秒：拍產品質地，旁白：這是外用油膏，依標示使用。
20-32秒：切入主題「夏季冷氣房的肩頸保養」，說明適合日常局部按摩保養情境。
32-40秒：安全提醒：節氣養生屬一般生活資訊，身體不適仍應諮詢專業人員。
40-45秒：想看藥證查詢方式，請看置頂或私訊。",衛署成製015614，乙類成藥，資料可至衛福部中藥許可證系統查詢。外用產品請依標示使用；身體不適、症狀持續或惡化時，請諮詢醫師或藥師。想看藥證查詢與外盒標示，請看置頂或私訊索取。,9:16實拍短影音：外盒標示、藥證查詢、質地近拍、客服入口,建議搭配：外盒標示實拍、藥證查詢截圖、產品質地短影片、客服回覆截圖（遮個資）。,衛福部中藥許可證：衛署成製015614；類別：乙類成藥；劑型：油膏劑。,退換貨、付款、客服、出貨、價格、通路與任何見證內容，發布前須由人工確認。
TikTok_LINE152_V2,LINE152,2026-08-18,20:00,TikTok,外用膏避免眼周與黏膜,E,高,pending_legal_pharmacist_review,false,外用膏避免眼周與黏膜,"0-3秒：買一條根，先別急著下單，先看這三個地方。
3-10秒：鏡頭拍外盒標示與衛署成製015614。
10-20秒：拍產品質地，旁白：這是外用油膏，依標示使用。
20-32秒：切入主題「外用膏避免眼周與黏膜」，說明適合日常局部按摩保養情境。
32-40秒：安全提醒：2 歲以下、孕哺、過敏體質、抗凝血藥使用者請先詢問專業人員。
40-45秒：想看藥證查詢方式，請看置頂或私訊。",衛署成製015614，乙類成藥，資料可至衛福部中藥許可證系統查詢。外用產品請依標示使用；身體不適、症狀持續或惡化時，請諮詢醫師或藥師。想看藥證查詢與外盒標示，請看置頂或私訊索取。,9:16實拍短影音：外盒標示、藥證查詢、質地近拍、客服入口,建議搭配：外盒標示實拍、藥證查詢截圖、產品質地短影片、客服回覆截圖（遮個資）。,衛福部中藥許可證：衛署成製015614；類別：乙類成藥；劑型：油膏劑。,退換貨、付款、客服、出貨、價格、通路與任何見證內容，發布前須由人工確認。
TikTok_LINE153_V2,LINE153,2026-08-19,12:00,TikTok,為什麼我們重視藥證與標示,H,中,pending_legal_pharmacist_review,false,為什麼我們重視藥證與標示,"0-3秒：買一條根，先別急著下單，先看這三個地方。
3-10秒：鏡頭拍外盒標示與衛署成製015614。
10-20秒：拍產品質地，旁白：這是外用油膏，依標示使用。
20-32秒：切入主題「為什麼我們重視藥證與標示」，說明適合日常局部按摩保養情境。
32-40秒：安全提醒：所有廣告文案仍須依主管機關與專業人員審核。
40-45秒：想看藥證查詢方式，請看置頂或私訊。",衛署成製015614，乙類成藥，資料可至衛福部中藥許可證系統查詢。外用產品請依標示使用；身體不適、症狀持續或惡化時，請諮詢醫師或藥師。想看藥證查詢與外盒標示，請看置頂或私訊索取。,9:16實拍短影音：外盒標示、藥證查詢、質地近拍、客服入口,建議搭配：外盒標示實拍、藥證查詢截圖、產品質地短影片、客服回覆截圖（遮個資）。,衛福部中藥許可證：衛署成製015614；類別：乙類成藥；劑型：油膏劑。,退換貨、付款、客服、出貨、價格、通路與任何見證內容，發布前須由人工確認。
TikTok_LINE154_V2,LINE154,2026-08-19,20:00,TikTok,你習慣運動前還是運動後保養,G,低,pending_legal_pharmacist_review,false,你習慣運動前還是運動後保養,"0-3秒：買一條根，先別急著下單，先看這三個地方。
3-10秒：鏡頭拍外盒標示與衛署成製015614。
10-20秒：拍產品質地，旁白：這是外用油膏，依標示使用。
20-32秒：切入主題「你習慣運動前還是運動後保養」，說明適合日常局部按摩保養情境。
32-40秒：安全提醒：互動回答不取代醫師或藥師建議。
40-45秒：想看藥證查詢方式，請看置頂或私訊。",衛署成製015614，乙類成藥，資料可至衛福部中藥許可證系統查詢。外用產品請依標示使用；身體不適、症狀持續或惡化時，請諮詢醫師或藥師。想看藥證查詢與外盒標示，請看置頂或私訊索取。,9:16實拍短影音：外盒標示、藥證查詢、質地近拍、客服入口,建議搭配：外盒標示實拍、藥證查詢截圖、產品質地短影片、客服回覆截圖（遮個資）。,衛福部中藥許可證：衛署成製015614；類別：乙類成藥；劑型：油膏劑。,退換貨、付款、客服、出貨、價格、通路與任何見證內容，發布前須由人工確認。
TikTok_LINE155_V2,LINE155,2026-08-20,12:00,TikTok,搬重物後腰背保養,C,中,pending_legal_pharmacist_review,false,搬重物後腰背保養,"0-3秒：買一條根，先別急著下單，先看這三個地方。
3-10秒：鏡頭拍外盒標示與衛署成製015614。
10-20秒：拍產品質地，旁白：這是外用油膏，依標示使用。
20-32秒：切入主題「搬重物後腰背保養」，說明適合日常局部按摩保養情境。
32-40秒：安全提醒：明顯腫脹、劇痛、活動受限或疑似受傷時，請先就醫。
40-45秒：想看藥證查詢方式，請看置頂或私訊。",衛署成製015614，乙類成藥，資料可至衛福部中藥許可證系統查詢。外用產品請依標示使用；身體不適、症狀持續或惡化時，請諮詢醫師或藥師。想看藥證查詢與外盒標示，請看置頂或私訊索取。,9:16實拍短影音：外盒標示、藥證查詢、質地近拍、客服入口,建議搭配：外盒標示實拍、藥證查詢截圖、產品質地短影片、客服回覆截圖（遮個資）。,衛福部中藥許可證：衛署成製015614；類別：乙類成藥；劑型：油膏劑。,退換貨、付款、客服、出貨、價格、通路與任何見證內容，發布前須由人工確認。
TikTok_LINE156_V2,LINE156,2026-08-20,20:00,TikTok,樟腦外用時的注意界線,A,中,pending_legal_pharmacist_review,false,樟腦外用時的注意界線,"0-3秒：買一條根，先別急著下單，先看這三個地方。
3-10秒：鏡頭拍外盒標示與衛署成製015614。
10-20秒：拍產品質地，旁白：這是外用油膏，依標示使用。
20-32秒：切入主題「樟腦外用時的注意界線」，說明適合日常局部按摩保養情境。
32-40秒：安全提醒：僅供外用；避免眼周、黏膜、破皮或傷口。
40-45秒：想看藥證查詢方式，請看置頂或私訊。",衛署成製015614，乙類成藥，資料可至衛福部中藥許可證系統查詢。外用產品請依標示使用；身體不適、症狀持續或惡化時，請諮詢醫師或藥師。想看藥證查詢與外盒標示，請看置頂或私訊索取。,9:16實拍短影音：外盒標示、藥證查詢、質地近拍、客服入口,建議搭配：外盒標示實拍、藥證查詢截圖、產品質地短影片、客服回覆截圖（遮個資）。,衛福部中藥許可證：衛署成製015614；類別：乙類成藥；劑型：油膏劑。,退換貨、付款、客服、出貨、價格、通路與任何見證內容，發布前須由人工確認。
TikTok_LINE157_V2,LINE157,2026-08-21,12:00,TikTok,輕微關節痠痛與疾病治療要分開,D,中,pending_legal_pharmacist_review,false,輕微關節痠痛與疾病治療要分開,"0-3秒：買一條根，先別急著下單，先看這三個地方。
3-10秒：鏡頭拍外盒標示與衛署成製015614。
10-20秒：拍產品質地，旁白：這是外用油膏，依標示使用。
20-32秒：切入主題「輕微關節痠痛與疾病治療要分開」，說明適合日常局部按摩保養情境。
32-40秒：安全提醒：關節腫痛、紅熱、長期疼痛或行走困難，請就醫評估。
40-45秒：想看藥證查詢方式，請看置頂或私訊。",衛署成製015614，乙類成藥，資料可至衛福部中藥許可證系統查詢。外用產品請依標示使用；身體不適、症狀持續或惡化時，請諮詢醫師或藥師。想看藥證查詢與外盒標示，請看置頂或私訊索取。,9:16實拍短影音：外盒標示、藥證查詢、質地近拍、客服入口,建議搭配：外盒標示實拍、藥證查詢截圖、產品質地短影片、客服回覆截圖（遮個資）。,衛福部中藥許可證：衛署成製015614；類別：乙類成藥；劑型：油膏劑。,退換貨、付款、客服、出貨、價格、通路與任何見證內容，發布前須由人工確認。
TikTok_LINE158_V2,LINE158,2026-08-21,20:00,TikTok,不要搭配熱敷墊或電毯,E,高,pending_legal_pharmacist_review,false,不要搭配熱敷墊或電毯,"0-3秒：買一條根，先別急著下單，先看這三個地方。
3-10秒：鏡頭拍外盒標示與衛署成製015614。
10-20秒：拍產品質地，旁白：這是外用油膏，依標示使用。
20-32秒：切入主題「不要搭配熱敷墊或電毯」，說明適合日常局部按摩保養情境。
32-40秒：安全提醒：2 歲以下、孕哺、過敏體質、抗凝血藥使用者請先詢問專業人員。
40-45秒：想看藥證查詢方式，請看置頂或私訊。",衛署成製015614，乙類成藥，資料可至衛福部中藥許可證系統查詢。外用產品請依標示使用；身體不適、症狀持續或惡化時，請諮詢醫師或藥師。想看藥證查詢與外盒標示，請看置頂或私訊索取。,9:16實拍短影音：外盒標示、藥證查詢、質地近拍、客服入口,建議搭配：外盒標示實拍、藥證查詢截圖、產品質地短影片、客服回覆截圖（遮個資）。,衛福部中藥許可證：衛署成製015614；類別：乙類成藥；劑型：油膏劑。,退換貨、付款、客服、出貨、價格、通路與任何見證內容，發布前須由人工確認。
TikTok_LINE159_V2,LINE159,2026-08-22,12:00,TikTok,小暑前後活動舒適提醒,F,低,pending_legal_pharmacist_review,false,小暑前後活動舒適提醒,"0-3秒：買一條根，先別急著下單，先看這三個地方。
3-10秒：鏡頭拍外盒標示與衛署成製015614。
10-20秒：拍產品質地，旁白：這是外用油膏，依標示使用。
20-32秒：切入主題「小暑前後活動舒適提醒」，說明適合日常局部按摩保養情境。
32-40秒：安全提醒：節氣養生屬一般生活資訊，身體不適仍應諮詢專業人員。
40-45秒：想看藥證查詢方式，請看置頂或私訊。",衛署成製015614，乙類成藥，資料可至衛福部中藥許可證系統查詢。外用產品請依標示使用；身體不適、症狀持續或惡化時，請諮詢醫師或藥師。想看藥證查詢與外盒標示，請看置頂或私訊索取。,9:16實拍短影音：外盒標示、藥證查詢、質地近拍、客服入口,建議搭配：外盒標示實拍、藥證查詢截圖、產品質地短影片、客服回覆截圖（遮個資）。,衛福部中藥許可證：衛署成製015614；類別：乙類成藥；劑型：油膏劑。,退換貨、付款、客服、出貨、價格、通路與任何見證內容，發布前須由人工確認。
TikTok_LINE160_V2,LINE160,2026-08-22,20:00,TikTok,爬山後腿部按摩提醒,C,中,pending_legal_pharmacist_review,false,爬山後腿部按摩提醒,"0-3秒：買一條根，先別急著下單，先看這三個地方。
3-10秒：鏡頭拍外盒標示與衛署成製015614。
10-20秒：拍產品質地，旁白：這是外用油膏，依標示使用。
20-32秒：切入主題「爬山後腿部按摩提醒」，說明適合日常局部按摩保養情境。
32-40秒：安全提醒：明顯腫脹、劇痛、活動受限或疑似受傷時，請先就醫。
40-45秒：想看藥證查詢方式，請看置頂或私訊。",衛署成製015614，乙類成藥，資料可至衛福部中藥許可證系統查詢。外用產品請依標示使用；身體不適、症狀持續或惡化時，請諮詢醫師或藥師。想看藥證查詢與外盒標示，請看置頂或私訊索取。,9:16實拍短影音：外盒標示、藥證查詢、質地近拍、客服入口,建議搭配：外盒標示實拍、藥證查詢截圖、產品質地短影片、客服回覆截圖（遮個資）。,衛福部中藥許可證：衛署成製015614；類別：乙類成藥；劑型：油膏劑。,退換貨、付款、客服、出貨、價格、通路與任何見證內容，發布前須由人工確認。
TikTok_LINE161_V2,LINE161,2026-08-23,12:00,TikTok,外用膏一次擦多少才剛好,G,低,pending_legal_pharmacist_review,false,外用膏一次擦多少才剛好,"0-3秒：買一條根，先別急著下單，先看這三個地方。
3-10秒：鏡頭拍外盒標示與衛署成製015614。
10-20秒：拍產品質地，旁白：這是外用油膏，依標示使用。
20-32秒：切入主題「外用膏一次擦多少才剛好」，說明適合日常局部按摩保養情境。
32-40秒：安全提醒：互動回答不取代醫師或藥師建議。
40-45秒：想看藥證查詢方式，請看置頂或私訊。",衛署成製015614，乙類成藥，資料可至衛福部中藥許可證系統查詢。外用產品請依標示使用；身體不適、症狀持續或惡化時，請諮詢醫師或藥師。想看藥證查詢與外盒標示，請看置頂或私訊索取。,9:16實拍短影音：外盒標示、藥證查詢、質地近拍、客服入口,建議搭配：外盒標示實拍、藥證查詢截圖、產品質地短影片、客服回覆截圖（遮個資）。,衛福部中藥許可證：衛署成製015614；類別：乙類成藥；劑型：油膏劑。,退換貨、付款、客服、出貨、價格、通路與任何見證內容，發布前須由人工確認。
TikTok_LINE162_V2,LINE162,2026-08-23,20:00,TikTok,散步後的膝周保養,D,中,pending_legal_pharmacist_review,false,散步後的膝周保養,"0-3秒：買一條根，先別急著下單，先看這三個地方。
3-10秒：鏡頭拍外盒標示與衛署成製015614。
10-20秒：拍產品質地，旁白：這是外用油膏，依標示使用。
20-32秒：切入主題「散步後的膝周保養」，說明適合日常局部按摩保養情境。
32-40秒：安全提醒：關節腫痛、紅熱、長期疼痛或行走困難，請就醫評估。
40-45秒：想看藥證查詢方式，請看置頂或私訊。",衛署成製015614，乙類成藥，資料可至衛福部中藥許可證系統查詢。外用產品請依標示使用；身體不適、症狀持續或惡化時，請諮詢醫師或藥師。想看藥證查詢與外盒標示，請看置頂或私訊索取。,9:16實拍短影音：外盒標示、藥證查詢、質地近拍、客服入口,建議搭配：外盒標示實拍、藥證查詢截圖、產品質地短影片、客服回覆截圖（遮個資）。,衛福部中藥許可證：衛署成製015614；類別：乙類成藥；劑型：油膏劑。,退換貨、付款、客服、出貨、價格、通路與任何見證內容，發布前須由人工確認。
TikTok_LINE163_V2,LINE163,2026-08-24,12:00,TikTok,午休前的肩頸放鬆流程,B,低,pending_legal_pharmacist_review,false,午休前的肩頸放鬆流程,"0-3秒：買一條根，先別急著下單，先看這三個地方。
3-10秒：鏡頭拍外盒標示與衛署成製015614。
10-20秒：拍產品質地，旁白：這是外用油膏，依標示使用。
20-32秒：切入主題「午休前的肩頸放鬆流程」，說明適合日常局部按摩保養情境。
32-40秒：安全提醒：若痠痛持續、麻木或影響活動，請諮詢醫師或藥師。
40-45秒：想看藥證查詢方式，請看置頂或私訊。",衛署成製015614，乙類成藥，資料可至衛福部中藥許可證系統查詢。外用產品請依標示使用；身體不適、症狀持續或惡化時，請諮詢醫師或藥師。想看藥證查詢與外盒標示，請看置頂或私訊索取。,9:16實拍短影音：外盒標示、藥證查詢、質地近拍、客服入口,建議搭配：外盒標示實拍、藥證查詢截圖、產品質地短影片、客服回覆截圖（遮個資）。,衛福部中藥許可證：衛署成製015614；類別：乙類成藥；劑型：油膏劑。,退換貨、付款、客服、出貨、價格、通路與任何見證內容，發布前須由人工確認。
TikTok_LINE164_V2,LINE164,2026-08-24,20:00,TikTok,油膏劑為什麼適合局部按摩,A,中,pending_legal_pharmacist_review,false,油膏劑為什麼適合局部按摩,"0-3秒：買一條根，先別急著下單，先看這三個地方。
3-10秒：鏡頭拍外盒標示與衛署成製015614。
10-20秒：拍產品質地，旁白：這是外用油膏，依標示使用。
20-32秒：切入主題「油膏劑為什麼適合局部按摩」，說明適合日常局部按摩保養情境。
32-40秒：安全提醒：僅供外用；避免眼周、黏膜、破皮或傷口。
40-45秒：想看藥證查詢方式，請看置頂或私訊。",衛署成製015614，乙類成藥，資料可至衛福部中藥許可證系統查詢。外用產品請依標示使用；身體不適、症狀持續或惡化時，請諮詢醫師或藥師。想看藥證查詢與外盒標示，請看置頂或私訊索取。,9:16實拍短影音：外盒標示、藥證查詢、質地近拍、客服入口,建議搭配：外盒標示實拍、藥證查詢截圖、產品質地短影片、客服回覆截圖（遮個資）。,衛福部中藥許可證：衛署成製015614；類別：乙類成藥；劑型：油膏劑。,退換貨、付款、客服、出貨、價格、通路與任何見證內容，發布前須由人工確認。
TikTok_LINE165_V2,LINE165,2026-08-25,12:00,TikTok,大暑午後少久站硬撐,F,低,pending_legal_pharmacist_review,false,大暑午後少久站硬撐,"0-3秒：買一條根，先別急著下單，先看這三個地方。
3-10秒：鏡頭拍外盒標示與衛署成製015614。
10-20秒：拍產品質地，旁白：這是外用油膏，依標示使用。
20-32秒：切入主題「大暑午後少久站硬撐」，說明適合日常局部按摩保養情境。
32-40秒：安全提醒：節氣養生屬一般生活資訊，身體不適仍應諮詢專業人員。
40-45秒：想看藥證查詢方式，請看置頂或私訊。",衛署成製015614，乙類成藥，資料可至衛福部中藥許可證系統查詢。外用產品請依標示使用；身體不適、症狀持續或惡化時，請諮詢醫師或藥師。想看藥證查詢與外盒標示，請看置頂或私訊索取。,9:16實拍短影音：外盒標示、藥證查詢、質地近拍、客服入口,建議搭配：外盒標示實拍、藥證查詢截圖、產品質地短影片、客服回覆截圖（遮個資）。,衛福部中藥許可證：衛署成製015614；類別：乙類成藥；劑型：油膏劑。,退換貨、付款、客服、出貨、價格、通路與任何見證內容，發布前須由人工確認。
TikTok_LINE166_V2,LINE166,2026-08-25,20:00,TikTok,不要密封包紮或大面積厚敷,E,高,pending_legal_pharmacist_review,false,不要密封包紮或大面積厚敷,"0-3秒：買一條根，先別急著下單，先看這三個地方。
3-10秒：鏡頭拍外盒標示與衛署成製015614。
10-20秒：拍產品質地，旁白：這是外用油膏，依標示使用。
20-32秒：切入主題「不要密封包紮或大面積厚敷」，說明適合日常局部按摩保養情境。
32-40秒：安全提醒：2 歲以下、孕哺、過敏體質、抗凝血藥使用者請先詢問專業人員。
40-45秒：想看藥證查詢方式，請看置頂或私訊。",衛署成製015614，乙類成藥，資料可至衛福部中藥許可證系統查詢。外用產品請依標示使用；身體不適、症狀持續或惡化時，請諮詢醫師或藥師。想看藥證查詢與外盒標示，請看置頂或私訊索取。,9:16實拍短影音：外盒標示、藥證查詢、質地近拍、客服入口,建議搭配：外盒標示實拍、藥證查詢截圖、產品質地短影片、客服回覆截圖（遮個資）。,衛福部中藥許可證：衛署成製015614；類別：乙類成藥；劑型：油膏劑。,退換貨、付款、客服、出貨、價格、通路與任何見證內容，發布前須由人工確認。
TikTok_LINE167_V2,LINE167,2026-08-26,12:00,TikTok,藥證可查代表什麼,H,中,pending_legal_pharmacist_review,false,藥證可查代表什麼,"0-3秒：買一條根，先別急著下單，先看這三個地方。
3-10秒：鏡頭拍外盒標示與衛署成製015614。
10-20秒：拍產品質地，旁白：這是外用油膏，依標示使用。
20-32秒：切入主題「藥證可查代表什麼」，說明適合日常局部按摩保養情境。
32-40秒：安全提醒：所有廣告文案仍須依主管機關與專業人員審核。
40-45秒：想看藥證查詢方式，請看置頂或私訊。",衛署成製015614，乙類成藥，資料可至衛福部中藥許可證系統查詢。外用產品請依標示使用；身體不適、症狀持續或惡化時，請諮詢醫師或藥師。想看藥證查詢與外盒標示，請看置頂或私訊索取。,9:16實拍短影音：外盒標示、藥證查詢、質地近拍、客服入口,建議搭配：外盒標示實拍、藥證查詢截圖、產品質地短影片、客服回覆截圖（遮個資）。,衛福部中藥許可證：衛署成製015614；類別：乙類成藥；劑型：油膏劑。,退換貨、付款、客服、出貨、價格、通路與任何見證內容，發布前須由人工確認。
TikTok_LINE168_V2,LINE168,2026-08-26,20:00,TikTok,涼感越強越有效嗎,G,低,pending_legal_pharmacist_review,false,涼感越強越有效嗎,"0-3秒：買一條根，先別急著下單，先看這三個地方。
3-10秒：鏡頭拍外盒標示與衛署成製015614。
10-20秒：拍產品質地，旁白：這是外用油膏，依標示使用。
20-32秒：切入主題「涼感越強越有效嗎」，說明適合日常局部按摩保養情境。
32-40秒：安全提醒：互動回答不取代醫師或藥師建議。
40-45秒：想看藥證查詢方式，請看置頂或私訊。",衛署成製015614，乙類成藥，資料可至衛福部中藥許可證系統查詢。外用產品請依標示使用；身體不適、症狀持續或惡化時，請諮詢醫師或藥師。想看藥證查詢與外盒標示，請看置頂或私訊索取。,9:16實拍短影音：外盒標示、藥證查詢、質地近拍、客服入口,建議搭配：外盒標示實拍、藥證查詢截圖、產品質地短影片、客服回覆截圖（遮個資）。,衛福部中藥許可證：衛署成製015614；類別：乙類成藥；劑型：油膏劑。,退換貨、付款、客服、出貨、價格、通路與任何見證內容，發布前須由人工確認。
TikTok_LINE169_V2,LINE169,2026-08-27,12:00,TikTok,重訓後肩背局部舒緩,C,中,pending_legal_pharmacist_review,false,重訓後肩背局部舒緩,"0-3秒：買一條根，先別急著下單，先看這三個地方。
3-10秒：鏡頭拍外盒標示與衛署成製015614。
10-20秒：拍產品質地，旁白：這是外用油膏，依標示使用。
20-32秒：切入主題「重訓後肩背局部舒緩」，說明適合日常局部按摩保養情境。
32-40秒：安全提醒：明顯腫脹、劇痛、活動受限或疑似受傷時，請先就醫。
40-45秒：想看藥證查詢方式，請看置頂或私訊。",衛署成製015614，乙類成藥，資料可至衛福部中藥許可證系統查詢。外用產品請依標示使用；身體不適、症狀持續或惡化時，請諮詢醫師或藥師。想看藥證查詢與外盒標示，請看置頂或私訊索取。,9:16實拍短影音：外盒標示、藥證查詢、質地近拍、客服入口,建議搭配：外盒標示實拍、藥證查詢截圖、產品質地短影片、客服回覆截圖（遮個資）。,衛福部中藥許可證：衛署成製015614；類別：乙類成藥；劑型：油膏劑。,退換貨、付款、客服、出貨、價格、通路與任何見證內容，發布前須由人工確認。
TikTok_LINE170_V2,LINE170,2026-08-27,20:00,TikTok,乙類成藥與一般保健品差異,A,中,pending_legal_pharmacist_review,false,乙類成藥與一般保健品差異,"0-3秒：買一條根，先別急著下單，先看這三個地方。
3-10秒：鏡頭拍外盒標示與衛署成製015614。
10-20秒：拍產品質地，旁白：這是外用油膏，依標示使用。
20-32秒：切入主題「乙類成藥與一般保健品差異」，說明適合日常局部按摩保養情境。
32-40秒：安全提醒：僅供外用；避免眼周、黏膜、破皮或傷口。
40-45秒：想看藥證查詢方式，請看置頂或私訊。",衛署成製015614，乙類成藥，資料可至衛福部中藥許可證系統查詢。外用產品請依標示使用；身體不適、症狀持續或惡化時，請諮詢醫師或藥師。想看藥證查詢與外盒標示，請看置頂或私訊索取。,9:16實拍短影音：外盒標示、藥證查詢、質地近拍、客服入口,建議搭配：外盒標示實拍、藥證查詢截圖、產品質地短影片、客服回覆截圖（遮個資）。,衛福部中藥許可證：衛署成製015614；類別：乙類成藥；劑型：油膏劑。,退換貨、付款、客服、出貨、價格、通路與任何見證內容，發布前須由人工確認。
TikTok_LINE171_V2,LINE171,2026-08-28,12:00,TikTok,天氣變化時的活動舒適感,D,中,pending_legal_pharmacist_review,false,天氣變化時的活動舒適感,"0-3秒：買一條根，先別急著下單，先看這三個地方。
3-10秒：鏡頭拍外盒標示與衛署成製015614。
10-20秒：拍產品質地，旁白：這是外用油膏，依標示使用。
20-32秒：切入主題「天氣變化時的活動舒適感」，說明適合日常局部按摩保養情境。
32-40秒：安全提醒：關節腫痛、紅熱、長期疼痛或行走困難，請就醫評估。
40-45秒：想看藥證查詢方式，請看置頂或私訊。",衛署成製015614，乙類成藥，資料可至衛福部中藥許可證系統查詢。外用產品請依標示使用；身體不適、症狀持續或惡化時，請諮詢醫師或藥師。想看藥證查詢與外盒標示，請看置頂或私訊索取。,9:16實拍短影音：外盒標示、藥證查詢、質地近拍、客服入口,建議搭配：外盒標示實拍、藥證查詢截圖、產品質地短影片、客服回覆截圖（遮個資）。,衛福部中藥許可證：衛署成製015614；類別：乙類成藥；劑型：油膏劑。,退換貨、付款、客服、出貨、價格、通路與任何見證內容，發布前須由人工確認。
TikTok_LINE172_V2,LINE172,2026-08-28,20:00,TikTok,水楊酸或阿斯匹靈過敏者注意,E,高,pending_legal_pharmacist_review,false,水楊酸或阿斯匹靈過敏者注意,"0-3秒：買一條根，先別急著下單，先看這三個地方。
3-10秒：鏡頭拍外盒標示與衛署成製015614。
10-20秒：拍產品質地，旁白：這是外用油膏，依標示使用。
20-32秒：切入主題「水楊酸或阿斯匹靈過敏者注意」，說明適合日常局部按摩保養情境。
32-40秒：安全提醒：2 歲以下、孕哺、過敏體質、抗凝血藥使用者請先詢問專業人員。
40-45秒：想看藥證查詢方式，請看置頂或私訊。",衛署成製015614，乙類成藥，資料可至衛福部中藥許可證系統查詢。外用產品請依標示使用；身體不適、症狀持續或惡化時，請諮詢醫師或藥師。想看藥證查詢與外盒標示，請看置頂或私訊索取。,9:16實拍短影音：外盒標示、藥證查詢、質地近拍、客服入口,建議搭配：外盒標示實拍、藥證查詢截圖、產品質地短影片、客服回覆截圖（遮個資）。,衛福部中藥許可證：衛署成製015614；類別：乙類成藥；劑型：油膏劑。,退換貨、付款、客服、出貨、價格、通路與任何見證內容，發布前須由人工確認。
TikTok_LINE173_V2,LINE173,2026-08-29,12:00,TikTok,立秋後早晚溫差保養,F,低,pending_legal_pharmacist_review,false,立秋後早晚溫差保養,"0-3秒：買一條根，先別急著下單，先看這三個地方。
3-10秒：鏡頭拍外盒標示與衛署成製015614。
10-20秒：拍產品質地，旁白：這是外用油膏，依標示使用。
20-32秒：切入主題「立秋後早晚溫差保養」，說明適合日常局部按摩保養情境。
32-40秒：安全提醒：節氣養生屬一般生活資訊，身體不適仍應諮詢專業人員。
40-45秒：想看藥證查詢方式，請看置頂或私訊。",衛署成製015614，乙類成藥，資料可至衛福部中藥許可證系統查詢。外用產品請依標示使用；身體不適、症狀持續或惡化時，請諮詢醫師或藥師。想看藥證查詢與外盒標示，請看置頂或私訊索取。,9:16實拍短影音：外盒標示、藥證查詢、質地近拍、客服入口,建議搭配：外盒標示實拍、藥證查詢截圖、產品質地短影片、客服回覆截圖（遮個資）。,衛福部中藥許可證：衛署成製015614；類別：乙類成藥；劑型：油膏劑。,退換貨、付款、客服、出貨、價格、通路與任何見證內容，發布前須由人工確認。
TikTok_LINE174_V2,LINE174,2026-08-29,20:00,TikTok,家事後手臂不適保養,C,中,pending_legal_pharmacist_review,false,家事後手臂不適保養,"0-3秒：買一條根，先別急著下單，先看這三個地方。
3-10秒：鏡頭拍外盒標示與衛署成製015614。
10-20秒：拍產品質地，旁白：這是外用油膏，依標示使用。
20-32秒：切入主題「家事後手臂不適保養」，說明適合日常局部按摩保養情境。
32-40秒：安全提醒：明顯腫脹、劇痛、活動受限或疑似受傷時，請先就醫。
40-45秒：想看藥證查詢方式，請看置頂或私訊。",衛署成製015614，乙類成藥，資料可至衛福部中藥許可證系統查詢。外用產品請依標示使用；身體不適、症狀持續或惡化時，請諮詢醫師或藥師。想看藥證查詢與外盒標示，請看置頂或私訊索取。,9:16實拍短影音：外盒標示、藥證查詢、質地近拍、客服入口,建議搭配：外盒標示實拍、藥證查詢截圖、產品質地短影片、客服回覆截圖（遮個資）。,衛福部中藥許可證：衛署成製015614；類別：乙類成藥；劑型：油膏劑。,退換貨、付款、客服、出貨、價格、通路與任何見證內容，發布前須由人工確認。
TikTok_LINE175_V2,LINE175,2026-08-30,12:00,TikTok,你有看過外用產品標示嗎,G,低,pending_legal_pharmacist_review,false,你有看過外用產品標示嗎,"0-3秒：買一條根，先別急著下單，先看這三個地方。
3-10秒：鏡頭拍外盒標示與衛署成製015614。
10-20秒：拍產品質地，旁白：這是外用油膏，依標示使用。
20-32秒：切入主題「你有看過外用產品標示嗎」，說明適合日常局部按摩保養情境。
32-40秒：安全提醒：互動回答不取代醫師或藥師建議。
40-45秒：想看藥證查詢方式，請看置頂或私訊。",衛署成製015614，乙類成藥，資料可至衛福部中藥許可證系統查詢。外用產品請依標示使用；身體不適、症狀持續或惡化時，請諮詢醫師或藥師。想看藥證查詢與外盒標示，請看置頂或私訊索取。,9:16實拍短影音：外盒標示、藥證查詢、質地近拍、客服入口,建議搭配：外盒標示實拍、藥證查詢截圖、產品質地短影片、客服回覆截圖（遮個資）。,衛福部中藥許可證：衛署成製015614；類別：乙類成藥；劑型：油膏劑。,退換貨、付款、客服、出貨、價格、通路與任何見證內容，發布前須由人工確認。
TikTok_LINE176_V2,LINE176,2026-08-30,20:00,TikTok,長輩按摩力道不要過重,D,中,pending_legal_pharmacist_review,false,長輩按摩力道不要過重,"0-3秒：買一條根，先別急著下單，先看這三個地方。
3-10秒：鏡頭拍外盒標示與衛署成製015614。
10-20秒：拍產品質地，旁白：這是外用油膏，依標示使用。
20-32秒：切入主題「長輩按摩力道不要過重」，說明適合日常局部按摩保養情境。
32-40秒：安全提醒：關節腫痛、紅熱、長期疼痛或行走困難，請就醫評估。
40-45秒：想看藥證查詢方式，請看置頂或私訊。",衛署成製015614，乙類成藥，資料可至衛福部中藥許可證系統查詢。外用產品請依標示使用；身體不適、症狀持續或惡化時，請諮詢醫師或藥師。想看藥證查詢與外盒標示，請看置頂或私訊索取。,9:16實拍短影音：外盒標示、藥證查詢、質地近拍、客服入口,建議搭配：外盒標示實拍、藥證查詢截圖、產品質地短影片、客服回覆截圖（遮個資）。,衛福部中藥許可證：衛署成製015614；類別：乙類成藥；劑型：油膏劑。,退換貨、付款、客服、出貨、價格、通路與任何見證內容，發布前須由人工確認。
TikTok_LINE177_V2,LINE177,2026-08-31,12:00,TikTok,開會久坐後的腰背舒緩,B,低,pending_legal_pharmacist_review,false,開會久坐後的腰背舒緩,"0-3秒：買一條根，先別急著下單，先看這三個地方。
3-10秒：鏡頭拍外盒標示與衛署成製015614。
10-20秒：拍產品質地，旁白：這是外用油膏，依標示使用。
20-32秒：切入主題「開會久坐後的腰背舒緩」，說明適合日常局部按摩保養情境。
32-40秒：安全提醒：若痠痛持續、麻木或影響活動，請諮詢醫師或藥師。
40-45秒：想看藥證查詢方式，請看置頂或私訊。",衛署成製015614，乙類成藥，資料可至衛福部中藥許可證系統查詢。外用產品請依標示使用；身體不適、症狀持續或惡化時，請諮詢醫師或藥師。想看藥證查詢與外盒標示，請看置頂或私訊索取。,9:16實拍短影音：外盒標示、藥證查詢、質地近拍、客服入口,建議搭配：外盒標示實拍、藥證查詢截圖、產品質地短影片、客服回覆截圖（遮個資）。,衛福部中藥許可證：衛署成製015614；類別：乙類成藥；劑型：油膏劑。,退換貨、付款、客服、出貨、價格、通路與任何見證內容，發布前須由人工確認。
TikTok_LINE178_V2,LINE178,2026-08-31,20:00,TikTok,一條根外用膏的日常定位,A,中,pending_legal_pharmacist_review,false,一條根外用膏的日常定位,"0-3秒：買一條根，先別急著下單，先看這三個地方。
3-10秒：鏡頭拍外盒標示與衛署成製015614。
10-20秒：拍產品質地，旁白：這是外用油膏，依標示使用。
20-32秒：切入主題「一條根外用膏的日常定位」，說明適合日常局部按摩保養情境。
32-40秒：安全提醒：僅供外用；避免眼周、黏膜、破皮或傷口。
40-45秒：想看藥證查詢方式，請看置頂或私訊。",衛署成製015614，乙類成藥，資料可至衛福部中藥許可證系統查詢。外用產品請依標示使用；身體不適、症狀持續或惡化時，請諮詢醫師或藥師。想看藥證查詢與外盒標示，請看置頂或私訊索取。,9:16實拍短影音：外盒標示、藥證查詢、質地近拍、客服入口,建議搭配：外盒標示實拍、藥證查詢截圖、產品質地短影片、客服回覆截圖（遮個資）。,衛福部中藥許可證：衛署成製015614；類別：乙類成藥；劑型：油膏劑。,退換貨、付款、客服、出貨、價格、通路與任何見證內容，發布前須由人工確認。
TikTok_LINE179_V2,LINE179,2026-09-01,12:00,TikTok,處暑後運動暖身提醒,F,低,pending_legal_pharmacist_review,false,處暑後運動暖身提醒,"0-3秒：買一條根，先別急著下單，先看這三個地方。
3-10秒：鏡頭拍外盒標示與衛署成製015614。
10-20秒：拍產品質地，旁白：這是外用油膏，依標示使用。
20-32秒：切入主題「處暑後運動暖身提醒」，說明適合日常局部按摩保養情境。
32-40秒：安全提醒：節氣養生屬一般生活資訊，身體不適仍應諮詢專業人員。
40-45秒：想看藥證查詢方式，請看置頂或私訊。",衛署成製015614，乙類成藥，資料可至衛福部中藥許可證系統查詢。外用產品請依標示使用；身體不適、症狀持續或惡化時，請諮詢醫師或藥師。想看藥證查詢與外盒標示，請看置頂或私訊索取。,9:16實拍短影音：外盒標示、藥證查詢、質地近拍、客服入口,建議搭配：外盒標示實拍、藥證查詢截圖、產品質地短影片、客服回覆截圖（遮個資）。,衛福部中藥許可證：衛署成製015614；類別：乙類成藥；劑型：油膏劑。,退換貨、付款、客服、出貨、價格、通路與任何見證內容，發布前須由人工確認。
TikTok_LINE180_V2,LINE180,2026-09-01,20:00,TikTok,兒童使用前的安全提醒,E,高,pending_legal_pharmacist_review,false,兒童使用前的安全提醒,"0-3秒：買一條根，先別急著下單，先看這三個地方。
3-10秒：鏡頭拍外盒標示與衛署成製015614。
10-20秒：拍產品質地，旁白：這是外用油膏，依標示使用。
20-32秒：切入主題「兒童使用前的安全提醒」，說明適合日常局部按摩保養情境。
32-40秒：安全提醒：2 歲以下、孕哺、過敏體質、抗凝血藥使用者請先詢問專業人員。
40-45秒：想看藥證查詢方式，請看置頂或私訊。",衛署成製015614，乙類成藥，資料可至衛福部中藥許可證系統查詢。外用產品請依標示使用；身體不適、症狀持續或惡化時，請諮詢醫師或藥師。想看藥證查詢與外盒標示，請看置頂或私訊索取。,9:16實拍短影音：外盒標示、藥證查詢、質地近拍、客服入口,建議搭配：外盒標示實拍、藥證查詢截圖、產品質地短影片、客服回覆截圖（遮個資）。,衛福部中藥許可證：衛署成製015614；類別：乙類成藥；劑型：油膏劑。,退換貨、付款、客服、出貨、價格、通路與任何見證內容，發布前須由人工確認。
TikTok_LINE181_V2,LINE181,2026-09-02,12:00,TikTok,外用膏廣告為什麼要保守,H,中,pending_legal_pharmacist_review,false,外用膏廣告為什麼要保守,"0-3秒：買一條根，先別急著下單，先看這三個地方。
3-10秒：鏡頭拍外盒標示與衛署成製015614。
10-20秒：拍產品質地，旁白：這是外用油膏，依標示使用。
20-32秒：切入主題「外用膏廣告為什麼要保守」，說明適合日常局部按摩保養情境。
32-40秒：安全提醒：所有廣告文案仍須依主管機關與專業人員審核。
40-45秒：想看藥證查詢方式，請看置頂或私訊。",衛署成製015614，乙類成藥，資料可至衛福部中藥許可證系統查詢。外用產品請依標示使用；身體不適、症狀持續或惡化時，請諮詢醫師或藥師。想看藥證查詢與外盒標示，請看置頂或私訊索取。,9:16實拍短影音：外盒標示、藥證查詢、質地近拍、客服入口,建議搭配：外盒標示實拍、藥證查詢截圖、產品質地短影片、客服回覆截圖（遮個資）。,衛福部中藥許可證：衛署成製015614；類別：乙類成藥；劑型：油膏劑。,退換貨、付款、客服、出貨、價格、通路與任何見證內容，發布前須由人工確認。
TikTok_LINE182_V2,LINE182,2026-09-02,20:00,TikTok,久坐族最想舒緩哪裡,G,低,pending_legal_pharmacist_review,false,久坐族最想舒緩哪裡,"0-3秒：買一條根，先別急著下單，先看這三個地方。
3-10秒：鏡頭拍外盒標示與衛署成製015614。
10-20秒：拍產品質地，旁白：這是外用油膏，依標示使用。
20-32秒：切入主題「久坐族最想舒緩哪裡」，說明適合日常局部按摩保養情境。
32-40秒：安全提醒：互動回答不取代醫師或藥師建議。
40-45秒：想看藥證查詢方式，請看置頂或私訊。",衛署成製015614，乙類成藥，資料可至衛福部中藥許可證系統查詢。外用產品請依標示使用；身體不適、症狀持續或惡化時，請諮詢醫師或藥師。想看藥證查詢與外盒標示，請看置頂或私訊索取。,9:16實拍短影音：外盒標示、藥證查詢、質地近拍、客服入口,建議搭配：外盒標示實拍、藥證查詢截圖、產品質地短影片、客服回覆截圖（遮個資）。,衛福部中藥許可證：衛署成製015614；類別：乙類成藥；劑型：油膏劑。,退換貨、付款、客服、出貨、價格、通路與任何見證內容，發布前須由人工確認。
TikTok_LINE183_V2,LINE183,2026-09-03,12:00,TikTok,跑步後膝周不適的保守提醒,C,中,pending_legal_pharmacist_review,false,跑步後膝周不適的保守提醒,"0-3秒：買一條根，先別急著下單，先看這三個地方。
3-10秒：鏡頭拍外盒標示與衛署成製015614。
10-20秒：拍產品質地，旁白：這是外用油膏，依標示使用。
20-32秒：切入主題「跑步後膝周不適的保守提醒」，說明適合日常局部按摩保養情境。
32-40秒：安全提醒：明顯腫脹、劇痛、活動受限或疑似受傷時，請先就醫。
40-45秒：想看藥證查詢方式，請看置頂或私訊。",衛署成製015614，乙類成藥，資料可至衛福部中藥許可證系統查詢。外用產品請依標示使用；身體不適、症狀持續或惡化時，請諮詢醫師或藥師。想看藥證查詢與外盒標示，請看置頂或私訊索取。,9:16實拍短影音：外盒標示、藥證查詢、質地近拍、客服入口,建議搭配：外盒標示實拍、藥證查詢截圖、產品質地短影片、客服回覆截圖（遮個資）。,衛福部中藥許可證：衛署成製015614；類別：乙類成藥；劑型：油膏劑。,退換貨、付款、客服、出貨、價格、通路與任何見證內容，發布前須由人工確認。
TikTok_LINE184_V2,LINE184,2026-09-03,20:00,TikTok,成分濃度為什麼要看標示,A,中,pending_legal_pharmacist_review,false,成分濃度為什麼要看標示,"0-3秒：買一條根，先別急著下單，先看這三個地方。
3-10秒：鏡頭拍外盒標示與衛署成製015614。
10-20秒：拍產品質地，旁白：這是外用油膏，依標示使用。
20-32秒：切入主題「成分濃度為什麼要看標示」，說明適合日常局部按摩保養情境。
32-40秒：安全提醒：僅供外用；避免眼周、黏膜、破皮或傷口。
40-45秒：想看藥證查詢方式，請看置頂或私訊。",衛署成製015614，乙類成藥，資料可至衛福部中藥許可證系統查詢。外用產品請依標示使用；身體不適、症狀持續或惡化時，請諮詢醫師或藥師。想看藥證查詢與外盒標示，請看置頂或私訊索取。,9:16實拍短影音：外盒標示、藥證查詢、質地近拍、客服入口,建議搭配：外盒標示實拍、藥證查詢截圖、產品質地短影片、客服回覆截圖（遮個資）。,衛福部中藥許可證：衛署成製015614；類別：乙類成藥；劑型：油膏劑。,退換貨、付款、客服、出貨、價格、通路與任何見證內容，發布前須由人工確認。
TikTok_LINE185_V2,LINE185,2026-09-04,12:00,TikTok,照顧爸媽時的外用提醒,D,中,pending_legal_pharmacist_review,false,照顧爸媽時的外用提醒,"0-3秒：買一條根，先別急著下單，先看這三個地方。
3-10秒：鏡頭拍外盒標示與衛署成製015614。
10-20秒：拍產品質地，旁白：這是外用油膏，依標示使用。
20-32秒：切入主題「照顧爸媽時的外用提醒」，說明適合日常局部按摩保養情境。
32-40秒：安全提醒：關節腫痛、紅熱、長期疼痛或行走困難，請就醫評估。
40-45秒：想看藥證查詢方式，請看置頂或私訊。",衛署成製015614，乙類成藥，資料可至衛福部中藥許可證系統查詢。外用產品請依標示使用；身體不適、症狀持續或惡化時，請諮詢醫師或藥師。想看藥證查詢與外盒標示，請看置頂或私訊索取。,9:16實拍短影音：外盒標示、藥證查詢、質地近拍、客服入口,建議搭配：外盒標示實拍、藥證查詢截圖、產品質地短影片、客服回覆截圖（遮個資）。,衛福部中藥許可證：衛署成製015614；類別：乙類成藥；劑型：油膏劑。,退換貨、付款、客服、出貨、價格、通路與任何見證內容，發布前須由人工確認。
TikTok_LINE186_V2,LINE186,2026-09-04,20:00,TikTok,孕婦與哺乳族群先詢問專業人員,E,高,pending_legal_pharmacist_review,false,孕婦與哺乳族群先詢問專業人員,"0-3秒：買一條根，先別急著下單，先看這三個地方。
3-10秒：鏡頭拍外盒標示與衛署成製015614。
10-20秒：拍產品質地，旁白：這是外用油膏，依標示使用。
20-32秒：切入主題「孕婦與哺乳族群先詢問專業人員」，說明適合日常局部按摩保養情境。
32-40秒：安全提醒：2 歲以下、孕哺、過敏體質、抗凝血藥使用者請先詢問專業人員。
40-45秒：想看藥證查詢方式，請看置頂或私訊。",衛署成製015614，乙類成藥，資料可至衛福部中藥許可證系統查詢。外用產品請依標示使用；身體不適、症狀持續或惡化時，請諮詢醫師或藥師。想看藥證查詢與外盒標示，請看置頂或私訊索取。,9:16實拍短影音：外盒標示、藥證查詢、質地近拍、客服入口,建議搭配：外盒標示實拍、藥證查詢截圖、產品質地短影片、客服回覆截圖（遮個資）。,衛福部中藥許可證：衛署成製015614；類別：乙類成藥；劑型：油膏劑。,退換貨、付款、客服、出貨、價格、通路與任何見證內容，發布前須由人工確認。
TikTok_LINE187_V2,LINE187,2026-09-05,12:00,TikTok,白露時節關心長輩活動,F,低,pending_legal_pharmacist_review,false,白露時節關心長輩活動,"0-3秒：買一條根，先別急著下單，先看這三個地方。
3-10秒：鏡頭拍外盒標示與衛署成製015614。
10-20秒：拍產品質地，旁白：這是外用油膏，依標示使用。
20-32秒：切入主題「白露時節關心長輩活動」，說明適合日常局部按摩保養情境。
32-40秒：安全提醒：節氣養生屬一般生活資訊，身體不適仍應諮詢專業人員。
40-45秒：想看藥證查詢方式，請看置頂或私訊。",衛署成製015614，乙類成藥，資料可至衛福部中藥許可證系統查詢。外用產品請依標示使用；身體不適、症狀持續或惡化時，請諮詢醫師或藥師。想看藥證查詢與外盒標示，請看置頂或私訊索取。,9:16實拍短影音：外盒標示、藥證查詢、質地近拍、客服入口,建議搭配：外盒標示實拍、藥證查詢截圖、產品質地短影片、客服回覆截圖（遮個資）。,衛福部中藥許可證：衛署成製015614；類別：乙類成藥；劑型：油膏劑。,退換貨、付款、客服、出貨、價格、通路與任何見證內容，發布前須由人工確認。
TikTok_LINE188_V2,LINE188,2026-09-05,20:00,TikTok,勞動後先休息再按摩,C,中,pending_legal_pharmacist_review,false,勞動後先休息再按摩,"0-3秒：買一條根，先別急著下單，先看這三個地方。
3-10秒：鏡頭拍外盒標示與衛署成製015614。
10-20秒：拍產品質地，旁白：這是外用油膏，依標示使用。
20-32秒：切入主題「勞動後先休息再按摩」，說明適合日常局部按摩保養情境。
32-40秒：安全提醒：明顯腫脹、劇痛、活動受限或疑似受傷時，請先就醫。
40-45秒：想看藥證查詢方式，請看置頂或私訊。",衛署成製015614，乙類成藥，資料可至衛福部中藥許可證系統查詢。外用產品請依標示使用；身體不適、症狀持續或惡化時，請諮詢醫師或藥師。想看藥證查詢與外盒標示，請看置頂或私訊索取。,9:16實拍短影音：外盒標示、藥證查詢、質地近拍、客服入口,建議搭配：外盒標示實拍、藥證查詢截圖、產品質地短影片、客服回覆截圖（遮個資）。,衛福部中藥許可證：衛署成製015614；類別：乙類成藥；劑型：油膏劑。,退換貨、付款、客服、出貨、價格、通路與任何見證內容，發布前須由人工確認。
TikTok_LINE189_V2,LINE189,2026-09-06,12:00,TikTok,長輩使用外用膏你會提醒什麼,G,低,pending_legal_pharmacist_review,false,長輩使用外用膏你會提醒什麼,"0-3秒：買一條根，先別急著下單，先看這三個地方。
3-10秒：鏡頭拍外盒標示與衛署成製015614。
10-20秒：拍產品質地，旁白：這是外用油膏，依標示使用。
20-32秒：切入主題「長輩使用外用膏你會提醒什麼」，說明適合日常局部按摩保養情境。
32-40秒：安全提醒：互動回答不取代醫師或藥師建議。
40-45秒：想看藥證查詢方式，請看置頂或私訊。",衛署成製015614，乙類成藥，資料可至衛福部中藥許可證系統查詢。外用產品請依標示使用；身體不適、症狀持續或惡化時，請諮詢醫師或藥師。想看藥證查詢與外盒標示，請看置頂或私訊索取。,9:16實拍短影音：外盒標示、藥證查詢、質地近拍、客服入口,建議搭配：外盒標示實拍、藥證查詢截圖、產品質地短影片、客服回覆截圖（遮個資）。,衛福部中藥許可證：衛署成製015614；類別：乙類成藥；劑型：油膏劑。,退換貨、付款、客服、出貨、價格、通路與任何見證內容，發布前須由人工確認。
TikTok_LINE190_V2,LINE190,2026-09-06,20:00,TikTok,日常活動舒適度的三個習慣,D,中,pending_legal_pharmacist_review,false,日常活動舒適度的三個習慣,"0-3秒：買一條根，先別急著下單，先看這三個地方。
3-10秒：鏡頭拍外盒標示與衛署成製015614。
10-20秒：拍產品質地，旁白：這是外用油膏，依標示使用。
20-32秒：切入主題「日常活動舒適度的三個習慣」，說明適合日常局部按摩保養情境。
32-40秒：安全提醒：關節腫痛、紅熱、長期疼痛或行走困難，請就醫評估。
40-45秒：想看藥證查詢方式，請看置頂或私訊。",衛署成製015614，乙類成藥，資料可至衛福部中藥許可證系統查詢。外用產品請依標示使用；身體不適、症狀持續或惡化時，請諮詢醫師或藥師。想看藥證查詢與外盒標示，請看置頂或私訊索取。,9:16實拍短影音：外盒標示、藥證查詢、質地近拍、客服入口,建議搭配：外盒標示實拍、藥證查詢截圖、產品質地短影片、客服回覆截圖（遮個資）。,衛福部中藥許可證：衛署成製015614；類別：乙類成藥；劑型：油膏劑。,退換貨、付款、客服、出貨、價格、通路與任何見證內容，發布前須由人工確認。
TikTok_LINE191_V2,LINE191,2026-09-07,12:00,TikTok,下班前五分鐘伸展,B,低,pending_legal_pharmacist_review,false,下班前五分鐘伸展,"0-3秒：買一條根，先別急著下單，先看這三個地方。
3-10秒：鏡頭拍外盒標示與衛署成製015614。
10-20秒：拍產品質地，旁白：這是外用油膏，依標示使用。
20-32秒：切入主題「下班前五分鐘伸展」，說明適合日常局部按摩保養情境。
32-40秒：安全提醒：若痠痛持續、麻木或影響活動，請諮詢醫師或藥師。
40-45秒：想看藥證查詢方式，請看置頂或私訊。",衛署成製015614，乙類成藥，資料可至衛福部中藥許可證系統查詢。外用產品請依標示使用；身體不適、症狀持續或惡化時，請諮詢醫師或藥師。想看藥證查詢與外盒標示，請看置頂或私訊索取。,9:16實拍短影音：外盒標示、藥證查詢、質地近拍、客服入口,建議搭配：外盒標示實拍、藥證查詢截圖、產品質地短影片、客服回覆截圖（遮個資）。,衛福部中藥許可證：衛署成製015614；類別：乙類成藥；劑型：油膏劑。,退換貨、付款、客服、出貨、價格、通路與任何見證內容，發布前須由人工確認。
TikTok_LINE192_V2,LINE192,2026-09-07,20:00,TikTok,局部按摩和大面積厚敷的差別,A,中,pending_legal_pharmacist_review,false,局部按摩和大面積厚敷的差別,"0-3秒：買一條根，先別急著下單，先看這三個地方。
3-10秒：鏡頭拍外盒標示與衛署成製015614。
10-20秒：拍產品質地，旁白：這是外用油膏，依標示使用。
20-32秒：切入主題「局部按摩和大面積厚敷的差別」，說明適合日常局部按摩保養情境。
32-40秒：安全提醒：僅供外用；避免眼周、黏膜、破皮或傷口。
40-45秒：想看藥證查詢方式，請看置頂或私訊。",衛署成製015614，乙類成藥，資料可至衛福部中藥許可證系統查詢。外用產品請依標示使用；身體不適、症狀持續或惡化時，請諮詢醫師或藥師。想看藥證查詢與外盒標示，請看置頂或私訊索取。,9:16實拍短影音：外盒標示、藥證查詢、質地近拍、客服入口,建議搭配：外盒標示實拍、藥證查詢截圖、產品質地短影片、客服回覆截圖（遮個資）。,衛福部中藥許可證：衛署成製015614；類別：乙類成藥；劑型：油膏劑。,退換貨、付款、客服、出貨、價格、通路與任何見證內容，發布前須由人工確認。
TikTok_LINE193_V2,LINE193,2026-09-08,12:00,TikTok,秋分後外出前暖身,F,低,pending_legal_pharmacist_review,false,秋分後外出前暖身,"0-3秒：買一條根，先別急著下單，先看這三個地方。
3-10秒：鏡頭拍外盒標示與衛署成製015614。
10-20秒：拍產品質地，旁白：這是外用油膏，依標示使用。
20-32秒：切入主題「秋分後外出前暖身」，說明適合日常局部按摩保養情境。
32-40秒：安全提醒：節氣養生屬一般生活資訊，身體不適仍應諮詢專業人員。
40-45秒：想看藥證查詢方式，請看置頂或私訊。",衛署成製015614，乙類成藥，資料可至衛福部中藥許可證系統查詢。外用產品請依標示使用；身體不適、症狀持續或惡化時，請諮詢醫師或藥師。想看藥證查詢與外盒標示，請看置頂或私訊索取。,9:16實拍短影音：外盒標示、藥證查詢、質地近拍、客服入口,建議搭配：外盒標示實拍、藥證查詢截圖、產品質地短影片、客服回覆截圖（遮個資）。,衛福部中藥許可證：衛署成製015614；類別：乙類成藥；劑型：油膏劑。,退換貨、付款、客服、出貨、價格、通路與任何見證內容，發布前須由人工確認。
TikTok_LINE194_V2,LINE194,2026-09-08,20:00,TikTok,症狀超過七天要停用並諮詢,E,高,pending_legal_pharmacist_review,false,症狀超過七天要停用並諮詢,"0-3秒：買一條根，先別急著下單，先看這三個地方。
3-10秒：鏡頭拍外盒標示與衛署成製015614。
10-20秒：拍產品質地，旁白：這是外用油膏，依標示使用。
20-32秒：切入主題「症狀超過七天要停用並諮詢」，說明適合日常局部按摩保養情境。
32-40秒：安全提醒：2 歲以下、孕哺、過敏體質、抗凝血藥使用者請先詢問專業人員。
40-45秒：想看藥證查詢方式，請看置頂或私訊。",衛署成製015614，乙類成藥，資料可至衛福部中藥許可證系統查詢。外用產品請依標示使用；身體不適、症狀持續或惡化時，請諮詢醫師或藥師。想看藥證查詢與外盒標示，請看置頂或私訊索取。,9:16實拍短影音：外盒標示、藥證查詢、質地近拍、客服入口,建議搭配：外盒標示實拍、藥證查詢截圖、產品質地短影片、客服回覆截圖（遮個資）。,衛福部中藥許可證：衛署成製015614；類別：乙類成藥；劑型：油膏劑。,退換貨、付款、客服、出貨、價格、通路與任何見證內容，發布前須由人工確認。
TikTok_LINE195_V2,LINE195,2026-09-09,12:00,TikTok,成分透明是基本功,H,中,pending_legal_pharmacist_review,false,成分透明是基本功,"0-3秒：買一條根，先別急著下單，先看這三個地方。
3-10秒：鏡頭拍外盒標示與衛署成製015614。
10-20秒：拍產品質地，旁白：這是外用油膏，依標示使用。
20-32秒：切入主題「成分透明是基本功」，說明適合日常局部按摩保養情境。
32-40秒：安全提醒：所有廣告文案仍須依主管機關與專業人員審核。
40-45秒：想看藥證查詢方式，請看置頂或私訊。",衛署成製015614，乙類成藥，資料可至衛福部中藥許可證系統查詢。外用產品請依標示使用；身體不適、症狀持續或惡化時，請諮詢醫師或藥師。想看藥證查詢與外盒標示，請看置頂或私訊索取。,9:16實拍短影音：外盒標示、藥證查詢、質地近拍、客服入口,建議搭配：外盒標示實拍、藥證查詢截圖、產品質地短影片、客服回覆截圖（遮個資）。,衛福部中藥許可證：衛署成製015614；類別：乙類成藥；劑型：油膏劑。,退換貨、付款、客服、出貨、價格、通路與任何見證內容，發布前須由人工確認。
TikTok_LINE196_V2,LINE196,2026-09-09,20:00,TikTok,一條根可以天天厚敷嗎,G,低,pending_legal_pharmacist_review,false,一條根可以天天厚敷嗎,"0-3秒：買一條根，先別急著下單，先看這三個地方。
3-10秒：鏡頭拍外盒標示與衛署成製015614。
10-20秒：拍產品質地，旁白：這是外用油膏，依標示使用。
20-32秒：切入主題「一條根可以天天厚敷嗎」，說明適合日常局部按摩保養情境。
32-40秒：安全提醒：互動回答不取代醫師或藥師建議。
40-45秒：想看藥證查詢方式，請看置頂或私訊。",衛署成製015614，乙類成藥，資料可至衛福部中藥許可證系統查詢。外用產品請依標示使用；身體不適、症狀持續或惡化時，請諮詢醫師或藥師。想看藥證查詢與外盒標示，請看置頂或私訊索取。,9:16實拍短影音：外盒標示、藥證查詢、質地近拍、客服入口,建議搭配：外盒標示實拍、藥證查詢截圖、產品質地短影片、客服回覆截圖（遮個資）。,衛福部中藥許可證：衛署成製015614；類別：乙類成藥；劑型：油膏劑。,退換貨、付款、客服、出貨、價格、通路與任何見證內容，發布前須由人工確認。
TikTok_LINE197_V2,LINE197,2026-09-10,12:00,TikTok,運動後不要立刻熱敷加藥膏,C,中,pending_legal_pharmacist_review,false,運動後不要立刻熱敷加藥膏,"0-3秒：買一條根，先別急著下單，先看這三個地方。
3-10秒：鏡頭拍外盒標示與衛署成製015614。
10-20秒：拍產品質地，旁白：這是外用油膏，依標示使用。
20-32秒：切入主題「運動後不要立刻熱敷加藥膏」，說明適合日常局部按摩保養情境。
32-40秒：安全提醒：明顯腫脹、劇痛、活動受限或疑似受傷時，請先就醫。
40-45秒：想看藥證查詢方式，請看置頂或私訊。",衛署成製015614，乙類成藥，資料可至衛福部中藥許可證系統查詢。外用產品請依標示使用；身體不適、症狀持續或惡化時，請諮詢醫師或藥師。想看藥證查詢與外盒標示，請看置頂或私訊索取。,9:16實拍短影音：外盒標示、藥證查詢、質地近拍、客服入口,建議搭配：外盒標示實拍、藥證查詢截圖、產品質地短影片、客服回覆截圖（遮個資）。,衛福部中藥許可證：衛署成製015614；類別：乙類成藥；劑型：油膏劑。,退換貨、付款、客服、出貨、價格、通路與任何見證內容，發布前須由人工確認。
TikTok_LINE198_V2,LINE198,2026-09-10,20:00,TikTok,使用前先小範圍測試,A,中,pending_legal_pharmacist_review,false,使用前先小範圍測試,"0-3秒：買一條根，先別急著下單，先看這三個地方。
3-10秒：鏡頭拍外盒標示與衛署成製015614。
10-20秒：拍產品質地，旁白：這是外用油膏，依標示使用。
20-32秒：切入主題「使用前先小範圍測試」，說明適合日常局部按摩保養情境。
32-40秒：安全提醒：僅供外用；避免眼周、黏膜、破皮或傷口。
40-45秒：想看藥證查詢方式，請看置頂或私訊。",衛署成製015614，乙類成藥，資料可至衛福部中藥許可證系統查詢。外用產品請依標示使用；身體不適、症狀持續或惡化時，請諮詢醫師或藥師。想看藥證查詢與外盒標示，請看置頂或私訊索取。,9:16實拍短影音：外盒標示、藥證查詢、質地近拍、客服入口,建議搭配：外盒標示實拍、藥證查詢截圖、產品質地短影片、客服回覆截圖（遮個資）。,衛福部中藥許可證：衛署成製015614；類別：乙類成藥；劑型：油膏劑。,退換貨、付款、客服、出貨、價格、通路與任何見證內容，發布前須由人工確認。
TikTok_LINE199_V2,LINE199,2026-09-11,12:00,TikTok,長輩使用前先看標示,D,中,pending_legal_pharmacist_review,false,長輩使用前先看標示,"0-3秒：買一條根，先別急著下單，先看這三個地方。
3-10秒：鏡頭拍外盒標示與衛署成製015614。
10-20秒：拍產品質地，旁白：這是外用油膏，依標示使用。
20-32秒：切入主題「長輩使用前先看標示」，說明適合日常局部按摩保養情境。
32-40秒：安全提醒：關節腫痛、紅熱、長期疼痛或行走困難，請就醫評估。
40-45秒：想看藥證查詢方式，請看置頂或私訊。",衛署成製015614，乙類成藥，資料可至衛福部中藥許可證系統查詢。外用產品請依標示使用；身體不適、症狀持續或惡化時，請諮詢醫師或藥師。想看藥證查詢與外盒標示，請看置頂或私訊索取。,9:16實拍短影音：外盒標示、藥證查詢、質地近拍、客服入口,建議搭配：外盒標示實拍、藥證查詢截圖、產品質地短影片、客服回覆截圖（遮個資）。,衛福部中藥許可證：衛署成製015614；類別：乙類成藥；劑型：油膏劑。,退換貨、付款、客服、出貨、價格、通路與任何見證內容，發布前須由人工確認。
TikTok_LINE200_V2,LINE200,2026-09-11,20:00,TikTok,皮膚刺激時要停止使用,E,高,pending_legal_pharmacist_review,false,皮膚刺激時要停止使用,"0-3秒：買一條根，先別急著下單，先看這三個地方。
3-10秒：鏡頭拍外盒標示與衛署成製015614。
10-20秒：拍產品質地，旁白：這是外用油膏，依標示使用。
20-32秒：切入主題「皮膚刺激時要停止使用」，說明適合日常局部按摩保養情境。
32-40秒：安全提醒：2 歲以下、孕哺、過敏體質、抗凝血藥使用者請先詢問專業人員。
40-45秒：想看藥證查詢方式，請看置頂或私訊。",衛署成製015614，乙類成藥，資料可至衛福部中藥許可證系統查詢。外用產品請依標示使用；身體不適、症狀持續或惡化時，請諮詢醫師或藥師。想看藥證查詢與外盒標示，請看置頂或私訊索取。,9:16實拍短影音：外盒標示、藥證查詢、質地近拍、客服入口,建議搭配：外盒標示實拍、藥證查詢截圖、產品質地短影片、客服回覆截圖（遮個資）。,衛福部中藥許可證：衛署成製015614；類別：乙類成藥；劑型：油膏劑。,退換貨、付款、客服、出貨、價格、通路與任何見證內容，發布前須由人工確認。
TikTok_LINE201_V2,LINE201,2026-09-12,12:00,TikTok,寒露後肩背保養,F,低,pending_legal_pharmacist_review,false,寒露後肩背保養,"0-3秒：買一條根，先別急著下單，先看這三個地方。
3-10秒：鏡頭拍外盒標示與衛署成製015614。
10-20秒：拍產品質地，旁白：這是外用油膏，依標示使用。
20-32秒：切入主題「寒露後肩背保養」，說明適合日常局部按摩保養情境。
32-40秒：安全提醒：節氣養生屬一般生活資訊，身體不適仍應諮詢專業人員。
40-45秒：想看藥證查詢方式，請看置頂或私訊。",衛署成製015614，乙類成藥，資料可至衛福部中藥許可證系統查詢。外用產品請依標示使用；身體不適、症狀持續或惡化時，請諮詢醫師或藥師。想看藥證查詢與外盒標示，請看置頂或私訊索取。,9:16實拍短影音：外盒標示、藥證查詢、質地近拍、客服入口,建議搭配：外盒標示實拍、藥證查詢截圖、產品質地短影片、客服回覆截圖（遮個資）。,衛福部中藥許可證：衛署成製015614；類別：乙類成藥；劑型：油膏劑。,退換貨、付款、客服、出貨、價格、通路與任何見證內容，發布前須由人工確認。
TikTok_LINE202_V2,LINE202,2026-09-12,20:00,TikTok,輕微拉扯後的觀察重點,C,中,pending_legal_pharmacist_review,false,輕微拉扯後的觀察重點,"0-3秒：買一條根，先別急著下單，先看這三個地方。
3-10秒：鏡頭拍外盒標示與衛署成製015614。
10-20秒：拍產品質地，旁白：這是外用油膏，依標示使用。
20-32秒：切入主題「輕微拉扯後的觀察重點」，說明適合日常局部按摩保養情境。
32-40秒：安全提醒：明顯腫脹、劇痛、活動受限或疑似受傷時，請先就醫。
40-45秒：想看藥證查詢方式，請看置頂或私訊。",衛署成製015614，乙類成藥，資料可至衛福部中藥許可證系統查詢。外用產品請依標示使用；身體不適、症狀持續或惡化時，請諮詢醫師或藥師。想看藥證查詢與外盒標示，請看置頂或私訊索取。,9:16實拍短影音：外盒標示、藥證查詢、質地近拍、客服入口,建議搭配：外盒標示實拍、藥證查詢截圖、產品質地短影片、客服回覆截圖（遮個資）。,衛福部中藥許可證：衛署成製015614；類別：乙類成藥；劑型：油膏劑。,退換貨、付款、客服、出貨、價格、通路與任何見證內容，發布前須由人工確認。
TikTok_LINE203_V2,LINE203,2026-09-13,12:00,TikTok,擦完可以馬上熱敷嗎,G,低,pending_legal_pharmacist_review,false,擦完可以馬上熱敷嗎,"0-3秒：買一條根，先別急著下單，先看這三個地方。
3-10秒：鏡頭拍外盒標示與衛署成製015614。
10-20秒：拍產品質地，旁白：這是外用油膏，依標示使用。
20-32秒：切入主題「擦完可以馬上熱敷嗎」，說明適合日常局部按摩保養情境。
32-40秒：安全提醒：互動回答不取代醫師或藥師建議。
40-45秒：想看藥證查詢方式，請看置頂或私訊。",衛署成製015614，乙類成藥，資料可至衛福部中藥許可證系統查詢。外用產品請依標示使用；身體不適、症狀持續或惡化時，請諮詢醫師或藥師。想看藥證查詢與外盒標示，請看置頂或私訊索取。,9:16實拍短影音：外盒標示、藥證查詢、質地近拍、客服入口,建議搭配：外盒標示實拍、藥證查詢截圖、產品質地短影片、客服回覆截圖（遮個資）。,衛福部中藥許可證：衛署成製015614；類別：乙類成藥；劑型：油膏劑。,退換貨、付款、客服、出貨、價格、通路與任何見證內容，發布前須由人工確認。
TikTok_LINE204_V2,LINE204,2026-09-13,20:00,TikTok,別把長期疼痛只當小問題,D,中,pending_legal_pharmacist_review,false,別把長期疼痛只當小問題,"0-3秒：買一條根，先別急著下單，先看這三個地方。
3-10秒：鏡頭拍外盒標示與衛署成製015614。
10-20秒：拍產品質地，旁白：這是外用油膏，依標示使用。
20-32秒：切入主題「別把長期疼痛只當小問題」，說明適合日常局部按摩保養情境。
32-40秒：安全提醒：關節腫痛、紅熱、長期疼痛或行走困難，請就醫評估。
40-45秒：想看藥證查詢方式，請看置頂或私訊。",衛署成製015614，乙類成藥，資料可至衛福部中藥許可證系統查詢。外用產品請依標示使用；身體不適、症狀持續或惡化時，請諮詢醫師或藥師。想看藥證查詢與外盒標示，請看置頂或私訊索取。,9:16實拍短影音：外盒標示、藥證查詢、質地近拍、客服入口,建議搭配：外盒標示實拍、藥證查詢截圖、產品質地短影片、客服回覆截圖（遮個資）。,衛福部中藥許可證：衛署成製015614；類別：乙類成藥；劑型：油膏劑。,退換貨、付款、客服、出貨、價格、通路與任何見證內容，發布前須由人工確認。
TikTok_LINE205_V2,LINE205,2026-09-14,12:00,TikTok,滑手機後頸部保養,B,低,pending_legal_pharmacist_review,false,滑手機後頸部保養,"0-3秒：買一條根，先別急著下單，先看這三個地方。
3-10秒：鏡頭拍外盒標示與衛署成製015614。
10-20秒：拍產品質地，旁白：這是外用油膏，依標示使用。
20-32秒：切入主題「滑手機後頸部保養」，說明適合日常局部按摩保養情境。
32-40秒：安全提醒：若痠痛持續、麻木或影響活動，請諮詢醫師或藥師。
40-45秒：想看藥證查詢方式，請看置頂或私訊。",衛署成製015614，乙類成藥，資料可至衛福部中藥許可證系統查詢。外用產品請依標示使用；身體不適、症狀持續或惡化時，請諮詢醫師或藥師。想看藥證查詢與外盒標示，請看置頂或私訊索取。,9:16實拍短影音：外盒標示、藥證查詢、質地近拍、客服入口,建議搭配：外盒標示實拍、藥證查詢截圖、產品質地短影片、客服回覆截圖（遮個資）。,衛福部中藥許可證：衛署成製015614；類別：乙類成藥；劑型：油膏劑。,退換貨、付款、客服、出貨、價格、通路與任何見證內容，發布前須由人工確認。
TikTok_LINE206_V2,LINE206,2026-09-14,20:00,TikTok,產品不是神藥，定位要講清楚,A,中,pending_legal_pharmacist_review,false,產品不是神藥，定位要講清楚,"0-3秒：買一條根，先別急著下單，先看這三個地方。
3-10秒：鏡頭拍外盒標示與衛署成製015614。
10-20秒：拍產品質地，旁白：這是外用油膏，依標示使用。
20-32秒：切入主題「產品不是神藥，定位要講清楚」，說明適合日常局部按摩保養情境。
32-40秒：安全提醒：僅供外用；避免眼周、黏膜、破皮或傷口。
40-45秒：想看藥證查詢方式，請看置頂或私訊。",衛署成製015614，乙類成藥，資料可至衛福部中藥許可證系統查詢。外用產品請依標示使用；身體不適、症狀持續或惡化時，請諮詢醫師或藥師。想看藥證查詢與外盒標示，請看置頂或私訊索取。,9:16實拍短影音：外盒標示、藥證查詢、質地近拍、客服入口,建議搭配：外盒標示實拍、藥證查詢截圖、產品質地短影片、客服回覆截圖（遮個資）。,衛福部中藥許可證：衛署成製015614；類別：乙類成藥；劑型：油膏劑。,退換貨、付款、客服、出貨、價格、通路與任何見證內容，發布前須由人工確認。
TikTok_LINE207_V2,LINE207,2026-09-15,12:00,TikTok,立冬前後的日常舒緩儀式,F,低,pending_legal_pharmacist_review,false,立冬前後的日常舒緩儀式,"0-3秒：買一條根，先別急著下單，先看這三個地方。
3-10秒：鏡頭拍外盒標示與衛署成製015614。
10-20秒：拍產品質地，旁白：這是外用油膏，依標示使用。
20-32秒：切入主題「立冬前後的日常舒緩儀式」，說明適合日常局部按摩保養情境。
32-40秒：安全提醒：節氣養生屬一般生活資訊，身體不適仍應諮詢專業人員。
40-45秒：想看藥證查詢方式，請看置頂或私訊。",衛署成製015614，乙類成藥，資料可至衛福部中藥許可證系統查詢。外用產品請依標示使用；身體不適、症狀持續或惡化時，請諮詢醫師或藥師。想看藥證查詢與外盒標示，請看置頂或私訊索取。,9:16實拍短影音：外盒標示、藥證查詢、質地近拍、客服入口,建議搭配：外盒標示實拍、藥證查詢截圖、產品質地短影片、客服回覆截圖（遮個資）。,衛福部中藥許可證：衛署成製015614；類別：乙類成藥；劑型：油膏劑。,退換貨、付款、客服、出貨、價格、通路與任何見證內容，發布前須由人工確認。
TikTok_LINE208_V2,LINE208,2026-09-15,20:00,TikTok,深層症狀不適合自行處理,E,高,pending_legal_pharmacist_review,false,深層症狀不適合自行處理,"0-3秒：買一條根，先別急著下單，先看這三個地方。
3-10秒：鏡頭拍外盒標示與衛署成製015614。
10-20秒：拍產品質地，旁白：這是外用油膏，依標示使用。
20-32秒：切入主題「深層症狀不適合自行處理」，說明適合日常局部按摩保養情境。
32-40秒：安全提醒：2 歲以下、孕哺、過敏體質、抗凝血藥使用者請先詢問專業人員。
40-45秒：想看藥證查詢方式，請看置頂或私訊。",衛署成製015614，乙類成藥，資料可至衛福部中藥許可證系統查詢。外用產品請依標示使用；身體不適、症狀持續或惡化時，請諮詢醫師或藥師。想看藥證查詢與外盒標示，請看置頂或私訊索取。,9:16實拍短影音：外盒標示、藥證查詢、質地近拍、客服入口,建議搭配：外盒標示實拍、藥證查詢截圖、產品質地短影片、客服回覆截圖（遮個資）。,衛福部中藥許可證：衛署成製015614；類別：乙類成藥；劑型：油膏劑。,退換貨、付款、客服、出貨、價格、通路與任何見證內容，發布前須由人工確認。
TikTok_LINE209_V2,LINE209,2026-09-16,12:00,TikTok,每篇貼文都要人工審核,H,中,pending_legal_pharmacist_review,false,每篇貼文都要人工審核,"0-3秒：買一條根，先別急著下單，先看這三個地方。
3-10秒：鏡頭拍外盒標示與衛署成製015614。
10-20秒：拍產品質地，旁白：這是外用油膏，依標示使用。
20-32秒：切入主題「每篇貼文都要人工審核」，說明適合日常局部按摩保養情境。
32-40秒：安全提醒：所有廣告文案仍須依主管機關與專業人員審核。
40-45秒：想看藥證查詢方式，請看置頂或私訊。",衛署成製015614，乙類成藥，資料可至衛福部中藥許可證系統查詢。外用產品請依標示使用；身體不適、症狀持續或惡化時，請諮詢醫師或藥師。想看藥證查詢與外盒標示，請看置頂或私訊索取。,9:16實拍短影音：外盒標示、藥證查詢、質地近拍、客服入口,建議搭配：外盒標示實拍、藥證查詢截圖、產品質地短影片、客服回覆截圖（遮個資）。,衛福部中藥許可證：衛署成製015614；類別：乙類成藥；劑型：油膏劑。,退換貨、付款、客服、出貨、價格、通路與任何見證內容，發布前須由人工確認。
TikTok_LINE210_V2,LINE210,2026-09-16,20:00,TikTok,哪些情況應該先就醫,G,低,pending_legal_pharmacist_review,false,哪些情況應該先就醫,"0-3秒：買一條根，先別急著下單，先看這三個地方。
3-10秒：鏡頭拍外盒標示與衛署成製015614。
10-20秒：拍產品質地，旁白：這是外用油膏，依標示使用。
20-32秒：切入主題「哪些情況應該先就醫」，說明適合日常局部按摩保養情境。
32-40秒：安全提醒：互動回答不取代醫師或藥師建議。
40-45秒：想看藥證查詢方式，請看置頂或私訊。",衛署成製015614，乙類成藥，資料可至衛福部中藥許可證系統查詢。外用產品請依標示使用；身體不適、症狀持續或惡化時，請諮詢醫師或藥師。想看藥證查詢與外盒標示，請看置頂或私訊索取。,9:16實拍短影音：外盒標示、藥證查詢、質地近拍、客服入口,建議搭配：外盒標示實拍、藥證查詢截圖、產品質地短影片、客服回覆截圖（遮個資）。,衛福部中藥許可證：衛署成製015614；類別：乙類成藥；劑型：油膏劑。,退換貨、付款、客服、出貨、價格、通路與任何見證內容，發布前須由人工確認。
TikTok_LINE211_V2,LINE211,2026-09-17,12:00,TikTok,運動後局部痠痛的保守處理,C,中,pending_legal_pharmacist_review,false,運動後局部痠痛的保守處理,"0-3秒：買一條根，先別急著下單，先看這三個地方。
3-10秒：鏡頭拍外盒標示與衛署成製015614。
10-20秒：拍產品質地，旁白：這是外用油膏，依標示使用。
20-32秒：切入主題「運動後局部痠痛的保守處理」，說明適合日常局部按摩保養情境。
32-40秒：安全提醒：明顯腫脹、劇痛、活動受限或疑似受傷時，請先就醫。
40-45秒：想看藥證查詢方式，請看置頂或私訊。",衛署成製015614，乙類成藥，資料可至衛福部中藥許可證系統查詢。外用產品請依標示使用；身體不適、症狀持續或惡化時，請諮詢醫師或藥師。想看藥證查詢與外盒標示，請看置頂或私訊索取。,9:16實拍短影音：外盒標示、藥證查詢、質地近拍、客服入口,建議搭配：外盒標示實拍、藥證查詢截圖、產品質地短影片、客服回覆截圖（遮個資）。,衛福部中藥許可證：衛署成製015614；類別：乙類成藥；劑型：油膏劑。,退換貨、付款、客服、出貨、價格、通路與任何見證內容，發布前須由人工確認。
TikTok_LINE212_V2,LINE212,2026-09-17,20:00,TikTok,冬青油與清涼舒緩體感,A,中,pending_legal_pharmacist_review,false,冬青油與清涼舒緩體感,"0-3秒：買一條根，先別急著下單，先看這三個地方。
3-10秒：鏡頭拍外盒標示與衛署成製015614。
10-20秒：拍產品質地，旁白：這是外用油膏，依標示使用。
20-32秒：切入主題「冬青油與清涼舒緩體感」，說明適合日常局部按摩保養情境。
32-40秒：安全提醒：僅供外用；避免眼周、黏膜、破皮或傷口。
40-45秒：想看藥證查詢方式，請看置頂或私訊。",衛署成製015614，乙類成藥，資料可至衛福部中藥許可證系統查詢。外用產品請依標示使用；身體不適、症狀持續或惡化時，請諮詢醫師或藥師。想看藥證查詢與外盒標示，請看置頂或私訊索取。,9:16實拍短影音：外盒標示、藥證查詢、質地近拍、客服入口,建議搭配：外盒標示實拍、藥證查詢截圖、產品質地短影片、客服回覆截圖（遮個資）。,衛福部中藥許可證：衛署成製015614；類別：乙類成藥；劑型：油膏劑。,退換貨、付款、客服、出貨、價格、通路與任何見證內容，發布前須由人工確認。
TikTok_LINE213_V2,LINE213,2026-09-18,12:00,TikTok,早晨活動前的關節暖身,D,中,pending_legal_pharmacist_review,false,早晨活動前的關節暖身,"0-3秒：買一條根，先別急著下單，先看這三個地方。
3-10秒：鏡頭拍外盒標示與衛署成製015614。
10-20秒：拍產品質地，旁白：這是外用油膏，依標示使用。
20-32秒：切入主題「早晨活動前的關節暖身」，說明適合日常局部按摩保養情境。
32-40秒：安全提醒：關節腫痛、紅熱、長期疼痛或行走困難，請就醫評估。
40-45秒：想看藥證查詢方式，請看置頂或私訊。",衛署成製015614，乙類成藥，資料可至衛福部中藥許可證系統查詢。外用產品請依標示使用；身體不適、症狀持續或惡化時，請諮詢醫師或藥師。想看藥證查詢與外盒標示，請看置頂或私訊索取。,9:16實拍短影音：外盒標示、藥證查詢、質地近拍、客服入口,建議搭配：外盒標示實拍、藥證查詢截圖、產品質地短影片、客服回覆截圖（遮個資）。,衛福部中藥許可證：衛署成製015614；類別：乙類成藥；劑型：油膏劑。,退換貨、付款、客服、出貨、價格、通路與任何見證內容，發布前須由人工確認。
TikTok_LINE214_V2,LINE214,2026-09-18,20:00,TikTok,不能擦在破皮或傷口,E,高,pending_legal_pharmacist_review,false,不能擦在破皮或傷口,"0-3秒：買一條根，先別急著下單，先看這三個地方。
3-10秒：鏡頭拍外盒標示與衛署成製015614。
10-20秒：拍產品質地，旁白：這是外用油膏，依標示使用。
20-32秒：切入主題「不能擦在破皮或傷口」，說明適合日常局部按摩保養情境。
32-40秒：安全提醒：2 歲以下、孕哺、過敏體質、抗凝血藥使用者請先詢問專業人員。
40-45秒：想看藥證查詢方式，請看置頂或私訊。",衛署成製015614，乙類成藥，資料可至衛福部中藥許可證系統查詢。外用產品請依標示使用；身體不適、症狀持續或惡化時，請諮詢醫師或藥師。想看藥證查詢與外盒標示，請看置頂或私訊索取。,9:16實拍短影音：外盒標示、藥證查詢、質地近拍、客服入口,建議搭配：外盒標示實拍、藥證查詢截圖、產品質地短影片、客服回覆截圖（遮個資）。,衛福部中藥許可證：衛署成製015614；類別：乙類成藥；劑型：油膏劑。,退換貨、付款、客服、出貨、價格、通路與任何見證內容，發布前須由人工確認。
TikTok_LINE215_V2,LINE215,2026-09-19,12:00,TikTok,芒種後濕熱生活保養,F,低,pending_legal_pharmacist_review,false,芒種後濕熱生活保養,"0-3秒：買一條根，先別急著下單，先看這三個地方。
3-10秒：鏡頭拍外盒標示與衛署成製015614。
10-20秒：拍產品質地，旁白：這是外用油膏，依標示使用。
20-32秒：切入主題「芒種後濕熱生活保養」，說明適合日常局部按摩保養情境。
32-40秒：安全提醒：節氣養生屬一般生活資訊，身體不適仍應諮詢專業人員。
40-45秒：想看藥證查詢方式，請看置頂或私訊。",衛署成製015614，乙類成藥，資料可至衛福部中藥許可證系統查詢。外用產品請依標示使用；身體不適、症狀持續或惡化時，請諮詢醫師或藥師。想看藥證查詢與外盒標示，請看置頂或私訊索取。,9:16實拍短影音：外盒標示、藥證查詢、質地近拍、客服入口,建議搭配：外盒標示實拍、藥證查詢截圖、產品質地短影片、客服回覆截圖（遮個資）。,衛福部中藥許可證：衛署成製015614；類別：乙類成藥；劑型：油膏劑。,退換貨、付款、客服、出貨、價格、通路與任何見證內容，發布前須由人工確認。
TikTok_LINE216_V2,LINE216,2026-09-19,20:00,TikTok,久站後小腿不適舒緩,C,中,pending_legal_pharmacist_review,false,久站後小腿不適舒緩,"0-3秒：買一條根，先別急著下單，先看這三個地方。
3-10秒：鏡頭拍外盒標示與衛署成製015614。
10-20秒：拍產品質地，旁白：這是外用油膏，依標示使用。
20-32秒：切入主題「久站後小腿不適舒緩」，說明適合日常局部按摩保養情境。
32-40秒：安全提醒：明顯腫脹、劇痛、活動受限或疑似受傷時，請先就醫。
40-45秒：想看藥證查詢方式，請看置頂或私訊。",衛署成製015614，乙類成藥，資料可至衛福部中藥許可證系統查詢。外用產品請依標示使用；身體不適、症狀持續或惡化時，請諮詢醫師或藥師。想看藥證查詢與外盒標示，請看置頂或私訊索取。,9:16實拍短影音：外盒標示、藥證查詢、質地近拍、客服入口,建議搭配：外盒標示實拍、藥證查詢截圖、產品質地短影片、客服回覆截圖（遮個資）。,衛福部中藥許可證：衛署成製015614；類別：乙類成藥；劑型：油膏劑。,退換貨、付款、客服、出貨、價格、通路與任何見證內容，發布前須由人工確認。
TikTok_LINE217_V2,LINE217,2026-09-20,12:00,TikTok,你最常哪個部位緊繃,G,低,pending_legal_pharmacist_review,false,你最常哪個部位緊繃,"0-3秒：買一條根，先別急著下單，先看這三個地方。
3-10秒：鏡頭拍外盒標示與衛署成製015614。
10-20秒：拍產品質地，旁白：這是外用油膏，依標示使用。
20-32秒：切入主題「你最常哪個部位緊繃」，說明適合日常局部按摩保養情境。
32-40秒：安全提醒：互動回答不取代醫師或藥師建議。
40-45秒：想看藥證查詢方式，請看置頂或私訊。",衛署成製015614，乙類成藥，資料可至衛福部中藥許可證系統查詢。外用產品請依標示使用；身體不適、症狀持續或惡化時，請諮詢醫師或藥師。想看藥證查詢與外盒標示，請看置頂或私訊索取。,9:16實拍短影音：外盒標示、藥證查詢、質地近拍、客服入口,建議搭配：外盒標示實拍、藥證查詢截圖、產品質地短影片、客服回覆截圖（遮個資）。,衛福部中藥許可證：衛署成製015614；類別：乙類成藥；劑型：油膏劑。,退換貨、付款、客服、出貨、價格、通路與任何見證內容，發布前須由人工確認。
TikTok_LINE218_V2,LINE218,2026-09-20,20:00,TikTok,長輩外用膏使用安全,D,中,pending_legal_pharmacist_review,false,長輩外用膏使用安全,"0-3秒：買一條根，先別急著下單，先看這三個地方。
3-10秒：鏡頭拍外盒標示與衛署成製015614。
10-20秒：拍產品質地，旁白：這是外用油膏，依標示使用。
20-32秒：切入主題「長輩外用膏使用安全」，說明適合日常局部按摩保養情境。
32-40秒：安全提醒：關節腫痛、紅熱、長期疼痛或行走困難，請就醫評估。
40-45秒：想看藥證查詢方式，請看置頂或私訊。",衛署成製015614，乙類成藥，資料可至衛福部中藥許可證系統查詢。外用產品請依標示使用；身體不適、症狀持續或惡化時，請諮詢醫師或藥師。想看藥證查詢與外盒標示，請看置頂或私訊索取。,9:16實拍短影音：外盒標示、藥證查詢、質地近拍、客服入口,建議搭配：外盒標示實拍、藥證查詢截圖、產品質地短影片、客服回覆截圖（遮個資）。,衛福部中藥許可證：衛署成製015614；類別：乙類成藥；劑型：油膏劑。,退換貨、付款、客服、出貨、價格、通路與任何見證內容，發布前須由人工確認。
TikTok_LINE219_V2,LINE219,2026-09-21,12:00,TikTok,辦公桌前的姿勢檢查,B,低,pending_legal_pharmacist_review,false,辦公桌前的姿勢檢查,"0-3秒：買一條根，先別急著下單，先看這三個地方。
3-10秒：鏡頭拍外盒標示與衛署成製015614。
10-20秒：拍產品質地，旁白：這是外用油膏，依標示使用。
20-32秒：切入主題「辦公桌前的姿勢檢查」，說明適合日常局部按摩保養情境。
32-40秒：安全提醒：若痠痛持續、麻木或影響活動，請諮詢醫師或藥師。
40-45秒：想看藥證查詢方式，請看置頂或私訊。",衛署成製015614，乙類成藥，資料可至衛福部中藥許可證系統查詢。外用產品請依標示使用；身體不適、症狀持續或惡化時，請諮詢醫師或藥師。想看藥證查詢與外盒標示，請看置頂或私訊索取。,9:16實拍短影音：外盒標示、藥證查詢、質地近拍、客服入口,建議搭配：外盒標示實拍、藥證查詢截圖、產品質地短影片、客服回覆截圖（遮個資）。,衛福部中藥許可證：衛署成製015614；類別：乙類成藥；劑型：油膏劑。,退換貨、付款、客服、出貨、價格、通路與任何見證內容，發布前須由人工確認。
TikTok_LINE220_V2,LINE220,2026-09-21,20:00,TikTok,薄荷腦帶來的涼感來源,A,中,pending_legal_pharmacist_review,false,薄荷腦帶來的涼感來源,"0-3秒：買一條根，先別急著下單，先看這三個地方。
3-10秒：鏡頭拍外盒標示與衛署成製015614。
10-20秒：拍產品質地，旁白：這是外用油膏，依標示使用。
20-32秒：切入主題「薄荷腦帶來的涼感來源」，說明適合日常局部按摩保養情境。
32-40秒：安全提醒：僅供外用；避免眼周、黏膜、破皮或傷口。
40-45秒：想看藥證查詢方式，請看置頂或私訊。",衛署成製015614，乙類成藥，資料可至衛福部中藥許可證系統查詢。外用產品請依標示使用；身體不適、症狀持續或惡化時，請諮詢醫師或藥師。想看藥證查詢與外盒標示，請看置頂或私訊索取。,9:16實拍短影音：外盒標示、藥證查詢、質地近拍、客服入口,建議搭配：外盒標示實拍、藥證查詢截圖、產品質地短影片、客服回覆截圖（遮個資）。,衛福部中藥許可證：衛署成製015614；類別：乙類成藥；劑型：油膏劑。,退換貨、付款、客服、出貨、價格、通路與任何見證內容，發布前須由人工確認。
TikTok_LINE221_V2,LINE221,2026-09-22,12:00,TikTok,夏季冷氣房的肩頸保養,F,低,pending_legal_pharmacist_review,false,夏季冷氣房的肩頸保養,"0-3秒：買一條根，先別急著下單，先看這三個地方。
3-10秒：鏡頭拍外盒標示與衛署成製015614。
10-20秒：拍產品質地，旁白：這是外用油膏，依標示使用。
20-32秒：切入主題「夏季冷氣房的肩頸保養」，說明適合日常局部按摩保養情境。
32-40秒：安全提醒：節氣養生屬一般生活資訊，身體不適仍應諮詢專業人員。
40-45秒：想看藥證查詢方式，請看置頂或私訊。",衛署成製015614，乙類成藥，資料可至衛福部中藥許可證系統查詢。外用產品請依標示使用；身體不適、症狀持續或惡化時，請諮詢醫師或藥師。想看藥證查詢與外盒標示，請看置頂或私訊索取。,9:16實拍短影音：外盒標示、藥證查詢、質地近拍、客服入口,建議搭配：外盒標示實拍、藥證查詢截圖、產品質地短影片、客服回覆截圖（遮個資）。,衛福部中藥許可證：衛署成製015614；類別：乙類成藥；劑型：油膏劑。,退換貨、付款、客服、出貨、價格、通路與任何見證內容，發布前須由人工確認。
TikTok_LINE222_V2,LINE222,2026-09-22,20:00,TikTok,外用膏避免眼周與黏膜,E,高,pending_legal_pharmacist_review,false,外用膏避免眼周與黏膜,"0-3秒：買一條根，先別急著下單，先看這三個地方。
3-10秒：鏡頭拍外盒標示與衛署成製015614。
10-20秒：拍產品質地，旁白：這是外用油膏，依標示使用。
20-32秒：切入主題「外用膏避免眼周與黏膜」，說明適合日常局部按摩保養情境。
32-40秒：安全提醒：2 歲以下、孕哺、過敏體質、抗凝血藥使用者請先詢問專業人員。
40-45秒：想看藥證查詢方式，請看置頂或私訊。",衛署成製015614，乙類成藥，資料可至衛福部中藥許可證系統查詢。外用產品請依標示使用；身體不適、症狀持續或惡化時，請諮詢醫師或藥師。想看藥證查詢與外盒標示，請看置頂或私訊索取。,9:16實拍短影音：外盒標示、藥證查詢、質地近拍、客服入口,建議搭配：外盒標示實拍、藥證查詢截圖、產品質地短影片、客服回覆截圖（遮個資）。,衛福部中藥許可證：衛署成製015614；類別：乙類成藥；劑型：油膏劑。,退換貨、付款、客服、出貨、價格、通路與任何見證內容，發布前須由人工確認。
TikTok_LINE223_V2,LINE223,2026-09-23,12:00,TikTok,合法宣傳比誇大更長久,H,中,pending_legal_pharmacist_review,false,合法宣傳比誇大更長久,"0-3秒：買一條根，先別急著下單，先看這三個地方。
3-10秒：鏡頭拍外盒標示與衛署成製015614。
10-20秒：拍產品質地，旁白：這是外用油膏，依標示使用。
20-32秒：切入主題「合法宣傳比誇大更長久」，說明適合日常局部按摩保養情境。
32-40秒：安全提醒：所有廣告文案仍須依主管機關與專業人員審核。
40-45秒：想看藥證查詢方式，請看置頂或私訊。",衛署成製015614，乙類成藥，資料可至衛福部中藥許可證系統查詢。外用產品請依標示使用；身體不適、症狀持續或惡化時，請諮詢醫師或藥師。想看藥證查詢與外盒標示，請看置頂或私訊索取。,9:16實拍短影音：外盒標示、藥證查詢、質地近拍、客服入口,建議搭配：外盒標示實拍、藥證查詢截圖、產品質地短影片、客服回覆截圖（遮個資）。,衛福部中藥許可證：衛署成製015614；類別：乙類成藥；劑型：油膏劑。,退換貨、付款、客服、出貨、價格、通路與任何見證內容，發布前須由人工確認。
TikTok_LINE224_V2,LINE224,2026-09-23,20:00,TikTok,你習慣運動前還是運動後保養,G,低,pending_legal_pharmacist_review,false,你習慣運動前還是運動後保養,"0-3秒：買一條根，先別急著下單，先看這三個地方。
3-10秒：鏡頭拍外盒標示與衛署成製015614。
10-20秒：拍產品質地，旁白：這是外用油膏，依標示使用。
20-32秒：切入主題「你習慣運動前還是運動後保養」，說明適合日常局部按摩保養情境。
32-40秒：安全提醒：互動回答不取代醫師或藥師建議。
40-45秒：想看藥證查詢方式，請看置頂或私訊。",衛署成製015614，乙類成藥，資料可至衛福部中藥許可證系統查詢。外用產品請依標示使用；身體不適、症狀持續或惡化時，請諮詢醫師或藥師。想看藥證查詢與外盒標示，請看置頂或私訊索取。,9:16實拍短影音：外盒標示、藥證查詢、質地近拍、客服入口,建議搭配：外盒標示實拍、藥證查詢截圖、產品質地短影片、客服回覆截圖（遮個資）。,衛福部中藥許可證：衛署成製015614；類別：乙類成藥；劑型：油膏劑。,退換貨、付款、客服、出貨、價格、通路與任何見證內容，發布前須由人工確認。
TikTok_LINE225_V2,LINE225,2026-09-24,12:00,TikTok,搬重物後腰背保養,C,中,pending_legal_pharmacist_review,false,搬重物後腰背保養,"0-3秒：買一條根，先別急著下單，先看這三個地方。
3-10秒：鏡頭拍外盒標示與衛署成製015614。
10-20秒：拍產品質地，旁白：這是外用油膏，依標示使用。
20-32秒：切入主題「搬重物後腰背保養」，說明適合日常局部按摩保養情境。
32-40秒：安全提醒：明顯腫脹、劇痛、活動受限或疑似受傷時，請先就醫。
40-45秒：想看藥證查詢方式，請看置頂或私訊。",衛署成製015614，乙類成藥，資料可至衛福部中藥許可證系統查詢。外用產品請依標示使用；身體不適、症狀持續或惡化時，請諮詢醫師或藥師。想看藥證查詢與外盒標示，請看置頂或私訊索取。,9:16實拍短影音：外盒標示、藥證查詢、質地近拍、客服入口,建議搭配：外盒標示實拍、藥證查詢截圖、產品質地短影片、客服回覆截圖（遮個資）。,衛福部中藥許可證：衛署成製015614；類別：乙類成藥；劑型：油膏劑。,退換貨、付款、客服、出貨、價格、通路與任何見證內容，發布前須由人工確認。
TikTok_LINE226_V2,LINE226,2026-09-24,20:00,TikTok,樟腦外用時的注意界線,A,中,pending_legal_pharmacist_review,false,樟腦外用時的注意界線,"0-3秒：買一條根，先別急著下單，先看這三個地方。
3-10秒：鏡頭拍外盒標示與衛署成製015614。
10-20秒：拍產品質地，旁白：這是外用油膏，依標示使用。
20-32秒：切入主題「樟腦外用時的注意界線」，說明適合日常局部按摩保養情境。
32-40秒：安全提醒：僅供外用；避免眼周、黏膜、破皮或傷口。
40-45秒：想看藥證查詢方式，請看置頂或私訊。",衛署成製015614，乙類成藥，資料可至衛福部中藥許可證系統查詢。外用產品請依標示使用；身體不適、症狀持續或惡化時，請諮詢醫師或藥師。想看藥證查詢與外盒標示，請看置頂或私訊索取。,9:16實拍短影音：外盒標示、藥證查詢、質地近拍、客服入口,建議搭配：外盒標示實拍、藥證查詢截圖、產品質地短影片、客服回覆截圖（遮個資）。,衛福部中藥許可證：衛署成製015614；類別：乙類成藥；劑型：油膏劑。,退換貨、付款、客服、出貨、價格、通路與任何見證內容，發布前須由人工確認。
TikTok_LINE227_V2,LINE227,2026-09-25,12:00,TikTok,輕微關節痠痛與疾病治療要分開,D,中,pending_legal_pharmacist_review,false,輕微關節痠痛與疾病治療要分開,"0-3秒：買一條根，先別急著下單，先看這三個地方。
3-10秒：鏡頭拍外盒標示與衛署成製015614。
10-20秒：拍產品質地，旁白：這是外用油膏，依標示使用。
20-32秒：切入主題「輕微關節痠痛與疾病治療要分開」，說明適合日常局部按摩保養情境。
32-40秒：安全提醒：關節腫痛、紅熱、長期疼痛或行走困難，請就醫評估。
40-45秒：想看藥證查詢方式，請看置頂或私訊。",衛署成製015614，乙類成藥，資料可至衛福部中藥許可證系統查詢。外用產品請依標示使用；身體不適、症狀持續或惡化時，請諮詢醫師或藥師。想看藥證查詢與外盒標示，請看置頂或私訊索取。,9:16實拍短影音：外盒標示、藥證查詢、質地近拍、客服入口,建議搭配：外盒標示實拍、藥證查詢截圖、產品質地短影片、客服回覆截圖（遮個資）。,衛福部中藥許可證：衛署成製015614；類別：乙類成藥；劑型：油膏劑。,退換貨、付款、客服、出貨、價格、通路與任何見證內容，發布前須由人工確認。
TikTok_LINE228_V2,LINE228,2026-09-25,20:00,TikTok,不要搭配熱敷墊或電毯,E,高,pending_legal_pharmacist_review,false,不要搭配熱敷墊或電毯,"0-3秒：買一條根，先別急著下單，先看這三個地方。
3-10秒：鏡頭拍外盒標示與衛署成製015614。
10-20秒：拍產品質地，旁白：這是外用油膏，依標示使用。
20-32秒：切入主題「不要搭配熱敷墊或電毯」，說明適合日常局部按摩保養情境。
32-40秒：安全提醒：2 歲以下、孕哺、過敏體質、抗凝血藥使用者請先詢問專業人員。
40-45秒：想看藥證查詢方式，請看置頂或私訊。",衛署成製015614，乙類成藥，資料可至衛福部中藥許可證系統查詢。外用產品請依標示使用；身體不適、症狀持續或惡化時，請諮詢醫師或藥師。想看藥證查詢與外盒標示，請看置頂或私訊索取。,9:16實拍短影音：外盒標示、藥證查詢、質地近拍、客服入口,建議搭配：外盒標示實拍、藥證查詢截圖、產品質地短影片、客服回覆截圖（遮個資）。,衛福部中藥許可證：衛署成製015614；類別：乙類成藥；劑型：油膏劑。,退換貨、付款、客服、出貨、價格、通路與任何見證內容，發布前須由人工確認。
TikTok_LINE229_V2,LINE229,2026-09-26,12:00,TikTok,小暑前後活動舒適提醒,F,低,pending_legal_pharmacist_review,false,小暑前後活動舒適提醒,"0-3秒：買一條根，先別急著下單，先看這三個地方。
3-10秒：鏡頭拍外盒標示與衛署成製015614。
10-20秒：拍產品質地，旁白：這是外用油膏，依標示使用。
20-32秒：切入主題「小暑前後活動舒適提醒」，說明適合日常局部按摩保養情境。
32-40秒：安全提醒：節氣養生屬一般生活資訊，身體不適仍應諮詢專業人員。
40-45秒：想看藥證查詢方式，請看置頂或私訊。",衛署成製015614，乙類成藥，資料可至衛福部中藥許可證系統查詢。外用產品請依標示使用；身體不適、症狀持續或惡化時，請諮詢醫師或藥師。想看藥證查詢與外盒標示，請看置頂或私訊索取。,9:16實拍短影音：外盒標示、藥證查詢、質地近拍、客服入口,建議搭配：外盒標示實拍、藥證查詢截圖、產品質地短影片、客服回覆截圖（遮個資）。,衛福部中藥許可證：衛署成製015614；類別：乙類成藥；劑型：油膏劑。,退換貨、付款、客服、出貨、價格、通路與任何見證內容，發布前須由人工確認。
TikTok_LINE230_V2,LINE230,2026-09-26,20:00,TikTok,爬山後腿部按摩提醒,C,中,pending_legal_pharmacist_review,false,爬山後腿部按摩提醒,"0-3秒：買一條根，先別急著下單，先看這三個地方。
3-10秒：鏡頭拍外盒標示與衛署成製015614。
10-20秒：拍產品質地，旁白：這是外用油膏，依標示使用。
20-32秒：切入主題「爬山後腿部按摩提醒」，說明適合日常局部按摩保養情境。
32-40秒：安全提醒：明顯腫脹、劇痛、活動受限或疑似受傷時，請先就醫。
40-45秒：想看藥證查詢方式，請看置頂或私訊。",衛署成製015614，乙類成藥，資料可至衛福部中藥許可證系統查詢。外用產品請依標示使用；身體不適、症狀持續或惡化時，請諮詢醫師或藥師。想看藥證查詢與外盒標示，請看置頂或私訊索取。,9:16實拍短影音：外盒標示、藥證查詢、質地近拍、客服入口,建議搭配：外盒標示實拍、藥證查詢截圖、產品質地短影片、客服回覆截圖（遮個資）。,衛福部中藥許可證：衛署成製015614；類別：乙類成藥；劑型：油膏劑。,退換貨、付款、客服、出貨、價格、通路與任何見證內容，發布前須由人工確認。
TikTok_LINE231_V2,LINE231,2026-09-27,12:00,TikTok,外用膏一次擦多少才剛好,G,低,pending_legal_pharmacist_review,false,外用膏一次擦多少才剛好,"0-3秒：買一條根，先別急著下單，先看這三個地方。
3-10秒：鏡頭拍外盒標示與衛署成製015614。
10-20秒：拍產品質地，旁白：這是外用油膏，依標示使用。
20-32秒：切入主題「外用膏一次擦多少才剛好」，說明適合日常局部按摩保養情境。
32-40秒：安全提醒：互動回答不取代醫師或藥師建議。
40-45秒：想看藥證查詢方式，請看置頂或私訊。",衛署成製015614，乙類成藥，資料可至衛福部中藥許可證系統查詢。外用產品請依標示使用；身體不適、症狀持續或惡化時，請諮詢醫師或藥師。想看藥證查詢與外盒標示，請看置頂或私訊索取。,9:16實拍短影音：外盒標示、藥證查詢、質地近拍、客服入口,建議搭配：外盒標示實拍、藥證查詢截圖、產品質地短影片、客服回覆截圖（遮個資）。,衛福部中藥許可證：衛署成製015614；類別：乙類成藥；劑型：油膏劑。,退換貨、付款、客服、出貨、價格、通路與任何見證內容，發布前須由人工確認。
TikTok_LINE232_V2,LINE232,2026-09-27,20:00,TikTok,散步後的膝周保養,D,中,pending_legal_pharmacist_review,false,散步後的膝周保養,"0-3秒：買一條根，先別急著下單，先看這三個地方。
3-10秒：鏡頭拍外盒標示與衛署成製015614。
10-20秒：拍產品質地，旁白：這是外用油膏，依標示使用。
20-32秒：切入主題「散步後的膝周保養」，說明適合日常局部按摩保養情境。
32-40秒：安全提醒：關節腫痛、紅熱、長期疼痛或行走困難，請就醫評估。
40-45秒：想看藥證查詢方式，請看置頂或私訊。",衛署成製015614，乙類成藥，資料可至衛福部中藥許可證系統查詢。外用產品請依標示使用；身體不適、症狀持續或惡化時，請諮詢醫師或藥師。想看藥證查詢與外盒標示，請看置頂或私訊索取。,9:16實拍短影音：外盒標示、藥證查詢、質地近拍、客服入口,建議搭配：外盒標示實拍、藥證查詢截圖、產品質地短影片、客服回覆截圖（遮個資）。,衛福部中藥許可證：衛署成製015614；類別：乙類成藥；劑型：油膏劑。,退換貨、付款、客服、出貨、價格、通路與任何見證內容，發布前須由人工確認。
TikTok_LINE233_V2,LINE233,2026-09-28,12:00,TikTok,肩頸按摩不要只靠用力,B,低,pending_legal_pharmacist_review,false,肩頸按摩不要只靠用力,"0-3秒：買一條根，先別急著下單，先看這三個地方。
3-10秒：鏡頭拍外盒標示與衛署成製015614。
10-20秒：拍產品質地，旁白：這是外用油膏，依標示使用。
20-32秒：切入主題「肩頸按摩不要只靠用力」，說明適合日常局部按摩保養情境。
32-40秒：安全提醒：若痠痛持續、麻木或影響活動，請諮詢醫師或藥師。
40-45秒：想看藥證查詢方式，請看置頂或私訊。",衛署成製015614，乙類成藥，資料可至衛福部中藥許可證系統查詢。外用產品請依標示使用；身體不適、症狀持續或惡化時，請諮詢醫師或藥師。想看藥證查詢與外盒標示，請看置頂或私訊索取。,9:16實拍短影音：外盒標示、藥證查詢、質地近拍、客服入口,建議搭配：外盒標示實拍、藥證查詢截圖、產品質地短影片、客服回覆截圖（遮個資）。,衛福部中藥許可證：衛署成製015614；類別：乙類成藥；劑型：油膏劑。,退換貨、付款、客服、出貨、價格、通路與任何見證內容，發布前須由人工確認。
TikTok_LINE234_V2,LINE234,2026-09-28,20:00,TikTok,油膏劑為什麼適合局部按摩,A,中,pending_legal_pharmacist_review,false,油膏劑為什麼適合局部按摩,"0-3秒：買一條根，先別急著下單，先看這三個地方。
3-10秒：鏡頭拍外盒標示與衛署成製015614。
10-20秒：拍產品質地，旁白：這是外用油膏，依標示使用。
20-32秒：切入主題「油膏劑為什麼適合局部按摩」，說明適合日常局部按摩保養情境。
32-40秒：安全提醒：僅供外用；避免眼周、黏膜、破皮或傷口。
40-45秒：想看藥證查詢方式，請看置頂或私訊。",衛署成製015614，乙類成藥，資料可至衛福部中藥許可證系統查詢。外用產品請依標示使用；身體不適、症狀持續或惡化時，請諮詢醫師或藥師。想看藥證查詢與外盒標示，請看置頂或私訊索取。,9:16實拍短影音：外盒標示、藥證查詢、質地近拍、客服入口,建議搭配：外盒標示實拍、藥證查詢截圖、產品質地短影片、客服回覆截圖（遮個資）。,衛福部中藥許可證：衛署成製015614；類別：乙類成藥；劑型：油膏劑。,退換貨、付款、客服、出貨、價格、通路與任何見證內容，發布前須由人工確認。
TikTok_LINE235_V2,LINE235,2026-09-29,12:00,TikTok,大暑午後少久站硬撐,F,低,pending_legal_pharmacist_review,false,大暑午後少久站硬撐,"0-3秒：買一條根，先別急著下單，先看這三個地方。
3-10秒：鏡頭拍外盒標示與衛署成製015614。
10-20秒：拍產品質地，旁白：這是外用油膏，依標示使用。
20-32秒：切入主題「大暑午後少久站硬撐」，說明適合日常局部按摩保養情境。
32-40秒：安全提醒：節氣養生屬一般生活資訊，身體不適仍應諮詢專業人員。
40-45秒：想看藥證查詢方式，請看置頂或私訊。",衛署成製015614，乙類成藥，資料可至衛福部中藥許可證系統查詢。外用產品請依標示使用；身體不適、症狀持續或惡化時，請諮詢醫師或藥師。想看藥證查詢與外盒標示，請看置頂或私訊索取。,9:16實拍短影音：外盒標示、藥證查詢、質地近拍、客服入口,建議搭配：外盒標示實拍、藥證查詢截圖、產品質地短影片、客服回覆截圖（遮個資）。,衛福部中藥許可證：衛署成製015614；類別：乙類成藥；劑型：油膏劑。,退換貨、付款、客服、出貨、價格、通路與任何見證內容，發布前須由人工確認。
TikTok_LINE236_V2,LINE236,2026-09-29,20:00,TikTok,不要密封包紮或大面積厚敷,E,高,pending_legal_pharmacist_review,false,不要密封包紮或大面積厚敷,"0-3秒：買一條根，先別急著下單，先看這三個地方。
3-10秒：鏡頭拍外盒標示與衛署成製015614。
10-20秒：拍產品質地，旁白：這是外用油膏，依標示使用。
20-32秒：切入主題「不要密封包紮或大面積厚敷」，說明適合日常局部按摩保養情境。
32-40秒：安全提醒：2 歲以下、孕哺、過敏體質、抗凝血藥使用者請先詢問專業人員。
40-45秒：想看藥證查詢方式，請看置頂或私訊。",衛署成製015614，乙類成藥，資料可至衛福部中藥許可證系統查詢。外用產品請依標示使用；身體不適、症狀持續或惡化時，請諮詢醫師或藥師。想看藥證查詢與外盒標示，請看置頂或私訊索取。,9:16實拍短影音：外盒標示、藥證查詢、質地近拍、客服入口,建議搭配：外盒標示實拍、藥證查詢截圖、產品質地短影片、客服回覆截圖（遮個資）。,衛福部中藥許可證：衛署成製015614；類別：乙類成藥；劑型：油膏劑。,退換貨、付款、客服、出貨、價格、通路與任何見證內容，發布前須由人工確認。
TikTok_LINE237_V2,LINE237,2026-09-30,12:00,TikTok,什麼是乙類成藥,H,中,pending_legal_pharmacist_review,false,什麼是乙類成藥,"0-3秒：買一條根，先別急著下單，先看這三個地方。
3-10秒：鏡頭拍外盒標示與衛署成製015614。
10-20秒：拍產品質地，旁白：這是外用油膏，依標示使用。
20-32秒：切入主題「什麼是乙類成藥」，說明適合日常局部按摩保養情境。
32-40秒：安全提醒：所有廣告文案仍須依主管機關與專業人員審核。
40-45秒：想看藥證查詢方式，請看置頂或私訊。",衛署成製015614，乙類成藥，資料可至衛福部中藥許可證系統查詢。外用產品請依標示使用；身體不適、症狀持續或惡化時，請諮詢醫師或藥師。想看藥證查詢與外盒標示，請看置頂或私訊索取。,9:16實拍短影音：外盒標示、藥證查詢、質地近拍、客服入口,建議搭配：外盒標示實拍、藥證查詢截圖、產品質地短影片、客服回覆截圖（遮個資）。,衛福部中藥許可證：衛署成製015614；類別：乙類成藥；劑型：油膏劑。,退換貨、付款、客服、出貨、價格、通路與任何見證內容，發布前須由人工確認。
TikTok_LINE238_V2,LINE238,2026-09-30,20:00,TikTok,涼感越強越有效嗎,G,低,pending_legal_pharmacist_review,false,涼感越強越有效嗎,"0-3秒：買一條根，先別急著下單，先看這三個地方。
3-10秒：鏡頭拍外盒標示與衛署成製015614。
10-20秒：拍產品質地，旁白：這是外用油膏，依標示使用。
20-32秒：切入主題「涼感越強越有效嗎」，說明適合日常局部按摩保養情境。
32-40秒：安全提醒：互動回答不取代醫師或藥師建議。
40-45秒：想看藥證查詢方式，請看置頂或私訊。",衛署成製015614，乙類成藥，資料可至衛福部中藥許可證系統查詢。外用產品請依標示使用；身體不適、症狀持續或惡化時，請諮詢醫師或藥師。想看藥證查詢與外盒標示，請看置頂或私訊索取。,9:16實拍短影音：外盒標示、藥證查詢、質地近拍、客服入口,建議搭配：外盒標示實拍、藥證查詢截圖、產品質地短影片、客服回覆截圖（遮個資）。,衛福部中藥許可證：衛署成製015614；類別：乙類成藥；劑型：油膏劑。,退換貨、付款、客服、出貨、價格、通路與任何見證內容，發布前須由人工確認。
TikTok_LINE239_V2,LINE239,2026-10-01,12:00,TikTok,重訓後肩背局部舒緩,C,中,pending_legal_pharmacist_review,false,重訓後肩背局部舒緩,"0-3秒：買一條根，先別急著下單，先看這三個地方。
3-10秒：鏡頭拍外盒標示與衛署成製015614。
10-20秒：拍產品質地，旁白：這是外用油膏，依標示使用。
20-32秒：切入主題「重訓後肩背局部舒緩」，說明適合日常局部按摩保養情境。
32-40秒：安全提醒：明顯腫脹、劇痛、活動受限或疑似受傷時，請先就醫。
40-45秒：想看藥證查詢方式，請看置頂或私訊。",衛署成製015614，乙類成藥，資料可至衛福部中藥許可證系統查詢。外用產品請依標示使用；身體不適、症狀持續或惡化時，請諮詢醫師或藥師。想看藥證查詢與外盒標示，請看置頂或私訊索取。,9:16實拍短影音：外盒標示、藥證查詢、質地近拍、客服入口,建議搭配：外盒標示實拍、藥證查詢截圖、產品質地短影片、客服回覆截圖（遮個資）。,衛福部中藥許可證：衛署成製015614；類別：乙類成藥；劑型：油膏劑。,退換貨、付款、客服、出貨、價格、通路與任何見證內容，發布前須由人工確認。
TikTok_LINE240_V2,LINE240,2026-10-01,20:00,TikTok,乙類成藥與一般保健品差異,A,中,pending_legal_pharmacist_review,false,乙類成藥與一般保健品差異,"0-3秒：買一條根，先別急著下單，先看這三個地方。
3-10秒：鏡頭拍外盒標示與衛署成製015614。
10-20秒：拍產品質地，旁白：這是外用油膏，依標示使用。
20-32秒：切入主題「乙類成藥與一般保健品差異」，說明適合日常局部按摩保養情境。
32-40秒：安全提醒：僅供外用；避免眼周、黏膜、破皮或傷口。
40-45秒：想看藥證查詢方式，請看置頂或私訊。",衛署成製015614，乙類成藥，資料可至衛福部中藥許可證系統查詢。外用產品請依標示使用；身體不適、症狀持續或惡化時，請諮詢醫師或藥師。想看藥證查詢與外盒標示，請看置頂或私訊索取。,9:16實拍短影音：外盒標示、藥證查詢、質地近拍、客服入口,建議搭配：外盒標示實拍、藥證查詢截圖、產品質地短影片、客服回覆截圖（遮個資）。,衛福部中藥許可證：衛署成製015614；類別：乙類成藥；劑型：油膏劑。,退換貨、付款、客服、出貨、價格、通路與任何見證內容，發布前須由人工確認。
TikTok_LINE241_V2,LINE241,2026-10-02,12:00,TikTok,天氣變化時的活動舒適感,D,中,pending_legal_pharmacist_review,false,天氣變化時的活動舒適感,"0-3秒：買一條根，先別急著下單，先看這三個地方。
3-10秒：鏡頭拍外盒標示與衛署成製015614。
10-20秒：拍產品質地，旁白：這是外用油膏，依標示使用。
20-32秒：切入主題「天氣變化時的活動舒適感」，說明適合日常局部按摩保養情境。
32-40秒：安全提醒：關節腫痛、紅熱、長期疼痛或行走困難，請就醫評估。
40-45秒：想看藥證查詢方式，請看置頂或私訊。",衛署成製015614，乙類成藥，資料可至衛福部中藥許可證系統查詢。外用產品請依標示使用；身體不適、症狀持續或惡化時，請諮詢醫師或藥師。想看藥證查詢與外盒標示，請看置頂或私訊索取。,9:16實拍短影音：外盒標示、藥證查詢、質地近拍、客服入口,建議搭配：外盒標示實拍、藥證查詢截圖、產品質地短影片、客服回覆截圖（遮個資）。,衛福部中藥許可證：衛署成製015614；類別：乙類成藥；劑型：油膏劑。,退換貨、付款、客服、出貨、價格、通路與任何見證內容，發布前須由人工確認。
TikTok_LINE242_V2,LINE242,2026-10-02,20:00,TikTok,水楊酸或阿斯匹靈過敏者注意,E,高,pending_legal_pharmacist_review,false,水楊酸或阿斯匹靈過敏者注意,"0-3秒：買一條根，先別急著下單，先看這三個地方。
3-10秒：鏡頭拍外盒標示與衛署成製015614。
10-20秒：拍產品質地，旁白：這是外用油膏，依標示使用。
20-32秒：切入主題「水楊酸或阿斯匹靈過敏者注意」，說明適合日常局部按摩保養情境。
32-40秒：安全提醒：2 歲以下、孕哺、過敏體質、抗凝血藥使用者請先詢問專業人員。
40-45秒：想看藥證查詢方式，請看置頂或私訊。",衛署成製015614，乙類成藥，資料可至衛福部中藥許可證系統查詢。外用產品請依標示使用；身體不適、症狀持續或惡化時，請諮詢醫師或藥師。想看藥證查詢與外盒標示，請看置頂或私訊索取。,9:16實拍短影音：外盒標示、藥證查詢、質地近拍、客服入口,建議搭配：外盒標示實拍、藥證查詢截圖、產品質地短影片、客服回覆截圖（遮個資）。,衛福部中藥許可證：衛署成製015614；類別：乙類成藥；劑型：油膏劑。,退換貨、付款、客服、出貨、價格、通路與任何見證內容，發布前須由人工確認。
TikTok_LINE243_V2,LINE243,2026-10-03,12:00,TikTok,立秋後早晚溫差保養,F,低,pending_legal_pharmacist_review,false,立秋後早晚溫差保養,"0-3秒：買一條根，先別急著下單，先看這三個地方。
3-10秒：鏡頭拍外盒標示與衛署成製015614。
10-20秒：拍產品質地，旁白：這是外用油膏，依標示使用。
20-32秒：切入主題「立秋後早晚溫差保養」，說明適合日常局部按摩保養情境。
32-40秒：安全提醒：節氣養生屬一般生活資訊，身體不適仍應諮詢專業人員。
40-45秒：想看藥證查詢方式，請看置頂或私訊。",衛署成製015614，乙類成藥，資料可至衛福部中藥許可證系統查詢。外用產品請依標示使用；身體不適、症狀持續或惡化時，請諮詢醫師或藥師。想看藥證查詢與外盒標示，請看置頂或私訊索取。,9:16實拍短影音：外盒標示、藥證查詢、質地近拍、客服入口,建議搭配：外盒標示實拍、藥證查詢截圖、產品質地短影片、客服回覆截圖（遮個資）。,衛福部中藥許可證：衛署成製015614；類別：乙類成藥；劑型：油膏劑。,退換貨、付款、客服、出貨、價格、通路與任何見證內容，發布前須由人工確認。
TikTok_LINE244_V2,LINE244,2026-10-03,20:00,TikTok,家事後手臂不適保養,C,中,pending_legal_pharmacist_review,false,家事後手臂不適保養,"0-3秒：買一條根，先別急著下單，先看這三個地方。
3-10秒：鏡頭拍外盒標示與衛署成製015614。
10-20秒：拍產品質地，旁白：這是外用油膏，依標示使用。
20-32秒：切入主題「家事後手臂不適保養」，說明適合日常局部按摩保養情境。
32-40秒：安全提醒：明顯腫脹、劇痛、活動受限或疑似受傷時，請先就醫。
40-45秒：想看藥證查詢方式，請看置頂或私訊。",衛署成製015614，乙類成藥，資料可至衛福部中藥許可證系統查詢。外用產品請依標示使用；身體不適、症狀持續或惡化時，請諮詢醫師或藥師。想看藥證查詢與外盒標示，請看置頂或私訊索取。,9:16實拍短影音：外盒標示、藥證查詢、質地近拍、客服入口,建議搭配：外盒標示實拍、藥證查詢截圖、產品質地短影片、客服回覆截圖（遮個資）。,衛福部中藥許可證：衛署成製015614；類別：乙類成藥；劑型：油膏劑。,退換貨、付款、客服、出貨、價格、通路與任何見證內容，發布前須由人工確認。
TikTok_LINE245_V2,LINE245,2026-10-04,12:00,TikTok,你有看過外用產品標示嗎,G,低,pending_legal_pharmacist_review,false,你有看過外用產品標示嗎,"0-3秒：買一條根，先別急著下單，先看這三個地方。
3-10秒：鏡頭拍外盒標示與衛署成製015614。
10-20秒：拍產品質地，旁白：這是外用油膏，依標示使用。
20-32秒：切入主題「你有看過外用產品標示嗎」，說明適合日常局部按摩保養情境。
32-40秒：安全提醒：互動回答不取代醫師或藥師建議。
40-45秒：想看藥證查詢方式，請看置頂或私訊。",衛署成製015614，乙類成藥，資料可至衛福部中藥許可證系統查詢。外用產品請依標示使用；身體不適、症狀持續或惡化時，請諮詢醫師或藥師。想看藥證查詢與外盒標示，請看置頂或私訊索取。,9:16實拍短影音：外盒標示、藥證查詢、質地近拍、客服入口,建議搭配：外盒標示實拍、藥證查詢截圖、產品質地短影片、客服回覆截圖（遮個資）。,衛福部中藥許可證：衛署成製015614；類別：乙類成藥；劑型：油膏劑。,退換貨、付款、客服、出貨、價格、通路與任何見證內容，發布前須由人工確認。
TikTok_LINE246_V2,LINE246,2026-10-04,20:00,TikTok,長輩按摩力道不要過重,D,中,pending_legal_pharmacist_review,false,長輩按摩力道不要過重,"0-3秒：買一條根，先別急著下單，先看這三個地方。
3-10秒：鏡頭拍外盒標示與衛署成製015614。
10-20秒：拍產品質地，旁白：這是外用油膏，依標示使用。
20-32秒：切入主題「長輩按摩力道不要過重」，說明適合日常局部按摩保養情境。
32-40秒：安全提醒：關節腫痛、紅熱、長期疼痛或行走困難，請就醫評估。
40-45秒：想看藥證查詢方式，請看置頂或私訊。",衛署成製015614，乙類成藥，資料可至衛福部中藥許可證系統查詢。外用產品請依標示使用；身體不適、症狀持續或惡化時，請諮詢醫師或藥師。想看藥證查詢與外盒標示，請看置頂或私訊索取。,9:16實拍短影音：外盒標示、藥證查詢、質地近拍、客服入口,建議搭配：外盒標示實拍、藥證查詢截圖、產品質地短影片、客服回覆截圖（遮個資）。,衛福部中藥許可證：衛署成製015614；類別：乙類成藥；劑型：油膏劑。,退換貨、付款、客服、出貨、價格、通路與任何見證內容，發布前須由人工確認。
TikTok_LINE247_V2,LINE247,2026-10-05,12:00,TikTok,久坐族晚間舒緩儀式,B,低,pending_legal_pharmacist_review,false,久坐族晚間舒緩儀式,"0-3秒：買一條根，先別急著下單，先看這三個地方。
3-10秒：鏡頭拍外盒標示與衛署成製015614。
10-20秒：拍產品質地，旁白：這是外用油膏，依標示使用。
20-32秒：切入主題「久坐族晚間舒緩儀式」，說明適合日常局部按摩保養情境。
32-40秒：安全提醒：若痠痛持續、麻木或影響活動，請諮詢醫師或藥師。
40-45秒：想看藥證查詢方式，請看置頂或私訊。",衛署成製015614，乙類成藥，資料可至衛福部中藥許可證系統查詢。外用產品請依標示使用；身體不適、症狀持續或惡化時，請諮詢醫師或藥師。想看藥證查詢與外盒標示，請看置頂或私訊索取。,9:16實拍短影音：外盒標示、藥證查詢、質地近拍、客服入口,建議搭配：外盒標示實拍、藥證查詢截圖、產品質地短影片、客服回覆截圖（遮個資）。,衛福部中藥許可證：衛署成製015614；類別：乙類成藥；劑型：油膏劑。,退換貨、付款、客服、出貨、價格、通路與任何見證內容，發布前須由人工確認。
TikTok_LINE248_V2,LINE248,2026-10-05,20:00,TikTok,一條根外用膏的日常定位,A,中,pending_legal_pharmacist_review,false,一條根外用膏的日常定位,"0-3秒：買一條根，先別急著下單，先看這三個地方。
3-10秒：鏡頭拍外盒標示與衛署成製015614。
10-20秒：拍產品質地，旁白：這是外用油膏，依標示使用。
20-32秒：切入主題「一條根外用膏的日常定位」，說明適合日常局部按摩保養情境。
32-40秒：安全提醒：僅供外用；避免眼周、黏膜、破皮或傷口。
40-45秒：想看藥證查詢方式，請看置頂或私訊。",衛署成製015614，乙類成藥，資料可至衛福部中藥許可證系統查詢。外用產品請依標示使用；身體不適、症狀持續或惡化時，請諮詢醫師或藥師。想看藥證查詢與外盒標示，請看置頂或私訊索取。,9:16實拍短影音：外盒標示、藥證查詢、質地近拍、客服入口,建議搭配：外盒標示實拍、藥證查詢截圖、產品質地短影片、客服回覆截圖（遮個資）。,衛福部中藥許可證：衛署成製015614；類別：乙類成藥；劑型：油膏劑。,退換貨、付款、客服、出貨、價格、通路與任何見證內容，發布前須由人工確認。
TikTok_LINE249_V2,LINE249,2026-10-06,12:00,TikTok,處暑後運動暖身提醒,F,低,pending_legal_pharmacist_review,false,處暑後運動暖身提醒,"0-3秒：買一條根，先別急著下單，先看這三個地方。
3-10秒：鏡頭拍外盒標示與衛署成製015614。
10-20秒：拍產品質地，旁白：這是外用油膏，依標示使用。
20-32秒：切入主題「處暑後運動暖身提醒」，說明適合日常局部按摩保養情境。
32-40秒：安全提醒：節氣養生屬一般生活資訊，身體不適仍應諮詢專業人員。
40-45秒：想看藥證查詢方式，請看置頂或私訊。",衛署成製015614，乙類成藥，資料可至衛福部中藥許可證系統查詢。外用產品請依標示使用；身體不適、症狀持續或惡化時，請諮詢醫師或藥師。想看藥證查詢與外盒標示，請看置頂或私訊索取。,9:16實拍短影音：外盒標示、藥證查詢、質地近拍、客服入口,建議搭配：外盒標示實拍、藥證查詢截圖、產品質地短影片、客服回覆截圖（遮個資）。,衛福部中藥許可證：衛署成製015614；類別：乙類成藥；劑型：油膏劑。,退換貨、付款、客服、出貨、價格、通路與任何見證內容，發布前須由人工確認。
TikTok_LINE250_V2,LINE250,2026-10-06,20:00,TikTok,兒童使用前的安全提醒,E,高,pending_legal_pharmacist_review,false,兒童使用前的安全提醒,"0-3秒：買一條根，先別急著下單，先看這三個地方。
3-10秒：鏡頭拍外盒標示與衛署成製015614。
10-20秒：拍產品質地，旁白：這是外用油膏，依標示使用。
20-32秒：切入主題「兒童使用前的安全提醒」，說明適合日常局部按摩保養情境。
32-40秒：安全提醒：2 歲以下、孕哺、過敏體質、抗凝血藥使用者請先詢問專業人員。
40-45秒：想看藥證查詢方式，請看置頂或私訊。",衛署成製015614，乙類成藥，資料可至衛福部中藥許可證系統查詢。外用產品請依標示使用；身體不適、症狀持續或惡化時，請諮詢醫師或藥師。想看藥證查詢與外盒標示，請看置頂或私訊索取。,9:16實拍短影音：外盒標示、藥證查詢、質地近拍、客服入口,建議搭配：外盒標示實拍、藥證查詢截圖、產品質地短影片、客服回覆截圖（遮個資）。,衛福部中藥許可證：衛署成製015614；類別：乙類成藥；劑型：油膏劑。,退換貨、付款、客服、出貨、價格、通路與任何見證內容，發布前須由人工確認。
TikTok_LINE251_V2,LINE251,2026-10-07,12:00,TikTok,官方適應症與社群文案的差異,H,中,pending_legal_pharmacist_review,false,官方適應症與社群文案的差異,"0-3秒：買一條根，先別急著下單，先看這三個地方。
3-10秒：鏡頭拍外盒標示與衛署成製015614。
10-20秒：拍產品質地，旁白：這是外用油膏，依標示使用。
20-32秒：切入主題「官方適應症與社群文案的差異」，說明適合日常局部按摩保養情境。
32-40秒：安全提醒：所有廣告文案仍須依主管機關與專業人員審核。
40-45秒：想看藥證查詢方式，請看置頂或私訊。",衛署成製015614，乙類成藥，資料可至衛福部中藥許可證系統查詢。外用產品請依標示使用；身體不適、症狀持續或惡化時，請諮詢醫師或藥師。想看藥證查詢與外盒標示，請看置頂或私訊索取。,9:16實拍短影音：外盒標示、藥證查詢、質地近拍、客服入口,建議搭配：外盒標示實拍、藥證查詢截圖、產品質地短影片、客服回覆截圖（遮個資）。,衛福部中藥許可證：衛署成製015614；類別：乙類成藥；劑型：油膏劑。,退換貨、付款、客服、出貨、價格、通路與任何見證內容，發布前須由人工確認。
TikTok_LINE252_V2,LINE252,2026-10-07,20:00,TikTok,久坐族最想舒緩哪裡,G,低,pending_legal_pharmacist_review,false,久坐族最想舒緩哪裡,"0-3秒：買一條根，先別急著下單，先看這三個地方。
3-10秒：鏡頭拍外盒標示與衛署成製015614。
10-20秒：拍產品質地，旁白：這是外用油膏，依標示使用。
20-32秒：切入主題「久坐族最想舒緩哪裡」，說明適合日常局部按摩保養情境。
32-40秒：安全提醒：互動回答不取代醫師或藥師建議。
40-45秒：想看藥證查詢方式，請看置頂或私訊。",衛署成製015614，乙類成藥，資料可至衛福部中藥許可證系統查詢。外用產品請依標示使用；身體不適、症狀持續或惡化時，請諮詢醫師或藥師。想看藥證查詢與外盒標示，請看置頂或私訊索取。,9:16實拍短影音：外盒標示、藥證查詢、質地近拍、客服入口,建議搭配：外盒標示實拍、藥證查詢截圖、產品質地短影片、客服回覆截圖（遮個資）。,衛福部中藥許可證：衛署成製015614；類別：乙類成藥；劑型：油膏劑。,退換貨、付款、客服、出貨、價格、通路與任何見證內容，發布前須由人工確認。
TikTok_LINE253_V2,LINE253,2026-10-08,12:00,TikTok,跑步後膝周不適的保守提醒,C,中,pending_legal_pharmacist_review,false,跑步後膝周不適的保守提醒,"0-3秒：買一條根，先別急著下單，先看這三個地方。
3-10秒：鏡頭拍外盒標示與衛署成製015614。
10-20秒：拍產品質地，旁白：這是外用油膏，依標示使用。
20-32秒：切入主題「跑步後膝周不適的保守提醒」，說明適合日常局部按摩保養情境。
32-40秒：安全提醒：明顯腫脹、劇痛、活動受限或疑似受傷時，請先就醫。
40-45秒：想看藥證查詢方式，請看置頂或私訊。",衛署成製015614，乙類成藥，資料可至衛福部中藥許可證系統查詢。外用產品請依標示使用；身體不適、症狀持續或惡化時，請諮詢醫師或藥師。想看藥證查詢與外盒標示，請看置頂或私訊索取。,9:16實拍短影音：外盒標示、藥證查詢、質地近拍、客服入口,建議搭配：外盒標示實拍、藥證查詢截圖、產品質地短影片、客服回覆截圖（遮個資）。,衛福部中藥許可證：衛署成製015614；類別：乙類成藥；劑型：油膏劑。,退換貨、付款、客服、出貨、價格、通路與任何見證內容，發布前須由人工確認。
TikTok_LINE254_V2,LINE254,2026-10-08,20:00,TikTok,成分濃度為什麼要看標示,A,中,pending_legal_pharmacist_review,false,成分濃度為什麼要看標示,"0-3秒：買一條根，先別急著下單，先看這三個地方。
3-10秒：鏡頭拍外盒標示與衛署成製015614。
10-20秒：拍產品質地，旁白：這是外用油膏，依標示使用。
20-32秒：切入主題「成分濃度為什麼要看標示」，說明適合日常局部按摩保養情境。
32-40秒：安全提醒：僅供外用；避免眼周、黏膜、破皮或傷口。
40-45秒：想看藥證查詢方式，請看置頂或私訊。",衛署成製015614，乙類成藥，資料可至衛福部中藥許可證系統查詢。外用產品請依標示使用；身體不適、症狀持續或惡化時，請諮詢醫師或藥師。想看藥證查詢與外盒標示，請看置頂或私訊索取。,9:16實拍短影音：外盒標示、藥證查詢、質地近拍、客服入口,建議搭配：外盒標示實拍、藥證查詢截圖、產品質地短影片、客服回覆截圖（遮個資）。,衛福部中藥許可證：衛署成製015614；類別：乙類成藥；劑型：油膏劑。,退換貨、付款、客服、出貨、價格、通路與任何見證內容，發布前須由人工確認。
TikTok_LINE255_V2,LINE255,2026-10-09,12:00,TikTok,照顧爸媽時的外用提醒,D,中,pending_legal_pharmacist_review,false,照顧爸媽時的外用提醒,"0-3秒：買一條根，先別急著下單，先看這三個地方。
3-10秒：鏡頭拍外盒標示與衛署成製015614。
10-20秒：拍產品質地，旁白：這是外用油膏，依標示使用。
20-32秒：切入主題「照顧爸媽時的外用提醒」，說明適合日常局部按摩保養情境。
32-40秒：安全提醒：關節腫痛、紅熱、長期疼痛或行走困難，請就醫評估。
40-45秒：想看藥證查詢方式，請看置頂或私訊。",衛署成製015614，乙類成藥，資料可至衛福部中藥許可證系統查詢。外用產品請依標示使用；身體不適、症狀持續或惡化時，請諮詢醫師或藥師。想看藥證查詢與外盒標示，請看置頂或私訊索取。,9:16實拍短影音：外盒標示、藥證查詢、質地近拍、客服入口,建議搭配：外盒標示實拍、藥證查詢截圖、產品質地短影片、客服回覆截圖（遮個資）。,衛福部中藥許可證：衛署成製015614；類別：乙類成藥；劑型：油膏劑。,退換貨、付款、客服、出貨、價格、通路與任何見證內容，發布前須由人工確認。
TikTok_LINE256_V2,LINE256,2026-10-09,20:00,TikTok,孕婦與哺乳族群先詢問專業人員,E,高,pending_legal_pharmacist_review,false,孕婦與哺乳族群先詢問專業人員,"0-3秒：買一條根，先別急著下單，先看這三個地方。
3-10秒：鏡頭拍外盒標示與衛署成製015614。
10-20秒：拍產品質地，旁白：這是外用油膏，依標示使用。
20-32秒：切入主題「孕婦與哺乳族群先詢問專業人員」，說明適合日常局部按摩保養情境。
32-40秒：安全提醒：2 歲以下、孕哺、過敏體質、抗凝血藥使用者請先詢問專業人員。
40-45秒：想看藥證查詢方式，請看置頂或私訊。",衛署成製015614，乙類成藥，資料可至衛福部中藥許可證系統查詢。外用產品請依標示使用；身體不適、症狀持續或惡化時，請諮詢醫師或藥師。想看藥證查詢與外盒標示，請看置頂或私訊索取。,9:16實拍短影音：外盒標示、藥證查詢、質地近拍、客服入口,建議搭配：外盒標示實拍、藥證查詢截圖、產品質地短影片、客服回覆截圖（遮個資）。,衛福部中藥許可證：衛署成製015614；類別：乙類成藥；劑型：油膏劑。,退換貨、付款、客服、出貨、價格、通路與任何見證內容，發布前須由人工確認。
TikTok_LINE257_V2,LINE257,2026-10-10,12:00,TikTok,白露時節關心長輩活動,F,低,pending_legal_pharmacist_review,false,白露時節關心長輩活動,"0-3秒：買一條根，先別急著下單，先看這三個地方。
3-10秒：鏡頭拍外盒標示與衛署成製015614。
10-20秒：拍產品質地，旁白：這是外用油膏，依標示使用。
20-32秒：切入主題「白露時節關心長輩活動」，說明適合日常局部按摩保養情境。
32-40秒：安全提醒：節氣養生屬一般生活資訊，身體不適仍應諮詢專業人員。
40-45秒：想看藥證查詢方式，請看置頂或私訊。",衛署成製015614，乙類成藥，資料可至衛福部中藥許可證系統查詢。外用產品請依標示使用；身體不適、症狀持續或惡化時，請諮詢醫師或藥師。想看藥證查詢與外盒標示，請看置頂或私訊索取。,9:16實拍短影音：外盒標示、藥證查詢、質地近拍、客服入口,建議搭配：外盒標示實拍、藥證查詢截圖、產品質地短影片、客服回覆截圖（遮個資）。,衛福部中藥許可證：衛署成製015614；類別：乙類成藥；劑型：油膏劑。,退換貨、付款、客服、出貨、價格、通路與任何見證內容，發布前須由人工確認。
TikTok_LINE258_V2,LINE258,2026-10-10,20:00,TikTok,勞動後先休息再按摩,C,中,pending_legal_pharmacist_review,false,勞動後先休息再按摩,"0-3秒：買一條根，先別急著下單，先看這三個地方。
3-10秒：鏡頭拍外盒標示與衛署成製015614。
10-20秒：拍產品質地，旁白：這是外用油膏，依標示使用。
20-32秒：切入主題「勞動後先休息再按摩」，說明適合日常局部按摩保養情境。
32-40秒：安全提醒：明顯腫脹、劇痛、活動受限或疑似受傷時，請先就醫。
40-45秒：想看藥證查詢方式，請看置頂或私訊。",衛署成製015614，乙類成藥，資料可至衛福部中藥許可證系統查詢。外用產品請依標示使用；身體不適、症狀持續或惡化時，請諮詢醫師或藥師。想看藥證查詢與外盒標示，請看置頂或私訊索取。,9:16實拍短影音：外盒標示、藥證查詢、質地近拍、客服入口,建議搭配：外盒標示實拍、藥證查詢截圖、產品質地短影片、客服回覆截圖（遮個資）。,衛福部中藥許可證：衛署成製015614；類別：乙類成藥；劑型：油膏劑。,退換貨、付款、客服、出貨、價格、通路與任何見證內容，發布前須由人工確認。
TikTok_LINE259_V2,LINE259,2026-10-11,12:00,TikTok,長輩使用外用膏你會提醒什麼,G,低,pending_legal_pharmacist_review,false,長輩使用外用膏你會提醒什麼,"0-3秒：買一條根，先別急著下單，先看這三個地方。
3-10秒：鏡頭拍外盒標示與衛署成製015614。
10-20秒：拍產品質地，旁白：這是外用油膏，依標示使用。
20-32秒：切入主題「長輩使用外用膏你會提醒什麼」，說明適合日常局部按摩保養情境。
32-40秒：安全提醒：互動回答不取代醫師或藥師建議。
40-45秒：想看藥證查詢方式，請看置頂或私訊。",衛署成製015614，乙類成藥，資料可至衛福部中藥許可證系統查詢。外用產品請依標示使用；身體不適、症狀持續或惡化時，請諮詢醫師或藥師。想看藥證查詢與外盒標示，請看置頂或私訊索取。,9:16實拍短影音：外盒標示、藥證查詢、質地近拍、客服入口,建議搭配：外盒標示實拍、藥證查詢截圖、產品質地短影片、客服回覆截圖（遮個資）。,衛福部中藥許可證：衛署成製015614；類別：乙類成藥；劑型：油膏劑。,退換貨、付款、客服、出貨、價格、通路與任何見證內容，發布前須由人工確認。
TikTok_LINE260_V2,LINE260,2026-10-11,20:00,TikTok,日常活動舒適度的三個習慣,D,中,pending_legal_pharmacist_review,false,日常活動舒適度的三個習慣,"0-3秒：買一條根，先別急著下單，先看這三個地方。
3-10秒：鏡頭拍外盒標示與衛署成製015614。
10-20秒：拍產品質地，旁白：這是外用油膏，依標示使用。
20-32秒：切入主題「日常活動舒適度的三個習慣」，說明適合日常局部按摩保養情境。
32-40秒：安全提醒：關節腫痛、紅熱、長期疼痛或行走困難，請就醫評估。
40-45秒：想看藥證查詢方式，請看置頂或私訊。",衛署成製015614，乙類成藥，資料可至衛福部中藥許可證系統查詢。外用產品請依標示使用；身體不適、症狀持續或惡化時，請諮詢醫師或藥師。想看藥證查詢與外盒標示，請看置頂或私訊索取。,9:16實拍短影音：外盒標示、藥證查詢、質地近拍、客服入口,建議搭配：外盒標示實拍、藥證查詢截圖、產品質地短影片、客服回覆截圖（遮個資）。,衛福部中藥許可證：衛署成製015614；類別：乙類成藥；劑型：油膏劑。,退換貨、付款、客服、出貨、價格、通路與任何見證內容，發布前須由人工確認。
TikTok_LINE261_V2,LINE261,2026-10-12,12:00,TikTok,背包太重後的肩膀保養,B,低,pending_legal_pharmacist_review,false,背包太重後的肩膀保養,"0-3秒：買一條根，先別急著下單，先看這三個地方。
3-10秒：鏡頭拍外盒標示與衛署成製015614。
10-20秒：拍產品質地，旁白：這是外用油膏，依標示使用。
20-32秒：切入主題「背包太重後的肩膀保養」，說明適合日常局部按摩保養情境。
32-40秒：安全提醒：若痠痛持續、麻木或影響活動，請諮詢醫師或藥師。
40-45秒：想看藥證查詢方式，請看置頂或私訊。",衛署成製015614，乙類成藥，資料可至衛福部中藥許可證系統查詢。外用產品請依標示使用；身體不適、症狀持續或惡化時，請諮詢醫師或藥師。想看藥證查詢與外盒標示，請看置頂或私訊索取。,9:16實拍短影音：外盒標示、藥證查詢、質地近拍、客服入口,建議搭配：外盒標示實拍、藥證查詢截圖、產品質地短影片、客服回覆截圖（遮個資）。,衛福部中藥許可證：衛署成製015614；類別：乙類成藥；劑型：油膏劑。,退換貨、付款、客服、出貨、價格、通路與任何見證內容，發布前須由人工確認。
TikTok_LINE262_V2,LINE262,2026-10-12,20:00,TikTok,局部按摩和大面積厚敷的差別,A,中,pending_legal_pharmacist_review,false,局部按摩和大面積厚敷的差別,"0-3秒：買一條根，先別急著下單，先看這三個地方。
3-10秒：鏡頭拍外盒標示與衛署成製015614。
10-20秒：拍產品質地，旁白：這是外用油膏，依標示使用。
20-32秒：切入主題「局部按摩和大面積厚敷的差別」，說明適合日常局部按摩保養情境。
32-40秒：安全提醒：僅供外用；避免眼周、黏膜、破皮或傷口。
40-45秒：想看藥證查詢方式，請看置頂或私訊。",衛署成製015614，乙類成藥，資料可至衛福部中藥許可證系統查詢。外用產品請依標示使用；身體不適、症狀持續或惡化時，請諮詢醫師或藥師。想看藥證查詢與外盒標示，請看置頂或私訊索取。,9:16實拍短影音：外盒標示、藥證查詢、質地近拍、客服入口,建議搭配：外盒標示實拍、藥證查詢截圖、產品質地短影片、客服回覆截圖（遮個資）。,衛福部中藥許可證：衛署成製015614；類別：乙類成藥；劑型：油膏劑。,退換貨、付款、客服、出貨、價格、通路與任何見證內容，發布前須由人工確認。
TikTok_LINE263_V2,LINE263,2026-10-13,12:00,TikTok,秋分後外出前暖身,F,低,pending_legal_pharmacist_review,false,秋分後外出前暖身,"0-3秒：買一條根，先別急著下單，先看這三個地方。
3-10秒：鏡頭拍外盒標示與衛署成製015614。
10-20秒：拍產品質地，旁白：這是外用油膏，依標示使用。
20-32秒：切入主題「秋分後外出前暖身」，說明適合日常局部按摩保養情境。
32-40秒：安全提醒：節氣養生屬一般生活資訊，身體不適仍應諮詢專業人員。
40-45秒：想看藥證查詢方式，請看置頂或私訊。",衛署成製015614，乙類成藥，資料可至衛福部中藥許可證系統查詢。外用產品請依標示使用；身體不適、症狀持續或惡化時，請諮詢醫師或藥師。想看藥證查詢與外盒標示，請看置頂或私訊索取。,9:16實拍短影音：外盒標示、藥證查詢、質地近拍、客服入口,建議搭配：外盒標示實拍、藥證查詢截圖、產品質地短影片、客服回覆截圖（遮個資）。,衛福部中藥許可證：衛署成製015614；類別：乙類成藥；劑型：油膏劑。,退換貨、付款、客服、出貨、價格、通路與任何見證內容，發布前須由人工確認。
TikTok_LINE264_V2,LINE264,2026-10-13,20:00,TikTok,症狀超過七天要停用並諮詢,E,高,pending_legal_pharmacist_review,false,症狀超過七天要停用並諮詢,"0-3秒：買一條根，先別急著下單，先看這三個地方。
3-10秒：鏡頭拍外盒標示與衛署成製015614。
10-20秒：拍產品質地，旁白：這是外用油膏，依標示使用。
20-32秒：切入主題「症狀超過七天要停用並諮詢」，說明適合日常局部按摩保養情境。
32-40秒：安全提醒：2 歲以下、孕哺、過敏體質、抗凝血藥使用者請先詢問專業人員。
40-45秒：想看藥證查詢方式，請看置頂或私訊。",衛署成製015614，乙類成藥，資料可至衛福部中藥許可證系統查詢。外用產品請依標示使用；身體不適、症狀持續或惡化時，請諮詢醫師或藥師。想看藥證查詢與外盒標示，請看置頂或私訊索取。,9:16實拍短影音：外盒標示、藥證查詢、質地近拍、客服入口,建議搭配：外盒標示實拍、藥證查詢截圖、產品質地短影片、客服回覆截圖（遮個資）。,衛福部中藥許可證：衛署成製015614；類別：乙類成藥；劑型：油膏劑。,退換貨、付款、客服、出貨、價格、通路與任何見證內容，發布前須由人工確認。
TikTok_LINE265_V2,LINE265,2026-10-14,12:00,TikTok,為什麼不鼓勵擦傷口,H,中,pending_legal_pharmacist_review,false,為什麼不鼓勵擦傷口,"0-3秒：買一條根，先別急著下單，先看這三個地方。
3-10秒：鏡頭拍外盒標示與衛署成製015614。
10-20秒：拍產品質地，旁白：這是外用油膏，依標示使用。
20-32秒：切入主題「為什麼不鼓勵擦傷口」，說明適合日常局部按摩保養情境。
32-40秒：安全提醒：所有廣告文案仍須依主管機關與專業人員審核。
40-45秒：想看藥證查詢方式，請看置頂或私訊。",衛署成製015614，乙類成藥，資料可至衛福部中藥許可證系統查詢。外用產品請依標示使用；身體不適、症狀持續或惡化時，請諮詢醫師或藥師。想看藥證查詢與外盒標示，請看置頂或私訊索取。,9:16實拍短影音：外盒標示、藥證查詢、質地近拍、客服入口,建議搭配：外盒標示實拍、藥證查詢截圖、產品質地短影片、客服回覆截圖（遮個資）。,衛福部中藥許可證：衛署成製015614；類別：乙類成藥；劑型：油膏劑。,退換貨、付款、客服、出貨、價格、通路與任何見證內容，發布前須由人工確認。
TikTok_LINE266_V2,LINE266,2026-10-14,20:00,TikTok,一條根可以天天厚敷嗎,G,低,pending_legal_pharmacist_review,false,一條根可以天天厚敷嗎,"0-3秒：買一條根，先別急著下單，先看這三個地方。
3-10秒：鏡頭拍外盒標示與衛署成製015614。
10-20秒：拍產品質地，旁白：這是外用油膏，依標示使用。
20-32秒：切入主題「一條根可以天天厚敷嗎」，說明適合日常局部按摩保養情境。
32-40秒：安全提醒：互動回答不取代醫師或藥師建議。
40-45秒：想看藥證查詢方式，請看置頂或私訊。",衛署成製015614，乙類成藥，資料可至衛福部中藥許可證系統查詢。外用產品請依標示使用；身體不適、症狀持續或惡化時，請諮詢醫師或藥師。想看藥證查詢與外盒標示，請看置頂或私訊索取。,9:16實拍短影音：外盒標示、藥證查詢、質地近拍、客服入口,建議搭配：外盒標示實拍、藥證查詢截圖、產品質地短影片、客服回覆截圖（遮個資）。,衛福部中藥許可證：衛署成製015614；類別：乙類成藥；劑型：油膏劑。,退換貨、付款、客服、出貨、價格、通路與任何見證內容，發布前須由人工確認。
TikTok_LINE267_V2,LINE267,2026-10-15,12:00,TikTok,運動後不要立刻熱敷加藥膏,C,中,pending_legal_pharmacist_review,false,運動後不要立刻熱敷加藥膏,"0-3秒：買一條根，先別急著下單，先看這三個地方。
3-10秒：鏡頭拍外盒標示與衛署成製015614。
10-20秒：拍產品質地，旁白：這是外用油膏，依標示使用。
20-32秒：切入主題「運動後不要立刻熱敷加藥膏」，說明適合日常局部按摩保養情境。
32-40秒：安全提醒：明顯腫脹、劇痛、活動受限或疑似受傷時，請先就醫。
40-45秒：想看藥證查詢方式，請看置頂或私訊。",衛署成製015614，乙類成藥，資料可至衛福部中藥許可證系統查詢。外用產品請依標示使用；身體不適、症狀持續或惡化時，請諮詢醫師或藥師。想看藥證查詢與外盒標示，請看置頂或私訊索取。,9:16實拍短影音：外盒標示、藥證查詢、質地近拍、客服入口,建議搭配：外盒標示實拍、藥證查詢截圖、產品質地短影片、客服回覆截圖（遮個資）。,衛福部中藥許可證：衛署成製015614；類別：乙類成藥；劑型：油膏劑。,退換貨、付款、客服、出貨、價格、通路與任何見證內容，發布前須由人工確認。
TikTok_LINE268_V2,LINE268,2026-10-15,20:00,TikTok,使用前先小範圍測試,A,中,pending_legal_pharmacist_review,false,使用前先小範圍測試,"0-3秒：買一條根，先別急著下單，先看這三個地方。
3-10秒：鏡頭拍外盒標示與衛署成製015614。
10-20秒：拍產品質地，旁白：這是外用油膏，依標示使用。
20-32秒：切入主題「使用前先小範圍測試」，說明適合日常局部按摩保養情境。
32-40秒：安全提醒：僅供外用；避免眼周、黏膜、破皮或傷口。
40-45秒：想看藥證查詢方式，請看置頂或私訊。",衛署成製015614，乙類成藥，資料可至衛福部中藥許可證系統查詢。外用產品請依標示使用；身體不適、症狀持續或惡化時，請諮詢醫師或藥師。想看藥證查詢與外盒標示，請看置頂或私訊索取。,9:16實拍短影音：外盒標示、藥證查詢、質地近拍、客服入口,建議搭配：外盒標示實拍、藥證查詢截圖、產品質地短影片、客服回覆截圖（遮個資）。,衛福部中藥許可證：衛署成製015614；類別：乙類成藥；劑型：油膏劑。,退換貨、付款、客服、出貨、價格、通路與任何見證內容，發布前須由人工確認。
TikTok_LINE269_V2,LINE269,2026-10-16,12:00,TikTok,長輩使用前先看標示,D,中,pending_legal_pharmacist_review,false,長輩使用前先看標示,"0-3秒：買一條根，先別急著下單，先看這三個地方。
3-10秒：鏡頭拍外盒標示與衛署成製015614。
10-20秒：拍產品質地，旁白：這是外用油膏，依標示使用。
20-32秒：切入主題「長輩使用前先看標示」，說明適合日常局部按摩保養情境。
32-40秒：安全提醒：關節腫痛、紅熱、長期疼痛或行走困難，請就醫評估。
40-45秒：想看藥證查詢方式，請看置頂或私訊。",衛署成製015614，乙類成藥，資料可至衛福部中藥許可證系統查詢。外用產品請依標示使用；身體不適、症狀持續或惡化時，請諮詢醫師或藥師。想看藥證查詢與外盒標示，請看置頂或私訊索取。,9:16實拍短影音：外盒標示、藥證查詢、質地近拍、客服入口,建議搭配：外盒標示實拍、藥證查詢截圖、產品質地短影片、客服回覆截圖（遮個資）。,衛福部中藥許可證：衛署成製015614；類別：乙類成藥；劑型：油膏劑。,退換貨、付款、客服、出貨、價格、通路與任何見證內容，發布前須由人工確認。
TikTok_LINE270_V2,LINE270,2026-10-16,20:00,TikTok,皮膚刺激時要停止使用,E,高,pending_legal_pharmacist_review,false,皮膚刺激時要停止使用,"0-3秒：買一條根，先別急著下單，先看這三個地方。
3-10秒：鏡頭拍外盒標示與衛署成製015614。
10-20秒：拍產品質地，旁白：這是外用油膏，依標示使用。
20-32秒：切入主題「皮膚刺激時要停止使用」，說明適合日常局部按摩保養情境。
32-40秒：安全提醒：2 歲以下、孕哺、過敏體質、抗凝血藥使用者請先詢問專業人員。
40-45秒：想看藥證查詢方式，請看置頂或私訊。",衛署成製015614，乙類成藥，資料可至衛福部中藥許可證系統查詢。外用產品請依標示使用；身體不適、症狀持續或惡化時，請諮詢醫師或藥師。想看藥證查詢與外盒標示，請看置頂或私訊索取。,9:16實拍短影音：外盒標示、藥證查詢、質地近拍、客服入口,建議搭配：外盒標示實拍、藥證查詢截圖、產品質地短影片、客服回覆截圖（遮個資）。,衛福部中藥許可證：衛署成製015614；類別：乙類成藥；劑型：油膏劑。,退換貨、付款、客服、出貨、價格、通路與任何見證內容，發布前須由人工確認。
TikTok_LINE271_V2,LINE271,2026-10-17,12:00,TikTok,寒露後肩背保養,F,低,pending_legal_pharmacist_review,false,寒露後肩背保養,"0-3秒：買一條根，先別急著下單，先看這三個地方。
3-10秒：鏡頭拍外盒標示與衛署成製015614。
10-20秒：拍產品質地，旁白：這是外用油膏，依標示使用。
20-32秒：切入主題「寒露後肩背保養」，說明適合日常局部按摩保養情境。
32-40秒：安全提醒：節氣養生屬一般生活資訊，身體不適仍應諮詢專業人員。
40-45秒：想看藥證查詢方式，請看置頂或私訊。",衛署成製015614，乙類成藥，資料可至衛福部中藥許可證系統查詢。外用產品請依標示使用；身體不適、症狀持續或惡化時，請諮詢醫師或藥師。想看藥證查詢與外盒標示，請看置頂或私訊索取。,9:16實拍短影音：外盒標示、藥證查詢、質地近拍、客服入口,建議搭配：外盒標示實拍、藥證查詢截圖、產品質地短影片、客服回覆截圖（遮個資）。,衛福部中藥許可證：衛署成製015614；類別：乙類成藥；劑型：油膏劑。,退換貨、付款、客服、出貨、價格、通路與任何見證內容，發布前須由人工確認。
TikTok_LINE272_V2,LINE272,2026-10-17,20:00,TikTok,輕微拉扯後的觀察重點,C,中,pending_legal_pharmacist_review,false,輕微拉扯後的觀察重點,"0-3秒：買一條根，先別急著下單，先看這三個地方。
3-10秒：鏡頭拍外盒標示與衛署成製015614。
10-20秒：拍產品質地，旁白：這是外用油膏，依標示使用。
20-32秒：切入主題「輕微拉扯後的觀察重點」，說明適合日常局部按摩保養情境。
32-40秒：安全提醒：明顯腫脹、劇痛、活動受限或疑似受傷時，請先就醫。
40-45秒：想看藥證查詢方式，請看置頂或私訊。",衛署成製015614，乙類成藥，資料可至衛福部中藥許可證系統查詢。外用產品請依標示使用；身體不適、症狀持續或惡化時，請諮詢醫師或藥師。想看藥證查詢與外盒標示，請看置頂或私訊索取。,9:16實拍短影音：外盒標示、藥證查詢、質地近拍、客服入口,建議搭配：外盒標示實拍、藥證查詢截圖、產品質地短影片、客服回覆截圖（遮個資）。,衛福部中藥許可證：衛署成製015614；類別：乙類成藥；劑型：油膏劑。,退換貨、付款、客服、出貨、價格、通路與任何見證內容，發布前須由人工確認。
TikTok_LINE273_V2,LINE273,2026-10-18,12:00,TikTok,擦完可以馬上熱敷嗎,G,低,pending_legal_pharmacist_review,false,擦完可以馬上熱敷嗎,"0-3秒：買一條根，先別急著下單，先看這三個地方。
3-10秒：鏡頭拍外盒標示與衛署成製015614。
10-20秒：拍產品質地，旁白：這是外用油膏，依標示使用。
20-32秒：切入主題「擦完可以馬上熱敷嗎」，說明適合日常局部按摩保養情境。
32-40秒：安全提醒：互動回答不取代醫師或藥師建議。
40-45秒：想看藥證查詢方式，請看置頂或私訊。",衛署成製015614，乙類成藥，資料可至衛福部中藥許可證系統查詢。外用產品請依標示使用；身體不適、症狀持續或惡化時，請諮詢醫師或藥師。想看藥證查詢與外盒標示，請看置頂或私訊索取。,9:16實拍短影音：外盒標示、藥證查詢、質地近拍、客服入口,建議搭配：外盒標示實拍、藥證查詢截圖、產品質地短影片、客服回覆截圖（遮個資）。,衛福部中藥許可證：衛署成製015614；類別：乙類成藥；劑型：油膏劑。,退換貨、付款、客服、出貨、價格、通路與任何見證內容，發布前須由人工確認。
TikTok_LINE274_V2,LINE274,2026-10-18,20:00,TikTok,別把長期疼痛只當小問題,D,中,pending_legal_pharmacist_review,false,別把長期疼痛只當小問題,"0-3秒：買一條根，先別急著下單，先看這三個地方。
3-10秒：鏡頭拍外盒標示與衛署成製015614。
10-20秒：拍產品質地，旁白：這是外用油膏，依標示使用。
20-32秒：切入主題「別把長期疼痛只當小問題」，說明適合日常局部按摩保養情境。
32-40秒：安全提醒：關節腫痛、紅熱、長期疼痛或行走困難，請就醫評估。
40-45秒：想看藥證查詢方式，請看置頂或私訊。",衛署成製015614，乙類成藥，資料可至衛福部中藥許可證系統查詢。外用產品請依標示使用；身體不適、症狀持續或惡化時，請諮詢醫師或藥師。想看藥證查詢與外盒標示，請看置頂或私訊索取。,9:16實拍短影音：外盒標示、藥證查詢、質地近拍、客服入口,建議搭配：外盒標示實拍、藥證查詢截圖、產品質地短影片、客服回覆截圖（遮個資）。,衛福部中藥許可證：衛署成製015614；類別：乙類成藥；劑型：油膏劑。,退換貨、付款、客服、出貨、價格、通路與任何見證內容，發布前須由人工確認。
TikTok_LINE275_V2,LINE275,2026-10-19,12:00,TikTok,冷氣房肩頸緊繃保養,B,低,pending_legal_pharmacist_review,false,冷氣房肩頸緊繃保養,"0-3秒：買一條根，先別急著下單，先看這三個地方。
3-10秒：鏡頭拍外盒標示與衛署成製015614。
10-20秒：拍產品質地，旁白：這是外用油膏，依標示使用。
20-32秒：切入主題「冷氣房肩頸緊繃保養」，說明適合日常局部按摩保養情境。
32-40秒：安全提醒：若痠痛持續、麻木或影響活動，請諮詢醫師或藥師。
40-45秒：想看藥證查詢方式，請看置頂或私訊。",衛署成製015614，乙類成藥，資料可至衛福部中藥許可證系統查詢。外用產品請依標示使用；身體不適、症狀持續或惡化時，請諮詢醫師或藥師。想看藥證查詢與外盒標示，請看置頂或私訊索取。,9:16實拍短影音：外盒標示、藥證查詢、質地近拍、客服入口,建議搭配：外盒標示實拍、藥證查詢截圖、產品質地短影片、客服回覆截圖（遮個資）。,衛福部中藥許可證：衛署成製015614；類別：乙類成藥；劑型：油膏劑。,退換貨、付款、客服、出貨、價格、通路與任何見證內容，發布前須由人工確認。
TikTok_LINE276_V2,LINE276,2026-10-19,20:00,TikTok,產品不是神藥，定位要講清楚,A,中,pending_legal_pharmacist_review,false,產品不是神藥，定位要講清楚,"0-3秒：買一條根，先別急著下單，先看這三個地方。
3-10秒：鏡頭拍外盒標示與衛署成製015614。
10-20秒：拍產品質地，旁白：這是外用油膏，依標示使用。
20-32秒：切入主題「產品不是神藥，定位要講清楚」，說明適合日常局部按摩保養情境。
32-40秒：安全提醒：僅供外用；避免眼周、黏膜、破皮或傷口。
40-45秒：想看藥證查詢方式，請看置頂或私訊。",衛署成製015614，乙類成藥，資料可至衛福部中藥許可證系統查詢。外用產品請依標示使用；身體不適、症狀持續或惡化時，請諮詢醫師或藥師。想看藥證查詢與外盒標示，請看置頂或私訊索取。,9:16實拍短影音：外盒標示、藥證查詢、質地近拍、客服入口,建議搭配：外盒標示實拍、藥證查詢截圖、產品質地短影片、客服回覆截圖（遮個資）。,衛福部中藥許可證：衛署成製015614；類別：乙類成藥；劑型：油膏劑。,退換貨、付款、客服、出貨、價格、通路與任何見證內容，發布前須由人工確認。
TikTok_LINE277_V2,LINE277,2026-10-20,12:00,TikTok,立冬前後的日常舒緩儀式,F,低,pending_legal_pharmacist_review,false,立冬前後的日常舒緩儀式,"0-3秒：買一條根，先別急著下單，先看這三個地方。
3-10秒：鏡頭拍外盒標示與衛署成製015614。
10-20秒：拍產品質地，旁白：這是外用油膏，依標示使用。
20-32秒：切入主題「立冬前後的日常舒緩儀式」，說明適合日常局部按摩保養情境。
32-40秒：安全提醒：節氣養生屬一般生活資訊，身體不適仍應諮詢專業人員。
40-45秒：想看藥證查詢方式，請看置頂或私訊。",衛署成製015614，乙類成藥，資料可至衛福部中藥許可證系統查詢。外用產品請依標示使用；身體不適、症狀持續或惡化時，請諮詢醫師或藥師。想看藥證查詢與外盒標示，請看置頂或私訊索取。,9:16實拍短影音：外盒標示、藥證查詢、質地近拍、客服入口,建議搭配：外盒標示實拍、藥證查詢截圖、產品質地短影片、客服回覆截圖（遮個資）。,衛福部中藥許可證：衛署成製015614；類別：乙類成藥；劑型：油膏劑。,退換貨、付款、客服、出貨、價格、通路與任何見證內容，發布前須由人工確認。
TikTok_LINE278_V2,LINE278,2026-10-20,20:00,TikTok,深層症狀不適合自行處理,E,高,pending_legal_pharmacist_review,false,深層症狀不適合自行處理,"0-3秒：買一條根，先別急著下單，先看這三個地方。
3-10秒：鏡頭拍外盒標示與衛署成製015614。
10-20秒：拍產品質地，旁白：這是外用油膏，依標示使用。
20-32秒：切入主題「深層症狀不適合自行處理」，說明適合日常局部按摩保養情境。
32-40秒：安全提醒：2 歲以下、孕哺、過敏體質、抗凝血藥使用者請先詢問專業人員。
40-45秒：想看藥證查詢方式，請看置頂或私訊。",衛署成製015614，乙類成藥，資料可至衛福部中藥許可證系統查詢。外用產品請依標示使用；身體不適、症狀持續或惡化時，請諮詢醫師或藥師。想看藥證查詢與外盒標示，請看置頂或私訊索取。,9:16實拍短影音：外盒標示、藥證查詢、質地近拍、客服入口,建議搭配：外盒標示實拍、藥證查詢截圖、產品質地短影片、客服回覆截圖（遮個資）。,衛福部中藥許可證：衛署成製015614；類別：乙類成藥；劑型：油膏劑。,退換貨、付款、客服、出貨、價格、通路與任何見證內容，發布前須由人工確認。
TikTok_LINE279_V2,LINE279,2026-10-21,12:00,TikTok,買外用膏先看三件事,H,中,pending_legal_pharmacist_review,false,買外用膏先看三件事,"0-3秒：買一條根，先別急著下單，先看這三個地方。
3-10秒：鏡頭拍外盒標示與衛署成製015614。
10-20秒：拍產品質地，旁白：這是外用油膏，依標示使用。
20-32秒：切入主題「買外用膏先看三件事」，說明適合日常局部按摩保養情境。
32-40秒：安全提醒：所有廣告文案仍須依主管機關與專業人員審核。
40-45秒：想看藥證查詢方式，請看置頂或私訊。",衛署成製015614，乙類成藥，資料可至衛福部中藥許可證系統查詢。外用產品請依標示使用；身體不適、症狀持續或惡化時，請諮詢醫師或藥師。想看藥證查詢與外盒標示，請看置頂或私訊索取。,9:16實拍短影音：外盒標示、藥證查詢、質地近拍、客服入口,建議搭配：外盒標示實拍、藥證查詢截圖、產品質地短影片、客服回覆截圖（遮個資）。,衛福部中藥許可證：衛署成製015614；類別：乙類成藥；劑型：油膏劑。,退換貨、付款、客服、出貨、價格、通路與任何見證內容，發布前須由人工確認。
TikTok_LINE280_V2,LINE280,2026-10-21,20:00,TikTok,哪些情況應該先就醫,G,低,pending_legal_pharmacist_review,false,哪些情況應該先就醫,"0-3秒：買一條根，先別急著下單，先看這三個地方。
3-10秒：鏡頭拍外盒標示與衛署成製015614。
10-20秒：拍產品質地，旁白：這是外用油膏，依標示使用。
20-32秒：切入主題「哪些情況應該先就醫」，說明適合日常局部按摩保養情境。
32-40秒：安全提醒：互動回答不取代醫師或藥師建議。
40-45秒：想看藥證查詢方式，請看置頂或私訊。",衛署成製015614，乙類成藥，資料可至衛福部中藥許可證系統查詢。外用產品請依標示使用；身體不適、症狀持續或惡化時，請諮詢醫師或藥師。想看藥證查詢與外盒標示，請看置頂或私訊索取。,9:16實拍短影音：外盒標示、藥證查詢、質地近拍、客服入口,建議搭配：外盒標示實拍、藥證查詢截圖、產品質地短影片、客服回覆截圖（遮個資）。,衛福部中藥許可證：衛署成製015614；類別：乙類成藥；劑型：油膏劑。,退換貨、付款、客服、出貨、價格、通路與任何見證內容，發布前須由人工確認。
TikTok_LINE281_V2,LINE281,2026-10-22,12:00,TikTok,運動後局部痠痛的保守處理,C,中,pending_legal_pharmacist_review,false,運動後局部痠痛的保守處理,"0-3秒：買一條根，先別急著下單，先看這三個地方。
3-10秒：鏡頭拍外盒標示與衛署成製015614。
10-20秒：拍產品質地，旁白：這是外用油膏，依標示使用。
20-32秒：切入主題「運動後局部痠痛的保守處理」，說明適合日常局部按摩保養情境。
32-40秒：安全提醒：明顯腫脹、劇痛、活動受限或疑似受傷時，請先就醫。
40-45秒：想看藥證查詢方式，請看置頂或私訊。",衛署成製015614，乙類成藥，資料可至衛福部中藥許可證系統查詢。外用產品請依標示使用；身體不適、症狀持續或惡化時，請諮詢醫師或藥師。想看藥證查詢與外盒標示，請看置頂或私訊索取。,9:16實拍短影音：外盒標示、藥證查詢、質地近拍、客服入口,建議搭配：外盒標示實拍、藥證查詢截圖、產品質地短影片、客服回覆截圖（遮個資）。,衛福部中藥許可證：衛署成製015614；類別：乙類成藥；劑型：油膏劑。,退換貨、付款、客服、出貨、價格、通路與任何見證內容，發布前須由人工確認。
TikTok_LINE282_V2,LINE282,2026-10-22,20:00,TikTok,冬青油與清涼舒緩體感,A,中,pending_legal_pharmacist_review,false,冬青油與清涼舒緩體感,"0-3秒：買一條根，先別急著下單，先看這三個地方。
3-10秒：鏡頭拍外盒標示與衛署成製015614。
10-20秒：拍產品質地，旁白：這是外用油膏，依標示使用。
20-32秒：切入主題「冬青油與清涼舒緩體感」，說明適合日常局部按摩保養情境。
32-40秒：安全提醒：僅供外用；避免眼周、黏膜、破皮或傷口。
40-45秒：想看藥證查詢方式，請看置頂或私訊。",衛署成製015614，乙類成藥，資料可至衛福部中藥許可證系統查詢。外用產品請依標示使用；身體不適、症狀持續或惡化時，請諮詢醫師或藥師。想看藥證查詢與外盒標示，請看置頂或私訊索取。,9:16實拍短影音：外盒標示、藥證查詢、質地近拍、客服入口,建議搭配：外盒標示實拍、藥證查詢截圖、產品質地短影片、客服回覆截圖（遮個資）。,衛福部中藥許可證：衛署成製015614；類別：乙類成藥；劑型：油膏劑。,退換貨、付款、客服、出貨、價格、通路與任何見證內容，發布前須由人工確認。
TikTok_LINE283_V2,LINE283,2026-10-23,12:00,TikTok,早晨活動前的關節暖身,D,中,pending_legal_pharmacist_review,false,早晨活動前的關節暖身,"0-3秒：買一條根，先別急著下單，先看這三個地方。
3-10秒：鏡頭拍外盒標示與衛署成製015614。
10-20秒：拍產品質地，旁白：這是外用油膏，依標示使用。
20-32秒：切入主題「早晨活動前的關節暖身」，說明適合日常局部按摩保養情境。
32-40秒：安全提醒：關節腫痛、紅熱、長期疼痛或行走困難，請就醫評估。
40-45秒：想看藥證查詢方式，請看置頂或私訊。",衛署成製015614，乙類成藥，資料可至衛福部中藥許可證系統查詢。外用產品請依標示使用；身體不適、症狀持續或惡化時，請諮詢醫師或藥師。想看藥證查詢與外盒標示，請看置頂或私訊索取。,9:16實拍短影音：外盒標示、藥證查詢、質地近拍、客服入口,建議搭配：外盒標示實拍、藥證查詢截圖、產品質地短影片、客服回覆截圖（遮個資）。,衛福部中藥許可證：衛署成製015614；類別：乙類成藥；劑型：油膏劑。,退換貨、付款、客服、出貨、價格、通路與任何見證內容，發布前須由人工確認。
TikTok_LINE284_V2,LINE284,2026-10-23,20:00,TikTok,不能擦在破皮或傷口,E,高,pending_legal_pharmacist_review,false,不能擦在破皮或傷口,"0-3秒：買一條根，先別急著下單，先看這三個地方。
3-10秒：鏡頭拍外盒標示與衛署成製015614。
10-20秒：拍產品質地，旁白：這是外用油膏，依標示使用。
20-32秒：切入主題「不能擦在破皮或傷口」，說明適合日常局部按摩保養情境。
32-40秒：安全提醒：2 歲以下、孕哺、過敏體質、抗凝血藥使用者請先詢問專業人員。
40-45秒：想看藥證查詢方式，請看置頂或私訊。",衛署成製015614，乙類成藥，資料可至衛福部中藥許可證系統查詢。外用產品請依標示使用；身體不適、症狀持續或惡化時，請諮詢醫師或藥師。想看藥證查詢與外盒標示，請看置頂或私訊索取。,9:16實拍短影音：外盒標示、藥證查詢、質地近拍、客服入口,建議搭配：外盒標示實拍、藥證查詢截圖、產品質地短影片、客服回覆截圖（遮個資）。,衛福部中藥許可證：衛署成製015614；類別：乙類成藥；劑型：油膏劑。,退換貨、付款、客服、出貨、價格、通路與任何見證內容，發布前須由人工確認。
TikTok_LINE285_V2,LINE285,2026-10-24,12:00,TikTok,芒種後濕熱生活保養,F,低,pending_legal_pharmacist_review,false,芒種後濕熱生活保養,"0-3秒：買一條根，先別急著下單，先看這三個地方。
3-10秒：鏡頭拍外盒標示與衛署成製015614。
10-20秒：拍產品質地，旁白：這是外用油膏，依標示使用。
20-32秒：切入主題「芒種後濕熱生活保養」，說明適合日常局部按摩保養情境。
32-40秒：安全提醒：節氣養生屬一般生活資訊，身體不適仍應諮詢專業人員。
40-45秒：想看藥證查詢方式，請看置頂或私訊。",衛署成製015614，乙類成藥，資料可至衛福部中藥許可證系統查詢。外用產品請依標示使用；身體不適、症狀持續或惡化時，請諮詢醫師或藥師。想看藥證查詢與外盒標示，請看置頂或私訊索取。,9:16實拍短影音：外盒標示、藥證查詢、質地近拍、客服入口,建議搭配：外盒標示實拍、藥證查詢截圖、產品質地短影片、客服回覆截圖（遮個資）。,衛福部中藥許可證：衛署成製015614；類別：乙類成藥；劑型：油膏劑。,退換貨、付款、客服、出貨、價格、通路與任何見證內容，發布前須由人工確認。
TikTok_LINE286_V2,LINE286,2026-10-24,20:00,TikTok,久站後小腿不適舒緩,C,中,pending_legal_pharmacist_review,false,久站後小腿不適舒緩,"0-3秒：買一條根，先別急著下單，先看這三個地方。
3-10秒：鏡頭拍外盒標示與衛署成製015614。
10-20秒：拍產品質地，旁白：這是外用油膏，依標示使用。
20-32秒：切入主題「久站後小腿不適舒緩」，說明適合日常局部按摩保養情境。
32-40秒：安全提醒：明顯腫脹、劇痛、活動受限或疑似受傷時，請先就醫。
40-45秒：想看藥證查詢方式，請看置頂或私訊。",衛署成製015614，乙類成藥，資料可至衛福部中藥許可證系統查詢。外用產品請依標示使用；身體不適、症狀持續或惡化時，請諮詢醫師或藥師。想看藥證查詢與外盒標示，請看置頂或私訊索取。,9:16實拍短影音：外盒標示、藥證查詢、質地近拍、客服入口,建議搭配：外盒標示實拍、藥證查詢截圖、產品質地短影片、客服回覆截圖（遮個資）。,衛福部中藥許可證：衛署成製015614；類別：乙類成藥；劑型：油膏劑。,退換貨、付款、客服、出貨、價格、通路與任何見證內容，發布前須由人工確認。
TikTok_LINE287_V2,LINE287,2026-10-25,12:00,TikTok,你最常哪個部位緊繃,G,低,pending_legal_pharmacist_review,false,你最常哪個部位緊繃,"0-3秒：買一條根，先別急著下單，先看這三個地方。
3-10秒：鏡頭拍外盒標示與衛署成製015614。
10-20秒：拍產品質地，旁白：這是外用油膏，依標示使用。
20-32秒：切入主題「你最常哪個部位緊繃」，說明適合日常局部按摩保養情境。
32-40秒：安全提醒：互動回答不取代醫師或藥師建議。
40-45秒：想看藥證查詢方式，請看置頂或私訊。",衛署成製015614，乙類成藥，資料可至衛福部中藥許可證系統查詢。外用產品請依標示使用；身體不適、症狀持續或惡化時，請諮詢醫師或藥師。想看藥證查詢與外盒標示，請看置頂或私訊索取。,9:16實拍短影音：外盒標示、藥證查詢、質地近拍、客服入口,建議搭配：外盒標示實拍、藥證查詢截圖、產品質地短影片、客服回覆截圖（遮個資）。,衛福部中藥許可證：衛署成製015614；類別：乙類成藥；劑型：油膏劑。,退換貨、付款、客服、出貨、價格、通路與任何見證內容，發布前須由人工確認。
TikTok_LINE288_V2,LINE288,2026-10-25,20:00,TikTok,長輩外用膏使用安全,D,中,pending_legal_pharmacist_review,false,長輩外用膏使用安全,"0-3秒：買一條根，先別急著下單，先看這三個地方。
3-10秒：鏡頭拍外盒標示與衛署成製015614。
10-20秒：拍產品質地，旁白：這是外用油膏，依標示使用。
20-32秒：切入主題「長輩外用膏使用安全」，說明適合日常局部按摩保養情境。
32-40秒：安全提醒：關節腫痛、紅熱、長期疼痛或行走困難，請就醫評估。
40-45秒：想看藥證查詢方式，請看置頂或私訊。",衛署成製015614，乙類成藥，資料可至衛福部中藥許可證系統查詢。外用產品請依標示使用；身體不適、症狀持續或惡化時，請諮詢醫師或藥師。想看藥證查詢與外盒標示，請看置頂或私訊索取。,9:16實拍短影音：外盒標示、藥證查詢、質地近拍、客服入口,建議搭配：外盒標示實拍、藥證查詢截圖、產品質地短影片、客服回覆截圖（遮個資）。,衛福部中藥許可證：衛署成製015614；類別：乙類成藥；劑型：油膏劑。,退換貨、付款、客服、出貨、價格、通路與任何見證內容，發布前須由人工確認。
TikTok_LINE289_V2,LINE289,2026-10-26,12:00,TikTok,低頭族肩頸緊繃的三個提醒,B,低,pending_legal_pharmacist_review,false,低頭族肩頸緊繃的三個提醒,"0-3秒：買一條根，先別急著下單，先看這三個地方。
3-10秒：鏡頭拍外盒標示與衛署成製015614。
10-20秒：拍產品質地，旁白：這是外用油膏，依標示使用。
20-32秒：切入主題「低頭族肩頸緊繃的三個提醒」，說明適合日常局部按摩保養情境。
32-40秒：安全提醒：若痠痛持續、麻木或影響活動，請諮詢醫師或藥師。
40-45秒：想看藥證查詢方式，請看置頂或私訊。",衛署成製015614，乙類成藥，資料可至衛福部中藥許可證系統查詢。外用產品請依標示使用；身體不適、症狀持續或惡化時，請諮詢醫師或藥師。想看藥證查詢與外盒標示，請看置頂或私訊索取。,9:16實拍短影音：外盒標示、藥證查詢、質地近拍、客服入口,建議搭配：外盒標示實拍、藥證查詢截圖、產品質地短影片、客服回覆截圖（遮個資）。,衛福部中藥許可證：衛署成製015614；類別：乙類成藥；劑型：油膏劑。,退換貨、付款、客服、出貨、價格、通路與任何見證內容，發布前須由人工確認。
TikTok_LINE290_V2,LINE290,2026-10-26,20:00,TikTok,薄荷腦帶來的涼感來源,A,中,pending_legal_pharmacist_review,false,薄荷腦帶來的涼感來源,"0-3秒：買一條根，先別急著下單，先看這三個地方。
3-10秒：鏡頭拍外盒標示與衛署成製015614。
10-20秒：拍產品質地，旁白：這是外用油膏，依標示使用。
20-32秒：切入主題「薄荷腦帶來的涼感來源」，說明適合日常局部按摩保養情境。
32-40秒：安全提醒：僅供外用；避免眼周、黏膜、破皮或傷口。
40-45秒：想看藥證查詢方式，請看置頂或私訊。",衛署成製015614，乙類成藥，資料可至衛福部中藥許可證系統查詢。外用產品請依標示使用；身體不適、症狀持續或惡化時，請諮詢醫師或藥師。想看藥證查詢與外盒標示，請看置頂或私訊索取。,9:16實拍短影音：外盒標示、藥證查詢、質地近拍、客服入口,建議搭配：外盒標示實拍、藥證查詢截圖、產品質地短影片、客服回覆截圖（遮個資）。,衛福部中藥許可證：衛署成製015614；類別：乙類成藥；劑型：油膏劑。,退換貨、付款、客服、出貨、價格、通路與任何見證內容，發布前須由人工確認。
TikTok_LINE291_V2,LINE291,2026-10-27,12:00,TikTok,夏季冷氣房的肩頸保養,F,低,pending_legal_pharmacist_review,false,夏季冷氣房的肩頸保養,"0-3秒：買一條根，先別急著下單，先看這三個地方。
3-10秒：鏡頭拍外盒標示與衛署成製015614。
10-20秒：拍產品質地，旁白：這是外用油膏，依標示使用。
20-32秒：切入主題「夏季冷氣房的肩頸保養」，說明適合日常局部按摩保養情境。
32-40秒：安全提醒：節氣養生屬一般生活資訊，身體不適仍應諮詢專業人員。
40-45秒：想看藥證查詢方式，請看置頂或私訊。",衛署成製015614，乙類成藥，資料可至衛福部中藥許可證系統查詢。外用產品請依標示使用；身體不適、症狀持續或惡化時，請諮詢醫師或藥師。想看藥證查詢與外盒標示，請看置頂或私訊索取。,9:16實拍短影音：外盒標示、藥證查詢、質地近拍、客服入口,建議搭配：外盒標示實拍、藥證查詢截圖、產品質地短影片、客服回覆截圖（遮個資）。,衛福部中藥許可證：衛署成製015614；類別：乙類成藥；劑型：油膏劑。,退換貨、付款、客服、出貨、價格、通路與任何見證內容，發布前須由人工確認。
TikTok_LINE292_V2,LINE292,2026-10-27,20:00,TikTok,外用膏避免眼周與黏膜,E,高,pending_legal_pharmacist_review,false,外用膏避免眼周與黏膜,"0-3秒：買一條根，先別急著下單，先看這三個地方。
3-10秒：鏡頭拍外盒標示與衛署成製015614。
10-20秒：拍產品質地，旁白：這是外用油膏，依標示使用。
20-32秒：切入主題「外用膏避免眼周與黏膜」，說明適合日常局部按摩保養情境。
32-40秒：安全提醒：2 歲以下、孕哺、過敏體質、抗凝血藥使用者請先詢問專業人員。
40-45秒：想看藥證查詢方式，請看置頂或私訊。",衛署成製015614，乙類成藥，資料可至衛福部中藥許可證系統查詢。外用產品請依標示使用；身體不適、症狀持續或惡化時，請諮詢醫師或藥師。想看藥證查詢與外盒標示，請看置頂或私訊索取。,9:16實拍短影音：外盒標示、藥證查詢、質地近拍、客服入口,建議搭配：外盒標示實拍、藥證查詢截圖、產品質地短影片、客服回覆截圖（遮個資）。,衛福部中藥許可證：衛署成製015614；類別：乙類成藥；劑型：油膏劑。,退換貨、付款、客服、出貨、價格、通路與任何見證內容，發布前須由人工確認。
TikTok_LINE293_V2,LINE293,2026-10-28,12:00,TikTok,為什麼我們重視藥證與標示,H,中,pending_legal_pharmacist_review,false,為什麼我們重視藥證與標示,"0-3秒：買一條根，先別急著下單，先看這三個地方。
3-10秒：鏡頭拍外盒標示與衛署成製015614。
10-20秒：拍產品質地，旁白：這是外用油膏，依標示使用。
20-32秒：切入主題「為什麼我們重視藥證與標示」，說明適合日常局部按摩保養情境。
32-40秒：安全提醒：所有廣告文案仍須依主管機關與專業人員審核。
40-45秒：想看藥證查詢方式，請看置頂或私訊。",衛署成製015614，乙類成藥，資料可至衛福部中藥許可證系統查詢。外用產品請依標示使用；身體不適、症狀持續或惡化時，請諮詢醫師或藥師。想看藥證查詢與外盒標示，請看置頂或私訊索取。,9:16實拍短影音：外盒標示、藥證查詢、質地近拍、客服入口,建議搭配：外盒標示實拍、藥證查詢截圖、產品質地短影片、客服回覆截圖（遮個資）。,衛福部中藥許可證：衛署成製015614；類別：乙類成藥；劑型：油膏劑。,退換貨、付款、客服、出貨、價格、通路與任何見證內容，發布前須由人工確認。
TikTok_LINE294_V2,LINE294,2026-10-28,20:00,TikTok,你習慣運動前還是運動後保養,G,低,pending_legal_pharmacist_review,false,你習慣運動前還是運動後保養,"0-3秒：買一條根，先別急著下單，先看這三個地方。
3-10秒：鏡頭拍外盒標示與衛署成製015614。
10-20秒：拍產品質地，旁白：這是外用油膏，依標示使用。
20-32秒：切入主題「你習慣運動前還是運動後保養」，說明適合日常局部按摩保養情境。
32-40秒：安全提醒：互動回答不取代醫師或藥師建議。
40-45秒：想看藥證查詢方式，請看置頂或私訊。",衛署成製015614，乙類成藥，資料可至衛福部中藥許可證系統查詢。外用產品請依標示使用；身體不適、症狀持續或惡化時，請諮詢醫師或藥師。想看藥證查詢與外盒標示，請看置頂或私訊索取。,9:16實拍短影音：外盒標示、藥證查詢、質地近拍、客服入口,建議搭配：外盒標示實拍、藥證查詢截圖、產品質地短影片、客服回覆截圖（遮個資）。,衛福部中藥許可證：衛署成製015614；類別：乙類成藥；劑型：油膏劑。,退換貨、付款、客服、出貨、價格、通路與任何見證內容，發布前須由人工確認。
TikTok_LINE295_V2,LINE295,2026-10-29,12:00,TikTok,搬重物後腰背保養,C,中,pending_legal_pharmacist_review,false,搬重物後腰背保養,"0-3秒：買一條根，先別急著下單，先看這三個地方。
3-10秒：鏡頭拍外盒標示與衛署成製015614。
10-20秒：拍產品質地，旁白：這是外用油膏，依標示使用。
20-32秒：切入主題「搬重物後腰背保養」，說明適合日常局部按摩保養情境。
32-40秒：安全提醒：明顯腫脹、劇痛、活動受限或疑似受傷時，請先就醫。
40-45秒：想看藥證查詢方式，請看置頂或私訊。",衛署成製015614，乙類成藥，資料可至衛福部中藥許可證系統查詢。外用產品請依標示使用；身體不適、症狀持續或惡化時，請諮詢醫師或藥師。想看藥證查詢與外盒標示，請看置頂或私訊索取。,9:16實拍短影音：外盒標示、藥證查詢、質地近拍、客服入口,建議搭配：外盒標示實拍、藥證查詢截圖、產品質地短影片、客服回覆截圖（遮個資）。,衛福部中藥許可證：衛署成製015614；類別：乙類成藥；劑型：油膏劑。,退換貨、付款、客服、出貨、價格、通路與任何見證內容，發布前須由人工確認。
TikTok_LINE296_V2,LINE296,2026-10-29,20:00,TikTok,樟腦外用時的注意界線,A,中,pending_legal_pharmacist_review,false,樟腦外用時的注意界線,"0-3秒：買一條根，先別急著下單，先看這三個地方。
3-10秒：鏡頭拍外盒標示與衛署成製015614。
10-20秒：拍產品質地，旁白：這是外用油膏，依標示使用。
20-32秒：切入主題「樟腦外用時的注意界線」，說明適合日常局部按摩保養情境。
32-40秒：安全提醒：僅供外用；避免眼周、黏膜、破皮或傷口。
40-45秒：想看藥證查詢方式，請看置頂或私訊。",衛署成製015614，乙類成藥，資料可至衛福部中藥許可證系統查詢。外用產品請依標示使用；身體不適、症狀持續或惡化時，請諮詢醫師或藥師。想看藥證查詢與外盒標示，請看置頂或私訊索取。,9:16實拍短影音：外盒標示、藥證查詢、質地近拍、客服入口,建議搭配：外盒標示實拍、藥證查詢截圖、產品質地短影片、客服回覆截圖（遮個資）。,衛福部中藥許可證：衛署成製015614；類別：乙類成藥；劑型：油膏劑。,退換貨、付款、客服、出貨、價格、通路與任何見證內容，發布前須由人工確認。
TikTok_LINE297_V2,LINE297,2026-10-30,12:00,TikTok,輕微關節痠痛與疾病治療要分開,D,中,pending_legal_pharmacist_review,false,輕微關節痠痛與疾病治療要分開,"0-3秒：買一條根，先別急著下單，先看這三個地方。
3-10秒：鏡頭拍外盒標示與衛署成製015614。
10-20秒：拍產品質地，旁白：這是外用油膏，依標示使用。
20-32秒：切入主題「輕微關節痠痛與疾病治療要分開」，說明適合日常局部按摩保養情境。
32-40秒：安全提醒：關節腫痛、紅熱、長期疼痛或行走困難，請就醫評估。
40-45秒：想看藥證查詢方式，請看置頂或私訊。",衛署成製015614，乙類成藥，資料可至衛福部中藥許可證系統查詢。外用產品請依標示使用；身體不適、症狀持續或惡化時，請諮詢醫師或藥師。想看藥證查詢與外盒標示，請看置頂或私訊索取。,9:16實拍短影音：外盒標示、藥證查詢、質地近拍、客服入口,建議搭配：外盒標示實拍、藥證查詢截圖、產品質地短影片、客服回覆截圖（遮個資）。,衛福部中藥許可證：衛署成製015614；類別：乙類成藥；劑型：油膏劑。,退換貨、付款、客服、出貨、價格、通路與任何見證內容，發布前須由人工確認。
TikTok_LINE298_V2,LINE298,2026-10-30,20:00,TikTok,不要搭配熱敷墊或電毯,E,高,pending_legal_pharmacist_review,false,不要搭配熱敷墊或電毯,"0-3秒：買一條根，先別急著下單，先看這三個地方。
3-10秒：鏡頭拍外盒標示與衛署成製015614。
10-20秒：拍產品質地，旁白：這是外用油膏，依標示使用。
20-32秒：切入主題「不要搭配熱敷墊或電毯」，說明適合日常局部按摩保養情境。
32-40秒：安全提醒：2 歲以下、孕哺、過敏體質、抗凝血藥使用者請先詢問專業人員。
40-45秒：想看藥證查詢方式，請看置頂或私訊。",衛署成製015614，乙類成藥，資料可至衛福部中藥許可證系統查詢。外用產品請依標示使用；身體不適、症狀持續或惡化時，請諮詢醫師或藥師。想看藥證查詢與外盒標示，請看置頂或私訊索取。,9:16實拍短影音：外盒標示、藥證查詢、質地近拍、客服入口,建議搭配：外盒標示實拍、藥證查詢截圖、產品質地短影片、客服回覆截圖（遮個資）。,衛福部中藥許可證：衛署成製015614；類別：乙類成藥；劑型：油膏劑。,退換貨、付款、客服、出貨、價格、通路與任何見證內容，發布前須由人工確認。
TikTok_LINE299_V2,LINE299,2026-10-31,12:00,TikTok,小暑前後活動舒適提醒,F,低,pending_legal_pharmacist_review,false,小暑前後活動舒適提醒,"0-3秒：買一條根，先別急著下單，先看這三個地方。
3-10秒：鏡頭拍外盒標示與衛署成製015614。
10-20秒：拍產品質地，旁白：這是外用油膏，依標示使用。
20-32秒：切入主題「小暑前後活動舒適提醒」，說明適合日常局部按摩保養情境。
32-40秒：安全提醒：節氣養生屬一般生活資訊，身體不適仍應諮詢專業人員。
40-45秒：想看藥證查詢方式，請看置頂或私訊。",衛署成製015614，乙類成藥，資料可至衛福部中藥許可證系統查詢。外用產品請依標示使用；身體不適、症狀持續或惡化時，請諮詢醫師或藥師。想看藥證查詢與外盒標示，請看置頂或私訊索取。,9:16實拍短影音：外盒標示、藥證查詢、質地近拍、客服入口,建議搭配：外盒標示實拍、藥證查詢截圖、產品質地短影片、客服回覆截圖（遮個資）。,衛福部中藥許可證：衛署成製015614；類別：乙類成藥；劑型：油膏劑。,退換貨、付款、客服、出貨、價格、通路與任何見證內容，發布前須由人工確認。
TikTok_LINE300_V2,LINE300,2026-10-31,20:00,TikTok,爬山後腿部按摩提醒,C,中,pending_legal_pharmacist_review,false,爬山後腿部按摩提醒,"0-3秒：買一條根，先別急著下單，先看這三個地方。
3-10秒：鏡頭拍外盒標示與衛署成製015614。
10-20秒：拍產品質地，旁白：這是外用油膏，依標示使用。
20-32秒：切入主題「爬山後腿部按摩提醒」，說明適合日常局部按摩保養情境。
32-40秒：安全提醒：明顯腫脹、劇痛、活動受限或疑似受傷時，請先就醫。
40-45秒：想看藥證查詢方式，請看置頂或私訊。",衛署成製015614，乙類成藥，資料可至衛福部中藥許可證系統查詢。外用產品請依標示使用；身體不適、症狀持續或惡化時，請諮詢醫師或藥師。想看藥證查詢與外盒標示，請看置頂或私訊索取。,9:16實拍短影音：外盒標示、藥證查詢、質地近拍、客服入口,建議搭配：外盒標示實拍、藥證查詢截圖、產品質地短影片、客服回覆截圖（遮個資）。,衛福部中藥許可證：衛署成製015614；類別：乙類成藥；劑型：油膏劑。,退換貨、付款、客服、出貨、價格、通路與任何見證內容，發布前須由人工確認。
TikTok_LINE301_V2,LINE301,2026-11-01,12:00,TikTok,外用膏一次擦多少才剛好,G,低,pending_legal_pharmacist_review,false,外用膏一次擦多少才剛好,"0-3秒：買一條根，先別急著下單，先看這三個地方。
3-10秒：鏡頭拍外盒標示與衛署成製015614。
10-20秒：拍產品質地，旁白：這是外用油膏，依標示使用。
20-32秒：切入主題「外用膏一次擦多少才剛好」，說明適合日常局部按摩保養情境。
32-40秒：安全提醒：互動回答不取代醫師或藥師建議。
40-45秒：想看藥證查詢方式，請看置頂或私訊。",衛署成製015614，乙類成藥，資料可至衛福部中藥許可證系統查詢。外用產品請依標示使用；身體不適、症狀持續或惡化時，請諮詢醫師或藥師。想看藥證查詢與外盒標示，請看置頂或私訊索取。,9:16實拍短影音：外盒標示、藥證查詢、質地近拍、客服入口,建議搭配：外盒標示實拍、藥證查詢截圖、產品質地短影片、客服回覆截圖（遮個資）。,衛福部中藥許可證：衛署成製015614；類別：乙類成藥；劑型：油膏劑。,退換貨、付款、客服、出貨、價格、通路與任何見證內容，發布前須由人工確認。
TikTok_LINE302_V2,LINE302,2026-11-01,20:00,TikTok,散步後的膝周保養,D,中,pending_legal_pharmacist_review,false,散步後的膝周保養,"0-3秒：買一條根，先別急著下單，先看這三個地方。
3-10秒：鏡頭拍外盒標示與衛署成製015614。
10-20秒：拍產品質地，旁白：這是外用油膏，依標示使用。
20-32秒：切入主題「散步後的膝周保養」，說明適合日常局部按摩保養情境。
32-40秒：安全提醒：關節腫痛、紅熱、長期疼痛或行走困難，請就醫評估。
40-45秒：想看藥證查詢方式，請看置頂或私訊。",衛署成製015614，乙類成藥，資料可至衛福部中藥許可證系統查詢。外用產品請依標示使用；身體不適、症狀持續或惡化時，請諮詢醫師或藥師。想看藥證查詢與外盒標示，請看置頂或私訊索取。,9:16實拍短影音：外盒標示、藥證查詢、質地近拍、客服入口,建議搭配：外盒標示實拍、藥證查詢截圖、產品質地短影片、客服回覆截圖（遮個資）。,衛福部中藥許可證：衛署成製015614；類別：乙類成藥；劑型：油膏劑。,退換貨、付款、客服、出貨、價格、通路與任何見證內容，發布前須由人工確認。
TikTok_LINE303_V2,LINE303,2026-11-02,12:00,TikTok,午休前的肩頸放鬆流程,B,低,pending_legal_pharmacist_review,false,午休前的肩頸放鬆流程,"0-3秒：買一條根，先別急著下單，先看這三個地方。
3-10秒：鏡頭拍外盒標示與衛署成製015614。
10-20秒：拍產品質地，旁白：這是外用油膏，依標示使用。
20-32秒：切入主題「午休前的肩頸放鬆流程」，說明適合日常局部按摩保養情境。
32-40秒：安全提醒：若痠痛持續、麻木或影響活動，請諮詢醫師或藥師。
40-45秒：想看藥證查詢方式，請看置頂或私訊。",衛署成製015614，乙類成藥，資料可至衛福部中藥許可證系統查詢。外用產品請依標示使用；身體不適、症狀持續或惡化時，請諮詢醫師或藥師。想看藥證查詢與外盒標示，請看置頂或私訊索取。,9:16實拍短影音：外盒標示、藥證查詢、質地近拍、客服入口,建議搭配：外盒標示實拍、藥證查詢截圖、產品質地短影片、客服回覆截圖（遮個資）。,衛福部中藥許可證：衛署成製015614；類別：乙類成藥；劑型：油膏劑。,退換貨、付款、客服、出貨、價格、通路與任何見證內容，發布前須由人工確認。
TikTok_LINE304_V2,LINE304,2026-11-02,20:00,TikTok,油膏劑為什麼適合局部按摩,A,中,pending_legal_pharmacist_review,false,油膏劑為什麼適合局部按摩,"0-3秒：買一條根，先別急著下單，先看這三個地方。
3-10秒：鏡頭拍外盒標示與衛署成製015614。
10-20秒：拍產品質地，旁白：這是外用油膏，依標示使用。
20-32秒：切入主題「油膏劑為什麼適合局部按摩」，說明適合日常局部按摩保養情境。
32-40秒：安全提醒：僅供外用；避免眼周、黏膜、破皮或傷口。
40-45秒：想看藥證查詢方式，請看置頂或私訊。",衛署成製015614，乙類成藥，資料可至衛福部中藥許可證系統查詢。外用產品請依標示使用；身體不適、症狀持續或惡化時，請諮詢醫師或藥師。想看藥證查詢與外盒標示，請看置頂或私訊索取。,9:16實拍短影音：外盒標示、藥證查詢、質地近拍、客服入口,建議搭配：外盒標示實拍、藥證查詢截圖、產品質地短影片、客服回覆截圖（遮個資）。,衛福部中藥許可證：衛署成製015614；類別：乙類成藥；劑型：油膏劑。,退換貨、付款、客服、出貨、價格、通路與任何見證內容，發布前須由人工確認。
TikTok_LINE305_V2,LINE305,2026-11-03,12:00,TikTok,大暑午後少久站硬撐,F,低,pending_legal_pharmacist_review,false,大暑午後少久站硬撐,"0-3秒：買一條根，先別急著下單，先看這三個地方。
3-10秒：鏡頭拍外盒標示與衛署成製015614。
10-20秒：拍產品質地，旁白：這是外用油膏，依標示使用。
20-32秒：切入主題「大暑午後少久站硬撐」，說明適合日常局部按摩保養情境。
32-40秒：安全提醒：節氣養生屬一般生活資訊，身體不適仍應諮詢專業人員。
40-45秒：想看藥證查詢方式，請看置頂或私訊。",衛署成製015614，乙類成藥，資料可至衛福部中藥許可證系統查詢。外用產品請依標示使用；身體不適、症狀持續或惡化時，請諮詢醫師或藥師。想看藥證查詢與外盒標示，請看置頂或私訊索取。,9:16實拍短影音：外盒標示、藥證查詢、質地近拍、客服入口,建議搭配：外盒標示實拍、藥證查詢截圖、產品質地短影片、客服回覆截圖（遮個資）。,衛福部中藥許可證：衛署成製015614；類別：乙類成藥；劑型：油膏劑。,退換貨、付款、客服、出貨、價格、通路與任何見證內容，發布前須由人工確認。
TikTok_LINE306_V2,LINE306,2026-11-03,20:00,TikTok,不要密封包紮或大面積厚敷,E,高,pending_legal_pharmacist_review,false,不要密封包紮或大面積厚敷,"0-3秒：買一條根，先別急著下單，先看這三個地方。
3-10秒：鏡頭拍外盒標示與衛署成製015614。
10-20秒：拍產品質地，旁白：這是外用油膏，依標示使用。
20-32秒：切入主題「不要密封包紮或大面積厚敷」，說明適合日常局部按摩保養情境。
32-40秒：安全提醒：2 歲以下、孕哺、過敏體質、抗凝血藥使用者請先詢問專業人員。
40-45秒：想看藥證查詢方式，請看置頂或私訊。",衛署成製015614，乙類成藥，資料可至衛福部中藥許可證系統查詢。外用產品請依標示使用；身體不適、症狀持續或惡化時，請諮詢醫師或藥師。想看藥證查詢與外盒標示，請看置頂或私訊索取。,9:16實拍短影音：外盒標示、藥證查詢、質地近拍、客服入口,建議搭配：外盒標示實拍、藥證查詢截圖、產品質地短影片、客服回覆截圖（遮個資）。,衛福部中藥許可證：衛署成製015614；類別：乙類成藥；劑型：油膏劑。,退換貨、付款、客服、出貨、價格、通路與任何見證內容，發布前須由人工確認。
TikTok_LINE307_V2,LINE307,2026-11-04,12:00,TikTok,藥證可查代表什麼,H,中,pending_legal_pharmacist_review,false,藥證可查代表什麼,"0-3秒：買一條根，先別急著下單，先看這三個地方。
3-10秒：鏡頭拍外盒標示與衛署成製015614。
10-20秒：拍產品質地，旁白：這是外用油膏，依標示使用。
20-32秒：切入主題「藥證可查代表什麼」，說明適合日常局部按摩保養情境。
32-40秒：安全提醒：所有廣告文案仍須依主管機關與專業人員審核。
40-45秒：想看藥證查詢方式，請看置頂或私訊。",衛署成製015614，乙類成藥，資料可至衛福部中藥許可證系統查詢。外用產品請依標示使用；身體不適、症狀持續或惡化時，請諮詢醫師或藥師。想看藥證查詢與外盒標示，請看置頂或私訊索取。,9:16實拍短影音：外盒標示、藥證查詢、質地近拍、客服入口,建議搭配：外盒標示實拍、藥證查詢截圖、產品質地短影片、客服回覆截圖（遮個資）。,衛福部中藥許可證：衛署成製015614；類別：乙類成藥；劑型：油膏劑。,退換貨、付款、客服、出貨、價格、通路與任何見證內容，發布前須由人工確認。
TikTok_LINE308_V2,LINE308,2026-11-04,20:00,TikTok,涼感越強越有效嗎,G,低,pending_legal_pharmacist_review,false,涼感越強越有效嗎,"0-3秒：買一條根，先別急著下單，先看這三個地方。
3-10秒：鏡頭拍外盒標示與衛署成製015614。
10-20秒：拍產品質地，旁白：這是外用油膏，依標示使用。
20-32秒：切入主題「涼感越強越有效嗎」，說明適合日常局部按摩保養情境。
32-40秒：安全提醒：互動回答不取代醫師或藥師建議。
40-45秒：想看藥證查詢方式，請看置頂或私訊。",衛署成製015614，乙類成藥，資料可至衛福部中藥許可證系統查詢。外用產品請依標示使用；身體不適、症狀持續或惡化時，請諮詢醫師或藥師。想看藥證查詢與外盒標示，請看置頂或私訊索取。,9:16實拍短影音：外盒標示、藥證查詢、質地近拍、客服入口,建議搭配：外盒標示實拍、藥證查詢截圖、產品質地短影片、客服回覆截圖（遮個資）。,衛福部中藥許可證：衛署成製015614；類別：乙類成藥；劑型：油膏劑。,退換貨、付款、客服、出貨、價格、通路與任何見證內容，發布前須由人工確認。
TikTok_LINE309_V2,LINE309,2026-11-05,12:00,TikTok,重訓後肩背局部舒緩,C,中,pending_legal_pharmacist_review,false,重訓後肩背局部舒緩,"0-3秒：買一條根，先別急著下單，先看這三個地方。
3-10秒：鏡頭拍外盒標示與衛署成製015614。
10-20秒：拍產品質地，旁白：這是外用油膏，依標示使用。
20-32秒：切入主題「重訓後肩背局部舒緩」，說明適合日常局部按摩保養情境。
32-40秒：安全提醒：明顯腫脹、劇痛、活動受限或疑似受傷時，請先就醫。
40-45秒：想看藥證查詢方式，請看置頂或私訊。",衛署成製015614，乙類成藥，資料可至衛福部中藥許可證系統查詢。外用產品請依標示使用；身體不適、症狀持續或惡化時，請諮詢醫師或藥師。想看藥證查詢與外盒標示，請看置頂或私訊索取。,9:16實拍短影音：外盒標示、藥證查詢、質地近拍、客服入口,建議搭配：外盒標示實拍、藥證查詢截圖、產品質地短影片、客服回覆截圖（遮個資）。,衛福部中藥許可證：衛署成製015614；類別：乙類成藥；劑型：油膏劑。,退換貨、付款、客服、出貨、價格、通路與任何見證內容，發布前須由人工確認。
TikTok_LINE310_V2,LINE310,2026-11-05,20:00,TikTok,乙類成藥與一般保健品差異,A,中,pending_legal_pharmacist_review,false,乙類成藥與一般保健品差異,"0-3秒：買一條根，先別急著下單，先看這三個地方。
3-10秒：鏡頭拍外盒標示與衛署成製015614。
10-20秒：拍產品質地，旁白：這是外用油膏，依標示使用。
20-32秒：切入主題「乙類成藥與一般保健品差異」，說明適合日常局部按摩保養情境。
32-40秒：安全提醒：僅供外用；避免眼周、黏膜、破皮或傷口。
40-45秒：想看藥證查詢方式，請看置頂或私訊。",衛署成製015614，乙類成藥，資料可至衛福部中藥許可證系統查詢。外用產品請依標示使用；身體不適、症狀持續或惡化時，請諮詢醫師或藥師。想看藥證查詢與外盒標示，請看置頂或私訊索取。,9:16實拍短影音：外盒標示、藥證查詢、質地近拍、客服入口,建議搭配：外盒標示實拍、藥證查詢截圖、產品質地短影片、客服回覆截圖（遮個資）。,衛福部中藥許可證：衛署成製015614；類別：乙類成藥；劑型：油膏劑。,退換貨、付款、客服、出貨、價格、通路與任何見證內容，發布前須由人工確認。
TikTok_LINE311_V2,LINE311,2026-11-06,12:00,TikTok,天氣變化時的活動舒適感,D,中,pending_legal_pharmacist_review,false,天氣變化時的活動舒適感,"0-3秒：買一條根，先別急著下單，先看這三個地方。
3-10秒：鏡頭拍外盒標示與衛署成製015614。
10-20秒：拍產品質地，旁白：這是外用油膏，依標示使用。
20-32秒：切入主題「天氣變化時的活動舒適感」，說明適合日常局部按摩保養情境。
32-40秒：安全提醒：關節腫痛、紅熱、長期疼痛或行走困難，請就醫評估。
40-45秒：想看藥證查詢方式，請看置頂或私訊。",衛署成製015614，乙類成藥，資料可至衛福部中藥許可證系統查詢。外用產品請依標示使用；身體不適、症狀持續或惡化時，請諮詢醫師或藥師。想看藥證查詢與外盒標示，請看置頂或私訊索取。,9:16實拍短影音：外盒標示、藥證查詢、質地近拍、客服入口,建議搭配：外盒標示實拍、藥證查詢截圖、產品質地短影片、客服回覆截圖（遮個資）。,衛福部中藥許可證：衛署成製015614；類別：乙類成藥；劑型：油膏劑。,退換貨、付款、客服、出貨、價格、通路與任何見證內容，發布前須由人工確認。
TikTok_LINE312_V2,LINE312,2026-11-06,20:00,TikTok,水楊酸或阿斯匹靈過敏者注意,E,高,pending_legal_pharmacist_review,false,水楊酸或阿斯匹靈過敏者注意,"0-3秒：買一條根，先別急著下單，先看這三個地方。
3-10秒：鏡頭拍外盒標示與衛署成製015614。
10-20秒：拍產品質地，旁白：這是外用油膏，依標示使用。
20-32秒：切入主題「水楊酸或阿斯匹靈過敏者注意」，說明適合日常局部按摩保養情境。
32-40秒：安全提醒：2 歲以下、孕哺、過敏體質、抗凝血藥使用者請先詢問專業人員。
40-45秒：想看藥證查詢方式，請看置頂或私訊。",衛署成製015614，乙類成藥，資料可至衛福部中藥許可證系統查詢。外用產品請依標示使用；身體不適、症狀持續或惡化時，請諮詢醫師或藥師。想看藥證查詢與外盒標示，請看置頂或私訊索取。,9:16實拍短影音：外盒標示、藥證查詢、質地近拍、客服入口,建議搭配：外盒標示實拍、藥證查詢截圖、產品質地短影片、客服回覆截圖（遮個資）。,衛福部中藥許可證：衛署成製015614；類別：乙類成藥；劑型：油膏劑。,退換貨、付款、客服、出貨、價格、通路與任何見證內容，發布前須由人工確認。
TikTok_LINE313_V2,LINE313,2026-11-07,12:00,TikTok,立秋後早晚溫差保養,F,低,pending_legal_pharmacist_review,false,立秋後早晚溫差保養,"0-3秒：買一條根，先別急著下單，先看這三個地方。
3-10秒：鏡頭拍外盒標示與衛署成製015614。
10-20秒：拍產品質地，旁白：這是外用油膏，依標示使用。
20-32秒：切入主題「立秋後早晚溫差保養」，說明適合日常局部按摩保養情境。
32-40秒：安全提醒：節氣養生屬一般生活資訊，身體不適仍應諮詢專業人員。
40-45秒：想看藥證查詢方式，請看置頂或私訊。",衛署成製015614，乙類成藥，資料可至衛福部中藥許可證系統查詢。外用產品請依標示使用；身體不適、症狀持續或惡化時，請諮詢醫師或藥師。想看藥證查詢與外盒標示，請看置頂或私訊索取。,9:16實拍短影音：外盒標示、藥證查詢、質地近拍、客服入口,建議搭配：外盒標示實拍、藥證查詢截圖、產品質地短影片、客服回覆截圖（遮個資）。,衛福部中藥許可證：衛署成製015614；類別：乙類成藥；劑型：油膏劑。,退換貨、付款、客服、出貨、價格、通路與任何見證內容，發布前須由人工確認。
TikTok_LINE314_V2,LINE314,2026-11-07,20:00,TikTok,家事後手臂不適保養,C,中,pending_legal_pharmacist_review,false,家事後手臂不適保養,"0-3秒：買一條根，先別急著下單，先看這三個地方。
3-10秒：鏡頭拍外盒標示與衛署成製015614。
10-20秒：拍產品質地，旁白：這是外用油膏，依標示使用。
20-32秒：切入主題「家事後手臂不適保養」，說明適合日常局部按摩保養情境。
32-40秒：安全提醒：明顯腫脹、劇痛、活動受限或疑似受傷時，請先就醫。
40-45秒：想看藥證查詢方式，請看置頂或私訊。",衛署成製015614，乙類成藥，資料可至衛福部中藥許可證系統查詢。外用產品請依標示使用；身體不適、症狀持續或惡化時，請諮詢醫師或藥師。想看藥證查詢與外盒標示，請看置頂或私訊索取。,9:16實拍短影音：外盒標示、藥證查詢、質地近拍、客服入口,建議搭配：外盒標示實拍、藥證查詢截圖、產品質地短影片、客服回覆截圖（遮個資）。,衛福部中藥許可證：衛署成製015614；類別：乙類成藥；劑型：油膏劑。,退換貨、付款、客服、出貨、價格、通路與任何見證內容，發布前須由人工確認。
TikTok_LINE315_V2,LINE315,2026-11-08,12:00,TikTok,你有看過外用產品標示嗎,G,低,pending_legal_pharmacist_review,false,你有看過外用產品標示嗎,"0-3秒：買一條根，先別急著下單，先看這三個地方。
3-10秒：鏡頭拍外盒標示與衛署成製015614。
10-20秒：拍產品質地，旁白：這是外用油膏，依標示使用。
20-32秒：切入主題「你有看過外用產品標示嗎」，說明適合日常局部按摩保養情境。
32-40秒：安全提醒：互動回答不取代醫師或藥師建議。
40-45秒：想看藥證查詢方式，請看置頂或私訊。",衛署成製015614，乙類成藥，資料可至衛福部中藥許可證系統查詢。外用產品請依標示使用；身體不適、症狀持續或惡化時，請諮詢醫師或藥師。想看藥證查詢與外盒標示，請看置頂或私訊索取。,9:16實拍短影音：外盒標示、藥證查詢、質地近拍、客服入口,建議搭配：外盒標示實拍、藥證查詢截圖、產品質地短影片、客服回覆截圖（遮個資）。,衛福部中藥許可證：衛署成製015614；類別：乙類成藥；劑型：油膏劑。,退換貨、付款、客服、出貨、價格、通路與任何見證內容，發布前須由人工確認。
TikTok_LINE316_V2,LINE316,2026-11-08,20:00,TikTok,長輩按摩力道不要過重,D,中,pending_legal_pharmacist_review,false,長輩按摩力道不要過重,"0-3秒：買一條根，先別急著下單，先看這三個地方。
3-10秒：鏡頭拍外盒標示與衛署成製015614。
10-20秒：拍產品質地，旁白：這是外用油膏，依標示使用。
20-32秒：切入主題「長輩按摩力道不要過重」，說明適合日常局部按摩保養情境。
32-40秒：安全提醒：關節腫痛、紅熱、長期疼痛或行走困難，請就醫評估。
40-45秒：想看藥證查詢方式，請看置頂或私訊。",衛署成製015614，乙類成藥，資料可至衛福部中藥許可證系統查詢。外用產品請依標示使用；身體不適、症狀持續或惡化時，請諮詢醫師或藥師。想看藥證查詢與外盒標示，請看置頂或私訊索取。,9:16實拍短影音：外盒標示、藥證查詢、質地近拍、客服入口,建議搭配：外盒標示實拍、藥證查詢截圖、產品質地短影片、客服回覆截圖（遮個資）。,衛福部中藥許可證：衛署成製015614；類別：乙類成藥；劑型：油膏劑。,退換貨、付款、客服、出貨、價格、通路與任何見證內容，發布前須由人工確認。
TikTok_LINE317_V2,LINE317,2026-11-09,12:00,TikTok,開會久坐後的腰背舒緩,B,低,pending_legal_pharmacist_review,false,開會久坐後的腰背舒緩,"0-3秒：買一條根，先別急著下單，先看這三個地方。
3-10秒：鏡頭拍外盒標示與衛署成製015614。
10-20秒：拍產品質地，旁白：這是外用油膏，依標示使用。
20-32秒：切入主題「開會久坐後的腰背舒緩」，說明適合日常局部按摩保養情境。
32-40秒：安全提醒：若痠痛持續、麻木或影響活動，請諮詢醫師或藥師。
40-45秒：想看藥證查詢方式，請看置頂或私訊。",衛署成製015614，乙類成藥，資料可至衛福部中藥許可證系統查詢。外用產品請依標示使用；身體不適、症狀持續或惡化時，請諮詢醫師或藥師。想看藥證查詢與外盒標示，請看置頂或私訊索取。,9:16實拍短影音：外盒標示、藥證查詢、質地近拍、客服入口,建議搭配：外盒標示實拍、藥證查詢截圖、產品質地短影片、客服回覆截圖（遮個資）。,衛福部中藥許可證：衛署成製015614；類別：乙類成藥；劑型：油膏劑。,退換貨、付款、客服、出貨、價格、通路與任何見證內容，發布前須由人工確認。
TikTok_LINE318_V2,LINE318,2026-11-09,20:00,TikTok,一條根外用膏的日常定位,A,中,pending_legal_pharmacist_review,false,一條根外用膏的日常定位,"0-3秒：買一條根，先別急著下單，先看這三個地方。
3-10秒：鏡頭拍外盒標示與衛署成製015614。
10-20秒：拍產品質地，旁白：這是外用油膏，依標示使用。
20-32秒：切入主題「一條根外用膏的日常定位」，說明適合日常局部按摩保養情境。
32-40秒：安全提醒：僅供外用；避免眼周、黏膜、破皮或傷口。
40-45秒：想看藥證查詢方式，請看置頂或私訊。",衛署成製015614，乙類成藥，資料可至衛福部中藥許可證系統查詢。外用產品請依標示使用；身體不適、症狀持續或惡化時，請諮詢醫師或藥師。想看藥證查詢與外盒標示，請看置頂或私訊索取。,9:16實拍短影音：外盒標示、藥證查詢、質地近拍、客服入口,建議搭配：外盒標示實拍、藥證查詢截圖、產品質地短影片、客服回覆截圖（遮個資）。,衛福部中藥許可證：衛署成製015614；類別：乙類成藥；劑型：油膏劑。,退換貨、付款、客服、出貨、價格、通路與任何見證內容，發布前須由人工確認。
TikTok_LINE319_V2,LINE319,2026-11-10,12:00,TikTok,處暑後運動暖身提醒,F,低,pending_legal_pharmacist_review,false,處暑後運動暖身提醒,"0-3秒：買一條根，先別急著下單，先看這三個地方。
3-10秒：鏡頭拍外盒標示與衛署成製015614。
10-20秒：拍產品質地，旁白：這是外用油膏，依標示使用。
20-32秒：切入主題「處暑後運動暖身提醒」，說明適合日常局部按摩保養情境。
32-40秒：安全提醒：節氣養生屬一般生活資訊，身體不適仍應諮詢專業人員。
40-45秒：想看藥證查詢方式，請看置頂或私訊。",衛署成製015614，乙類成藥，資料可至衛福部中藥許可證系統查詢。外用產品請依標示使用；身體不適、症狀持續或惡化時，請諮詢醫師或藥師。想看藥證查詢與外盒標示，請看置頂或私訊索取。,9:16實拍短影音：外盒標示、藥證查詢、質地近拍、客服入口,建議搭配：外盒標示實拍、藥證查詢截圖、產品質地短影片、客服回覆截圖（遮個資）。,衛福部中藥許可證：衛署成製015614；類別：乙類成藥；劑型：油膏劑。,退換貨、付款、客服、出貨、價格、通路與任何見證內容，發布前須由人工確認。
TikTok_LINE320_V2,LINE320,2026-11-10,20:00,TikTok,兒童使用前的安全提醒,E,高,pending_legal_pharmacist_review,false,兒童使用前的安全提醒,"0-3秒：買一條根，先別急著下單，先看這三個地方。
3-10秒：鏡頭拍外盒標示與衛署成製015614。
10-20秒：拍產品質地，旁白：這是外用油膏，依標示使用。
20-32秒：切入主題「兒童使用前的安全提醒」，說明適合日常局部按摩保養情境。
32-40秒：安全提醒：2 歲以下、孕哺、過敏體質、抗凝血藥使用者請先詢問專業人員。
40-45秒：想看藥證查詢方式，請看置頂或私訊。",衛署成製015614，乙類成藥，資料可至衛福部中藥許可證系統查詢。外用產品請依標示使用；身體不適、症狀持續或惡化時，請諮詢醫師或藥師。想看藥證查詢與外盒標示，請看置頂或私訊索取。,9:16實拍短影音：外盒標示、藥證查詢、質地近拍、客服入口,建議搭配：外盒標示實拍、藥證查詢截圖、產品質地短影片、客服回覆截圖（遮個資）。,衛福部中藥許可證：衛署成製015614；類別：乙類成藥；劑型：油膏劑。,退換貨、付款、客服、出貨、價格、通路與任何見證內容，發布前須由人工確認。
TikTok_LINE321_V2,LINE321,2026-11-11,12:00,TikTok,外用膏廣告為什麼要保守,H,中,pending_legal_pharmacist_review,false,外用膏廣告為什麼要保守,"0-3秒：買一條根，先別急著下單，先看這三個地方。
3-10秒：鏡頭拍外盒標示與衛署成製015614。
10-20秒：拍產品質地，旁白：這是外用油膏，依標示使用。
20-32秒：切入主題「外用膏廣告為什麼要保守」，說明適合日常局部按摩保養情境。
32-40秒：安全提醒：所有廣告文案仍須依主管機關與專業人員審核。
40-45秒：想看藥證查詢方式，請看置頂或私訊。",衛署成製015614，乙類成藥，資料可至衛福部中藥許可證系統查詢。外用產品請依標示使用；身體不適、症狀持續或惡化時，請諮詢醫師或藥師。想看藥證查詢與外盒標示，請看置頂或私訊索取。,9:16實拍短影音：外盒標示、藥證查詢、質地近拍、客服入口,建議搭配：外盒標示實拍、藥證查詢截圖、產品質地短影片、客服回覆截圖（遮個資）。,衛福部中藥許可證：衛署成製015614；類別：乙類成藥；劑型：油膏劑。,退換貨、付款、客服、出貨、價格、通路與任何見證內容，發布前須由人工確認。
TikTok_LINE322_V2,LINE322,2026-11-11,20:00,TikTok,久坐族最想舒緩哪裡,G,低,pending_legal_pharmacist_review,false,久坐族最想舒緩哪裡,"0-3秒：買一條根，先別急著下單，先看這三個地方。
3-10秒：鏡頭拍外盒標示與衛署成製015614。
10-20秒：拍產品質地，旁白：這是外用油膏，依標示使用。
20-32秒：切入主題「久坐族最想舒緩哪裡」，說明適合日常局部按摩保養情境。
32-40秒：安全提醒：互動回答不取代醫師或藥師建議。
40-45秒：想看藥證查詢方式，請看置頂或私訊。",衛署成製015614，乙類成藥，資料可至衛福部中藥許可證系統查詢。外用產品請依標示使用；身體不適、症狀持續或惡化時，請諮詢醫師或藥師。想看藥證查詢與外盒標示，請看置頂或私訊索取。,9:16實拍短影音：外盒標示、藥證查詢、質地近拍、客服入口,建議搭配：外盒標示實拍、藥證查詢截圖、產品質地短影片、客服回覆截圖（遮個資）。,衛福部中藥許可證：衛署成製015614；類別：乙類成藥；劑型：油膏劑。,退換貨、付款、客服、出貨、價格、通路與任何見證內容，發布前須由人工確認。
TikTok_LINE323_V2,LINE323,2026-11-12,12:00,TikTok,跑步後膝周不適的保守提醒,C,中,pending_legal_pharmacist_review,false,跑步後膝周不適的保守提醒,"0-3秒：買一條根，先別急著下單，先看這三個地方。
3-10秒：鏡頭拍外盒標示與衛署成製015614。
10-20秒：拍產品質地，旁白：這是外用油膏，依標示使用。
20-32秒：切入主題「跑步後膝周不適的保守提醒」，說明適合日常局部按摩保養情境。
32-40秒：安全提醒：明顯腫脹、劇痛、活動受限或疑似受傷時，請先就醫。
40-45秒：想看藥證查詢方式，請看置頂或私訊。",衛署成製015614，乙類成藥，資料可至衛福部中藥許可證系統查詢。外用產品請依標示使用；身體不適、症狀持續或惡化時，請諮詢醫師或藥師。想看藥證查詢與外盒標示，請看置頂或私訊索取。,9:16實拍短影音：外盒標示、藥證查詢、質地近拍、客服入口,建議搭配：外盒標示實拍、藥證查詢截圖、產品質地短影片、客服回覆截圖（遮個資）。,衛福部中藥許可證：衛署成製015614；類別：乙類成藥；劑型：油膏劑。,退換貨、付款、客服、出貨、價格、通路與任何見證內容，發布前須由人工確認。
TikTok_LINE324_V2,LINE324,2026-11-12,20:00,TikTok,成分濃度為什麼要看標示,A,中,pending_legal_pharmacist_review,false,成分濃度為什麼要看標示,"0-3秒：買一條根，先別急著下單，先看這三個地方。
3-10秒：鏡頭拍外盒標示與衛署成製015614。
10-20秒：拍產品質地，旁白：這是外用油膏，依標示使用。
20-32秒：切入主題「成分濃度為什麼要看標示」，說明適合日常局部按摩保養情境。
32-40秒：安全提醒：僅供外用；避免眼周、黏膜、破皮或傷口。
40-45秒：想看藥證查詢方式，請看置頂或私訊。",衛署成製015614，乙類成藥，資料可至衛福部中藥許可證系統查詢。外用產品請依標示使用；身體不適、症狀持續或惡化時，請諮詢醫師或藥師。想看藥證查詢與外盒標示，請看置頂或私訊索取。,9:16實拍短影音：外盒標示、藥證查詢、質地近拍、客服入口,建議搭配：外盒標示實拍、藥證查詢截圖、產品質地短影片、客服回覆截圖（遮個資）。,衛福部中藥許可證：衛署成製015614；類別：乙類成藥；劑型：油膏劑。,退換貨、付款、客服、出貨、價格、通路與任何見證內容，發布前須由人工確認。
TikTok_LINE325_V2,LINE325,2026-11-13,12:00,TikTok,照顧爸媽時的外用提醒,D,中,pending_legal_pharmacist_review,false,照顧爸媽時的外用提醒,"0-3秒：買一條根，先別急著下單，先看這三個地方。
3-10秒：鏡頭拍外盒標示與衛署成製015614。
10-20秒：拍產品質地，旁白：這是外用油膏，依標示使用。
20-32秒：切入主題「照顧爸媽時的外用提醒」，說明適合日常局部按摩保養情境。
32-40秒：安全提醒：關節腫痛、紅熱、長期疼痛或行走困難，請就醫評估。
40-45秒：想看藥證查詢方式，請看置頂或私訊。",衛署成製015614，乙類成藥，資料可至衛福部中藥許可證系統查詢。外用產品請依標示使用；身體不適、症狀持續或惡化時，請諮詢醫師或藥師。想看藥證查詢與外盒標示，請看置頂或私訊索取。,9:16實拍短影音：外盒標示、藥證查詢、質地近拍、客服入口,建議搭配：外盒標示實拍、藥證查詢截圖、產品質地短影片、客服回覆截圖（遮個資）。,衛福部中藥許可證：衛署成製015614；類別：乙類成藥；劑型：油膏劑。,退換貨、付款、客服、出貨、價格、通路與任何見證內容，發布前須由人工確認。
TikTok_LINE326_V2,LINE326,2026-11-13,20:00,TikTok,孕婦與哺乳族群先詢問專業人員,E,高,pending_legal_pharmacist_review,false,孕婦與哺乳族群先詢問專業人員,"0-3秒：買一條根，先別急著下單，先看這三個地方。
3-10秒：鏡頭拍外盒標示與衛署成製015614。
10-20秒：拍產品質地，旁白：這是外用油膏，依標示使用。
20-32秒：切入主題「孕婦與哺乳族群先詢問專業人員」，說明適合日常局部按摩保養情境。
32-40秒：安全提醒：2 歲以下、孕哺、過敏體質、抗凝血藥使用者請先詢問專業人員。
40-45秒：想看藥證查詢方式，請看置頂或私訊。",衛署成製015614，乙類成藥，資料可至衛福部中藥許可證系統查詢。外用產品請依標示使用；身體不適、症狀持續或惡化時，請諮詢醫師或藥師。想看藥證查詢與外盒標示，請看置頂或私訊索取。,9:16實拍短影音：外盒標示、藥證查詢、質地近拍、客服入口,建議搭配：外盒標示實拍、藥證查詢截圖、產品質地短影片、客服回覆截圖（遮個資）。,衛福部中藥許可證：衛署成製015614；類別：乙類成藥；劑型：油膏劑。,退換貨、付款、客服、出貨、價格、通路與任何見證內容，發布前須由人工確認。
TikTok_LINE327_V2,LINE327,2026-11-14,12:00,TikTok,白露時節關心長輩活動,F,低,pending_legal_pharmacist_review,false,白露時節關心長輩活動,"0-3秒：買一條根，先別急著下單，先看這三個地方。
3-10秒：鏡頭拍外盒標示與衛署成製015614。
10-20秒：拍產品質地，旁白：這是外用油膏，依標示使用。
20-32秒：切入主題「白露時節關心長輩活動」，說明適合日常局部按摩保養情境。
32-40秒：安全提醒：節氣養生屬一般生活資訊，身體不適仍應諮詢專業人員。
40-45秒：想看藥證查詢方式，請看置頂或私訊。",衛署成製015614，乙類成藥，資料可至衛福部中藥許可證系統查詢。外用產品請依標示使用；身體不適、症狀持續或惡化時，請諮詢醫師或藥師。想看藥證查詢與外盒標示，請看置頂或私訊索取。,9:16實拍短影音：外盒標示、藥證查詢、質地近拍、客服入口,建議搭配：外盒標示實拍、藥證查詢截圖、產品質地短影片、客服回覆截圖（遮個資）。,衛福部中藥許可證：衛署成製015614；類別：乙類成藥；劑型：油膏劑。,退換貨、付款、客服、出貨、價格、通路與任何見證內容，發布前須由人工確認。
TikTok_LINE328_V2,LINE328,2026-11-14,20:00,TikTok,勞動後先休息再按摩,C,中,pending_legal_pharmacist_review,false,勞動後先休息再按摩,"0-3秒：買一條根，先別急著下單，先看這三個地方。
3-10秒：鏡頭拍外盒標示與衛署成製015614。
10-20秒：拍產品質地，旁白：這是外用油膏，依標示使用。
20-32秒：切入主題「勞動後先休息再按摩」，說明適合日常局部按摩保養情境。
32-40秒：安全提醒：明顯腫脹、劇痛、活動受限或疑似受傷時，請先就醫。
40-45秒：想看藥證查詢方式，請看置頂或私訊。",衛署成製015614，乙類成藥，資料可至衛福部中藥許可證系統查詢。外用產品請依標示使用；身體不適、症狀持續或惡化時，請諮詢醫師或藥師。想看藥證查詢與外盒標示，請看置頂或私訊索取。,9:16實拍短影音：外盒標示、藥證查詢、質地近拍、客服入口,建議搭配：外盒標示實拍、藥證查詢截圖、產品質地短影片、客服回覆截圖（遮個資）。,衛福部中藥許可證：衛署成製015614；類別：乙類成藥；劑型：油膏劑。,退換貨、付款、客服、出貨、價格、通路與任何見證內容，發布前須由人工確認。
TikTok_LINE329_V2,LINE329,2026-11-15,12:00,TikTok,長輩使用外用膏你會提醒什麼,G,低,pending_legal_pharmacist_review,false,長輩使用外用膏你會提醒什麼,"0-3秒：買一條根，先別急著下單，先看這三個地方。
3-10秒：鏡頭拍外盒標示與衛署成製015614。
10-20秒：拍產品質地，旁白：這是外用油膏，依標示使用。
20-32秒：切入主題「長輩使用外用膏你會提醒什麼」，說明適合日常局部按摩保養情境。
32-40秒：安全提醒：互動回答不取代醫師或藥師建議。
40-45秒：想看藥證查詢方式，請看置頂或私訊。",衛署成製015614，乙類成藥，資料可至衛福部中藥許可證系統查詢。外用產品請依標示使用；身體不適、症狀持續或惡化時，請諮詢醫師或藥師。想看藥證查詢與外盒標示，請看置頂或私訊索取。,9:16實拍短影音：外盒標示、藥證查詢、質地近拍、客服入口,建議搭配：外盒標示實拍、藥證查詢截圖、產品質地短影片、客服回覆截圖（遮個資）。,衛福部中藥許可證：衛署成製015614；類別：乙類成藥；劑型：油膏劑。,退換貨、付款、客服、出貨、價格、通路與任何見證內容，發布前須由人工確認。
TikTok_LINE330_V2,LINE330,2026-11-15,20:00,TikTok,日常活動舒適度的三個習慣,D,中,pending_legal_pharmacist_review,false,日常活動舒適度的三個習慣,"0-3秒：買一條根，先別急著下單，先看這三個地方。
3-10秒：鏡頭拍外盒標示與衛署成製015614。
10-20秒：拍產品質地，旁白：這是外用油膏，依標示使用。
20-32秒：切入主題「日常活動舒適度的三個習慣」，說明適合日常局部按摩保養情境。
32-40秒：安全提醒：關節腫痛、紅熱、長期疼痛或行走困難，請就醫評估。
40-45秒：想看藥證查詢方式，請看置頂或私訊。",衛署成製015614，乙類成藥，資料可至衛福部中藥許可證系統查詢。外用產品請依標示使用；身體不適、症狀持續或惡化時，請諮詢醫師或藥師。想看藥證查詢與外盒標示，請看置頂或私訊索取。,9:16實拍短影音：外盒標示、藥證查詢、質地近拍、客服入口,建議搭配：外盒標示實拍、藥證查詢截圖、產品質地短影片、客服回覆截圖（遮個資）。,衛福部中藥許可證：衛署成製015614；類別：乙類成藥；劑型：油膏劑。,退換貨、付款、客服、出貨、價格、通路與任何見證內容，發布前須由人工確認。
TikTok_LINE331_V2,LINE331,2026-11-16,12:00,TikTok,下班前五分鐘伸展,B,低,pending_legal_pharmacist_review,false,下班前五分鐘伸展,"0-3秒：買一條根，先別急著下單，先看這三個地方。
3-10秒：鏡頭拍外盒標示與衛署成製015614。
10-20秒：拍產品質地，旁白：這是外用油膏，依標示使用。
20-32秒：切入主題「下班前五分鐘伸展」，說明適合日常局部按摩保養情境。
32-40秒：安全提醒：若痠痛持續、麻木或影響活動，請諮詢醫師或藥師。
40-45秒：想看藥證查詢方式，請看置頂或私訊。",衛署成製015614，乙類成藥，資料可至衛福部中藥許可證系統查詢。外用產品請依標示使用；身體不適、症狀持續或惡化時，請諮詢醫師或藥師。想看藥證查詢與外盒標示，請看置頂或私訊索取。,9:16實拍短影音：外盒標示、藥證查詢、質地近拍、客服入口,建議搭配：外盒標示實拍、藥證查詢截圖、產品質地短影片、客服回覆截圖（遮個資）。,衛福部中藥許可證：衛署成製015614；類別：乙類成藥；劑型：油膏劑。,退換貨、付款、客服、出貨、價格、通路與任何見證內容，發布前須由人工確認。
TikTok_LINE332_V2,LINE332,2026-11-16,20:00,TikTok,局部按摩和大面積厚敷的差別,A,中,pending_legal_pharmacist_review,false,局部按摩和大面積厚敷的差別,"0-3秒：買一條根，先別急著下單，先看這三個地方。
3-10秒：鏡頭拍外盒標示與衛署成製015614。
10-20秒：拍產品質地，旁白：這是外用油膏，依標示使用。
20-32秒：切入主題「局部按摩和大面積厚敷的差別」，說明適合日常局部按摩保養情境。
32-40秒：安全提醒：僅供外用；避免眼周、黏膜、破皮或傷口。
40-45秒：想看藥證查詢方式，請看置頂或私訊。",衛署成製015614，乙類成藥，資料可至衛福部中藥許可證系統查詢。外用產品請依標示使用；身體不適、症狀持續或惡化時，請諮詢醫師或藥師。想看藥證查詢與外盒標示，請看置頂或私訊索取。,9:16實拍短影音：外盒標示、藥證查詢、質地近拍、客服入口,建議搭配：外盒標示實拍、藥證查詢截圖、產品質地短影片、客服回覆截圖（遮個資）。,衛福部中藥許可證：衛署成製015614；類別：乙類成藥；劑型：油膏劑。,退換貨、付款、客服、出貨、價格、通路與任何見證內容，發布前須由人工確認。
TikTok_LINE333_V2,LINE333,2026-11-17,12:00,TikTok,秋分後外出前暖身,F,低,pending_legal_pharmacist_review,false,秋分後外出前暖身,"0-3秒：買一條根，先別急著下單，先看這三個地方。
3-10秒：鏡頭拍外盒標示與衛署成製015614。
10-20秒：拍產品質地，旁白：這是外用油膏，依標示使用。
20-32秒：切入主題「秋分後外出前暖身」，說明適合日常局部按摩保養情境。
32-40秒：安全提醒：節氣養生屬一般生活資訊，身體不適仍應諮詢專業人員。
40-45秒：想看藥證查詢方式，請看置頂或私訊。",衛署成製015614，乙類成藥，資料可至衛福部中藥許可證系統查詢。外用產品請依標示使用；身體不適、症狀持續或惡化時，請諮詢醫師或藥師。想看藥證查詢與外盒標示，請看置頂或私訊索取。,9:16實拍短影音：外盒標示、藥證查詢、質地近拍、客服入口,建議搭配：外盒標示實拍、藥證查詢截圖、產品質地短影片、客服回覆截圖（遮個資）。,衛福部中藥許可證：衛署成製015614；類別：乙類成藥；劑型：油膏劑。,退換貨、付款、客服、出貨、價格、通路與任何見證內容，發布前須由人工確認。
TikTok_LINE334_V2,LINE334,2026-11-17,20:00,TikTok,症狀超過七天要停用並諮詢,E,高,pending_legal_pharmacist_review,false,症狀超過七天要停用並諮詢,"0-3秒：買一條根，先別急著下單，先看這三個地方。
3-10秒：鏡頭拍外盒標示與衛署成製015614。
10-20秒：拍產品質地，旁白：這是外用油膏，依標示使用。
20-32秒：切入主題「症狀超過七天要停用並諮詢」，說明適合日常局部按摩保養情境。
32-40秒：安全提醒：2 歲以下、孕哺、過敏體質、抗凝血藥使用者請先詢問專業人員。
40-45秒：想看藥證查詢方式，請看置頂或私訊。",衛署成製015614，乙類成藥，資料可至衛福部中藥許可證系統查詢。外用產品請依標示使用；身體不適、症狀持續或惡化時，請諮詢醫師或藥師。想看藥證查詢與外盒標示，請看置頂或私訊索取。,9:16實拍短影音：外盒標示、藥證查詢、質地近拍、客服入口,建議搭配：外盒標示實拍、藥證查詢截圖、產品質地短影片、客服回覆截圖（遮個資）。,衛福部中藥許可證：衛署成製015614；類別：乙類成藥；劑型：油膏劑。,退換貨、付款、客服、出貨、價格、通路與任何見證內容，發布前須由人工確認。
TikTok_LINE335_V2,LINE335,2026-11-18,12:00,TikTok,成分透明是基本功,H,中,pending_legal_pharmacist_review,false,成分透明是基本功,"0-3秒：買一條根，先別急著下單，先看這三個地方。
3-10秒：鏡頭拍外盒標示與衛署成製015614。
10-20秒：拍產品質地，旁白：這是外用油膏，依標示使用。
20-32秒：切入主題「成分透明是基本功」，說明適合日常局部按摩保養情境。
32-40秒：安全提醒：所有廣告文案仍須依主管機關與專業人員審核。
40-45秒：想看藥證查詢方式，請看置頂或私訊。",衛署成製015614，乙類成藥，資料可至衛福部中藥許可證系統查詢。外用產品請依標示使用；身體不適、症狀持續或惡化時，請諮詢醫師或藥師。想看藥證查詢與外盒標示，請看置頂或私訊索取。,9:16實拍短影音：外盒標示、藥證查詢、質地近拍、客服入口,建議搭配：外盒標示實拍、藥證查詢截圖、產品質地短影片、客服回覆截圖（遮個資）。,衛福部中藥許可證：衛署成製015614；類別：乙類成藥；劑型：油膏劑。,退換貨、付款、客服、出貨、價格、通路與任何見證內容，發布前須由人工確認。
TikTok_LINE336_V2,LINE336,2026-11-18,20:00,TikTok,一條根可以天天厚敷嗎,G,低,pending_legal_pharmacist_review,false,一條根可以天天厚敷嗎,"0-3秒：買一條根，先別急著下單，先看這三個地方。
3-10秒：鏡頭拍外盒標示與衛署成製015614。
10-20秒：拍產品質地，旁白：這是外用油膏，依標示使用。
20-32秒：切入主題「一條根可以天天厚敷嗎」，說明適合日常局部按摩保養情境。
32-40秒：安全提醒：互動回答不取代醫師或藥師建議。
40-45秒：想看藥證查詢方式，請看置頂或私訊。",衛署成製015614，乙類成藥，資料可至衛福部中藥許可證系統查詢。外用產品請依標示使用；身體不適、症狀持續或惡化時，請諮詢醫師或藥師。想看藥證查詢與外盒標示，請看置頂或私訊索取。,9:16實拍短影音：外盒標示、藥證查詢、質地近拍、客服入口,建議搭配：外盒標示實拍、藥證查詢截圖、產品質地短影片、客服回覆截圖（遮個資）。,衛福部中藥許可證：衛署成製015614；類別：乙類成藥；劑型：油膏劑。,退換貨、付款、客服、出貨、價格、通路與任何見證內容，發布前須由人工確認。
TikTok_LINE337_V2,LINE337,2026-11-19,12:00,TikTok,運動後不要立刻熱敷加藥膏,C,中,pending_legal_pharmacist_review,false,運動後不要立刻熱敷加藥膏,"0-3秒：買一條根，先別急著下單，先看這三個地方。
3-10秒：鏡頭拍外盒標示與衛署成製015614。
10-20秒：拍產品質地，旁白：這是外用油膏，依標示使用。
20-32秒：切入主題「運動後不要立刻熱敷加藥膏」，說明適合日常局部按摩保養情境。
32-40秒：安全提醒：明顯腫脹、劇痛、活動受限或疑似受傷時，請先就醫。
40-45秒：想看藥證查詢方式，請看置頂或私訊。",衛署成製015614，乙類成藥，資料可至衛福部中藥許可證系統查詢。外用產品請依標示使用；身體不適、症狀持續或惡化時，請諮詢醫師或藥師。想看藥證查詢與外盒標示，請看置頂或私訊索取。,9:16實拍短影音：外盒標示、藥證查詢、質地近拍、客服入口,建議搭配：外盒標示實拍、藥證查詢截圖、產品質地短影片、客服回覆截圖（遮個資）。,衛福部中藥許可證：衛署成製015614；類別：乙類成藥；劑型：油膏劑。,退換貨、付款、客服、出貨、價格、通路與任何見證內容，發布前須由人工確認。
TikTok_LINE338_V2,LINE338,2026-11-19,20:00,TikTok,使用前先小範圍測試,A,中,pending_legal_pharmacist_review,false,使用前先小範圍測試,"0-3秒：買一條根，先別急著下單，先看這三個地方。
3-10秒：鏡頭拍外盒標示與衛署成製015614。
10-20秒：拍產品質地，旁白：這是外用油膏，依標示使用。
20-32秒：切入主題「使用前先小範圍測試」，說明適合日常局部按摩保養情境。
32-40秒：安全提醒：僅供外用；避免眼周、黏膜、破皮或傷口。
40-45秒：想看藥證查詢方式，請看置頂或私訊。",衛署成製015614，乙類成藥，資料可至衛福部中藥許可證系統查詢。外用產品請依標示使用；身體不適、症狀持續或惡化時，請諮詢醫師或藥師。想看藥證查詢與外盒標示，請看置頂或私訊索取。,9:16實拍短影音：外盒標示、藥證查詢、質地近拍、客服入口,建議搭配：外盒標示實拍、藥證查詢截圖、產品質地短影片、客服回覆截圖（遮個資）。,衛福部中藥許可證：衛署成製015614；類別：乙類成藥；劑型：油膏劑。,退換貨、付款、客服、出貨、價格、通路與任何見證內容，發布前須由人工確認。
TikTok_LINE339_V2,LINE339,2026-11-20,12:00,TikTok,長輩使用前先看標示,D,中,pending_legal_pharmacist_review,false,長輩使用前先看標示,"0-3秒：買一條根，先別急著下單，先看這三個地方。
3-10秒：鏡頭拍外盒標示與衛署成製015614。
10-20秒：拍產品質地，旁白：這是外用油膏，依標示使用。
20-32秒：切入主題「長輩使用前先看標示」，說明適合日常局部按摩保養情境。
32-40秒：安全提醒：關節腫痛、紅熱、長期疼痛或行走困難，請就醫評估。
40-45秒：想看藥證查詢方式，請看置頂或私訊。",衛署成製015614，乙類成藥，資料可至衛福部中藥許可證系統查詢。外用產品請依標示使用；身體不適、症狀持續或惡化時，請諮詢醫師或藥師。想看藥證查詢與外盒標示，請看置頂或私訊索取。,9:16實拍短影音：外盒標示、藥證查詢、質地近拍、客服入口,建議搭配：外盒標示實拍、藥證查詢截圖、產品質地短影片、客服回覆截圖（遮個資）。,衛福部中藥許可證：衛署成製015614；類別：乙類成藥；劑型：油膏劑。,退換貨、付款、客服、出貨、價格、通路與任何見證內容，發布前須由人工確認。
TikTok_LINE340_V2,LINE340,2026-11-20,20:00,TikTok,皮膚刺激時要停止使用,E,高,pending_legal_pharmacist_review,false,皮膚刺激時要停止使用,"0-3秒：買一條根，先別急著下單，先看這三個地方。
3-10秒：鏡頭拍外盒標示與衛署成製015614。
10-20秒：拍產品質地，旁白：這是外用油膏，依標示使用。
20-32秒：切入主題「皮膚刺激時要停止使用」，說明適合日常局部按摩保養情境。
32-40秒：安全提醒：2 歲以下、孕哺、過敏體質、抗凝血藥使用者請先詢問專業人員。
40-45秒：想看藥證查詢方式，請看置頂或私訊。",衛署成製015614，乙類成藥，資料可至衛福部中藥許可證系統查詢。外用產品請依標示使用；身體不適、症狀持續或惡化時，請諮詢醫師或藥師。想看藥證查詢與外盒標示，請看置頂或私訊索取。,9:16實拍短影音：外盒標示、藥證查詢、質地近拍、客服入口,建議搭配：外盒標示實拍、藥證查詢截圖、產品質地短影片、客服回覆截圖（遮個資）。,衛福部中藥許可證：衛署成製015614；類別：乙類成藥；劑型：油膏劑。,退換貨、付款、客服、出貨、價格、通路與任何見證內容，發布前須由人工確認。
TikTok_LINE341_V2,LINE341,2026-11-21,12:00,TikTok,寒露後肩背保養,F,低,pending_legal_pharmacist_review,false,寒露後肩背保養,"0-3秒：買一條根，先別急著下單，先看這三個地方。
3-10秒：鏡頭拍外盒標示與衛署成製015614。
10-20秒：拍產品質地，旁白：這是外用油膏，依標示使用。
20-32秒：切入主題「寒露後肩背保養」，說明適合日常局部按摩保養情境。
32-40秒：安全提醒：節氣養生屬一般生活資訊，身體不適仍應諮詢專業人員。
40-45秒：想看藥證查詢方式，請看置頂或私訊。",衛署成製015614，乙類成藥，資料可至衛福部中藥許可證系統查詢。外用產品請依標示使用；身體不適、症狀持續或惡化時，請諮詢醫師或藥師。想看藥證查詢與外盒標示，請看置頂或私訊索取。,9:16實拍短影音：外盒標示、藥證查詢、質地近拍、客服入口,建議搭配：外盒標示實拍、藥證查詢截圖、產品質地短影片、客服回覆截圖（遮個資）。,衛福部中藥許可證：衛署成製015614；類別：乙類成藥；劑型：油膏劑。,退換貨、付款、客服、出貨、價格、通路與任何見證內容，發布前須由人工確認。
TikTok_LINE342_V2,LINE342,2026-11-21,20:00,TikTok,輕微拉扯後的觀察重點,C,中,pending_legal_pharmacist_review,false,輕微拉扯後的觀察重點,"0-3秒：買一條根，先別急著下單，先看這三個地方。
3-10秒：鏡頭拍外盒標示與衛署成製015614。
10-20秒：拍產品質地，旁白：這是外用油膏，依標示使用。
20-32秒：切入主題「輕微拉扯後的觀察重點」，說明適合日常局部按摩保養情境。
32-40秒：安全提醒：明顯腫脹、劇痛、活動受限或疑似受傷時，請先就醫。
40-45秒：想看藥證查詢方式，請看置頂或私訊。",衛署成製015614，乙類成藥，資料可至衛福部中藥許可證系統查詢。外用產品請依標示使用；身體不適、症狀持續或惡化時，請諮詢醫師或藥師。想看藥證查詢與外盒標示，請看置頂或私訊索取。,9:16實拍短影音：外盒標示、藥證查詢、質地近拍、客服入口,建議搭配：外盒標示實拍、藥證查詢截圖、產品質地短影片、客服回覆截圖（遮個資）。,衛福部中藥許可證：衛署成製015614；類別：乙類成藥；劑型：油膏劑。,退換貨、付款、客服、出貨、價格、通路與任何見證內容，發布前須由人工確認。
TikTok_LINE343_V2,LINE343,2026-11-22,12:00,TikTok,擦完可以馬上熱敷嗎,G,低,pending_legal_pharmacist_review,false,擦完可以馬上熱敷嗎,"0-3秒：買一條根，先別急著下單，先看這三個地方。
3-10秒：鏡頭拍外盒標示與衛署成製015614。
10-20秒：拍產品質地，旁白：這是外用油膏，依標示使用。
20-32秒：切入主題「擦完可以馬上熱敷嗎」，說明適合日常局部按摩保養情境。
32-40秒：安全提醒：互動回答不取代醫師或藥師建議。
40-45秒：想看藥證查詢方式，請看置頂或私訊。",衛署成製015614，乙類成藥，資料可至衛福部中藥許可證系統查詢。外用產品請依標示使用；身體不適、症狀持續或惡化時，請諮詢醫師或藥師。想看藥證查詢與外盒標示，請看置頂或私訊索取。,9:16實拍短影音：外盒標示、藥證查詢、質地近拍、客服入口,建議搭配：外盒標示實拍、藥證查詢截圖、產品質地短影片、客服回覆截圖（遮個資）。,衛福部中藥許可證：衛署成製015614；類別：乙類成藥；劑型：油膏劑。,退換貨、付款、客服、出貨、價格、通路與任何見證內容，發布前須由人工確認。
TikTok_LINE344_V2,LINE344,2026-11-22,20:00,TikTok,別把長期疼痛只當小問題,D,中,pending_legal_pharmacist_review,false,別把長期疼痛只當小問題,"0-3秒：買一條根，先別急著下單，先看這三個地方。
3-10秒：鏡頭拍外盒標示與衛署成製015614。
10-20秒：拍產品質地，旁白：這是外用油膏，依標示使用。
20-32秒：切入主題「別把長期疼痛只當小問題」，說明適合日常局部按摩保養情境。
32-40秒：安全提醒：關節腫痛、紅熱、長期疼痛或行走困難，請就醫評估。
40-45秒：想看藥證查詢方式，請看置頂或私訊。",衛署成製015614，乙類成藥，資料可至衛福部中藥許可證系統查詢。外用產品請依標示使用；身體不適、症狀持續或惡化時，請諮詢醫師或藥師。想看藥證查詢與外盒標示，請看置頂或私訊索取。,9:16實拍短影音：外盒標示、藥證查詢、質地近拍、客服入口,建議搭配：外盒標示實拍、藥證查詢截圖、產品質地短影片、客服回覆截圖（遮個資）。,衛福部中藥許可證：衛署成製015614；類別：乙類成藥；劑型：油膏劑。,退換貨、付款、客服、出貨、價格、通路與任何見證內容，發布前須由人工確認。
TikTok_LINE345_V2,LINE345,2026-11-23,12:00,TikTok,滑手機後頸部保養,B,低,pending_legal_pharmacist_review,false,滑手機後頸部保養,"0-3秒：買一條根，先別急著下單，先看這三個地方。
3-10秒：鏡頭拍外盒標示與衛署成製015614。
10-20秒：拍產品質地，旁白：這是外用油膏，依標示使用。
20-32秒：切入主題「滑手機後頸部保養」，說明適合日常局部按摩保養情境。
32-40秒：安全提醒：若痠痛持續、麻木或影響活動，請諮詢醫師或藥師。
40-45秒：想看藥證查詢方式，請看置頂或私訊。",衛署成製015614，乙類成藥，資料可至衛福部中藥許可證系統查詢。外用產品請依標示使用；身體不適、症狀持續或惡化時，請諮詢醫師或藥師。想看藥證查詢與外盒標示，請看置頂或私訊索取。,9:16實拍短影音：外盒標示、藥證查詢、質地近拍、客服入口,建議搭配：外盒標示實拍、藥證查詢截圖、產品質地短影片、客服回覆截圖（遮個資）。,衛福部中藥許可證：衛署成製015614；類別：乙類成藥；劑型：油膏劑。,退換貨、付款、客服、出貨、價格、通路與任何見證內容，發布前須由人工確認。
TikTok_LINE346_V2,LINE346,2026-11-23,20:00,TikTok,產品不是神藥，定位要講清楚,A,中,pending_legal_pharmacist_review,false,產品不是神藥，定位要講清楚,"0-3秒：買一條根，先別急著下單，先看這三個地方。
3-10秒：鏡頭拍外盒標示與衛署成製015614。
10-20秒：拍產品質地，旁白：這是外用油膏，依標示使用。
20-32秒：切入主題「產品不是神藥，定位要講清楚」，說明適合日常局部按摩保養情境。
32-40秒：安全提醒：僅供外用；避免眼周、黏膜、破皮或傷口。
40-45秒：想看藥證查詢方式，請看置頂或私訊。",衛署成製015614，乙類成藥，資料可至衛福部中藥許可證系統查詢。外用產品請依標示使用；身體不適、症狀持續或惡化時，請諮詢醫師或藥師。想看藥證查詢與外盒標示，請看置頂或私訊索取。,9:16實拍短影音：外盒標示、藥證查詢、質地近拍、客服入口,建議搭配：外盒標示實拍、藥證查詢截圖、產品質地短影片、客服回覆截圖（遮個資）。,衛福部中藥許可證：衛署成製015614；類別：乙類成藥；劑型：油膏劑。,退換貨、付款、客服、出貨、價格、通路與任何見證內容，發布前須由人工確認。
TikTok_LINE347_V2,LINE347,2026-11-24,12:00,TikTok,立冬前後的日常舒緩儀式,F,低,pending_legal_pharmacist_review,false,立冬前後的日常舒緩儀式,"0-3秒：買一條根，先別急著下單，先看這三個地方。
3-10秒：鏡頭拍外盒標示與衛署成製015614。
10-20秒：拍產品質地，旁白：這是外用油膏，依標示使用。
20-32秒：切入主題「立冬前後的日常舒緩儀式」，說明適合日常局部按摩保養情境。
32-40秒：安全提醒：節氣養生屬一般生活資訊，身體不適仍應諮詢專業人員。
40-45秒：想看藥證查詢方式，請看置頂或私訊。",衛署成製015614，乙類成藥，資料可至衛福部中藥許可證系統查詢。外用產品請依標示使用；身體不適、症狀持續或惡化時，請諮詢醫師或藥師。想看藥證查詢與外盒標示，請看置頂或私訊索取。,9:16實拍短影音：外盒標示、藥證查詢、質地近拍、客服入口,建議搭配：外盒標示實拍、藥證查詢截圖、產品質地短影片、客服回覆截圖（遮個資）。,衛福部中藥許可證：衛署成製015614；類別：乙類成藥；劑型：油膏劑。,退換貨、付款、客服、出貨、價格、通路與任何見證內容，發布前須由人工確認。
TikTok_LINE348_V2,LINE348,2026-11-24,20:00,TikTok,深層症狀不適合自行處理,E,高,pending_legal_pharmacist_review,false,深層症狀不適合自行處理,"0-3秒：買一條根，先別急著下單，先看這三個地方。
3-10秒：鏡頭拍外盒標示與衛署成製015614。
10-20秒：拍產品質地，旁白：這是外用油膏，依標示使用。
20-32秒：切入主題「深層症狀不適合自行處理」，說明適合日常局部按摩保養情境。
32-40秒：安全提醒：2 歲以下、孕哺、過敏體質、抗凝血藥使用者請先詢問專業人員。
40-45秒：想看藥證查詢方式，請看置頂或私訊。",衛署成製015614，乙類成藥，資料可至衛福部中藥許可證系統查詢。外用產品請依標示使用；身體不適、症狀持續或惡化時，請諮詢醫師或藥師。想看藥證查詢與外盒標示，請看置頂或私訊索取。,9:16實拍短影音：外盒標示、藥證查詢、質地近拍、客服入口,建議搭配：外盒標示實拍、藥證查詢截圖、產品質地短影片、客服回覆截圖（遮個資）。,衛福部中藥許可證：衛署成製015614；類別：乙類成藥；劑型：油膏劑。,退換貨、付款、客服、出貨、價格、通路與任何見證內容，發布前須由人工確認。
TikTok_LINE349_V2,LINE349,2026-11-25,12:00,TikTok,每篇貼文都要人工審核,H,中,pending_legal_pharmacist_review,false,每篇貼文都要人工審核,"0-3秒：買一條根，先別急著下單，先看這三個地方。
3-10秒：鏡頭拍外盒標示與衛署成製015614。
10-20秒：拍產品質地，旁白：這是外用油膏，依標示使用。
20-32秒：切入主題「每篇貼文都要人工審核」，說明適合日常局部按摩保養情境。
32-40秒：安全提醒：所有廣告文案仍須依主管機關與專業人員審核。
40-45秒：想看藥證查詢方式，請看置頂或私訊。",衛署成製015614，乙類成藥，資料可至衛福部中藥許可證系統查詢。外用產品請依標示使用；身體不適、症狀持續或惡化時，請諮詢醫師或藥師。想看藥證查詢與外盒標示，請看置頂或私訊索取。,9:16實拍短影音：外盒標示、藥證查詢、質地近拍、客服入口,建議搭配：外盒標示實拍、藥證查詢截圖、產品質地短影片、客服回覆截圖（遮個資）。,衛福部中藥許可證：衛署成製015614；類別：乙類成藥；劑型：油膏劑。,退換貨、付款、客服、出貨、價格、通路與任何見證內容，發布前須由人工確認。
TikTok_LINE350_V2,LINE350,2026-11-25,20:00,TikTok,哪些情況應該先就醫,G,低,pending_legal_pharmacist_review,false,哪些情況應該先就醫,"0-3秒：買一條根，先別急著下單，先看這三個地方。
3-10秒：鏡頭拍外盒標示與衛署成製015614。
10-20秒：拍產品質地，旁白：這是外用油膏，依標示使用。
20-32秒：切入主題「哪些情況應該先就醫」，說明適合日常局部按摩保養情境。
32-40秒：安全提醒：互動回答不取代醫師或藥師建議。
40-45秒：想看藥證查詢方式，請看置頂或私訊。",衛署成製015614，乙類成藥，資料可至衛福部中藥許可證系統查詢。外用產品請依標示使用；身體不適、症狀持續或惡化時，請諮詢醫師或藥師。想看藥證查詢與外盒標示，請看置頂或私訊索取。,9:16實拍短影音：外盒標示、藥證查詢、質地近拍、客服入口,建議搭配：外盒標示實拍、藥證查詢截圖、產品質地短影片、客服回覆截圖（遮個資）。,衛福部中藥許可證：衛署成製015614；類別：乙類成藥；劑型：油膏劑。,退換貨、付款、客服、出貨、價格、通路與任何見證內容，發布前須由人工確認。
TikTok_LINE351_V2,LINE351,2026-11-26,12:00,TikTok,運動後局部痠痛的保守處理,C,中,pending_legal_pharmacist_review,false,運動後局部痠痛的保守處理,"0-3秒：買一條根，先別急著下單，先看這三個地方。
3-10秒：鏡頭拍外盒標示與衛署成製015614。
10-20秒：拍產品質地，旁白：這是外用油膏，依標示使用。
20-32秒：切入主題「運動後局部痠痛的保守處理」，說明適合日常局部按摩保養情境。
32-40秒：安全提醒：明顯腫脹、劇痛、活動受限或疑似受傷時，請先就醫。
40-45秒：想看藥證查詢方式，請看置頂或私訊。",衛署成製015614，乙類成藥，資料可至衛福部中藥許可證系統查詢。外用產品請依標示使用；身體不適、症狀持續或惡化時，請諮詢醫師或藥師。想看藥證查詢與外盒標示，請看置頂或私訊索取。,9:16實拍短影音：外盒標示、藥證查詢、質地近拍、客服入口,建議搭配：外盒標示實拍、藥證查詢截圖、產品質地短影片、客服回覆截圖（遮個資）。,衛福部中藥許可證：衛署成製015614；類別：乙類成藥；劑型：油膏劑。,退換貨、付款、客服、出貨、價格、通路與任何見證內容，發布前須由人工確認。
TikTok_LINE352_V2,LINE352,2026-11-26,20:00,TikTok,冬青油與清涼舒緩體感,A,中,pending_legal_pharmacist_review,false,冬青油與清涼舒緩體感,"0-3秒：買一條根，先別急著下單，先看這三個地方。
3-10秒：鏡頭拍外盒標示與衛署成製015614。
10-20秒：拍產品質地，旁白：這是外用油膏，依標示使用。
20-32秒：切入主題「冬青油與清涼舒緩體感」，說明適合日常局部按摩保養情境。
32-40秒：安全提醒：僅供外用；避免眼周、黏膜、破皮或傷口。
40-45秒：想看藥證查詢方式，請看置頂或私訊。",衛署成製015614，乙類成藥，資料可至衛福部中藥許可證系統查詢。外用產品請依標示使用；身體不適、症狀持續或惡化時，請諮詢醫師或藥師。想看藥證查詢與外盒標示，請看置頂或私訊索取。,9:16實拍短影音：外盒標示、藥證查詢、質地近拍、客服入口,建議搭配：外盒標示實拍、藥證查詢截圖、產品質地短影片、客服回覆截圖（遮個資）。,衛福部中藥許可證：衛署成製015614；類別：乙類成藥；劑型：油膏劑。,退換貨、付款、客服、出貨、價格、通路與任何見證內容，發布前須由人工確認。
TikTok_LINE353_V2,LINE353,2026-11-27,12:00,TikTok,早晨活動前的關節暖身,D,中,pending_legal_pharmacist_review,false,早晨活動前的關節暖身,"0-3秒：買一條根，先別急著下單，先看這三個地方。
3-10秒：鏡頭拍外盒標示與衛署成製015614。
10-20秒：拍產品質地，旁白：這是外用油膏，依標示使用。
20-32秒：切入主題「早晨活動前的關節暖身」，說明適合日常局部按摩保養情境。
32-40秒：安全提醒：關節腫痛、紅熱、長期疼痛或行走困難，請就醫評估。
40-45秒：想看藥證查詢方式，請看置頂或私訊。",衛署成製015614，乙類成藥，資料可至衛福部中藥許可證系統查詢。外用產品請依標示使用；身體不適、症狀持續或惡化時，請諮詢醫師或藥師。想看藥證查詢與外盒標示，請看置頂或私訊索取。,9:16實拍短影音：外盒標示、藥證查詢、質地近拍、客服入口,建議搭配：外盒標示實拍、藥證查詢截圖、產品質地短影片、客服回覆截圖（遮個資）。,衛福部中藥許可證：衛署成製015614；類別：乙類成藥；劑型：油膏劑。,退換貨、付款、客服、出貨、價格、通路與任何見證內容，發布前須由人工確認。
TikTok_LINE354_V2,LINE354,2026-11-27,20:00,TikTok,不能擦在破皮或傷口,E,高,pending_legal_pharmacist_review,false,不能擦在破皮或傷口,"0-3秒：買一條根，先別急著下單，先看這三個地方。
3-10秒：鏡頭拍外盒標示與衛署成製015614。
10-20秒：拍產品質地，旁白：這是外用油膏，依標示使用。
20-32秒：切入主題「不能擦在破皮或傷口」，說明適合日常局部按摩保養情境。
32-40秒：安全提醒：2 歲以下、孕哺、過敏體質、抗凝血藥使用者請先詢問專業人員。
40-45秒：想看藥證查詢方式，請看置頂或私訊。",衛署成製015614，乙類成藥，資料可至衛福部中藥許可證系統查詢。外用產品請依標示使用；身體不適、症狀持續或惡化時，請諮詢醫師或藥師。想看藥證查詢與外盒標示，請看置頂或私訊索取。,9:16實拍短影音：外盒標示、藥證查詢、質地近拍、客服入口,建議搭配：外盒標示實拍、藥證查詢截圖、產品質地短影片、客服回覆截圖（遮個資）。,衛福部中藥許可證：衛署成製015614；類別：乙類成藥；劑型：油膏劑。,退換貨、付款、客服、出貨、價格、通路與任何見證內容，發布前須由人工確認。
TikTok_LINE355_V2,LINE355,2026-11-28,12:00,TikTok,芒種後濕熱生活保養,F,低,pending_legal_pharmacist_review,false,芒種後濕熱生活保養,"0-3秒：買一條根，先別急著下單，先看這三個地方。
3-10秒：鏡頭拍外盒標示與衛署成製015614。
10-20秒：拍產品質地，旁白：這是外用油膏，依標示使用。
20-32秒：切入主題「芒種後濕熱生活保養」，說明適合日常局部按摩保養情境。
32-40秒：安全提醒：節氣養生屬一般生活資訊，身體不適仍應諮詢專業人員。
40-45秒：想看藥證查詢方式，請看置頂或私訊。",衛署成製015614，乙類成藥，資料可至衛福部中藥許可證系統查詢。外用產品請依標示使用；身體不適、症狀持續或惡化時，請諮詢醫師或藥師。想看藥證查詢與外盒標示，請看置頂或私訊索取。,9:16實拍短影音：外盒標示、藥證查詢、質地近拍、客服入口,建議搭配：外盒標示實拍、藥證查詢截圖、產品質地短影片、客服回覆截圖（遮個資）。,衛福部中藥許可證：衛署成製015614；類別：乙類成藥；劑型：油膏劑。,退換貨、付款、客服、出貨、價格、通路與任何見證內容，發布前須由人工確認。
TikTok_LINE356_V2,LINE356,2026-11-28,20:00,TikTok,久站後小腿不適舒緩,C,中,pending_legal_pharmacist_review,false,久站後小腿不適舒緩,"0-3秒：買一條根，先別急著下單，先看這三個地方。
3-10秒：鏡頭拍外盒標示與衛署成製015614。
10-20秒：拍產品質地，旁白：這是外用油膏，依標示使用。
20-32秒：切入主題「久站後小腿不適舒緩」，說明適合日常局部按摩保養情境。
32-40秒：安全提醒：明顯腫脹、劇痛、活動受限或疑似受傷時，請先就醫。
40-45秒：想看藥證查詢方式，請看置頂或私訊。",衛署成製015614，乙類成藥，資料可至衛福部中藥許可證系統查詢。外用產品請依標示使用；身體不適、症狀持續或惡化時，請諮詢醫師或藥師。想看藥證查詢與外盒標示，請看置頂或私訊索取。,9:16實拍短影音：外盒標示、藥證查詢、質地近拍、客服入口,建議搭配：外盒標示實拍、藥證查詢截圖、產品質地短影片、客服回覆截圖（遮個資）。,衛福部中藥許可證：衛署成製015614；類別：乙類成藥；劑型：油膏劑。,退換貨、付款、客服、出貨、價格、通路與任何見證內容，發布前須由人工確認。
TikTok_LINE357_V2,LINE357,2026-11-29,12:00,TikTok,你最常哪個部位緊繃,G,低,pending_legal_pharmacist_review,false,你最常哪個部位緊繃,"0-3秒：買一條根，先別急著下單，先看這三個地方。
3-10秒：鏡頭拍外盒標示與衛署成製015614。
10-20秒：拍產品質地，旁白：這是外用油膏，依標示使用。
20-32秒：切入主題「你最常哪個部位緊繃」，說明適合日常局部按摩保養情境。
32-40秒：安全提醒：互動回答不取代醫師或藥師建議。
40-45秒：想看藥證查詢方式，請看置頂或私訊。",衛署成製015614，乙類成藥，資料可至衛福部中藥許可證系統查詢。外用產品請依標示使用；身體不適、症狀持續或惡化時，請諮詢醫師或藥師。想看藥證查詢與外盒標示，請看置頂或私訊索取。,9:16實拍短影音：外盒標示、藥證查詢、質地近拍、客服入口,建議搭配：外盒標示實拍、藥證查詢截圖、產品質地短影片、客服回覆截圖（遮個資）。,衛福部中藥許可證：衛署成製015614；類別：乙類成藥；劑型：油膏劑。,退換貨、付款、客服、出貨、價格、通路與任何見證內容，發布前須由人工確認。
TikTok_LINE358_V2,LINE358,2026-11-29,20:00,TikTok,長輩外用膏使用安全,D,中,pending_legal_pharmacist_review,false,長輩外用膏使用安全,"0-3秒：買一條根，先別急著下單，先看這三個地方。
3-10秒：鏡頭拍外盒標示與衛署成製015614。
10-20秒：拍產品質地，旁白：這是外用油膏，依標示使用。
20-32秒：切入主題「長輩外用膏使用安全」，說明適合日常局部按摩保養情境。
32-40秒：安全提醒：關節腫痛、紅熱、長期疼痛或行走困難，請就醫評估。
40-45秒：想看藥證查詢方式，請看置頂或私訊。",衛署成製015614，乙類成藥，資料可至衛福部中藥許可證系統查詢。外用產品請依標示使用；身體不適、症狀持續或惡化時，請諮詢醫師或藥師。想看藥證查詢與外盒標示，請看置頂或私訊索取。,9:16實拍短影音：外盒標示、藥證查詢、質地近拍、客服入口,建議搭配：外盒標示實拍、藥證查詢截圖、產品質地短影片、客服回覆截圖（遮個資）。,衛福部中藥許可證：衛署成製015614；類別：乙類成藥；劑型：油膏劑。,退換貨、付款、客服、出貨、價格、通路與任何見證內容，發布前須由人工確認。
TikTok_LINE359_V2,LINE359,2026-11-30,12:00,TikTok,辦公桌前的姿勢檢查,B,低,pending_legal_pharmacist_review,false,辦公桌前的姿勢檢查,"0-3秒：買一條根，先別急著下單，先看這三個地方。
3-10秒：鏡頭拍外盒標示與衛署成製015614。
10-20秒：拍產品質地，旁白：這是外用油膏，依標示使用。
20-32秒：切入主題「辦公桌前的姿勢檢查」，說明適合日常局部按摩保養情境。
32-40秒：安全提醒：若痠痛持續、麻木或影響活動，請諮詢醫師或藥師。
40-45秒：想看藥證查詢方式，請看置頂或私訊。",衛署成製015614，乙類成藥，資料可至衛福部中藥許可證系統查詢。外用產品請依標示使用；身體不適、症狀持續或惡化時，請諮詢醫師或藥師。想看藥證查詢與外盒標示，請看置頂或私訊索取。,9:16實拍短影音：外盒標示、藥證查詢、質地近拍、客服入口,建議搭配：外盒標示實拍、藥證查詢截圖、產品質地短影片、客服回覆截圖（遮個資）。,衛福部中藥許可證：衛署成製015614；類別：乙類成藥；劑型：油膏劑。,退換貨、付款、客服、出貨、價格、通路與任何見證內容，發布前須由人工確認。
TikTok_LINE360_V2,LINE360,2026-11-30,20:00,TikTok,薄荷腦帶來的涼感來源,A,中,pending_legal_pharmacist_review,false,薄荷腦帶來的涼感來源,"0-3秒：買一條根，先別急著下單，先看這三個地方。
3-10秒：鏡頭拍外盒標示與衛署成製015614。
10-20秒：拍產品質地，旁白：這是外用油膏，依標示使用。
20-32秒：切入主題「薄荷腦帶來的涼感來源」，說明適合日常局部按摩保養情境。
32-40秒：安全提醒：僅供外用；避免眼周、黏膜、破皮或傷口。
40-45秒：想看藥證查詢方式，請看置頂或私訊。",衛署成製015614，乙類成藥，資料可至衛福部中藥許可證系統查詢。外用產品請依標示使用；身體不適、症狀持續或惡化時，請諮詢醫師或藥師。想看藥證查詢與外盒標示，請看置頂或私訊索取。,9:16實拍短影音：外盒標示、藥證查詢、質地近拍、客服入口,建議搭配：外盒標示實拍、藥證查詢截圖、產品質地短影片、客服回覆截圖（遮個資）。,衛福部中藥許可證：衛署成製015614；類別：乙類成藥；劑型：油膏劑。,退換貨、付款、客服、出貨、價格、通路與任何見證內容，發布前須由人工確認。
