platform_post_id,source_post_id,platform,date,time,topic_title,pillar_code,risk_level,review_status,publish_allowed,draft_title,main_text,caption_or_description,hashtags,script_or_slide_copy,mandatory_disclaimer,required_warning,forbidden_terms
LINE_OA_LINE001,LINE001,LINE 官方帳號,2026-06-04,12:00,運動後局部痠痛的保守處理,C,中,pending_legal_pharmacist_review,false,運動後局部痠痛的保守處理,"運動後局部痠痛的保守處理

運動族、搬重物、久站與勞動工作者，今天可以留意「運動後局部痠痛的保守處理」。重點不是追求誇張效果，而是運動或勞動後的局部肌肉痠痛，可短期按摩舒緩。明顯腫脹、劇痛、活動受限或疑似受傷時，請先就醫。

本產品為外用油膏，請依核准標示使用；若症狀持續或惡化，請諮詢醫師或藥師。
CTA：收藏提醒",,#運動後保養 #局部按摩 #肌肉痠痛 #依標示使用,第一行：運動後局部痠痛的保守處理｜第二行：依標示使用｜第三行：安全舒緩,本產品為外用油膏，請依核准標示使用；若症狀持續或惡化，請諮詢醫師或藥師。,明顯腫脹、劇痛、活動受限或疑似受傷時，請先就醫。,根治|治療疾病|消炎治本|打通經絡|一擦就好|保證有效|深層修復|替代藥物
LINE_OA_LINE002,LINE002,LINE 官方帳號,2026-06-04,20:00,冬青油與清涼舒緩體感,A,中,pending_legal_pharmacist_review,false,冬青油與清涼舒緩體感,"冬青油與清涼舒緩體感

已購買或正在觀望的一條根使用者，今天可以留意「冬青油與清涼舒緩體感」。重點不是追求誇張效果，而是依標示外用，提供局部按摩與暫時舒緩體感。僅供外用；避免眼周、黏膜、破皮或傷口。

本產品為外用油膏，請依核准標示使用；若症狀持續或惡化，請諮詢醫師或藥師。
CTA：私訊/了解更多",,#金牌一條根 #外用油膏 #成分透明 #依標示使用,第一行：冬青油與清涼舒緩體感｜第二行：依標示使用｜第三行：安全舒緩,本產品為外用油膏，請依核准標示使用；若症狀持續或惡化，請諮詢醫師或藥師。,僅供外用；避免眼周、黏膜、破皮或傷口。,根治|治療疾病|消炎治本|打通經絡|一擦就好|保證有效|深層修復|替代藥物
LINE_OA_LINE003,LINE003,LINE 官方帳號,2026-06-05,12:00,早晨活動前的關節暖身,D,中,pending_legal_pharmacist_review,false,早晨活動前的關節暖身,"早晨活動前的關節暖身

40-70 歲注重日常活動舒適度的族群，今天可以留意「早晨活動前的關節暖身」。重點不是追求誇張效果，而是輕微關節痠痛可短期舒緩，但不可宣稱治療疾病。關節腫痛、紅熱、長期疼痛或行走困難，請就醫評估。

本產品為外用油膏，請依核准標示使用；若症狀持續或惡化，請諮詢醫師或藥師。
CTA：收藏提醒",,#銀髮保養 #活動舒適 #輕微痠痛 #依標示使用,第一行：早晨活動前的關節暖身｜第二行：依標示使用｜第三行：安全舒緩,本產品為外用油膏，請依核准標示使用；若症狀持續或惡化，請諮詢醫師或藥師。,關節腫痛、紅熱、長期疼痛或行走困難，請就醫評估。,根治|治療疾病|消炎治本|打通經絡|一擦就好|保證有效|深層修復|替代藥物
LINE_OA_LINE004,LINE004,LINE 官方帳號,2026-06-05,20:00,不能擦在破皮或傷口,E,高,pending_legal_pharmacist_review,false,不能擦在破皮或傷口,"不能擦在破皮或傷口

所有使用者、照護者與家庭購買者，今天可以留意「不能擦在破皮或傷口」。重點不是追求誇張效果，而是安全使用比用得多更重要，依標示與風險族群提醒。2 歲以下、孕哺、過敏體質、抗凝血藥使用者請先詢問專業人員。

僅供外用。避免接觸眼睛、黏膜、破皮或傷口；特殊族群使用前請先諮詢專業人員。
CTA：私訊/了解更多",,#外用安全 #用藥安全 #使用前看標示 #諮詢醫師藥師,第一行：不能擦在破皮或傷口｜第二行：依標示使用｜第三行：安全舒緩,僅供外用。避免接觸眼睛、黏膜、破皮或傷口；特殊族群使用前請先諮詢專業人員。,2 歲以下、孕哺、過敏體質、抗凝血藥使用者請先詢問專業人員。,根治|治療疾病|消炎治本|打通經絡|一擦就好|保證有效|深層修復|替代藥物
LINE_OA_LINE005,LINE005,LINE 官方帳號,2026-06-06,12:00,芒種後濕熱生活保養,F,低,pending_legal_pharmacist_review,false,芒種後濕熱生活保養,"芒種後濕熱生活保養

喜歡養生、節氣與日常保健的 LINE 讀者，今天可以留意「芒種後濕熱生活保養」。重點不是追求誇張效果，而是以生活保健與身體覺察為主，不做醫療療效宣稱。節氣養生屬一般生活資訊，身體不適仍應諮詢專業人員。

本內容為一般生活保健資訊，非醫療診斷或治療建議。
CTA：收藏提醒",,#節氣保養 #生活保健 #日常保養 #身體覺察,第一行：芒種後濕熱生活保養｜第二行：依標示使用｜第三行：安全舒緩,本內容為一般生活保健資訊，非醫療診斷或治療建議。,節氣養生屬一般生活資訊，身體不適仍應諮詢專業人員。,根治|治療疾病|消炎治本|打通經絡|一擦就好|保證有效|深層修復|替代藥物
LINE_OA_LINE006,LINE006,LINE 官方帳號,2026-06-06,20:00,久站後小腿不適舒緩,C,中,pending_legal_pharmacist_review,false,久站後小腿不適舒緩,"久站後小腿不適舒緩

運動族、搬重物、久站與勞動工作者，今天可以留意「久站後小腿不適舒緩」。重點不是追求誇張效果，而是運動或勞動後的局部肌肉痠痛，可短期按摩舒緩。明顯腫脹、劇痛、活動受限或疑似受傷時，請先就醫。

本產品為外用油膏，請依核准標示使用；若症狀持續或惡化，請諮詢醫師或藥師。
CTA：私訊/了解更多",,#運動後保養 #局部按摩 #肌肉痠痛 #依標示使用,第一行：久站後小腿不適舒緩｜第二行：依標示使用｜第三行：安全舒緩,本產品為外用油膏，請依核准標示使用；若症狀持續或惡化，請諮詢醫師或藥師。,明顯腫脹、劇痛、活動受限或疑似受傷時，請先就醫。,根治|治療疾病|消炎治本|打通經絡|一擦就好|保證有效|深層修復|替代藥物
LINE_OA_LINE007,LINE007,LINE 官方帳號,2026-06-07,12:00,你最常哪個部位緊繃,G,低,pending_legal_pharmacist_review,false,你最常哪個部位緊繃,"你最常哪個部位緊繃

LINE OA 好友、回購客與新客，今天可以留意「你最常哪個部位緊繃」。重點不是追求誇張效果，而是用問答降低誤用，讓使用者知道何時該詢問專業人員。互動回答不取代醫師或藥師建議。

本內容為一般生活保健資訊，非醫療診斷或治療建議。
CTA：留言互動",,#互動問答 #保養知識 #使用小提醒 #金牌一條根,第一行：你最常哪個部位緊繃｜第二行：依標示使用｜第三行：安全舒緩,本內容為一般生活保健資訊，非醫療診斷或治療建議。,互動回答不取代醫師或藥師建議。,根治|治療疾病|消炎治本|打通經絡|一擦就好|保證有效|深層修復|替代藥物
LINE_OA_LINE008,LINE008,LINE 官方帳號,2026-06-07,20:00,長輩外用膏使用安全,D,中,pending_legal_pharmacist_review,false,長輩外用膏使用安全,"長輩外用膏使用安全

40-70 歲注重日常活動舒適度的族群，今天可以留意「長輩外用膏使用安全」。重點不是追求誇張效果，而是輕微關節痠痛可短期舒緩，但不可宣稱治療疾病。關節腫痛、紅熱、長期疼痛或行走困難，請就醫評估。

本產品為外用油膏，請依核准標示使用；若症狀持續或惡化，請諮詢醫師或藥師。
CTA：私訊/了解更多",,#銀髮保養 #活動舒適 #輕微痠痛 #依標示使用,第一行：長輩外用膏使用安全｜第二行：依標示使用｜第三行：安全舒緩,本產品為外用油膏，請依核准標示使用；若症狀持續或惡化，請諮詢醫師或藥師。,關節腫痛、紅熱、長期疼痛或行走困難，請就醫評估。,根治|治療疾病|消炎治本|打通經絡|一擦就好|保證有效|深層修復|替代藥物
LINE_OA_LINE009,LINE009,LINE 官方帳號,2026-06-08,12:00,低頭族肩頸緊繃的三個提醒,B,低,pending_legal_pharmacist_review,false,低頭族肩頸緊繃的三個提醒,"低頭族肩頸緊繃的三個提醒

長時間低頭、久坐、用電腦的上班族，今天可以留意「低頭族肩頸緊繃的三個提醒」。重點不是追求誇張效果，而是久坐低頭後，可搭配伸展與局部按摩舒緩緊繃不適。若痠痛持續、麻木或影響活動，請諮詢醫師或藥師。

本內容為一般生活保健資訊，非醫療診斷或治療建議。
CTA：收藏提醒",,#肩頸保養 #久坐族 #日常舒緩 #依標示使用,第一行：低頭族肩頸緊繃的三個提醒｜第二行：依標示使用｜第三行：安全舒緩,本內容為一般生活保健資訊，非醫療診斷或治療建議。,若痠痛持續、麻木或影響活動，請諮詢醫師或藥師。,根治|治療疾病|消炎治本|打通經絡|一擦就好|保證有效|深層修復|替代藥物
LINE_OA_LINE010,LINE010,LINE 官方帳號,2026-06-08,20:00,薄荷腦帶來的涼感來源,A,中,pending_legal_pharmacist_review,false,薄荷腦帶來的涼感來源,"薄荷腦帶來的涼感來源

已購買或正在觀望的一條根使用者，今天可以留意「薄荷腦帶來的涼感來源」。重點不是追求誇張效果，而是依標示外用，提供局部按摩與暫時舒緩體感。僅供外用；避免眼周、黏膜、破皮或傷口。

本產品為外用油膏，請依核准標示使用；若症狀持續或惡化，請諮詢醫師或藥師。
CTA：私訊/了解更多",,#金牌一條根 #外用油膏 #成分透明 #依標示使用,第一行：薄荷腦帶來的涼感來源｜第二行：依標示使用｜第三行：安全舒緩,本產品為外用油膏，請依核准標示使用；若症狀持續或惡化，請諮詢醫師或藥師。,僅供外用；避免眼周、黏膜、破皮或傷口。,根治|治療疾病|消炎治本|打通經絡|一擦就好|保證有效|深層修復|替代藥物
LINE_OA_LINE011,LINE011,LINE 官方帳號,2026-06-09,12:00,夏季冷氣房的肩頸保養,F,低,pending_legal_pharmacist_review,false,夏季冷氣房的肩頸保養,"夏季冷氣房的肩頸保養

喜歡養生、節氣與日常保健的 LINE 讀者，今天可以留意「夏季冷氣房的肩頸保養」。重點不是追求誇張效果，而是以生活保健與身體覺察為主，不做醫療療效宣稱。節氣養生屬一般生活資訊，身體不適仍應諮詢專業人員。

本內容為一般生活保健資訊，非醫療診斷或治療建議。
CTA：收藏提醒",,#節氣保養 #生活保健 #日常保養 #身體覺察,第一行：夏季冷氣房的肩頸保養｜第二行：依標示使用｜第三行：安全舒緩,本內容為一般生活保健資訊，非醫療診斷或治療建議。,節氣養生屬一般生活資訊，身體不適仍應諮詢專業人員。,根治|治療疾病|消炎治本|打通經絡|一擦就好|保證有效|深層修復|替代藥物
LINE_OA_LINE012,LINE012,LINE 官方帳號,2026-06-09,20:00,外用膏避免眼周與黏膜,E,高,pending_legal_pharmacist_review,false,外用膏避免眼周與黏膜,"外用膏避免眼周與黏膜

所有使用者、照護者與家庭購買者，今天可以留意「外用膏避免眼周與黏膜」。重點不是追求誇張效果，而是安全使用比用得多更重要，依標示與風險族群提醒。2 歲以下、孕哺、過敏體質、抗凝血藥使用者請先詢問專業人員。

僅供外用。避免接觸眼睛、黏膜、破皮或傷口；特殊族群使用前請先諮詢專業人員。
CTA：私訊/了解更多",,#外用安全 #用藥安全 #使用前看標示 #諮詢醫師藥師,第一行：外用膏避免眼周與黏膜｜第二行：依標示使用｜第三行：安全舒緩,僅供外用。避免接觸眼睛、黏膜、破皮或傷口；特殊族群使用前請先諮詢專業人員。,2 歲以下、孕哺、過敏體質、抗凝血藥使用者請先詢問專業人員。,根治|治療疾病|消炎治本|打通經絡|一擦就好|保證有效|深層修復|替代藥物
LINE_OA_LINE013,LINE013,LINE 官方帳號,2026-06-10,12:00,為什麼我們不說神效,H,中,pending_legal_pharmacist_review,false,為什麼我們不說神效,"為什麼我們不說神效

重視藥證、成分、品質與合法性的消費者，今天可以留意「為什麼我們不說神效」。重點不是追求誇張效果，而是強調藥證、標示、保守宣稱與人工審核流程。所有廣告文案仍須依主管機關與專業人員審核。

本產品為外用油膏，請依核准標示使用；若症狀持續或惡化，請諮詢醫師或藥師。
CTA：收藏提醒",,#藥證可查 #品牌透明 #合法宣傳 #成分透明,第一行：為什麼我們不說神效｜第二行：依標示使用｜第三行：安全舒緩,本產品為外用油膏，請依核准標示使用；若症狀持續或惡化，請諮詢醫師或藥師。,所有廣告文案仍須依主管機關與專業人員審核。,根治|治療疾病|消炎治本|打通經絡|一擦就好|保證有效|深層修復|替代藥物
LINE_OA_LINE014,LINE014,LINE 官方帳號,2026-06-10,20:00,你習慣運動前還是運動後保養,G,低,pending_legal_pharmacist_review,false,你習慣運動前還是運動後保養,"你習慣運動前還是運動後保養

LINE OA 好友、回購客與新客，今天可以留意「你習慣運動前還是運動後保養」。重點不是追求誇張效果，而是用問答降低誤用，讓使用者知道何時該詢問專業人員。互動回答不取代醫師或藥師建議。

本內容為一般生活保健資訊，非醫療診斷或治療建議。
CTA：留言互動",,#互動問答 #保養知識 #使用小提醒 #金牌一條根,第一行：你習慣運動前還是運動後保養｜第二行：依標示使用｜第三行：安全舒緩,本內容為一般生活保健資訊，非醫療診斷或治療建議。,互動回答不取代醫師或藥師建議。,根治|治療疾病|消炎治本|打通經絡|一擦就好|保證有效|深層修復|替代藥物
LINE_OA_LINE015,LINE015,LINE 官方帳號,2026-06-11,12:00,搬重物後腰背保養,C,中,pending_legal_pharmacist_review,false,搬重物後腰背保養,"搬重物後腰背保養

運動族、搬重物、久站與勞動工作者，今天可以留意「搬重物後腰背保養」。重點不是追求誇張效果，而是運動或勞動後的局部肌肉痠痛，可短期按摩舒緩。明顯腫脹、劇痛、活動受限或疑似受傷時，請先就醫。

本產品為外用油膏，請依核准標示使用；若症狀持續或惡化，請諮詢醫師或藥師。
CTA：收藏提醒",,#運動後保養 #局部按摩 #肌肉痠痛 #依標示使用,第一行：搬重物後腰背保養｜第二行：依標示使用｜第三行：安全舒緩,本產品為外用油膏，請依核准標示使用；若症狀持續或惡化，請諮詢醫師或藥師。,明顯腫脹、劇痛、活動受限或疑似受傷時，請先就醫。,根治|治療疾病|消炎治本|打通經絡|一擦就好|保證有效|深層修復|替代藥物
LINE_OA_LINE016,LINE016,LINE 官方帳號,2026-06-11,20:00,樟腦外用時的注意界線,A,中,pending_legal_pharmacist_review,false,樟腦外用時的注意界線,"樟腦外用時的注意界線

已購買或正在觀望的一條根使用者，今天可以留意「樟腦外用時的注意界線」。重點不是追求誇張效果，而是依標示外用，提供局部按摩與暫時舒緩體感。僅供外用；避免眼周、黏膜、破皮或傷口。

本產品為外用油膏，請依核准標示使用；若症狀持續或惡化，請諮詢醫師或藥師。
CTA：私訊/了解更多",,#金牌一條根 #外用油膏 #成分透明 #依標示使用,第一行：樟腦外用時的注意界線｜第二行：依標示使用｜第三行：安全舒緩,本產品為外用油膏，請依核准標示使用；若症狀持續或惡化，請諮詢醫師或藥師。,僅供外用；避免眼周、黏膜、破皮或傷口。,根治|治療疾病|消炎治本|打通經絡|一擦就好|保證有效|深層修復|替代藥物
LINE_OA_LINE017,LINE017,LINE 官方帳號,2026-06-12,12:00,輕微關節痠痛與疾病治療要分開,D,中,pending_legal_pharmacist_review,false,輕微關節痠痛與疾病治療要分開,"輕微關節痠痛與疾病治療要分開

40-70 歲注重日常活動舒適度的族群，今天可以留意「輕微關節痠痛與疾病治療要分開」。重點不是追求誇張效果，而是輕微關節痠痛可短期舒緩，但不可宣稱治療疾病。關節腫痛、紅熱、長期疼痛或行走困難，請就醫評估。

本產品為外用油膏，請依核准標示使用；若症狀持續或惡化，請諮詢醫師或藥師。
CTA：收藏提醒",,#銀髮保養 #活動舒適 #輕微痠痛 #依標示使用,第一行：輕微關節痠痛與疾病治療要分開｜第二行：依標示使用｜第三行：安全舒緩,本產品為外用油膏，請依核准標示使用；若症狀持續或惡化，請諮詢醫師或藥師。,關節腫痛、紅熱、長期疼痛或行走困難，請就醫評估。,根治|治療疾病|消炎治本|打通經絡|一擦就好|保證有效|深層修復|替代藥物
LINE_OA_LINE018,LINE018,LINE 官方帳號,2026-06-12,20:00,不要搭配熱敷墊或電毯,E,高,pending_legal_pharmacist_review,false,不要搭配熱敷墊或電毯,"不要搭配熱敷墊或電毯

所有使用者、照護者與家庭購買者，今天可以留意「不要搭配熱敷墊或電毯」。重點不是追求誇張效果，而是安全使用比用得多更重要，依標示與風險族群提醒。2 歲以下、孕哺、過敏體質、抗凝血藥使用者請先詢問專業人員。

僅供外用。避免接觸眼睛、黏膜、破皮或傷口；特殊族群使用前請先諮詢專業人員。
CTA：私訊/了解更多",,#外用安全 #用藥安全 #使用前看標示 #諮詢醫師藥師,第一行：不要搭配熱敷墊或電毯｜第二行：依標示使用｜第三行：安全舒緩,僅供外用。避免接觸眼睛、黏膜、破皮或傷口；特殊族群使用前請先諮詢專業人員。,2 歲以下、孕哺、過敏體質、抗凝血藥使用者請先詢問專業人員。,根治|治療疾病|消炎治本|打通經絡|一擦就好|保證有效|深層修復|替代藥物
LINE_OA_LINE019,LINE019,LINE 官方帳號,2026-06-13,12:00,小暑前後活動舒適提醒,F,低,pending_legal_pharmacist_review,false,小暑前後活動舒適提醒,"小暑前後活動舒適提醒

喜歡養生、節氣與日常保健的 LINE 讀者，今天可以留意「小暑前後活動舒適提醒」。重點不是追求誇張效果，而是以生活保健與身體覺察為主，不做醫療療效宣稱。節氣養生屬一般生活資訊，身體不適仍應諮詢專業人員。

本內容為一般生活保健資訊，非醫療診斷或治療建議。
CTA：收藏提醒",,#節氣保養 #生活保健 #日常保養 #身體覺察,第一行：小暑前後活動舒適提醒｜第二行：依標示使用｜第三行：安全舒緩,本內容為一般生活保健資訊，非醫療診斷或治療建議。,節氣養生屬一般生活資訊，身體不適仍應諮詢專業人員。,根治|治療疾病|消炎治本|打通經絡|一擦就好|保證有效|深層修復|替代藥物
LINE_OA_LINE020,LINE020,LINE 官方帳號,2026-06-13,20:00,爬山後腿部按摩提醒,C,中,pending_legal_pharmacist_review,false,爬山後腿部按摩提醒,"爬山後腿部按摩提醒

運動族、搬重物、久站與勞動工作者，今天可以留意「爬山後腿部按摩提醒」。重點不是追求誇張效果，而是運動或勞動後的局部肌肉痠痛，可短期按摩舒緩。明顯腫脹、劇痛、活動受限或疑似受傷時，請先就醫。

本產品為外用油膏，請依核准標示使用；若症狀持續或惡化，請諮詢醫師或藥師。
CTA：私訊/了解更多",,#運動後保養 #局部按摩 #肌肉痠痛 #依標示使用,第一行：爬山後腿部按摩提醒｜第二行：依標示使用｜第三行：安全舒緩,本產品為外用油膏，請依核准標示使用；若症狀持續或惡化，請諮詢醫師或藥師。,明顯腫脹、劇痛、活動受限或疑似受傷時，請先就醫。,根治|治療疾病|消炎治本|打通經絡|一擦就好|保證有效|深層修復|替代藥物
LINE_OA_LINE021,LINE021,LINE 官方帳號,2026-06-14,12:00,外用膏一次擦多少才剛好,G,低,pending_legal_pharmacist_review,false,外用膏一次擦多少才剛好,"外用膏一次擦多少才剛好

LINE OA 好友、回購客與新客，今天可以留意「外用膏一次擦多少才剛好」。重點不是追求誇張效果，而是用問答降低誤用，讓使用者知道何時該詢問專業人員。互動回答不取代醫師或藥師建議。

本內容為一般生活保健資訊，非醫療診斷或治療建議。
CTA：留言互動",,#互動問答 #保養知識 #使用小提醒 #金牌一條根,第一行：外用膏一次擦多少才剛好｜第二行：依標示使用｜第三行：安全舒緩,本內容為一般生活保健資訊，非醫療診斷或治療建議。,互動回答不取代醫師或藥師建議。,根治|治療疾病|消炎治本|打通經絡|一擦就好|保證有效|深層修復|替代藥物
LINE_OA_LINE022,LINE022,LINE 官方帳號,2026-06-14,20:00,散步後的膝周保養,D,中,pending_legal_pharmacist_review,false,散步後的膝周保養,"散步後的膝周保養

40-70 歲注重日常活動舒適度的族群，今天可以留意「散步後的膝周保養」。重點不是追求誇張效果，而是輕微關節痠痛可短期舒緩，但不可宣稱治療疾病。關節腫痛、紅熱、長期疼痛或行走困難，請就醫評估。

本產品為外用油膏，請依核准標示使用；若症狀持續或惡化，請諮詢醫師或藥師。
CTA：私訊/了解更多",,#銀髮保養 #活動舒適 #輕微痠痛 #依標示使用,第一行：散步後的膝周保養｜第二行：依標示使用｜第三行：安全舒緩,本產品為外用油膏，請依核准標示使用；若症狀持續或惡化，請諮詢醫師或藥師。,關節腫痛、紅熱、長期疼痛或行走困難，請就醫評估。,根治|治療疾病|消炎治本|打通經絡|一擦就好|保證有效|深層修復|替代藥物
LINE_OA_LINE023,LINE023,LINE 官方帳號,2026-06-15,12:00,午休前的肩頸放鬆流程,B,低,pending_legal_pharmacist_review,false,午休前的肩頸放鬆流程,"午休前的肩頸放鬆流程

長時間低頭、久坐、用電腦的上班族，今天可以留意「午休前的肩頸放鬆流程」。重點不是追求誇張效果，而是久坐低頭後，可搭配伸展與局部按摩舒緩緊繃不適。若痠痛持續、麻木或影響活動，請諮詢醫師或藥師。

本內容為一般生活保健資訊，非醫療診斷或治療建議。
CTA：收藏提醒",,#肩頸保養 #久坐族 #日常舒緩 #依標示使用,第一行：午休前的肩頸放鬆流程｜第二行：依標示使用｜第三行：安全舒緩,本內容為一般生活保健資訊，非醫療診斷或治療建議。,若痠痛持續、麻木或影響活動，請諮詢醫師或藥師。,根治|治療疾病|消炎治本|打通經絡|一擦就好|保證有效|深層修復|替代藥物
LINE_OA_LINE024,LINE024,LINE 官方帳號,2026-06-15,20:00,油膏劑為什麼適合局部按摩,A,中,pending_legal_pharmacist_review,false,油膏劑為什麼適合局部按摩,"油膏劑為什麼適合局部按摩

已購買或正在觀望的一條根使用者，今天可以留意「油膏劑為什麼適合局部按摩」。重點不是追求誇張效果，而是依標示外用，提供局部按摩與暫時舒緩體感。僅供外用；避免眼周、黏膜、破皮或傷口。

本產品為外用油膏，請依核准標示使用；若症狀持續或惡化，請諮詢醫師或藥師。
CTA：私訊/了解更多",,#金牌一條根 #外用油膏 #成分透明 #依標示使用,第一行：油膏劑為什麼適合局部按摩｜第二行：依標示使用｜第三行：安全舒緩,本產品為外用油膏，請依核准標示使用；若症狀持續或惡化，請諮詢醫師或藥師。,僅供外用；避免眼周、黏膜、破皮或傷口。,根治|治療疾病|消炎治本|打通經絡|一擦就好|保證有效|深層修復|替代藥物
LINE_OA_LINE025,LINE025,LINE 官方帳號,2026-06-16,12:00,大暑午後少久站硬撐,F,低,pending_legal_pharmacist_review,false,大暑午後少久站硬撐,"大暑午後少久站硬撐

喜歡養生、節氣與日常保健的 LINE 讀者，今天可以留意「大暑午後少久站硬撐」。重點不是追求誇張效果，而是以生活保健與身體覺察為主，不做醫療療效宣稱。節氣養生屬一般生活資訊，身體不適仍應諮詢專業人員。

本內容為一般生活保健資訊，非醫療診斷或治療建議。
CTA：收藏提醒",,#節氣保養 #生活保健 #日常保養 #身體覺察,第一行：大暑午後少久站硬撐｜第二行：依標示使用｜第三行：安全舒緩,本內容為一般生活保健資訊，非醫療診斷或治療建議。,節氣養生屬一般生活資訊，身體不適仍應諮詢專業人員。,根治|治療疾病|消炎治本|打通經絡|一擦就好|保證有效|深層修復|替代藥物
LINE_OA_LINE026,LINE026,LINE 官方帳號,2026-06-16,20:00,不要密封包紮或大面積厚敷,E,高,pending_legal_pharmacist_review,false,不要密封包紮或大面積厚敷,"不要密封包紮或大面積厚敷

所有使用者、照護者與家庭購買者，今天可以留意「不要密封包紮或大面積厚敷」。重點不是追求誇張效果，而是安全使用比用得多更重要，依標示與風險族群提醒。2 歲以下、孕哺、過敏體質、抗凝血藥使用者請先詢問專業人員。

僅供外用。避免接觸眼睛、黏膜、破皮或傷口；特殊族群使用前請先諮詢專業人員。
CTA：私訊/了解更多",,#外用安全 #用藥安全 #使用前看標示 #諮詢醫師藥師,第一行：不要密封包紮或大面積厚敷｜第二行：依標示使用｜第三行：安全舒緩,僅供外用。避免接觸眼睛、黏膜、破皮或傷口；特殊族群使用前請先諮詢專業人員。,2 歲以下、孕哺、過敏體質、抗凝血藥使用者請先詢問專業人員。,根治|治療疾病|消炎治本|打通經絡|一擦就好|保證有效|深層修復|替代藥物
LINE_OA_LINE027,LINE027,LINE 官方帳號,2026-06-17,12:00,藥證可查代表什麼,H,中,pending_legal_pharmacist_review,false,藥證可查代表什麼,"藥證可查代表什麼

重視藥證、成分、品質與合法性的消費者，今天可以留意「藥證可查代表什麼」。重點不是追求誇張效果，而是強調藥證、標示、保守宣稱與人工審核流程。所有廣告文案仍須依主管機關與專業人員審核。

本產品為外用油膏，請依核准標示使用；若症狀持續或惡化，請諮詢醫師或藥師。
CTA：收藏提醒",,#藥證可查 #品牌透明 #合法宣傳 #成分透明,第一行：藥證可查代表什麼｜第二行：依標示使用｜第三行：安全舒緩,本產品為外用油膏，請依核准標示使用；若症狀持續或惡化，請諮詢醫師或藥師。,所有廣告文案仍須依主管機關與專業人員審核。,根治|治療疾病|消炎治本|打通經絡|一擦就好|保證有效|深層修復|替代藥物
LINE_OA_LINE028,LINE028,LINE 官方帳號,2026-06-17,20:00,涼感越強越有效嗎,G,低,pending_legal_pharmacist_review,false,涼感越強越有效嗎,"涼感越強越有效嗎

LINE OA 好友、回購客與新客，今天可以留意「涼感越強越有效嗎」。重點不是追求誇張效果，而是用問答降低誤用，讓使用者知道何時該詢問專業人員。互動回答不取代醫師或藥師建議。

本內容為一般生活保健資訊，非醫療診斷或治療建議。
CTA：留言互動",,#互動問答 #保養知識 #使用小提醒 #金牌一條根,第一行：涼感越強越有效嗎｜第二行：依標示使用｜第三行：安全舒緩,本內容為一般生活保健資訊，非醫療診斷或治療建議。,互動回答不取代醫師或藥師建議。,根治|治療疾病|消炎治本|打通經絡|一擦就好|保證有效|深層修復|替代藥物
LINE_OA_LINE029,LINE029,LINE 官方帳號,2026-06-18,12:00,重訓後肩背局部舒緩,C,中,pending_legal_pharmacist_review,false,重訓後肩背局部舒緩,"重訓後肩背局部舒緩

運動族、搬重物、久站與勞動工作者，今天可以留意「重訓後肩背局部舒緩」。重點不是追求誇張效果，而是運動或勞動後的局部肌肉痠痛，可短期按摩舒緩。明顯腫脹、劇痛、活動受限或疑似受傷時，請先就醫。

本產品為外用油膏，請依核准標示使用；若症狀持續或惡化，請諮詢醫師或藥師。
CTA：收藏提醒",,#運動後保養 #局部按摩 #肌肉痠痛 #依標示使用,第一行：重訓後肩背局部舒緩｜第二行：依標示使用｜第三行：安全舒緩,本產品為外用油膏，請依核准標示使用；若症狀持續或惡化，請諮詢醫師或藥師。,明顯腫脹、劇痛、活動受限或疑似受傷時，請先就醫。,根治|治療疾病|消炎治本|打通經絡|一擦就好|保證有效|深層修復|替代藥物
LINE_OA_LINE030,LINE030,LINE 官方帳號,2026-06-18,20:00,乙類成藥與一般保健品差異,A,中,pending_legal_pharmacist_review,false,乙類成藥與一般保健品差異,"乙類成藥與一般保健品差異

已購買或正在觀望的一條根使用者，今天可以留意「乙類成藥與一般保健品差異」。重點不是追求誇張效果，而是依標示外用，提供局部按摩與暫時舒緩體感。僅供外用；避免眼周、黏膜、破皮或傷口。

本產品為外用油膏，請依核准標示使用；若症狀持續或惡化，請諮詢醫師或藥師。
CTA：私訊/了解更多",,#金牌一條根 #外用油膏 #成分透明 #依標示使用,第一行：乙類成藥與一般保健品差異｜第二行：依標示使用｜第三行：安全舒緩,本產品為外用油膏，請依核准標示使用；若症狀持續或惡化，請諮詢醫師或藥師。,僅供外用；避免眼周、黏膜、破皮或傷口。,根治|治療疾病|消炎治本|打通經絡|一擦就好|保證有效|深層修復|替代藥物
LINE_OA_LINE031,LINE031,LINE 官方帳號,2026-06-19,12:00,天氣變化時的活動舒適感,D,中,pending_legal_pharmacist_review,false,天氣變化時的活動舒適感,"天氣變化時的活動舒適感

40-70 歲注重日常活動舒適度的族群，今天可以留意「天氣變化時的活動舒適感」。重點不是追求誇張效果，而是輕微關節痠痛可短期舒緩，但不可宣稱治療疾病。關節腫痛、紅熱、長期疼痛或行走困難，請就醫評估。

本產品為外用油膏，請依核准標示使用；若症狀持續或惡化，請諮詢醫師或藥師。
CTA：收藏提醒",,#銀髮保養 #活動舒適 #輕微痠痛 #依標示使用,第一行：天氣變化時的活動舒適感｜第二行：依標示使用｜第三行：安全舒緩,本產品為外用油膏，請依核准標示使用；若症狀持續或惡化，請諮詢醫師或藥師。,關節腫痛、紅熱、長期疼痛或行走困難，請就醫評估。,根治|治療疾病|消炎治本|打通經絡|一擦就好|保證有效|深層修復|替代藥物
LINE_OA_LINE032,LINE032,LINE 官方帳號,2026-06-19,20:00,水楊酸或阿斯匹靈過敏者注意,E,高,pending_legal_pharmacist_review,false,水楊酸或阿斯匹靈過敏者注意,"水楊酸或阿斯匹靈過敏者注意

所有使用者、照護者與家庭購買者，今天可以留意「水楊酸或阿斯匹靈過敏者注意」。重點不是追求誇張效果，而是安全使用比用得多更重要，依標示與風險族群提醒。2 歲以下、孕哺、過敏體質、抗凝血藥使用者請先詢問專業人員。

僅供外用。避免接觸眼睛、黏膜、破皮或傷口；特殊族群使用前請先諮詢專業人員。
CTA：私訊/了解更多",,#外用安全 #用藥安全 #使用前看標示 #諮詢醫師藥師,第一行：水楊酸或阿斯匹靈過敏者注意｜第二行：依標示使用｜第三行：安全舒緩,僅供外用。避免接觸眼睛、黏膜、破皮或傷口；特殊族群使用前請先諮詢專業人員。,2 歲以下、孕哺、過敏體質、抗凝血藥使用者請先詢問專業人員。,根治|治療疾病|消炎治本|打通經絡|一擦就好|保證有效|深層修復|替代藥物
LINE_OA_LINE033,LINE033,LINE 官方帳號,2026-06-20,12:00,立秋後早晚溫差保養,F,低,pending_legal_pharmacist_review,false,立秋後早晚溫差保養,"立秋後早晚溫差保養

喜歡養生、節氣與日常保健的 LINE 讀者，今天可以留意「立秋後早晚溫差保養」。重點不是追求誇張效果，而是以生活保健與身體覺察為主，不做醫療療效宣稱。節氣養生屬一般生活資訊，身體不適仍應諮詢專業人員。

本內容為一般生活保健資訊，非醫療診斷或治療建議。
CTA：收藏提醒",,#節氣保養 #生活保健 #日常保養 #身體覺察,第一行：立秋後早晚溫差保養｜第二行：依標示使用｜第三行：安全舒緩,本內容為一般生活保健資訊，非醫療診斷或治療建議。,節氣養生屬一般生活資訊，身體不適仍應諮詢專業人員。,根治|治療疾病|消炎治本|打通經絡|一擦就好|保證有效|深層修復|替代藥物
LINE_OA_LINE034,LINE034,LINE 官方帳號,2026-06-20,20:00,家事後手臂不適保養,C,中,pending_legal_pharmacist_review,false,家事後手臂不適保養,"家事後手臂不適保養

運動族、搬重物、久站與勞動工作者，今天可以留意「家事後手臂不適保養」。重點不是追求誇張效果，而是運動或勞動後的局部肌肉痠痛，可短期按摩舒緩。明顯腫脹、劇痛、活動受限或疑似受傷時，請先就醫。

本產品為外用油膏，請依核准標示使用；若症狀持續或惡化，請諮詢醫師或藥師。
CTA：私訊/了解更多",,#運動後保養 #局部按摩 #肌肉痠痛 #依標示使用,第一行：家事後手臂不適保養｜第二行：依標示使用｜第三行：安全舒緩,本產品為外用油膏，請依核准標示使用；若症狀持續或惡化，請諮詢醫師或藥師。,明顯腫脹、劇痛、活動受限或疑似受傷時，請先就醫。,根治|治療疾病|消炎治本|打通經絡|一擦就好|保證有效|深層修復|替代藥物
LINE_OA_LINE035,LINE035,LINE 官方帳號,2026-06-21,12:00,你有看過外用產品標示嗎,G,低,pending_legal_pharmacist_review,false,你有看過外用產品標示嗎,"你有看過外用產品標示嗎

LINE OA 好友、回購客與新客，今天可以留意「你有看過外用產品標示嗎」。重點不是追求誇張效果，而是用問答降低誤用，讓使用者知道何時該詢問專業人員。互動回答不取代醫師或藥師建議。

本內容為一般生活保健資訊，非醫療診斷或治療建議。
CTA：留言互動",,#互動問答 #保養知識 #使用小提醒 #金牌一條根,第一行：你有看過外用產品標示嗎｜第二行：依標示使用｜第三行：安全舒緩,本內容為一般生活保健資訊，非醫療診斷或治療建議。,互動回答不取代醫師或藥師建議。,根治|治療疾病|消炎治本|打通經絡|一擦就好|保證有效|深層修復|替代藥物
LINE_OA_LINE036,LINE036,LINE 官方帳號,2026-06-21,20:00,長輩按摩力道不要過重,D,中,pending_legal_pharmacist_review,false,長輩按摩力道不要過重,"長輩按摩力道不要過重

40-70 歲注重日常活動舒適度的族群，今天可以留意「長輩按摩力道不要過重」。重點不是追求誇張效果，而是輕微關節痠痛可短期舒緩，但不可宣稱治療疾病。關節腫痛、紅熱、長期疼痛或行走困難，請就醫評估。

本產品為外用油膏，請依核准標示使用；若症狀持續或惡化，請諮詢醫師或藥師。
CTA：私訊/了解更多",,#銀髮保養 #活動舒適 #輕微痠痛 #依標示使用,第一行：長輩按摩力道不要過重｜第二行：依標示使用｜第三行：安全舒緩,本產品為外用油膏，請依核准標示使用；若症狀持續或惡化，請諮詢醫師或藥師。,關節腫痛、紅熱、長期疼痛或行走困難，請就醫評估。,根治|治療疾病|消炎治本|打通經絡|一擦就好|保證有效|深層修復|替代藥物
LINE_OA_LINE037,LINE037,LINE 官方帳號,2026-06-22,12:00,開會久坐後的腰背舒緩,B,低,pending_legal_pharmacist_review,false,開會久坐後的腰背舒緩,"開會久坐後的腰背舒緩

長時間低頭、久坐、用電腦的上班族，今天可以留意「開會久坐後的腰背舒緩」。重點不是追求誇張效果，而是久坐低頭後，可搭配伸展與局部按摩舒緩緊繃不適。若痠痛持續、麻木或影響活動，請諮詢醫師或藥師。

本內容為一般生活保健資訊，非醫療診斷或治療建議。
CTA：收藏提醒",,#肩頸保養 #久坐族 #日常舒緩 #依標示使用,第一行：開會久坐後的腰背舒緩｜第二行：依標示使用｜第三行：安全舒緩,本內容為一般生活保健資訊，非醫療診斷或治療建議。,若痠痛持續、麻木或影響活動，請諮詢醫師或藥師。,根治|治療疾病|消炎治本|打通經絡|一擦就好|保證有效|深層修復|替代藥物
LINE_OA_LINE038,LINE038,LINE 官方帳號,2026-06-22,20:00,一條根外用膏的日常定位,A,中,pending_legal_pharmacist_review,false,一條根外用膏的日常定位,"一條根外用膏的日常定位

已購買或正在觀望的一條根使用者，今天可以留意「一條根外用膏的日常定位」。重點不是追求誇張效果，而是依標示外用，提供局部按摩與暫時舒緩體感。僅供外用；避免眼周、黏膜、破皮或傷口。

本產品為外用油膏，請依核准標示使用；若症狀持續或惡化，請諮詢醫師或藥師。
CTA：私訊/了解更多",,#金牌一條根 #外用油膏 #成分透明 #依標示使用,第一行：一條根外用膏的日常定位｜第二行：依標示使用｜第三行：安全舒緩,本產品為外用油膏，請依核准標示使用；若症狀持續或惡化，請諮詢醫師或藥師。,僅供外用；避免眼周、黏膜、破皮或傷口。,根治|治療疾病|消炎治本|打通經絡|一擦就好|保證有效|深層修復|替代藥物
LINE_OA_LINE039,LINE039,LINE 官方帳號,2026-06-23,12:00,處暑後運動暖身提醒,F,低,pending_legal_pharmacist_review,false,處暑後運動暖身提醒,"處暑後運動暖身提醒

喜歡養生、節氣與日常保健的 LINE 讀者，今天可以留意「處暑後運動暖身提醒」。重點不是追求誇張效果，而是以生活保健與身體覺察為主，不做醫療療效宣稱。節氣養生屬一般生活資訊，身體不適仍應諮詢專業人員。

本內容為一般生活保健資訊，非醫療診斷或治療建議。
CTA：收藏提醒",,#節氣保養 #生活保健 #日常保養 #身體覺察,第一行：處暑後運動暖身提醒｜第二行：依標示使用｜第三行：安全舒緩,本內容為一般生活保健資訊，非醫療診斷或治療建議。,節氣養生屬一般生活資訊，身體不適仍應諮詢專業人員。,根治|治療疾病|消炎治本|打通經絡|一擦就好|保證有效|深層修復|替代藥物
LINE_OA_LINE040,LINE040,LINE 官方帳號,2026-06-23,20:00,兒童使用前的安全提醒,E,高,pending_legal_pharmacist_review,false,兒童使用前的安全提醒,"兒童使用前的安全提醒

所有使用者、照護者與家庭購買者，今天可以留意「兒童使用前的安全提醒」。重點不是追求誇張效果，而是安全使用比用得多更重要，依標示與風險族群提醒。2 歲以下、孕哺、過敏體質、抗凝血藥使用者請先詢問專業人員。

僅供外用。避免接觸眼睛、黏膜、破皮或傷口；特殊族群使用前請先諮詢專業人員。
CTA：私訊/了解更多",,#外用安全 #用藥安全 #使用前看標示 #諮詢醫師藥師,第一行：兒童使用前的安全提醒｜第二行：依標示使用｜第三行：安全舒緩,僅供外用。避免接觸眼睛、黏膜、破皮或傷口；特殊族群使用前請先諮詢專業人員。,2 歲以下、孕哺、過敏體質、抗凝血藥使用者請先詢問專業人員。,根治|治療疾病|消炎治本|打通經絡|一擦就好|保證有效|深層修復|替代藥物
LINE_OA_LINE041,LINE041,LINE 官方帳號,2026-06-24,12:00,外用膏廣告為什麼要保守,H,中,pending_legal_pharmacist_review,false,外用膏廣告為什麼要保守,"外用膏廣告為什麼要保守

重視藥證、成分、品質與合法性的消費者，今天可以留意「外用膏廣告為什麼要保守」。重點不是追求誇張效果，而是強調藥證、標示、保守宣稱與人工審核流程。所有廣告文案仍須依主管機關與專業人員審核。

本產品為外用油膏，請依核准標示使用；若症狀持續或惡化，請諮詢醫師或藥師。
CTA：收藏提醒",,#藥證可查 #品牌透明 #合法宣傳 #成分透明,第一行：外用膏廣告為什麼要保守｜第二行：依標示使用｜第三行：安全舒緩,本產品為外用油膏，請依核准標示使用；若症狀持續或惡化，請諮詢醫師或藥師。,所有廣告文案仍須依主管機關與專業人員審核。,根治|治療疾病|消炎治本|打通經絡|一擦就好|保證有效|深層修復|替代藥物
LINE_OA_LINE042,LINE042,LINE 官方帳號,2026-06-24,20:00,久坐族最想舒緩哪裡,G,低,pending_legal_pharmacist_review,false,久坐族最想舒緩哪裡,"久坐族最想舒緩哪裡

LINE OA 好友、回購客與新客，今天可以留意「久坐族最想舒緩哪裡」。重點不是追求誇張效果，而是用問答降低誤用，讓使用者知道何時該詢問專業人員。互動回答不取代醫師或藥師建議。

本內容為一般生活保健資訊，非醫療診斷或治療建議。
CTA：留言互動",,#互動問答 #保養知識 #使用小提醒 #金牌一條根,第一行：久坐族最想舒緩哪裡｜第二行：依標示使用｜第三行：安全舒緩,本內容為一般生活保健資訊，非醫療診斷或治療建議。,互動回答不取代醫師或藥師建議。,根治|治療疾病|消炎治本|打通經絡|一擦就好|保證有效|深層修復|替代藥物
LINE_OA_LINE043,LINE043,LINE 官方帳號,2026-06-25,12:00,跑步後膝周不適的保守提醒,C,中,pending_legal_pharmacist_review,false,跑步後膝周不適的保守提醒,"跑步後膝周不適的保守提醒

運動族、搬重物、久站與勞動工作者，今天可以留意「跑步後膝周不適的保守提醒」。重點不是追求誇張效果，而是運動或勞動後的局部肌肉痠痛，可短期按摩舒緩。明顯腫脹、劇痛、活動受限或疑似受傷時，請先就醫。

本產品為外用油膏，請依核准標示使用；若症狀持續或惡化，請諮詢醫師或藥師。
CTA：收藏提醒",,#運動後保養 #局部按摩 #肌肉痠痛 #依標示使用,第一行：跑步後膝周不適的保守提醒｜第二行：依標示使用｜第三行：安全舒緩,本產品為外用油膏，請依核准標示使用；若症狀持續或惡化，請諮詢醫師或藥師。,明顯腫脹、劇痛、活動受限或疑似受傷時，請先就醫。,根治|治療疾病|消炎治本|打通經絡|一擦就好|保證有效|深層修復|替代藥物
LINE_OA_LINE044,LINE044,LINE 官方帳號,2026-06-25,20:00,成分濃度為什麼要看標示,A,中,pending_legal_pharmacist_review,false,成分濃度為什麼要看標示,"成分濃度為什麼要看標示

已購買或正在觀望的一條根使用者，今天可以留意「成分濃度為什麼要看標示」。重點不是追求誇張效果，而是依標示外用，提供局部按摩與暫時舒緩體感。僅供外用；避免眼周、黏膜、破皮或傷口。

本產品為外用油膏，請依核准標示使用；若症狀持續或惡化，請諮詢醫師或藥師。
CTA：私訊/了解更多",,#金牌一條根 #外用油膏 #成分透明 #依標示使用,第一行：成分濃度為什麼要看標示｜第二行：依標示使用｜第三行：安全舒緩,本產品為外用油膏，請依核准標示使用；若症狀持續或惡化，請諮詢醫師或藥師。,僅供外用；避免眼周、黏膜、破皮或傷口。,根治|治療疾病|消炎治本|打通經絡|一擦就好|保證有效|深層修復|替代藥物
LINE_OA_LINE045,LINE045,LINE 官方帳號,2026-06-26,12:00,照顧爸媽時的外用提醒,D,中,pending_legal_pharmacist_review,false,照顧爸媽時的外用提醒,"照顧爸媽時的外用提醒

40-70 歲注重日常活動舒適度的族群，今天可以留意「照顧爸媽時的外用提醒」。重點不是追求誇張效果，而是輕微關節痠痛可短期舒緩，但不可宣稱治療疾病。關節腫痛、紅熱、長期疼痛或行走困難，請就醫評估。

本產品為外用油膏，請依核准標示使用；若症狀持續或惡化，請諮詢醫師或藥師。
CTA：收藏提醒",,#銀髮保養 #活動舒適 #輕微痠痛 #依標示使用,第一行：照顧爸媽時的外用提醒｜第二行：依標示使用｜第三行：安全舒緩,本產品為外用油膏，請依核准標示使用；若症狀持續或惡化，請諮詢醫師或藥師。,關節腫痛、紅熱、長期疼痛或行走困難，請就醫評估。,根治|治療疾病|消炎治本|打通經絡|一擦就好|保證有效|深層修復|替代藥物
LINE_OA_LINE046,LINE046,LINE 官方帳號,2026-06-26,20:00,孕婦與哺乳族群先詢問專業人員,E,高,pending_legal_pharmacist_review,false,孕婦與哺乳族群先詢問專業人員,"孕婦與哺乳族群先詢問專業人員

所有使用者、照護者與家庭購買者，今天可以留意「孕婦與哺乳族群先詢問專業人員」。重點不是追求誇張效果，而是安全使用比用得多更重要，依標示與風險族群提醒。2 歲以下、孕哺、過敏體質、抗凝血藥使用者請先詢問專業人員。

僅供外用。避免接觸眼睛、黏膜、破皮或傷口；特殊族群使用前請先諮詢專業人員。
CTA：私訊/了解更多",,#外用安全 #用藥安全 #使用前看標示 #諮詢醫師藥師,第一行：孕婦與哺乳族群先詢問專業人員｜第二行：依標示使用｜第三行：安全舒緩,僅供外用。避免接觸眼睛、黏膜、破皮或傷口；特殊族群使用前請先諮詢專業人員。,2 歲以下、孕哺、過敏體質、抗凝血藥使用者請先詢問專業人員。,根治|治療疾病|消炎治本|打通經絡|一擦就好|保證有效|深層修復|替代藥物
LINE_OA_LINE047,LINE047,LINE 官方帳號,2026-06-27,12:00,白露時節關心長輩活動,F,低,pending_legal_pharmacist_review,false,白露時節關心長輩活動,"白露時節關心長輩活動

喜歡養生、節氣與日常保健的 LINE 讀者，今天可以留意「白露時節關心長輩活動」。重點不是追求誇張效果，而是以生活保健與身體覺察為主，不做醫療療效宣稱。節氣養生屬一般生活資訊，身體不適仍應諮詢專業人員。

本內容為一般生活保健資訊，非醫療診斷或治療建議。
CTA：收藏提醒",,#節氣保養 #生活保健 #日常保養 #身體覺察,第一行：白露時節關心長輩活動｜第二行：依標示使用｜第三行：安全舒緩,本內容為一般生活保健資訊，非醫療診斷或治療建議。,節氣養生屬一般生活資訊，身體不適仍應諮詢專業人員。,根治|治療疾病|消炎治本|打通經絡|一擦就好|保證有效|深層修復|替代藥物
LINE_OA_LINE048,LINE048,LINE 官方帳號,2026-06-27,20:00,勞動後先休息再按摩,C,中,pending_legal_pharmacist_review,false,勞動後先休息再按摩,"勞動後先休息再按摩

運動族、搬重物、久站與勞動工作者，今天可以留意「勞動後先休息再按摩」。重點不是追求誇張效果，而是運動或勞動後的局部肌肉痠痛，可短期按摩舒緩。明顯腫脹、劇痛、活動受限或疑似受傷時，請先就醫。

本產品為外用油膏，請依核准標示使用；若症狀持續或惡化，請諮詢醫師或藥師。
CTA：私訊/了解更多",,#運動後保養 #局部按摩 #肌肉痠痛 #依標示使用,第一行：勞動後先休息再按摩｜第二行：依標示使用｜第三行：安全舒緩,本產品為外用油膏，請依核准標示使用；若症狀持續或惡化，請諮詢醫師或藥師。,明顯腫脹、劇痛、活動受限或疑似受傷時，請先就醫。,根治|治療疾病|消炎治本|打通經絡|一擦就好|保證有效|深層修復|替代藥物
LINE_OA_LINE049,LINE049,LINE 官方帳號,2026-06-28,12:00,長輩使用外用膏你會提醒什麼,G,低,pending_legal_pharmacist_review,false,長輩使用外用膏你會提醒什麼,"長輩使用外用膏你會提醒什麼

LINE OA 好友、回購客與新客，今天可以留意「長輩使用外用膏你會提醒什麼」。重點不是追求誇張效果，而是用問答降低誤用，讓使用者知道何時該詢問專業人員。互動回答不取代醫師或藥師建議。

本內容為一般生活保健資訊，非醫療診斷或治療建議。
CTA：留言互動",,#互動問答 #保養知識 #使用小提醒 #金牌一條根,第一行：長輩使用外用膏你會提醒什麼｜第二行：依標示使用｜第三行：安全舒緩,本內容為一般生活保健資訊，非醫療診斷或治療建議。,互動回答不取代醫師或藥師建議。,根治|治療疾病|消炎治本|打通經絡|一擦就好|保證有效|深層修復|替代藥物
LINE_OA_LINE050,LINE050,LINE 官方帳號,2026-06-28,20:00,日常活動舒適度的三個習慣,D,中,pending_legal_pharmacist_review,false,日常活動舒適度的三個習慣,"日常活動舒適度的三個習慣

40-70 歲注重日常活動舒適度的族群，今天可以留意「日常活動舒適度的三個習慣」。重點不是追求誇張效果，而是輕微關節痠痛可短期舒緩，但不可宣稱治療疾病。關節腫痛、紅熱、長期疼痛或行走困難，請就醫評估。

本產品為外用油膏，請依核准標示使用；若症狀持續或惡化，請諮詢醫師或藥師。
CTA：私訊/了解更多",,#銀髮保養 #活動舒適 #輕微痠痛 #依標示使用,第一行：日常活動舒適度的三個習慣｜第二行：依標示使用｜第三行：安全舒緩,本產品為外用油膏，請依核准標示使用；若症狀持續或惡化，請諮詢醫師或藥師。,關節腫痛、紅熱、長期疼痛或行走困難，請就醫評估。,根治|治療疾病|消炎治本|打通經絡|一擦就好|保證有效|深層修復|替代藥物
LINE_OA_LINE051,LINE051,LINE 官方帳號,2026-06-29,12:00,下班前五分鐘伸展,B,低,pending_legal_pharmacist_review,false,下班前五分鐘伸展,"下班前五分鐘伸展

長時間低頭、久坐、用電腦的上班族，今天可以留意「下班前五分鐘伸展」。重點不是追求誇張效果，而是久坐低頭後，可搭配伸展與局部按摩舒緩緊繃不適。若痠痛持續、麻木或影響活動，請諮詢醫師或藥師。

本內容為一般生活保健資訊，非醫療診斷或治療建議。
CTA：收藏提醒",,#肩頸保養 #久坐族 #日常舒緩 #依標示使用,第一行：下班前五分鐘伸展｜第二行：依標示使用｜第三行：安全舒緩,本內容為一般生活保健資訊，非醫療診斷或治療建議。,若痠痛持續、麻木或影響活動，請諮詢醫師或藥師。,根治|治療疾病|消炎治本|打通經絡|一擦就好|保證有效|深層修復|替代藥物
LINE_OA_LINE052,LINE052,LINE 官方帳號,2026-06-29,20:00,局部按摩和大面積厚敷的差別,A,中,pending_legal_pharmacist_review,false,局部按摩和大面積厚敷的差別,"局部按摩和大面積厚敷的差別

已購買或正在觀望的一條根使用者，今天可以留意「局部按摩和大面積厚敷的差別」。重點不是追求誇張效果，而是依標示外用，提供局部按摩與暫時舒緩體感。僅供外用；避免眼周、黏膜、破皮或傷口。

本產品為外用油膏，請依核准標示使用；若症狀持續或惡化，請諮詢醫師或藥師。
CTA：私訊/了解更多",,#金牌一條根 #外用油膏 #成分透明 #依標示使用,第一行：局部按摩和大面積厚敷的差別｜第二行：依標示使用｜第三行：安全舒緩,本產品為外用油膏，請依核准標示使用；若症狀持續或惡化，請諮詢醫師或藥師。,僅供外用；避免眼周、黏膜、破皮或傷口。,根治|治療疾病|消炎治本|打通經絡|一擦就好|保證有效|深層修復|替代藥物
LINE_OA_LINE053,LINE053,LINE 官方帳號,2026-06-30,12:00,秋分後外出前暖身,F,低,pending_legal_pharmacist_review,false,秋分後外出前暖身,"秋分後外出前暖身

喜歡養生、節氣與日常保健的 LINE 讀者，今天可以留意「秋分後外出前暖身」。重點不是追求誇張效果，而是以生活保健與身體覺察為主，不做醫療療效宣稱。節氣養生屬一般生活資訊，身體不適仍應諮詢專業人員。

本內容為一般生活保健資訊，非醫療診斷或治療建議。
CTA：收藏提醒",,#節氣保養 #生活保健 #日常保養 #身體覺察,第一行：秋分後外出前暖身｜第二行：依標示使用｜第三行：安全舒緩,本內容為一般生活保健資訊，非醫療診斷或治療建議。,節氣養生屬一般生活資訊，身體不適仍應諮詢專業人員。,根治|治療疾病|消炎治本|打通經絡|一擦就好|保證有效|深層修復|替代藥物
LINE_OA_LINE054,LINE054,LINE 官方帳號,2026-06-30,20:00,症狀超過七天要停用並諮詢,E,高,pending_legal_pharmacist_review,false,症狀超過七天要停用並諮詢,"症狀超過七天要停用並諮詢

所有使用者、照護者與家庭購買者，今天可以留意「症狀超過七天要停用並諮詢」。重點不是追求誇張效果，而是安全使用比用得多更重要，依標示與風險族群提醒。2 歲以下、孕哺、過敏體質、抗凝血藥使用者請先詢問專業人員。

僅供外用。避免接觸眼睛、黏膜、破皮或傷口；特殊族群使用前請先諮詢專業人員。
CTA：私訊/了解更多",,#外用安全 #用藥安全 #使用前看標示 #諮詢醫師藥師,第一行：症狀超過七天要停用並諮詢｜第二行：依標示使用｜第三行：安全舒緩,僅供外用。避免接觸眼睛、黏膜、破皮或傷口；特殊族群使用前請先諮詢專業人員。,2 歲以下、孕哺、過敏體質、抗凝血藥使用者請先詢問專業人員。,根治|治療疾病|消炎治本|打通經絡|一擦就好|保證有效|深層修復|替代藥物
LINE_OA_LINE055,LINE055,LINE 官方帳號,2026-07-01,12:00,成分透明是基本功,H,中,pending_legal_pharmacist_review,false,成分透明是基本功,"成分透明是基本功

重視藥證、成分、品質與合法性的消費者，今天可以留意「成分透明是基本功」。重點不是追求誇張效果，而是強調藥證、標示、保守宣稱與人工審核流程。所有廣告文案仍須依主管機關與專業人員審核。

本產品為外用油膏，請依核准標示使用；若症狀持續或惡化，請諮詢醫師或藥師。
CTA：收藏提醒",,#藥證可查 #品牌透明 #合法宣傳 #成分透明,第一行：成分透明是基本功｜第二行：依標示使用｜第三行：安全舒緩,本產品為外用油膏，請依核准標示使用；若症狀持續或惡化，請諮詢醫師或藥師。,所有廣告文案仍須依主管機關與專業人員審核。,根治|治療疾病|消炎治本|打通經絡|一擦就好|保證有效|深層修復|替代藥物
LINE_OA_LINE056,LINE056,LINE 官方帳號,2026-07-01,20:00,一條根可以天天厚敷嗎,G,低,pending_legal_pharmacist_review,false,一條根可以天天厚敷嗎,"一條根可以天天厚敷嗎

LINE OA 好友、回購客與新客，今天可以留意「一條根可以天天厚敷嗎」。重點不是追求誇張效果，而是用問答降低誤用，讓使用者知道何時該詢問專業人員。互動回答不取代醫師或藥師建議。

本內容為一般生活保健資訊，非醫療診斷或治療建議。
CTA：留言互動",,#互動問答 #保養知識 #使用小提醒 #金牌一條根,第一行：一條根可以天天厚敷嗎｜第二行：依標示使用｜第三行：安全舒緩,本內容為一般生活保健資訊，非醫療診斷或治療建議。,互動回答不取代醫師或藥師建議。,根治|治療疾病|消炎治本|打通經絡|一擦就好|保證有效|深層修復|替代藥物
LINE_OA_LINE057,LINE057,LINE 官方帳號,2026-07-02,12:00,運動後不要立刻熱敷加藥膏,C,中,pending_legal_pharmacist_review,false,運動後不要立刻熱敷加藥膏,"運動後不要立刻熱敷加藥膏

運動族、搬重物、久站與勞動工作者，今天可以留意「運動後不要立刻熱敷加藥膏」。重點不是追求誇張效果，而是運動或勞動後的局部肌肉痠痛，可短期按摩舒緩。明顯腫脹、劇痛、活動受限或疑似受傷時，請先就醫。

本產品為外用油膏，請依核准標示使用；若症狀持續或惡化，請諮詢醫師或藥師。
CTA：收藏提醒",,#運動後保養 #局部按摩 #肌肉痠痛 #依標示使用,第一行：運動後不要立刻熱敷加藥膏｜第二行：依標示使用｜第三行：安全舒緩,本產品為外用油膏，請依核准標示使用；若症狀持續或惡化，請諮詢醫師或藥師。,明顯腫脹、劇痛、活動受限或疑似受傷時，請先就醫。,根治|治療疾病|消炎治本|打通經絡|一擦就好|保證有效|深層修復|替代藥物
LINE_OA_LINE058,LINE058,LINE 官方帳號,2026-07-02,20:00,使用前先小範圍測試,A,中,pending_legal_pharmacist_review,false,使用前先小範圍測試,"使用前先小範圍測試

已購買或正在觀望的一條根使用者，今天可以留意「使用前先小範圍測試」。重點不是追求誇張效果，而是依標示外用，提供局部按摩與暫時舒緩體感。僅供外用；避免眼周、黏膜、破皮或傷口。

本產品為外用油膏，請依核准標示使用；若症狀持續或惡化，請諮詢醫師或藥師。
CTA：私訊/了解更多",,#金牌一條根 #外用油膏 #成分透明 #依標示使用,第一行：使用前先小範圍測試｜第二行：依標示使用｜第三行：安全舒緩,本產品為外用油膏，請依核准標示使用；若症狀持續或惡化，請諮詢醫師或藥師。,僅供外用；避免眼周、黏膜、破皮或傷口。,根治|治療疾病|消炎治本|打通經絡|一擦就好|保證有效|深層修復|替代藥物
LINE_OA_LINE059,LINE059,LINE 官方帳號,2026-07-03,12:00,長輩使用前先看標示,D,中,pending_legal_pharmacist_review,false,長輩使用前先看標示,"長輩使用前先看標示

40-70 歲注重日常活動舒適度的族群，今天可以留意「長輩使用前先看標示」。重點不是追求誇張效果，而是輕微關節痠痛可短期舒緩，但不可宣稱治療疾病。關節腫痛、紅熱、長期疼痛或行走困難，請就醫評估。

本產品為外用油膏，請依核准標示使用；若症狀持續或惡化，請諮詢醫師或藥師。
CTA：收藏提醒",,#銀髮保養 #活動舒適 #輕微痠痛 #依標示使用,第一行：長輩使用前先看標示｜第二行：依標示使用｜第三行：安全舒緩,本產品為外用油膏，請依核准標示使用；若症狀持續或惡化，請諮詢醫師或藥師。,關節腫痛、紅熱、長期疼痛或行走困難，請就醫評估。,根治|治療疾病|消炎治本|打通經絡|一擦就好|保證有效|深層修復|替代藥物
LINE_OA_LINE060,LINE060,LINE 官方帳號,2026-07-03,20:00,皮膚刺激時要停止使用,E,高,pending_legal_pharmacist_review,false,皮膚刺激時要停止使用,"皮膚刺激時要停止使用

所有使用者、照護者與家庭購買者，今天可以留意「皮膚刺激時要停止使用」。重點不是追求誇張效果，而是安全使用比用得多更重要，依標示與風險族群提醒。2 歲以下、孕哺、過敏體質、抗凝血藥使用者請先詢問專業人員。

僅供外用。避免接觸眼睛、黏膜、破皮或傷口；特殊族群使用前請先諮詢專業人員。
CTA：私訊/了解更多",,#外用安全 #用藥安全 #使用前看標示 #諮詢醫師藥師,第一行：皮膚刺激時要停止使用｜第二行：依標示使用｜第三行：安全舒緩,僅供外用。避免接觸眼睛、黏膜、破皮或傷口；特殊族群使用前請先諮詢專業人員。,2 歲以下、孕哺、過敏體質、抗凝血藥使用者請先詢問專業人員。,根治|治療疾病|消炎治本|打通經絡|一擦就好|保證有效|深層修復|替代藥物
LINE_OA_LINE061,LINE061,LINE 官方帳號,2026-07-04,12:00,寒露後肩背保養,F,低,pending_legal_pharmacist_review,false,寒露後肩背保養,"寒露後肩背保養

喜歡養生、節氣與日常保健的 LINE 讀者，今天可以留意「寒露後肩背保養」。重點不是追求誇張效果，而是以生活保健與身體覺察為主，不做醫療療效宣稱。節氣養生屬一般生活資訊，身體不適仍應諮詢專業人員。

本內容為一般生活保健資訊，非醫療診斷或治療建議。
CTA：收藏提醒",,#節氣保養 #生活保健 #日常保養 #身體覺察,第一行：寒露後肩背保養｜第二行：依標示使用｜第三行：安全舒緩,本內容為一般生活保健資訊，非醫療診斷或治療建議。,節氣養生屬一般生活資訊，身體不適仍應諮詢專業人員。,根治|治療疾病|消炎治本|打通經絡|一擦就好|保證有效|深層修復|替代藥物
LINE_OA_LINE062,LINE062,LINE 官方帳號,2026-07-04,20:00,輕微拉扯後的觀察重點,C,中,pending_legal_pharmacist_review,false,輕微拉扯後的觀察重點,"輕微拉扯後的觀察重點

運動族、搬重物、久站與勞動工作者，今天可以留意「輕微拉扯後的觀察重點」。重點不是追求誇張效果，而是運動或勞動後的局部肌肉痠痛，可短期按摩舒緩。明顯腫脹、劇痛、活動受限或疑似受傷時，請先就醫。

本產品為外用油膏，請依核准標示使用；若症狀持續或惡化，請諮詢醫師或藥師。
CTA：私訊/了解更多",,#運動後保養 #局部按摩 #肌肉痠痛 #依標示使用,第一行：輕微拉扯後的觀察重點｜第二行：依標示使用｜第三行：安全舒緩,本產品為外用油膏，請依核准標示使用；若症狀持續或惡化，請諮詢醫師或藥師。,明顯腫脹、劇痛、活動受限或疑似受傷時，請先就醫。,根治|治療疾病|消炎治本|打通經絡|一擦就好|保證有效|深層修復|替代藥物
LINE_OA_LINE063,LINE063,LINE 官方帳號,2026-07-05,12:00,擦完可以馬上熱敷嗎,G,低,pending_legal_pharmacist_review,false,擦完可以馬上熱敷嗎,"擦完可以馬上熱敷嗎

LINE OA 好友、回購客與新客，今天可以留意「擦完可以馬上熱敷嗎」。重點不是追求誇張效果，而是用問答降低誤用，讓使用者知道何時該詢問專業人員。互動回答不取代醫師或藥師建議。

本內容為一般生活保健資訊，非醫療診斷或治療建議。
CTA：留言互動",,#互動問答 #保養知識 #使用小提醒 #金牌一條根,第一行：擦完可以馬上熱敷嗎｜第二行：依標示使用｜第三行：安全舒緩,本內容為一般生活保健資訊，非醫療診斷或治療建議。,互動回答不取代醫師或藥師建議。,根治|治療疾病|消炎治本|打通經絡|一擦就好|保證有效|深層修復|替代藥物
LINE_OA_LINE064,LINE064,LINE 官方帳號,2026-07-05,20:00,別把長期疼痛只當小問題,D,中,pending_legal_pharmacist_review,false,別把長期疼痛只當小問題,"別把長期疼痛只當小問題

40-70 歲注重日常活動舒適度的族群，今天可以留意「別把長期疼痛只當小問題」。重點不是追求誇張效果，而是輕微關節痠痛可短期舒緩，但不可宣稱治療疾病。關節腫痛、紅熱、長期疼痛或行走困難，請就醫評估。

本產品為外用油膏，請依核准標示使用；若症狀持續或惡化，請諮詢醫師或藥師。
CTA：私訊/了解更多",,#銀髮保養 #活動舒適 #輕微痠痛 #依標示使用,第一行：別把長期疼痛只當小問題｜第二行：依標示使用｜第三行：安全舒緩,本產品為外用油膏，請依核准標示使用；若症狀持續或惡化，請諮詢醫師或藥師。,關節腫痛、紅熱、長期疼痛或行走困難，請就醫評估。,根治|治療疾病|消炎治本|打通經絡|一擦就好|保證有效|深層修復|替代藥物
LINE_OA_LINE065,LINE065,LINE 官方帳號,2026-07-06,12:00,滑手機後頸部保養,B,低,pending_legal_pharmacist_review,false,滑手機後頸部保養,"滑手機後頸部保養

長時間低頭、久坐、用電腦的上班族，今天可以留意「滑手機後頸部保養」。重點不是追求誇張效果，而是久坐低頭後，可搭配伸展與局部按摩舒緩緊繃不適。若痠痛持續、麻木或影響活動，請諮詢醫師或藥師。

本內容為一般生活保健資訊，非醫療診斷或治療建議。
CTA：收藏提醒",,#肩頸保養 #久坐族 #日常舒緩 #依標示使用,第一行：滑手機後頸部保養｜第二行：依標示使用｜第三行：安全舒緩,本內容為一般生活保健資訊，非醫療診斷或治療建議。,若痠痛持續、麻木或影響活動，請諮詢醫師或藥師。,根治|治療疾病|消炎治本|打通經絡|一擦就好|保證有效|深層修復|替代藥物
LINE_OA_LINE066,LINE066,LINE 官方帳號,2026-07-06,20:00,產品不是神藥，定位要講清楚,A,中,pending_legal_pharmacist_review,false,產品不是神藥，定位要講清楚,"產品不是神藥，定位要講清楚

已購買或正在觀望的一條根使用者，今天可以留意「產品不是神藥，定位要講清楚」。重點不是追求誇張效果，而是依標示外用，提供局部按摩與暫時舒緩體感。僅供外用；避免眼周、黏膜、破皮或傷口。

本產品為外用油膏，請依核准標示使用；若症狀持續或惡化，請諮詢醫師或藥師。
CTA：私訊/了解更多",,#金牌一條根 #外用油膏 #成分透明 #依標示使用,第一行：產品不是神藥，定位要講清楚｜第二行：依標示使用｜第三行：安全舒緩,本產品為外用油膏，請依核准標示使用；若症狀持續或惡化，請諮詢醫師或藥師。,僅供外用；避免眼周、黏膜、破皮或傷口。,根治|治療疾病|消炎治本|打通經絡|一擦就好|保證有效|深層修復|替代藥物
LINE_OA_LINE067,LINE067,LINE 官方帳號,2026-07-07,12:00,立冬前後的日常舒緩儀式,F,低,pending_legal_pharmacist_review,false,立冬前後的日常舒緩儀式,"立冬前後的日常舒緩儀式

喜歡養生、節氣與日常保健的 LINE 讀者，今天可以留意「立冬前後的日常舒緩儀式」。重點不是追求誇張效果，而是以生活保健與身體覺察為主，不做醫療療效宣稱。節氣養生屬一般生活資訊，身體不適仍應諮詢專業人員。

本內容為一般生活保健資訊，非醫療診斷或治療建議。
CTA：收藏提醒",,#節氣保養 #生活保健 #日常保養 #身體覺察,第一行：立冬前後的日常舒緩儀式｜第二行：依標示使用｜第三行：安全舒緩,本內容為一般生活保健資訊，非醫療診斷或治療建議。,節氣養生屬一般生活資訊，身體不適仍應諮詢專業人員。,根治|治療疾病|消炎治本|打通經絡|一擦就好|保證有效|深層修復|替代藥物
LINE_OA_LINE068,LINE068,LINE 官方帳號,2026-07-07,20:00,深層症狀不適合自行處理,E,高,pending_legal_pharmacist_review,false,深層症狀不適合自行處理,"深層症狀不適合自行處理

所有使用者、照護者與家庭購買者，今天可以留意「深層症狀不適合自行處理」。重點不是追求誇張效果，而是安全使用比用得多更重要，依標示與風險族群提醒。2 歲以下、孕哺、過敏體質、抗凝血藥使用者請先詢問專業人員。

僅供外用。避免接觸眼睛、黏膜、破皮或傷口；特殊族群使用前請先諮詢專業人員。
CTA：私訊/了解更多",,#外用安全 #用藥安全 #使用前看標示 #諮詢醫師藥師,第一行：深層症狀不適合自行處理｜第二行：依標示使用｜第三行：安全舒緩,僅供外用。避免接觸眼睛、黏膜、破皮或傷口；特殊族群使用前請先諮詢專業人員。,2 歲以下、孕哺、過敏體質、抗凝血藥使用者請先詢問專業人員。,根治|治療疾病|消炎治本|打通經絡|一擦就好|保證有效|深層修復|替代藥物
LINE_OA_LINE069,LINE069,LINE 官方帳號,2026-07-08,12:00,每篇貼文都要人工審核,H,中,pending_legal_pharmacist_review,false,每篇貼文都要人工審核,"每篇貼文都要人工審核

重視藥證、成分、品質與合法性的消費者，今天可以留意「每篇貼文都要人工審核」。重點不是追求誇張效果，而是強調藥證、標示、保守宣稱與人工審核流程。所有廣告文案仍須依主管機關與專業人員審核。

本產品為外用油膏，請依核准標示使用；若症狀持續或惡化，請諮詢醫師或藥師。
CTA：收藏提醒",,#藥證可查 #品牌透明 #合法宣傳 #成分透明,第一行：每篇貼文都要人工審核｜第二行：依標示使用｜第三行：安全舒緩,本產品為外用油膏，請依核准標示使用；若症狀持續或惡化，請諮詢醫師或藥師。,所有廣告文案仍須依主管機關與專業人員審核。,根治|治療疾病|消炎治本|打通經絡|一擦就好|保證有效|深層修復|替代藥物
LINE_OA_LINE070,LINE070,LINE 官方帳號,2026-07-08,20:00,哪些情況應該先就醫,G,低,pending_legal_pharmacist_review,false,哪些情況應該先就醫,"哪些情況應該先就醫

LINE OA 好友、回購客與新客，今天可以留意「哪些情況應該先就醫」。重點不是追求誇張效果，而是用問答降低誤用，讓使用者知道何時該詢問專業人員。互動回答不取代醫師或藥師建議。

本內容為一般生活保健資訊，非醫療診斷或治療建議。
CTA：留言互動",,#互動問答 #保養知識 #使用小提醒 #金牌一條根,第一行：哪些情況應該先就醫｜第二行：依標示使用｜第三行：安全舒緩,本內容為一般生活保健資訊，非醫療診斷或治療建議。,互動回答不取代醫師或藥師建議。,根治|治療疾病|消炎治本|打通經絡|一擦就好|保證有效|深層修復|替代藥物
LINE_OA_LINE071,LINE071,LINE 官方帳號,2026-07-09,12:00,運動後局部痠痛的保守處理,C,中,pending_legal_pharmacist_review,false,運動後局部痠痛的保守處理,"運動後局部痠痛的保守處理

運動族、搬重物、久站與勞動工作者，今天可以留意「運動後局部痠痛的保守處理」。重點不是追求誇張效果，而是運動或勞動後的局部肌肉痠痛，可短期按摩舒緩。明顯腫脹、劇痛、活動受限或疑似受傷時，請先就醫。

本產品為外用油膏，請依核准標示使用；若症狀持續或惡化，請諮詢醫師或藥師。
CTA：收藏提醒",,#運動後保養 #局部按摩 #肌肉痠痛 #依標示使用,第一行：運動後局部痠痛的保守處理｜第二行：依標示使用｜第三行：安全舒緩,本產品為外用油膏，請依核准標示使用；若症狀持續或惡化，請諮詢醫師或藥師。,明顯腫脹、劇痛、活動受限或疑似受傷時，請先就醫。,根治|治療疾病|消炎治本|打通經絡|一擦就好|保證有效|深層修復|替代藥物
LINE_OA_LINE072,LINE072,LINE 官方帳號,2026-07-09,20:00,冬青油與清涼舒緩體感,A,中,pending_legal_pharmacist_review,false,冬青油與清涼舒緩體感,"冬青油與清涼舒緩體感

已購買或正在觀望的一條根使用者，今天可以留意「冬青油與清涼舒緩體感」。重點不是追求誇張效果，而是依標示外用，提供局部按摩與暫時舒緩體感。僅供外用；避免眼周、黏膜、破皮或傷口。

本產品為外用油膏，請依核准標示使用；若症狀持續或惡化，請諮詢醫師或藥師。
CTA：私訊/了解更多",,#金牌一條根 #外用油膏 #成分透明 #依標示使用,第一行：冬青油與清涼舒緩體感｜第二行：依標示使用｜第三行：安全舒緩,本產品為外用油膏，請依核准標示使用；若症狀持續或惡化，請諮詢醫師或藥師。,僅供外用；避免眼周、黏膜、破皮或傷口。,根治|治療疾病|消炎治本|打通經絡|一擦就好|保證有效|深層修復|替代藥物
LINE_OA_LINE073,LINE073,LINE 官方帳號,2026-07-10,12:00,早晨活動前的關節暖身,D,中,pending_legal_pharmacist_review,false,早晨活動前的關節暖身,"早晨活動前的關節暖身

40-70 歲注重日常活動舒適度的族群，今天可以留意「早晨活動前的關節暖身」。重點不是追求誇張效果，而是輕微關節痠痛可短期舒緩，但不可宣稱治療疾病。關節腫痛、紅熱、長期疼痛或行走困難，請就醫評估。

本產品為外用油膏，請依核准標示使用；若症狀持續或惡化，請諮詢醫師或藥師。
CTA：收藏提醒",,#銀髮保養 #活動舒適 #輕微痠痛 #依標示使用,第一行：早晨活動前的關節暖身｜第二行：依標示使用｜第三行：安全舒緩,本產品為外用油膏，請依核准標示使用；若症狀持續或惡化，請諮詢醫師或藥師。,關節腫痛、紅熱、長期疼痛或行走困難，請就醫評估。,根治|治療疾病|消炎治本|打通經絡|一擦就好|保證有效|深層修復|替代藥物
LINE_OA_LINE074,LINE074,LINE 官方帳號,2026-07-10,20:00,不能擦在破皮或傷口,E,高,pending_legal_pharmacist_review,false,不能擦在破皮或傷口,"不能擦在破皮或傷口

所有使用者、照護者與家庭購買者，今天可以留意「不能擦在破皮或傷口」。重點不是追求誇張效果，而是安全使用比用得多更重要，依標示與風險族群提醒。2 歲以下、孕哺、過敏體質、抗凝血藥使用者請先詢問專業人員。

僅供外用。避免接觸眼睛、黏膜、破皮或傷口；特殊族群使用前請先諮詢專業人員。
CTA：私訊/了解更多",,#外用安全 #用藥安全 #使用前看標示 #諮詢醫師藥師,第一行：不能擦在破皮或傷口｜第二行：依標示使用｜第三行：安全舒緩,僅供外用。避免接觸眼睛、黏膜、破皮或傷口；特殊族群使用前請先諮詢專業人員。,2 歲以下、孕哺、過敏體質、抗凝血藥使用者請先詢問專業人員。,根治|治療疾病|消炎治本|打通經絡|一擦就好|保證有效|深層修復|替代藥物
LINE_OA_LINE075,LINE075,LINE 官方帳號,2026-07-11,12:00,芒種後濕熱生活保養,F,低,pending_legal_pharmacist_review,false,芒種後濕熱生活保養,"芒種後濕熱生活保養

喜歡養生、節氣與日常保健的 LINE 讀者，今天可以留意「芒種後濕熱生活保養」。重點不是追求誇張效果，而是以生活保健與身體覺察為主，不做醫療療效宣稱。節氣養生屬一般生活資訊，身體不適仍應諮詢專業人員。

本內容為一般生活保健資訊，非醫療診斷或治療建議。
CTA：收藏提醒",,#節氣保養 #生活保健 #日常保養 #身體覺察,第一行：芒種後濕熱生活保養｜第二行：依標示使用｜第三行：安全舒緩,本內容為一般生活保健資訊，非醫療診斷或治療建議。,節氣養生屬一般生活資訊，身體不適仍應諮詢專業人員。,根治|治療疾病|消炎治本|打通經絡|一擦就好|保證有效|深層修復|替代藥物
LINE_OA_LINE076,LINE076,LINE 官方帳號,2026-07-11,20:00,久站後小腿不適舒緩,C,中,pending_legal_pharmacist_review,false,久站後小腿不適舒緩,"久站後小腿不適舒緩

運動族、搬重物、久站與勞動工作者，今天可以留意「久站後小腿不適舒緩」。重點不是追求誇張效果，而是運動或勞動後的局部肌肉痠痛，可短期按摩舒緩。明顯腫脹、劇痛、活動受限或疑似受傷時，請先就醫。

本產品為外用油膏，請依核准標示使用；若症狀持續或惡化，請諮詢醫師或藥師。
CTA：私訊/了解更多",,#運動後保養 #局部按摩 #肌肉痠痛 #依標示使用,第一行：久站後小腿不適舒緩｜第二行：依標示使用｜第三行：安全舒緩,本產品為外用油膏，請依核准標示使用；若症狀持續或惡化，請諮詢醫師或藥師。,明顯腫脹、劇痛、活動受限或疑似受傷時，請先就醫。,根治|治療疾病|消炎治本|打通經絡|一擦就好|保證有效|深層修復|替代藥物
LINE_OA_LINE077,LINE077,LINE 官方帳號,2026-07-12,12:00,你最常哪個部位緊繃,G,低,pending_legal_pharmacist_review,false,你最常哪個部位緊繃,"你最常哪個部位緊繃

LINE OA 好友、回購客與新客，今天可以留意「你最常哪個部位緊繃」。重點不是追求誇張效果，而是用問答降低誤用，讓使用者知道何時該詢問專業人員。互動回答不取代醫師或藥師建議。

本內容為一般生活保健資訊，非醫療診斷或治療建議。
CTA：留言互動",,#互動問答 #保養知識 #使用小提醒 #金牌一條根,第一行：你最常哪個部位緊繃｜第二行：依標示使用｜第三行：安全舒緩,本內容為一般生活保健資訊，非醫療診斷或治療建議。,互動回答不取代醫師或藥師建議。,根治|治療疾病|消炎治本|打通經絡|一擦就好|保證有效|深層修復|替代藥物
LINE_OA_LINE078,LINE078,LINE 官方帳號,2026-07-12,20:00,長輩外用膏使用安全,D,中,pending_legal_pharmacist_review,false,長輩外用膏使用安全,"長輩外用膏使用安全

40-70 歲注重日常活動舒適度的族群，今天可以留意「長輩外用膏使用安全」。重點不是追求誇張效果，而是輕微關節痠痛可短期舒緩，但不可宣稱治療疾病。關節腫痛、紅熱、長期疼痛或行走困難，請就醫評估。

本產品為外用油膏，請依核准標示使用；若症狀持續或惡化，請諮詢醫師或藥師。
CTA：私訊/了解更多",,#銀髮保養 #活動舒適 #輕微痠痛 #依標示使用,第一行：長輩外用膏使用安全｜第二行：依標示使用｜第三行：安全舒緩,本產品為外用油膏，請依核准標示使用；若症狀持續或惡化，請諮詢醫師或藥師。,關節腫痛、紅熱、長期疼痛或行走困難，請就醫評估。,根治|治療疾病|消炎治本|打通經絡|一擦就好|保證有效|深層修復|替代藥物
LINE_OA_LINE079,LINE079,LINE 官方帳號,2026-07-13,12:00,辦公桌前的姿勢檢查,B,低,pending_legal_pharmacist_review,false,辦公桌前的姿勢檢查,"辦公桌前的姿勢檢查

長時間低頭、久坐、用電腦的上班族，今天可以留意「辦公桌前的姿勢檢查」。重點不是追求誇張效果，而是久坐低頭後，可搭配伸展與局部按摩舒緩緊繃不適。若痠痛持續、麻木或影響活動，請諮詢醫師或藥師。

本內容為一般生活保健資訊，非醫療診斷或治療建議。
CTA：收藏提醒",,#肩頸保養 #久坐族 #日常舒緩 #依標示使用,第一行：辦公桌前的姿勢檢查｜第二行：依標示使用｜第三行：安全舒緩,本內容為一般生活保健資訊，非醫療診斷或治療建議。,若痠痛持續、麻木或影響活動，請諮詢醫師或藥師。,根治|治療疾病|消炎治本|打通經絡|一擦就好|保證有效|深層修復|替代藥物
LINE_OA_LINE080,LINE080,LINE 官方帳號,2026-07-13,20:00,薄荷腦帶來的涼感來源,A,中,pending_legal_pharmacist_review,false,薄荷腦帶來的涼感來源,"薄荷腦帶來的涼感來源

已購買或正在觀望的一條根使用者，今天可以留意「薄荷腦帶來的涼感來源」。重點不是追求誇張效果，而是依標示外用，提供局部按摩與暫時舒緩體感。僅供外用；避免眼周、黏膜、破皮或傷口。

本產品為外用油膏，請依核准標示使用；若症狀持續或惡化，請諮詢醫師或藥師。
CTA：私訊/了解更多",,#金牌一條根 #外用油膏 #成分透明 #依標示使用,第一行：薄荷腦帶來的涼感來源｜第二行：依標示使用｜第三行：安全舒緩,本產品為外用油膏，請依核准標示使用；若症狀持續或惡化，請諮詢醫師或藥師。,僅供外用；避免眼周、黏膜、破皮或傷口。,根治|治療疾病|消炎治本|打通經絡|一擦就好|保證有效|深層修復|替代藥物
LINE_OA_LINE081,LINE081,LINE 官方帳號,2026-07-14,12:00,夏季冷氣房的肩頸保養,F,低,pending_legal_pharmacist_review,false,夏季冷氣房的肩頸保養,"夏季冷氣房的肩頸保養

喜歡養生、節氣與日常保健的 LINE 讀者，今天可以留意「夏季冷氣房的肩頸保養」。重點不是追求誇張效果，而是以生活保健與身體覺察為主，不做醫療療效宣稱。節氣養生屬一般生活資訊，身體不適仍應諮詢專業人員。

本內容為一般生活保健資訊，非醫療診斷或治療建議。
CTA：收藏提醒",,#節氣保養 #生活保健 #日常保養 #身體覺察,第一行：夏季冷氣房的肩頸保養｜第二行：依標示使用｜第三行：安全舒緩,本內容為一般生活保健資訊，非醫療診斷或治療建議。,節氣養生屬一般生活資訊，身體不適仍應諮詢專業人員。,根治|治療疾病|消炎治本|打通經絡|一擦就好|保證有效|深層修復|替代藥物
LINE_OA_LINE082,LINE082,LINE 官方帳號,2026-07-14,20:00,外用膏避免眼周與黏膜,E,高,pending_legal_pharmacist_review,false,外用膏避免眼周與黏膜,"外用膏避免眼周與黏膜

所有使用者、照護者與家庭購買者，今天可以留意「外用膏避免眼周與黏膜」。重點不是追求誇張效果，而是安全使用比用得多更重要，依標示與風險族群提醒。2 歲以下、孕哺、過敏體質、抗凝血藥使用者請先詢問專業人員。

僅供外用。避免接觸眼睛、黏膜、破皮或傷口；特殊族群使用前請先諮詢專業人員。
CTA：私訊/了解更多",,#外用安全 #用藥安全 #使用前看標示 #諮詢醫師藥師,第一行：外用膏避免眼周與黏膜｜第二行：依標示使用｜第三行：安全舒緩,僅供外用。避免接觸眼睛、黏膜、破皮或傷口；特殊族群使用前請先諮詢專業人員。,2 歲以下、孕哺、過敏體質、抗凝血藥使用者請先詢問專業人員。,根治|治療疾病|消炎治本|打通經絡|一擦就好|保證有效|深層修復|替代藥物
LINE_OA_LINE083,LINE083,LINE 官方帳號,2026-07-15,12:00,合法宣傳比誇大更長久,H,中,pending_legal_pharmacist_review,false,合法宣傳比誇大更長久,"合法宣傳比誇大更長久

重視藥證、成分、品質與合法性的消費者，今天可以留意「合法宣傳比誇大更長久」。重點不是追求誇張效果，而是強調藥證、標示、保守宣稱與人工審核流程。所有廣告文案仍須依主管機關與專業人員審核。

本產品為外用油膏，請依核准標示使用；若症狀持續或惡化，請諮詢醫師或藥師。
CTA：收藏提醒",,#藥證可查 #品牌透明 #合法宣傳 #成分透明,第一行：合法宣傳比誇大更長久｜第二行：依標示使用｜第三行：安全舒緩,本產品為外用油膏，請依核准標示使用；若症狀持續或惡化，請諮詢醫師或藥師。,所有廣告文案仍須依主管機關與專業人員審核。,根治|治療疾病|消炎治本|打通經絡|一擦就好|保證有效|深層修復|替代藥物
LINE_OA_LINE084,LINE084,LINE 官方帳號,2026-07-15,20:00,你習慣運動前還是運動後保養,G,低,pending_legal_pharmacist_review,false,你習慣運動前還是運動後保養,"你習慣運動前還是運動後保養

LINE OA 好友、回購客與新客，今天可以留意「你習慣運動前還是運動後保養」。重點不是追求誇張效果，而是用問答降低誤用，讓使用者知道何時該詢問專業人員。互動回答不取代醫師或藥師建議。

本內容為一般生活保健資訊，非醫療診斷或治療建議。
CTA：留言互動",,#互動問答 #保養知識 #使用小提醒 #金牌一條根,第一行：你習慣運動前還是運動後保養｜第二行：依標示使用｜第三行：安全舒緩,本內容為一般生活保健資訊，非醫療診斷或治療建議。,互動回答不取代醫師或藥師建議。,根治|治療疾病|消炎治本|打通經絡|一擦就好|保證有效|深層修復|替代藥物
LINE_OA_LINE085,LINE085,LINE 官方帳號,2026-07-16,12:00,搬重物後腰背保養,C,中,pending_legal_pharmacist_review,false,搬重物後腰背保養,"搬重物後腰背保養

運動族、搬重物、久站與勞動工作者，今天可以留意「搬重物後腰背保養」。重點不是追求誇張效果，而是運動或勞動後的局部肌肉痠痛，可短期按摩舒緩。明顯腫脹、劇痛、活動受限或疑似受傷時，請先就醫。

本產品為外用油膏，請依核准標示使用；若症狀持續或惡化，請諮詢醫師或藥師。
CTA：收藏提醒",,#運動後保養 #局部按摩 #肌肉痠痛 #依標示使用,第一行：搬重物後腰背保養｜第二行：依標示使用｜第三行：安全舒緩,本產品為外用油膏，請依核准標示使用；若症狀持續或惡化，請諮詢醫師或藥師。,明顯腫脹、劇痛、活動受限或疑似受傷時，請先就醫。,根治|治療疾病|消炎治本|打通經絡|一擦就好|保證有效|深層修復|替代藥物
LINE_OA_LINE086,LINE086,LINE 官方帳號,2026-07-16,20:00,樟腦外用時的注意界線,A,中,pending_legal_pharmacist_review,false,樟腦外用時的注意界線,"樟腦外用時的注意界線

已購買或正在觀望的一條根使用者，今天可以留意「樟腦外用時的注意界線」。重點不是追求誇張效果，而是依標示外用，提供局部按摩與暫時舒緩體感。僅供外用；避免眼周、黏膜、破皮或傷口。

本產品為外用油膏，請依核准標示使用；若症狀持續或惡化，請諮詢醫師或藥師。
CTA：私訊/了解更多",,#金牌一條根 #外用油膏 #成分透明 #依標示使用,第一行：樟腦外用時的注意界線｜第二行：依標示使用｜第三行：安全舒緩,本產品為外用油膏，請依核准標示使用；若症狀持續或惡化，請諮詢醫師或藥師。,僅供外用；避免眼周、黏膜、破皮或傷口。,根治|治療疾病|消炎治本|打通經絡|一擦就好|保證有效|深層修復|替代藥物
LINE_OA_LINE087,LINE087,LINE 官方帳號,2026-07-17,12:00,輕微關節痠痛與疾病治療要分開,D,中,pending_legal_pharmacist_review,false,輕微關節痠痛與疾病治療要分開,"輕微關節痠痛與疾病治療要分開

40-70 歲注重日常活動舒適度的族群，今天可以留意「輕微關節痠痛與疾病治療要分開」。重點不是追求誇張效果，而是輕微關節痠痛可短期舒緩，但不可宣稱治療疾病。關節腫痛、紅熱、長期疼痛或行走困難，請就醫評估。

本產品為外用油膏，請依核准標示使用；若症狀持續或惡化，請諮詢醫師或藥師。
CTA：收藏提醒",,#銀髮保養 #活動舒適 #輕微痠痛 #依標示使用,第一行：輕微關節痠痛與疾病治療要分開｜第二行：依標示使用｜第三行：安全舒緩,本產品為外用油膏，請依核准標示使用；若症狀持續或惡化，請諮詢醫師或藥師。,關節腫痛、紅熱、長期疼痛或行走困難，請就醫評估。,根治|治療疾病|消炎治本|打通經絡|一擦就好|保證有效|深層修復|替代藥物
LINE_OA_LINE088,LINE088,LINE 官方帳號,2026-07-17,20:00,不要搭配熱敷墊或電毯,E,高,pending_legal_pharmacist_review,false,不要搭配熱敷墊或電毯,"不要搭配熱敷墊或電毯

所有使用者、照護者與家庭購買者，今天可以留意「不要搭配熱敷墊或電毯」。重點不是追求誇張效果，而是安全使用比用得多更重要，依標示與風險族群提醒。2 歲以下、孕哺、過敏體質、抗凝血藥使用者請先詢問專業人員。

僅供外用。避免接觸眼睛、黏膜、破皮或傷口；特殊族群使用前請先諮詢專業人員。
CTA：私訊/了解更多",,#外用安全 #用藥安全 #使用前看標示 #諮詢醫師藥師,第一行：不要搭配熱敷墊或電毯｜第二行：依標示使用｜第三行：安全舒緩,僅供外用。避免接觸眼睛、黏膜、破皮或傷口；特殊族群使用前請先諮詢專業人員。,2 歲以下、孕哺、過敏體質、抗凝血藥使用者請先詢問專業人員。,根治|治療疾病|消炎治本|打通經絡|一擦就好|保證有效|深層修復|替代藥物
LINE_OA_LINE089,LINE089,LINE 官方帳號,2026-07-18,12:00,小暑前後活動舒適提醒,F,低,pending_legal_pharmacist_review,false,小暑前後活動舒適提醒,"小暑前後活動舒適提醒

喜歡養生、節氣與日常保健的 LINE 讀者，今天可以留意「小暑前後活動舒適提醒」。重點不是追求誇張效果，而是以生活保健與身體覺察為主，不做醫療療效宣稱。節氣養生屬一般生活資訊，身體不適仍應諮詢專業人員。

本內容為一般生活保健資訊，非醫療診斷或治療建議。
CTA：收藏提醒",,#節氣保養 #生活保健 #日常保養 #身體覺察,第一行：小暑前後活動舒適提醒｜第二行：依標示使用｜第三行：安全舒緩,本內容為一般生活保健資訊，非醫療診斷或治療建議。,節氣養生屬一般生活資訊，身體不適仍應諮詢專業人員。,根治|治療疾病|消炎治本|打通經絡|一擦就好|保證有效|深層修復|替代藥物
LINE_OA_LINE090,LINE090,LINE 官方帳號,2026-07-18,20:00,爬山後腿部按摩提醒,C,中,pending_legal_pharmacist_review,false,爬山後腿部按摩提醒,"爬山後腿部按摩提醒

運動族、搬重物、久站與勞動工作者，今天可以留意「爬山後腿部按摩提醒」。重點不是追求誇張效果，而是運動或勞動後的局部肌肉痠痛，可短期按摩舒緩。明顯腫脹、劇痛、活動受限或疑似受傷時，請先就醫。

本產品為外用油膏，請依核准標示使用；若症狀持續或惡化，請諮詢醫師或藥師。
CTA：私訊/了解更多",,#運動後保養 #局部按摩 #肌肉痠痛 #依標示使用,第一行：爬山後腿部按摩提醒｜第二行：依標示使用｜第三行：安全舒緩,本產品為外用油膏，請依核准標示使用；若症狀持續或惡化，請諮詢醫師或藥師。,明顯腫脹、劇痛、活動受限或疑似受傷時，請先就醫。,根治|治療疾病|消炎治本|打通經絡|一擦就好|保證有效|深層修復|替代藥物
LINE_OA_LINE091,LINE091,LINE 官方帳號,2026-07-19,12:00,外用膏一次擦多少才剛好,G,低,pending_legal_pharmacist_review,false,外用膏一次擦多少才剛好,"外用膏一次擦多少才剛好

LINE OA 好友、回購客與新客，今天可以留意「外用膏一次擦多少才剛好」。重點不是追求誇張效果，而是用問答降低誤用，讓使用者知道何時該詢問專業人員。互動回答不取代醫師或藥師建議。

本內容為一般生活保健資訊，非醫療診斷或治療建議。
CTA：留言互動",,#互動問答 #保養知識 #使用小提醒 #金牌一條根,第一行：外用膏一次擦多少才剛好｜第二行：依標示使用｜第三行：安全舒緩,本內容為一般生活保健資訊，非醫療診斷或治療建議。,互動回答不取代醫師或藥師建議。,根治|治療疾病|消炎治本|打通經絡|一擦就好|保證有效|深層修復|替代藥物
LINE_OA_LINE092,LINE092,LINE 官方帳號,2026-07-19,20:00,散步後的膝周保養,D,中,pending_legal_pharmacist_review,false,散步後的膝周保養,"散步後的膝周保養

40-70 歲注重日常活動舒適度的族群，今天可以留意「散步後的膝周保養」。重點不是追求誇張效果，而是輕微關節痠痛可短期舒緩，但不可宣稱治療疾病。關節腫痛、紅熱、長期疼痛或行走困難，請就醫評估。

本產品為外用油膏，請依核准標示使用；若症狀持續或惡化，請諮詢醫師或藥師。
CTA：私訊/了解更多",,#銀髮保養 #活動舒適 #輕微痠痛 #依標示使用,第一行：散步後的膝周保養｜第二行：依標示使用｜第三行：安全舒緩,本產品為外用油膏，請依核准標示使用；若症狀持續或惡化，請諮詢醫師或藥師。,關節腫痛、紅熱、長期疼痛或行走困難，請就醫評估。,根治|治療疾病|消炎治本|打通經絡|一擦就好|保證有效|深層修復|替代藥物
LINE_OA_LINE093,LINE093,LINE 官方帳號,2026-07-20,12:00,肩頸按摩不要只靠用力,B,低,pending_legal_pharmacist_review,false,肩頸按摩不要只靠用力,"肩頸按摩不要只靠用力

長時間低頭、久坐、用電腦的上班族，今天可以留意「肩頸按摩不要只靠用力」。重點不是追求誇張效果，而是久坐低頭後，可搭配伸展與局部按摩舒緩緊繃不適。若痠痛持續、麻木或影響活動，請諮詢醫師或藥師。

本內容為一般生活保健資訊，非醫療診斷或治療建議。
CTA：收藏提醒",,#肩頸保養 #久坐族 #日常舒緩 #依標示使用,第一行：肩頸按摩不要只靠用力｜第二行：依標示使用｜第三行：安全舒緩,本內容為一般生活保健資訊，非醫療診斷或治療建議。,若痠痛持續、麻木或影響活動，請諮詢醫師或藥師。,根治|治療疾病|消炎治本|打通經絡|一擦就好|保證有效|深層修復|替代藥物
LINE_OA_LINE094,LINE094,LINE 官方帳號,2026-07-20,20:00,油膏劑為什麼適合局部按摩,A,中,pending_legal_pharmacist_review,false,油膏劑為什麼適合局部按摩,"油膏劑為什麼適合局部按摩

已購買或正在觀望的一條根使用者，今天可以留意「油膏劑為什麼適合局部按摩」。重點不是追求誇張效果，而是依標示外用，提供局部按摩與暫時舒緩體感。僅供外用；避免眼周、黏膜、破皮或傷口。

本產品為外用油膏，請依核准標示使用；若症狀持續或惡化，請諮詢醫師或藥師。
CTA：私訊/了解更多",,#金牌一條根 #外用油膏 #成分透明 #依標示使用,第一行：油膏劑為什麼適合局部按摩｜第二行：依標示使用｜第三行：安全舒緩,本產品為外用油膏，請依核准標示使用；若症狀持續或惡化，請諮詢醫師或藥師。,僅供外用；避免眼周、黏膜、破皮或傷口。,根治|治療疾病|消炎治本|打通經絡|一擦就好|保證有效|深層修復|替代藥物
LINE_OA_LINE095,LINE095,LINE 官方帳號,2026-07-21,12:00,大暑午後少久站硬撐,F,低,pending_legal_pharmacist_review,false,大暑午後少久站硬撐,"大暑午後少久站硬撐

喜歡養生、節氣與日常保健的 LINE 讀者，今天可以留意「大暑午後少久站硬撐」。重點不是追求誇張效果，而是以生活保健與身體覺察為主，不做醫療療效宣稱。節氣養生屬一般生活資訊，身體不適仍應諮詢專業人員。

本內容為一般生活保健資訊，非醫療診斷或治療建議。
CTA：收藏提醒",,#節氣保養 #生活保健 #日常保養 #身體覺察,第一行：大暑午後少久站硬撐｜第二行：依標示使用｜第三行：安全舒緩,本內容為一般生活保健資訊，非醫療診斷或治療建議。,節氣養生屬一般生活資訊，身體不適仍應諮詢專業人員。,根治|治療疾病|消炎治本|打通經絡|一擦就好|保證有效|深層修復|替代藥物
LINE_OA_LINE096,LINE096,LINE 官方帳號,2026-07-21,20:00,不要密封包紮或大面積厚敷,E,高,pending_legal_pharmacist_review,false,不要密封包紮或大面積厚敷,"不要密封包紮或大面積厚敷

所有使用者、照護者與家庭購買者，今天可以留意「不要密封包紮或大面積厚敷」。重點不是追求誇張效果，而是安全使用比用得多更重要，依標示與風險族群提醒。2 歲以下、孕哺、過敏體質、抗凝血藥使用者請先詢問專業人員。

僅供外用。避免接觸眼睛、黏膜、破皮或傷口；特殊族群使用前請先諮詢專業人員。
CTA：私訊/了解更多",,#外用安全 #用藥安全 #使用前看標示 #諮詢醫師藥師,第一行：不要密封包紮或大面積厚敷｜第二行：依標示使用｜第三行：安全舒緩,僅供外用。避免接觸眼睛、黏膜、破皮或傷口；特殊族群使用前請先諮詢專業人員。,2 歲以下、孕哺、過敏體質、抗凝血藥使用者請先詢問專業人員。,根治|治療疾病|消炎治本|打通經絡|一擦就好|保證有效|深層修復|替代藥物
LINE_OA_LINE097,LINE097,LINE 官方帳號,2026-07-22,12:00,什麼是乙類成藥,H,中,pending_legal_pharmacist_review,false,什麼是乙類成藥,"什麼是乙類成藥

重視藥證、成分、品質與合法性的消費者，今天可以留意「什麼是乙類成藥」。重點不是追求誇張效果，而是強調藥證、標示、保守宣稱與人工審核流程。所有廣告文案仍須依主管機關與專業人員審核。

本產品為外用油膏，請依核准標示使用；若症狀持續或惡化，請諮詢醫師或藥師。
CTA：收藏提醒",,#藥證可查 #品牌透明 #合法宣傳 #成分透明,第一行：什麼是乙類成藥｜第二行：依標示使用｜第三行：安全舒緩,本產品為外用油膏，請依核准標示使用；若症狀持續或惡化，請諮詢醫師或藥師。,所有廣告文案仍須依主管機關與專業人員審核。,根治|治療疾病|消炎治本|打通經絡|一擦就好|保證有效|深層修復|替代藥物
LINE_OA_LINE098,LINE098,LINE 官方帳號,2026-07-22,20:00,涼感越強越有效嗎,G,低,pending_legal_pharmacist_review,false,涼感越強越有效嗎,"涼感越強越有效嗎

LINE OA 好友、回購客與新客，今天可以留意「涼感越強越有效嗎」。重點不是追求誇張效果，而是用問答降低誤用，讓使用者知道何時該詢問專業人員。互動回答不取代醫師或藥師建議。

本內容為一般生活保健資訊，非醫療診斷或治療建議。
CTA：留言互動",,#互動問答 #保養知識 #使用小提醒 #金牌一條根,第一行：涼感越強越有效嗎｜第二行：依標示使用｜第三行：安全舒緩,本內容為一般生活保健資訊，非醫療診斷或治療建議。,互動回答不取代醫師或藥師建議。,根治|治療疾病|消炎治本|打通經絡|一擦就好|保證有效|深層修復|替代藥物
LINE_OA_LINE099,LINE099,LINE 官方帳號,2026-07-23,12:00,重訓後肩背局部舒緩,C,中,pending_legal_pharmacist_review,false,重訓後肩背局部舒緩,"重訓後肩背局部舒緩

運動族、搬重物、久站與勞動工作者，今天可以留意「重訓後肩背局部舒緩」。重點不是追求誇張效果，而是運動或勞動後的局部肌肉痠痛，可短期按摩舒緩。明顯腫脹、劇痛、活動受限或疑似受傷時，請先就醫。

本產品為外用油膏，請依核准標示使用；若症狀持續或惡化，請諮詢醫師或藥師。
CTA：收藏提醒",,#運動後保養 #局部按摩 #肌肉痠痛 #依標示使用,第一行：重訓後肩背局部舒緩｜第二行：依標示使用｜第三行：安全舒緩,本產品為外用油膏，請依核准標示使用；若症狀持續或惡化，請諮詢醫師或藥師。,明顯腫脹、劇痛、活動受限或疑似受傷時，請先就醫。,根治|治療疾病|消炎治本|打通經絡|一擦就好|保證有效|深層修復|替代藥物
LINE_OA_LINE100,LINE100,LINE 官方帳號,2026-07-23,20:00,乙類成藥與一般保健品差異,A,中,pending_legal_pharmacist_review,false,乙類成藥與一般保健品差異,"乙類成藥與一般保健品差異

已購買或正在觀望的一條根使用者，今天可以留意「乙類成藥與一般保健品差異」。重點不是追求誇張效果，而是依標示外用，提供局部按摩與暫時舒緩體感。僅供外用；避免眼周、黏膜、破皮或傷口。

本產品為外用油膏，請依核准標示使用；若症狀持續或惡化，請諮詢醫師或藥師。
CTA：私訊/了解更多",,#金牌一條根 #外用油膏 #成分透明 #依標示使用,第一行：乙類成藥與一般保健品差異｜第二行：依標示使用｜第三行：安全舒緩,本產品為外用油膏，請依核准標示使用；若症狀持續或惡化，請諮詢醫師或藥師。,僅供外用；避免眼周、黏膜、破皮或傷口。,根治|治療疾病|消炎治本|打通經絡|一擦就好|保證有效|深層修復|替代藥物
LINE_OA_LINE101,LINE101,LINE 官方帳號,2026-07-24,12:00,天氣變化時的活動舒適感,D,中,pending_legal_pharmacist_review,false,天氣變化時的活動舒適感,"天氣變化時的活動舒適感

40-70 歲注重日常活動舒適度的族群，今天可以留意「天氣變化時的活動舒適感」。重點不是追求誇張效果，而是輕微關節痠痛可短期舒緩，但不可宣稱治療疾病。關節腫痛、紅熱、長期疼痛或行走困難，請就醫評估。

本產品為外用油膏，請依核准標示使用；若症狀持續或惡化，請諮詢醫師或藥師。
CTA：收藏提醒",,#銀髮保養 #活動舒適 #輕微痠痛 #依標示使用,第一行：天氣變化時的活動舒適感｜第二行：依標示使用｜第三行：安全舒緩,本產品為外用油膏，請依核准標示使用；若症狀持續或惡化，請諮詢醫師或藥師。,關節腫痛、紅熱、長期疼痛或行走困難，請就醫評估。,根治|治療疾病|消炎治本|打通經絡|一擦就好|保證有效|深層修復|替代藥物
LINE_OA_LINE102,LINE102,LINE 官方帳號,2026-07-24,20:00,水楊酸或阿斯匹靈過敏者注意,E,高,pending_legal_pharmacist_review,false,水楊酸或阿斯匹靈過敏者注意,"水楊酸或阿斯匹靈過敏者注意

所有使用者、照護者與家庭購買者，今天可以留意「水楊酸或阿斯匹靈過敏者注意」。重點不是追求誇張效果，而是安全使用比用得多更重要，依標示與風險族群提醒。2 歲以下、孕哺、過敏體質、抗凝血藥使用者請先詢問專業人員。

僅供外用。避免接觸眼睛、黏膜、破皮或傷口；特殊族群使用前請先諮詢專業人員。
CTA：私訊/了解更多",,#外用安全 #用藥安全 #使用前看標示 #諮詢醫師藥師,第一行：水楊酸或阿斯匹靈過敏者注意｜第二行：依標示使用｜第三行：安全舒緩,僅供外用。避免接觸眼睛、黏膜、破皮或傷口；特殊族群使用前請先諮詢專業人員。,2 歲以下、孕哺、過敏體質、抗凝血藥使用者請先詢問專業人員。,根治|治療疾病|消炎治本|打通經絡|一擦就好|保證有效|深層修復|替代藥物
LINE_OA_LINE103,LINE103,LINE 官方帳號,2026-07-25,12:00,立秋後早晚溫差保養,F,低,pending_legal_pharmacist_review,false,立秋後早晚溫差保養,"立秋後早晚溫差保養

喜歡養生、節氣與日常保健的 LINE 讀者，今天可以留意「立秋後早晚溫差保養」。重點不是追求誇張效果，而是以生活保健與身體覺察為主，不做醫療療效宣稱。節氣養生屬一般生活資訊，身體不適仍應諮詢專業人員。

本內容為一般生活保健資訊，非醫療診斷或治療建議。
CTA：收藏提醒",,#節氣保養 #生活保健 #日常保養 #身體覺察,第一行：立秋後早晚溫差保養｜第二行：依標示使用｜第三行：安全舒緩,本內容為一般生活保健資訊，非醫療診斷或治療建議。,節氣養生屬一般生活資訊，身體不適仍應諮詢專業人員。,根治|治療疾病|消炎治本|打通經絡|一擦就好|保證有效|深層修復|替代藥物
LINE_OA_LINE104,LINE104,LINE 官方帳號,2026-07-25,20:00,家事後手臂不適保養,C,中,pending_legal_pharmacist_review,false,家事後手臂不適保養,"家事後手臂不適保養

運動族、搬重物、久站與勞動工作者，今天可以留意「家事後手臂不適保養」。重點不是追求誇張效果，而是運動或勞動後的局部肌肉痠痛，可短期按摩舒緩。明顯腫脹、劇痛、活動受限或疑似受傷時，請先就醫。

本產品為外用油膏，請依核准標示使用；若症狀持續或惡化，請諮詢醫師或藥師。
CTA：私訊/了解更多",,#運動後保養 #局部按摩 #肌肉痠痛 #依標示使用,第一行：家事後手臂不適保養｜第二行：依標示使用｜第三行：安全舒緩,本產品為外用油膏，請依核准標示使用；若症狀持續或惡化，請諮詢醫師或藥師。,明顯腫脹、劇痛、活動受限或疑似受傷時，請先就醫。,根治|治療疾病|消炎治本|打通經絡|一擦就好|保證有效|深層修復|替代藥物
LINE_OA_LINE105,LINE105,LINE 官方帳號,2026-07-26,12:00,你有看過外用產品標示嗎,G,低,pending_legal_pharmacist_review,false,你有看過外用產品標示嗎,"你有看過外用產品標示嗎

LINE OA 好友、回購客與新客，今天可以留意「你有看過外用產品標示嗎」。重點不是追求誇張效果，而是用問答降低誤用，讓使用者知道何時該詢問專業人員。互動回答不取代醫師或藥師建議。

本內容為一般生活保健資訊，非醫療診斷或治療建議。
CTA：留言互動",,#互動問答 #保養知識 #使用小提醒 #金牌一條根,第一行：你有看過外用產品標示嗎｜第二行：依標示使用｜第三行：安全舒緩,本內容為一般生活保健資訊，非醫療診斷或治療建議。,互動回答不取代醫師或藥師建議。,根治|治療疾病|消炎治本|打通經絡|一擦就好|保證有效|深層修復|替代藥物
LINE_OA_LINE106,LINE106,LINE 官方帳號,2026-07-26,20:00,長輩按摩力道不要過重,D,中,pending_legal_pharmacist_review,false,長輩按摩力道不要過重,"長輩按摩力道不要過重

40-70 歲注重日常活動舒適度的族群，今天可以留意「長輩按摩力道不要過重」。重點不是追求誇張效果，而是輕微關節痠痛可短期舒緩，但不可宣稱治療疾病。關節腫痛、紅熱、長期疼痛或行走困難，請就醫評估。

本產品為外用油膏，請依核准標示使用；若症狀持續或惡化，請諮詢醫師或藥師。
CTA：私訊/了解更多",,#銀髮保養 #活動舒適 #輕微痠痛 #依標示使用,第一行：長輩按摩力道不要過重｜第二行：依標示使用｜第三行：安全舒緩,本產品為外用油膏，請依核准標示使用；若症狀持續或惡化，請諮詢醫師或藥師。,關節腫痛、紅熱、長期疼痛或行走困難，請就醫評估。,根治|治療疾病|消炎治本|打通經絡|一擦就好|保證有效|深層修復|替代藥物
LINE_OA_LINE107,LINE107,LINE 官方帳號,2026-07-27,12:00,久坐族晚間舒緩儀式,B,低,pending_legal_pharmacist_review,false,久坐族晚間舒緩儀式,"久坐族晚間舒緩儀式

長時間低頭、久坐、用電腦的上班族，今天可以留意「久坐族晚間舒緩儀式」。重點不是追求誇張效果，而是久坐低頭後，可搭配伸展與局部按摩舒緩緊繃不適。若痠痛持續、麻木或影響活動，請諮詢醫師或藥師。

本內容為一般生活保健資訊，非醫療診斷或治療建議。
CTA：收藏提醒",,#肩頸保養 #久坐族 #日常舒緩 #依標示使用,第一行：久坐族晚間舒緩儀式｜第二行：依標示使用｜第三行：安全舒緩,本內容為一般生活保健資訊，非醫療診斷或治療建議。,若痠痛持續、麻木或影響活動，請諮詢醫師或藥師。,根治|治療疾病|消炎治本|打通經絡|一擦就好|保證有效|深層修復|替代藥物
LINE_OA_LINE108,LINE108,LINE 官方帳號,2026-07-27,20:00,一條根外用膏的日常定位,A,中,pending_legal_pharmacist_review,false,一條根外用膏的日常定位,"一條根外用膏的日常定位

已購買或正在觀望的一條根使用者，今天可以留意「一條根外用膏的日常定位」。重點不是追求誇張效果，而是依標示外用，提供局部按摩與暫時舒緩體感。僅供外用；避免眼周、黏膜、破皮或傷口。

本產品為外用油膏，請依核准標示使用；若症狀持續或惡化，請諮詢醫師或藥師。
CTA：私訊/了解更多",,#金牌一條根 #外用油膏 #成分透明 #依標示使用,第一行：一條根外用膏的日常定位｜第二行：依標示使用｜第三行：安全舒緩,本產品為外用油膏，請依核准標示使用；若症狀持續或惡化，請諮詢醫師或藥師。,僅供外用；避免眼周、黏膜、破皮或傷口。,根治|治療疾病|消炎治本|打通經絡|一擦就好|保證有效|深層修復|替代藥物
LINE_OA_LINE109,LINE109,LINE 官方帳號,2026-07-28,12:00,處暑後運動暖身提醒,F,低,pending_legal_pharmacist_review,false,處暑後運動暖身提醒,"處暑後運動暖身提醒

喜歡養生、節氣與日常保健的 LINE 讀者，今天可以留意「處暑後運動暖身提醒」。重點不是追求誇張效果，而是以生活保健與身體覺察為主，不做醫療療效宣稱。節氣養生屬一般生活資訊，身體不適仍應諮詢專業人員。

本內容為一般生活保健資訊，非醫療診斷或治療建議。
CTA：收藏提醒",,#節氣保養 #生活保健 #日常保養 #身體覺察,第一行：處暑後運動暖身提醒｜第二行：依標示使用｜第三行：安全舒緩,本內容為一般生活保健資訊，非醫療診斷或治療建議。,節氣養生屬一般生活資訊，身體不適仍應諮詢專業人員。,根治|治療疾病|消炎治本|打通經絡|一擦就好|保證有效|深層修復|替代藥物
LINE_OA_LINE110,LINE110,LINE 官方帳號,2026-07-28,20:00,兒童使用前的安全提醒,E,高,pending_legal_pharmacist_review,false,兒童使用前的安全提醒,"兒童使用前的安全提醒

所有使用者、照護者與家庭購買者，今天可以留意「兒童使用前的安全提醒」。重點不是追求誇張效果，而是安全使用比用得多更重要，依標示與風險族群提醒。2 歲以下、孕哺、過敏體質、抗凝血藥使用者請先詢問專業人員。

僅供外用。避免接觸眼睛、黏膜、破皮或傷口；特殊族群使用前請先諮詢專業人員。
CTA：私訊/了解更多",,#外用安全 #用藥安全 #使用前看標示 #諮詢醫師藥師,第一行：兒童使用前的安全提醒｜第二行：依標示使用｜第三行：安全舒緩,僅供外用。避免接觸眼睛、黏膜、破皮或傷口；特殊族群使用前請先諮詢專業人員。,2 歲以下、孕哺、過敏體質、抗凝血藥使用者請先詢問專業人員。,根治|治療疾病|消炎治本|打通經絡|一擦就好|保證有效|深層修復|替代藥物
LINE_OA_LINE111,LINE111,LINE 官方帳號,2026-07-29,12:00,官方適應症與社群文案的差異,H,中,pending_legal_pharmacist_review,false,官方適應症與社群文案的差異,"官方適應症與社群文案的差異

重視藥證、成分、品質與合法性的消費者，今天可以留意「官方適應症與社群文案的差異」。重點不是追求誇張效果，而是強調藥證、標示、保守宣稱與人工審核流程。所有廣告文案仍須依主管機關與專業人員審核。

本產品為外用油膏，請依核准標示使用；若症狀持續或惡化，請諮詢醫師或藥師。
CTA：收藏提醒",,#藥證可查 #品牌透明 #合法宣傳 #成分透明,第一行：官方適應症與社群文案的差異｜第二行：依標示使用｜第三行：安全舒緩,本產品為外用油膏，請依核准標示使用；若症狀持續或惡化，請諮詢醫師或藥師。,所有廣告文案仍須依主管機關與專業人員審核。,根治|治療疾病|消炎治本|打通經絡|一擦就好|保證有效|深層修復|替代藥物
LINE_OA_LINE112,LINE112,LINE 官方帳號,2026-07-29,20:00,久坐族最想舒緩哪裡,G,低,pending_legal_pharmacist_review,false,久坐族最想舒緩哪裡,"久坐族最想舒緩哪裡

LINE OA 好友、回購客與新客，今天可以留意「久坐族最想舒緩哪裡」。重點不是追求誇張效果，而是用問答降低誤用，讓使用者知道何時該詢問專業人員。互動回答不取代醫師或藥師建議。

本內容為一般生活保健資訊，非醫療診斷或治療建議。
CTA：留言互動",,#互動問答 #保養知識 #使用小提醒 #金牌一條根,第一行：久坐族最想舒緩哪裡｜第二行：依標示使用｜第三行：安全舒緩,本內容為一般生活保健資訊，非醫療診斷或治療建議。,互動回答不取代醫師或藥師建議。,根治|治療疾病|消炎治本|打通經絡|一擦就好|保證有效|深層修復|替代藥物
LINE_OA_LINE113,LINE113,LINE 官方帳號,2026-07-30,12:00,跑步後膝周不適的保守提醒,C,中,pending_legal_pharmacist_review,false,跑步後膝周不適的保守提醒,"跑步後膝周不適的保守提醒

運動族、搬重物、久站與勞動工作者，今天可以留意「跑步後膝周不適的保守提醒」。重點不是追求誇張效果，而是運動或勞動後的局部肌肉痠痛，可短期按摩舒緩。明顯腫脹、劇痛、活動受限或疑似受傷時，請先就醫。

本產品為外用油膏，請依核准標示使用；若症狀持續或惡化，請諮詢醫師或藥師。
CTA：收藏提醒",,#運動後保養 #局部按摩 #肌肉痠痛 #依標示使用,第一行：跑步後膝周不適的保守提醒｜第二行：依標示使用｜第三行：安全舒緩,本產品為外用油膏，請依核准標示使用；若症狀持續或惡化，請諮詢醫師或藥師。,明顯腫脹、劇痛、活動受限或疑似受傷時，請先就醫。,根治|治療疾病|消炎治本|打通經絡|一擦就好|保證有效|深層修復|替代藥物
LINE_OA_LINE114,LINE114,LINE 官方帳號,2026-07-30,20:00,成分濃度為什麼要看標示,A,中,pending_legal_pharmacist_review,false,成分濃度為什麼要看標示,"成分濃度為什麼要看標示

已購買或正在觀望的一條根使用者，今天可以留意「成分濃度為什麼要看標示」。重點不是追求誇張效果，而是依標示外用，提供局部按摩與暫時舒緩體感。僅供外用；避免眼周、黏膜、破皮或傷口。

本產品為外用油膏，請依核准標示使用；若症狀持續或惡化，請諮詢醫師或藥師。
CTA：私訊/了解更多",,#金牌一條根 #外用油膏 #成分透明 #依標示使用,第一行：成分濃度為什麼要看標示｜第二行：依標示使用｜第三行：安全舒緩,本產品為外用油膏，請依核准標示使用；若症狀持續或惡化，請諮詢醫師或藥師。,僅供外用；避免眼周、黏膜、破皮或傷口。,根治|治療疾病|消炎治本|打通經絡|一擦就好|保證有效|深層修復|替代藥物
LINE_OA_LINE115,LINE115,LINE 官方帳號,2026-07-31,12:00,照顧爸媽時的外用提醒,D,中,pending_legal_pharmacist_review,false,照顧爸媽時的外用提醒,"照顧爸媽時的外用提醒

40-70 歲注重日常活動舒適度的族群，今天可以留意「照顧爸媽時的外用提醒」。重點不是追求誇張效果，而是輕微關節痠痛可短期舒緩，但不可宣稱治療疾病。關節腫痛、紅熱、長期疼痛或行走困難，請就醫評估。

本產品為外用油膏，請依核准標示使用；若症狀持續或惡化，請諮詢醫師或藥師。
CTA：收藏提醒",,#銀髮保養 #活動舒適 #輕微痠痛 #依標示使用,第一行：照顧爸媽時的外用提醒｜第二行：依標示使用｜第三行：安全舒緩,本產品為外用油膏，請依核准標示使用；若症狀持續或惡化，請諮詢醫師或藥師。,關節腫痛、紅熱、長期疼痛或行走困難，請就醫評估。,根治|治療疾病|消炎治本|打通經絡|一擦就好|保證有效|深層修復|替代藥物
LINE_OA_LINE116,LINE116,LINE 官方帳號,2026-07-31,20:00,孕婦與哺乳族群先詢問專業人員,E,高,pending_legal_pharmacist_review,false,孕婦與哺乳族群先詢問專業人員,"孕婦與哺乳族群先詢問專業人員

所有使用者、照護者與家庭購買者，今天可以留意「孕婦與哺乳族群先詢問專業人員」。重點不是追求誇張效果，而是安全使用比用得多更重要，依標示與風險族群提醒。2 歲以下、孕哺、過敏體質、抗凝血藥使用者請先詢問專業人員。

僅供外用。避免接觸眼睛、黏膜、破皮或傷口；特殊族群使用前請先諮詢專業人員。
CTA：私訊/了解更多",,#外用安全 #用藥安全 #使用前看標示 #諮詢醫師藥師,第一行：孕婦與哺乳族群先詢問專業人員｜第二行：依標示使用｜第三行：安全舒緩,僅供外用。避免接觸眼睛、黏膜、破皮或傷口；特殊族群使用前請先諮詢專業人員。,2 歲以下、孕哺、過敏體質、抗凝血藥使用者請先詢問專業人員。,根治|治療疾病|消炎治本|打通經絡|一擦就好|保證有效|深層修復|替代藥物
LINE_OA_LINE117,LINE117,LINE 官方帳號,2026-08-01,12:00,白露時節關心長輩活動,F,低,pending_legal_pharmacist_review,false,白露時節關心長輩活動,"白露時節關心長輩活動

喜歡養生、節氣與日常保健的 LINE 讀者，今天可以留意「白露時節關心長輩活動」。重點不是追求誇張效果，而是以生活保健與身體覺察為主，不做醫療療效宣稱。節氣養生屬一般生活資訊，身體不適仍應諮詢專業人員。

本內容為一般生活保健資訊，非醫療診斷或治療建議。
CTA：收藏提醒",,#節氣保養 #生活保健 #日常保養 #身體覺察,第一行：白露時節關心長輩活動｜第二行：依標示使用｜第三行：安全舒緩,本內容為一般生活保健資訊，非醫療診斷或治療建議。,節氣養生屬一般生活資訊，身體不適仍應諮詢專業人員。,根治|治療疾病|消炎治本|打通經絡|一擦就好|保證有效|深層修復|替代藥物
LINE_OA_LINE118,LINE118,LINE 官方帳號,2026-08-01,20:00,勞動後先休息再按摩,C,中,pending_legal_pharmacist_review,false,勞動後先休息再按摩,"勞動後先休息再按摩

運動族、搬重物、久站與勞動工作者，今天可以留意「勞動後先休息再按摩」。重點不是追求誇張效果，而是運動或勞動後的局部肌肉痠痛，可短期按摩舒緩。明顯腫脹、劇痛、活動受限或疑似受傷時，請先就醫。

本產品為外用油膏，請依核准標示使用；若症狀持續或惡化，請諮詢醫師或藥師。
CTA：私訊/了解更多",,#運動後保養 #局部按摩 #肌肉痠痛 #依標示使用,第一行：勞動後先休息再按摩｜第二行：依標示使用｜第三行：安全舒緩,本產品為外用油膏，請依核准標示使用；若症狀持續或惡化，請諮詢醫師或藥師。,明顯腫脹、劇痛、活動受限或疑似受傷時，請先就醫。,根治|治療疾病|消炎治本|打通經絡|一擦就好|保證有效|深層修復|替代藥物
LINE_OA_LINE119,LINE119,LINE 官方帳號,2026-08-02,12:00,長輩使用外用膏你會提醒什麼,G,低,pending_legal_pharmacist_review,false,長輩使用外用膏你會提醒什麼,"長輩使用外用膏你會提醒什麼

LINE OA 好友、回購客與新客，今天可以留意「長輩使用外用膏你會提醒什麼」。重點不是追求誇張效果，而是用問答降低誤用，讓使用者知道何時該詢問專業人員。互動回答不取代醫師或藥師建議。

本內容為一般生活保健資訊，非醫療診斷或治療建議。
CTA：留言互動",,#互動問答 #保養知識 #使用小提醒 #金牌一條根,第一行：長輩使用外用膏你會提醒什麼｜第二行：依標示使用｜第三行：安全舒緩,本內容為一般生活保健資訊，非醫療診斷或治療建議。,互動回答不取代醫師或藥師建議。,根治|治療疾病|消炎治本|打通經絡|一擦就好|保證有效|深層修復|替代藥物
LINE_OA_LINE120,LINE120,LINE 官方帳號,2026-08-02,20:00,日常活動舒適度的三個習慣,D,中,pending_legal_pharmacist_review,false,日常活動舒適度的三個習慣,"日常活動舒適度的三個習慣

40-70 歲注重日常活動舒適度的族群，今天可以留意「日常活動舒適度的三個習慣」。重點不是追求誇張效果，而是輕微關節痠痛可短期舒緩，但不可宣稱治療疾病。關節腫痛、紅熱、長期疼痛或行走困難，請就醫評估。

本產品為外用油膏，請依核准標示使用；若症狀持續或惡化，請諮詢醫師或藥師。
CTA：私訊/了解更多",,#銀髮保養 #活動舒適 #輕微痠痛 #依標示使用,第一行：日常活動舒適度的三個習慣｜第二行：依標示使用｜第三行：安全舒緩,本產品為外用油膏，請依核准標示使用；若症狀持續或惡化，請諮詢醫師或藥師。,關節腫痛、紅熱、長期疼痛或行走困難，請就醫評估。,根治|治療疾病|消炎治本|打通經絡|一擦就好|保證有效|深層修復|替代藥物
LINE_OA_LINE121,LINE121,LINE 官方帳號,2026-08-03,12:00,背包太重後的肩膀保養,B,低,pending_legal_pharmacist_review,false,背包太重後的肩膀保養,"背包太重後的肩膀保養

長時間低頭、久坐、用電腦的上班族，今天可以留意「背包太重後的肩膀保養」。重點不是追求誇張效果，而是久坐低頭後，可搭配伸展與局部按摩舒緩緊繃不適。若痠痛持續、麻木或影響活動，請諮詢醫師或藥師。

本內容為一般生活保健資訊，非醫療診斷或治療建議。
CTA：收藏提醒",,#肩頸保養 #久坐族 #日常舒緩 #依標示使用,第一行：背包太重後的肩膀保養｜第二行：依標示使用｜第三行：安全舒緩,本內容為一般生活保健資訊，非醫療診斷或治療建議。,若痠痛持續、麻木或影響活動，請諮詢醫師或藥師。,根治|治療疾病|消炎治本|打通經絡|一擦就好|保證有效|深層修復|替代藥物
LINE_OA_LINE122,LINE122,LINE 官方帳號,2026-08-03,20:00,局部按摩和大面積厚敷的差別,A,中,pending_legal_pharmacist_review,false,局部按摩和大面積厚敷的差別,"局部按摩和大面積厚敷的差別

已購買或正在觀望的一條根使用者，今天可以留意「局部按摩和大面積厚敷的差別」。重點不是追求誇張效果，而是依標示外用，提供局部按摩與暫時舒緩體感。僅供外用；避免眼周、黏膜、破皮或傷口。

本產品為外用油膏，請依核准標示使用；若症狀持續或惡化，請諮詢醫師或藥師。
CTA：私訊/了解更多",,#金牌一條根 #外用油膏 #成分透明 #依標示使用,第一行：局部按摩和大面積厚敷的差別｜第二行：依標示使用｜第三行：安全舒緩,本產品為外用油膏，請依核准標示使用；若症狀持續或惡化，請諮詢醫師或藥師。,僅供外用；避免眼周、黏膜、破皮或傷口。,根治|治療疾病|消炎治本|打通經絡|一擦就好|保證有效|深層修復|替代藥物
LINE_OA_LINE123,LINE123,LINE 官方帳號,2026-08-04,12:00,秋分後外出前暖身,F,低,pending_legal_pharmacist_review,false,秋分後外出前暖身,"秋分後外出前暖身

喜歡養生、節氣與日常保健的 LINE 讀者，今天可以留意「秋分後外出前暖身」。重點不是追求誇張效果，而是以生活保健與身體覺察為主，不做醫療療效宣稱。節氣養生屬一般生活資訊，身體不適仍應諮詢專業人員。

本內容為一般生活保健資訊，非醫療診斷或治療建議。
CTA：收藏提醒",,#節氣保養 #生活保健 #日常保養 #身體覺察,第一行：秋分後外出前暖身｜第二行：依標示使用｜第三行：安全舒緩,本內容為一般生活保健資訊，非醫療診斷或治療建議。,節氣養生屬一般生活資訊，身體不適仍應諮詢專業人員。,根治|治療疾病|消炎治本|打通經絡|一擦就好|保證有效|深層修復|替代藥物
LINE_OA_LINE124,LINE124,LINE 官方帳號,2026-08-04,20:00,症狀超過七天要停用並諮詢,E,高,pending_legal_pharmacist_review,false,症狀超過七天要停用並諮詢,"症狀超過七天要停用並諮詢

所有使用者、照護者與家庭購買者，今天可以留意「症狀超過七天要停用並諮詢」。重點不是追求誇張效果，而是安全使用比用得多更重要，依標示與風險族群提醒。2 歲以下、孕哺、過敏體質、抗凝血藥使用者請先詢問專業人員。

僅供外用。避免接觸眼睛、黏膜、破皮或傷口；特殊族群使用前請先諮詢專業人員。
CTA：私訊/了解更多",,#外用安全 #用藥安全 #使用前看標示 #諮詢醫師藥師,第一行：症狀超過七天要停用並諮詢｜第二行：依標示使用｜第三行：安全舒緩,僅供外用。避免接觸眼睛、黏膜、破皮或傷口；特殊族群使用前請先諮詢專業人員。,2 歲以下、孕哺、過敏體質、抗凝血藥使用者請先詢問專業人員。,根治|治療疾病|消炎治本|打通經絡|一擦就好|保證有效|深層修復|替代藥物
LINE_OA_LINE125,LINE125,LINE 官方帳號,2026-08-05,12:00,為什麼不鼓勵擦傷口,H,中,pending_legal_pharmacist_review,false,為什麼不鼓勵擦傷口,"為什麼不鼓勵擦傷口

重視藥證、成分、品質與合法性的消費者，今天可以留意「為什麼不鼓勵擦傷口」。重點不是追求誇張效果，而是強調藥證、標示、保守宣稱與人工審核流程。所有廣告文案仍須依主管機關與專業人員審核。

本產品為外用油膏，請依核准標示使用；若症狀持續或惡化，請諮詢醫師或藥師。
CTA：收藏提醒",,#藥證可查 #品牌透明 #合法宣傳 #成分透明,第一行：為什麼不鼓勵擦傷口｜第二行：依標示使用｜第三行：安全舒緩,本產品為外用油膏，請依核准標示使用；若症狀持續或惡化，請諮詢醫師或藥師。,所有廣告文案仍須依主管機關與專業人員審核。,根治|治療疾病|消炎治本|打通經絡|一擦就好|保證有效|深層修復|替代藥物
LINE_OA_LINE126,LINE126,LINE 官方帳號,2026-08-05,20:00,一條根可以天天厚敷嗎,G,低,pending_legal_pharmacist_review,false,一條根可以天天厚敷嗎,"一條根可以天天厚敷嗎

LINE OA 好友、回購客與新客，今天可以留意「一條根可以天天厚敷嗎」。重點不是追求誇張效果，而是用問答降低誤用，讓使用者知道何時該詢問專業人員。互動回答不取代醫師或藥師建議。

本內容為一般生活保健資訊，非醫療診斷或治療建議。
CTA：留言互動",,#互動問答 #保養知識 #使用小提醒 #金牌一條根,第一行：一條根可以天天厚敷嗎｜第二行：依標示使用｜第三行：安全舒緩,本內容為一般生活保健資訊，非醫療診斷或治療建議。,互動回答不取代醫師或藥師建議。,根治|治療疾病|消炎治本|打通經絡|一擦就好|保證有效|深層修復|替代藥物
LINE_OA_LINE127,LINE127,LINE 官方帳號,2026-08-06,12:00,運動後不要立刻熱敷加藥膏,C,中,pending_legal_pharmacist_review,false,運動後不要立刻熱敷加藥膏,"運動後不要立刻熱敷加藥膏

運動族、搬重物、久站與勞動工作者，今天可以留意「運動後不要立刻熱敷加藥膏」。重點不是追求誇張效果，而是運動或勞動後的局部肌肉痠痛，可短期按摩舒緩。明顯腫脹、劇痛、活動受限或疑似受傷時，請先就醫。

本產品為外用油膏，請依核准標示使用；若症狀持續或惡化，請諮詢醫師或藥師。
CTA：收藏提醒",,#運動後保養 #局部按摩 #肌肉痠痛 #依標示使用,第一行：運動後不要立刻熱敷加藥膏｜第二行：依標示使用｜第三行：安全舒緩,本產品為外用油膏，請依核准標示使用；若症狀持續或惡化，請諮詢醫師或藥師。,明顯腫脹、劇痛、活動受限或疑似受傷時，請先就醫。,根治|治療疾病|消炎治本|打通經絡|一擦就好|保證有效|深層修復|替代藥物
LINE_OA_LINE128,LINE128,LINE 官方帳號,2026-08-06,20:00,使用前先小範圍測試,A,中,pending_legal_pharmacist_review,false,使用前先小範圍測試,"使用前先小範圍測試

已購買或正在觀望的一條根使用者，今天可以留意「使用前先小範圍測試」。重點不是追求誇張效果，而是依標示外用，提供局部按摩與暫時舒緩體感。僅供外用；避免眼周、黏膜、破皮或傷口。

本產品為外用油膏，請依核准標示使用；若症狀持續或惡化，請諮詢醫師或藥師。
CTA：私訊/了解更多",,#金牌一條根 #外用油膏 #成分透明 #依標示使用,第一行：使用前先小範圍測試｜第二行：依標示使用｜第三行：安全舒緩,本產品為外用油膏，請依核准標示使用；若症狀持續或惡化，請諮詢醫師或藥師。,僅供外用；避免眼周、黏膜、破皮或傷口。,根治|治療疾病|消炎治本|打通經絡|一擦就好|保證有效|深層修復|替代藥物
LINE_OA_LINE129,LINE129,LINE 官方帳號,2026-08-07,12:00,長輩使用前先看標示,D,中,pending_legal_pharmacist_review,false,長輩使用前先看標示,"長輩使用前先看標示

40-70 歲注重日常活動舒適度的族群，今天可以留意「長輩使用前先看標示」。重點不是追求誇張效果，而是輕微關節痠痛可短期舒緩，但不可宣稱治療疾病。關節腫痛、紅熱、長期疼痛或行走困難，請就醫評估。

本產品為外用油膏，請依核准標示使用；若症狀持續或惡化，請諮詢醫師或藥師。
CTA：收藏提醒",,#銀髮保養 #活動舒適 #輕微痠痛 #依標示使用,第一行：長輩使用前先看標示｜第二行：依標示使用｜第三行：安全舒緩,本產品為外用油膏，請依核准標示使用；若症狀持續或惡化，請諮詢醫師或藥師。,關節腫痛、紅熱、長期疼痛或行走困難，請就醫評估。,根治|治療疾病|消炎治本|打通經絡|一擦就好|保證有效|深層修復|替代藥物
LINE_OA_LINE130,LINE130,LINE 官方帳號,2026-08-07,20:00,皮膚刺激時要停止使用,E,高,pending_legal_pharmacist_review,false,皮膚刺激時要停止使用,"皮膚刺激時要停止使用

所有使用者、照護者與家庭購買者，今天可以留意「皮膚刺激時要停止使用」。重點不是追求誇張效果，而是安全使用比用得多更重要，依標示與風險族群提醒。2 歲以下、孕哺、過敏體質、抗凝血藥使用者請先詢問專業人員。

僅供外用。避免接觸眼睛、黏膜、破皮或傷口；特殊族群使用前請先諮詢專業人員。
CTA：私訊/了解更多",,#外用安全 #用藥安全 #使用前看標示 #諮詢醫師藥師,第一行：皮膚刺激時要停止使用｜第二行：依標示使用｜第三行：安全舒緩,僅供外用。避免接觸眼睛、黏膜、破皮或傷口；特殊族群使用前請先諮詢專業人員。,2 歲以下、孕哺、過敏體質、抗凝血藥使用者請先詢問專業人員。,根治|治療疾病|消炎治本|打通經絡|一擦就好|保證有效|深層修復|替代藥物
LINE_OA_LINE131,LINE131,LINE 官方帳號,2026-08-08,12:00,寒露後肩背保養,F,低,pending_legal_pharmacist_review,false,寒露後肩背保養,"寒露後肩背保養

喜歡養生、節氣與日常保健的 LINE 讀者，今天可以留意「寒露後肩背保養」。重點不是追求誇張效果，而是以生活保健與身體覺察為主，不做醫療療效宣稱。節氣養生屬一般生活資訊，身體不適仍應諮詢專業人員。

本內容為一般生活保健資訊，非醫療診斷或治療建議。
CTA：收藏提醒",,#節氣保養 #生活保健 #日常保養 #身體覺察,第一行：寒露後肩背保養｜第二行：依標示使用｜第三行：安全舒緩,本內容為一般生活保健資訊，非醫療診斷或治療建議。,節氣養生屬一般生活資訊，身體不適仍應諮詢專業人員。,根治|治療疾病|消炎治本|打通經絡|一擦就好|保證有效|深層修復|替代藥物
LINE_OA_LINE132,LINE132,LINE 官方帳號,2026-08-08,20:00,輕微拉扯後的觀察重點,C,中,pending_legal_pharmacist_review,false,輕微拉扯後的觀察重點,"輕微拉扯後的觀察重點

運動族、搬重物、久站與勞動工作者，今天可以留意「輕微拉扯後的觀察重點」。重點不是追求誇張效果，而是運動或勞動後的局部肌肉痠痛，可短期按摩舒緩。明顯腫脹、劇痛、活動受限或疑似受傷時，請先就醫。

本產品為外用油膏，請依核准標示使用；若症狀持續或惡化，請諮詢醫師或藥師。
CTA：私訊/了解更多",,#運動後保養 #局部按摩 #肌肉痠痛 #依標示使用,第一行：輕微拉扯後的觀察重點｜第二行：依標示使用｜第三行：安全舒緩,本產品為外用油膏，請依核准標示使用；若症狀持續或惡化，請諮詢醫師或藥師。,明顯腫脹、劇痛、活動受限或疑似受傷時，請先就醫。,根治|治療疾病|消炎治本|打通經絡|一擦就好|保證有效|深層修復|替代藥物
LINE_OA_LINE133,LINE133,LINE 官方帳號,2026-08-09,12:00,擦完可以馬上熱敷嗎,G,低,pending_legal_pharmacist_review,false,擦完可以馬上熱敷嗎,"擦完可以馬上熱敷嗎

LINE OA 好友、回購客與新客，今天可以留意「擦完可以馬上熱敷嗎」。重點不是追求誇張效果，而是用問答降低誤用，讓使用者知道何時該詢問專業人員。互動回答不取代醫師或藥師建議。

本內容為一般生活保健資訊，非醫療診斷或治療建議。
CTA：留言互動",,#互動問答 #保養知識 #使用小提醒 #金牌一條根,第一行：擦完可以馬上熱敷嗎｜第二行：依標示使用｜第三行：安全舒緩,本內容為一般生活保健資訊，非醫療診斷或治療建議。,互動回答不取代醫師或藥師建議。,根治|治療疾病|消炎治本|打通經絡|一擦就好|保證有效|深層修復|替代藥物
LINE_OA_LINE134,LINE134,LINE 官方帳號,2026-08-09,20:00,別把長期疼痛只當小問題,D,中,pending_legal_pharmacist_review,false,別把長期疼痛只當小問題,"別把長期疼痛只當小問題

40-70 歲注重日常活動舒適度的族群，今天可以留意「別把長期疼痛只當小問題」。重點不是追求誇張效果，而是輕微關節痠痛可短期舒緩，但不可宣稱治療疾病。關節腫痛、紅熱、長期疼痛或行走困難，請就醫評估。

本產品為外用油膏，請依核准標示使用；若症狀持續或惡化，請諮詢醫師或藥師。
CTA：私訊/了解更多",,#銀髮保養 #活動舒適 #輕微痠痛 #依標示使用,第一行：別把長期疼痛只當小問題｜第二行：依標示使用｜第三行：安全舒緩,本產品為外用油膏，請依核准標示使用；若症狀持續或惡化，請諮詢醫師或藥師。,關節腫痛、紅熱、長期疼痛或行走困難，請就醫評估。,根治|治療疾病|消炎治本|打通經絡|一擦就好|保證有效|深層修復|替代藥物
LINE_OA_LINE135,LINE135,LINE 官方帳號,2026-08-10,12:00,冷氣房肩頸緊繃保養,B,低,pending_legal_pharmacist_review,false,冷氣房肩頸緊繃保養,"冷氣房肩頸緊繃保養

長時間低頭、久坐、用電腦的上班族，今天可以留意「冷氣房肩頸緊繃保養」。重點不是追求誇張效果，而是久坐低頭後，可搭配伸展與局部按摩舒緩緊繃不適。若痠痛持續、麻木或影響活動，請諮詢醫師或藥師。

本內容為一般生活保健資訊，非醫療診斷或治療建議。
CTA：收藏提醒",,#肩頸保養 #久坐族 #日常舒緩 #依標示使用,第一行：冷氣房肩頸緊繃保養｜第二行：依標示使用｜第三行：安全舒緩,本內容為一般生活保健資訊，非醫療診斷或治療建議。,若痠痛持續、麻木或影響活動，請諮詢醫師或藥師。,根治|治療疾病|消炎治本|打通經絡|一擦就好|保證有效|深層修復|替代藥物
LINE_OA_LINE136,LINE136,LINE 官方帳號,2026-08-10,20:00,產品不是神藥，定位要講清楚,A,中,pending_legal_pharmacist_review,false,產品不是神藥，定位要講清楚,"產品不是神藥，定位要講清楚

已購買或正在觀望的一條根使用者，今天可以留意「產品不是神藥，定位要講清楚」。重點不是追求誇張效果，而是依標示外用，提供局部按摩與暫時舒緩體感。僅供外用；避免眼周、黏膜、破皮或傷口。

本產品為外用油膏，請依核准標示使用；若症狀持續或惡化，請諮詢醫師或藥師。
CTA：私訊/了解更多",,#金牌一條根 #外用油膏 #成分透明 #依標示使用,第一行：產品不是神藥，定位要講清楚｜第二行：依標示使用｜第三行：安全舒緩,本產品為外用油膏，請依核准標示使用；若症狀持續或惡化，請諮詢醫師或藥師。,僅供外用；避免眼周、黏膜、破皮或傷口。,根治|治療疾病|消炎治本|打通經絡|一擦就好|保證有效|深層修復|替代藥物
LINE_OA_LINE137,LINE137,LINE 官方帳號,2026-08-11,12:00,立冬前後的日常舒緩儀式,F,低,pending_legal_pharmacist_review,false,立冬前後的日常舒緩儀式,"立冬前後的日常舒緩儀式

喜歡養生、節氣與日常保健的 LINE 讀者，今天可以留意「立冬前後的日常舒緩儀式」。重點不是追求誇張效果，而是以生活保健與身體覺察為主，不做醫療療效宣稱。節氣養生屬一般生活資訊，身體不適仍應諮詢專業人員。

本內容為一般生活保健資訊，非醫療診斷或治療建議。
CTA：收藏提醒",,#節氣保養 #生活保健 #日常保養 #身體覺察,第一行：立冬前後的日常舒緩儀式｜第二行：依標示使用｜第三行：安全舒緩,本內容為一般生活保健資訊，非醫療診斷或治療建議。,節氣養生屬一般生活資訊，身體不適仍應諮詢專業人員。,根治|治療疾病|消炎治本|打通經絡|一擦就好|保證有效|深層修復|替代藥物
LINE_OA_LINE138,LINE138,LINE 官方帳號,2026-08-11,20:00,深層症狀不適合自行處理,E,高,pending_legal_pharmacist_review,false,深層症狀不適合自行處理,"深層症狀不適合自行處理

所有使用者、照護者與家庭購買者，今天可以留意「深層症狀不適合自行處理」。重點不是追求誇張效果，而是安全使用比用得多更重要，依標示與風險族群提醒。2 歲以下、孕哺、過敏體質、抗凝血藥使用者請先詢問專業人員。

僅供外用。避免接觸眼睛、黏膜、破皮或傷口；特殊族群使用前請先諮詢專業人員。
CTA：私訊/了解更多",,#外用安全 #用藥安全 #使用前看標示 #諮詢醫師藥師,第一行：深層症狀不適合自行處理｜第二行：依標示使用｜第三行：安全舒緩,僅供外用。避免接觸眼睛、黏膜、破皮或傷口；特殊族群使用前請先諮詢專業人員。,2 歲以下、孕哺、過敏體質、抗凝血藥使用者請先詢問專業人員。,根治|治療疾病|消炎治本|打通經絡|一擦就好|保證有效|深層修復|替代藥物
LINE_OA_LINE139,LINE139,LINE 官方帳號,2026-08-12,12:00,買外用膏先看三件事,H,中,pending_legal_pharmacist_review,false,買外用膏先看三件事,"買外用膏先看三件事

重視藥證、成分、品質與合法性的消費者，今天可以留意「買外用膏先看三件事」。重點不是追求誇張效果，而是強調藥證、標示、保守宣稱與人工審核流程。所有廣告文案仍須依主管機關與專業人員審核。

本產品為外用油膏，請依核准標示使用；若症狀持續或惡化，請諮詢醫師或藥師。
CTA：收藏提醒",,#藥證可查 #品牌透明 #合法宣傳 #成分透明,第一行：買外用膏先看三件事｜第二行：依標示使用｜第三行：安全舒緩,本產品為外用油膏，請依核准標示使用；若症狀持續或惡化，請諮詢醫師或藥師。,所有廣告文案仍須依主管機關與專業人員審核。,根治|治療疾病|消炎治本|打通經絡|一擦就好|保證有效|深層修復|替代藥物
LINE_OA_LINE140,LINE140,LINE 官方帳號,2026-08-12,20:00,哪些情況應該先就醫,G,低,pending_legal_pharmacist_review,false,哪些情況應該先就醫,"哪些情況應該先就醫

LINE OA 好友、回購客與新客，今天可以留意「哪些情況應該先就醫」。重點不是追求誇張效果，而是用問答降低誤用，讓使用者知道何時該詢問專業人員。互動回答不取代醫師或藥師建議。

本內容為一般生活保健資訊，非醫療診斷或治療建議。
CTA：留言互動",,#互動問答 #保養知識 #使用小提醒 #金牌一條根,第一行：哪些情況應該先就醫｜第二行：依標示使用｜第三行：安全舒緩,本內容為一般生活保健資訊，非醫療診斷或治療建議。,互動回答不取代醫師或藥師建議。,根治|治療疾病|消炎治本|打通經絡|一擦就好|保證有效|深層修復|替代藥物
LINE_OA_LINE141,LINE141,LINE 官方帳號,2026-08-13,12:00,運動後局部痠痛的保守處理,C,中,pending_legal_pharmacist_review,false,運動後局部痠痛的保守處理,"運動後局部痠痛的保守處理

運動族、搬重物、久站與勞動工作者，今天可以留意「運動後局部痠痛的保守處理」。重點不是追求誇張效果，而是運動或勞動後的局部肌肉痠痛，可短期按摩舒緩。明顯腫脹、劇痛、活動受限或疑似受傷時，請先就醫。

本產品為外用油膏，請依核准標示使用；若症狀持續或惡化，請諮詢醫師或藥師。
CTA：收藏提醒",,#運動後保養 #局部按摩 #肌肉痠痛 #依標示使用,第一行：運動後局部痠痛的保守處理｜第二行：依標示使用｜第三行：安全舒緩,本產品為外用油膏，請依核准標示使用；若症狀持續或惡化，請諮詢醫師或藥師。,明顯腫脹、劇痛、活動受限或疑似受傷時，請先就醫。,根治|治療疾病|消炎治本|打通經絡|一擦就好|保證有效|深層修復|替代藥物
LINE_OA_LINE142,LINE142,LINE 官方帳號,2026-08-13,20:00,冬青油與清涼舒緩體感,A,中,pending_legal_pharmacist_review,false,冬青油與清涼舒緩體感,"冬青油與清涼舒緩體感

已購買或正在觀望的一條根使用者，今天可以留意「冬青油與清涼舒緩體感」。重點不是追求誇張效果，而是依標示外用，提供局部按摩與暫時舒緩體感。僅供外用；避免眼周、黏膜、破皮或傷口。

本產品為外用油膏，請依核准標示使用；若症狀持續或惡化，請諮詢醫師或藥師。
CTA：私訊/了解更多",,#金牌一條根 #外用油膏 #成分透明 #依標示使用,第一行：冬青油與清涼舒緩體感｜第二行：依標示使用｜第三行：安全舒緩,本產品為外用油膏，請依核准標示使用；若症狀持續或惡化，請諮詢醫師或藥師。,僅供外用；避免眼周、黏膜、破皮或傷口。,根治|治療疾病|消炎治本|打通經絡|一擦就好|保證有效|深層修復|替代藥物
LINE_OA_LINE143,LINE143,LINE 官方帳號,2026-08-14,12:00,早晨活動前的關節暖身,D,中,pending_legal_pharmacist_review,false,早晨活動前的關節暖身,"早晨活動前的關節暖身

40-70 歲注重日常活動舒適度的族群，今天可以留意「早晨活動前的關節暖身」。重點不是追求誇張效果，而是輕微關節痠痛可短期舒緩，但不可宣稱治療疾病。關節腫痛、紅熱、長期疼痛或行走困難，請就醫評估。

本產品為外用油膏，請依核准標示使用；若症狀持續或惡化，請諮詢醫師或藥師。
CTA：收藏提醒",,#銀髮保養 #活動舒適 #輕微痠痛 #依標示使用,第一行：早晨活動前的關節暖身｜第二行：依標示使用｜第三行：安全舒緩,本產品為外用油膏，請依核准標示使用；若症狀持續或惡化，請諮詢醫師或藥師。,關節腫痛、紅熱、長期疼痛或行走困難，請就醫評估。,根治|治療疾病|消炎治本|打通經絡|一擦就好|保證有效|深層修復|替代藥物
LINE_OA_LINE144,LINE144,LINE 官方帳號,2026-08-14,20:00,不能擦在破皮或傷口,E,高,pending_legal_pharmacist_review,false,不能擦在破皮或傷口,"不能擦在破皮或傷口

所有使用者、照護者與家庭購買者，今天可以留意「不能擦在破皮或傷口」。重點不是追求誇張效果，而是安全使用比用得多更重要，依標示與風險族群提醒。2 歲以下、孕哺、過敏體質、抗凝血藥使用者請先詢問專業人員。

僅供外用。避免接觸眼睛、黏膜、破皮或傷口；特殊族群使用前請先諮詢專業人員。
CTA：私訊/了解更多",,#外用安全 #用藥安全 #使用前看標示 #諮詢醫師藥師,第一行：不能擦在破皮或傷口｜第二行：依標示使用｜第三行：安全舒緩,僅供外用。避免接觸眼睛、黏膜、破皮或傷口；特殊族群使用前請先諮詢專業人員。,2 歲以下、孕哺、過敏體質、抗凝血藥使用者請先詢問專業人員。,根治|治療疾病|消炎治本|打通經絡|一擦就好|保證有效|深層修復|替代藥物
LINE_OA_LINE145,LINE145,LINE 官方帳號,2026-08-15,12:00,芒種後濕熱生活保養,F,低,pending_legal_pharmacist_review,false,芒種後濕熱生活保養,"芒種後濕熱生活保養

喜歡養生、節氣與日常保健的 LINE 讀者，今天可以留意「芒種後濕熱生活保養」。重點不是追求誇張效果，而是以生活保健與身體覺察為主，不做醫療療效宣稱。節氣養生屬一般生活資訊，身體不適仍應諮詢專業人員。

本內容為一般生活保健資訊，非醫療診斷或治療建議。
CTA：收藏提醒",,#節氣保養 #生活保健 #日常保養 #身體覺察,第一行：芒種後濕熱生活保養｜第二行：依標示使用｜第三行：安全舒緩,本內容為一般生活保健資訊，非醫療診斷或治療建議。,節氣養生屬一般生活資訊，身體不適仍應諮詢專業人員。,根治|治療疾病|消炎治本|打通經絡|一擦就好|保證有效|深層修復|替代藥物
LINE_OA_LINE146,LINE146,LINE 官方帳號,2026-08-15,20:00,久站後小腿不適舒緩,C,中,pending_legal_pharmacist_review,false,久站後小腿不適舒緩,"久站後小腿不適舒緩

運動族、搬重物、久站與勞動工作者，今天可以留意「久站後小腿不適舒緩」。重點不是追求誇張效果，而是運動或勞動後的局部肌肉痠痛，可短期按摩舒緩。明顯腫脹、劇痛、活動受限或疑似受傷時，請先就醫。

本產品為外用油膏，請依核准標示使用；若症狀持續或惡化，請諮詢醫師或藥師。
CTA：私訊/了解更多",,#運動後保養 #局部按摩 #肌肉痠痛 #依標示使用,第一行：久站後小腿不適舒緩｜第二行：依標示使用｜第三行：安全舒緩,本產品為外用油膏，請依核准標示使用；若症狀持續或惡化，請諮詢醫師或藥師。,明顯腫脹、劇痛、活動受限或疑似受傷時，請先就醫。,根治|治療疾病|消炎治本|打通經絡|一擦就好|保證有效|深層修復|替代藥物
LINE_OA_LINE147,LINE147,LINE 官方帳號,2026-08-16,12:00,你最常哪個部位緊繃,G,低,pending_legal_pharmacist_review,false,你最常哪個部位緊繃,"你最常哪個部位緊繃

LINE OA 好友、回購客與新客，今天可以留意「你最常哪個部位緊繃」。重點不是追求誇張效果，而是用問答降低誤用，讓使用者知道何時該詢問專業人員。互動回答不取代醫師或藥師建議。

本內容為一般生活保健資訊，非醫療診斷或治療建議。
CTA：留言互動",,#互動問答 #保養知識 #使用小提醒 #金牌一條根,第一行：你最常哪個部位緊繃｜第二行：依標示使用｜第三行：安全舒緩,本內容為一般生活保健資訊，非醫療診斷或治療建議。,互動回答不取代醫師或藥師建議。,根治|治療疾病|消炎治本|打通經絡|一擦就好|保證有效|深層修復|替代藥物
LINE_OA_LINE148,LINE148,LINE 官方帳號,2026-08-16,20:00,長輩外用膏使用安全,D,中,pending_legal_pharmacist_review,false,長輩外用膏使用安全,"長輩外用膏使用安全

40-70 歲注重日常活動舒適度的族群，今天可以留意「長輩外用膏使用安全」。重點不是追求誇張效果，而是輕微關節痠痛可短期舒緩，但不可宣稱治療疾病。關節腫痛、紅熱、長期疼痛或行走困難，請就醫評估。

本產品為外用油膏，請依核准標示使用；若症狀持續或惡化，請諮詢醫師或藥師。
CTA：私訊/了解更多",,#銀髮保養 #活動舒適 #輕微痠痛 #依標示使用,第一行：長輩外用膏使用安全｜第二行：依標示使用｜第三行：安全舒緩,本產品為外用油膏，請依核准標示使用；若症狀持續或惡化，請諮詢醫師或藥師。,關節腫痛、紅熱、長期疼痛或行走困難，請就醫評估。,根治|治療疾病|消炎治本|打通經絡|一擦就好|保證有效|深層修復|替代藥物
LINE_OA_LINE149,LINE149,LINE 官方帳號,2026-08-17,12:00,低頭族肩頸緊繃的三個提醒,B,低,pending_legal_pharmacist_review,false,低頭族肩頸緊繃的三個提醒,"低頭族肩頸緊繃的三個提醒

長時間低頭、久坐、用電腦的上班族，今天可以留意「低頭族肩頸緊繃的三個提醒」。重點不是追求誇張效果，而是久坐低頭後，可搭配伸展與局部按摩舒緩緊繃不適。若痠痛持續、麻木或影響活動，請諮詢醫師或藥師。

本內容為一般生活保健資訊，非醫療診斷或治療建議。
CTA：收藏提醒",,#肩頸保養 #久坐族 #日常舒緩 #依標示使用,第一行：低頭族肩頸緊繃的三個提醒｜第二行：依標示使用｜第三行：安全舒緩,本內容為一般生活保健資訊，非醫療診斷或治療建議。,若痠痛持續、麻木或影響活動，請諮詢醫師或藥師。,根治|治療疾病|消炎治本|打通經絡|一擦就好|保證有效|深層修復|替代藥物
LINE_OA_LINE150,LINE150,LINE 官方帳號,2026-08-17,20:00,薄荷腦帶來的涼感來源,A,中,pending_legal_pharmacist_review,false,薄荷腦帶來的涼感來源,"薄荷腦帶來的涼感來源

已購買或正在觀望的一條根使用者，今天可以留意「薄荷腦帶來的涼感來源」。重點不是追求誇張效果，而是依標示外用，提供局部按摩與暫時舒緩體感。僅供外用；避免眼周、黏膜、破皮或傷口。

本產品為外用油膏，請依核准標示使用；若症狀持續或惡化，請諮詢醫師或藥師。
CTA：私訊/了解更多",,#金牌一條根 #外用油膏 #成分透明 #依標示使用,第一行：薄荷腦帶來的涼感來源｜第二行：依標示使用｜第三行：安全舒緩,本產品為外用油膏，請依核准標示使用；若症狀持續或惡化，請諮詢醫師或藥師。,僅供外用；避免眼周、黏膜、破皮或傷口。,根治|治療疾病|消炎治本|打通經絡|一擦就好|保證有效|深層修復|替代藥物
LINE_OA_LINE151,LINE151,LINE 官方帳號,2026-08-18,12:00,夏季冷氣房的肩頸保養,F,低,pending_legal_pharmacist_review,false,夏季冷氣房的肩頸保養,"夏季冷氣房的肩頸保養

喜歡養生、節氣與日常保健的 LINE 讀者，今天可以留意「夏季冷氣房的肩頸保養」。重點不是追求誇張效果，而是以生活保健與身體覺察為主，不做醫療療效宣稱。節氣養生屬一般生活資訊，身體不適仍應諮詢專業人員。

本內容為一般生活保健資訊，非醫療診斷或治療建議。
CTA：收藏提醒",,#節氣保養 #生活保健 #日常保養 #身體覺察,第一行：夏季冷氣房的肩頸保養｜第二行：依標示使用｜第三行：安全舒緩,本內容為一般生活保健資訊，非醫療診斷或治療建議。,節氣養生屬一般生活資訊，身體不適仍應諮詢專業人員。,根治|治療疾病|消炎治本|打通經絡|一擦就好|保證有效|深層修復|替代藥物
LINE_OA_LINE152,LINE152,LINE 官方帳號,2026-08-18,20:00,外用膏避免眼周與黏膜,E,高,pending_legal_pharmacist_review,false,外用膏避免眼周與黏膜,"外用膏避免眼周與黏膜

所有使用者、照護者與家庭購買者，今天可以留意「外用膏避免眼周與黏膜」。重點不是追求誇張效果，而是安全使用比用得多更重要，依標示與風險族群提醒。2 歲以下、孕哺、過敏體質、抗凝血藥使用者請先詢問專業人員。

僅供外用。避免接觸眼睛、黏膜、破皮或傷口；特殊族群使用前請先諮詢專業人員。
CTA：私訊/了解更多",,#外用安全 #用藥安全 #使用前看標示 #諮詢醫師藥師,第一行：外用膏避免眼周與黏膜｜第二行：依標示使用｜第三行：安全舒緩,僅供外用。避免接觸眼睛、黏膜、破皮或傷口；特殊族群使用前請先諮詢專業人員。,2 歲以下、孕哺、過敏體質、抗凝血藥使用者請先詢問專業人員。,根治|治療疾病|消炎治本|打通經絡|一擦就好|保證有效|深層修復|替代藥物
LINE_OA_LINE153,LINE153,LINE 官方帳號,2026-08-19,12:00,為什麼我們不說神效,H,中,pending_legal_pharmacist_review,false,為什麼我們不說神效,"為什麼我們不說神效

重視藥證、成分、品質與合法性的消費者，今天可以留意「為什麼我們不說神效」。重點不是追求誇張效果，而是強調藥證、標示、保守宣稱與人工審核流程。所有廣告文案仍須依主管機關與專業人員審核。

本產品為外用油膏，請依核准標示使用；若症狀持續或惡化，請諮詢醫師或藥師。
CTA：收藏提醒",,#藥證可查 #品牌透明 #合法宣傳 #成分透明,第一行：為什麼我們不說神效｜第二行：依標示使用｜第三行：安全舒緩,本產品為外用油膏，請依核准標示使用；若症狀持續或惡化，請諮詢醫師或藥師。,所有廣告文案仍須依主管機關與專業人員審核。,根治|治療疾病|消炎治本|打通經絡|一擦就好|保證有效|深層修復|替代藥物
LINE_OA_LINE154,LINE154,LINE 官方帳號,2026-08-19,20:00,你習慣運動前還是運動後保養,G,低,pending_legal_pharmacist_review,false,你習慣運動前還是運動後保養,"你習慣運動前還是運動後保養

LINE OA 好友、回購客與新客，今天可以留意「你習慣運動前還是運動後保養」。重點不是追求誇張效果，而是用問答降低誤用，讓使用者知道何時該詢問專業人員。互動回答不取代醫師或藥師建議。

本內容為一般生活保健資訊，非醫療診斷或治療建議。
CTA：留言互動",,#互動問答 #保養知識 #使用小提醒 #金牌一條根,第一行：你習慣運動前還是運動後保養｜第二行：依標示使用｜第三行：安全舒緩,本內容為一般生活保健資訊，非醫療診斷或治療建議。,互動回答不取代醫師或藥師建議。,根治|治療疾病|消炎治本|打通經絡|一擦就好|保證有效|深層修復|替代藥物
LINE_OA_LINE155,LINE155,LINE 官方帳號,2026-08-20,12:00,搬重物後腰背保養,C,中,pending_legal_pharmacist_review,false,搬重物後腰背保養,"搬重物後腰背保養

運動族、搬重物、久站與勞動工作者，今天可以留意「搬重物後腰背保養」。重點不是追求誇張效果，而是運動或勞動後的局部肌肉痠痛，可短期按摩舒緩。明顯腫脹、劇痛、活動受限或疑似受傷時，請先就醫。

本產品為外用油膏，請依核准標示使用；若症狀持續或惡化，請諮詢醫師或藥師。
CTA：收藏提醒",,#運動後保養 #局部按摩 #肌肉痠痛 #依標示使用,第一行：搬重物後腰背保養｜第二行：依標示使用｜第三行：安全舒緩,本產品為外用油膏，請依核准標示使用；若症狀持續或惡化，請諮詢醫師或藥師。,明顯腫脹、劇痛、活動受限或疑似受傷時，請先就醫。,根治|治療疾病|消炎治本|打通經絡|一擦就好|保證有效|深層修復|替代藥物
LINE_OA_LINE156,LINE156,LINE 官方帳號,2026-08-20,20:00,樟腦外用時的注意界線,A,中,pending_legal_pharmacist_review,false,樟腦外用時的注意界線,"樟腦外用時的注意界線

已購買或正在觀望的一條根使用者，今天可以留意「樟腦外用時的注意界線」。重點不是追求誇張效果，而是依標示外用，提供局部按摩與暫時舒緩體感。僅供外用；避免眼周、黏膜、破皮或傷口。

本產品為外用油膏，請依核准標示使用；若症狀持續或惡化，請諮詢醫師或藥師。
CTA：私訊/了解更多",,#金牌一條根 #外用油膏 #成分透明 #依標示使用,第一行：樟腦外用時的注意界線｜第二行：依標示使用｜第三行：安全舒緩,本產品為外用油膏，請依核准標示使用；若症狀持續或惡化，請諮詢醫師或藥師。,僅供外用；避免眼周、黏膜、破皮或傷口。,根治|治療疾病|消炎治本|打通經絡|一擦就好|保證有效|深層修復|替代藥物
LINE_OA_LINE157,LINE157,LINE 官方帳號,2026-08-21,12:00,輕微關節痠痛與疾病治療要分開,D,中,pending_legal_pharmacist_review,false,輕微關節痠痛與疾病治療要分開,"輕微關節痠痛與疾病治療要分開

40-70 歲注重日常活動舒適度的族群，今天可以留意「輕微關節痠痛與疾病治療要分開」。重點不是追求誇張效果，而是輕微關節痠痛可短期舒緩，但不可宣稱治療疾病。關節腫痛、紅熱、長期疼痛或行走困難，請就醫評估。

本產品為外用油膏，請依核准標示使用；若症狀持續或惡化，請諮詢醫師或藥師。
CTA：收藏提醒",,#銀髮保養 #活動舒適 #輕微痠痛 #依標示使用,第一行：輕微關節痠痛與疾病治療要分開｜第二行：依標示使用｜第三行：安全舒緩,本產品為外用油膏，請依核准標示使用；若症狀持續或惡化，請諮詢醫師或藥師。,關節腫痛、紅熱、長期疼痛或行走困難，請就醫評估。,根治|治療疾病|消炎治本|打通經絡|一擦就好|保證有效|深層修復|替代藥物
LINE_OA_LINE158,LINE158,LINE 官方帳號,2026-08-21,20:00,不要搭配熱敷墊或電毯,E,高,pending_legal_pharmacist_review,false,不要搭配熱敷墊或電毯,"不要搭配熱敷墊或電毯

所有使用者、照護者與家庭購買者，今天可以留意「不要搭配熱敷墊或電毯」。重點不是追求誇張效果，而是安全使用比用得多更重要，依標示與風險族群提醒。2 歲以下、孕哺、過敏體質、抗凝血藥使用者請先詢問專業人員。

僅供外用。避免接觸眼睛、黏膜、破皮或傷口；特殊族群使用前請先諮詢專業人員。
CTA：私訊/了解更多",,#外用安全 #用藥安全 #使用前看標示 #諮詢醫師藥師,第一行：不要搭配熱敷墊或電毯｜第二行：依標示使用｜第三行：安全舒緩,僅供外用。避免接觸眼睛、黏膜、破皮或傷口；特殊族群使用前請先諮詢專業人員。,2 歲以下、孕哺、過敏體質、抗凝血藥使用者請先詢問專業人員。,根治|治療疾病|消炎治本|打通經絡|一擦就好|保證有效|深層修復|替代藥物
LINE_OA_LINE159,LINE159,LINE 官方帳號,2026-08-22,12:00,小暑前後活動舒適提醒,F,低,pending_legal_pharmacist_review,false,小暑前後活動舒適提醒,"小暑前後活動舒適提醒

喜歡養生、節氣與日常保健的 LINE 讀者，今天可以留意「小暑前後活動舒適提醒」。重點不是追求誇張效果，而是以生活保健與身體覺察為主，不做醫療療效宣稱。節氣養生屬一般生活資訊，身體不適仍應諮詢專業人員。

本內容為一般生活保健資訊，非醫療診斷或治療建議。
CTA：收藏提醒",,#節氣保養 #生活保健 #日常保養 #身體覺察,第一行：小暑前後活動舒適提醒｜第二行：依標示使用｜第三行：安全舒緩,本內容為一般生活保健資訊，非醫療診斷或治療建議。,節氣養生屬一般生活資訊，身體不適仍應諮詢專業人員。,根治|治療疾病|消炎治本|打通經絡|一擦就好|保證有效|深層修復|替代藥物
LINE_OA_LINE160,LINE160,LINE 官方帳號,2026-08-22,20:00,爬山後腿部按摩提醒,C,中,pending_legal_pharmacist_review,false,爬山後腿部按摩提醒,"爬山後腿部按摩提醒

運動族、搬重物、久站與勞動工作者，今天可以留意「爬山後腿部按摩提醒」。重點不是追求誇張效果，而是運動或勞動後的局部肌肉痠痛，可短期按摩舒緩。明顯腫脹、劇痛、活動受限或疑似受傷時，請先就醫。

本產品為外用油膏，請依核准標示使用；若症狀持續或惡化，請諮詢醫師或藥師。
CTA：私訊/了解更多",,#運動後保養 #局部按摩 #肌肉痠痛 #依標示使用,第一行：爬山後腿部按摩提醒｜第二行：依標示使用｜第三行：安全舒緩,本產品為外用油膏，請依核准標示使用；若症狀持續或惡化，請諮詢醫師或藥師。,明顯腫脹、劇痛、活動受限或疑似受傷時，請先就醫。,根治|治療疾病|消炎治本|打通經絡|一擦就好|保證有效|深層修復|替代藥物
LINE_OA_LINE161,LINE161,LINE 官方帳號,2026-08-23,12:00,外用膏一次擦多少才剛好,G,低,pending_legal_pharmacist_review,false,外用膏一次擦多少才剛好,"外用膏一次擦多少才剛好

LINE OA 好友、回購客與新客，今天可以留意「外用膏一次擦多少才剛好」。重點不是追求誇張效果，而是用問答降低誤用，讓使用者知道何時該詢問專業人員。互動回答不取代醫師或藥師建議。

本內容為一般生活保健資訊，非醫療診斷或治療建議。
CTA：留言互動",,#互動問答 #保養知識 #使用小提醒 #金牌一條根,第一行：外用膏一次擦多少才剛好｜第二行：依標示使用｜第三行：安全舒緩,本內容為一般生活保健資訊，非醫療診斷或治療建議。,互動回答不取代醫師或藥師建議。,根治|治療疾病|消炎治本|打通經絡|一擦就好|保證有效|深層修復|替代藥物
LINE_OA_LINE162,LINE162,LINE 官方帳號,2026-08-23,20:00,散步後的膝周保養,D,中,pending_legal_pharmacist_review,false,散步後的膝周保養,"散步後的膝周保養

40-70 歲注重日常活動舒適度的族群，今天可以留意「散步後的膝周保養」。重點不是追求誇張效果，而是輕微關節痠痛可短期舒緩，但不可宣稱治療疾病。關節腫痛、紅熱、長期疼痛或行走困難，請就醫評估。

本產品為外用油膏，請依核准標示使用；若症狀持續或惡化，請諮詢醫師或藥師。
CTA：私訊/了解更多",,#銀髮保養 #活動舒適 #輕微痠痛 #依標示使用,第一行：散步後的膝周保養｜第二行：依標示使用｜第三行：安全舒緩,本產品為外用油膏，請依核准標示使用；若症狀持續或惡化，請諮詢醫師或藥師。,關節腫痛、紅熱、長期疼痛或行走困難，請就醫評估。,根治|治療疾病|消炎治本|打通經絡|一擦就好|保證有效|深層修復|替代藥物
LINE_OA_LINE163,LINE163,LINE 官方帳號,2026-08-24,12:00,午休前的肩頸放鬆流程,B,低,pending_legal_pharmacist_review,false,午休前的肩頸放鬆流程,"午休前的肩頸放鬆流程

長時間低頭、久坐、用電腦的上班族，今天可以留意「午休前的肩頸放鬆流程」。重點不是追求誇張效果，而是久坐低頭後，可搭配伸展與局部按摩舒緩緊繃不適。若痠痛持續、麻木或影響活動，請諮詢醫師或藥師。

本內容為一般生活保健資訊，非醫療診斷或治療建議。
CTA：收藏提醒",,#肩頸保養 #久坐族 #日常舒緩 #依標示使用,第一行：午休前的肩頸放鬆流程｜第二行：依標示使用｜第三行：安全舒緩,本內容為一般生活保健資訊，非醫療診斷或治療建議。,若痠痛持續、麻木或影響活動，請諮詢醫師或藥師。,根治|治療疾病|消炎治本|打通經絡|一擦就好|保證有效|深層修復|替代藥物
LINE_OA_LINE164,LINE164,LINE 官方帳號,2026-08-24,20:00,油膏劑為什麼適合局部按摩,A,中,pending_legal_pharmacist_review,false,油膏劑為什麼適合局部按摩,"油膏劑為什麼適合局部按摩

已購買或正在觀望的一條根使用者，今天可以留意「油膏劑為什麼適合局部按摩」。重點不是追求誇張效果，而是依標示外用，提供局部按摩與暫時舒緩體感。僅供外用；避免眼周、黏膜、破皮或傷口。

本產品為外用油膏，請依核准標示使用；若症狀持續或惡化，請諮詢醫師或藥師。
CTA：私訊/了解更多",,#金牌一條根 #外用油膏 #成分透明 #依標示使用,第一行：油膏劑為什麼適合局部按摩｜第二行：依標示使用｜第三行：安全舒緩,本產品為外用油膏，請依核准標示使用；若症狀持續或惡化，請諮詢醫師或藥師。,僅供外用；避免眼周、黏膜、破皮或傷口。,根治|治療疾病|消炎治本|打通經絡|一擦就好|保證有效|深層修復|替代藥物
LINE_OA_LINE165,LINE165,LINE 官方帳號,2026-08-25,12:00,大暑午後少久站硬撐,F,低,pending_legal_pharmacist_review,false,大暑午後少久站硬撐,"大暑午後少久站硬撐

喜歡養生、節氣與日常保健的 LINE 讀者，今天可以留意「大暑午後少久站硬撐」。重點不是追求誇張效果，而是以生活保健與身體覺察為主，不做醫療療效宣稱。節氣養生屬一般生活資訊，身體不適仍應諮詢專業人員。

本內容為一般生活保健資訊，非醫療診斷或治療建議。
CTA：收藏提醒",,#節氣保養 #生活保健 #日常保養 #身體覺察,第一行：大暑午後少久站硬撐｜第二行：依標示使用｜第三行：安全舒緩,本內容為一般生活保健資訊，非醫療診斷或治療建議。,節氣養生屬一般生活資訊，身體不適仍應諮詢專業人員。,根治|治療疾病|消炎治本|打通經絡|一擦就好|保證有效|深層修復|替代藥物
LINE_OA_LINE166,LINE166,LINE 官方帳號,2026-08-25,20:00,不要密封包紮或大面積厚敷,E,高,pending_legal_pharmacist_review,false,不要密封包紮或大面積厚敷,"不要密封包紮或大面積厚敷

所有使用者、照護者與家庭購買者，今天可以留意「不要密封包紮或大面積厚敷」。重點不是追求誇張效果，而是安全使用比用得多更重要，依標示與風險族群提醒。2 歲以下、孕哺、過敏體質、抗凝血藥使用者請先詢問專業人員。

僅供外用。避免接觸眼睛、黏膜、破皮或傷口；特殊族群使用前請先諮詢專業人員。
CTA：私訊/了解更多",,#外用安全 #用藥安全 #使用前看標示 #諮詢醫師藥師,第一行：不要密封包紮或大面積厚敷｜第二行：依標示使用｜第三行：安全舒緩,僅供外用。避免接觸眼睛、黏膜、破皮或傷口；特殊族群使用前請先諮詢專業人員。,2 歲以下、孕哺、過敏體質、抗凝血藥使用者請先詢問專業人員。,根治|治療疾病|消炎治本|打通經絡|一擦就好|保證有效|深層修復|替代藥物
LINE_OA_LINE167,LINE167,LINE 官方帳號,2026-08-26,12:00,藥證可查代表什麼,H,中,pending_legal_pharmacist_review,false,藥證可查代表什麼,"藥證可查代表什麼

重視藥證、成分、品質與合法性的消費者，今天可以留意「藥證可查代表什麼」。重點不是追求誇張效果，而是強調藥證、標示、保守宣稱與人工審核流程。所有廣告文案仍須依主管機關與專業人員審核。

本產品為外用油膏，請依核准標示使用；若症狀持續或惡化，請諮詢醫師或藥師。
CTA：收藏提醒",,#藥證可查 #品牌透明 #合法宣傳 #成分透明,第一行：藥證可查代表什麼｜第二行：依標示使用｜第三行：安全舒緩,本產品為外用油膏，請依核准標示使用；若症狀持續或惡化，請諮詢醫師或藥師。,所有廣告文案仍須依主管機關與專業人員審核。,根治|治療疾病|消炎治本|打通經絡|一擦就好|保證有效|深層修復|替代藥物
LINE_OA_LINE168,LINE168,LINE 官方帳號,2026-08-26,20:00,涼感越強越有效嗎,G,低,pending_legal_pharmacist_review,false,涼感越強越有效嗎,"涼感越強越有效嗎

LINE OA 好友、回購客與新客，今天可以留意「涼感越強越有效嗎」。重點不是追求誇張效果，而是用問答降低誤用，讓使用者知道何時該詢問專業人員。互動回答不取代醫師或藥師建議。

本內容為一般生活保健資訊，非醫療診斷或治療建議。
CTA：留言互動",,#互動問答 #保養知識 #使用小提醒 #金牌一條根,第一行：涼感越強越有效嗎｜第二行：依標示使用｜第三行：安全舒緩,本內容為一般生活保健資訊，非醫療診斷或治療建議。,互動回答不取代醫師或藥師建議。,根治|治療疾病|消炎治本|打通經絡|一擦就好|保證有效|深層修復|替代藥物
LINE_OA_LINE169,LINE169,LINE 官方帳號,2026-08-27,12:00,重訓後肩背局部舒緩,C,中,pending_legal_pharmacist_review,false,重訓後肩背局部舒緩,"重訓後肩背局部舒緩

運動族、搬重物、久站與勞動工作者，今天可以留意「重訓後肩背局部舒緩」。重點不是追求誇張效果，而是運動或勞動後的局部肌肉痠痛，可短期按摩舒緩。明顯腫脹、劇痛、活動受限或疑似受傷時，請先就醫。

本產品為外用油膏，請依核准標示使用；若症狀持續或惡化，請諮詢醫師或藥師。
CTA：收藏提醒",,#運動後保養 #局部按摩 #肌肉痠痛 #依標示使用,第一行：重訓後肩背局部舒緩｜第二行：依標示使用｜第三行：安全舒緩,本產品為外用油膏，請依核准標示使用；若症狀持續或惡化，請諮詢醫師或藥師。,明顯腫脹、劇痛、活動受限或疑似受傷時，請先就醫。,根治|治療疾病|消炎治本|打通經絡|一擦就好|保證有效|深層修復|替代藥物
LINE_OA_LINE170,LINE170,LINE 官方帳號,2026-08-27,20:00,乙類成藥與一般保健品差異,A,中,pending_legal_pharmacist_review,false,乙類成藥與一般保健品差異,"乙類成藥與一般保健品差異

已購買或正在觀望的一條根使用者，今天可以留意「乙類成藥與一般保健品差異」。重點不是追求誇張效果，而是依標示外用，提供局部按摩與暫時舒緩體感。僅供外用；避免眼周、黏膜、破皮或傷口。

本產品為外用油膏，請依核准標示使用；若症狀持續或惡化，請諮詢醫師或藥師。
CTA：私訊/了解更多",,#金牌一條根 #外用油膏 #成分透明 #依標示使用,第一行：乙類成藥與一般保健品差異｜第二行：依標示使用｜第三行：安全舒緩,本產品為外用油膏，請依核准標示使用；若症狀持續或惡化，請諮詢醫師或藥師。,僅供外用；避免眼周、黏膜、破皮或傷口。,根治|治療疾病|消炎治本|打通經絡|一擦就好|保證有效|深層修復|替代藥物
LINE_OA_LINE171,LINE171,LINE 官方帳號,2026-08-28,12:00,天氣變化時的活動舒適感,D,中,pending_legal_pharmacist_review,false,天氣變化時的活動舒適感,"天氣變化時的活動舒適感

40-70 歲注重日常活動舒適度的族群，今天可以留意「天氣變化時的活動舒適感」。重點不是追求誇張效果，而是輕微關節痠痛可短期舒緩，但不可宣稱治療疾病。關節腫痛、紅熱、長期疼痛或行走困難，請就醫評估。

本產品為外用油膏，請依核准標示使用；若症狀持續或惡化，請諮詢醫師或藥師。
CTA：收藏提醒",,#銀髮保養 #活動舒適 #輕微痠痛 #依標示使用,第一行：天氣變化時的活動舒適感｜第二行：依標示使用｜第三行：安全舒緩,本產品為外用油膏，請依核准標示使用；若症狀持續或惡化，請諮詢醫師或藥師。,關節腫痛、紅熱、長期疼痛或行走困難，請就醫評估。,根治|治療疾病|消炎治本|打通經絡|一擦就好|保證有效|深層修復|替代藥物
LINE_OA_LINE172,LINE172,LINE 官方帳號,2026-08-28,20:00,水楊酸或阿斯匹靈過敏者注意,E,高,pending_legal_pharmacist_review,false,水楊酸或阿斯匹靈過敏者注意,"水楊酸或阿斯匹靈過敏者注意

所有使用者、照護者與家庭購買者，今天可以留意「水楊酸或阿斯匹靈過敏者注意」。重點不是追求誇張效果，而是安全使用比用得多更重要，依標示與風險族群提醒。2 歲以下、孕哺、過敏體質、抗凝血藥使用者請先詢問專業人員。

僅供外用。避免接觸眼睛、黏膜、破皮或傷口；特殊族群使用前請先諮詢專業人員。
CTA：私訊/了解更多",,#外用安全 #用藥安全 #使用前看標示 #諮詢醫師藥師,第一行：水楊酸或阿斯匹靈過敏者注意｜第二行：依標示使用｜第三行：安全舒緩,僅供外用。避免接觸眼睛、黏膜、破皮或傷口；特殊族群使用前請先諮詢專業人員。,2 歲以下、孕哺、過敏體質、抗凝血藥使用者請先詢問專業人員。,根治|治療疾病|消炎治本|打通經絡|一擦就好|保證有效|深層修復|替代藥物
LINE_OA_LINE173,LINE173,LINE 官方帳號,2026-08-29,12:00,立秋後早晚溫差保養,F,低,pending_legal_pharmacist_review,false,立秋後早晚溫差保養,"立秋後早晚溫差保養

喜歡養生、節氣與日常保健的 LINE 讀者，今天可以留意「立秋後早晚溫差保養」。重點不是追求誇張效果，而是以生活保健與身體覺察為主，不做醫療療效宣稱。節氣養生屬一般生活資訊，身體不適仍應諮詢專業人員。

本內容為一般生活保健資訊，非醫療診斷或治療建議。
CTA：收藏提醒",,#節氣保養 #生活保健 #日常保養 #身體覺察,第一行：立秋後早晚溫差保養｜第二行：依標示使用｜第三行：安全舒緩,本內容為一般生活保健資訊，非醫療診斷或治療建議。,節氣養生屬一般生活資訊，身體不適仍應諮詢專業人員。,根治|治療疾病|消炎治本|打通經絡|一擦就好|保證有效|深層修復|替代藥物
LINE_OA_LINE174,LINE174,LINE 官方帳號,2026-08-29,20:00,家事後手臂不適保養,C,中,pending_legal_pharmacist_review,false,家事後手臂不適保養,"家事後手臂不適保養

運動族、搬重物、久站與勞動工作者，今天可以留意「家事後手臂不適保養」。重點不是追求誇張效果，而是運動或勞動後的局部肌肉痠痛，可短期按摩舒緩。明顯腫脹、劇痛、活動受限或疑似受傷時，請先就醫。

本產品為外用油膏，請依核准標示使用；若症狀持續或惡化，請諮詢醫師或藥師。
CTA：私訊/了解更多",,#運動後保養 #局部按摩 #肌肉痠痛 #依標示使用,第一行：家事後手臂不適保養｜第二行：依標示使用｜第三行：安全舒緩,本產品為外用油膏，請依核准標示使用；若症狀持續或惡化，請諮詢醫師或藥師。,明顯腫脹、劇痛、活動受限或疑似受傷時，請先就醫。,根治|治療疾病|消炎治本|打通經絡|一擦就好|保證有效|深層修復|替代藥物
LINE_OA_LINE175,LINE175,LINE 官方帳號,2026-08-30,12:00,你有看過外用產品標示嗎,G,低,pending_legal_pharmacist_review,false,你有看過外用產品標示嗎,"你有看過外用產品標示嗎

LINE OA 好友、回購客與新客，今天可以留意「你有看過外用產品標示嗎」。重點不是追求誇張效果，而是用問答降低誤用，讓使用者知道何時該詢問專業人員。互動回答不取代醫師或藥師建議。

本內容為一般生活保健資訊，非醫療診斷或治療建議。
CTA：留言互動",,#互動問答 #保養知識 #使用小提醒 #金牌一條根,第一行：你有看過外用產品標示嗎｜第二行：依標示使用｜第三行：安全舒緩,本內容為一般生活保健資訊，非醫療診斷或治療建議。,互動回答不取代醫師或藥師建議。,根治|治療疾病|消炎治本|打通經絡|一擦就好|保證有效|深層修復|替代藥物
LINE_OA_LINE176,LINE176,LINE 官方帳號,2026-08-30,20:00,長輩按摩力道不要過重,D,中,pending_legal_pharmacist_review,false,長輩按摩力道不要過重,"長輩按摩力道不要過重

40-70 歲注重日常活動舒適度的族群，今天可以留意「長輩按摩力道不要過重」。重點不是追求誇張效果，而是輕微關節痠痛可短期舒緩，但不可宣稱治療疾病。關節腫痛、紅熱、長期疼痛或行走困難，請就醫評估。

本產品為外用油膏，請依核准標示使用；若症狀持續或惡化，請諮詢醫師或藥師。
CTA：私訊/了解更多",,#銀髮保養 #活動舒適 #輕微痠痛 #依標示使用,第一行：長輩按摩力道不要過重｜第二行：依標示使用｜第三行：安全舒緩,本產品為外用油膏，請依核准標示使用；若症狀持續或惡化，請諮詢醫師或藥師。,關節腫痛、紅熱、長期疼痛或行走困難，請就醫評估。,根治|治療疾病|消炎治本|打通經絡|一擦就好|保證有效|深層修復|替代藥物
LINE_OA_LINE177,LINE177,LINE 官方帳號,2026-08-31,12:00,開會久坐後的腰背舒緩,B,低,pending_legal_pharmacist_review,false,開會久坐後的腰背舒緩,"開會久坐後的腰背舒緩

長時間低頭、久坐、用電腦的上班族，今天可以留意「開會久坐後的腰背舒緩」。重點不是追求誇張效果，而是久坐低頭後，可搭配伸展與局部按摩舒緩緊繃不適。若痠痛持續、麻木或影響活動，請諮詢醫師或藥師。

本內容為一般生活保健資訊，非醫療診斷或治療建議。
CTA：收藏提醒",,#肩頸保養 #久坐族 #日常舒緩 #依標示使用,第一行：開會久坐後的腰背舒緩｜第二行：依標示使用｜第三行：安全舒緩,本內容為一般生活保健資訊，非醫療診斷或治療建議。,若痠痛持續、麻木或影響活動，請諮詢醫師或藥師。,根治|治療疾病|消炎治本|打通經絡|一擦就好|保證有效|深層修復|替代藥物
LINE_OA_LINE178,LINE178,LINE 官方帳號,2026-08-31,20:00,一條根外用膏的日常定位,A,中,pending_legal_pharmacist_review,false,一條根外用膏的日常定位,"一條根外用膏的日常定位

已購買或正在觀望的一條根使用者，今天可以留意「一條根外用膏的日常定位」。重點不是追求誇張效果，而是依標示外用，提供局部按摩與暫時舒緩體感。僅供外用；避免眼周、黏膜、破皮或傷口。

本產品為外用油膏，請依核准標示使用；若症狀持續或惡化，請諮詢醫師或藥師。
CTA：私訊/了解更多",,#金牌一條根 #外用油膏 #成分透明 #依標示使用,第一行：一條根外用膏的日常定位｜第二行：依標示使用｜第三行：安全舒緩,本產品為外用油膏，請依核准標示使用；若症狀持續或惡化，請諮詢醫師或藥師。,僅供外用；避免眼周、黏膜、破皮或傷口。,根治|治療疾病|消炎治本|打通經絡|一擦就好|保證有效|深層修復|替代藥物
LINE_OA_LINE179,LINE179,LINE 官方帳號,2026-09-01,12:00,處暑後運動暖身提醒,F,低,pending_legal_pharmacist_review,false,處暑後運動暖身提醒,"處暑後運動暖身提醒

喜歡養生、節氣與日常保健的 LINE 讀者，今天可以留意「處暑後運動暖身提醒」。重點不是追求誇張效果，而是以生活保健與身體覺察為主，不做醫療療效宣稱。節氣養生屬一般生活資訊，身體不適仍應諮詢專業人員。

本內容為一般生活保健資訊，非醫療診斷或治療建議。
CTA：收藏提醒",,#節氣保養 #生活保健 #日常保養 #身體覺察,第一行：處暑後運動暖身提醒｜第二行：依標示使用｜第三行：安全舒緩,本內容為一般生活保健資訊，非醫療診斷或治療建議。,節氣養生屬一般生活資訊，身體不適仍應諮詢專業人員。,根治|治療疾病|消炎治本|打通經絡|一擦就好|保證有效|深層修復|替代藥物
LINE_OA_LINE180,LINE180,LINE 官方帳號,2026-09-01,20:00,兒童使用前的安全提醒,E,高,pending_legal_pharmacist_review,false,兒童使用前的安全提醒,"兒童使用前的安全提醒

所有使用者、照護者與家庭購買者，今天可以留意「兒童使用前的安全提醒」。重點不是追求誇張效果，而是安全使用比用得多更重要，依標示與風險族群提醒。2 歲以下、孕哺、過敏體質、抗凝血藥使用者請先詢問專業人員。

僅供外用。避免接觸眼睛、黏膜、破皮或傷口；特殊族群使用前請先諮詢專業人員。
CTA：私訊/了解更多",,#外用安全 #用藥安全 #使用前看標示 #諮詢醫師藥師,第一行：兒童使用前的安全提醒｜第二行：依標示使用｜第三行：安全舒緩,僅供外用。避免接觸眼睛、黏膜、破皮或傷口；特殊族群使用前請先諮詢專業人員。,2 歲以下、孕哺、過敏體質、抗凝血藥使用者請先詢問專業人員。,根治|治療疾病|消炎治本|打通經絡|一擦就好|保證有效|深層修復|替代藥物
LINE_OA_LINE181,LINE181,LINE 官方帳號,2026-09-02,12:00,外用膏廣告為什麼要保守,H,中,pending_legal_pharmacist_review,false,外用膏廣告為什麼要保守,"外用膏廣告為什麼要保守

重視藥證、成分、品質與合法性的消費者，今天可以留意「外用膏廣告為什麼要保守」。重點不是追求誇張效果，而是強調藥證、標示、保守宣稱與人工審核流程。所有廣告文案仍須依主管機關與專業人員審核。

本產品為外用油膏，請依核准標示使用；若症狀持續或惡化，請諮詢醫師或藥師。
CTA：收藏提醒",,#藥證可查 #品牌透明 #合法宣傳 #成分透明,第一行：外用膏廣告為什麼要保守｜第二行：依標示使用｜第三行：安全舒緩,本產品為外用油膏，請依核准標示使用；若症狀持續或惡化，請諮詢醫師或藥師。,所有廣告文案仍須依主管機關與專業人員審核。,根治|治療疾病|消炎治本|打通經絡|一擦就好|保證有效|深層修復|替代藥物
LINE_OA_LINE182,LINE182,LINE 官方帳號,2026-09-02,20:00,久坐族最想舒緩哪裡,G,低,pending_legal_pharmacist_review,false,久坐族最想舒緩哪裡,"久坐族最想舒緩哪裡

LINE OA 好友、回購客與新客，今天可以留意「久坐族最想舒緩哪裡」。重點不是追求誇張效果，而是用問答降低誤用，讓使用者知道何時該詢問專業人員。互動回答不取代醫師或藥師建議。

本內容為一般生活保健資訊，非醫療診斷或治療建議。
CTA：留言互動",,#互動問答 #保養知識 #使用小提醒 #金牌一條根,第一行：久坐族最想舒緩哪裡｜第二行：依標示使用｜第三行：安全舒緩,本內容為一般生活保健資訊，非醫療診斷或治療建議。,互動回答不取代醫師或藥師建議。,根治|治療疾病|消炎治本|打通經絡|一擦就好|保證有效|深層修復|替代藥物
LINE_OA_LINE183,LINE183,LINE 官方帳號,2026-09-03,12:00,跑步後膝周不適的保守提醒,C,中,pending_legal_pharmacist_review,false,跑步後膝周不適的保守提醒,"跑步後膝周不適的保守提醒

運動族、搬重物、久站與勞動工作者，今天可以留意「跑步後膝周不適的保守提醒」。重點不是追求誇張效果，而是運動或勞動後的局部肌肉痠痛，可短期按摩舒緩。明顯腫脹、劇痛、活動受限或疑似受傷時，請先就醫。

本產品為外用油膏，請依核准標示使用；若症狀持續或惡化，請諮詢醫師或藥師。
CTA：收藏提醒",,#運動後保養 #局部按摩 #肌肉痠痛 #依標示使用,第一行：跑步後膝周不適的保守提醒｜第二行：依標示使用｜第三行：安全舒緩,本產品為外用油膏，請依核准標示使用；若症狀持續或惡化，請諮詢醫師或藥師。,明顯腫脹、劇痛、活動受限或疑似受傷時，請先就醫。,根治|治療疾病|消炎治本|打通經絡|一擦就好|保證有效|深層修復|替代藥物
LINE_OA_LINE184,LINE184,LINE 官方帳號,2026-09-03,20:00,成分濃度為什麼要看標示,A,中,pending_legal_pharmacist_review,false,成分濃度為什麼要看標示,"成分濃度為什麼要看標示

已購買或正在觀望的一條根使用者，今天可以留意「成分濃度為什麼要看標示」。重點不是追求誇張效果，而是依標示外用，提供局部按摩與暫時舒緩體感。僅供外用；避免眼周、黏膜、破皮或傷口。

本產品為外用油膏，請依核准標示使用；若症狀持續或惡化，請諮詢醫師或藥師。
CTA：私訊/了解更多",,#金牌一條根 #外用油膏 #成分透明 #依標示使用,第一行：成分濃度為什麼要看標示｜第二行：依標示使用｜第三行：安全舒緩,本產品為外用油膏，請依核准標示使用；若症狀持續或惡化，請諮詢醫師或藥師。,僅供外用；避免眼周、黏膜、破皮或傷口。,根治|治療疾病|消炎治本|打通經絡|一擦就好|保證有效|深層修復|替代藥物
LINE_OA_LINE185,LINE185,LINE 官方帳號,2026-09-04,12:00,照顧爸媽時的外用提醒,D,中,pending_legal_pharmacist_review,false,照顧爸媽時的外用提醒,"照顧爸媽時的外用提醒

40-70 歲注重日常活動舒適度的族群，今天可以留意「照顧爸媽時的外用提醒」。重點不是追求誇張效果，而是輕微關節痠痛可短期舒緩，但不可宣稱治療疾病。關節腫痛、紅熱、長期疼痛或行走困難，請就醫評估。

本產品為外用油膏，請依核准標示使用；若症狀持續或惡化，請諮詢醫師或藥師。
CTA：收藏提醒",,#銀髮保養 #活動舒適 #輕微痠痛 #依標示使用,第一行：照顧爸媽時的外用提醒｜第二行：依標示使用｜第三行：安全舒緩,本產品為外用油膏，請依核准標示使用；若症狀持續或惡化，請諮詢醫師或藥師。,關節腫痛、紅熱、長期疼痛或行走困難，請就醫評估。,根治|治療疾病|消炎治本|打通經絡|一擦就好|保證有效|深層修復|替代藥物
LINE_OA_LINE186,LINE186,LINE 官方帳號,2026-09-04,20:00,孕婦與哺乳族群先詢問專業人員,E,高,pending_legal_pharmacist_review,false,孕婦與哺乳族群先詢問專業人員,"孕婦與哺乳族群先詢問專業人員

所有使用者、照護者與家庭購買者，今天可以留意「孕婦與哺乳族群先詢問專業人員」。重點不是追求誇張效果，而是安全使用比用得多更重要，依標示與風險族群提醒。2 歲以下、孕哺、過敏體質、抗凝血藥使用者請先詢問專業人員。

僅供外用。避免接觸眼睛、黏膜、破皮或傷口；特殊族群使用前請先諮詢專業人員。
CTA：私訊/了解更多",,#外用安全 #用藥安全 #使用前看標示 #諮詢醫師藥師,第一行：孕婦與哺乳族群先詢問專業人員｜第二行：依標示使用｜第三行：安全舒緩,僅供外用。避免接觸眼睛、黏膜、破皮或傷口；特殊族群使用前請先諮詢專業人員。,2 歲以下、孕哺、過敏體質、抗凝血藥使用者請先詢問專業人員。,根治|治療疾病|消炎治本|打通經絡|一擦就好|保證有效|深層修復|替代藥物
LINE_OA_LINE187,LINE187,LINE 官方帳號,2026-09-05,12:00,白露時節關心長輩活動,F,低,pending_legal_pharmacist_review,false,白露時節關心長輩活動,"白露時節關心長輩活動

喜歡養生、節氣與日常保健的 LINE 讀者，今天可以留意「白露時節關心長輩活動」。重點不是追求誇張效果，而是以生活保健與身體覺察為主，不做醫療療效宣稱。節氣養生屬一般生活資訊，身體不適仍應諮詢專業人員。

本內容為一般生活保健資訊，非醫療診斷或治療建議。
CTA：收藏提醒",,#節氣保養 #生活保健 #日常保養 #身體覺察,第一行：白露時節關心長輩活動｜第二行：依標示使用｜第三行：安全舒緩,本內容為一般生活保健資訊，非醫療診斷或治療建議。,節氣養生屬一般生活資訊，身體不適仍應諮詢專業人員。,根治|治療疾病|消炎治本|打通經絡|一擦就好|保證有效|深層修復|替代藥物
LINE_OA_LINE188,LINE188,LINE 官方帳號,2026-09-05,20:00,勞動後先休息再按摩,C,中,pending_legal_pharmacist_review,false,勞動後先休息再按摩,"勞動後先休息再按摩

運動族、搬重物、久站與勞動工作者，今天可以留意「勞動後先休息再按摩」。重點不是追求誇張效果，而是運動或勞動後的局部肌肉痠痛，可短期按摩舒緩。明顯腫脹、劇痛、活動受限或疑似受傷時，請先就醫。

本產品為外用油膏，請依核准標示使用；若症狀持續或惡化，請諮詢醫師或藥師。
CTA：私訊/了解更多",,#運動後保養 #局部按摩 #肌肉痠痛 #依標示使用,第一行：勞動後先休息再按摩｜第二行：依標示使用｜第三行：安全舒緩,本產品為外用油膏，請依核准標示使用；若症狀持續或惡化，請諮詢醫師或藥師。,明顯腫脹、劇痛、活動受限或疑似受傷時，請先就醫。,根治|治療疾病|消炎治本|打通經絡|一擦就好|保證有效|深層修復|替代藥物
LINE_OA_LINE189,LINE189,LINE 官方帳號,2026-09-06,12:00,長輩使用外用膏你會提醒什麼,G,低,pending_legal_pharmacist_review,false,長輩使用外用膏你會提醒什麼,"長輩使用外用膏你會提醒什麼

LINE OA 好友、回購客與新客，今天可以留意「長輩使用外用膏你會提醒什麼」。重點不是追求誇張效果，而是用問答降低誤用，讓使用者知道何時該詢問專業人員。互動回答不取代醫師或藥師建議。

本內容為一般生活保健資訊，非醫療診斷或治療建議。
CTA：留言互動",,#互動問答 #保養知識 #使用小提醒 #金牌一條根,第一行：長輩使用外用膏你會提醒什麼｜第二行：依標示使用｜第三行：安全舒緩,本內容為一般生活保健資訊，非醫療診斷或治療建議。,互動回答不取代醫師或藥師建議。,根治|治療疾病|消炎治本|打通經絡|一擦就好|保證有效|深層修復|替代藥物
LINE_OA_LINE190,LINE190,LINE 官方帳號,2026-09-06,20:00,日常活動舒適度的三個習慣,D,中,pending_legal_pharmacist_review,false,日常活動舒適度的三個習慣,"日常活動舒適度的三個習慣

40-70 歲注重日常活動舒適度的族群，今天可以留意「日常活動舒適度的三個習慣」。重點不是追求誇張效果，而是輕微關節痠痛可短期舒緩，但不可宣稱治療疾病。關節腫痛、紅熱、長期疼痛或行走困難，請就醫評估。

本產品為外用油膏，請依核准標示使用；若症狀持續或惡化，請諮詢醫師或藥師。
CTA：私訊/了解更多",,#銀髮保養 #活動舒適 #輕微痠痛 #依標示使用,第一行：日常活動舒適度的三個習慣｜第二行：依標示使用｜第三行：安全舒緩,本產品為外用油膏，請依核准標示使用；若症狀持續或惡化，請諮詢醫師或藥師。,關節腫痛、紅熱、長期疼痛或行走困難，請就醫評估。,根治|治療疾病|消炎治本|打通經絡|一擦就好|保證有效|深層修復|替代藥物
LINE_OA_LINE191,LINE191,LINE 官方帳號,2026-09-07,12:00,下班前五分鐘伸展,B,低,pending_legal_pharmacist_review,false,下班前五分鐘伸展,"下班前五分鐘伸展

長時間低頭、久坐、用電腦的上班族，今天可以留意「下班前五分鐘伸展」。重點不是追求誇張效果，而是久坐低頭後，可搭配伸展與局部按摩舒緩緊繃不適。若痠痛持續、麻木或影響活動，請諮詢醫師或藥師。

本內容為一般生活保健資訊，非醫療診斷或治療建議。
CTA：收藏提醒",,#肩頸保養 #久坐族 #日常舒緩 #依標示使用,第一行：下班前五分鐘伸展｜第二行：依標示使用｜第三行：安全舒緩,本內容為一般生活保健資訊，非醫療診斷或治療建議。,若痠痛持續、麻木或影響活動，請諮詢醫師或藥師。,根治|治療疾病|消炎治本|打通經絡|一擦就好|保證有效|深層修復|替代藥物
LINE_OA_LINE192,LINE192,LINE 官方帳號,2026-09-07,20:00,局部按摩和大面積厚敷的差別,A,中,pending_legal_pharmacist_review,false,局部按摩和大面積厚敷的差別,"局部按摩和大面積厚敷的差別

已購買或正在觀望的一條根使用者，今天可以留意「局部按摩和大面積厚敷的差別」。重點不是追求誇張效果，而是依標示外用，提供局部按摩與暫時舒緩體感。僅供外用；避免眼周、黏膜、破皮或傷口。

本產品為外用油膏，請依核准標示使用；若症狀持續或惡化，請諮詢醫師或藥師。
CTA：私訊/了解更多",,#金牌一條根 #外用油膏 #成分透明 #依標示使用,第一行：局部按摩和大面積厚敷的差別｜第二行：依標示使用｜第三行：安全舒緩,本產品為外用油膏，請依核准標示使用；若症狀持續或惡化，請諮詢醫師或藥師。,僅供外用；避免眼周、黏膜、破皮或傷口。,根治|治療疾病|消炎治本|打通經絡|一擦就好|保證有效|深層修復|替代藥物
LINE_OA_LINE193,LINE193,LINE 官方帳號,2026-09-08,12:00,秋分後外出前暖身,F,低,pending_legal_pharmacist_review,false,秋分後外出前暖身,"秋分後外出前暖身

喜歡養生、節氣與日常保健的 LINE 讀者，今天可以留意「秋分後外出前暖身」。重點不是追求誇張效果，而是以生活保健與身體覺察為主，不做醫療療效宣稱。節氣養生屬一般生活資訊，身體不適仍應諮詢專業人員。

本內容為一般生活保健資訊，非醫療診斷或治療建議。
CTA：收藏提醒",,#節氣保養 #生活保健 #日常保養 #身體覺察,第一行：秋分後外出前暖身｜第二行：依標示使用｜第三行：安全舒緩,本內容為一般生活保健資訊，非醫療診斷或治療建議。,節氣養生屬一般生活資訊，身體不適仍應諮詢專業人員。,根治|治療疾病|消炎治本|打通經絡|一擦就好|保證有效|深層修復|替代藥物
LINE_OA_LINE194,LINE194,LINE 官方帳號,2026-09-08,20:00,症狀超過七天要停用並諮詢,E,高,pending_legal_pharmacist_review,false,症狀超過七天要停用並諮詢,"症狀超過七天要停用並諮詢

所有使用者、照護者與家庭購買者，今天可以留意「症狀超過七天要停用並諮詢」。重點不是追求誇張效果，而是安全使用比用得多更重要，依標示與風險族群提醒。2 歲以下、孕哺、過敏體質、抗凝血藥使用者請先詢問專業人員。

僅供外用。避免接觸眼睛、黏膜、破皮或傷口；特殊族群使用前請先諮詢專業人員。
CTA：私訊/了解更多",,#外用安全 #用藥安全 #使用前看標示 #諮詢醫師藥師,第一行：症狀超過七天要停用並諮詢｜第二行：依標示使用｜第三行：安全舒緩,僅供外用。避免接觸眼睛、黏膜、破皮或傷口；特殊族群使用前請先諮詢專業人員。,2 歲以下、孕哺、過敏體質、抗凝血藥使用者請先詢問專業人員。,根治|治療疾病|消炎治本|打通經絡|一擦就好|保證有效|深層修復|替代藥物
LINE_OA_LINE195,LINE195,LINE 官方帳號,2026-09-09,12:00,成分透明是基本功,H,中,pending_legal_pharmacist_review,false,成分透明是基本功,"成分透明是基本功

重視藥證、成分、品質與合法性的消費者，今天可以留意「成分透明是基本功」。重點不是追求誇張效果，而是強調藥證、標示、保守宣稱與人工審核流程。所有廣告文案仍須依主管機關與專業人員審核。

本產品為外用油膏，請依核准標示使用；若症狀持續或惡化，請諮詢醫師或藥師。
CTA：收藏提醒",,#藥證可查 #品牌透明 #合法宣傳 #成分透明,第一行：成分透明是基本功｜第二行：依標示使用｜第三行：安全舒緩,本產品為外用油膏，請依核准標示使用；若症狀持續或惡化，請諮詢醫師或藥師。,所有廣告文案仍須依主管機關與專業人員審核。,根治|治療疾病|消炎治本|打通經絡|一擦就好|保證有效|深層修復|替代藥物
LINE_OA_LINE196,LINE196,LINE 官方帳號,2026-09-09,20:00,一條根可以天天厚敷嗎,G,低,pending_legal_pharmacist_review,false,一條根可以天天厚敷嗎,"一條根可以天天厚敷嗎

LINE OA 好友、回購客與新客，今天可以留意「一條根可以天天厚敷嗎」。重點不是追求誇張效果，而是用問答降低誤用，讓使用者知道何時該詢問專業人員。互動回答不取代醫師或藥師建議。

本內容為一般生活保健資訊，非醫療診斷或治療建議。
CTA：留言互動",,#互動問答 #保養知識 #使用小提醒 #金牌一條根,第一行：一條根可以天天厚敷嗎｜第二行：依標示使用｜第三行：安全舒緩,本內容為一般生活保健資訊，非醫療診斷或治療建議。,互動回答不取代醫師或藥師建議。,根治|治療疾病|消炎治本|打通經絡|一擦就好|保證有效|深層修復|替代藥物
LINE_OA_LINE197,LINE197,LINE 官方帳號,2026-09-10,12:00,運動後不要立刻熱敷加藥膏,C,中,pending_legal_pharmacist_review,false,運動後不要立刻熱敷加藥膏,"運動後不要立刻熱敷加藥膏

運動族、搬重物、久站與勞動工作者，今天可以留意「運動後不要立刻熱敷加藥膏」。重點不是追求誇張效果，而是運動或勞動後的局部肌肉痠痛，可短期按摩舒緩。明顯腫脹、劇痛、活動受限或疑似受傷時，請先就醫。

本產品為外用油膏，請依核准標示使用；若症狀持續或惡化，請諮詢醫師或藥師。
CTA：收藏提醒",,#運動後保養 #局部按摩 #肌肉痠痛 #依標示使用,第一行：運動後不要立刻熱敷加藥膏｜第二行：依標示使用｜第三行：安全舒緩,本產品為外用油膏，請依核准標示使用；若症狀持續或惡化，請諮詢醫師或藥師。,明顯腫脹、劇痛、活動受限或疑似受傷時，請先就醫。,根治|治療疾病|消炎治本|打通經絡|一擦就好|保證有效|深層修復|替代藥物
LINE_OA_LINE198,LINE198,LINE 官方帳號,2026-09-10,20:00,使用前先小範圍測試,A,中,pending_legal_pharmacist_review,false,使用前先小範圍測試,"使用前先小範圍測試

已購買或正在觀望的一條根使用者，今天可以留意「使用前先小範圍測試」。重點不是追求誇張效果，而是依標示外用，提供局部按摩與暫時舒緩體感。僅供外用；避免眼周、黏膜、破皮或傷口。

本產品為外用油膏，請依核准標示使用；若症狀持續或惡化，請諮詢醫師或藥師。
CTA：私訊/了解更多",,#金牌一條根 #外用油膏 #成分透明 #依標示使用,第一行：使用前先小範圍測試｜第二行：依標示使用｜第三行：安全舒緩,本產品為外用油膏，請依核准標示使用；若症狀持續或惡化，請諮詢醫師或藥師。,僅供外用；避免眼周、黏膜、破皮或傷口。,根治|治療疾病|消炎治本|打通經絡|一擦就好|保證有效|深層修復|替代藥物
LINE_OA_LINE199,LINE199,LINE 官方帳號,2026-09-11,12:00,長輩使用前先看標示,D,中,pending_legal_pharmacist_review,false,長輩使用前先看標示,"長輩使用前先看標示

40-70 歲注重日常活動舒適度的族群，今天可以留意「長輩使用前先看標示」。重點不是追求誇張效果，而是輕微關節痠痛可短期舒緩，但不可宣稱治療疾病。關節腫痛、紅熱、長期疼痛或行走困難，請就醫評估。

本產品為外用油膏，請依核准標示使用；若症狀持續或惡化，請諮詢醫師或藥師。
CTA：收藏提醒",,#銀髮保養 #活動舒適 #輕微痠痛 #依標示使用,第一行：長輩使用前先看標示｜第二行：依標示使用｜第三行：安全舒緩,本產品為外用油膏，請依核准標示使用；若症狀持續或惡化，請諮詢醫師或藥師。,關節腫痛、紅熱、長期疼痛或行走困難，請就醫評估。,根治|治療疾病|消炎治本|打通經絡|一擦就好|保證有效|深層修復|替代藥物
LINE_OA_LINE200,LINE200,LINE 官方帳號,2026-09-11,20:00,皮膚刺激時要停止使用,E,高,pending_legal_pharmacist_review,false,皮膚刺激時要停止使用,"皮膚刺激時要停止使用

所有使用者、照護者與家庭購買者，今天可以留意「皮膚刺激時要停止使用」。重點不是追求誇張效果，而是安全使用比用得多更重要，依標示與風險族群提醒。2 歲以下、孕哺、過敏體質、抗凝血藥使用者請先詢問專業人員。

僅供外用。避免接觸眼睛、黏膜、破皮或傷口；特殊族群使用前請先諮詢專業人員。
CTA：私訊/了解更多",,#外用安全 #用藥安全 #使用前看標示 #諮詢醫師藥師,第一行：皮膚刺激時要停止使用｜第二行：依標示使用｜第三行：安全舒緩,僅供外用。避免接觸眼睛、黏膜、破皮或傷口；特殊族群使用前請先諮詢專業人員。,2 歲以下、孕哺、過敏體質、抗凝血藥使用者請先詢問專業人員。,根治|治療疾病|消炎治本|打通經絡|一擦就好|保證有效|深層修復|替代藥物
LINE_OA_LINE201,LINE201,LINE 官方帳號,2026-09-12,12:00,寒露後肩背保養,F,低,pending_legal_pharmacist_review,false,寒露後肩背保養,"寒露後肩背保養

喜歡養生、節氣與日常保健的 LINE 讀者，今天可以留意「寒露後肩背保養」。重點不是追求誇張效果，而是以生活保健與身體覺察為主，不做醫療療效宣稱。節氣養生屬一般生活資訊，身體不適仍應諮詢專業人員。

本內容為一般生活保健資訊，非醫療診斷或治療建議。
CTA：收藏提醒",,#節氣保養 #生活保健 #日常保養 #身體覺察,第一行：寒露後肩背保養｜第二行：依標示使用｜第三行：安全舒緩,本內容為一般生活保健資訊，非醫療診斷或治療建議。,節氣養生屬一般生活資訊，身體不適仍應諮詢專業人員。,根治|治療疾病|消炎治本|打通經絡|一擦就好|保證有效|深層修復|替代藥物
LINE_OA_LINE202,LINE202,LINE 官方帳號,2026-09-12,20:00,輕微拉扯後的觀察重點,C,中,pending_legal_pharmacist_review,false,輕微拉扯後的觀察重點,"輕微拉扯後的觀察重點

運動族、搬重物、久站與勞動工作者，今天可以留意「輕微拉扯後的觀察重點」。重點不是追求誇張效果，而是運動或勞動後的局部肌肉痠痛，可短期按摩舒緩。明顯腫脹、劇痛、活動受限或疑似受傷時，請先就醫。

本產品為外用油膏，請依核准標示使用；若症狀持續或惡化，請諮詢醫師或藥師。
CTA：私訊/了解更多",,#運動後保養 #局部按摩 #肌肉痠痛 #依標示使用,第一行：輕微拉扯後的觀察重點｜第二行：依標示使用｜第三行：安全舒緩,本產品為外用油膏，請依核准標示使用；若症狀持續或惡化，請諮詢醫師或藥師。,明顯腫脹、劇痛、活動受限或疑似受傷時，請先就醫。,根治|治療疾病|消炎治本|打通經絡|一擦就好|保證有效|深層修復|替代藥物
LINE_OA_LINE203,LINE203,LINE 官方帳號,2026-09-13,12:00,擦完可以馬上熱敷嗎,G,低,pending_legal_pharmacist_review,false,擦完可以馬上熱敷嗎,"擦完可以馬上熱敷嗎

LINE OA 好友、回購客與新客，今天可以留意「擦完可以馬上熱敷嗎」。重點不是追求誇張效果，而是用問答降低誤用，讓使用者知道何時該詢問專業人員。互動回答不取代醫師或藥師建議。

本內容為一般生活保健資訊，非醫療診斷或治療建議。
CTA：留言互動",,#互動問答 #保養知識 #使用小提醒 #金牌一條根,第一行：擦完可以馬上熱敷嗎｜第二行：依標示使用｜第三行：安全舒緩,本內容為一般生活保健資訊，非醫療診斷或治療建議。,互動回答不取代醫師或藥師建議。,根治|治療疾病|消炎治本|打通經絡|一擦就好|保證有效|深層修復|替代藥物
LINE_OA_LINE204,LINE204,LINE 官方帳號,2026-09-13,20:00,別把長期疼痛只當小問題,D,中,pending_legal_pharmacist_review,false,別把長期疼痛只當小問題,"別把長期疼痛只當小問題

40-70 歲注重日常活動舒適度的族群，今天可以留意「別把長期疼痛只當小問題」。重點不是追求誇張效果，而是輕微關節痠痛可短期舒緩，但不可宣稱治療疾病。關節腫痛、紅熱、長期疼痛或行走困難，請就醫評估。

本產品為外用油膏，請依核准標示使用；若症狀持續或惡化，請諮詢醫師或藥師。
CTA：私訊/了解更多",,#銀髮保養 #活動舒適 #輕微痠痛 #依標示使用,第一行：別把長期疼痛只當小問題｜第二行：依標示使用｜第三行：安全舒緩,本產品為外用油膏，請依核准標示使用；若症狀持續或惡化，請諮詢醫師或藥師。,關節腫痛、紅熱、長期疼痛或行走困難，請就醫評估。,根治|治療疾病|消炎治本|打通經絡|一擦就好|保證有效|深層修復|替代藥物
LINE_OA_LINE205,LINE205,LINE 官方帳號,2026-09-14,12:00,滑手機後頸部保養,B,低,pending_legal_pharmacist_review,false,滑手機後頸部保養,"滑手機後頸部保養

長時間低頭、久坐、用電腦的上班族，今天可以留意「滑手機後頸部保養」。重點不是追求誇張效果，而是久坐低頭後，可搭配伸展與局部按摩舒緩緊繃不適。若痠痛持續、麻木或影響活動，請諮詢醫師或藥師。

本內容為一般生活保健資訊，非醫療診斷或治療建議。
CTA：收藏提醒",,#肩頸保養 #久坐族 #日常舒緩 #依標示使用,第一行：滑手機後頸部保養｜第二行：依標示使用｜第三行：安全舒緩,本內容為一般生活保健資訊，非醫療診斷或治療建議。,若痠痛持續、麻木或影響活動，請諮詢醫師或藥師。,根治|治療疾病|消炎治本|打通經絡|一擦就好|保證有效|深層修復|替代藥物
LINE_OA_LINE206,LINE206,LINE 官方帳號,2026-09-14,20:00,產品不是神藥，定位要講清楚,A,中,pending_legal_pharmacist_review,false,產品不是神藥，定位要講清楚,"產品不是神藥，定位要講清楚

已購買或正在觀望的一條根使用者，今天可以留意「產品不是神藥，定位要講清楚」。重點不是追求誇張效果，而是依標示外用，提供局部按摩與暫時舒緩體感。僅供外用；避免眼周、黏膜、破皮或傷口。

本產品為外用油膏，請依核准標示使用；若症狀持續或惡化，請諮詢醫師或藥師。
CTA：私訊/了解更多",,#金牌一條根 #外用油膏 #成分透明 #依標示使用,第一行：產品不是神藥，定位要講清楚｜第二行：依標示使用｜第三行：安全舒緩,本產品為外用油膏，請依核准標示使用；若症狀持續或惡化，請諮詢醫師或藥師。,僅供外用；避免眼周、黏膜、破皮或傷口。,根治|治療疾病|消炎治本|打通經絡|一擦就好|保證有效|深層修復|替代藥物
LINE_OA_LINE207,LINE207,LINE 官方帳號,2026-09-15,12:00,立冬前後的日常舒緩儀式,F,低,pending_legal_pharmacist_review,false,立冬前後的日常舒緩儀式,"立冬前後的日常舒緩儀式

喜歡養生、節氣與日常保健的 LINE 讀者，今天可以留意「立冬前後的日常舒緩儀式」。重點不是追求誇張效果，而是以生活保健與身體覺察為主，不做醫療療效宣稱。節氣養生屬一般生活資訊，身體不適仍應諮詢專業人員。

本內容為一般生活保健資訊，非醫療診斷或治療建議。
CTA：收藏提醒",,#節氣保養 #生活保健 #日常保養 #身體覺察,第一行：立冬前後的日常舒緩儀式｜第二行：依標示使用｜第三行：安全舒緩,本內容為一般生活保健資訊，非醫療診斷或治療建議。,節氣養生屬一般生活資訊，身體不適仍應諮詢專業人員。,根治|治療疾病|消炎治本|打通經絡|一擦就好|保證有效|深層修復|替代藥物
LINE_OA_LINE208,LINE208,LINE 官方帳號,2026-09-15,20:00,深層症狀不適合自行處理,E,高,pending_legal_pharmacist_review,false,深層症狀不適合自行處理,"深層症狀不適合自行處理

所有使用者、照護者與家庭購買者，今天可以留意「深層症狀不適合自行處理」。重點不是追求誇張效果，而是安全使用比用得多更重要，依標示與風險族群提醒。2 歲以下、孕哺、過敏體質、抗凝血藥使用者請先詢問專業人員。

僅供外用。避免接觸眼睛、黏膜、破皮或傷口；特殊族群使用前請先諮詢專業人員。
CTA：私訊/了解更多",,#外用安全 #用藥安全 #使用前看標示 #諮詢醫師藥師,第一行：深層症狀不適合自行處理｜第二行：依標示使用｜第三行：安全舒緩,僅供外用。避免接觸眼睛、黏膜、破皮或傷口；特殊族群使用前請先諮詢專業人員。,2 歲以下、孕哺、過敏體質、抗凝血藥使用者請先詢問專業人員。,根治|治療疾病|消炎治本|打通經絡|一擦就好|保證有效|深層修復|替代藥物
LINE_OA_LINE209,LINE209,LINE 官方帳號,2026-09-16,12:00,每篇貼文都要人工審核,H,中,pending_legal_pharmacist_review,false,每篇貼文都要人工審核,"每篇貼文都要人工審核

重視藥證、成分、品質與合法性的消費者，今天可以留意「每篇貼文都要人工審核」。重點不是追求誇張效果，而是強調藥證、標示、保守宣稱與人工審核流程。所有廣告文案仍須依主管機關與專業人員審核。

本產品為外用油膏，請依核准標示使用；若症狀持續或惡化，請諮詢醫師或藥師。
CTA：收藏提醒",,#藥證可查 #品牌透明 #合法宣傳 #成分透明,第一行：每篇貼文都要人工審核｜第二行：依標示使用｜第三行：安全舒緩,本產品為外用油膏，請依核准標示使用；若症狀持續或惡化，請諮詢醫師或藥師。,所有廣告文案仍須依主管機關與專業人員審核。,根治|治療疾病|消炎治本|打通經絡|一擦就好|保證有效|深層修復|替代藥物
LINE_OA_LINE210,LINE210,LINE 官方帳號,2026-09-16,20:00,哪些情況應該先就醫,G,低,pending_legal_pharmacist_review,false,哪些情況應該先就醫,"哪些情況應該先就醫

LINE OA 好友、回購客與新客，今天可以留意「哪些情況應該先就醫」。重點不是追求誇張效果，而是用問答降低誤用，讓使用者知道何時該詢問專業人員。互動回答不取代醫師或藥師建議。

本內容為一般生活保健資訊，非醫療診斷或治療建議。
CTA：留言互動",,#互動問答 #保養知識 #使用小提醒 #金牌一條根,第一行：哪些情況應該先就醫｜第二行：依標示使用｜第三行：安全舒緩,本內容為一般生活保健資訊，非醫療診斷或治療建議。,互動回答不取代醫師或藥師建議。,根治|治療疾病|消炎治本|打通經絡|一擦就好|保證有效|深層修復|替代藥物
LINE_OA_LINE211,LINE211,LINE 官方帳號,2026-09-17,12:00,運動後局部痠痛的保守處理,C,中,pending_legal_pharmacist_review,false,運動後局部痠痛的保守處理,"運動後局部痠痛的保守處理

運動族、搬重物、久站與勞動工作者，今天可以留意「運動後局部痠痛的保守處理」。重點不是追求誇張效果，而是運動或勞動後的局部肌肉痠痛，可短期按摩舒緩。明顯腫脹、劇痛、活動受限或疑似受傷時，請先就醫。

本產品為外用油膏，請依核准標示使用；若症狀持續或惡化，請諮詢醫師或藥師。
CTA：收藏提醒",,#運動後保養 #局部按摩 #肌肉痠痛 #依標示使用,第一行：運動後局部痠痛的保守處理｜第二行：依標示使用｜第三行：安全舒緩,本產品為外用油膏，請依核准標示使用；若症狀持續或惡化，請諮詢醫師或藥師。,明顯腫脹、劇痛、活動受限或疑似受傷時，請先就醫。,根治|治療疾病|消炎治本|打通經絡|一擦就好|保證有效|深層修復|替代藥物
LINE_OA_LINE212,LINE212,LINE 官方帳號,2026-09-17,20:00,冬青油與清涼舒緩體感,A,中,pending_legal_pharmacist_review,false,冬青油與清涼舒緩體感,"冬青油與清涼舒緩體感

已購買或正在觀望的一條根使用者，今天可以留意「冬青油與清涼舒緩體感」。重點不是追求誇張效果，而是依標示外用，提供局部按摩與暫時舒緩體感。僅供外用；避免眼周、黏膜、破皮或傷口。

本產品為外用油膏，請依核准標示使用；若症狀持續或惡化，請諮詢醫師或藥師。
CTA：私訊/了解更多",,#金牌一條根 #外用油膏 #成分透明 #依標示使用,第一行：冬青油與清涼舒緩體感｜第二行：依標示使用｜第三行：安全舒緩,本產品為外用油膏，請依核准標示使用；若症狀持續或惡化，請諮詢醫師或藥師。,僅供外用；避免眼周、黏膜、破皮或傷口。,根治|治療疾病|消炎治本|打通經絡|一擦就好|保證有效|深層修復|替代藥物
LINE_OA_LINE213,LINE213,LINE 官方帳號,2026-09-18,12:00,早晨活動前的關節暖身,D,中,pending_legal_pharmacist_review,false,早晨活動前的關節暖身,"早晨活動前的關節暖身

40-70 歲注重日常活動舒適度的族群，今天可以留意「早晨活動前的關節暖身」。重點不是追求誇張效果，而是輕微關節痠痛可短期舒緩，但不可宣稱治療疾病。關節腫痛、紅熱、長期疼痛或行走困難，請就醫評估。

本產品為外用油膏，請依核准標示使用；若症狀持續或惡化，請諮詢醫師或藥師。
CTA：收藏提醒",,#銀髮保養 #活動舒適 #輕微痠痛 #依標示使用,第一行：早晨活動前的關節暖身｜第二行：依標示使用｜第三行：安全舒緩,本產品為外用油膏，請依核准標示使用；若症狀持續或惡化，請諮詢醫師或藥師。,關節腫痛、紅熱、長期疼痛或行走困難，請就醫評估。,根治|治療疾病|消炎治本|打通經絡|一擦就好|保證有效|深層修復|替代藥物
LINE_OA_LINE214,LINE214,LINE 官方帳號,2026-09-18,20:00,不能擦在破皮或傷口,E,高,pending_legal_pharmacist_review,false,不能擦在破皮或傷口,"不能擦在破皮或傷口

所有使用者、照護者與家庭購買者，今天可以留意「不能擦在破皮或傷口」。重點不是追求誇張效果，而是安全使用比用得多更重要，依標示與風險族群提醒。2 歲以下、孕哺、過敏體質、抗凝血藥使用者請先詢問專業人員。

僅供外用。避免接觸眼睛、黏膜、破皮或傷口；特殊族群使用前請先諮詢專業人員。
CTA：私訊/了解更多",,#外用安全 #用藥安全 #使用前看標示 #諮詢醫師藥師,第一行：不能擦在破皮或傷口｜第二行：依標示使用｜第三行：安全舒緩,僅供外用。避免接觸眼睛、黏膜、破皮或傷口；特殊族群使用前請先諮詢專業人員。,2 歲以下、孕哺、過敏體質、抗凝血藥使用者請先詢問專業人員。,根治|治療疾病|消炎治本|打通經絡|一擦就好|保證有效|深層修復|替代藥物
LINE_OA_LINE215,LINE215,LINE 官方帳號,2026-09-19,12:00,芒種後濕熱生活保養,F,低,pending_legal_pharmacist_review,false,芒種後濕熱生活保養,"芒種後濕熱生活保養

喜歡養生、節氣與日常保健的 LINE 讀者，今天可以留意「芒種後濕熱生活保養」。重點不是追求誇張效果，而是以生活保健與身體覺察為主，不做醫療療效宣稱。節氣養生屬一般生活資訊，身體不適仍應諮詢專業人員。

本內容為一般生活保健資訊，非醫療診斷或治療建議。
CTA：收藏提醒",,#節氣保養 #生活保健 #日常保養 #身體覺察,第一行：芒種後濕熱生活保養｜第二行：依標示使用｜第三行：安全舒緩,本內容為一般生活保健資訊，非醫療診斷或治療建議。,節氣養生屬一般生活資訊，身體不適仍應諮詢專業人員。,根治|治療疾病|消炎治本|打通經絡|一擦就好|保證有效|深層修復|替代藥物
LINE_OA_LINE216,LINE216,LINE 官方帳號,2026-09-19,20:00,久站後小腿不適舒緩,C,中,pending_legal_pharmacist_review,false,久站後小腿不適舒緩,"久站後小腿不適舒緩

運動族、搬重物、久站與勞動工作者，今天可以留意「久站後小腿不適舒緩」。重點不是追求誇張效果，而是運動或勞動後的局部肌肉痠痛，可短期按摩舒緩。明顯腫脹、劇痛、活動受限或疑似受傷時，請先就醫。

本產品為外用油膏，請依核准標示使用；若症狀持續或惡化，請諮詢醫師或藥師。
CTA：私訊/了解更多",,#運動後保養 #局部按摩 #肌肉痠痛 #依標示使用,第一行：久站後小腿不適舒緩｜第二行：依標示使用｜第三行：安全舒緩,本產品為外用油膏，請依核准標示使用；若症狀持續或惡化，請諮詢醫師或藥師。,明顯腫脹、劇痛、活動受限或疑似受傷時，請先就醫。,根治|治療疾病|消炎治本|打通經絡|一擦就好|保證有效|深層修復|替代藥物
LINE_OA_LINE217,LINE217,LINE 官方帳號,2026-09-20,12:00,你最常哪個部位緊繃,G,低,pending_legal_pharmacist_review,false,你最常哪個部位緊繃,"你最常哪個部位緊繃

LINE OA 好友、回購客與新客，今天可以留意「你最常哪個部位緊繃」。重點不是追求誇張效果，而是用問答降低誤用，讓使用者知道何時該詢問專業人員。互動回答不取代醫師或藥師建議。

本內容為一般生活保健資訊，非醫療診斷或治療建議。
CTA：留言互動",,#互動問答 #保養知識 #使用小提醒 #金牌一條根,第一行：你最常哪個部位緊繃｜第二行：依標示使用｜第三行：安全舒緩,本內容為一般生活保健資訊，非醫療診斷或治療建議。,互動回答不取代醫師或藥師建議。,根治|治療疾病|消炎治本|打通經絡|一擦就好|保證有效|深層修復|替代藥物
LINE_OA_LINE218,LINE218,LINE 官方帳號,2026-09-20,20:00,長輩外用膏使用安全,D,中,pending_legal_pharmacist_review,false,長輩外用膏使用安全,"長輩外用膏使用安全

40-70 歲注重日常活動舒適度的族群，今天可以留意「長輩外用膏使用安全」。重點不是追求誇張效果，而是輕微關節痠痛可短期舒緩，但不可宣稱治療疾病。關節腫痛、紅熱、長期疼痛或行走困難，請就醫評估。

本產品為外用油膏，請依核准標示使用；若症狀持續或惡化，請諮詢醫師或藥師。
CTA：私訊/了解更多",,#銀髮保養 #活動舒適 #輕微痠痛 #依標示使用,第一行：長輩外用膏使用安全｜第二行：依標示使用｜第三行：安全舒緩,本產品為外用油膏，請依核准標示使用；若症狀持續或惡化，請諮詢醫師或藥師。,關節腫痛、紅熱、長期疼痛或行走困難，請就醫評估。,根治|治療疾病|消炎治本|打通經絡|一擦就好|保證有效|深層修復|替代藥物
LINE_OA_LINE219,LINE219,LINE 官方帳號,2026-09-21,12:00,辦公桌前的姿勢檢查,B,低,pending_legal_pharmacist_review,false,辦公桌前的姿勢檢查,"辦公桌前的姿勢檢查

長時間低頭、久坐、用電腦的上班族，今天可以留意「辦公桌前的姿勢檢查」。重點不是追求誇張效果，而是久坐低頭後，可搭配伸展與局部按摩舒緩緊繃不適。若痠痛持續、麻木或影響活動，請諮詢醫師或藥師。

本內容為一般生活保健資訊，非醫療診斷或治療建議。
CTA：收藏提醒",,#肩頸保養 #久坐族 #日常舒緩 #依標示使用,第一行：辦公桌前的姿勢檢查｜第二行：依標示使用｜第三行：安全舒緩,本內容為一般生活保健資訊，非醫療診斷或治療建議。,若痠痛持續、麻木或影響活動，請諮詢醫師或藥師。,根治|治療疾病|消炎治本|打通經絡|一擦就好|保證有效|深層修復|替代藥物
LINE_OA_LINE220,LINE220,LINE 官方帳號,2026-09-21,20:00,薄荷腦帶來的涼感來源,A,中,pending_legal_pharmacist_review,false,薄荷腦帶來的涼感來源,"薄荷腦帶來的涼感來源

已購買或正在觀望的一條根使用者，今天可以留意「薄荷腦帶來的涼感來源」。重點不是追求誇張效果，而是依標示外用，提供局部按摩與暫時舒緩體感。僅供外用；避免眼周、黏膜、破皮或傷口。

本產品為外用油膏，請依核准標示使用；若症狀持續或惡化，請諮詢醫師或藥師。
CTA：私訊/了解更多",,#金牌一條根 #外用油膏 #成分透明 #依標示使用,第一行：薄荷腦帶來的涼感來源｜第二行：依標示使用｜第三行：安全舒緩,本產品為外用油膏，請依核准標示使用；若症狀持續或惡化，請諮詢醫師或藥師。,僅供外用；避免眼周、黏膜、破皮或傷口。,根治|治療疾病|消炎治本|打通經絡|一擦就好|保證有效|深層修復|替代藥物
LINE_OA_LINE221,LINE221,LINE 官方帳號,2026-09-22,12:00,夏季冷氣房的肩頸保養,F,低,pending_legal_pharmacist_review,false,夏季冷氣房的肩頸保養,"夏季冷氣房的肩頸保養

喜歡養生、節氣與日常保健的 LINE 讀者，今天可以留意「夏季冷氣房的肩頸保養」。重點不是追求誇張效果，而是以生活保健與身體覺察為主，不做醫療療效宣稱。節氣養生屬一般生活資訊，身體不適仍應諮詢專業人員。

本內容為一般生活保健資訊，非醫療診斷或治療建議。
CTA：收藏提醒",,#節氣保養 #生活保健 #日常保養 #身體覺察,第一行：夏季冷氣房的肩頸保養｜第二行：依標示使用｜第三行：安全舒緩,本內容為一般生活保健資訊，非醫療診斷或治療建議。,節氣養生屬一般生活資訊，身體不適仍應諮詢專業人員。,根治|治療疾病|消炎治本|打通經絡|一擦就好|保證有效|深層修復|替代藥物
LINE_OA_LINE222,LINE222,LINE 官方帳號,2026-09-22,20:00,外用膏避免眼周與黏膜,E,高,pending_legal_pharmacist_review,false,外用膏避免眼周與黏膜,"外用膏避免眼周與黏膜

所有使用者、照護者與家庭購買者，今天可以留意「外用膏避免眼周與黏膜」。重點不是追求誇張效果，而是安全使用比用得多更重要，依標示與風險族群提醒。2 歲以下、孕哺、過敏體質、抗凝血藥使用者請先詢問專業人員。

僅供外用。避免接觸眼睛、黏膜、破皮或傷口；特殊族群使用前請先諮詢專業人員。
CTA：私訊/了解更多",,#外用安全 #用藥安全 #使用前看標示 #諮詢醫師藥師,第一行：外用膏避免眼周與黏膜｜第二行：依標示使用｜第三行：安全舒緩,僅供外用。避免接觸眼睛、黏膜、破皮或傷口；特殊族群使用前請先諮詢專業人員。,2 歲以下、孕哺、過敏體質、抗凝血藥使用者請先詢問專業人員。,根治|治療疾病|消炎治本|打通經絡|一擦就好|保證有效|深層修復|替代藥物
LINE_OA_LINE223,LINE223,LINE 官方帳號,2026-09-23,12:00,合法宣傳比誇大更長久,H,中,pending_legal_pharmacist_review,false,合法宣傳比誇大更長久,"合法宣傳比誇大更長久

重視藥證、成分、品質與合法性的消費者，今天可以留意「合法宣傳比誇大更長久」。重點不是追求誇張效果，而是強調藥證、標示、保守宣稱與人工審核流程。所有廣告文案仍須依主管機關與專業人員審核。

本產品為外用油膏，請依核准標示使用；若症狀持續或惡化，請諮詢醫師或藥師。
CTA：收藏提醒",,#藥證可查 #品牌透明 #合法宣傳 #成分透明,第一行：合法宣傳比誇大更長久｜第二行：依標示使用｜第三行：安全舒緩,本產品為外用油膏，請依核准標示使用；若症狀持續或惡化，請諮詢醫師或藥師。,所有廣告文案仍須依主管機關與專業人員審核。,根治|治療疾病|消炎治本|打通經絡|一擦就好|保證有效|深層修復|替代藥物
LINE_OA_LINE224,LINE224,LINE 官方帳號,2026-09-23,20:00,你習慣運動前還是運動後保養,G,低,pending_legal_pharmacist_review,false,你習慣運動前還是運動後保養,"你習慣運動前還是運動後保養

LINE OA 好友、回購客與新客，今天可以留意「你習慣運動前還是運動後保養」。重點不是追求誇張效果，而是用問答降低誤用，讓使用者知道何時該詢問專業人員。互動回答不取代醫師或藥師建議。

本內容為一般生活保健資訊，非醫療診斷或治療建議。
CTA：留言互動",,#互動問答 #保養知識 #使用小提醒 #金牌一條根,第一行：你習慣運動前還是運動後保養｜第二行：依標示使用｜第三行：安全舒緩,本內容為一般生活保健資訊，非醫療診斷或治療建議。,互動回答不取代醫師或藥師建議。,根治|治療疾病|消炎治本|打通經絡|一擦就好|保證有效|深層修復|替代藥物
LINE_OA_LINE225,LINE225,LINE 官方帳號,2026-09-24,12:00,搬重物後腰背保養,C,中,pending_legal_pharmacist_review,false,搬重物後腰背保養,"搬重物後腰背保養

運動族、搬重物、久站與勞動工作者，今天可以留意「搬重物後腰背保養」。重點不是追求誇張效果，而是運動或勞動後的局部肌肉痠痛，可短期按摩舒緩。明顯腫脹、劇痛、活動受限或疑似受傷時，請先就醫。

本產品為外用油膏，請依核准標示使用；若症狀持續或惡化，請諮詢醫師或藥師。
CTA：收藏提醒",,#運動後保養 #局部按摩 #肌肉痠痛 #依標示使用,第一行：搬重物後腰背保養｜第二行：依標示使用｜第三行：安全舒緩,本產品為外用油膏，請依核准標示使用；若症狀持續或惡化，請諮詢醫師或藥師。,明顯腫脹、劇痛、活動受限或疑似受傷時，請先就醫。,根治|治療疾病|消炎治本|打通經絡|一擦就好|保證有效|深層修復|替代藥物
LINE_OA_LINE226,LINE226,LINE 官方帳號,2026-09-24,20:00,樟腦外用時的注意界線,A,中,pending_legal_pharmacist_review,false,樟腦外用時的注意界線,"樟腦外用時的注意界線

已購買或正在觀望的一條根使用者，今天可以留意「樟腦外用時的注意界線」。重點不是追求誇張效果，而是依標示外用，提供局部按摩與暫時舒緩體感。僅供外用；避免眼周、黏膜、破皮或傷口。

本產品為外用油膏，請依核准標示使用；若症狀持續或惡化，請諮詢醫師或藥師。
CTA：私訊/了解更多",,#金牌一條根 #外用油膏 #成分透明 #依標示使用,第一行：樟腦外用時的注意界線｜第二行：依標示使用｜第三行：安全舒緩,本產品為外用油膏，請依核准標示使用；若症狀持續或惡化，請諮詢醫師或藥師。,僅供外用；避免眼周、黏膜、破皮或傷口。,根治|治療疾病|消炎治本|打通經絡|一擦就好|保證有效|深層修復|替代藥物
LINE_OA_LINE227,LINE227,LINE 官方帳號,2026-09-25,12:00,輕微關節痠痛與疾病治療要分開,D,中,pending_legal_pharmacist_review,false,輕微關節痠痛與疾病治療要分開,"輕微關節痠痛與疾病治療要分開

40-70 歲注重日常活動舒適度的族群，今天可以留意「輕微關節痠痛與疾病治療要分開」。重點不是追求誇張效果，而是輕微關節痠痛可短期舒緩，但不可宣稱治療疾病。關節腫痛、紅熱、長期疼痛或行走困難，請就醫評估。

本產品為外用油膏，請依核准標示使用；若症狀持續或惡化，請諮詢醫師或藥師。
CTA：收藏提醒",,#銀髮保養 #活動舒適 #輕微痠痛 #依標示使用,第一行：輕微關節痠痛與疾病治療要分開｜第二行：依標示使用｜第三行：安全舒緩,本產品為外用油膏，請依核准標示使用；若症狀持續或惡化，請諮詢醫師或藥師。,關節腫痛、紅熱、長期疼痛或行走困難，請就醫評估。,根治|治療疾病|消炎治本|打通經絡|一擦就好|保證有效|深層修復|替代藥物
LINE_OA_LINE228,LINE228,LINE 官方帳號,2026-09-25,20:00,不要搭配熱敷墊或電毯,E,高,pending_legal_pharmacist_review,false,不要搭配熱敷墊或電毯,"不要搭配熱敷墊或電毯

所有使用者、照護者與家庭購買者，今天可以留意「不要搭配熱敷墊或電毯」。重點不是追求誇張效果，而是安全使用比用得多更重要，依標示與風險族群提醒。2 歲以下、孕哺、過敏體質、抗凝血藥使用者請先詢問專業人員。

僅供外用。避免接觸眼睛、黏膜、破皮或傷口；特殊族群使用前請先諮詢專業人員。
CTA：私訊/了解更多",,#外用安全 #用藥安全 #使用前看標示 #諮詢醫師藥師,第一行：不要搭配熱敷墊或電毯｜第二行：依標示使用｜第三行：安全舒緩,僅供外用。避免接觸眼睛、黏膜、破皮或傷口；特殊族群使用前請先諮詢專業人員。,2 歲以下、孕哺、過敏體質、抗凝血藥使用者請先詢問專業人員。,根治|治療疾病|消炎治本|打通經絡|一擦就好|保證有效|深層修復|替代藥物
LINE_OA_LINE229,LINE229,LINE 官方帳號,2026-09-26,12:00,小暑前後活動舒適提醒,F,低,pending_legal_pharmacist_review,false,小暑前後活動舒適提醒,"小暑前後活動舒適提醒

喜歡養生、節氣與日常保健的 LINE 讀者，今天可以留意「小暑前後活動舒適提醒」。重點不是追求誇張效果，而是以生活保健與身體覺察為主，不做醫療療效宣稱。節氣養生屬一般生活資訊，身體不適仍應諮詢專業人員。

本內容為一般生活保健資訊，非醫療診斷或治療建議。
CTA：收藏提醒",,#節氣保養 #生活保健 #日常保養 #身體覺察,第一行：小暑前後活動舒適提醒｜第二行：依標示使用｜第三行：安全舒緩,本內容為一般生活保健資訊，非醫療診斷或治療建議。,節氣養生屬一般生活資訊，身體不適仍應諮詢專業人員。,根治|治療疾病|消炎治本|打通經絡|一擦就好|保證有效|深層修復|替代藥物
LINE_OA_LINE230,LINE230,LINE 官方帳號,2026-09-26,20:00,爬山後腿部按摩提醒,C,中,pending_legal_pharmacist_review,false,爬山後腿部按摩提醒,"爬山後腿部按摩提醒

運動族、搬重物、久站與勞動工作者，今天可以留意「爬山後腿部按摩提醒」。重點不是追求誇張效果，而是運動或勞動後的局部肌肉痠痛，可短期按摩舒緩。明顯腫脹、劇痛、活動受限或疑似受傷時，請先就醫。

本產品為外用油膏，請依核准標示使用；若症狀持續或惡化，請諮詢醫師或藥師。
CTA：私訊/了解更多",,#運動後保養 #局部按摩 #肌肉痠痛 #依標示使用,第一行：爬山後腿部按摩提醒｜第二行：依標示使用｜第三行：安全舒緩,本產品為外用油膏，請依核准標示使用；若症狀持續或惡化，請諮詢醫師或藥師。,明顯腫脹、劇痛、活動受限或疑似受傷時，請先就醫。,根治|治療疾病|消炎治本|打通經絡|一擦就好|保證有效|深層修復|替代藥物
LINE_OA_LINE231,LINE231,LINE 官方帳號,2026-09-27,12:00,外用膏一次擦多少才剛好,G,低,pending_legal_pharmacist_review,false,外用膏一次擦多少才剛好,"外用膏一次擦多少才剛好

LINE OA 好友、回購客與新客，今天可以留意「外用膏一次擦多少才剛好」。重點不是追求誇張效果，而是用問答降低誤用，讓使用者知道何時該詢問專業人員。互動回答不取代醫師或藥師建議。

本內容為一般生活保健資訊，非醫療診斷或治療建議。
CTA：留言互動",,#互動問答 #保養知識 #使用小提醒 #金牌一條根,第一行：外用膏一次擦多少才剛好｜第二行：依標示使用｜第三行：安全舒緩,本內容為一般生活保健資訊，非醫療診斷或治療建議。,互動回答不取代醫師或藥師建議。,根治|治療疾病|消炎治本|打通經絡|一擦就好|保證有效|深層修復|替代藥物
LINE_OA_LINE232,LINE232,LINE 官方帳號,2026-09-27,20:00,散步後的膝周保養,D,中,pending_legal_pharmacist_review,false,散步後的膝周保養,"散步後的膝周保養

40-70 歲注重日常活動舒適度的族群，今天可以留意「散步後的膝周保養」。重點不是追求誇張效果，而是輕微關節痠痛可短期舒緩，但不可宣稱治療疾病。關節腫痛、紅熱、長期疼痛或行走困難，請就醫評估。

本產品為外用油膏，請依核准標示使用；若症狀持續或惡化，請諮詢醫師或藥師。
CTA：私訊/了解更多",,#銀髮保養 #活動舒適 #輕微痠痛 #依標示使用,第一行：散步後的膝周保養｜第二行：依標示使用｜第三行：安全舒緩,本產品為外用油膏，請依核准標示使用；若症狀持續或惡化，請諮詢醫師或藥師。,關節腫痛、紅熱、長期疼痛或行走困難，請就醫評估。,根治|治療疾病|消炎治本|打通經絡|一擦就好|保證有效|深層修復|替代藥物
LINE_OA_LINE233,LINE233,LINE 官方帳號,2026-09-28,12:00,肩頸按摩不要只靠用力,B,低,pending_legal_pharmacist_review,false,肩頸按摩不要只靠用力,"肩頸按摩不要只靠用力

長時間低頭、久坐、用電腦的上班族，今天可以留意「肩頸按摩不要只靠用力」。重點不是追求誇張效果，而是久坐低頭後，可搭配伸展與局部按摩舒緩緊繃不適。若痠痛持續、麻木或影響活動，請諮詢醫師或藥師。

本內容為一般生活保健資訊，非醫療診斷或治療建議。
CTA：收藏提醒",,#肩頸保養 #久坐族 #日常舒緩 #依標示使用,第一行：肩頸按摩不要只靠用力｜第二行：依標示使用｜第三行：安全舒緩,本內容為一般生活保健資訊，非醫療診斷或治療建議。,若痠痛持續、麻木或影響活動，請諮詢醫師或藥師。,根治|治療疾病|消炎治本|打通經絡|一擦就好|保證有效|深層修復|替代藥物
LINE_OA_LINE234,LINE234,LINE 官方帳號,2026-09-28,20:00,油膏劑為什麼適合局部按摩,A,中,pending_legal_pharmacist_review,false,油膏劑為什麼適合局部按摩,"油膏劑為什麼適合局部按摩

已購買或正在觀望的一條根使用者，今天可以留意「油膏劑為什麼適合局部按摩」。重點不是追求誇張效果，而是依標示外用，提供局部按摩與暫時舒緩體感。僅供外用；避免眼周、黏膜、破皮或傷口。

本產品為外用油膏，請依核准標示使用；若症狀持續或惡化，請諮詢醫師或藥師。
CTA：私訊/了解更多",,#金牌一條根 #外用油膏 #成分透明 #依標示使用,第一行：油膏劑為什麼適合局部按摩｜第二行：依標示使用｜第三行：安全舒緩,本產品為外用油膏，請依核准標示使用；若症狀持續或惡化，請諮詢醫師或藥師。,僅供外用；避免眼周、黏膜、破皮或傷口。,根治|治療疾病|消炎治本|打通經絡|一擦就好|保證有效|深層修復|替代藥物
LINE_OA_LINE235,LINE235,LINE 官方帳號,2026-09-29,12:00,大暑午後少久站硬撐,F,低,pending_legal_pharmacist_review,false,大暑午後少久站硬撐,"大暑午後少久站硬撐

喜歡養生、節氣與日常保健的 LINE 讀者，今天可以留意「大暑午後少久站硬撐」。重點不是追求誇張效果，而是以生活保健與身體覺察為主，不做醫療療效宣稱。節氣養生屬一般生活資訊，身體不適仍應諮詢專業人員。

本內容為一般生活保健資訊，非醫療診斷或治療建議。
CTA：收藏提醒",,#節氣保養 #生活保健 #日常保養 #身體覺察,第一行：大暑午後少久站硬撐｜第二行：依標示使用｜第三行：安全舒緩,本內容為一般生活保健資訊，非醫療診斷或治療建議。,節氣養生屬一般生活資訊，身體不適仍應諮詢專業人員。,根治|治療疾病|消炎治本|打通經絡|一擦就好|保證有效|深層修復|替代藥物
LINE_OA_LINE236,LINE236,LINE 官方帳號,2026-09-29,20:00,不要密封包紮或大面積厚敷,E,高,pending_legal_pharmacist_review,false,不要密封包紮或大面積厚敷,"不要密封包紮或大面積厚敷

所有使用者、照護者與家庭購買者，今天可以留意「不要密封包紮或大面積厚敷」。重點不是追求誇張效果，而是安全使用比用得多更重要，依標示與風險族群提醒。2 歲以下、孕哺、過敏體質、抗凝血藥使用者請先詢問專業人員。

僅供外用。避免接觸眼睛、黏膜、破皮或傷口；特殊族群使用前請先諮詢專業人員。
CTA：私訊/了解更多",,#外用安全 #用藥安全 #使用前看標示 #諮詢醫師藥師,第一行：不要密封包紮或大面積厚敷｜第二行：依標示使用｜第三行：安全舒緩,僅供外用。避免接觸眼睛、黏膜、破皮或傷口；特殊族群使用前請先諮詢專業人員。,2 歲以下、孕哺、過敏體質、抗凝血藥使用者請先詢問專業人員。,根治|治療疾病|消炎治本|打通經絡|一擦就好|保證有效|深層修復|替代藥物
LINE_OA_LINE237,LINE237,LINE 官方帳號,2026-09-30,12:00,什麼是乙類成藥,H,中,pending_legal_pharmacist_review,false,什麼是乙類成藥,"什麼是乙類成藥

重視藥證、成分、品質與合法性的消費者，今天可以留意「什麼是乙類成藥」。重點不是追求誇張效果，而是強調藥證、標示、保守宣稱與人工審核流程。所有廣告文案仍須依主管機關與專業人員審核。

本產品為外用油膏，請依核准標示使用；若症狀持續或惡化，請諮詢醫師或藥師。
CTA：收藏提醒",,#藥證可查 #品牌透明 #合法宣傳 #成分透明,第一行：什麼是乙類成藥｜第二行：依標示使用｜第三行：安全舒緩,本產品為外用油膏，請依核准標示使用；若症狀持續或惡化，請諮詢醫師或藥師。,所有廣告文案仍須依主管機關與專業人員審核。,根治|治療疾病|消炎治本|打通經絡|一擦就好|保證有效|深層修復|替代藥物
LINE_OA_LINE238,LINE238,LINE 官方帳號,2026-09-30,20:00,涼感越強越有效嗎,G,低,pending_legal_pharmacist_review,false,涼感越強越有效嗎,"涼感越強越有效嗎

LINE OA 好友、回購客與新客，今天可以留意「涼感越強越有效嗎」。重點不是追求誇張效果，而是用問答降低誤用，讓使用者知道何時該詢問專業人員。互動回答不取代醫師或藥師建議。

本內容為一般生活保健資訊，非醫療診斷或治療建議。
CTA：留言互動",,#互動問答 #保養知識 #使用小提醒 #金牌一條根,第一行：涼感越強越有效嗎｜第二行：依標示使用｜第三行：安全舒緩,本內容為一般生活保健資訊，非醫療診斷或治療建議。,互動回答不取代醫師或藥師建議。,根治|治療疾病|消炎治本|打通經絡|一擦就好|保證有效|深層修復|替代藥物
LINE_OA_LINE239,LINE239,LINE 官方帳號,2026-10-01,12:00,重訓後肩背局部舒緩,C,中,pending_legal_pharmacist_review,false,重訓後肩背局部舒緩,"重訓後肩背局部舒緩

運動族、搬重物、久站與勞動工作者，今天可以留意「重訓後肩背局部舒緩」。重點不是追求誇張效果，而是運動或勞動後的局部肌肉痠痛，可短期按摩舒緩。明顯腫脹、劇痛、活動受限或疑似受傷時，請先就醫。

本產品為外用油膏，請依核准標示使用；若症狀持續或惡化，請諮詢醫師或藥師。
CTA：收藏提醒",,#運動後保養 #局部按摩 #肌肉痠痛 #依標示使用,第一行：重訓後肩背局部舒緩｜第二行：依標示使用｜第三行：安全舒緩,本產品為外用油膏，請依核准標示使用；若症狀持續或惡化，請諮詢醫師或藥師。,明顯腫脹、劇痛、活動受限或疑似受傷時，請先就醫。,根治|治療疾病|消炎治本|打通經絡|一擦就好|保證有效|深層修復|替代藥物
LINE_OA_LINE240,LINE240,LINE 官方帳號,2026-10-01,20:00,乙類成藥與一般保健品差異,A,中,pending_legal_pharmacist_review,false,乙類成藥與一般保健品差異,"乙類成藥與一般保健品差異

已購買或正在觀望的一條根使用者，今天可以留意「乙類成藥與一般保健品差異」。重點不是追求誇張效果，而是依標示外用，提供局部按摩與暫時舒緩體感。僅供外用；避免眼周、黏膜、破皮或傷口。

本產品為外用油膏，請依核准標示使用；若症狀持續或惡化，請諮詢醫師或藥師。
CTA：私訊/了解更多",,#金牌一條根 #外用油膏 #成分透明 #依標示使用,第一行：乙類成藥與一般保健品差異｜第二行：依標示使用｜第三行：安全舒緩,本產品為外用油膏，請依核准標示使用；若症狀持續或惡化，請諮詢醫師或藥師。,僅供外用；避免眼周、黏膜、破皮或傷口。,根治|治療疾病|消炎治本|打通經絡|一擦就好|保證有效|深層修復|替代藥物
LINE_OA_LINE241,LINE241,LINE 官方帳號,2026-10-02,12:00,天氣變化時的活動舒適感,D,中,pending_legal_pharmacist_review,false,天氣變化時的活動舒適感,"天氣變化時的活動舒適感

40-70 歲注重日常活動舒適度的族群，今天可以留意「天氣變化時的活動舒適感」。重點不是追求誇張效果，而是輕微關節痠痛可短期舒緩，但不可宣稱治療疾病。關節腫痛、紅熱、長期疼痛或行走困難，請就醫評估。

本產品為外用油膏，請依核准標示使用；若症狀持續或惡化，請諮詢醫師或藥師。
CTA：收藏提醒",,#銀髮保養 #活動舒適 #輕微痠痛 #依標示使用,第一行：天氣變化時的活動舒適感｜第二行：依標示使用｜第三行：安全舒緩,本產品為外用油膏，請依核准標示使用；若症狀持續或惡化，請諮詢醫師或藥師。,關節腫痛、紅熱、長期疼痛或行走困難，請就醫評估。,根治|治療疾病|消炎治本|打通經絡|一擦就好|保證有效|深層修復|替代藥物
LINE_OA_LINE242,LINE242,LINE 官方帳號,2026-10-02,20:00,水楊酸或阿斯匹靈過敏者注意,E,高,pending_legal_pharmacist_review,false,水楊酸或阿斯匹靈過敏者注意,"水楊酸或阿斯匹靈過敏者注意

所有使用者、照護者與家庭購買者，今天可以留意「水楊酸或阿斯匹靈過敏者注意」。重點不是追求誇張效果，而是安全使用比用得多更重要，依標示與風險族群提醒。2 歲以下、孕哺、過敏體質、抗凝血藥使用者請先詢問專業人員。

僅供外用。避免接觸眼睛、黏膜、破皮或傷口；特殊族群使用前請先諮詢專業人員。
CTA：私訊/了解更多",,#外用安全 #用藥安全 #使用前看標示 #諮詢醫師藥師,第一行：水楊酸或阿斯匹靈過敏者注意｜第二行：依標示使用｜第三行：安全舒緩,僅供外用。避免接觸眼睛、黏膜、破皮或傷口；特殊族群使用前請先諮詢專業人員。,2 歲以下、孕哺、過敏體質、抗凝血藥使用者請先詢問專業人員。,根治|治療疾病|消炎治本|打通經絡|一擦就好|保證有效|深層修復|替代藥物
LINE_OA_LINE243,LINE243,LINE 官方帳號,2026-10-03,12:00,立秋後早晚溫差保養,F,低,pending_legal_pharmacist_review,false,立秋後早晚溫差保養,"立秋後早晚溫差保養

喜歡養生、節氣與日常保健的 LINE 讀者，今天可以留意「立秋後早晚溫差保養」。重點不是追求誇張效果，而是以生活保健與身體覺察為主，不做醫療療效宣稱。節氣養生屬一般生活資訊，身體不適仍應諮詢專業人員。

本內容為一般生活保健資訊，非醫療診斷或治療建議。
CTA：收藏提醒",,#節氣保養 #生活保健 #日常保養 #身體覺察,第一行：立秋後早晚溫差保養｜第二行：依標示使用｜第三行：安全舒緩,本內容為一般生活保健資訊，非醫療診斷或治療建議。,節氣養生屬一般生活資訊，身體不適仍應諮詢專業人員。,根治|治療疾病|消炎治本|打通經絡|一擦就好|保證有效|深層修復|替代藥物
LINE_OA_LINE244,LINE244,LINE 官方帳號,2026-10-03,20:00,家事後手臂不適保養,C,中,pending_legal_pharmacist_review,false,家事後手臂不適保養,"家事後手臂不適保養

運動族、搬重物、久站與勞動工作者，今天可以留意「家事後手臂不適保養」。重點不是追求誇張效果，而是運動或勞動後的局部肌肉痠痛，可短期按摩舒緩。明顯腫脹、劇痛、活動受限或疑似受傷時，請先就醫。

本產品為外用油膏，請依核准標示使用；若症狀持續或惡化，請諮詢醫師或藥師。
CTA：私訊/了解更多",,#運動後保養 #局部按摩 #肌肉痠痛 #依標示使用,第一行：家事後手臂不適保養｜第二行：依標示使用｜第三行：安全舒緩,本產品為外用油膏，請依核准標示使用；若症狀持續或惡化，請諮詢醫師或藥師。,明顯腫脹、劇痛、活動受限或疑似受傷時，請先就醫。,根治|治療疾病|消炎治本|打通經絡|一擦就好|保證有效|深層修復|替代藥物
LINE_OA_LINE245,LINE245,LINE 官方帳號,2026-10-04,12:00,你有看過外用產品標示嗎,G,低,pending_legal_pharmacist_review,false,你有看過外用產品標示嗎,"你有看過外用產品標示嗎

LINE OA 好友、回購客與新客，今天可以留意「你有看過外用產品標示嗎」。重點不是追求誇張效果，而是用問答降低誤用，讓使用者知道何時該詢問專業人員。互動回答不取代醫師或藥師建議。

本內容為一般生活保健資訊，非醫療診斷或治療建議。
CTA：留言互動",,#互動問答 #保養知識 #使用小提醒 #金牌一條根,第一行：你有看過外用產品標示嗎｜第二行：依標示使用｜第三行：安全舒緩,本內容為一般生活保健資訊，非醫療診斷或治療建議。,互動回答不取代醫師或藥師建議。,根治|治療疾病|消炎治本|打通經絡|一擦就好|保證有效|深層修復|替代藥物
LINE_OA_LINE246,LINE246,LINE 官方帳號,2026-10-04,20:00,長輩按摩力道不要過重,D,中,pending_legal_pharmacist_review,false,長輩按摩力道不要過重,"長輩按摩力道不要過重

40-70 歲注重日常活動舒適度的族群，今天可以留意「長輩按摩力道不要過重」。重點不是追求誇張效果，而是輕微關節痠痛可短期舒緩，但不可宣稱治療疾病。關節腫痛、紅熱、長期疼痛或行走困難，請就醫評估。

本產品為外用油膏，請依核准標示使用；若症狀持續或惡化，請諮詢醫師或藥師。
CTA：私訊/了解更多",,#銀髮保養 #活動舒適 #輕微痠痛 #依標示使用,第一行：長輩按摩力道不要過重｜第二行：依標示使用｜第三行：安全舒緩,本產品為外用油膏，請依核准標示使用；若症狀持續或惡化，請諮詢醫師或藥師。,關節腫痛、紅熱、長期疼痛或行走困難，請就醫評估。,根治|治療疾病|消炎治本|打通經絡|一擦就好|保證有效|深層修復|替代藥物
LINE_OA_LINE247,LINE247,LINE 官方帳號,2026-10-05,12:00,久坐族晚間舒緩儀式,B,低,pending_legal_pharmacist_review,false,久坐族晚間舒緩儀式,"久坐族晚間舒緩儀式

長時間低頭、久坐、用電腦的上班族，今天可以留意「久坐族晚間舒緩儀式」。重點不是追求誇張效果，而是久坐低頭後，可搭配伸展與局部按摩舒緩緊繃不適。若痠痛持續、麻木或影響活動，請諮詢醫師或藥師。

本內容為一般生活保健資訊，非醫療診斷或治療建議。
CTA：收藏提醒",,#肩頸保養 #久坐族 #日常舒緩 #依標示使用,第一行：久坐族晚間舒緩儀式｜第二行：依標示使用｜第三行：安全舒緩,本內容為一般生活保健資訊，非醫療診斷或治療建議。,若痠痛持續、麻木或影響活動，請諮詢醫師或藥師。,根治|治療疾病|消炎治本|打通經絡|一擦就好|保證有效|深層修復|替代藥物
LINE_OA_LINE248,LINE248,LINE 官方帳號,2026-10-05,20:00,一條根外用膏的日常定位,A,中,pending_legal_pharmacist_review,false,一條根外用膏的日常定位,"一條根外用膏的日常定位

已購買或正在觀望的一條根使用者，今天可以留意「一條根外用膏的日常定位」。重點不是追求誇張效果，而是依標示外用，提供局部按摩與暫時舒緩體感。僅供外用；避免眼周、黏膜、破皮或傷口。

本產品為外用油膏，請依核准標示使用；若症狀持續或惡化，請諮詢醫師或藥師。
CTA：私訊/了解更多",,#金牌一條根 #外用油膏 #成分透明 #依標示使用,第一行：一條根外用膏的日常定位｜第二行：依標示使用｜第三行：安全舒緩,本產品為外用油膏，請依核准標示使用；若症狀持續或惡化，請諮詢醫師或藥師。,僅供外用；避免眼周、黏膜、破皮或傷口。,根治|治療疾病|消炎治本|打通經絡|一擦就好|保證有效|深層修復|替代藥物
LINE_OA_LINE249,LINE249,LINE 官方帳號,2026-10-06,12:00,處暑後運動暖身提醒,F,低,pending_legal_pharmacist_review,false,處暑後運動暖身提醒,"處暑後運動暖身提醒

喜歡養生、節氣與日常保健的 LINE 讀者，今天可以留意「處暑後運動暖身提醒」。重點不是追求誇張效果，而是以生活保健與身體覺察為主，不做醫療療效宣稱。節氣養生屬一般生活資訊，身體不適仍應諮詢專業人員。

本內容為一般生活保健資訊，非醫療診斷或治療建議。
CTA：收藏提醒",,#節氣保養 #生活保健 #日常保養 #身體覺察,第一行：處暑後運動暖身提醒｜第二行：依標示使用｜第三行：安全舒緩,本內容為一般生活保健資訊，非醫療診斷或治療建議。,節氣養生屬一般生活資訊，身體不適仍應諮詢專業人員。,根治|治療疾病|消炎治本|打通經絡|一擦就好|保證有效|深層修復|替代藥物
LINE_OA_LINE250,LINE250,LINE 官方帳號,2026-10-06,20:00,兒童使用前的安全提醒,E,高,pending_legal_pharmacist_review,false,兒童使用前的安全提醒,"兒童使用前的安全提醒

所有使用者、照護者與家庭購買者，今天可以留意「兒童使用前的安全提醒」。重點不是追求誇張效果，而是安全使用比用得多更重要，依標示與風險族群提醒。2 歲以下、孕哺、過敏體質、抗凝血藥使用者請先詢問專業人員。

僅供外用。避免接觸眼睛、黏膜、破皮或傷口；特殊族群使用前請先諮詢專業人員。
CTA：私訊/了解更多",,#外用安全 #用藥安全 #使用前看標示 #諮詢醫師藥師,第一行：兒童使用前的安全提醒｜第二行：依標示使用｜第三行：安全舒緩,僅供外用。避免接觸眼睛、黏膜、破皮或傷口；特殊族群使用前請先諮詢專業人員。,2 歲以下、孕哺、過敏體質、抗凝血藥使用者請先詢問專業人員。,根治|治療疾病|消炎治本|打通經絡|一擦就好|保證有效|深層修復|替代藥物
LINE_OA_LINE251,LINE251,LINE 官方帳號,2026-10-07,12:00,官方適應症與社群文案的差異,H,中,pending_legal_pharmacist_review,false,官方適應症與社群文案的差異,"官方適應症與社群文案的差異

重視藥證、成分、品質與合法性的消費者，今天可以留意「官方適應症與社群文案的差異」。重點不是追求誇張效果，而是強調藥證、標示、保守宣稱與人工審核流程。所有廣告文案仍須依主管機關與專業人員審核。

本產品為外用油膏，請依核准標示使用；若症狀持續或惡化，請諮詢醫師或藥師。
CTA：收藏提醒",,#藥證可查 #品牌透明 #合法宣傳 #成分透明,第一行：官方適應症與社群文案的差異｜第二行：依標示使用｜第三行：安全舒緩,本產品為外用油膏，請依核准標示使用；若症狀持續或惡化，請諮詢醫師或藥師。,所有廣告文案仍須依主管機關與專業人員審核。,根治|治療疾病|消炎治本|打通經絡|一擦就好|保證有效|深層修復|替代藥物
LINE_OA_LINE252,LINE252,LINE 官方帳號,2026-10-07,20:00,久坐族最想舒緩哪裡,G,低,pending_legal_pharmacist_review,false,久坐族最想舒緩哪裡,"久坐族最想舒緩哪裡

LINE OA 好友、回購客與新客，今天可以留意「久坐族最想舒緩哪裡」。重點不是追求誇張效果，而是用問答降低誤用，讓使用者知道何時該詢問專業人員。互動回答不取代醫師或藥師建議。

本內容為一般生活保健資訊，非醫療診斷或治療建議。
CTA：留言互動",,#互動問答 #保養知識 #使用小提醒 #金牌一條根,第一行：久坐族最想舒緩哪裡｜第二行：依標示使用｜第三行：安全舒緩,本內容為一般生活保健資訊，非醫療診斷或治療建議。,互動回答不取代醫師或藥師建議。,根治|治療疾病|消炎治本|打通經絡|一擦就好|保證有效|深層修復|替代藥物
LINE_OA_LINE253,LINE253,LINE 官方帳號,2026-10-08,12:00,跑步後膝周不適的保守提醒,C,中,pending_legal_pharmacist_review,false,跑步後膝周不適的保守提醒,"跑步後膝周不適的保守提醒

運動族、搬重物、久站與勞動工作者，今天可以留意「跑步後膝周不適的保守提醒」。重點不是追求誇張效果，而是運動或勞動後的局部肌肉痠痛，可短期按摩舒緩。明顯腫脹、劇痛、活動受限或疑似受傷時，請先就醫。

本產品為外用油膏，請依核准標示使用；若症狀持續或惡化，請諮詢醫師或藥師。
CTA：收藏提醒",,#運動後保養 #局部按摩 #肌肉痠痛 #依標示使用,第一行：跑步後膝周不適的保守提醒｜第二行：依標示使用｜第三行：安全舒緩,本產品為外用油膏，請依核准標示使用；若症狀持續或惡化，請諮詢醫師或藥師。,明顯腫脹、劇痛、活動受限或疑似受傷時，請先就醫。,根治|治療疾病|消炎治本|打通經絡|一擦就好|保證有效|深層修復|替代藥物
LINE_OA_LINE254,LINE254,LINE 官方帳號,2026-10-08,20:00,成分濃度為什麼要看標示,A,中,pending_legal_pharmacist_review,false,成分濃度為什麼要看標示,"成分濃度為什麼要看標示

已購買或正在觀望的一條根使用者，今天可以留意「成分濃度為什麼要看標示」。重點不是追求誇張效果，而是依標示外用，提供局部按摩與暫時舒緩體感。僅供外用；避免眼周、黏膜、破皮或傷口。

本產品為外用油膏，請依核准標示使用；若症狀持續或惡化，請諮詢醫師或藥師。
CTA：私訊/了解更多",,#金牌一條根 #外用油膏 #成分透明 #依標示使用,第一行：成分濃度為什麼要看標示｜第二行：依標示使用｜第三行：安全舒緩,本產品為外用油膏，請依核准標示使用；若症狀持續或惡化，請諮詢醫師或藥師。,僅供外用；避免眼周、黏膜、破皮或傷口。,根治|治療疾病|消炎治本|打通經絡|一擦就好|保證有效|深層修復|替代藥物
LINE_OA_LINE255,LINE255,LINE 官方帳號,2026-10-09,12:00,照顧爸媽時的外用提醒,D,中,pending_legal_pharmacist_review,false,照顧爸媽時的外用提醒,"照顧爸媽時的外用提醒

40-70 歲注重日常活動舒適度的族群，今天可以留意「照顧爸媽時的外用提醒」。重點不是追求誇張效果，而是輕微關節痠痛可短期舒緩，但不可宣稱治療疾病。關節腫痛、紅熱、長期疼痛或行走困難，請就醫評估。

本產品為外用油膏，請依核准標示使用；若症狀持續或惡化，請諮詢醫師或藥師。
CTA：收藏提醒",,#銀髮保養 #活動舒適 #輕微痠痛 #依標示使用,第一行：照顧爸媽時的外用提醒｜第二行：依標示使用｜第三行：安全舒緩,本產品為外用油膏，請依核准標示使用；若症狀持續或惡化，請諮詢醫師或藥師。,關節腫痛、紅熱、長期疼痛或行走困難，請就醫評估。,根治|治療疾病|消炎治本|打通經絡|一擦就好|保證有效|深層修復|替代藥物
LINE_OA_LINE256,LINE256,LINE 官方帳號,2026-10-09,20:00,孕婦與哺乳族群先詢問專業人員,E,高,pending_legal_pharmacist_review,false,孕婦與哺乳族群先詢問專業人員,"孕婦與哺乳族群先詢問專業人員

所有使用者、照護者與家庭購買者，今天可以留意「孕婦與哺乳族群先詢問專業人員」。重點不是追求誇張效果，而是安全使用比用得多更重要，依標示與風險族群提醒。2 歲以下、孕哺、過敏體質、抗凝血藥使用者請先詢問專業人員。

僅供外用。避免接觸眼睛、黏膜、破皮或傷口；特殊族群使用前請先諮詢專業人員。
CTA：私訊/了解更多",,#外用安全 #用藥安全 #使用前看標示 #諮詢醫師藥師,第一行：孕婦與哺乳族群先詢問專業人員｜第二行：依標示使用｜第三行：安全舒緩,僅供外用。避免接觸眼睛、黏膜、破皮或傷口；特殊族群使用前請先諮詢專業人員。,2 歲以下、孕哺、過敏體質、抗凝血藥使用者請先詢問專業人員。,根治|治療疾病|消炎治本|打通經絡|一擦就好|保證有效|深層修復|替代藥物
LINE_OA_LINE257,LINE257,LINE 官方帳號,2026-10-10,12:00,白露時節關心長輩活動,F,低,pending_legal_pharmacist_review,false,白露時節關心長輩活動,"白露時節關心長輩活動

喜歡養生、節氣與日常保健的 LINE 讀者，今天可以留意「白露時節關心長輩活動」。重點不是追求誇張效果，而是以生活保健與身體覺察為主，不做醫療療效宣稱。節氣養生屬一般生活資訊，身體不適仍應諮詢專業人員。

本內容為一般生活保健資訊，非醫療診斷或治療建議。
CTA：收藏提醒",,#節氣保養 #生活保健 #日常保養 #身體覺察,第一行：白露時節關心長輩活動｜第二行：依標示使用｜第三行：安全舒緩,本內容為一般生活保健資訊，非醫療診斷或治療建議。,節氣養生屬一般生活資訊，身體不適仍應諮詢專業人員。,根治|治療疾病|消炎治本|打通經絡|一擦就好|保證有效|深層修復|替代藥物
LINE_OA_LINE258,LINE258,LINE 官方帳號,2026-10-10,20:00,勞動後先休息再按摩,C,中,pending_legal_pharmacist_review,false,勞動後先休息再按摩,"勞動後先休息再按摩

運動族、搬重物、久站與勞動工作者，今天可以留意「勞動後先休息再按摩」。重點不是追求誇張效果，而是運動或勞動後的局部肌肉痠痛，可短期按摩舒緩。明顯腫脹、劇痛、活動受限或疑似受傷時，請先就醫。

本產品為外用油膏，請依核准標示使用；若症狀持續或惡化，請諮詢醫師或藥師。
CTA：私訊/了解更多",,#運動後保養 #局部按摩 #肌肉痠痛 #依標示使用,第一行：勞動後先休息再按摩｜第二行：依標示使用｜第三行：安全舒緩,本產品為外用油膏，請依核准標示使用；若症狀持續或惡化，請諮詢醫師或藥師。,明顯腫脹、劇痛、活動受限或疑似受傷時，請先就醫。,根治|治療疾病|消炎治本|打通經絡|一擦就好|保證有效|深層修復|替代藥物
LINE_OA_LINE259,LINE259,LINE 官方帳號,2026-10-11,12:00,長輩使用外用膏你會提醒什麼,G,低,pending_legal_pharmacist_review,false,長輩使用外用膏你會提醒什麼,"長輩使用外用膏你會提醒什麼

LINE OA 好友、回購客與新客，今天可以留意「長輩使用外用膏你會提醒什麼」。重點不是追求誇張效果，而是用問答降低誤用，讓使用者知道何時該詢問專業人員。互動回答不取代醫師或藥師建議。

本內容為一般生活保健資訊，非醫療診斷或治療建議。
CTA：留言互動",,#互動問答 #保養知識 #使用小提醒 #金牌一條根,第一行：長輩使用外用膏你會提醒什麼｜第二行：依標示使用｜第三行：安全舒緩,本內容為一般生活保健資訊，非醫療診斷或治療建議。,互動回答不取代醫師或藥師建議。,根治|治療疾病|消炎治本|打通經絡|一擦就好|保證有效|深層修復|替代藥物
LINE_OA_LINE260,LINE260,LINE 官方帳號,2026-10-11,20:00,日常活動舒適度的三個習慣,D,中,pending_legal_pharmacist_review,false,日常活動舒適度的三個習慣,"日常活動舒適度的三個習慣

40-70 歲注重日常活動舒適度的族群，今天可以留意「日常活動舒適度的三個習慣」。重點不是追求誇張效果，而是輕微關節痠痛可短期舒緩，但不可宣稱治療疾病。關節腫痛、紅熱、長期疼痛或行走困難，請就醫評估。

本產品為外用油膏，請依核准標示使用；若症狀持續或惡化，請諮詢醫師或藥師。
CTA：私訊/了解更多",,#銀髮保養 #活動舒適 #輕微痠痛 #依標示使用,第一行：日常活動舒適度的三個習慣｜第二行：依標示使用｜第三行：安全舒緩,本產品為外用油膏，請依核准標示使用；若症狀持續或惡化，請諮詢醫師或藥師。,關節腫痛、紅熱、長期疼痛或行走困難，請就醫評估。,根治|治療疾病|消炎治本|打通經絡|一擦就好|保證有效|深層修復|替代藥物
LINE_OA_LINE261,LINE261,LINE 官方帳號,2026-10-12,12:00,背包太重後的肩膀保養,B,低,pending_legal_pharmacist_review,false,背包太重後的肩膀保養,"背包太重後的肩膀保養

長時間低頭、久坐、用電腦的上班族，今天可以留意「背包太重後的肩膀保養」。重點不是追求誇張效果，而是久坐低頭後，可搭配伸展與局部按摩舒緩緊繃不適。若痠痛持續、麻木或影響活動，請諮詢醫師或藥師。

本內容為一般生活保健資訊，非醫療診斷或治療建議。
CTA：收藏提醒",,#肩頸保養 #久坐族 #日常舒緩 #依標示使用,第一行：背包太重後的肩膀保養｜第二行：依標示使用｜第三行：安全舒緩,本內容為一般生活保健資訊，非醫療診斷或治療建議。,若痠痛持續、麻木或影響活動，請諮詢醫師或藥師。,根治|治療疾病|消炎治本|打通經絡|一擦就好|保證有效|深層修復|替代藥物
LINE_OA_LINE262,LINE262,LINE 官方帳號,2026-10-12,20:00,局部按摩和大面積厚敷的差別,A,中,pending_legal_pharmacist_review,false,局部按摩和大面積厚敷的差別,"局部按摩和大面積厚敷的差別

已購買或正在觀望的一條根使用者，今天可以留意「局部按摩和大面積厚敷的差別」。重點不是追求誇張效果，而是依標示外用，提供局部按摩與暫時舒緩體感。僅供外用；避免眼周、黏膜、破皮或傷口。

本產品為外用油膏，請依核准標示使用；若症狀持續或惡化，請諮詢醫師或藥師。
CTA：私訊/了解更多",,#金牌一條根 #外用油膏 #成分透明 #依標示使用,第一行：局部按摩和大面積厚敷的差別｜第二行：依標示使用｜第三行：安全舒緩,本產品為外用油膏，請依核准標示使用；若症狀持續或惡化，請諮詢醫師或藥師。,僅供外用；避免眼周、黏膜、破皮或傷口。,根治|治療疾病|消炎治本|打通經絡|一擦就好|保證有效|深層修復|替代藥物
LINE_OA_LINE263,LINE263,LINE 官方帳號,2026-10-13,12:00,秋分後外出前暖身,F,低,pending_legal_pharmacist_review,false,秋分後外出前暖身,"秋分後外出前暖身

喜歡養生、節氣與日常保健的 LINE 讀者，今天可以留意「秋分後外出前暖身」。重點不是追求誇張效果，而是以生活保健與身體覺察為主，不做醫療療效宣稱。節氣養生屬一般生活資訊，身體不適仍應諮詢專業人員。

本內容為一般生活保健資訊，非醫療診斷或治療建議。
CTA：收藏提醒",,#節氣保養 #生活保健 #日常保養 #身體覺察,第一行：秋分後外出前暖身｜第二行：依標示使用｜第三行：安全舒緩,本內容為一般生活保健資訊，非醫療診斷或治療建議。,節氣養生屬一般生活資訊，身體不適仍應諮詢專業人員。,根治|治療疾病|消炎治本|打通經絡|一擦就好|保證有效|深層修復|替代藥物
LINE_OA_LINE264,LINE264,LINE 官方帳號,2026-10-13,20:00,症狀超過七天要停用並諮詢,E,高,pending_legal_pharmacist_review,false,症狀超過七天要停用並諮詢,"症狀超過七天要停用並諮詢

所有使用者、照護者與家庭購買者，今天可以留意「症狀超過七天要停用並諮詢」。重點不是追求誇張效果，而是安全使用比用得多更重要，依標示與風險族群提醒。2 歲以下、孕哺、過敏體質、抗凝血藥使用者請先詢問專業人員。

僅供外用。避免接觸眼睛、黏膜、破皮或傷口；特殊族群使用前請先諮詢專業人員。
CTA：私訊/了解更多",,#外用安全 #用藥安全 #使用前看標示 #諮詢醫師藥師,第一行：症狀超過七天要停用並諮詢｜第二行：依標示使用｜第三行：安全舒緩,僅供外用。避免接觸眼睛、黏膜、破皮或傷口；特殊族群使用前請先諮詢專業人員。,2 歲以下、孕哺、過敏體質、抗凝血藥使用者請先詢問專業人員。,根治|治療疾病|消炎治本|打通經絡|一擦就好|保證有效|深層修復|替代藥物
LINE_OA_LINE265,LINE265,LINE 官方帳號,2026-10-14,12:00,為什麼不鼓勵擦傷口,H,中,pending_legal_pharmacist_review,false,為什麼不鼓勵擦傷口,"為什麼不鼓勵擦傷口

重視藥證、成分、品質與合法性的消費者，今天可以留意「為什麼不鼓勵擦傷口」。重點不是追求誇張效果，而是強調藥證、標示、保守宣稱與人工審核流程。所有廣告文案仍須依主管機關與專業人員審核。

本產品為外用油膏，請依核准標示使用；若症狀持續或惡化，請諮詢醫師或藥師。
CTA：收藏提醒",,#藥證可查 #品牌透明 #合法宣傳 #成分透明,第一行：為什麼不鼓勵擦傷口｜第二行：依標示使用｜第三行：安全舒緩,本產品為外用油膏，請依核准標示使用；若症狀持續或惡化，請諮詢醫師或藥師。,所有廣告文案仍須依主管機關與專業人員審核。,根治|治療疾病|消炎治本|打通經絡|一擦就好|保證有效|深層修復|替代藥物
LINE_OA_LINE266,LINE266,LINE 官方帳號,2026-10-14,20:00,一條根可以天天厚敷嗎,G,低,pending_legal_pharmacist_review,false,一條根可以天天厚敷嗎,"一條根可以天天厚敷嗎

LINE OA 好友、回購客與新客，今天可以留意「一條根可以天天厚敷嗎」。重點不是追求誇張效果，而是用問答降低誤用，讓使用者知道何時該詢問專業人員。互動回答不取代醫師或藥師建議。

本內容為一般生活保健資訊，非醫療診斷或治療建議。
CTA：留言互動",,#互動問答 #保養知識 #使用小提醒 #金牌一條根,第一行：一條根可以天天厚敷嗎｜第二行：依標示使用｜第三行：安全舒緩,本內容為一般生活保健資訊，非醫療診斷或治療建議。,互動回答不取代醫師或藥師建議。,根治|治療疾病|消炎治本|打通經絡|一擦就好|保證有效|深層修復|替代藥物
LINE_OA_LINE267,LINE267,LINE 官方帳號,2026-10-15,12:00,運動後不要立刻熱敷加藥膏,C,中,pending_legal_pharmacist_review,false,運動後不要立刻熱敷加藥膏,"運動後不要立刻熱敷加藥膏

運動族、搬重物、久站與勞動工作者，今天可以留意「運動後不要立刻熱敷加藥膏」。重點不是追求誇張效果，而是運動或勞動後的局部肌肉痠痛，可短期按摩舒緩。明顯腫脹、劇痛、活動受限或疑似受傷時，請先就醫。

本產品為外用油膏，請依核准標示使用；若症狀持續或惡化，請諮詢醫師或藥師。
CTA：收藏提醒",,#運動後保養 #局部按摩 #肌肉痠痛 #依標示使用,第一行：運動後不要立刻熱敷加藥膏｜第二行：依標示使用｜第三行：安全舒緩,本產品為外用油膏，請依核准標示使用；若症狀持續或惡化，請諮詢醫師或藥師。,明顯腫脹、劇痛、活動受限或疑似受傷時，請先就醫。,根治|治療疾病|消炎治本|打通經絡|一擦就好|保證有效|深層修復|替代藥物
LINE_OA_LINE268,LINE268,LINE 官方帳號,2026-10-15,20:00,使用前先小範圍測試,A,中,pending_legal_pharmacist_review,false,使用前先小範圍測試,"使用前先小範圍測試

已購買或正在觀望的一條根使用者，今天可以留意「使用前先小範圍測試」。重點不是追求誇張效果，而是依標示外用，提供局部按摩與暫時舒緩體感。僅供外用；避免眼周、黏膜、破皮或傷口。

本產品為外用油膏，請依核准標示使用；若症狀持續或惡化，請諮詢醫師或藥師。
CTA：私訊/了解更多",,#金牌一條根 #外用油膏 #成分透明 #依標示使用,第一行：使用前先小範圍測試｜第二行：依標示使用｜第三行：安全舒緩,本產品為外用油膏，請依核准標示使用；若症狀持續或惡化，請諮詢醫師或藥師。,僅供外用；避免眼周、黏膜、破皮或傷口。,根治|治療疾病|消炎治本|打通經絡|一擦就好|保證有效|深層修復|替代藥物
LINE_OA_LINE269,LINE269,LINE 官方帳號,2026-10-16,12:00,長輩使用前先看標示,D,中,pending_legal_pharmacist_review,false,長輩使用前先看標示,"長輩使用前先看標示

40-70 歲注重日常活動舒適度的族群，今天可以留意「長輩使用前先看標示」。重點不是追求誇張效果，而是輕微關節痠痛可短期舒緩，但不可宣稱治療疾病。關節腫痛、紅熱、長期疼痛或行走困難，請就醫評估。

本產品為外用油膏，請依核准標示使用；若症狀持續或惡化，請諮詢醫師或藥師。
CTA：收藏提醒",,#銀髮保養 #活動舒適 #輕微痠痛 #依標示使用,第一行：長輩使用前先看標示｜第二行：依標示使用｜第三行：安全舒緩,本產品為外用油膏，請依核准標示使用；若症狀持續或惡化，請諮詢醫師或藥師。,關節腫痛、紅熱、長期疼痛或行走困難，請就醫評估。,根治|治療疾病|消炎治本|打通經絡|一擦就好|保證有效|深層修復|替代藥物
LINE_OA_LINE270,LINE270,LINE 官方帳號,2026-10-16,20:00,皮膚刺激時要停止使用,E,高,pending_legal_pharmacist_review,false,皮膚刺激時要停止使用,"皮膚刺激時要停止使用

所有使用者、照護者與家庭購買者，今天可以留意「皮膚刺激時要停止使用」。重點不是追求誇張效果，而是安全使用比用得多更重要，依標示與風險族群提醒。2 歲以下、孕哺、過敏體質、抗凝血藥使用者請先詢問專業人員。

僅供外用。避免接觸眼睛、黏膜、破皮或傷口；特殊族群使用前請先諮詢專業人員。
CTA：私訊/了解更多",,#外用安全 #用藥安全 #使用前看標示 #諮詢醫師藥師,第一行：皮膚刺激時要停止使用｜第二行：依標示使用｜第三行：安全舒緩,僅供外用。避免接觸眼睛、黏膜、破皮或傷口；特殊族群使用前請先諮詢專業人員。,2 歲以下、孕哺、過敏體質、抗凝血藥使用者請先詢問專業人員。,根治|治療疾病|消炎治本|打通經絡|一擦就好|保證有效|深層修復|替代藥物
LINE_OA_LINE271,LINE271,LINE 官方帳號,2026-10-17,12:00,寒露後肩背保養,F,低,pending_legal_pharmacist_review,false,寒露後肩背保養,"寒露後肩背保養

喜歡養生、節氣與日常保健的 LINE 讀者，今天可以留意「寒露後肩背保養」。重點不是追求誇張效果，而是以生活保健與身體覺察為主，不做醫療療效宣稱。節氣養生屬一般生活資訊，身體不適仍應諮詢專業人員。

本內容為一般生活保健資訊，非醫療診斷或治療建議。
CTA：收藏提醒",,#節氣保養 #生活保健 #日常保養 #身體覺察,第一行：寒露後肩背保養｜第二行：依標示使用｜第三行：安全舒緩,本內容為一般生活保健資訊，非醫療診斷或治療建議。,節氣養生屬一般生活資訊，身體不適仍應諮詢專業人員。,根治|治療疾病|消炎治本|打通經絡|一擦就好|保證有效|深層修復|替代藥物
LINE_OA_LINE272,LINE272,LINE 官方帳號,2026-10-17,20:00,輕微拉扯後的觀察重點,C,中,pending_legal_pharmacist_review,false,輕微拉扯後的觀察重點,"輕微拉扯後的觀察重點

運動族、搬重物、久站與勞動工作者，今天可以留意「輕微拉扯後的觀察重點」。重點不是追求誇張效果，而是運動或勞動後的局部肌肉痠痛，可短期按摩舒緩。明顯腫脹、劇痛、活動受限或疑似受傷時，請先就醫。

本產品為外用油膏，請依核准標示使用；若症狀持續或惡化，請諮詢醫師或藥師。
CTA：私訊/了解更多",,#運動後保養 #局部按摩 #肌肉痠痛 #依標示使用,第一行：輕微拉扯後的觀察重點｜第二行：依標示使用｜第三行：安全舒緩,本產品為外用油膏，請依核准標示使用；若症狀持續或惡化，請諮詢醫師或藥師。,明顯腫脹、劇痛、活動受限或疑似受傷時，請先就醫。,根治|治療疾病|消炎治本|打通經絡|一擦就好|保證有效|深層修復|替代藥物
LINE_OA_LINE273,LINE273,LINE 官方帳號,2026-10-18,12:00,擦完可以馬上熱敷嗎,G,低,pending_legal_pharmacist_review,false,擦完可以馬上熱敷嗎,"擦完可以馬上熱敷嗎

LINE OA 好友、回購客與新客，今天可以留意「擦完可以馬上熱敷嗎」。重點不是追求誇張效果，而是用問答降低誤用，讓使用者知道何時該詢問專業人員。互動回答不取代醫師或藥師建議。

本內容為一般生活保健資訊，非醫療診斷或治療建議。
CTA：留言互動",,#互動問答 #保養知識 #使用小提醒 #金牌一條根,第一行：擦完可以馬上熱敷嗎｜第二行：依標示使用｜第三行：安全舒緩,本內容為一般生活保健資訊，非醫療診斷或治療建議。,互動回答不取代醫師或藥師建議。,根治|治療疾病|消炎治本|打通經絡|一擦就好|保證有效|深層修復|替代藥物
LINE_OA_LINE274,LINE274,LINE 官方帳號,2026-10-18,20:00,別把長期疼痛只當小問題,D,中,pending_legal_pharmacist_review,false,別把長期疼痛只當小問題,"別把長期疼痛只當小問題

40-70 歲注重日常活動舒適度的族群，今天可以留意「別把長期疼痛只當小問題」。重點不是追求誇張效果，而是輕微關節痠痛可短期舒緩，但不可宣稱治療疾病。關節腫痛、紅熱、長期疼痛或行走困難，請就醫評估。

本產品為外用油膏，請依核准標示使用；若症狀持續或惡化，請諮詢醫師或藥師。
CTA：私訊/了解更多",,#銀髮保養 #活動舒適 #輕微痠痛 #依標示使用,第一行：別把長期疼痛只當小問題｜第二行：依標示使用｜第三行：安全舒緩,本產品為外用油膏，請依核准標示使用；若症狀持續或惡化，請諮詢醫師或藥師。,關節腫痛、紅熱、長期疼痛或行走困難，請就醫評估。,根治|治療疾病|消炎治本|打通經絡|一擦就好|保證有效|深層修復|替代藥物
LINE_OA_LINE275,LINE275,LINE 官方帳號,2026-10-19,12:00,冷氣房肩頸緊繃保養,B,低,pending_legal_pharmacist_review,false,冷氣房肩頸緊繃保養,"冷氣房肩頸緊繃保養

長時間低頭、久坐、用電腦的上班族，今天可以留意「冷氣房肩頸緊繃保養」。重點不是追求誇張效果，而是久坐低頭後，可搭配伸展與局部按摩舒緩緊繃不適。若痠痛持續、麻木或影響活動，請諮詢醫師或藥師。

本內容為一般生活保健資訊，非醫療診斷或治療建議。
CTA：收藏提醒",,#肩頸保養 #久坐族 #日常舒緩 #依標示使用,第一行：冷氣房肩頸緊繃保養｜第二行：依標示使用｜第三行：安全舒緩,本內容為一般生活保健資訊，非醫療診斷或治療建議。,若痠痛持續、麻木或影響活動，請諮詢醫師或藥師。,根治|治療疾病|消炎治本|打通經絡|一擦就好|保證有效|深層修復|替代藥物
LINE_OA_LINE276,LINE276,LINE 官方帳號,2026-10-19,20:00,產品不是神藥，定位要講清楚,A,中,pending_legal_pharmacist_review,false,產品不是神藥，定位要講清楚,"產品不是神藥，定位要講清楚

已購買或正在觀望的一條根使用者，今天可以留意「產品不是神藥，定位要講清楚」。重點不是追求誇張效果，而是依標示外用，提供局部按摩與暫時舒緩體感。僅供外用；避免眼周、黏膜、破皮或傷口。

本產品為外用油膏，請依核准標示使用；若症狀持續或惡化，請諮詢醫師或藥師。
CTA：私訊/了解更多",,#金牌一條根 #外用油膏 #成分透明 #依標示使用,第一行：產品不是神藥，定位要講清楚｜第二行：依標示使用｜第三行：安全舒緩,本產品為外用油膏，請依核准標示使用；若症狀持續或惡化，請諮詢醫師或藥師。,僅供外用；避免眼周、黏膜、破皮或傷口。,根治|治療疾病|消炎治本|打通經絡|一擦就好|保證有效|深層修復|替代藥物
LINE_OA_LINE277,LINE277,LINE 官方帳號,2026-10-20,12:00,立冬前後的日常舒緩儀式,F,低,pending_legal_pharmacist_review,false,立冬前後的日常舒緩儀式,"立冬前後的日常舒緩儀式

喜歡養生、節氣與日常保健的 LINE 讀者，今天可以留意「立冬前後的日常舒緩儀式」。重點不是追求誇張效果，而是以生活保健與身體覺察為主，不做醫療療效宣稱。節氣養生屬一般生活資訊，身體不適仍應諮詢專業人員。

本內容為一般生活保健資訊，非醫療診斷或治療建議。
CTA：收藏提醒",,#節氣保養 #生活保健 #日常保養 #身體覺察,第一行：立冬前後的日常舒緩儀式｜第二行：依標示使用｜第三行：安全舒緩,本內容為一般生活保健資訊，非醫療診斷或治療建議。,節氣養生屬一般生活資訊，身體不適仍應諮詢專業人員。,根治|治療疾病|消炎治本|打通經絡|一擦就好|保證有效|深層修復|替代藥物
LINE_OA_LINE278,LINE278,LINE 官方帳號,2026-10-20,20:00,深層症狀不適合自行處理,E,高,pending_legal_pharmacist_review,false,深層症狀不適合自行處理,"深層症狀不適合自行處理

所有使用者、照護者與家庭購買者，今天可以留意「深層症狀不適合自行處理」。重點不是追求誇張效果，而是安全使用比用得多更重要，依標示與風險族群提醒。2 歲以下、孕哺、過敏體質、抗凝血藥使用者請先詢問專業人員。

僅供外用。避免接觸眼睛、黏膜、破皮或傷口；特殊族群使用前請先諮詢專業人員。
CTA：私訊/了解更多",,#外用安全 #用藥安全 #使用前看標示 #諮詢醫師藥師,第一行：深層症狀不適合自行處理｜第二行：依標示使用｜第三行：安全舒緩,僅供外用。避免接觸眼睛、黏膜、破皮或傷口；特殊族群使用前請先諮詢專業人員。,2 歲以下、孕哺、過敏體質、抗凝血藥使用者請先詢問專業人員。,根治|治療疾病|消炎治本|打通經絡|一擦就好|保證有效|深層修復|替代藥物
LINE_OA_LINE279,LINE279,LINE 官方帳號,2026-10-21,12:00,買外用膏先看三件事,H,中,pending_legal_pharmacist_review,false,買外用膏先看三件事,"買外用膏先看三件事

重視藥證、成分、品質與合法性的消費者，今天可以留意「買外用膏先看三件事」。重點不是追求誇張效果，而是強調藥證、標示、保守宣稱與人工審核流程。所有廣告文案仍須依主管機關與專業人員審核。

本產品為外用油膏，請依核准標示使用；若症狀持續或惡化，請諮詢醫師或藥師。
CTA：收藏提醒",,#藥證可查 #品牌透明 #合法宣傳 #成分透明,第一行：買外用膏先看三件事｜第二行：依標示使用｜第三行：安全舒緩,本產品為外用油膏，請依核准標示使用；若症狀持續或惡化，請諮詢醫師或藥師。,所有廣告文案仍須依主管機關與專業人員審核。,根治|治療疾病|消炎治本|打通經絡|一擦就好|保證有效|深層修復|替代藥物
LINE_OA_LINE280,LINE280,LINE 官方帳號,2026-10-21,20:00,哪些情況應該先就醫,G,低,pending_legal_pharmacist_review,false,哪些情況應該先就醫,"哪些情況應該先就醫

LINE OA 好友、回購客與新客，今天可以留意「哪些情況應該先就醫」。重點不是追求誇張效果，而是用問答降低誤用，讓使用者知道何時該詢問專業人員。互動回答不取代醫師或藥師建議。

本內容為一般生活保健資訊，非醫療診斷或治療建議。
CTA：留言互動",,#互動問答 #保養知識 #使用小提醒 #金牌一條根,第一行：哪些情況應該先就醫｜第二行：依標示使用｜第三行：安全舒緩,本內容為一般生活保健資訊，非醫療診斷或治療建議。,互動回答不取代醫師或藥師建議。,根治|治療疾病|消炎治本|打通經絡|一擦就好|保證有效|深層修復|替代藥物
LINE_OA_LINE281,LINE281,LINE 官方帳號,2026-10-22,12:00,運動後局部痠痛的保守處理,C,中,pending_legal_pharmacist_review,false,運動後局部痠痛的保守處理,"運動後局部痠痛的保守處理

運動族、搬重物、久站與勞動工作者，今天可以留意「運動後局部痠痛的保守處理」。重點不是追求誇張效果，而是運動或勞動後的局部肌肉痠痛，可短期按摩舒緩。明顯腫脹、劇痛、活動受限或疑似受傷時，請先就醫。

本產品為外用油膏，請依核准標示使用；若症狀持續或惡化，請諮詢醫師或藥師。
CTA：收藏提醒",,#運動後保養 #局部按摩 #肌肉痠痛 #依標示使用,第一行：運動後局部痠痛的保守處理｜第二行：依標示使用｜第三行：安全舒緩,本產品為外用油膏，請依核准標示使用；若症狀持續或惡化，請諮詢醫師或藥師。,明顯腫脹、劇痛、活動受限或疑似受傷時，請先就醫。,根治|治療疾病|消炎治本|打通經絡|一擦就好|保證有效|深層修復|替代藥物
LINE_OA_LINE282,LINE282,LINE 官方帳號,2026-10-22,20:00,冬青油與清涼舒緩體感,A,中,pending_legal_pharmacist_review,false,冬青油與清涼舒緩體感,"冬青油與清涼舒緩體感

已購買或正在觀望的一條根使用者，今天可以留意「冬青油與清涼舒緩體感」。重點不是追求誇張效果，而是依標示外用，提供局部按摩與暫時舒緩體感。僅供外用；避免眼周、黏膜、破皮或傷口。

本產品為外用油膏，請依核准標示使用；若症狀持續或惡化，請諮詢醫師或藥師。
CTA：私訊/了解更多",,#金牌一條根 #外用油膏 #成分透明 #依標示使用,第一行：冬青油與清涼舒緩體感｜第二行：依標示使用｜第三行：安全舒緩,本產品為外用油膏，請依核准標示使用；若症狀持續或惡化，請諮詢醫師或藥師。,僅供外用；避免眼周、黏膜、破皮或傷口。,根治|治療疾病|消炎治本|打通經絡|一擦就好|保證有效|深層修復|替代藥物
LINE_OA_LINE283,LINE283,LINE 官方帳號,2026-10-23,12:00,早晨活動前的關節暖身,D,中,pending_legal_pharmacist_review,false,早晨活動前的關節暖身,"早晨活動前的關節暖身

40-70 歲注重日常活動舒適度的族群，今天可以留意「早晨活動前的關節暖身」。重點不是追求誇張效果，而是輕微關節痠痛可短期舒緩，但不可宣稱治療疾病。關節腫痛、紅熱、長期疼痛或行走困難，請就醫評估。

本產品為外用油膏，請依核准標示使用；若症狀持續或惡化，請諮詢醫師或藥師。
CTA：收藏提醒",,#銀髮保養 #活動舒適 #輕微痠痛 #依標示使用,第一行：早晨活動前的關節暖身｜第二行：依標示使用｜第三行：安全舒緩,本產品為外用油膏，請依核准標示使用；若症狀持續或惡化，請諮詢醫師或藥師。,關節腫痛、紅熱、長期疼痛或行走困難，請就醫評估。,根治|治療疾病|消炎治本|打通經絡|一擦就好|保證有效|深層修復|替代藥物
LINE_OA_LINE284,LINE284,LINE 官方帳號,2026-10-23,20:00,不能擦在破皮或傷口,E,高,pending_legal_pharmacist_review,false,不能擦在破皮或傷口,"不能擦在破皮或傷口

所有使用者、照護者與家庭購買者，今天可以留意「不能擦在破皮或傷口」。重點不是追求誇張效果，而是安全使用比用得多更重要，依標示與風險族群提醒。2 歲以下、孕哺、過敏體質、抗凝血藥使用者請先詢問專業人員。

僅供外用。避免接觸眼睛、黏膜、破皮或傷口；特殊族群使用前請先諮詢專業人員。
CTA：私訊/了解更多",,#外用安全 #用藥安全 #使用前看標示 #諮詢醫師藥師,第一行：不能擦在破皮或傷口｜第二行：依標示使用｜第三行：安全舒緩,僅供外用。避免接觸眼睛、黏膜、破皮或傷口；特殊族群使用前請先諮詢專業人員。,2 歲以下、孕哺、過敏體質、抗凝血藥使用者請先詢問專業人員。,根治|治療疾病|消炎治本|打通經絡|一擦就好|保證有效|深層修復|替代藥物
LINE_OA_LINE285,LINE285,LINE 官方帳號,2026-10-24,12:00,芒種後濕熱生活保養,F,低,pending_legal_pharmacist_review,false,芒種後濕熱生活保養,"芒種後濕熱生活保養

喜歡養生、節氣與日常保健的 LINE 讀者，今天可以留意「芒種後濕熱生活保養」。重點不是追求誇張效果，而是以生活保健與身體覺察為主，不做醫療療效宣稱。節氣養生屬一般生活資訊，身體不適仍應諮詢專業人員。

本內容為一般生活保健資訊，非醫療診斷或治療建議。
CTA：收藏提醒",,#節氣保養 #生活保健 #日常保養 #身體覺察,第一行：芒種後濕熱生活保養｜第二行：依標示使用｜第三行：安全舒緩,本內容為一般生活保健資訊，非醫療診斷或治療建議。,節氣養生屬一般生活資訊，身體不適仍應諮詢專業人員。,根治|治療疾病|消炎治本|打通經絡|一擦就好|保證有效|深層修復|替代藥物
LINE_OA_LINE286,LINE286,LINE 官方帳號,2026-10-24,20:00,久站後小腿不適舒緩,C,中,pending_legal_pharmacist_review,false,久站後小腿不適舒緩,"久站後小腿不適舒緩

運動族、搬重物、久站與勞動工作者，今天可以留意「久站後小腿不適舒緩」。重點不是追求誇張效果，而是運動或勞動後的局部肌肉痠痛，可短期按摩舒緩。明顯腫脹、劇痛、活動受限或疑似受傷時，請先就醫。

本產品為外用油膏，請依核准標示使用；若症狀持續或惡化，請諮詢醫師或藥師。
CTA：私訊/了解更多",,#運動後保養 #局部按摩 #肌肉痠痛 #依標示使用,第一行：久站後小腿不適舒緩｜第二行：依標示使用｜第三行：安全舒緩,本產品為外用油膏，請依核准標示使用；若症狀持續或惡化，請諮詢醫師或藥師。,明顯腫脹、劇痛、活動受限或疑似受傷時，請先就醫。,根治|治療疾病|消炎治本|打通經絡|一擦就好|保證有效|深層修復|替代藥物
LINE_OA_LINE287,LINE287,LINE 官方帳號,2026-10-25,12:00,你最常哪個部位緊繃,G,低,pending_legal_pharmacist_review,false,你最常哪個部位緊繃,"你最常哪個部位緊繃

LINE OA 好友、回購客與新客，今天可以留意「你最常哪個部位緊繃」。重點不是追求誇張效果，而是用問答降低誤用，讓使用者知道何時該詢問專業人員。互動回答不取代醫師或藥師建議。

本內容為一般生活保健資訊，非醫療診斷或治療建議。
CTA：留言互動",,#互動問答 #保養知識 #使用小提醒 #金牌一條根,第一行：你最常哪個部位緊繃｜第二行：依標示使用｜第三行：安全舒緩,本內容為一般生活保健資訊，非醫療診斷或治療建議。,互動回答不取代醫師或藥師建議。,根治|治療疾病|消炎治本|打通經絡|一擦就好|保證有效|深層修復|替代藥物
LINE_OA_LINE288,LINE288,LINE 官方帳號,2026-10-25,20:00,長輩外用膏使用安全,D,中,pending_legal_pharmacist_review,false,長輩外用膏使用安全,"長輩外用膏使用安全

40-70 歲注重日常活動舒適度的族群，今天可以留意「長輩外用膏使用安全」。重點不是追求誇張效果，而是輕微關節痠痛可短期舒緩，但不可宣稱治療疾病。關節腫痛、紅熱、長期疼痛或行走困難，請就醫評估。

本產品為外用油膏，請依核准標示使用；若症狀持續或惡化，請諮詢醫師或藥師。
CTA：私訊/了解更多",,#銀髮保養 #活動舒適 #輕微痠痛 #依標示使用,第一行：長輩外用膏使用安全｜第二行：依標示使用｜第三行：安全舒緩,本產品為外用油膏，請依核准標示使用；若症狀持續或惡化，請諮詢醫師或藥師。,關節腫痛、紅熱、長期疼痛或行走困難，請就醫評估。,根治|治療疾病|消炎治本|打通經絡|一擦就好|保證有效|深層修復|替代藥物
LINE_OA_LINE289,LINE289,LINE 官方帳號,2026-10-26,12:00,低頭族肩頸緊繃的三個提醒,B,低,pending_legal_pharmacist_review,false,低頭族肩頸緊繃的三個提醒,"低頭族肩頸緊繃的三個提醒

長時間低頭、久坐、用電腦的上班族，今天可以留意「低頭族肩頸緊繃的三個提醒」。重點不是追求誇張效果，而是久坐低頭後，可搭配伸展與局部按摩舒緩緊繃不適。若痠痛持續、麻木或影響活動，請諮詢醫師或藥師。

本內容為一般生活保健資訊，非醫療診斷或治療建議。
CTA：收藏提醒",,#肩頸保養 #久坐族 #日常舒緩 #依標示使用,第一行：低頭族肩頸緊繃的三個提醒｜第二行：依標示使用｜第三行：安全舒緩,本內容為一般生活保健資訊，非醫療診斷或治療建議。,若痠痛持續、麻木或影響活動，請諮詢醫師或藥師。,根治|治療疾病|消炎治本|打通經絡|一擦就好|保證有效|深層修復|替代藥物
LINE_OA_LINE290,LINE290,LINE 官方帳號,2026-10-26,20:00,薄荷腦帶來的涼感來源,A,中,pending_legal_pharmacist_review,false,薄荷腦帶來的涼感來源,"薄荷腦帶來的涼感來源

已購買或正在觀望的一條根使用者，今天可以留意「薄荷腦帶來的涼感來源」。重點不是追求誇張效果，而是依標示外用，提供局部按摩與暫時舒緩體感。僅供外用；避免眼周、黏膜、破皮或傷口。

本產品為外用油膏，請依核准標示使用；若症狀持續或惡化，請諮詢醫師或藥師。
CTA：私訊/了解更多",,#金牌一條根 #外用油膏 #成分透明 #依標示使用,第一行：薄荷腦帶來的涼感來源｜第二行：依標示使用｜第三行：安全舒緩,本產品為外用油膏，請依核准標示使用；若症狀持續或惡化，請諮詢醫師或藥師。,僅供外用；避免眼周、黏膜、破皮或傷口。,根治|治療疾病|消炎治本|打通經絡|一擦就好|保證有效|深層修復|替代藥物
LINE_OA_LINE291,LINE291,LINE 官方帳號,2026-10-27,12:00,夏季冷氣房的肩頸保養,F,低,pending_legal_pharmacist_review,false,夏季冷氣房的肩頸保養,"夏季冷氣房的肩頸保養

喜歡養生、節氣與日常保健的 LINE 讀者，今天可以留意「夏季冷氣房的肩頸保養」。重點不是追求誇張效果，而是以生活保健與身體覺察為主，不做醫療療效宣稱。節氣養生屬一般生活資訊，身體不適仍應諮詢專業人員。

本內容為一般生活保健資訊，非醫療診斷或治療建議。
CTA：收藏提醒",,#節氣保養 #生活保健 #日常保養 #身體覺察,第一行：夏季冷氣房的肩頸保養｜第二行：依標示使用｜第三行：安全舒緩,本內容為一般生活保健資訊，非醫療診斷或治療建議。,節氣養生屬一般生活資訊，身體不適仍應諮詢專業人員。,根治|治療疾病|消炎治本|打通經絡|一擦就好|保證有效|深層修復|替代藥物
LINE_OA_LINE292,LINE292,LINE 官方帳號,2026-10-27,20:00,外用膏避免眼周與黏膜,E,高,pending_legal_pharmacist_review,false,外用膏避免眼周與黏膜,"外用膏避免眼周與黏膜

所有使用者、照護者與家庭購買者，今天可以留意「外用膏避免眼周與黏膜」。重點不是追求誇張效果，而是安全使用比用得多更重要，依標示與風險族群提醒。2 歲以下、孕哺、過敏體質、抗凝血藥使用者請先詢問專業人員。

僅供外用。避免接觸眼睛、黏膜、破皮或傷口；特殊族群使用前請先諮詢專業人員。
CTA：私訊/了解更多",,#外用安全 #用藥安全 #使用前看標示 #諮詢醫師藥師,第一行：外用膏避免眼周與黏膜｜第二行：依標示使用｜第三行：安全舒緩,僅供外用。避免接觸眼睛、黏膜、破皮或傷口；特殊族群使用前請先諮詢專業人員。,2 歲以下、孕哺、過敏體質、抗凝血藥使用者請先詢問專業人員。,根治|治療疾病|消炎治本|打通經絡|一擦就好|保證有效|深層修復|替代藥物
LINE_OA_LINE293,LINE293,LINE 官方帳號,2026-10-28,12:00,為什麼我們不說神效,H,中,pending_legal_pharmacist_review,false,為什麼我們不說神效,"為什麼我們不說神效

重視藥證、成分、品質與合法性的消費者，今天可以留意「為什麼我們不說神效」。重點不是追求誇張效果，而是強調藥證、標示、保守宣稱與人工審核流程。所有廣告文案仍須依主管機關與專業人員審核。

本產品為外用油膏，請依核准標示使用；若症狀持續或惡化，請諮詢醫師或藥師。
CTA：收藏提醒",,#藥證可查 #品牌透明 #合法宣傳 #成分透明,第一行：為什麼我們不說神效｜第二行：依標示使用｜第三行：安全舒緩,本產品為外用油膏，請依核准標示使用；若症狀持續或惡化，請諮詢醫師或藥師。,所有廣告文案仍須依主管機關與專業人員審核。,根治|治療疾病|消炎治本|打通經絡|一擦就好|保證有效|深層修復|替代藥物
LINE_OA_LINE294,LINE294,LINE 官方帳號,2026-10-28,20:00,你習慣運動前還是運動後保養,G,低,pending_legal_pharmacist_review,false,你習慣運動前還是運動後保養,"你習慣運動前還是運動後保養

LINE OA 好友、回購客與新客，今天可以留意「你習慣運動前還是運動後保養」。重點不是追求誇張效果，而是用問答降低誤用，讓使用者知道何時該詢問專業人員。互動回答不取代醫師或藥師建議。

本內容為一般生活保健資訊，非醫療診斷或治療建議。
CTA：留言互動",,#互動問答 #保養知識 #使用小提醒 #金牌一條根,第一行：你習慣運動前還是運動後保養｜第二行：依標示使用｜第三行：安全舒緩,本內容為一般生活保健資訊，非醫療診斷或治療建議。,互動回答不取代醫師或藥師建議。,根治|治療疾病|消炎治本|打通經絡|一擦就好|保證有效|深層修復|替代藥物
LINE_OA_LINE295,LINE295,LINE 官方帳號,2026-10-29,12:00,搬重物後腰背保養,C,中,pending_legal_pharmacist_review,false,搬重物後腰背保養,"搬重物後腰背保養

運動族、搬重物、久站與勞動工作者，今天可以留意「搬重物後腰背保養」。重點不是追求誇張效果，而是運動或勞動後的局部肌肉痠痛，可短期按摩舒緩。明顯腫脹、劇痛、活動受限或疑似受傷時，請先就醫。

本產品為外用油膏，請依核准標示使用；若症狀持續或惡化，請諮詢醫師或藥師。
CTA：收藏提醒",,#運動後保養 #局部按摩 #肌肉痠痛 #依標示使用,第一行：搬重物後腰背保養｜第二行：依標示使用｜第三行：安全舒緩,本產品為外用油膏，請依核准標示使用；若症狀持續或惡化，請諮詢醫師或藥師。,明顯腫脹、劇痛、活動受限或疑似受傷時，請先就醫。,根治|治療疾病|消炎治本|打通經絡|一擦就好|保證有效|深層修復|替代藥物
LINE_OA_LINE296,LINE296,LINE 官方帳號,2026-10-29,20:00,樟腦外用時的注意界線,A,中,pending_legal_pharmacist_review,false,樟腦外用時的注意界線,"樟腦外用時的注意界線

已購買或正在觀望的一條根使用者，今天可以留意「樟腦外用時的注意界線」。重點不是追求誇張效果，而是依標示外用，提供局部按摩與暫時舒緩體感。僅供外用；避免眼周、黏膜、破皮或傷口。

本產品為外用油膏，請依核准標示使用；若症狀持續或惡化，請諮詢醫師或藥師。
CTA：私訊/了解更多",,#金牌一條根 #外用油膏 #成分透明 #依標示使用,第一行：樟腦外用時的注意界線｜第二行：依標示使用｜第三行：安全舒緩,本產品為外用油膏，請依核准標示使用；若症狀持續或惡化，請諮詢醫師或藥師。,僅供外用；避免眼周、黏膜、破皮或傷口。,根治|治療疾病|消炎治本|打通經絡|一擦就好|保證有效|深層修復|替代藥物
LINE_OA_LINE297,LINE297,LINE 官方帳號,2026-10-30,12:00,輕微關節痠痛與疾病治療要分開,D,中,pending_legal_pharmacist_review,false,輕微關節痠痛與疾病治療要分開,"輕微關節痠痛與疾病治療要分開

40-70 歲注重日常活動舒適度的族群，今天可以留意「輕微關節痠痛與疾病治療要分開」。重點不是追求誇張效果，而是輕微關節痠痛可短期舒緩，但不可宣稱治療疾病。關節腫痛、紅熱、長期疼痛或行走困難，請就醫評估。

本產品為外用油膏，請依核准標示使用；若症狀持續或惡化，請諮詢醫師或藥師。
CTA：收藏提醒",,#銀髮保養 #活動舒適 #輕微痠痛 #依標示使用,第一行：輕微關節痠痛與疾病治療要分開｜第二行：依標示使用｜第三行：安全舒緩,本產品為外用油膏，請依核准標示使用；若症狀持續或惡化，請諮詢醫師或藥師。,關節腫痛、紅熱、長期疼痛或行走困難，請就醫評估。,根治|治療疾病|消炎治本|打通經絡|一擦就好|保證有效|深層修復|替代藥物
LINE_OA_LINE298,LINE298,LINE 官方帳號,2026-10-30,20:00,不要搭配熱敷墊或電毯,E,高,pending_legal_pharmacist_review,false,不要搭配熱敷墊或電毯,"不要搭配熱敷墊或電毯

所有使用者、照護者與家庭購買者，今天可以留意「不要搭配熱敷墊或電毯」。重點不是追求誇張效果，而是安全使用比用得多更重要，依標示與風險族群提醒。2 歲以下、孕哺、過敏體質、抗凝血藥使用者請先詢問專業人員。

僅供外用。避免接觸眼睛、黏膜、破皮或傷口；特殊族群使用前請先諮詢專業人員。
CTA：私訊/了解更多",,#外用安全 #用藥安全 #使用前看標示 #諮詢醫師藥師,第一行：不要搭配熱敷墊或電毯｜第二行：依標示使用｜第三行：安全舒緩,僅供外用。避免接觸眼睛、黏膜、破皮或傷口；特殊族群使用前請先諮詢專業人員。,2 歲以下、孕哺、過敏體質、抗凝血藥使用者請先詢問專業人員。,根治|治療疾病|消炎治本|打通經絡|一擦就好|保證有效|深層修復|替代藥物
LINE_OA_LINE299,LINE299,LINE 官方帳號,2026-10-31,12:00,小暑前後活動舒適提醒,F,低,pending_legal_pharmacist_review,false,小暑前後活動舒適提醒,"小暑前後活動舒適提醒

喜歡養生、節氣與日常保健的 LINE 讀者，今天可以留意「小暑前後活動舒適提醒」。重點不是追求誇張效果，而是以生活保健與身體覺察為主，不做醫療療效宣稱。節氣養生屬一般生活資訊，身體不適仍應諮詢專業人員。

本內容為一般生活保健資訊，非醫療診斷或治療建議。
CTA：收藏提醒",,#節氣保養 #生活保健 #日常保養 #身體覺察,第一行：小暑前後活動舒適提醒｜第二行：依標示使用｜第三行：安全舒緩,本內容為一般生活保健資訊，非醫療診斷或治療建議。,節氣養生屬一般生活資訊，身體不適仍應諮詢專業人員。,根治|治療疾病|消炎治本|打通經絡|一擦就好|保證有效|深層修復|替代藥物
LINE_OA_LINE300,LINE300,LINE 官方帳號,2026-10-31,20:00,爬山後腿部按摩提醒,C,中,pending_legal_pharmacist_review,false,爬山後腿部按摩提醒,"爬山後腿部按摩提醒

運動族、搬重物、久站與勞動工作者，今天可以留意「爬山後腿部按摩提醒」。重點不是追求誇張效果，而是運動或勞動後的局部肌肉痠痛，可短期按摩舒緩。明顯腫脹、劇痛、活動受限或疑似受傷時，請先就醫。

本產品為外用油膏，請依核准標示使用；若症狀持續或惡化，請諮詢醫師或藥師。
CTA：私訊/了解更多",,#運動後保養 #局部按摩 #肌肉痠痛 #依標示使用,第一行：爬山後腿部按摩提醒｜第二行：依標示使用｜第三行：安全舒緩,本產品為外用油膏，請依核准標示使用；若症狀持續或惡化，請諮詢醫師或藥師。,明顯腫脹、劇痛、活動受限或疑似受傷時，請先就醫。,根治|治療疾病|消炎治本|打通經絡|一擦就好|保證有效|深層修復|替代藥物
LINE_OA_LINE301,LINE301,LINE 官方帳號,2026-11-01,12:00,外用膏一次擦多少才剛好,G,低,pending_legal_pharmacist_review,false,外用膏一次擦多少才剛好,"外用膏一次擦多少才剛好

LINE OA 好友、回購客與新客，今天可以留意「外用膏一次擦多少才剛好」。重點不是追求誇張效果，而是用問答降低誤用，讓使用者知道何時該詢問專業人員。互動回答不取代醫師或藥師建議。

本內容為一般生活保健資訊，非醫療診斷或治療建議。
CTA：留言互動",,#互動問答 #保養知識 #使用小提醒 #金牌一條根,第一行：外用膏一次擦多少才剛好｜第二行：依標示使用｜第三行：安全舒緩,本內容為一般生活保健資訊，非醫療診斷或治療建議。,互動回答不取代醫師或藥師建議。,根治|治療疾病|消炎治本|打通經絡|一擦就好|保證有效|深層修復|替代藥物
LINE_OA_LINE302,LINE302,LINE 官方帳號,2026-11-01,20:00,散步後的膝周保養,D,中,pending_legal_pharmacist_review,false,散步後的膝周保養,"散步後的膝周保養

40-70 歲注重日常活動舒適度的族群，今天可以留意「散步後的膝周保養」。重點不是追求誇張效果，而是輕微關節痠痛可短期舒緩，但不可宣稱治療疾病。關節腫痛、紅熱、長期疼痛或行走困難，請就醫評估。

本產品為外用油膏，請依核准標示使用；若症狀持續或惡化，請諮詢醫師或藥師。
CTA：私訊/了解更多",,#銀髮保養 #活動舒適 #輕微痠痛 #依標示使用,第一行：散步後的膝周保養｜第二行：依標示使用｜第三行：安全舒緩,本產品為外用油膏，請依核准標示使用；若症狀持續或惡化，請諮詢醫師或藥師。,關節腫痛、紅熱、長期疼痛或行走困難，請就醫評估。,根治|治療疾病|消炎治本|打通經絡|一擦就好|保證有效|深層修復|替代藥物
LINE_OA_LINE303,LINE303,LINE 官方帳號,2026-11-02,12:00,午休前的肩頸放鬆流程,B,低,pending_legal_pharmacist_review,false,午休前的肩頸放鬆流程,"午休前的肩頸放鬆流程

長時間低頭、久坐、用電腦的上班族，今天可以留意「午休前的肩頸放鬆流程」。重點不是追求誇張效果，而是久坐低頭後，可搭配伸展與局部按摩舒緩緊繃不適。若痠痛持續、麻木或影響活動，請諮詢醫師或藥師。

本內容為一般生活保健資訊，非醫療診斷或治療建議。
CTA：收藏提醒",,#肩頸保養 #久坐族 #日常舒緩 #依標示使用,第一行：午休前的肩頸放鬆流程｜第二行：依標示使用｜第三行：安全舒緩,本內容為一般生活保健資訊，非醫療診斷或治療建議。,若痠痛持續、麻木或影響活動，請諮詢醫師或藥師。,根治|治療疾病|消炎治本|打通經絡|一擦就好|保證有效|深層修復|替代藥物
LINE_OA_LINE304,LINE304,LINE 官方帳號,2026-11-02,20:00,油膏劑為什麼適合局部按摩,A,中,pending_legal_pharmacist_review,false,油膏劑為什麼適合局部按摩,"油膏劑為什麼適合局部按摩

已購買或正在觀望的一條根使用者，今天可以留意「油膏劑為什麼適合局部按摩」。重點不是追求誇張效果，而是依標示外用，提供局部按摩與暫時舒緩體感。僅供外用；避免眼周、黏膜、破皮或傷口。

本產品為外用油膏，請依核准標示使用；若症狀持續或惡化，請諮詢醫師或藥師。
CTA：私訊/了解更多",,#金牌一條根 #外用油膏 #成分透明 #依標示使用,第一行：油膏劑為什麼適合局部按摩｜第二行：依標示使用｜第三行：安全舒緩,本產品為外用油膏，請依核准標示使用；若症狀持續或惡化，請諮詢醫師或藥師。,僅供外用；避免眼周、黏膜、破皮或傷口。,根治|治療疾病|消炎治本|打通經絡|一擦就好|保證有效|深層修復|替代藥物
LINE_OA_LINE305,LINE305,LINE 官方帳號,2026-11-03,12:00,大暑午後少久站硬撐,F,低,pending_legal_pharmacist_review,false,大暑午後少久站硬撐,"大暑午後少久站硬撐

喜歡養生、節氣與日常保健的 LINE 讀者，今天可以留意「大暑午後少久站硬撐」。重點不是追求誇張效果，而是以生活保健與身體覺察為主，不做醫療療效宣稱。節氣養生屬一般生活資訊，身體不適仍應諮詢專業人員。

本內容為一般生活保健資訊，非醫療診斷或治療建議。
CTA：收藏提醒",,#節氣保養 #生活保健 #日常保養 #身體覺察,第一行：大暑午後少久站硬撐｜第二行：依標示使用｜第三行：安全舒緩,本內容為一般生活保健資訊，非醫療診斷或治療建議。,節氣養生屬一般生活資訊，身體不適仍應諮詢專業人員。,根治|治療疾病|消炎治本|打通經絡|一擦就好|保證有效|深層修復|替代藥物
LINE_OA_LINE306,LINE306,LINE 官方帳號,2026-11-03,20:00,不要密封包紮或大面積厚敷,E,高,pending_legal_pharmacist_review,false,不要密封包紮或大面積厚敷,"不要密封包紮或大面積厚敷

所有使用者、照護者與家庭購買者，今天可以留意「不要密封包紮或大面積厚敷」。重點不是追求誇張效果，而是安全使用比用得多更重要，依標示與風險族群提醒。2 歲以下、孕哺、過敏體質、抗凝血藥使用者請先詢問專業人員。

僅供外用。避免接觸眼睛、黏膜、破皮或傷口；特殊族群使用前請先諮詢專業人員。
CTA：私訊/了解更多",,#外用安全 #用藥安全 #使用前看標示 #諮詢醫師藥師,第一行：不要密封包紮或大面積厚敷｜第二行：依標示使用｜第三行：安全舒緩,僅供外用。避免接觸眼睛、黏膜、破皮或傷口；特殊族群使用前請先諮詢專業人員。,2 歲以下、孕哺、過敏體質、抗凝血藥使用者請先詢問專業人員。,根治|治療疾病|消炎治本|打通經絡|一擦就好|保證有效|深層修復|替代藥物
LINE_OA_LINE307,LINE307,LINE 官方帳號,2026-11-04,12:00,藥證可查代表什麼,H,中,pending_legal_pharmacist_review,false,藥證可查代表什麼,"藥證可查代表什麼

重視藥證、成分、品質與合法性的消費者，今天可以留意「藥證可查代表什麼」。重點不是追求誇張效果，而是強調藥證、標示、保守宣稱與人工審核流程。所有廣告文案仍須依主管機關與專業人員審核。

本產品為外用油膏，請依核准標示使用；若症狀持續或惡化，請諮詢醫師或藥師。
CTA：收藏提醒",,#藥證可查 #品牌透明 #合法宣傳 #成分透明,第一行：藥證可查代表什麼｜第二行：依標示使用｜第三行：安全舒緩,本產品為外用油膏，請依核准標示使用；若症狀持續或惡化，請諮詢醫師或藥師。,所有廣告文案仍須依主管機關與專業人員審核。,根治|治療疾病|消炎治本|打通經絡|一擦就好|保證有效|深層修復|替代藥物
LINE_OA_LINE308,LINE308,LINE 官方帳號,2026-11-04,20:00,涼感越強越有效嗎,G,低,pending_legal_pharmacist_review,false,涼感越強越有效嗎,"涼感越強越有效嗎

LINE OA 好友、回購客與新客，今天可以留意「涼感越強越有效嗎」。重點不是追求誇張效果，而是用問答降低誤用，讓使用者知道何時該詢問專業人員。互動回答不取代醫師或藥師建議。

本內容為一般生活保健資訊，非醫療診斷或治療建議。
CTA：留言互動",,#互動問答 #保養知識 #使用小提醒 #金牌一條根,第一行：涼感越強越有效嗎｜第二行：依標示使用｜第三行：安全舒緩,本內容為一般生活保健資訊，非醫療診斷或治療建議。,互動回答不取代醫師或藥師建議。,根治|治療疾病|消炎治本|打通經絡|一擦就好|保證有效|深層修復|替代藥物
LINE_OA_LINE309,LINE309,LINE 官方帳號,2026-11-05,12:00,重訓後肩背局部舒緩,C,中,pending_legal_pharmacist_review,false,重訓後肩背局部舒緩,"重訓後肩背局部舒緩

運動族、搬重物、久站與勞動工作者，今天可以留意「重訓後肩背局部舒緩」。重點不是追求誇張效果，而是運動或勞動後的局部肌肉痠痛，可短期按摩舒緩。明顯腫脹、劇痛、活動受限或疑似受傷時，請先就醫。

本產品為外用油膏，請依核准標示使用；若症狀持續或惡化，請諮詢醫師或藥師。
CTA：收藏提醒",,#運動後保養 #局部按摩 #肌肉痠痛 #依標示使用,第一行：重訓後肩背局部舒緩｜第二行：依標示使用｜第三行：安全舒緩,本產品為外用油膏，請依核准標示使用；若症狀持續或惡化，請諮詢醫師或藥師。,明顯腫脹、劇痛、活動受限或疑似受傷時，請先就醫。,根治|治療疾病|消炎治本|打通經絡|一擦就好|保證有效|深層修復|替代藥物
LINE_OA_LINE310,LINE310,LINE 官方帳號,2026-11-05,20:00,乙類成藥與一般保健品差異,A,中,pending_legal_pharmacist_review,false,乙類成藥與一般保健品差異,"乙類成藥與一般保健品差異

已購買或正在觀望的一條根使用者，今天可以留意「乙類成藥與一般保健品差異」。重點不是追求誇張效果，而是依標示外用，提供局部按摩與暫時舒緩體感。僅供外用；避免眼周、黏膜、破皮或傷口。

本產品為外用油膏，請依核准標示使用；若症狀持續或惡化，請諮詢醫師或藥師。
CTA：私訊/了解更多",,#金牌一條根 #外用油膏 #成分透明 #依標示使用,第一行：乙類成藥與一般保健品差異｜第二行：依標示使用｜第三行：安全舒緩,本產品為外用油膏，請依核准標示使用；若症狀持續或惡化，請諮詢醫師或藥師。,僅供外用；避免眼周、黏膜、破皮或傷口。,根治|治療疾病|消炎治本|打通經絡|一擦就好|保證有效|深層修復|替代藥物
LINE_OA_LINE311,LINE311,LINE 官方帳號,2026-11-06,12:00,天氣變化時的活動舒適感,D,中,pending_legal_pharmacist_review,false,天氣變化時的活動舒適感,"天氣變化時的活動舒適感

40-70 歲注重日常活動舒適度的族群，今天可以留意「天氣變化時的活動舒適感」。重點不是追求誇張效果，而是輕微關節痠痛可短期舒緩，但不可宣稱治療疾病。關節腫痛、紅熱、長期疼痛或行走困難，請就醫評估。

本產品為外用油膏，請依核准標示使用；若症狀持續或惡化，請諮詢醫師或藥師。
CTA：收藏提醒",,#銀髮保養 #活動舒適 #輕微痠痛 #依標示使用,第一行：天氣變化時的活動舒適感｜第二行：依標示使用｜第三行：安全舒緩,本產品為外用油膏，請依核准標示使用；若症狀持續或惡化，請諮詢醫師或藥師。,關節腫痛、紅熱、長期疼痛或行走困難，請就醫評估。,根治|治療疾病|消炎治本|打通經絡|一擦就好|保證有效|深層修復|替代藥物
LINE_OA_LINE312,LINE312,LINE 官方帳號,2026-11-06,20:00,水楊酸或阿斯匹靈過敏者注意,E,高,pending_legal_pharmacist_review,false,水楊酸或阿斯匹靈過敏者注意,"水楊酸或阿斯匹靈過敏者注意

所有使用者、照護者與家庭購買者，今天可以留意「水楊酸或阿斯匹靈過敏者注意」。重點不是追求誇張效果，而是安全使用比用得多更重要，依標示與風險族群提醒。2 歲以下、孕哺、過敏體質、抗凝血藥使用者請先詢問專業人員。

僅供外用。避免接觸眼睛、黏膜、破皮或傷口；特殊族群使用前請先諮詢專業人員。
CTA：私訊/了解更多",,#外用安全 #用藥安全 #使用前看標示 #諮詢醫師藥師,第一行：水楊酸或阿斯匹靈過敏者注意｜第二行：依標示使用｜第三行：安全舒緩,僅供外用。避免接觸眼睛、黏膜、破皮或傷口；特殊族群使用前請先諮詢專業人員。,2 歲以下、孕哺、過敏體質、抗凝血藥使用者請先詢問專業人員。,根治|治療疾病|消炎治本|打通經絡|一擦就好|保證有效|深層修復|替代藥物
LINE_OA_LINE313,LINE313,LINE 官方帳號,2026-11-07,12:00,立秋後早晚溫差保養,F,低,pending_legal_pharmacist_review,false,立秋後早晚溫差保養,"立秋後早晚溫差保養

喜歡養生、節氣與日常保健的 LINE 讀者，今天可以留意「立秋後早晚溫差保養」。重點不是追求誇張效果，而是以生活保健與身體覺察為主，不做醫療療效宣稱。節氣養生屬一般生活資訊，身體不適仍應諮詢專業人員。

本內容為一般生活保健資訊，非醫療診斷或治療建議。
CTA：收藏提醒",,#節氣保養 #生活保健 #日常保養 #身體覺察,第一行：立秋後早晚溫差保養｜第二行：依標示使用｜第三行：安全舒緩,本內容為一般生活保健資訊，非醫療診斷或治療建議。,節氣養生屬一般生活資訊，身體不適仍應諮詢專業人員。,根治|治療疾病|消炎治本|打通經絡|一擦就好|保證有效|深層修復|替代藥物
LINE_OA_LINE314,LINE314,LINE 官方帳號,2026-11-07,20:00,家事後手臂不適保養,C,中,pending_legal_pharmacist_review,false,家事後手臂不適保養,"家事後手臂不適保養

運動族、搬重物、久站與勞動工作者，今天可以留意「家事後手臂不適保養」。重點不是追求誇張效果，而是運動或勞動後的局部肌肉痠痛，可短期按摩舒緩。明顯腫脹、劇痛、活動受限或疑似受傷時，請先就醫。

本產品為外用油膏，請依核准標示使用；若症狀持續或惡化，請諮詢醫師或藥師。
CTA：私訊/了解更多",,#運動後保養 #局部按摩 #肌肉痠痛 #依標示使用,第一行：家事後手臂不適保養｜第二行：依標示使用｜第三行：安全舒緩,本產品為外用油膏，請依核准標示使用；若症狀持續或惡化，請諮詢醫師或藥師。,明顯腫脹、劇痛、活動受限或疑似受傷時，請先就醫。,根治|治療疾病|消炎治本|打通經絡|一擦就好|保證有效|深層修復|替代藥物
LINE_OA_LINE315,LINE315,LINE 官方帳號,2026-11-08,12:00,你有看過外用產品標示嗎,G,低,pending_legal_pharmacist_review,false,你有看過外用產品標示嗎,"你有看過外用產品標示嗎

LINE OA 好友、回購客與新客，今天可以留意「你有看過外用產品標示嗎」。重點不是追求誇張效果，而是用問答降低誤用，讓使用者知道何時該詢問專業人員。互動回答不取代醫師或藥師建議。

本內容為一般生活保健資訊，非醫療診斷或治療建議。
CTA：留言互動",,#互動問答 #保養知識 #使用小提醒 #金牌一條根,第一行：你有看過外用產品標示嗎｜第二行：依標示使用｜第三行：安全舒緩,本內容為一般生活保健資訊，非醫療診斷或治療建議。,互動回答不取代醫師或藥師建議。,根治|治療疾病|消炎治本|打通經絡|一擦就好|保證有效|深層修復|替代藥物
LINE_OA_LINE316,LINE316,LINE 官方帳號,2026-11-08,20:00,長輩按摩力道不要過重,D,中,pending_legal_pharmacist_review,false,長輩按摩力道不要過重,"長輩按摩力道不要過重

40-70 歲注重日常活動舒適度的族群，今天可以留意「長輩按摩力道不要過重」。重點不是追求誇張效果，而是輕微關節痠痛可短期舒緩，但不可宣稱治療疾病。關節腫痛、紅熱、長期疼痛或行走困難，請就醫評估。

本產品為外用油膏，請依核准標示使用；若症狀持續或惡化，請諮詢醫師或藥師。
CTA：私訊/了解更多",,#銀髮保養 #活動舒適 #輕微痠痛 #依標示使用,第一行：長輩按摩力道不要過重｜第二行：依標示使用｜第三行：安全舒緩,本產品為外用油膏，請依核准標示使用；若症狀持續或惡化，請諮詢醫師或藥師。,關節腫痛、紅熱、長期疼痛或行走困難，請就醫評估。,根治|治療疾病|消炎治本|打通經絡|一擦就好|保證有效|深層修復|替代藥物
LINE_OA_LINE317,LINE317,LINE 官方帳號,2026-11-09,12:00,開會久坐後的腰背舒緩,B,低,pending_legal_pharmacist_review,false,開會久坐後的腰背舒緩,"開會久坐後的腰背舒緩

長時間低頭、久坐、用電腦的上班族，今天可以留意「開會久坐後的腰背舒緩」。重點不是追求誇張效果，而是久坐低頭後，可搭配伸展與局部按摩舒緩緊繃不適。若痠痛持續、麻木或影響活動，請諮詢醫師或藥師。

本內容為一般生活保健資訊，非醫療診斷或治療建議。
CTA：收藏提醒",,#肩頸保養 #久坐族 #日常舒緩 #依標示使用,第一行：開會久坐後的腰背舒緩｜第二行：依標示使用｜第三行：安全舒緩,本內容為一般生活保健資訊，非醫療診斷或治療建議。,若痠痛持續、麻木或影響活動，請諮詢醫師或藥師。,根治|治療疾病|消炎治本|打通經絡|一擦就好|保證有效|深層修復|替代藥物
LINE_OA_LINE318,LINE318,LINE 官方帳號,2026-11-09,20:00,一條根外用膏的日常定位,A,中,pending_legal_pharmacist_review,false,一條根外用膏的日常定位,"一條根外用膏的日常定位

已購買或正在觀望的一條根使用者，今天可以留意「一條根外用膏的日常定位」。重點不是追求誇張效果，而是依標示外用，提供局部按摩與暫時舒緩體感。僅供外用；避免眼周、黏膜、破皮或傷口。

本產品為外用油膏，請依核准標示使用；若症狀持續或惡化，請諮詢醫師或藥師。
CTA：私訊/了解更多",,#金牌一條根 #外用油膏 #成分透明 #依標示使用,第一行：一條根外用膏的日常定位｜第二行：依標示使用｜第三行：安全舒緩,本產品為外用油膏，請依核准標示使用；若症狀持續或惡化，請諮詢醫師或藥師。,僅供外用；避免眼周、黏膜、破皮或傷口。,根治|治療疾病|消炎治本|打通經絡|一擦就好|保證有效|深層修復|替代藥物
LINE_OA_LINE319,LINE319,LINE 官方帳號,2026-11-10,12:00,處暑後運動暖身提醒,F,低,pending_legal_pharmacist_review,false,處暑後運動暖身提醒,"處暑後運動暖身提醒

喜歡養生、節氣與日常保健的 LINE 讀者，今天可以留意「處暑後運動暖身提醒」。重點不是追求誇張效果，而是以生活保健與身體覺察為主，不做醫療療效宣稱。節氣養生屬一般生活資訊，身體不適仍應諮詢專業人員。

本內容為一般生活保健資訊，非醫療診斷或治療建議。
CTA：收藏提醒",,#節氣保養 #生活保健 #日常保養 #身體覺察,第一行：處暑後運動暖身提醒｜第二行：依標示使用｜第三行：安全舒緩,本內容為一般生活保健資訊，非醫療診斷或治療建議。,節氣養生屬一般生活資訊，身體不適仍應諮詢專業人員。,根治|治療疾病|消炎治本|打通經絡|一擦就好|保證有效|深層修復|替代藥物
LINE_OA_LINE320,LINE320,LINE 官方帳號,2026-11-10,20:00,兒童使用前的安全提醒,E,高,pending_legal_pharmacist_review,false,兒童使用前的安全提醒,"兒童使用前的安全提醒

所有使用者、照護者與家庭購買者，今天可以留意「兒童使用前的安全提醒」。重點不是追求誇張效果，而是安全使用比用得多更重要，依標示與風險族群提醒。2 歲以下、孕哺、過敏體質、抗凝血藥使用者請先詢問專業人員。

僅供外用。避免接觸眼睛、黏膜、破皮或傷口；特殊族群使用前請先諮詢專業人員。
CTA：私訊/了解更多",,#外用安全 #用藥安全 #使用前看標示 #諮詢醫師藥師,第一行：兒童使用前的安全提醒｜第二行：依標示使用｜第三行：安全舒緩,僅供外用。避免接觸眼睛、黏膜、破皮或傷口；特殊族群使用前請先諮詢專業人員。,2 歲以下、孕哺、過敏體質、抗凝血藥使用者請先詢問專業人員。,根治|治療疾病|消炎治本|打通經絡|一擦就好|保證有效|深層修復|替代藥物
LINE_OA_LINE321,LINE321,LINE 官方帳號,2026-11-11,12:00,外用膏廣告為什麼要保守,H,中,pending_legal_pharmacist_review,false,外用膏廣告為什麼要保守,"外用膏廣告為什麼要保守

重視藥證、成分、品質與合法性的消費者，今天可以留意「外用膏廣告為什麼要保守」。重點不是追求誇張效果，而是強調藥證、標示、保守宣稱與人工審核流程。所有廣告文案仍須依主管機關與專業人員審核。

本產品為外用油膏，請依核准標示使用；若症狀持續或惡化，請諮詢醫師或藥師。
CTA：收藏提醒",,#藥證可查 #品牌透明 #合法宣傳 #成分透明,第一行：外用膏廣告為什麼要保守｜第二行：依標示使用｜第三行：安全舒緩,本產品為外用油膏，請依核准標示使用；若症狀持續或惡化，請諮詢醫師或藥師。,所有廣告文案仍須依主管機關與專業人員審核。,根治|治療疾病|消炎治本|打通經絡|一擦就好|保證有效|深層修復|替代藥物
LINE_OA_LINE322,LINE322,LINE 官方帳號,2026-11-11,20:00,久坐族最想舒緩哪裡,G,低,pending_legal_pharmacist_review,false,久坐族最想舒緩哪裡,"久坐族最想舒緩哪裡

LINE OA 好友、回購客與新客，今天可以留意「久坐族最想舒緩哪裡」。重點不是追求誇張效果，而是用問答降低誤用，讓使用者知道何時該詢問專業人員。互動回答不取代醫師或藥師建議。

本內容為一般生活保健資訊，非醫療診斷或治療建議。
CTA：留言互動",,#互動問答 #保養知識 #使用小提醒 #金牌一條根,第一行：久坐族最想舒緩哪裡｜第二行：依標示使用｜第三行：安全舒緩,本內容為一般生活保健資訊，非醫療診斷或治療建議。,互動回答不取代醫師或藥師建議。,根治|治療疾病|消炎治本|打通經絡|一擦就好|保證有效|深層修復|替代藥物
LINE_OA_LINE323,LINE323,LINE 官方帳號,2026-11-12,12:00,跑步後膝周不適的保守提醒,C,中,pending_legal_pharmacist_review,false,跑步後膝周不適的保守提醒,"跑步後膝周不適的保守提醒

運動族、搬重物、久站與勞動工作者，今天可以留意「跑步後膝周不適的保守提醒」。重點不是追求誇張效果，而是運動或勞動後的局部肌肉痠痛，可短期按摩舒緩。明顯腫脹、劇痛、活動受限或疑似受傷時，請先就醫。

本產品為外用油膏，請依核准標示使用；若症狀持續或惡化，請諮詢醫師或藥師。
CTA：收藏提醒",,#運動後保養 #局部按摩 #肌肉痠痛 #依標示使用,第一行：跑步後膝周不適的保守提醒｜第二行：依標示使用｜第三行：安全舒緩,本產品為外用油膏，請依核准標示使用；若症狀持續或惡化，請諮詢醫師或藥師。,明顯腫脹、劇痛、活動受限或疑似受傷時，請先就醫。,根治|治療疾病|消炎治本|打通經絡|一擦就好|保證有效|深層修復|替代藥物
LINE_OA_LINE324,LINE324,LINE 官方帳號,2026-11-12,20:00,成分濃度為什麼要看標示,A,中,pending_legal_pharmacist_review,false,成分濃度為什麼要看標示,"成分濃度為什麼要看標示

已購買或正在觀望的一條根使用者，今天可以留意「成分濃度為什麼要看標示」。重點不是追求誇張效果，而是依標示外用，提供局部按摩與暫時舒緩體感。僅供外用；避免眼周、黏膜、破皮或傷口。

本產品為外用油膏，請依核准標示使用；若症狀持續或惡化，請諮詢醫師或藥師。
CTA：私訊/了解更多",,#金牌一條根 #外用油膏 #成分透明 #依標示使用,第一行：成分濃度為什麼要看標示｜第二行：依標示使用｜第三行：安全舒緩,本產品為外用油膏，請依核准標示使用；若症狀持續或惡化，請諮詢醫師或藥師。,僅供外用；避免眼周、黏膜、破皮或傷口。,根治|治療疾病|消炎治本|打通經絡|一擦就好|保證有效|深層修復|替代藥物
LINE_OA_LINE325,LINE325,LINE 官方帳號,2026-11-13,12:00,照顧爸媽時的外用提醒,D,中,pending_legal_pharmacist_review,false,照顧爸媽時的外用提醒,"照顧爸媽時的外用提醒

40-70 歲注重日常活動舒適度的族群，今天可以留意「照顧爸媽時的外用提醒」。重點不是追求誇張效果，而是輕微關節痠痛可短期舒緩，但不可宣稱治療疾病。關節腫痛、紅熱、長期疼痛或行走困難，請就醫評估。

本產品為外用油膏，請依核准標示使用；若症狀持續或惡化，請諮詢醫師或藥師。
CTA：收藏提醒",,#銀髮保養 #活動舒適 #輕微痠痛 #依標示使用,第一行：照顧爸媽時的外用提醒｜第二行：依標示使用｜第三行：安全舒緩,本產品為外用油膏，請依核准標示使用；若症狀持續或惡化，請諮詢醫師或藥師。,關節腫痛、紅熱、長期疼痛或行走困難，請就醫評估。,根治|治療疾病|消炎治本|打通經絡|一擦就好|保證有效|深層修復|替代藥物
LINE_OA_LINE326,LINE326,LINE 官方帳號,2026-11-13,20:00,孕婦與哺乳族群先詢問專業人員,E,高,pending_legal_pharmacist_review,false,孕婦與哺乳族群先詢問專業人員,"孕婦與哺乳族群先詢問專業人員

所有使用者、照護者與家庭購買者，今天可以留意「孕婦與哺乳族群先詢問專業人員」。重點不是追求誇張效果，而是安全使用比用得多更重要，依標示與風險族群提醒。2 歲以下、孕哺、過敏體質、抗凝血藥使用者請先詢問專業人員。

僅供外用。避免接觸眼睛、黏膜、破皮或傷口；特殊族群使用前請先諮詢專業人員。
CTA：私訊/了解更多",,#外用安全 #用藥安全 #使用前看標示 #諮詢醫師藥師,第一行：孕婦與哺乳族群先詢問專業人員｜第二行：依標示使用｜第三行：安全舒緩,僅供外用。避免接觸眼睛、黏膜、破皮或傷口；特殊族群使用前請先諮詢專業人員。,2 歲以下、孕哺、過敏體質、抗凝血藥使用者請先詢問專業人員。,根治|治療疾病|消炎治本|打通經絡|一擦就好|保證有效|深層修復|替代藥物
LINE_OA_LINE327,LINE327,LINE 官方帳號,2026-11-14,12:00,白露時節關心長輩活動,F,低,pending_legal_pharmacist_review,false,白露時節關心長輩活動,"白露時節關心長輩活動

喜歡養生、節氣與日常保健的 LINE 讀者，今天可以留意「白露時節關心長輩活動」。重點不是追求誇張效果，而是以生活保健與身體覺察為主，不做醫療療效宣稱。節氣養生屬一般生活資訊，身體不適仍應諮詢專業人員。

本內容為一般生活保健資訊，非醫療診斷或治療建議。
CTA：收藏提醒",,#節氣保養 #生活保健 #日常保養 #身體覺察,第一行：白露時節關心長輩活動｜第二行：依標示使用｜第三行：安全舒緩,本內容為一般生活保健資訊，非醫療診斷或治療建議。,節氣養生屬一般生活資訊，身體不適仍應諮詢專業人員。,根治|治療疾病|消炎治本|打通經絡|一擦就好|保證有效|深層修復|替代藥物
LINE_OA_LINE328,LINE328,LINE 官方帳號,2026-11-14,20:00,勞動後先休息再按摩,C,中,pending_legal_pharmacist_review,false,勞動後先休息再按摩,"勞動後先休息再按摩

運動族、搬重物、久站與勞動工作者，今天可以留意「勞動後先休息再按摩」。重點不是追求誇張效果，而是運動或勞動後的局部肌肉痠痛，可短期按摩舒緩。明顯腫脹、劇痛、活動受限或疑似受傷時，請先就醫。

本產品為外用油膏，請依核准標示使用；若症狀持續或惡化，請諮詢醫師或藥師。
CTA：私訊/了解更多",,#運動後保養 #局部按摩 #肌肉痠痛 #依標示使用,第一行：勞動後先休息再按摩｜第二行：依標示使用｜第三行：安全舒緩,本產品為外用油膏，請依核准標示使用；若症狀持續或惡化，請諮詢醫師或藥師。,明顯腫脹、劇痛、活動受限或疑似受傷時，請先就醫。,根治|治療疾病|消炎治本|打通經絡|一擦就好|保證有效|深層修復|替代藥物
LINE_OA_LINE329,LINE329,LINE 官方帳號,2026-11-15,12:00,長輩使用外用膏你會提醒什麼,G,低,pending_legal_pharmacist_review,false,長輩使用外用膏你會提醒什麼,"長輩使用外用膏你會提醒什麼

LINE OA 好友、回購客與新客，今天可以留意「長輩使用外用膏你會提醒什麼」。重點不是追求誇張效果，而是用問答降低誤用，讓使用者知道何時該詢問專業人員。互動回答不取代醫師或藥師建議。

本內容為一般生活保健資訊，非醫療診斷或治療建議。
CTA：留言互動",,#互動問答 #保養知識 #使用小提醒 #金牌一條根,第一行：長輩使用外用膏你會提醒什麼｜第二行：依標示使用｜第三行：安全舒緩,本內容為一般生活保健資訊，非醫療診斷或治療建議。,互動回答不取代醫師或藥師建議。,根治|治療疾病|消炎治本|打通經絡|一擦就好|保證有效|深層修復|替代藥物
LINE_OA_LINE330,LINE330,LINE 官方帳號,2026-11-15,20:00,日常活動舒適度的三個習慣,D,中,pending_legal_pharmacist_review,false,日常活動舒適度的三個習慣,"日常活動舒適度的三個習慣

40-70 歲注重日常活動舒適度的族群，今天可以留意「日常活動舒適度的三個習慣」。重點不是追求誇張效果，而是輕微關節痠痛可短期舒緩，但不可宣稱治療疾病。關節腫痛、紅熱、長期疼痛或行走困難，請就醫評估。

本產品為外用油膏，請依核准標示使用；若症狀持續或惡化，請諮詢醫師或藥師。
CTA：私訊/了解更多",,#銀髮保養 #活動舒適 #輕微痠痛 #依標示使用,第一行：日常活動舒適度的三個習慣｜第二行：依標示使用｜第三行：安全舒緩,本產品為外用油膏，請依核准標示使用；若症狀持續或惡化，請諮詢醫師或藥師。,關節腫痛、紅熱、長期疼痛或行走困難，請就醫評估。,根治|治療疾病|消炎治本|打通經絡|一擦就好|保證有效|深層修復|替代藥物
LINE_OA_LINE331,LINE331,LINE 官方帳號,2026-11-16,12:00,下班前五分鐘伸展,B,低,pending_legal_pharmacist_review,false,下班前五分鐘伸展,"下班前五分鐘伸展

長時間低頭、久坐、用電腦的上班族，今天可以留意「下班前五分鐘伸展」。重點不是追求誇張效果，而是久坐低頭後，可搭配伸展與局部按摩舒緩緊繃不適。若痠痛持續、麻木或影響活動，請諮詢醫師或藥師。

本內容為一般生活保健資訊，非醫療診斷或治療建議。
CTA：收藏提醒",,#肩頸保養 #久坐族 #日常舒緩 #依標示使用,第一行：下班前五分鐘伸展｜第二行：依標示使用｜第三行：安全舒緩,本內容為一般生活保健資訊，非醫療診斷或治療建議。,若痠痛持續、麻木或影響活動，請諮詢醫師或藥師。,根治|治療疾病|消炎治本|打通經絡|一擦就好|保證有效|深層修復|替代藥物
LINE_OA_LINE332,LINE332,LINE 官方帳號,2026-11-16,20:00,局部按摩和大面積厚敷的差別,A,中,pending_legal_pharmacist_review,false,局部按摩和大面積厚敷的差別,"局部按摩和大面積厚敷的差別

已購買或正在觀望的一條根使用者，今天可以留意「局部按摩和大面積厚敷的差別」。重點不是追求誇張效果，而是依標示外用，提供局部按摩與暫時舒緩體感。僅供外用；避免眼周、黏膜、破皮或傷口。

本產品為外用油膏，請依核准標示使用；若症狀持續或惡化，請諮詢醫師或藥師。
CTA：私訊/了解更多",,#金牌一條根 #外用油膏 #成分透明 #依標示使用,第一行：局部按摩和大面積厚敷的差別｜第二行：依標示使用｜第三行：安全舒緩,本產品為外用油膏，請依核准標示使用；若症狀持續或惡化，請諮詢醫師或藥師。,僅供外用；避免眼周、黏膜、破皮或傷口。,根治|治療疾病|消炎治本|打通經絡|一擦就好|保證有效|深層修復|替代藥物
LINE_OA_LINE333,LINE333,LINE 官方帳號,2026-11-17,12:00,秋分後外出前暖身,F,低,pending_legal_pharmacist_review,false,秋分後外出前暖身,"秋分後外出前暖身

喜歡養生、節氣與日常保健的 LINE 讀者，今天可以留意「秋分後外出前暖身」。重點不是追求誇張效果，而是以生活保健與身體覺察為主，不做醫療療效宣稱。節氣養生屬一般生活資訊，身體不適仍應諮詢專業人員。

本內容為一般生活保健資訊，非醫療診斷或治療建議。
CTA：收藏提醒",,#節氣保養 #生活保健 #日常保養 #身體覺察,第一行：秋分後外出前暖身｜第二行：依標示使用｜第三行：安全舒緩,本內容為一般生活保健資訊，非醫療診斷或治療建議。,節氣養生屬一般生活資訊，身體不適仍應諮詢專業人員。,根治|治療疾病|消炎治本|打通經絡|一擦就好|保證有效|深層修復|替代藥物
LINE_OA_LINE334,LINE334,LINE 官方帳號,2026-11-17,20:00,症狀超過七天要停用並諮詢,E,高,pending_legal_pharmacist_review,false,症狀超過七天要停用並諮詢,"症狀超過七天要停用並諮詢

所有使用者、照護者與家庭購買者，今天可以留意「症狀超過七天要停用並諮詢」。重點不是追求誇張效果，而是安全使用比用得多更重要，依標示與風險族群提醒。2 歲以下、孕哺、過敏體質、抗凝血藥使用者請先詢問專業人員。

僅供外用。避免接觸眼睛、黏膜、破皮或傷口；特殊族群使用前請先諮詢專業人員。
CTA：私訊/了解更多",,#外用安全 #用藥安全 #使用前看標示 #諮詢醫師藥師,第一行：症狀超過七天要停用並諮詢｜第二行：依標示使用｜第三行：安全舒緩,僅供外用。避免接觸眼睛、黏膜、破皮或傷口；特殊族群使用前請先諮詢專業人員。,2 歲以下、孕哺、過敏體質、抗凝血藥使用者請先詢問專業人員。,根治|治療疾病|消炎治本|打通經絡|一擦就好|保證有效|深層修復|替代藥物
LINE_OA_LINE335,LINE335,LINE 官方帳號,2026-11-18,12:00,成分透明是基本功,H,中,pending_legal_pharmacist_review,false,成分透明是基本功,"成分透明是基本功

重視藥證、成分、品質與合法性的消費者，今天可以留意「成分透明是基本功」。重點不是追求誇張效果，而是強調藥證、標示、保守宣稱與人工審核流程。所有廣告文案仍須依主管機關與專業人員審核。

本產品為外用油膏，請依核准標示使用；若症狀持續或惡化，請諮詢醫師或藥師。
CTA：收藏提醒",,#藥證可查 #品牌透明 #合法宣傳 #成分透明,第一行：成分透明是基本功｜第二行：依標示使用｜第三行：安全舒緩,本產品為外用油膏，請依核准標示使用；若症狀持續或惡化，請諮詢醫師或藥師。,所有廣告文案仍須依主管機關與專業人員審核。,根治|治療疾病|消炎治本|打通經絡|一擦就好|保證有效|深層修復|替代藥物
LINE_OA_LINE336,LINE336,LINE 官方帳號,2026-11-18,20:00,一條根可以天天厚敷嗎,G,低,pending_legal_pharmacist_review,false,一條根可以天天厚敷嗎,"一條根可以天天厚敷嗎

LINE OA 好友、回購客與新客，今天可以留意「一條根可以天天厚敷嗎」。重點不是追求誇張效果，而是用問答降低誤用，讓使用者知道何時該詢問專業人員。互動回答不取代醫師或藥師建議。

本內容為一般生活保健資訊，非醫療診斷或治療建議。
CTA：留言互動",,#互動問答 #保養知識 #使用小提醒 #金牌一條根,第一行：一條根可以天天厚敷嗎｜第二行：依標示使用｜第三行：安全舒緩,本內容為一般生活保健資訊，非醫療診斷或治療建議。,互動回答不取代醫師或藥師建議。,根治|治療疾病|消炎治本|打通經絡|一擦就好|保證有效|深層修復|替代藥物
LINE_OA_LINE337,LINE337,LINE 官方帳號,2026-11-19,12:00,運動後不要立刻熱敷加藥膏,C,中,pending_legal_pharmacist_review,false,運動後不要立刻熱敷加藥膏,"運動後不要立刻熱敷加藥膏

運動族、搬重物、久站與勞動工作者，今天可以留意「運動後不要立刻熱敷加藥膏」。重點不是追求誇張效果，而是運動或勞動後的局部肌肉痠痛，可短期按摩舒緩。明顯腫脹、劇痛、活動受限或疑似受傷時，請先就醫。

本產品為外用油膏，請依核准標示使用；若症狀持續或惡化，請諮詢醫師或藥師。
CTA：收藏提醒",,#運動後保養 #局部按摩 #肌肉痠痛 #依標示使用,第一行：運動後不要立刻熱敷加藥膏｜第二行：依標示使用｜第三行：安全舒緩,本產品為外用油膏，請依核准標示使用；若症狀持續或惡化，請諮詢醫師或藥師。,明顯腫脹、劇痛、活動受限或疑似受傷時，請先就醫。,根治|治療疾病|消炎治本|打通經絡|一擦就好|保證有效|深層修復|替代藥物
LINE_OA_LINE338,LINE338,LINE 官方帳號,2026-11-19,20:00,使用前先小範圍測試,A,中,pending_legal_pharmacist_review,false,使用前先小範圍測試,"使用前先小範圍測試

已購買或正在觀望的一條根使用者，今天可以留意「使用前先小範圍測試」。重點不是追求誇張效果，而是依標示外用，提供局部按摩與暫時舒緩體感。僅供外用；避免眼周、黏膜、破皮或傷口。

本產品為外用油膏，請依核准標示使用；若症狀持續或惡化，請諮詢醫師或藥師。
CTA：私訊/了解更多",,#金牌一條根 #外用油膏 #成分透明 #依標示使用,第一行：使用前先小範圍測試｜第二行：依標示使用｜第三行：安全舒緩,本產品為外用油膏，請依核准標示使用；若症狀持續或惡化，請諮詢醫師或藥師。,僅供外用；避免眼周、黏膜、破皮或傷口。,根治|治療疾病|消炎治本|打通經絡|一擦就好|保證有效|深層修復|替代藥物
LINE_OA_LINE339,LINE339,LINE 官方帳號,2026-11-20,12:00,長輩使用前先看標示,D,中,pending_legal_pharmacist_review,false,長輩使用前先看標示,"長輩使用前先看標示

40-70 歲注重日常活動舒適度的族群，今天可以留意「長輩使用前先看標示」。重點不是追求誇張效果，而是輕微關節痠痛可短期舒緩，但不可宣稱治療疾病。關節腫痛、紅熱、長期疼痛或行走困難，請就醫評估。

本產品為外用油膏，請依核准標示使用；若症狀持續或惡化，請諮詢醫師或藥師。
CTA：收藏提醒",,#銀髮保養 #活動舒適 #輕微痠痛 #依標示使用,第一行：長輩使用前先看標示｜第二行：依標示使用｜第三行：安全舒緩,本產品為外用油膏，請依核准標示使用；若症狀持續或惡化，請諮詢醫師或藥師。,關節腫痛、紅熱、長期疼痛或行走困難，請就醫評估。,根治|治療疾病|消炎治本|打通經絡|一擦就好|保證有效|深層修復|替代藥物
LINE_OA_LINE340,LINE340,LINE 官方帳號,2026-11-20,20:00,皮膚刺激時要停止使用,E,高,pending_legal_pharmacist_review,false,皮膚刺激時要停止使用,"皮膚刺激時要停止使用

所有使用者、照護者與家庭購買者，今天可以留意「皮膚刺激時要停止使用」。重點不是追求誇張效果，而是安全使用比用得多更重要，依標示與風險族群提醒。2 歲以下、孕哺、過敏體質、抗凝血藥使用者請先詢問專業人員。

僅供外用。避免接觸眼睛、黏膜、破皮或傷口；特殊族群使用前請先諮詢專業人員。
CTA：私訊/了解更多",,#外用安全 #用藥安全 #使用前看標示 #諮詢醫師藥師,第一行：皮膚刺激時要停止使用｜第二行：依標示使用｜第三行：安全舒緩,僅供外用。避免接觸眼睛、黏膜、破皮或傷口；特殊族群使用前請先諮詢專業人員。,2 歲以下、孕哺、過敏體質、抗凝血藥使用者請先詢問專業人員。,根治|治療疾病|消炎治本|打通經絡|一擦就好|保證有效|深層修復|替代藥物
LINE_OA_LINE341,LINE341,LINE 官方帳號,2026-11-21,12:00,寒露後肩背保養,F,低,pending_legal_pharmacist_review,false,寒露後肩背保養,"寒露後肩背保養

喜歡養生、節氣與日常保健的 LINE 讀者，今天可以留意「寒露後肩背保養」。重點不是追求誇張效果，而是以生活保健與身體覺察為主，不做醫療療效宣稱。節氣養生屬一般生活資訊，身體不適仍應諮詢專業人員。

本內容為一般生活保健資訊，非醫療診斷或治療建議。
CTA：收藏提醒",,#節氣保養 #生活保健 #日常保養 #身體覺察,第一行：寒露後肩背保養｜第二行：依標示使用｜第三行：安全舒緩,本內容為一般生活保健資訊，非醫療診斷或治療建議。,節氣養生屬一般生活資訊，身體不適仍應諮詢專業人員。,根治|治療疾病|消炎治本|打通經絡|一擦就好|保證有效|深層修復|替代藥物
LINE_OA_LINE342,LINE342,LINE 官方帳號,2026-11-21,20:00,輕微拉扯後的觀察重點,C,中,pending_legal_pharmacist_review,false,輕微拉扯後的觀察重點,"輕微拉扯後的觀察重點

運動族、搬重物、久站與勞動工作者，今天可以留意「輕微拉扯後的觀察重點」。重點不是追求誇張效果，而是運動或勞動後的局部肌肉痠痛，可短期按摩舒緩。明顯腫脹、劇痛、活動受限或疑似受傷時，請先就醫。

本產品為外用油膏，請依核准標示使用；若症狀持續或惡化，請諮詢醫師或藥師。
CTA：私訊/了解更多",,#運動後保養 #局部按摩 #肌肉痠痛 #依標示使用,第一行：輕微拉扯後的觀察重點｜第二行：依標示使用｜第三行：安全舒緩,本產品為外用油膏，請依核准標示使用；若症狀持續或惡化，請諮詢醫師或藥師。,明顯腫脹、劇痛、活動受限或疑似受傷時，請先就醫。,根治|治療疾病|消炎治本|打通經絡|一擦就好|保證有效|深層修復|替代藥物
LINE_OA_LINE343,LINE343,LINE 官方帳號,2026-11-22,12:00,擦完可以馬上熱敷嗎,G,低,pending_legal_pharmacist_review,false,擦完可以馬上熱敷嗎,"擦完可以馬上熱敷嗎

LINE OA 好友、回購客與新客，今天可以留意「擦完可以馬上熱敷嗎」。重點不是追求誇張效果，而是用問答降低誤用，讓使用者知道何時該詢問專業人員。互動回答不取代醫師或藥師建議。

本內容為一般生活保健資訊，非醫療診斷或治療建議。
CTA：留言互動",,#互動問答 #保養知識 #使用小提醒 #金牌一條根,第一行：擦完可以馬上熱敷嗎｜第二行：依標示使用｜第三行：安全舒緩,本內容為一般生活保健資訊，非醫療診斷或治療建議。,互動回答不取代醫師或藥師建議。,根治|治療疾病|消炎治本|打通經絡|一擦就好|保證有效|深層修復|替代藥物
LINE_OA_LINE344,LINE344,LINE 官方帳號,2026-11-22,20:00,別把長期疼痛只當小問題,D,中,pending_legal_pharmacist_review,false,別把長期疼痛只當小問題,"別把長期疼痛只當小問題

40-70 歲注重日常活動舒適度的族群，今天可以留意「別把長期疼痛只當小問題」。重點不是追求誇張效果，而是輕微關節痠痛可短期舒緩，但不可宣稱治療疾病。關節腫痛、紅熱、長期疼痛或行走困難，請就醫評估。

本產品為外用油膏，請依核准標示使用；若症狀持續或惡化，請諮詢醫師或藥師。
CTA：私訊/了解更多",,#銀髮保養 #活動舒適 #輕微痠痛 #依標示使用,第一行：別把長期疼痛只當小問題｜第二行：依標示使用｜第三行：安全舒緩,本產品為外用油膏，請依核准標示使用；若症狀持續或惡化，請諮詢醫師或藥師。,關節腫痛、紅熱、長期疼痛或行走困難，請就醫評估。,根治|治療疾病|消炎治本|打通經絡|一擦就好|保證有效|深層修復|替代藥物
LINE_OA_LINE345,LINE345,LINE 官方帳號,2026-11-23,12:00,滑手機後頸部保養,B,低,pending_legal_pharmacist_review,false,滑手機後頸部保養,"滑手機後頸部保養

長時間低頭、久坐、用電腦的上班族，今天可以留意「滑手機後頸部保養」。重點不是追求誇張效果，而是久坐低頭後，可搭配伸展與局部按摩舒緩緊繃不適。若痠痛持續、麻木或影響活動，請諮詢醫師或藥師。

本內容為一般生活保健資訊，非醫療診斷或治療建議。
CTA：收藏提醒",,#肩頸保養 #久坐族 #日常舒緩 #依標示使用,第一行：滑手機後頸部保養｜第二行：依標示使用｜第三行：安全舒緩,本內容為一般生活保健資訊，非醫療診斷或治療建議。,若痠痛持續、麻木或影響活動，請諮詢醫師或藥師。,根治|治療疾病|消炎治本|打通經絡|一擦就好|保證有效|深層修復|替代藥物
LINE_OA_LINE346,LINE346,LINE 官方帳號,2026-11-23,20:00,產品不是神藥，定位要講清楚,A,中,pending_legal_pharmacist_review,false,產品不是神藥，定位要講清楚,"產品不是神藥，定位要講清楚

已購買或正在觀望的一條根使用者，今天可以留意「產品不是神藥，定位要講清楚」。重點不是追求誇張效果，而是依標示外用，提供局部按摩與暫時舒緩體感。僅供外用；避免眼周、黏膜、破皮或傷口。

本產品為外用油膏，請依核准標示使用；若症狀持續或惡化，請諮詢醫師或藥師。
CTA：私訊/了解更多",,#金牌一條根 #外用油膏 #成分透明 #依標示使用,第一行：產品不是神藥，定位要講清楚｜第二行：依標示使用｜第三行：安全舒緩,本產品為外用油膏，請依核准標示使用；若症狀持續或惡化，請諮詢醫師或藥師。,僅供外用；避免眼周、黏膜、破皮或傷口。,根治|治療疾病|消炎治本|打通經絡|一擦就好|保證有效|深層修復|替代藥物
LINE_OA_LINE347,LINE347,LINE 官方帳號,2026-11-24,12:00,立冬前後的日常舒緩儀式,F,低,pending_legal_pharmacist_review,false,立冬前後的日常舒緩儀式,"立冬前後的日常舒緩儀式

喜歡養生、節氣與日常保健的 LINE 讀者，今天可以留意「立冬前後的日常舒緩儀式」。重點不是追求誇張效果，而是以生活保健與身體覺察為主，不做醫療療效宣稱。節氣養生屬一般生活資訊，身體不適仍應諮詢專業人員。

本內容為一般生活保健資訊，非醫療診斷或治療建議。
CTA：收藏提醒",,#節氣保養 #生活保健 #日常保養 #身體覺察,第一行：立冬前後的日常舒緩儀式｜第二行：依標示使用｜第三行：安全舒緩,本內容為一般生活保健資訊，非醫療診斷或治療建議。,節氣養生屬一般生活資訊，身體不適仍應諮詢專業人員。,根治|治療疾病|消炎治本|打通經絡|一擦就好|保證有效|深層修復|替代藥物
LINE_OA_LINE348,LINE348,LINE 官方帳號,2026-11-24,20:00,深層症狀不適合自行處理,E,高,pending_legal_pharmacist_review,false,深層症狀不適合自行處理,"深層症狀不適合自行處理

所有使用者、照護者與家庭購買者，今天可以留意「深層症狀不適合自行處理」。重點不是追求誇張效果，而是安全使用比用得多更重要，依標示與風險族群提醒。2 歲以下、孕哺、過敏體質、抗凝血藥使用者請先詢問專業人員。

僅供外用。避免接觸眼睛、黏膜、破皮或傷口；特殊族群使用前請先諮詢專業人員。
CTA：私訊/了解更多",,#外用安全 #用藥安全 #使用前看標示 #諮詢醫師藥師,第一行：深層症狀不適合自行處理｜第二行：依標示使用｜第三行：安全舒緩,僅供外用。避免接觸眼睛、黏膜、破皮或傷口；特殊族群使用前請先諮詢專業人員。,2 歲以下、孕哺、過敏體質、抗凝血藥使用者請先詢問專業人員。,根治|治療疾病|消炎治本|打通經絡|一擦就好|保證有效|深層修復|替代藥物
LINE_OA_LINE349,LINE349,LINE 官方帳號,2026-11-25,12:00,每篇貼文都要人工審核,H,中,pending_legal_pharmacist_review,false,每篇貼文都要人工審核,"每篇貼文都要人工審核

重視藥證、成分、品質與合法性的消費者，今天可以留意「每篇貼文都要人工審核」。重點不是追求誇張效果，而是強調藥證、標示、保守宣稱與人工審核流程。所有廣告文案仍須依主管機關與專業人員審核。

本產品為外用油膏，請依核准標示使用；若症狀持續或惡化，請諮詢醫師或藥師。
CTA：收藏提醒",,#藥證可查 #品牌透明 #合法宣傳 #成分透明,第一行：每篇貼文都要人工審核｜第二行：依標示使用｜第三行：安全舒緩,本產品為外用油膏，請依核准標示使用；若症狀持續或惡化，請諮詢醫師或藥師。,所有廣告文案仍須依主管機關與專業人員審核。,根治|治療疾病|消炎治本|打通經絡|一擦就好|保證有效|深層修復|替代藥物
LINE_OA_LINE350,LINE350,LINE 官方帳號,2026-11-25,20:00,哪些情況應該先就醫,G,低,pending_legal_pharmacist_review,false,哪些情況應該先就醫,"哪些情況應該先就醫

LINE OA 好友、回購客與新客，今天可以留意「哪些情況應該先就醫」。重點不是追求誇張效果，而是用問答降低誤用，讓使用者知道何時該詢問專業人員。互動回答不取代醫師或藥師建議。

本內容為一般生活保健資訊，非醫療診斷或治療建議。
CTA：留言互動",,#互動問答 #保養知識 #使用小提醒 #金牌一條根,第一行：哪些情況應該先就醫｜第二行：依標示使用｜第三行：安全舒緩,本內容為一般生活保健資訊，非醫療診斷或治療建議。,互動回答不取代醫師或藥師建議。,根治|治療疾病|消炎治本|打通經絡|一擦就好|保證有效|深層修復|替代藥物
LINE_OA_LINE351,LINE351,LINE 官方帳號,2026-11-26,12:00,運動後局部痠痛的保守處理,C,中,pending_legal_pharmacist_review,false,運動後局部痠痛的保守處理,"運動後局部痠痛的保守處理

運動族、搬重物、久站與勞動工作者，今天可以留意「運動後局部痠痛的保守處理」。重點不是追求誇張效果，而是運動或勞動後的局部肌肉痠痛，可短期按摩舒緩。明顯腫脹、劇痛、活動受限或疑似受傷時，請先就醫。

本產品為外用油膏，請依核准標示使用；若症狀持續或惡化，請諮詢醫師或藥師。
CTA：收藏提醒",,#運動後保養 #局部按摩 #肌肉痠痛 #依標示使用,第一行：運動後局部痠痛的保守處理｜第二行：依標示使用｜第三行：安全舒緩,本產品為外用油膏，請依核准標示使用；若症狀持續或惡化，請諮詢醫師或藥師。,明顯腫脹、劇痛、活動受限或疑似受傷時，請先就醫。,根治|治療疾病|消炎治本|打通經絡|一擦就好|保證有效|深層修復|替代藥物
LINE_OA_LINE352,LINE352,LINE 官方帳號,2026-11-26,20:00,冬青油與清涼舒緩體感,A,中,pending_legal_pharmacist_review,false,冬青油與清涼舒緩體感,"冬青油與清涼舒緩體感

已購買或正在觀望的一條根使用者，今天可以留意「冬青油與清涼舒緩體感」。重點不是追求誇張效果，而是依標示外用，提供局部按摩與暫時舒緩體感。僅供外用；避免眼周、黏膜、破皮或傷口。

本產品為外用油膏，請依核准標示使用；若症狀持續或惡化，請諮詢醫師或藥師。
CTA：私訊/了解更多",,#金牌一條根 #外用油膏 #成分透明 #依標示使用,第一行：冬青油與清涼舒緩體感｜第二行：依標示使用｜第三行：安全舒緩,本產品為外用油膏，請依核准標示使用；若症狀持續或惡化，請諮詢醫師或藥師。,僅供外用；避免眼周、黏膜、破皮或傷口。,根治|治療疾病|消炎治本|打通經絡|一擦就好|保證有效|深層修復|替代藥物
LINE_OA_LINE353,LINE353,LINE 官方帳號,2026-11-27,12:00,早晨活動前的關節暖身,D,中,pending_legal_pharmacist_review,false,早晨活動前的關節暖身,"早晨活動前的關節暖身

40-70 歲注重日常活動舒適度的族群，今天可以留意「早晨活動前的關節暖身」。重點不是追求誇張效果，而是輕微關節痠痛可短期舒緩，但不可宣稱治療疾病。關節腫痛、紅熱、長期疼痛或行走困難，請就醫評估。

本產品為外用油膏，請依核准標示使用；若症狀持續或惡化，請諮詢醫師或藥師。
CTA：收藏提醒",,#銀髮保養 #活動舒適 #輕微痠痛 #依標示使用,第一行：早晨活動前的關節暖身｜第二行：依標示使用｜第三行：安全舒緩,本產品為外用油膏，請依核准標示使用；若症狀持續或惡化，請諮詢醫師或藥師。,關節腫痛、紅熱、長期疼痛或行走困難，請就醫評估。,根治|治療疾病|消炎治本|打通經絡|一擦就好|保證有效|深層修復|替代藥物
LINE_OA_LINE354,LINE354,LINE 官方帳號,2026-11-27,20:00,不能擦在破皮或傷口,E,高,pending_legal_pharmacist_review,false,不能擦在破皮或傷口,"不能擦在破皮或傷口

所有使用者、照護者與家庭購買者，今天可以留意「不能擦在破皮或傷口」。重點不是追求誇張效果，而是安全使用比用得多更重要，依標示與風險族群提醒。2 歲以下、孕哺、過敏體質、抗凝血藥使用者請先詢問專業人員。

僅供外用。避免接觸眼睛、黏膜、破皮或傷口；特殊族群使用前請先諮詢專業人員。
CTA：私訊/了解更多",,#外用安全 #用藥安全 #使用前看標示 #諮詢醫師藥師,第一行：不能擦在破皮或傷口｜第二行：依標示使用｜第三行：安全舒緩,僅供外用。避免接觸眼睛、黏膜、破皮或傷口；特殊族群使用前請先諮詢專業人員。,2 歲以下、孕哺、過敏體質、抗凝血藥使用者請先詢問專業人員。,根治|治療疾病|消炎治本|打通經絡|一擦就好|保證有效|深層修復|替代藥物
LINE_OA_LINE355,LINE355,LINE 官方帳號,2026-11-28,12:00,芒種後濕熱生活保養,F,低,pending_legal_pharmacist_review,false,芒種後濕熱生活保養,"芒種後濕熱生活保養

喜歡養生、節氣與日常保健的 LINE 讀者，今天可以留意「芒種後濕熱生活保養」。重點不是追求誇張效果，而是以生活保健與身體覺察為主，不做醫療療效宣稱。節氣養生屬一般生活資訊，身體不適仍應諮詢專業人員。

本內容為一般生活保健資訊，非醫療診斷或治療建議。
CTA：收藏提醒",,#節氣保養 #生活保健 #日常保養 #身體覺察,第一行：芒種後濕熱生活保養｜第二行：依標示使用｜第三行：安全舒緩,本內容為一般生活保健資訊，非醫療診斷或治療建議。,節氣養生屬一般生活資訊，身體不適仍應諮詢專業人員。,根治|治療疾病|消炎治本|打通經絡|一擦就好|保證有效|深層修復|替代藥物
LINE_OA_LINE356,LINE356,LINE 官方帳號,2026-11-28,20:00,久站後小腿不適舒緩,C,中,pending_legal_pharmacist_review,false,久站後小腿不適舒緩,"久站後小腿不適舒緩

運動族、搬重物、久站與勞動工作者，今天可以留意「久站後小腿不適舒緩」。重點不是追求誇張效果，而是運動或勞動後的局部肌肉痠痛，可短期按摩舒緩。明顯腫脹、劇痛、活動受限或疑似受傷時，請先就醫。

本產品為外用油膏，請依核准標示使用；若症狀持續或惡化，請諮詢醫師或藥師。
CTA：私訊/了解更多",,#運動後保養 #局部按摩 #肌肉痠痛 #依標示使用,第一行：久站後小腿不適舒緩｜第二行：依標示使用｜第三行：安全舒緩,本產品為外用油膏，請依核准標示使用；若症狀持續或惡化，請諮詢醫師或藥師。,明顯腫脹、劇痛、活動受限或疑似受傷時，請先就醫。,根治|治療疾病|消炎治本|打通經絡|一擦就好|保證有效|深層修復|替代藥物
LINE_OA_LINE357,LINE357,LINE 官方帳號,2026-11-29,12:00,你最常哪個部位緊繃,G,低,pending_legal_pharmacist_review,false,你最常哪個部位緊繃,"你最常哪個部位緊繃

LINE OA 好友、回購客與新客，今天可以留意「你最常哪個部位緊繃」。重點不是追求誇張效果，而是用問答降低誤用，讓使用者知道何時該詢問專業人員。互動回答不取代醫師或藥師建議。

本內容為一般生活保健資訊，非醫療診斷或治療建議。
CTA：留言互動",,#互動問答 #保養知識 #使用小提醒 #金牌一條根,第一行：你最常哪個部位緊繃｜第二行：依標示使用｜第三行：安全舒緩,本內容為一般生活保健資訊，非醫療診斷或治療建議。,互動回答不取代醫師或藥師建議。,根治|治療疾病|消炎治本|打通經絡|一擦就好|保證有效|深層修復|替代藥物
LINE_OA_LINE358,LINE358,LINE 官方帳號,2026-11-29,20:00,長輩外用膏使用安全,D,中,pending_legal_pharmacist_review,false,長輩外用膏使用安全,"長輩外用膏使用安全

40-70 歲注重日常活動舒適度的族群，今天可以留意「長輩外用膏使用安全」。重點不是追求誇張效果，而是輕微關節痠痛可短期舒緩，但不可宣稱治療疾病。關節腫痛、紅熱、長期疼痛或行走困難，請就醫評估。

本產品為外用油膏，請依核准標示使用；若症狀持續或惡化，請諮詢醫師或藥師。
CTA：私訊/了解更多",,#銀髮保養 #活動舒適 #輕微痠痛 #依標示使用,第一行：長輩外用膏使用安全｜第二行：依標示使用｜第三行：安全舒緩,本產品為外用油膏，請依核准標示使用；若症狀持續或惡化，請諮詢醫師或藥師。,關節腫痛、紅熱、長期疼痛或行走困難，請就醫評估。,根治|治療疾病|消炎治本|打通經絡|一擦就好|保證有效|深層修復|替代藥物
LINE_OA_LINE359,LINE359,LINE 官方帳號,2026-11-30,12:00,辦公桌前的姿勢檢查,B,低,pending_legal_pharmacist_review,false,辦公桌前的姿勢檢查,"辦公桌前的姿勢檢查

長時間低頭、久坐、用電腦的上班族，今天可以留意「辦公桌前的姿勢檢查」。重點不是追求誇張效果，而是久坐低頭後，可搭配伸展與局部按摩舒緩緊繃不適。若痠痛持續、麻木或影響活動，請諮詢醫師或藥師。

本內容為一般生活保健資訊，非醫療診斷或治療建議。
CTA：收藏提醒",,#肩頸保養 #久坐族 #日常舒緩 #依標示使用,第一行：辦公桌前的姿勢檢查｜第二行：依標示使用｜第三行：安全舒緩,本內容為一般生活保健資訊，非醫療診斷或治療建議。,若痠痛持續、麻木或影響活動，請諮詢醫師或藥師。,根治|治療疾病|消炎治本|打通經絡|一擦就好|保證有效|深層修復|替代藥物
LINE_OA_LINE360,LINE360,LINE 官方帳號,2026-11-30,20:00,薄荷腦帶來的涼感來源,A,中,pending_legal_pharmacist_review,false,薄荷腦帶來的涼感來源,"薄荷腦帶來的涼感來源

已購買或正在觀望的一條根使用者，今天可以留意「薄荷腦帶來的涼感來源」。重點不是追求誇張效果，而是依標示外用，提供局部按摩與暫時舒緩體感。僅供外用；避免眼周、黏膜、破皮或傷口。

本產品為外用油膏，請依核准標示使用；若症狀持續或惡化，請諮詢醫師或藥師。
CTA：私訊/了解更多",,#金牌一條根 #外用油膏 #成分透明 #依標示使用,第一行：薄荷腦帶來的涼感來源｜第二行：依標示使用｜第三行：安全舒緩,本產品為外用油膏，請依核准標示使用；若症狀持續或惡化，請諮詢醫師或藥師。,僅供外用；避免眼周、黏膜、破皮或傷口。,根治|治療疾病|消炎治本|打通經絡|一擦就好|保證有效|深層修復|替代藥物
