"dry_run_id","source_post_id","platform_post_id","platform","scheduled_date","scheduled_time","topic_title","pillar_code","risk_level","original_review_status","publish_allowed","dry_run_status","compliance_status","forbidden_term_hits","draft_title","main_text","caption_or_description","asset_brief","trust_assets_required","truth_basis","must_verify_before_publish","workflow_action","human_decision","reviewer","review_notes","original_scheduled_date"
"LINE_DRYRUN_001","LINE001","LINE_OA_LINE001_V2","LINE_OA","2026-06-17","12:00","運動後局部痠痛的保守處理","C","中","pending_legal_pharmacist_review","NO","FUTURE_RESCHEDULED_PENDING_HUMAN_REVIEW_ONLY","NEEDS_HUMAN_REVIEW_SAFE_TERM_CHECK","","運動後局部痠痛的保守處理","運動後局部痠痛的保守處理

運動、搬重物、久站後，身體局部不適時，先休息、觀察，再做保守保養。

這款定位是外用油膏，重點是局部按摩、依標示使用。衛署成製015614，乙類成藥，資料可至衛福部中藥許可證系統查詢。

外用產品請依標示使用；身體不適、症狀持續或惡化時，請諮詢醫師或藥師。
下單前可先私訊索取藥證查詢方式與外盒標示照片。","","圖卡：運動後局部痠痛的保守處理 / 藥證可查 / 依標示使用","建議搭配：外盒標示實拍、藥證查詢截圖、產品質地短影片、客服回覆截圖（遮個資）。","衛福部中藥許可證：衛署成製015614；類別：乙類成藥；劑型：油膏劑。","退換貨、付款、客服、出貨、價格、通路與任何見證內容，發布前須由人工確認。","NO_LINE_API_CALL_NO_AUTO_PUBLISH_REVIEW_QUEUE_ONLY","","","","2026-06-04"
"LINE_DRYRUN_002","LINE002","LINE_OA_LINE002_V2","LINE_OA","2026-06-17","20:00","冬青油與清涼舒緩體感","A","中","pending_legal_pharmacist_review","NO","FUTURE_RESCHEDULED_PENDING_HUMAN_REVIEW_ONLY","NEEDS_HUMAN_REVIEW_SAFE_TERM_CHECK","","冬青油與清涼舒緩體感","冬青油與清涼舒緩體感

下單前，先看得懂標示與成分，比聽誇張話術更安心。

這款定位是外用油膏，重點是局部按摩、依標示使用。衛署成製015614，乙類成藥，資料可至衛福部中藥許可證系統查詢。

外用產品請依標示使用；身體不適、症狀持續或惡化時，請諮詢醫師或藥師。
下單前可先私訊索取藥證查詢方式與外盒標示照片。","","圖卡：冬青油與清涼舒緩體感 / 藥證可查 / 依標示使用","建議搭配：外盒標示實拍、藥證查詢截圖、產品質地短影片、客服回覆截圖（遮個資）。","衛福部中藥許可證：衛署成製015614；類別：乙類成藥；劑型：油膏劑。","退換貨、付款、客服、出貨、價格、通路與任何見證內容，發布前須由人工確認。","NO_LINE_API_CALL_NO_AUTO_PUBLISH_REVIEW_QUEUE_ONLY","","","","2026-06-04"
"LINE_DRYRUN_003","LINE003","LINE_OA_LINE003_V2","LINE_OA","2026-06-18","12:00","早晨活動前的關節暖身","D","中","pending_legal_pharmacist_review","NO","FUTURE_RESCHEDULED_PENDING_HUMAN_REVIEW_ONLY","NEEDS_HUMAN_REVIEW_SAFE_TERM_CHECK","","早晨活動前的關節暖身","早晨活動前的關節暖身

幫長輩準備外用產品時，最重要的是安全、清楚、不要亂用。

這款定位是外用油膏，重點是局部按摩、依標示使用。衛署成製015614，乙類成藥，資料可至衛福部中藥許可證系統查詢。

外用產品請依標示使用；身體不適、症狀持續或惡化時，請諮詢醫師或藥師。
下單前可先私訊索取藥證查詢方式與外盒標示照片。","","圖卡：早晨活動前的關節暖身 / 藥證可查 / 依標示使用","建議搭配：外盒標示實拍、藥證查詢截圖、產品質地短影片、客服回覆截圖（遮個資）。","衛福部中藥許可證：衛署成製015614；類別：乙類成藥；劑型：油膏劑。","退換貨、付款、客服、出貨、價格、通路與任何見證內容，發布前須由人工確認。","NO_LINE_API_CALL_NO_AUTO_PUBLISH_REVIEW_QUEUE_ONLY","","","","2026-06-05"
"LINE_DRYRUN_004","LINE004","LINE_OA_LINE004_V2","LINE_OA","2026-06-18","20:00","不能擦在破皮或傷口","E","高","pending_legal_pharmacist_review","NO","FUTURE_RESCHEDULED_PENDING_HUMAN_REVIEW_ONLY","NEEDS_HUMAN_REVIEW_SAFE_TERM_CHECK","","不能擦在破皮或傷口","不能擦在破皮或傷口

外用產品不是擦越多越好，用對位置、避開風險才安心。

這款定位是外用油膏，重點是局部按摩、依標示使用。衛署成製015614，乙類成藥，資料可至衛福部中藥許可證系統查詢。

外用產品請依標示使用；身體不適、症狀持續或惡化時，請諮詢醫師或藥師。
下單前可先私訊索取藥證查詢方式與外盒標示照片。","","圖卡：不能擦在破皮或傷口 / 藥證可查 / 依標示使用","建議搭配：外盒標示實拍、藥證查詢截圖、產品質地短影片、客服回覆截圖（遮個資）。","衛福部中藥許可證：衛署成製015614；類別：乙類成藥；劑型：油膏劑。","退換貨、付款、客服、出貨、價格、通路與任何見證內容，發布前須由人工確認。","NO_LINE_API_CALL_NO_AUTO_PUBLISH_REVIEW_QUEUE_ONLY","","","","2026-06-05"
"LINE_DRYRUN_005","LINE005","LINE_OA_LINE005_V2","LINE_OA","2026-06-19","12:00","芒種後濕熱生活保養","F","低","pending_legal_pharmacist_review","NO","FUTURE_RESCHEDULED_PENDING_HUMAN_REVIEW_ONLY","NEEDS_HUMAN_REVIEW_SAFE_TERM_CHECK","","芒種後濕熱生活保養","芒種後濕熱生活保養

換季時，身體保養不需要複雜，穩定的小習慣比較長久。

這款定位是外用油膏，重點是局部按摩、依標示使用。衛署成製015614，乙類成藥，資料可至衛福部中藥許可證系統查詢。

外用產品請依標示使用；身體不適、症狀持續或惡化時，請諮詢醫師或藥師。
下單前可先私訊索取藥證查詢方式與外盒標示照片。","","圖卡：芒種後濕熱生活保養 / 藥證可查 / 依標示使用","建議搭配：外盒標示實拍、藥證查詢截圖、產品質地短影片、客服回覆截圖（遮個資）。","衛福部中藥許可證：衛署成製015614；類別：乙類成藥；劑型：油膏劑。","退換貨、付款、客服、出貨、價格、通路與任何見證內容，發布前須由人工確認。","NO_LINE_API_CALL_NO_AUTO_PUBLISH_REVIEW_QUEUE_ONLY","","","","2026-06-06"
"LINE_DRYRUN_006","LINE006","LINE_OA_LINE006_V2","LINE_OA","2026-06-19","20:00","久站後小腿不適舒緩","C","中","pending_legal_pharmacist_review","NO","FUTURE_RESCHEDULED_PENDING_HUMAN_REVIEW_ONLY","NEEDS_HUMAN_REVIEW_SAFE_TERM_CHECK","","久站後小腿不適舒緩","久站後小腿不適舒緩

運動、搬重物、久站後，身體局部不適時，先休息、觀察，再做保守保養。

這款定位是外用油膏，重點是局部按摩、依標示使用。衛署成製015614，乙類成藥，資料可至衛福部中藥許可證系統查詢。

外用產品請依標示使用；身體不適、症狀持續或惡化時，請諮詢醫師或藥師。
下單前可先私訊索取藥證查詢方式與外盒標示照片。","","圖卡：久站後小腿不適舒緩 / 藥證可查 / 依標示使用","建議搭配：外盒標示實拍、藥證查詢截圖、產品質地短影片、客服回覆截圖（遮個資）。","衛福部中藥許可證：衛署成製015614；類別：乙類成藥；劑型：油膏劑。","退換貨、付款、客服、出貨、價格、通路與任何見證內容，發布前須由人工確認。","NO_LINE_API_CALL_NO_AUTO_PUBLISH_REVIEW_QUEUE_ONLY","","","","2026-06-06"
"LINE_DRYRUN_007","LINE007","LINE_OA_LINE007_V2","LINE_OA","2026-06-20","12:00","你最常哪個部位緊繃","G","低","pending_legal_pharmacist_review","NO","FUTURE_RESCHEDULED_PENDING_HUMAN_REVIEW_ONLY","NEEDS_HUMAN_REVIEW_SAFE_TERM_CHECK","","你最常哪個部位緊繃","你最常哪個部位緊繃

很多人不是不想保養，是不知道什麼情況該先問清楚。

這款定位是外用油膏，重點是局部按摩、依標示使用。衛署成製015614，乙類成藥，資料可至衛福部中藥許可證系統查詢。

外用產品請依標示使用；身體不適、症狀持續或惡化時，請諮詢醫師或藥師。
下單前可先私訊索取藥證查詢方式與外盒標示照片。","","圖卡：你最常哪個部位緊繃 / 藥證可查 / 依標示使用","建議搭配：外盒標示實拍、藥證查詢截圖、產品質地短影片、客服回覆截圖（遮個資）。","衛福部中藥許可證：衛署成製015614；類別：乙類成藥；劑型：油膏劑。","退換貨、付款、客服、出貨、價格、通路與任何見證內容，發布前須由人工確認。","NO_LINE_API_CALL_NO_AUTO_PUBLISH_REVIEW_QUEUE_ONLY","","","","2026-06-07"
"LINE_DRYRUN_008","LINE008","LINE_OA_LINE008_V2","LINE_OA","2026-06-20","20:00","長輩外用膏使用安全","D","中","pending_legal_pharmacist_review","NO","FUTURE_RESCHEDULED_PENDING_HUMAN_REVIEW_ONLY","NEEDS_HUMAN_REVIEW_SAFE_TERM_CHECK","","長輩外用膏使用安全","長輩外用膏使用安全

幫長輩準備外用產品時，最重要的是安全、清楚、不要亂用。

這款定位是外用油膏，重點是局部按摩、依標示使用。衛署成製015614，乙類成藥，資料可至衛福部中藥許可證系統查詢。

外用產品請依標示使用；身體不適、症狀持續或惡化時，請諮詢醫師或藥師。
下單前可先私訊索取藥證查詢方式與外盒標示照片。","","圖卡：長輩外用膏使用安全 / 藥證可查 / 依標示使用","建議搭配：外盒標示實拍、藥證查詢截圖、產品質地短影片、客服回覆截圖（遮個資）。","衛福部中藥許可證：衛署成製015614；類別：乙類成藥；劑型：油膏劑。","退換貨、付款、客服、出貨、價格、通路與任何見證內容，發布前須由人工確認。","NO_LINE_API_CALL_NO_AUTO_PUBLISH_REVIEW_QUEUE_ONLY","","","","2026-06-07"
"LINE_DRYRUN_009","LINE009","LINE_OA_LINE009_V2","LINE_OA","2026-06-21","12:00","低頭族肩頸緊繃的三個提醒","B","低","pending_legal_pharmacist_review","NO","FUTURE_RESCHEDULED_PENDING_HUMAN_REVIEW_ONLY","PASS_DRY_RUN_PENDING_HUMAN_REVIEW","","低頭族肩頸緊繃的三個提醒","低頭族肩頸緊繃的三個提醒

久坐、低頭、開會一整天後，肩頸常會提醒你該放鬆一下。

這款定位是外用油膏，重點是局部按摩、依標示使用。衛署成製015614，乙類成藥，資料可至衛福部中藥許可證系統查詢。

外用產品請依標示使用；身體不適、症狀持續或惡化時，請諮詢醫師或藥師。
下單前可先私訊索取藥證查詢方式與外盒標示照片。","","圖卡：低頭族肩頸緊繃的三個提醒 / 藥證可查 / 依標示使用","建議搭配：外盒標示實拍、藥證查詢截圖、產品質地短影片、客服回覆截圖（遮個資）。","衛福部中藥許可證：衛署成製015614；類別：乙類成藥；劑型：油膏劑。","退換貨、付款、客服、出貨、價格、通路與任何見證內容，發布前須由人工確認。","NO_LINE_API_CALL_NO_AUTO_PUBLISH_REVIEW_QUEUE_ONLY","","","","2026-06-08"
"LINE_DRYRUN_010","LINE010","LINE_OA_LINE010_V2","LINE_OA","2026-06-21","20:00","薄荷腦帶來的涼感來源","A","中","pending_legal_pharmacist_review","NO","FUTURE_RESCHEDULED_PENDING_HUMAN_REVIEW_ONLY","NEEDS_HUMAN_REVIEW_SAFE_TERM_CHECK","","薄荷腦帶來的涼感來源","薄荷腦帶來的涼感來源

下單前，先看得懂標示與成分，比聽誇張話術更安心。

這款定位是外用油膏，重點是局部按摩、依標示使用。衛署成製015614，乙類成藥，資料可至衛福部中藥許可證系統查詢。

外用產品請依標示使用；身體不適、症狀持續或惡化時，請諮詢醫師或藥師。
下單前可先私訊索取藥證查詢方式與外盒標示照片。","","圖卡：薄荷腦帶來的涼感來源 / 藥證可查 / 依標示使用","建議搭配：外盒標示實拍、藥證查詢截圖、產品質地短影片、客服回覆截圖（遮個資）。","衛福部中藥許可證：衛署成製015614；類別：乙類成藥；劑型：油膏劑。","退換貨、付款、客服、出貨、價格、通路與任何見證內容，發布前須由人工確認。","NO_LINE_API_CALL_NO_AUTO_PUBLISH_REVIEW_QUEUE_ONLY","","","","2026-06-08"
"LINE_DRYRUN_011","LINE011","LINE_OA_LINE011_V2","LINE_OA","2026-06-22","12:00","夏季冷氣房的肩頸保養","F","低","pending_legal_pharmacist_review","NO","FUTURE_RESCHEDULED_PENDING_HUMAN_REVIEW_ONLY","NEEDS_HUMAN_REVIEW_SAFE_TERM_CHECK","","夏季冷氣房的肩頸保養","夏季冷氣房的肩頸保養

換季時，身體保養不需要複雜，穩定的小習慣比較長久。

這款定位是外用油膏，重點是局部按摩、依標示使用。衛署成製015614，乙類成藥，資料可至衛福部中藥許可證系統查詢。

外用產品請依標示使用；身體不適、症狀持續或惡化時，請諮詢醫師或藥師。
下單前可先私訊索取藥證查詢方式與外盒標示照片。","","圖卡：夏季冷氣房的肩頸保養 / 藥證可查 / 依標示使用","建議搭配：外盒標示實拍、藥證查詢截圖、產品質地短影片、客服回覆截圖（遮個資）。","衛福部中藥許可證：衛署成製015614；類別：乙類成藥；劑型：油膏劑。","退換貨、付款、客服、出貨、價格、通路與任何見證內容，發布前須由人工確認。","NO_LINE_API_CALL_NO_AUTO_PUBLISH_REVIEW_QUEUE_ONLY","","","","2026-06-09"
"LINE_DRYRUN_012","LINE012","LINE_OA_LINE012_V2","LINE_OA","2026-06-22","20:00","外用膏避免眼周與黏膜","E","高","pending_legal_pharmacist_review","NO","FUTURE_RESCHEDULED_PENDING_HUMAN_REVIEW_ONLY","NEEDS_HUMAN_REVIEW_SAFE_TERM_CHECK","","外用膏避免眼周與黏膜","外用膏避免眼周與黏膜

外用產品不是擦越多越好，用對位置、避開風險才安心。

這款定位是外用油膏，重點是局部按摩、依標示使用。衛署成製015614，乙類成藥，資料可至衛福部中藥許可證系統查詢。

外用產品請依標示使用；身體不適、症狀持續或惡化時，請諮詢醫師或藥師。
下單前可先私訊索取藥證查詢方式與外盒標示照片。","","圖卡：外用膏避免眼周與黏膜 / 藥證可查 / 依標示使用","建議搭配：外盒標示實拍、藥證查詢截圖、產品質地短影片、客服回覆截圖（遮個資）。","衛福部中藥許可證：衛署成製015614；類別：乙類成藥；劑型：油膏劑。","退換貨、付款、客服、出貨、價格、通路與任何見證內容，發布前須由人工確認。","NO_LINE_API_CALL_NO_AUTO_PUBLISH_REVIEW_QUEUE_ONLY","","","","2026-06-09"
"LINE_DRYRUN_013","LINE013","LINE_OA_LINE013_V2","LINE_OA","2026-06-23","12:00","為什麼我們重視藥證與標示","H","中","pending_legal_pharmacist_review","NO","FUTURE_RESCHEDULED_PENDING_HUMAN_REVIEW_ONLY","NEEDS_HUMAN_REVIEW_SAFE_TERM_CHECK","","為什麼我們重視藥證與標示","為什麼我們重視藥證與標示

我們寧願把資料講清楚，也不想用誇大的話讓你衝動購買。

這款定位是外用油膏，重點是局部按摩、依標示使用。衛署成製015614，乙類成藥，資料可至衛福部中藥許可證系統查詢。

外用產品請依標示使用；身體不適、症狀持續或惡化時，請諮詢醫師或藥師。
下單前可先私訊索取藥證查詢方式與外盒標示照片。","","圖卡：為什麼我們重視藥證與標示 / 藥證可查 / 依標示使用","建議搭配：外盒標示實拍、藥證查詢截圖、產品質地短影片、客服回覆截圖（遮個資）。","衛福部中藥許可證：衛署成製015614；類別：乙類成藥；劑型：油膏劑。","退換貨、付款、客服、出貨、價格、通路與任何見證內容，發布前須由人工確認。","NO_LINE_API_CALL_NO_AUTO_PUBLISH_REVIEW_QUEUE_ONLY","","","","2026-06-10"
"LINE_DRYRUN_014","LINE014","LINE_OA_LINE014_V2","LINE_OA","2026-06-23","20:00","你習慣運動前還是運動後保養","G","低","pending_legal_pharmacist_review","NO","FUTURE_RESCHEDULED_PENDING_HUMAN_REVIEW_ONLY","NEEDS_HUMAN_REVIEW_SAFE_TERM_CHECK","","你習慣運動前還是運動後保養","你習慣運動前還是運動後保養

很多人不是不想保養，是不知道什麼情況該先問清楚。

這款定位是外用油膏，重點是局部按摩、依標示使用。衛署成製015614，乙類成藥，資料可至衛福部中藥許可證系統查詢。

外用產品請依標示使用；身體不適、症狀持續或惡化時，請諮詢醫師或藥師。
下單前可先私訊索取藥證查詢方式與外盒標示照片。","","圖卡：你習慣運動前還是運動後保養 / 藥證可查 / 依標示使用","建議搭配：外盒標示實拍、藥證查詢截圖、產品質地短影片、客服回覆截圖（遮個資）。","衛福部中藥許可證：衛署成製015614；類別：乙類成藥；劑型：油膏劑。","退換貨、付款、客服、出貨、價格、通路與任何見證內容，發布前須由人工確認。","NO_LINE_API_CALL_NO_AUTO_PUBLISH_REVIEW_QUEUE_ONLY","","","","2026-06-10"
"LINE_DRYRUN_015","LINE015","LINE_OA_LINE015_V2","LINE_OA","2026-06-24","12:00","搬重物後腰背保養","C","中","pending_legal_pharmacist_review","NO","FUTURE_RESCHEDULED_PENDING_HUMAN_REVIEW_ONLY","NEEDS_HUMAN_REVIEW_SAFE_TERM_CHECK","","搬重物後腰背保養","搬重物後腰背保養

運動、搬重物、久站後，身體局部不適時，先休息、觀察，再做保守保養。

這款定位是外用油膏，重點是局部按摩、依標示使用。衛署成製015614，乙類成藥，資料可至衛福部中藥許可證系統查詢。

外用產品請依標示使用；身體不適、症狀持續或惡化時，請諮詢醫師或藥師。
下單前可先私訊索取藥證查詢方式與外盒標示照片。","","圖卡：搬重物後腰背保養 / 藥證可查 / 依標示使用","建議搭配：外盒標示實拍、藥證查詢截圖、產品質地短影片、客服回覆截圖（遮個資）。","衛福部中藥許可證：衛署成製015614；類別：乙類成藥；劑型：油膏劑。","退換貨、付款、客服、出貨、價格、通路與任何見證內容，發布前須由人工確認。","NO_LINE_API_CALL_NO_AUTO_PUBLISH_REVIEW_QUEUE_ONLY","","","","2026-06-11"
"LINE_DRYRUN_016","LINE016","LINE_OA_LINE016_V2","LINE_OA","2026-06-24","20:00","樟腦外用時的注意界線","A","中","pending_legal_pharmacist_review","NO","FUTURE_RESCHEDULED_PENDING_HUMAN_REVIEW_ONLY","NEEDS_HUMAN_REVIEW_SAFE_TERM_CHECK","","樟腦外用時的注意界線","樟腦外用時的注意界線

下單前，先看得懂標示與成分，比聽誇張話術更安心。

這款定位是外用油膏，重點是局部按摩、依標示使用。衛署成製015614，乙類成藥，資料可至衛福部中藥許可證系統查詢。

外用產品請依標示使用；身體不適、症狀持續或惡化時，請諮詢醫師或藥師。
下單前可先私訊索取藥證查詢方式與外盒標示照片。","","圖卡：樟腦外用時的注意界線 / 藥證可查 / 依標示使用","建議搭配：外盒標示實拍、藥證查詢截圖、產品質地短影片、客服回覆截圖（遮個資）。","衛福部中藥許可證：衛署成製015614；類別：乙類成藥；劑型：油膏劑。","退換貨、付款、客服、出貨、價格、通路與任何見證內容，發布前須由人工確認。","NO_LINE_API_CALL_NO_AUTO_PUBLISH_REVIEW_QUEUE_ONLY","","","","2026-06-11"
"LINE_DRYRUN_017","LINE017","LINE_OA_LINE017_V2","LINE_OA","2026-06-25","12:00","輕微關節不適，日常保養要分清楚","D","中","pending_legal_pharmacist_review","NO","FUTURE_RESCHEDULED_PENDING_HUMAN_REVIEW_ONLY","PASS_REWRITTEN_PENDING_HUMAN_REVIEW","","輕微關節不適，日常保養要分清楚","輕微關節不適，日常保養要分清楚

幫長輩準備外用產品時，重點是安全、清楚、依標示使用，不把日常保養說成醫療效果。

這款定位是外用油膏，適合局部按摩放鬆與暫時舒緩日常不適。衛署成製015614，乙類成藥，資料可至衛福部中藥許可證系統查詢。

外用產品請依標示使用；身體不適、狀況持續或變嚴重時，請諮詢醫師或藥師。
下單前可先私訊索取藥證查詢方式與外盒標示照片。","保守教育型 LINE 貼文，強調依標示使用、局部按摩放鬆、身體狀況持續時諮詢醫師或藥師。","圖卡：輕微關節不適與日常保養要分清楚 / 藥證可查 / 依標示使用 / 局部按摩放鬆","建議搭配：外盒標示實拍、藥證查詢截圖、產品質地短影片、客服回覆截圖（遮個資）。","衛福部中藥許可證：衛署成製015614；類別：乙類成藥；劑型：油膏劑。","退換貨、付款、客服、出貨、價格、通路與任何見證內容，發布前須由人工確認。","NO_LINE_API_CALL_NO_AUTO_PUBLISH_REVIEW_QUEUE_ONLY","","","","2026-06-12"
"LINE_DRYRUN_018","LINE018","LINE_OA_LINE018_V2","LINE_OA","2026-06-25","20:00","不要搭配熱敷墊或電毯","E","高","pending_legal_pharmacist_review","NO","FUTURE_RESCHEDULED_PENDING_HUMAN_REVIEW_ONLY","NEEDS_HUMAN_REVIEW_SAFE_TERM_CHECK","","不要搭配熱敷墊或電毯","不要搭配熱敷墊或電毯

外用產品不是擦越多越好，用對位置、避開風險才安心。

這款定位是外用油膏，重點是局部按摩、依標示使用。衛署成製015614，乙類成藥，資料可至衛福部中藥許可證系統查詢。

外用產品請依標示使用；身體不適、症狀持續或惡化時，請諮詢醫師或藥師。
下單前可先私訊索取藥證查詢方式與外盒標示照片。","","圖卡：不要搭配熱敷墊或電毯 / 藥證可查 / 依標示使用","建議搭配：外盒標示實拍、藥證查詢截圖、產品質地短影片、客服回覆截圖（遮個資）。","衛福部中藥許可證：衛署成製015614；類別：乙類成藥；劑型：油膏劑。","退換貨、付款、客服、出貨、價格、通路與任何見證內容，發布前須由人工確認。","NO_LINE_API_CALL_NO_AUTO_PUBLISH_REVIEW_QUEUE_ONLY","","","","2026-06-12"
"LINE_DRYRUN_019","LINE019","LINE_OA_LINE019_V2","LINE_OA","2026-06-26","12:00","小暑前後活動舒適提醒","F","低","pending_legal_pharmacist_review","NO","FUTURE_RESCHEDULED_PENDING_HUMAN_REVIEW_ONLY","NEEDS_HUMAN_REVIEW_SAFE_TERM_CHECK","","小暑前後活動舒適提醒","小暑前後活動舒適提醒

換季時，身體保養不需要複雜，穩定的小習慣比較長久。

這款定位是外用油膏，重點是局部按摩、依標示使用。衛署成製015614，乙類成藥，資料可至衛福部中藥許可證系統查詢。

外用產品請依標示使用；身體不適、症狀持續或惡化時，請諮詢醫師或藥師。
下單前可先私訊索取藥證查詢方式與外盒標示照片。","","圖卡：小暑前後活動舒適提醒 / 藥證可查 / 依標示使用","建議搭配：外盒標示實拍、藥證查詢截圖、產品質地短影片、客服回覆截圖（遮個資）。","衛福部中藥許可證：衛署成製015614；類別：乙類成藥；劑型：油膏劑。","退換貨、付款、客服、出貨、價格、通路與任何見證內容，發布前須由人工確認。","NO_LINE_API_CALL_NO_AUTO_PUBLISH_REVIEW_QUEUE_ONLY","","","","2026-06-13"
"LINE_DRYRUN_020","LINE020","LINE_OA_LINE020_V2","LINE_OA","2026-06-26","20:00","爬山後腿部按摩提醒","C","中","pending_legal_pharmacist_review","NO","FUTURE_RESCHEDULED_PENDING_HUMAN_REVIEW_ONLY","NEEDS_HUMAN_REVIEW_SAFE_TERM_CHECK","","爬山後腿部按摩提醒","爬山後腿部按摩提醒

運動、搬重物、久站後，身體局部不適時，先休息、觀察，再做保守保養。

這款定位是外用油膏，重點是局部按摩、依標示使用。衛署成製015614，乙類成藥，資料可至衛福部中藥許可證系統查詢。

外用產品請依標示使用；身體不適、症狀持續或惡化時，請諮詢醫師或藥師。
下單前可先私訊索取藥證查詢方式與外盒標示照片。","","圖卡：爬山後腿部按摩提醒 / 藥證可查 / 依標示使用","建議搭配：外盒標示實拍、藥證查詢截圖、產品質地短影片、客服回覆截圖（遮個資）。","衛福部中藥許可證：衛署成製015614；類別：乙類成藥；劑型：油膏劑。","退換貨、付款、客服、出貨、價格、通路與任何見證內容，發布前須由人工確認。","NO_LINE_API_CALL_NO_AUTO_PUBLISH_REVIEW_QUEUE_ONLY","","","","2026-06-13"
"LINE_DRYRUN_021","LINE021","LINE_OA_LINE021_V2","LINE_OA","2026-06-27","12:00","外用膏一次擦多少才剛好","G","低","pending_legal_pharmacist_review","NO","FUTURE_RESCHEDULED_PENDING_HUMAN_REVIEW_ONLY","NEEDS_HUMAN_REVIEW_SAFE_TERM_CHECK","","外用膏一次擦多少才剛好","外用膏一次擦多少才剛好

很多人不是不想保養，是不知道什麼情況該先問清楚。

這款定位是外用油膏，重點是局部按摩、依標示使用。衛署成製015614，乙類成藥，資料可至衛福部中藥許可證系統查詢。

外用產品請依標示使用；身體不適、症狀持續或惡化時，請諮詢醫師或藥師。
下單前可先私訊索取藥證查詢方式與外盒標示照片。","","圖卡：外用膏一次擦多少才剛好 / 藥證可查 / 依標示使用","建議搭配：外盒標示實拍、藥證查詢截圖、產品質地短影片、客服回覆截圖（遮個資）。","衛福部中藥許可證：衛署成製015614；類別：乙類成藥；劑型：油膏劑。","退換貨、付款、客服、出貨、價格、通路與任何見證內容，發布前須由人工確認。","NO_LINE_API_CALL_NO_AUTO_PUBLISH_REVIEW_QUEUE_ONLY","","","","2026-06-14"
"LINE_DRYRUN_022","LINE022","LINE_OA_LINE022_V2","LINE_OA","2026-06-27","20:00","散步後的膝周保養","D","中","pending_legal_pharmacist_review","NO","FUTURE_RESCHEDULED_PENDING_HUMAN_REVIEW_ONLY","NEEDS_HUMAN_REVIEW_SAFE_TERM_CHECK","","散步後的膝周保養","散步後的膝周保養

幫長輩準備外用產品時，最重要的是安全、清楚、不要亂用。

這款定位是外用油膏，重點是局部按摩、依標示使用。衛署成製015614，乙類成藥，資料可至衛福部中藥許可證系統查詢。

外用產品請依標示使用；身體不適、症狀持續或惡化時，請諮詢醫師或藥師。
下單前可先私訊索取藥證查詢方式與外盒標示照片。","","圖卡：散步後的膝周保養 / 藥證可查 / 依標示使用","建議搭配：外盒標示實拍、藥證查詢截圖、產品質地短影片、客服回覆截圖（遮個資）。","衛福部中藥許可證：衛署成製015614；類別：乙類成藥；劑型：油膏劑。","退換貨、付款、客服、出貨、價格、通路與任何見證內容，發布前須由人工確認。","NO_LINE_API_CALL_NO_AUTO_PUBLISH_REVIEW_QUEUE_ONLY","","","","2026-06-14"
"LINE_DRYRUN_023","LINE023","LINE_OA_LINE023_V2","LINE_OA","2026-06-28","12:00","午休前的肩頸放鬆流程","B","低","pending_legal_pharmacist_review","NO","FUTURE_RESCHEDULED_PENDING_HUMAN_REVIEW_ONLY","NEEDS_HUMAN_REVIEW_SAFE_TERM_CHECK","","午休前的肩頸放鬆流程","午休前的肩頸放鬆流程

久坐、低頭、開會一整天後，肩頸常會提醒你該放鬆一下。

這款定位是外用油膏，重點是局部按摩、依標示使用。衛署成製015614，乙類成藥，資料可至衛福部中藥許可證系統查詢。

外用產品請依標示使用；身體不適、症狀持續或惡化時，請諮詢醫師或藥師。
下單前可先私訊索取藥證查詢方式與外盒標示照片。","","圖卡：午休前的肩頸放鬆流程 / 藥證可查 / 依標示使用","建議搭配：外盒標示實拍、藥證查詢截圖、產品質地短影片、客服回覆截圖（遮個資）。","衛福部中藥許可證：衛署成製015614；類別：乙類成藥；劑型：油膏劑。","退換貨、付款、客服、出貨、價格、通路與任何見證內容，發布前須由人工確認。","NO_LINE_API_CALL_NO_AUTO_PUBLISH_REVIEW_QUEUE_ONLY","","","","2026-06-15"
"LINE_DRYRUN_024","LINE024","LINE_OA_LINE024_V2","LINE_OA","2026-06-28","20:00","油膏劑為什麼適合局部按摩","A","中","pending_legal_pharmacist_review","NO","FUTURE_RESCHEDULED_PENDING_HUMAN_REVIEW_ONLY","NEEDS_HUMAN_REVIEW_SAFE_TERM_CHECK","","油膏劑為什麼適合局部按摩","油膏劑為什麼適合局部按摩

下單前，先看得懂標示與成分，比聽誇張話術更安心。

這款定位是外用油膏，重點是局部按摩、依標示使用。衛署成製015614，乙類成藥，資料可至衛福部中藥許可證系統查詢。

外用產品請依標示使用；身體不適、症狀持續或惡化時，請諮詢醫師或藥師。
下單前可先私訊索取藥證查詢方式與外盒標示照片。","","圖卡：油膏劑為什麼適合局部按摩 / 藥證可查 / 依標示使用","建議搭配：外盒標示實拍、藥證查詢截圖、產品質地短影片、客服回覆截圖（遮個資）。","衛福部中藥許可證：衛署成製015614；類別：乙類成藥；劑型：油膏劑。","退換貨、付款、客服、出貨、價格、通路與任何見證內容，發布前須由人工確認。","NO_LINE_API_CALL_NO_AUTO_PUBLISH_REVIEW_QUEUE_ONLY","","","","2026-06-15"
"LINE_DRYRUN_025","LINE025","LINE_OA_LINE025_V2","LINE_OA","2026-06-29","12:00","大暑午後少久站硬撐","F","低","pending_legal_pharmacist_review","NO","FUTURE_RESCHEDULED_PENDING_HUMAN_REVIEW_ONLY","NEEDS_HUMAN_REVIEW_SAFE_TERM_CHECK","","大暑午後少久站硬撐","大暑午後少久站硬撐

換季時，身體保養不需要複雜，穩定的小習慣比較長久。

這款定位是外用油膏，重點是局部按摩、依標示使用。衛署成製015614，乙類成藥，資料可至衛福部中藥許可證系統查詢。

外用產品請依標示使用；身體不適、症狀持續或惡化時，請諮詢醫師或藥師。
下單前可先私訊索取藥證查詢方式與外盒標示照片。","","圖卡：大暑午後少久站硬撐 / 藥證可查 / 依標示使用","建議搭配：外盒標示實拍、藥證查詢截圖、產品質地短影片、客服回覆截圖（遮個資）。","衛福部中藥許可證：衛署成製015614；類別：乙類成藥；劑型：油膏劑。","退換貨、付款、客服、出貨、價格、通路與任何見證內容，發布前須由人工確認。","NO_LINE_API_CALL_NO_AUTO_PUBLISH_REVIEW_QUEUE_ONLY","","","","2026-06-16"
"LINE_DRYRUN_026","LINE026","LINE_OA_LINE026_V2","LINE_OA","2026-06-29","20:00","不要密封包紮或大面積厚敷","E","高","pending_legal_pharmacist_review","NO","FUTURE_RESCHEDULED_PENDING_HUMAN_REVIEW_ONLY","NEEDS_HUMAN_REVIEW_SAFE_TERM_CHECK","","不要密封包紮或大面積厚敷","不要密封包紮或大面積厚敷

外用產品不是擦越多越好，用對位置、避開風險才安心。

這款定位是外用油膏，重點是局部按摩、依標示使用。衛署成製015614，乙類成藥，資料可至衛福部中藥許可證系統查詢。

外用產品請依標示使用；身體不適、症狀持續或惡化時，請諮詢醫師或藥師。
下單前可先私訊索取藥證查詢方式與外盒標示照片。","","圖卡：不要密封包紮或大面積厚敷 / 藥證可查 / 依標示使用","建議搭配：外盒標示實拍、藥證查詢截圖、產品質地短影片、客服回覆截圖（遮個資）。","衛福部中藥許可證：衛署成製015614；類別：乙類成藥；劑型：油膏劑。","退換貨、付款、客服、出貨、價格、通路與任何見證內容，發布前須由人工確認。","NO_LINE_API_CALL_NO_AUTO_PUBLISH_REVIEW_QUEUE_ONLY","","","","2026-06-16"
"LINE_DRYRUN_027","LINE027","LINE_OA_LINE027_V2","LINE_OA","2026-06-30","12:00","藥證可查代表什麼","H","中","pending_legal_pharmacist_review","NO","FUTURE_RESCHEDULED_PENDING_HUMAN_REVIEW_ONLY","NEEDS_HUMAN_REVIEW_SAFE_TERM_CHECK","","藥證可查代表什麼","藥證可查代表什麼

我們寧願把資料講清楚，也不想用誇大的話讓你衝動購買。

這款定位是外用油膏，重點是局部按摩、依標示使用。衛署成製015614，乙類成藥，資料可至衛福部中藥許可證系統查詢。

外用產品請依標示使用；身體不適、症狀持續或惡化時，請諮詢醫師或藥師。
下單前可先私訊索取藥證查詢方式與外盒標示照片。","","圖卡：藥證可查代表什麼 / 藥證可查 / 依標示使用","建議搭配：外盒標示實拍、藥證查詢截圖、產品質地短影片、客服回覆截圖（遮個資）。","衛福部中藥許可證：衛署成製015614；類別：乙類成藥；劑型：油膏劑。","退換貨、付款、客服、出貨、價格、通路與任何見證內容，發布前須由人工確認。","NO_LINE_API_CALL_NO_AUTO_PUBLISH_REVIEW_QUEUE_ONLY","","","","2026-06-17"
"LINE_DRYRUN_028","LINE028","LINE_OA_LINE028_V2","LINE_OA","2026-06-30","20:00","涼感越強越有效嗎","G","低","pending_legal_pharmacist_review","NO","FUTURE_RESCHEDULED_PENDING_HUMAN_REVIEW_ONLY","NEEDS_HUMAN_REVIEW_SAFE_TERM_CHECK","","涼感越強越有效嗎","涼感越強越有效嗎

很多人不是不想保養，是不知道什麼情況該先問清楚。

這款定位是外用油膏，重點是局部按摩、依標示使用。衛署成製015614，乙類成藥，資料可至衛福部中藥許可證系統查詢。

外用產品請依標示使用；身體不適、症狀持續或惡化時，請諮詢醫師或藥師。
下單前可先私訊索取藥證查詢方式與外盒標示照片。","","圖卡：涼感越強越有效嗎 / 藥證可查 / 依標示使用","建議搭配：外盒標示實拍、藥證查詢截圖、產品質地短影片、客服回覆截圖（遮個資）。","衛福部中藥許可證：衛署成製015614；類別：乙類成藥；劑型：油膏劑。","退換貨、付款、客服、出貨、價格、通路與任何見證內容，發布前須由人工確認。","NO_LINE_API_CALL_NO_AUTO_PUBLISH_REVIEW_QUEUE_ONLY","","","","2026-06-17"
"LINE_DRYRUN_029","LINE029","LINE_OA_LINE029_V2","LINE_OA","2026-07-01","12:00","重訓後肩背局部舒緩","C","中","pending_legal_pharmacist_review","NO","FUTURE_RESCHEDULED_PENDING_HUMAN_REVIEW_ONLY","PASS_DRY_RUN_PENDING_HUMAN_REVIEW","","重訓後肩背局部舒緩","重訓後肩背局部舒緩

運動、搬重物、久站後，身體局部不適時，先休息、觀察，再做保守保養。

這款定位是外用油膏，重點是局部按摩、依標示使用。衛署成製015614，乙類成藥，資料可至衛福部中藥許可證系統查詢。

外用產品請依標示使用；身體不適、症狀持續或惡化時，請諮詢醫師或藥師。
下單前可先私訊索取藥證查詢方式與外盒標示照片。","","圖卡：重訓後肩背局部舒緩 / 藥證可查 / 依標示使用","建議搭配：外盒標示實拍、藥證查詢截圖、產品質地短影片、客服回覆截圖（遮個資）。","衛福部中藥許可證：衛署成製015614；類別：乙類成藥；劑型：油膏劑。","退換貨、付款、客服、出貨、價格、通路與任何見證內容，發布前須由人工確認。","NO_LINE_API_CALL_NO_AUTO_PUBLISH_REVIEW_QUEUE_ONLY","","","","2026-06-18"
"LINE_DRYRUN_030","LINE030","LINE_OA_LINE030_V2","LINE_OA","2026-07-01","20:00","乙類成藥與一般保健品差異","A","中","pending_legal_pharmacist_review","NO","FUTURE_RESCHEDULED_PENDING_HUMAN_REVIEW_ONLY","NEEDS_HUMAN_REVIEW_SAFE_TERM_CHECK","","乙類成藥與一般保健品差異","乙類成藥與一般保健品差異

下單前，先看得懂標示與成分，比聽誇張話術更安心。

這款定位是外用油膏，重點是局部按摩、依標示使用。衛署成製015614，乙類成藥，資料可至衛福部中藥許可證系統查詢。

外用產品請依標示使用；身體不適、症狀持續或惡化時，請諮詢醫師或藥師。
下單前可先私訊索取藥證查詢方式與外盒標示照片。","","圖卡：乙類成藥與一般保健品差異 / 藥證可查 / 依標示使用","建議搭配：外盒標示實拍、藥證查詢截圖、產品質地短影片、客服回覆截圖（遮個資）。","衛福部中藥許可證：衛署成製015614；類別：乙類成藥；劑型：油膏劑。","退換貨、付款、客服、出貨、價格、通路與任何見證內容，發布前須由人工確認。","NO_LINE_API_CALL_NO_AUTO_PUBLISH_REVIEW_QUEUE_ONLY","","","","2026-06-18"
"LINE_DRYRUN_031","LINE031","LINE_OA_LINE031_V2","LINE_OA","2026-07-02","12:00","天氣變化時的活動舒適感","D","中","pending_legal_pharmacist_review","NO","FUTURE_RESCHEDULED_PENDING_HUMAN_REVIEW_ONLY","NEEDS_HUMAN_REVIEW_SAFE_TERM_CHECK","","天氣變化時的活動舒適感","天氣變化時的活動舒適感

幫長輩準備外用產品時，最重要的是安全、清楚、不要亂用。

這款定位是外用油膏，重點是局部按摩、依標示使用。衛署成製015614，乙類成藥，資料可至衛福部中藥許可證系統查詢。

外用產品請依標示使用；身體不適、症狀持續或惡化時，請諮詢醫師或藥師。
下單前可先私訊索取藥證查詢方式與外盒標示照片。","","圖卡：天氣變化時的活動舒適感 / 藥證可查 / 依標示使用","建議搭配：外盒標示實拍、藥證查詢截圖、產品質地短影片、客服回覆截圖（遮個資）。","衛福部中藥許可證：衛署成製015614；類別：乙類成藥；劑型：油膏劑。","退換貨、付款、客服、出貨、價格、通路與任何見證內容，發布前須由人工確認。","NO_LINE_API_CALL_NO_AUTO_PUBLISH_REVIEW_QUEUE_ONLY","","","","2026-06-19"
"LINE_DRYRUN_032","LINE032","LINE_OA_LINE032_V2","LINE_OA","2026-07-02","20:00","水楊酸或阿斯匹靈過敏者注意","E","高","pending_legal_pharmacist_review","NO","FUTURE_RESCHEDULED_PENDING_HUMAN_REVIEW_ONLY","NEEDS_HUMAN_REVIEW_SAFE_TERM_CHECK","","水楊酸或阿斯匹靈過敏者注意","水楊酸或阿斯匹靈過敏者注意

外用產品不是擦越多越好，用對位置、避開風險才安心。

這款定位是外用油膏，重點是局部按摩、依標示使用。衛署成製015614，乙類成藥，資料可至衛福部中藥許可證系統查詢。

外用產品請依標示使用；身體不適、症狀持續或惡化時，請諮詢醫師或藥師。
下單前可先私訊索取藥證查詢方式與外盒標示照片。","","圖卡：水楊酸或阿斯匹靈過敏者注意 / 藥證可查 / 依標示使用","建議搭配：外盒標示實拍、藥證查詢截圖、產品質地短影片、客服回覆截圖（遮個資）。","衛福部中藥許可證：衛署成製015614；類別：乙類成藥；劑型：油膏劑。","退換貨、付款、客服、出貨、價格、通路與任何見證內容，發布前須由人工確認。","NO_LINE_API_CALL_NO_AUTO_PUBLISH_REVIEW_QUEUE_ONLY","","","","2026-06-19"
"LINE_DRYRUN_033","LINE033","LINE_OA_LINE033_V2","LINE_OA","2026-07-03","12:00","立秋後早晚溫差保養","F","低","pending_legal_pharmacist_review","NO","FUTURE_RESCHEDULED_PENDING_HUMAN_REVIEW_ONLY","NEEDS_HUMAN_REVIEW_SAFE_TERM_CHECK","","立秋後早晚溫差保養","立秋後早晚溫差保養

換季時，身體保養不需要複雜，穩定的小習慣比較長久。

這款定位是外用油膏，重點是局部按摩、依標示使用。衛署成製015614，乙類成藥，資料可至衛福部中藥許可證系統查詢。

外用產品請依標示使用；身體不適、症狀持續或惡化時，請諮詢醫師或藥師。
下單前可先私訊索取藥證查詢方式與外盒標示照片。","","圖卡：立秋後早晚溫差保養 / 藥證可查 / 依標示使用","建議搭配：外盒標示實拍、藥證查詢截圖、產品質地短影片、客服回覆截圖（遮個資）。","衛福部中藥許可證：衛署成製015614；類別：乙類成藥；劑型：油膏劑。","退換貨、付款、客服、出貨、價格、通路與任何見證內容，發布前須由人工確認。","NO_LINE_API_CALL_NO_AUTO_PUBLISH_REVIEW_QUEUE_ONLY","","","","2026-06-20"
"LINE_DRYRUN_034","LINE034","LINE_OA_LINE034_V2","LINE_OA","2026-07-03","20:00","家事後手臂不適保養","C","中","pending_legal_pharmacist_review","NO","FUTURE_RESCHEDULED_PENDING_HUMAN_REVIEW_ONLY","NEEDS_HUMAN_REVIEW_SAFE_TERM_CHECK","","家事後手臂不適保養","家事後手臂不適保養

運動、搬重物、久站後，身體局部不適時，先休息、觀察，再做保守保養。

這款定位是外用油膏，重點是局部按摩、依標示使用。衛署成製015614，乙類成藥，資料可至衛福部中藥許可證系統查詢。

外用產品請依標示使用；身體不適、症狀持續或惡化時，請諮詢醫師或藥師。
下單前可先私訊索取藥證查詢方式與外盒標示照片。","","圖卡：家事後手臂不適保養 / 藥證可查 / 依標示使用","建議搭配：外盒標示實拍、藥證查詢截圖、產品質地短影片、客服回覆截圖（遮個資）。","衛福部中藥許可證：衛署成製015614；類別：乙類成藥；劑型：油膏劑。","退換貨、付款、客服、出貨、價格、通路與任何見證內容，發布前須由人工確認。","NO_LINE_API_CALL_NO_AUTO_PUBLISH_REVIEW_QUEUE_ONLY","","","","2026-06-20"
"LINE_DRYRUN_035","LINE035","LINE_OA_LINE035_V2","LINE_OA","2026-07-04","12:00","你有看過外用產品標示嗎","G","低","pending_legal_pharmacist_review","NO","FUTURE_RESCHEDULED_PENDING_HUMAN_REVIEW_ONLY","NEEDS_HUMAN_REVIEW_SAFE_TERM_CHECK","","你有看過外用產品標示嗎","你有看過外用產品標示嗎

很多人不是不想保養，是不知道什麼情況該先問清楚。

這款定位是外用油膏，重點是局部按摩、依標示使用。衛署成製015614，乙類成藥，資料可至衛福部中藥許可證系統查詢。

外用產品請依標示使用；身體不適、症狀持續或惡化時，請諮詢醫師或藥師。
下單前可先私訊索取藥證查詢方式與外盒標示照片。","","圖卡：你有看過外用產品標示嗎 / 藥證可查 / 依標示使用","建議搭配：外盒標示實拍、藥證查詢截圖、產品質地短影片、客服回覆截圖（遮個資）。","衛福部中藥許可證：衛署成製015614；類別：乙類成藥；劑型：油膏劑。","退換貨、付款、客服、出貨、價格、通路與任何見證內容，發布前須由人工確認。","NO_LINE_API_CALL_NO_AUTO_PUBLISH_REVIEW_QUEUE_ONLY","","","","2026-06-21"
"LINE_DRYRUN_036","LINE036","LINE_OA_LINE036_V2","LINE_OA","2026-07-04","20:00","長輩按摩力道不要過重","D","中","pending_legal_pharmacist_review","NO","FUTURE_RESCHEDULED_PENDING_HUMAN_REVIEW_ONLY","NEEDS_HUMAN_REVIEW_SAFE_TERM_CHECK","","長輩按摩力道不要過重","長輩按摩力道不要過重

幫長輩準備外用產品時，最重要的是安全、清楚、不要亂用。

這款定位是外用油膏，重點是局部按摩、依標示使用。衛署成製015614，乙類成藥，資料可至衛福部中藥許可證系統查詢。

外用產品請依標示使用；身體不適、症狀持續或惡化時，請諮詢醫師或藥師。
下單前可先私訊索取藥證查詢方式與外盒標示照片。","","圖卡：長輩按摩力道不要過重 / 藥證可查 / 依標示使用","建議搭配：外盒標示實拍、藥證查詢截圖、產品質地短影片、客服回覆截圖（遮個資）。","衛福部中藥許可證：衛署成製015614；類別：乙類成藥；劑型：油膏劑。","退換貨、付款、客服、出貨、價格、通路與任何見證內容，發布前須由人工確認。","NO_LINE_API_CALL_NO_AUTO_PUBLISH_REVIEW_QUEUE_ONLY","","","","2026-06-21"
"LINE_DRYRUN_037","LINE037","LINE_OA_LINE037_V2","LINE_OA","2026-07-05","12:00","開會久坐後的腰背舒緩","B","低","pending_legal_pharmacist_review","NO","FUTURE_RESCHEDULED_PENDING_HUMAN_REVIEW_ONLY","NEEDS_HUMAN_REVIEW_SAFE_TERM_CHECK","","開會久坐後的腰背舒緩","開會久坐後的腰背舒緩

久坐、低頭、開會一整天後，肩頸常會提醒你該放鬆一下。

這款定位是外用油膏，重點是局部按摩、依標示使用。衛署成製015614，乙類成藥，資料可至衛福部中藥許可證系統查詢。

外用產品請依標示使用；身體不適、症狀持續或惡化時，請諮詢醫師或藥師。
下單前可先私訊索取藥證查詢方式與外盒標示照片。","","圖卡：開會久坐後的腰背舒緩 / 藥證可查 / 依標示使用","建議搭配：外盒標示實拍、藥證查詢截圖、產品質地短影片、客服回覆截圖（遮個資）。","衛福部中藥許可證：衛署成製015614；類別：乙類成藥；劑型：油膏劑。","退換貨、付款、客服、出貨、價格、通路與任何見證內容，發布前須由人工確認。","NO_LINE_API_CALL_NO_AUTO_PUBLISH_REVIEW_QUEUE_ONLY","","","","2026-06-22"
"LINE_DRYRUN_038","LINE038","LINE_OA_LINE038_V2","LINE_OA","2026-07-05","20:00","一條根外用膏的日常定位","A","中","pending_legal_pharmacist_review","NO","FUTURE_RESCHEDULED_PENDING_HUMAN_REVIEW_ONLY","NEEDS_HUMAN_REVIEW_SAFE_TERM_CHECK","","一條根外用膏的日常定位","一條根外用膏的日常定位

下單前，先看得懂標示與成分，比聽誇張話術更安心。

這款定位是外用油膏，重點是局部按摩、依標示使用。衛署成製015614，乙類成藥，資料可至衛福部中藥許可證系統查詢。

外用產品請依標示使用；身體不適、症狀持續或惡化時，請諮詢醫師或藥師。
下單前可先私訊索取藥證查詢方式與外盒標示照片。","","圖卡：一條根外用膏的日常定位 / 藥證可查 / 依標示使用","建議搭配：外盒標示實拍、藥證查詢截圖、產品質地短影片、客服回覆截圖（遮個資）。","衛福部中藥許可證：衛署成製015614；類別：乙類成藥；劑型：油膏劑。","退換貨、付款、客服、出貨、價格、通路與任何見證內容，發布前須由人工確認。","NO_LINE_API_CALL_NO_AUTO_PUBLISH_REVIEW_QUEUE_ONLY","","","","2026-06-22"
"LINE_DRYRUN_039","LINE039","LINE_OA_LINE039_V2","LINE_OA","2026-07-06","12:00","處暑後運動暖身提醒","F","低","pending_legal_pharmacist_review","NO","FUTURE_RESCHEDULED_PENDING_HUMAN_REVIEW_ONLY","NEEDS_HUMAN_REVIEW_SAFE_TERM_CHECK","","處暑後運動暖身提醒","處暑後運動暖身提醒

換季時，身體保養不需要複雜，穩定的小習慣比較長久。

這款定位是外用油膏，重點是局部按摩、依標示使用。衛署成製015614，乙類成藥，資料可至衛福部中藥許可證系統查詢。

外用產品請依標示使用；身體不適、症狀持續或惡化時，請諮詢醫師或藥師。
下單前可先私訊索取藥證查詢方式與外盒標示照片。","","圖卡：處暑後運動暖身提醒 / 藥證可查 / 依標示使用","建議搭配：外盒標示實拍、藥證查詢截圖、產品質地短影片、客服回覆截圖（遮個資）。","衛福部中藥許可證：衛署成製015614；類別：乙類成藥；劑型：油膏劑。","退換貨、付款、客服、出貨、價格、通路與任何見證內容，發布前須由人工確認。","NO_LINE_API_CALL_NO_AUTO_PUBLISH_REVIEW_QUEUE_ONLY","","","","2026-06-23"
"LINE_DRYRUN_040","LINE040","LINE_OA_LINE040_V2","LINE_OA","2026-07-06","20:00","兒童使用前的安全提醒","E","高","pending_legal_pharmacist_review","NO","FUTURE_RESCHEDULED_PENDING_HUMAN_REVIEW_ONLY","NEEDS_HUMAN_REVIEW_SAFE_TERM_CHECK","","兒童使用前的安全提醒","兒童使用前的安全提醒

外用產品不是擦越多越好，用對位置、避開風險才安心。

這款定位是外用油膏，重點是局部按摩、依標示使用。衛署成製015614，乙類成藥，資料可至衛福部中藥許可證系統查詢。

外用產品請依標示使用；身體不適、症狀持續或惡化時，請諮詢醫師或藥師。
下單前可先私訊索取藥證查詢方式與外盒標示照片。","","圖卡：兒童使用前的安全提醒 / 藥證可查 / 依標示使用","建議搭配：外盒標示實拍、藥證查詢截圖、產品質地短影片、客服回覆截圖（遮個資）。","衛福部中藥許可證：衛署成製015614；類別：乙類成藥；劑型：油膏劑。","退換貨、付款、客服、出貨、價格、通路與任何見證內容，發布前須由人工確認。","NO_LINE_API_CALL_NO_AUTO_PUBLISH_REVIEW_QUEUE_ONLY","","","","2026-06-23"
"LINE_DRYRUN_041","LINE041","LINE_OA_LINE041_V2","LINE_OA","2026-07-07","12:00","外用膏廣告為什麼要保守","H","中","pending_legal_pharmacist_review","NO","FUTURE_RESCHEDULED_PENDING_HUMAN_REVIEW_ONLY","NEEDS_HUMAN_REVIEW_SAFE_TERM_CHECK","","外用膏廣告為什麼要保守","外用膏廣告為什麼要保守

我們寧願把資料講清楚，也不想用誇大的話讓你衝動購買。

這款定位是外用油膏，重點是局部按摩、依標示使用。衛署成製015614，乙類成藥，資料可至衛福部中藥許可證系統查詢。

外用產品請依標示使用；身體不適、症狀持續或惡化時，請諮詢醫師或藥師。
下單前可先私訊索取藥證查詢方式與外盒標示照片。","","圖卡：外用膏廣告為什麼要保守 / 藥證可查 / 依標示使用","建議搭配：外盒標示實拍、藥證查詢截圖、產品質地短影片、客服回覆截圖（遮個資）。","衛福部中藥許可證：衛署成製015614；類別：乙類成藥；劑型：油膏劑。","退換貨、付款、客服、出貨、價格、通路與任何見證內容，發布前須由人工確認。","NO_LINE_API_CALL_NO_AUTO_PUBLISH_REVIEW_QUEUE_ONLY","","","","2026-06-24"
"LINE_DRYRUN_042","LINE042","LINE_OA_LINE042_V2","LINE_OA","2026-07-07","20:00","久坐族最想舒緩哪裡","G","低","pending_legal_pharmacist_review","NO","FUTURE_RESCHEDULED_PENDING_HUMAN_REVIEW_ONLY","NEEDS_HUMAN_REVIEW_SAFE_TERM_CHECK","","久坐族最想舒緩哪裡","久坐族最想舒緩哪裡

很多人不是不想保養，是不知道什麼情況該先問清楚。

這款定位是外用油膏，重點是局部按摩、依標示使用。衛署成製015614，乙類成藥，資料可至衛福部中藥許可證系統查詢。

外用產品請依標示使用；身體不適、症狀持續或惡化時，請諮詢醫師或藥師。
下單前可先私訊索取藥證查詢方式與外盒標示照片。","","圖卡：久坐族最想舒緩哪裡 / 藥證可查 / 依標示使用","建議搭配：外盒標示實拍、藥證查詢截圖、產品質地短影片、客服回覆截圖（遮個資）。","衛福部中藥許可證：衛署成製015614；類別：乙類成藥；劑型：油膏劑。","退換貨、付款、客服、出貨、價格、通路與任何見證內容，發布前須由人工確認。","NO_LINE_API_CALL_NO_AUTO_PUBLISH_REVIEW_QUEUE_ONLY","","","","2026-06-24"
"LINE_DRYRUN_043","LINE043","LINE_OA_LINE043_V2","LINE_OA","2026-07-08","12:00","跑步後膝周不適的保守提醒","C","中","pending_legal_pharmacist_review","NO","FUTURE_RESCHEDULED_PENDING_HUMAN_REVIEW_ONLY","NEEDS_HUMAN_REVIEW_SAFE_TERM_CHECK","","跑步後膝周不適的保守提醒","跑步後膝周不適的保守提醒

運動、搬重物、久站後，身體局部不適時，先休息、觀察，再做保守保養。

這款定位是外用油膏，重點是局部按摩、依標示使用。衛署成製015614，乙類成藥，資料可至衛福部中藥許可證系統查詢。

外用產品請依標示使用；身體不適、症狀持續或惡化時，請諮詢醫師或藥師。
下單前可先私訊索取藥證查詢方式與外盒標示照片。","","圖卡：跑步後膝周不適的保守提醒 / 藥證可查 / 依標示使用","建議搭配：外盒標示實拍、藥證查詢截圖、產品質地短影片、客服回覆截圖（遮個資）。","衛福部中藥許可證：衛署成製015614；類別：乙類成藥；劑型：油膏劑。","退換貨、付款、客服、出貨、價格、通路與任何見證內容，發布前須由人工確認。","NO_LINE_API_CALL_NO_AUTO_PUBLISH_REVIEW_QUEUE_ONLY","","","","2026-06-25"
"LINE_DRYRUN_044","LINE044","LINE_OA_LINE044_V2","LINE_OA","2026-07-08","20:00","成分濃度為什麼要看標示","A","中","pending_legal_pharmacist_review","NO","FUTURE_RESCHEDULED_PENDING_HUMAN_REVIEW_ONLY","NEEDS_HUMAN_REVIEW_SAFE_TERM_CHECK","","成分濃度為什麼要看標示","成分濃度為什麼要看標示

下單前，先看得懂標示與成分，比聽誇張話術更安心。

這款定位是外用油膏，重點是局部按摩、依標示使用。衛署成製015614，乙類成藥，資料可至衛福部中藥許可證系統查詢。

外用產品請依標示使用；身體不適、症狀持續或惡化時，請諮詢醫師或藥師。
下單前可先私訊索取藥證查詢方式與外盒標示照片。","","圖卡：成分濃度為什麼要看標示 / 藥證可查 / 依標示使用","建議搭配：外盒標示實拍、藥證查詢截圖、產品質地短影片、客服回覆截圖（遮個資）。","衛福部中藥許可證：衛署成製015614；類別：乙類成藥；劑型：油膏劑。","退換貨、付款、客服、出貨、價格、通路與任何見證內容，發布前須由人工確認。","NO_LINE_API_CALL_NO_AUTO_PUBLISH_REVIEW_QUEUE_ONLY","","","","2026-06-25"
"LINE_DRYRUN_045","LINE045","LINE_OA_LINE045_V2","LINE_OA","2026-07-09","12:00","照顧爸媽時的外用提醒","D","中","pending_legal_pharmacist_review","NO","FUTURE_RESCHEDULED_PENDING_HUMAN_REVIEW_ONLY","NEEDS_HUMAN_REVIEW_SAFE_TERM_CHECK","","照顧爸媽時的外用提醒","照顧爸媽時的外用提醒

幫長輩準備外用產品時，最重要的是安全、清楚、不要亂用。

這款定位是外用油膏，重點是局部按摩、依標示使用。衛署成製015614，乙類成藥，資料可至衛福部中藥許可證系統查詢。

外用產品請依標示使用；身體不適、症狀持續或惡化時，請諮詢醫師或藥師。
下單前可先私訊索取藥證查詢方式與外盒標示照片。","","圖卡：照顧爸媽時的外用提醒 / 藥證可查 / 依標示使用","建議搭配：外盒標示實拍、藥證查詢截圖、產品質地短影片、客服回覆截圖（遮個資）。","衛福部中藥許可證：衛署成製015614；類別：乙類成藥；劑型：油膏劑。","退換貨、付款、客服、出貨、價格、通路與任何見證內容，發布前須由人工確認。","NO_LINE_API_CALL_NO_AUTO_PUBLISH_REVIEW_QUEUE_ONLY","","","","2026-06-26"
"LINE_DRYRUN_046","LINE046","LINE_OA_LINE046_V2","LINE_OA","2026-07-09","20:00","孕婦與哺乳族群先詢問專業人員","E","高","pending_legal_pharmacist_review","NO","FUTURE_RESCHEDULED_PENDING_HUMAN_REVIEW_ONLY","NEEDS_HUMAN_REVIEW_SAFE_TERM_CHECK","","孕婦與哺乳族群先詢問專業人員","孕婦與哺乳族群先詢問專業人員

外用產品不是擦越多越好，用對位置、避開風險才安心。

這款定位是外用油膏，重點是局部按摩、依標示使用。衛署成製015614，乙類成藥，資料可至衛福部中藥許可證系統查詢。

外用產品請依標示使用；身體不適、症狀持續或惡化時，請諮詢醫師或藥師。
下單前可先私訊索取藥證查詢方式與外盒標示照片。","","圖卡：孕婦與哺乳族群先詢問專業人員 / 藥證可查 / 依標示使用","建議搭配：外盒標示實拍、藥證查詢截圖、產品質地短影片、客服回覆截圖（遮個資）。","衛福部中藥許可證：衛署成製015614；類別：乙類成藥；劑型：油膏劑。","退換貨、付款、客服、出貨、價格、通路與任何見證內容，發布前須由人工確認。","NO_LINE_API_CALL_NO_AUTO_PUBLISH_REVIEW_QUEUE_ONLY","","","","2026-06-26"
"LINE_DRYRUN_047","LINE047","LINE_OA_LINE047_V2","LINE_OA","2026-07-10","12:00","白露時節關心長輩活動","F","低","pending_legal_pharmacist_review","NO","FUTURE_RESCHEDULED_PENDING_HUMAN_REVIEW_ONLY","NEEDS_HUMAN_REVIEW_SAFE_TERM_CHECK","","白露時節關心長輩活動","白露時節關心長輩活動

換季時，身體保養不需要複雜，穩定的小習慣比較長久。

這款定位是外用油膏，重點是局部按摩、依標示使用。衛署成製015614，乙類成藥，資料可至衛福部中藥許可證系統查詢。

外用產品請依標示使用；身體不適、症狀持續或惡化時，請諮詢醫師或藥師。
下單前可先私訊索取藥證查詢方式與外盒標示照片。","","圖卡：白露時節關心長輩活動 / 藥證可查 / 依標示使用","建議搭配：外盒標示實拍、藥證查詢截圖、產品質地短影片、客服回覆截圖（遮個資）。","衛福部中藥許可證：衛署成製015614；類別：乙類成藥；劑型：油膏劑。","退換貨、付款、客服、出貨、價格、通路與任何見證內容，發布前須由人工確認。","NO_LINE_API_CALL_NO_AUTO_PUBLISH_REVIEW_QUEUE_ONLY","","","","2026-06-27"
"LINE_DRYRUN_048","LINE048","LINE_OA_LINE048_V2","LINE_OA","2026-07-10","20:00","勞動後先休息再按摩","C","中","pending_legal_pharmacist_review","NO","FUTURE_RESCHEDULED_PENDING_HUMAN_REVIEW_ONLY","NEEDS_HUMAN_REVIEW_SAFE_TERM_CHECK","","勞動後先休息再按摩","勞動後先休息再按摩

運動、搬重物、久站後，身體局部不適時，先休息、觀察，再做保守保養。

這款定位是外用油膏，重點是局部按摩、依標示使用。衛署成製015614，乙類成藥，資料可至衛福部中藥許可證系統查詢。

外用產品請依標示使用；身體不適、症狀持續或惡化時，請諮詢醫師或藥師。
下單前可先私訊索取藥證查詢方式與外盒標示照片。","","圖卡：勞動後先休息再按摩 / 藥證可查 / 依標示使用","建議搭配：外盒標示實拍、藥證查詢截圖、產品質地短影片、客服回覆截圖（遮個資）。","衛福部中藥許可證：衛署成製015614；類別：乙類成藥；劑型：油膏劑。","退換貨、付款、客服、出貨、價格、通路與任何見證內容，發布前須由人工確認。","NO_LINE_API_CALL_NO_AUTO_PUBLISH_REVIEW_QUEUE_ONLY","","","","2026-06-27"
"LINE_DRYRUN_049","LINE049","LINE_OA_LINE049_V2","LINE_OA","2026-07-11","12:00","長輩使用外用膏你會提醒什麼","G","低","pending_legal_pharmacist_review","NO","FUTURE_RESCHEDULED_PENDING_HUMAN_REVIEW_ONLY","NEEDS_HUMAN_REVIEW_SAFE_TERM_CHECK","","長輩使用外用膏你會提醒什麼","長輩使用外用膏你會提醒什麼

很多人不是不想保養，是不知道什麼情況該先問清楚。

這款定位是外用油膏，重點是局部按摩、依標示使用。衛署成製015614，乙類成藥，資料可至衛福部中藥許可證系統查詢。

外用產品請依標示使用；身體不適、症狀持續或惡化時，請諮詢醫師或藥師。
下單前可先私訊索取藥證查詢方式與外盒標示照片。","","圖卡：長輩使用外用膏你會提醒什麼 / 藥證可查 / 依標示使用","建議搭配：外盒標示實拍、藥證查詢截圖、產品質地短影片、客服回覆截圖（遮個資）。","衛福部中藥許可證：衛署成製015614；類別：乙類成藥；劑型：油膏劑。","退換貨、付款、客服、出貨、價格、通路與任何見證內容，發布前須由人工確認。","NO_LINE_API_CALL_NO_AUTO_PUBLISH_REVIEW_QUEUE_ONLY","","","","2026-06-28"
"LINE_DRYRUN_050","LINE050","LINE_OA_LINE050_V2","LINE_OA","2026-07-11","20:00","日常活動舒適度的三個習慣","D","中","pending_legal_pharmacist_review","NO","FUTURE_RESCHEDULED_PENDING_HUMAN_REVIEW_ONLY","NEEDS_HUMAN_REVIEW_SAFE_TERM_CHECK","","日常活動舒適度的三個習慣","日常活動舒適度的三個習慣

幫長輩準備外用產品時，最重要的是安全、清楚、不要亂用。

這款定位是外用油膏，重點是局部按摩、依標示使用。衛署成製015614，乙類成藥，資料可至衛福部中藥許可證系統查詢。

外用產品請依標示使用；身體不適、症狀持續或惡化時，請諮詢醫師或藥師。
下單前可先私訊索取藥證查詢方式與外盒標示照片。","","圖卡：日常活動舒適度的三個習慣 / 藥證可查 / 依標示使用","建議搭配：外盒標示實拍、藥證查詢截圖、產品質地短影片、客服回覆截圖（遮個資）。","衛福部中藥許可證：衛署成製015614；類別：乙類成藥；劑型：油膏劑。","退換貨、付款、客服、出貨、價格、通路與任何見證內容，發布前須由人工確認。","NO_LINE_API_CALL_NO_AUTO_PUBLISH_REVIEW_QUEUE_ONLY","","","","2026-06-28"
"LINE_DRYRUN_051","LINE051","LINE_OA_LINE051_V2","LINE_OA","2026-07-12","12:00","下班前五分鐘伸展","B","低","pending_legal_pharmacist_review","NO","FUTURE_RESCHEDULED_PENDING_HUMAN_REVIEW_ONLY","NEEDS_HUMAN_REVIEW_SAFE_TERM_CHECK","","下班前五分鐘伸展","下班前五分鐘伸展

久坐、低頭、開會一整天後，肩頸常會提醒你該放鬆一下。

這款定位是外用油膏，重點是局部按摩、依標示使用。衛署成製015614，乙類成藥，資料可至衛福部中藥許可證系統查詢。

外用產品請依標示使用；身體不適、症狀持續或惡化時，請諮詢醫師或藥師。
下單前可先私訊索取藥證查詢方式與外盒標示照片。","","圖卡：下班前五分鐘伸展 / 藥證可查 / 依標示使用","建議搭配：外盒標示實拍、藥證查詢截圖、產品質地短影片、客服回覆截圖（遮個資）。","衛福部中藥許可證：衛署成製015614；類別：乙類成藥；劑型：油膏劑。","退換貨、付款、客服、出貨、價格、通路與任何見證內容，發布前須由人工確認。","NO_LINE_API_CALL_NO_AUTO_PUBLISH_REVIEW_QUEUE_ONLY","","","","2026-06-29"
"LINE_DRYRUN_052","LINE052","LINE_OA_LINE052_V2","LINE_OA","2026-07-12","20:00","局部按摩和大面積厚敷的差別","A","中","pending_legal_pharmacist_review","NO","FUTURE_RESCHEDULED_PENDING_HUMAN_REVIEW_ONLY","NEEDS_HUMAN_REVIEW_SAFE_TERM_CHECK","","局部按摩和大面積厚敷的差別","局部按摩和大面積厚敷的差別

下單前，先看得懂標示與成分，比聽誇張話術更安心。

這款定位是外用油膏，重點是局部按摩、依標示使用。衛署成製015614，乙類成藥，資料可至衛福部中藥許可證系統查詢。

外用產品請依標示使用；身體不適、症狀持續或惡化時，請諮詢醫師或藥師。
下單前可先私訊索取藥證查詢方式與外盒標示照片。","","圖卡：局部按摩和大面積厚敷的差別 / 藥證可查 / 依標示使用","建議搭配：外盒標示實拍、藥證查詢截圖、產品質地短影片、客服回覆截圖（遮個資）。","衛福部中藥許可證：衛署成製015614；類別：乙類成藥；劑型：油膏劑。","退換貨、付款、客服、出貨、價格、通路與任何見證內容，發布前須由人工確認。","NO_LINE_API_CALL_NO_AUTO_PUBLISH_REVIEW_QUEUE_ONLY","","","","2026-06-29"
"LINE_DRYRUN_053","LINE053","LINE_OA_LINE053_V2","LINE_OA","2026-07-13","12:00","秋分後外出前暖身","F","低","pending_legal_pharmacist_review","NO","FUTURE_RESCHEDULED_PENDING_HUMAN_REVIEW_ONLY","NEEDS_HUMAN_REVIEW_SAFE_TERM_CHECK","","秋分後外出前暖身","秋分後外出前暖身

換季時，身體保養不需要複雜，穩定的小習慣比較長久。

這款定位是外用油膏，重點是局部按摩、依標示使用。衛署成製015614，乙類成藥，資料可至衛福部中藥許可證系統查詢。

外用產品請依標示使用；身體不適、症狀持續或惡化時，請諮詢醫師或藥師。
下單前可先私訊索取藥證查詢方式與外盒標示照片。","","圖卡：秋分後外出前暖身 / 藥證可查 / 依標示使用","建議搭配：外盒標示實拍、藥證查詢截圖、產品質地短影片、客服回覆截圖（遮個資）。","衛福部中藥許可證：衛署成製015614；類別：乙類成藥；劑型：油膏劑。","退換貨、付款、客服、出貨、價格、通路與任何見證內容，發布前須由人工確認。","NO_LINE_API_CALL_NO_AUTO_PUBLISH_REVIEW_QUEUE_ONLY","","","","2026-06-30"
"LINE_DRYRUN_054","LINE054","LINE_OA_LINE054_V2","LINE_OA","2026-07-13","20:00","症狀超過七天要停用並諮詢","E","高","pending_legal_pharmacist_review","NO","FUTURE_RESCHEDULED_PENDING_HUMAN_REVIEW_ONLY","NEEDS_HUMAN_REVIEW_SAFE_TERM_CHECK","","症狀超過七天要停用並諮詢","症狀超過七天要停用並諮詢

外用產品不是擦越多越好，用對位置、避開風險才安心。

這款定位是外用油膏，重點是局部按摩、依標示使用。衛署成製015614，乙類成藥，資料可至衛福部中藥許可證系統查詢。

外用產品請依標示使用；身體不適、症狀持續或惡化時，請諮詢醫師或藥師。
下單前可先私訊索取藥證查詢方式與外盒標示照片。","","圖卡：症狀超過七天要停用並諮詢 / 藥證可查 / 依標示使用","建議搭配：外盒標示實拍、藥證查詢截圖、產品質地短影片、客服回覆截圖（遮個資）。","衛福部中藥許可證：衛署成製015614；類別：乙類成藥；劑型：油膏劑。","退換貨、付款、客服、出貨、價格、通路與任何見證內容，發布前須由人工確認。","NO_LINE_API_CALL_NO_AUTO_PUBLISH_REVIEW_QUEUE_ONLY","","","","2026-06-30"
"LINE_DRYRUN_055","LINE055","LINE_OA_LINE055_V2","LINE_OA","2026-07-14","12:00","成分透明是基本功","H","中","pending_legal_pharmacist_review","NO","FUTURE_RESCHEDULED_PENDING_HUMAN_REVIEW_ONLY","NEEDS_HUMAN_REVIEW_SAFE_TERM_CHECK","","成分透明是基本功","成分透明是基本功

我們寧願把資料講清楚，也不想用誇大的話讓你衝動購買。

這款定位是外用油膏，重點是局部按摩、依標示使用。衛署成製015614，乙類成藥，資料可至衛福部中藥許可證系統查詢。

外用產品請依標示使用；身體不適、症狀持續或惡化時，請諮詢醫師或藥師。
下單前可先私訊索取藥證查詢方式與外盒標示照片。","","圖卡：成分透明是基本功 / 藥證可查 / 依標示使用","建議搭配：外盒標示實拍、藥證查詢截圖、產品質地短影片、客服回覆截圖（遮個資）。","衛福部中藥許可證：衛署成製015614；類別：乙類成藥；劑型：油膏劑。","退換貨、付款、客服、出貨、價格、通路與任何見證內容，發布前須由人工確認。","NO_LINE_API_CALL_NO_AUTO_PUBLISH_REVIEW_QUEUE_ONLY","","","","2026-07-01"
"LINE_DRYRUN_056","LINE056","LINE_OA_LINE056_V2","LINE_OA","2026-07-14","20:00","一條根可以天天厚敷嗎","G","低","pending_legal_pharmacist_review","NO","FUTURE_RESCHEDULED_PENDING_HUMAN_REVIEW_ONLY","NEEDS_HUMAN_REVIEW_SAFE_TERM_CHECK","","一條根可以天天厚敷嗎","一條根可以天天厚敷嗎

很多人不是不想保養，是不知道什麼情況該先問清楚。

這款定位是外用油膏，重點是局部按摩、依標示使用。衛署成製015614，乙類成藥，資料可至衛福部中藥許可證系統查詢。

外用產品請依標示使用；身體不適、症狀持續或惡化時，請諮詢醫師或藥師。
下單前可先私訊索取藥證查詢方式與外盒標示照片。","","圖卡：一條根可以天天厚敷嗎 / 藥證可查 / 依標示使用","建議搭配：外盒標示實拍、藥證查詢截圖、產品質地短影片、客服回覆截圖（遮個資）。","衛福部中藥許可證：衛署成製015614；類別：乙類成藥；劑型：油膏劑。","退換貨、付款、客服、出貨、價格、通路與任何見證內容，發布前須由人工確認。","NO_LINE_API_CALL_NO_AUTO_PUBLISH_REVIEW_QUEUE_ONLY","","","","2026-07-01"
"LINE_DRYRUN_057","LINE057","LINE_OA_LINE057_V2","LINE_OA","2026-07-15","12:00","運動後不要立刻熱敷加藥膏","C","中","pending_legal_pharmacist_review","NO","FUTURE_RESCHEDULED_PENDING_HUMAN_REVIEW_ONLY","NEEDS_HUMAN_REVIEW_SAFE_TERM_CHECK","","運動後不要立刻熱敷加藥膏","運動後不要立刻熱敷加藥膏

運動、搬重物、久站後，身體局部不適時，先休息、觀察，再做保守保養。

這款定位是外用油膏，重點是局部按摩、依標示使用。衛署成製015614，乙類成藥，資料可至衛福部中藥許可證系統查詢。

外用產品請依標示使用；身體不適、症狀持續或惡化時，請諮詢醫師或藥師。
下單前可先私訊索取藥證查詢方式與外盒標示照片。","","圖卡：運動後不要立刻熱敷加藥膏 / 藥證可查 / 依標示使用","建議搭配：外盒標示實拍、藥證查詢截圖、產品質地短影片、客服回覆截圖（遮個資）。","衛福部中藥許可證：衛署成製015614；類別：乙類成藥；劑型：油膏劑。","退換貨、付款、客服、出貨、價格、通路與任何見證內容，發布前須由人工確認。","NO_LINE_API_CALL_NO_AUTO_PUBLISH_REVIEW_QUEUE_ONLY","","","","2026-07-02"
"LINE_DRYRUN_058","LINE058","LINE_OA_LINE058_V2","LINE_OA","2026-07-15","20:00","使用前先小範圍測試","A","中","pending_legal_pharmacist_review","NO","FUTURE_RESCHEDULED_PENDING_HUMAN_REVIEW_ONLY","NEEDS_HUMAN_REVIEW_SAFE_TERM_CHECK","","使用前先小範圍測試","使用前先小範圍測試

下單前，先看得懂標示與成分，比聽誇張話術更安心。

這款定位是外用油膏，重點是局部按摩、依標示使用。衛署成製015614，乙類成藥，資料可至衛福部中藥許可證系統查詢。

外用產品請依標示使用；身體不適、症狀持續或惡化時，請諮詢醫師或藥師。
下單前可先私訊索取藥證查詢方式與外盒標示照片。","","圖卡：使用前先小範圍測試 / 藥證可查 / 依標示使用","建議搭配：外盒標示實拍、藥證查詢截圖、產品質地短影片、客服回覆截圖（遮個資）。","衛福部中藥許可證：衛署成製015614；類別：乙類成藥；劑型：油膏劑。","退換貨、付款、客服、出貨、價格、通路與任何見證內容，發布前須由人工確認。","NO_LINE_API_CALL_NO_AUTO_PUBLISH_REVIEW_QUEUE_ONLY","","","","2026-07-02"
"LINE_DRYRUN_059","LINE059","LINE_OA_LINE059_V2","LINE_OA","2026-07-16","12:00","長輩使用前先看標示","D","中","pending_legal_pharmacist_review","NO","FUTURE_RESCHEDULED_PENDING_HUMAN_REVIEW_ONLY","NEEDS_HUMAN_REVIEW_SAFE_TERM_CHECK","","長輩使用前先看標示","長輩使用前先看標示

幫長輩準備外用產品時，最重要的是安全、清楚、不要亂用。

這款定位是外用油膏，重點是局部按摩、依標示使用。衛署成製015614，乙類成藥，資料可至衛福部中藥許可證系統查詢。

外用產品請依標示使用；身體不適、症狀持續或惡化時，請諮詢醫師或藥師。
下單前可先私訊索取藥證查詢方式與外盒標示照片。","","圖卡：長輩使用前先看標示 / 藥證可查 / 依標示使用","建議搭配：外盒標示實拍、藥證查詢截圖、產品質地短影片、客服回覆截圖（遮個資）。","衛福部中藥許可證：衛署成製015614；類別：乙類成藥；劑型：油膏劑。","退換貨、付款、客服、出貨、價格、通路與任何見證內容，發布前須由人工確認。","NO_LINE_API_CALL_NO_AUTO_PUBLISH_REVIEW_QUEUE_ONLY","","","","2026-07-03"
"LINE_DRYRUN_060","LINE060","LINE_OA_LINE060_V2","LINE_OA","2026-07-16","20:00","皮膚刺激時要停止使用","E","高","pending_legal_pharmacist_review","NO","FUTURE_RESCHEDULED_PENDING_HUMAN_REVIEW_ONLY","NEEDS_HUMAN_REVIEW_SAFE_TERM_CHECK","","皮膚刺激時要停止使用","皮膚刺激時要停止使用

外用產品不是擦越多越好，用對位置、避開風險才安心。

這款定位是外用油膏，重點是局部按摩、依標示使用。衛署成製015614，乙類成藥，資料可至衛福部中藥許可證系統查詢。

外用產品請依標示使用；身體不適、症狀持續或惡化時，請諮詢醫師或藥師。
下單前可先私訊索取藥證查詢方式與外盒標示照片。","","圖卡：皮膚刺激時要停止使用 / 藥證可查 / 依標示使用","建議搭配：外盒標示實拍、藥證查詢截圖、產品質地短影片、客服回覆截圖（遮個資）。","衛福部中藥許可證：衛署成製015614；類別：乙類成藥；劑型：油膏劑。","退換貨、付款、客服、出貨、價格、通路與任何見證內容，發布前須由人工確認。","NO_LINE_API_CALL_NO_AUTO_PUBLISH_REVIEW_QUEUE_ONLY","","","","2026-07-03"
"LINE_DRYRUN_061","LINE061","LINE_OA_LINE061_V2","LINE_OA","2026-07-17","12:00","寒露後肩背保養","F","低","pending_legal_pharmacist_review","NO","FUTURE_RESCHEDULED_PENDING_HUMAN_REVIEW_ONLY","NEEDS_HUMAN_REVIEW_SAFE_TERM_CHECK","","寒露後肩背保養","寒露後肩背保養

換季時，身體保養不需要複雜，穩定的小習慣比較長久。

這款定位是外用油膏，重點是局部按摩、依標示使用。衛署成製015614，乙類成藥，資料可至衛福部中藥許可證系統查詢。

外用產品請依標示使用；身體不適、症狀持續或惡化時，請諮詢醫師或藥師。
下單前可先私訊索取藥證查詢方式與外盒標示照片。","","圖卡：寒露後肩背保養 / 藥證可查 / 依標示使用","建議搭配：外盒標示實拍、藥證查詢截圖、產品質地短影片、客服回覆截圖（遮個資）。","衛福部中藥許可證：衛署成製015614；類別：乙類成藥；劑型：油膏劑。","退換貨、付款、客服、出貨、價格、通路與任何見證內容，發布前須由人工確認。","NO_LINE_API_CALL_NO_AUTO_PUBLISH_REVIEW_QUEUE_ONLY","","","","2026-07-04"
"LINE_DRYRUN_062","LINE062","LINE_OA_LINE062_V2","LINE_OA","2026-07-17","20:00","輕微拉扯後的觀察重點","C","中","pending_legal_pharmacist_review","NO","FUTURE_RESCHEDULED_PENDING_HUMAN_REVIEW_ONLY","NEEDS_HUMAN_REVIEW_SAFE_TERM_CHECK","","輕微拉扯後的觀察重點","輕微拉扯後的觀察重點

運動、搬重物、久站後，身體局部不適時，先休息、觀察，再做保守保養。

這款定位是外用油膏，重點是局部按摩、依標示使用。衛署成製015614，乙類成藥，資料可至衛福部中藥許可證系統查詢。

外用產品請依標示使用；身體不適、症狀持續或惡化時，請諮詢醫師或藥師。
下單前可先私訊索取藥證查詢方式與外盒標示照片。","","圖卡：輕微拉扯後的觀察重點 / 藥證可查 / 依標示使用","建議搭配：外盒標示實拍、藥證查詢截圖、產品質地短影片、客服回覆截圖（遮個資）。","衛福部中藥許可證：衛署成製015614；類別：乙類成藥；劑型：油膏劑。","退換貨、付款、客服、出貨、價格、通路與任何見證內容，發布前須由人工確認。","NO_LINE_API_CALL_NO_AUTO_PUBLISH_REVIEW_QUEUE_ONLY","","","","2026-07-04"
"LINE_DRYRUN_063","LINE063","LINE_OA_LINE063_V2","LINE_OA","2026-07-18","12:00","擦完可以馬上熱敷嗎","G","低","pending_legal_pharmacist_review","NO","FUTURE_RESCHEDULED_PENDING_HUMAN_REVIEW_ONLY","NEEDS_HUMAN_REVIEW_SAFE_TERM_CHECK","","擦完可以馬上熱敷嗎","擦完可以馬上熱敷嗎

很多人不是不想保養，是不知道什麼情況該先問清楚。

這款定位是外用油膏，重點是局部按摩、依標示使用。衛署成製015614，乙類成藥，資料可至衛福部中藥許可證系統查詢。

外用產品請依標示使用；身體不適、症狀持續或惡化時，請諮詢醫師或藥師。
下單前可先私訊索取藥證查詢方式與外盒標示照片。","","圖卡：擦完可以馬上熱敷嗎 / 藥證可查 / 依標示使用","建議搭配：外盒標示實拍、藥證查詢截圖、產品質地短影片、客服回覆截圖（遮個資）。","衛福部中藥許可證：衛署成製015614；類別：乙類成藥；劑型：油膏劑。","退換貨、付款、客服、出貨、價格、通路與任何見證內容，發布前須由人工確認。","NO_LINE_API_CALL_NO_AUTO_PUBLISH_REVIEW_QUEUE_ONLY","","","","2026-07-05"
"LINE_DRYRUN_064","LINE064","LINE_OA_LINE064_V2","LINE_OA","2026-07-18","20:00","別把長期疼痛只當小問題","D","中","pending_legal_pharmacist_review","NO","FUTURE_RESCHEDULED_PENDING_HUMAN_REVIEW_ONLY","NEEDS_HUMAN_REVIEW_SAFE_TERM_CHECK","","別把長期疼痛只當小問題","別把長期疼痛只當小問題

幫長輩準備外用產品時，最重要的是安全、清楚、不要亂用。

這款定位是外用油膏，重點是局部按摩、依標示使用。衛署成製015614，乙類成藥，資料可至衛福部中藥許可證系統查詢。

外用產品請依標示使用；身體不適、症狀持續或惡化時，請諮詢醫師或藥師。
下單前可先私訊索取藥證查詢方式與外盒標示照片。","","圖卡：別把長期疼痛只當小問題 / 藥證可查 / 依標示使用","建議搭配：外盒標示實拍、藥證查詢截圖、產品質地短影片、客服回覆截圖（遮個資）。","衛福部中藥許可證：衛署成製015614；類別：乙類成藥；劑型：油膏劑。","退換貨、付款、客服、出貨、價格、通路與任何見證內容，發布前須由人工確認。","NO_LINE_API_CALL_NO_AUTO_PUBLISH_REVIEW_QUEUE_ONLY","","","","2026-07-05"
"LINE_DRYRUN_065","LINE065","LINE_OA_LINE065_V2","LINE_OA","2026-07-19","12:00","滑手機後頸部保養","B","低","pending_legal_pharmacist_review","NO","FUTURE_RESCHEDULED_PENDING_HUMAN_REVIEW_ONLY","NEEDS_HUMAN_REVIEW_SAFE_TERM_CHECK","","滑手機後頸部保養","滑手機後頸部保養

久坐、低頭、開會一整天後，肩頸常會提醒你該放鬆一下。

這款定位是外用油膏，重點是局部按摩、依標示使用。衛署成製015614，乙類成藥，資料可至衛福部中藥許可證系統查詢。

外用產品請依標示使用；身體不適、症狀持續或惡化時，請諮詢醫師或藥師。
下單前可先私訊索取藥證查詢方式與外盒標示照片。","","圖卡：滑手機後頸部保養 / 藥證可查 / 依標示使用","建議搭配：外盒標示實拍、藥證查詢截圖、產品質地短影片、客服回覆截圖（遮個資）。","衛福部中藥許可證：衛署成製015614；類別：乙類成藥；劑型：油膏劑。","退換貨、付款、客服、出貨、價格、通路與任何見證內容，發布前須由人工確認。","NO_LINE_API_CALL_NO_AUTO_PUBLISH_REVIEW_QUEUE_ONLY","","","","2026-07-06"
"LINE_DRYRUN_066","LINE066","LINE_OA_LINE066_V2","LINE_OA","2026-07-19","20:00","產品不是神藥，定位要講清楚","A","中","pending_legal_pharmacist_review","NO","FUTURE_RESCHEDULED_PENDING_HUMAN_REVIEW_ONLY","NEEDS_HUMAN_REVIEW_SAFE_TERM_CHECK","","產品不是神藥，定位要講清楚","產品不是神藥，定位要講清楚

下單前，先看得懂標示與成分，比聽誇張話術更安心。

這款定位是外用油膏，重點是局部按摩、依標示使用。衛署成製015614，乙類成藥，資料可至衛福部中藥許可證系統查詢。

外用產品請依標示使用；身體不適、症狀持續或惡化時，請諮詢醫師或藥師。
下單前可先私訊索取藥證查詢方式與外盒標示照片。","","圖卡：產品不是神藥，定位要講清楚 / 藥證可查 / 依標示使用","建議搭配：外盒標示實拍、藥證查詢截圖、產品質地短影片、客服回覆截圖（遮個資）。","衛福部中藥許可證：衛署成製015614；類別：乙類成藥；劑型：油膏劑。","退換貨、付款、客服、出貨、價格、通路與任何見證內容，發布前須由人工確認。","NO_LINE_API_CALL_NO_AUTO_PUBLISH_REVIEW_QUEUE_ONLY","","","","2026-07-06"
"LINE_DRYRUN_067","LINE067","LINE_OA_LINE067_V2","LINE_OA","2026-07-20","12:00","立冬前後的日常舒緩儀式","F","低","pending_legal_pharmacist_review","NO","FUTURE_RESCHEDULED_PENDING_HUMAN_REVIEW_ONLY","NEEDS_HUMAN_REVIEW_SAFE_TERM_CHECK","","立冬前後的日常舒緩儀式","立冬前後的日常舒緩儀式

換季時，身體保養不需要複雜，穩定的小習慣比較長久。

這款定位是外用油膏，重點是局部按摩、依標示使用。衛署成製015614，乙類成藥，資料可至衛福部中藥許可證系統查詢。

外用產品請依標示使用；身體不適、症狀持續或惡化時，請諮詢醫師或藥師。
下單前可先私訊索取藥證查詢方式與外盒標示照片。","","圖卡：立冬前後的日常舒緩儀式 / 藥證可查 / 依標示使用","建議搭配：外盒標示實拍、藥證查詢截圖、產品質地短影片、客服回覆截圖（遮個資）。","衛福部中藥許可證：衛署成製015614；類別：乙類成藥；劑型：油膏劑。","退換貨、付款、客服、出貨、價格、通路與任何見證內容，發布前須由人工確認。","NO_LINE_API_CALL_NO_AUTO_PUBLISH_REVIEW_QUEUE_ONLY","","","","2026-07-07"
"LINE_DRYRUN_068","LINE068","LINE_OA_LINE068_V2","LINE_OA","2026-07-20","20:00","深層症狀不適合自行處理","E","高","pending_legal_pharmacist_review","NO","FUTURE_RESCHEDULED_PENDING_HUMAN_REVIEW_ONLY","NEEDS_HUMAN_REVIEW_SAFE_TERM_CHECK","","深層症狀不適合自行處理","深層症狀不適合自行處理

外用產品不是擦越多越好，用對位置、避開風險才安心。

這款定位是外用油膏，重點是局部按摩、依標示使用。衛署成製015614，乙類成藥，資料可至衛福部中藥許可證系統查詢。

外用產品請依標示使用；身體不適、症狀持續或惡化時，請諮詢醫師或藥師。
下單前可先私訊索取藥證查詢方式與外盒標示照片。","","圖卡：深層症狀不適合自行處理 / 藥證可查 / 依標示使用","建議搭配：外盒標示實拍、藥證查詢截圖、產品質地短影片、客服回覆截圖（遮個資）。","衛福部中藥許可證：衛署成製015614；類別：乙類成藥；劑型：油膏劑。","退換貨、付款、客服、出貨、價格、通路與任何見證內容，發布前須由人工確認。","NO_LINE_API_CALL_NO_AUTO_PUBLISH_REVIEW_QUEUE_ONLY","","","","2026-07-07"
"LINE_DRYRUN_069","LINE069","LINE_OA_LINE069_V2","LINE_OA","2026-07-21","12:00","每篇貼文都要人工審核","H","中","pending_legal_pharmacist_review","NO","FUTURE_RESCHEDULED_PENDING_HUMAN_REVIEW_ONLY","NEEDS_HUMAN_REVIEW_SAFE_TERM_CHECK","","每篇貼文都要人工審核","每篇貼文都要人工審核

我們寧願把資料講清楚，也不想用誇大的話讓你衝動購買。

這款定位是外用油膏，重點是局部按摩、依標示使用。衛署成製015614，乙類成藥，資料可至衛福部中藥許可證系統查詢。

外用產品請依標示使用；身體不適、症狀持續或惡化時，請諮詢醫師或藥師。
下單前可先私訊索取藥證查詢方式與外盒標示照片。","","圖卡：每篇貼文都要人工審核 / 藥證可查 / 依標示使用","建議搭配：外盒標示實拍、藥證查詢截圖、產品質地短影片、客服回覆截圖（遮個資）。","衛福部中藥許可證：衛署成製015614；類別：乙類成藥；劑型：油膏劑。","退換貨、付款、客服、出貨、價格、通路與任何見證內容，發布前須由人工確認。","NO_LINE_API_CALL_NO_AUTO_PUBLISH_REVIEW_QUEUE_ONLY","","","","2026-07-08"
"LINE_DRYRUN_070","LINE070","LINE_OA_LINE070_V2","LINE_OA","2026-07-21","20:00","哪些情況應該先就醫","G","低","pending_legal_pharmacist_review","NO","FUTURE_RESCHEDULED_PENDING_HUMAN_REVIEW_ONLY","NEEDS_HUMAN_REVIEW_SAFE_TERM_CHECK","","哪些情況應該先就醫","哪些情況應該先就醫

很多人不是不想保養，是不知道什麼情況該先問清楚。

這款定位是外用油膏，重點是局部按摩、依標示使用。衛署成製015614，乙類成藥，資料可至衛福部中藥許可證系統查詢。

外用產品請依標示使用；身體不適、症狀持續或惡化時，請諮詢醫師或藥師。
下單前可先私訊索取藥證查詢方式與外盒標示照片。","","圖卡：哪些情況應該先就醫 / 藥證可查 / 依標示使用","建議搭配：外盒標示實拍、藥證查詢截圖、產品質地短影片、客服回覆截圖（遮個資）。","衛福部中藥許可證：衛署成製015614；類別：乙類成藥；劑型：油膏劑。","退換貨、付款、客服、出貨、價格、通路與任何見證內容，發布前須由人工確認。","NO_LINE_API_CALL_NO_AUTO_PUBLISH_REVIEW_QUEUE_ONLY","","","","2026-07-08"
"LINE_DRYRUN_071","LINE071","LINE_OA_LINE071_V2","LINE_OA","2026-07-22","12:00","運動後局部痠痛的保守處理","C","中","pending_legal_pharmacist_review","NO","FUTURE_RESCHEDULED_PENDING_HUMAN_REVIEW_ONLY","NEEDS_HUMAN_REVIEW_SAFE_TERM_CHECK","","運動後局部痠痛的保守處理","運動後局部痠痛的保守處理

運動、搬重物、久站後，身體局部不適時，先休息、觀察，再做保守保養。

這款定位是外用油膏，重點是局部按摩、依標示使用。衛署成製015614，乙類成藥，資料可至衛福部中藥許可證系統查詢。

外用產品請依標示使用；身體不適、症狀持續或惡化時，請諮詢醫師或藥師。
下單前可先私訊索取藥證查詢方式與外盒標示照片。","","圖卡：運動後局部痠痛的保守處理 / 藥證可查 / 依標示使用","建議搭配：外盒標示實拍、藥證查詢截圖、產品質地短影片、客服回覆截圖（遮個資）。","衛福部中藥許可證：衛署成製015614；類別：乙類成藥；劑型：油膏劑。","退換貨、付款、客服、出貨、價格、通路與任何見證內容，發布前須由人工確認。","NO_LINE_API_CALL_NO_AUTO_PUBLISH_REVIEW_QUEUE_ONLY","","","","2026-07-09"
"LINE_DRYRUN_072","LINE072","LINE_OA_LINE072_V2","LINE_OA","2026-07-22","20:00","冬青油與清涼舒緩體感","A","中","pending_legal_pharmacist_review","NO","FUTURE_RESCHEDULED_PENDING_HUMAN_REVIEW_ONLY","NEEDS_HUMAN_REVIEW_SAFE_TERM_CHECK","","冬青油與清涼舒緩體感","冬青油與清涼舒緩體感

下單前，先看得懂標示與成分，比聽誇張話術更安心。

這款定位是外用油膏，重點是局部按摩、依標示使用。衛署成製015614，乙類成藥，資料可至衛福部中藥許可證系統查詢。

外用產品請依標示使用；身體不適、症狀持續或惡化時，請諮詢醫師或藥師。
下單前可先私訊索取藥證查詢方式與外盒標示照片。","","圖卡：冬青油與清涼舒緩體感 / 藥證可查 / 依標示使用","建議搭配：外盒標示實拍、藥證查詢截圖、產品質地短影片、客服回覆截圖（遮個資）。","衛福部中藥許可證：衛署成製015614；類別：乙類成藥；劑型：油膏劑。","退換貨、付款、客服、出貨、價格、通路與任何見證內容，發布前須由人工確認。","NO_LINE_API_CALL_NO_AUTO_PUBLISH_REVIEW_QUEUE_ONLY","","","","2026-07-09"
"LINE_DRYRUN_073","LINE073","LINE_OA_LINE073_V2","LINE_OA","2026-07-23","12:00","早晨活動前的關節暖身","D","中","pending_legal_pharmacist_review","NO","FUTURE_RESCHEDULED_PENDING_HUMAN_REVIEW_ONLY","NEEDS_HUMAN_REVIEW_SAFE_TERM_CHECK","","早晨活動前的關節暖身","早晨活動前的關節暖身

幫長輩準備外用產品時，最重要的是安全、清楚、不要亂用。

這款定位是外用油膏，重點是局部按摩、依標示使用。衛署成製015614，乙類成藥，資料可至衛福部中藥許可證系統查詢。

外用產品請依標示使用；身體不適、症狀持續或惡化時，請諮詢醫師或藥師。
下單前可先私訊索取藥證查詢方式與外盒標示照片。","","圖卡：早晨活動前的關節暖身 / 藥證可查 / 依標示使用","建議搭配：外盒標示實拍、藥證查詢截圖、產品質地短影片、客服回覆截圖（遮個資）。","衛福部中藥許可證：衛署成製015614；類別：乙類成藥；劑型：油膏劑。","退換貨、付款、客服、出貨、價格、通路與任何見證內容，發布前須由人工確認。","NO_LINE_API_CALL_NO_AUTO_PUBLISH_REVIEW_QUEUE_ONLY","","","","2026-07-10"
"LINE_DRYRUN_074","LINE074","LINE_OA_LINE074_V2","LINE_OA","2026-07-23","20:00","不能擦在破皮或傷口","E","高","pending_legal_pharmacist_review","NO","FUTURE_RESCHEDULED_PENDING_HUMAN_REVIEW_ONLY","NEEDS_HUMAN_REVIEW_SAFE_TERM_CHECK","","不能擦在破皮或傷口","不能擦在破皮或傷口

外用產品不是擦越多越好，用對位置、避開風險才安心。

這款定位是外用油膏，重點是局部按摩、依標示使用。衛署成製015614，乙類成藥，資料可至衛福部中藥許可證系統查詢。

外用產品請依標示使用；身體不適、症狀持續或惡化時，請諮詢醫師或藥師。
下單前可先私訊索取藥證查詢方式與外盒標示照片。","","圖卡：不能擦在破皮或傷口 / 藥證可查 / 依標示使用","建議搭配：外盒標示實拍、藥證查詢截圖、產品質地短影片、客服回覆截圖（遮個資）。","衛福部中藥許可證：衛署成製015614；類別：乙類成藥；劑型：油膏劑。","退換貨、付款、客服、出貨、價格、通路與任何見證內容，發布前須由人工確認。","NO_LINE_API_CALL_NO_AUTO_PUBLISH_REVIEW_QUEUE_ONLY","","","","2026-07-10"
"LINE_DRYRUN_075","LINE075","LINE_OA_LINE075_V2","LINE_OA","2026-07-24","12:00","芒種後濕熱生活保養","F","低","pending_legal_pharmacist_review","NO","FUTURE_RESCHEDULED_PENDING_HUMAN_REVIEW_ONLY","NEEDS_HUMAN_REVIEW_SAFE_TERM_CHECK","","芒種後濕熱生活保養","芒種後濕熱生活保養

換季時，身體保養不需要複雜，穩定的小習慣比較長久。

這款定位是外用油膏，重點是局部按摩、依標示使用。衛署成製015614，乙類成藥，資料可至衛福部中藥許可證系統查詢。

外用產品請依標示使用；身體不適、症狀持續或惡化時，請諮詢醫師或藥師。
下單前可先私訊索取藥證查詢方式與外盒標示照片。","","圖卡：芒種後濕熱生活保養 / 藥證可查 / 依標示使用","建議搭配：外盒標示實拍、藥證查詢截圖、產品質地短影片、客服回覆截圖（遮個資）。","衛福部中藥許可證：衛署成製015614；類別：乙類成藥；劑型：油膏劑。","退換貨、付款、客服、出貨、價格、通路與任何見證內容，發布前須由人工確認。","NO_LINE_API_CALL_NO_AUTO_PUBLISH_REVIEW_QUEUE_ONLY","","","","2026-07-11"
"LINE_DRYRUN_076","LINE076","LINE_OA_LINE076_V2","LINE_OA","2026-07-24","20:00","久站後小腿不適舒緩","C","中","pending_legal_pharmacist_review","NO","FUTURE_RESCHEDULED_PENDING_HUMAN_REVIEW_ONLY","NEEDS_HUMAN_REVIEW_SAFE_TERM_CHECK","","久站後小腿不適舒緩","久站後小腿不適舒緩

運動、搬重物、久站後，身體局部不適時，先休息、觀察，再做保守保養。

這款定位是外用油膏，重點是局部按摩、依標示使用。衛署成製015614，乙類成藥，資料可至衛福部中藥許可證系統查詢。

外用產品請依標示使用；身體不適、症狀持續或惡化時，請諮詢醫師或藥師。
下單前可先私訊索取藥證查詢方式與外盒標示照片。","","圖卡：久站後小腿不適舒緩 / 藥證可查 / 依標示使用","建議搭配：外盒標示實拍、藥證查詢截圖、產品質地短影片、客服回覆截圖（遮個資）。","衛福部中藥許可證：衛署成製015614；類別：乙類成藥；劑型：油膏劑。","退換貨、付款、客服、出貨、價格、通路與任何見證內容，發布前須由人工確認。","NO_LINE_API_CALL_NO_AUTO_PUBLISH_REVIEW_QUEUE_ONLY","","","","2026-07-11"
"LINE_DRYRUN_077","LINE077","LINE_OA_LINE077_V2","LINE_OA","2026-07-25","12:00","你最常哪個部位緊繃","G","低","pending_legal_pharmacist_review","NO","FUTURE_RESCHEDULED_PENDING_HUMAN_REVIEW_ONLY","NEEDS_HUMAN_REVIEW_SAFE_TERM_CHECK","","你最常哪個部位緊繃","你最常哪個部位緊繃

很多人不是不想保養，是不知道什麼情況該先問清楚。

這款定位是外用油膏，重點是局部按摩、依標示使用。衛署成製015614，乙類成藥，資料可至衛福部中藥許可證系統查詢。

外用產品請依標示使用；身體不適、症狀持續或惡化時，請諮詢醫師或藥師。
下單前可先私訊索取藥證查詢方式與外盒標示照片。","","圖卡：你最常哪個部位緊繃 / 藥證可查 / 依標示使用","建議搭配：外盒標示實拍、藥證查詢截圖、產品質地短影片、客服回覆截圖（遮個資）。","衛福部中藥許可證：衛署成製015614；類別：乙類成藥；劑型：油膏劑。","退換貨、付款、客服、出貨、價格、通路與任何見證內容，發布前須由人工確認。","NO_LINE_API_CALL_NO_AUTO_PUBLISH_REVIEW_QUEUE_ONLY","","","","2026-07-12"
"LINE_DRYRUN_078","LINE078","LINE_OA_LINE078_V2","LINE_OA","2026-07-25","20:00","長輩外用膏使用安全","D","中","pending_legal_pharmacist_review","NO","FUTURE_RESCHEDULED_PENDING_HUMAN_REVIEW_ONLY","NEEDS_HUMAN_REVIEW_SAFE_TERM_CHECK","","長輩外用膏使用安全","長輩外用膏使用安全

幫長輩準備外用產品時，最重要的是安全、清楚、不要亂用。

這款定位是外用油膏，重點是局部按摩、依標示使用。衛署成製015614，乙類成藥，資料可至衛福部中藥許可證系統查詢。

外用產品請依標示使用；身體不適、症狀持續或惡化時，請諮詢醫師或藥師。
下單前可先私訊索取藥證查詢方式與外盒標示照片。","","圖卡：長輩外用膏使用安全 / 藥證可查 / 依標示使用","建議搭配：外盒標示實拍、藥證查詢截圖、產品質地短影片、客服回覆截圖（遮個資）。","衛福部中藥許可證：衛署成製015614；類別：乙類成藥；劑型：油膏劑。","退換貨、付款、客服、出貨、價格、通路與任何見證內容，發布前須由人工確認。","NO_LINE_API_CALL_NO_AUTO_PUBLISH_REVIEW_QUEUE_ONLY","","","","2026-07-12"
"LINE_DRYRUN_079","LINE079","LINE_OA_LINE079_V2","LINE_OA","2026-07-26","12:00","辦公桌前的姿勢檢查","B","低","pending_legal_pharmacist_review","NO","FUTURE_RESCHEDULED_PENDING_HUMAN_REVIEW_ONLY","NEEDS_HUMAN_REVIEW_SAFE_TERM_CHECK","","辦公桌前的姿勢檢查","辦公桌前的姿勢檢查

久坐、低頭、開會一整天後，肩頸常會提醒你該放鬆一下。

這款定位是外用油膏，重點是局部按摩、依標示使用。衛署成製015614，乙類成藥，資料可至衛福部中藥許可證系統查詢。

外用產品請依標示使用；身體不適、症狀持續或惡化時，請諮詢醫師或藥師。
下單前可先私訊索取藥證查詢方式與外盒標示照片。","","圖卡：辦公桌前的姿勢檢查 / 藥證可查 / 依標示使用","建議搭配：外盒標示實拍、藥證查詢截圖、產品質地短影片、客服回覆截圖（遮個資）。","衛福部中藥許可證：衛署成製015614；類別：乙類成藥；劑型：油膏劑。","退換貨、付款、客服、出貨、價格、通路與任何見證內容，發布前須由人工確認。","NO_LINE_API_CALL_NO_AUTO_PUBLISH_REVIEW_QUEUE_ONLY","","","","2026-07-13"
"LINE_DRYRUN_080","LINE080","LINE_OA_LINE080_V2","LINE_OA","2026-07-26","20:00","薄荷腦帶來的涼感來源","A","中","pending_legal_pharmacist_review","NO","FUTURE_RESCHEDULED_PENDING_HUMAN_REVIEW_ONLY","NEEDS_HUMAN_REVIEW_SAFE_TERM_CHECK","","薄荷腦帶來的涼感來源","薄荷腦帶來的涼感來源

下單前，先看得懂標示與成分，比聽誇張話術更安心。

這款定位是外用油膏，重點是局部按摩、依標示使用。衛署成製015614，乙類成藥，資料可至衛福部中藥許可證系統查詢。

外用產品請依標示使用；身體不適、症狀持續或惡化時，請諮詢醫師或藥師。
下單前可先私訊索取藥證查詢方式與外盒標示照片。","","圖卡：薄荷腦帶來的涼感來源 / 藥證可查 / 依標示使用","建議搭配：外盒標示實拍、藥證查詢截圖、產品質地短影片、客服回覆截圖（遮個資）。","衛福部中藥許可證：衛署成製015614；類別：乙類成藥；劑型：油膏劑。","退換貨、付款、客服、出貨、價格、通路與任何見證內容，發布前須由人工確認。","NO_LINE_API_CALL_NO_AUTO_PUBLISH_REVIEW_QUEUE_ONLY","","","","2026-07-13"
"LINE_DRYRUN_081","LINE081","LINE_OA_LINE081_V2","LINE_OA","2026-07-27","12:00","夏季冷氣房的肩頸保養","F","低","pending_legal_pharmacist_review","NO","FUTURE_RESCHEDULED_PENDING_HUMAN_REVIEW_ONLY","NEEDS_HUMAN_REVIEW_SAFE_TERM_CHECK","","夏季冷氣房的肩頸保養","夏季冷氣房的肩頸保養

換季時，身體保養不需要複雜，穩定的小習慣比較長久。

這款定位是外用油膏，重點是局部按摩、依標示使用。衛署成製015614，乙類成藥，資料可至衛福部中藥許可證系統查詢。

外用產品請依標示使用；身體不適、症狀持續或惡化時，請諮詢醫師或藥師。
下單前可先私訊索取藥證查詢方式與外盒標示照片。","","圖卡：夏季冷氣房的肩頸保養 / 藥證可查 / 依標示使用","建議搭配：外盒標示實拍、藥證查詢截圖、產品質地短影片、客服回覆截圖（遮個資）。","衛福部中藥許可證：衛署成製015614；類別：乙類成藥；劑型：油膏劑。","退換貨、付款、客服、出貨、價格、通路與任何見證內容，發布前須由人工確認。","NO_LINE_API_CALL_NO_AUTO_PUBLISH_REVIEW_QUEUE_ONLY","","","","2026-07-14"
"LINE_DRYRUN_082","LINE082","LINE_OA_LINE082_V2","LINE_OA","2026-07-27","20:00","外用膏避免眼周與黏膜","E","高","pending_legal_pharmacist_review","NO","FUTURE_RESCHEDULED_PENDING_HUMAN_REVIEW_ONLY","NEEDS_HUMAN_REVIEW_SAFE_TERM_CHECK","","外用膏避免眼周與黏膜","外用膏避免眼周與黏膜

外用產品不是擦越多越好，用對位置、避開風險才安心。

這款定位是外用油膏，重點是局部按摩、依標示使用。衛署成製015614，乙類成藥，資料可至衛福部中藥許可證系統查詢。

外用產品請依標示使用；身體不適、症狀持續或惡化時，請諮詢醫師或藥師。
下單前可先私訊索取藥證查詢方式與外盒標示照片。","","圖卡：外用膏避免眼周與黏膜 / 藥證可查 / 依標示使用","建議搭配：外盒標示實拍、藥證查詢截圖、產品質地短影片、客服回覆截圖（遮個資）。","衛福部中藥許可證：衛署成製015614；類別：乙類成藥；劑型：油膏劑。","退換貨、付款、客服、出貨、價格、通路與任何見證內容，發布前須由人工確認。","NO_LINE_API_CALL_NO_AUTO_PUBLISH_REVIEW_QUEUE_ONLY","","","","2026-07-14"
"LINE_DRYRUN_083","LINE083","LINE_OA_LINE083_V2","LINE_OA","2026-07-28","12:00","合法宣傳比誇大更長久","H","中","pending_legal_pharmacist_review","NO","FUTURE_RESCHEDULED_PENDING_HUMAN_REVIEW_ONLY","NEEDS_HUMAN_REVIEW_SAFE_TERM_CHECK","","合法宣傳比誇大更長久","合法宣傳比誇大更長久

我們寧願把資料講清楚，也不想用誇大的話讓你衝動購買。

這款定位是外用油膏，重點是局部按摩、依標示使用。衛署成製015614，乙類成藥，資料可至衛福部中藥許可證系統查詢。

外用產品請依標示使用；身體不適、症狀持續或惡化時，請諮詢醫師或藥師。
下單前可先私訊索取藥證查詢方式與外盒標示照片。","","圖卡：合法宣傳比誇大更長久 / 藥證可查 / 依標示使用","建議搭配：外盒標示實拍、藥證查詢截圖、產品質地短影片、客服回覆截圖（遮個資）。","衛福部中藥許可證：衛署成製015614；類別：乙類成藥；劑型：油膏劑。","退換貨、付款、客服、出貨、價格、通路與任何見證內容，發布前須由人工確認。","NO_LINE_API_CALL_NO_AUTO_PUBLISH_REVIEW_QUEUE_ONLY","","","","2026-07-15"
"LINE_DRYRUN_084","LINE084","LINE_OA_LINE084_V2","LINE_OA","2026-07-28","20:00","你習慣運動前還是運動後保養","G","低","pending_legal_pharmacist_review","NO","FUTURE_RESCHEDULED_PENDING_HUMAN_REVIEW_ONLY","NEEDS_HUMAN_REVIEW_SAFE_TERM_CHECK","","你習慣運動前還是運動後保養","你習慣運動前還是運動後保養

很多人不是不想保養，是不知道什麼情況該先問清楚。

這款定位是外用油膏，重點是局部按摩、依標示使用。衛署成製015614，乙類成藥，資料可至衛福部中藥許可證系統查詢。

外用產品請依標示使用；身體不適、症狀持續或惡化時，請諮詢醫師或藥師。
下單前可先私訊索取藥證查詢方式與外盒標示照片。","","圖卡：你習慣運動前還是運動後保養 / 藥證可查 / 依標示使用","建議搭配：外盒標示實拍、藥證查詢截圖、產品質地短影片、客服回覆截圖（遮個資）。","衛福部中藥許可證：衛署成製015614；類別：乙類成藥；劑型：油膏劑。","退換貨、付款、客服、出貨、價格、通路與任何見證內容，發布前須由人工確認。","NO_LINE_API_CALL_NO_AUTO_PUBLISH_REVIEW_QUEUE_ONLY","","","","2026-07-15"
"LINE_DRYRUN_085","LINE085","LINE_OA_LINE085_V2","LINE_OA","2026-07-29","12:00","搬重物後腰背保養","C","中","pending_legal_pharmacist_review","NO","FUTURE_RESCHEDULED_PENDING_HUMAN_REVIEW_ONLY","NEEDS_HUMAN_REVIEW_SAFE_TERM_CHECK","","搬重物後腰背保養","搬重物後腰背保養

運動、搬重物、久站後，身體局部不適時，先休息、觀察，再做保守保養。

這款定位是外用油膏，重點是局部按摩、依標示使用。衛署成製015614，乙類成藥，資料可至衛福部中藥許可證系統查詢。

外用產品請依標示使用；身體不適、症狀持續或惡化時，請諮詢醫師或藥師。
下單前可先私訊索取藥證查詢方式與外盒標示照片。","","圖卡：搬重物後腰背保養 / 藥證可查 / 依標示使用","建議搭配：外盒標示實拍、藥證查詢截圖、產品質地短影片、客服回覆截圖（遮個資）。","衛福部中藥許可證：衛署成製015614；類別：乙類成藥；劑型：油膏劑。","退換貨、付款、客服、出貨、價格、通路與任何見證內容，發布前須由人工確認。","NO_LINE_API_CALL_NO_AUTO_PUBLISH_REVIEW_QUEUE_ONLY","","","","2026-07-16"
"LINE_DRYRUN_086","LINE086","LINE_OA_LINE086_V2","LINE_OA","2026-07-29","20:00","樟腦外用時的注意界線","A","中","pending_legal_pharmacist_review","NO","FUTURE_RESCHEDULED_PENDING_HUMAN_REVIEW_ONLY","NEEDS_HUMAN_REVIEW_SAFE_TERM_CHECK","","樟腦外用時的注意界線","樟腦外用時的注意界線

下單前，先看得懂標示與成分，比聽誇張話術更安心。

這款定位是外用油膏，重點是局部按摩、依標示使用。衛署成製015614，乙類成藥，資料可至衛福部中藥許可證系統查詢。

外用產品請依標示使用；身體不適、症狀持續或惡化時，請諮詢醫師或藥師。
下單前可先私訊索取藥證查詢方式與外盒標示照片。","","圖卡：樟腦外用時的注意界線 / 藥證可查 / 依標示使用","建議搭配：外盒標示實拍、藥證查詢截圖、產品質地短影片、客服回覆截圖（遮個資）。","衛福部中藥許可證：衛署成製015614；類別：乙類成藥；劑型：油膏劑。","退換貨、付款、客服、出貨、價格、通路與任何見證內容，發布前須由人工確認。","NO_LINE_API_CALL_NO_AUTO_PUBLISH_REVIEW_QUEUE_ONLY","","","","2026-07-16"
"LINE_DRYRUN_087","LINE087","LINE_OA_LINE087_V2","LINE_OA","2026-07-30","12:00","輕微關節不適，日常保養要分清楚","D","中","pending_legal_pharmacist_review","NO","FUTURE_RESCHEDULED_PENDING_HUMAN_REVIEW_ONLY","PASS_REWRITTEN_PENDING_HUMAN_REVIEW","","輕微關節不適，日常保養要分清楚","輕微關節不適，日常保養要分清楚

幫長輩準備外用產品時，重點是安全、清楚、依標示使用，不把日常保養說成醫療效果。

這款定位是外用油膏，適合局部按摩放鬆與暫時舒緩日常不適。衛署成製015614，乙類成藥，資料可至衛福部中藥許可證系統查詢。

外用產品請依標示使用；身體不適、狀況持續或變嚴重時，請諮詢醫師或藥師。
下單前可先私訊索取藥證查詢方式與外盒標示照片。","保守教育型 LINE 貼文，強調依標示使用、局部按摩放鬆、身體狀況持續時諮詢醫師或藥師。","圖卡：輕微關節不適與日常保養要分清楚 / 藥證可查 / 依標示使用 / 局部按摩放鬆","建議搭配：外盒標示實拍、藥證查詢截圖、產品質地短影片、客服回覆截圖（遮個資）。","衛福部中藥許可證：衛署成製015614；類別：乙類成藥；劑型：油膏劑。","退換貨、付款、客服、出貨、價格、通路與任何見證內容，發布前須由人工確認。","NO_LINE_API_CALL_NO_AUTO_PUBLISH_REVIEW_QUEUE_ONLY","","","","2026-07-17"
"LINE_DRYRUN_088","LINE088","LINE_OA_LINE088_V2","LINE_OA","2026-07-30","20:00","不要搭配熱敷墊或電毯","E","高","pending_legal_pharmacist_review","NO","FUTURE_RESCHEDULED_PENDING_HUMAN_REVIEW_ONLY","NEEDS_HUMAN_REVIEW_SAFE_TERM_CHECK","","不要搭配熱敷墊或電毯","不要搭配熱敷墊或電毯

外用產品不是擦越多越好，用對位置、避開風險才安心。

這款定位是外用油膏，重點是局部按摩、依標示使用。衛署成製015614，乙類成藥，資料可至衛福部中藥許可證系統查詢。

外用產品請依標示使用；身體不適、症狀持續或惡化時，請諮詢醫師或藥師。
下單前可先私訊索取藥證查詢方式與外盒標示照片。","","圖卡：不要搭配熱敷墊或電毯 / 藥證可查 / 依標示使用","建議搭配：外盒標示實拍、藥證查詢截圖、產品質地短影片、客服回覆截圖（遮個資）。","衛福部中藥許可證：衛署成製015614；類別：乙類成藥；劑型：油膏劑。","退換貨、付款、客服、出貨、價格、通路與任何見證內容，發布前須由人工確認。","NO_LINE_API_CALL_NO_AUTO_PUBLISH_REVIEW_QUEUE_ONLY","","","","2026-07-17"
"LINE_DRYRUN_089","LINE089","LINE_OA_LINE089_V2","LINE_OA","2026-07-31","12:00","小暑前後活動舒適提醒","F","低","pending_legal_pharmacist_review","NO","FUTURE_RESCHEDULED_PENDING_HUMAN_REVIEW_ONLY","NEEDS_HUMAN_REVIEW_SAFE_TERM_CHECK","","小暑前後活動舒適提醒","小暑前後活動舒適提醒

換季時，身體保養不需要複雜，穩定的小習慣比較長久。

這款定位是外用油膏，重點是局部按摩、依標示使用。衛署成製015614，乙類成藥，資料可至衛福部中藥許可證系統查詢。

外用產品請依標示使用；身體不適、症狀持續或惡化時，請諮詢醫師或藥師。
下單前可先私訊索取藥證查詢方式與外盒標示照片。","","圖卡：小暑前後活動舒適提醒 / 藥證可查 / 依標示使用","建議搭配：外盒標示實拍、藥證查詢截圖、產品質地短影片、客服回覆截圖（遮個資）。","衛福部中藥許可證：衛署成製015614；類別：乙類成藥；劑型：油膏劑。","退換貨、付款、客服、出貨、價格、通路與任何見證內容，發布前須由人工確認。","NO_LINE_API_CALL_NO_AUTO_PUBLISH_REVIEW_QUEUE_ONLY","","","","2026-07-18"
"LINE_DRYRUN_090","LINE090","LINE_OA_LINE090_V2","LINE_OA","2026-07-31","20:00","爬山後腿部按摩提醒","C","中","pending_legal_pharmacist_review","NO","FUTURE_RESCHEDULED_PENDING_HUMAN_REVIEW_ONLY","NEEDS_HUMAN_REVIEW_SAFE_TERM_CHECK","","爬山後腿部按摩提醒","爬山後腿部按摩提醒

運動、搬重物、久站後，身體局部不適時，先休息、觀察，再做保守保養。

這款定位是外用油膏，重點是局部按摩、依標示使用。衛署成製015614，乙類成藥，資料可至衛福部中藥許可證系統查詢。

外用產品請依標示使用；身體不適、症狀持續或惡化時，請諮詢醫師或藥師。
下單前可先私訊索取藥證查詢方式與外盒標示照片。","","圖卡：爬山後腿部按摩提醒 / 藥證可查 / 依標示使用","建議搭配：外盒標示實拍、藥證查詢截圖、產品質地短影片、客服回覆截圖（遮個資）。","衛福部中藥許可證：衛署成製015614；類別：乙類成藥；劑型：油膏劑。","退換貨、付款、客服、出貨、價格、通路與任何見證內容，發布前須由人工確認。","NO_LINE_API_CALL_NO_AUTO_PUBLISH_REVIEW_QUEUE_ONLY","","","","2026-07-18"
"LINE_DRYRUN_091","LINE091","LINE_OA_LINE091_V2","LINE_OA","2026-08-01","12:00","外用膏一次擦多少才剛好","G","低","pending_legal_pharmacist_review","NO","FUTURE_RESCHEDULED_PENDING_HUMAN_REVIEW_ONLY","NEEDS_HUMAN_REVIEW_SAFE_TERM_CHECK","","外用膏一次擦多少才剛好","外用膏一次擦多少才剛好

很多人不是不想保養，是不知道什麼情況該先問清楚。

這款定位是外用油膏，重點是局部按摩、依標示使用。衛署成製015614，乙類成藥，資料可至衛福部中藥許可證系統查詢。

外用產品請依標示使用；身體不適、症狀持續或惡化時，請諮詢醫師或藥師。
下單前可先私訊索取藥證查詢方式與外盒標示照片。","","圖卡：外用膏一次擦多少才剛好 / 藥證可查 / 依標示使用","建議搭配：外盒標示實拍、藥證查詢截圖、產品質地短影片、客服回覆截圖（遮個資）。","衛福部中藥許可證：衛署成製015614；類別：乙類成藥；劑型：油膏劑。","退換貨、付款、客服、出貨、價格、通路與任何見證內容，發布前須由人工確認。","NO_LINE_API_CALL_NO_AUTO_PUBLISH_REVIEW_QUEUE_ONLY","","","","2026-07-19"
"LINE_DRYRUN_092","LINE092","LINE_OA_LINE092_V2","LINE_OA","2026-08-01","20:00","散步後的膝周保養","D","中","pending_legal_pharmacist_review","NO","FUTURE_RESCHEDULED_PENDING_HUMAN_REVIEW_ONLY","NEEDS_HUMAN_REVIEW_SAFE_TERM_CHECK","","散步後的膝周保養","散步後的膝周保養

幫長輩準備外用產品時，最重要的是安全、清楚、不要亂用。

這款定位是外用油膏，重點是局部按摩、依標示使用。衛署成製015614，乙類成藥，資料可至衛福部中藥許可證系統查詢。

外用產品請依標示使用；身體不適、症狀持續或惡化時，請諮詢醫師或藥師。
下單前可先私訊索取藥證查詢方式與外盒標示照片。","","圖卡：散步後的膝周保養 / 藥證可查 / 依標示使用","建議搭配：外盒標示實拍、藥證查詢截圖、產品質地短影片、客服回覆截圖（遮個資）。","衛福部中藥許可證：衛署成製015614；類別：乙類成藥；劑型：油膏劑。","退換貨、付款、客服、出貨、價格、通路與任何見證內容，發布前須由人工確認。","NO_LINE_API_CALL_NO_AUTO_PUBLISH_REVIEW_QUEUE_ONLY","","","","2026-07-19"
"LINE_DRYRUN_093","LINE093","LINE_OA_LINE093_V2","LINE_OA","2026-08-02","12:00","肩頸按摩不要只靠用力","B","低","pending_legal_pharmacist_review","NO","FUTURE_RESCHEDULED_PENDING_HUMAN_REVIEW_ONLY","NEEDS_HUMAN_REVIEW_SAFE_TERM_CHECK","","肩頸按摩不要只靠用力","肩頸按摩不要只靠用力

久坐、低頭、開會一整天後，肩頸常會提醒你該放鬆一下。

這款定位是外用油膏，重點是局部按摩、依標示使用。衛署成製015614，乙類成藥，資料可至衛福部中藥許可證系統查詢。

外用產品請依標示使用；身體不適、症狀持續或惡化時，請諮詢醫師或藥師。
下單前可先私訊索取藥證查詢方式與外盒標示照片。","","圖卡：肩頸按摩不要只靠用力 / 藥證可查 / 依標示使用","建議搭配：外盒標示實拍、藥證查詢截圖、產品質地短影片、客服回覆截圖（遮個資）。","衛福部中藥許可證：衛署成製015614；類別：乙類成藥；劑型：油膏劑。","退換貨、付款、客服、出貨、價格、通路與任何見證內容，發布前須由人工確認。","NO_LINE_API_CALL_NO_AUTO_PUBLISH_REVIEW_QUEUE_ONLY","","","","2026-07-20"
"LINE_DRYRUN_094","LINE094","LINE_OA_LINE094_V2","LINE_OA","2026-08-02","20:00","油膏劑為什麼適合局部按摩","A","中","pending_legal_pharmacist_review","NO","FUTURE_RESCHEDULED_PENDING_HUMAN_REVIEW_ONLY","NEEDS_HUMAN_REVIEW_SAFE_TERM_CHECK","","油膏劑為什麼適合局部按摩","油膏劑為什麼適合局部按摩

下單前，先看得懂標示與成分，比聽誇張話術更安心。

這款定位是外用油膏，重點是局部按摩、依標示使用。衛署成製015614，乙類成藥，資料可至衛福部中藥許可證系統查詢。

外用產品請依標示使用；身體不適、症狀持續或惡化時，請諮詢醫師或藥師。
下單前可先私訊索取藥證查詢方式與外盒標示照片。","","圖卡：油膏劑為什麼適合局部按摩 / 藥證可查 / 依標示使用","建議搭配：外盒標示實拍、藥證查詢截圖、產品質地短影片、客服回覆截圖（遮個資）。","衛福部中藥許可證：衛署成製015614；類別：乙類成藥；劑型：油膏劑。","退換貨、付款、客服、出貨、價格、通路與任何見證內容，發布前須由人工確認。","NO_LINE_API_CALL_NO_AUTO_PUBLISH_REVIEW_QUEUE_ONLY","","","","2026-07-20"
"LINE_DRYRUN_095","LINE095","LINE_OA_LINE095_V2","LINE_OA","2026-08-03","12:00","大暑午後少久站硬撐","F","低","pending_legal_pharmacist_review","NO","FUTURE_RESCHEDULED_PENDING_HUMAN_REVIEW_ONLY","NEEDS_HUMAN_REVIEW_SAFE_TERM_CHECK","","大暑午後少久站硬撐","大暑午後少久站硬撐

換季時，身體保養不需要複雜，穩定的小習慣比較長久。

這款定位是外用油膏，重點是局部按摩、依標示使用。衛署成製015614，乙類成藥，資料可至衛福部中藥許可證系統查詢。

外用產品請依標示使用；身體不適、症狀持續或惡化時，請諮詢醫師或藥師。
下單前可先私訊索取藥證查詢方式與外盒標示照片。","","圖卡：大暑午後少久站硬撐 / 藥證可查 / 依標示使用","建議搭配：外盒標示實拍、藥證查詢截圖、產品質地短影片、客服回覆截圖（遮個資）。","衛福部中藥許可證：衛署成製015614；類別：乙類成藥；劑型：油膏劑。","退換貨、付款、客服、出貨、價格、通路與任何見證內容，發布前須由人工確認。","NO_LINE_API_CALL_NO_AUTO_PUBLISH_REVIEW_QUEUE_ONLY","","","","2026-07-21"
"LINE_DRYRUN_096","LINE096","LINE_OA_LINE096_V2","LINE_OA","2026-08-03","20:00","不要密封包紮或大面積厚敷","E","高","pending_legal_pharmacist_review","NO","FUTURE_RESCHEDULED_PENDING_HUMAN_REVIEW_ONLY","NEEDS_HUMAN_REVIEW_SAFE_TERM_CHECK","","不要密封包紮或大面積厚敷","不要密封包紮或大面積厚敷

外用產品不是擦越多越好，用對位置、避開風險才安心。

這款定位是外用油膏，重點是局部按摩、依標示使用。衛署成製015614，乙類成藥，資料可至衛福部中藥許可證系統查詢。

外用產品請依標示使用；身體不適、症狀持續或惡化時，請諮詢醫師或藥師。
下單前可先私訊索取藥證查詢方式與外盒標示照片。","","圖卡：不要密封包紮或大面積厚敷 / 藥證可查 / 依標示使用","建議搭配：外盒標示實拍、藥證查詢截圖、產品質地短影片、客服回覆截圖（遮個資）。","衛福部中藥許可證：衛署成製015614；類別：乙類成藥；劑型：油膏劑。","退換貨、付款、客服、出貨、價格、通路與任何見證內容，發布前須由人工確認。","NO_LINE_API_CALL_NO_AUTO_PUBLISH_REVIEW_QUEUE_ONLY","","","","2026-07-21"
"LINE_DRYRUN_097","LINE097","LINE_OA_LINE097_V2","LINE_OA","2026-08-04","12:00","什麼是乙類成藥","H","中","pending_legal_pharmacist_review","NO","FUTURE_RESCHEDULED_PENDING_HUMAN_REVIEW_ONLY","NEEDS_HUMAN_REVIEW_SAFE_TERM_CHECK","","什麼是乙類成藥","什麼是乙類成藥

我們寧願把資料講清楚，也不想用誇大的話讓你衝動購買。

這款定位是外用油膏，重點是局部按摩、依標示使用。衛署成製015614，乙類成藥，資料可至衛福部中藥許可證系統查詢。

外用產品請依標示使用；身體不適、症狀持續或惡化時，請諮詢醫師或藥師。
下單前可先私訊索取藥證查詢方式與外盒標示照片。","","圖卡：什麼是乙類成藥 / 藥證可查 / 依標示使用","建議搭配：外盒標示實拍、藥證查詢截圖、產品質地短影片、客服回覆截圖（遮個資）。","衛福部中藥許可證：衛署成製015614；類別：乙類成藥；劑型：油膏劑。","退換貨、付款、客服、出貨、價格、通路與任何見證內容，發布前須由人工確認。","NO_LINE_API_CALL_NO_AUTO_PUBLISH_REVIEW_QUEUE_ONLY","","","","2026-07-22"
"LINE_DRYRUN_098","LINE098","LINE_OA_LINE098_V2","LINE_OA","2026-08-04","20:00","涼感越強越有效嗎","G","低","pending_legal_pharmacist_review","NO","FUTURE_RESCHEDULED_PENDING_HUMAN_REVIEW_ONLY","NEEDS_HUMAN_REVIEW_SAFE_TERM_CHECK","","涼感越強越有效嗎","涼感越強越有效嗎

很多人不是不想保養，是不知道什麼情況該先問清楚。

這款定位是外用油膏，重點是局部按摩、依標示使用。衛署成製015614，乙類成藥，資料可至衛福部中藥許可證系統查詢。

外用產品請依標示使用；身體不適、症狀持續或惡化時，請諮詢醫師或藥師。
下單前可先私訊索取藥證查詢方式與外盒標示照片。","","圖卡：涼感越強越有效嗎 / 藥證可查 / 依標示使用","建議搭配：外盒標示實拍、藥證查詢截圖、產品質地短影片、客服回覆截圖（遮個資）。","衛福部中藥許可證：衛署成製015614；類別：乙類成藥；劑型：油膏劑。","退換貨、付款、客服、出貨、價格、通路與任何見證內容，發布前須由人工確認。","NO_LINE_API_CALL_NO_AUTO_PUBLISH_REVIEW_QUEUE_ONLY","","","","2026-07-22"
"LINE_DRYRUN_099","LINE099","LINE_OA_LINE099_V2","LINE_OA","2026-08-05","12:00","重訓後肩背局部舒緩","C","中","pending_legal_pharmacist_review","NO","FUTURE_RESCHEDULED_PENDING_HUMAN_REVIEW_ONLY","PASS_DRY_RUN_PENDING_HUMAN_REVIEW","","重訓後肩背局部舒緩","重訓後肩背局部舒緩

運動、搬重物、久站後，身體局部不適時，先休息、觀察，再做保守保養。

這款定位是外用油膏，重點是局部按摩、依標示使用。衛署成製015614，乙類成藥，資料可至衛福部中藥許可證系統查詢。

外用產品請依標示使用；身體不適、症狀持續或惡化時，請諮詢醫師或藥師。
下單前可先私訊索取藥證查詢方式與外盒標示照片。","","圖卡：重訓後肩背局部舒緩 / 藥證可查 / 依標示使用","建議搭配：外盒標示實拍、藥證查詢截圖、產品質地短影片、客服回覆截圖（遮個資）。","衛福部中藥許可證：衛署成製015614；類別：乙類成藥；劑型：油膏劑。","退換貨、付款、客服、出貨、價格、通路與任何見證內容，發布前須由人工確認。","NO_LINE_API_CALL_NO_AUTO_PUBLISH_REVIEW_QUEUE_ONLY","","","","2026-07-23"
"LINE_DRYRUN_100","LINE100","LINE_OA_LINE100_V2","LINE_OA","2026-08-05","20:00","乙類成藥與一般保健品差異","A","中","pending_legal_pharmacist_review","NO","FUTURE_RESCHEDULED_PENDING_HUMAN_REVIEW_ONLY","NEEDS_HUMAN_REVIEW_SAFE_TERM_CHECK","","乙類成藥與一般保健品差異","乙類成藥與一般保健品差異

下單前，先看得懂標示與成分，比聽誇張話術更安心。

這款定位是外用油膏，重點是局部按摩、依標示使用。衛署成製015614，乙類成藥，資料可至衛福部中藥許可證系統查詢。

外用產品請依標示使用；身體不適、症狀持續或惡化時，請諮詢醫師或藥師。
下單前可先私訊索取藥證查詢方式與外盒標示照片。","","圖卡：乙類成藥與一般保健品差異 / 藥證可查 / 依標示使用","建議搭配：外盒標示實拍、藥證查詢截圖、產品質地短影片、客服回覆截圖（遮個資）。","衛福部中藥許可證：衛署成製015614；類別：乙類成藥；劑型：油膏劑。","退換貨、付款、客服、出貨、價格、通路與任何見證內容，發布前須由人工確認。","NO_LINE_API_CALL_NO_AUTO_PUBLISH_REVIEW_QUEUE_ONLY","","","","2026-07-23"
"LINE_DRYRUN_101","LINE101","LINE_OA_LINE101_V2","LINE_OA","2026-08-06","12:00","天氣變化時的活動舒適感","D","中","pending_legal_pharmacist_review","NO","FUTURE_RESCHEDULED_PENDING_HUMAN_REVIEW_ONLY","NEEDS_HUMAN_REVIEW_SAFE_TERM_CHECK","","天氣變化時的活動舒適感","天氣變化時的活動舒適感

幫長輩準備外用產品時，最重要的是安全、清楚、不要亂用。

這款定位是外用油膏，重點是局部按摩、依標示使用。衛署成製015614，乙類成藥，資料可至衛福部中藥許可證系統查詢。

外用產品請依標示使用；身體不適、症狀持續或惡化時，請諮詢醫師或藥師。
下單前可先私訊索取藥證查詢方式與外盒標示照片。","","圖卡：天氣變化時的活動舒適感 / 藥證可查 / 依標示使用","建議搭配：外盒標示實拍、藥證查詢截圖、產品質地短影片、客服回覆截圖（遮個資）。","衛福部中藥許可證：衛署成製015614；類別：乙類成藥；劑型：油膏劑。","退換貨、付款、客服、出貨、價格、通路與任何見證內容，發布前須由人工確認。","NO_LINE_API_CALL_NO_AUTO_PUBLISH_REVIEW_QUEUE_ONLY","","","","2026-07-24"
"LINE_DRYRUN_102","LINE102","LINE_OA_LINE102_V2","LINE_OA","2026-08-06","20:00","水楊酸或阿斯匹靈過敏者注意","E","高","pending_legal_pharmacist_review","NO","FUTURE_RESCHEDULED_PENDING_HUMAN_REVIEW_ONLY","NEEDS_HUMAN_REVIEW_SAFE_TERM_CHECK","","水楊酸或阿斯匹靈過敏者注意","水楊酸或阿斯匹靈過敏者注意

外用產品不是擦越多越好，用對位置、避開風險才安心。

這款定位是外用油膏，重點是局部按摩、依標示使用。衛署成製015614，乙類成藥，資料可至衛福部中藥許可證系統查詢。

外用產品請依標示使用；身體不適、症狀持續或惡化時，請諮詢醫師或藥師。
下單前可先私訊索取藥證查詢方式與外盒標示照片。","","圖卡：水楊酸或阿斯匹靈過敏者注意 / 藥證可查 / 依標示使用","建議搭配：外盒標示實拍、藥證查詢截圖、產品質地短影片、客服回覆截圖（遮個資）。","衛福部中藥許可證：衛署成製015614；類別：乙類成藥；劑型：油膏劑。","退換貨、付款、客服、出貨、價格、通路與任何見證內容，發布前須由人工確認。","NO_LINE_API_CALL_NO_AUTO_PUBLISH_REVIEW_QUEUE_ONLY","","","","2026-07-24"
"LINE_DRYRUN_103","LINE103","LINE_OA_LINE103_V2","LINE_OA","2026-08-07","12:00","立秋後早晚溫差保養","F","低","pending_legal_pharmacist_review","NO","FUTURE_RESCHEDULED_PENDING_HUMAN_REVIEW_ONLY","NEEDS_HUMAN_REVIEW_SAFE_TERM_CHECK","","立秋後早晚溫差保養","立秋後早晚溫差保養

換季時，身體保養不需要複雜，穩定的小習慣比較長久。

這款定位是外用油膏，重點是局部按摩、依標示使用。衛署成製015614，乙類成藥，資料可至衛福部中藥許可證系統查詢。

外用產品請依標示使用；身體不適、症狀持續或惡化時，請諮詢醫師或藥師。
下單前可先私訊索取藥證查詢方式與外盒標示照片。","","圖卡：立秋後早晚溫差保養 / 藥證可查 / 依標示使用","建議搭配：外盒標示實拍、藥證查詢截圖、產品質地短影片、客服回覆截圖（遮個資）。","衛福部中藥許可證：衛署成製015614；類別：乙類成藥；劑型：油膏劑。","退換貨、付款、客服、出貨、價格、通路與任何見證內容，發布前須由人工確認。","NO_LINE_API_CALL_NO_AUTO_PUBLISH_REVIEW_QUEUE_ONLY","","","","2026-07-25"
"LINE_DRYRUN_104","LINE104","LINE_OA_LINE104_V2","LINE_OA","2026-08-07","20:00","家事後手臂不適保養","C","中","pending_legal_pharmacist_review","NO","FUTURE_RESCHEDULED_PENDING_HUMAN_REVIEW_ONLY","NEEDS_HUMAN_REVIEW_SAFE_TERM_CHECK","","家事後手臂不適保養","家事後手臂不適保養

運動、搬重物、久站後，身體局部不適時，先休息、觀察，再做保守保養。

這款定位是外用油膏，重點是局部按摩、依標示使用。衛署成製015614，乙類成藥，資料可至衛福部中藥許可證系統查詢。

外用產品請依標示使用；身體不適、症狀持續或惡化時，請諮詢醫師或藥師。
下單前可先私訊索取藥證查詢方式與外盒標示照片。","","圖卡：家事後手臂不適保養 / 藥證可查 / 依標示使用","建議搭配：外盒標示實拍、藥證查詢截圖、產品質地短影片、客服回覆截圖（遮個資）。","衛福部中藥許可證：衛署成製015614；類別：乙類成藥；劑型：油膏劑。","退換貨、付款、客服、出貨、價格、通路與任何見證內容，發布前須由人工確認。","NO_LINE_API_CALL_NO_AUTO_PUBLISH_REVIEW_QUEUE_ONLY","","","","2026-07-25"
"LINE_DRYRUN_105","LINE105","LINE_OA_LINE105_V2","LINE_OA","2026-08-08","12:00","你有看過外用產品標示嗎","G","低","pending_legal_pharmacist_review","NO","FUTURE_RESCHEDULED_PENDING_HUMAN_REVIEW_ONLY","NEEDS_HUMAN_REVIEW_SAFE_TERM_CHECK","","你有看過外用產品標示嗎","你有看過外用產品標示嗎

很多人不是不想保養，是不知道什麼情況該先問清楚。

這款定位是外用油膏，重點是局部按摩、依標示使用。衛署成製015614，乙類成藥，資料可至衛福部中藥許可證系統查詢。

外用產品請依標示使用；身體不適、症狀持續或惡化時，請諮詢醫師或藥師。
下單前可先私訊索取藥證查詢方式與外盒標示照片。","","圖卡：你有看過外用產品標示嗎 / 藥證可查 / 依標示使用","建議搭配：外盒標示實拍、藥證查詢截圖、產品質地短影片、客服回覆截圖（遮個資）。","衛福部中藥許可證：衛署成製015614；類別：乙類成藥；劑型：油膏劑。","退換貨、付款、客服、出貨、價格、通路與任何見證內容，發布前須由人工確認。","NO_LINE_API_CALL_NO_AUTO_PUBLISH_REVIEW_QUEUE_ONLY","","","","2026-07-26"
"LINE_DRYRUN_106","LINE106","LINE_OA_LINE106_V2","LINE_OA","2026-08-08","20:00","長輩按摩力道不要過重","D","中","pending_legal_pharmacist_review","NO","FUTURE_RESCHEDULED_PENDING_HUMAN_REVIEW_ONLY","NEEDS_HUMAN_REVIEW_SAFE_TERM_CHECK","","長輩按摩力道不要過重","長輩按摩力道不要過重

幫長輩準備外用產品時，最重要的是安全、清楚、不要亂用。

這款定位是外用油膏，重點是局部按摩、依標示使用。衛署成製015614，乙類成藥，資料可至衛福部中藥許可證系統查詢。

外用產品請依標示使用；身體不適、症狀持續或惡化時，請諮詢醫師或藥師。
下單前可先私訊索取藥證查詢方式與外盒標示照片。","","圖卡：長輩按摩力道不要過重 / 藥證可查 / 依標示使用","建議搭配：外盒標示實拍、藥證查詢截圖、產品質地短影片、客服回覆截圖（遮個資）。","衛福部中藥許可證：衛署成製015614；類別：乙類成藥；劑型：油膏劑。","退換貨、付款、客服、出貨、價格、通路與任何見證內容，發布前須由人工確認。","NO_LINE_API_CALL_NO_AUTO_PUBLISH_REVIEW_QUEUE_ONLY","","","","2026-07-26"
"LINE_DRYRUN_107","LINE107","LINE_OA_LINE107_V2","LINE_OA","2026-08-09","12:00","久坐族晚間舒緩儀式","B","低","pending_legal_pharmacist_review","NO","FUTURE_RESCHEDULED_PENDING_HUMAN_REVIEW_ONLY","NEEDS_HUMAN_REVIEW_SAFE_TERM_CHECK","","久坐族晚間舒緩儀式","久坐族晚間舒緩儀式

久坐、低頭、開會一整天後，肩頸常會提醒你該放鬆一下。

這款定位是外用油膏，重點是局部按摩、依標示使用。衛署成製015614，乙類成藥，資料可至衛福部中藥許可證系統查詢。

外用產品請依標示使用；身體不適、症狀持續或惡化時，請諮詢醫師或藥師。
下單前可先私訊索取藥證查詢方式與外盒標示照片。","","圖卡：久坐族晚間舒緩儀式 / 藥證可查 / 依標示使用","建議搭配：外盒標示實拍、藥證查詢截圖、產品質地短影片、客服回覆截圖（遮個資）。","衛福部中藥許可證：衛署成製015614；類別：乙類成藥；劑型：油膏劑。","退換貨、付款、客服、出貨、價格、通路與任何見證內容，發布前須由人工確認。","NO_LINE_API_CALL_NO_AUTO_PUBLISH_REVIEW_QUEUE_ONLY","","","","2026-07-27"
"LINE_DRYRUN_108","LINE108","LINE_OA_LINE108_V2","LINE_OA","2026-08-09","20:00","一條根外用膏的日常定位","A","中","pending_legal_pharmacist_review","NO","FUTURE_RESCHEDULED_PENDING_HUMAN_REVIEW_ONLY","NEEDS_HUMAN_REVIEW_SAFE_TERM_CHECK","","一條根外用膏的日常定位","一條根外用膏的日常定位

下單前，先看得懂標示與成分，比聽誇張話術更安心。

這款定位是外用油膏，重點是局部按摩、依標示使用。衛署成製015614，乙類成藥，資料可至衛福部中藥許可證系統查詢。

外用產品請依標示使用；身體不適、症狀持續或惡化時，請諮詢醫師或藥師。
下單前可先私訊索取藥證查詢方式與外盒標示照片。","","圖卡：一條根外用膏的日常定位 / 藥證可查 / 依標示使用","建議搭配：外盒標示實拍、藥證查詢截圖、產品質地短影片、客服回覆截圖（遮個資）。","衛福部中藥許可證：衛署成製015614；類別：乙類成藥；劑型：油膏劑。","退換貨、付款、客服、出貨、價格、通路與任何見證內容，發布前須由人工確認。","NO_LINE_API_CALL_NO_AUTO_PUBLISH_REVIEW_QUEUE_ONLY","","","","2026-07-27"
"LINE_DRYRUN_109","LINE109","LINE_OA_LINE109_V2","LINE_OA","2026-08-10","12:00","處暑後運動暖身提醒","F","低","pending_legal_pharmacist_review","NO","FUTURE_RESCHEDULED_PENDING_HUMAN_REVIEW_ONLY","NEEDS_HUMAN_REVIEW_SAFE_TERM_CHECK","","處暑後運動暖身提醒","處暑後運動暖身提醒

換季時，身體保養不需要複雜，穩定的小習慣比較長久。

這款定位是外用油膏，重點是局部按摩、依標示使用。衛署成製015614，乙類成藥，資料可至衛福部中藥許可證系統查詢。

外用產品請依標示使用；身體不適、症狀持續或惡化時，請諮詢醫師或藥師。
下單前可先私訊索取藥證查詢方式與外盒標示照片。","","圖卡：處暑後運動暖身提醒 / 藥證可查 / 依標示使用","建議搭配：外盒標示實拍、藥證查詢截圖、產品質地短影片、客服回覆截圖（遮個資）。","衛福部中藥許可證：衛署成製015614；類別：乙類成藥；劑型：油膏劑。","退換貨、付款、客服、出貨、價格、通路與任何見證內容，發布前須由人工確認。","NO_LINE_API_CALL_NO_AUTO_PUBLISH_REVIEW_QUEUE_ONLY","","","","2026-07-28"
"LINE_DRYRUN_110","LINE110","LINE_OA_LINE110_V2","LINE_OA","2026-08-10","20:00","兒童使用前的安全提醒","E","高","pending_legal_pharmacist_review","NO","FUTURE_RESCHEDULED_PENDING_HUMAN_REVIEW_ONLY","NEEDS_HUMAN_REVIEW_SAFE_TERM_CHECK","","兒童使用前的安全提醒","兒童使用前的安全提醒

外用產品不是擦越多越好，用對位置、避開風險才安心。

這款定位是外用油膏，重點是局部按摩、依標示使用。衛署成製015614，乙類成藥，資料可至衛福部中藥許可證系統查詢。

外用產品請依標示使用；身體不適、症狀持續或惡化時，請諮詢醫師或藥師。
下單前可先私訊索取藥證查詢方式與外盒標示照片。","","圖卡：兒童使用前的安全提醒 / 藥證可查 / 依標示使用","建議搭配：外盒標示實拍、藥證查詢截圖、產品質地短影片、客服回覆截圖（遮個資）。","衛福部中藥許可證：衛署成製015614；類別：乙類成藥；劑型：油膏劑。","退換貨、付款、客服、出貨、價格、通路與任何見證內容，發布前須由人工確認。","NO_LINE_API_CALL_NO_AUTO_PUBLISH_REVIEW_QUEUE_ONLY","","","","2026-07-28"
"LINE_DRYRUN_111","LINE111","LINE_OA_LINE111_V2","LINE_OA","2026-08-11","12:00","官方適應症與社群文案的差異","H","中","pending_legal_pharmacist_review","NO","FUTURE_RESCHEDULED_PENDING_HUMAN_REVIEW_ONLY","NEEDS_HUMAN_REVIEW_SAFE_TERM_CHECK","","官方適應症與社群文案的差異","官方適應症與社群文案的差異

我們寧願把資料講清楚，也不想用誇大的話讓你衝動購買。

這款定位是外用油膏，重點是局部按摩、依標示使用。衛署成製015614，乙類成藥，資料可至衛福部中藥許可證系統查詢。

外用產品請依標示使用；身體不適、症狀持續或惡化時，請諮詢醫師或藥師。
下單前可先私訊索取藥證查詢方式與外盒標示照片。","","圖卡：官方適應症與社群文案的差異 / 藥證可查 / 依標示使用","建議搭配：外盒標示實拍、藥證查詢截圖、產品質地短影片、客服回覆截圖（遮個資）。","衛福部中藥許可證：衛署成製015614；類別：乙類成藥；劑型：油膏劑。","退換貨、付款、客服、出貨、價格、通路與任何見證內容，發布前須由人工確認。","NO_LINE_API_CALL_NO_AUTO_PUBLISH_REVIEW_QUEUE_ONLY","","","","2026-07-29"
"LINE_DRYRUN_112","LINE112","LINE_OA_LINE112_V2","LINE_OA","2026-08-11","20:00","久坐族最想舒緩哪裡","G","低","pending_legal_pharmacist_review","NO","FUTURE_RESCHEDULED_PENDING_HUMAN_REVIEW_ONLY","NEEDS_HUMAN_REVIEW_SAFE_TERM_CHECK","","久坐族最想舒緩哪裡","久坐族最想舒緩哪裡

很多人不是不想保養，是不知道什麼情況該先問清楚。

這款定位是外用油膏，重點是局部按摩、依標示使用。衛署成製015614，乙類成藥，資料可至衛福部中藥許可證系統查詢。

外用產品請依標示使用；身體不適、症狀持續或惡化時，請諮詢醫師或藥師。
下單前可先私訊索取藥證查詢方式與外盒標示照片。","","圖卡：久坐族最想舒緩哪裡 / 藥證可查 / 依標示使用","建議搭配：外盒標示實拍、藥證查詢截圖、產品質地短影片、客服回覆截圖（遮個資）。","衛福部中藥許可證：衛署成製015614；類別：乙類成藥；劑型：油膏劑。","退換貨、付款、客服、出貨、價格、通路與任何見證內容，發布前須由人工確認。","NO_LINE_API_CALL_NO_AUTO_PUBLISH_REVIEW_QUEUE_ONLY","","","","2026-07-29"
"LINE_DRYRUN_113","LINE113","LINE_OA_LINE113_V2","LINE_OA","2026-08-12","12:00","跑步後膝周不適的保守提醒","C","中","pending_legal_pharmacist_review","NO","FUTURE_RESCHEDULED_PENDING_HUMAN_REVIEW_ONLY","NEEDS_HUMAN_REVIEW_SAFE_TERM_CHECK","","跑步後膝周不適的保守提醒","跑步後膝周不適的保守提醒

運動、搬重物、久站後，身體局部不適時，先休息、觀察，再做保守保養。

這款定位是外用油膏，重點是局部按摩、依標示使用。衛署成製015614，乙類成藥，資料可至衛福部中藥許可證系統查詢。

外用產品請依標示使用；身體不適、症狀持續或惡化時，請諮詢醫師或藥師。
下單前可先私訊索取藥證查詢方式與外盒標示照片。","","圖卡：跑步後膝周不適的保守提醒 / 藥證可查 / 依標示使用","建議搭配：外盒標示實拍、藥證查詢截圖、產品質地短影片、客服回覆截圖（遮個資）。","衛福部中藥許可證：衛署成製015614；類別：乙類成藥；劑型：油膏劑。","退換貨、付款、客服、出貨、價格、通路與任何見證內容，發布前須由人工確認。","NO_LINE_API_CALL_NO_AUTO_PUBLISH_REVIEW_QUEUE_ONLY","","","","2026-07-30"
"LINE_DRYRUN_114","LINE114","LINE_OA_LINE114_V2","LINE_OA","2026-08-12","20:00","成分濃度為什麼要看標示","A","中","pending_legal_pharmacist_review","NO","FUTURE_RESCHEDULED_PENDING_HUMAN_REVIEW_ONLY","NEEDS_HUMAN_REVIEW_SAFE_TERM_CHECK","","成分濃度為什麼要看標示","成分濃度為什麼要看標示

下單前，先看得懂標示與成分，比聽誇張話術更安心。

這款定位是外用油膏，重點是局部按摩、依標示使用。衛署成製015614，乙類成藥，資料可至衛福部中藥許可證系統查詢。

外用產品請依標示使用；身體不適、症狀持續或惡化時，請諮詢醫師或藥師。
下單前可先私訊索取藥證查詢方式與外盒標示照片。","","圖卡：成分濃度為什麼要看標示 / 藥證可查 / 依標示使用","建議搭配：外盒標示實拍、藥證查詢截圖、產品質地短影片、客服回覆截圖（遮個資）。","衛福部中藥許可證：衛署成製015614；類別：乙類成藥；劑型：油膏劑。","退換貨、付款、客服、出貨、價格、通路與任何見證內容，發布前須由人工確認。","NO_LINE_API_CALL_NO_AUTO_PUBLISH_REVIEW_QUEUE_ONLY","","","","2026-07-30"
"LINE_DRYRUN_115","LINE115","LINE_OA_LINE115_V2","LINE_OA","2026-08-13","12:00","照顧爸媽時的外用提醒","D","中","pending_legal_pharmacist_review","NO","FUTURE_RESCHEDULED_PENDING_HUMAN_REVIEW_ONLY","NEEDS_HUMAN_REVIEW_SAFE_TERM_CHECK","","照顧爸媽時的外用提醒","照顧爸媽時的外用提醒

幫長輩準備外用產品時，最重要的是安全、清楚、不要亂用。

這款定位是外用油膏，重點是局部按摩、依標示使用。衛署成製015614，乙類成藥，資料可至衛福部中藥許可證系統查詢。

外用產品請依標示使用；身體不適、症狀持續或惡化時，請諮詢醫師或藥師。
下單前可先私訊索取藥證查詢方式與外盒標示照片。","","圖卡：照顧爸媽時的外用提醒 / 藥證可查 / 依標示使用","建議搭配：外盒標示實拍、藥證查詢截圖、產品質地短影片、客服回覆截圖（遮個資）。","衛福部中藥許可證：衛署成製015614；類別：乙類成藥；劑型：油膏劑。","退換貨、付款、客服、出貨、價格、通路與任何見證內容，發布前須由人工確認。","NO_LINE_API_CALL_NO_AUTO_PUBLISH_REVIEW_QUEUE_ONLY","","","","2026-07-31"
"LINE_DRYRUN_116","LINE116","LINE_OA_LINE116_V2","LINE_OA","2026-08-13","20:00","孕婦與哺乳族群先詢問專業人員","E","高","pending_legal_pharmacist_review","NO","FUTURE_RESCHEDULED_PENDING_HUMAN_REVIEW_ONLY","NEEDS_HUMAN_REVIEW_SAFE_TERM_CHECK","","孕婦與哺乳族群先詢問專業人員","孕婦與哺乳族群先詢問專業人員

外用產品不是擦越多越好，用對位置、避開風險才安心。

這款定位是外用油膏，重點是局部按摩、依標示使用。衛署成製015614，乙類成藥，資料可至衛福部中藥許可證系統查詢。

外用產品請依標示使用；身體不適、症狀持續或惡化時，請諮詢醫師或藥師。
下單前可先私訊索取藥證查詢方式與外盒標示照片。","","圖卡：孕婦與哺乳族群先詢問專業人員 / 藥證可查 / 依標示使用","建議搭配：外盒標示實拍、藥證查詢截圖、產品質地短影片、客服回覆截圖（遮個資）。","衛福部中藥許可證：衛署成製015614；類別：乙類成藥；劑型：油膏劑。","退換貨、付款、客服、出貨、價格、通路與任何見證內容，發布前須由人工確認。","NO_LINE_API_CALL_NO_AUTO_PUBLISH_REVIEW_QUEUE_ONLY","","","","2026-07-31"
"LINE_DRYRUN_117","LINE117","LINE_OA_LINE117_V2","LINE_OA","2026-08-14","12:00","白露時節關心長輩活動","F","低","pending_legal_pharmacist_review","NO","FUTURE_RESCHEDULED_PENDING_HUMAN_REVIEW_ONLY","NEEDS_HUMAN_REVIEW_SAFE_TERM_CHECK","","白露時節關心長輩活動","白露時節關心長輩活動

換季時，身體保養不需要複雜，穩定的小習慣比較長久。

這款定位是外用油膏，重點是局部按摩、依標示使用。衛署成製015614，乙類成藥，資料可至衛福部中藥許可證系統查詢。

外用產品請依標示使用；身體不適、症狀持續或惡化時，請諮詢醫師或藥師。
下單前可先私訊索取藥證查詢方式與外盒標示照片。","","圖卡：白露時節關心長輩活動 / 藥證可查 / 依標示使用","建議搭配：外盒標示實拍、藥證查詢截圖、產品質地短影片、客服回覆截圖（遮個資）。","衛福部中藥許可證：衛署成製015614；類別：乙類成藥；劑型：油膏劑。","退換貨、付款、客服、出貨、價格、通路與任何見證內容，發布前須由人工確認。","NO_LINE_API_CALL_NO_AUTO_PUBLISH_REVIEW_QUEUE_ONLY","","","","2026-08-01"
"LINE_DRYRUN_118","LINE118","LINE_OA_LINE118_V2","LINE_OA","2026-08-14","20:00","勞動後先休息再按摩","C","中","pending_legal_pharmacist_review","NO","FUTURE_RESCHEDULED_PENDING_HUMAN_REVIEW_ONLY","NEEDS_HUMAN_REVIEW_SAFE_TERM_CHECK","","勞動後先休息再按摩","勞動後先休息再按摩

運動、搬重物、久站後，身體局部不適時，先休息、觀察，再做保守保養。

這款定位是外用油膏，重點是局部按摩、依標示使用。衛署成製015614，乙類成藥，資料可至衛福部中藥許可證系統查詢。

外用產品請依標示使用；身體不適、症狀持續或惡化時，請諮詢醫師或藥師。
下單前可先私訊索取藥證查詢方式與外盒標示照片。","","圖卡：勞動後先休息再按摩 / 藥證可查 / 依標示使用","建議搭配：外盒標示實拍、藥證查詢截圖、產品質地短影片、客服回覆截圖（遮個資）。","衛福部中藥許可證：衛署成製015614；類別：乙類成藥；劑型：油膏劑。","退換貨、付款、客服、出貨、價格、通路與任何見證內容，發布前須由人工確認。","NO_LINE_API_CALL_NO_AUTO_PUBLISH_REVIEW_QUEUE_ONLY","","","","2026-08-01"
"LINE_DRYRUN_119","LINE119","LINE_OA_LINE119_V2","LINE_OA","2026-08-15","12:00","長輩使用外用膏你會提醒什麼","G","低","pending_legal_pharmacist_review","NO","FUTURE_RESCHEDULED_PENDING_HUMAN_REVIEW_ONLY","NEEDS_HUMAN_REVIEW_SAFE_TERM_CHECK","","長輩使用外用膏你會提醒什麼","長輩使用外用膏你會提醒什麼

很多人不是不想保養，是不知道什麼情況該先問清楚。

這款定位是外用油膏，重點是局部按摩、依標示使用。衛署成製015614，乙類成藥，資料可至衛福部中藥許可證系統查詢。

外用產品請依標示使用；身體不適、症狀持續或惡化時，請諮詢醫師或藥師。
下單前可先私訊索取藥證查詢方式與外盒標示照片。","","圖卡：長輩使用外用膏你會提醒什麼 / 藥證可查 / 依標示使用","建議搭配：外盒標示實拍、藥證查詢截圖、產品質地短影片、客服回覆截圖（遮個資）。","衛福部中藥許可證：衛署成製015614；類別：乙類成藥；劑型：油膏劑。","退換貨、付款、客服、出貨、價格、通路與任何見證內容，發布前須由人工確認。","NO_LINE_API_CALL_NO_AUTO_PUBLISH_REVIEW_QUEUE_ONLY","","","","2026-08-02"
"LINE_DRYRUN_120","LINE120","LINE_OA_LINE120_V2","LINE_OA","2026-08-15","20:00","日常活動舒適度的三個習慣","D","中","pending_legal_pharmacist_review","NO","FUTURE_RESCHEDULED_PENDING_HUMAN_REVIEW_ONLY","NEEDS_HUMAN_REVIEW_SAFE_TERM_CHECK","","日常活動舒適度的三個習慣","日常活動舒適度的三個習慣

幫長輩準備外用產品時，最重要的是安全、清楚、不要亂用。

這款定位是外用油膏，重點是局部按摩、依標示使用。衛署成製015614，乙類成藥，資料可至衛福部中藥許可證系統查詢。

外用產品請依標示使用；身體不適、症狀持續或惡化時，請諮詢醫師或藥師。
下單前可先私訊索取藥證查詢方式與外盒標示照片。","","圖卡：日常活動舒適度的三個習慣 / 藥證可查 / 依標示使用","建議搭配：外盒標示實拍、藥證查詢截圖、產品質地短影片、客服回覆截圖（遮個資）。","衛福部中藥許可證：衛署成製015614；類別：乙類成藥；劑型：油膏劑。","退換貨、付款、客服、出貨、價格、通路與任何見證內容，發布前須由人工確認。","NO_LINE_API_CALL_NO_AUTO_PUBLISH_REVIEW_QUEUE_ONLY","","","","2026-08-02"
"LINE_DRYRUN_121","LINE121","LINE_OA_LINE121_V2","LINE_OA","2026-08-16","12:00","背包太重後的肩膀保養","B","低","pending_legal_pharmacist_review","NO","FUTURE_RESCHEDULED_PENDING_HUMAN_REVIEW_ONLY","NEEDS_HUMAN_REVIEW_SAFE_TERM_CHECK","","背包太重後的肩膀保養","背包太重後的肩膀保養

久坐、低頭、開會一整天後，肩頸常會提醒你該放鬆一下。

這款定位是外用油膏，重點是局部按摩、依標示使用。衛署成製015614，乙類成藥，資料可至衛福部中藥許可證系統查詢。

外用產品請依標示使用；身體不適、症狀持續或惡化時，請諮詢醫師或藥師。
下單前可先私訊索取藥證查詢方式與外盒標示照片。","","圖卡：背包太重後的肩膀保養 / 藥證可查 / 依標示使用","建議搭配：外盒標示實拍、藥證查詢截圖、產品質地短影片、客服回覆截圖（遮個資）。","衛福部中藥許可證：衛署成製015614；類別：乙類成藥；劑型：油膏劑。","退換貨、付款、客服、出貨、價格、通路與任何見證內容，發布前須由人工確認。","NO_LINE_API_CALL_NO_AUTO_PUBLISH_REVIEW_QUEUE_ONLY","","","","2026-08-03"
"LINE_DRYRUN_122","LINE122","LINE_OA_LINE122_V2","LINE_OA","2026-08-16","20:00","局部按摩和大面積厚敷的差別","A","中","pending_legal_pharmacist_review","NO","FUTURE_RESCHEDULED_PENDING_HUMAN_REVIEW_ONLY","NEEDS_HUMAN_REVIEW_SAFE_TERM_CHECK","","局部按摩和大面積厚敷的差別","局部按摩和大面積厚敷的差別

下單前，先看得懂標示與成分，比聽誇張話術更安心。

這款定位是外用油膏，重點是局部按摩、依標示使用。衛署成製015614，乙類成藥，資料可至衛福部中藥許可證系統查詢。

外用產品請依標示使用；身體不適、症狀持續或惡化時，請諮詢醫師或藥師。
下單前可先私訊索取藥證查詢方式與外盒標示照片。","","圖卡：局部按摩和大面積厚敷的差別 / 藥證可查 / 依標示使用","建議搭配：外盒標示實拍、藥證查詢截圖、產品質地短影片、客服回覆截圖（遮個資）。","衛福部中藥許可證：衛署成製015614；類別：乙類成藥；劑型：油膏劑。","退換貨、付款、客服、出貨、價格、通路與任何見證內容，發布前須由人工確認。","NO_LINE_API_CALL_NO_AUTO_PUBLISH_REVIEW_QUEUE_ONLY","","","","2026-08-03"
"LINE_DRYRUN_123","LINE123","LINE_OA_LINE123_V2","LINE_OA","2026-08-17","12:00","秋分後外出前暖身","F","低","pending_legal_pharmacist_review","NO","FUTURE_RESCHEDULED_PENDING_HUMAN_REVIEW_ONLY","NEEDS_HUMAN_REVIEW_SAFE_TERM_CHECK","","秋分後外出前暖身","秋分後外出前暖身

換季時，身體保養不需要複雜，穩定的小習慣比較長久。

這款定位是外用油膏，重點是局部按摩、依標示使用。衛署成製015614，乙類成藥，資料可至衛福部中藥許可證系統查詢。

外用產品請依標示使用；身體不適、症狀持續或惡化時，請諮詢醫師或藥師。
下單前可先私訊索取藥證查詢方式與外盒標示照片。","","圖卡：秋分後外出前暖身 / 藥證可查 / 依標示使用","建議搭配：外盒標示實拍、藥證查詢截圖、產品質地短影片、客服回覆截圖（遮個資）。","衛福部中藥許可證：衛署成製015614；類別：乙類成藥；劑型：油膏劑。","退換貨、付款、客服、出貨、價格、通路與任何見證內容，發布前須由人工確認。","NO_LINE_API_CALL_NO_AUTO_PUBLISH_REVIEW_QUEUE_ONLY","","","","2026-08-04"
"LINE_DRYRUN_124","LINE124","LINE_OA_LINE124_V2","LINE_OA","2026-08-17","20:00","症狀超過七天要停用並諮詢","E","高","pending_legal_pharmacist_review","NO","FUTURE_RESCHEDULED_PENDING_HUMAN_REVIEW_ONLY","NEEDS_HUMAN_REVIEW_SAFE_TERM_CHECK","","症狀超過七天要停用並諮詢","症狀超過七天要停用並諮詢

外用產品不是擦越多越好，用對位置、避開風險才安心。

這款定位是外用油膏，重點是局部按摩、依標示使用。衛署成製015614，乙類成藥，資料可至衛福部中藥許可證系統查詢。

外用產品請依標示使用；身體不適、症狀持續或惡化時，請諮詢醫師或藥師。
下單前可先私訊索取藥證查詢方式與外盒標示照片。","","圖卡：症狀超過七天要停用並諮詢 / 藥證可查 / 依標示使用","建議搭配：外盒標示實拍、藥證查詢截圖、產品質地短影片、客服回覆截圖（遮個資）。","衛福部中藥許可證：衛署成製015614；類別：乙類成藥；劑型：油膏劑。","退換貨、付款、客服、出貨、價格、通路與任何見證內容，發布前須由人工確認。","NO_LINE_API_CALL_NO_AUTO_PUBLISH_REVIEW_QUEUE_ONLY","","","","2026-08-04"
"LINE_DRYRUN_125","LINE125","LINE_OA_LINE125_V2","LINE_OA","2026-08-18","12:00","為什麼不鼓勵擦傷口","H","中","pending_legal_pharmacist_review","NO","FUTURE_RESCHEDULED_PENDING_HUMAN_REVIEW_ONLY","NEEDS_HUMAN_REVIEW_SAFE_TERM_CHECK","","為什麼不鼓勵擦傷口","為什麼不鼓勵擦傷口

我們寧願把資料講清楚，也不想用誇大的話讓你衝動購買。

這款定位是外用油膏，重點是局部按摩、依標示使用。衛署成製015614，乙類成藥，資料可至衛福部中藥許可證系統查詢。

外用產品請依標示使用；身體不適、症狀持續或惡化時，請諮詢醫師或藥師。
下單前可先私訊索取藥證查詢方式與外盒標示照片。","","圖卡：為什麼不鼓勵擦傷口 / 藥證可查 / 依標示使用","建議搭配：外盒標示實拍、藥證查詢截圖、產品質地短影片、客服回覆截圖（遮個資）。","衛福部中藥許可證：衛署成製015614；類別：乙類成藥；劑型：油膏劑。","退換貨、付款、客服、出貨、價格、通路與任何見證內容，發布前須由人工確認。","NO_LINE_API_CALL_NO_AUTO_PUBLISH_REVIEW_QUEUE_ONLY","","","","2026-08-05"
"LINE_DRYRUN_126","LINE126","LINE_OA_LINE126_V2","LINE_OA","2026-08-18","20:00","一條根可以天天厚敷嗎","G","低","pending_legal_pharmacist_review","NO","FUTURE_RESCHEDULED_PENDING_HUMAN_REVIEW_ONLY","NEEDS_HUMAN_REVIEW_SAFE_TERM_CHECK","","一條根可以天天厚敷嗎","一條根可以天天厚敷嗎

很多人不是不想保養，是不知道什麼情況該先問清楚。

這款定位是外用油膏，重點是局部按摩、依標示使用。衛署成製015614，乙類成藥，資料可至衛福部中藥許可證系統查詢。

外用產品請依標示使用；身體不適、症狀持續或惡化時，請諮詢醫師或藥師。
下單前可先私訊索取藥證查詢方式與外盒標示照片。","","圖卡：一條根可以天天厚敷嗎 / 藥證可查 / 依標示使用","建議搭配：外盒標示實拍、藥證查詢截圖、產品質地短影片、客服回覆截圖（遮個資）。","衛福部中藥許可證：衛署成製015614；類別：乙類成藥；劑型：油膏劑。","退換貨、付款、客服、出貨、價格、通路與任何見證內容，發布前須由人工確認。","NO_LINE_API_CALL_NO_AUTO_PUBLISH_REVIEW_QUEUE_ONLY","","","","2026-08-05"
"LINE_DRYRUN_127","LINE127","LINE_OA_LINE127_V2","LINE_OA","2026-08-19","12:00","運動後不要立刻熱敷加藥膏","C","中","pending_legal_pharmacist_review","NO","FUTURE_RESCHEDULED_PENDING_HUMAN_REVIEW_ONLY","NEEDS_HUMAN_REVIEW_SAFE_TERM_CHECK","","運動後不要立刻熱敷加藥膏","運動後不要立刻熱敷加藥膏

運動、搬重物、久站後，身體局部不適時，先休息、觀察，再做保守保養。

這款定位是外用油膏，重點是局部按摩、依標示使用。衛署成製015614，乙類成藥，資料可至衛福部中藥許可證系統查詢。

外用產品請依標示使用；身體不適、症狀持續或惡化時，請諮詢醫師或藥師。
下單前可先私訊索取藥證查詢方式與外盒標示照片。","","圖卡：運動後不要立刻熱敷加藥膏 / 藥證可查 / 依標示使用","建議搭配：外盒標示實拍、藥證查詢截圖、產品質地短影片、客服回覆截圖（遮個資）。","衛福部中藥許可證：衛署成製015614；類別：乙類成藥；劑型：油膏劑。","退換貨、付款、客服、出貨、價格、通路與任何見證內容，發布前須由人工確認。","NO_LINE_API_CALL_NO_AUTO_PUBLISH_REVIEW_QUEUE_ONLY","","","","2026-08-06"
"LINE_DRYRUN_128","LINE128","LINE_OA_LINE128_V2","LINE_OA","2026-08-19","20:00","使用前先小範圍測試","A","中","pending_legal_pharmacist_review","NO","FUTURE_RESCHEDULED_PENDING_HUMAN_REVIEW_ONLY","NEEDS_HUMAN_REVIEW_SAFE_TERM_CHECK","","使用前先小範圍測試","使用前先小範圍測試

下單前，先看得懂標示與成分，比聽誇張話術更安心。

這款定位是外用油膏，重點是局部按摩、依標示使用。衛署成製015614，乙類成藥，資料可至衛福部中藥許可證系統查詢。

外用產品請依標示使用；身體不適、症狀持續或惡化時，請諮詢醫師或藥師。
下單前可先私訊索取藥證查詢方式與外盒標示照片。","","圖卡：使用前先小範圍測試 / 藥證可查 / 依標示使用","建議搭配：外盒標示實拍、藥證查詢截圖、產品質地短影片、客服回覆截圖（遮個資）。","衛福部中藥許可證：衛署成製015614；類別：乙類成藥；劑型：油膏劑。","退換貨、付款、客服、出貨、價格、通路與任何見證內容，發布前須由人工確認。","NO_LINE_API_CALL_NO_AUTO_PUBLISH_REVIEW_QUEUE_ONLY","","","","2026-08-06"
"LINE_DRYRUN_129","LINE129","LINE_OA_LINE129_V2","LINE_OA","2026-08-20","12:00","長輩使用前先看標示","D","中","pending_legal_pharmacist_review","NO","FUTURE_RESCHEDULED_PENDING_HUMAN_REVIEW_ONLY","NEEDS_HUMAN_REVIEW_SAFE_TERM_CHECK","","長輩使用前先看標示","長輩使用前先看標示

幫長輩準備外用產品時，最重要的是安全、清楚、不要亂用。

這款定位是外用油膏，重點是局部按摩、依標示使用。衛署成製015614，乙類成藥，資料可至衛福部中藥許可證系統查詢。

外用產品請依標示使用；身體不適、症狀持續或惡化時，請諮詢醫師或藥師。
下單前可先私訊索取藥證查詢方式與外盒標示照片。","","圖卡：長輩使用前先看標示 / 藥證可查 / 依標示使用","建議搭配：外盒標示實拍、藥證查詢截圖、產品質地短影片、客服回覆截圖（遮個資）。","衛福部中藥許可證：衛署成製015614；類別：乙類成藥；劑型：油膏劑。","退換貨、付款、客服、出貨、價格、通路與任何見證內容，發布前須由人工確認。","NO_LINE_API_CALL_NO_AUTO_PUBLISH_REVIEW_QUEUE_ONLY","","","","2026-08-07"
"LINE_DRYRUN_130","LINE130","LINE_OA_LINE130_V2","LINE_OA","2026-08-20","20:00","皮膚刺激時要停止使用","E","高","pending_legal_pharmacist_review","NO","FUTURE_RESCHEDULED_PENDING_HUMAN_REVIEW_ONLY","NEEDS_HUMAN_REVIEW_SAFE_TERM_CHECK","","皮膚刺激時要停止使用","皮膚刺激時要停止使用

外用產品不是擦越多越好，用對位置、避開風險才安心。

這款定位是外用油膏，重點是局部按摩、依標示使用。衛署成製015614，乙類成藥，資料可至衛福部中藥許可證系統查詢。

外用產品請依標示使用；身體不適、症狀持續或惡化時，請諮詢醫師或藥師。
下單前可先私訊索取藥證查詢方式與外盒標示照片。","","圖卡：皮膚刺激時要停止使用 / 藥證可查 / 依標示使用","建議搭配：外盒標示實拍、藥證查詢截圖、產品質地短影片、客服回覆截圖（遮個資）。","衛福部中藥許可證：衛署成製015614；類別：乙類成藥；劑型：油膏劑。","退換貨、付款、客服、出貨、價格、通路與任何見證內容，發布前須由人工確認。","NO_LINE_API_CALL_NO_AUTO_PUBLISH_REVIEW_QUEUE_ONLY","","","","2026-08-07"
"LINE_DRYRUN_131","LINE131","LINE_OA_LINE131_V2","LINE_OA","2026-08-21","12:00","寒露後肩背保養","F","低","pending_legal_pharmacist_review","NO","FUTURE_RESCHEDULED_PENDING_HUMAN_REVIEW_ONLY","NEEDS_HUMAN_REVIEW_SAFE_TERM_CHECK","","寒露後肩背保養","寒露後肩背保養

換季時，身體保養不需要複雜，穩定的小習慣比較長久。

這款定位是外用油膏，重點是局部按摩、依標示使用。衛署成製015614，乙類成藥，資料可至衛福部中藥許可證系統查詢。

外用產品請依標示使用；身體不適、症狀持續或惡化時，請諮詢醫師或藥師。
下單前可先私訊索取藥證查詢方式與外盒標示照片。","","圖卡：寒露後肩背保養 / 藥證可查 / 依標示使用","建議搭配：外盒標示實拍、藥證查詢截圖、產品質地短影片、客服回覆截圖（遮個資）。","衛福部中藥許可證：衛署成製015614；類別：乙類成藥；劑型：油膏劑。","退換貨、付款、客服、出貨、價格、通路與任何見證內容，發布前須由人工確認。","NO_LINE_API_CALL_NO_AUTO_PUBLISH_REVIEW_QUEUE_ONLY","","","","2026-08-08"
"LINE_DRYRUN_132","LINE132","LINE_OA_LINE132_V2","LINE_OA","2026-08-21","20:00","輕微拉扯後的觀察重點","C","中","pending_legal_pharmacist_review","NO","FUTURE_RESCHEDULED_PENDING_HUMAN_REVIEW_ONLY","NEEDS_HUMAN_REVIEW_SAFE_TERM_CHECK","","輕微拉扯後的觀察重點","輕微拉扯後的觀察重點

運動、搬重物、久站後，身體局部不適時，先休息、觀察，再做保守保養。

這款定位是外用油膏，重點是局部按摩、依標示使用。衛署成製015614，乙類成藥，資料可至衛福部中藥許可證系統查詢。

外用產品請依標示使用；身體不適、症狀持續或惡化時，請諮詢醫師或藥師。
下單前可先私訊索取藥證查詢方式與外盒標示照片。","","圖卡：輕微拉扯後的觀察重點 / 藥證可查 / 依標示使用","建議搭配：外盒標示實拍、藥證查詢截圖、產品質地短影片、客服回覆截圖（遮個資）。","衛福部中藥許可證：衛署成製015614；類別：乙類成藥；劑型：油膏劑。","退換貨、付款、客服、出貨、價格、通路與任何見證內容，發布前須由人工確認。","NO_LINE_API_CALL_NO_AUTO_PUBLISH_REVIEW_QUEUE_ONLY","","","","2026-08-08"
"LINE_DRYRUN_133","LINE133","LINE_OA_LINE133_V2","LINE_OA","2026-08-22","12:00","擦完可以馬上熱敷嗎","G","低","pending_legal_pharmacist_review","NO","FUTURE_RESCHEDULED_PENDING_HUMAN_REVIEW_ONLY","NEEDS_HUMAN_REVIEW_SAFE_TERM_CHECK","","擦完可以馬上熱敷嗎","擦完可以馬上熱敷嗎

很多人不是不想保養，是不知道什麼情況該先問清楚。

這款定位是外用油膏，重點是局部按摩、依標示使用。衛署成製015614，乙類成藥，資料可至衛福部中藥許可證系統查詢。

外用產品請依標示使用；身體不適、症狀持續或惡化時，請諮詢醫師或藥師。
下單前可先私訊索取藥證查詢方式與外盒標示照片。","","圖卡：擦完可以馬上熱敷嗎 / 藥證可查 / 依標示使用","建議搭配：外盒標示實拍、藥證查詢截圖、產品質地短影片、客服回覆截圖（遮個資）。","衛福部中藥許可證：衛署成製015614；類別：乙類成藥；劑型：油膏劑。","退換貨、付款、客服、出貨、價格、通路與任何見證內容，發布前須由人工確認。","NO_LINE_API_CALL_NO_AUTO_PUBLISH_REVIEW_QUEUE_ONLY","","","","2026-08-09"
"LINE_DRYRUN_134","LINE134","LINE_OA_LINE134_V2","LINE_OA","2026-08-22","20:00","別把長期疼痛只當小問題","D","中","pending_legal_pharmacist_review","NO","FUTURE_RESCHEDULED_PENDING_HUMAN_REVIEW_ONLY","NEEDS_HUMAN_REVIEW_SAFE_TERM_CHECK","","別把長期疼痛只當小問題","別把長期疼痛只當小問題

幫長輩準備外用產品時，最重要的是安全、清楚、不要亂用。

這款定位是外用油膏，重點是局部按摩、依標示使用。衛署成製015614，乙類成藥，資料可至衛福部中藥許可證系統查詢。

外用產品請依標示使用；身體不適、症狀持續或惡化時，請諮詢醫師或藥師。
下單前可先私訊索取藥證查詢方式與外盒標示照片。","","圖卡：別把長期疼痛只當小問題 / 藥證可查 / 依標示使用","建議搭配：外盒標示實拍、藥證查詢截圖、產品質地短影片、客服回覆截圖（遮個資）。","衛福部中藥許可證：衛署成製015614；類別：乙類成藥；劑型：油膏劑。","退換貨、付款、客服、出貨、價格、通路與任何見證內容，發布前須由人工確認。","NO_LINE_API_CALL_NO_AUTO_PUBLISH_REVIEW_QUEUE_ONLY","","","","2026-08-09"
"LINE_DRYRUN_135","LINE135","LINE_OA_LINE135_V2","LINE_OA","2026-08-23","12:00","冷氣房肩頸緊繃保養","B","低","pending_legal_pharmacist_review","NO","FUTURE_RESCHEDULED_PENDING_HUMAN_REVIEW_ONLY","PASS_DRY_RUN_PENDING_HUMAN_REVIEW","","冷氣房肩頸緊繃保養","冷氣房肩頸緊繃保養

久坐、低頭、開會一整天後，肩頸常會提醒你該放鬆一下。

這款定位是外用油膏，重點是局部按摩、依標示使用。衛署成製015614，乙類成藥，資料可至衛福部中藥許可證系統查詢。

外用產品請依標示使用；身體不適、症狀持續或惡化時，請諮詢醫師或藥師。
下單前可先私訊索取藥證查詢方式與外盒標示照片。","","圖卡：冷氣房肩頸緊繃保養 / 藥證可查 / 依標示使用","建議搭配：外盒標示實拍、藥證查詢截圖、產品質地短影片、客服回覆截圖（遮個資）。","衛福部中藥許可證：衛署成製015614；類別：乙類成藥；劑型：油膏劑。","退換貨、付款、客服、出貨、價格、通路與任何見證內容，發布前須由人工確認。","NO_LINE_API_CALL_NO_AUTO_PUBLISH_REVIEW_QUEUE_ONLY","","","","2026-08-10"
"LINE_DRYRUN_136","LINE136","LINE_OA_LINE136_V2","LINE_OA","2026-08-23","20:00","產品不是神藥，定位要講清楚","A","中","pending_legal_pharmacist_review","NO","FUTURE_RESCHEDULED_PENDING_HUMAN_REVIEW_ONLY","NEEDS_HUMAN_REVIEW_SAFE_TERM_CHECK","","產品不是神藥，定位要講清楚","產品不是神藥，定位要講清楚

下單前，先看得懂標示與成分，比聽誇張話術更安心。

這款定位是外用油膏，重點是局部按摩、依標示使用。衛署成製015614，乙類成藥，資料可至衛福部中藥許可證系統查詢。

外用產品請依標示使用；身體不適、症狀持續或惡化時，請諮詢醫師或藥師。
下單前可先私訊索取藥證查詢方式與外盒標示照片。","","圖卡：產品不是神藥，定位要講清楚 / 藥證可查 / 依標示使用","建議搭配：外盒標示實拍、藥證查詢截圖、產品質地短影片、客服回覆截圖（遮個資）。","衛福部中藥許可證：衛署成製015614；類別：乙類成藥；劑型：油膏劑。","退換貨、付款、客服、出貨、價格、通路與任何見證內容，發布前須由人工確認。","NO_LINE_API_CALL_NO_AUTO_PUBLISH_REVIEW_QUEUE_ONLY","","","","2026-08-10"
"LINE_DRYRUN_137","LINE137","LINE_OA_LINE137_V2","LINE_OA","2026-08-24","12:00","立冬前後的日常舒緩儀式","F","低","pending_legal_pharmacist_review","NO","FUTURE_RESCHEDULED_PENDING_HUMAN_REVIEW_ONLY","NEEDS_HUMAN_REVIEW_SAFE_TERM_CHECK","","立冬前後的日常舒緩儀式","立冬前後的日常舒緩儀式

換季時，身體保養不需要複雜，穩定的小習慣比較長久。

這款定位是外用油膏，重點是局部按摩、依標示使用。衛署成製015614，乙類成藥，資料可至衛福部中藥許可證系統查詢。

外用產品請依標示使用；身體不適、症狀持續或惡化時，請諮詢醫師或藥師。
下單前可先私訊索取藥證查詢方式與外盒標示照片。","","圖卡：立冬前後的日常舒緩儀式 / 藥證可查 / 依標示使用","建議搭配：外盒標示實拍、藥證查詢截圖、產品質地短影片、客服回覆截圖（遮個資）。","衛福部中藥許可證：衛署成製015614；類別：乙類成藥；劑型：油膏劑。","退換貨、付款、客服、出貨、價格、通路與任何見證內容，發布前須由人工確認。","NO_LINE_API_CALL_NO_AUTO_PUBLISH_REVIEW_QUEUE_ONLY","","","","2026-08-11"
"LINE_DRYRUN_138","LINE138","LINE_OA_LINE138_V2","LINE_OA","2026-08-24","20:00","深層症狀不適合自行處理","E","高","pending_legal_pharmacist_review","NO","FUTURE_RESCHEDULED_PENDING_HUMAN_REVIEW_ONLY","NEEDS_HUMAN_REVIEW_SAFE_TERM_CHECK","","深層症狀不適合自行處理","深層症狀不適合自行處理

外用產品不是擦越多越好，用對位置、避開風險才安心。

這款定位是外用油膏，重點是局部按摩、依標示使用。衛署成製015614，乙類成藥，資料可至衛福部中藥許可證系統查詢。

外用產品請依標示使用；身體不適、症狀持續或惡化時，請諮詢醫師或藥師。
下單前可先私訊索取藥證查詢方式與外盒標示照片。","","圖卡：深層症狀不適合自行處理 / 藥證可查 / 依標示使用","建議搭配：外盒標示實拍、藥證查詢截圖、產品質地短影片、客服回覆截圖（遮個資）。","衛福部中藥許可證：衛署成製015614；類別：乙類成藥；劑型：油膏劑。","退換貨、付款、客服、出貨、價格、通路與任何見證內容，發布前須由人工確認。","NO_LINE_API_CALL_NO_AUTO_PUBLISH_REVIEW_QUEUE_ONLY","","","","2026-08-11"
"LINE_DRYRUN_139","LINE139","LINE_OA_LINE139_V2","LINE_OA","2026-08-25","12:00","買外用膏先看三件事","H","中","pending_legal_pharmacist_review","NO","FUTURE_RESCHEDULED_PENDING_HUMAN_REVIEW_ONLY","NEEDS_HUMAN_REVIEW_SAFE_TERM_CHECK","","買外用膏先看三件事","買外用膏先看三件事

我們寧願把資料講清楚，也不想用誇大的話讓你衝動購買。

這款定位是外用油膏，重點是局部按摩、依標示使用。衛署成製015614，乙類成藥，資料可至衛福部中藥許可證系統查詢。

外用產品請依標示使用；身體不適、症狀持續或惡化時，請諮詢醫師或藥師。
下單前可先私訊索取藥證查詢方式與外盒標示照片。","","圖卡：買外用膏先看三件事 / 藥證可查 / 依標示使用","建議搭配：外盒標示實拍、藥證查詢截圖、產品質地短影片、客服回覆截圖（遮個資）。","衛福部中藥許可證：衛署成製015614；類別：乙類成藥；劑型：油膏劑。","退換貨、付款、客服、出貨、價格、通路與任何見證內容，發布前須由人工確認。","NO_LINE_API_CALL_NO_AUTO_PUBLISH_REVIEW_QUEUE_ONLY","","","","2026-08-12"
"LINE_DRYRUN_140","LINE140","LINE_OA_LINE140_V2","LINE_OA","2026-08-25","20:00","哪些情況應該先就醫","G","低","pending_legal_pharmacist_review","NO","FUTURE_RESCHEDULED_PENDING_HUMAN_REVIEW_ONLY","NEEDS_HUMAN_REVIEW_SAFE_TERM_CHECK","","哪些情況應該先就醫","哪些情況應該先就醫

很多人不是不想保養，是不知道什麼情況該先問清楚。

這款定位是外用油膏，重點是局部按摩、依標示使用。衛署成製015614，乙類成藥，資料可至衛福部中藥許可證系統查詢。

外用產品請依標示使用；身體不適、症狀持續或惡化時，請諮詢醫師或藥師。
下單前可先私訊索取藥證查詢方式與外盒標示照片。","","圖卡：哪些情況應該先就醫 / 藥證可查 / 依標示使用","建議搭配：外盒標示實拍、藥證查詢截圖、產品質地短影片、客服回覆截圖（遮個資）。","衛福部中藥許可證：衛署成製015614；類別：乙類成藥；劑型：油膏劑。","退換貨、付款、客服、出貨、價格、通路與任何見證內容，發布前須由人工確認。","NO_LINE_API_CALL_NO_AUTO_PUBLISH_REVIEW_QUEUE_ONLY","","","","2026-08-12"
"LINE_DRYRUN_141","LINE141","LINE_OA_LINE141_V2","LINE_OA","2026-08-26","12:00","運動後局部痠痛的保守處理","C","中","pending_legal_pharmacist_review","NO","FUTURE_RESCHEDULED_PENDING_HUMAN_REVIEW_ONLY","NEEDS_HUMAN_REVIEW_SAFE_TERM_CHECK","","運動後局部痠痛的保守處理","運動後局部痠痛的保守處理

運動、搬重物、久站後，身體局部不適時，先休息、觀察，再做保守保養。

這款定位是外用油膏，重點是局部按摩、依標示使用。衛署成製015614，乙類成藥，資料可至衛福部中藥許可證系統查詢。

外用產品請依標示使用；身體不適、症狀持續或惡化時，請諮詢醫師或藥師。
下單前可先私訊索取藥證查詢方式與外盒標示照片。","","圖卡：運動後局部痠痛的保守處理 / 藥證可查 / 依標示使用","建議搭配：外盒標示實拍、藥證查詢截圖、產品質地短影片、客服回覆截圖（遮個資）。","衛福部中藥許可證：衛署成製015614；類別：乙類成藥；劑型：油膏劑。","退換貨、付款、客服、出貨、價格、通路與任何見證內容，發布前須由人工確認。","NO_LINE_API_CALL_NO_AUTO_PUBLISH_REVIEW_QUEUE_ONLY","","","","2026-08-13"
"LINE_DRYRUN_142","LINE142","LINE_OA_LINE142_V2","LINE_OA","2026-08-26","20:00","冬青油與清涼舒緩體感","A","中","pending_legal_pharmacist_review","NO","FUTURE_RESCHEDULED_PENDING_HUMAN_REVIEW_ONLY","NEEDS_HUMAN_REVIEW_SAFE_TERM_CHECK","","冬青油與清涼舒緩體感","冬青油與清涼舒緩體感

下單前，先看得懂標示與成分，比聽誇張話術更安心。

這款定位是外用油膏，重點是局部按摩、依標示使用。衛署成製015614，乙類成藥，資料可至衛福部中藥許可證系統查詢。

外用產品請依標示使用；身體不適、症狀持續或惡化時，請諮詢醫師或藥師。
下單前可先私訊索取藥證查詢方式與外盒標示照片。","","圖卡：冬青油與清涼舒緩體感 / 藥證可查 / 依標示使用","建議搭配：外盒標示實拍、藥證查詢截圖、產品質地短影片、客服回覆截圖（遮個資）。","衛福部中藥許可證：衛署成製015614；類別：乙類成藥；劑型：油膏劑。","退換貨、付款、客服、出貨、價格、通路與任何見證內容，發布前須由人工確認。","NO_LINE_API_CALL_NO_AUTO_PUBLISH_REVIEW_QUEUE_ONLY","","","","2026-08-13"
"LINE_DRYRUN_143","LINE143","LINE_OA_LINE143_V2","LINE_OA","2026-08-27","12:00","早晨活動前的關節暖身","D","中","pending_legal_pharmacist_review","NO","FUTURE_RESCHEDULED_PENDING_HUMAN_REVIEW_ONLY","NEEDS_HUMAN_REVIEW_SAFE_TERM_CHECK","","早晨活動前的關節暖身","早晨活動前的關節暖身

幫長輩準備外用產品時，最重要的是安全、清楚、不要亂用。

這款定位是外用油膏，重點是局部按摩、依標示使用。衛署成製015614，乙類成藥，資料可至衛福部中藥許可證系統查詢。

外用產品請依標示使用；身體不適、症狀持續或惡化時，請諮詢醫師或藥師。
下單前可先私訊索取藥證查詢方式與外盒標示照片。","","圖卡：早晨活動前的關節暖身 / 藥證可查 / 依標示使用","建議搭配：外盒標示實拍、藥證查詢截圖、產品質地短影片、客服回覆截圖（遮個資）。","衛福部中藥許可證：衛署成製015614；類別：乙類成藥；劑型：油膏劑。","退換貨、付款、客服、出貨、價格、通路與任何見證內容，發布前須由人工確認。","NO_LINE_API_CALL_NO_AUTO_PUBLISH_REVIEW_QUEUE_ONLY","","","","2026-08-14"
"LINE_DRYRUN_144","LINE144","LINE_OA_LINE144_V2","LINE_OA","2026-08-27","20:00","不能擦在破皮或傷口","E","高","pending_legal_pharmacist_review","NO","FUTURE_RESCHEDULED_PENDING_HUMAN_REVIEW_ONLY","NEEDS_HUMAN_REVIEW_SAFE_TERM_CHECK","","不能擦在破皮或傷口","不能擦在破皮或傷口

外用產品不是擦越多越好，用對位置、避開風險才安心。

這款定位是外用油膏，重點是局部按摩、依標示使用。衛署成製015614，乙類成藥，資料可至衛福部中藥許可證系統查詢。

外用產品請依標示使用；身體不適、症狀持續或惡化時，請諮詢醫師或藥師。
下單前可先私訊索取藥證查詢方式與外盒標示照片。","","圖卡：不能擦在破皮或傷口 / 藥證可查 / 依標示使用","建議搭配：外盒標示實拍、藥證查詢截圖、產品質地短影片、客服回覆截圖（遮個資）。","衛福部中藥許可證：衛署成製015614；類別：乙類成藥；劑型：油膏劑。","退換貨、付款、客服、出貨、價格、通路與任何見證內容，發布前須由人工確認。","NO_LINE_API_CALL_NO_AUTO_PUBLISH_REVIEW_QUEUE_ONLY","","","","2026-08-14"
"LINE_DRYRUN_145","LINE145","LINE_OA_LINE145_V2","LINE_OA","2026-08-28","12:00","芒種後濕熱生活保養","F","低","pending_legal_pharmacist_review","NO","FUTURE_RESCHEDULED_PENDING_HUMAN_REVIEW_ONLY","NEEDS_HUMAN_REVIEW_SAFE_TERM_CHECK","","芒種後濕熱生活保養","芒種後濕熱生活保養

換季時，身體保養不需要複雜，穩定的小習慣比較長久。

這款定位是外用油膏，重點是局部按摩、依標示使用。衛署成製015614，乙類成藥，資料可至衛福部中藥許可證系統查詢。

外用產品請依標示使用；身體不適、症狀持續或惡化時，請諮詢醫師或藥師。
下單前可先私訊索取藥證查詢方式與外盒標示照片。","","圖卡：芒種後濕熱生活保養 / 藥證可查 / 依標示使用","建議搭配：外盒標示實拍、藥證查詢截圖、產品質地短影片、客服回覆截圖（遮個資）。","衛福部中藥許可證：衛署成製015614；類別：乙類成藥；劑型：油膏劑。","退換貨、付款、客服、出貨、價格、通路與任何見證內容，發布前須由人工確認。","NO_LINE_API_CALL_NO_AUTO_PUBLISH_REVIEW_QUEUE_ONLY","","","","2026-08-15"
"LINE_DRYRUN_146","LINE146","LINE_OA_LINE146_V2","LINE_OA","2026-08-28","20:00","久站後小腿不適舒緩","C","中","pending_legal_pharmacist_review","NO","FUTURE_RESCHEDULED_PENDING_HUMAN_REVIEW_ONLY","NEEDS_HUMAN_REVIEW_SAFE_TERM_CHECK","","久站後小腿不適舒緩","久站後小腿不適舒緩

運動、搬重物、久站後，身體局部不適時，先休息、觀察，再做保守保養。

這款定位是外用油膏，重點是局部按摩、依標示使用。衛署成製015614，乙類成藥，資料可至衛福部中藥許可證系統查詢。

外用產品請依標示使用；身體不適、症狀持續或惡化時，請諮詢醫師或藥師。
下單前可先私訊索取藥證查詢方式與外盒標示照片。","","圖卡：久站後小腿不適舒緩 / 藥證可查 / 依標示使用","建議搭配：外盒標示實拍、藥證查詢截圖、產品質地短影片、客服回覆截圖（遮個資）。","衛福部中藥許可證：衛署成製015614；類別：乙類成藥；劑型：油膏劑。","退換貨、付款、客服、出貨、價格、通路與任何見證內容，發布前須由人工確認。","NO_LINE_API_CALL_NO_AUTO_PUBLISH_REVIEW_QUEUE_ONLY","","","","2026-08-15"
"LINE_DRYRUN_147","LINE147","LINE_OA_LINE147_V2","LINE_OA","2026-08-29","12:00","你最常哪個部位緊繃","G","低","pending_legal_pharmacist_review","NO","FUTURE_RESCHEDULED_PENDING_HUMAN_REVIEW_ONLY","NEEDS_HUMAN_REVIEW_SAFE_TERM_CHECK","","你最常哪個部位緊繃","你最常哪個部位緊繃

很多人不是不想保養，是不知道什麼情況該先問清楚。

這款定位是外用油膏，重點是局部按摩、依標示使用。衛署成製015614，乙類成藥，資料可至衛福部中藥許可證系統查詢。

外用產品請依標示使用；身體不適、症狀持續或惡化時，請諮詢醫師或藥師。
下單前可先私訊索取藥證查詢方式與外盒標示照片。","","圖卡：你最常哪個部位緊繃 / 藥證可查 / 依標示使用","建議搭配：外盒標示實拍、藥證查詢截圖、產品質地短影片、客服回覆截圖（遮個資）。","衛福部中藥許可證：衛署成製015614；類別：乙類成藥；劑型：油膏劑。","退換貨、付款、客服、出貨、價格、通路與任何見證內容，發布前須由人工確認。","NO_LINE_API_CALL_NO_AUTO_PUBLISH_REVIEW_QUEUE_ONLY","","","","2026-08-16"
"LINE_DRYRUN_148","LINE148","LINE_OA_LINE148_V2","LINE_OA","2026-08-29","20:00","長輩外用膏使用安全","D","中","pending_legal_pharmacist_review","NO","FUTURE_RESCHEDULED_PENDING_HUMAN_REVIEW_ONLY","NEEDS_HUMAN_REVIEW_SAFE_TERM_CHECK","","長輩外用膏使用安全","長輩外用膏使用安全

幫長輩準備外用產品時，最重要的是安全、清楚、不要亂用。

這款定位是外用油膏，重點是局部按摩、依標示使用。衛署成製015614，乙類成藥，資料可至衛福部中藥許可證系統查詢。

外用產品請依標示使用；身體不適、症狀持續或惡化時，請諮詢醫師或藥師。
下單前可先私訊索取藥證查詢方式與外盒標示照片。","","圖卡：長輩外用膏使用安全 / 藥證可查 / 依標示使用","建議搭配：外盒標示實拍、藥證查詢截圖、產品質地短影片、客服回覆截圖（遮個資）。","衛福部中藥許可證：衛署成製015614；類別：乙類成藥；劑型：油膏劑。","退換貨、付款、客服、出貨、價格、通路與任何見證內容，發布前須由人工確認。","NO_LINE_API_CALL_NO_AUTO_PUBLISH_REVIEW_QUEUE_ONLY","","","","2026-08-16"
"LINE_DRYRUN_149","LINE149","LINE_OA_LINE149_V2","LINE_OA","2026-08-30","12:00","低頭族肩頸緊繃的三個提醒","B","低","pending_legal_pharmacist_review","NO","FUTURE_RESCHEDULED_PENDING_HUMAN_REVIEW_ONLY","PASS_DRY_RUN_PENDING_HUMAN_REVIEW","","低頭族肩頸緊繃的三個提醒","低頭族肩頸緊繃的三個提醒

久坐、低頭、開會一整天後，肩頸常會提醒你該放鬆一下。

這款定位是外用油膏，重點是局部按摩、依標示使用。衛署成製015614，乙類成藥，資料可至衛福部中藥許可證系統查詢。

外用產品請依標示使用；身體不適、症狀持續或惡化時，請諮詢醫師或藥師。
下單前可先私訊索取藥證查詢方式與外盒標示照片。","","圖卡：低頭族肩頸緊繃的三個提醒 / 藥證可查 / 依標示使用","建議搭配：外盒標示實拍、藥證查詢截圖、產品質地短影片、客服回覆截圖（遮個資）。","衛福部中藥許可證：衛署成製015614；類別：乙類成藥；劑型：油膏劑。","退換貨、付款、客服、出貨、價格、通路與任何見證內容，發布前須由人工確認。","NO_LINE_API_CALL_NO_AUTO_PUBLISH_REVIEW_QUEUE_ONLY","","","","2026-08-17"
"LINE_DRYRUN_150","LINE150","LINE_OA_LINE150_V2","LINE_OA","2026-08-30","20:00","薄荷腦帶來的涼感來源","A","中","pending_legal_pharmacist_review","NO","FUTURE_RESCHEDULED_PENDING_HUMAN_REVIEW_ONLY","NEEDS_HUMAN_REVIEW_SAFE_TERM_CHECK","","薄荷腦帶來的涼感來源","薄荷腦帶來的涼感來源

下單前，先看得懂標示與成分，比聽誇張話術更安心。

這款定位是外用油膏，重點是局部按摩、依標示使用。衛署成製015614，乙類成藥，資料可至衛福部中藥許可證系統查詢。

外用產品請依標示使用；身體不適、症狀持續或惡化時，請諮詢醫師或藥師。
下單前可先私訊索取藥證查詢方式與外盒標示照片。","","圖卡：薄荷腦帶來的涼感來源 / 藥證可查 / 依標示使用","建議搭配：外盒標示實拍、藥證查詢截圖、產品質地短影片、客服回覆截圖（遮個資）。","衛福部中藥許可證：衛署成製015614；類別：乙類成藥；劑型：油膏劑。","退換貨、付款、客服、出貨、價格、通路與任何見證內容，發布前須由人工確認。","NO_LINE_API_CALL_NO_AUTO_PUBLISH_REVIEW_QUEUE_ONLY","","","","2026-08-17"
"LINE_DRYRUN_151","LINE151","LINE_OA_LINE151_V2","LINE_OA","2026-08-31","12:00","夏季冷氣房的肩頸保養","F","低","pending_legal_pharmacist_review","NO","FUTURE_RESCHEDULED_PENDING_HUMAN_REVIEW_ONLY","NEEDS_HUMAN_REVIEW_SAFE_TERM_CHECK","","夏季冷氣房的肩頸保養","夏季冷氣房的肩頸保養

換季時，身體保養不需要複雜，穩定的小習慣比較長久。

這款定位是外用油膏，重點是局部按摩、依標示使用。衛署成製015614，乙類成藥，資料可至衛福部中藥許可證系統查詢。

外用產品請依標示使用；身體不適、症狀持續或惡化時，請諮詢醫師或藥師。
下單前可先私訊索取藥證查詢方式與外盒標示照片。","","圖卡：夏季冷氣房的肩頸保養 / 藥證可查 / 依標示使用","建議搭配：外盒標示實拍、藥證查詢截圖、產品質地短影片、客服回覆截圖（遮個資）。","衛福部中藥許可證：衛署成製015614；類別：乙類成藥；劑型：油膏劑。","退換貨、付款、客服、出貨、價格、通路與任何見證內容，發布前須由人工確認。","NO_LINE_API_CALL_NO_AUTO_PUBLISH_REVIEW_QUEUE_ONLY","","","","2026-08-18"
"LINE_DRYRUN_152","LINE152","LINE_OA_LINE152_V2","LINE_OA","2026-08-31","20:00","外用膏避免眼周與黏膜","E","高","pending_legal_pharmacist_review","NO","FUTURE_RESCHEDULED_PENDING_HUMAN_REVIEW_ONLY","NEEDS_HUMAN_REVIEW_SAFE_TERM_CHECK","","外用膏避免眼周與黏膜","外用膏避免眼周與黏膜

外用產品不是擦越多越好，用對位置、避開風險才安心。

這款定位是外用油膏，重點是局部按摩、依標示使用。衛署成製015614，乙類成藥，資料可至衛福部中藥許可證系統查詢。

外用產品請依標示使用；身體不適、症狀持續或惡化時，請諮詢醫師或藥師。
下單前可先私訊索取藥證查詢方式與外盒標示照片。","","圖卡：外用膏避免眼周與黏膜 / 藥證可查 / 依標示使用","建議搭配：外盒標示實拍、藥證查詢截圖、產品質地短影片、客服回覆截圖（遮個資）。","衛福部中藥許可證：衛署成製015614；類別：乙類成藥；劑型：油膏劑。","退換貨、付款、客服、出貨、價格、通路與任何見證內容，發布前須由人工確認。","NO_LINE_API_CALL_NO_AUTO_PUBLISH_REVIEW_QUEUE_ONLY","","","","2026-08-18"
"LINE_DRYRUN_153","LINE153","LINE_OA_LINE153_V2","LINE_OA","2026-09-01","12:00","為什麼我們重視藥證與標示","H","中","pending_legal_pharmacist_review","NO","FUTURE_RESCHEDULED_PENDING_HUMAN_REVIEW_ONLY","NEEDS_HUMAN_REVIEW_SAFE_TERM_CHECK","","為什麼我們重視藥證與標示","為什麼我們重視藥證與標示

我們寧願把資料講清楚，也不想用誇大的話讓你衝動購買。

這款定位是外用油膏，重點是局部按摩、依標示使用。衛署成製015614，乙類成藥，資料可至衛福部中藥許可證系統查詢。

外用產品請依標示使用；身體不適、症狀持續或惡化時，請諮詢醫師或藥師。
下單前可先私訊索取藥證查詢方式與外盒標示照片。","","圖卡：為什麼我們重視藥證與標示 / 藥證可查 / 依標示使用","建議搭配：外盒標示實拍、藥證查詢截圖、產品質地短影片、客服回覆截圖（遮個資）。","衛福部中藥許可證：衛署成製015614；類別：乙類成藥；劑型：油膏劑。","退換貨、付款、客服、出貨、價格、通路與任何見證內容，發布前須由人工確認。","NO_LINE_API_CALL_NO_AUTO_PUBLISH_REVIEW_QUEUE_ONLY","","","","2026-08-19"
"LINE_DRYRUN_154","LINE154","LINE_OA_LINE154_V2","LINE_OA","2026-09-01","20:00","你習慣運動前還是運動後保養","G","低","pending_legal_pharmacist_review","NO","FUTURE_RESCHEDULED_PENDING_HUMAN_REVIEW_ONLY","NEEDS_HUMAN_REVIEW_SAFE_TERM_CHECK","","你習慣運動前還是運動後保養","你習慣運動前還是運動後保養

很多人不是不想保養，是不知道什麼情況該先問清楚。

這款定位是外用油膏，重點是局部按摩、依標示使用。衛署成製015614，乙類成藥，資料可至衛福部中藥許可證系統查詢。

外用產品請依標示使用；身體不適、症狀持續或惡化時，請諮詢醫師或藥師。
下單前可先私訊索取藥證查詢方式與外盒標示照片。","","圖卡：你習慣運動前還是運動後保養 / 藥證可查 / 依標示使用","建議搭配：外盒標示實拍、藥證查詢截圖、產品質地短影片、客服回覆截圖（遮個資）。","衛福部中藥許可證：衛署成製015614；類別：乙類成藥；劑型：油膏劑。","退換貨、付款、客服、出貨、價格、通路與任何見證內容，發布前須由人工確認。","NO_LINE_API_CALL_NO_AUTO_PUBLISH_REVIEW_QUEUE_ONLY","","","","2026-08-19"
"LINE_DRYRUN_155","LINE155","LINE_OA_LINE155_V2","LINE_OA","2026-09-02","12:00","搬重物後腰背保養","C","中","pending_legal_pharmacist_review","NO","FUTURE_RESCHEDULED_PENDING_HUMAN_REVIEW_ONLY","NEEDS_HUMAN_REVIEW_SAFE_TERM_CHECK","","搬重物後腰背保養","搬重物後腰背保養

運動、搬重物、久站後，身體局部不適時，先休息、觀察，再做保守保養。

這款定位是外用油膏，重點是局部按摩、依標示使用。衛署成製015614，乙類成藥，資料可至衛福部中藥許可證系統查詢。

外用產品請依標示使用；身體不適、症狀持續或惡化時，請諮詢醫師或藥師。
下單前可先私訊索取藥證查詢方式與外盒標示照片。","","圖卡：搬重物後腰背保養 / 藥證可查 / 依標示使用","建議搭配：外盒標示實拍、藥證查詢截圖、產品質地短影片、客服回覆截圖（遮個資）。","衛福部中藥許可證：衛署成製015614；類別：乙類成藥；劑型：油膏劑。","退換貨、付款、客服、出貨、價格、通路與任何見證內容，發布前須由人工確認。","NO_LINE_API_CALL_NO_AUTO_PUBLISH_REVIEW_QUEUE_ONLY","","","","2026-08-20"
"LINE_DRYRUN_156","LINE156","LINE_OA_LINE156_V2","LINE_OA","2026-09-02","20:00","樟腦外用時的注意界線","A","中","pending_legal_pharmacist_review","NO","FUTURE_RESCHEDULED_PENDING_HUMAN_REVIEW_ONLY","NEEDS_HUMAN_REVIEW_SAFE_TERM_CHECK","","樟腦外用時的注意界線","樟腦外用時的注意界線

下單前，先看得懂標示與成分，比聽誇張話術更安心。

這款定位是外用油膏，重點是局部按摩、依標示使用。衛署成製015614，乙類成藥，資料可至衛福部中藥許可證系統查詢。

外用產品請依標示使用；身體不適、症狀持續或惡化時，請諮詢醫師或藥師。
下單前可先私訊索取藥證查詢方式與外盒標示照片。","","圖卡：樟腦外用時的注意界線 / 藥證可查 / 依標示使用","建議搭配：外盒標示實拍、藥證查詢截圖、產品質地短影片、客服回覆截圖（遮個資）。","衛福部中藥許可證：衛署成製015614；類別：乙類成藥；劑型：油膏劑。","退換貨、付款、客服、出貨、價格、通路與任何見證內容，發布前須由人工確認。","NO_LINE_API_CALL_NO_AUTO_PUBLISH_REVIEW_QUEUE_ONLY","","","","2026-08-20"
"LINE_DRYRUN_157","LINE157","LINE_OA_LINE157_V2","LINE_OA","2026-09-03","12:00","輕微關節不適，日常保養要分清楚","D","中","pending_legal_pharmacist_review","NO","FUTURE_RESCHEDULED_PENDING_HUMAN_REVIEW_ONLY","PASS_REWRITTEN_PENDING_HUMAN_REVIEW","","輕微關節不適，日常保養要分清楚","輕微關節不適，日常保養要分清楚

幫長輩準備外用產品時，重點是安全、清楚、依標示使用，不把日常保養說成醫療效果。

這款定位是外用油膏，適合局部按摩放鬆與暫時舒緩日常不適。衛署成製015614，乙類成藥，資料可至衛福部中藥許可證系統查詢。

外用產品請依標示使用；身體不適、狀況持續或變嚴重時，請諮詢醫師或藥師。
下單前可先私訊索取藥證查詢方式與外盒標示照片。","保守教育型 LINE 貼文，強調依標示使用、局部按摩放鬆、身體狀況持續時諮詢醫師或藥師。","圖卡：輕微關節不適與日常保養要分清楚 / 藥證可查 / 依標示使用 / 局部按摩放鬆","建議搭配：外盒標示實拍、藥證查詢截圖、產品質地短影片、客服回覆截圖（遮個資）。","衛福部中藥許可證：衛署成製015614；類別：乙類成藥；劑型：油膏劑。","退換貨、付款、客服、出貨、價格、通路與任何見證內容，發布前須由人工確認。","NO_LINE_API_CALL_NO_AUTO_PUBLISH_REVIEW_QUEUE_ONLY","","","","2026-08-21"
"LINE_DRYRUN_158","LINE158","LINE_OA_LINE158_V2","LINE_OA","2026-09-03","20:00","不要搭配熱敷墊或電毯","E","高","pending_legal_pharmacist_review","NO","FUTURE_RESCHEDULED_PENDING_HUMAN_REVIEW_ONLY","NEEDS_HUMAN_REVIEW_SAFE_TERM_CHECK","","不要搭配熱敷墊或電毯","不要搭配熱敷墊或電毯

外用產品不是擦越多越好，用對位置、避開風險才安心。

這款定位是外用油膏，重點是局部按摩、依標示使用。衛署成製015614，乙類成藥，資料可至衛福部中藥許可證系統查詢。

外用產品請依標示使用；身體不適、症狀持續或惡化時，請諮詢醫師或藥師。
下單前可先私訊索取藥證查詢方式與外盒標示照片。","","圖卡：不要搭配熱敷墊或電毯 / 藥證可查 / 依標示使用","建議搭配：外盒標示實拍、藥證查詢截圖、產品質地短影片、客服回覆截圖（遮個資）。","衛福部中藥許可證：衛署成製015614；類別：乙類成藥；劑型：油膏劑。","退換貨、付款、客服、出貨、價格、通路與任何見證內容，發布前須由人工確認。","NO_LINE_API_CALL_NO_AUTO_PUBLISH_REVIEW_QUEUE_ONLY","","","","2026-08-21"
"LINE_DRYRUN_159","LINE159","LINE_OA_LINE159_V2","LINE_OA","2026-09-04","12:00","小暑前後活動舒適提醒","F","低","pending_legal_pharmacist_review","NO","FUTURE_RESCHEDULED_PENDING_HUMAN_REVIEW_ONLY","NEEDS_HUMAN_REVIEW_SAFE_TERM_CHECK","","小暑前後活動舒適提醒","小暑前後活動舒適提醒

換季時，身體保養不需要複雜，穩定的小習慣比較長久。

這款定位是外用油膏，重點是局部按摩、依標示使用。衛署成製015614，乙類成藥，資料可至衛福部中藥許可證系統查詢。

外用產品請依標示使用；身體不適、症狀持續或惡化時，請諮詢醫師或藥師。
下單前可先私訊索取藥證查詢方式與外盒標示照片。","","圖卡：小暑前後活動舒適提醒 / 藥證可查 / 依標示使用","建議搭配：外盒標示實拍、藥證查詢截圖、產品質地短影片、客服回覆截圖（遮個資）。","衛福部中藥許可證：衛署成製015614；類別：乙類成藥；劑型：油膏劑。","退換貨、付款、客服、出貨、價格、通路與任何見證內容，發布前須由人工確認。","NO_LINE_API_CALL_NO_AUTO_PUBLISH_REVIEW_QUEUE_ONLY","","","","2026-08-22"
"LINE_DRYRUN_160","LINE160","LINE_OA_LINE160_V2","LINE_OA","2026-09-04","20:00","爬山後腿部按摩提醒","C","中","pending_legal_pharmacist_review","NO","FUTURE_RESCHEDULED_PENDING_HUMAN_REVIEW_ONLY","NEEDS_HUMAN_REVIEW_SAFE_TERM_CHECK","","爬山後腿部按摩提醒","爬山後腿部按摩提醒

運動、搬重物、久站後，身體局部不適時，先休息、觀察，再做保守保養。

這款定位是外用油膏，重點是局部按摩、依標示使用。衛署成製015614，乙類成藥，資料可至衛福部中藥許可證系統查詢。

外用產品請依標示使用；身體不適、症狀持續或惡化時，請諮詢醫師或藥師。
下單前可先私訊索取藥證查詢方式與外盒標示照片。","","圖卡：爬山後腿部按摩提醒 / 藥證可查 / 依標示使用","建議搭配：外盒標示實拍、藥證查詢截圖、產品質地短影片、客服回覆截圖（遮個資）。","衛福部中藥許可證：衛署成製015614；類別：乙類成藥；劑型：油膏劑。","退換貨、付款、客服、出貨、價格、通路與任何見證內容，發布前須由人工確認。","NO_LINE_API_CALL_NO_AUTO_PUBLISH_REVIEW_QUEUE_ONLY","","","","2026-08-22"
"LINE_DRYRUN_161","LINE161","LINE_OA_LINE161_V2","LINE_OA","2026-09-05","12:00","外用膏一次擦多少才剛好","G","低","pending_legal_pharmacist_review","NO","FUTURE_RESCHEDULED_PENDING_HUMAN_REVIEW_ONLY","NEEDS_HUMAN_REVIEW_SAFE_TERM_CHECK","","外用膏一次擦多少才剛好","外用膏一次擦多少才剛好

很多人不是不想保養，是不知道什麼情況該先問清楚。

這款定位是外用油膏，重點是局部按摩、依標示使用。衛署成製015614，乙類成藥，資料可至衛福部中藥許可證系統查詢。

外用產品請依標示使用；身體不適、症狀持續或惡化時，請諮詢醫師或藥師。
下單前可先私訊索取藥證查詢方式與外盒標示照片。","","圖卡：外用膏一次擦多少才剛好 / 藥證可查 / 依標示使用","建議搭配：外盒標示實拍、藥證查詢截圖、產品質地短影片、客服回覆截圖（遮個資）。","衛福部中藥許可證：衛署成製015614；類別：乙類成藥；劑型：油膏劑。","退換貨、付款、客服、出貨、價格、通路與任何見證內容，發布前須由人工確認。","NO_LINE_API_CALL_NO_AUTO_PUBLISH_REVIEW_QUEUE_ONLY","","","","2026-08-23"
"LINE_DRYRUN_162","LINE162","LINE_OA_LINE162_V2","LINE_OA","2026-09-05","20:00","散步後的膝周保養","D","中","pending_legal_pharmacist_review","NO","FUTURE_RESCHEDULED_PENDING_HUMAN_REVIEW_ONLY","NEEDS_HUMAN_REVIEW_SAFE_TERM_CHECK","","散步後的膝周保養","散步後的膝周保養

幫長輩準備外用產品時，最重要的是安全、清楚、不要亂用。

這款定位是外用油膏，重點是局部按摩、依標示使用。衛署成製015614，乙類成藥，資料可至衛福部中藥許可證系統查詢。

外用產品請依標示使用；身體不適、症狀持續或惡化時，請諮詢醫師或藥師。
下單前可先私訊索取藥證查詢方式與外盒標示照片。","","圖卡：散步後的膝周保養 / 藥證可查 / 依標示使用","建議搭配：外盒標示實拍、藥證查詢截圖、產品質地短影片、客服回覆截圖（遮個資）。","衛福部中藥許可證：衛署成製015614；類別：乙類成藥；劑型：油膏劑。","退換貨、付款、客服、出貨、價格、通路與任何見證內容，發布前須由人工確認。","NO_LINE_API_CALL_NO_AUTO_PUBLISH_REVIEW_QUEUE_ONLY","","","","2026-08-23"
"LINE_DRYRUN_163","LINE163","LINE_OA_LINE163_V2","LINE_OA","2026-09-06","12:00","午休前的肩頸放鬆流程","B","低","pending_legal_pharmacist_review","NO","FUTURE_RESCHEDULED_PENDING_HUMAN_REVIEW_ONLY","NEEDS_HUMAN_REVIEW_SAFE_TERM_CHECK","","午休前的肩頸放鬆流程","午休前的肩頸放鬆流程

久坐、低頭、開會一整天後，肩頸常會提醒你該放鬆一下。

這款定位是外用油膏，重點是局部按摩、依標示使用。衛署成製015614，乙類成藥，資料可至衛福部中藥許可證系統查詢。

外用產品請依標示使用；身體不適、症狀持續或惡化時，請諮詢醫師或藥師。
下單前可先私訊索取藥證查詢方式與外盒標示照片。","","圖卡：午休前的肩頸放鬆流程 / 藥證可查 / 依標示使用","建議搭配：外盒標示實拍、藥證查詢截圖、產品質地短影片、客服回覆截圖（遮個資）。","衛福部中藥許可證：衛署成製015614；類別：乙類成藥；劑型：油膏劑。","退換貨、付款、客服、出貨、價格、通路與任何見證內容，發布前須由人工確認。","NO_LINE_API_CALL_NO_AUTO_PUBLISH_REVIEW_QUEUE_ONLY","","","","2026-08-24"
"LINE_DRYRUN_164","LINE164","LINE_OA_LINE164_V2","LINE_OA","2026-09-06","20:00","油膏劑為什麼適合局部按摩","A","中","pending_legal_pharmacist_review","NO","FUTURE_RESCHEDULED_PENDING_HUMAN_REVIEW_ONLY","NEEDS_HUMAN_REVIEW_SAFE_TERM_CHECK","","油膏劑為什麼適合局部按摩","油膏劑為什麼適合局部按摩

下單前，先看得懂標示與成分，比聽誇張話術更安心。

這款定位是外用油膏，重點是局部按摩、依標示使用。衛署成製015614，乙類成藥，資料可至衛福部中藥許可證系統查詢。

外用產品請依標示使用；身體不適、症狀持續或惡化時，請諮詢醫師或藥師。
下單前可先私訊索取藥證查詢方式與外盒標示照片。","","圖卡：油膏劑為什麼適合局部按摩 / 藥證可查 / 依標示使用","建議搭配：外盒標示實拍、藥證查詢截圖、產品質地短影片、客服回覆截圖（遮個資）。","衛福部中藥許可證：衛署成製015614；類別：乙類成藥；劑型：油膏劑。","退換貨、付款、客服、出貨、價格、通路與任何見證內容，發布前須由人工確認。","NO_LINE_API_CALL_NO_AUTO_PUBLISH_REVIEW_QUEUE_ONLY","","","","2026-08-24"
"LINE_DRYRUN_165","LINE165","LINE_OA_LINE165_V2","LINE_OA","2026-09-07","12:00","大暑午後少久站硬撐","F","低","pending_legal_pharmacist_review","NO","FUTURE_RESCHEDULED_PENDING_HUMAN_REVIEW_ONLY","NEEDS_HUMAN_REVIEW_SAFE_TERM_CHECK","","大暑午後少久站硬撐","大暑午後少久站硬撐

換季時，身體保養不需要複雜，穩定的小習慣比較長久。

這款定位是外用油膏，重點是局部按摩、依標示使用。衛署成製015614，乙類成藥，資料可至衛福部中藥許可證系統查詢。

外用產品請依標示使用；身體不適、症狀持續或惡化時，請諮詢醫師或藥師。
下單前可先私訊索取藥證查詢方式與外盒標示照片。","","圖卡：大暑午後少久站硬撐 / 藥證可查 / 依標示使用","建議搭配：外盒標示實拍、藥證查詢截圖、產品質地短影片、客服回覆截圖（遮個資）。","衛福部中藥許可證：衛署成製015614；類別：乙類成藥；劑型：油膏劑。","退換貨、付款、客服、出貨、價格、通路與任何見證內容，發布前須由人工確認。","NO_LINE_API_CALL_NO_AUTO_PUBLISH_REVIEW_QUEUE_ONLY","","","","2026-08-25"
"LINE_DRYRUN_166","LINE166","LINE_OA_LINE166_V2","LINE_OA","2026-09-07","20:00","不要密封包紮或大面積厚敷","E","高","pending_legal_pharmacist_review","NO","FUTURE_RESCHEDULED_PENDING_HUMAN_REVIEW_ONLY","NEEDS_HUMAN_REVIEW_SAFE_TERM_CHECK","","不要密封包紮或大面積厚敷","不要密封包紮或大面積厚敷

外用產品不是擦越多越好，用對位置、避開風險才安心。

這款定位是外用油膏，重點是局部按摩、依標示使用。衛署成製015614，乙類成藥，資料可至衛福部中藥許可證系統查詢。

外用產品請依標示使用；身體不適、症狀持續或惡化時，請諮詢醫師或藥師。
下單前可先私訊索取藥證查詢方式與外盒標示照片。","","圖卡：不要密封包紮或大面積厚敷 / 藥證可查 / 依標示使用","建議搭配：外盒標示實拍、藥證查詢截圖、產品質地短影片、客服回覆截圖（遮個資）。","衛福部中藥許可證：衛署成製015614；類別：乙類成藥；劑型：油膏劑。","退換貨、付款、客服、出貨、價格、通路與任何見證內容，發布前須由人工確認。","NO_LINE_API_CALL_NO_AUTO_PUBLISH_REVIEW_QUEUE_ONLY","","","","2026-08-25"
"LINE_DRYRUN_167","LINE167","LINE_OA_LINE167_V2","LINE_OA","2026-09-08","12:00","藥證可查代表什麼","H","中","pending_legal_pharmacist_review","NO","FUTURE_RESCHEDULED_PENDING_HUMAN_REVIEW_ONLY","NEEDS_HUMAN_REVIEW_SAFE_TERM_CHECK","","藥證可查代表什麼","藥證可查代表什麼

我們寧願把資料講清楚，也不想用誇大的話讓你衝動購買。

這款定位是外用油膏，重點是局部按摩、依標示使用。衛署成製015614，乙類成藥，資料可至衛福部中藥許可證系統查詢。

外用產品請依標示使用；身體不適、症狀持續或惡化時，請諮詢醫師或藥師。
下單前可先私訊索取藥證查詢方式與外盒標示照片。","","圖卡：藥證可查代表什麼 / 藥證可查 / 依標示使用","建議搭配：外盒標示實拍、藥證查詢截圖、產品質地短影片、客服回覆截圖（遮個資）。","衛福部中藥許可證：衛署成製015614；類別：乙類成藥；劑型：油膏劑。","退換貨、付款、客服、出貨、價格、通路與任何見證內容，發布前須由人工確認。","NO_LINE_API_CALL_NO_AUTO_PUBLISH_REVIEW_QUEUE_ONLY","","","","2026-08-26"
"LINE_DRYRUN_168","LINE168","LINE_OA_LINE168_V2","LINE_OA","2026-09-08","20:00","涼感越強越有效嗎","G","低","pending_legal_pharmacist_review","NO","FUTURE_RESCHEDULED_PENDING_HUMAN_REVIEW_ONLY","NEEDS_HUMAN_REVIEW_SAFE_TERM_CHECK","","涼感越強越有效嗎","涼感越強越有效嗎

很多人不是不想保養，是不知道什麼情況該先問清楚。

這款定位是外用油膏，重點是局部按摩、依標示使用。衛署成製015614，乙類成藥，資料可至衛福部中藥許可證系統查詢。

外用產品請依標示使用；身體不適、症狀持續或惡化時，請諮詢醫師或藥師。
下單前可先私訊索取藥證查詢方式與外盒標示照片。","","圖卡：涼感越強越有效嗎 / 藥證可查 / 依標示使用","建議搭配：外盒標示實拍、藥證查詢截圖、產品質地短影片、客服回覆截圖（遮個資）。","衛福部中藥許可證：衛署成製015614；類別：乙類成藥；劑型：油膏劑。","退換貨、付款、客服、出貨、價格、通路與任何見證內容，發布前須由人工確認。","NO_LINE_API_CALL_NO_AUTO_PUBLISH_REVIEW_QUEUE_ONLY","","","","2026-08-26"
"LINE_DRYRUN_169","LINE169","LINE_OA_LINE169_V2","LINE_OA","2026-09-09","12:00","重訓後肩背局部舒緩","C","中","pending_legal_pharmacist_review","NO","FUTURE_RESCHEDULED_PENDING_HUMAN_REVIEW_ONLY","PASS_DRY_RUN_PENDING_HUMAN_REVIEW","","重訓後肩背局部舒緩","重訓後肩背局部舒緩

運動、搬重物、久站後，身體局部不適時，先休息、觀察，再做保守保養。

這款定位是外用油膏，重點是局部按摩、依標示使用。衛署成製015614，乙類成藥，資料可至衛福部中藥許可證系統查詢。

外用產品請依標示使用；身體不適、症狀持續或惡化時，請諮詢醫師或藥師。
下單前可先私訊索取藥證查詢方式與外盒標示照片。","","圖卡：重訓後肩背局部舒緩 / 藥證可查 / 依標示使用","建議搭配：外盒標示實拍、藥證查詢截圖、產品質地短影片、客服回覆截圖（遮個資）。","衛福部中藥許可證：衛署成製015614；類別：乙類成藥；劑型：油膏劑。","退換貨、付款、客服、出貨、價格、通路與任何見證內容，發布前須由人工確認。","NO_LINE_API_CALL_NO_AUTO_PUBLISH_REVIEW_QUEUE_ONLY","","","","2026-08-27"
"LINE_DRYRUN_170","LINE170","LINE_OA_LINE170_V2","LINE_OA","2026-09-09","20:00","乙類成藥與一般保健品差異","A","中","pending_legal_pharmacist_review","NO","FUTURE_RESCHEDULED_PENDING_HUMAN_REVIEW_ONLY","NEEDS_HUMAN_REVIEW_SAFE_TERM_CHECK","","乙類成藥與一般保健品差異","乙類成藥與一般保健品差異

下單前，先看得懂標示與成分，比聽誇張話術更安心。

這款定位是外用油膏，重點是局部按摩、依標示使用。衛署成製015614，乙類成藥，資料可至衛福部中藥許可證系統查詢。

外用產品請依標示使用；身體不適、症狀持續或惡化時，請諮詢醫師或藥師。
下單前可先私訊索取藥證查詢方式與外盒標示照片。","","圖卡：乙類成藥與一般保健品差異 / 藥證可查 / 依標示使用","建議搭配：外盒標示實拍、藥證查詢截圖、產品質地短影片、客服回覆截圖（遮個資）。","衛福部中藥許可證：衛署成製015614；類別：乙類成藥；劑型：油膏劑。","退換貨、付款、客服、出貨、價格、通路與任何見證內容，發布前須由人工確認。","NO_LINE_API_CALL_NO_AUTO_PUBLISH_REVIEW_QUEUE_ONLY","","","","2026-08-27"
"LINE_DRYRUN_171","LINE171","LINE_OA_LINE171_V2","LINE_OA","2026-09-10","12:00","天氣變化時的活動舒適感","D","中","pending_legal_pharmacist_review","NO","FUTURE_RESCHEDULED_PENDING_HUMAN_REVIEW_ONLY","NEEDS_HUMAN_REVIEW_SAFE_TERM_CHECK","","天氣變化時的活動舒適感","天氣變化時的活動舒適感

幫長輩準備外用產品時，最重要的是安全、清楚、不要亂用。

這款定位是外用油膏，重點是局部按摩、依標示使用。衛署成製015614，乙類成藥，資料可至衛福部中藥許可證系統查詢。

外用產品請依標示使用；身體不適、症狀持續或惡化時，請諮詢醫師或藥師。
下單前可先私訊索取藥證查詢方式與外盒標示照片。","","圖卡：天氣變化時的活動舒適感 / 藥證可查 / 依標示使用","建議搭配：外盒標示實拍、藥證查詢截圖、產品質地短影片、客服回覆截圖（遮個資）。","衛福部中藥許可證：衛署成製015614；類別：乙類成藥；劑型：油膏劑。","退換貨、付款、客服、出貨、價格、通路與任何見證內容，發布前須由人工確認。","NO_LINE_API_CALL_NO_AUTO_PUBLISH_REVIEW_QUEUE_ONLY","","","","2026-08-28"
"LINE_DRYRUN_172","LINE172","LINE_OA_LINE172_V2","LINE_OA","2026-09-10","20:00","水楊酸或阿斯匹靈過敏者注意","E","高","pending_legal_pharmacist_review","NO","FUTURE_RESCHEDULED_PENDING_HUMAN_REVIEW_ONLY","NEEDS_HUMAN_REVIEW_SAFE_TERM_CHECK","","水楊酸或阿斯匹靈過敏者注意","水楊酸或阿斯匹靈過敏者注意

外用產品不是擦越多越好，用對位置、避開風險才安心。

這款定位是外用油膏，重點是局部按摩、依標示使用。衛署成製015614，乙類成藥，資料可至衛福部中藥許可證系統查詢。

外用產品請依標示使用；身體不適、症狀持續或惡化時，請諮詢醫師或藥師。
下單前可先私訊索取藥證查詢方式與外盒標示照片。","","圖卡：水楊酸或阿斯匹靈過敏者注意 / 藥證可查 / 依標示使用","建議搭配：外盒標示實拍、藥證查詢截圖、產品質地短影片、客服回覆截圖（遮個資）。","衛福部中藥許可證：衛署成製015614；類別：乙類成藥；劑型：油膏劑。","退換貨、付款、客服、出貨、價格、通路與任何見證內容，發布前須由人工確認。","NO_LINE_API_CALL_NO_AUTO_PUBLISH_REVIEW_QUEUE_ONLY","","","","2026-08-28"
"LINE_DRYRUN_173","LINE173","LINE_OA_LINE173_V2","LINE_OA","2026-09-11","12:00","立秋後早晚溫差保養","F","低","pending_legal_pharmacist_review","NO","FUTURE_RESCHEDULED_PENDING_HUMAN_REVIEW_ONLY","NEEDS_HUMAN_REVIEW_SAFE_TERM_CHECK","","立秋後早晚溫差保養","立秋後早晚溫差保養

換季時，身體保養不需要複雜，穩定的小習慣比較長久。

這款定位是外用油膏，重點是局部按摩、依標示使用。衛署成製015614，乙類成藥，資料可至衛福部中藥許可證系統查詢。

外用產品請依標示使用；身體不適、症狀持續或惡化時，請諮詢醫師或藥師。
下單前可先私訊索取藥證查詢方式與外盒標示照片。","","圖卡：立秋後早晚溫差保養 / 藥證可查 / 依標示使用","建議搭配：外盒標示實拍、藥證查詢截圖、產品質地短影片、客服回覆截圖（遮個資）。","衛福部中藥許可證：衛署成製015614；類別：乙類成藥；劑型：油膏劑。","退換貨、付款、客服、出貨、價格、通路與任何見證內容，發布前須由人工確認。","NO_LINE_API_CALL_NO_AUTO_PUBLISH_REVIEW_QUEUE_ONLY","","","","2026-08-29"
"LINE_DRYRUN_174","LINE174","LINE_OA_LINE174_V2","LINE_OA","2026-09-11","20:00","家事後手臂不適保養","C","中","pending_legal_pharmacist_review","NO","FUTURE_RESCHEDULED_PENDING_HUMAN_REVIEW_ONLY","NEEDS_HUMAN_REVIEW_SAFE_TERM_CHECK","","家事後手臂不適保養","家事後手臂不適保養

運動、搬重物、久站後，身體局部不適時，先休息、觀察，再做保守保養。

這款定位是外用油膏，重點是局部按摩、依標示使用。衛署成製015614，乙類成藥，資料可至衛福部中藥許可證系統查詢。

外用產品請依標示使用；身體不適、症狀持續或惡化時，請諮詢醫師或藥師。
下單前可先私訊索取藥證查詢方式與外盒標示照片。","","圖卡：家事後手臂不適保養 / 藥證可查 / 依標示使用","建議搭配：外盒標示實拍、藥證查詢截圖、產品質地短影片、客服回覆截圖（遮個資）。","衛福部中藥許可證：衛署成製015614；類別：乙類成藥；劑型：油膏劑。","退換貨、付款、客服、出貨、價格、通路與任何見證內容，發布前須由人工確認。","NO_LINE_API_CALL_NO_AUTO_PUBLISH_REVIEW_QUEUE_ONLY","","","","2026-08-29"
"LINE_DRYRUN_175","LINE175","LINE_OA_LINE175_V2","LINE_OA","2026-09-12","12:00","你有看過外用產品標示嗎","G","低","pending_legal_pharmacist_review","NO","FUTURE_RESCHEDULED_PENDING_HUMAN_REVIEW_ONLY","NEEDS_HUMAN_REVIEW_SAFE_TERM_CHECK","","你有看過外用產品標示嗎","你有看過外用產品標示嗎

很多人不是不想保養，是不知道什麼情況該先問清楚。

這款定位是外用油膏，重點是局部按摩、依標示使用。衛署成製015614，乙類成藥，資料可至衛福部中藥許可證系統查詢。

外用產品請依標示使用；身體不適、症狀持續或惡化時，請諮詢醫師或藥師。
下單前可先私訊索取藥證查詢方式與外盒標示照片。","","圖卡：你有看過外用產品標示嗎 / 藥證可查 / 依標示使用","建議搭配：外盒標示實拍、藥證查詢截圖、產品質地短影片、客服回覆截圖（遮個資）。","衛福部中藥許可證：衛署成製015614；類別：乙類成藥；劑型：油膏劑。","退換貨、付款、客服、出貨、價格、通路與任何見證內容，發布前須由人工確認。","NO_LINE_API_CALL_NO_AUTO_PUBLISH_REVIEW_QUEUE_ONLY","","","","2026-08-30"
"LINE_DRYRUN_176","LINE176","LINE_OA_LINE176_V2","LINE_OA","2026-09-12","20:00","長輩按摩力道不要過重","D","中","pending_legal_pharmacist_review","NO","FUTURE_RESCHEDULED_PENDING_HUMAN_REVIEW_ONLY","NEEDS_HUMAN_REVIEW_SAFE_TERM_CHECK","","長輩按摩力道不要過重","長輩按摩力道不要過重

幫長輩準備外用產品時，最重要的是安全、清楚、不要亂用。

這款定位是外用油膏，重點是局部按摩、依標示使用。衛署成製015614，乙類成藥，資料可至衛福部中藥許可證系統查詢。

外用產品請依標示使用；身體不適、症狀持續或惡化時，請諮詢醫師或藥師。
下單前可先私訊索取藥證查詢方式與外盒標示照片。","","圖卡：長輩按摩力道不要過重 / 藥證可查 / 依標示使用","建議搭配：外盒標示實拍、藥證查詢截圖、產品質地短影片、客服回覆截圖（遮個資）。","衛福部中藥許可證：衛署成製015614；類別：乙類成藥；劑型：油膏劑。","退換貨、付款、客服、出貨、價格、通路與任何見證內容，發布前須由人工確認。","NO_LINE_API_CALL_NO_AUTO_PUBLISH_REVIEW_QUEUE_ONLY","","","","2026-08-30"
"LINE_DRYRUN_177","LINE177","LINE_OA_LINE177_V2","LINE_OA","2026-09-13","12:00","開會久坐後的腰背舒緩","B","低","pending_legal_pharmacist_review","NO","FUTURE_RESCHEDULED_PENDING_HUMAN_REVIEW_ONLY","NEEDS_HUMAN_REVIEW_SAFE_TERM_CHECK","","開會久坐後的腰背舒緩","開會久坐後的腰背舒緩

久坐、低頭、開會一整天後，肩頸常會提醒你該放鬆一下。

這款定位是外用油膏，重點是局部按摩、依標示使用。衛署成製015614，乙類成藥，資料可至衛福部中藥許可證系統查詢。

外用產品請依標示使用；身體不適、症狀持續或惡化時，請諮詢醫師或藥師。
下單前可先私訊索取藥證查詢方式與外盒標示照片。","","圖卡：開會久坐後的腰背舒緩 / 藥證可查 / 依標示使用","建議搭配：外盒標示實拍、藥證查詢截圖、產品質地短影片、客服回覆截圖（遮個資）。","衛福部中藥許可證：衛署成製015614；類別：乙類成藥；劑型：油膏劑。","退換貨、付款、客服、出貨、價格、通路與任何見證內容，發布前須由人工確認。","NO_LINE_API_CALL_NO_AUTO_PUBLISH_REVIEW_QUEUE_ONLY","","","","2026-08-31"
"LINE_DRYRUN_178","LINE178","LINE_OA_LINE178_V2","LINE_OA","2026-09-13","20:00","一條根外用膏的日常定位","A","中","pending_legal_pharmacist_review","NO","FUTURE_RESCHEDULED_PENDING_HUMAN_REVIEW_ONLY","NEEDS_HUMAN_REVIEW_SAFE_TERM_CHECK","","一條根外用膏的日常定位","一條根外用膏的日常定位

下單前，先看得懂標示與成分，比聽誇張話術更安心。

這款定位是外用油膏，重點是局部按摩、依標示使用。衛署成製015614，乙類成藥，資料可至衛福部中藥許可證系統查詢。

外用產品請依標示使用；身體不適、症狀持續或惡化時，請諮詢醫師或藥師。
下單前可先私訊索取藥證查詢方式與外盒標示照片。","","圖卡：一條根外用膏的日常定位 / 藥證可查 / 依標示使用","建議搭配：外盒標示實拍、藥證查詢截圖、產品質地短影片、客服回覆截圖（遮個資）。","衛福部中藥許可證：衛署成製015614；類別：乙類成藥；劑型：油膏劑。","退換貨、付款、客服、出貨、價格、通路與任何見證內容，發布前須由人工確認。","NO_LINE_API_CALL_NO_AUTO_PUBLISH_REVIEW_QUEUE_ONLY","","","","2026-08-31"
"LINE_DRYRUN_179","LINE179","LINE_OA_LINE179_V2","LINE_OA","2026-09-14","12:00","處暑後運動暖身提醒","F","低","pending_legal_pharmacist_review","NO","FUTURE_RESCHEDULED_PENDING_HUMAN_REVIEW_ONLY","NEEDS_HUMAN_REVIEW_SAFE_TERM_CHECK","","處暑後運動暖身提醒","處暑後運動暖身提醒

換季時，身體保養不需要複雜，穩定的小習慣比較長久。

這款定位是外用油膏，重點是局部按摩、依標示使用。衛署成製015614，乙類成藥，資料可至衛福部中藥許可證系統查詢。

外用產品請依標示使用；身體不適、症狀持續或惡化時，請諮詢醫師或藥師。
下單前可先私訊索取藥證查詢方式與外盒標示照片。","","圖卡：處暑後運動暖身提醒 / 藥證可查 / 依標示使用","建議搭配：外盒標示實拍、藥證查詢截圖、產品質地短影片、客服回覆截圖（遮個資）。","衛福部中藥許可證：衛署成製015614；類別：乙類成藥；劑型：油膏劑。","退換貨、付款、客服、出貨、價格、通路與任何見證內容，發布前須由人工確認。","NO_LINE_API_CALL_NO_AUTO_PUBLISH_REVIEW_QUEUE_ONLY","","","","2026-09-01"
"LINE_DRYRUN_180","LINE180","LINE_OA_LINE180_V2","LINE_OA","2026-09-14","20:00","兒童使用前的安全提醒","E","高","pending_legal_pharmacist_review","NO","FUTURE_RESCHEDULED_PENDING_HUMAN_REVIEW_ONLY","NEEDS_HUMAN_REVIEW_SAFE_TERM_CHECK","","兒童使用前的安全提醒","兒童使用前的安全提醒

外用產品不是擦越多越好，用對位置、避開風險才安心。

這款定位是外用油膏，重點是局部按摩、依標示使用。衛署成製015614，乙類成藥，資料可至衛福部中藥許可證系統查詢。

外用產品請依標示使用；身體不適、症狀持續或惡化時，請諮詢醫師或藥師。
下單前可先私訊索取藥證查詢方式與外盒標示照片。","","圖卡：兒童使用前的安全提醒 / 藥證可查 / 依標示使用","建議搭配：外盒標示實拍、藥證查詢截圖、產品質地短影片、客服回覆截圖（遮個資）。","衛福部中藥許可證：衛署成製015614；類別：乙類成藥；劑型：油膏劑。","退換貨、付款、客服、出貨、價格、通路與任何見證內容，發布前須由人工確認。","NO_LINE_API_CALL_NO_AUTO_PUBLISH_REVIEW_QUEUE_ONLY","","","","2026-09-01"
"LINE_DRYRUN_181","LINE181","LINE_OA_LINE181_V2","LINE_OA","2026-09-15","12:00","外用膏廣告為什麼要保守","H","中","pending_legal_pharmacist_review","NO","FUTURE_RESCHEDULED_PENDING_HUMAN_REVIEW_ONLY","NEEDS_HUMAN_REVIEW_SAFE_TERM_CHECK","","外用膏廣告為什麼要保守","外用膏廣告為什麼要保守

我們寧願把資料講清楚，也不想用誇大的話讓你衝動購買。

這款定位是外用油膏，重點是局部按摩、依標示使用。衛署成製015614，乙類成藥，資料可至衛福部中藥許可證系統查詢。

外用產品請依標示使用；身體不適、症狀持續或惡化時，請諮詢醫師或藥師。
下單前可先私訊索取藥證查詢方式與外盒標示照片。","","圖卡：外用膏廣告為什麼要保守 / 藥證可查 / 依標示使用","建議搭配：外盒標示實拍、藥證查詢截圖、產品質地短影片、客服回覆截圖（遮個資）。","衛福部中藥許可證：衛署成製015614；類別：乙類成藥；劑型：油膏劑。","退換貨、付款、客服、出貨、價格、通路與任何見證內容，發布前須由人工確認。","NO_LINE_API_CALL_NO_AUTO_PUBLISH_REVIEW_QUEUE_ONLY","","","","2026-09-02"
"LINE_DRYRUN_182","LINE182","LINE_OA_LINE182_V2","LINE_OA","2026-09-15","20:00","久坐族最想舒緩哪裡","G","低","pending_legal_pharmacist_review","NO","FUTURE_RESCHEDULED_PENDING_HUMAN_REVIEW_ONLY","NEEDS_HUMAN_REVIEW_SAFE_TERM_CHECK","","久坐族最想舒緩哪裡","久坐族最想舒緩哪裡

很多人不是不想保養，是不知道什麼情況該先問清楚。

這款定位是外用油膏，重點是局部按摩、依標示使用。衛署成製015614，乙類成藥，資料可至衛福部中藥許可證系統查詢。

外用產品請依標示使用；身體不適、症狀持續或惡化時，請諮詢醫師或藥師。
下單前可先私訊索取藥證查詢方式與外盒標示照片。","","圖卡：久坐族最想舒緩哪裡 / 藥證可查 / 依標示使用","建議搭配：外盒標示實拍、藥證查詢截圖、產品質地短影片、客服回覆截圖（遮個資）。","衛福部中藥許可證：衛署成製015614；類別：乙類成藥；劑型：油膏劑。","退換貨、付款、客服、出貨、價格、通路與任何見證內容，發布前須由人工確認。","NO_LINE_API_CALL_NO_AUTO_PUBLISH_REVIEW_QUEUE_ONLY","","","","2026-09-02"
"LINE_DRYRUN_183","LINE183","LINE_OA_LINE183_V2","LINE_OA","2026-09-16","12:00","跑步後膝周不適的保守提醒","C","中","pending_legal_pharmacist_review","NO","FUTURE_RESCHEDULED_PENDING_HUMAN_REVIEW_ONLY","NEEDS_HUMAN_REVIEW_SAFE_TERM_CHECK","","跑步後膝周不適的保守提醒","跑步後膝周不適的保守提醒

運動、搬重物、久站後，身體局部不適時，先休息、觀察，再做保守保養。

這款定位是外用油膏，重點是局部按摩、依標示使用。衛署成製015614，乙類成藥，資料可至衛福部中藥許可證系統查詢。

外用產品請依標示使用；身體不適、症狀持續或惡化時，請諮詢醫師或藥師。
下單前可先私訊索取藥證查詢方式與外盒標示照片。","","圖卡：跑步後膝周不適的保守提醒 / 藥證可查 / 依標示使用","建議搭配：外盒標示實拍、藥證查詢截圖、產品質地短影片、客服回覆截圖（遮個資）。","衛福部中藥許可證：衛署成製015614；類別：乙類成藥；劑型：油膏劑。","退換貨、付款、客服、出貨、價格、通路與任何見證內容，發布前須由人工確認。","NO_LINE_API_CALL_NO_AUTO_PUBLISH_REVIEW_QUEUE_ONLY","","","","2026-09-03"
"LINE_DRYRUN_184","LINE184","LINE_OA_LINE184_V2","LINE_OA","2026-09-16","20:00","成分濃度為什麼要看標示","A","中","pending_legal_pharmacist_review","NO","FUTURE_RESCHEDULED_PENDING_HUMAN_REVIEW_ONLY","NEEDS_HUMAN_REVIEW_SAFE_TERM_CHECK","","成分濃度為什麼要看標示","成分濃度為什麼要看標示

下單前，先看得懂標示與成分，比聽誇張話術更安心。

這款定位是外用油膏，重點是局部按摩、依標示使用。衛署成製015614，乙類成藥，資料可至衛福部中藥許可證系統查詢。

外用產品請依標示使用；身體不適、症狀持續或惡化時，請諮詢醫師或藥師。
下單前可先私訊索取藥證查詢方式與外盒標示照片。","","圖卡：成分濃度為什麼要看標示 / 藥證可查 / 依標示使用","建議搭配：外盒標示實拍、藥證查詢截圖、產品質地短影片、客服回覆截圖（遮個資）。","衛福部中藥許可證：衛署成製015614；類別：乙類成藥；劑型：油膏劑。","退換貨、付款、客服、出貨、價格、通路與任何見證內容，發布前須由人工確認。","NO_LINE_API_CALL_NO_AUTO_PUBLISH_REVIEW_QUEUE_ONLY","","","","2026-09-03"
"LINE_DRYRUN_185","LINE185","LINE_OA_LINE185_V2","LINE_OA","2026-09-17","12:00","照顧爸媽時的外用提醒","D","中","pending_legal_pharmacist_review","NO","FUTURE_RESCHEDULED_PENDING_HUMAN_REVIEW_ONLY","NEEDS_HUMAN_REVIEW_SAFE_TERM_CHECK","","照顧爸媽時的外用提醒","照顧爸媽時的外用提醒

幫長輩準備外用產品時，最重要的是安全、清楚、不要亂用。

這款定位是外用油膏，重點是局部按摩、依標示使用。衛署成製015614，乙類成藥，資料可至衛福部中藥許可證系統查詢。

外用產品請依標示使用；身體不適、症狀持續或惡化時，請諮詢醫師或藥師。
下單前可先私訊索取藥證查詢方式與外盒標示照片。","","圖卡：照顧爸媽時的外用提醒 / 藥證可查 / 依標示使用","建議搭配：外盒標示實拍、藥證查詢截圖、產品質地短影片、客服回覆截圖（遮個資）。","衛福部中藥許可證：衛署成製015614；類別：乙類成藥；劑型：油膏劑。","退換貨、付款、客服、出貨、價格、通路與任何見證內容，發布前須由人工確認。","NO_LINE_API_CALL_NO_AUTO_PUBLISH_REVIEW_QUEUE_ONLY","","","","2026-09-04"
"LINE_DRYRUN_186","LINE186","LINE_OA_LINE186_V2","LINE_OA","2026-09-17","20:00","孕婦與哺乳族群先詢問專業人員","E","高","pending_legal_pharmacist_review","NO","FUTURE_RESCHEDULED_PENDING_HUMAN_REVIEW_ONLY","NEEDS_HUMAN_REVIEW_SAFE_TERM_CHECK","","孕婦與哺乳族群先詢問專業人員","孕婦與哺乳族群先詢問專業人員

外用產品不是擦越多越好，用對位置、避開風險才安心。

這款定位是外用油膏，重點是局部按摩、依標示使用。衛署成製015614，乙類成藥，資料可至衛福部中藥許可證系統查詢。

外用產品請依標示使用；身體不適、症狀持續或惡化時，請諮詢醫師或藥師。
下單前可先私訊索取藥證查詢方式與外盒標示照片。","","圖卡：孕婦與哺乳族群先詢問專業人員 / 藥證可查 / 依標示使用","建議搭配：外盒標示實拍、藥證查詢截圖、產品質地短影片、客服回覆截圖（遮個資）。","衛福部中藥許可證：衛署成製015614；類別：乙類成藥；劑型：油膏劑。","退換貨、付款、客服、出貨、價格、通路與任何見證內容，發布前須由人工確認。","NO_LINE_API_CALL_NO_AUTO_PUBLISH_REVIEW_QUEUE_ONLY","","","","2026-09-04"
"LINE_DRYRUN_187","LINE187","LINE_OA_LINE187_V2","LINE_OA","2026-09-18","12:00","白露時節關心長輩活動","F","低","pending_legal_pharmacist_review","NO","FUTURE_RESCHEDULED_PENDING_HUMAN_REVIEW_ONLY","NEEDS_HUMAN_REVIEW_SAFE_TERM_CHECK","","白露時節關心長輩活動","白露時節關心長輩活動

換季時，身體保養不需要複雜，穩定的小習慣比較長久。

這款定位是外用油膏，重點是局部按摩、依標示使用。衛署成製015614，乙類成藥，資料可至衛福部中藥許可證系統查詢。

外用產品請依標示使用；身體不適、症狀持續或惡化時，請諮詢醫師或藥師。
下單前可先私訊索取藥證查詢方式與外盒標示照片。","","圖卡：白露時節關心長輩活動 / 藥證可查 / 依標示使用","建議搭配：外盒標示實拍、藥證查詢截圖、產品質地短影片、客服回覆截圖（遮個資）。","衛福部中藥許可證：衛署成製015614；類別：乙類成藥；劑型：油膏劑。","退換貨、付款、客服、出貨、價格、通路與任何見證內容，發布前須由人工確認。","NO_LINE_API_CALL_NO_AUTO_PUBLISH_REVIEW_QUEUE_ONLY","","","","2026-09-05"
"LINE_DRYRUN_188","LINE188","LINE_OA_LINE188_V2","LINE_OA","2026-09-18","20:00","勞動後先休息再按摩","C","中","pending_legal_pharmacist_review","NO","FUTURE_RESCHEDULED_PENDING_HUMAN_REVIEW_ONLY","NEEDS_HUMAN_REVIEW_SAFE_TERM_CHECK","","勞動後先休息再按摩","勞動後先休息再按摩

運動、搬重物、久站後，身體局部不適時，先休息、觀察，再做保守保養。

這款定位是外用油膏，重點是局部按摩、依標示使用。衛署成製015614，乙類成藥，資料可至衛福部中藥許可證系統查詢。

外用產品請依標示使用；身體不適、症狀持續或惡化時，請諮詢醫師或藥師。
下單前可先私訊索取藥證查詢方式與外盒標示照片。","","圖卡：勞動後先休息再按摩 / 藥證可查 / 依標示使用","建議搭配：外盒標示實拍、藥證查詢截圖、產品質地短影片、客服回覆截圖（遮個資）。","衛福部中藥許可證：衛署成製015614；類別：乙類成藥；劑型：油膏劑。","退換貨、付款、客服、出貨、價格、通路與任何見證內容，發布前須由人工確認。","NO_LINE_API_CALL_NO_AUTO_PUBLISH_REVIEW_QUEUE_ONLY","","","","2026-09-05"
"LINE_DRYRUN_189","LINE189","LINE_OA_LINE189_V2","LINE_OA","2026-09-19","12:00","長輩使用外用膏你會提醒什麼","G","低","pending_legal_pharmacist_review","NO","FUTURE_RESCHEDULED_PENDING_HUMAN_REVIEW_ONLY","NEEDS_HUMAN_REVIEW_SAFE_TERM_CHECK","","長輩使用外用膏你會提醒什麼","長輩使用外用膏你會提醒什麼

很多人不是不想保養，是不知道什麼情況該先問清楚。

這款定位是外用油膏，重點是局部按摩、依標示使用。衛署成製015614，乙類成藥，資料可至衛福部中藥許可證系統查詢。

外用產品請依標示使用；身體不適、症狀持續或惡化時，請諮詢醫師或藥師。
下單前可先私訊索取藥證查詢方式與外盒標示照片。","","圖卡：長輩使用外用膏你會提醒什麼 / 藥證可查 / 依標示使用","建議搭配：外盒標示實拍、藥證查詢截圖、產品質地短影片、客服回覆截圖（遮個資）。","衛福部中藥許可證：衛署成製015614；類別：乙類成藥；劑型：油膏劑。","退換貨、付款、客服、出貨、價格、通路與任何見證內容，發布前須由人工確認。","NO_LINE_API_CALL_NO_AUTO_PUBLISH_REVIEW_QUEUE_ONLY","","","","2026-09-06"
"LINE_DRYRUN_190","LINE190","LINE_OA_LINE190_V2","LINE_OA","2026-09-19","20:00","日常活動舒適度的三個習慣","D","中","pending_legal_pharmacist_review","NO","FUTURE_RESCHEDULED_PENDING_HUMAN_REVIEW_ONLY","NEEDS_HUMAN_REVIEW_SAFE_TERM_CHECK","","日常活動舒適度的三個習慣","日常活動舒適度的三個習慣

幫長輩準備外用產品時，最重要的是安全、清楚、不要亂用。

這款定位是外用油膏，重點是局部按摩、依標示使用。衛署成製015614，乙類成藥，資料可至衛福部中藥許可證系統查詢。

外用產品請依標示使用；身體不適、症狀持續或惡化時，請諮詢醫師或藥師。
下單前可先私訊索取藥證查詢方式與外盒標示照片。","","圖卡：日常活動舒適度的三個習慣 / 藥證可查 / 依標示使用","建議搭配：外盒標示實拍、藥證查詢截圖、產品質地短影片、客服回覆截圖（遮個資）。","衛福部中藥許可證：衛署成製015614；類別：乙類成藥；劑型：油膏劑。","退換貨、付款、客服、出貨、價格、通路與任何見證內容，發布前須由人工確認。","NO_LINE_API_CALL_NO_AUTO_PUBLISH_REVIEW_QUEUE_ONLY","","","","2026-09-06"
"LINE_DRYRUN_191","LINE191","LINE_OA_LINE191_V2","LINE_OA","2026-09-20","12:00","下班前五分鐘伸展","B","低","pending_legal_pharmacist_review","NO","FUTURE_RESCHEDULED_PENDING_HUMAN_REVIEW_ONLY","NEEDS_HUMAN_REVIEW_SAFE_TERM_CHECK","","下班前五分鐘伸展","下班前五分鐘伸展

久坐、低頭、開會一整天後，肩頸常會提醒你該放鬆一下。

這款定位是外用油膏，重點是局部按摩、依標示使用。衛署成製015614，乙類成藥，資料可至衛福部中藥許可證系統查詢。

外用產品請依標示使用；身體不適、症狀持續或惡化時，請諮詢醫師或藥師。
下單前可先私訊索取藥證查詢方式與外盒標示照片。","","圖卡：下班前五分鐘伸展 / 藥證可查 / 依標示使用","建議搭配：外盒標示實拍、藥證查詢截圖、產品質地短影片、客服回覆截圖（遮個資）。","衛福部中藥許可證：衛署成製015614；類別：乙類成藥；劑型：油膏劑。","退換貨、付款、客服、出貨、價格、通路與任何見證內容，發布前須由人工確認。","NO_LINE_API_CALL_NO_AUTO_PUBLISH_REVIEW_QUEUE_ONLY","","","","2026-09-07"
"LINE_DRYRUN_192","LINE192","LINE_OA_LINE192_V2","LINE_OA","2026-09-20","20:00","局部按摩和大面積厚敷的差別","A","中","pending_legal_pharmacist_review","NO","FUTURE_RESCHEDULED_PENDING_HUMAN_REVIEW_ONLY","NEEDS_HUMAN_REVIEW_SAFE_TERM_CHECK","","局部按摩和大面積厚敷的差別","局部按摩和大面積厚敷的差別

下單前，先看得懂標示與成分，比聽誇張話術更安心。

這款定位是外用油膏，重點是局部按摩、依標示使用。衛署成製015614，乙類成藥，資料可至衛福部中藥許可證系統查詢。

外用產品請依標示使用；身體不適、症狀持續或惡化時，請諮詢醫師或藥師。
下單前可先私訊索取藥證查詢方式與外盒標示照片。","","圖卡：局部按摩和大面積厚敷的差別 / 藥證可查 / 依標示使用","建議搭配：外盒標示實拍、藥證查詢截圖、產品質地短影片、客服回覆截圖（遮個資）。","衛福部中藥許可證：衛署成製015614；類別：乙類成藥；劑型：油膏劑。","退換貨、付款、客服、出貨、價格、通路與任何見證內容，發布前須由人工確認。","NO_LINE_API_CALL_NO_AUTO_PUBLISH_REVIEW_QUEUE_ONLY","","","","2026-09-07"
"LINE_DRYRUN_193","LINE193","LINE_OA_LINE193_V2","LINE_OA","2026-09-21","12:00","秋分後外出前暖身","F","低","pending_legal_pharmacist_review","NO","FUTURE_RESCHEDULED_PENDING_HUMAN_REVIEW_ONLY","NEEDS_HUMAN_REVIEW_SAFE_TERM_CHECK","","秋分後外出前暖身","秋分後外出前暖身

換季時，身體保養不需要複雜，穩定的小習慣比較長久。

這款定位是外用油膏，重點是局部按摩、依標示使用。衛署成製015614，乙類成藥，資料可至衛福部中藥許可證系統查詢。

外用產品請依標示使用；身體不適、症狀持續或惡化時，請諮詢醫師或藥師。
下單前可先私訊索取藥證查詢方式與外盒標示照片。","","圖卡：秋分後外出前暖身 / 藥證可查 / 依標示使用","建議搭配：外盒標示實拍、藥證查詢截圖、產品質地短影片、客服回覆截圖（遮個資）。","衛福部中藥許可證：衛署成製015614；類別：乙類成藥；劑型：油膏劑。","退換貨、付款、客服、出貨、價格、通路與任何見證內容，發布前須由人工確認。","NO_LINE_API_CALL_NO_AUTO_PUBLISH_REVIEW_QUEUE_ONLY","","","","2026-09-08"
"LINE_DRYRUN_194","LINE194","LINE_OA_LINE194_V2","LINE_OA","2026-09-21","20:00","症狀超過七天要停用並諮詢","E","高","pending_legal_pharmacist_review","NO","FUTURE_RESCHEDULED_PENDING_HUMAN_REVIEW_ONLY","NEEDS_HUMAN_REVIEW_SAFE_TERM_CHECK","","症狀超過七天要停用並諮詢","症狀超過七天要停用並諮詢

外用產品不是擦越多越好，用對位置、避開風險才安心。

這款定位是外用油膏，重點是局部按摩、依標示使用。衛署成製015614，乙類成藥，資料可至衛福部中藥許可證系統查詢。

外用產品請依標示使用；身體不適、症狀持續或惡化時，請諮詢醫師或藥師。
下單前可先私訊索取藥證查詢方式與外盒標示照片。","","圖卡：症狀超過七天要停用並諮詢 / 藥證可查 / 依標示使用","建議搭配：外盒標示實拍、藥證查詢截圖、產品質地短影片、客服回覆截圖（遮個資）。","衛福部中藥許可證：衛署成製015614；類別：乙類成藥；劑型：油膏劑。","退換貨、付款、客服、出貨、價格、通路與任何見證內容，發布前須由人工確認。","NO_LINE_API_CALL_NO_AUTO_PUBLISH_REVIEW_QUEUE_ONLY","","","","2026-09-08"
"LINE_DRYRUN_195","LINE195","LINE_OA_LINE195_V2","LINE_OA","2026-09-22","12:00","成分透明是基本功","H","中","pending_legal_pharmacist_review","NO","FUTURE_RESCHEDULED_PENDING_HUMAN_REVIEW_ONLY","NEEDS_HUMAN_REVIEW_SAFE_TERM_CHECK","","成分透明是基本功","成分透明是基本功

我們寧願把資料講清楚，也不想用誇大的話讓你衝動購買。

這款定位是外用油膏，重點是局部按摩、依標示使用。衛署成製015614，乙類成藥，資料可至衛福部中藥許可證系統查詢。

外用產品請依標示使用；身體不適、症狀持續或惡化時，請諮詢醫師或藥師。
下單前可先私訊索取藥證查詢方式與外盒標示照片。","","圖卡：成分透明是基本功 / 藥證可查 / 依標示使用","建議搭配：外盒標示實拍、藥證查詢截圖、產品質地短影片、客服回覆截圖（遮個資）。","衛福部中藥許可證：衛署成製015614；類別：乙類成藥；劑型：油膏劑。","退換貨、付款、客服、出貨、價格、通路與任何見證內容，發布前須由人工確認。","NO_LINE_API_CALL_NO_AUTO_PUBLISH_REVIEW_QUEUE_ONLY","","","","2026-09-09"
"LINE_DRYRUN_196","LINE196","LINE_OA_LINE196_V2","LINE_OA","2026-09-22","20:00","一條根可以天天厚敷嗎","G","低","pending_legal_pharmacist_review","NO","FUTURE_RESCHEDULED_PENDING_HUMAN_REVIEW_ONLY","NEEDS_HUMAN_REVIEW_SAFE_TERM_CHECK","","一條根可以天天厚敷嗎","一條根可以天天厚敷嗎

很多人不是不想保養，是不知道什麼情況該先問清楚。

這款定位是外用油膏，重點是局部按摩、依標示使用。衛署成製015614，乙類成藥，資料可至衛福部中藥許可證系統查詢。

外用產品請依標示使用；身體不適、症狀持續或惡化時，請諮詢醫師或藥師。
下單前可先私訊索取藥證查詢方式與外盒標示照片。","","圖卡：一條根可以天天厚敷嗎 / 藥證可查 / 依標示使用","建議搭配：外盒標示實拍、藥證查詢截圖、產品質地短影片、客服回覆截圖（遮個資）。","衛福部中藥許可證：衛署成製015614；類別：乙類成藥；劑型：油膏劑。","退換貨、付款、客服、出貨、價格、通路與任何見證內容，發布前須由人工確認。","NO_LINE_API_CALL_NO_AUTO_PUBLISH_REVIEW_QUEUE_ONLY","","","","2026-09-09"
"LINE_DRYRUN_197","LINE197","LINE_OA_LINE197_V2","LINE_OA","2026-09-23","12:00","運動後不要立刻熱敷加藥膏","C","中","pending_legal_pharmacist_review","NO","FUTURE_RESCHEDULED_PENDING_HUMAN_REVIEW_ONLY","NEEDS_HUMAN_REVIEW_SAFE_TERM_CHECK","","運動後不要立刻熱敷加藥膏","運動後不要立刻熱敷加藥膏

運動、搬重物、久站後，身體局部不適時，先休息、觀察，再做保守保養。

這款定位是外用油膏，重點是局部按摩、依標示使用。衛署成製015614，乙類成藥，資料可至衛福部中藥許可證系統查詢。

外用產品請依標示使用；身體不適、症狀持續或惡化時，請諮詢醫師或藥師。
下單前可先私訊索取藥證查詢方式與外盒標示照片。","","圖卡：運動後不要立刻熱敷加藥膏 / 藥證可查 / 依標示使用","建議搭配：外盒標示實拍、藥證查詢截圖、產品質地短影片、客服回覆截圖（遮個資）。","衛福部中藥許可證：衛署成製015614；類別：乙類成藥；劑型：油膏劑。","退換貨、付款、客服、出貨、價格、通路與任何見證內容，發布前須由人工確認。","NO_LINE_API_CALL_NO_AUTO_PUBLISH_REVIEW_QUEUE_ONLY","","","","2026-09-10"
"LINE_DRYRUN_198","LINE198","LINE_OA_LINE198_V2","LINE_OA","2026-09-23","20:00","使用前先小範圍測試","A","中","pending_legal_pharmacist_review","NO","FUTURE_RESCHEDULED_PENDING_HUMAN_REVIEW_ONLY","NEEDS_HUMAN_REVIEW_SAFE_TERM_CHECK","","使用前先小範圍測試","使用前先小範圍測試

下單前，先看得懂標示與成分，比聽誇張話術更安心。

這款定位是外用油膏，重點是局部按摩、依標示使用。衛署成製015614，乙類成藥，資料可至衛福部中藥許可證系統查詢。

外用產品請依標示使用；身體不適、症狀持續或惡化時，請諮詢醫師或藥師。
下單前可先私訊索取藥證查詢方式與外盒標示照片。","","圖卡：使用前先小範圍測試 / 藥證可查 / 依標示使用","建議搭配：外盒標示實拍、藥證查詢截圖、產品質地短影片、客服回覆截圖（遮個資）。","衛福部中藥許可證：衛署成製015614；類別：乙類成藥；劑型：油膏劑。","退換貨、付款、客服、出貨、價格、通路與任何見證內容，發布前須由人工確認。","NO_LINE_API_CALL_NO_AUTO_PUBLISH_REVIEW_QUEUE_ONLY","","","","2026-09-10"
"LINE_DRYRUN_199","LINE199","LINE_OA_LINE199_V2","LINE_OA","2026-09-24","12:00","長輩使用前先看標示","D","中","pending_legal_pharmacist_review","NO","FUTURE_RESCHEDULED_PENDING_HUMAN_REVIEW_ONLY","NEEDS_HUMAN_REVIEW_SAFE_TERM_CHECK","","長輩使用前先看標示","長輩使用前先看標示

幫長輩準備外用產品時，最重要的是安全、清楚、不要亂用。

這款定位是外用油膏，重點是局部按摩、依標示使用。衛署成製015614，乙類成藥，資料可至衛福部中藥許可證系統查詢。

外用產品請依標示使用；身體不適、症狀持續或惡化時，請諮詢醫師或藥師。
下單前可先私訊索取藥證查詢方式與外盒標示照片。","","圖卡：長輩使用前先看標示 / 藥證可查 / 依標示使用","建議搭配：外盒標示實拍、藥證查詢截圖、產品質地短影片、客服回覆截圖（遮個資）。","衛福部中藥許可證：衛署成製015614；類別：乙類成藥；劑型：油膏劑。","退換貨、付款、客服、出貨、價格、通路與任何見證內容，發布前須由人工確認。","NO_LINE_API_CALL_NO_AUTO_PUBLISH_REVIEW_QUEUE_ONLY","","","","2026-09-11"
"LINE_DRYRUN_200","LINE200","LINE_OA_LINE200_V2","LINE_OA","2026-09-24","20:00","皮膚刺激時要停止使用","E","高","pending_legal_pharmacist_review","NO","FUTURE_RESCHEDULED_PENDING_HUMAN_REVIEW_ONLY","NEEDS_HUMAN_REVIEW_SAFE_TERM_CHECK","","皮膚刺激時要停止使用","皮膚刺激時要停止使用

外用產品不是擦越多越好，用對位置、避開風險才安心。

這款定位是外用油膏，重點是局部按摩、依標示使用。衛署成製015614，乙類成藥，資料可至衛福部中藥許可證系統查詢。

外用產品請依標示使用；身體不適、症狀持續或惡化時，請諮詢醫師或藥師。
下單前可先私訊索取藥證查詢方式與外盒標示照片。","","圖卡：皮膚刺激時要停止使用 / 藥證可查 / 依標示使用","建議搭配：外盒標示實拍、藥證查詢截圖、產品質地短影片、客服回覆截圖（遮個資）。","衛福部中藥許可證：衛署成製015614；類別：乙類成藥；劑型：油膏劑。","退換貨、付款、客服、出貨、價格、通路與任何見證內容，發布前須由人工確認。","NO_LINE_API_CALL_NO_AUTO_PUBLISH_REVIEW_QUEUE_ONLY","","","","2026-09-11"
"LINE_DRYRUN_201","LINE201","LINE_OA_LINE201_V2","LINE_OA","2026-09-25","12:00","寒露後肩背保養","F","低","pending_legal_pharmacist_review","NO","FUTURE_RESCHEDULED_PENDING_HUMAN_REVIEW_ONLY","NEEDS_HUMAN_REVIEW_SAFE_TERM_CHECK","","寒露後肩背保養","寒露後肩背保養

換季時，身體保養不需要複雜，穩定的小習慣比較長久。

這款定位是外用油膏，重點是局部按摩、依標示使用。衛署成製015614，乙類成藥，資料可至衛福部中藥許可證系統查詢。

外用產品請依標示使用；身體不適、症狀持續或惡化時，請諮詢醫師或藥師。
下單前可先私訊索取藥證查詢方式與外盒標示照片。","","圖卡：寒露後肩背保養 / 藥證可查 / 依標示使用","建議搭配：外盒標示實拍、藥證查詢截圖、產品質地短影片、客服回覆截圖（遮個資）。","衛福部中藥許可證：衛署成製015614；類別：乙類成藥；劑型：油膏劑。","退換貨、付款、客服、出貨、價格、通路與任何見證內容，發布前須由人工確認。","NO_LINE_API_CALL_NO_AUTO_PUBLISH_REVIEW_QUEUE_ONLY","","","","2026-09-12"
"LINE_DRYRUN_202","LINE202","LINE_OA_LINE202_V2","LINE_OA","2026-09-25","20:00","輕微拉扯後的觀察重點","C","中","pending_legal_pharmacist_review","NO","FUTURE_RESCHEDULED_PENDING_HUMAN_REVIEW_ONLY","NEEDS_HUMAN_REVIEW_SAFE_TERM_CHECK","","輕微拉扯後的觀察重點","輕微拉扯後的觀察重點

運動、搬重物、久站後，身體局部不適時，先休息、觀察，再做保守保養。

這款定位是外用油膏，重點是局部按摩、依標示使用。衛署成製015614，乙類成藥，資料可至衛福部中藥許可證系統查詢。

外用產品請依標示使用；身體不適、症狀持續或惡化時，請諮詢醫師或藥師。
下單前可先私訊索取藥證查詢方式與外盒標示照片。","","圖卡：輕微拉扯後的觀察重點 / 藥證可查 / 依標示使用","建議搭配：外盒標示實拍、藥證查詢截圖、產品質地短影片、客服回覆截圖（遮個資）。","衛福部中藥許可證：衛署成製015614；類別：乙類成藥；劑型：油膏劑。","退換貨、付款、客服、出貨、價格、通路與任何見證內容，發布前須由人工確認。","NO_LINE_API_CALL_NO_AUTO_PUBLISH_REVIEW_QUEUE_ONLY","","","","2026-09-12"
"LINE_DRYRUN_203","LINE203","LINE_OA_LINE203_V2","LINE_OA","2026-09-26","12:00","擦完可以馬上熱敷嗎","G","低","pending_legal_pharmacist_review","NO","FUTURE_RESCHEDULED_PENDING_HUMAN_REVIEW_ONLY","NEEDS_HUMAN_REVIEW_SAFE_TERM_CHECK","","擦完可以馬上熱敷嗎","擦完可以馬上熱敷嗎

很多人不是不想保養，是不知道什麼情況該先問清楚。

這款定位是外用油膏，重點是局部按摩、依標示使用。衛署成製015614，乙類成藥，資料可至衛福部中藥許可證系統查詢。

外用產品請依標示使用；身體不適、症狀持續或惡化時，請諮詢醫師或藥師。
下單前可先私訊索取藥證查詢方式與外盒標示照片。","","圖卡：擦完可以馬上熱敷嗎 / 藥證可查 / 依標示使用","建議搭配：外盒標示實拍、藥證查詢截圖、產品質地短影片、客服回覆截圖（遮個資）。","衛福部中藥許可證：衛署成製015614；類別：乙類成藥；劑型：油膏劑。","退換貨、付款、客服、出貨、價格、通路與任何見證內容，發布前須由人工確認。","NO_LINE_API_CALL_NO_AUTO_PUBLISH_REVIEW_QUEUE_ONLY","","","","2026-09-13"
"LINE_DRYRUN_204","LINE204","LINE_OA_LINE204_V2","LINE_OA","2026-09-26","20:00","別把長期疼痛只當小問題","D","中","pending_legal_pharmacist_review","NO","FUTURE_RESCHEDULED_PENDING_HUMAN_REVIEW_ONLY","NEEDS_HUMAN_REVIEW_SAFE_TERM_CHECK","","別把長期疼痛只當小問題","別把長期疼痛只當小問題

幫長輩準備外用產品時，最重要的是安全、清楚、不要亂用。

這款定位是外用油膏，重點是局部按摩、依標示使用。衛署成製015614，乙類成藥，資料可至衛福部中藥許可證系統查詢。

外用產品請依標示使用；身體不適、症狀持續或惡化時，請諮詢醫師或藥師。
下單前可先私訊索取藥證查詢方式與外盒標示照片。","","圖卡：別把長期疼痛只當小問題 / 藥證可查 / 依標示使用","建議搭配：外盒標示實拍、藥證查詢截圖、產品質地短影片、客服回覆截圖（遮個資）。","衛福部中藥許可證：衛署成製015614；類別：乙類成藥；劑型：油膏劑。","退換貨、付款、客服、出貨、價格、通路與任何見證內容，發布前須由人工確認。","NO_LINE_API_CALL_NO_AUTO_PUBLISH_REVIEW_QUEUE_ONLY","","","","2026-09-13"
"LINE_DRYRUN_205","LINE205","LINE_OA_LINE205_V2","LINE_OA","2026-09-27","12:00","滑手機後頸部保養","B","低","pending_legal_pharmacist_review","NO","FUTURE_RESCHEDULED_PENDING_HUMAN_REVIEW_ONLY","NEEDS_HUMAN_REVIEW_SAFE_TERM_CHECK","","滑手機後頸部保養","滑手機後頸部保養

久坐、低頭、開會一整天後，肩頸常會提醒你該放鬆一下。

這款定位是外用油膏，重點是局部按摩、依標示使用。衛署成製015614，乙類成藥，資料可至衛福部中藥許可證系統查詢。

外用產品請依標示使用；身體不適、症狀持續或惡化時，請諮詢醫師或藥師。
下單前可先私訊索取藥證查詢方式與外盒標示照片。","","圖卡：滑手機後頸部保養 / 藥證可查 / 依標示使用","建議搭配：外盒標示實拍、藥證查詢截圖、產品質地短影片、客服回覆截圖（遮個資）。","衛福部中藥許可證：衛署成製015614；類別：乙類成藥；劑型：油膏劑。","退換貨、付款、客服、出貨、價格、通路與任何見證內容，發布前須由人工確認。","NO_LINE_API_CALL_NO_AUTO_PUBLISH_REVIEW_QUEUE_ONLY","","","","2026-09-14"
"LINE_DRYRUN_206","LINE206","LINE_OA_LINE206_V2","LINE_OA","2026-09-27","20:00","產品不是神藥，定位要講清楚","A","中","pending_legal_pharmacist_review","NO","FUTURE_RESCHEDULED_PENDING_HUMAN_REVIEW_ONLY","NEEDS_HUMAN_REVIEW_SAFE_TERM_CHECK","","產品不是神藥，定位要講清楚","產品不是神藥，定位要講清楚

下單前，先看得懂標示與成分，比聽誇張話術更安心。

這款定位是外用油膏，重點是局部按摩、依標示使用。衛署成製015614，乙類成藥，資料可至衛福部中藥許可證系統查詢。

外用產品請依標示使用；身體不適、症狀持續或惡化時，請諮詢醫師或藥師。
下單前可先私訊索取藥證查詢方式與外盒標示照片。","","圖卡：產品不是神藥，定位要講清楚 / 藥證可查 / 依標示使用","建議搭配：外盒標示實拍、藥證查詢截圖、產品質地短影片、客服回覆截圖（遮個資）。","衛福部中藥許可證：衛署成製015614；類別：乙類成藥；劑型：油膏劑。","退換貨、付款、客服、出貨、價格、通路與任何見證內容，發布前須由人工確認。","NO_LINE_API_CALL_NO_AUTO_PUBLISH_REVIEW_QUEUE_ONLY","","","","2026-09-14"
"LINE_DRYRUN_207","LINE207","LINE_OA_LINE207_V2","LINE_OA","2026-09-28","12:00","立冬前後的日常舒緩儀式","F","低","pending_legal_pharmacist_review","NO","FUTURE_RESCHEDULED_PENDING_HUMAN_REVIEW_ONLY","NEEDS_HUMAN_REVIEW_SAFE_TERM_CHECK","","立冬前後的日常舒緩儀式","立冬前後的日常舒緩儀式

換季時，身體保養不需要複雜，穩定的小習慣比較長久。

這款定位是外用油膏，重點是局部按摩、依標示使用。衛署成製015614，乙類成藥，資料可至衛福部中藥許可證系統查詢。

外用產品請依標示使用；身體不適、症狀持續或惡化時，請諮詢醫師或藥師。
下單前可先私訊索取藥證查詢方式與外盒標示照片。","","圖卡：立冬前後的日常舒緩儀式 / 藥證可查 / 依標示使用","建議搭配：外盒標示實拍、藥證查詢截圖、產品質地短影片、客服回覆截圖（遮個資）。","衛福部中藥許可證：衛署成製015614；類別：乙類成藥；劑型：油膏劑。","退換貨、付款、客服、出貨、價格、通路與任何見證內容，發布前須由人工確認。","NO_LINE_API_CALL_NO_AUTO_PUBLISH_REVIEW_QUEUE_ONLY","","","","2026-09-15"
"LINE_DRYRUN_208","LINE208","LINE_OA_LINE208_V2","LINE_OA","2026-09-28","20:00","深層症狀不適合自行處理","E","高","pending_legal_pharmacist_review","NO","FUTURE_RESCHEDULED_PENDING_HUMAN_REVIEW_ONLY","NEEDS_HUMAN_REVIEW_SAFE_TERM_CHECK","","深層症狀不適合自行處理","深層症狀不適合自行處理

外用產品不是擦越多越好，用對位置、避開風險才安心。

這款定位是外用油膏，重點是局部按摩、依標示使用。衛署成製015614，乙類成藥，資料可至衛福部中藥許可證系統查詢。

外用產品請依標示使用；身體不適、症狀持續或惡化時，請諮詢醫師或藥師。
下單前可先私訊索取藥證查詢方式與外盒標示照片。","","圖卡：深層症狀不適合自行處理 / 藥證可查 / 依標示使用","建議搭配：外盒標示實拍、藥證查詢截圖、產品質地短影片、客服回覆截圖（遮個資）。","衛福部中藥許可證：衛署成製015614；類別：乙類成藥；劑型：油膏劑。","退換貨、付款、客服、出貨、價格、通路與任何見證內容，發布前須由人工確認。","NO_LINE_API_CALL_NO_AUTO_PUBLISH_REVIEW_QUEUE_ONLY","","","","2026-09-15"
"LINE_DRYRUN_209","LINE209","LINE_OA_LINE209_V2","LINE_OA","2026-09-29","12:00","每篇貼文都要人工審核","H","中","pending_legal_pharmacist_review","NO","FUTURE_RESCHEDULED_PENDING_HUMAN_REVIEW_ONLY","NEEDS_HUMAN_REVIEW_SAFE_TERM_CHECK","","每篇貼文都要人工審核","每篇貼文都要人工審核

我們寧願把資料講清楚，也不想用誇大的話讓你衝動購買。

這款定位是外用油膏，重點是局部按摩、依標示使用。衛署成製015614，乙類成藥，資料可至衛福部中藥許可證系統查詢。

外用產品請依標示使用；身體不適、症狀持續或惡化時，請諮詢醫師或藥師。
下單前可先私訊索取藥證查詢方式與外盒標示照片。","","圖卡：每篇貼文都要人工審核 / 藥證可查 / 依標示使用","建議搭配：外盒標示實拍、藥證查詢截圖、產品質地短影片、客服回覆截圖（遮個資）。","衛福部中藥許可證：衛署成製015614；類別：乙類成藥；劑型：油膏劑。","退換貨、付款、客服、出貨、價格、通路與任何見證內容，發布前須由人工確認。","NO_LINE_API_CALL_NO_AUTO_PUBLISH_REVIEW_QUEUE_ONLY","","","","2026-09-16"
"LINE_DRYRUN_210","LINE210","LINE_OA_LINE210_V2","LINE_OA","2026-09-29","20:00","哪些情況應該先就醫","G","低","pending_legal_pharmacist_review","NO","FUTURE_RESCHEDULED_PENDING_HUMAN_REVIEW_ONLY","NEEDS_HUMAN_REVIEW_SAFE_TERM_CHECK","","哪些情況應該先就醫","哪些情況應該先就醫

很多人不是不想保養，是不知道什麼情況該先問清楚。

這款定位是外用油膏，重點是局部按摩、依標示使用。衛署成製015614，乙類成藥，資料可至衛福部中藥許可證系統查詢。

外用產品請依標示使用；身體不適、症狀持續或惡化時，請諮詢醫師或藥師。
下單前可先私訊索取藥證查詢方式與外盒標示照片。","","圖卡：哪些情況應該先就醫 / 藥證可查 / 依標示使用","建議搭配：外盒標示實拍、藥證查詢截圖、產品質地短影片、客服回覆截圖（遮個資）。","衛福部中藥許可證：衛署成製015614；類別：乙類成藥；劑型：油膏劑。","退換貨、付款、客服、出貨、價格、通路與任何見證內容，發布前須由人工確認。","NO_LINE_API_CALL_NO_AUTO_PUBLISH_REVIEW_QUEUE_ONLY","","","","2026-09-16"
"LINE_DRYRUN_211","LINE211","LINE_OA_LINE211_V2","LINE_OA","2026-09-30","12:00","運動後局部痠痛的保守處理","C","中","pending_legal_pharmacist_review","NO","FUTURE_RESCHEDULED_PENDING_HUMAN_REVIEW_ONLY","NEEDS_HUMAN_REVIEW_SAFE_TERM_CHECK","","運動後局部痠痛的保守處理","運動後局部痠痛的保守處理

運動、搬重物、久站後，身體局部不適時，先休息、觀察，再做保守保養。

這款定位是外用油膏，重點是局部按摩、依標示使用。衛署成製015614，乙類成藥，資料可至衛福部中藥許可證系統查詢。

外用產品請依標示使用；身體不適、症狀持續或惡化時，請諮詢醫師或藥師。
下單前可先私訊索取藥證查詢方式與外盒標示照片。","","圖卡：運動後局部痠痛的保守處理 / 藥證可查 / 依標示使用","建議搭配：外盒標示實拍、藥證查詢截圖、產品質地短影片、客服回覆截圖（遮個資）。","衛福部中藥許可證：衛署成製015614；類別：乙類成藥；劑型：油膏劑。","退換貨、付款、客服、出貨、價格、通路與任何見證內容，發布前須由人工確認。","NO_LINE_API_CALL_NO_AUTO_PUBLISH_REVIEW_QUEUE_ONLY","","","","2026-09-17"
"LINE_DRYRUN_212","LINE212","LINE_OA_LINE212_V2","LINE_OA","2026-09-30","20:00","冬青油與清涼舒緩體感","A","中","pending_legal_pharmacist_review","NO","FUTURE_RESCHEDULED_PENDING_HUMAN_REVIEW_ONLY","NEEDS_HUMAN_REVIEW_SAFE_TERM_CHECK","","冬青油與清涼舒緩體感","冬青油與清涼舒緩體感

下單前，先看得懂標示與成分，比聽誇張話術更安心。

這款定位是外用油膏，重點是局部按摩、依標示使用。衛署成製015614，乙類成藥，資料可至衛福部中藥許可證系統查詢。

外用產品請依標示使用；身體不適、症狀持續或惡化時，請諮詢醫師或藥師。
下單前可先私訊索取藥證查詢方式與外盒標示照片。","","圖卡：冬青油與清涼舒緩體感 / 藥證可查 / 依標示使用","建議搭配：外盒標示實拍、藥證查詢截圖、產品質地短影片、客服回覆截圖（遮個資）。","衛福部中藥許可證：衛署成製015614；類別：乙類成藥；劑型：油膏劑。","退換貨、付款、客服、出貨、價格、通路與任何見證內容，發布前須由人工確認。","NO_LINE_API_CALL_NO_AUTO_PUBLISH_REVIEW_QUEUE_ONLY","","","","2026-09-17"
"LINE_DRYRUN_213","LINE213","LINE_OA_LINE213_V2","LINE_OA","2026-10-01","12:00","早晨活動前的關節暖身","D","中","pending_legal_pharmacist_review","NO","FUTURE_RESCHEDULED_PENDING_HUMAN_REVIEW_ONLY","NEEDS_HUMAN_REVIEW_SAFE_TERM_CHECK","","早晨活動前的關節暖身","早晨活動前的關節暖身

幫長輩準備外用產品時，最重要的是安全、清楚、不要亂用。

這款定位是外用油膏，重點是局部按摩、依標示使用。衛署成製015614，乙類成藥，資料可至衛福部中藥許可證系統查詢。

外用產品請依標示使用；身體不適、症狀持續或惡化時，請諮詢醫師或藥師。
下單前可先私訊索取藥證查詢方式與外盒標示照片。","","圖卡：早晨活動前的關節暖身 / 藥證可查 / 依標示使用","建議搭配：外盒標示實拍、藥證查詢截圖、產品質地短影片、客服回覆截圖（遮個資）。","衛福部中藥許可證：衛署成製015614；類別：乙類成藥；劑型：油膏劑。","退換貨、付款、客服、出貨、價格、通路與任何見證內容，發布前須由人工確認。","NO_LINE_API_CALL_NO_AUTO_PUBLISH_REVIEW_QUEUE_ONLY","","","","2026-09-18"
"LINE_DRYRUN_214","LINE214","LINE_OA_LINE214_V2","LINE_OA","2026-10-01","20:00","不能擦在破皮或傷口","E","高","pending_legal_pharmacist_review","NO","FUTURE_RESCHEDULED_PENDING_HUMAN_REVIEW_ONLY","NEEDS_HUMAN_REVIEW_SAFE_TERM_CHECK","","不能擦在破皮或傷口","不能擦在破皮或傷口

外用產品不是擦越多越好，用對位置、避開風險才安心。

這款定位是外用油膏，重點是局部按摩、依標示使用。衛署成製015614，乙類成藥，資料可至衛福部中藥許可證系統查詢。

外用產品請依標示使用；身體不適、症狀持續或惡化時，請諮詢醫師或藥師。
下單前可先私訊索取藥證查詢方式與外盒標示照片。","","圖卡：不能擦在破皮或傷口 / 藥證可查 / 依標示使用","建議搭配：外盒標示實拍、藥證查詢截圖、產品質地短影片、客服回覆截圖（遮個資）。","衛福部中藥許可證：衛署成製015614；類別：乙類成藥；劑型：油膏劑。","退換貨、付款、客服、出貨、價格、通路與任何見證內容，發布前須由人工確認。","NO_LINE_API_CALL_NO_AUTO_PUBLISH_REVIEW_QUEUE_ONLY","","","","2026-09-18"
"LINE_DRYRUN_215","LINE215","LINE_OA_LINE215_V2","LINE_OA","2026-10-02","12:00","芒種後濕熱生活保養","F","低","pending_legal_pharmacist_review","NO","FUTURE_RESCHEDULED_PENDING_HUMAN_REVIEW_ONLY","NEEDS_HUMAN_REVIEW_SAFE_TERM_CHECK","","芒種後濕熱生活保養","芒種後濕熱生活保養

換季時，身體保養不需要複雜，穩定的小習慣比較長久。

這款定位是外用油膏，重點是局部按摩、依標示使用。衛署成製015614，乙類成藥，資料可至衛福部中藥許可證系統查詢。

外用產品請依標示使用；身體不適、症狀持續或惡化時，請諮詢醫師或藥師。
下單前可先私訊索取藥證查詢方式與外盒標示照片。","","圖卡：芒種後濕熱生活保養 / 藥證可查 / 依標示使用","建議搭配：外盒標示實拍、藥證查詢截圖、產品質地短影片、客服回覆截圖（遮個資）。","衛福部中藥許可證：衛署成製015614；類別：乙類成藥；劑型：油膏劑。","退換貨、付款、客服、出貨、價格、通路與任何見證內容，發布前須由人工確認。","NO_LINE_API_CALL_NO_AUTO_PUBLISH_REVIEW_QUEUE_ONLY","","","","2026-09-19"
"LINE_DRYRUN_216","LINE216","LINE_OA_LINE216_V2","LINE_OA","2026-10-02","20:00","久站後小腿不適舒緩","C","中","pending_legal_pharmacist_review","NO","FUTURE_RESCHEDULED_PENDING_HUMAN_REVIEW_ONLY","NEEDS_HUMAN_REVIEW_SAFE_TERM_CHECK","","久站後小腿不適舒緩","久站後小腿不適舒緩

運動、搬重物、久站後，身體局部不適時，先休息、觀察，再做保守保養。

這款定位是外用油膏，重點是局部按摩、依標示使用。衛署成製015614，乙類成藥，資料可至衛福部中藥許可證系統查詢。

外用產品請依標示使用；身體不適、症狀持續或惡化時，請諮詢醫師或藥師。
下單前可先私訊索取藥證查詢方式與外盒標示照片。","","圖卡：久站後小腿不適舒緩 / 藥證可查 / 依標示使用","建議搭配：外盒標示實拍、藥證查詢截圖、產品質地短影片、客服回覆截圖（遮個資）。","衛福部中藥許可證：衛署成製015614；類別：乙類成藥；劑型：油膏劑。","退換貨、付款、客服、出貨、價格、通路與任何見證內容，發布前須由人工確認。","NO_LINE_API_CALL_NO_AUTO_PUBLISH_REVIEW_QUEUE_ONLY","","","","2026-09-19"
"LINE_DRYRUN_217","LINE217","LINE_OA_LINE217_V2","LINE_OA","2026-10-03","12:00","你最常哪個部位緊繃","G","低","pending_legal_pharmacist_review","NO","FUTURE_RESCHEDULED_PENDING_HUMAN_REVIEW_ONLY","NEEDS_HUMAN_REVIEW_SAFE_TERM_CHECK","","你最常哪個部位緊繃","你最常哪個部位緊繃

很多人不是不想保養，是不知道什麼情況該先問清楚。

這款定位是外用油膏，重點是局部按摩、依標示使用。衛署成製015614，乙類成藥，資料可至衛福部中藥許可證系統查詢。

外用產品請依標示使用；身體不適、症狀持續或惡化時，請諮詢醫師或藥師。
下單前可先私訊索取藥證查詢方式與外盒標示照片。","","圖卡：你最常哪個部位緊繃 / 藥證可查 / 依標示使用","建議搭配：外盒標示實拍、藥證查詢截圖、產品質地短影片、客服回覆截圖（遮個資）。","衛福部中藥許可證：衛署成製015614；類別：乙類成藥；劑型：油膏劑。","退換貨、付款、客服、出貨、價格、通路與任何見證內容，發布前須由人工確認。","NO_LINE_API_CALL_NO_AUTO_PUBLISH_REVIEW_QUEUE_ONLY","","","","2026-09-20"
"LINE_DRYRUN_218","LINE218","LINE_OA_LINE218_V2","LINE_OA","2026-10-03","20:00","長輩外用膏使用安全","D","中","pending_legal_pharmacist_review","NO","FUTURE_RESCHEDULED_PENDING_HUMAN_REVIEW_ONLY","NEEDS_HUMAN_REVIEW_SAFE_TERM_CHECK","","長輩外用膏使用安全","長輩外用膏使用安全

幫長輩準備外用產品時，最重要的是安全、清楚、不要亂用。

這款定位是外用油膏，重點是局部按摩、依標示使用。衛署成製015614，乙類成藥，資料可至衛福部中藥許可證系統查詢。

外用產品請依標示使用；身體不適、症狀持續或惡化時，請諮詢醫師或藥師。
下單前可先私訊索取藥證查詢方式與外盒標示照片。","","圖卡：長輩外用膏使用安全 / 藥證可查 / 依標示使用","建議搭配：外盒標示實拍、藥證查詢截圖、產品質地短影片、客服回覆截圖（遮個資）。","衛福部中藥許可證：衛署成製015614；類別：乙類成藥；劑型：油膏劑。","退換貨、付款、客服、出貨、價格、通路與任何見證內容，發布前須由人工確認。","NO_LINE_API_CALL_NO_AUTO_PUBLISH_REVIEW_QUEUE_ONLY","","","","2026-09-20"
"LINE_DRYRUN_219","LINE219","LINE_OA_LINE219_V2","LINE_OA","2026-10-04","12:00","辦公桌前的姿勢檢查","B","低","pending_legal_pharmacist_review","NO","FUTURE_RESCHEDULED_PENDING_HUMAN_REVIEW_ONLY","NEEDS_HUMAN_REVIEW_SAFE_TERM_CHECK","","辦公桌前的姿勢檢查","辦公桌前的姿勢檢查

久坐、低頭、開會一整天後，肩頸常會提醒你該放鬆一下。

這款定位是外用油膏，重點是局部按摩、依標示使用。衛署成製015614，乙類成藥，資料可至衛福部中藥許可證系統查詢。

外用產品請依標示使用；身體不適、症狀持續或惡化時，請諮詢醫師或藥師。
下單前可先私訊索取藥證查詢方式與外盒標示照片。","","圖卡：辦公桌前的姿勢檢查 / 藥證可查 / 依標示使用","建議搭配：外盒標示實拍、藥證查詢截圖、產品質地短影片、客服回覆截圖（遮個資）。","衛福部中藥許可證：衛署成製015614；類別：乙類成藥；劑型：油膏劑。","退換貨、付款、客服、出貨、價格、通路與任何見證內容，發布前須由人工確認。","NO_LINE_API_CALL_NO_AUTO_PUBLISH_REVIEW_QUEUE_ONLY","","","","2026-09-21"
"LINE_DRYRUN_220","LINE220","LINE_OA_LINE220_V2","LINE_OA","2026-10-04","20:00","薄荷腦帶來的涼感來源","A","中","pending_legal_pharmacist_review","NO","FUTURE_RESCHEDULED_PENDING_HUMAN_REVIEW_ONLY","NEEDS_HUMAN_REVIEW_SAFE_TERM_CHECK","","薄荷腦帶來的涼感來源","薄荷腦帶來的涼感來源

下單前，先看得懂標示與成分，比聽誇張話術更安心。

這款定位是外用油膏，重點是局部按摩、依標示使用。衛署成製015614，乙類成藥，資料可至衛福部中藥許可證系統查詢。

外用產品請依標示使用；身體不適、症狀持續或惡化時，請諮詢醫師或藥師。
下單前可先私訊索取藥證查詢方式與外盒標示照片。","","圖卡：薄荷腦帶來的涼感來源 / 藥證可查 / 依標示使用","建議搭配：外盒標示實拍、藥證查詢截圖、產品質地短影片、客服回覆截圖（遮個資）。","衛福部中藥許可證：衛署成製015614；類別：乙類成藥；劑型：油膏劑。","退換貨、付款、客服、出貨、價格、通路與任何見證內容，發布前須由人工確認。","NO_LINE_API_CALL_NO_AUTO_PUBLISH_REVIEW_QUEUE_ONLY","","","","2026-09-21"
"LINE_DRYRUN_221","LINE221","LINE_OA_LINE221_V2","LINE_OA","2026-10-05","12:00","夏季冷氣房的肩頸保養","F","低","pending_legal_pharmacist_review","NO","FUTURE_RESCHEDULED_PENDING_HUMAN_REVIEW_ONLY","NEEDS_HUMAN_REVIEW_SAFE_TERM_CHECK","","夏季冷氣房的肩頸保養","夏季冷氣房的肩頸保養

換季時，身體保養不需要複雜，穩定的小習慣比較長久。

這款定位是外用油膏，重點是局部按摩、依標示使用。衛署成製015614，乙類成藥，資料可至衛福部中藥許可證系統查詢。

外用產品請依標示使用；身體不適、症狀持續或惡化時，請諮詢醫師或藥師。
下單前可先私訊索取藥證查詢方式與外盒標示照片。","","圖卡：夏季冷氣房的肩頸保養 / 藥證可查 / 依標示使用","建議搭配：外盒標示實拍、藥證查詢截圖、產品質地短影片、客服回覆截圖（遮個資）。","衛福部中藥許可證：衛署成製015614；類別：乙類成藥；劑型：油膏劑。","退換貨、付款、客服、出貨、價格、通路與任何見證內容，發布前須由人工確認。","NO_LINE_API_CALL_NO_AUTO_PUBLISH_REVIEW_QUEUE_ONLY","","","","2026-09-22"
"LINE_DRYRUN_222","LINE222","LINE_OA_LINE222_V2","LINE_OA","2026-10-05","20:00","外用膏避免眼周與黏膜","E","高","pending_legal_pharmacist_review","NO","FUTURE_RESCHEDULED_PENDING_HUMAN_REVIEW_ONLY","NEEDS_HUMAN_REVIEW_SAFE_TERM_CHECK","","外用膏避免眼周與黏膜","外用膏避免眼周與黏膜

外用產品不是擦越多越好，用對位置、避開風險才安心。

這款定位是外用油膏，重點是局部按摩、依標示使用。衛署成製015614，乙類成藥，資料可至衛福部中藥許可證系統查詢。

外用產品請依標示使用；身體不適、症狀持續或惡化時，請諮詢醫師或藥師。
下單前可先私訊索取藥證查詢方式與外盒標示照片。","","圖卡：外用膏避免眼周與黏膜 / 藥證可查 / 依標示使用","建議搭配：外盒標示實拍、藥證查詢截圖、產品質地短影片、客服回覆截圖（遮個資）。","衛福部中藥許可證：衛署成製015614；類別：乙類成藥；劑型：油膏劑。","退換貨、付款、客服、出貨、價格、通路與任何見證內容，發布前須由人工確認。","NO_LINE_API_CALL_NO_AUTO_PUBLISH_REVIEW_QUEUE_ONLY","","","","2026-09-22"
"LINE_DRYRUN_223","LINE223","LINE_OA_LINE223_V2","LINE_OA","2026-10-06","12:00","合法宣傳比誇大更長久","H","中","pending_legal_pharmacist_review","NO","FUTURE_RESCHEDULED_PENDING_HUMAN_REVIEW_ONLY","NEEDS_HUMAN_REVIEW_SAFE_TERM_CHECK","","合法宣傳比誇大更長久","合法宣傳比誇大更長久

我們寧願把資料講清楚，也不想用誇大的話讓你衝動購買。

這款定位是外用油膏，重點是局部按摩、依標示使用。衛署成製015614，乙類成藥，資料可至衛福部中藥許可證系統查詢。

外用產品請依標示使用；身體不適、症狀持續或惡化時，請諮詢醫師或藥師。
下單前可先私訊索取藥證查詢方式與外盒標示照片。","","圖卡：合法宣傳比誇大更長久 / 藥證可查 / 依標示使用","建議搭配：外盒標示實拍、藥證查詢截圖、產品質地短影片、客服回覆截圖（遮個資）。","衛福部中藥許可證：衛署成製015614；類別：乙類成藥；劑型：油膏劑。","退換貨、付款、客服、出貨、價格、通路與任何見證內容，發布前須由人工確認。","NO_LINE_API_CALL_NO_AUTO_PUBLISH_REVIEW_QUEUE_ONLY","","","","2026-09-23"
"LINE_DRYRUN_224","LINE224","LINE_OA_LINE224_V2","LINE_OA","2026-10-06","20:00","你習慣運動前還是運動後保養","G","低","pending_legal_pharmacist_review","NO","FUTURE_RESCHEDULED_PENDING_HUMAN_REVIEW_ONLY","NEEDS_HUMAN_REVIEW_SAFE_TERM_CHECK","","你習慣運動前還是運動後保養","你習慣運動前還是運動後保養

很多人不是不想保養，是不知道什麼情況該先問清楚。

這款定位是外用油膏，重點是局部按摩、依標示使用。衛署成製015614，乙類成藥，資料可至衛福部中藥許可證系統查詢。

外用產品請依標示使用；身體不適、症狀持續或惡化時，請諮詢醫師或藥師。
下單前可先私訊索取藥證查詢方式與外盒標示照片。","","圖卡：你習慣運動前還是運動後保養 / 藥證可查 / 依標示使用","建議搭配：外盒標示實拍、藥證查詢截圖、產品質地短影片、客服回覆截圖（遮個資）。","衛福部中藥許可證：衛署成製015614；類別：乙類成藥；劑型：油膏劑。","退換貨、付款、客服、出貨、價格、通路與任何見證內容，發布前須由人工確認。","NO_LINE_API_CALL_NO_AUTO_PUBLISH_REVIEW_QUEUE_ONLY","","","","2026-09-23"
"LINE_DRYRUN_225","LINE225","LINE_OA_LINE225_V2","LINE_OA","2026-10-07","12:00","搬重物後腰背保養","C","中","pending_legal_pharmacist_review","NO","FUTURE_RESCHEDULED_PENDING_HUMAN_REVIEW_ONLY","NEEDS_HUMAN_REVIEW_SAFE_TERM_CHECK","","搬重物後腰背保養","搬重物後腰背保養

運動、搬重物、久站後，身體局部不適時，先休息、觀察，再做保守保養。

這款定位是外用油膏，重點是局部按摩、依標示使用。衛署成製015614，乙類成藥，資料可至衛福部中藥許可證系統查詢。

外用產品請依標示使用；身體不適、症狀持續或惡化時，請諮詢醫師或藥師。
下單前可先私訊索取藥證查詢方式與外盒標示照片。","","圖卡：搬重物後腰背保養 / 藥證可查 / 依標示使用","建議搭配：外盒標示實拍、藥證查詢截圖、產品質地短影片、客服回覆截圖（遮個資）。","衛福部中藥許可證：衛署成製015614；類別：乙類成藥；劑型：油膏劑。","退換貨、付款、客服、出貨、價格、通路與任何見證內容，發布前須由人工確認。","NO_LINE_API_CALL_NO_AUTO_PUBLISH_REVIEW_QUEUE_ONLY","","","","2026-09-24"
"LINE_DRYRUN_226","LINE226","LINE_OA_LINE226_V2","LINE_OA","2026-10-07","20:00","樟腦外用時的注意界線","A","中","pending_legal_pharmacist_review","NO","FUTURE_RESCHEDULED_PENDING_HUMAN_REVIEW_ONLY","NEEDS_HUMAN_REVIEW_SAFE_TERM_CHECK","","樟腦外用時的注意界線","樟腦外用時的注意界線

下單前，先看得懂標示與成分，比聽誇張話術更安心。

這款定位是外用油膏，重點是局部按摩、依標示使用。衛署成製015614，乙類成藥，資料可至衛福部中藥許可證系統查詢。

外用產品請依標示使用；身體不適、症狀持續或惡化時，請諮詢醫師或藥師。
下單前可先私訊索取藥證查詢方式與外盒標示照片。","","圖卡：樟腦外用時的注意界線 / 藥證可查 / 依標示使用","建議搭配：外盒標示實拍、藥證查詢截圖、產品質地短影片、客服回覆截圖（遮個資）。","衛福部中藥許可證：衛署成製015614；類別：乙類成藥；劑型：油膏劑。","退換貨、付款、客服、出貨、價格、通路與任何見證內容，發布前須由人工確認。","NO_LINE_API_CALL_NO_AUTO_PUBLISH_REVIEW_QUEUE_ONLY","","","","2026-09-24"
"LINE_DRYRUN_227","LINE227","LINE_OA_LINE227_V2","LINE_OA","2026-10-08","12:00","輕微關節不適，日常保養要分清楚","D","中","pending_legal_pharmacist_review","NO","FUTURE_RESCHEDULED_PENDING_HUMAN_REVIEW_ONLY","PASS_REWRITTEN_PENDING_HUMAN_REVIEW","","輕微關節不適，日常保養要分清楚","輕微關節不適，日常保養要分清楚

幫長輩準備外用產品時，重點是安全、清楚、依標示使用，不把日常保養說成醫療效果。

這款定位是外用油膏，適合局部按摩放鬆與暫時舒緩日常不適。衛署成製015614，乙類成藥，資料可至衛福部中藥許可證系統查詢。

外用產品請依標示使用；身體不適、狀況持續或變嚴重時，請諮詢醫師或藥師。
下單前可先私訊索取藥證查詢方式與外盒標示照片。","保守教育型 LINE 貼文，強調依標示使用、局部按摩放鬆、身體狀況持續時諮詢醫師或藥師。","圖卡：輕微關節不適與日常保養要分清楚 / 藥證可查 / 依標示使用 / 局部按摩放鬆","建議搭配：外盒標示實拍、藥證查詢截圖、產品質地短影片、客服回覆截圖（遮個資）。","衛福部中藥許可證：衛署成製015614；類別：乙類成藥；劑型：油膏劑。","退換貨、付款、客服、出貨、價格、通路與任何見證內容，發布前須由人工確認。","NO_LINE_API_CALL_NO_AUTO_PUBLISH_REVIEW_QUEUE_ONLY","","","","2026-09-25"
"LINE_DRYRUN_228","LINE228","LINE_OA_LINE228_V2","LINE_OA","2026-10-08","20:00","不要搭配熱敷墊或電毯","E","高","pending_legal_pharmacist_review","NO","FUTURE_RESCHEDULED_PENDING_HUMAN_REVIEW_ONLY","NEEDS_HUMAN_REVIEW_SAFE_TERM_CHECK","","不要搭配熱敷墊或電毯","不要搭配熱敷墊或電毯

外用產品不是擦越多越好，用對位置、避開風險才安心。

這款定位是外用油膏，重點是局部按摩、依標示使用。衛署成製015614，乙類成藥，資料可至衛福部中藥許可證系統查詢。

外用產品請依標示使用；身體不適、症狀持續或惡化時，請諮詢醫師或藥師。
下單前可先私訊索取藥證查詢方式與外盒標示照片。","","圖卡：不要搭配熱敷墊或電毯 / 藥證可查 / 依標示使用","建議搭配：外盒標示實拍、藥證查詢截圖、產品質地短影片、客服回覆截圖（遮個資）。","衛福部中藥許可證：衛署成製015614；類別：乙類成藥；劑型：油膏劑。","退換貨、付款、客服、出貨、價格、通路與任何見證內容，發布前須由人工確認。","NO_LINE_API_CALL_NO_AUTO_PUBLISH_REVIEW_QUEUE_ONLY","","","","2026-09-25"
"LINE_DRYRUN_229","LINE229","LINE_OA_LINE229_V2","LINE_OA","2026-10-09","12:00","小暑前後活動舒適提醒","F","低","pending_legal_pharmacist_review","NO","FUTURE_RESCHEDULED_PENDING_HUMAN_REVIEW_ONLY","NEEDS_HUMAN_REVIEW_SAFE_TERM_CHECK","","小暑前後活動舒適提醒","小暑前後活動舒適提醒

換季時，身體保養不需要複雜，穩定的小習慣比較長久。

這款定位是外用油膏，重點是局部按摩、依標示使用。衛署成製015614，乙類成藥，資料可至衛福部中藥許可證系統查詢。

外用產品請依標示使用；身體不適、症狀持續或惡化時，請諮詢醫師或藥師。
下單前可先私訊索取藥證查詢方式與外盒標示照片。","","圖卡：小暑前後活動舒適提醒 / 藥證可查 / 依標示使用","建議搭配：外盒標示實拍、藥證查詢截圖、產品質地短影片、客服回覆截圖（遮個資）。","衛福部中藥許可證：衛署成製015614；類別：乙類成藥；劑型：油膏劑。","退換貨、付款、客服、出貨、價格、通路與任何見證內容，發布前須由人工確認。","NO_LINE_API_CALL_NO_AUTO_PUBLISH_REVIEW_QUEUE_ONLY","","","","2026-09-26"
"LINE_DRYRUN_230","LINE230","LINE_OA_LINE230_V2","LINE_OA","2026-10-09","20:00","爬山後腿部按摩提醒","C","中","pending_legal_pharmacist_review","NO","FUTURE_RESCHEDULED_PENDING_HUMAN_REVIEW_ONLY","NEEDS_HUMAN_REVIEW_SAFE_TERM_CHECK","","爬山後腿部按摩提醒","爬山後腿部按摩提醒

運動、搬重物、久站後，身體局部不適時，先休息、觀察，再做保守保養。

這款定位是外用油膏，重點是局部按摩、依標示使用。衛署成製015614，乙類成藥，資料可至衛福部中藥許可證系統查詢。

外用產品請依標示使用；身體不適、症狀持續或惡化時，請諮詢醫師或藥師。
下單前可先私訊索取藥證查詢方式與外盒標示照片。","","圖卡：爬山後腿部按摩提醒 / 藥證可查 / 依標示使用","建議搭配：外盒標示實拍、藥證查詢截圖、產品質地短影片、客服回覆截圖（遮個資）。","衛福部中藥許可證：衛署成製015614；類別：乙類成藥；劑型：油膏劑。","退換貨、付款、客服、出貨、價格、通路與任何見證內容，發布前須由人工確認。","NO_LINE_API_CALL_NO_AUTO_PUBLISH_REVIEW_QUEUE_ONLY","","","","2026-09-26"
"LINE_DRYRUN_231","LINE231","LINE_OA_LINE231_V2","LINE_OA","2026-10-10","12:00","外用膏一次擦多少才剛好","G","低","pending_legal_pharmacist_review","NO","FUTURE_RESCHEDULED_PENDING_HUMAN_REVIEW_ONLY","NEEDS_HUMAN_REVIEW_SAFE_TERM_CHECK","","外用膏一次擦多少才剛好","外用膏一次擦多少才剛好

很多人不是不想保養，是不知道什麼情況該先問清楚。

這款定位是外用油膏，重點是局部按摩、依標示使用。衛署成製015614，乙類成藥，資料可至衛福部中藥許可證系統查詢。

外用產品請依標示使用；身體不適、症狀持續或惡化時，請諮詢醫師或藥師。
下單前可先私訊索取藥證查詢方式與外盒標示照片。","","圖卡：外用膏一次擦多少才剛好 / 藥證可查 / 依標示使用","建議搭配：外盒標示實拍、藥證查詢截圖、產品質地短影片、客服回覆截圖（遮個資）。","衛福部中藥許可證：衛署成製015614；類別：乙類成藥；劑型：油膏劑。","退換貨、付款、客服、出貨、價格、通路與任何見證內容，發布前須由人工確認。","NO_LINE_API_CALL_NO_AUTO_PUBLISH_REVIEW_QUEUE_ONLY","","","","2026-09-27"
"LINE_DRYRUN_232","LINE232","LINE_OA_LINE232_V2","LINE_OA","2026-10-10","20:00","散步後的膝周保養","D","中","pending_legal_pharmacist_review","NO","FUTURE_RESCHEDULED_PENDING_HUMAN_REVIEW_ONLY","NEEDS_HUMAN_REVIEW_SAFE_TERM_CHECK","","散步後的膝周保養","散步後的膝周保養

幫長輩準備外用產品時，最重要的是安全、清楚、不要亂用。

這款定位是外用油膏，重點是局部按摩、依標示使用。衛署成製015614，乙類成藥，資料可至衛福部中藥許可證系統查詢。

外用產品請依標示使用；身體不適、症狀持續或惡化時，請諮詢醫師或藥師。
下單前可先私訊索取藥證查詢方式與外盒標示照片。","","圖卡：散步後的膝周保養 / 藥證可查 / 依標示使用","建議搭配：外盒標示實拍、藥證查詢截圖、產品質地短影片、客服回覆截圖（遮個資）。","衛福部中藥許可證：衛署成製015614；類別：乙類成藥；劑型：油膏劑。","退換貨、付款、客服、出貨、價格、通路與任何見證內容，發布前須由人工確認。","NO_LINE_API_CALL_NO_AUTO_PUBLISH_REVIEW_QUEUE_ONLY","","","","2026-09-27"
"LINE_DRYRUN_233","LINE233","LINE_OA_LINE233_V2","LINE_OA","2026-10-11","12:00","肩頸按摩不要只靠用力","B","低","pending_legal_pharmacist_review","NO","FUTURE_RESCHEDULED_PENDING_HUMAN_REVIEW_ONLY","NEEDS_HUMAN_REVIEW_SAFE_TERM_CHECK","","肩頸按摩不要只靠用力","肩頸按摩不要只靠用力

久坐、低頭、開會一整天後，肩頸常會提醒你該放鬆一下。

這款定位是外用油膏，重點是局部按摩、依標示使用。衛署成製015614，乙類成藥，資料可至衛福部中藥許可證系統查詢。

外用產品請依標示使用；身體不適、症狀持續或惡化時，請諮詢醫師或藥師。
下單前可先私訊索取藥證查詢方式與外盒標示照片。","","圖卡：肩頸按摩不要只靠用力 / 藥證可查 / 依標示使用","建議搭配：外盒標示實拍、藥證查詢截圖、產品質地短影片、客服回覆截圖（遮個資）。","衛福部中藥許可證：衛署成製015614；類別：乙類成藥；劑型：油膏劑。","退換貨、付款、客服、出貨、價格、通路與任何見證內容，發布前須由人工確認。","NO_LINE_API_CALL_NO_AUTO_PUBLISH_REVIEW_QUEUE_ONLY","","","","2026-09-28"
"LINE_DRYRUN_234","LINE234","LINE_OA_LINE234_V2","LINE_OA","2026-10-11","20:00","油膏劑為什麼適合局部按摩","A","中","pending_legal_pharmacist_review","NO","FUTURE_RESCHEDULED_PENDING_HUMAN_REVIEW_ONLY","NEEDS_HUMAN_REVIEW_SAFE_TERM_CHECK","","油膏劑為什麼適合局部按摩","油膏劑為什麼適合局部按摩

下單前，先看得懂標示與成分，比聽誇張話術更安心。

這款定位是外用油膏，重點是局部按摩、依標示使用。衛署成製015614，乙類成藥，資料可至衛福部中藥許可證系統查詢。

外用產品請依標示使用；身體不適、症狀持續或惡化時，請諮詢醫師或藥師。
下單前可先私訊索取藥證查詢方式與外盒標示照片。","","圖卡：油膏劑為什麼適合局部按摩 / 藥證可查 / 依標示使用","建議搭配：外盒標示實拍、藥證查詢截圖、產品質地短影片、客服回覆截圖（遮個資）。","衛福部中藥許可證：衛署成製015614；類別：乙類成藥；劑型：油膏劑。","退換貨、付款、客服、出貨、價格、通路與任何見證內容，發布前須由人工確認。","NO_LINE_API_CALL_NO_AUTO_PUBLISH_REVIEW_QUEUE_ONLY","","","","2026-09-28"
"LINE_DRYRUN_235","LINE235","LINE_OA_LINE235_V2","LINE_OA","2026-10-12","12:00","大暑午後少久站硬撐","F","低","pending_legal_pharmacist_review","NO","FUTURE_RESCHEDULED_PENDING_HUMAN_REVIEW_ONLY","NEEDS_HUMAN_REVIEW_SAFE_TERM_CHECK","","大暑午後少久站硬撐","大暑午後少久站硬撐

換季時，身體保養不需要複雜，穩定的小習慣比較長久。

這款定位是外用油膏，重點是局部按摩、依標示使用。衛署成製015614，乙類成藥，資料可至衛福部中藥許可證系統查詢。

外用產品請依標示使用；身體不適、症狀持續或惡化時，請諮詢醫師或藥師。
下單前可先私訊索取藥證查詢方式與外盒標示照片。","","圖卡：大暑午後少久站硬撐 / 藥證可查 / 依標示使用","建議搭配：外盒標示實拍、藥證查詢截圖、產品質地短影片、客服回覆截圖（遮個資）。","衛福部中藥許可證：衛署成製015614；類別：乙類成藥；劑型：油膏劑。","退換貨、付款、客服、出貨、價格、通路與任何見證內容，發布前須由人工確認。","NO_LINE_API_CALL_NO_AUTO_PUBLISH_REVIEW_QUEUE_ONLY","","","","2026-09-29"
"LINE_DRYRUN_236","LINE236","LINE_OA_LINE236_V2","LINE_OA","2026-10-12","20:00","不要密封包紮或大面積厚敷","E","高","pending_legal_pharmacist_review","NO","FUTURE_RESCHEDULED_PENDING_HUMAN_REVIEW_ONLY","NEEDS_HUMAN_REVIEW_SAFE_TERM_CHECK","","不要密封包紮或大面積厚敷","不要密封包紮或大面積厚敷

外用產品不是擦越多越好，用對位置、避開風險才安心。

這款定位是外用油膏，重點是局部按摩、依標示使用。衛署成製015614，乙類成藥，資料可至衛福部中藥許可證系統查詢。

外用產品請依標示使用；身體不適、症狀持續或惡化時，請諮詢醫師或藥師。
下單前可先私訊索取藥證查詢方式與外盒標示照片。","","圖卡：不要密封包紮或大面積厚敷 / 藥證可查 / 依標示使用","建議搭配：外盒標示實拍、藥證查詢截圖、產品質地短影片、客服回覆截圖（遮個資）。","衛福部中藥許可證：衛署成製015614；類別：乙類成藥；劑型：油膏劑。","退換貨、付款、客服、出貨、價格、通路與任何見證內容，發布前須由人工確認。","NO_LINE_API_CALL_NO_AUTO_PUBLISH_REVIEW_QUEUE_ONLY","","","","2026-09-29"
"LINE_DRYRUN_237","LINE237","LINE_OA_LINE237_V2","LINE_OA","2026-10-13","12:00","什麼是乙類成藥","H","中","pending_legal_pharmacist_review","NO","FUTURE_RESCHEDULED_PENDING_HUMAN_REVIEW_ONLY","NEEDS_HUMAN_REVIEW_SAFE_TERM_CHECK","","什麼是乙類成藥","什麼是乙類成藥

我們寧願把資料講清楚，也不想用誇大的話讓你衝動購買。

這款定位是外用油膏，重點是局部按摩、依標示使用。衛署成製015614，乙類成藥，資料可至衛福部中藥許可證系統查詢。

外用產品請依標示使用；身體不適、症狀持續或惡化時，請諮詢醫師或藥師。
下單前可先私訊索取藥證查詢方式與外盒標示照片。","","圖卡：什麼是乙類成藥 / 藥證可查 / 依標示使用","建議搭配：外盒標示實拍、藥證查詢截圖、產品質地短影片、客服回覆截圖（遮個資）。","衛福部中藥許可證：衛署成製015614；類別：乙類成藥；劑型：油膏劑。","退換貨、付款、客服、出貨、價格、通路與任何見證內容，發布前須由人工確認。","NO_LINE_API_CALL_NO_AUTO_PUBLISH_REVIEW_QUEUE_ONLY","","","","2026-09-30"
"LINE_DRYRUN_238","LINE238","LINE_OA_LINE238_V2","LINE_OA","2026-10-13","20:00","涼感越強越有效嗎","G","低","pending_legal_pharmacist_review","NO","FUTURE_RESCHEDULED_PENDING_HUMAN_REVIEW_ONLY","NEEDS_HUMAN_REVIEW_SAFE_TERM_CHECK","","涼感越強越有效嗎","涼感越強越有效嗎

很多人不是不想保養，是不知道什麼情況該先問清楚。

這款定位是外用油膏，重點是局部按摩、依標示使用。衛署成製015614，乙類成藥，資料可至衛福部中藥許可證系統查詢。

外用產品請依標示使用；身體不適、症狀持續或惡化時，請諮詢醫師或藥師。
下單前可先私訊索取藥證查詢方式與外盒標示照片。","","圖卡：涼感越強越有效嗎 / 藥證可查 / 依標示使用","建議搭配：外盒標示實拍、藥證查詢截圖、產品質地短影片、客服回覆截圖（遮個資）。","衛福部中藥許可證：衛署成製015614；類別：乙類成藥；劑型：油膏劑。","退換貨、付款、客服、出貨、價格、通路與任何見證內容，發布前須由人工確認。","NO_LINE_API_CALL_NO_AUTO_PUBLISH_REVIEW_QUEUE_ONLY","","","","2026-09-30"
"LINE_DRYRUN_239","LINE239","LINE_OA_LINE239_V2","LINE_OA","2026-10-14","12:00","重訓後肩背局部舒緩","C","中","pending_legal_pharmacist_review","NO","FUTURE_RESCHEDULED_PENDING_HUMAN_REVIEW_ONLY","PASS_DRY_RUN_PENDING_HUMAN_REVIEW","","重訓後肩背局部舒緩","重訓後肩背局部舒緩

運動、搬重物、久站後，身體局部不適時，先休息、觀察，再做保守保養。

這款定位是外用油膏，重點是局部按摩、依標示使用。衛署成製015614，乙類成藥，資料可至衛福部中藥許可證系統查詢。

外用產品請依標示使用；身體不適、症狀持續或惡化時，請諮詢醫師或藥師。
下單前可先私訊索取藥證查詢方式與外盒標示照片。","","圖卡：重訓後肩背局部舒緩 / 藥證可查 / 依標示使用","建議搭配：外盒標示實拍、藥證查詢截圖、產品質地短影片、客服回覆截圖（遮個資）。","衛福部中藥許可證：衛署成製015614；類別：乙類成藥；劑型：油膏劑。","退換貨、付款、客服、出貨、價格、通路與任何見證內容，發布前須由人工確認。","NO_LINE_API_CALL_NO_AUTO_PUBLISH_REVIEW_QUEUE_ONLY","","","","2026-10-01"
"LINE_DRYRUN_240","LINE240","LINE_OA_LINE240_V2","LINE_OA","2026-10-14","20:00","乙類成藥與一般保健品差異","A","中","pending_legal_pharmacist_review","NO","FUTURE_RESCHEDULED_PENDING_HUMAN_REVIEW_ONLY","NEEDS_HUMAN_REVIEW_SAFE_TERM_CHECK","","乙類成藥與一般保健品差異","乙類成藥與一般保健品差異

下單前，先看得懂標示與成分，比聽誇張話術更安心。

這款定位是外用油膏，重點是局部按摩、依標示使用。衛署成製015614，乙類成藥，資料可至衛福部中藥許可證系統查詢。

外用產品請依標示使用；身體不適、症狀持續或惡化時，請諮詢醫師或藥師。
下單前可先私訊索取藥證查詢方式與外盒標示照片。","","圖卡：乙類成藥與一般保健品差異 / 藥證可查 / 依標示使用","建議搭配：外盒標示實拍、藥證查詢截圖、產品質地短影片、客服回覆截圖（遮個資）。","衛福部中藥許可證：衛署成製015614；類別：乙類成藥；劑型：油膏劑。","退換貨、付款、客服、出貨、價格、通路與任何見證內容，發布前須由人工確認。","NO_LINE_API_CALL_NO_AUTO_PUBLISH_REVIEW_QUEUE_ONLY","","","","2026-10-01"
"LINE_DRYRUN_241","LINE241","LINE_OA_LINE241_V2","LINE_OA","2026-10-15","12:00","天氣變化時的活動舒適感","D","中","pending_legal_pharmacist_review","NO","FUTURE_RESCHEDULED_PENDING_HUMAN_REVIEW_ONLY","NEEDS_HUMAN_REVIEW_SAFE_TERM_CHECK","","天氣變化時的活動舒適感","天氣變化時的活動舒適感

幫長輩準備外用產品時，最重要的是安全、清楚、不要亂用。

這款定位是外用油膏，重點是局部按摩、依標示使用。衛署成製015614，乙類成藥，資料可至衛福部中藥許可證系統查詢。

外用產品請依標示使用；身體不適、症狀持續或惡化時，請諮詢醫師或藥師。
下單前可先私訊索取藥證查詢方式與外盒標示照片。","","圖卡：天氣變化時的活動舒適感 / 藥證可查 / 依標示使用","建議搭配：外盒標示實拍、藥證查詢截圖、產品質地短影片、客服回覆截圖（遮個資）。","衛福部中藥許可證：衛署成製015614；類別：乙類成藥；劑型：油膏劑。","退換貨、付款、客服、出貨、價格、通路與任何見證內容，發布前須由人工確認。","NO_LINE_API_CALL_NO_AUTO_PUBLISH_REVIEW_QUEUE_ONLY","","","","2026-10-02"
"LINE_DRYRUN_242","LINE242","LINE_OA_LINE242_V2","LINE_OA","2026-10-15","20:00","水楊酸或阿斯匹靈過敏者注意","E","高","pending_legal_pharmacist_review","NO","FUTURE_RESCHEDULED_PENDING_HUMAN_REVIEW_ONLY","NEEDS_HUMAN_REVIEW_SAFE_TERM_CHECK","","水楊酸或阿斯匹靈過敏者注意","水楊酸或阿斯匹靈過敏者注意

外用產品不是擦越多越好，用對位置、避開風險才安心。

這款定位是外用油膏，重點是局部按摩、依標示使用。衛署成製015614，乙類成藥，資料可至衛福部中藥許可證系統查詢。

外用產品請依標示使用；身體不適、症狀持續或惡化時，請諮詢醫師或藥師。
下單前可先私訊索取藥證查詢方式與外盒標示照片。","","圖卡：水楊酸或阿斯匹靈過敏者注意 / 藥證可查 / 依標示使用","建議搭配：外盒標示實拍、藥證查詢截圖、產品質地短影片、客服回覆截圖（遮個資）。","衛福部中藥許可證：衛署成製015614；類別：乙類成藥；劑型：油膏劑。","退換貨、付款、客服、出貨、價格、通路與任何見證內容，發布前須由人工確認。","NO_LINE_API_CALL_NO_AUTO_PUBLISH_REVIEW_QUEUE_ONLY","","","","2026-10-02"
"LINE_DRYRUN_243","LINE243","LINE_OA_LINE243_V2","LINE_OA","2026-10-16","12:00","立秋後早晚溫差保養","F","低","pending_legal_pharmacist_review","NO","FUTURE_RESCHEDULED_PENDING_HUMAN_REVIEW_ONLY","NEEDS_HUMAN_REVIEW_SAFE_TERM_CHECK","","立秋後早晚溫差保養","立秋後早晚溫差保養

換季時，身體保養不需要複雜，穩定的小習慣比較長久。

這款定位是外用油膏，重點是局部按摩、依標示使用。衛署成製015614，乙類成藥，資料可至衛福部中藥許可證系統查詢。

外用產品請依標示使用；身體不適、症狀持續或惡化時，請諮詢醫師或藥師。
下單前可先私訊索取藥證查詢方式與外盒標示照片。","","圖卡：立秋後早晚溫差保養 / 藥證可查 / 依標示使用","建議搭配：外盒標示實拍、藥證查詢截圖、產品質地短影片、客服回覆截圖（遮個資）。","衛福部中藥許可證：衛署成製015614；類別：乙類成藥；劑型：油膏劑。","退換貨、付款、客服、出貨、價格、通路與任何見證內容，發布前須由人工確認。","NO_LINE_API_CALL_NO_AUTO_PUBLISH_REVIEW_QUEUE_ONLY","","","","2026-10-03"
"LINE_DRYRUN_244","LINE244","LINE_OA_LINE244_V2","LINE_OA","2026-10-16","20:00","家事後手臂不適保養","C","中","pending_legal_pharmacist_review","NO","FUTURE_RESCHEDULED_PENDING_HUMAN_REVIEW_ONLY","NEEDS_HUMAN_REVIEW_SAFE_TERM_CHECK","","家事後手臂不適保養","家事後手臂不適保養

運動、搬重物、久站後，身體局部不適時，先休息、觀察，再做保守保養。

這款定位是外用油膏，重點是局部按摩、依標示使用。衛署成製015614，乙類成藥，資料可至衛福部中藥許可證系統查詢。

外用產品請依標示使用；身體不適、症狀持續或惡化時，請諮詢醫師或藥師。
下單前可先私訊索取藥證查詢方式與外盒標示照片。","","圖卡：家事後手臂不適保養 / 藥證可查 / 依標示使用","建議搭配：外盒標示實拍、藥證查詢截圖、產品質地短影片、客服回覆截圖（遮個資）。","衛福部中藥許可證：衛署成製015614；類別：乙類成藥；劑型：油膏劑。","退換貨、付款、客服、出貨、價格、通路與任何見證內容，發布前須由人工確認。","NO_LINE_API_CALL_NO_AUTO_PUBLISH_REVIEW_QUEUE_ONLY","","","","2026-10-03"
"LINE_DRYRUN_245","LINE245","LINE_OA_LINE245_V2","LINE_OA","2026-10-17","12:00","你有看過外用產品標示嗎","G","低","pending_legal_pharmacist_review","NO","FUTURE_RESCHEDULED_PENDING_HUMAN_REVIEW_ONLY","NEEDS_HUMAN_REVIEW_SAFE_TERM_CHECK","","你有看過外用產品標示嗎","你有看過外用產品標示嗎

很多人不是不想保養，是不知道什麼情況該先問清楚。

這款定位是外用油膏，重點是局部按摩、依標示使用。衛署成製015614，乙類成藥，資料可至衛福部中藥許可證系統查詢。

外用產品請依標示使用；身體不適、症狀持續或惡化時，請諮詢醫師或藥師。
下單前可先私訊索取藥證查詢方式與外盒標示照片。","","圖卡：你有看過外用產品標示嗎 / 藥證可查 / 依標示使用","建議搭配：外盒標示實拍、藥證查詢截圖、產品質地短影片、客服回覆截圖（遮個資）。","衛福部中藥許可證：衛署成製015614；類別：乙類成藥；劑型：油膏劑。","退換貨、付款、客服、出貨、價格、通路與任何見證內容，發布前須由人工確認。","NO_LINE_API_CALL_NO_AUTO_PUBLISH_REVIEW_QUEUE_ONLY","","","","2026-10-04"
"LINE_DRYRUN_246","LINE246","LINE_OA_LINE246_V2","LINE_OA","2026-10-17","20:00","長輩按摩力道不要過重","D","中","pending_legal_pharmacist_review","NO","FUTURE_RESCHEDULED_PENDING_HUMAN_REVIEW_ONLY","NEEDS_HUMAN_REVIEW_SAFE_TERM_CHECK","","長輩按摩力道不要過重","長輩按摩力道不要過重

幫長輩準備外用產品時，最重要的是安全、清楚、不要亂用。

這款定位是外用油膏，重點是局部按摩、依標示使用。衛署成製015614，乙類成藥，資料可至衛福部中藥許可證系統查詢。

外用產品請依標示使用；身體不適、症狀持續或惡化時，請諮詢醫師或藥師。
下單前可先私訊索取藥證查詢方式與外盒標示照片。","","圖卡：長輩按摩力道不要過重 / 藥證可查 / 依標示使用","建議搭配：外盒標示實拍、藥證查詢截圖、產品質地短影片、客服回覆截圖（遮個資）。","衛福部中藥許可證：衛署成製015614；類別：乙類成藥；劑型：油膏劑。","退換貨、付款、客服、出貨、價格、通路與任何見證內容，發布前須由人工確認。","NO_LINE_API_CALL_NO_AUTO_PUBLISH_REVIEW_QUEUE_ONLY","","","","2026-10-04"
"LINE_DRYRUN_247","LINE247","LINE_OA_LINE247_V2","LINE_OA","2026-10-18","12:00","久坐族晚間舒緩儀式","B","低","pending_legal_pharmacist_review","NO","FUTURE_RESCHEDULED_PENDING_HUMAN_REVIEW_ONLY","NEEDS_HUMAN_REVIEW_SAFE_TERM_CHECK","","久坐族晚間舒緩儀式","久坐族晚間舒緩儀式

久坐、低頭、開會一整天後，肩頸常會提醒你該放鬆一下。

這款定位是外用油膏，重點是局部按摩、依標示使用。衛署成製015614，乙類成藥，資料可至衛福部中藥許可證系統查詢。

外用產品請依標示使用；身體不適、症狀持續或惡化時，請諮詢醫師或藥師。
下單前可先私訊索取藥證查詢方式與外盒標示照片。","","圖卡：久坐族晚間舒緩儀式 / 藥證可查 / 依標示使用","建議搭配：外盒標示實拍、藥證查詢截圖、產品質地短影片、客服回覆截圖（遮個資）。","衛福部中藥許可證：衛署成製015614；類別：乙類成藥；劑型：油膏劑。","退換貨、付款、客服、出貨、價格、通路與任何見證內容，發布前須由人工確認。","NO_LINE_API_CALL_NO_AUTO_PUBLISH_REVIEW_QUEUE_ONLY","","","","2026-10-05"
"LINE_DRYRUN_248","LINE248","LINE_OA_LINE248_V2","LINE_OA","2026-10-18","20:00","一條根外用膏的日常定位","A","中","pending_legal_pharmacist_review","NO","FUTURE_RESCHEDULED_PENDING_HUMAN_REVIEW_ONLY","NEEDS_HUMAN_REVIEW_SAFE_TERM_CHECK","","一條根外用膏的日常定位","一條根外用膏的日常定位

下單前，先看得懂標示與成分，比聽誇張話術更安心。

這款定位是外用油膏，重點是局部按摩、依標示使用。衛署成製015614，乙類成藥，資料可至衛福部中藥許可證系統查詢。

外用產品請依標示使用；身體不適、症狀持續或惡化時，請諮詢醫師或藥師。
下單前可先私訊索取藥證查詢方式與外盒標示照片。","","圖卡：一條根外用膏的日常定位 / 藥證可查 / 依標示使用","建議搭配：外盒標示實拍、藥證查詢截圖、產品質地短影片、客服回覆截圖（遮個資）。","衛福部中藥許可證：衛署成製015614；類別：乙類成藥；劑型：油膏劑。","退換貨、付款、客服、出貨、價格、通路與任何見證內容，發布前須由人工確認。","NO_LINE_API_CALL_NO_AUTO_PUBLISH_REVIEW_QUEUE_ONLY","","","","2026-10-05"
"LINE_DRYRUN_249","LINE249","LINE_OA_LINE249_V2","LINE_OA","2026-10-19","12:00","處暑後運動暖身提醒","F","低","pending_legal_pharmacist_review","NO","FUTURE_RESCHEDULED_PENDING_HUMAN_REVIEW_ONLY","NEEDS_HUMAN_REVIEW_SAFE_TERM_CHECK","","處暑後運動暖身提醒","處暑後運動暖身提醒

換季時，身體保養不需要複雜，穩定的小習慣比較長久。

這款定位是外用油膏，重點是局部按摩、依標示使用。衛署成製015614，乙類成藥，資料可至衛福部中藥許可證系統查詢。

外用產品請依標示使用；身體不適、症狀持續或惡化時，請諮詢醫師或藥師。
下單前可先私訊索取藥證查詢方式與外盒標示照片。","","圖卡：處暑後運動暖身提醒 / 藥證可查 / 依標示使用","建議搭配：外盒標示實拍、藥證查詢截圖、產品質地短影片、客服回覆截圖（遮個資）。","衛福部中藥許可證：衛署成製015614；類別：乙類成藥；劑型：油膏劑。","退換貨、付款、客服、出貨、價格、通路與任何見證內容，發布前須由人工確認。","NO_LINE_API_CALL_NO_AUTO_PUBLISH_REVIEW_QUEUE_ONLY","","","","2026-10-06"
"LINE_DRYRUN_250","LINE250","LINE_OA_LINE250_V2","LINE_OA","2026-10-19","20:00","兒童使用前的安全提醒","E","高","pending_legal_pharmacist_review","NO","FUTURE_RESCHEDULED_PENDING_HUMAN_REVIEW_ONLY","NEEDS_HUMAN_REVIEW_SAFE_TERM_CHECK","","兒童使用前的安全提醒","兒童使用前的安全提醒

外用產品不是擦越多越好，用對位置、避開風險才安心。

這款定位是外用油膏，重點是局部按摩、依標示使用。衛署成製015614，乙類成藥，資料可至衛福部中藥許可證系統查詢。

外用產品請依標示使用；身體不適、症狀持續或惡化時，請諮詢醫師或藥師。
下單前可先私訊索取藥證查詢方式與外盒標示照片。","","圖卡：兒童使用前的安全提醒 / 藥證可查 / 依標示使用","建議搭配：外盒標示實拍、藥證查詢截圖、產品質地短影片、客服回覆截圖（遮個資）。","衛福部中藥許可證：衛署成製015614；類別：乙類成藥；劑型：油膏劑。","退換貨、付款、客服、出貨、價格、通路與任何見證內容，發布前須由人工確認。","NO_LINE_API_CALL_NO_AUTO_PUBLISH_REVIEW_QUEUE_ONLY","","","","2026-10-06"
"LINE_DRYRUN_251","LINE251","LINE_OA_LINE251_V2","LINE_OA","2026-10-20","12:00","官方適應症與社群文案的差異","H","中","pending_legal_pharmacist_review","NO","FUTURE_RESCHEDULED_PENDING_HUMAN_REVIEW_ONLY","NEEDS_HUMAN_REVIEW_SAFE_TERM_CHECK","","官方適應症與社群文案的差異","官方適應症與社群文案的差異

我們寧願把資料講清楚，也不想用誇大的話讓你衝動購買。

這款定位是外用油膏，重點是局部按摩、依標示使用。衛署成製015614，乙類成藥，資料可至衛福部中藥許可證系統查詢。

外用產品請依標示使用；身體不適、症狀持續或惡化時，請諮詢醫師或藥師。
下單前可先私訊索取藥證查詢方式與外盒標示照片。","","圖卡：官方適應症與社群文案的差異 / 藥證可查 / 依標示使用","建議搭配：外盒標示實拍、藥證查詢截圖、產品質地短影片、客服回覆截圖（遮個資）。","衛福部中藥許可證：衛署成製015614；類別：乙類成藥；劑型：油膏劑。","退換貨、付款、客服、出貨、價格、通路與任何見證內容，發布前須由人工確認。","NO_LINE_API_CALL_NO_AUTO_PUBLISH_REVIEW_QUEUE_ONLY","","","","2026-10-07"
"LINE_DRYRUN_252","LINE252","LINE_OA_LINE252_V2","LINE_OA","2026-10-20","20:00","久坐族最想舒緩哪裡","G","低","pending_legal_pharmacist_review","NO","FUTURE_RESCHEDULED_PENDING_HUMAN_REVIEW_ONLY","NEEDS_HUMAN_REVIEW_SAFE_TERM_CHECK","","久坐族最想舒緩哪裡","久坐族最想舒緩哪裡

很多人不是不想保養，是不知道什麼情況該先問清楚。

這款定位是外用油膏，重點是局部按摩、依標示使用。衛署成製015614，乙類成藥，資料可至衛福部中藥許可證系統查詢。

外用產品請依標示使用；身體不適、症狀持續或惡化時，請諮詢醫師或藥師。
下單前可先私訊索取藥證查詢方式與外盒標示照片。","","圖卡：久坐族最想舒緩哪裡 / 藥證可查 / 依標示使用","建議搭配：外盒標示實拍、藥證查詢截圖、產品質地短影片、客服回覆截圖（遮個資）。","衛福部中藥許可證：衛署成製015614；類別：乙類成藥；劑型：油膏劑。","退換貨、付款、客服、出貨、價格、通路與任何見證內容，發布前須由人工確認。","NO_LINE_API_CALL_NO_AUTO_PUBLISH_REVIEW_QUEUE_ONLY","","","","2026-10-07"
"LINE_DRYRUN_253","LINE253","LINE_OA_LINE253_V2","LINE_OA","2026-10-21","12:00","跑步後膝周不適的保守提醒","C","中","pending_legal_pharmacist_review","NO","FUTURE_RESCHEDULED_PENDING_HUMAN_REVIEW_ONLY","NEEDS_HUMAN_REVIEW_SAFE_TERM_CHECK","","跑步後膝周不適的保守提醒","跑步後膝周不適的保守提醒

運動、搬重物、久站後，身體局部不適時，先休息、觀察，再做保守保養。

這款定位是外用油膏，重點是局部按摩、依標示使用。衛署成製015614，乙類成藥，資料可至衛福部中藥許可證系統查詢。

外用產品請依標示使用；身體不適、症狀持續或惡化時，請諮詢醫師或藥師。
下單前可先私訊索取藥證查詢方式與外盒標示照片。","","圖卡：跑步後膝周不適的保守提醒 / 藥證可查 / 依標示使用","建議搭配：外盒標示實拍、藥證查詢截圖、產品質地短影片、客服回覆截圖（遮個資）。","衛福部中藥許可證：衛署成製015614；類別：乙類成藥；劑型：油膏劑。","退換貨、付款、客服、出貨、價格、通路與任何見證內容，發布前須由人工確認。","NO_LINE_API_CALL_NO_AUTO_PUBLISH_REVIEW_QUEUE_ONLY","","","","2026-10-08"
"LINE_DRYRUN_254","LINE254","LINE_OA_LINE254_V2","LINE_OA","2026-10-21","20:00","成分濃度為什麼要看標示","A","中","pending_legal_pharmacist_review","NO","FUTURE_RESCHEDULED_PENDING_HUMAN_REVIEW_ONLY","NEEDS_HUMAN_REVIEW_SAFE_TERM_CHECK","","成分濃度為什麼要看標示","成分濃度為什麼要看標示

下單前，先看得懂標示與成分，比聽誇張話術更安心。

這款定位是外用油膏，重點是局部按摩、依標示使用。衛署成製015614，乙類成藥，資料可至衛福部中藥許可證系統查詢。

外用產品請依標示使用；身體不適、症狀持續或惡化時，請諮詢醫師或藥師。
下單前可先私訊索取藥證查詢方式與外盒標示照片。","","圖卡：成分濃度為什麼要看標示 / 藥證可查 / 依標示使用","建議搭配：外盒標示實拍、藥證查詢截圖、產品質地短影片、客服回覆截圖（遮個資）。","衛福部中藥許可證：衛署成製015614；類別：乙類成藥；劑型：油膏劑。","退換貨、付款、客服、出貨、價格、通路與任何見證內容，發布前須由人工確認。","NO_LINE_API_CALL_NO_AUTO_PUBLISH_REVIEW_QUEUE_ONLY","","","","2026-10-08"
"LINE_DRYRUN_255","LINE255","LINE_OA_LINE255_V2","LINE_OA","2026-10-22","12:00","照顧爸媽時的外用提醒","D","中","pending_legal_pharmacist_review","NO","FUTURE_RESCHEDULED_PENDING_HUMAN_REVIEW_ONLY","NEEDS_HUMAN_REVIEW_SAFE_TERM_CHECK","","照顧爸媽時的外用提醒","照顧爸媽時的外用提醒

幫長輩準備外用產品時，最重要的是安全、清楚、不要亂用。

這款定位是外用油膏，重點是局部按摩、依標示使用。衛署成製015614，乙類成藥，資料可至衛福部中藥許可證系統查詢。

外用產品請依標示使用；身體不適、症狀持續或惡化時，請諮詢醫師或藥師。
下單前可先私訊索取藥證查詢方式與外盒標示照片。","","圖卡：照顧爸媽時的外用提醒 / 藥證可查 / 依標示使用","建議搭配：外盒標示實拍、藥證查詢截圖、產品質地短影片、客服回覆截圖（遮個資）。","衛福部中藥許可證：衛署成製015614；類別：乙類成藥；劑型：油膏劑。","退換貨、付款、客服、出貨、價格、通路與任何見證內容，發布前須由人工確認。","NO_LINE_API_CALL_NO_AUTO_PUBLISH_REVIEW_QUEUE_ONLY","","","","2026-10-09"
"LINE_DRYRUN_256","LINE256","LINE_OA_LINE256_V2","LINE_OA","2026-10-22","20:00","孕婦與哺乳族群先詢問專業人員","E","高","pending_legal_pharmacist_review","NO","FUTURE_RESCHEDULED_PENDING_HUMAN_REVIEW_ONLY","NEEDS_HUMAN_REVIEW_SAFE_TERM_CHECK","","孕婦與哺乳族群先詢問專業人員","孕婦與哺乳族群先詢問專業人員

外用產品不是擦越多越好，用對位置、避開風險才安心。

這款定位是外用油膏，重點是局部按摩、依標示使用。衛署成製015614，乙類成藥，資料可至衛福部中藥許可證系統查詢。

外用產品請依標示使用；身體不適、症狀持續或惡化時，請諮詢醫師或藥師。
下單前可先私訊索取藥證查詢方式與外盒標示照片。","","圖卡：孕婦與哺乳族群先詢問專業人員 / 藥證可查 / 依標示使用","建議搭配：外盒標示實拍、藥證查詢截圖、產品質地短影片、客服回覆截圖（遮個資）。","衛福部中藥許可證：衛署成製015614；類別：乙類成藥；劑型：油膏劑。","退換貨、付款、客服、出貨、價格、通路與任何見證內容，發布前須由人工確認。","NO_LINE_API_CALL_NO_AUTO_PUBLISH_REVIEW_QUEUE_ONLY","","","","2026-10-09"
"LINE_DRYRUN_257","LINE257","LINE_OA_LINE257_V2","LINE_OA","2026-10-23","12:00","白露時節關心長輩活動","F","低","pending_legal_pharmacist_review","NO","FUTURE_RESCHEDULED_PENDING_HUMAN_REVIEW_ONLY","NEEDS_HUMAN_REVIEW_SAFE_TERM_CHECK","","白露時節關心長輩活動","白露時節關心長輩活動

換季時，身體保養不需要複雜，穩定的小習慣比較長久。

這款定位是外用油膏，重點是局部按摩、依標示使用。衛署成製015614，乙類成藥，資料可至衛福部中藥許可證系統查詢。

外用產品請依標示使用；身體不適、症狀持續或惡化時，請諮詢醫師或藥師。
下單前可先私訊索取藥證查詢方式與外盒標示照片。","","圖卡：白露時節關心長輩活動 / 藥證可查 / 依標示使用","建議搭配：外盒標示實拍、藥證查詢截圖、產品質地短影片、客服回覆截圖（遮個資）。","衛福部中藥許可證：衛署成製015614；類別：乙類成藥；劑型：油膏劑。","退換貨、付款、客服、出貨、價格、通路與任何見證內容，發布前須由人工確認。","NO_LINE_API_CALL_NO_AUTO_PUBLISH_REVIEW_QUEUE_ONLY","","","","2026-10-10"
"LINE_DRYRUN_258","LINE258","LINE_OA_LINE258_V2","LINE_OA","2026-10-23","20:00","勞動後先休息再按摩","C","中","pending_legal_pharmacist_review","NO","FUTURE_RESCHEDULED_PENDING_HUMAN_REVIEW_ONLY","NEEDS_HUMAN_REVIEW_SAFE_TERM_CHECK","","勞動後先休息再按摩","勞動後先休息再按摩

運動、搬重物、久站後，身體局部不適時，先休息、觀察，再做保守保養。

這款定位是外用油膏，重點是局部按摩、依標示使用。衛署成製015614，乙類成藥，資料可至衛福部中藥許可證系統查詢。

外用產品請依標示使用；身體不適、症狀持續或惡化時，請諮詢醫師或藥師。
下單前可先私訊索取藥證查詢方式與外盒標示照片。","","圖卡：勞動後先休息再按摩 / 藥證可查 / 依標示使用","建議搭配：外盒標示實拍、藥證查詢截圖、產品質地短影片、客服回覆截圖（遮個資）。","衛福部中藥許可證：衛署成製015614；類別：乙類成藥；劑型：油膏劑。","退換貨、付款、客服、出貨、價格、通路與任何見證內容，發布前須由人工確認。","NO_LINE_API_CALL_NO_AUTO_PUBLISH_REVIEW_QUEUE_ONLY","","","","2026-10-10"
"LINE_DRYRUN_259","LINE259","LINE_OA_LINE259_V2","LINE_OA","2026-10-24","12:00","長輩使用外用膏你會提醒什麼","G","低","pending_legal_pharmacist_review","NO","FUTURE_RESCHEDULED_PENDING_HUMAN_REVIEW_ONLY","NEEDS_HUMAN_REVIEW_SAFE_TERM_CHECK","","長輩使用外用膏你會提醒什麼","長輩使用外用膏你會提醒什麼

很多人不是不想保養，是不知道什麼情況該先問清楚。

這款定位是外用油膏，重點是局部按摩、依標示使用。衛署成製015614，乙類成藥，資料可至衛福部中藥許可證系統查詢。

外用產品請依標示使用；身體不適、症狀持續或惡化時，請諮詢醫師或藥師。
下單前可先私訊索取藥證查詢方式與外盒標示照片。","","圖卡：長輩使用外用膏你會提醒什麼 / 藥證可查 / 依標示使用","建議搭配：外盒標示實拍、藥證查詢截圖、產品質地短影片、客服回覆截圖（遮個資）。","衛福部中藥許可證：衛署成製015614；類別：乙類成藥；劑型：油膏劑。","退換貨、付款、客服、出貨、價格、通路與任何見證內容，發布前須由人工確認。","NO_LINE_API_CALL_NO_AUTO_PUBLISH_REVIEW_QUEUE_ONLY","","","","2026-10-11"
"LINE_DRYRUN_260","LINE260","LINE_OA_LINE260_V2","LINE_OA","2026-10-24","20:00","日常活動舒適度的三個習慣","D","中","pending_legal_pharmacist_review","NO","FUTURE_RESCHEDULED_PENDING_HUMAN_REVIEW_ONLY","NEEDS_HUMAN_REVIEW_SAFE_TERM_CHECK","","日常活動舒適度的三個習慣","日常活動舒適度的三個習慣

幫長輩準備外用產品時，最重要的是安全、清楚、不要亂用。

這款定位是外用油膏，重點是局部按摩、依標示使用。衛署成製015614，乙類成藥，資料可至衛福部中藥許可證系統查詢。

外用產品請依標示使用；身體不適、症狀持續或惡化時，請諮詢醫師或藥師。
下單前可先私訊索取藥證查詢方式與外盒標示照片。","","圖卡：日常活動舒適度的三個習慣 / 藥證可查 / 依標示使用","建議搭配：外盒標示實拍、藥證查詢截圖、產品質地短影片、客服回覆截圖（遮個資）。","衛福部中藥許可證：衛署成製015614；類別：乙類成藥；劑型：油膏劑。","退換貨、付款、客服、出貨、價格、通路與任何見證內容，發布前須由人工確認。","NO_LINE_API_CALL_NO_AUTO_PUBLISH_REVIEW_QUEUE_ONLY","","","","2026-10-11"
"LINE_DRYRUN_261","LINE261","LINE_OA_LINE261_V2","LINE_OA","2026-10-25","12:00","背包太重後的肩膀保養","B","低","pending_legal_pharmacist_review","NO","FUTURE_RESCHEDULED_PENDING_HUMAN_REVIEW_ONLY","NEEDS_HUMAN_REVIEW_SAFE_TERM_CHECK","","背包太重後的肩膀保養","背包太重後的肩膀保養

久坐、低頭、開會一整天後，肩頸常會提醒你該放鬆一下。

這款定位是外用油膏，重點是局部按摩、依標示使用。衛署成製015614，乙類成藥，資料可至衛福部中藥許可證系統查詢。

外用產品請依標示使用；身體不適、症狀持續或惡化時，請諮詢醫師或藥師。
下單前可先私訊索取藥證查詢方式與外盒標示照片。","","圖卡：背包太重後的肩膀保養 / 藥證可查 / 依標示使用","建議搭配：外盒標示實拍、藥證查詢截圖、產品質地短影片、客服回覆截圖（遮個資）。","衛福部中藥許可證：衛署成製015614；類別：乙類成藥；劑型：油膏劑。","退換貨、付款、客服、出貨、價格、通路與任何見證內容，發布前須由人工確認。","NO_LINE_API_CALL_NO_AUTO_PUBLISH_REVIEW_QUEUE_ONLY","","","","2026-10-12"
"LINE_DRYRUN_262","LINE262","LINE_OA_LINE262_V2","LINE_OA","2026-10-25","20:00","局部按摩和大面積厚敷的差別","A","中","pending_legal_pharmacist_review","NO","FUTURE_RESCHEDULED_PENDING_HUMAN_REVIEW_ONLY","NEEDS_HUMAN_REVIEW_SAFE_TERM_CHECK","","局部按摩和大面積厚敷的差別","局部按摩和大面積厚敷的差別

下單前，先看得懂標示與成分，比聽誇張話術更安心。

這款定位是外用油膏，重點是局部按摩、依標示使用。衛署成製015614，乙類成藥，資料可至衛福部中藥許可證系統查詢。

外用產品請依標示使用；身體不適、症狀持續或惡化時，請諮詢醫師或藥師。
下單前可先私訊索取藥證查詢方式與外盒標示照片。","","圖卡：局部按摩和大面積厚敷的差別 / 藥證可查 / 依標示使用","建議搭配：外盒標示實拍、藥證查詢截圖、產品質地短影片、客服回覆截圖（遮個資）。","衛福部中藥許可證：衛署成製015614；類別：乙類成藥；劑型：油膏劑。","退換貨、付款、客服、出貨、價格、通路與任何見證內容，發布前須由人工確認。","NO_LINE_API_CALL_NO_AUTO_PUBLISH_REVIEW_QUEUE_ONLY","","","","2026-10-12"
"LINE_DRYRUN_263","LINE263","LINE_OA_LINE263_V2","LINE_OA","2026-10-26","12:00","秋分後外出前暖身","F","低","pending_legal_pharmacist_review","NO","FUTURE_RESCHEDULED_PENDING_HUMAN_REVIEW_ONLY","NEEDS_HUMAN_REVIEW_SAFE_TERM_CHECK","","秋分後外出前暖身","秋分後外出前暖身

換季時，身體保養不需要複雜，穩定的小習慣比較長久。

這款定位是外用油膏，重點是局部按摩、依標示使用。衛署成製015614，乙類成藥，資料可至衛福部中藥許可證系統查詢。

外用產品請依標示使用；身體不適、症狀持續或惡化時，請諮詢醫師或藥師。
下單前可先私訊索取藥證查詢方式與外盒標示照片。","","圖卡：秋分後外出前暖身 / 藥證可查 / 依標示使用","建議搭配：外盒標示實拍、藥證查詢截圖、產品質地短影片、客服回覆截圖（遮個資）。","衛福部中藥許可證：衛署成製015614；類別：乙類成藥；劑型：油膏劑。","退換貨、付款、客服、出貨、價格、通路與任何見證內容，發布前須由人工確認。","NO_LINE_API_CALL_NO_AUTO_PUBLISH_REVIEW_QUEUE_ONLY","","","","2026-10-13"
"LINE_DRYRUN_264","LINE264","LINE_OA_LINE264_V2","LINE_OA","2026-10-26","20:00","症狀超過七天要停用並諮詢","E","高","pending_legal_pharmacist_review","NO","FUTURE_RESCHEDULED_PENDING_HUMAN_REVIEW_ONLY","NEEDS_HUMAN_REVIEW_SAFE_TERM_CHECK","","症狀超過七天要停用並諮詢","症狀超過七天要停用並諮詢

外用產品不是擦越多越好，用對位置、避開風險才安心。

這款定位是外用油膏，重點是局部按摩、依標示使用。衛署成製015614，乙類成藥，資料可至衛福部中藥許可證系統查詢。

外用產品請依標示使用；身體不適、症狀持續或惡化時，請諮詢醫師或藥師。
下單前可先私訊索取藥證查詢方式與外盒標示照片。","","圖卡：症狀超過七天要停用並諮詢 / 藥證可查 / 依標示使用","建議搭配：外盒標示實拍、藥證查詢截圖、產品質地短影片、客服回覆截圖（遮個資）。","衛福部中藥許可證：衛署成製015614；類別：乙類成藥；劑型：油膏劑。","退換貨、付款、客服、出貨、價格、通路與任何見證內容，發布前須由人工確認。","NO_LINE_API_CALL_NO_AUTO_PUBLISH_REVIEW_QUEUE_ONLY","","","","2026-10-13"
"LINE_DRYRUN_265","LINE265","LINE_OA_LINE265_V2","LINE_OA","2026-10-27","12:00","為什麼不鼓勵擦傷口","H","中","pending_legal_pharmacist_review","NO","FUTURE_RESCHEDULED_PENDING_HUMAN_REVIEW_ONLY","NEEDS_HUMAN_REVIEW_SAFE_TERM_CHECK","","為什麼不鼓勵擦傷口","為什麼不鼓勵擦傷口

我們寧願把資料講清楚，也不想用誇大的話讓你衝動購買。

這款定位是外用油膏，重點是局部按摩、依標示使用。衛署成製015614，乙類成藥，資料可至衛福部中藥許可證系統查詢。

外用產品請依標示使用；身體不適、症狀持續或惡化時，請諮詢醫師或藥師。
下單前可先私訊索取藥證查詢方式與外盒標示照片。","","圖卡：為什麼不鼓勵擦傷口 / 藥證可查 / 依標示使用","建議搭配：外盒標示實拍、藥證查詢截圖、產品質地短影片、客服回覆截圖（遮個資）。","衛福部中藥許可證：衛署成製015614；類別：乙類成藥；劑型：油膏劑。","退換貨、付款、客服、出貨、價格、通路與任何見證內容，發布前須由人工確認。","NO_LINE_API_CALL_NO_AUTO_PUBLISH_REVIEW_QUEUE_ONLY","","","","2026-10-14"
"LINE_DRYRUN_266","LINE266","LINE_OA_LINE266_V2","LINE_OA","2026-10-27","20:00","一條根可以天天厚敷嗎","G","低","pending_legal_pharmacist_review","NO","FUTURE_RESCHEDULED_PENDING_HUMAN_REVIEW_ONLY","NEEDS_HUMAN_REVIEW_SAFE_TERM_CHECK","","一條根可以天天厚敷嗎","一條根可以天天厚敷嗎

很多人不是不想保養，是不知道什麼情況該先問清楚。

這款定位是外用油膏，重點是局部按摩、依標示使用。衛署成製015614，乙類成藥，資料可至衛福部中藥許可證系統查詢。

外用產品請依標示使用；身體不適、症狀持續或惡化時，請諮詢醫師或藥師。
下單前可先私訊索取藥證查詢方式與外盒標示照片。","","圖卡：一條根可以天天厚敷嗎 / 藥證可查 / 依標示使用","建議搭配：外盒標示實拍、藥證查詢截圖、產品質地短影片、客服回覆截圖（遮個資）。","衛福部中藥許可證：衛署成製015614；類別：乙類成藥；劑型：油膏劑。","退換貨、付款、客服、出貨、價格、通路與任何見證內容，發布前須由人工確認。","NO_LINE_API_CALL_NO_AUTO_PUBLISH_REVIEW_QUEUE_ONLY","","","","2026-10-14"
"LINE_DRYRUN_267","LINE267","LINE_OA_LINE267_V2","LINE_OA","2026-10-28","12:00","運動後不要立刻熱敷加藥膏","C","中","pending_legal_pharmacist_review","NO","FUTURE_RESCHEDULED_PENDING_HUMAN_REVIEW_ONLY","NEEDS_HUMAN_REVIEW_SAFE_TERM_CHECK","","運動後不要立刻熱敷加藥膏","運動後不要立刻熱敷加藥膏

運動、搬重物、久站後，身體局部不適時，先休息、觀察，再做保守保養。

這款定位是外用油膏，重點是局部按摩、依標示使用。衛署成製015614，乙類成藥，資料可至衛福部中藥許可證系統查詢。

外用產品請依標示使用；身體不適、症狀持續或惡化時，請諮詢醫師或藥師。
下單前可先私訊索取藥證查詢方式與外盒標示照片。","","圖卡：運動後不要立刻熱敷加藥膏 / 藥證可查 / 依標示使用","建議搭配：外盒標示實拍、藥證查詢截圖、產品質地短影片、客服回覆截圖（遮個資）。","衛福部中藥許可證：衛署成製015614；類別：乙類成藥；劑型：油膏劑。","退換貨、付款、客服、出貨、價格、通路與任何見證內容，發布前須由人工確認。","NO_LINE_API_CALL_NO_AUTO_PUBLISH_REVIEW_QUEUE_ONLY","","","","2026-10-15"
"LINE_DRYRUN_268","LINE268","LINE_OA_LINE268_V2","LINE_OA","2026-10-28","20:00","使用前先小範圍測試","A","中","pending_legal_pharmacist_review","NO","FUTURE_RESCHEDULED_PENDING_HUMAN_REVIEW_ONLY","NEEDS_HUMAN_REVIEW_SAFE_TERM_CHECK","","使用前先小範圍測試","使用前先小範圍測試

下單前，先看得懂標示與成分，比聽誇張話術更安心。

這款定位是外用油膏，重點是局部按摩、依標示使用。衛署成製015614，乙類成藥，資料可至衛福部中藥許可證系統查詢。

外用產品請依標示使用；身體不適、症狀持續或惡化時，請諮詢醫師或藥師。
下單前可先私訊索取藥證查詢方式與外盒標示照片。","","圖卡：使用前先小範圍測試 / 藥證可查 / 依標示使用","建議搭配：外盒標示實拍、藥證查詢截圖、產品質地短影片、客服回覆截圖（遮個資）。","衛福部中藥許可證：衛署成製015614；類別：乙類成藥；劑型：油膏劑。","退換貨、付款、客服、出貨、價格、通路與任何見證內容，發布前須由人工確認。","NO_LINE_API_CALL_NO_AUTO_PUBLISH_REVIEW_QUEUE_ONLY","","","","2026-10-15"
"LINE_DRYRUN_269","LINE269","LINE_OA_LINE269_V2","LINE_OA","2026-10-29","12:00","長輩使用前先看標示","D","中","pending_legal_pharmacist_review","NO","FUTURE_RESCHEDULED_PENDING_HUMAN_REVIEW_ONLY","NEEDS_HUMAN_REVIEW_SAFE_TERM_CHECK","","長輩使用前先看標示","長輩使用前先看標示

幫長輩準備外用產品時，最重要的是安全、清楚、不要亂用。

這款定位是外用油膏，重點是局部按摩、依標示使用。衛署成製015614，乙類成藥，資料可至衛福部中藥許可證系統查詢。

外用產品請依標示使用；身體不適、症狀持續或惡化時，請諮詢醫師或藥師。
下單前可先私訊索取藥證查詢方式與外盒標示照片。","","圖卡：長輩使用前先看標示 / 藥證可查 / 依標示使用","建議搭配：外盒標示實拍、藥證查詢截圖、產品質地短影片、客服回覆截圖（遮個資）。","衛福部中藥許可證：衛署成製015614；類別：乙類成藥；劑型：油膏劑。","退換貨、付款、客服、出貨、價格、通路與任何見證內容，發布前須由人工確認。","NO_LINE_API_CALL_NO_AUTO_PUBLISH_REVIEW_QUEUE_ONLY","","","","2026-10-16"
"LINE_DRYRUN_270","LINE270","LINE_OA_LINE270_V2","LINE_OA","2026-10-29","20:00","皮膚刺激時要停止使用","E","高","pending_legal_pharmacist_review","NO","FUTURE_RESCHEDULED_PENDING_HUMAN_REVIEW_ONLY","NEEDS_HUMAN_REVIEW_SAFE_TERM_CHECK","","皮膚刺激時要停止使用","皮膚刺激時要停止使用

外用產品不是擦越多越好，用對位置、避開風險才安心。

這款定位是外用油膏，重點是局部按摩、依標示使用。衛署成製015614，乙類成藥，資料可至衛福部中藥許可證系統查詢。

外用產品請依標示使用；身體不適、症狀持續或惡化時，請諮詢醫師或藥師。
下單前可先私訊索取藥證查詢方式與外盒標示照片。","","圖卡：皮膚刺激時要停止使用 / 藥證可查 / 依標示使用","建議搭配：外盒標示實拍、藥證查詢截圖、產品質地短影片、客服回覆截圖（遮個資）。","衛福部中藥許可證：衛署成製015614；類別：乙類成藥；劑型：油膏劑。","退換貨、付款、客服、出貨、價格、通路與任何見證內容，發布前須由人工確認。","NO_LINE_API_CALL_NO_AUTO_PUBLISH_REVIEW_QUEUE_ONLY","","","","2026-10-16"
"LINE_DRYRUN_271","LINE271","LINE_OA_LINE271_V2","LINE_OA","2026-10-30","12:00","寒露後肩背保養","F","低","pending_legal_pharmacist_review","NO","FUTURE_RESCHEDULED_PENDING_HUMAN_REVIEW_ONLY","NEEDS_HUMAN_REVIEW_SAFE_TERM_CHECK","","寒露後肩背保養","寒露後肩背保養

換季時，身體保養不需要複雜，穩定的小習慣比較長久。

這款定位是外用油膏，重點是局部按摩、依標示使用。衛署成製015614，乙類成藥，資料可至衛福部中藥許可證系統查詢。

外用產品請依標示使用；身體不適、症狀持續或惡化時，請諮詢醫師或藥師。
下單前可先私訊索取藥證查詢方式與外盒標示照片。","","圖卡：寒露後肩背保養 / 藥證可查 / 依標示使用","建議搭配：外盒標示實拍、藥證查詢截圖、產品質地短影片、客服回覆截圖（遮個資）。","衛福部中藥許可證：衛署成製015614；類別：乙類成藥；劑型：油膏劑。","退換貨、付款、客服、出貨、價格、通路與任何見證內容，發布前須由人工確認。","NO_LINE_API_CALL_NO_AUTO_PUBLISH_REVIEW_QUEUE_ONLY","","","","2026-10-17"
"LINE_DRYRUN_272","LINE272","LINE_OA_LINE272_V2","LINE_OA","2026-10-30","20:00","輕微拉扯後的觀察重點","C","中","pending_legal_pharmacist_review","NO","FUTURE_RESCHEDULED_PENDING_HUMAN_REVIEW_ONLY","NEEDS_HUMAN_REVIEW_SAFE_TERM_CHECK","","輕微拉扯後的觀察重點","輕微拉扯後的觀察重點

運動、搬重物、久站後，身體局部不適時，先休息、觀察，再做保守保養。

這款定位是外用油膏，重點是局部按摩、依標示使用。衛署成製015614，乙類成藥，資料可至衛福部中藥許可證系統查詢。

外用產品請依標示使用；身體不適、症狀持續或惡化時，請諮詢醫師或藥師。
下單前可先私訊索取藥證查詢方式與外盒標示照片。","","圖卡：輕微拉扯後的觀察重點 / 藥證可查 / 依標示使用","建議搭配：外盒標示實拍、藥證查詢截圖、產品質地短影片、客服回覆截圖（遮個資）。","衛福部中藥許可證：衛署成製015614；類別：乙類成藥；劑型：油膏劑。","退換貨、付款、客服、出貨、價格、通路與任何見證內容，發布前須由人工確認。","NO_LINE_API_CALL_NO_AUTO_PUBLISH_REVIEW_QUEUE_ONLY","","","","2026-10-17"
"LINE_DRYRUN_273","LINE273","LINE_OA_LINE273_V2","LINE_OA","2026-10-31","12:00","擦完可以馬上熱敷嗎","G","低","pending_legal_pharmacist_review","NO","FUTURE_RESCHEDULED_PENDING_HUMAN_REVIEW_ONLY","NEEDS_HUMAN_REVIEW_SAFE_TERM_CHECK","","擦完可以馬上熱敷嗎","擦完可以馬上熱敷嗎

很多人不是不想保養，是不知道什麼情況該先問清楚。

這款定位是外用油膏，重點是局部按摩、依標示使用。衛署成製015614，乙類成藥，資料可至衛福部中藥許可證系統查詢。

外用產品請依標示使用；身體不適、症狀持續或惡化時，請諮詢醫師或藥師。
下單前可先私訊索取藥證查詢方式與外盒標示照片。","","圖卡：擦完可以馬上熱敷嗎 / 藥證可查 / 依標示使用","建議搭配：外盒標示實拍、藥證查詢截圖、產品質地短影片、客服回覆截圖（遮個資）。","衛福部中藥許可證：衛署成製015614；類別：乙類成藥；劑型：油膏劑。","退換貨、付款、客服、出貨、價格、通路與任何見證內容，發布前須由人工確認。","NO_LINE_API_CALL_NO_AUTO_PUBLISH_REVIEW_QUEUE_ONLY","","","","2026-10-18"
"LINE_DRYRUN_274","LINE274","LINE_OA_LINE274_V2","LINE_OA","2026-10-31","20:00","別把長期疼痛只當小問題","D","中","pending_legal_pharmacist_review","NO","FUTURE_RESCHEDULED_PENDING_HUMAN_REVIEW_ONLY","NEEDS_HUMAN_REVIEW_SAFE_TERM_CHECK","","別把長期疼痛只當小問題","別把長期疼痛只當小問題

幫長輩準備外用產品時，最重要的是安全、清楚、不要亂用。

這款定位是外用油膏，重點是局部按摩、依標示使用。衛署成製015614，乙類成藥，資料可至衛福部中藥許可證系統查詢。

外用產品請依標示使用；身體不適、症狀持續或惡化時，請諮詢醫師或藥師。
下單前可先私訊索取藥證查詢方式與外盒標示照片。","","圖卡：別把長期疼痛只當小問題 / 藥證可查 / 依標示使用","建議搭配：外盒標示實拍、藥證查詢截圖、產品質地短影片、客服回覆截圖（遮個資）。","衛福部中藥許可證：衛署成製015614；類別：乙類成藥；劑型：油膏劑。","退換貨、付款、客服、出貨、價格、通路與任何見證內容，發布前須由人工確認。","NO_LINE_API_CALL_NO_AUTO_PUBLISH_REVIEW_QUEUE_ONLY","","","","2026-10-18"
"LINE_DRYRUN_275","LINE275","LINE_OA_LINE275_V2","LINE_OA","2026-11-01","12:00","冷氣房肩頸緊繃保養","B","低","pending_legal_pharmacist_review","NO","FUTURE_RESCHEDULED_PENDING_HUMAN_REVIEW_ONLY","PASS_DRY_RUN_PENDING_HUMAN_REVIEW","","冷氣房肩頸緊繃保養","冷氣房肩頸緊繃保養

久坐、低頭、開會一整天後，肩頸常會提醒你該放鬆一下。

這款定位是外用油膏，重點是局部按摩、依標示使用。衛署成製015614，乙類成藥，資料可至衛福部中藥許可證系統查詢。

外用產品請依標示使用；身體不適、症狀持續或惡化時，請諮詢醫師或藥師。
下單前可先私訊索取藥證查詢方式與外盒標示照片。","","圖卡：冷氣房肩頸緊繃保養 / 藥證可查 / 依標示使用","建議搭配：外盒標示實拍、藥證查詢截圖、產品質地短影片、客服回覆截圖（遮個資）。","衛福部中藥許可證：衛署成製015614；類別：乙類成藥；劑型：油膏劑。","退換貨、付款、客服、出貨、價格、通路與任何見證內容，發布前須由人工確認。","NO_LINE_API_CALL_NO_AUTO_PUBLISH_REVIEW_QUEUE_ONLY","","","","2026-10-19"
"LINE_DRYRUN_276","LINE276","LINE_OA_LINE276_V2","LINE_OA","2026-11-01","20:00","產品不是神藥，定位要講清楚","A","中","pending_legal_pharmacist_review","NO","FUTURE_RESCHEDULED_PENDING_HUMAN_REVIEW_ONLY","NEEDS_HUMAN_REVIEW_SAFE_TERM_CHECK","","產品不是神藥，定位要講清楚","產品不是神藥，定位要講清楚

下單前，先看得懂標示與成分，比聽誇張話術更安心。

這款定位是外用油膏，重點是局部按摩、依標示使用。衛署成製015614，乙類成藥，資料可至衛福部中藥許可證系統查詢。

外用產品請依標示使用；身體不適、症狀持續或惡化時，請諮詢醫師或藥師。
下單前可先私訊索取藥證查詢方式與外盒標示照片。","","圖卡：產品不是神藥，定位要講清楚 / 藥證可查 / 依標示使用","建議搭配：外盒標示實拍、藥證查詢截圖、產品質地短影片、客服回覆截圖（遮個資）。","衛福部中藥許可證：衛署成製015614；類別：乙類成藥；劑型：油膏劑。","退換貨、付款、客服、出貨、價格、通路與任何見證內容，發布前須由人工確認。","NO_LINE_API_CALL_NO_AUTO_PUBLISH_REVIEW_QUEUE_ONLY","","","","2026-10-19"
"LINE_DRYRUN_277","LINE277","LINE_OA_LINE277_V2","LINE_OA","2026-11-02","12:00","立冬前後的日常舒緩儀式","F","低","pending_legal_pharmacist_review","NO","FUTURE_RESCHEDULED_PENDING_HUMAN_REVIEW_ONLY","NEEDS_HUMAN_REVIEW_SAFE_TERM_CHECK","","立冬前後的日常舒緩儀式","立冬前後的日常舒緩儀式

換季時，身體保養不需要複雜，穩定的小習慣比較長久。

這款定位是外用油膏，重點是局部按摩、依標示使用。衛署成製015614，乙類成藥，資料可至衛福部中藥許可證系統查詢。

外用產品請依標示使用；身體不適、症狀持續或惡化時，請諮詢醫師或藥師。
下單前可先私訊索取藥證查詢方式與外盒標示照片。","","圖卡：立冬前後的日常舒緩儀式 / 藥證可查 / 依標示使用","建議搭配：外盒標示實拍、藥證查詢截圖、產品質地短影片、客服回覆截圖（遮個資）。","衛福部中藥許可證：衛署成製015614；類別：乙類成藥；劑型：油膏劑。","退換貨、付款、客服、出貨、價格、通路與任何見證內容，發布前須由人工確認。","NO_LINE_API_CALL_NO_AUTO_PUBLISH_REVIEW_QUEUE_ONLY","","","","2026-10-20"
"LINE_DRYRUN_278","LINE278","LINE_OA_LINE278_V2","LINE_OA","2026-11-02","20:00","深層症狀不適合自行處理","E","高","pending_legal_pharmacist_review","NO","FUTURE_RESCHEDULED_PENDING_HUMAN_REVIEW_ONLY","NEEDS_HUMAN_REVIEW_SAFE_TERM_CHECK","","深層症狀不適合自行處理","深層症狀不適合自行處理

外用產品不是擦越多越好，用對位置、避開風險才安心。

這款定位是外用油膏，重點是局部按摩、依標示使用。衛署成製015614，乙類成藥，資料可至衛福部中藥許可證系統查詢。

外用產品請依標示使用；身體不適、症狀持續或惡化時，請諮詢醫師或藥師。
下單前可先私訊索取藥證查詢方式與外盒標示照片。","","圖卡：深層症狀不適合自行處理 / 藥證可查 / 依標示使用","建議搭配：外盒標示實拍、藥證查詢截圖、產品質地短影片、客服回覆截圖（遮個資）。","衛福部中藥許可證：衛署成製015614；類別：乙類成藥；劑型：油膏劑。","退換貨、付款、客服、出貨、價格、通路與任何見證內容，發布前須由人工確認。","NO_LINE_API_CALL_NO_AUTO_PUBLISH_REVIEW_QUEUE_ONLY","","","","2026-10-20"
"LINE_DRYRUN_279","LINE279","LINE_OA_LINE279_V2","LINE_OA","2026-11-03","12:00","買外用膏先看三件事","H","中","pending_legal_pharmacist_review","NO","FUTURE_RESCHEDULED_PENDING_HUMAN_REVIEW_ONLY","NEEDS_HUMAN_REVIEW_SAFE_TERM_CHECK","","買外用膏先看三件事","買外用膏先看三件事

我們寧願把資料講清楚，也不想用誇大的話讓你衝動購買。

這款定位是外用油膏，重點是局部按摩、依標示使用。衛署成製015614，乙類成藥，資料可至衛福部中藥許可證系統查詢。

外用產品請依標示使用；身體不適、症狀持續或惡化時，請諮詢醫師或藥師。
下單前可先私訊索取藥證查詢方式與外盒標示照片。","","圖卡：買外用膏先看三件事 / 藥證可查 / 依標示使用","建議搭配：外盒標示實拍、藥證查詢截圖、產品質地短影片、客服回覆截圖（遮個資）。","衛福部中藥許可證：衛署成製015614；類別：乙類成藥；劑型：油膏劑。","退換貨、付款、客服、出貨、價格、通路與任何見證內容，發布前須由人工確認。","NO_LINE_API_CALL_NO_AUTO_PUBLISH_REVIEW_QUEUE_ONLY","","","","2026-10-21"
"LINE_DRYRUN_280","LINE280","LINE_OA_LINE280_V2","LINE_OA","2026-11-03","20:00","哪些情況應該先就醫","G","低","pending_legal_pharmacist_review","NO","FUTURE_RESCHEDULED_PENDING_HUMAN_REVIEW_ONLY","NEEDS_HUMAN_REVIEW_SAFE_TERM_CHECK","","哪些情況應該先就醫","哪些情況應該先就醫

很多人不是不想保養，是不知道什麼情況該先問清楚。

這款定位是外用油膏，重點是局部按摩、依標示使用。衛署成製015614，乙類成藥，資料可至衛福部中藥許可證系統查詢。

外用產品請依標示使用；身體不適、症狀持續或惡化時，請諮詢醫師或藥師。
下單前可先私訊索取藥證查詢方式與外盒標示照片。","","圖卡：哪些情況應該先就醫 / 藥證可查 / 依標示使用","建議搭配：外盒標示實拍、藥證查詢截圖、產品質地短影片、客服回覆截圖（遮個資）。","衛福部中藥許可證：衛署成製015614；類別：乙類成藥；劑型：油膏劑。","退換貨、付款、客服、出貨、價格、通路與任何見證內容，發布前須由人工確認。","NO_LINE_API_CALL_NO_AUTO_PUBLISH_REVIEW_QUEUE_ONLY","","","","2026-10-21"
"LINE_DRYRUN_281","LINE281","LINE_OA_LINE281_V2","LINE_OA","2026-11-04","12:00","運動後局部痠痛的保守處理","C","中","pending_legal_pharmacist_review","NO","FUTURE_RESCHEDULED_PENDING_HUMAN_REVIEW_ONLY","NEEDS_HUMAN_REVIEW_SAFE_TERM_CHECK","","運動後局部痠痛的保守處理","運動後局部痠痛的保守處理

運動、搬重物、久站後，身體局部不適時，先休息、觀察，再做保守保養。

這款定位是外用油膏，重點是局部按摩、依標示使用。衛署成製015614，乙類成藥，資料可至衛福部中藥許可證系統查詢。

外用產品請依標示使用；身體不適、症狀持續或惡化時，請諮詢醫師或藥師。
下單前可先私訊索取藥證查詢方式與外盒標示照片。","","圖卡：運動後局部痠痛的保守處理 / 藥證可查 / 依標示使用","建議搭配：外盒標示實拍、藥證查詢截圖、產品質地短影片、客服回覆截圖（遮個資）。","衛福部中藥許可證：衛署成製015614；類別：乙類成藥；劑型：油膏劑。","退換貨、付款、客服、出貨、價格、通路與任何見證內容，發布前須由人工確認。","NO_LINE_API_CALL_NO_AUTO_PUBLISH_REVIEW_QUEUE_ONLY","","","","2026-10-22"
"LINE_DRYRUN_282","LINE282","LINE_OA_LINE282_V2","LINE_OA","2026-11-04","20:00","冬青油與清涼舒緩體感","A","中","pending_legal_pharmacist_review","NO","FUTURE_RESCHEDULED_PENDING_HUMAN_REVIEW_ONLY","NEEDS_HUMAN_REVIEW_SAFE_TERM_CHECK","","冬青油與清涼舒緩體感","冬青油與清涼舒緩體感

下單前，先看得懂標示與成分，比聽誇張話術更安心。

這款定位是外用油膏，重點是局部按摩、依標示使用。衛署成製015614，乙類成藥，資料可至衛福部中藥許可證系統查詢。

外用產品請依標示使用；身體不適、症狀持續或惡化時，請諮詢醫師或藥師。
下單前可先私訊索取藥證查詢方式與外盒標示照片。","","圖卡：冬青油與清涼舒緩體感 / 藥證可查 / 依標示使用","建議搭配：外盒標示實拍、藥證查詢截圖、產品質地短影片、客服回覆截圖（遮個資）。","衛福部中藥許可證：衛署成製015614；類別：乙類成藥；劑型：油膏劑。","退換貨、付款、客服、出貨、價格、通路與任何見證內容，發布前須由人工確認。","NO_LINE_API_CALL_NO_AUTO_PUBLISH_REVIEW_QUEUE_ONLY","","","","2026-10-22"
"LINE_DRYRUN_283","LINE283","LINE_OA_LINE283_V2","LINE_OA","2026-11-05","12:00","早晨活動前的關節暖身","D","中","pending_legal_pharmacist_review","NO","FUTURE_RESCHEDULED_PENDING_HUMAN_REVIEW_ONLY","NEEDS_HUMAN_REVIEW_SAFE_TERM_CHECK","","早晨活動前的關節暖身","早晨活動前的關節暖身

幫長輩準備外用產品時，最重要的是安全、清楚、不要亂用。

這款定位是外用油膏，重點是局部按摩、依標示使用。衛署成製015614，乙類成藥，資料可至衛福部中藥許可證系統查詢。

外用產品請依標示使用；身體不適、症狀持續或惡化時，請諮詢醫師或藥師。
下單前可先私訊索取藥證查詢方式與外盒標示照片。","","圖卡：早晨活動前的關節暖身 / 藥證可查 / 依標示使用","建議搭配：外盒標示實拍、藥證查詢截圖、產品質地短影片、客服回覆截圖（遮個資）。","衛福部中藥許可證：衛署成製015614；類別：乙類成藥；劑型：油膏劑。","退換貨、付款、客服、出貨、價格、通路與任何見證內容，發布前須由人工確認。","NO_LINE_API_CALL_NO_AUTO_PUBLISH_REVIEW_QUEUE_ONLY","","","","2026-10-23"
"LINE_DRYRUN_284","LINE284","LINE_OA_LINE284_V2","LINE_OA","2026-11-05","20:00","不能擦在破皮或傷口","E","高","pending_legal_pharmacist_review","NO","FUTURE_RESCHEDULED_PENDING_HUMAN_REVIEW_ONLY","NEEDS_HUMAN_REVIEW_SAFE_TERM_CHECK","","不能擦在破皮或傷口","不能擦在破皮或傷口

外用產品不是擦越多越好，用對位置、避開風險才安心。

這款定位是外用油膏，重點是局部按摩、依標示使用。衛署成製015614，乙類成藥，資料可至衛福部中藥許可證系統查詢。

外用產品請依標示使用；身體不適、症狀持續或惡化時，請諮詢醫師或藥師。
下單前可先私訊索取藥證查詢方式與外盒標示照片。","","圖卡：不能擦在破皮或傷口 / 藥證可查 / 依標示使用","建議搭配：外盒標示實拍、藥證查詢截圖、產品質地短影片、客服回覆截圖（遮個資）。","衛福部中藥許可證：衛署成製015614；類別：乙類成藥；劑型：油膏劑。","退換貨、付款、客服、出貨、價格、通路與任何見證內容，發布前須由人工確認。","NO_LINE_API_CALL_NO_AUTO_PUBLISH_REVIEW_QUEUE_ONLY","","","","2026-10-23"
"LINE_DRYRUN_285","LINE285","LINE_OA_LINE285_V2","LINE_OA","2026-11-06","12:00","芒種後濕熱生活保養","F","低","pending_legal_pharmacist_review","NO","FUTURE_RESCHEDULED_PENDING_HUMAN_REVIEW_ONLY","NEEDS_HUMAN_REVIEW_SAFE_TERM_CHECK","","芒種後濕熱生活保養","芒種後濕熱生活保養

換季時，身體保養不需要複雜，穩定的小習慣比較長久。

這款定位是外用油膏，重點是局部按摩、依標示使用。衛署成製015614，乙類成藥，資料可至衛福部中藥許可證系統查詢。

外用產品請依標示使用；身體不適、症狀持續或惡化時，請諮詢醫師或藥師。
下單前可先私訊索取藥證查詢方式與外盒標示照片。","","圖卡：芒種後濕熱生活保養 / 藥證可查 / 依標示使用","建議搭配：外盒標示實拍、藥證查詢截圖、產品質地短影片、客服回覆截圖（遮個資）。","衛福部中藥許可證：衛署成製015614；類別：乙類成藥；劑型：油膏劑。","退換貨、付款、客服、出貨、價格、通路與任何見證內容，發布前須由人工確認。","NO_LINE_API_CALL_NO_AUTO_PUBLISH_REVIEW_QUEUE_ONLY","","","","2026-10-24"
"LINE_DRYRUN_286","LINE286","LINE_OA_LINE286_V2","LINE_OA","2026-11-06","20:00","久站後小腿不適舒緩","C","中","pending_legal_pharmacist_review","NO","FUTURE_RESCHEDULED_PENDING_HUMAN_REVIEW_ONLY","NEEDS_HUMAN_REVIEW_SAFE_TERM_CHECK","","久站後小腿不適舒緩","久站後小腿不適舒緩

運動、搬重物、久站後，身體局部不適時，先休息、觀察，再做保守保養。

這款定位是外用油膏，重點是局部按摩、依標示使用。衛署成製015614，乙類成藥，資料可至衛福部中藥許可證系統查詢。

外用產品請依標示使用；身體不適、症狀持續或惡化時，請諮詢醫師或藥師。
下單前可先私訊索取藥證查詢方式與外盒標示照片。","","圖卡：久站後小腿不適舒緩 / 藥證可查 / 依標示使用","建議搭配：外盒標示實拍、藥證查詢截圖、產品質地短影片、客服回覆截圖（遮個資）。","衛福部中藥許可證：衛署成製015614；類別：乙類成藥；劑型：油膏劑。","退換貨、付款、客服、出貨、價格、通路與任何見證內容，發布前須由人工確認。","NO_LINE_API_CALL_NO_AUTO_PUBLISH_REVIEW_QUEUE_ONLY","","","","2026-10-24"
"LINE_DRYRUN_287","LINE287","LINE_OA_LINE287_V2","LINE_OA","2026-11-07","12:00","你最常哪個部位緊繃","G","低","pending_legal_pharmacist_review","NO","FUTURE_RESCHEDULED_PENDING_HUMAN_REVIEW_ONLY","NEEDS_HUMAN_REVIEW_SAFE_TERM_CHECK","","你最常哪個部位緊繃","你最常哪個部位緊繃

很多人不是不想保養，是不知道什麼情況該先問清楚。

這款定位是外用油膏，重點是局部按摩、依標示使用。衛署成製015614，乙類成藥，資料可至衛福部中藥許可證系統查詢。

外用產品請依標示使用；身體不適、症狀持續或惡化時，請諮詢醫師或藥師。
下單前可先私訊索取藥證查詢方式與外盒標示照片。","","圖卡：你最常哪個部位緊繃 / 藥證可查 / 依標示使用","建議搭配：外盒標示實拍、藥證查詢截圖、產品質地短影片、客服回覆截圖（遮個資）。","衛福部中藥許可證：衛署成製015614；類別：乙類成藥；劑型：油膏劑。","退換貨、付款、客服、出貨、價格、通路與任何見證內容，發布前須由人工確認。","NO_LINE_API_CALL_NO_AUTO_PUBLISH_REVIEW_QUEUE_ONLY","","","","2026-10-25"
"LINE_DRYRUN_288","LINE288","LINE_OA_LINE288_V2","LINE_OA","2026-11-07","20:00","長輩外用膏使用安全","D","中","pending_legal_pharmacist_review","NO","FUTURE_RESCHEDULED_PENDING_HUMAN_REVIEW_ONLY","NEEDS_HUMAN_REVIEW_SAFE_TERM_CHECK","","長輩外用膏使用安全","長輩外用膏使用安全

幫長輩準備外用產品時，最重要的是安全、清楚、不要亂用。

這款定位是外用油膏，重點是局部按摩、依標示使用。衛署成製015614，乙類成藥，資料可至衛福部中藥許可證系統查詢。

外用產品請依標示使用；身體不適、症狀持續或惡化時，請諮詢醫師或藥師。
下單前可先私訊索取藥證查詢方式與外盒標示照片。","","圖卡：長輩外用膏使用安全 / 藥證可查 / 依標示使用","建議搭配：外盒標示實拍、藥證查詢截圖、產品質地短影片、客服回覆截圖（遮個資）。","衛福部中藥許可證：衛署成製015614；類別：乙類成藥；劑型：油膏劑。","退換貨、付款、客服、出貨、價格、通路與任何見證內容，發布前須由人工確認。","NO_LINE_API_CALL_NO_AUTO_PUBLISH_REVIEW_QUEUE_ONLY","","","","2026-10-25"
"LINE_DRYRUN_289","LINE289","LINE_OA_LINE289_V2","LINE_OA","2026-11-08","12:00","低頭族肩頸緊繃的三個提醒","B","低","pending_legal_pharmacist_review","NO","FUTURE_RESCHEDULED_PENDING_HUMAN_REVIEW_ONLY","PASS_DRY_RUN_PENDING_HUMAN_REVIEW","","低頭族肩頸緊繃的三個提醒","低頭族肩頸緊繃的三個提醒

久坐、低頭、開會一整天後，肩頸常會提醒你該放鬆一下。

這款定位是外用油膏，重點是局部按摩、依標示使用。衛署成製015614，乙類成藥，資料可至衛福部中藥許可證系統查詢。

外用產品請依標示使用；身體不適、症狀持續或惡化時，請諮詢醫師或藥師。
下單前可先私訊索取藥證查詢方式與外盒標示照片。","","圖卡：低頭族肩頸緊繃的三個提醒 / 藥證可查 / 依標示使用","建議搭配：外盒標示實拍、藥證查詢截圖、產品質地短影片、客服回覆截圖（遮個資）。","衛福部中藥許可證：衛署成製015614；類別：乙類成藥；劑型：油膏劑。","退換貨、付款、客服、出貨、價格、通路與任何見證內容，發布前須由人工確認。","NO_LINE_API_CALL_NO_AUTO_PUBLISH_REVIEW_QUEUE_ONLY","","","","2026-10-26"
"LINE_DRYRUN_290","LINE290","LINE_OA_LINE290_V2","LINE_OA","2026-11-08","20:00","薄荷腦帶來的涼感來源","A","中","pending_legal_pharmacist_review","NO","FUTURE_RESCHEDULED_PENDING_HUMAN_REVIEW_ONLY","NEEDS_HUMAN_REVIEW_SAFE_TERM_CHECK","","薄荷腦帶來的涼感來源","薄荷腦帶來的涼感來源

下單前，先看得懂標示與成分，比聽誇張話術更安心。

這款定位是外用油膏，重點是局部按摩、依標示使用。衛署成製015614，乙類成藥，資料可至衛福部中藥許可證系統查詢。

外用產品請依標示使用；身體不適、症狀持續或惡化時，請諮詢醫師或藥師。
下單前可先私訊索取藥證查詢方式與外盒標示照片。","","圖卡：薄荷腦帶來的涼感來源 / 藥證可查 / 依標示使用","建議搭配：外盒標示實拍、藥證查詢截圖、產品質地短影片、客服回覆截圖（遮個資）。","衛福部中藥許可證：衛署成製015614；類別：乙類成藥；劑型：油膏劑。","退換貨、付款、客服、出貨、價格、通路與任何見證內容，發布前須由人工確認。","NO_LINE_API_CALL_NO_AUTO_PUBLISH_REVIEW_QUEUE_ONLY","","","","2026-10-26"
"LINE_DRYRUN_291","LINE291","LINE_OA_LINE291_V2","LINE_OA","2026-11-09","12:00","夏季冷氣房的肩頸保養","F","低","pending_legal_pharmacist_review","NO","FUTURE_RESCHEDULED_PENDING_HUMAN_REVIEW_ONLY","NEEDS_HUMAN_REVIEW_SAFE_TERM_CHECK","","夏季冷氣房的肩頸保養","夏季冷氣房的肩頸保養

換季時，身體保養不需要複雜，穩定的小習慣比較長久。

這款定位是外用油膏，重點是局部按摩、依標示使用。衛署成製015614，乙類成藥，資料可至衛福部中藥許可證系統查詢。

外用產品請依標示使用；身體不適、症狀持續或惡化時，請諮詢醫師或藥師。
下單前可先私訊索取藥證查詢方式與外盒標示照片。","","圖卡：夏季冷氣房的肩頸保養 / 藥證可查 / 依標示使用","建議搭配：外盒標示實拍、藥證查詢截圖、產品質地短影片、客服回覆截圖（遮個資）。","衛福部中藥許可證：衛署成製015614；類別：乙類成藥；劑型：油膏劑。","退換貨、付款、客服、出貨、價格、通路與任何見證內容，發布前須由人工確認。","NO_LINE_API_CALL_NO_AUTO_PUBLISH_REVIEW_QUEUE_ONLY","","","","2026-10-27"
"LINE_DRYRUN_292","LINE292","LINE_OA_LINE292_V2","LINE_OA","2026-11-09","20:00","外用膏避免眼周與黏膜","E","高","pending_legal_pharmacist_review","NO","FUTURE_RESCHEDULED_PENDING_HUMAN_REVIEW_ONLY","NEEDS_HUMAN_REVIEW_SAFE_TERM_CHECK","","外用膏避免眼周與黏膜","外用膏避免眼周與黏膜

外用產品不是擦越多越好，用對位置、避開風險才安心。

這款定位是外用油膏，重點是局部按摩、依標示使用。衛署成製015614，乙類成藥，資料可至衛福部中藥許可證系統查詢。

外用產品請依標示使用；身體不適、症狀持續或惡化時，請諮詢醫師或藥師。
下單前可先私訊索取藥證查詢方式與外盒標示照片。","","圖卡：外用膏避免眼周與黏膜 / 藥證可查 / 依標示使用","建議搭配：外盒標示實拍、藥證查詢截圖、產品質地短影片、客服回覆截圖（遮個資）。","衛福部中藥許可證：衛署成製015614；類別：乙類成藥；劑型：油膏劑。","退換貨、付款、客服、出貨、價格、通路與任何見證內容，發布前須由人工確認。","NO_LINE_API_CALL_NO_AUTO_PUBLISH_REVIEW_QUEUE_ONLY","","","","2026-10-27"
"LINE_DRYRUN_293","LINE293","LINE_OA_LINE293_V2","LINE_OA","2026-11-10","12:00","為什麼我們重視藥證與標示","H","中","pending_legal_pharmacist_review","NO","FUTURE_RESCHEDULED_PENDING_HUMAN_REVIEW_ONLY","NEEDS_HUMAN_REVIEW_SAFE_TERM_CHECK","","為什麼我們重視藥證與標示","為什麼我們重視藥證與標示

我們寧願把資料講清楚，也不想用誇大的話讓你衝動購買。

這款定位是外用油膏，重點是局部按摩、依標示使用。衛署成製015614，乙類成藥，資料可至衛福部中藥許可證系統查詢。

外用產品請依標示使用；身體不適、症狀持續或惡化時，請諮詢醫師或藥師。
下單前可先私訊索取藥證查詢方式與外盒標示照片。","","圖卡：為什麼我們重視藥證與標示 / 藥證可查 / 依標示使用","建議搭配：外盒標示實拍、藥證查詢截圖、產品質地短影片、客服回覆截圖（遮個資）。","衛福部中藥許可證：衛署成製015614；類別：乙類成藥；劑型：油膏劑。","退換貨、付款、客服、出貨、價格、通路與任何見證內容，發布前須由人工確認。","NO_LINE_API_CALL_NO_AUTO_PUBLISH_REVIEW_QUEUE_ONLY","","","","2026-10-28"
"LINE_DRYRUN_294","LINE294","LINE_OA_LINE294_V2","LINE_OA","2026-11-10","20:00","你習慣運動前還是運動後保養","G","低","pending_legal_pharmacist_review","NO","FUTURE_RESCHEDULED_PENDING_HUMAN_REVIEW_ONLY","NEEDS_HUMAN_REVIEW_SAFE_TERM_CHECK","","你習慣運動前還是運動後保養","你習慣運動前還是運動後保養

很多人不是不想保養，是不知道什麼情況該先問清楚。

這款定位是外用油膏，重點是局部按摩、依標示使用。衛署成製015614，乙類成藥，資料可至衛福部中藥許可證系統查詢。

外用產品請依標示使用；身體不適、症狀持續或惡化時，請諮詢醫師或藥師。
下單前可先私訊索取藥證查詢方式與外盒標示照片。","","圖卡：你習慣運動前還是運動後保養 / 藥證可查 / 依標示使用","建議搭配：外盒標示實拍、藥證查詢截圖、產品質地短影片、客服回覆截圖（遮個資）。","衛福部中藥許可證：衛署成製015614；類別：乙類成藥；劑型：油膏劑。","退換貨、付款、客服、出貨、價格、通路與任何見證內容，發布前須由人工確認。","NO_LINE_API_CALL_NO_AUTO_PUBLISH_REVIEW_QUEUE_ONLY","","","","2026-10-28"
"LINE_DRYRUN_295","LINE295","LINE_OA_LINE295_V2","LINE_OA","2026-11-11","12:00","搬重物後腰背保養","C","中","pending_legal_pharmacist_review","NO","FUTURE_RESCHEDULED_PENDING_HUMAN_REVIEW_ONLY","NEEDS_HUMAN_REVIEW_SAFE_TERM_CHECK","","搬重物後腰背保養","搬重物後腰背保養

運動、搬重物、久站後，身體局部不適時，先休息、觀察，再做保守保養。

這款定位是外用油膏，重點是局部按摩、依標示使用。衛署成製015614，乙類成藥，資料可至衛福部中藥許可證系統查詢。

外用產品請依標示使用；身體不適、症狀持續或惡化時，請諮詢醫師或藥師。
下單前可先私訊索取藥證查詢方式與外盒標示照片。","","圖卡：搬重物後腰背保養 / 藥證可查 / 依標示使用","建議搭配：外盒標示實拍、藥證查詢截圖、產品質地短影片、客服回覆截圖（遮個資）。","衛福部中藥許可證：衛署成製015614；類別：乙類成藥；劑型：油膏劑。","退換貨、付款、客服、出貨、價格、通路與任何見證內容，發布前須由人工確認。","NO_LINE_API_CALL_NO_AUTO_PUBLISH_REVIEW_QUEUE_ONLY","","","","2026-10-29"
"LINE_DRYRUN_296","LINE296","LINE_OA_LINE296_V2","LINE_OA","2026-11-11","20:00","樟腦外用時的注意界線","A","中","pending_legal_pharmacist_review","NO","FUTURE_RESCHEDULED_PENDING_HUMAN_REVIEW_ONLY","NEEDS_HUMAN_REVIEW_SAFE_TERM_CHECK","","樟腦外用時的注意界線","樟腦外用時的注意界線

下單前，先看得懂標示與成分，比聽誇張話術更安心。

這款定位是外用油膏，重點是局部按摩、依標示使用。衛署成製015614，乙類成藥，資料可至衛福部中藥許可證系統查詢。

外用產品請依標示使用；身體不適、症狀持續或惡化時，請諮詢醫師或藥師。
下單前可先私訊索取藥證查詢方式與外盒標示照片。","","圖卡：樟腦外用時的注意界線 / 藥證可查 / 依標示使用","建議搭配：外盒標示實拍、藥證查詢截圖、產品質地短影片、客服回覆截圖（遮個資）。","衛福部中藥許可證：衛署成製015614；類別：乙類成藥；劑型：油膏劑。","退換貨、付款、客服、出貨、價格、通路與任何見證內容，發布前須由人工確認。","NO_LINE_API_CALL_NO_AUTO_PUBLISH_REVIEW_QUEUE_ONLY","","","","2026-10-29"
"LINE_DRYRUN_297","LINE297","LINE_OA_LINE297_V2","LINE_OA","2026-11-12","12:00","輕微關節不適，日常保養要分清楚","D","中","pending_legal_pharmacist_review","NO","FUTURE_RESCHEDULED_PENDING_HUMAN_REVIEW_ONLY","PASS_REWRITTEN_PENDING_HUMAN_REVIEW","","輕微關節不適，日常保養要分清楚","輕微關節不適，日常保養要分清楚

幫長輩準備外用產品時，重點是安全、清楚、依標示使用，不把日常保養說成醫療效果。

這款定位是外用油膏，適合局部按摩放鬆與暫時舒緩日常不適。衛署成製015614，乙類成藥，資料可至衛福部中藥許可證系統查詢。

外用產品請依標示使用；身體不適、狀況持續或變嚴重時，請諮詢醫師或藥師。
下單前可先私訊索取藥證查詢方式與外盒標示照片。","保守教育型 LINE 貼文，強調依標示使用、局部按摩放鬆、身體狀況持續時諮詢醫師或藥師。","圖卡：輕微關節不適與日常保養要分清楚 / 藥證可查 / 依標示使用 / 局部按摩放鬆","建議搭配：外盒標示實拍、藥證查詢截圖、產品質地短影片、客服回覆截圖（遮個資）。","衛福部中藥許可證：衛署成製015614；類別：乙類成藥；劑型：油膏劑。","退換貨、付款、客服、出貨、價格、通路與任何見證內容，發布前須由人工確認。","NO_LINE_API_CALL_NO_AUTO_PUBLISH_REVIEW_QUEUE_ONLY","","","","2026-10-30"
"LINE_DRYRUN_298","LINE298","LINE_OA_LINE298_V2","LINE_OA","2026-11-12","20:00","不要搭配熱敷墊或電毯","E","高","pending_legal_pharmacist_review","NO","FUTURE_RESCHEDULED_PENDING_HUMAN_REVIEW_ONLY","NEEDS_HUMAN_REVIEW_SAFE_TERM_CHECK","","不要搭配熱敷墊或電毯","不要搭配熱敷墊或電毯

外用產品不是擦越多越好，用對位置、避開風險才安心。

這款定位是外用油膏，重點是局部按摩、依標示使用。衛署成製015614，乙類成藥，資料可至衛福部中藥許可證系統查詢。

外用產品請依標示使用；身體不適、症狀持續或惡化時，請諮詢醫師或藥師。
下單前可先私訊索取藥證查詢方式與外盒標示照片。","","圖卡：不要搭配熱敷墊或電毯 / 藥證可查 / 依標示使用","建議搭配：外盒標示實拍、藥證查詢截圖、產品質地短影片、客服回覆截圖（遮個資）。","衛福部中藥許可證：衛署成製015614；類別：乙類成藥；劑型：油膏劑。","退換貨、付款、客服、出貨、價格、通路與任何見證內容，發布前須由人工確認。","NO_LINE_API_CALL_NO_AUTO_PUBLISH_REVIEW_QUEUE_ONLY","","","","2026-10-30"
"LINE_DRYRUN_299","LINE299","LINE_OA_LINE299_V2","LINE_OA","2026-11-13","12:00","小暑前後活動舒適提醒","F","低","pending_legal_pharmacist_review","NO","FUTURE_RESCHEDULED_PENDING_HUMAN_REVIEW_ONLY","NEEDS_HUMAN_REVIEW_SAFE_TERM_CHECK","","小暑前後活動舒適提醒","小暑前後活動舒適提醒

換季時，身體保養不需要複雜，穩定的小習慣比較長久。

這款定位是外用油膏，重點是局部按摩、依標示使用。衛署成製015614，乙類成藥，資料可至衛福部中藥許可證系統查詢。

外用產品請依標示使用；身體不適、症狀持續或惡化時，請諮詢醫師或藥師。
下單前可先私訊索取藥證查詢方式與外盒標示照片。","","圖卡：小暑前後活動舒適提醒 / 藥證可查 / 依標示使用","建議搭配：外盒標示實拍、藥證查詢截圖、產品質地短影片、客服回覆截圖（遮個資）。","衛福部中藥許可證：衛署成製015614；類別：乙類成藥；劑型：油膏劑。","退換貨、付款、客服、出貨、價格、通路與任何見證內容，發布前須由人工確認。","NO_LINE_API_CALL_NO_AUTO_PUBLISH_REVIEW_QUEUE_ONLY","","","","2026-10-31"
"LINE_DRYRUN_300","LINE300","LINE_OA_LINE300_V2","LINE_OA","2026-11-13","20:00","爬山後腿部按摩提醒","C","中","pending_legal_pharmacist_review","NO","FUTURE_RESCHEDULED_PENDING_HUMAN_REVIEW_ONLY","NEEDS_HUMAN_REVIEW_SAFE_TERM_CHECK","","爬山後腿部按摩提醒","爬山後腿部按摩提醒

運動、搬重物、久站後，身體局部不適時，先休息、觀察，再做保守保養。

這款定位是外用油膏，重點是局部按摩、依標示使用。衛署成製015614，乙類成藥，資料可至衛福部中藥許可證系統查詢。

外用產品請依標示使用；身體不適、症狀持續或惡化時，請諮詢醫師或藥師。
下單前可先私訊索取藥證查詢方式與外盒標示照片。","","圖卡：爬山後腿部按摩提醒 / 藥證可查 / 依標示使用","建議搭配：外盒標示實拍、藥證查詢截圖、產品質地短影片、客服回覆截圖（遮個資）。","衛福部中藥許可證：衛署成製015614；類別：乙類成藥；劑型：油膏劑。","退換貨、付款、客服、出貨、價格、通路與任何見證內容，發布前須由人工確認。","NO_LINE_API_CALL_NO_AUTO_PUBLISH_REVIEW_QUEUE_ONLY","","","","2026-10-31"
"LINE_DRYRUN_301","LINE301","LINE_OA_LINE301_V2","LINE_OA","2026-11-14","12:00","外用膏一次擦多少才剛好","G","低","pending_legal_pharmacist_review","NO","FUTURE_RESCHEDULED_PENDING_HUMAN_REVIEW_ONLY","NEEDS_HUMAN_REVIEW_SAFE_TERM_CHECK","","外用膏一次擦多少才剛好","外用膏一次擦多少才剛好

很多人不是不想保養，是不知道什麼情況該先問清楚。

這款定位是外用油膏，重點是局部按摩、依標示使用。衛署成製015614，乙類成藥，資料可至衛福部中藥許可證系統查詢。

外用產品請依標示使用；身體不適、症狀持續或惡化時，請諮詢醫師或藥師。
下單前可先私訊索取藥證查詢方式與外盒標示照片。","","圖卡：外用膏一次擦多少才剛好 / 藥證可查 / 依標示使用","建議搭配：外盒標示實拍、藥證查詢截圖、產品質地短影片、客服回覆截圖（遮個資）。","衛福部中藥許可證：衛署成製015614；類別：乙類成藥；劑型：油膏劑。","退換貨、付款、客服、出貨、價格、通路與任何見證內容，發布前須由人工確認。","NO_LINE_API_CALL_NO_AUTO_PUBLISH_REVIEW_QUEUE_ONLY","","","","2026-11-01"
"LINE_DRYRUN_302","LINE302","LINE_OA_LINE302_V2","LINE_OA","2026-11-14","20:00","散步後的膝周保養","D","中","pending_legal_pharmacist_review","NO","FUTURE_RESCHEDULED_PENDING_HUMAN_REVIEW_ONLY","NEEDS_HUMAN_REVIEW_SAFE_TERM_CHECK","","散步後的膝周保養","散步後的膝周保養

幫長輩準備外用產品時，最重要的是安全、清楚、不要亂用。

這款定位是外用油膏，重點是局部按摩、依標示使用。衛署成製015614，乙類成藥，資料可至衛福部中藥許可證系統查詢。

外用產品請依標示使用；身體不適、症狀持續或惡化時，請諮詢醫師或藥師。
下單前可先私訊索取藥證查詢方式與外盒標示照片。","","圖卡：散步後的膝周保養 / 藥證可查 / 依標示使用","建議搭配：外盒標示實拍、藥證查詢截圖、產品質地短影片、客服回覆截圖（遮個資）。","衛福部中藥許可證：衛署成製015614；類別：乙類成藥；劑型：油膏劑。","退換貨、付款、客服、出貨、價格、通路與任何見證內容，發布前須由人工確認。","NO_LINE_API_CALL_NO_AUTO_PUBLISH_REVIEW_QUEUE_ONLY","","","","2026-11-01"
"LINE_DRYRUN_303","LINE303","LINE_OA_LINE303_V2","LINE_OA","2026-11-15","12:00","午休前的肩頸放鬆流程","B","低","pending_legal_pharmacist_review","NO","FUTURE_RESCHEDULED_PENDING_HUMAN_REVIEW_ONLY","NEEDS_HUMAN_REVIEW_SAFE_TERM_CHECK","","午休前的肩頸放鬆流程","午休前的肩頸放鬆流程

久坐、低頭、開會一整天後，肩頸常會提醒你該放鬆一下。

這款定位是外用油膏，重點是局部按摩、依標示使用。衛署成製015614，乙類成藥，資料可至衛福部中藥許可證系統查詢。

外用產品請依標示使用；身體不適、症狀持續或惡化時，請諮詢醫師或藥師。
下單前可先私訊索取藥證查詢方式與外盒標示照片。","","圖卡：午休前的肩頸放鬆流程 / 藥證可查 / 依標示使用","建議搭配：外盒標示實拍、藥證查詢截圖、產品質地短影片、客服回覆截圖（遮個資）。","衛福部中藥許可證：衛署成製015614；類別：乙類成藥；劑型：油膏劑。","退換貨、付款、客服、出貨、價格、通路與任何見證內容，發布前須由人工確認。","NO_LINE_API_CALL_NO_AUTO_PUBLISH_REVIEW_QUEUE_ONLY","","","","2026-11-02"
"LINE_DRYRUN_304","LINE304","LINE_OA_LINE304_V2","LINE_OA","2026-11-15","20:00","油膏劑為什麼適合局部按摩","A","中","pending_legal_pharmacist_review","NO","FUTURE_RESCHEDULED_PENDING_HUMAN_REVIEW_ONLY","NEEDS_HUMAN_REVIEW_SAFE_TERM_CHECK","","油膏劑為什麼適合局部按摩","油膏劑為什麼適合局部按摩

下單前，先看得懂標示與成分，比聽誇張話術更安心。

這款定位是外用油膏，重點是局部按摩、依標示使用。衛署成製015614，乙類成藥，資料可至衛福部中藥許可證系統查詢。

外用產品請依標示使用；身體不適、症狀持續或惡化時，請諮詢醫師或藥師。
下單前可先私訊索取藥證查詢方式與外盒標示照片。","","圖卡：油膏劑為什麼適合局部按摩 / 藥證可查 / 依標示使用","建議搭配：外盒標示實拍、藥證查詢截圖、產品質地短影片、客服回覆截圖（遮個資）。","衛福部中藥許可證：衛署成製015614；類別：乙類成藥；劑型：油膏劑。","退換貨、付款、客服、出貨、價格、通路與任何見證內容，發布前須由人工確認。","NO_LINE_API_CALL_NO_AUTO_PUBLISH_REVIEW_QUEUE_ONLY","","","","2026-11-02"
"LINE_DRYRUN_305","LINE305","LINE_OA_LINE305_V2","LINE_OA","2026-11-16","12:00","大暑午後少久站硬撐","F","低","pending_legal_pharmacist_review","NO","FUTURE_RESCHEDULED_PENDING_HUMAN_REVIEW_ONLY","NEEDS_HUMAN_REVIEW_SAFE_TERM_CHECK","","大暑午後少久站硬撐","大暑午後少久站硬撐

換季時，身體保養不需要複雜，穩定的小習慣比較長久。

這款定位是外用油膏，重點是局部按摩、依標示使用。衛署成製015614，乙類成藥，資料可至衛福部中藥許可證系統查詢。

外用產品請依標示使用；身體不適、症狀持續或惡化時，請諮詢醫師或藥師。
下單前可先私訊索取藥證查詢方式與外盒標示照片。","","圖卡：大暑午後少久站硬撐 / 藥證可查 / 依標示使用","建議搭配：外盒標示實拍、藥證查詢截圖、產品質地短影片、客服回覆截圖（遮個資）。","衛福部中藥許可證：衛署成製015614；類別：乙類成藥；劑型：油膏劑。","退換貨、付款、客服、出貨、價格、通路與任何見證內容，發布前須由人工確認。","NO_LINE_API_CALL_NO_AUTO_PUBLISH_REVIEW_QUEUE_ONLY","","","","2026-11-03"
"LINE_DRYRUN_306","LINE306","LINE_OA_LINE306_V2","LINE_OA","2026-11-16","20:00","不要密封包紮或大面積厚敷","E","高","pending_legal_pharmacist_review","NO","FUTURE_RESCHEDULED_PENDING_HUMAN_REVIEW_ONLY","NEEDS_HUMAN_REVIEW_SAFE_TERM_CHECK","","不要密封包紮或大面積厚敷","不要密封包紮或大面積厚敷

外用產品不是擦越多越好，用對位置、避開風險才安心。

這款定位是外用油膏，重點是局部按摩、依標示使用。衛署成製015614，乙類成藥，資料可至衛福部中藥許可證系統查詢。

外用產品請依標示使用；身體不適、症狀持續或惡化時，請諮詢醫師或藥師。
下單前可先私訊索取藥證查詢方式與外盒標示照片。","","圖卡：不要密封包紮或大面積厚敷 / 藥證可查 / 依標示使用","建議搭配：外盒標示實拍、藥證查詢截圖、產品質地短影片、客服回覆截圖（遮個資）。","衛福部中藥許可證：衛署成製015614；類別：乙類成藥；劑型：油膏劑。","退換貨、付款、客服、出貨、價格、通路與任何見證內容，發布前須由人工確認。","NO_LINE_API_CALL_NO_AUTO_PUBLISH_REVIEW_QUEUE_ONLY","","","","2026-11-03"
"LINE_DRYRUN_307","LINE307","LINE_OA_LINE307_V2","LINE_OA","2026-11-17","12:00","藥證可查代表什麼","H","中","pending_legal_pharmacist_review","NO","FUTURE_RESCHEDULED_PENDING_HUMAN_REVIEW_ONLY","NEEDS_HUMAN_REVIEW_SAFE_TERM_CHECK","","藥證可查代表什麼","藥證可查代表什麼

我們寧願把資料講清楚，也不想用誇大的話讓你衝動購買。

這款定位是外用油膏，重點是局部按摩、依標示使用。衛署成製015614，乙類成藥，資料可至衛福部中藥許可證系統查詢。

外用產品請依標示使用；身體不適、症狀持續或惡化時，請諮詢醫師或藥師。
下單前可先私訊索取藥證查詢方式與外盒標示照片。","","圖卡：藥證可查代表什麼 / 藥證可查 / 依標示使用","建議搭配：外盒標示實拍、藥證查詢截圖、產品質地短影片、客服回覆截圖（遮個資）。","衛福部中藥許可證：衛署成製015614；類別：乙類成藥；劑型：油膏劑。","退換貨、付款、客服、出貨、價格、通路與任何見證內容，發布前須由人工確認。","NO_LINE_API_CALL_NO_AUTO_PUBLISH_REVIEW_QUEUE_ONLY","","","","2026-11-04"
"LINE_DRYRUN_308","LINE308","LINE_OA_LINE308_V2","LINE_OA","2026-11-17","20:00","涼感越強越有效嗎","G","低","pending_legal_pharmacist_review","NO","FUTURE_RESCHEDULED_PENDING_HUMAN_REVIEW_ONLY","NEEDS_HUMAN_REVIEW_SAFE_TERM_CHECK","","涼感越強越有效嗎","涼感越強越有效嗎

很多人不是不想保養，是不知道什麼情況該先問清楚。

這款定位是外用油膏，重點是局部按摩、依標示使用。衛署成製015614，乙類成藥，資料可至衛福部中藥許可證系統查詢。

外用產品請依標示使用；身體不適、症狀持續或惡化時，請諮詢醫師或藥師。
下單前可先私訊索取藥證查詢方式與外盒標示照片。","","圖卡：涼感越強越有效嗎 / 藥證可查 / 依標示使用","建議搭配：外盒標示實拍、藥證查詢截圖、產品質地短影片、客服回覆截圖（遮個資）。","衛福部中藥許可證：衛署成製015614；類別：乙類成藥；劑型：油膏劑。","退換貨、付款、客服、出貨、價格、通路與任何見證內容，發布前須由人工確認。","NO_LINE_API_CALL_NO_AUTO_PUBLISH_REVIEW_QUEUE_ONLY","","","","2026-11-04"
"LINE_DRYRUN_309","LINE309","LINE_OA_LINE309_V2","LINE_OA","2026-11-18","12:00","重訓後肩背局部舒緩","C","中","pending_legal_pharmacist_review","NO","FUTURE_RESCHEDULED_PENDING_HUMAN_REVIEW_ONLY","PASS_DRY_RUN_PENDING_HUMAN_REVIEW","","重訓後肩背局部舒緩","重訓後肩背局部舒緩

運動、搬重物、久站後，身體局部不適時，先休息、觀察，再做保守保養。

這款定位是外用油膏，重點是局部按摩、依標示使用。衛署成製015614，乙類成藥，資料可至衛福部中藥許可證系統查詢。

外用產品請依標示使用；身體不適、症狀持續或惡化時，請諮詢醫師或藥師。
下單前可先私訊索取藥證查詢方式與外盒標示照片。","","圖卡：重訓後肩背局部舒緩 / 藥證可查 / 依標示使用","建議搭配：外盒標示實拍、藥證查詢截圖、產品質地短影片、客服回覆截圖（遮個資）。","衛福部中藥許可證：衛署成製015614；類別：乙類成藥；劑型：油膏劑。","退換貨、付款、客服、出貨、價格、通路與任何見證內容，發布前須由人工確認。","NO_LINE_API_CALL_NO_AUTO_PUBLISH_REVIEW_QUEUE_ONLY","","","","2026-11-05"
"LINE_DRYRUN_310","LINE310","LINE_OA_LINE310_V2","LINE_OA","2026-11-18","20:00","乙類成藥與一般保健品差異","A","中","pending_legal_pharmacist_review","NO","FUTURE_RESCHEDULED_PENDING_HUMAN_REVIEW_ONLY","NEEDS_HUMAN_REVIEW_SAFE_TERM_CHECK","","乙類成藥與一般保健品差異","乙類成藥與一般保健品差異

下單前，先看得懂標示與成分，比聽誇張話術更安心。

這款定位是外用油膏，重點是局部按摩、依標示使用。衛署成製015614，乙類成藥，資料可至衛福部中藥許可證系統查詢。

外用產品請依標示使用；身體不適、症狀持續或惡化時，請諮詢醫師或藥師。
下單前可先私訊索取藥證查詢方式與外盒標示照片。","","圖卡：乙類成藥與一般保健品差異 / 藥證可查 / 依標示使用","建議搭配：外盒標示實拍、藥證查詢截圖、產品質地短影片、客服回覆截圖（遮個資）。","衛福部中藥許可證：衛署成製015614；類別：乙類成藥；劑型：油膏劑。","退換貨、付款、客服、出貨、價格、通路與任何見證內容，發布前須由人工確認。","NO_LINE_API_CALL_NO_AUTO_PUBLISH_REVIEW_QUEUE_ONLY","","","","2026-11-05"
"LINE_DRYRUN_311","LINE311","LINE_OA_LINE311_V2","LINE_OA","2026-11-19","12:00","天氣變化時的活動舒適感","D","中","pending_legal_pharmacist_review","NO","FUTURE_RESCHEDULED_PENDING_HUMAN_REVIEW_ONLY","NEEDS_HUMAN_REVIEW_SAFE_TERM_CHECK","","天氣變化時的活動舒適感","天氣變化時的活動舒適感

幫長輩準備外用產品時，最重要的是安全、清楚、不要亂用。

這款定位是外用油膏，重點是局部按摩、依標示使用。衛署成製015614，乙類成藥，資料可至衛福部中藥許可證系統查詢。

外用產品請依標示使用；身體不適、症狀持續或惡化時，請諮詢醫師或藥師。
下單前可先私訊索取藥證查詢方式與外盒標示照片。","","圖卡：天氣變化時的活動舒適感 / 藥證可查 / 依標示使用","建議搭配：外盒標示實拍、藥證查詢截圖、產品質地短影片、客服回覆截圖（遮個資）。","衛福部中藥許可證：衛署成製015614；類別：乙類成藥；劑型：油膏劑。","退換貨、付款、客服、出貨、價格、通路與任何見證內容，發布前須由人工確認。","NO_LINE_API_CALL_NO_AUTO_PUBLISH_REVIEW_QUEUE_ONLY","","","","2026-11-06"
"LINE_DRYRUN_312","LINE312","LINE_OA_LINE312_V2","LINE_OA","2026-11-19","20:00","水楊酸或阿斯匹靈過敏者注意","E","高","pending_legal_pharmacist_review","NO","FUTURE_RESCHEDULED_PENDING_HUMAN_REVIEW_ONLY","NEEDS_HUMAN_REVIEW_SAFE_TERM_CHECK","","水楊酸或阿斯匹靈過敏者注意","水楊酸或阿斯匹靈過敏者注意

外用產品不是擦越多越好，用對位置、避開風險才安心。

這款定位是外用油膏，重點是局部按摩、依標示使用。衛署成製015614，乙類成藥，資料可至衛福部中藥許可證系統查詢。

外用產品請依標示使用；身體不適、症狀持續或惡化時，請諮詢醫師或藥師。
下單前可先私訊索取藥證查詢方式與外盒標示照片。","","圖卡：水楊酸或阿斯匹靈過敏者注意 / 藥證可查 / 依標示使用","建議搭配：外盒標示實拍、藥證查詢截圖、產品質地短影片、客服回覆截圖（遮個資）。","衛福部中藥許可證：衛署成製015614；類別：乙類成藥；劑型：油膏劑。","退換貨、付款、客服、出貨、價格、通路與任何見證內容，發布前須由人工確認。","NO_LINE_API_CALL_NO_AUTO_PUBLISH_REVIEW_QUEUE_ONLY","","","","2026-11-06"
"LINE_DRYRUN_313","LINE313","LINE_OA_LINE313_V2","LINE_OA","2026-11-20","12:00","立秋後早晚溫差保養","F","低","pending_legal_pharmacist_review","NO","FUTURE_RESCHEDULED_PENDING_HUMAN_REVIEW_ONLY","NEEDS_HUMAN_REVIEW_SAFE_TERM_CHECK","","立秋後早晚溫差保養","立秋後早晚溫差保養

換季時，身體保養不需要複雜，穩定的小習慣比較長久。

這款定位是外用油膏，重點是局部按摩、依標示使用。衛署成製015614，乙類成藥，資料可至衛福部中藥許可證系統查詢。

外用產品請依標示使用；身體不適、症狀持續或惡化時，請諮詢醫師或藥師。
下單前可先私訊索取藥證查詢方式與外盒標示照片。","","圖卡：立秋後早晚溫差保養 / 藥證可查 / 依標示使用","建議搭配：外盒標示實拍、藥證查詢截圖、產品質地短影片、客服回覆截圖（遮個資）。","衛福部中藥許可證：衛署成製015614；類別：乙類成藥；劑型：油膏劑。","退換貨、付款、客服、出貨、價格、通路與任何見證內容，發布前須由人工確認。","NO_LINE_API_CALL_NO_AUTO_PUBLISH_REVIEW_QUEUE_ONLY","","","","2026-11-07"
"LINE_DRYRUN_314","LINE314","LINE_OA_LINE314_V2","LINE_OA","2026-11-20","20:00","家事後手臂不適保養","C","中","pending_legal_pharmacist_review","NO","FUTURE_RESCHEDULED_PENDING_HUMAN_REVIEW_ONLY","NEEDS_HUMAN_REVIEW_SAFE_TERM_CHECK","","家事後手臂不適保養","家事後手臂不適保養

運動、搬重物、久站後，身體局部不適時，先休息、觀察，再做保守保養。

這款定位是外用油膏，重點是局部按摩、依標示使用。衛署成製015614，乙類成藥，資料可至衛福部中藥許可證系統查詢。

外用產品請依標示使用；身體不適、症狀持續或惡化時，請諮詢醫師或藥師。
下單前可先私訊索取藥證查詢方式與外盒標示照片。","","圖卡：家事後手臂不適保養 / 藥證可查 / 依標示使用","建議搭配：外盒標示實拍、藥證查詢截圖、產品質地短影片、客服回覆截圖（遮個資）。","衛福部中藥許可證：衛署成製015614；類別：乙類成藥；劑型：油膏劑。","退換貨、付款、客服、出貨、價格、通路與任何見證內容，發布前須由人工確認。","NO_LINE_API_CALL_NO_AUTO_PUBLISH_REVIEW_QUEUE_ONLY","","","","2026-11-07"
"LINE_DRYRUN_315","LINE315","LINE_OA_LINE315_V2","LINE_OA","2026-11-21","12:00","你有看過外用產品標示嗎","G","低","pending_legal_pharmacist_review","NO","FUTURE_RESCHEDULED_PENDING_HUMAN_REVIEW_ONLY","NEEDS_HUMAN_REVIEW_SAFE_TERM_CHECK","","你有看過外用產品標示嗎","你有看過外用產品標示嗎

很多人不是不想保養，是不知道什麼情況該先問清楚。

這款定位是外用油膏，重點是局部按摩、依標示使用。衛署成製015614，乙類成藥，資料可至衛福部中藥許可證系統查詢。

外用產品請依標示使用；身體不適、症狀持續或惡化時，請諮詢醫師或藥師。
下單前可先私訊索取藥證查詢方式與外盒標示照片。","","圖卡：你有看過外用產品標示嗎 / 藥證可查 / 依標示使用","建議搭配：外盒標示實拍、藥證查詢截圖、產品質地短影片、客服回覆截圖（遮個資）。","衛福部中藥許可證：衛署成製015614；類別：乙類成藥；劑型：油膏劑。","退換貨、付款、客服、出貨、價格、通路與任何見證內容，發布前須由人工確認。","NO_LINE_API_CALL_NO_AUTO_PUBLISH_REVIEW_QUEUE_ONLY","","","","2026-11-08"
"LINE_DRYRUN_316","LINE316","LINE_OA_LINE316_V2","LINE_OA","2026-11-21","20:00","長輩按摩力道不要過重","D","中","pending_legal_pharmacist_review","NO","FUTURE_RESCHEDULED_PENDING_HUMAN_REVIEW_ONLY","NEEDS_HUMAN_REVIEW_SAFE_TERM_CHECK","","長輩按摩力道不要過重","長輩按摩力道不要過重

幫長輩準備外用產品時，最重要的是安全、清楚、不要亂用。

這款定位是外用油膏，重點是局部按摩、依標示使用。衛署成製015614，乙類成藥，資料可至衛福部中藥許可證系統查詢。

外用產品請依標示使用；身體不適、症狀持續或惡化時，請諮詢醫師或藥師。
下單前可先私訊索取藥證查詢方式與外盒標示照片。","","圖卡：長輩按摩力道不要過重 / 藥證可查 / 依標示使用","建議搭配：外盒標示實拍、藥證查詢截圖、產品質地短影片、客服回覆截圖（遮個資）。","衛福部中藥許可證：衛署成製015614；類別：乙類成藥；劑型：油膏劑。","退換貨、付款、客服、出貨、價格、通路與任何見證內容，發布前須由人工確認。","NO_LINE_API_CALL_NO_AUTO_PUBLISH_REVIEW_QUEUE_ONLY","","","","2026-11-08"
"LINE_DRYRUN_317","LINE317","LINE_OA_LINE317_V2","LINE_OA","2026-11-22","12:00","開會久坐後的腰背舒緩","B","低","pending_legal_pharmacist_review","NO","FUTURE_RESCHEDULED_PENDING_HUMAN_REVIEW_ONLY","NEEDS_HUMAN_REVIEW_SAFE_TERM_CHECK","","開會久坐後的腰背舒緩","開會久坐後的腰背舒緩

久坐、低頭、開會一整天後，肩頸常會提醒你該放鬆一下。

這款定位是外用油膏，重點是局部按摩、依標示使用。衛署成製015614，乙類成藥，資料可至衛福部中藥許可證系統查詢。

外用產品請依標示使用；身體不適、症狀持續或惡化時，請諮詢醫師或藥師。
下單前可先私訊索取藥證查詢方式與外盒標示照片。","","圖卡：開會久坐後的腰背舒緩 / 藥證可查 / 依標示使用","建議搭配：外盒標示實拍、藥證查詢截圖、產品質地短影片、客服回覆截圖（遮個資）。","衛福部中藥許可證：衛署成製015614；類別：乙類成藥；劑型：油膏劑。","退換貨、付款、客服、出貨、價格、通路與任何見證內容，發布前須由人工確認。","NO_LINE_API_CALL_NO_AUTO_PUBLISH_REVIEW_QUEUE_ONLY","","","","2026-11-09"
"LINE_DRYRUN_318","LINE318","LINE_OA_LINE318_V2","LINE_OA","2026-11-22","20:00","一條根外用膏的日常定位","A","中","pending_legal_pharmacist_review","NO","FUTURE_RESCHEDULED_PENDING_HUMAN_REVIEW_ONLY","NEEDS_HUMAN_REVIEW_SAFE_TERM_CHECK","","一條根外用膏的日常定位","一條根外用膏的日常定位

下單前，先看得懂標示與成分，比聽誇張話術更安心。

這款定位是外用油膏，重點是局部按摩、依標示使用。衛署成製015614，乙類成藥，資料可至衛福部中藥許可證系統查詢。

外用產品請依標示使用；身體不適、症狀持續或惡化時，請諮詢醫師或藥師。
下單前可先私訊索取藥證查詢方式與外盒標示照片。","","圖卡：一條根外用膏的日常定位 / 藥證可查 / 依標示使用","建議搭配：外盒標示實拍、藥證查詢截圖、產品質地短影片、客服回覆截圖（遮個資）。","衛福部中藥許可證：衛署成製015614；類別：乙類成藥；劑型：油膏劑。","退換貨、付款、客服、出貨、價格、通路與任何見證內容，發布前須由人工確認。","NO_LINE_API_CALL_NO_AUTO_PUBLISH_REVIEW_QUEUE_ONLY","","","","2026-11-09"
"LINE_DRYRUN_319","LINE319","LINE_OA_LINE319_V2","LINE_OA","2026-11-23","12:00","處暑後運動暖身提醒","F","低","pending_legal_pharmacist_review","NO","FUTURE_RESCHEDULED_PENDING_HUMAN_REVIEW_ONLY","NEEDS_HUMAN_REVIEW_SAFE_TERM_CHECK","","處暑後運動暖身提醒","處暑後運動暖身提醒

換季時，身體保養不需要複雜，穩定的小習慣比較長久。

這款定位是外用油膏，重點是局部按摩、依標示使用。衛署成製015614，乙類成藥，資料可至衛福部中藥許可證系統查詢。

外用產品請依標示使用；身體不適、症狀持續或惡化時，請諮詢醫師或藥師。
下單前可先私訊索取藥證查詢方式與外盒標示照片。","","圖卡：處暑後運動暖身提醒 / 藥證可查 / 依標示使用","建議搭配：外盒標示實拍、藥證查詢截圖、產品質地短影片、客服回覆截圖（遮個資）。","衛福部中藥許可證：衛署成製015614；類別：乙類成藥；劑型：油膏劑。","退換貨、付款、客服、出貨、價格、通路與任何見證內容，發布前須由人工確認。","NO_LINE_API_CALL_NO_AUTO_PUBLISH_REVIEW_QUEUE_ONLY","","","","2026-11-10"
"LINE_DRYRUN_320","LINE320","LINE_OA_LINE320_V2","LINE_OA","2026-11-23","20:00","兒童使用前的安全提醒","E","高","pending_legal_pharmacist_review","NO","FUTURE_RESCHEDULED_PENDING_HUMAN_REVIEW_ONLY","NEEDS_HUMAN_REVIEW_SAFE_TERM_CHECK","","兒童使用前的安全提醒","兒童使用前的安全提醒

外用產品不是擦越多越好，用對位置、避開風險才安心。

這款定位是外用油膏，重點是局部按摩、依標示使用。衛署成製015614，乙類成藥，資料可至衛福部中藥許可證系統查詢。

外用產品請依標示使用；身體不適、症狀持續或惡化時，請諮詢醫師或藥師。
下單前可先私訊索取藥證查詢方式與外盒標示照片。","","圖卡：兒童使用前的安全提醒 / 藥證可查 / 依標示使用","建議搭配：外盒標示實拍、藥證查詢截圖、產品質地短影片、客服回覆截圖（遮個資）。","衛福部中藥許可證：衛署成製015614；類別：乙類成藥；劑型：油膏劑。","退換貨、付款、客服、出貨、價格、通路與任何見證內容，發布前須由人工確認。","NO_LINE_API_CALL_NO_AUTO_PUBLISH_REVIEW_QUEUE_ONLY","","","","2026-11-10"
"LINE_DRYRUN_321","LINE321","LINE_OA_LINE321_V2","LINE_OA","2026-11-24","12:00","外用膏廣告為什麼要保守","H","中","pending_legal_pharmacist_review","NO","FUTURE_RESCHEDULED_PENDING_HUMAN_REVIEW_ONLY","NEEDS_HUMAN_REVIEW_SAFE_TERM_CHECK","","外用膏廣告為什麼要保守","外用膏廣告為什麼要保守

我們寧願把資料講清楚，也不想用誇大的話讓你衝動購買。

這款定位是外用油膏，重點是局部按摩、依標示使用。衛署成製015614，乙類成藥，資料可至衛福部中藥許可證系統查詢。

外用產品請依標示使用；身體不適、症狀持續或惡化時，請諮詢醫師或藥師。
下單前可先私訊索取藥證查詢方式與外盒標示照片。","","圖卡：外用膏廣告為什麼要保守 / 藥證可查 / 依標示使用","建議搭配：外盒標示實拍、藥證查詢截圖、產品質地短影片、客服回覆截圖（遮個資）。","衛福部中藥許可證：衛署成製015614；類別：乙類成藥；劑型：油膏劑。","退換貨、付款、客服、出貨、價格、通路與任何見證內容，發布前須由人工確認。","NO_LINE_API_CALL_NO_AUTO_PUBLISH_REVIEW_QUEUE_ONLY","","","","2026-11-11"
"LINE_DRYRUN_322","LINE322","LINE_OA_LINE322_V2","LINE_OA","2026-11-24","20:00","久坐族最想舒緩哪裡","G","低","pending_legal_pharmacist_review","NO","FUTURE_RESCHEDULED_PENDING_HUMAN_REVIEW_ONLY","NEEDS_HUMAN_REVIEW_SAFE_TERM_CHECK","","久坐族最想舒緩哪裡","久坐族最想舒緩哪裡

很多人不是不想保養，是不知道什麼情況該先問清楚。

這款定位是外用油膏，重點是局部按摩、依標示使用。衛署成製015614，乙類成藥，資料可至衛福部中藥許可證系統查詢。

外用產品請依標示使用；身體不適、症狀持續或惡化時，請諮詢醫師或藥師。
下單前可先私訊索取藥證查詢方式與外盒標示照片。","","圖卡：久坐族最想舒緩哪裡 / 藥證可查 / 依標示使用","建議搭配：外盒標示實拍、藥證查詢截圖、產品質地短影片、客服回覆截圖（遮個資）。","衛福部中藥許可證：衛署成製015614；類別：乙類成藥；劑型：油膏劑。","退換貨、付款、客服、出貨、價格、通路與任何見證內容，發布前須由人工確認。","NO_LINE_API_CALL_NO_AUTO_PUBLISH_REVIEW_QUEUE_ONLY","","","","2026-11-11"
"LINE_DRYRUN_323","LINE323","LINE_OA_LINE323_V2","LINE_OA","2026-11-25","12:00","跑步後膝周不適的保守提醒","C","中","pending_legal_pharmacist_review","NO","FUTURE_RESCHEDULED_PENDING_HUMAN_REVIEW_ONLY","NEEDS_HUMAN_REVIEW_SAFE_TERM_CHECK","","跑步後膝周不適的保守提醒","跑步後膝周不適的保守提醒

運動、搬重物、久站後，身體局部不適時，先休息、觀察，再做保守保養。

這款定位是外用油膏，重點是局部按摩、依標示使用。衛署成製015614，乙類成藥，資料可至衛福部中藥許可證系統查詢。

外用產品請依標示使用；身體不適、症狀持續或惡化時，請諮詢醫師或藥師。
下單前可先私訊索取藥證查詢方式與外盒標示照片。","","圖卡：跑步後膝周不適的保守提醒 / 藥證可查 / 依標示使用","建議搭配：外盒標示實拍、藥證查詢截圖、產品質地短影片、客服回覆截圖（遮個資）。","衛福部中藥許可證：衛署成製015614；類別：乙類成藥；劑型：油膏劑。","退換貨、付款、客服、出貨、價格、通路與任何見證內容，發布前須由人工確認。","NO_LINE_API_CALL_NO_AUTO_PUBLISH_REVIEW_QUEUE_ONLY","","","","2026-11-12"
"LINE_DRYRUN_324","LINE324","LINE_OA_LINE324_V2","LINE_OA","2026-11-25","20:00","成分濃度為什麼要看標示","A","中","pending_legal_pharmacist_review","NO","FUTURE_RESCHEDULED_PENDING_HUMAN_REVIEW_ONLY","NEEDS_HUMAN_REVIEW_SAFE_TERM_CHECK","","成分濃度為什麼要看標示","成分濃度為什麼要看標示

下單前，先看得懂標示與成分，比聽誇張話術更安心。

這款定位是外用油膏，重點是局部按摩、依標示使用。衛署成製015614，乙類成藥，資料可至衛福部中藥許可證系統查詢。

外用產品請依標示使用；身體不適、症狀持續或惡化時，請諮詢醫師或藥師。
下單前可先私訊索取藥證查詢方式與外盒標示照片。","","圖卡：成分濃度為什麼要看標示 / 藥證可查 / 依標示使用","建議搭配：外盒標示實拍、藥證查詢截圖、產品質地短影片、客服回覆截圖（遮個資）。","衛福部中藥許可證：衛署成製015614；類別：乙類成藥；劑型：油膏劑。","退換貨、付款、客服、出貨、價格、通路與任何見證內容，發布前須由人工確認。","NO_LINE_API_CALL_NO_AUTO_PUBLISH_REVIEW_QUEUE_ONLY","","","","2026-11-12"
"LINE_DRYRUN_325","LINE325","LINE_OA_LINE325_V2","LINE_OA","2026-11-26","12:00","照顧爸媽時的外用提醒","D","中","pending_legal_pharmacist_review","NO","FUTURE_RESCHEDULED_PENDING_HUMAN_REVIEW_ONLY","NEEDS_HUMAN_REVIEW_SAFE_TERM_CHECK","","照顧爸媽時的外用提醒","照顧爸媽時的外用提醒

幫長輩準備外用產品時，最重要的是安全、清楚、不要亂用。

這款定位是外用油膏，重點是局部按摩、依標示使用。衛署成製015614，乙類成藥，資料可至衛福部中藥許可證系統查詢。

外用產品請依標示使用；身體不適、症狀持續或惡化時，請諮詢醫師或藥師。
下單前可先私訊索取藥證查詢方式與外盒標示照片。","","圖卡：照顧爸媽時的外用提醒 / 藥證可查 / 依標示使用","建議搭配：外盒標示實拍、藥證查詢截圖、產品質地短影片、客服回覆截圖（遮個資）。","衛福部中藥許可證：衛署成製015614；類別：乙類成藥；劑型：油膏劑。","退換貨、付款、客服、出貨、價格、通路與任何見證內容，發布前須由人工確認。","NO_LINE_API_CALL_NO_AUTO_PUBLISH_REVIEW_QUEUE_ONLY","","","","2026-11-13"
"LINE_DRYRUN_326","LINE326","LINE_OA_LINE326_V2","LINE_OA","2026-11-26","20:00","孕婦與哺乳族群先詢問專業人員","E","高","pending_legal_pharmacist_review","NO","FUTURE_RESCHEDULED_PENDING_HUMAN_REVIEW_ONLY","NEEDS_HUMAN_REVIEW_SAFE_TERM_CHECK","","孕婦與哺乳族群先詢問專業人員","孕婦與哺乳族群先詢問專業人員

外用產品不是擦越多越好，用對位置、避開風險才安心。

這款定位是外用油膏，重點是局部按摩、依標示使用。衛署成製015614，乙類成藥，資料可至衛福部中藥許可證系統查詢。

外用產品請依標示使用；身體不適、症狀持續或惡化時，請諮詢醫師或藥師。
下單前可先私訊索取藥證查詢方式與外盒標示照片。","","圖卡：孕婦與哺乳族群先詢問專業人員 / 藥證可查 / 依標示使用","建議搭配：外盒標示實拍、藥證查詢截圖、產品質地短影片、客服回覆截圖（遮個資）。","衛福部中藥許可證：衛署成製015614；類別：乙類成藥；劑型：油膏劑。","退換貨、付款、客服、出貨、價格、通路與任何見證內容，發布前須由人工確認。","NO_LINE_API_CALL_NO_AUTO_PUBLISH_REVIEW_QUEUE_ONLY","","","","2026-11-13"
"LINE_DRYRUN_327","LINE327","LINE_OA_LINE327_V2","LINE_OA","2026-11-27","12:00","白露時節關心長輩活動","F","低","pending_legal_pharmacist_review","NO","FUTURE_RESCHEDULED_PENDING_HUMAN_REVIEW_ONLY","NEEDS_HUMAN_REVIEW_SAFE_TERM_CHECK","","白露時節關心長輩活動","白露時節關心長輩活動

換季時，身體保養不需要複雜，穩定的小習慣比較長久。

這款定位是外用油膏，重點是局部按摩、依標示使用。衛署成製015614，乙類成藥，資料可至衛福部中藥許可證系統查詢。

外用產品請依標示使用；身體不適、症狀持續或惡化時，請諮詢醫師或藥師。
下單前可先私訊索取藥證查詢方式與外盒標示照片。","","圖卡：白露時節關心長輩活動 / 藥證可查 / 依標示使用","建議搭配：外盒標示實拍、藥證查詢截圖、產品質地短影片、客服回覆截圖（遮個資）。","衛福部中藥許可證：衛署成製015614；類別：乙類成藥；劑型：油膏劑。","退換貨、付款、客服、出貨、價格、通路與任何見證內容，發布前須由人工確認。","NO_LINE_API_CALL_NO_AUTO_PUBLISH_REVIEW_QUEUE_ONLY","","","","2026-11-14"
"LINE_DRYRUN_328","LINE328","LINE_OA_LINE328_V2","LINE_OA","2026-11-27","20:00","勞動後先休息再按摩","C","中","pending_legal_pharmacist_review","NO","FUTURE_RESCHEDULED_PENDING_HUMAN_REVIEW_ONLY","NEEDS_HUMAN_REVIEW_SAFE_TERM_CHECK","","勞動後先休息再按摩","勞動後先休息再按摩

運動、搬重物、久站後，身體局部不適時，先休息、觀察，再做保守保養。

這款定位是外用油膏，重點是局部按摩、依標示使用。衛署成製015614，乙類成藥，資料可至衛福部中藥許可證系統查詢。

外用產品請依標示使用；身體不適、症狀持續或惡化時，請諮詢醫師或藥師。
下單前可先私訊索取藥證查詢方式與外盒標示照片。","","圖卡：勞動後先休息再按摩 / 藥證可查 / 依標示使用","建議搭配：外盒標示實拍、藥證查詢截圖、產品質地短影片、客服回覆截圖（遮個資）。","衛福部中藥許可證：衛署成製015614；類別：乙類成藥；劑型：油膏劑。","退換貨、付款、客服、出貨、價格、通路與任何見證內容，發布前須由人工確認。","NO_LINE_API_CALL_NO_AUTO_PUBLISH_REVIEW_QUEUE_ONLY","","","","2026-11-14"
"LINE_DRYRUN_329","LINE329","LINE_OA_LINE329_V2","LINE_OA","2026-11-28","12:00","長輩使用外用膏你會提醒什麼","G","低","pending_legal_pharmacist_review","NO","FUTURE_RESCHEDULED_PENDING_HUMAN_REVIEW_ONLY","NEEDS_HUMAN_REVIEW_SAFE_TERM_CHECK","","長輩使用外用膏你會提醒什麼","長輩使用外用膏你會提醒什麼

很多人不是不想保養，是不知道什麼情況該先問清楚。

這款定位是外用油膏，重點是局部按摩、依標示使用。衛署成製015614，乙類成藥，資料可至衛福部中藥許可證系統查詢。

外用產品請依標示使用；身體不適、症狀持續或惡化時，請諮詢醫師或藥師。
下單前可先私訊索取藥證查詢方式與外盒標示照片。","","圖卡：長輩使用外用膏你會提醒什麼 / 藥證可查 / 依標示使用","建議搭配：外盒標示實拍、藥證查詢截圖、產品質地短影片、客服回覆截圖（遮個資）。","衛福部中藥許可證：衛署成製015614；類別：乙類成藥；劑型：油膏劑。","退換貨、付款、客服、出貨、價格、通路與任何見證內容，發布前須由人工確認。","NO_LINE_API_CALL_NO_AUTO_PUBLISH_REVIEW_QUEUE_ONLY","","","","2026-11-15"
"LINE_DRYRUN_330","LINE330","LINE_OA_LINE330_V2","LINE_OA","2026-11-28","20:00","日常活動舒適度的三個習慣","D","中","pending_legal_pharmacist_review","NO","FUTURE_RESCHEDULED_PENDING_HUMAN_REVIEW_ONLY","NEEDS_HUMAN_REVIEW_SAFE_TERM_CHECK","","日常活動舒適度的三個習慣","日常活動舒適度的三個習慣

幫長輩準備外用產品時，最重要的是安全、清楚、不要亂用。

這款定位是外用油膏，重點是局部按摩、依標示使用。衛署成製015614，乙類成藥，資料可至衛福部中藥許可證系統查詢。

外用產品請依標示使用；身體不適、症狀持續或惡化時，請諮詢醫師或藥師。
下單前可先私訊索取藥證查詢方式與外盒標示照片。","","圖卡：日常活動舒適度的三個習慣 / 藥證可查 / 依標示使用","建議搭配：外盒標示實拍、藥證查詢截圖、產品質地短影片、客服回覆截圖（遮個資）。","衛福部中藥許可證：衛署成製015614；類別：乙類成藥；劑型：油膏劑。","退換貨、付款、客服、出貨、價格、通路與任何見證內容，發布前須由人工確認。","NO_LINE_API_CALL_NO_AUTO_PUBLISH_REVIEW_QUEUE_ONLY","","","","2026-11-15"
"LINE_DRYRUN_331","LINE331","LINE_OA_LINE331_V2","LINE_OA","2026-11-29","12:00","下班前五分鐘伸展","B","低","pending_legal_pharmacist_review","NO","FUTURE_RESCHEDULED_PENDING_HUMAN_REVIEW_ONLY","NEEDS_HUMAN_REVIEW_SAFE_TERM_CHECK","","下班前五分鐘伸展","下班前五分鐘伸展

久坐、低頭、開會一整天後，肩頸常會提醒你該放鬆一下。

這款定位是外用油膏，重點是局部按摩、依標示使用。衛署成製015614，乙類成藥，資料可至衛福部中藥許可證系統查詢。

外用產品請依標示使用；身體不適、症狀持續或惡化時，請諮詢醫師或藥師。
下單前可先私訊索取藥證查詢方式與外盒標示照片。","","圖卡：下班前五分鐘伸展 / 藥證可查 / 依標示使用","建議搭配：外盒標示實拍、藥證查詢截圖、產品質地短影片、客服回覆截圖（遮個資）。","衛福部中藥許可證：衛署成製015614；類別：乙類成藥；劑型：油膏劑。","退換貨、付款、客服、出貨、價格、通路與任何見證內容，發布前須由人工確認。","NO_LINE_API_CALL_NO_AUTO_PUBLISH_REVIEW_QUEUE_ONLY","","","","2026-11-16"
"LINE_DRYRUN_332","LINE332","LINE_OA_LINE332_V2","LINE_OA","2026-11-29","20:00","局部按摩和大面積厚敷的差別","A","中","pending_legal_pharmacist_review","NO","FUTURE_RESCHEDULED_PENDING_HUMAN_REVIEW_ONLY","NEEDS_HUMAN_REVIEW_SAFE_TERM_CHECK","","局部按摩和大面積厚敷的差別","局部按摩和大面積厚敷的差別

下單前，先看得懂標示與成分，比聽誇張話術更安心。

這款定位是外用油膏，重點是局部按摩、依標示使用。衛署成製015614，乙類成藥，資料可至衛福部中藥許可證系統查詢。

外用產品請依標示使用；身體不適、症狀持續或惡化時，請諮詢醫師或藥師。
下單前可先私訊索取藥證查詢方式與外盒標示照片。","","圖卡：局部按摩和大面積厚敷的差別 / 藥證可查 / 依標示使用","建議搭配：外盒標示實拍、藥證查詢截圖、產品質地短影片、客服回覆截圖（遮個資）。","衛福部中藥許可證：衛署成製015614；類別：乙類成藥；劑型：油膏劑。","退換貨、付款、客服、出貨、價格、通路與任何見證內容，發布前須由人工確認。","NO_LINE_API_CALL_NO_AUTO_PUBLISH_REVIEW_QUEUE_ONLY","","","","2026-11-16"
"LINE_DRYRUN_333","LINE333","LINE_OA_LINE333_V2","LINE_OA","2026-11-30","12:00","秋分後外出前暖身","F","低","pending_legal_pharmacist_review","NO","FUTURE_RESCHEDULED_PENDING_HUMAN_REVIEW_ONLY","NEEDS_HUMAN_REVIEW_SAFE_TERM_CHECK","","秋分後外出前暖身","秋分後外出前暖身

換季時，身體保養不需要複雜，穩定的小習慣比較長久。

這款定位是外用油膏，重點是局部按摩、依標示使用。衛署成製015614，乙類成藥，資料可至衛福部中藥許可證系統查詢。

外用產品請依標示使用；身體不適、症狀持續或惡化時，請諮詢醫師或藥師。
下單前可先私訊索取藥證查詢方式與外盒標示照片。","","圖卡：秋分後外出前暖身 / 藥證可查 / 依標示使用","建議搭配：外盒標示實拍、藥證查詢截圖、產品質地短影片、客服回覆截圖（遮個資）。","衛福部中藥許可證：衛署成製015614；類別：乙類成藥；劑型：油膏劑。","退換貨、付款、客服、出貨、價格、通路與任何見證內容，發布前須由人工確認。","NO_LINE_API_CALL_NO_AUTO_PUBLISH_REVIEW_QUEUE_ONLY","","","","2026-11-17"
"LINE_DRYRUN_334","LINE334","LINE_OA_LINE334_V2","LINE_OA","2026-11-30","20:00","症狀超過七天要停用並諮詢","E","高","pending_legal_pharmacist_review","NO","FUTURE_RESCHEDULED_PENDING_HUMAN_REVIEW_ONLY","NEEDS_HUMAN_REVIEW_SAFE_TERM_CHECK","","症狀超過七天要停用並諮詢","症狀超過七天要停用並諮詢

外用產品不是擦越多越好，用對位置、避開風險才安心。

這款定位是外用油膏，重點是局部按摩、依標示使用。衛署成製015614，乙類成藥，資料可至衛福部中藥許可證系統查詢。

外用產品請依標示使用；身體不適、症狀持續或惡化時，請諮詢醫師或藥師。
下單前可先私訊索取藥證查詢方式與外盒標示照片。","","圖卡：症狀超過七天要停用並諮詢 / 藥證可查 / 依標示使用","建議搭配：外盒標示實拍、藥證查詢截圖、產品質地短影片、客服回覆截圖（遮個資）。","衛福部中藥許可證：衛署成製015614；類別：乙類成藥；劑型：油膏劑。","退換貨、付款、客服、出貨、價格、通路與任何見證內容，發布前須由人工確認。","NO_LINE_API_CALL_NO_AUTO_PUBLISH_REVIEW_QUEUE_ONLY","","","","2026-11-17"
"LINE_DRYRUN_335","LINE335","LINE_OA_LINE335_V2","LINE_OA","2026-12-01","12:00","成分透明是基本功","H","中","pending_legal_pharmacist_review","NO","FUTURE_RESCHEDULED_PENDING_HUMAN_REVIEW_ONLY","NEEDS_HUMAN_REVIEW_SAFE_TERM_CHECK","","成分透明是基本功","成分透明是基本功

我們寧願把資料講清楚，也不想用誇大的話讓你衝動購買。

這款定位是外用油膏，重點是局部按摩、依標示使用。衛署成製015614，乙類成藥，資料可至衛福部中藥許可證系統查詢。

外用產品請依標示使用；身體不適、症狀持續或惡化時，請諮詢醫師或藥師。
下單前可先私訊索取藥證查詢方式與外盒標示照片。","","圖卡：成分透明是基本功 / 藥證可查 / 依標示使用","建議搭配：外盒標示實拍、藥證查詢截圖、產品質地短影片、客服回覆截圖（遮個資）。","衛福部中藥許可證：衛署成製015614；類別：乙類成藥；劑型：油膏劑。","退換貨、付款、客服、出貨、價格、通路與任何見證內容，發布前須由人工確認。","NO_LINE_API_CALL_NO_AUTO_PUBLISH_REVIEW_QUEUE_ONLY","","","","2026-11-18"
"LINE_DRYRUN_336","LINE336","LINE_OA_LINE336_V2","LINE_OA","2026-12-01","20:00","一條根可以天天厚敷嗎","G","低","pending_legal_pharmacist_review","NO","FUTURE_RESCHEDULED_PENDING_HUMAN_REVIEW_ONLY","NEEDS_HUMAN_REVIEW_SAFE_TERM_CHECK","","一條根可以天天厚敷嗎","一條根可以天天厚敷嗎

很多人不是不想保養，是不知道什麼情況該先問清楚。

這款定位是外用油膏，重點是局部按摩、依標示使用。衛署成製015614，乙類成藥，資料可至衛福部中藥許可證系統查詢。

外用產品請依標示使用；身體不適、症狀持續或惡化時，請諮詢醫師或藥師。
下單前可先私訊索取藥證查詢方式與外盒標示照片。","","圖卡：一條根可以天天厚敷嗎 / 藥證可查 / 依標示使用","建議搭配：外盒標示實拍、藥證查詢截圖、產品質地短影片、客服回覆截圖（遮個資）。","衛福部中藥許可證：衛署成製015614；類別：乙類成藥；劑型：油膏劑。","退換貨、付款、客服、出貨、價格、通路與任何見證內容，發布前須由人工確認。","NO_LINE_API_CALL_NO_AUTO_PUBLISH_REVIEW_QUEUE_ONLY","","","","2026-11-18"
"LINE_DRYRUN_337","LINE337","LINE_OA_LINE337_V2","LINE_OA","2026-12-02","12:00","運動後不要立刻熱敷加藥膏","C","中","pending_legal_pharmacist_review","NO","FUTURE_RESCHEDULED_PENDING_HUMAN_REVIEW_ONLY","NEEDS_HUMAN_REVIEW_SAFE_TERM_CHECK","","運動後不要立刻熱敷加藥膏","運動後不要立刻熱敷加藥膏

運動、搬重物、久站後，身體局部不適時，先休息、觀察，再做保守保養。

這款定位是外用油膏，重點是局部按摩、依標示使用。衛署成製015614，乙類成藥，資料可至衛福部中藥許可證系統查詢。

外用產品請依標示使用；身體不適、症狀持續或惡化時，請諮詢醫師或藥師。
下單前可先私訊索取藥證查詢方式與外盒標示照片。","","圖卡：運動後不要立刻熱敷加藥膏 / 藥證可查 / 依標示使用","建議搭配：外盒標示實拍、藥證查詢截圖、產品質地短影片、客服回覆截圖（遮個資）。","衛福部中藥許可證：衛署成製015614；類別：乙類成藥；劑型：油膏劑。","退換貨、付款、客服、出貨、價格、通路與任何見證內容，發布前須由人工確認。","NO_LINE_API_CALL_NO_AUTO_PUBLISH_REVIEW_QUEUE_ONLY","","","","2026-11-19"
"LINE_DRYRUN_338","LINE338","LINE_OA_LINE338_V2","LINE_OA","2026-12-02","20:00","使用前先小範圍測試","A","中","pending_legal_pharmacist_review","NO","FUTURE_RESCHEDULED_PENDING_HUMAN_REVIEW_ONLY","NEEDS_HUMAN_REVIEW_SAFE_TERM_CHECK","","使用前先小範圍測試","使用前先小範圍測試

下單前，先看得懂標示與成分，比聽誇張話術更安心。

這款定位是外用油膏，重點是局部按摩、依標示使用。衛署成製015614，乙類成藥，資料可至衛福部中藥許可證系統查詢。

外用產品請依標示使用；身體不適、症狀持續或惡化時，請諮詢醫師或藥師。
下單前可先私訊索取藥證查詢方式與外盒標示照片。","","圖卡：使用前先小範圍測試 / 藥證可查 / 依標示使用","建議搭配：外盒標示實拍、藥證查詢截圖、產品質地短影片、客服回覆截圖（遮個資）。","衛福部中藥許可證：衛署成製015614；類別：乙類成藥；劑型：油膏劑。","退換貨、付款、客服、出貨、價格、通路與任何見證內容，發布前須由人工確認。","NO_LINE_API_CALL_NO_AUTO_PUBLISH_REVIEW_QUEUE_ONLY","","","","2026-11-19"
"LINE_DRYRUN_339","LINE339","LINE_OA_LINE339_V2","LINE_OA","2026-12-03","12:00","長輩使用前先看標示","D","中","pending_legal_pharmacist_review","NO","FUTURE_RESCHEDULED_PENDING_HUMAN_REVIEW_ONLY","NEEDS_HUMAN_REVIEW_SAFE_TERM_CHECK","","長輩使用前先看標示","長輩使用前先看標示

幫長輩準備外用產品時，最重要的是安全、清楚、不要亂用。

這款定位是外用油膏，重點是局部按摩、依標示使用。衛署成製015614，乙類成藥，資料可至衛福部中藥許可證系統查詢。

外用產品請依標示使用；身體不適、症狀持續或惡化時，請諮詢醫師或藥師。
下單前可先私訊索取藥證查詢方式與外盒標示照片。","","圖卡：長輩使用前先看標示 / 藥證可查 / 依標示使用","建議搭配：外盒標示實拍、藥證查詢截圖、產品質地短影片、客服回覆截圖（遮個資）。","衛福部中藥許可證：衛署成製015614；類別：乙類成藥；劑型：油膏劑。","退換貨、付款、客服、出貨、價格、通路與任何見證內容，發布前須由人工確認。","NO_LINE_API_CALL_NO_AUTO_PUBLISH_REVIEW_QUEUE_ONLY","","","","2026-11-20"
"LINE_DRYRUN_340","LINE340","LINE_OA_LINE340_V2","LINE_OA","2026-12-03","20:00","皮膚刺激時要停止使用","E","高","pending_legal_pharmacist_review","NO","FUTURE_RESCHEDULED_PENDING_HUMAN_REVIEW_ONLY","NEEDS_HUMAN_REVIEW_SAFE_TERM_CHECK","","皮膚刺激時要停止使用","皮膚刺激時要停止使用

外用產品不是擦越多越好，用對位置、避開風險才安心。

這款定位是外用油膏，重點是局部按摩、依標示使用。衛署成製015614，乙類成藥，資料可至衛福部中藥許可證系統查詢。

外用產品請依標示使用；身體不適、症狀持續或惡化時，請諮詢醫師或藥師。
下單前可先私訊索取藥證查詢方式與外盒標示照片。","","圖卡：皮膚刺激時要停止使用 / 藥證可查 / 依標示使用","建議搭配：外盒標示實拍、藥證查詢截圖、產品質地短影片、客服回覆截圖（遮個資）。","衛福部中藥許可證：衛署成製015614；類別：乙類成藥；劑型：油膏劑。","退換貨、付款、客服、出貨、價格、通路與任何見證內容，發布前須由人工確認。","NO_LINE_API_CALL_NO_AUTO_PUBLISH_REVIEW_QUEUE_ONLY","","","","2026-11-20"
"LINE_DRYRUN_341","LINE341","LINE_OA_LINE341_V2","LINE_OA","2026-12-04","12:00","寒露後肩背保養","F","低","pending_legal_pharmacist_review","NO","FUTURE_RESCHEDULED_PENDING_HUMAN_REVIEW_ONLY","NEEDS_HUMAN_REVIEW_SAFE_TERM_CHECK","","寒露後肩背保養","寒露後肩背保養

換季時，身體保養不需要複雜，穩定的小習慣比較長久。

這款定位是外用油膏，重點是局部按摩、依標示使用。衛署成製015614，乙類成藥，資料可至衛福部中藥許可證系統查詢。

外用產品請依標示使用；身體不適、症狀持續或惡化時，請諮詢醫師或藥師。
下單前可先私訊索取藥證查詢方式與外盒標示照片。","","圖卡：寒露後肩背保養 / 藥證可查 / 依標示使用","建議搭配：外盒標示實拍、藥證查詢截圖、產品質地短影片、客服回覆截圖（遮個資）。","衛福部中藥許可證：衛署成製015614；類別：乙類成藥；劑型：油膏劑。","退換貨、付款、客服、出貨、價格、通路與任何見證內容，發布前須由人工確認。","NO_LINE_API_CALL_NO_AUTO_PUBLISH_REVIEW_QUEUE_ONLY","","","","2026-11-21"
"LINE_DRYRUN_342","LINE342","LINE_OA_LINE342_V2","LINE_OA","2026-12-04","20:00","輕微拉扯後的觀察重點","C","中","pending_legal_pharmacist_review","NO","FUTURE_RESCHEDULED_PENDING_HUMAN_REVIEW_ONLY","NEEDS_HUMAN_REVIEW_SAFE_TERM_CHECK","","輕微拉扯後的觀察重點","輕微拉扯後的觀察重點

運動、搬重物、久站後，身體局部不適時，先休息、觀察，再做保守保養。

這款定位是外用油膏，重點是局部按摩、依標示使用。衛署成製015614，乙類成藥，資料可至衛福部中藥許可證系統查詢。

外用產品請依標示使用；身體不適、症狀持續或惡化時，請諮詢醫師或藥師。
下單前可先私訊索取藥證查詢方式與外盒標示照片。","","圖卡：輕微拉扯後的觀察重點 / 藥證可查 / 依標示使用","建議搭配：外盒標示實拍、藥證查詢截圖、產品質地短影片、客服回覆截圖（遮個資）。","衛福部中藥許可證：衛署成製015614；類別：乙類成藥；劑型：油膏劑。","退換貨、付款、客服、出貨、價格、通路與任何見證內容，發布前須由人工確認。","NO_LINE_API_CALL_NO_AUTO_PUBLISH_REVIEW_QUEUE_ONLY","","","","2026-11-21"
"LINE_DRYRUN_343","LINE343","LINE_OA_LINE343_V2","LINE_OA","2026-12-05","12:00","擦完可以馬上熱敷嗎","G","低","pending_legal_pharmacist_review","NO","FUTURE_RESCHEDULED_PENDING_HUMAN_REVIEW_ONLY","NEEDS_HUMAN_REVIEW_SAFE_TERM_CHECK","","擦完可以馬上熱敷嗎","擦完可以馬上熱敷嗎

很多人不是不想保養，是不知道什麼情況該先問清楚。

這款定位是外用油膏，重點是局部按摩、依標示使用。衛署成製015614，乙類成藥，資料可至衛福部中藥許可證系統查詢。

外用產品請依標示使用；身體不適、症狀持續或惡化時，請諮詢醫師或藥師。
下單前可先私訊索取藥證查詢方式與外盒標示照片。","","圖卡：擦完可以馬上熱敷嗎 / 藥證可查 / 依標示使用","建議搭配：外盒標示實拍、藥證查詢截圖、產品質地短影片、客服回覆截圖（遮個資）。","衛福部中藥許可證：衛署成製015614；類別：乙類成藥；劑型：油膏劑。","退換貨、付款、客服、出貨、價格、通路與任何見證內容，發布前須由人工確認。","NO_LINE_API_CALL_NO_AUTO_PUBLISH_REVIEW_QUEUE_ONLY","","","","2026-11-22"
"LINE_DRYRUN_344","LINE344","LINE_OA_LINE344_V2","LINE_OA","2026-12-05","20:00","別把長期疼痛只當小問題","D","中","pending_legal_pharmacist_review","NO","FUTURE_RESCHEDULED_PENDING_HUMAN_REVIEW_ONLY","NEEDS_HUMAN_REVIEW_SAFE_TERM_CHECK","","別把長期疼痛只當小問題","別把長期疼痛只當小問題

幫長輩準備外用產品時，最重要的是安全、清楚、不要亂用。

這款定位是外用油膏，重點是局部按摩、依標示使用。衛署成製015614，乙類成藥，資料可至衛福部中藥許可證系統查詢。

外用產品請依標示使用；身體不適、症狀持續或惡化時，請諮詢醫師或藥師。
下單前可先私訊索取藥證查詢方式與外盒標示照片。","","圖卡：別把長期疼痛只當小問題 / 藥證可查 / 依標示使用","建議搭配：外盒標示實拍、藥證查詢截圖、產品質地短影片、客服回覆截圖（遮個資）。","衛福部中藥許可證：衛署成製015614；類別：乙類成藥；劑型：油膏劑。","退換貨、付款、客服、出貨、價格、通路與任何見證內容，發布前須由人工確認。","NO_LINE_API_CALL_NO_AUTO_PUBLISH_REVIEW_QUEUE_ONLY","","","","2026-11-22"
"LINE_DRYRUN_345","LINE345","LINE_OA_LINE345_V2","LINE_OA","2026-12-06","12:00","滑手機後頸部保養","B","低","pending_legal_pharmacist_review","NO","FUTURE_RESCHEDULED_PENDING_HUMAN_REVIEW_ONLY","NEEDS_HUMAN_REVIEW_SAFE_TERM_CHECK","","滑手機後頸部保養","滑手機後頸部保養

久坐、低頭、開會一整天後，肩頸常會提醒你該放鬆一下。

這款定位是外用油膏，重點是局部按摩、依標示使用。衛署成製015614，乙類成藥，資料可至衛福部中藥許可證系統查詢。

外用產品請依標示使用；身體不適、症狀持續或惡化時，請諮詢醫師或藥師。
下單前可先私訊索取藥證查詢方式與外盒標示照片。","","圖卡：滑手機後頸部保養 / 藥證可查 / 依標示使用","建議搭配：外盒標示實拍、藥證查詢截圖、產品質地短影片、客服回覆截圖（遮個資）。","衛福部中藥許可證：衛署成製015614；類別：乙類成藥；劑型：油膏劑。","退換貨、付款、客服、出貨、價格、通路與任何見證內容，發布前須由人工確認。","NO_LINE_API_CALL_NO_AUTO_PUBLISH_REVIEW_QUEUE_ONLY","","","","2026-11-23"
"LINE_DRYRUN_346","LINE346","LINE_OA_LINE346_V2","LINE_OA","2026-12-06","20:00","產品不是神藥，定位要講清楚","A","中","pending_legal_pharmacist_review","NO","FUTURE_RESCHEDULED_PENDING_HUMAN_REVIEW_ONLY","NEEDS_HUMAN_REVIEW_SAFE_TERM_CHECK","","產品不是神藥，定位要講清楚","產品不是神藥，定位要講清楚

下單前，先看得懂標示與成分，比聽誇張話術更安心。

這款定位是外用油膏，重點是局部按摩、依標示使用。衛署成製015614，乙類成藥，資料可至衛福部中藥許可證系統查詢。

外用產品請依標示使用；身體不適、症狀持續或惡化時，請諮詢醫師或藥師。
下單前可先私訊索取藥證查詢方式與外盒標示照片。","","圖卡：產品不是神藥，定位要講清楚 / 藥證可查 / 依標示使用","建議搭配：外盒標示實拍、藥證查詢截圖、產品質地短影片、客服回覆截圖（遮個資）。","衛福部中藥許可證：衛署成製015614；類別：乙類成藥；劑型：油膏劑。","退換貨、付款、客服、出貨、價格、通路與任何見證內容，發布前須由人工確認。","NO_LINE_API_CALL_NO_AUTO_PUBLISH_REVIEW_QUEUE_ONLY","","","","2026-11-23"
"LINE_DRYRUN_347","LINE347","LINE_OA_LINE347_V2","LINE_OA","2026-12-07","12:00","立冬前後的日常舒緩儀式","F","低","pending_legal_pharmacist_review","NO","FUTURE_RESCHEDULED_PENDING_HUMAN_REVIEW_ONLY","NEEDS_HUMAN_REVIEW_SAFE_TERM_CHECK","","立冬前後的日常舒緩儀式","立冬前後的日常舒緩儀式

換季時，身體保養不需要複雜，穩定的小習慣比較長久。

這款定位是外用油膏，重點是局部按摩、依標示使用。衛署成製015614，乙類成藥，資料可至衛福部中藥許可證系統查詢。

外用產品請依標示使用；身體不適、症狀持續或惡化時，請諮詢醫師或藥師。
下單前可先私訊索取藥證查詢方式與外盒標示照片。","","圖卡：立冬前後的日常舒緩儀式 / 藥證可查 / 依標示使用","建議搭配：外盒標示實拍、藥證查詢截圖、產品質地短影片、客服回覆截圖（遮個資）。","衛福部中藥許可證：衛署成製015614；類別：乙類成藥；劑型：油膏劑。","退換貨、付款、客服、出貨、價格、通路與任何見證內容，發布前須由人工確認。","NO_LINE_API_CALL_NO_AUTO_PUBLISH_REVIEW_QUEUE_ONLY","","","","2026-11-24"
"LINE_DRYRUN_348","LINE348","LINE_OA_LINE348_V2","LINE_OA","2026-12-07","20:00","深層症狀不適合自行處理","E","高","pending_legal_pharmacist_review","NO","FUTURE_RESCHEDULED_PENDING_HUMAN_REVIEW_ONLY","NEEDS_HUMAN_REVIEW_SAFE_TERM_CHECK","","深層症狀不適合自行處理","深層症狀不適合自行處理

外用產品不是擦越多越好，用對位置、避開風險才安心。

這款定位是外用油膏，重點是局部按摩、依標示使用。衛署成製015614，乙類成藥，資料可至衛福部中藥許可證系統查詢。

外用產品請依標示使用；身體不適、症狀持續或惡化時，請諮詢醫師或藥師。
下單前可先私訊索取藥證查詢方式與外盒標示照片。","","圖卡：深層症狀不適合自行處理 / 藥證可查 / 依標示使用","建議搭配：外盒標示實拍、藥證查詢截圖、產品質地短影片、客服回覆截圖（遮個資）。","衛福部中藥許可證：衛署成製015614；類別：乙類成藥；劑型：油膏劑。","退換貨、付款、客服、出貨、價格、通路與任何見證內容，發布前須由人工確認。","NO_LINE_API_CALL_NO_AUTO_PUBLISH_REVIEW_QUEUE_ONLY","","","","2026-11-24"
"LINE_DRYRUN_349","LINE349","LINE_OA_LINE349_V2","LINE_OA","2026-12-08","12:00","每篇貼文都要人工審核","H","中","pending_legal_pharmacist_review","NO","FUTURE_RESCHEDULED_PENDING_HUMAN_REVIEW_ONLY","NEEDS_HUMAN_REVIEW_SAFE_TERM_CHECK","","每篇貼文都要人工審核","每篇貼文都要人工審核

我們寧願把資料講清楚，也不想用誇大的話讓你衝動購買。

這款定位是外用油膏，重點是局部按摩、依標示使用。衛署成製015614，乙類成藥，資料可至衛福部中藥許可證系統查詢。

外用產品請依標示使用；身體不適、症狀持續或惡化時，請諮詢醫師或藥師。
下單前可先私訊索取藥證查詢方式與外盒標示照片。","","圖卡：每篇貼文都要人工審核 / 藥證可查 / 依標示使用","建議搭配：外盒標示實拍、藥證查詢截圖、產品質地短影片、客服回覆截圖（遮個資）。","衛福部中藥許可證：衛署成製015614；類別：乙類成藥；劑型：油膏劑。","退換貨、付款、客服、出貨、價格、通路與任何見證內容，發布前須由人工確認。","NO_LINE_API_CALL_NO_AUTO_PUBLISH_REVIEW_QUEUE_ONLY","","","","2026-11-25"
"LINE_DRYRUN_350","LINE350","LINE_OA_LINE350_V2","LINE_OA","2026-12-08","20:00","哪些情況應該先就醫","G","低","pending_legal_pharmacist_review","NO","FUTURE_RESCHEDULED_PENDING_HUMAN_REVIEW_ONLY","NEEDS_HUMAN_REVIEW_SAFE_TERM_CHECK","","哪些情況應該先就醫","哪些情況應該先就醫

很多人不是不想保養，是不知道什麼情況該先問清楚。

這款定位是外用油膏，重點是局部按摩、依標示使用。衛署成製015614，乙類成藥，資料可至衛福部中藥許可證系統查詢。

外用產品請依標示使用；身體不適、症狀持續或惡化時，請諮詢醫師或藥師。
下單前可先私訊索取藥證查詢方式與外盒標示照片。","","圖卡：哪些情況應該先就醫 / 藥證可查 / 依標示使用","建議搭配：外盒標示實拍、藥證查詢截圖、產品質地短影片、客服回覆截圖（遮個資）。","衛福部中藥許可證：衛署成製015614；類別：乙類成藥；劑型：油膏劑。","退換貨、付款、客服、出貨、價格、通路與任何見證內容，發布前須由人工確認。","NO_LINE_API_CALL_NO_AUTO_PUBLISH_REVIEW_QUEUE_ONLY","","","","2026-11-25"
"LINE_DRYRUN_351","LINE351","LINE_OA_LINE351_V2","LINE_OA","2026-12-09","12:00","運動後局部痠痛的保守處理","C","中","pending_legal_pharmacist_review","NO","FUTURE_RESCHEDULED_PENDING_HUMAN_REVIEW_ONLY","NEEDS_HUMAN_REVIEW_SAFE_TERM_CHECK","","運動後局部痠痛的保守處理","運動後局部痠痛的保守處理

運動、搬重物、久站後，身體局部不適時，先休息、觀察，再做保守保養。

這款定位是外用油膏，重點是局部按摩、依標示使用。衛署成製015614，乙類成藥，資料可至衛福部中藥許可證系統查詢。

外用產品請依標示使用；身體不適、症狀持續或惡化時，請諮詢醫師或藥師。
下單前可先私訊索取藥證查詢方式與外盒標示照片。","","圖卡：運動後局部痠痛的保守處理 / 藥證可查 / 依標示使用","建議搭配：外盒標示實拍、藥證查詢截圖、產品質地短影片、客服回覆截圖（遮個資）。","衛福部中藥許可證：衛署成製015614；類別：乙類成藥；劑型：油膏劑。","退換貨、付款、客服、出貨、價格、通路與任何見證內容，發布前須由人工確認。","NO_LINE_API_CALL_NO_AUTO_PUBLISH_REVIEW_QUEUE_ONLY","","","","2026-11-26"
"LINE_DRYRUN_352","LINE352","LINE_OA_LINE352_V2","LINE_OA","2026-12-09","20:00","冬青油與清涼舒緩體感","A","中","pending_legal_pharmacist_review","NO","FUTURE_RESCHEDULED_PENDING_HUMAN_REVIEW_ONLY","NEEDS_HUMAN_REVIEW_SAFE_TERM_CHECK","","冬青油與清涼舒緩體感","冬青油與清涼舒緩體感

下單前，先看得懂標示與成分，比聽誇張話術更安心。

這款定位是外用油膏，重點是局部按摩、依標示使用。衛署成製015614，乙類成藥，資料可至衛福部中藥許可證系統查詢。

外用產品請依標示使用；身體不適、症狀持續或惡化時，請諮詢醫師或藥師。
下單前可先私訊索取藥證查詢方式與外盒標示照片。","","圖卡：冬青油與清涼舒緩體感 / 藥證可查 / 依標示使用","建議搭配：外盒標示實拍、藥證查詢截圖、產品質地短影片、客服回覆截圖（遮個資）。","衛福部中藥許可證：衛署成製015614；類別：乙類成藥；劑型：油膏劑。","退換貨、付款、客服、出貨、價格、通路與任何見證內容，發布前須由人工確認。","NO_LINE_API_CALL_NO_AUTO_PUBLISH_REVIEW_QUEUE_ONLY","","","","2026-11-26"
"LINE_DRYRUN_353","LINE353","LINE_OA_LINE353_V2","LINE_OA","2026-12-10","12:00","早晨活動前的關節暖身","D","中","pending_legal_pharmacist_review","NO","FUTURE_RESCHEDULED_PENDING_HUMAN_REVIEW_ONLY","NEEDS_HUMAN_REVIEW_SAFE_TERM_CHECK","","早晨活動前的關節暖身","早晨活動前的關節暖身

幫長輩準備外用產品時，最重要的是安全、清楚、不要亂用。

這款定位是外用油膏，重點是局部按摩、依標示使用。衛署成製015614，乙類成藥，資料可至衛福部中藥許可證系統查詢。

外用產品請依標示使用；身體不適、症狀持續或惡化時，請諮詢醫師或藥師。
下單前可先私訊索取藥證查詢方式與外盒標示照片。","","圖卡：早晨活動前的關節暖身 / 藥證可查 / 依標示使用","建議搭配：外盒標示實拍、藥證查詢截圖、產品質地短影片、客服回覆截圖（遮個資）。","衛福部中藥許可證：衛署成製015614；類別：乙類成藥；劑型：油膏劑。","退換貨、付款、客服、出貨、價格、通路與任何見證內容，發布前須由人工確認。","NO_LINE_API_CALL_NO_AUTO_PUBLISH_REVIEW_QUEUE_ONLY","","","","2026-11-27"
"LINE_DRYRUN_354","LINE354","LINE_OA_LINE354_V2","LINE_OA","2026-12-10","20:00","不能擦在破皮或傷口","E","高","pending_legal_pharmacist_review","NO","FUTURE_RESCHEDULED_PENDING_HUMAN_REVIEW_ONLY","NEEDS_HUMAN_REVIEW_SAFE_TERM_CHECK","","不能擦在破皮或傷口","不能擦在破皮或傷口

外用產品不是擦越多越好，用對位置、避開風險才安心。

這款定位是外用油膏，重點是局部按摩、依標示使用。衛署成製015614，乙類成藥，資料可至衛福部中藥許可證系統查詢。

外用產品請依標示使用；身體不適、症狀持續或惡化時，請諮詢醫師或藥師。
下單前可先私訊索取藥證查詢方式與外盒標示照片。","","圖卡：不能擦在破皮或傷口 / 藥證可查 / 依標示使用","建議搭配：外盒標示實拍、藥證查詢截圖、產品質地短影片、客服回覆截圖（遮個資）。","衛福部中藥許可證：衛署成製015614；類別：乙類成藥；劑型：油膏劑。","退換貨、付款、客服、出貨、價格、通路與任何見證內容，發布前須由人工確認。","NO_LINE_API_CALL_NO_AUTO_PUBLISH_REVIEW_QUEUE_ONLY","","","","2026-11-27"
"LINE_DRYRUN_355","LINE355","LINE_OA_LINE355_V2","LINE_OA","2026-12-11","12:00","芒種後濕熱生活保養","F","低","pending_legal_pharmacist_review","NO","FUTURE_RESCHEDULED_PENDING_HUMAN_REVIEW_ONLY","NEEDS_HUMAN_REVIEW_SAFE_TERM_CHECK","","芒種後濕熱生活保養","芒種後濕熱生活保養

換季時，身體保養不需要複雜，穩定的小習慣比較長久。

這款定位是外用油膏，重點是局部按摩、依標示使用。衛署成製015614，乙類成藥，資料可至衛福部中藥許可證系統查詢。

外用產品請依標示使用；身體不適、症狀持續或惡化時，請諮詢醫師或藥師。
下單前可先私訊索取藥證查詢方式與外盒標示照片。","","圖卡：芒種後濕熱生活保養 / 藥證可查 / 依標示使用","建議搭配：外盒標示實拍、藥證查詢截圖、產品質地短影片、客服回覆截圖（遮個資）。","衛福部中藥許可證：衛署成製015614；類別：乙類成藥；劑型：油膏劑。","退換貨、付款、客服、出貨、價格、通路與任何見證內容，發布前須由人工確認。","NO_LINE_API_CALL_NO_AUTO_PUBLISH_REVIEW_QUEUE_ONLY","","","","2026-11-28"
"LINE_DRYRUN_356","LINE356","LINE_OA_LINE356_V2","LINE_OA","2026-12-11","20:00","久站後小腿不適舒緩","C","中","pending_legal_pharmacist_review","NO","FUTURE_RESCHEDULED_PENDING_HUMAN_REVIEW_ONLY","NEEDS_HUMAN_REVIEW_SAFE_TERM_CHECK","","久站後小腿不適舒緩","久站後小腿不適舒緩

運動、搬重物、久站後，身體局部不適時，先休息、觀察，再做保守保養。

這款定位是外用油膏，重點是局部按摩、依標示使用。衛署成製015614，乙類成藥，資料可至衛福部中藥許可證系統查詢。

外用產品請依標示使用；身體不適、症狀持續或惡化時，請諮詢醫師或藥師。
下單前可先私訊索取藥證查詢方式與外盒標示照片。","","圖卡：久站後小腿不適舒緩 / 藥證可查 / 依標示使用","建議搭配：外盒標示實拍、藥證查詢截圖、產品質地短影片、客服回覆截圖（遮個資）。","衛福部中藥許可證：衛署成製015614；類別：乙類成藥；劑型：油膏劑。","退換貨、付款、客服、出貨、價格、通路與任何見證內容，發布前須由人工確認。","NO_LINE_API_CALL_NO_AUTO_PUBLISH_REVIEW_QUEUE_ONLY","","","","2026-11-28"
"LINE_DRYRUN_357","LINE357","LINE_OA_LINE357_V2","LINE_OA","2026-12-12","12:00","你最常哪個部位緊繃","G","低","pending_legal_pharmacist_review","NO","FUTURE_RESCHEDULED_PENDING_HUMAN_REVIEW_ONLY","NEEDS_HUMAN_REVIEW_SAFE_TERM_CHECK","","你最常哪個部位緊繃","你最常哪個部位緊繃

很多人不是不想保養，是不知道什麼情況該先問清楚。

這款定位是外用油膏，重點是局部按摩、依標示使用。衛署成製015614，乙類成藥，資料可至衛福部中藥許可證系統查詢。

外用產品請依標示使用；身體不適、症狀持續或惡化時，請諮詢醫師或藥師。
下單前可先私訊索取藥證查詢方式與外盒標示照片。","","圖卡：你最常哪個部位緊繃 / 藥證可查 / 依標示使用","建議搭配：外盒標示實拍、藥證查詢截圖、產品質地短影片、客服回覆截圖（遮個資）。","衛福部中藥許可證：衛署成製015614；類別：乙類成藥；劑型：油膏劑。","退換貨、付款、客服、出貨、價格、通路與任何見證內容，發布前須由人工確認。","NO_LINE_API_CALL_NO_AUTO_PUBLISH_REVIEW_QUEUE_ONLY","","","","2026-11-29"
"LINE_DRYRUN_358","LINE358","LINE_OA_LINE358_V2","LINE_OA","2026-12-12","20:00","長輩外用膏使用安全","D","中","pending_legal_pharmacist_review","NO","FUTURE_RESCHEDULED_PENDING_HUMAN_REVIEW_ONLY","NEEDS_HUMAN_REVIEW_SAFE_TERM_CHECK","","長輩外用膏使用安全","長輩外用膏使用安全

幫長輩準備外用產品時，最重要的是安全、清楚、不要亂用。

這款定位是外用油膏，重點是局部按摩、依標示使用。衛署成製015614，乙類成藥，資料可至衛福部中藥許可證系統查詢。

外用產品請依標示使用；身體不適、症狀持續或惡化時，請諮詢醫師或藥師。
下單前可先私訊索取藥證查詢方式與外盒標示照片。","","圖卡：長輩外用膏使用安全 / 藥證可查 / 依標示使用","建議搭配：外盒標示實拍、藥證查詢截圖、產品質地短影片、客服回覆截圖（遮個資）。","衛福部中藥許可證：衛署成製015614；類別：乙類成藥；劑型：油膏劑。","退換貨、付款、客服、出貨、價格、通路與任何見證內容，發布前須由人工確認。","NO_LINE_API_CALL_NO_AUTO_PUBLISH_REVIEW_QUEUE_ONLY","","","","2026-11-29"
"LINE_DRYRUN_359","LINE359","LINE_OA_LINE359_V2","LINE_OA","2026-12-13","12:00","辦公桌前的姿勢檢查","B","低","pending_legal_pharmacist_review","NO","FUTURE_RESCHEDULED_PENDING_HUMAN_REVIEW_ONLY","NEEDS_HUMAN_REVIEW_SAFE_TERM_CHECK","","辦公桌前的姿勢檢查","辦公桌前的姿勢檢查

久坐、低頭、開會一整天後，肩頸常會提醒你該放鬆一下。

這款定位是外用油膏，重點是局部按摩、依標示使用。衛署成製015614，乙類成藥，資料可至衛福部中藥許可證系統查詢。

外用產品請依標示使用；身體不適、症狀持續或惡化時，請諮詢醫師或藥師。
下單前可先私訊索取藥證查詢方式與外盒標示照片。","","圖卡：辦公桌前的姿勢檢查 / 藥證可查 / 依標示使用","建議搭配：外盒標示實拍、藥證查詢截圖、產品質地短影片、客服回覆截圖（遮個資）。","衛福部中藥許可證：衛署成製015614；類別：乙類成藥；劑型：油膏劑。","退換貨、付款、客服、出貨、價格、通路與任何見證內容，發布前須由人工確認。","NO_LINE_API_CALL_NO_AUTO_PUBLISH_REVIEW_QUEUE_ONLY","","","","2026-11-30"
"LINE_DRYRUN_360","LINE360","LINE_OA_LINE360_V2","LINE_OA","2026-12-13","20:00","薄荷腦帶來的涼感來源","A","中","pending_legal_pharmacist_review","NO","FUTURE_RESCHEDULED_PENDING_HUMAN_REVIEW_ONLY","NEEDS_HUMAN_REVIEW_SAFE_TERM_CHECK","","薄荷腦帶來的涼感來源","薄荷腦帶來的涼感來源

下單前，先看得懂標示與成分，比聽誇張話術更安心。

這款定位是外用油膏，重點是局部按摩、依標示使用。衛署成製015614，乙類成藥，資料可至衛福部中藥許可證系統查詢。

外用產品請依標示使用；身體不適、症狀持續或惡化時，請諮詢醫師或藥師。
下單前可先私訊索取藥證查詢方式與外盒標示照片。","","圖卡：薄荷腦帶來的涼感來源 / 藥證可查 / 依標示使用","建議搭配：外盒標示實拍、藥證查詢截圖、產品質地短影片、客服回覆截圖（遮個資）。","衛福部中藥許可證：衛署成製015614；類別：乙類成藥；劑型：油膏劑。","退換貨、付款、客服、出貨、價格、通路與任何見證內容，發布前須由人工確認。","NO_LINE_API_CALL_NO_AUTO_PUBLISH_REVIEW_QUEUE_ONLY","","","","2026-11-30"
